#! /c/Source/iverilog-install/bin/vvp
:ivl_version "12.0 (devel)" "(s20150603-1539-g2693dd32b)";
:ivl_delay_selection "TYPICAL";
:vpi_time_precision - 12;
:vpi_module "D:\iverilog\lib\ivl\system.vpi";
:vpi_module "D:\iverilog\lib\ivl\vhdl_sys.vpi";
:vpi_module "D:\iverilog\lib\ivl\vhdl_textio.vpi";
:vpi_module "D:\iverilog\lib\ivl\v2005_math.vpi";
:vpi_module "D:\iverilog\lib\ivl\va_math.vpi";
S_000001817cca24a0 .scope module, "hart_tb" "hart_tb" 2 2;
 .timescale -9 -12;
P_000001817cc5f5b0 .param/l "DEBUG" 0 2 3, +C4<00000000000000000000000000000000>;
L_000001817cdd4400 .functor BUFZ 1, L_000001817cdd2e90, C4<0>, C4<0>, C4<0>;
v000001817cd35b30_0 .var "clk", 0 0;
v000001817cd35ef0_0 .var/i "cycles", 31 0;
v000001817cd36170_0 .net "dmem_addr", 31 0, L_000001817cdd28e0;  1 drivers
v000001817cd36210_0 .net "dmem_mask", 3 0, L_000001817cd85b70;  1 drivers
v000001817cd362b0_0 .net "dmem_rdata", 31 0, L_000001817cdd46a0;  1 drivers
v000001817cd372f0_0 .net "dmem_ready", 0 0, L_000001817cdd3d00;  1 drivers
v000001817cd37610_0 .net "dmem_ren", 0 0, L_000001817cdd1a00;  1 drivers
v000001817cd36b70_0 .net "dmem_rvalid", 0 0, L_000001817cdd2e90;  1 drivers
v000001817cd36c10_0 .net "dmem_valid", 0 0, L_000001817cdd4400;  1 drivers
v000001817cd36cb0_0 .net "dmem_wdata", 31 0, L_000001817cdd22c0;  1 drivers
v000001817cd36f30_0 .net "dmem_wdone", 0 0, L_000001817cdd4390;  1 drivers
v000001817cd36fd0_0 .net "dmem_wen", 0 0, L_000001817cdd1220;  1 drivers
v000001817cd37070_0 .net "halt", 0 0, L_000001817cdd2aa0;  1 drivers
v000001817cd37750_0 .var/i "i", 31 0;
v000001817cd377f0_0 .net "imem_raddr", 31 0, L_000001817cdb6c20;  1 drivers
v000001817cd37390_0 .net "imem_rdata", 31 0, L_000001817cdd2a30;  1 drivers
v000001817cd374d0_0 .net "imem_ready", 0 0, L_000001817cdd16f0;  1 drivers
v000001817cd35130_0 .net "imem_ren", 0 0, L_000001817cdb7a20;  1 drivers
v000001817cd351d0_0 .net "imem_valid", 0 0, L_000001817cdd1ed0;  1 drivers
v000001817cd35310_0 .net "inst", 31 0, L_000001817cdd1a70;  1 drivers
v000001817cd354f0_0 .net "next_pc", 31 0, L_000001817cdd1e60;  1 drivers
v000001817cd35590_0 .var/i "num_instructions", 31 0;
v000001817cd35770_0 .net "pc", 31 0, L_000001817cdd21e0;  1 drivers
v000001817cd35810_0 .net "rd_waddr", 4 0, L_000001817cd88d70;  1 drivers
v000001817cd381f0_0 .net "rd_wdata", 31 0, L_000001817cdd1b50;  1 drivers
v000001817cd37c50_0 .net "retire_dmem_addr", 31 0, L_000001817cdd1bc0;  1 drivers
v000001817cd37d90_0 .net "retire_dmem_mask", 3 0, L_000001817cdd1530;  1 drivers
v000001817cd37ed0_0 .net "retire_dmem_rdata", 31 0, L_000001817cdd2b10;  1 drivers
v000001817cd38010_0 .net "retire_dmem_ren", 0 0, L_000001817cdd2b80;  1 drivers
v000001817cd38330_0 .net "retire_dmem_wdata", 31 0, L_000001817cdd2790;  1 drivers
v000001817cd383d0_0 .net "retire_dmem_wen", 0 0, L_000001817cdd2170;  1 drivers
v000001817cd380b0_0 .net "rs1_raddr", 4 0, L_000001817cdd29c0;  1 drivers
v000001817cd37930_0 .net "rs1_rdata", 31 0, L_000001817cdd2800;  1 drivers
v000001817cd37e30_0 .net "rs2_raddr", 4 0, L_000001817cdd24f0;  1 drivers
v000001817cd379d0_0 .net "rs2_rdata", 31 0, L_000001817cdd1300;  1 drivers
v000001817cd37f70_0 .var "rst", 0 0;
v000001817cd38290_0 .var/i "run", 31 0;
v000001817cd38150_0 .net "trap", 0 0, L_000001817cdd1290;  1 drivers
v000001817cd38470_0 .net "valid", 0 0, L_000001817cdd2100;  1 drivers
v000001817cd37a70_0 .var/i "watchdog", 31 0;
E_000001817cc60bf0 .event negedge, v000001817cd04c00_0;
S_000001817cac95c0 .scope module, "dut" "hart" 2 34, 3 3 0, S_000001817cca24a0;
 .timescale -9 -12;
    .port_info 0 /INPUT 1 "i_clk";
    .port_info 1 /INPUT 1 "i_rst";
    .port_info 2 /INPUT 1 "i_imem_ready";
    .port_info 3 /OUTPUT 32 "o_imem_raddr";
    .port_info 4 /OUTPUT 1 "o_imem_ren";
    .port_info 5 /INPUT 1 "i_imem_valid";
    .port_info 6 /INPUT 32 "i_imem_rdata";
    .port_info 7 /INPUT 1 "i_dmem_ready";
    .port_info 8 /OUTPUT 32 "o_dmem_addr";
    .port_info 9 /OUTPUT 1 "o_dmem_ren";
    .port_info 10 /OUTPUT 1 "o_dmem_wen";
    .port_info 11 /OUTPUT 32 "o_dmem_wdata";
    .port_info 12 /OUTPUT 4 "o_dmem_mask";
    .port_info 13 /INPUT 1 "i_dmem_valid";
    .port_info 14 /INPUT 32 "i_dmem_rdata";
    .port_info 15 /OUTPUT 1 "o_retire_valid";
    .port_info 16 /OUTPUT 32 "o_retire_inst";
    .port_info 17 /OUTPUT 1 "o_retire_trap";
    .port_info 18 /OUTPUT 1 "o_retire_halt";
    .port_info 19 /OUTPUT 5 "o_retire_rs1_raddr";
    .port_info 20 /OUTPUT 5 "o_retire_rs2_raddr";
    .port_info 21 /OUTPUT 32 "o_retire_rs1_rdata";
    .port_info 22 /OUTPUT 32 "o_retire_rs2_rdata";
    .port_info 23 /OUTPUT 5 "o_retire_rd_waddr";
    .port_info 24 /OUTPUT 32 "o_retire_rd_wdata";
    .port_info 25 /OUTPUT 32 "o_retire_dmem_addr";
    .port_info 26 /OUTPUT 4 "o_retire_dmem_mask";
    .port_info 27 /OUTPUT 1 "o_retire_dmem_ren";
    .port_info 28 /OUTPUT 1 "o_retire_dmem_wen";
    .port_info 29 /OUTPUT 32 "o_retire_dmem_rdata";
    .port_info 30 /OUTPUT 32 "o_retire_dmem_wdata";
    .port_info 31 /OUTPUT 32 "o_retire_pc";
    .port_info 32 /OUTPUT 32 "o_retire_next_pc";
P_000001817cc61030 .param/l "RESET_ADDR" 0 3 6, C4<00000000000000000000000000000000>;
L_000001817cc33ea0 .functor BUFZ 32, v000001817cd340f0_0, C4<00000000000000000000000000000000>, C4<00000000000000000000000000000000>, C4<00000000000000000000000000000000>;
L_000001817cc338f0 .functor BUFZ 32, L_000001817cc32540, C4<00000000000000000000000000000000>, C4<00000000000000000000000000000000>, C4<00000000000000000000000000000000>;
L_000001817cc33a40 .functor NOT 1, L_000001817cdb8820, C4<0>, C4<0>, C4<0>;
L_000001817cc33ab0 .functor AND 1, v000001817cd2f4b0_0, L_000001817cc33a40, C4<1>, C4<1>;
L_000001817cc33c00 .functor NOT 1, L_000001817cdd1ca0, C4<0>, C4<0>, C4<0>;
L_000001817cc33c70 .functor AND 1, L_000001817cc33ab0, L_000001817cc33c00, C4<1>, C4<1>;
L_000001817cc33f10 .functor NOT 1, L_000001817cdd0880, C4<0>, C4<0>, C4<0>;
L_000001817cc33f80 .functor AND 1, L_000001817cc33c70, L_000001817cc33f10, C4<1>, C4<1>;
L_000001817cc33ff0 .functor NOT 1, v000001817cd2f4b0_0, C4<0>, C4<0>, C4<0>;
L_000001817cb83790 .functor OR 1, L_000001817cc33ff0, L_000001817cc33f80, C4<0>, C4<0>;
L_000001817cb81dc0 .functor NOT 1, v000001817cd296f0_0, C4<0>, C4<0>, C4<0>;
L_000001817cb83950 .functor NOT 1, v000001817cd2feb0_0, C4<0>, C4<0>, C4<0>;
L_000001817c6bac60 .functor AND 1, L_000001817cb81dc0, L_000001817cb83950, C4<1>, C4<1>;
L_000001817cb80c40 .functor AND 1, L_000001817c6bac60, L_000001817cb83790, C4<1>, C4<1>;
L_000001817c636bc0 .functor NOT 1, L_000001817cdd0880, C4<0>, C4<0>, C4<0>;
L_000001817cabdb40 .functor AND 1, L_000001817cb80c40, L_000001817c636bc0, C4<1>, C4<1>;
L_000001817cdb67c0 .functor NOT 1, L_000001817cc328c0, C4<0>, C4<0>, C4<0>;
L_000001817cdb7b00 .functor AND 1, v000001817cd2feb0_0, L_000001817cdb67c0, C4<1>, C4<1>;
L_000001817cdb6910 .functor NOT 1, L_000001817cc328c0, C4<0>, C4<0>, C4<0>;
L_000001817cdb7780 .functor AND 1, L_000001817cabdb40, L_000001817cdb6910, C4<1>, C4<1>;
L_000001817cdb76a0 .functor NOT 1, v000001817cd2fa50_0, C4<0>, C4<0>, C4<0>;
L_000001817cdb7400 .functor AND 1, L_000001817cdb7b00, L_000001817cdb76a0, C4<1>, C4<1>;
L_000001817cdb6210 .functor NOT 1, L_000001817cdd0880, C4<0>, C4<0>, C4<0>;
L_000001817cdb7b70 .functor AND 1, L_000001817cdb7400, L_000001817cdb6210, C4<1>, C4<1>;
L_000001817cdb7710 .functor OR 1, L_000001817cdb7780, L_000001817cdb7b70, C4<0>, C4<0>;
L_000001817cdb6c20 .functor BUFZ 32, L_000001817cd8ee50, C4<00000000000000000000000000000000>, C4<00000000000000000000000000000000>, C4<00000000000000000000000000000000>;
L_000001817cdb7a20 .functor BUFZ 1, L_000001817cc324d0, C4<0>, C4<0>, C4<0>;
L_000001817cdb71d0 .functor BUFZ 1, L_000001817cdb7710, C4<0>, C4<0>, C4<0>;
L_000001817cdb6590 .functor BUFZ 32, L_000001817cd909d0, C4<00000000000000000000000000000000>, C4<00000000000000000000000000000000>, C4<00000000000000000000000000000000>;
L_000001817cdb62f0 .functor BUFZ 32, L_000001817cc338f0, C4<00000000000000000000000000000000>, C4<00000000000000000000000000000000>, C4<00000000000000000000000000000000>;
L_000001817cdb6360 .functor OR 1, L_000001817cd834b0, L_000001817cd84310, C4<0>, C4<0>;
L_000001817cdb6600 .functor OR 1, L_000001817cdb6360, L_000001817cd841d0, C4<0>, C4<0>;
L_000001817cdb6750 .functor OR 1, L_000001817cdb6600, L_000001817cd843b0, C4<0>, C4<0>;
L_000001817cdb94d0 .functor OR 1, L_000001817cdb6750, L_000001817cd83c30, C4<0>, C4<0>;
L_000001817cdb8d60 .functor OR 1, L_000001817cdb94d0, L_000001817cd84450, C4<0>, C4<0>;
L_000001817cdb80b0 .functor OR 1, L_000001817cd832d0, L_000001817cd844f0, C4<0>, C4<0>;
L_000001817cdb8740 .functor OR 1, L_000001817cdb80b0, L_000001817cd83190, C4<0>, C4<0>;
L_000001817cdb7fd0 .functor OR 1, L_000001817cd82d30, L_000001817cd83cd0, C4<0>, C4<0>;
L_000001817cdb8270 .functor AND 1, v000001817cd2f4b0_0, v000001817cd2b310_0, C4<1>, C4<1>;
L_000001817cdb8430 .functor AND 1, L_000001817cdb8270, v000001817cd2ca30_0, C4<1>, C4<1>;
L_000001817cdb84a0 .functor AND 1, L_000001817cdb8430, L_000001817cd83af0, C4<1>, C4<1>;
L_000001817cdb86d0 .functor AND 1, L_000001817cdb8d60, L_000001817cd84590, C4<1>, C4<1>;
L_000001817cdb8660 .functor AND 1, L_000001817cdb7fd0, L_000001817cd83e10, C4<1>, C4<1>;
L_000001817cdb8970 .functor OR 1, L_000001817cdb86d0, L_000001817cdb8660, C4<0>, C4<0>;
L_000001817cdb8cf0 .functor AND 1, L_000001817cdb84a0, L_000001817cdb8970, C4<1>, C4<1>;
L_000001817cd3d678 .functor BUFT 1, C4<0>, C4<0>, C4<0>, C4<0>;
L_000001817cdb8200 .functor OR 1, L_000001817cdb8cf0, L_000001817cd3d678, C4<0>, C4<0>;
L_000001817cd3d6c0 .functor BUFT 1, C4<0>, C4<0>, C4<0>, C4<0>;
L_000001817cdb8820 .functor OR 1, L_000001817cdb8200, L_000001817cd3d6c0, C4<0>, C4<0>;
L_000001817cdb93f0 .functor BUFZ 1, v000001817cd2f4b0_0, C4<0>, C4<0>, C4<0>;
L_000001817cdb85f0 .functor BUFZ 32, v000001817cd2e010_0, C4<00000000000000000000000000000000>, C4<00000000000000000000000000000000>, C4<00000000000000000000000000000000>;
L_000001817cdb8510 .functor BUFZ 32, v000001817cd2fe10_0, C4<00000000000000000000000000000000>, C4<00000000000000000000000000000000>, C4<00000000000000000000000000000000>;
L_000001817cdb9310 .functor BUFZ 32, v000001817cd2ded0_0, C4<00000000000000000000000000000000>, C4<00000000000000000000000000000000>, C4<00000000000000000000000000000000>;
L_000001817cdb9770 .functor BUFZ 5, L_000001817cdb7160, C4<00000>, C4<00000>, C4<00000>;
L_000001817cdb8f20 .functor BUFZ 5, L_000001817cdb7be0, C4<00000>, C4<00000>, C4<00000>;
L_000001817cdb8120 .functor BUFZ 5, L_000001817cd92190, C4<00000>, C4<00000>, C4<00000>;
L_000001817cdb9000 .functor BUFZ 32, L_000001817cdb6130, C4<00000000000000000000000000000000>, C4<00000000000000000000000000000000>, C4<00000000000000000000000000000000>;
L_000001817cdb89e0 .functor BUFZ 32, L_000001817cdb7940, C4<00000000000000000000000000000000>, C4<00000000000000000000000000000000>, C4<00000000000000000000000000000000>;
L_000001817cdb9540 .functor BUFZ 32, L_000001817cd83910, C4<00000000000000000000000000000000>, C4<00000000000000000000000000000000>, C4<00000000000000000000000000000000>;
L_000001817cdb8ba0 .functor BUFZ 1, L_000001817cdb70f0, C4<0>, C4<0>, C4<0>;
L_000001817cdb97e0 .functor BUFZ 1, L_000001817cdb7390, C4<0>, C4<0>, C4<0>;
L_000001817cdb8190 .functor BUFZ 3, L_000001817cd8f8f0, C4<000>, C4<000>, C4<000>;
L_000001817cdb83c0 .functor BUFZ 1, L_000001817cdb7470, C4<0>, C4<0>, C4<0>;
L_000001817cdb95b0 .functor BUFZ 1, L_000001817cdb6bb0, C4<0>, C4<0>, C4<0>;
L_000001817cdb8c10 .functor BUFZ 1, L_000001817cdb75c0, C4<0>, C4<0>, C4<0>;
L_000001817cdb92a0 .functor BUFZ 1, L_000001817cdb6830, C4<0>, C4<0>, C4<0>;
L_000001817cdb87b0 .functor BUFZ 1, L_000001817cdb68a0, C4<0>, C4<0>, C4<0>;
L_000001817cdb8c80 .functor BUFZ 1, L_000001817cdb6980, C4<0>, C4<0>, C4<0>;
L_000001817cdb8eb0 .functor BUFZ 1, L_000001817cdb6ad0, C4<0>, C4<0>, C4<0>;
L_000001817cdb8ac0 .functor BUFZ 1, L_000001817cdb6d70, C4<0>, C4<0>, C4<0>;
L_000001817cdb9460 .functor BUFZ 1, L_000001817cdb7630, C4<0>, C4<0>, C4<0>;
L_000001817cdb8f90 .functor BUFZ 1, L_000001817cdb6ec0, C4<0>, C4<0>, C4<0>;
L_000001817cdb8580 .functor BUFZ 32, L_000001817cd89310, C4<00000000000000000000000000000000>, C4<00000000000000000000000000000000>, C4<00000000000000000000000000000000>;
L_000001817cdb9070 .functor AND 1, v000001817cd2b310_0, v000001817cd2a050_0, C4<1>, C4<1>;
L_000001817cdb90e0 .functor AND 1, L_000001817cdb9070, v000001817cd29290_0, C4<1>, C4<1>;
L_000001817cdb8e40 .functor NOT 1, v000001817cd28930_0, C4<0>, C4<0>, C4<0>;
L_000001817cdb8900 .functor AND 1, L_000001817cdb90e0, L_000001817cdb8e40, C4<1>, C4<1>;
L_000001817cdb7cc0 .functor AND 1, L_000001817cdb8900, L_000001817cd846d0, C4<1>, C4<1>;
L_000001817cdb8dd0 .functor AND 1, L_000001817cdb7cc0, L_000001817cd83f50, C4<1>, C4<1>;
L_000001817cdb7d30 .functor AND 1, v000001817cd2b310_0, v000001817cd2a050_0, C4<1>, C4<1>;
L_000001817cdb9700 .functor AND 1, L_000001817cdb7d30, v000001817cd29290_0, C4<1>, C4<1>;
L_000001817cdb9380 .functor NOT 1, v000001817cd28930_0, C4<0>, C4<0>, C4<0>;
L_000001817cdb9620 .functor AND 1, L_000001817cdb9700, L_000001817cdb9380, C4<1>, C4<1>;
L_000001817cdb82e0 .functor AND 1, L_000001817cdb9620, L_000001817cd84770, C4<1>, C4<1>;
L_000001817cdb8a50 .functor AND 1, L_000001817cdb82e0, L_000001817cd82a10, C4<1>, C4<1>;
L_000001817cdb9150 .functor AND 1, v000001817cd2b310_0, v000001817cd30810_0, C4<1>, C4<1>;
L_000001817cdb91c0 .functor AND 1, L_000001817cdb9150, v000001817cd318f0_0, C4<1>, C4<1>;
L_000001817cdb7c50 .functor AND 1, L_000001817cdb91c0, L_000001817cd848b0, C4<1>, C4<1>;
L_000001817cdb9230 .functor NOT 1, L_000001817cdb8dd0, C4<0>, C4<0>, C4<0>;
L_000001817cdb9690 .functor AND 1, L_000001817cdb7c50, L_000001817cdb9230, C4<1>, C4<1>;
L_000001817cdb8890 .functor AND 1, L_000001817cdb9690, L_000001817cd84d10, C4<1>, C4<1>;
L_000001817cdb8b30 .functor AND 1, v000001817cd2b310_0, v000001817cd30810_0, C4<1>, C4<1>;
L_000001817cdb7da0 .functor AND 1, L_000001817cdb8b30, v000001817cd318f0_0, C4<1>, C4<1>;
L_000001817cdb7e10 .functor AND 1, L_000001817cdb7da0, L_000001817cd83730, C4<1>, C4<1>;
L_000001817cdb8350 .functor NOT 1, L_000001817cdb8a50, C4<0>, C4<0>, C4<0>;
L_000001817cdb7e80 .functor AND 1, L_000001817cdb7e10, L_000001817cdb8350, C4<1>, C4<1>;
L_000001817cdb7ef0 .functor AND 1, L_000001817cdb7e80, L_000001817cd83370, C4<1>, C4<1>;
L_000001817cdb7f60 .functor BUFZ 32, L_000001817cd82dd0, C4<00000000000000000000000000000000>, C4<00000000000000000000000000000000>, C4<00000000000000000000000000000000>;
L_000001817cdb9bd0 .functor NOT 1, L_000001817cdd1ca0, C4<0>, C4<0>, C4<0>;
L_000001817cdb9d90 .functor AND 1, v000001817cd2b310_0, L_000001817cdb9bd0, C4<1>, C4<1>;
L_000001817cdb9e00 .functor AND 1, L_000001817cdb9d90, v000001817cd2ccb0_0, C4<1>, C4<1>;
L_000001817cdb9ee0 .functor NOT 1, L_000001817cd87330, C4<0>, C4<0>, C4<0>;
L_000001817cdb9850 .functor NOT 1, L_000001817cdb9cb0, C4<0>, C4<0>, C4<0>;
L_000001817cdb98c0 .functor NOT 1, L_000001817cdb9cb0, C4<0>, C4<0>, C4<0>;
L_000001817cdb9930 .functor AND 1, L_000001817cdb9e00, L_000001817cd85990, C4<1>, C4<1>;
L_000001817cdd1140 .functor NOT 1, L_000001817cdd1ca0, C4<0>, C4<0>, C4<0>;
L_000001817cdd0ea0 .functor AND 1, v000001817cd2b310_0, L_000001817cdd1140, C4<1>, C4<1>;
L_000001817cdd0ce0 .functor AND 1, L_000001817cdd0ea0, v000001817cd2d1b0_0, C4<1>, C4<1>;
L_000001817cdcfe00 .functor OR 1, L_000001817cdb9930, L_000001817cdd0ce0, C4<0>, C4<0>;
L_000001817cdcfe70 .functor AND 1, L_000001817cdcfe00, L_000001817cd853f0, C4<1>, C4<1>;
L_000001817cdd0f10 .functor NOT 1, L_000001817cdcfe70, C4<0>, C4<0>, C4<0>;
L_000001817cdd0880 .functor AND 1, L_000001817cdcfe00, L_000001817cdd0f10, C4<1>, C4<1>;
L_000001817cdd0b20 .functor BUFZ 1, v000001817cd2b310_0, C4<0>, C4<0>, C4<0>;
L_000001817cdd11b0 .functor BUFZ 32, v000001817cd2d2f0_0, C4<00000000000000000000000000000000>, C4<00000000000000000000000000000000>, C4<00000000000000000000000000000000>;
L_000001817cdd0d50 .functor BUFZ 32, v000001817cd2c170_0, C4<00000000000000000000000000000000>, C4<00000000000000000000000000000000>, C4<00000000000000000000000000000000>;
L_000001817cdd0f80 .functor BUFZ 32, L_000001817cd86890, C4<00000000000000000000000000000000>, C4<00000000000000000000000000000000>, C4<00000000000000000000000000000000>;
L_000001817cdd05e0 .functor BUFZ 32, v000001817cd2d750_0, C4<00000000000000000000000000000000>, C4<00000000000000000000000000000000>, C4<00000000000000000000000000000000>;
L_000001817cdd0490 .functor BUFZ 5, v000001817cd2b130_0, C4<00000>, C4<00000>, C4<00000>;
L_000001817cdd0ff0 .functor BUFZ 5, v000001817cd2bbd0_0, C4<00000>, C4<00000>, C4<00000>;
L_000001817cdcfaf0 .functor BUFZ 5, v000001817cd2c530_0, C4<00000>, C4<00000>, C4<00000>;
L_000001817cdd0b90 .functor BUFZ 32, L_000001817cd837d0, C4<00000000000000000000000000000000>, C4<00000000000000000000000000000000>, C4<00000000000000000000000000000000>;
L_000001817cdd0dc0 .functor BUFZ 32, L_000001817cd82dd0, C4<00000000000000000000000000000000>, C4<00000000000000000000000000000000>, C4<00000000000000000000000000000000>;
L_000001817cdcffc0 .functor BUFZ 32, v000001817cd2bb30_0, C4<00000000000000000000000000000000>, C4<00000000000000000000000000000000>, C4<00000000000000000000000000000000>;
L_000001817cdcff50 .functor BUFZ 32, v000001817cd12a70_0, C4<00000000000000000000000000000000>, C4<00000000000000000000000000000000>, C4<00000000000000000000000000000000>;
L_000001817cdd0e30 .functor BUFZ 32, L_000001817cdb7f60, C4<00000000000000000000000000000000>, C4<00000000000000000000000000000000>, C4<00000000000000000000000000000000>;
L_000001817cdcf700 .functor BUFZ 3, v000001817cd2b270_0, C4<000>, C4<000>, C4<000>;
L_000001817cdd03b0 .functor BUFZ 1, v000001817cd2bf90_0, C4<0>, C4<0>, C4<0>;
L_000001817cdd10d0 .functor BUFZ 1, v000001817cd2ca30_0, C4<0>, C4<0>, C4<0>;
L_000001817cdd0960 .functor BUFZ 1, v000001817cd2bd10_0, C4<0>, C4<0>, C4<0>;
L_000001817cdcfee0 .functor BUFZ 1, v000001817cd2d250_0, C4<0>, C4<0>, C4<0>;
L_000001817cdd02d0 .functor BUFZ 1, v000001817cd2d1b0_0, C4<0>, C4<0>, C4<0>;
L_000001817cdcfa10 .functor BUFZ 1, v000001817cd2be50_0, C4<0>, C4<0>, C4<0>;
L_000001817cdd06c0 .functor BUFZ 1, v000001817cd2b3b0_0, C4<0>, C4<0>, C4<0>;
L_000001817cdcfa80 .functor BUFZ 1, L_000001817cdcfe70, C4<0>, C4<0>, C4<0>;
L_000001817cdd0c00 .functor BUFZ 1, v000001817cd2c850_0, C4<0>, C4<0>, C4<0>;
L_000001817cdd1060 .functor AND 1, v000001817cd2a050_0, v000001817cd2af50_0, C4<1>, C4<1>;
L_000001817cdd07a0 .functor AND 1, v000001817cd2a050_0, v000001817cd2a0f0_0, C4<1>, C4<1>;
L_000001817cdd0810 .functor AND 1, v000001817cd30810_0, v000001817cd304f0_0, C4<1>, C4<1>;
L_000001817cdd0260 .functor AND 1, L_000001817cdd0810, v000001817cd2a050_0, C4<1>, C4<1>;
L_000001817cdcf620 .functor AND 1, L_000001817cdd0260, v000001817cd2a0f0_0, C4<1>, C4<1>;
L_000001817cdd0730 .functor AND 1, L_000001817cdcf620, L_000001817cd870b0, C4<1>, C4<1>;
L_000001817cdcf690 .functor AND 1, L_000001817cdd0730, L_000001817cd85710, C4<1>, C4<1>;
L_000001817cdcfbd0 .functor OR 1, v000001817cd2af50_0, v000001817cd2a0f0_0, C4<0>, C4<0>;
L_000001817cdcfc40 .functor AND 1, v000001817cd2a050_0, L_000001817cdcfbd0, C4<1>, C4<1>;
L_000001817cdd0340 .functor NOT 1, L_000001817cdd09d0, C4<0>, C4<0>, C4<0>;
L_000001817cdcfcb0 .functor AND 1, L_000001817cdcfc40, L_000001817cdd0340, C4<1>, C4<1>;
L_000001817cdcfd20 .functor NOT 1, v000001817cd236b0_0, C4<0>, C4<0>, C4<0>;
L_000001817cdd0500 .functor AND 1, L_000001817cdcfcb0, L_000001817cdcfd20, C4<1>, C4<1>;
L_000001817cdd0110 .functor AND 1, v000001817cd2a050_0, v000001817cd2af50_0, C4<1>, C4<1>;
L_000001817cdd0180 .functor NOT 1, L_000001817cdd09d0, C4<0>, C4<0>, C4<0>;
L_000001817cdcfd90 .functor AND 1, L_000001817cdd0110, L_000001817cdd0180, C4<1>, C4<1>;
L_000001817cdd01f0 .functor OR 1, v000001817cd236b0_0, L_000001817cdd0500, C4<0>, C4<0>;
L_000001817cdd0420 .functor AND 1, L_000001817cdcfd90, L_000001817cdd01f0, C4<1>, C4<1>;
L_000001817cdd0570 .functor NOT 1, L_000001817cc33b90, C4<0>, C4<0>, C4<0>;
L_000001817cdd0650 .functor AND 1, L_000001817cdd0420, L_000001817cdd0570, C4<1>, C4<1>;
L_000001817cdd25d0 .functor NOT 1, L_000001817cdcfcb0, C4<0>, C4<0>, C4<0>;
L_000001817cdd1990 .functor NOT 1, L_000001817cc33b90, C4<0>, C4<0>, C4<0>;
L_000001817cdd2cd0 .functor OR 1, L_000001817cdd25d0, L_000001817cdd1990, C4<0>, C4<0>;
L_000001817cdd1ae0 .functor AND 1, v000001817cd2a050_0, L_000001817cdd2cd0, C4<1>, C4<1>;
L_000001817cdd2950 .functor NOT 1, L_000001817cdd1ae0, C4<0>, C4<0>, C4<0>;
L_000001817cdd1ca0 .functor AND 1, v000001817cd2a050_0, L_000001817cdd2950, C4<1>, C4<1>;
L_000001817cdd1df0 .functor AND 1, L_000001817cdcfb60, L_000001817cdd0500, C4<1>, C4<1>;
L_000001817cdd2d40 .functor AND 1, L_000001817cdcf7e0, L_000001817cdd0500, C4<1>, C4<1>;
L_000001817cdd2250 .functor BUFZ 1, L_000001817cdd1df0, C4<0>, C4<0>, C4<0>;
L_000001817cdd13e0 .functor BUFZ 1, L_000001817cdd2d40, C4<0>, C4<0>, C4<0>;
L_000001817cdd28e0 .functor BUFZ 32, L_000001817cd8fcb0, C4<00000000000000000000000000000000>, C4<00000000000000000000000000000000>, C4<00000000000000000000000000000000>;
L_000001817cdd2db0 .functor OR 1, L_000001817cc33d50, L_000001817cc339d0, C4<0>, C4<0>;
L_000001817cdd22c0 .functor BUFZ 32, L_000001817cd90890, C4<00000000000000000000000000000000>, C4<00000000000000000000000000000000>, C4<00000000000000000000000000000000>;
L_000001817cdd1a00 .functor BUFZ 1, L_000001817cc33d50, C4<0>, C4<0>, C4<0>;
L_000001817cdd1220 .functor BUFZ 1, L_000001817cc339d0, C4<0>, C4<0>, C4<0>;
L_000001817cdd1370 .functor BUFZ 1, L_000001817cdd1ae0, C4<0>, C4<0>, C4<0>;
L_000001817cdd2330 .functor OR 1, v000001817cd30d10_0, v000001817cd31df0_0, C4<0>, C4<0>;
L_000001817cdd2c60 .functor OR 1, L_000001817cdd2330, v000001817cd301d0_0, C4<0>, C4<0>;
L_000001817cdd2090 .functor AND 1, v000001817cd30810_0, v000001817cd318f0_0, C4<1>, C4<1>;
L_000001817cdd1840 .functor NOT 1, L_000001817cdd2c60, C4<0>, C4<0>, C4<0>;
L_000001817cdd17d0 .functor AND 1, L_000001817cdd2090, L_000001817cdd1840, C4<1>, C4<1>;
L_000001817cdd18b0 .functor AND 1, v000001817cd30810_0, v000001817cd30950_0, C4<1>, C4<1>;
L_000001817cdd2100 .functor BUFZ 1, v000001817cd30810_0, C4<0>, C4<0>, C4<0>;
L_000001817cdd1a70 .functor BUFZ 32, v000001817cd30a90_0, C4<00000000000000000000000000000000>, C4<00000000000000000000000000000000>, C4<00000000000000000000000000000000>;
L_000001817cdd1290 .functor AND 1, v000001817cd30810_0, L_000001817cdd2c60, C4<1>, C4<1>;
L_000001817cdd2aa0 .functor BUFZ 1, L_000001817cdd18b0, C4<0>, C4<0>, C4<0>;
L_000001817cdd29c0 .functor BUFZ 5, v000001817cd30590_0, C4<00000>, C4<00000>, C4<00000>;
L_000001817cdd24f0 .functor BUFZ 5, v000001817cd31990_0, C4<00000>, C4<00000>, C4<00000>;
L_000001817cdd2800 .functor BUFZ 32, v000001817cd32750_0, C4<00000000000000000000000000000000>, C4<00000000000000000000000000000000>, C4<00000000000000000000000000000000>;
L_000001817cdd1300 .functor BUFZ 32, v000001817cd327f0_0, C4<00000000000000000000000000000000>, C4<00000000000000000000000000000000>, C4<00000000000000000000000000000000>;
L_000001817cdd1b50 .functor BUFZ 32, L_000001817cd89310, C4<00000000000000000000000000000000>, C4<00000000000000000000000000000000>, C4<00000000000000000000000000000000>;
L_000001817cdd1bc0 .functor BUFZ 32, v000001817cd2f5f0_0, C4<00000000000000000000000000000000>, C4<00000000000000000000000000000000>, C4<00000000000000000000000000000000>;
L_000001817cdd2b80 .functor BUFZ 1, v000001817cd2f7d0_0, C4<0>, C4<0>, C4<0>;
L_000001817cdd2170 .functor BUFZ 1, v000001817cd2fcd0_0, C4<0>, C4<0>, C4<0>;
L_000001817cdd1530 .functor BUFZ 4, v000001817cd2f690_0, C4<0000>, C4<0000>, C4<0000>;
L_000001817cdd2790 .functor BUFZ 32, v000001817cd2faf0_0, C4<00000000000000000000000000000000>, C4<00000000000000000000000000000000>, C4<00000000000000000000000000000000>;
L_000001817cdd2b10 .functor BUFZ 32, v000001817cd2fd70_0, C4<00000000000000000000000000000000>, C4<00000000000000000000000000000000>, C4<00000000000000000000000000000000>;
L_000001817cdd21e0 .functor BUFZ 32, v000001817cd30770_0, C4<00000000000000000000000000000000>, C4<00000000000000000000000000000000>, C4<00000000000000000000000000000000>;
L_000001817cdd1e60 .functor BUFZ 32, v000001817cd31030_0, C4<00000000000000000000000000000000>, C4<00000000000000000000000000000000>, C4<00000000000000000000000000000000>;
v000001817cd18ff0_0 .net *"_ivl_100", 0 0, L_000001817cd843b0;  1 drivers
v000001817cd199f0_0 .net *"_ivl_102", 0 0, L_000001817cdb6750;  1 drivers
L_000001817cd3d438 .functor BUFT 1, C4<1100011>, C4<0>, C4<0>, C4<0>;
v000001817cd1a210_0 .net/2u *"_ivl_104", 6 0, L_000001817cd3d438;  1 drivers
v000001817cd1a850_0 .net *"_ivl_106", 0 0, L_000001817cd83c30;  1 drivers
v000001817cd19090_0 .net *"_ivl_108", 0 0, L_000001817cdb94d0;  1 drivers
L_000001817cd3d480 .functor BUFT 1, C4<1100111>, C4<0>, C4<0>, C4<0>;
v000001817cd184b0_0 .net/2u *"_ivl_110", 6 0, L_000001817cd3d480;  1 drivers
v000001817cd18870_0 .net *"_ivl_112", 0 0, L_000001817cd84450;  1 drivers
L_000001817cd3d4c8 .functor BUFT 1, C4<0110011>, C4<0>, C4<0>, C4<0>;
v000001817cd19130_0 .net/2u *"_ivl_116", 6 0, L_000001817cd3d4c8;  1 drivers
v000001817cd1a3f0_0 .net *"_ivl_118", 0 0, L_000001817cd832d0;  1 drivers
L_000001817cd3d510 .functor BUFT 1, C4<0100011>, C4<0>, C4<0>, C4<0>;
v000001817cd18af0_0 .net/2u *"_ivl_120", 6 0, L_000001817cd3d510;  1 drivers
v000001817cd1a170_0 .net *"_ivl_122", 0 0, L_000001817cd844f0;  1 drivers
v000001817cd19a90_0 .net *"_ivl_124", 0 0, L_000001817cdb80b0;  1 drivers
L_000001817cd3d558 .functor BUFT 1, C4<1100011>, C4<0>, C4<0>, C4<0>;
v000001817cd18910_0 .net/2u *"_ivl_126", 6 0, L_000001817cd3d558;  1 drivers
v000001817cd19bd0_0 .net *"_ivl_128", 0 0, L_000001817cd83190;  1 drivers
L_000001817cd3d5a0 .functor BUFT 1, C4<0110011>, C4<0>, C4<0>, C4<0>;
v000001817cd1a2b0_0 .net/2u *"_ivl_132", 6 0, L_000001817cd3d5a0;  1 drivers
v000001817cd189b0_0 .net *"_ivl_134", 0 0, L_000001817cd82d30;  1 drivers
L_000001817cd3d5e8 .functor BUFT 1, C4<1100011>, C4<0>, C4<0>, C4<0>;
v000001817cd18a50_0 .net/2u *"_ivl_136", 6 0, L_000001817cd3d5e8;  1 drivers
v000001817cd18b90_0 .net *"_ivl_138", 0 0, L_000001817cd83cd0;  1 drivers
v000001817cd18eb0_0 .net *"_ivl_142", 0 0, L_000001817cdb8270;  1 drivers
v000001817cd18f50_0 .net *"_ivl_144", 0 0, L_000001817cdb8430;  1 drivers
L_000001817cd3d630 .functor BUFT 1, C4<00000>, C4<0>, C4<0>, C4<0>;
v000001817cd191d0_0 .net/2u *"_ivl_146", 4 0, L_000001817cd3d630;  1 drivers
v000001817cd19270_0 .net *"_ivl_148", 0 0, L_000001817cd83af0;  1 drivers
v000001817cd194f0_0 .net *"_ivl_150", 0 0, L_000001817cdb84a0;  1 drivers
v000001817cd1b070_0 .net *"_ivl_152", 0 0, L_000001817cd84590;  1 drivers
v000001817cd1b250_0 .net *"_ivl_154", 0 0, L_000001817cdb86d0;  1 drivers
v000001817cd1af30_0 .net *"_ivl_156", 0 0, L_000001817cd83e10;  1 drivers
v000001817cd1b390_0 .net *"_ivl_158", 0 0, L_000001817cdb8660;  1 drivers
v000001817cd1ae90_0 .net *"_ivl_16", 0 0, L_000001817cc33a40;  1 drivers
v000001817cd1ad50_0 .net *"_ivl_160", 0 0, L_000001817cdb8970;  1 drivers
v000001817cd1b2f0_0 .net *"_ivl_168", 0 0, L_000001817cdb8200;  1 drivers
v000001817cd1acb0_0 .net *"_ivl_18", 0 0, L_000001817cc33ab0;  1 drivers
v000001817cd1adf0_0 .net *"_ivl_20", 0 0, L_000001817cc33c00;  1 drivers
v000001817cd1b110_0 .net *"_ivl_22", 0 0, L_000001817cc33c70;  1 drivers
v000001817cd1afd0_0 .net *"_ivl_224", 31 0, L_000001817cd82fb0;  1 drivers
v000001817cd1b1b0_0 .net *"_ivl_230", 0 0, L_000001817cdb9070;  1 drivers
v000001817cd1d530_0 .net *"_ivl_232", 0 0, L_000001817cdb90e0;  1 drivers
v000001817cd1e2f0_0 .net *"_ivl_234", 0 0, L_000001817cdb8e40;  1 drivers
v000001817cd1c8b0_0 .net *"_ivl_236", 0 0, L_000001817cdb8900;  1 drivers
L_000001817cd3d708 .functor BUFT 1, C4<00000>, C4<0>, C4<0>, C4<0>;
v000001817cd1d990_0 .net/2u *"_ivl_238", 4 0, L_000001817cd3d708;  1 drivers
v000001817cd1cb30_0 .net *"_ivl_24", 0 0, L_000001817cc33f10;  1 drivers
v000001817cd1c450_0 .net *"_ivl_240", 0 0, L_000001817cd846d0;  1 drivers
v000001817cd1d170_0 .net *"_ivl_242", 0 0, L_000001817cdb7cc0;  1 drivers
v000001817cd1c1d0_0 .net *"_ivl_244", 0 0, L_000001817cd83f50;  1 drivers
v000001817cd1e1b0_0 .net *"_ivl_248", 0 0, L_000001817cdb7d30;  1 drivers
v000001817cd1e430_0 .net *"_ivl_250", 0 0, L_000001817cdb9700;  1 drivers
v000001817cd1d850_0 .net *"_ivl_252", 0 0, L_000001817cdb9380;  1 drivers
v000001817cd1d710_0 .net *"_ivl_254", 0 0, L_000001817cdb9620;  1 drivers
L_000001817cd3d750 .functor BUFT 1, C4<00000>, C4<0>, C4<0>, C4<0>;
v000001817cd1cbd0_0 .net/2u *"_ivl_256", 4 0, L_000001817cd3d750;  1 drivers
v000001817cd1dcb0_0 .net *"_ivl_258", 0 0, L_000001817cd84770;  1 drivers
v000001817cd1cdb0_0 .net *"_ivl_260", 0 0, L_000001817cdb82e0;  1 drivers
v000001817cd1c3b0_0 .net *"_ivl_262", 0 0, L_000001817cd82a10;  1 drivers
v000001817cd1ce50_0 .net *"_ivl_266", 0 0, L_000001817cdb9150;  1 drivers
v000001817cd1c270_0 .net *"_ivl_268", 0 0, L_000001817cdb91c0;  1 drivers
L_000001817cd3d798 .functor BUFT 1, C4<00000>, C4<0>, C4<0>, C4<0>;
v000001817cd1ca90_0 .net/2u *"_ivl_270", 4 0, L_000001817cd3d798;  1 drivers
v000001817cd1d7b0_0 .net *"_ivl_272", 0 0, L_000001817cd848b0;  1 drivers
v000001817cd1c310_0 .net *"_ivl_274", 0 0, L_000001817cdb7c50;  1 drivers
v000001817cd1d490_0 .net *"_ivl_276", 0 0, L_000001817cdb9230;  1 drivers
v000001817cd1be10_0 .net *"_ivl_278", 0 0, L_000001817cdb9690;  1 drivers
v000001817cd1d030_0 .net *"_ivl_28", 0 0, L_000001817cc33ff0;  1 drivers
v000001817cd1c4f0_0 .net *"_ivl_280", 0 0, L_000001817cd84d10;  1 drivers
v000001817cd1c090_0 .net *"_ivl_284", 0 0, L_000001817cdb8b30;  1 drivers
v000001817cd1d8f0_0 .net *"_ivl_286", 0 0, L_000001817cdb7da0;  1 drivers
L_000001817cd3d7e0 .functor BUFT 1, C4<00000>, C4<0>, C4<0>, C4<0>;
v000001817cd1c590_0 .net/2u *"_ivl_288", 4 0, L_000001817cd3d7e0;  1 drivers
v000001817cd1d5d0_0 .net *"_ivl_290", 0 0, L_000001817cd83730;  1 drivers
v000001817cd1c630_0 .net *"_ivl_292", 0 0, L_000001817cdb7e10;  1 drivers
v000001817cd1bd70_0 .net *"_ivl_294", 0 0, L_000001817cdb8350;  1 drivers
v000001817cd1e390_0 .net *"_ivl_296", 0 0, L_000001817cdb7e80;  1 drivers
v000001817cd1e250_0 .net *"_ivl_298", 0 0, L_000001817cd83370;  1 drivers
L_000001817cd3d828 .functor BUFT 1, C4<10>, C4<0>, C4<0>, C4<0>;
v000001817cd1c950_0 .net/2u *"_ivl_302", 1 0, L_000001817cd3d828;  1 drivers
L_000001817cd3d870 .functor BUFT 1, C4<01>, C4<0>, C4<0>, C4<0>;
v000001817cd1beb0_0 .net/2u *"_ivl_304", 1 0, L_000001817cd3d870;  1 drivers
L_000001817cd3d8b8 .functor BUFT 1, C4<00>, C4<0>, C4<0>, C4<0>;
v000001817cd1d3f0_0 .net/2u *"_ivl_306", 1 0, L_000001817cd3d8b8;  1 drivers
v000001817cd1cc70_0 .net *"_ivl_308", 1 0, L_000001817cd83690;  1 drivers
L_000001817cd3d900 .functor BUFT 1, C4<10>, C4<0>, C4<0>, C4<0>;
v000001817cd1c9f0_0 .net/2u *"_ivl_312", 1 0, L_000001817cd3d900;  1 drivers
L_000001817cd3d948 .functor BUFT 1, C4<01>, C4<0>, C4<0>, C4<0>;
v000001817cd1bcd0_0 .net/2u *"_ivl_314", 1 0, L_000001817cd3d948;  1 drivers
L_000001817cd3d990 .functor BUFT 1, C4<00>, C4<0>, C4<0>, C4<0>;
v000001817cd1d670_0 .net/2u *"_ivl_316", 1 0, L_000001817cd3d990;  1 drivers
v000001817cd1d210_0 .net *"_ivl_318", 1 0, L_000001817cd84b30;  1 drivers
v000001817cd1da30_0 .net *"_ivl_32", 0 0, L_000001817cb81dc0;  1 drivers
L_000001817cd3d9d8 .functor BUFT 1, C4<11>, C4<0>, C4<0>, C4<0>;
v000001817cd1bf50_0 .net/2u *"_ivl_322", 1 0, L_000001817cd3d9d8;  1 drivers
L_000001817cd3da20 .functor BUFT 1, C4<11>, C4<0>, C4<0>, C4<0>;
v000001817cd1bff0_0 .net/2u *"_ivl_326", 1 0, L_000001817cd3da20;  1 drivers
L_000001817cd3da68 .functor BUFT 1, C4<10>, C4<0>, C4<0>, C4<0>;
v000001817cd1dfd0_0 .net/2u *"_ivl_330", 1 0, L_000001817cd3da68;  1 drivers
v000001817cd1ddf0_0 .net *"_ivl_332", 0 0, L_000001817cd850d0;  1 drivers
L_000001817cd3dab0 .functor BUFT 1, C4<01>, C4<0>, C4<0>, C4<0>;
v000001817cd1df30_0 .net/2u *"_ivl_334", 1 0, L_000001817cd3dab0;  1 drivers
v000001817cd1c770_0 .net *"_ivl_336", 0 0, L_000001817cd82970;  1 drivers
v000001817cd1cef0_0 .net *"_ivl_338", 31 0, L_000001817cd82f10;  1 drivers
v000001817cd1c130_0 .net *"_ivl_34", 0 0, L_000001817cb83950;  1 drivers
L_000001817cd3daf8 .functor BUFT 1, C4<10>, C4<0>, C4<0>, C4<0>;
v000001817cd1c6d0_0 .net/2u *"_ivl_342", 1 0, L_000001817cd3daf8;  1 drivers
v000001817cd1c810_0 .net *"_ivl_344", 0 0, L_000001817cd82bf0;  1 drivers
L_000001817cd3db40 .functor BUFT 1, C4<01>, C4<0>, C4<0>, C4<0>;
v000001817cd1e070_0 .net/2u *"_ivl_346", 1 0, L_000001817cd3db40;  1 drivers
v000001817cd1cd10_0 .net *"_ivl_348", 0 0, L_000001817cd83550;  1 drivers
v000001817cd1cf90_0 .net *"_ivl_350", 31 0, L_000001817cd82c90;  1 drivers
L_000001817cd3db88 .functor BUFT 1, C4<11>, C4<0>, C4<0>, C4<0>;
v000001817cd1dd50_0 .net/2u *"_ivl_354", 1 0, L_000001817cd3db88;  1 drivers
v000001817cd1d0d0_0 .net *"_ivl_356", 0 0, L_000001817cd82e70;  1 drivers
v000001817cd1dad0_0 .net *"_ivl_36", 0 0, L_000001817c6bac60;  1 drivers
L_000001817cd3dbd0 .functor BUFT 1, C4<11>, C4<0>, C4<0>, C4<0>;
v000001817cd1d2b0_0 .net/2u *"_ivl_360", 1 0, L_000001817cd3dbd0;  1 drivers
v000001817cd1d350_0 .net *"_ivl_362", 0 0, L_000001817cd83870;  1 drivers
v000001817cd1db70_0 .net *"_ivl_370", 31 0, L_000001817cd87790;  1 drivers
v000001817cd1dc10_0 .net *"_ivl_372", 31 0, L_000001817cd869d0;  1 drivers
v000001817cd1de90_0 .net *"_ivl_377", 30 0, L_000001817cd86b10;  1 drivers
L_000001817cd3dc18 .functor BUFT 1, C4<0>, C4<0>, C4<0>, C4<0>;
v000001817cd1e110_0 .net/2u *"_ivl_378", 0 0, L_000001817cd3dc18;  1 drivers
v000001817cd20550_0 .net *"_ivl_38", 0 0, L_000001817cb80c40;  1 drivers
v000001817cd1f010_0 .net *"_ivl_380", 31 0, L_000001817cd87470;  1 drivers
v000001817cd20af0_0 .net *"_ivl_386", 0 0, L_000001817cdb9bd0;  1 drivers
v000001817cd1fe70_0 .net *"_ivl_388", 0 0, L_000001817cdb9d90;  1 drivers
v000001817cd1f3d0_0 .net *"_ivl_390", 0 0, L_000001817cdb9e00;  1 drivers
L_000001817cd3dc60 .functor BUFT 1, C4<000>, C4<0>, C4<0>, C4<0>;
v000001817cd1fbf0_0 .net/2u *"_ivl_392", 2 0, L_000001817cd3dc60;  1 drivers
v000001817cd1e750_0 .net *"_ivl_394", 0 0, L_000001817cd86a70;  1 drivers
L_000001817cd3dca8 .functor BUFT 1, C4<001>, C4<0>, C4<0>, C4<0>;
v000001817cd1f330_0 .net/2u *"_ivl_396", 2 0, L_000001817cd3dca8;  1 drivers
v000001817cd1ef70_0 .net *"_ivl_398", 0 0, L_000001817cd86cf0;  1 drivers
v000001817cd1f790_0 .net *"_ivl_40", 0 0, L_000001817c636bc0;  1 drivers
v000001817cd20a50_0 .net *"_ivl_400", 0 0, L_000001817cdb9ee0;  1 drivers
L_000001817cd3dcf0 .functor BUFT 1, C4<100>, C4<0>, C4<0>, C4<0>;
v000001817cd1f470_0 .net/2u *"_ivl_402", 2 0, L_000001817cd3dcf0;  1 drivers
v000001817cd1ec50_0 .net *"_ivl_404", 0 0, L_000001817cd86bb0;  1 drivers
L_000001817cd3dd38 .functor BUFT 1, C4<101>, C4<0>, C4<0>, C4<0>;
v000001817cd1e7f0_0 .net/2u *"_ivl_406", 2 0, L_000001817cd3dd38;  1 drivers
v000001817cd1ff10_0 .net *"_ivl_408", 0 0, L_000001817cd86c50;  1 drivers
v000001817cd1ecf0_0 .net *"_ivl_410", 0 0, L_000001817cdb9850;  1 drivers
L_000001817cd3dd80 .functor BUFT 1, C4<110>, C4<0>, C4<0>, C4<0>;
v000001817cd20230_0 .net/2u *"_ivl_412", 2 0, L_000001817cd3dd80;  1 drivers
v000001817cd1f510_0 .net *"_ivl_414", 0 0, L_000001817cd858f0;  1 drivers
L_000001817cd3ddc8 .functor BUFT 1, C4<111>, C4<0>, C4<0>, C4<0>;
v000001817cd202d0_0 .net/2u *"_ivl_416", 2 0, L_000001817cd3ddc8;  1 drivers
v000001817cd1ee30_0 .net *"_ivl_418", 0 0, L_000001817cd87650;  1 drivers
v000001817cd1e570_0 .net *"_ivl_420", 0 0, L_000001817cdb98c0;  1 drivers
L_000001817cd3de10 .functor BUFT 1, C4<0>, C4<0>, C4<0>, C4<0>;
v000001817cd1e610_0 .net/2u *"_ivl_422", 0 0, L_000001817cd3de10;  1 drivers
v000001817cd1ed90_0 .net *"_ivl_424", 0 0, L_000001817cd86d90;  1 drivers
v000001817cd1ffb0_0 .net *"_ivl_426", 0 0, L_000001817cd86e30;  1 drivers
v000001817cd20050_0 .net *"_ivl_428", 0 0, L_000001817cd87830;  1 drivers
v000001817cd1f150_0 .net *"_ivl_430", 0 0, L_000001817cd86ed0;  1 drivers
v000001817cd20910_0 .net *"_ivl_432", 0 0, L_000001817cd85670;  1 drivers
v000001817cd1fab0_0 .net *"_ivl_434", 0 0, L_000001817cd85990;  1 drivers
v000001817cd20b90_0 .net *"_ivl_438", 0 0, L_000001817cdd1140;  1 drivers
v000001817cd1fb50_0 .net *"_ivl_440", 0 0, L_000001817cdd0ea0;  1 drivers
v000001817cd1f290_0 .net *"_ivl_447", 1 0, L_000001817cd85df0;  1 drivers
v000001817cd204b0_0 .net *"_ivl_449", 0 0, L_000001817cd853f0;  1 drivers
v000001817cd1fc90_0 .net *"_ivl_452", 0 0, L_000001817cdd0f10;  1 drivers
v000001817cd1fd30_0 .net *"_ivl_46", 0 0, L_000001817cdb67c0;  1 drivers
v000001817cd20c30_0 .net *"_ivl_50", 0 0, L_000001817cdb6910;  1 drivers
v000001817cd1ebb0_0 .net *"_ivl_508", 0 0, L_000001817cdd0810;  1 drivers
v000001817cd1f0b0_0 .net *"_ivl_510", 0 0, L_000001817cdd0260;  1 drivers
v000001817cd207d0_0 .net *"_ivl_512", 0 0, L_000001817cdcf620;  1 drivers
L_000001817cd3de58 .functor BUFT 1, C4<00000>, C4<0>, C4<0>, C4<0>;
v000001817cd1fdd0_0 .net/2u *"_ivl_514", 4 0, L_000001817cd3de58;  1 drivers
v000001817cd205f0_0 .net *"_ivl_516", 0 0, L_000001817cd870b0;  1 drivers
v000001817cd1f5b0_0 .net *"_ivl_518", 0 0, L_000001817cdd0730;  1 drivers
v000001817cd1e4d0_0 .net *"_ivl_52", 0 0, L_000001817cdb7780;  1 drivers
v000001817cd1f1f0_0 .net *"_ivl_520", 0 0, L_000001817cd85710;  1 drivers
v000001817cd20690_0 .net *"_ivl_526", 0 0, L_000001817cdcfbd0;  1 drivers
v000001817cd1f650_0 .net *"_ivl_528", 0 0, L_000001817cdcfc40;  1 drivers
v000001817cd1e6b0_0 .net *"_ivl_530", 0 0, L_000001817cdd0340;  1 drivers
v000001817cd200f0_0 .net *"_ivl_534", 0 0, L_000001817cdcfd20;  1 drivers
v000001817cd1f6f0_0 .net *"_ivl_538", 0 0, L_000001817cdd0110;  1 drivers
v000001817cd20190_0 .net *"_ivl_54", 0 0, L_000001817cdb76a0;  1 drivers
v000001817cd1e890_0 .net *"_ivl_540", 0 0, L_000001817cdd0180;  1 drivers
v000001817cd209b0_0 .net *"_ivl_542", 0 0, L_000001817cdcfd90;  1 drivers
v000001817cd1e930_0 .net *"_ivl_544", 0 0, L_000001817cdd01f0;  1 drivers
v000001817cd20370_0 .net *"_ivl_546", 0 0, L_000001817cdd0420;  1 drivers
v000001817cd20410_0 .net *"_ivl_548", 0 0, L_000001817cdd0570;  1 drivers
v000001817cd1eed0_0 .net *"_ivl_552", 0 0, L_000001817cdd25d0;  1 drivers
v000001817cd1e9d0_0 .net *"_ivl_554", 0 0, L_000001817cdd1990;  1 drivers
v000001817cd20730_0 .net *"_ivl_556", 0 0, L_000001817cdd2cd0;  1 drivers
v000001817cd1f830_0 .net *"_ivl_56", 0 0, L_000001817cdb7400;  1 drivers
v000001817cd20870_0 .net *"_ivl_560", 0 0, L_000001817cdd2950;  1 drivers
v000001817cd1ea70_0 .net *"_ivl_574", 0 0, L_000001817cdd2db0;  1 drivers
L_000001817cd3e0e0 .functor BUFT 1, C4<1111>, C4<0>, C4<0>, C4<0>;
v000001817cd1f8d0_0 .net/2u *"_ivl_576", 3 0, L_000001817cd3e0e0;  1 drivers
L_000001817cd3e128 .functor BUFT 1, C4<0000>, C4<0>, C4<0>, C4<0>;
v000001817cd1f970_0 .net/2u *"_ivl_578", 3 0, L_000001817cd3e128;  1 drivers
v000001817cd1fa10_0 .net *"_ivl_58", 0 0, L_000001817cdb6210;  1 drivers
L_000001817cd3e170 .functor BUFT 1, C4<00000000000000000000000000000000>, C4<0>, C4<0>, C4<0>;
v000001817cd1eb10_0 .net/2u *"_ivl_590", 31 0, L_000001817cd3e170;  1 drivers
L_000001817cd3e1b8 .functor BUFT 1, C4<00000000000000000000000000000000>, C4<0>, C4<0>, C4<0>;
v000001817cd21810_0 .net/2u *"_ivl_594", 31 0, L_000001817cd3e1b8;  1 drivers
L_000001817cd3e200 .functor BUFT 1, C4<00000000000000000000000000000000>, C4<0>, C4<0>, C4<0>;
v000001817cd22c10_0 .net/2u *"_ivl_598", 31 0, L_000001817cd3e200;  1 drivers
v000001817cd21310_0 .net *"_ivl_60", 0 0, L_000001817cdb7b70;  1 drivers
L_000001817cd3e248 .functor BUFT 1, C4<00000000000000000000000000000000>, C4<0>, C4<0>, C4<0>;
v000001817cd228f0_0 .net/2u *"_ivl_602", 31 0, L_000001817cd3e248;  1 drivers
L_000001817cd3e290 .functor BUFT 1, C4<00000>, C4<0>, C4<0>, C4<0>;
v000001817cd21f90_0 .net/2u *"_ivl_606", 4 0, L_000001817cd3e290;  1 drivers
L_000001817cd3e2d8 .functor BUFT 1, C4<00000>, C4<0>, C4<0>, C4<0>;
v000001817cd22fd0_0 .net/2u *"_ivl_610", 4 0, L_000001817cd3e2d8;  1 drivers
L_000001817cd3e320 .functor BUFT 1, C4<00000>, C4<0>, C4<0>, C4<0>;
v000001817cd20f50_0 .net/2u *"_ivl_614", 4 0, L_000001817cd3e320;  1 drivers
L_000001817cd3e368 .functor BUFT 1, C4<00000000000000000000000000000000>, C4<0>, C4<0>, C4<0>;
v000001817cd232f0_0 .net/2u *"_ivl_618", 31 0, L_000001817cd3e368;  1 drivers
L_000001817cd3e3b0 .functor BUFT 1, C4<00000000000000000000000000000000>, C4<0>, C4<0>, C4<0>;
v000001817cd23110_0 .net/2u *"_ivl_622", 31 0, L_000001817cd3e3b0;  1 drivers
L_000001817cd3e3f8 .functor BUFT 1, C4<00000000000000000000000000000000>, C4<0>, C4<0>, C4<0>;
v000001817cd22ad0_0 .net/2u *"_ivl_626", 31 0, L_000001817cd3e3f8;  1 drivers
L_000001817cd3e440 .functor BUFT 1, C4<00000000000000000000000000000000>, C4<0>, C4<0>, C4<0>;
v000001817cd23070_0 .net/2u *"_ivl_630", 31 0, L_000001817cd3e440;  1 drivers
L_000001817cd3e488 .functor BUFT 1, C4<00000000000000000000000000000000>, C4<0>, C4<0>, C4<0>;
v000001817cd21ef0_0 .net/2u *"_ivl_634", 31 0, L_000001817cd3e488;  1 drivers
L_000001817cd3e4d0 .functor BUFT 1, C4<00000000000000000000000000000000>, C4<0>, C4<0>, C4<0>;
v000001817cd22b70_0 .net/2u *"_ivl_638", 31 0, L_000001817cd3e4d0;  1 drivers
L_000001817cd3e518 .functor BUFT 1, C4<0>, C4<0>, C4<0>, C4<0>;
v000001817cd231b0_0 .net/2u *"_ivl_642", 0 0, L_000001817cd3e518;  1 drivers
L_000001817cd3e560 .functor BUFT 1, C4<0>, C4<0>, C4<0>, C4<0>;
v000001817cd22490_0 .net/2u *"_ivl_646", 0 0, L_000001817cd3e560;  1 drivers
L_000001817cd3e5a8 .functor BUFT 1, C4<0000>, C4<0>, C4<0>, C4<0>;
v000001817cd22f30_0 .net/2u *"_ivl_650", 3 0, L_000001817cd3e5a8;  1 drivers
L_000001817cd3e5f0 .functor BUFT 1, C4<00000000000000000000000000000000>, C4<0>, C4<0>, C4<0>;
v000001817cd21db0_0 .net/2u *"_ivl_654", 31 0, L_000001817cd3e5f0;  1 drivers
L_000001817cd3e638 .functor BUFT 1, C4<00000000000000000000000000000000>, C4<0>, C4<0>, C4<0>;
v000001817cd23250_0 .net/2u *"_ivl_658", 31 0, L_000001817cd3e638;  1 drivers
L_000001817cd3e680 .functor BUFT 1, C4<0>, C4<0>, C4<0>, C4<0>;
v000001817cd218b0_0 .net/2u *"_ivl_662", 0 0, L_000001817cd3e680;  1 drivers
L_000001817cd3e6c8 .functor BUFT 1, C4<0>, C4<0>, C4<0>, C4<0>;
v000001817cd213b0_0 .net/2u *"_ivl_666", 0 0, L_000001817cd3e6c8;  1 drivers
L_000001817cd3e710 .functor BUFT 1, C4<0>, C4<0>, C4<0>, C4<0>;
v000001817cd22df0_0 .net/2u *"_ivl_670", 0 0, L_000001817cd3e710;  1 drivers
L_000001817cd3e758 .functor BUFT 1, C4<0>, C4<0>, C4<0>, C4<0>;
v000001817cd23390_0 .net/2u *"_ivl_674", 0 0, L_000001817cd3e758;  1 drivers
L_000001817cd3e7a0 .functor BUFT 1, C4<0>, C4<0>, C4<0>, C4<0>;
v000001817cd22990_0 .net/2u *"_ivl_678", 0 0, L_000001817cd3e7a0;  1 drivers
L_000001817cd3e7e8 .functor BUFT 1, C4<0>, C4<0>, C4<0>, C4<0>;
v000001817cd21450_0 .net/2u *"_ivl_682", 0 0, L_000001817cd3e7e8;  1 drivers
L_000001817cd3e830 .functor BUFT 1, C4<0>, C4<0>, C4<0>, C4<0>;
v000001817cd22530_0 .net/2u *"_ivl_686", 0 0, L_000001817cd3e830;  1 drivers
L_000001817cd3e878 .functor BUFT 1, C4<0>, C4<0>, C4<0>, C4<0>;
v000001817cd20e10_0 .net/2u *"_ivl_690", 0 0, L_000001817cd3e878;  1 drivers
v000001817cd22030_0 .net *"_ivl_694", 0 0, L_000001817cdd2330;  1 drivers
v000001817cd214f0_0 .net *"_ivl_698", 0 0, L_000001817cdd2090;  1 drivers
v000001817cd22cb0_0 .net *"_ivl_700", 0 0, L_000001817cdd1840;  1 drivers
L_000001817cd3e8c0 .functor BUFT 1, C4<00000>, C4<0>, C4<0>, C4<0>;
v000001817cd225d0_0 .net/2u *"_ivl_722", 4 0, L_000001817cd3e8c0;  1 drivers
L_000001817cd3c8f8 .functor BUFT 1, C4<00000000000000000000000000000100>, C4<0>, C4<0>, C4<0>;
v000001817cd220d0_0 .net/2u *"_ivl_74", 31 0, L_000001817cd3c8f8;  1 drivers
L_000001817cd3c8b0 .functor BUFT 1, C4<00000000000000000000000000000100>, C4<0>, C4<0>, C4<0>;
v000001817cd22350_0 .net/2u *"_ivl_8", 31 0, L_000001817cd3c8b0;  1 drivers
L_000001817cd3d318 .functor BUFT 1, C4<0110011>, C4<0>, C4<0>, C4<0>;
v000001817cd22170_0 .net/2u *"_ivl_82", 6 0, L_000001817cd3d318;  1 drivers
v000001817cd211d0_0 .net *"_ivl_84", 0 0, L_000001817cd834b0;  1 drivers
L_000001817cd3d360 .functor BUFT 1, C4<0010011>, C4<0>, C4<0>, C4<0>;
v000001817cd23430_0 .net/2u *"_ivl_86", 6 0, L_000001817cd3d360;  1 drivers
v000001817cd20cd0_0 .net *"_ivl_88", 0 0, L_000001817cd84310;  1 drivers
v000001817cd21590_0 .net *"_ivl_90", 0 0, L_000001817cdb6360;  1 drivers
L_000001817cd3d3a8 .functor BUFT 1, C4<0000011>, C4<0>, C4<0>, C4<0>;
v000001817cd22210_0 .net/2u *"_ivl_92", 6 0, L_000001817cd3d3a8;  1 drivers
v000001817cd21630_0 .net *"_ivl_94", 0 0, L_000001817cd841d0;  1 drivers
v000001817cd21bd0_0 .net *"_ivl_96", 0 0, L_000001817cdb6600;  1 drivers
L_000001817cd3d3f0 .functor BUFT 1, C4<0100011>, C4<0>, C4<0>, C4<0>;
v000001817cd21950_0 .net/2u *"_ivl_98", 6 0, L_000001817cd3d3f0;  1 drivers
v000001817cd20d70_0 .net "dmem_cache_busy_cur", 0 0, L_000001817cc33b90;  1 drivers
v000001817cd222b0_0 .net "dmem_cache_mem_addr_cur", 31 0, L_000001817cd8fcb0;  1 drivers
v000001817cd223f0_0 .net "dmem_cache_mem_ren_cur", 0 0, L_000001817cc33d50;  1 drivers
v000001817cd20ff0_0 .net "dmem_cache_mem_wdata_cur", 31 0, L_000001817cd90890;  1 drivers
v000001817cd22d50_0 .net "dmem_cache_mem_wen_cur", 0 0, L_000001817cc339d0;  1 drivers
v000001817cd20eb0_0 .net "dmem_cache_rdata_cur", 31 0, L_000001817cc33e30;  1 drivers
v000001817cd21090_0 .net "dmem_req_fire_cur", 0 0, L_000001817cdd0500;  1 drivers
v000001817cd22e90_0 .net "dmem_resp_fire_cur", 0 0, L_000001817cdd0650;  1 drivers
v000001817cd21130_0 .net "ex_alu_eq_cur", 0 0, L_000001817cd87330;  1 drivers
v000001817cd21270_0 .net "ex_alu_result_cur", 31 0, v000001817cd12a70_0;  1 drivers
v000001817cd21770_0 .net "ex_alu_slt_cur", 0 0, L_000001817cdb9cb0;  1 drivers
v000001817cd219f0_0 .net "ex_branch_taken_cur", 0 0, L_000001817cdb9930;  1 drivers
v000001817cd21e50_0 .net "ex_branch_target_cur", 31 0, L_000001817cd852b0;  1 drivers
v000001817cd216d0_0 .net "ex_control_taken_cur", 0 0, L_000001817cdcfe00;  1 drivers
v000001817cd21b30_0 .net "ex_control_target_cur", 31 0, L_000001817cd85210;  1 drivers
v000001817cd21a90_0 .net "ex_ex_match_rs1_cur", 0 0, L_000001817cdb8dd0;  1 drivers
v000001817cd22670_0 .net "ex_ex_match_rs2_cur", 0 0, L_000001817cdb8a50;  1 drivers
v000001817cd21c70_0 .net "ex_forward_a_sel_cur", 1 0, L_000001817cd849f0;  1 drivers
v000001817cd21d10_0 .net "ex_forward_b_sel_cur", 1 0, L_000001817cd84db0;  1 drivers
v000001817cd22710_0 .net "ex_jump_taken_cur", 0 0, L_000001817cdd0ce0;  1 drivers
v000001817cd227b0_0 .net "ex_jump_target_cur", 31 0, L_000001817cd873d0;  1 drivers
v000001817cd22850_0 .net "ex_jump_target_raw_cur", 31 0, L_000001817cd85350;  1 drivers
v000001817cd22a30_0 .var "ex_mem_alu_result_cur", 31 0;
v000001817cd23610_0 .net "ex_mem_alu_result_next", 31 0, L_000001817cdcff50;  1 drivers
v000001817cd236b0_0 .var "ex_mem_dmem_req_sent_cur", 0 0;
v000001817cd23750_0 .var "ex_mem_ebreak_cur", 0 0;
v000001817cd237f0_0 .net "ex_mem_ebreak_next", 0 0, L_000001817cdd0c00;  1 drivers
v000001817cd239d0_0 .net "ex_mem_forward_data_cur", 31 0, L_000001817cd83eb0;  1 drivers
v000001817cd234d0_0 .var "ex_mem_func3_cur", 2 0;
v000001817cd23bb0_0 .net "ex_mem_func3_next", 2 0, L_000001817cdcf700;  1 drivers
v000001817cd23890_0 .net "ex_mem_has_dmem_req_cur", 0 0, L_000001817cdcfcb0;  1 drivers
v000001817cd23930_0 .var "ex_mem_illegal_inst_cur", 0 0;
v000001817cd23a70_0 .net "ex_mem_illegal_inst_next", 0 0, L_000001817cdd06c0;  1 drivers
v000001817cd23b10_0 .var "ex_mem_inst_cur", 31 0;
v000001817cd23570_0 .net "ex_mem_inst_next", 31 0, L_000001817cdd05e0;  1 drivers
v000001817cd293d0_0 .var "ex_mem_jump_cur", 0 0;
v000001817cd29bf0_0 .net "ex_mem_jump_next", 0 0, L_000001817cdd02d0;  1 drivers
v000001817cd29510_0 .var "ex_mem_lui_cur", 0 0;
v000001817cd2aa50_0 .net "ex_mem_lui_next", 0 0, L_000001817cdcfee0;  1 drivers
v000001817cd2af50_0 .var "ex_mem_mem_read_cur", 0 0;
v000001817cd2a230_0 .net "ex_mem_mem_read_next", 0 0, L_000001817cdd10d0;  1 drivers
v000001817cd28930_0 .var "ex_mem_mem_to_reg_cur", 0 0;
v000001817cd29830_0 .net "ex_mem_mem_to_reg_next", 0 0, L_000001817cdd0960;  1 drivers
v000001817cd2a0f0_0 .var "ex_mem_mem_write_cur", 0 0;
v000001817cd2a870_0 .net "ex_mem_mem_write_next", 0 0, L_000001817cdd03b0;  1 drivers
v000001817cd28bb0_0 .var "ex_mem_next_pc_cur", 31 0;
v000001817cd2ad70_0 .net "ex_mem_next_pc_next", 31 0, L_000001817cdd0f80;  1 drivers
v000001817cd2aeb0_0 .var "ex_mem_offset_cur", 31 0;
v000001817cd2a7d0_0 .net "ex_mem_offset_next", 31 0, L_000001817cdcffc0;  1 drivers
v000001817cd2a190_0 .var "ex_mem_pc_cur", 31 0;
v000001817cd291f0_0 .var "ex_mem_pc_misalign_trap_cur", 0 0;
v000001817cd28e30_0 .net "ex_mem_pc_misalign_trap_next", 0 0, L_000001817cdcfa80;  1 drivers
v000001817cd29150_0 .net "ex_mem_pc_next", 31 0, L_000001817cdd11b0;  1 drivers
v000001817cd29b50_0 .var "ex_mem_pc_plus4_cur", 31 0;
v000001817cd29d30_0 .net "ex_mem_pc_plus4_next", 31 0, L_000001817cdd0d50;  1 drivers
v000001817cd2a550_0 .var "ex_mem_rd_waddr_cur", 4 0;
v000001817cd2a2d0_0 .net "ex_mem_rd_waddr_next", 4 0, L_000001817cdcfaf0;  1 drivers
v000001817cd29290_0 .var "ex_mem_reg_write_cur", 0 0;
v000001817cd289d0_0 .net "ex_mem_reg_write_next", 0 0, L_000001817cdcfa10;  1 drivers
v000001817cd29330_0 .var "ex_mem_rs1_raddr_cur", 4 0;
v000001817cd2a9b0_0 .net "ex_mem_rs1_raddr_next", 4 0, L_000001817cdd0490;  1 drivers
v000001817cd2aff0_0 .var "ex_mem_rs1_rdata_cur", 31 0;
v000001817cd2a410_0 .net "ex_mem_rs1_rdata_next", 31 0, L_000001817cdd0b90;  1 drivers
v000001817cd29c90_0 .var "ex_mem_rs2_raddr_cur", 4 0;
v000001817cd28a70_0 .net "ex_mem_rs2_raddr_next", 4 0, L_000001817cdd0ff0;  1 drivers
v000001817cd29470_0 .var "ex_mem_rs2_rdata_cur", 31 0;
v000001817cd28b10_0 .net "ex_mem_rs2_rdata_next", 31 0, L_000001817cdd0dc0;  1 drivers
v000001817cd29650_0 .var "ex_mem_store_data_cur", 31 0;
v000001817cd2a370_0 .net "ex_mem_store_data_next", 31 0, L_000001817cdd0e30;  1 drivers
v000001817cd2a050_0 .var "ex_mem_valid_cur", 0 0;
v000001817cd2ae10_0 .net "ex_mem_valid_next", 0 0, L_000001817cdd0b20;  1 drivers
v000001817cd295b0_0 .net "ex_next_pc_cur", 31 0, L_000001817cd86890;  1 drivers
v000001817cd2b090_0 .net "ex_operand1_cur", 31 0, L_000001817cd835f0;  1 drivers
v000001817cd28d90_0 .net "ex_operand1_sel_cur", 1 0, L_000001817cd84ef0;  1 drivers
v000001817cd2aaf0_0 .net "ex_operand2_cur", 31 0, L_000001817cd83050;  1 drivers
v000001817cd28c50_0 .net "ex_operand2_sel_cur", 1 0, L_000001817cd85030;  1 drivers
v000001817cd2ab90_0 .net "ex_pc_misalign_trap_cur", 0 0, L_000001817cdcfe70;  1 drivers
v000001817cd29fb0_0 .net "ex_redirect_cur", 0 0, L_000001817cdd0880;  1 drivers
v000001817cd2ac30_0 .net "ex_rs1_value_cur", 31 0, L_000001817cd837d0;  1 drivers
v000001817cd29a10_0 .net "ex_rs2_value_cur", 31 0, L_000001817cd82dd0;  1 drivers
v000001817cd28cf0_0 .net "ex_store_data_cur", 31 0, L_000001817cdb7f60;  1 drivers
v000001817cd296f0_0 .var "halted_cur", 0 0;
v000001817cd29010_0 .net "hazard_ex_cur", 0 0, L_000001817cdb8cf0;  1 drivers
v000001817cd29ab0_0 .net "hazard_mem_cur", 0 0, L_000001817cd3d678;  1 drivers
v000001817cd2acd0_0 .net "hazard_stall_cur", 0 0, L_000001817cdb8820;  1 drivers
v000001817cd28ed0_0 .net "hazard_wb_cur", 0 0, L_000001817cd3d6c0;  1 drivers
v000001817cd29790_0 .net "i_clk", 0 0, v000001817cd35b30_0;  1 drivers
v000001817cd2a5f0_0 .net "i_dmem_rdata", 31 0, L_000001817cdd46a0;  alias, 1 drivers
v000001817cd28f70_0 .net "i_dmem_ready", 0 0, L_000001817cdd3d00;  alias, 1 drivers
v000001817cd29dd0_0 .net "i_dmem_valid", 0 0, L_000001817cdd4400;  alias, 1 drivers
v000001817cd29e70_0 .net "i_imem_rdata", 31 0, L_000001817cdd2a30;  alias, 1 drivers
v000001817cd290b0_0 .net "i_imem_ready", 0 0, L_000001817cdd16f0;  alias, 1 drivers
v000001817cd29f10_0 .net "i_imem_valid", 0 0, L_000001817cdd1ed0;  alias, 1 drivers
v000001817cd298d0_0 .net "i_rst", 0 0, v000001817cd37f70_0;  1 drivers
v000001817cd29970_0 .net "id_alu_op_cur", 2 0, L_000001817cd8f8f0;  1 drivers
v000001817cd2a4b0_0 .net "id_alu_src1_cur", 0 0, L_000001817cdb6830;  1 drivers
v000001817cd2a690_0 .net "id_alu_src2_cur", 0 0, L_000001817cdb68a0;  1 drivers
v000001817cd2a730_0 .net "id_branch_cur", 0 0, L_000001817cdb6d70;  1 drivers
v000001817cd2a910_0 .net "id_ebreak_cur", 0 0, L_000001817cdb6ec0;  1 drivers
v000001817cd2c7b0_0 .var "id_ex_alu_op_cur", 2 0;
v000001817cd2c5d0_0 .net "id_ex_alu_op_next", 2 0, L_000001817cdb8190;  1 drivers
v000001817cd2b630_0 .var "id_ex_alu_src1_cur", 0 0;
v000001817cd2d610_0 .net "id_ex_alu_src1_next", 0 0, L_000001817cdb92a0;  1 drivers
v000001817cd2d6b0_0 .var "id_ex_alu_src2_cur", 0 0;
v000001817cd2bdb0_0 .net "id_ex_alu_src2_next", 0 0, L_000001817cdb87b0;  1 drivers
v000001817cd2ccb0_0 .var "id_ex_branch_cur", 0 0;
v000001817cd2c490_0 .net "id_ex_branch_next", 0 0, L_000001817cdb8ac0;  1 drivers
v000001817cd2c850_0 .var "id_ex_ebreak_cur", 0 0;
v000001817cd2c030_0 .net "id_ex_ebreak_next", 0 0, L_000001817cdb8f90;  1 drivers
v000001817cd2b270_0 .var "id_ex_func3_cur", 2 0;
v000001817cd2c210_0 .net "id_ex_func3_next", 2 0, L_000001817cd84090;  1 drivers
v000001817cd2cd50_0 .var "id_ex_func7_cur", 6 0;
v000001817cd2c990_0 .net "id_ex_func7_next", 6 0, L_000001817cd83ff0;  1 drivers
v000001817cd2b3b0_0 .var "id_ex_illegal_inst_cur", 0 0;
v000001817cd2c8f0_0 .net "id_ex_illegal_inst_next", 0 0, L_000001817cdb9460;  1 drivers
v000001817cd2d750_0 .var "id_ex_inst_cur", 31 0;
v000001817cd2cad0_0 .net "id_ex_inst_next", 31 0, L_000001817cdb9310;  1 drivers
v000001817cd2d1b0_0 .var "id_ex_jump_cur", 0 0;
v000001817cd2d110_0 .net "id_ex_jump_next", 0 0, L_000001817cdb8eb0;  1 drivers
v000001817cd2d250_0 .var "id_ex_lui_cur", 0 0;
v000001817cd2d390_0 .net "id_ex_lui_next", 0 0, L_000001817cdb8ba0;  1 drivers
v000001817cd2ca30_0 .var "id_ex_mem_read_cur", 0 0;
v000001817cd2cf30_0 .net "id_ex_mem_read_next", 0 0, L_000001817cdb95b0;  1 drivers
v000001817cd2bd10_0 .var "id_ex_mem_to_reg_cur", 0 0;
v000001817cd2d7f0_0 .net "id_ex_mem_to_reg_next", 0 0, L_000001817cdb8c10;  1 drivers
v000001817cd2bf90_0 .var "id_ex_mem_write_cur", 0 0;
v000001817cd2d890_0 .net "id_ex_mem_write_next", 0 0, L_000001817cdb83c0;  1 drivers
v000001817cd2bb30_0 .var "id_ex_offset_cur", 31 0;
v000001817cd2c0d0_0 .net "id_ex_offset_next", 31 0, L_000001817cdb9540;  1 drivers
v000001817cd2d070_0 .var "id_ex_opcode_cur", 6 0;
v000001817cd2b4f0_0 .net "id_ex_opcode_next", 6 0, L_000001817cd84630;  1 drivers
v000001817cd2d2f0_0 .var "id_ex_pc_cur", 31 0;
v000001817cd2cdf0_0 .net "id_ex_pc_next", 31 0, L_000001817cdb85f0;  1 drivers
v000001817cd2c170_0 .var "id_ex_pc_plus4_cur", 31 0;
v000001817cd2c3f0_0 .net "id_ex_pc_plus4_next", 31 0, L_000001817cdb8510;  1 drivers
v000001817cd2bc70_0 .var "id_ex_pc_src_cur", 0 0;
v000001817cd2cc10_0 .net "id_ex_pc_src_next", 0 0, L_000001817cdb97e0;  1 drivers
v000001817cd2c530_0 .var "id_ex_rd_waddr_cur", 4 0;
v000001817cd2b1d0_0 .net "id_ex_rd_waddr_next", 4 0, L_000001817cdb8120;  1 drivers
v000001817cd2be50_0 .var "id_ex_reg_write_cur", 0 0;
v000001817cd2c670_0 .net "id_ex_reg_write_next", 0 0, L_000001817cdb8c80;  1 drivers
v000001817cd2b130_0 .var "id_ex_rs1_raddr_cur", 4 0;
v000001817cd2c710_0 .net "id_ex_rs1_raddr_next", 4 0, L_000001817cdb9770;  1 drivers
v000001817cd2bef0_0 .var "id_ex_rs1_rdata_cur", 31 0;
v000001817cd2d430_0 .net "id_ex_rs1_rdata_next", 31 0, L_000001817cdb9000;  1 drivers
v000001817cd2bbd0_0 .var "id_ex_rs2_raddr_cur", 4 0;
v000001817cd2d570_0 .net "id_ex_rs2_raddr_next", 4 0, L_000001817cdb8f20;  1 drivers
v000001817cd2b590_0 .var "id_ex_rs2_rdata_cur", 31 0;
v000001817cd2d4d0_0 .net "id_ex_rs2_rdata_next", 31 0, L_000001817cdb89e0;  1 drivers
v000001817cd2b310_0 .var "id_ex_valid_cur", 0 0;
v000001817cd2b450_0 .net "id_ex_valid_next", 0 0, L_000001817cdb93f0;  1 drivers
v000001817cd2cb70_0 .net "id_illegal_inst_cur", 0 0, L_000001817cdb7630;  1 drivers
v000001817cd2ce90_0 .net "id_jump_cur", 0 0, L_000001817cdb6ad0;  1 drivers
v000001817cd2b6d0_0 .net "id_lui_cur", 0 0, L_000001817cdb70f0;  1 drivers
v000001817cd2c2b0_0 .net "id_mem_read_cur", 0 0, L_000001817cdb6bb0;  1 drivers
v000001817cd2b770_0 .net "id_mem_to_reg_cur", 0 0, L_000001817cdb75c0;  1 drivers
v000001817cd2cfd0_0 .net "id_mem_write_cur", 0 0, L_000001817cdb7470;  1 drivers
v000001817cd2c350_0 .net "id_offset_cur", 31 0, L_000001817cd83910;  1 drivers
v000001817cd2b810_0 .net "id_opcode_cur", 6 0, L_000001817cd84810;  1 drivers
v000001817cd2b8b0_0 .net "id_pc_src_cur", 0 0, L_000001817cdb7390;  1 drivers
v000001817cd2b950_0 .net "id_rd_waddr_cur", 4 0, L_000001817cd92190;  1 drivers
v000001817cd2b9f0_0 .net "id_reg_write_cur", 0 0, L_000001817cdb6980;  1 drivers
v000001817cd2ba90_0 .net "id_rs1_raddr_cur", 4 0, L_000001817cdb7160;  1 drivers
v000001817cd2e970_0 .net "id_rs1_rdata_cur", 31 0, L_000001817cdb6130;  1 drivers
v000001817cd2edd0_0 .net "id_rs1_used_cur", 0 0, L_000001817cdb8d60;  1 drivers
v000001817cd2da70_0 .net "id_rs2_ex_used_cur", 0 0, L_000001817cdb7fd0;  1 drivers
v000001817cd2e5b0_0 .net "id_rs2_raddr_cur", 4 0, L_000001817cdb7be0;  1 drivers
v000001817cd30090_0 .net "id_rs2_rdata_cur", 31 0, L_000001817cdb7940;  1 drivers
v000001817cd2dcf0_0 .net "id_rs2_used_cur", 0 0, L_000001817cdb8740;  1 drivers
v000001817cd2e510_0 .net "if_id_buffer_available_cur", 0 0, L_000001817cb83790;  1 drivers
v000001817cd2f230_0 .net "if_id_consumed_cur", 0 0, L_000001817cc33f80;  1 drivers
v000001817cd2ded0_0 .var "if_id_inst_cur", 31 0;
v000001817cd2f2d0_0 .net "if_id_inst_next", 31 0, L_000001817cdb62f0;  1 drivers
v000001817cd2e010_0 .var "if_id_pc_cur", 31 0;
v000001817cd2f370_0 .net "if_id_pc_next", 31 0, L_000001817cdb6590;  1 drivers
v000001817cd2fe10_0 .var "if_id_pc_plus4_cur", 31 0;
v000001817cd2d930_0 .net "if_id_pc_plus4_next", 31 0, L_000001817cd8f490;  1 drivers
v000001817cd2f4b0_0 .var "if_id_valid_cur", 0 0;
v000001817cd2ec90_0 .net "if_id_valid_next", 0 0, L_000001817cdb71d0;  1 drivers
v000001817cd2f050_0 .net "if_inst_cur", 31 0, L_000001817cc338f0;  1 drivers
v000001817cd2e830_0 .net "if_pc_cur", 31 0, L_000001817cc33ea0;  1 drivers
v000001817cd2e650_0 .net "if_pc_plus4_cur", 31 0, L_000001817cd8f210;  1 drivers
v000001817cd2ff50_0 .net "imem_cache_busy_cur", 0 0, L_000001817cc328c0;  1 drivers
v000001817cd2ed30_0 .net "imem_cache_mem_addr_cur", 31 0, L_000001817cd8ee50;  1 drivers
v000001817cd2eb50_0 .net "imem_cache_mem_ren_cur", 0 0, L_000001817cc324d0;  1 drivers
v000001817cd2dbb0_0 .net "imem_cache_mem_wdata_cur", 31 0, L_000001817cd8ca10;  1 drivers
v000001817cd2f9b0_0 .net "imem_cache_mem_wen_cur", 0 0, L_000001817cc336c0;  1 drivers
v000001817cd2fff0_0 .net "imem_cache_rdata_cur", 31 0, L_000001817cc32540;  1 drivers
v000001817cd2feb0_0 .var "imem_pending_cur", 0 0;
v000001817cd2fa50_0 .var "imem_pending_kill_cur", 0 0;
v000001817cd2f910_0 .var "imem_pending_pc_cur", 31 0;
v000001817cd2f0f0_0 .net "imem_req_addr_cur", 31 0, L_000001817cd8f7b0;  1 drivers
v000001817cd2f190_0 .net "imem_req_fire_cur", 0 0, L_000001817cabdb40;  1 drivers
v000001817cd2f730_0 .net "imem_resp_accept_cur", 0 0, L_000001817cdb7710;  1 drivers
v000001817cd2e6f0_0 .net "imem_resp_fire_cur", 0 0, L_000001817cdb7b00;  1 drivers
v000001817cd2d9d0_0 .net "imem_resp_pc_cur", 31 0, L_000001817cd909d0;  1 drivers
v000001817cd2db10_0 .net "mem_dcache_req_ren_cur", 0 0, L_000001817cdd1df0;  1 drivers
v000001817cd2e0b0_0 .net "mem_dcache_req_wen_cur", 0 0, L_000001817cdd2d40;  1 drivers
v000001817cd2ee70_0 .net "mem_dmem_addr_cur", 31 0, L_000001817cd871f0;  1 drivers
v000001817cd2dc50_0 .net "mem_dmem_mask_cur", 3 0, L_000001817cdcf850;  1 drivers
v000001817cd2dd90_0 .net "mem_dmem_ren_cur", 0 0, L_000001817cdd2250;  1 drivers
v000001817cd2de30_0 .net "mem_dmem_ren_raw_cur", 0 0, L_000001817cdcfb60;  1 drivers
v000001817cd2f410_0 .net "mem_dmem_wdata_cur", 31 0, L_000001817cdcf8c0;  1 drivers
v000001817cd2ebf0_0 .net "mem_dmem_wen_cur", 0 0, L_000001817cdd13e0;  1 drivers
v000001817cd2f550_0 .net "mem_dmem_wen_raw_cur", 0 0, L_000001817cdcf7e0;  1 drivers
v000001817cd2df70_0 .net "mem_ex_match_rs1_cur", 0 0, L_000001817cdb8890;  1 drivers
v000001817cd2e290_0 .net "mem_ex_match_rs2_cur", 0 0, L_000001817cdb7ef0;  1 drivers
v000001817cd2e330_0 .net "mem_load_data_cur", 31 0, L_000001817cdd00a0;  1 drivers
v000001817cd2e3d0_0 .net "mem_misalign_trap_cur", 0 0, L_000001817cdd09d0;  1 drivers
v000001817cd2e470_0 .net "mem_read_en_cur", 0 0, L_000001817cdd1060;  1 drivers
v000001817cd2efb0_0 .net "mem_stage_complete_cur", 0 0, L_000001817cdd1ae0;  1 drivers
v000001817cd2e790_0 .net "mem_stage_stall_cur", 0 0, L_000001817cdd1ca0;  1 drivers
v000001817cd2e8d0_0 .net "mem_store_data_cur", 31 0, L_000001817cd86570;  1 drivers
v000001817cd2fb90_0 .net "mem_store_data_fwd_cur", 0 0, L_000001817cdcf690;  1 drivers
v000001817cd2ea10_0 .var "mem_wb_alu_result_cur", 31 0;
v000001817cd2e150_0 .net "mem_wb_alu_result_next", 31 0, L_000001817cd88410;  1 drivers
v000001817cd2f5f0_0 .var "mem_wb_dmem_addr_cur", 31 0;
v000001817cd2eab0_0 .net "mem_wb_dmem_addr_next", 31 0, L_000001817cd880f0;  1 drivers
v000001817cd2f690_0 .var "mem_wb_dmem_mask_cur", 3 0;
v000001817cd2e1f0_0 .net "mem_wb_dmem_mask_next", 3 0, L_000001817cd8a030;  1 drivers
v000001817cd2fd70_0 .var "mem_wb_dmem_rdata_cur", 31 0;
v000001817cd2ef10_0 .net "mem_wb_dmem_rdata_next", 31 0, L_000001817cd8a0d0;  1 drivers
v000001817cd2f7d0_0 .var "mem_wb_dmem_ren_cur", 0 0;
v000001817cd2f870_0 .net "mem_wb_dmem_ren_next", 0 0, L_000001817cd88b90;  1 drivers
v000001817cd2faf0_0 .var "mem_wb_dmem_wdata_cur", 31 0;
v000001817cd2fc30_0 .net "mem_wb_dmem_wdata_next", 31 0, L_000001817cd899f0;  1 drivers
v000001817cd2fcd0_0 .var "mem_wb_dmem_wen_cur", 0 0;
v000001817cd31b70_0 .net "mem_wb_dmem_wen_next", 0 0, L_000001817cd89590;  1 drivers
v000001817cd30950_0 .var "mem_wb_ebreak_cur", 0 0;
v000001817cd31530_0 .net "mem_wb_ebreak_next", 0 0, L_000001817cd88e10;  1 drivers
v000001817cd31670_0 .net "mem_wb_forward_data_cur", 31 0, L_000001817cdb8580;  1 drivers
v000001817cd30d10_0 .var "mem_wb_illegal_inst_cur", 0 0;
v000001817cd303b0_0 .net "mem_wb_illegal_inst_next", 0 0, L_000001817cd884b0;  1 drivers
v000001817cd30a90_0 .var "mem_wb_inst_cur", 31 0;
v000001817cd30db0_0 .net "mem_wb_inst_next", 31 0, L_000001817cd86250;  1 drivers
v000001817cd30450_0 .var "mem_wb_jump_cur", 0 0;
v000001817cd326b0_0 .net "mem_wb_jump_next", 0 0, L_000001817cd89c70;  1 drivers
v000001817cd31350_0 .var "mem_wb_load_data_cur", 31 0;
v000001817cd315d0_0 .net "mem_wb_load_data_next", 31 0, L_000001817cd89ef0;  1 drivers
v000001817cd31d50_0 .var "mem_wb_lui_cur", 0 0;
v000001817cd30e50_0 .net "mem_wb_lui_next", 0 0, L_000001817cd89630;  1 drivers
v000001817cd304f0_0 .var "mem_wb_mem_to_reg_cur", 0 0;
v000001817cd30b30_0 .net "mem_wb_mem_to_reg_next", 0 0, L_000001817cd88c30;  1 drivers
v000001817cd301d0_0 .var "mem_wb_misalign_trap_cur", 0 0;
v000001817cd30bd0_0 .net "mem_wb_misalign_trap_next", 0 0, L_000001817cd87970;  1 drivers
v000001817cd31030_0 .var "mem_wb_next_pc_cur", 31 0;
v000001817cd313f0_0 .net "mem_wb_next_pc_next", 31 0, L_000001817cd86070;  1 drivers
v000001817cd30c70_0 .var "mem_wb_offset_cur", 31 0;
v000001817cd32070_0 .net "mem_wb_offset_next", 31 0, L_000001817cd867f0;  1 drivers
v000001817cd30770_0 .var "mem_wb_pc_cur", 31 0;
v000001817cd31df0_0 .var "mem_wb_pc_misalign_trap_cur", 0 0;
v000001817cd31710_0 .net "mem_wb_pc_misalign_trap_next", 0 0, L_000001817cd87dd0;  1 drivers
v000001817cd30270_0 .net "mem_wb_pc_next", 31 0, L_000001817cd85f30;  1 drivers
v000001817cd30ef0_0 .var "mem_wb_pc_plus4_cur", 31 0;
v000001817cd31c10_0 .net "mem_wb_pc_plus4_next", 31 0, L_000001817cd85fd0;  1 drivers
v000001817cd31850_0 .var "mem_wb_rd_waddr_cur", 4 0;
v000001817cd317b0_0 .net "mem_wb_rd_waddr_next", 4 0, L_000001817cd864d0;  1 drivers
v000001817cd318f0_0 .var "mem_wb_reg_write_cur", 0 0;
v000001817cd32430_0 .net "mem_wb_reg_write_next", 0 0, L_000001817cd89f90;  1 drivers
v000001817cd30590_0 .var "mem_wb_rs1_raddr_cur", 4 0;
v000001817cd321b0_0 .net "mem_wb_rs1_raddr_next", 4 0, L_000001817cd862f0;  1 drivers
v000001817cd32750_0 .var "mem_wb_rs1_rdata_cur", 31 0;
v000001817cd32250_0 .net "mem_wb_rs1_rdata_next", 31 0, L_000001817cd866b0;  1 drivers
v000001817cd31990_0 .var "mem_wb_rs2_raddr_cur", 4 0;
v000001817cd31a30_0 .net "mem_wb_rs2_raddr_next", 4 0, L_000001817cd86390;  1 drivers
v000001817cd327f0_0 .var "mem_wb_rs2_rdata_cur", 31 0;
v000001817cd31490_0 .net "mem_wb_rs2_rdata_next", 31 0, L_000001817cd86750;  1 drivers
v000001817cd30810_0 .var "mem_wb_valid_cur", 0 0;
v000001817cd31210_0 .net "mem_wb_valid_next", 0 0, L_000001817cdd1370;  1 drivers
v000001817cd322f0_0 .net "mem_write_en_cur", 0 0, L_000001817cdd07a0;  1 drivers
v000001817cd32390_0 .net "o_dmem_addr", 31 0, L_000001817cdd28e0;  alias, 1 drivers
v000001817cd324d0_0 .net "o_dmem_mask", 3 0, L_000001817cd85b70;  alias, 1 drivers
v000001817cd31fd0_0 .net "o_dmem_ren", 0 0, L_000001817cdd1a00;  alias, 1 drivers
v000001817cd31170_0 .net "o_dmem_wdata", 31 0, L_000001817cdd22c0;  alias, 1 drivers
v000001817cd31ad0_0 .net "o_dmem_wen", 0 0, L_000001817cdd1220;  alias, 1 drivers
v000001817cd30310_0 .net "o_imem_raddr", 31 0, L_000001817cdb6c20;  alias, 1 drivers
v000001817cd31cb0_0 .net "o_imem_ren", 0 0, L_000001817cdb7a20;  alias, 1 drivers
v000001817cd32890_0 .net "o_retire_dmem_addr", 31 0, L_000001817cdd1bc0;  alias, 1 drivers
v000001817cd30630_0 .net "o_retire_dmem_mask", 3 0, L_000001817cdd1530;  alias, 1 drivers
v000001817cd31e90_0 .net "o_retire_dmem_rdata", 31 0, L_000001817cdd2b10;  alias, 1 drivers
v000001817cd306d0_0 .net "o_retire_dmem_ren", 0 0, L_000001817cdd2b80;  alias, 1 drivers
v000001817cd30f90_0 .net "o_retire_dmem_wdata", 31 0, L_000001817cdd2790;  alias, 1 drivers
v000001817cd308b0_0 .net "o_retire_dmem_wen", 0 0, L_000001817cdd2170;  alias, 1 drivers
v000001817cd31f30_0 .net "o_retire_halt", 0 0, L_000001817cdd2aa0;  alias, 1 drivers
v000001817cd32110_0 .net "o_retire_inst", 31 0, L_000001817cdd1a70;  alias, 1 drivers
v000001817cd32610_0 .net "o_retire_next_pc", 31 0, L_000001817cdd1e60;  alias, 1 drivers
v000001817cd30130_0 .net "o_retire_pc", 31 0, L_000001817cdd21e0;  alias, 1 drivers
v000001817cd32570_0 .net "o_retire_rd_waddr", 4 0, L_000001817cd88d70;  alias, 1 drivers
v000001817cd309f0_0 .net "o_retire_rd_wdata", 31 0, L_000001817cdd1b50;  alias, 1 drivers
v000001817cd310d0_0 .net "o_retire_rs1_raddr", 4 0, L_000001817cdd29c0;  alias, 1 drivers
v000001817cd312b0_0 .net "o_retire_rs1_rdata", 31 0, L_000001817cdd2800;  alias, 1 drivers
v000001817cd32ed0_0 .net "o_retire_rs2_raddr", 4 0, L_000001817cdd24f0;  alias, 1 drivers
v000001817cd33d30_0 .net "o_retire_rs2_rdata", 31 0, L_000001817cdd1300;  alias, 1 drivers
v000001817cd33b50_0 .net "o_retire_trap", 0 0, L_000001817cdd1290;  alias, 1 drivers
v000001817cd32bb0_0 .net "o_retire_valid", 0 0, L_000001817cdd2100;  alias, 1 drivers
v000001817cd340f0_0 .var "pc_cur", 31 0;
v000001817cd34f50_0 .net "pc_next", 31 0, L_000001817cd90930;  1 drivers
v000001817cd34e10_0 .net "retire_halt_cur", 0 0, L_000001817cdd18b0;  1 drivers
v000001817cd349b0_0 .net "wb_trap_cur", 0 0, L_000001817cdd2c60;  1 drivers
v000001817cd34910_0 .net "wb_write_data_cur", 31 0, L_000001817cd89310;  1 drivers
v000001817cd34a50_0 .net "wb_write_enable_cur", 0 0, L_000001817cdd17d0;  1 drivers
L_000001817cd8f210 .arith/sum 32, v000001817cd340f0_0, L_000001817cd3c8b0;
L_000001817cd90930 .functor MUXZ 32, L_000001817cd8f210, L_000001817cd85210, L_000001817cdd0880, C4<>;
L_000001817cd8f7b0 .functor MUXZ 32, L_000001817cc33ea0, v000001817cd2f910_0, v000001817cd2feb0_0, C4<>;
L_000001817cd909d0 .functor MUXZ 32, L_000001817cc33ea0, v000001817cd2f910_0, v000001817cd2feb0_0, C4<>;
L_000001817cd8f490 .arith/sum 32, L_000001817cd909d0, L_000001817cd3c8f8;
L_000001817cd84810 .part v000001817cd2ded0_0, 0, 7;
L_000001817cd834b0 .cmp/eq 7, L_000001817cd84810, L_000001817cd3d318;
L_000001817cd84310 .cmp/eq 7, L_000001817cd84810, L_000001817cd3d360;
L_000001817cd841d0 .cmp/eq 7, L_000001817cd84810, L_000001817cd3d3a8;
L_000001817cd843b0 .cmp/eq 7, L_000001817cd84810, L_000001817cd3d3f0;
L_000001817cd83c30 .cmp/eq 7, L_000001817cd84810, L_000001817cd3d438;
L_000001817cd84450 .cmp/eq 7, L_000001817cd84810, L_000001817cd3d480;
L_000001817cd832d0 .cmp/eq 7, L_000001817cd84810, L_000001817cd3d4c8;
L_000001817cd844f0 .cmp/eq 7, L_000001817cd84810, L_000001817cd3d510;
L_000001817cd83190 .cmp/eq 7, L_000001817cd84810, L_000001817cd3d558;
L_000001817cd82d30 .cmp/eq 7, L_000001817cd84810, L_000001817cd3d5a0;
L_000001817cd83cd0 .cmp/eq 7, L_000001817cd84810, L_000001817cd3d5e8;
L_000001817cd83af0 .cmp/ne 5, v000001817cd2c530_0, L_000001817cd3d630;
L_000001817cd84590 .cmp/eq 5, L_000001817cdb7160, v000001817cd2c530_0;
L_000001817cd83e10 .cmp/eq 5, L_000001817cdb7be0, v000001817cd2c530_0;
L_000001817cd84630 .part v000001817cd2ded0_0, 0, 7;
L_000001817cd84090 .part v000001817cd2ded0_0, 12, 3;
L_000001817cd83ff0 .part v000001817cd2ded0_0, 25, 7;
L_000001817cd82fb0 .functor MUXZ 32, v000001817cd22a30_0, v000001817cd2aeb0_0, v000001817cd29510_0, C4<>;
L_000001817cd83eb0 .functor MUXZ 32, L_000001817cd82fb0, v000001817cd29b50_0, v000001817cd293d0_0, C4<>;
L_000001817cd846d0 .cmp/ne 5, v000001817cd2a550_0, L_000001817cd3d708;
L_000001817cd83f50 .cmp/eq 5, v000001817cd2a550_0, v000001817cd2b130_0;
L_000001817cd84770 .cmp/ne 5, v000001817cd2a550_0, L_000001817cd3d750;
L_000001817cd82a10 .cmp/eq 5, v000001817cd2a550_0, v000001817cd2bbd0_0;
L_000001817cd848b0 .cmp/ne 5, v000001817cd31850_0, L_000001817cd3d798;
L_000001817cd84d10 .cmp/eq 5, v000001817cd31850_0, v000001817cd2b130_0;
L_000001817cd83730 .cmp/ne 5, v000001817cd31850_0, L_000001817cd3d7e0;
L_000001817cd83370 .cmp/eq 5, v000001817cd31850_0, v000001817cd2bbd0_0;
L_000001817cd83690 .functor MUXZ 2, L_000001817cd3d8b8, L_000001817cd3d870, L_000001817cdb8890, C4<>;
L_000001817cd849f0 .functor MUXZ 2, L_000001817cd83690, L_000001817cd3d828, L_000001817cdb8dd0, C4<>;
L_000001817cd84b30 .functor MUXZ 2, L_000001817cd3d990, L_000001817cd3d948, L_000001817cdb7ef0, C4<>;
L_000001817cd84db0 .functor MUXZ 2, L_000001817cd84b30, L_000001817cd3d900, L_000001817cdb8a50, C4<>;
L_000001817cd84ef0 .functor MUXZ 2, L_000001817cd849f0, L_000001817cd3d9d8, v000001817cd2b630_0, C4<>;
L_000001817cd85030 .functor MUXZ 2, L_000001817cd84db0, L_000001817cd3da20, v000001817cd2d6b0_0, C4<>;
L_000001817cd850d0 .cmp/eq 2, L_000001817cd849f0, L_000001817cd3da68;
L_000001817cd82970 .cmp/eq 2, L_000001817cd849f0, L_000001817cd3dab0;
L_000001817cd82f10 .functor MUXZ 32, v000001817cd2bef0_0, L_000001817cdb8580, L_000001817cd82970, C4<>;
L_000001817cd837d0 .functor MUXZ 32, L_000001817cd82f10, L_000001817cd83eb0, L_000001817cd850d0, C4<>;
L_000001817cd82bf0 .cmp/eq 2, L_000001817cd84db0, L_000001817cd3daf8;
L_000001817cd83550 .cmp/eq 2, L_000001817cd84db0, L_000001817cd3db40;
L_000001817cd82c90 .functor MUXZ 32, v000001817cd2b590_0, L_000001817cdb8580, L_000001817cd83550, C4<>;
L_000001817cd82dd0 .functor MUXZ 32, L_000001817cd82c90, L_000001817cd83eb0, L_000001817cd82bf0, C4<>;
L_000001817cd82e70 .cmp/eq 2, L_000001817cd84ef0, L_000001817cd3db88;
L_000001817cd835f0 .functor MUXZ 32, L_000001817cd837d0, v000001817cd2d2f0_0, L_000001817cd82e70, C4<>;
L_000001817cd83870 .cmp/eq 2, L_000001817cd85030, L_000001817cd3dbd0;
L_000001817cd83050 .functor MUXZ 32, L_000001817cd82dd0, v000001817cd2bb30_0, L_000001817cd83870, C4<>;
L_000001817cd852b0 .arith/sum 32, v000001817cd2d2f0_0, v000001817cd2bb30_0;
L_000001817cd87790 .arith/sum 32, L_000001817cd835f0, v000001817cd2bb30_0;
L_000001817cd869d0 .arith/sum 32, v000001817cd2d2f0_0, v000001817cd2bb30_0;
L_000001817cd85350 .functor MUXZ 32, L_000001817cd869d0, L_000001817cd87790, v000001817cd2bc70_0, C4<>;
L_000001817cd86b10 .part L_000001817cd85350, 1, 31;
L_000001817cd87470 .concat [ 1 31 0 0], L_000001817cd3dc18, L_000001817cd86b10;
L_000001817cd873d0 .functor MUXZ 32, L_000001817cd85350, L_000001817cd87470, v000001817cd2bc70_0, C4<>;
L_000001817cd85210 .functor MUXZ 32, L_000001817cd852b0, L_000001817cd873d0, v000001817cd2d1b0_0, C4<>;
L_000001817cd86a70 .cmp/eq 3, v000001817cd2b270_0, L_000001817cd3dc60;
L_000001817cd86cf0 .cmp/eq 3, v000001817cd2b270_0, L_000001817cd3dca8;
L_000001817cd86bb0 .cmp/eq 3, v000001817cd2b270_0, L_000001817cd3dcf0;
L_000001817cd86c50 .cmp/eq 3, v000001817cd2b270_0, L_000001817cd3dd38;
L_000001817cd858f0 .cmp/eq 3, v000001817cd2b270_0, L_000001817cd3dd80;
L_000001817cd87650 .cmp/eq 3, v000001817cd2b270_0, L_000001817cd3ddc8;
L_000001817cd86d90 .functor MUXZ 1, L_000001817cd3de10, L_000001817cdb98c0, L_000001817cd87650, C4<>;
L_000001817cd86e30 .functor MUXZ 1, L_000001817cd86d90, L_000001817cdb9cb0, L_000001817cd858f0, C4<>;
L_000001817cd87830 .functor MUXZ 1, L_000001817cd86e30, L_000001817cdb9850, L_000001817cd86c50, C4<>;
L_000001817cd86ed0 .functor MUXZ 1, L_000001817cd87830, L_000001817cdb9cb0, L_000001817cd86bb0, C4<>;
L_000001817cd85670 .functor MUXZ 1, L_000001817cd86ed0, L_000001817cdb9ee0, L_000001817cd86cf0, C4<>;
L_000001817cd85990 .functor MUXZ 1, L_000001817cd85670, L_000001817cd87330, L_000001817cd86a70, C4<>;
L_000001817cd85df0 .part L_000001817cd85210, 0, 2;
L_000001817cd853f0 .reduce/or L_000001817cd85df0;
L_000001817cd86890 .functor MUXZ 32, v000001817cd2c170_0, L_000001817cd85210, L_000001817cdd0880, C4<>;
L_000001817cd870b0 .cmp/ne 5, v000001817cd31850_0, L_000001817cd3de58;
L_000001817cd85710 .cmp/eq 5, v000001817cd31850_0, v000001817cd29c90_0;
L_000001817cd86570 .functor MUXZ 32, v000001817cd29650_0, v000001817cd31350_0, L_000001817cdcf690, C4<>;
L_000001817cd85b70 .functor MUXZ 4, L_000001817cd3e128, L_000001817cd3e0e0, L_000001817cdd2db0, C4<>;
L_000001817cd85f30 .functor MUXZ 32, L_000001817cd3e170, v000001817cd2a190_0, L_000001817cdd1ae0, C4<>;
L_000001817cd85fd0 .functor MUXZ 32, L_000001817cd3e1b8, v000001817cd29b50_0, L_000001817cdd1ae0, C4<>;
L_000001817cd86070 .functor MUXZ 32, L_000001817cd3e200, v000001817cd28bb0_0, L_000001817cdd1ae0, C4<>;
L_000001817cd86250 .functor MUXZ 32, L_000001817cd3e248, v000001817cd23b10_0, L_000001817cdd1ae0, C4<>;
L_000001817cd862f0 .functor MUXZ 5, L_000001817cd3e290, v000001817cd29330_0, L_000001817cdd1ae0, C4<>;
L_000001817cd86390 .functor MUXZ 5, L_000001817cd3e2d8, v000001817cd29c90_0, L_000001817cdd1ae0, C4<>;
L_000001817cd864d0 .functor MUXZ 5, L_000001817cd3e320, v000001817cd2a550_0, L_000001817cdd1ae0, C4<>;
L_000001817cd866b0 .functor MUXZ 32, L_000001817cd3e368, v000001817cd2aff0_0, L_000001817cdd1ae0, C4<>;
L_000001817cd86750 .functor MUXZ 32, L_000001817cd3e3b0, v000001817cd29470_0, L_000001817cdd1ae0, C4<>;
L_000001817cd867f0 .functor MUXZ 32, L_000001817cd3e3f8, v000001817cd2aeb0_0, L_000001817cdd1ae0, C4<>;
L_000001817cd88410 .functor MUXZ 32, L_000001817cd3e440, v000001817cd22a30_0, L_000001817cdd1ae0, C4<>;
L_000001817cd89ef0 .functor MUXZ 32, L_000001817cd3e488, L_000001817cdd00a0, L_000001817cdd0650, C4<>;
L_000001817cd880f0 .functor MUXZ 32, L_000001817cd3e4d0, L_000001817cd871f0, L_000001817cdd1ae0, C4<>;
L_000001817cd88b90 .functor MUXZ 1, L_000001817cd3e518, L_000001817cdcfb60, L_000001817cdd1ae0, C4<>;
L_000001817cd89590 .functor MUXZ 1, L_000001817cd3e560, L_000001817cdcf7e0, L_000001817cdd1ae0, C4<>;
L_000001817cd8a030 .functor MUXZ 4, L_000001817cd3e5a8, L_000001817cdcf850, L_000001817cdd1ae0, C4<>;
L_000001817cd899f0 .functor MUXZ 32, L_000001817cd3e5f0, L_000001817cdcf8c0, L_000001817cdd1ae0, C4<>;
L_000001817cd8a0d0 .functor MUXZ 32, L_000001817cd3e638, L_000001817cc33e30, L_000001817cdd0650, C4<>;
L_000001817cd88c30 .functor MUXZ 1, L_000001817cd3e680, v000001817cd28930_0, L_000001817cdd1ae0, C4<>;
L_000001817cd89630 .functor MUXZ 1, L_000001817cd3e6c8, v000001817cd29510_0, L_000001817cdd1ae0, C4<>;
L_000001817cd89c70 .functor MUXZ 1, L_000001817cd3e710, v000001817cd293d0_0, L_000001817cdd1ae0, C4<>;
L_000001817cd89f90 .functor MUXZ 1, L_000001817cd3e758, v000001817cd29290_0, L_000001817cdd1ae0, C4<>;
L_000001817cd884b0 .functor MUXZ 1, L_000001817cd3e7a0, v000001817cd23930_0, L_000001817cdd1ae0, C4<>;
L_000001817cd87dd0 .functor MUXZ 1, L_000001817cd3e7e8, v000001817cd291f0_0, L_000001817cdd1ae0, C4<>;
L_000001817cd87970 .functor MUXZ 1, L_000001817cd3e830, L_000001817cdd09d0, L_000001817cdd1ae0, C4<>;
L_000001817cd88e10 .functor MUXZ 1, L_000001817cd3e878, v000001817cd23750_0, L_000001817cdd1ae0, C4<>;
L_000001817cd88d70 .functor MUXZ 5, L_000001817cd3e8c0, v000001817cd31850_0, L_000001817cdd17d0, C4<>;
S_000001817c63a5c0 .scope module, "u_dcache" "cache" 3 487, 4 3 0, S_000001817cac95c0;
 .timescale -9 -12;
    .port_info 0 /INPUT 1 "i_clk";
    .port_info 1 /INPUT 1 "i_rst";
    .port_info 2 /INPUT 1 "i_mem_ready";
    .port_info 3 /OUTPUT 32 "o_mem_addr";
    .port_info 4 /OUTPUT 1 "o_mem_ren";
    .port_info 5 /OUTPUT 1 "o_mem_wen";
    .port_info 6 /OUTPUT 32 "o_mem_wdata";
    .port_info 7 /INPUT 32 "i_mem_rdata";
    .port_info 8 /INPUT 1 "i_mem_valid";
    .port_info 9 /OUTPUT 1 "o_busy";
    .port_info 10 /INPUT 32 "i_req_addr";
    .port_info 11 /INPUT 1 "i_req_ren";
    .port_info 12 /INPUT 1 "i_req_wen";
    .port_info 13 /INPUT 4 "i_req_mask";
    .port_info 14 /INPUT 32 "i_req_wdata";
    .port_info 15 /OUTPUT 32 "o_res_rdata";
P_000001817c63a750 .param/l "D" 1 4 25, +C4<00000000000000000000000000000100>;
P_000001817c63a788 .param/l "DEPTH" 1 4 23, +C4<00000000000000000000000000100000>;
P_000001817c63a7c0 .param/l "O" 1 4 21, +C4<00000000000000000000000000000100>;
P_000001817c63a7f8 .param/l "S" 1 4 22, +C4<00000000000000000000000000000101>;
P_000001817c63a830 .param/l "STATE_IDLE" 1 4 27, C4<00>;
P_000001817c63a868 .param/l "STATE_REFILL_REQ" 1 4 28, C4<01>;
P_000001817c63a8a0 .param/l "STATE_REFILL_WAIT" 1 4 29, C4<10>;
P_000001817c63a8d8 .param/l "STATE_WRITE_REQ" 1 4 30, C4<11>;
P_000001817c63a910 .param/l "T" 1 4 24, +C4<0000000000000000000000000000010111>;
P_000001817c63a948 .param/l "WB_COUNT_W" 1 4 34, +C4<00000000000000000000000000000100>;
P_000001817c63a980 .param/l "WB_DEPTH" 1 4 32, +C4<00000000000000000000000000001000>;
P_000001817c63a9b8 .param/l "WB_PTR_W" 1 4 33, +C4<00000000000000000000000000000011>;
L_000001817cc325b0 .functor AND 1, L_000001817cd8e270, L_000001817cd8e9f0, C4<1>, C4<1>;
L_000001817cc32690 .functor AND 1, L_000001817cd8ec70, L_000001817cd8d7d0, C4<1>, C4<1>;
L_000001817cc32700 .functor OR 1, L_000001817cc325b0, L_000001817cc32690, C4<0>, C4<0>;
L_000001817cc31d60 .functor BUFZ 32, L_000001817cd8cdd0, C4<00000000000000000000000000000000>, C4<00000000000000000000000000000000>, C4<00000000000000000000000000000000>;
L_000001817cc32b60 .functor BUFZ 32, L_000001817cd8d5f0, C4<00000000000000000000000000000000>, C4<00000000000000000000000000000000>, C4<00000000000000000000000000000000>;
L_000001817cc31dd0 .functor NOT 1, L_000001817cc32700, C4<0>, C4<0>, C4<0>;
L_000001817cc329a0 .functor AND 1, L_000001817cdd1df0, L_000001817cc31dd0, C4<1>, C4<1>;
L_000001817cc31f20 .functor NOT 1, L_000001817cc32700, C4<0>, C4<0>, C4<0>;
L_000001817cc31f90 .functor AND 1, L_000001817cdd2d40, L_000001817cc31f20, C4<1>, C4<1>;
L_000001817cc33570 .functor NOT 1, L_000001817cd8e270, C4<0>, C4<0>, C4<0>;
L_000001817cc32770 .functor NOT 1, L_000001817cd8ec70, C4<0>, C4<0>, C4<0>;
L_000001817cc33110 .functor BUFZ 1, L_000001817cc32690, C4<0>, C4<0>, C4<0>;
L_000001817cc335e0 .functor OR 32, L_000001817cd8daf0, L_000001817cd8db90, C4<00000000000000000000000000000000>, C4<00000000000000000000000000000000>;
L_000001817cd3bff8 .functor BUFT 1, C4<0>, C4<0>, C4<0>, C4<0>;
L_000001817cc32f50 .functor XNOR 1, v000001817cd04980_0, L_000001817cd3bff8, C4<0>, C4<0>;
L_000001817cc32000 .functor OR 1, L_000001817cc329a0, L_000001817cc31f90, C4<0>, C4<0>;
L_000001817cc32150 .functor AND 1, L_000001817cd90250, L_000001817cc32000, C4<1>, C4<1>;
L_000001817cc321c0 .functor AND 1, L_000001817cd8f2b0, L_000001817cd918d0, C4<1>, C4<1>;
L_000001817cc322a0 .functor AND 1, L_000001817cc321c0, L_000001817cd90610, C4<1>, C4<1>;
L_000001817cc323f0 .functor AND 1, L_000001817cc322a0, L_000001817cdd3d00, C4<1>, C4<1>;
L_000001817cc327e0 .functor NOT 1, L_000001817cc32150, C4<0>, C4<0>, C4<0>;
L_000001817cc33180 .functor AND 1, L_000001817cc323f0, L_000001817cc327e0, C4<1>, C4<1>;
L_000001817cc32850 .functor OR 1, L_000001817cd91790, L_000001817cc33180, C4<0>, C4<0>;
L_000001817cc33340 .functor AND 1, L_000001817cd91150, L_000001817cdd2d40, C4<1>, C4<1>;
L_000001817cc33260 .functor AND 1, L_000001817cc33340, L_000001817cc32700, C4<1>, C4<1>;
L_000001817cc32bd0 .functor AND 1, L_000001817cc33260, L_000001817cc32850, C4<1>, C4<1>;
L_000001817cc32930 .functor AND 1, L_000001817cd91830, L_000001817cdd2d40, C4<1>, C4<1>;
L_000001817cc32a10 .functor AND 1, L_000001817cc32930, L_000001817cc32700, C4<1>, C4<1>;
L_000001817cc32a80 .functor NOT 1, L_000001817cc32850, C4<0>, C4<0>, C4<0>;
L_000001817cc333b0 .functor AND 1, L_000001817cc32a10, L_000001817cc32a80, C4<1>, C4<1>;
L_000001817cc32af0 .functor AND 1, L_000001817cd8ffd0, L_000001817cc32850, C4<1>, C4<1>;
L_000001817cc33960 .functor OR 1, L_000001817cc32bd0, L_000001817cc32af0, C4<0>, C4<0>;
L_000001817cc33d50 .functor AND 1, L_000001817cd8f170, L_000001817cdd3d00, C4<1>, C4<1>;
L_000001817cc339d0 .functor BUFZ 1, L_000001817cc33180, C4<0>, C4<0>, C4<0>;
L_000001817cc33ce0 .functor OR 1, L_000001817cc329a0, L_000001817cc31f90, C4<0>, C4<0>;
L_000001817cc33b20 .functor OR 1, L_000001817cc33ce0, L_000001817cc333b0, C4<0>, C4<0>;
L_000001817cc33dc0 .functor AND 1, L_000001817cd90390, L_000001817cc33b20, C4<1>, C4<1>;
L_000001817cc33b90 .functor OR 1, L_000001817cd916f0, L_000001817cc33dc0, C4<0>, C4<0>;
L_000001817cc33e30 .functor BUFZ 32, L_000001817cd8cc90, C4<00000000000000000000000000000000>, C4<00000000000000000000000000000000>, C4<00000000000000000000000000000000>;
v000001817cc3cbb0_0 .net *"_ivl_100", 12 0, L_000001817cd8e590;  1 drivers
L_000001817cd3bdb8 .functor BUFT 1, C4<00000000000000000000000000000000>, C4<0>, C4<0>, C4<0>;
v000001817cc3e4b0_0 .net/2u *"_ivl_104", 31 0, L_000001817cd3bdb8;  1 drivers
v000001817cc3ca70_0 .net *"_ivl_106", 31 0, L_000001817cd8f030;  1 drivers
L_000001817cd3b938 .functor BUFT 1, C4<00>, C4<0>, C4<0>, C4<0>;
v000001817cc3e690_0 .net *"_ivl_11", 1 0, L_000001817cd3b938;  1 drivers
v000001817cc3e230_0 .net *"_ivl_110", 0 0, L_000001817cc31dd0;  1 drivers
v000001817cc3e370_0 .net *"_ivl_114", 0 0, L_000001817cc31f20;  1 drivers
v000001817cc3d290_0 .net *"_ivl_118", 0 0, L_000001817cc33570;  1 drivers
L_000001817cd3be00 .functor BUFT 1, C4<0>, C4<0>, C4<0>, C4<0>;
v000001817cc3e730_0 .net/2u *"_ivl_120", 0 0, L_000001817cd3be00;  1 drivers
v000001817cc3cf70_0 .net *"_ivl_122", 0 0, L_000001817cc32770;  1 drivers
L_000001817cd3be48 .functor BUFT 1, C4<1>, C4<0>, C4<0>, C4<0>;
v000001817cc3d6f0_0 .net/2u *"_ivl_124", 0 0, L_000001817cd3be48;  1 drivers
v000001817cc3c6b0_0 .net *"_ivl_126", 0 0, L_000001817cd8cd30;  1 drivers
v000001817cc3d010_0 .net *"_ivl_128", 6 0, L_000001817cd8ce70;  1 drivers
L_000001817cd3be90 .functor BUFT 1, C4<00>, C4<0>, C4<0>, C4<0>;
v000001817cc3c250_0 .net *"_ivl_131", 1 0, L_000001817cd3be90;  1 drivers
v000001817cc3cb10_0 .net *"_ivl_132", 0 0, L_000001817cd8da50;  1 drivers
v000001817cc3e0f0_0 .net *"_ivl_14", 1 0, L_000001817cd8d0f0;  1 drivers
L_000001817cd3bed8 .functor BUFT 1, C4<0000>, C4<0>, C4<0>, C4<0>;
v000001817cc3dc90_0 .net/2u *"_ivl_140", 3 0, L_000001817cd3bed8;  1 drivers
L_000001817cd3bf20 .functor BUFT 1, C4<0000000000000000000000000000>, C4<0>, C4<0>, C4<0>;
v000001817cc3e5f0_0 .net/2u *"_ivl_144", 27 0, L_000001817cd3bf20;  1 drivers
L_000001817cd3bf68 .functor BUFT 1, C4<00>, C4<0>, C4<0>, C4<0>;
v000001817cc3e550_0 .net/2u *"_ivl_146", 1 0, L_000001817cd3bf68;  1 drivers
v000001817cc3c570_0 .net *"_ivl_148", 31 0, L_000001817cd8db90;  1 drivers
L_000001817cd3bfb0 .functor BUFT 1, C4<00>, C4<0>, C4<0>, C4<0>;
v000001817cc3d790_0 .net/2u *"_ivl_152", 1 0, L_000001817cd3bfb0;  1 drivers
v000001817cc3ddd0_0 .net/2u *"_ivl_156", 0 0, L_000001817cd3bff8;  1 drivers
v000001817cc3cc50_0 .net *"_ivl_158", 0 0, L_000001817cc32f50;  1 drivers
v000001817cc3c1b0_0 .net *"_ivl_16", 6 0, L_000001817cd8eef0;  1 drivers
v000001817cc3e7d0_0 .net *"_ivl_160", 31 0, L_000001817cd8dc30;  1 drivers
v000001817cc3c110_0 .net *"_ivl_162", 9 0, L_000001817cd8d190;  1 drivers
L_000001817cd3c040 .functor BUFT 1, C4<00000>, C4<0>, C4<0>, C4<0>;
v000001817cc3c750_0 .net *"_ivl_165", 4 0, L_000001817cd3c040;  1 drivers
v000001817cc3d0b0_0 .net *"_ivl_166", 11 0, L_000001817cd8d230;  1 drivers
L_000001817cd3c088 .functor BUFT 1, C4<00>, C4<0>, C4<0>, C4<0>;
v000001817cc3d150_0 .net *"_ivl_169", 1 0, L_000001817cd3c088;  1 drivers
L_000001817cd3c0d0 .functor BUFT 1, C4<000000000100>, C4<0>, C4<0>, C4<0>;
v000001817cc3df10_0 .net/2u *"_ivl_170", 11 0, L_000001817cd3c0d0;  1 drivers
v000001817cbd7590_0 .net *"_ivl_173", 11 0, L_000001817cd8dd70;  1 drivers
v000001817cbd78b0_0 .net *"_ivl_174", 3 0, L_000001817cd8edb0;  1 drivers
L_000001817cd3c118 .functor BUFT 1, C4<00>, C4<0>, C4<0>, C4<0>;
v000001817cbaea50_0 .net *"_ivl_177", 1 0, L_000001817cd3c118;  1 drivers
L_000001817cd3c160 .functor BUFT 1, C4<0>, C4<0>, C4<0>, C4<0>;
v000001817cb3af50_0 .net *"_ivl_180", 0 0, L_000001817cd3c160;  1 drivers
v000001817cc160f0_0 .net *"_ivl_181", 12 0, L_000001817cd8e4f0;  1 drivers
L_000001817cd3c1a8 .functor BUFT 1, C4<000000000>, C4<0>, C4<0>, C4<0>;
v000001817cd00970_0 .net *"_ivl_184", 8 0, L_000001817cd3c1a8;  1 drivers
v000001817ccff750_0 .net *"_ivl_185", 12 0, L_000001817cd8deb0;  1 drivers
v000001817cd003d0_0 .net *"_ivl_186", 12 0, L_000001817cd8de10;  1 drivers
v000001817cd00470_0 .net *"_ivl_188", 31 0, L_000001817cd8ea90;  1 drivers
L_000001817cd3b980 .functor BUFT 1, C4<00>, C4<0>, C4<0>, C4<0>;
v000001817ccffed0_0 .net *"_ivl_19", 1 0, L_000001817cd3b980;  1 drivers
v000001817ccffb10_0 .net *"_ivl_190", 9 0, L_000001817cd8df50;  1 drivers
L_000001817cd3c1f0 .functor BUFT 1, C4<00000>, C4<0>, C4<0>, C4<0>;
v000001817cd00ab0_0 .net *"_ivl_193", 4 0, L_000001817cd3c1f0;  1 drivers
v000001817cd00510_0 .net *"_ivl_194", 11 0, L_000001817cd8e090;  1 drivers
L_000001817cd3c238 .functor BUFT 1, C4<00>, C4<0>, C4<0>, C4<0>;
v000001817cd006f0_0 .net *"_ivl_197", 1 0, L_000001817cd3c238;  1 drivers
L_000001817cd3c280 .functor BUFT 1, C4<000000000100>, C4<0>, C4<0>, C4<0>;
v000001817ccff570_0 .net/2u *"_ivl_198", 11 0, L_000001817cd3c280;  1 drivers
v000001817cd015f0_0 .net *"_ivl_201", 11 0, L_000001817cd8e6d0;  1 drivers
v000001817ccff890_0 .net *"_ivl_202", 3 0, L_000001817cd8e770;  1 drivers
L_000001817cd3c2c8 .functor BUFT 1, C4<00>, C4<0>, C4<0>, C4<0>;
v000001817cd00dd0_0 .net *"_ivl_205", 1 0, L_000001817cd3c2c8;  1 drivers
L_000001817cd3c310 .functor BUFT 1, C4<0>, C4<0>, C4<0>, C4<0>;
v000001817ccfff70_0 .net *"_ivl_208", 0 0, L_000001817cd3c310;  1 drivers
v000001817ccff2f0_0 .net *"_ivl_209", 12 0, L_000001817cd90750;  1 drivers
L_000001817cd3c358 .functor BUFT 1, C4<000000000>, C4<0>, C4<0>, C4<0>;
v000001817cd012d0_0 .net *"_ivl_212", 8 0, L_000001817cd3c358;  1 drivers
v000001817ccff9d0_0 .net *"_ivl_213", 12 0, L_000001817cd8f850;  1 drivers
v000001817cd010f0_0 .net *"_ivl_214", 12 0, L_000001817cd91470;  1 drivers
v000001817cd01730_0 .net *"_ivl_22", 22 0, L_000001817cd8d550;  1 drivers
L_000001817cd3c3a0 .functor BUFT 1, C4<00>, C4<0>, C4<0>, C4<0>;
v000001817cd00b50_0 .net/2u *"_ivl_220", 1 0, L_000001817cd3c3a0;  1 drivers
v000001817cd00330_0 .net *"_ivl_222", 0 0, L_000001817cd90250;  1 drivers
v000001817ccff6b0_0 .net *"_ivl_224", 0 0, L_000001817cc32000;  1 drivers
L_000001817cd3c3e8 .functor BUFT 1, C4<01>, C4<0>, C4<0>, C4<0>;
v000001817cd00c90_0 .net/2u *"_ivl_228", 1 0, L_000001817cd3c3e8;  1 drivers
v000001817cd005b0_0 .net *"_ivl_230", 0 0, L_000001817cd8f2b0;  1 drivers
L_000001817cd3c430 .functor BUFT 1, C4<10>, C4<0>, C4<0>, C4<0>;
v000001817cd01690_0 .net/2u *"_ivl_232", 1 0, L_000001817cd3c430;  1 drivers
v000001817cd00650_0 .net *"_ivl_234", 0 0, L_000001817cd918d0;  1 drivers
v000001817cd00bf0_0 .net *"_ivl_236", 0 0, L_000001817cc321c0;  1 drivers
v000001817cd00790_0 .net *"_ivl_238", 31 0, L_000001817cd8f710;  1 drivers
v000001817cd00830_0 .net *"_ivl_24", 6 0, L_000001817cd8d690;  1 drivers
L_000001817cd3c478 .functor BUFT 1, C4<0000000000000000000000000000>, C4<0>, C4<0>, C4<0>;
v000001817cd008d0_0 .net *"_ivl_241", 27 0, L_000001817cd3c478;  1 drivers
L_000001817cd3c4c0 .functor BUFT 1, C4<00000000000000000000000000000000>, C4<0>, C4<0>, C4<0>;
v000001817cd017d0_0 .net/2u *"_ivl_242", 31 0, L_000001817cd3c4c0;  1 drivers
v000001817ccff7f0_0 .net *"_ivl_244", 0 0, L_000001817cd90610;  1 drivers
v000001817cd00f10_0 .net *"_ivl_246", 0 0, L_000001817cc322a0;  1 drivers
v000001817cd01370_0 .net *"_ivl_248", 0 0, L_000001817cc323f0;  1 drivers
v000001817cd00a10_0 .net *"_ivl_250", 0 0, L_000001817cc327e0;  1 drivers
v000001817cd01410_0 .net *"_ivl_254", 31 0, L_000001817cd907f0;  1 drivers
L_000001817cd3c508 .functor BUFT 1, C4<0000000000000000000000000000>, C4<0>, C4<0>, C4<0>;
v000001817cd00150_0 .net *"_ivl_257", 27 0, L_000001817cd3c508;  1 drivers
L_000001817cd3c550 .functor BUFT 1, C4<00000000000000000000000000001000>, C4<0>, C4<0>, C4<0>;
v000001817ccff070_0 .net/2u *"_ivl_258", 31 0, L_000001817cd3c550;  1 drivers
v000001817ccffc50_0 .net *"_ivl_260", 0 0, L_000001817cd91790;  1 drivers
L_000001817cd3c598 .functor BUFT 1, C4<00>, C4<0>, C4<0>, C4<0>;
v000001817ccff930_0 .net/2u *"_ivl_264", 1 0, L_000001817cd3c598;  1 drivers
v000001817cd00d30_0 .net *"_ivl_266", 0 0, L_000001817cd91150;  1 drivers
v000001817ccff610_0 .net *"_ivl_268", 0 0, L_000001817cc33340;  1 drivers
L_000001817cd3b9c8 .functor BUFT 1, C4<00>, C4<0>, C4<0>, C4<0>;
v000001817ccffe30_0 .net *"_ivl_27", 1 0, L_000001817cd3b9c8;  1 drivers
v000001817ccff1b0_0 .net *"_ivl_270", 0 0, L_000001817cc33260;  1 drivers
L_000001817cd3c5e0 .functor BUFT 1, C4<00>, C4<0>, C4<0>, C4<0>;
v000001817ccffa70_0 .net/2u *"_ivl_274", 1 0, L_000001817cd3c5e0;  1 drivers
v000001817cd00fb0_0 .net *"_ivl_276", 0 0, L_000001817cd91830;  1 drivers
v000001817cd001f0_0 .net *"_ivl_278", 0 0, L_000001817cc32930;  1 drivers
v000001817ccffbb0_0 .net *"_ivl_28", 0 0, L_000001817cd8e9f0;  1 drivers
v000001817cd01190_0 .net *"_ivl_280", 0 0, L_000001817cc32a10;  1 drivers
v000001817cd01230_0 .net *"_ivl_282", 0 0, L_000001817cc32a80;  1 drivers
L_000001817cd3c628 .functor BUFT 1, C4<11>, C4<0>, C4<0>, C4<0>;
v000001817ccff430_0 .net/2u *"_ivl_286", 1 0, L_000001817cd3c628;  1 drivers
v000001817cd00e70_0 .net *"_ivl_288", 0 0, L_000001817cd8ffd0;  1 drivers
L_000001817cd3c670 .functor BUFT 1, C4<01>, C4<0>, C4<0>, C4<0>;
v000001817cd00010_0 .net/2u *"_ivl_298", 1 0, L_000001817cd3c670;  1 drivers
v000001817ccffcf0_0 .net *"_ivl_300", 0 0, L_000001817cd8fad0;  1 drivers
v000001817cd01050_0 .net *"_ivl_302", 31 0, L_000001817cd8fa30;  1 drivers
v000001817ccffd90_0 .net *"_ivl_304", 4 0, L_000001817cd8fdf0;  1 drivers
L_000001817cd3c6b8 .functor BUFT 1, C4<00>, C4<0>, C4<0>, C4<0>;
v000001817cd00290_0 .net *"_ivl_307", 1 0, L_000001817cd3c6b8;  1 drivers
L_000001817cd3c700 .functor BUFT 1, C4<00000000000000000000000000000000>, C4<0>, C4<0>, C4<0>;
v000001817cd000b0_0 .net/2u *"_ivl_308", 31 0, L_000001817cd3c700;  1 drivers
v000001817ccff110_0 .net *"_ivl_310", 31 0, L_000001817cd902f0;  1 drivers
L_000001817cd3c748 .functor BUFT 1, C4<01>, C4<0>, C4<0>, C4<0>;
v000001817cd014b0_0 .net/2u *"_ivl_314", 1 0, L_000001817cd3c748;  1 drivers
v000001817cd01550_0 .net *"_ivl_316", 0 0, L_000001817cd8f170;  1 drivers
v000001817ccff250_0 .net *"_ivl_32", 22 0, L_000001817cd8cfb0;  1 drivers
v000001817ccff390_0 .net *"_ivl_322", 31 0, L_000001817cd91290;  1 drivers
v000001817ccff4d0_0 .net *"_ivl_324", 4 0, L_000001817cd90430;  1 drivers
L_000001817cd3c790 .functor BUFT 1, C4<00>, C4<0>, C4<0>, C4<0>;
v000001817cd02270_0 .net *"_ivl_327", 1 0, L_000001817cd3c790;  1 drivers
L_000001817cd3c7d8 .functor BUFT 1, C4<00000000000000000000000000000000>, C4<0>, C4<0>, C4<0>;
v000001817cd01910_0 .net/2u *"_ivl_328", 31 0, L_000001817cd3c7d8;  1 drivers
L_000001817cd3c820 .functor BUFT 1, C4<00>, C4<0>, C4<0>, C4<0>;
v000001817cd02e50_0 .net/2u *"_ivl_332", 1 0, L_000001817cd3c820;  1 drivers
v000001817cd026d0_0 .net *"_ivl_334", 0 0, L_000001817cd916f0;  1 drivers
L_000001817cd3c868 .functor BUFT 1, C4<00>, C4<0>, C4<0>, C4<0>;
v000001817cd02ef0_0 .net/2u *"_ivl_336", 1 0, L_000001817cd3c868;  1 drivers
v000001817cd02a90_0 .net *"_ivl_338", 0 0, L_000001817cd90390;  1 drivers
v000001817cd02b30_0 .net *"_ivl_34", 6 0, L_000001817cd8d4b0;  1 drivers
v000001817cd01eb0_0 .net *"_ivl_340", 0 0, L_000001817cc33ce0;  1 drivers
v000001817cd02950_0 .net *"_ivl_342", 0 0, L_000001817cc33b20;  1 drivers
v000001817cd02db0_0 .net *"_ivl_344", 0 0, L_000001817cc33dc0;  1 drivers
L_000001817cd3ba10 .functor BUFT 1, C4<00>, C4<0>, C4<0>, C4<0>;
v000001817cd02090_0 .net *"_ivl_37", 1 0, L_000001817cd3ba10;  1 drivers
v000001817cd01cd0_0 .net *"_ivl_38", 0 0, L_000001817cd8d7d0;  1 drivers
v000001817cd023b0_0 .net *"_ivl_44", 31 0, L_000001817cd8cdd0;  1 drivers
v000001817cd01a50_0 .net *"_ivl_46", 9 0, L_000001817cd8e810;  1 drivers
L_000001817cd3ba58 .functor BUFT 1, C4<00000>, C4<0>, C4<0>, C4<0>;
v000001817cd01870_0 .net *"_ivl_49", 4 0, L_000001817cd3ba58;  1 drivers
v000001817cd02bd0_0 .net *"_ivl_50", 11 0, L_000001817cd8e3b0;  1 drivers
L_000001817cd3baa0 .functor BUFT 1, C4<00>, C4<0>, C4<0>, C4<0>;
v000001817cd01af0_0 .net *"_ivl_53", 1 0, L_000001817cd3baa0;  1 drivers
L_000001817cd3bae8 .functor BUFT 1, C4<000000000100>, C4<0>, C4<0>, C4<0>;
v000001817cd029f0_0 .net/2u *"_ivl_54", 11 0, L_000001817cd3bae8;  1 drivers
v000001817cd019b0_0 .net *"_ivl_57", 11 0, L_000001817cd8ed10;  1 drivers
v000001817cd02c70_0 .net *"_ivl_58", 3 0, L_000001817cd8d9b0;  1 drivers
v000001817cd01b90_0 .net *"_ivl_6", 1 0, L_000001817cd8e1d0;  1 drivers
L_000001817cd3bb30 .functor BUFT 1, C4<00>, C4<0>, C4<0>, C4<0>;
v000001817cd02770_0 .net *"_ivl_61", 1 0, L_000001817cd3bb30;  1 drivers
L_000001817cd3bb78 .functor BUFT 1, C4<0>, C4<0>, C4<0>, C4<0>;
v000001817cd01c30_0 .net *"_ivl_64", 0 0, L_000001817cd3bb78;  1 drivers
v000001817cd01d70_0 .net *"_ivl_65", 12 0, L_000001817cd8eb30;  1 drivers
L_000001817cd3bbc0 .functor BUFT 1, C4<000000000>, C4<0>, C4<0>, C4<0>;
v000001817cd02d10_0 .net *"_ivl_68", 8 0, L_000001817cd3bbc0;  1 drivers
v000001817cd01e10_0 .net *"_ivl_69", 12 0, L_000001817cd8e450;  1 drivers
v000001817cd028b0_0 .net *"_ivl_70", 12 0, L_000001817cd8cb50;  1 drivers
v000001817cd01f50_0 .net *"_ivl_74", 31 0, L_000001817cd8d5f0;  1 drivers
v000001817cd02810_0 .net *"_ivl_76", 9 0, L_000001817cd8e630;  1 drivers
L_000001817cd3bc08 .functor BUFT 1, C4<00000>, C4<0>, C4<0>, C4<0>;
v000001817cd02310_0 .net *"_ivl_79", 4 0, L_000001817cd3bc08;  1 drivers
v000001817cd01ff0_0 .net *"_ivl_8", 6 0, L_000001817cd8d410;  1 drivers
v000001817cd02130_0 .net *"_ivl_80", 11 0, L_000001817cd8dff0;  1 drivers
L_000001817cd3bc50 .functor BUFT 1, C4<00>, C4<0>, C4<0>, C4<0>;
v000001817cd021d0_0 .net *"_ivl_83", 1 0, L_000001817cd3bc50;  1 drivers
L_000001817cd3bc98 .functor BUFT 1, C4<000000000100>, C4<0>, C4<0>, C4<0>;
v000001817cd02450_0 .net/2u *"_ivl_84", 11 0, L_000001817cd3bc98;  1 drivers
v000001817cd024f0_0 .net *"_ivl_87", 11 0, L_000001817cd8ef90;  1 drivers
v000001817cd02590_0 .net *"_ivl_88", 3 0, L_000001817cd8f0d0;  1 drivers
L_000001817cd3bce0 .functor BUFT 1, C4<00>, C4<0>, C4<0>, C4<0>;
v000001817cd02630_0 .net *"_ivl_91", 1 0, L_000001817cd3bce0;  1 drivers
L_000001817cd3bd28 .functor BUFT 1, C4<0>, C4<0>, C4<0>, C4<0>;
v000001817cd056a0_0 .net *"_ivl_94", 0 0, L_000001817cd3bd28;  1 drivers
v000001817cd03c60_0 .net *"_ivl_95", 12 0, L_000001817cd8dcd0;  1 drivers
L_000001817cd3bd70 .functor BUFT 1, C4<000000000>, C4<0>, C4<0>, C4<0>;
v000001817cd04d40_0 .net *"_ivl_98", 8 0, L_000001817cd3bd70;  1 drivers
v000001817cd03ee0_0 .net *"_ivl_99", 12 0, L_000001817cd8cbf0;  1 drivers
v000001817cd03800_0 .net "cpu_miss_req_cur", 0 0, L_000001817cc32150;  1 drivers
v000001817cd04520 .array "datas0", 127 0, 31 0;
v000001817cd04a20 .array "datas1", 127 0, 31 0;
v000001817cd05740_0 .net "hit", 0 0, L_000001817cc32700;  1 drivers
v000001817cd042a0_0 .net "hit_rword", 31 0, L_000001817cd8cc90;  1 drivers
v000001817cd03d00_0 .net "hit_way", 0 0, L_000001817cc33110;  1 drivers
v000001817cd04c00_0 .net "i_clk", 0 0, v000001817cd35b30_0;  alias, 1 drivers
v000001817cd043e0_0 .net "i_mem_rdata", 31 0, L_000001817cdd46a0;  alias, 1 drivers
v000001817cd036c0_0 .net "i_mem_ready", 0 0, L_000001817cdd3d00;  alias, 1 drivers
v000001817cd03f80_0 .net "i_mem_valid", 0 0, L_000001817cdd4400;  alias, 1 drivers
v000001817cd05060_0 .net "i_req_addr", 31 0, L_000001817cd871f0;  alias, 1 drivers
v000001817cd03620_0 .net "i_req_mask", 3 0, L_000001817cdcf850;  alias, 1 drivers
v000001817cd04480_0 .net "i_req_ren", 0 0, L_000001817cdd1df0;  alias, 1 drivers
v000001817cd048e0_0 .net "i_req_wdata", 31 0, L_000001817cdcf8c0;  alias, 1 drivers
v000001817cd03300_0 .net "i_req_wen", 0 0, L_000001817cdd2d40;  alias, 1 drivers
v000001817cd04840_0 .net "i_rst", 0 0, v000001817cd37f70_0;  alias, 1 drivers
v000001817cd057e0 .array "lru", 0 31, 0 0;
v000001817cd03080_0 .net "merged_write_word", 31 0, L_000001817cd8d2d0;  1 drivers
v000001817cd05560_0 .var "miss_is_write_cur", 0 0;
v000001817cd05100_0 .net "miss_line_addr", 31 0, L_000001817cd8daf0;  1 drivers
v000001817cd03760_0 .var "miss_mask_cur", 3 0;
v000001817cd052e0_0 .net "miss_merged_write_word", 31 0, L_000001817cd8fd50;  1 drivers
v000001817cd03b20_0 .var "miss_set_cur", 4 0;
v000001817cd03da0_0 .var "miss_tag_cur", 22 0;
v000001817cd04980_0 .var "miss_way_cur", 0 0;
v000001817cd03120_0 .net "miss_way_rword", 31 0, L_000001817cd913d0;  1 drivers
v000001817cd03a80_0 .var "miss_wdata_cur", 31 0;
v000001817cd04020_0 .net "miss_word_addr", 31 0, L_000001817cd8e950;  1 drivers
v000001817cd04fc0_0 .var "miss_word_cur", 1 0;
v000001817cd03440_0 .net "o_busy", 0 0, L_000001817cc33b90;  alias, 1 drivers
v000001817cd04ac0_0 .net "o_mem_addr", 31 0, L_000001817cd8fcb0;  alias, 1 drivers
v000001817cd04340_0 .net "o_mem_ren", 0 0, L_000001817cc33d50;  alias, 1 drivers
v000001817cd04b60_0 .net "o_mem_wdata", 31 0, L_000001817cd90890;  alias, 1 drivers
v000001817cd04700_0 .net "o_mem_wen", 0 0, L_000001817cc339d0;  alias, 1 drivers
v000001817cd03260_0 .net "o_res_rdata", 31 0, L_000001817cc33e30;  alias, 1 drivers
v000001817cd04ca0_0 .net "read_miss", 0 0, L_000001817cc329a0;  1 drivers
v000001817cd03e40_0 .net "refill_word_addr", 31 0, L_000001817cc335e0;  1 drivers
v000001817cd04de0_0 .var "refill_word_cur", 1 0;
v000001817cd031c0_0 .net "req_set", 4 0, L_000001817cd8d870;  1 drivers
v000001817cd051a0_0 .net "req_tag", 22 0, L_000001817cd8e310;  1 drivers
v000001817cd03bc0_0 .net "req_word", 1 0, L_000001817cd8e8b0;  1 drivers
v000001817cd033a0_0 .var/i "set_idx", 31 0;
v000001817cd04e80_0 .var "state_cur", 1 0;
v000001817cd034e0 .array "tags0", 0 31, 22 0;
v000001817cd045c0 .array "tags1", 0 31, 22 0;
v000001817cd038a0 .array "valid", 0 31, 1 0;
v000001817cd03580_0 .net "victim_way", 0 0, L_000001817cd8d050;  1 drivers
v000001817cd040c0_0 .net "way0_hit", 0 0, L_000001817cc325b0;  1 drivers
v000001817cd05240_0 .net "way0_rword", 31 0, L_000001817cc31d60;  1 drivers
v000001817cd04660_0 .net "way0_valid", 0 0, L_000001817cd8e270;  1 drivers
v000001817cd04f20_0 .net "way1_hit", 0 0, L_000001817cc32690;  1 drivers
v000001817cd047a0_0 .net "way1_rword", 31 0, L_000001817cc32b60;  1 drivers
v000001817cd05380_0 .net "way1_valid", 0 0, L_000001817cd8ec70;  1 drivers
v000001817cd03940 .array "wb_addrs", 0 7, 31 0;
v000001817cd039e0_0 .var "wb_count_cur", 3 0;
v000001817cd05420 .array "wb_datas", 0 7, 31 0;
v000001817cd04160_0 .net "wb_has_push_space_cur", 0 0, L_000001817cc32850;  1 drivers
v000001817cd054c0_0 .var "wb_head_cur", 2 0;
v000001817cd05600_0 .var/i "wb_idx", 31 0;
v000001817cd04200_0 .net "wb_push_addr_cur", 31 0, L_000001817cd8f530;  1 drivers
v000001817cd061e0_0 .net "wb_push_cur", 0 0, L_000001817cc33960;  1 drivers
v000001817cd05920_0 .net "wb_push_data_cur", 31 0, L_000001817cd8f350;  1 drivers
v000001817cd059c0_0 .net "wb_send_cur", 0 0, L_000001817cc33180;  1 drivers
v000001817cd07900_0 .var "wb_tail_cur", 2 0;
v000001817cd07f40_0 .var/i "word_idx", 31 0;
v000001817cd07360_0 .net "write_hit_accept_cur", 0 0, L_000001817cc32bd0;  1 drivers
v000001817cd077c0_0 .net "write_hit_block_cur", 0 0, L_000001817cc333b0;  1 drivers
v000001817cd06500_0 .net "write_miss", 0 0, L_000001817cc31f90;  1 drivers
v000001817cd05a60_0 .net "write_req_commit_cur", 0 0, L_000001817cc32af0;  1 drivers
E_000001817cc605b0 .event posedge, v000001817cd04c00_0;
L_000001817cd8e310 .part L_000001817cd871f0, 9, 23;
L_000001817cd8d870 .part L_000001817cd871f0, 4, 5;
L_000001817cd8e8b0 .part L_000001817cd871f0, 2, 2;
L_000001817cd8e1d0 .array/port v000001817cd038a0, L_000001817cd8d410;
L_000001817cd8d410 .concat [ 5 2 0 0], L_000001817cd8d870, L_000001817cd3b938;
L_000001817cd8e270 .part L_000001817cd8e1d0, 0, 1;
L_000001817cd8d0f0 .array/port v000001817cd038a0, L_000001817cd8eef0;
L_000001817cd8eef0 .concat [ 5 2 0 0], L_000001817cd8d870, L_000001817cd3b980;
L_000001817cd8ec70 .part L_000001817cd8d0f0, 1, 1;
L_000001817cd8d550 .array/port v000001817cd034e0, L_000001817cd8d690;
L_000001817cd8d690 .concat [ 5 2 0 0], L_000001817cd8d870, L_000001817cd3b9c8;
L_000001817cd8e9f0 .cmp/eq 23, L_000001817cd8d550, L_000001817cd8e310;
L_000001817cd8cfb0 .array/port v000001817cd045c0, L_000001817cd8d4b0;
L_000001817cd8d4b0 .concat [ 5 2 0 0], L_000001817cd8d870, L_000001817cd3ba10;
L_000001817cd8d7d0 .cmp/eq 23, L_000001817cd8cfb0, L_000001817cd8e310;
L_000001817cd8cdd0 .array/port v000001817cd04520, L_000001817cd8cb50;
L_000001817cd8e810 .concat [ 5 5 0 0], L_000001817cd8d870, L_000001817cd3ba58;
L_000001817cd8e3b0 .concat [ 10 2 0 0], L_000001817cd8e810, L_000001817cd3baa0;
L_000001817cd8ed10 .arith/mult 12, L_000001817cd8e3b0, L_000001817cd3bae8;
L_000001817cd8d9b0 .concat [ 2 2 0 0], L_000001817cd8e8b0, L_000001817cd3bb30;
L_000001817cd8eb30 .concat [ 12 1 0 0], L_000001817cd8ed10, L_000001817cd3bb78;
L_000001817cd8e450 .concat [ 4 9 0 0], L_000001817cd8d9b0, L_000001817cd3bbc0;
L_000001817cd8cb50 .arith/sum 13, L_000001817cd8eb30, L_000001817cd8e450;
L_000001817cd8d5f0 .array/port v000001817cd04a20, L_000001817cd8e590;
L_000001817cd8e630 .concat [ 5 5 0 0], L_000001817cd8d870, L_000001817cd3bc08;
L_000001817cd8dff0 .concat [ 10 2 0 0], L_000001817cd8e630, L_000001817cd3bc50;
L_000001817cd8ef90 .arith/mult 12, L_000001817cd8dff0, L_000001817cd3bc98;
L_000001817cd8f0d0 .concat [ 2 2 0 0], L_000001817cd8e8b0, L_000001817cd3bce0;
L_000001817cd8dcd0 .concat [ 12 1 0 0], L_000001817cd8ef90, L_000001817cd3bd28;
L_000001817cd8cbf0 .concat [ 4 9 0 0], L_000001817cd8f0d0, L_000001817cd3bd70;
L_000001817cd8e590 .arith/sum 13, L_000001817cd8dcd0, L_000001817cd8cbf0;
L_000001817cd8f030 .functor MUXZ 32, L_000001817cd3bdb8, L_000001817cc32b60, L_000001817cc32690, C4<>;
L_000001817cd8cc90 .functor MUXZ 32, L_000001817cd8f030, L_000001817cc31d60, L_000001817cc325b0, C4<>;
L_000001817cd8cd30 .array/port v000001817cd057e0, L_000001817cd8ce70;
L_000001817cd8ce70 .concat [ 5 2 0 0], L_000001817cd8d870, L_000001817cd3be90;
L_000001817cd8da50 .functor MUXZ 1, L_000001817cd8cd30, L_000001817cd3be48, L_000001817cc32770, C4<>;
L_000001817cd8d050 .functor MUXZ 1, L_000001817cd8da50, L_000001817cd3be00, L_000001817cc33570, C4<>;
L_000001817cd8d2d0 .ufunc/vec4 TD_hart_tb.dut.u_dcache.apply_mask, 32, L_000001817cd8cc90, L_000001817cdcf8c0, L_000001817cdcf850 (v000001817cc3d650_0, v000001817cc3dd30_0, v000001817cc3ce30_0) S_000001817c684f40;
L_000001817cd8daf0 .concat [ 4 5 23 0], L_000001817cd3bed8, v000001817cd03b20_0, v000001817cd03da0_0;
L_000001817cd8db90 .concat [ 2 2 28 0], L_000001817cd3bf68, v000001817cd04de0_0, L_000001817cd3bf20;
L_000001817cd8e950 .concat [ 2 2 5 23], L_000001817cd3bfb0, v000001817cd04fc0_0, v000001817cd03b20_0, v000001817cd03da0_0;
L_000001817cd8dc30 .array/port v000001817cd04520, L_000001817cd8de10;
L_000001817cd8d190 .concat [ 5 5 0 0], v000001817cd03b20_0, L_000001817cd3c040;
L_000001817cd8d230 .concat [ 10 2 0 0], L_000001817cd8d190, L_000001817cd3c088;
L_000001817cd8dd70 .arith/mult 12, L_000001817cd8d230, L_000001817cd3c0d0;
L_000001817cd8edb0 .concat [ 2 2 0 0], v000001817cd04fc0_0, L_000001817cd3c118;
L_000001817cd8e4f0 .concat [ 12 1 0 0], L_000001817cd8dd70, L_000001817cd3c160;
L_000001817cd8deb0 .concat [ 4 9 0 0], L_000001817cd8edb0, L_000001817cd3c1a8;
L_000001817cd8de10 .arith/sum 13, L_000001817cd8e4f0, L_000001817cd8deb0;
L_000001817cd8ea90 .array/port v000001817cd04a20, L_000001817cd91470;
L_000001817cd8df50 .concat [ 5 5 0 0], v000001817cd03b20_0, L_000001817cd3c1f0;
L_000001817cd8e090 .concat [ 10 2 0 0], L_000001817cd8df50, L_000001817cd3c238;
L_000001817cd8e6d0 .arith/mult 12, L_000001817cd8e090, L_000001817cd3c280;
L_000001817cd8e770 .concat [ 2 2 0 0], v000001817cd04fc0_0, L_000001817cd3c2c8;
L_000001817cd90750 .concat [ 12 1 0 0], L_000001817cd8e6d0, L_000001817cd3c310;
L_000001817cd8f850 .concat [ 4 9 0 0], L_000001817cd8e770, L_000001817cd3c358;
L_000001817cd91470 .arith/sum 13, L_000001817cd90750, L_000001817cd8f850;
L_000001817cd913d0 .functor MUXZ 32, L_000001817cd8ea90, L_000001817cd8dc30, L_000001817cc32f50, C4<>;
L_000001817cd8fd50 .ufunc/vec4 TD_hart_tb.dut.u_dcache.apply_mask, 32, L_000001817cd913d0, v000001817cd03a80_0, v000001817cd03760_0 (v000001817cc3d650_0, v000001817cc3dd30_0, v000001817cc3ce30_0) S_000001817c684f40;
L_000001817cd90250 .cmp/eq 2, v000001817cd04e80_0, L_000001817cd3c3a0;
L_000001817cd8f2b0 .cmp/ne 2, v000001817cd04e80_0, L_000001817cd3c3e8;
L_000001817cd918d0 .cmp/ne 2, v000001817cd04e80_0, L_000001817cd3c430;
L_000001817cd8f710 .concat [ 4 28 0 0], v000001817cd039e0_0, L_000001817cd3c478;
L_000001817cd90610 .cmp/ne 32, L_000001817cd8f710, L_000001817cd3c4c0;
L_000001817cd907f0 .concat [ 4 28 0 0], v000001817cd039e0_0, L_000001817cd3c508;
L_000001817cd91790 .cmp/ne 32, L_000001817cd907f0, L_000001817cd3c550;
L_000001817cd91150 .cmp/eq 2, v000001817cd04e80_0, L_000001817cd3c598;
L_000001817cd91830 .cmp/eq 2, v000001817cd04e80_0, L_000001817cd3c5e0;
L_000001817cd8ffd0 .cmp/eq 2, v000001817cd04e80_0, L_000001817cd3c628;
L_000001817cd8f530 .functor MUXZ 32, L_000001817cd8e950, L_000001817cd871f0, L_000001817cc32bd0, C4<>;
L_000001817cd8f350 .functor MUXZ 32, L_000001817cd8fd50, L_000001817cd8d2d0, L_000001817cc32bd0, C4<>;
L_000001817cd8fad0 .cmp/eq 2, v000001817cd04e80_0, L_000001817cd3c670;
L_000001817cd8fa30 .array/port v000001817cd03940, L_000001817cd8fdf0;
L_000001817cd8fdf0 .concat [ 3 2 0 0], v000001817cd054c0_0, L_000001817cd3c6b8;
L_000001817cd902f0 .functor MUXZ 32, L_000001817cd3c700, L_000001817cd8fa30, L_000001817cc33180, C4<>;
L_000001817cd8fcb0 .functor MUXZ 32, L_000001817cd902f0, L_000001817cc335e0, L_000001817cd8fad0, C4<>;
L_000001817cd8f170 .cmp/eq 2, v000001817cd04e80_0, L_000001817cd3c748;
L_000001817cd91290 .array/port v000001817cd05420, L_000001817cd90430;
L_000001817cd90430 .concat [ 3 2 0 0], v000001817cd054c0_0, L_000001817cd3c790;
L_000001817cd90890 .functor MUXZ 32, L_000001817cd3c7d8, L_000001817cd91290, L_000001817cc33180, C4<>;
L_000001817cd916f0 .cmp/ne 2, v000001817cd04e80_0, L_000001817cd3c820;
L_000001817cd90390 .cmp/eq 2, v000001817cd04e80_0, L_000001817cd3c868;
S_000001817c684f40 .scope function.vec4.s32, "apply_mask" "apply_mask" 4 66, 4 66 0, S_000001817c63a5c0;
 .timescale -9 -12;
; Variable apply_mask is vec4 return value of scope S_000001817c684f40
v000001817cc3dbf0_0 .var "byte_mask", 31 0;
v000001817cc3ce30_0 .var "mask", 3 0;
v000001817cc3dd30_0 .var "new_word", 31 0;
v000001817cc3d650_0 .var "old_word", 31 0;
TD_hart_tb.dut.u_dcache.apply_mask ;
    %load/vec4 v000001817cc3ce30_0;
    %store/vec4 v000001817cc3db50_0, 0, 4;
    %callf/vec4 TD_hart_tb.dut.u_dcache.expand_mask, S_000001817c6850d0;
    %store/vec4 v000001817cc3dbf0_0, 0, 32;
    %load/vec4 v000001817cc3d650_0;
    %load/vec4 v000001817cc3dbf0_0;
    %inv;
    %and;
    %load/vec4 v000001817cc3dd30_0;
    %load/vec4 v000001817cc3dbf0_0;
    %and;
    %or;
    %ret/vec4 0, 0, 32;  Assign to apply_mask (store_vec4_to_lval)
    %end;
S_000001817c6850d0 .scope function.vec4.s32, "expand_mask" "expand_mask" 4 59, 4 59 0, S_000001817c63a5c0;
 .timescale -9 -12;
; Variable expand_mask is vec4 return value of scope S_000001817c6850d0
v000001817cc3db50_0 .var "mask", 3 0;
TD_hart_tb.dut.u_dcache.expand_mask ;
    %load/vec4 v000001817cc3db50_0;
    %parti/s 1, 3, 3;
    %replicate 8;
    %load/vec4 v000001817cc3db50_0;
    %parti/s 1, 2, 3;
    %replicate 8;
    %concat/vec4; draw_concat_vec4
    %load/vec4 v000001817cc3db50_0;
    %parti/s 1, 1, 2;
    %replicate 8;
    %concat/vec4; draw_concat_vec4
    %load/vec4 v000001817cc3db50_0;
    %parti/s 1, 0, 2;
    %replicate 8;
    %concat/vec4; draw_concat_vec4
    %ret/vec4 0, 0, 32;  Assign to expand_mask (store_vec4_to_lval)
    %end;
S_000001817ca753d0 .scope module, "u_decode" "decode" 3 534, 5 1 0, S_000001817cac95c0;
 .timescale -9 -12;
    .port_info 0 /INPUT 1 "i_clk";
    .port_info 1 /INPUT 1 "i_rst";
    .port_info 2 /INPUT 32 "Inst";
    .port_info 3 /INPUT 32 "WriteData";
    .port_info 4 /INPUT 5 "WriteAddr";
    .port_info 5 /INPUT 1 "WriteEn";
    .port_info 6 /OUTPUT 1 "lui";
    .port_info 7 /OUTPUT 1 "PcSrc";
    .port_info 8 /OUTPUT 3 "AluOp";
    .port_info 9 /OUTPUT 1 "MemWrite";
    .port_info 10 /OUTPUT 1 "MemRead";
    .port_info 11 /OUTPUT 1 "MemToReg";
    .port_info 12 /OUTPUT 1 "AluSrc1";
    .port_info 13 /OUTPUT 1 "AluSrc2";
    .port_info 14 /OUTPUT 1 "RegWrite";
    .port_info 15 /OUTPUT 1 "Jump";
    .port_info 16 /OUTPUT 1 "Branch";
    .port_info 17 /OUTPUT 32 "Offset";
    .port_info 18 /OUTPUT 5 "o_retire_rs1_raddr";
    .port_info 19 /OUTPUT 5 "o_retire_rs2_raddr";
    .port_info 20 /OUTPUT 5 "o_retire_rd_waddr";
    .port_info 21 /OUTPUT 32 "o_retire_rs1_rdata";
    .port_info 22 /OUTPUT 32 "o_retire_rs2_rdata";
    .port_info 23 /OUTPUT 1 "IllegalInst";
    .port_info 24 /OUTPUT 1 "EBreak";
P_000001817cc60cf0 .param/l "BYPASS_EN" 0 5 2, +C4<00000000000000000000000000000001>;
L_000001817cdb6f30 .functor OR 1, L_000001817cd904d0, L_000001817cd8ff30, C4<0>, C4<0>;
L_000001817cdb69f0 .functor OR 1, L_000001817cdb6f30, L_000001817cd8f670, C4<0>, C4<0>;
L_000001817cdb6670 .functor OR 1, L_000001817cd90bb0, L_000001817cd8f5d0, C4<0>, C4<0>;
L_000001817cdb6ec0 .functor BUFZ 1, L_000001817cd90570, C4<0>, C4<0>, C4<0>;
L_000001817cdb7080 .functor OR 1, L_000001817cd8fe90, L_000001817cd904d0, C4<0>, C4<0>;
L_000001817cdb72b0 .functor OR 1, L_000001817cdb7080, L_000001817cd8ff30, C4<0>, C4<0>;
L_000001817cdb6440 .functor OR 1, L_000001817cdb72b0, L_000001817cd90b10, C4<0>, C4<0>;
L_000001817cdb7320 .functor OR 1, L_000001817cdb6440, L_000001817cd90a70, C4<0>, C4<0>;
L_000001817cdb6b40 .functor OR 1, L_000001817cdb7320, L_000001817cd90bb0, C4<0>, C4<0>;
L_000001817cdb7860 .functor OR 1, L_000001817cdb6b40, L_000001817cd8f5d0, C4<0>, C4<0>;
L_000001817cdb6c90 .functor OR 1, L_000001817cdb7860, L_000001817cd90cf0, C4<0>, C4<0>;
L_000001817cdb6a60 .functor OR 1, L_000001817cdb6c90, L_000001817cd8f670, C4<0>, C4<0>;
L_000001817cdb6de0 .functor OR 1, L_000001817cdb6a60, L_000001817cd90570, C4<0>, C4<0>;
L_000001817cdb7630 .functor NOT 1, L_000001817cdb6de0, C4<0>, C4<0>, C4<0>;
L_000001817cdb70f0 .functor BUFZ 1, L_000001817cd90bb0, C4<0>, C4<0>, C4<0>;
L_000001817cdb7390 .functor BUFZ 1, L_000001817cd8f670, C4<0>, C4<0>, C4<0>;
L_000001817cdb7470 .functor BUFZ 1, L_000001817cd90b10, C4<0>, C4<0>, C4<0>;
L_000001817cdb6bb0 .functor BUFZ 1, L_000001817cd8ff30, C4<0>, C4<0>, C4<0>;
L_000001817cdb75c0 .functor BUFZ 1, L_000001817cd8ff30, C4<0>, C4<0>, C4<0>;
L_000001817cdb6830 .functor BUFZ 1, L_000001817cd8f5d0, C4<0>, C4<0>, C4<0>;
L_000001817cdb7240 .functor OR 1, L_000001817cd904d0, L_000001817cd8ff30, C4<0>, C4<0>;
L_000001817cdb74e0 .functor OR 1, L_000001817cdb7240, L_000001817cd90b10, C4<0>, C4<0>;
L_000001817cdb6280 .functor OR 1, L_000001817cdb74e0, L_000001817cd8f5d0, C4<0>, C4<0>;
L_000001817cdb68a0 .functor OR 1, L_000001817cdb6280, L_000001817cd8f670, C4<0>, C4<0>;
L_000001817cdb77f0 .functor OR 1, L_000001817cd8fe90, L_000001817cd904d0, C4<0>, C4<0>;
L_000001817cdb6d00 .functor OR 1, L_000001817cdb77f0, L_000001817cd8ff30, C4<0>, C4<0>;
L_000001817cdb63d0 .functor OR 1, L_000001817cdb6d00, L_000001817cd90bb0, C4<0>, C4<0>;
L_000001817cdb7550 .functor OR 1, L_000001817cdb63d0, L_000001817cd8f5d0, C4<0>, C4<0>;
L_000001817cdb6e50 .functor OR 1, L_000001817cdb7550, L_000001817cd90cf0, C4<0>, C4<0>;
L_000001817cdb6980 .functor OR 1, L_000001817cdb6e50, L_000001817cd8f670, C4<0>, C4<0>;
L_000001817cdb6ad0 .functor OR 1, L_000001817cd90cf0, L_000001817cd8f670, C4<0>, C4<0>;
L_000001817cdb6d70 .functor BUFZ 1, L_000001817cd90a70, C4<0>, C4<0>, C4<0>;
L_000001817cdb7160 .functor BUFZ 5, L_000001817cd8fb70, C4<00000>, C4<00000>, C4<00000>;
L_000001817cdb6130 .functor BUFZ 32, L_000001817cd91330, C4<00000000000000000000000000000000>, C4<00000000000000000000000000000000>, C4<00000000000000000000000000000000>;
L_000001817cdb7be0 .functor BUFZ 5, L_000001817cd8fc10, C4<00000>, C4<00000>, C4<00000>;
L_000001817cdb7940 .functor BUFZ 32, L_000001817cd91b50, C4<00000000000000000000000000000000>, C4<00000000000000000000000000000000>, C4<00000000000000000000000000000000>;
L_000001817cdb79b0 .functor NOT 1, L_000001817cdb7630, C4<0>, C4<0>, C4<0>;
L_000001817cdb7a90 .functor AND 1, L_000001817cdb6980, L_000001817cdb79b0, C4<1>, C4<1>;
L_000001817cdb61a0 .functor NOT 1, L_000001817cdb6ec0, C4<0>, C4<0>, C4<0>;
L_000001817cdb6050 .functor AND 1, L_000001817cdb7a90, L_000001817cdb61a0, C4<1>, C4<1>;
v000001817cd08800_0 .net "AluOp", 2 0, L_000001817cd8f8f0;  alias, 1 drivers
v000001817cd08440_0 .net "AluSrc1", 0 0, L_000001817cdb6830;  alias, 1 drivers
v000001817cd0a4c0_0 .net "AluSrc2", 0 0, L_000001817cdb68a0;  alias, 1 drivers
v000001817cd0a240_0 .net "Branch", 0 0, L_000001817cdb6d70;  alias, 1 drivers
v000001817cd0a7e0_0 .net "EBreak", 0 0, L_000001817cdb6ec0;  alias, 1 drivers
v000001817cd08da0_0 .net "IllegalInst", 0 0, L_000001817cdb7630;  alias, 1 drivers
v000001817cd09a20_0 .net "Inst", 31 0, v000001817cd2ded0_0;  1 drivers
v000001817cd09340_0 .net "Jump", 0 0, L_000001817cdb6ad0;  alias, 1 drivers
v000001817cd09ca0_0 .net "MemRead", 0 0, L_000001817cdb6bb0;  alias, 1 drivers
v000001817cd088a0_0 .net "MemToReg", 0 0, L_000001817cdb75c0;  alias, 1 drivers
v000001817cd084e0_0 .net "MemWrite", 0 0, L_000001817cdb7470;  alias, 1 drivers
v000001817cd08580_0 .net "Offset", 31 0, L_000001817cd83910;  alias, 1 drivers
v000001817cd093e0_0 .net "PcSrc", 0 0, L_000001817cdb7390;  alias, 1 drivers
v000001817cd08620_0 .net "RegWrite", 0 0, L_000001817cdb6980;  alias, 1 drivers
v000001817cd08940_0 .net "WriteAddr", 4 0, v000001817cd31850_0;  1 drivers
v000001817cd09480_0 .net "WriteData", 31 0, L_000001817cd89310;  alias, 1 drivers
v000001817cd089e0_0 .net "WriteEn", 0 0, L_000001817cdd17d0;  alias, 1 drivers
v000001817cd08b20_0 .net *"_ivl_116", 0 0, L_000001817cdb7240;  1 drivers
v000001817cd09520_0 .net *"_ivl_118", 0 0, L_000001817cdb74e0;  1 drivers
L_000001817cd3c988 .functor BUFT 1, C4<0010011>, C4<0>, C4<0>, C4<0>;
v000001817cd09de0_0 .net/2u *"_ivl_12", 6 0, L_000001817cd3c988;  1 drivers
v000001817cd098e0_0 .net *"_ivl_120", 0 0, L_000001817cdb6280;  1 drivers
v000001817cd08e40_0 .net *"_ivl_124", 0 0, L_000001817cdb77f0;  1 drivers
v000001817cd0a2e0_0 .net *"_ivl_126", 0 0, L_000001817cdb6d00;  1 drivers
v000001817cd090c0_0 .net *"_ivl_128", 0 0, L_000001817cdb63d0;  1 drivers
v000001817cd08ee0_0 .net *"_ivl_130", 0 0, L_000001817cdb7550;  1 drivers
v000001817cd0a380_0 .net *"_ivl_132", 0 0, L_000001817cdb6e50;  1 drivers
v000001817cd09840_0 .net *"_ivl_148", 0 0, L_000001817cdb79b0;  1 drivers
v000001817cd09e80_0 .net *"_ivl_150", 0 0, L_000001817cdb7a90;  1 drivers
v000001817cd095c0_0 .net *"_ivl_152", 0 0, L_000001817cdb61a0;  1 drivers
v000001817cd08f80_0 .net *"_ivl_154", 0 0, L_000001817cdb6050;  1 drivers
L_000001817cd3d168 .functor BUFT 1, C4<00000>, C4<0>, C4<0>, C4<0>;
v000001817cd09660_0 .net/2u *"_ivl_156", 4 0, L_000001817cd3d168;  1 drivers
L_000001817cd3c9d0 .functor BUFT 1, C4<0000011>, C4<0>, C4<0>, C4<0>;
v000001817cd09f20_0 .net/2u *"_ivl_16", 6 0, L_000001817cd3c9d0;  1 drivers
L_000001817cd3ca18 .functor BUFT 1, C4<0100011>, C4<0>, C4<0>, C4<0>;
v000001817cd09fc0_0 .net/2u *"_ivl_20", 6 0, L_000001817cd3ca18;  1 drivers
L_000001817cd3ca60 .functor BUFT 1, C4<1100011>, C4<0>, C4<0>, C4<0>;
v000001817cd0a560_0 .net/2u *"_ivl_24", 6 0, L_000001817cd3ca60;  1 drivers
L_000001817cd3caa8 .functor BUFT 1, C4<0110111>, C4<0>, C4<0>, C4<0>;
v000001817cd0a920_0 .net/2u *"_ivl_28", 6 0, L_000001817cd3caa8;  1 drivers
L_000001817cd3caf0 .functor BUFT 1, C4<0010111>, C4<0>, C4<0>, C4<0>;
v000001817cd0aec0_0 .net/2u *"_ivl_32", 6 0, L_000001817cd3caf0;  1 drivers
L_000001817cd3cb38 .functor BUFT 1, C4<1101111>, C4<0>, C4<0>, C4<0>;
v000001817cd0ad80_0 .net/2u *"_ivl_36", 6 0, L_000001817cd3cb38;  1 drivers
L_000001817cd3cb80 .functor BUFT 1, C4<1100111>, C4<0>, C4<0>, C4<0>;
v000001817cd0a9c0_0 .net/2u *"_ivl_40", 6 0, L_000001817cd3cb80;  1 drivers
L_000001817cd3cbc8 .functor BUFT 1, C4<00000000000100000000000001110011>, C4<0>, C4<0>, C4<0>;
v000001817cd0a880_0 .net/2u *"_ivl_44", 31 0, L_000001817cd3cbc8;  1 drivers
L_000001817cd3cc10 .functor BUFT 1, C4<000001>, C4<0>, C4<0>, C4<0>;
v000001817cd0af60_0 .net/2u *"_ivl_48", 5 0, L_000001817cd3cc10;  1 drivers
v000001817cd0ac40_0 .net *"_ivl_50", 0 0, L_000001817cdb6f30;  1 drivers
v000001817cd0aa60_0 .net *"_ivl_52", 0 0, L_000001817cdb69f0;  1 drivers
L_000001817cd3cc58 .functor BUFT 1, C4<000010>, C4<0>, C4<0>, C4<0>;
v000001817cd0ab00_0 .net/2u *"_ivl_54", 5 0, L_000001817cd3cc58;  1 drivers
L_000001817cd3cca0 .functor BUFT 1, C4<000100>, C4<0>, C4<0>, C4<0>;
v000001817cd0ace0_0 .net/2u *"_ivl_56", 5 0, L_000001817cd3cca0;  1 drivers
L_000001817cd3cce8 .functor BUFT 1, C4<001000>, C4<0>, C4<0>, C4<0>;
v000001817cd0aba0_0 .net/2u *"_ivl_58", 5 0, L_000001817cd3cce8;  1 drivers
v000001817cd0ae20_0 .net *"_ivl_60", 0 0, L_000001817cdb6670;  1 drivers
L_000001817cd3cd30 .functor BUFT 1, C4<010000>, C4<0>, C4<0>, C4<0>;
v000001817cd11f30_0 .net/2u *"_ivl_62", 5 0, L_000001817cd3cd30;  1 drivers
L_000001817cd3cd78 .functor BUFT 1, C4<100000>, C4<0>, C4<0>, C4<0>;
v000001817cd11850_0 .net/2u *"_ivl_64", 5 0, L_000001817cd3cd78;  1 drivers
L_000001817cd3cdc0 .functor BUFT 1, C4<000000>, C4<0>, C4<0>, C4<0>;
v000001817cd11210_0 .net/2u *"_ivl_66", 5 0, L_000001817cd3cdc0;  1 drivers
v000001817cd10ef0_0 .net *"_ivl_68", 5 0, L_000001817cd90070;  1 drivers
v000001817cd10b30_0 .net *"_ivl_70", 5 0, L_000001817cd906b0;  1 drivers
v000001817cd11ad0_0 .net *"_ivl_72", 5 0, L_000001817cd90d90;  1 drivers
v000001817cd11530_0 .net *"_ivl_74", 5 0, L_000001817cd90110;  1 drivers
v000001817cd11710_0 .net *"_ivl_76", 5 0, L_000001817cd90e30;  1 drivers
L_000001817cd3c940 .functor BUFT 1, C4<0110011>, C4<0>, C4<0>, C4<0>;
v000001817cd10590_0 .net/2u *"_ivl_8", 6 0, L_000001817cd3c940;  1 drivers
v000001817cd12610_0 .net *"_ivl_82", 0 0, L_000001817cdb7080;  1 drivers
v000001817cd108b0_0 .net *"_ivl_84", 0 0, L_000001817cdb72b0;  1 drivers
v000001817cd11df0_0 .net *"_ivl_86", 0 0, L_000001817cdb6440;  1 drivers
v000001817cd10f90_0 .net *"_ivl_88", 0 0, L_000001817cdb7320;  1 drivers
v000001817cd10310_0 .net *"_ivl_90", 0 0, L_000001817cdb6b40;  1 drivers
v000001817cd122f0_0 .net *"_ivl_92", 0 0, L_000001817cdb7860;  1 drivers
v000001817cd109f0_0 .net *"_ivl_94", 0 0, L_000001817cdb6c90;  1 drivers
v000001817cd12110_0 .net *"_ivl_96", 0 0, L_000001817cdb6a60;  1 drivers
v000001817cd12750_0 .net *"_ivl_98", 0 0, L_000001817cdb6de0;  1 drivers
v000001817cd11b70_0 .net "i_clk", 0 0, v000001817cd35b30_0;  alias, 1 drivers
v000001817cd11fd0_0 .net "i_format", 5 0, L_000001817cd91510;  1 drivers
v000001817cd106d0_0 .net "i_rst", 0 0, v000001817cd37f70_0;  alias, 1 drivers
v000001817cd124d0_0 .net "is_auipc", 0 0, L_000001817cd8f5d0;  1 drivers
v000001817cd10bd0_0 .net "is_branch", 0 0, L_000001817cd90a70;  1 drivers
v000001817cd11350_0 .net "is_ebreak", 0 0, L_000001817cd90570;  1 drivers
v000001817cd126b0_0 .net "is_itype_alu", 0 0, L_000001817cd904d0;  1 drivers
v000001817cd10db0_0 .net "is_jal", 0 0, L_000001817cd90cf0;  1 drivers
v000001817cd103b0_0 .net "is_jalr", 0 0, L_000001817cd8f670;  1 drivers
v000001817cd10e50_0 .net "is_load", 0 0, L_000001817cd8ff30;  1 drivers
v000001817cd117b0_0 .net "is_lui", 0 0, L_000001817cd90bb0;  1 drivers
v000001817cd12570_0 .net "is_rtype", 0 0, L_000001817cd8fe90;  1 drivers
v000001817cd10c70_0 .net "is_store", 0 0, L_000001817cd90b10;  1 drivers
v000001817cd11670_0 .net "lui", 0 0, L_000001817cdb70f0;  alias, 1 drivers
v000001817cd12390_0 .net "o_retire_rd_waddr", 4 0, L_000001817cd92190;  alias, 1 drivers
v000001817cd112b0_0 .net "o_retire_rs1_raddr", 4 0, L_000001817cdb7160;  alias, 1 drivers
v000001817cd12070_0 .net "o_retire_rs1_rdata", 31 0, L_000001817cdb6130;  alias, 1 drivers
v000001817cd12430_0 .net "o_retire_rs2_raddr", 4 0, L_000001817cdb7be0;  alias, 1 drivers
v000001817cd118f0_0 .net "o_retire_rs2_rdata", 31 0, L_000001817cdb7940;  alias, 1 drivers
v000001817cd11c10_0 .net "opcode", 6 0, L_000001817cd8f3f0;  1 drivers
v000001817cd11cb0_0 .net "rd_waddr_raw", 4 0, L_000001817cd90c50;  1 drivers
v000001817cd11170_0 .net "rs1_raddr_raw", 4 0, L_000001817cd8fb70;  1 drivers
v000001817cd10630_0 .net "rs1_rdata_raw", 31 0, L_000001817cd91330;  1 drivers
v000001817cd11030_0 .net "rs2_raddr_raw", 4 0, L_000001817cd8fc10;  1 drivers
v000001817cd101d0_0 .net "rs2_rdata_raw", 31 0, L_000001817cd91b50;  1 drivers
L_000001817cd8f3f0 .part v000001817cd2ded0_0, 0, 7;
L_000001817cd90c50 .part v000001817cd2ded0_0, 7, 5;
L_000001817cd8fb70 .part v000001817cd2ded0_0, 15, 5;
L_000001817cd8fc10 .part v000001817cd2ded0_0, 20, 5;
L_000001817cd8fe90 .cmp/eq 7, L_000001817cd8f3f0, L_000001817cd3c940;
L_000001817cd904d0 .cmp/eq 7, L_000001817cd8f3f0, L_000001817cd3c988;
L_000001817cd8ff30 .cmp/eq 7, L_000001817cd8f3f0, L_000001817cd3c9d0;
L_000001817cd90b10 .cmp/eq 7, L_000001817cd8f3f0, L_000001817cd3ca18;
L_000001817cd90a70 .cmp/eq 7, L_000001817cd8f3f0, L_000001817cd3ca60;
L_000001817cd90bb0 .cmp/eq 7, L_000001817cd8f3f0, L_000001817cd3caa8;
L_000001817cd8f5d0 .cmp/eq 7, L_000001817cd8f3f0, L_000001817cd3caf0;
L_000001817cd90cf0 .cmp/eq 7, L_000001817cd8f3f0, L_000001817cd3cb38;
L_000001817cd8f670 .cmp/eq 7, L_000001817cd8f3f0, L_000001817cd3cb80;
L_000001817cd90570 .cmp/eq 32, v000001817cd2ded0_0, L_000001817cd3cbc8;
L_000001817cd90070 .functor MUXZ 6, L_000001817cd3cdc0, L_000001817cd3cd78, L_000001817cd90cf0, C4<>;
L_000001817cd906b0 .functor MUXZ 6, L_000001817cd90070, L_000001817cd3cd30, L_000001817cdb6670, C4<>;
L_000001817cd90d90 .functor MUXZ 6, L_000001817cd906b0, L_000001817cd3cce8, L_000001817cd90a70, C4<>;
L_000001817cd90110 .functor MUXZ 6, L_000001817cd90d90, L_000001817cd3cca0, L_000001817cd90b10, C4<>;
L_000001817cd90e30 .functor MUXZ 6, L_000001817cd90110, L_000001817cd3cc58, L_000001817cdb69f0, C4<>;
L_000001817cd91510 .functor MUXZ 6, L_000001817cd90e30, L_000001817cd3cc10, L_000001817cd8fe90, C4<>;
L_000001817cd8f8f0 .part L_000001817cd8f3f0, 4, 3;
L_000001817cd92190 .functor MUXZ 5, L_000001817cd3d168, L_000001817cd90c50, L_000001817cdb6050, C4<>;
S_000001817ca72f30 .scope module, "imm_gen" "imm" 5 107, 6 6 0, S_000001817ca753d0;
 .timescale -9 -12;
    .port_info 0 /INPUT 32 "i_inst";
    .port_info 1 /INPUT 6 "i_format";
    .port_info 2 /OUTPUT 32 "o_immediate";
v000001817cd06000_0 .net *"_ivl_11", 0 0, L_000001817cd927d0;  1 drivers
v000001817cd07e00_0 .net *"_ivl_12", 20 0, L_000001817cd91c90;  1 drivers
v000001817cd063c0_0 .net *"_ivl_15", 5 0, L_000001817cd91970;  1 drivers
v000001817cd07040_0 .net *"_ivl_17", 4 0, L_000001817cd91a10;  1 drivers
v000001817cd075e0_0 .net *"_ivl_21", 0 0, L_000001817cd91e70;  1 drivers
v000001817cd07ae0_0 .net *"_ivl_22", 19 0, L_000001817cd91ab0;  1 drivers
v000001817cd06280_0 .net *"_ivl_25", 0 0, L_000001817cd92050;  1 drivers
v000001817cd079a0_0 .net *"_ivl_27", 5 0, L_000001817cd91f10;  1 drivers
v000001817cd07fe0_0 .net *"_ivl_29", 3 0, L_000001817cd922d0;  1 drivers
v000001817cd07400_0 .net *"_ivl_3", 0 0, L_000001817cd92690;  1 drivers
L_000001817cd3d1f8 .functor BUFT 1, C4<0>, C4<0>, C4<0>, C4<0>;
v000001817cd065a0_0 .net/2u *"_ivl_30", 0 0, L_000001817cd3d1f8;  1 drivers
v000001817cd07cc0_0 .net *"_ivl_35", 19 0, L_000001817cd92370;  1 drivers
L_000001817cd3d240 .functor BUFT 1, C4<000000000000>, C4<0>, C4<0>, C4<0>;
v000001817cd06e60_0 .net/2u *"_ivl_36", 11 0, L_000001817cd3d240;  1 drivers
v000001817cd07ea0_0 .net *"_ivl_4", 20 0, L_000001817cd91bf0;  1 drivers
v000001817cd06f00_0 .net *"_ivl_41", 0 0, L_000001817cd84950;  1 drivers
v000001817cd06640_0 .net *"_ivl_42", 11 0, L_000001817cd82ab0;  1 drivers
v000001817cd07860_0 .net *"_ivl_45", 7 0, L_000001817cd83d70;  1 drivers
v000001817cd07680_0 .net *"_ivl_47", 0 0, L_000001817cd83b90;  1 drivers
v000001817cd07b80_0 .net *"_ivl_49", 9 0, L_000001817cd82b50;  1 drivers
L_000001817cd3d288 .functor BUFT 1, C4<0>, C4<0>, C4<0>, C4<0>;
v000001817cd06aa0_0 .net/2u *"_ivl_50", 0 0, L_000001817cd3d288;  1 drivers
v000001817cd07720_0 .net *"_ivl_55", 0 0, L_000001817cd84a90;  1 drivers
v000001817cd07c20_0 .net *"_ivl_57", 0 0, L_000001817cd84bd0;  1 drivers
v000001817cd070e0_0 .net *"_ivl_59", 0 0, L_000001817cd83410;  1 drivers
v000001817cd07d60_0 .net *"_ivl_61", 0 0, L_000001817cd83a50;  1 drivers
v000001817cd06960_0 .net *"_ivl_63", 0 0, L_000001817cd84e50;  1 drivers
v000001817cd05880_0 .net *"_ivl_65", 0 0, L_000001817cd84270;  1 drivers
L_000001817cd3d2d0 .functor BUFT 1, C4<00000000000000000000000000000000>, C4<0>, C4<0>, C4<0>;
v000001817cd06460_0 .net/2u *"_ivl_66", 31 0, L_000001817cd3d2d0;  1 drivers
v000001817cd05ec0_0 .net *"_ivl_68", 31 0, L_000001817cd830f0;  1 drivers
v000001817cd07a40_0 .net *"_ivl_7", 10 0, L_000001817cd925f0;  1 drivers
v000001817cd05b00_0 .net *"_ivl_70", 31 0, L_000001817cd839b0;  1 drivers
v000001817cd074a0_0 .net *"_ivl_72", 31 0, L_000001817cd84130;  1 drivers
v000001817cd06c80_0 .net *"_ivl_74", 31 0, L_000001817cd84c70;  1 drivers
v000001817cd05ba0_0 .net *"_ivl_76", 31 0, L_000001817cd83230;  1 drivers
v000001817cd06a00_0 .net "i_format", 5 0, L_000001817cd91510;  alias, 1 drivers
v000001817cd060a0_0 .net "i_inst", 31 0, v000001817cd2ded0_0;  alias, 1 drivers
v000001817cd05c40_0 .net "imm_b", 31 0, L_000001817cd91fb0;  1 drivers
v000001817cd05ce0_0 .net "imm_i", 31 0, L_000001817cd920f0;  1 drivers
v000001817cd07180_0 .net "imm_j", 31 0, L_000001817cd84f90;  1 drivers
L_000001817cd3d1b0 .functor BUFT 1, C4<xxxxxxxxxxxxxxxxxxxxxxxxxxxxxxxx>, C4<0>, C4<0>, C4<0>;
v000001817cd06b40_0 .net "imm_r", 31 0, L_000001817cd3d1b0;  1 drivers
v000001817cd06fa0_0 .net "imm_s", 31 0, L_000001817cd924b0;  1 drivers
v000001817cd06d20_0 .net "imm_u", 31 0, L_000001817cd92410;  1 drivers
v000001817cd05d80_0 .net "o_immediate", 31 0, L_000001817cd83910;  alias, 1 drivers
L_000001817cd92690 .part v000001817cd2ded0_0, 31, 1;
LS_000001817cd91bf0_0_0 .concat [ 1 1 1 1], L_000001817cd92690, L_000001817cd92690, L_000001817cd92690, L_000001817cd92690;
LS_000001817cd91bf0_0_4 .concat [ 1 1 1 1], L_000001817cd92690, L_000001817cd92690, L_000001817cd92690, L_000001817cd92690;
LS_000001817cd91bf0_0_8 .concat [ 1 1 1 1], L_000001817cd92690, L_000001817cd92690, L_000001817cd92690, L_000001817cd92690;
LS_000001817cd91bf0_0_12 .concat [ 1 1 1 1], L_000001817cd92690, L_000001817cd92690, L_000001817cd92690, L_000001817cd92690;
LS_000001817cd91bf0_0_16 .concat [ 1 1 1 1], L_000001817cd92690, L_000001817cd92690, L_000001817cd92690, L_000001817cd92690;
LS_000001817cd91bf0_0_20 .concat [ 1 0 0 0], L_000001817cd92690;
LS_000001817cd91bf0_1_0 .concat [ 4 4 4 4], LS_000001817cd91bf0_0_0, LS_000001817cd91bf0_0_4, LS_000001817cd91bf0_0_8, LS_000001817cd91bf0_0_12;
LS_000001817cd91bf0_1_4 .concat [ 4 1 0 0], LS_000001817cd91bf0_0_16, LS_000001817cd91bf0_0_20;
L_000001817cd91bf0 .concat [ 16 5 0 0], LS_000001817cd91bf0_1_0, LS_000001817cd91bf0_1_4;
L_000001817cd925f0 .part v000001817cd2ded0_0, 20, 11;
L_000001817cd920f0 .concat [ 11 21 0 0], L_000001817cd925f0, L_000001817cd91bf0;
L_000001817cd927d0 .part v000001817cd2ded0_0, 31, 1;
LS_000001817cd91c90_0_0 .concat [ 1 1 1 1], L_000001817cd927d0, L_000001817cd927d0, L_000001817cd927d0, L_000001817cd927d0;
LS_000001817cd91c90_0_4 .concat [ 1 1 1 1], L_000001817cd927d0, L_000001817cd927d0, L_000001817cd927d0, L_000001817cd927d0;
LS_000001817cd91c90_0_8 .concat [ 1 1 1 1], L_000001817cd927d0, L_000001817cd927d0, L_000001817cd927d0, L_000001817cd927d0;
LS_000001817cd91c90_0_12 .concat [ 1 1 1 1], L_000001817cd927d0, L_000001817cd927d0, L_000001817cd927d0, L_000001817cd927d0;
LS_000001817cd91c90_0_16 .concat [ 1 1 1 1], L_000001817cd927d0, L_000001817cd927d0, L_000001817cd927d0, L_000001817cd927d0;
LS_000001817cd91c90_0_20 .concat [ 1 0 0 0], L_000001817cd927d0;
LS_000001817cd91c90_1_0 .concat [ 4 4 4 4], LS_000001817cd91c90_0_0, LS_000001817cd91c90_0_4, LS_000001817cd91c90_0_8, LS_000001817cd91c90_0_12;
LS_000001817cd91c90_1_4 .concat [ 4 1 0 0], LS_000001817cd91c90_0_16, LS_000001817cd91c90_0_20;
L_000001817cd91c90 .concat [ 16 5 0 0], LS_000001817cd91c90_1_0, LS_000001817cd91c90_1_4;
L_000001817cd91970 .part v000001817cd2ded0_0, 25, 6;
L_000001817cd91a10 .part v000001817cd2ded0_0, 7, 5;
L_000001817cd924b0 .concat [ 5 6 21 0], L_000001817cd91a10, L_000001817cd91970, L_000001817cd91c90;
L_000001817cd91e70 .part v000001817cd2ded0_0, 31, 1;
LS_000001817cd91ab0_0_0 .concat [ 1 1 1 1], L_000001817cd91e70, L_000001817cd91e70, L_000001817cd91e70, L_000001817cd91e70;
LS_000001817cd91ab0_0_4 .concat [ 1 1 1 1], L_000001817cd91e70, L_000001817cd91e70, L_000001817cd91e70, L_000001817cd91e70;
LS_000001817cd91ab0_0_8 .concat [ 1 1 1 1], L_000001817cd91e70, L_000001817cd91e70, L_000001817cd91e70, L_000001817cd91e70;
LS_000001817cd91ab0_0_12 .concat [ 1 1 1 1], L_000001817cd91e70, L_000001817cd91e70, L_000001817cd91e70, L_000001817cd91e70;
LS_000001817cd91ab0_0_16 .concat [ 1 1 1 1], L_000001817cd91e70, L_000001817cd91e70, L_000001817cd91e70, L_000001817cd91e70;
LS_000001817cd91ab0_1_0 .concat [ 4 4 4 4], LS_000001817cd91ab0_0_0, LS_000001817cd91ab0_0_4, LS_000001817cd91ab0_0_8, LS_000001817cd91ab0_0_12;
LS_000001817cd91ab0_1_4 .concat [ 4 0 0 0], LS_000001817cd91ab0_0_16;
L_000001817cd91ab0 .concat [ 16 4 0 0], LS_000001817cd91ab0_1_0, LS_000001817cd91ab0_1_4;
L_000001817cd92050 .part v000001817cd2ded0_0, 7, 1;
L_000001817cd91f10 .part v000001817cd2ded0_0, 25, 6;
L_000001817cd922d0 .part v000001817cd2ded0_0, 8, 4;
LS_000001817cd91fb0_0_0 .concat [ 1 4 6 1], L_000001817cd3d1f8, L_000001817cd922d0, L_000001817cd91f10, L_000001817cd92050;
LS_000001817cd91fb0_0_4 .concat [ 20 0 0 0], L_000001817cd91ab0;
L_000001817cd91fb0 .concat [ 12 20 0 0], LS_000001817cd91fb0_0_0, LS_000001817cd91fb0_0_4;
L_000001817cd92370 .part v000001817cd2ded0_0, 12, 20;
L_000001817cd92410 .concat [ 12 20 0 0], L_000001817cd3d240, L_000001817cd92370;
L_000001817cd84950 .part v000001817cd2ded0_0, 31, 1;
LS_000001817cd82ab0_0_0 .concat [ 1 1 1 1], L_000001817cd84950, L_000001817cd84950, L_000001817cd84950, L_000001817cd84950;
LS_000001817cd82ab0_0_4 .concat [ 1 1 1 1], L_000001817cd84950, L_000001817cd84950, L_000001817cd84950, L_000001817cd84950;
LS_000001817cd82ab0_0_8 .concat [ 1 1 1 1], L_000001817cd84950, L_000001817cd84950, L_000001817cd84950, L_000001817cd84950;
L_000001817cd82ab0 .concat [ 4 4 4 0], LS_000001817cd82ab0_0_0, LS_000001817cd82ab0_0_4, LS_000001817cd82ab0_0_8;
L_000001817cd83d70 .part v000001817cd2ded0_0, 12, 8;
L_000001817cd83b90 .part v000001817cd2ded0_0, 20, 1;
L_000001817cd82b50 .part v000001817cd2ded0_0, 21, 10;
LS_000001817cd84f90_0_0 .concat [ 1 10 1 8], L_000001817cd3d288, L_000001817cd82b50, L_000001817cd83b90, L_000001817cd83d70;
LS_000001817cd84f90_0_4 .concat [ 12 0 0 0], L_000001817cd82ab0;
L_000001817cd84f90 .concat [ 20 12 0 0], LS_000001817cd84f90_0_0, LS_000001817cd84f90_0_4;
L_000001817cd84a90 .part L_000001817cd91510, 0, 1;
L_000001817cd84bd0 .part L_000001817cd91510, 1, 1;
L_000001817cd83410 .part L_000001817cd91510, 2, 1;
L_000001817cd83a50 .part L_000001817cd91510, 3, 1;
L_000001817cd84e50 .part L_000001817cd91510, 4, 1;
L_000001817cd84270 .part L_000001817cd91510, 5, 1;
L_000001817cd830f0 .functor MUXZ 32, L_000001817cd3d2d0, L_000001817cd84f90, L_000001817cd84270, C4<>;
L_000001817cd839b0 .functor MUXZ 32, L_000001817cd830f0, L_000001817cd92410, L_000001817cd84e50, C4<>;
L_000001817cd84130 .functor MUXZ 32, L_000001817cd839b0, L_000001817cd91fb0, L_000001817cd83a50, C4<>;
L_000001817cd84c70 .functor MUXZ 32, L_000001817cd84130, L_000001817cd924b0, L_000001817cd83410, C4<>;
L_000001817cd83230 .functor MUXZ 32, L_000001817cd84c70, L_000001817cd920f0, L_000001817cd84bd0, C4<>;
L_000001817cd83910 .functor MUXZ 32, L_000001817cd83230, L_000001817cd3d1b0, L_000001817cd84a90, C4<>;
S_000001817ca56660 .scope module, "rf_rw" "rf" 5 88, 7 8 0, S_000001817ca753d0;
 .timescale -9 -12;
    .port_info 0 /INPUT 1 "i_clk";
    .port_info 1 /INPUT 1 "i_rst";
    .port_info 2 /INPUT 5 "i_rs1_raddr";
    .port_info 3 /OUTPUT 32 "o_rs1_rdata";
    .port_info 4 /INPUT 5 "i_rs2_raddr";
    .port_info 5 /OUTPUT 32 "o_rs2_rdata";
    .port_info 6 /INPUT 1 "i_rd_wen";
    .port_info 7 /INPUT 5 "i_rd_waddr";
    .port_info 8 /INPUT 32 "i_rd_wdata";
P_000001817cc603f0 .param/l "BYPASS_EN" 0 7 17, +C4<00000000000000000000000000000001>;
L_000001817cd3ce08 .functor BUFT 1, C4<1>, C4<0>, C4<0>, C4<0>;
L_000001817cdb66e0 .functor AND 1, L_000001817cd3ce08, L_000001817cdd17d0, C4<1>, C4<1>;
L_000001817cdb64b0 .functor AND 1, L_000001817cdb66e0, L_000001817cd90ed0, C4<1>, C4<1>;
L_000001817cdb6fa0 .functor AND 1, L_000001817cdb64b0, L_000001817cd90f70, C4<1>, C4<1>;
L_000001817cd3ce98 .functor BUFT 1, C4<1>, C4<0>, C4<0>, C4<0>;
L_000001817cdb78d0 .functor AND 1, L_000001817cd3ce98, L_000001817cdd17d0, C4<1>, C4<1>;
L_000001817cdb6520 .functor AND 1, L_000001817cdb78d0, L_000001817cd915b0, C4<1>, C4<1>;
L_000001817cdb7010 .functor AND 1, L_000001817cdb6520, L_000001817cd91650, C4<1>, C4<1>;
v000001817cd06820_0 .net/2u *"_ivl_0", 0 0, L_000001817cd3ce08;  1 drivers
v000001817cd06be0_0 .net *"_ivl_10", 0 0, L_000001817cd90f70;  1 drivers
v000001817cd07540_0 .net/2u *"_ivl_14", 0 0, L_000001817cd3ce98;  1 drivers
v000001817cd06dc0_0 .net *"_ivl_17", 0 0, L_000001817cdb78d0;  1 drivers
L_000001817cd3cee0 .functor BUFT 1, C4<00000>, C4<0>, C4<0>, C4<0>;
v000001817cd05e20_0 .net/2u *"_ivl_18", 4 0, L_000001817cd3cee0;  1 drivers
v000001817cd05f60_0 .net *"_ivl_20", 0 0, L_000001817cd915b0;  1 drivers
v000001817cd068c0_0 .net *"_ivl_23", 0 0, L_000001817cdb6520;  1 drivers
v000001817cd06140_0 .net *"_ivl_24", 0 0, L_000001817cd91650;  1 drivers
L_000001817cd3cf28 .functor BUFT 1, C4<00000000000000000000000000000000>, C4<0>, C4<0>, C4<0>;
v000001817cd06320_0 .net/2u *"_ivl_28", 31 0, L_000001817cd3cf28;  1 drivers
v000001817cd066e0_0 .net *"_ivl_3", 0 0, L_000001817cdb66e0;  1 drivers
L_000001817cd3cf70 .functor BUFT 1, C4<00000>, C4<0>, C4<0>, C4<0>;
v000001817cd07220_0 .net/2u *"_ivl_30", 4 0, L_000001817cd3cf70;  1 drivers
v000001817cd072c0_0 .net *"_ivl_32", 0 0, L_000001817cd901b0;  1 drivers
L_000001817cd3cfb8 .functor BUFT 1, C4<00000000000000000000000000000000>, C4<0>, C4<0>, C4<0>;
v000001817cd09160_0 .net/2u *"_ivl_34", 31 0, L_000001817cd3cfb8;  1 drivers
v000001817cd0a6a0_0 .net *"_ivl_36", 31 0, L_000001817cd91010;  1 drivers
v000001817cd08080_0 .net *"_ivl_38", 6 0, L_000001817cd8f990;  1 drivers
L_000001817cd3ce50 .functor BUFT 1, C4<00000>, C4<0>, C4<0>, C4<0>;
v000001817cd08a80_0 .net/2u *"_ivl_4", 4 0, L_000001817cd3ce50;  1 drivers
L_000001817cd3d000 .functor BUFT 1, C4<00>, C4<0>, C4<0>, C4<0>;
v000001817cd09020_0 .net *"_ivl_41", 1 0, L_000001817cd3d000;  1 drivers
v000001817cd08120_0 .net *"_ivl_42", 31 0, L_000001817cd910b0;  1 drivers
v000001817cd0a060_0 .net *"_ivl_44", 31 0, L_000001817cd911f0;  1 drivers
L_000001817cd3d048 .functor BUFT 1, C4<00000000000000000000000000000000>, C4<0>, C4<0>, C4<0>;
v000001817cd081c0_0 .net/2u *"_ivl_48", 31 0, L_000001817cd3d048;  1 drivers
L_000001817cd3d090 .functor BUFT 1, C4<00000>, C4<0>, C4<0>, C4<0>;
v000001817cd09b60_0 .net/2u *"_ivl_50", 4 0, L_000001817cd3d090;  1 drivers
v000001817cd09700_0 .net *"_ivl_52", 0 0, L_000001817cd91dd0;  1 drivers
L_000001817cd3d0d8 .functor BUFT 1, C4<00000000000000000000000000000000>, C4<0>, C4<0>, C4<0>;
v000001817cd08260_0 .net/2u *"_ivl_54", 31 0, L_000001817cd3d0d8;  1 drivers
v000001817cd09ac0_0 .net *"_ivl_56", 31 0, L_000001817cd91d30;  1 drivers
v000001817cd08bc0_0 .net *"_ivl_58", 6 0, L_000001817cd92730;  1 drivers
v000001817cd0a420_0 .net *"_ivl_6", 0 0, L_000001817cd90ed0;  1 drivers
L_000001817cd3d120 .functor BUFT 1, C4<00>, C4<0>, C4<0>, C4<0>;
v000001817cd08300_0 .net *"_ivl_61", 1 0, L_000001817cd3d120;  1 drivers
v000001817cd0a100_0 .net *"_ivl_62", 31 0, L_000001817cd92230;  1 drivers
v000001817cd08c60_0 .net *"_ivl_64", 31 0, L_000001817cd92550;  1 drivers
v000001817cd0a740_0 .net *"_ivl_9", 0 0, L_000001817cdb64b0;  1 drivers
v000001817cd09980_0 .net "i_clk", 0 0, v000001817cd35b30_0;  alias, 1 drivers
v000001817cd09d40_0 .net "i_rd_waddr", 4 0, v000001817cd31850_0;  alias, 1 drivers
v000001817cd09c00_0 .net "i_rd_wdata", 31 0, L_000001817cd89310;  alias, 1 drivers
v000001817cd086c0_0 .net "i_rd_wen", 0 0, L_000001817cdd17d0;  alias, 1 drivers
v000001817cd083a0_0 .net "i_rs1_raddr", 4 0, L_000001817cd8fb70;  alias, 1 drivers
v000001817cd097a0_0 .net "i_rs2_raddr", 4 0, L_000001817cd8fc10;  alias, 1 drivers
v000001817cd0a1a0_0 .net "i_rst", 0 0, v000001817cd37f70_0;  alias, 1 drivers
v000001817cd09200_0 .net "o_rs1_rdata", 31 0, L_000001817cd91330;  alias, 1 drivers
v000001817cd0a600_0 .net "o_rs2_rdata", 31 0, L_000001817cd91b50;  alias, 1 drivers
v000001817cd08d00 .array "regs", 31 0, 31 0;
v000001817cd08760_0 .net "rs1_bypass_hit", 0 0, L_000001817cdb6fa0;  1 drivers
v000001817cd092a0_0 .net "rs2_bypass_hit", 0 0, L_000001817cdb7010;  1 drivers
L_000001817cd90ed0 .cmp/ne 5, v000001817cd31850_0, L_000001817cd3ce50;
L_000001817cd90f70 .cmp/eq 5, L_000001817cd8fb70, v000001817cd31850_0;
L_000001817cd915b0 .cmp/ne 5, v000001817cd31850_0, L_000001817cd3cee0;
L_000001817cd91650 .cmp/eq 5, L_000001817cd8fc10, v000001817cd31850_0;
L_000001817cd901b0 .cmp/eq 5, L_000001817cd8fb70, L_000001817cd3cf70;
L_000001817cd91010 .array/port v000001817cd08d00, L_000001817cd8f990;
L_000001817cd8f990 .concat [ 5 2 0 0], L_000001817cd8fb70, L_000001817cd3d000;
L_000001817cd910b0 .functor MUXZ 32, L_000001817cd91010, L_000001817cd89310, L_000001817cdb6fa0, C4<>;
L_000001817cd911f0 .functor MUXZ 32, L_000001817cd910b0, L_000001817cd3cfb8, L_000001817cd901b0, C4<>;
L_000001817cd91330 .functor MUXZ 32, L_000001817cd911f0, L_000001817cd3cf28, v000001817cd37f70_0, C4<>;
L_000001817cd91dd0 .cmp/eq 5, L_000001817cd8fc10, L_000001817cd3d090;
L_000001817cd91d30 .array/port v000001817cd08d00, L_000001817cd92730;
L_000001817cd92730 .concat [ 5 2 0 0], L_000001817cd8fc10, L_000001817cd3d120;
L_000001817cd92230 .functor MUXZ 32, L_000001817cd91d30, L_000001817cd89310, L_000001817cdb7010, C4<>;
L_000001817cd92550 .functor MUXZ 32, L_000001817cd92230, L_000001817cd3d0d8, L_000001817cd91dd0, C4<>;
L_000001817cd91b50 .functor MUXZ 32, L_000001817cd92550, L_000001817cd3d048, v000001817cd37f70_0, C4<>;
S_000001817c64d0d0 .scope module, "u_execute" "execute" 3 675, 8 1 0, S_000001817cac95c0;
 .timescale -9 -12;
    .port_info 0 /INPUT 3 "AluOp";
    .port_info 1 /INPUT 3 "Func3";
    .port_info 2 /INPUT 7 "Func7";
    .port_info 3 /INPUT 7 "opcode";
    .port_info 4 /INPUT 32 "Operand1";
    .port_info 5 /INPUT 32 "Operand2";
    .port_info 6 /OUTPUT 32 "AluResult";
    .port_info 7 /OUTPUT 1 "ALUeq";
    .port_info 8 /OUTPUT 1 "ALUslt";
v000001817cd0ccb0_0 .net "ALUeq", 0 0, L_000001817cd87330;  alias, 1 drivers
v000001817cd0b130_0 .net "ALUslt", 0 0, L_000001817cdb9cb0;  alias, 1 drivers
v000001817cd0b1d0_0 .net "AluControl_arith", 0 0, v000001817cd12f70_0;  1 drivers
v000001817cd0b9f0_0 .net "AluControl_opsel", 2 0, v000001817cd12c50_0;  1 drivers
v000001817cd0cb70_0 .net "AluControl_sub", 0 0, v000001817cd12d90_0;  1 drivers
v000001817cd0cc10_0 .net "AluControl_unsigned", 0 0, v000001817cd0cf30_0;  1 drivers
v000001817cd0c350_0 .net "AluOp", 2 0, v000001817cd2c7b0_0;  1 drivers
v000001817cd0b270_0 .net "AluResult", 31 0, v000001817cd12a70_0;  alias, 1 drivers
v000001817cd0bbd0_0 .net "Func3", 2 0, v000001817cd2b270_0;  1 drivers
v000001817cd0d6b0_0 .net "Func7", 6 0, v000001817cd2cd50_0;  1 drivers
v000001817cd0c670_0 .net "Operand1", 31 0, L_000001817cd835f0;  alias, 1 drivers
v000001817cd0be50_0 .net "Operand2", 31 0, L_000001817cd83050;  alias, 1 drivers
v000001817cd0d070_0 .net "opcode", 6 0, v000001817cd2d070_0;  1 drivers
S_000001817c64d260 .scope module, "u_alu" "alu" 8 42, 9 8 0, S_000001817c64d0d0;
 .timescale -9 -12;
    .port_info 0 /INPUT 3 "i_opsel";
    .port_info 1 /INPUT 1 "i_sub";
    .port_info 2 /INPUT 1 "i_unsigned";
    .port_info 3 /INPUT 1 "i_arith";
    .port_info 4 /INPUT 32 "i_op1";
    .port_info 5 /INPUT 32 "i_op2";
    .port_info 6 /OUTPUT 32 "o_result";
    .port_info 7 /OUTPUT 1 "o_eq";
    .port_info 8 /OUTPUT 1 "o_slt";
L_000001817cdb8040 .functor NOT 1, L_000001817cd86930, C4<0>, C4<0>, C4<0>;
L_000001817cdb9e70 .functor AND 1, L_000001817cd87010, L_000001817cdb8040, C4<1>, C4<1>;
L_000001817cdb99a0 .functor XOR 1, L_000001817cd876f0, L_000001817cd86110, C4<0>, C4<0>;
L_000001817cdb9b60 .functor NOT 1, L_000001817cdb99a0, C4<0>, C4<0>, C4<0>;
L_000001817cdb9c40 .functor AND 1, L_000001817cdb9b60, L_000001817cd85c10, C4<1>, C4<1>;
L_000001817cdb9a80 .functor OR 1, L_000001817cdb9e70, L_000001817cdb9c40, C4<0>, C4<0>;
L_000001817cdb9a10 .functor AND 1, v000001817cd0cf30_0, L_000001817cd85c10, C4<1>, C4<1>;
L_000001817cdb9af0 .functor NOT 1, v000001817cd0cf30_0, C4<0>, C4<0>, C4<0>;
L_000001817cdb9f50 .functor AND 1, L_000001817cdb9af0, L_000001817cdb9a80, C4<1>, C4<1>;
L_000001817cdb9cb0 .functor OR 1, L_000001817cdb9a10, L_000001817cdb9f50, C4<0>, C4<0>;
v000001817cd11490_0 .net *"_ivl_10", 0 0, L_000001817cdb9e70;  1 drivers
v000001817cd110d0_0 .net *"_ivl_13", 0 0, L_000001817cd876f0;  1 drivers
v000001817cd10d10_0 .net *"_ivl_15", 0 0, L_000001817cd86110;  1 drivers
v000001817cd11d50_0 .net *"_ivl_16", 0 0, L_000001817cdb99a0;  1 drivers
v000001817cd11990_0 .net *"_ivl_18", 0 0, L_000001817cdb9b60;  1 drivers
v000001817cd10270_0 .net *"_ivl_20", 0 0, L_000001817cdb9c40;  1 drivers
v000001817cd127f0_0 .net *"_ivl_26", 0 0, L_000001817cdb9a10;  1 drivers
v000001817cd11e90_0 .net *"_ivl_28", 0 0, L_000001817cdb9af0;  1 drivers
v000001817cd121b0_0 .net *"_ivl_30", 0 0, L_000001817cdb9f50;  1 drivers
v000001817cd12250_0 .net *"_ivl_5", 0 0, L_000001817cd87010;  1 drivers
v000001817cd115d0_0 .net *"_ivl_7", 0 0, L_000001817cd86930;  1 drivers
v000001817cd10090_0 .net *"_ivl_8", 0 0, L_000001817cdb8040;  1 drivers
v000001817cd10130_0 .net "i_arith", 0 0, v000001817cd12f70_0;  alias, 1 drivers
v000001817cd10450_0 .net "i_op1", 31 0, L_000001817cd835f0;  alias, 1 drivers
v000001817cd104f0_0 .net "i_op2", 31 0, L_000001817cd83050;  alias, 1 drivers
v000001817cd10770_0 .net "i_opsel", 2 0, v000001817cd12c50_0;  alias, 1 drivers
v000001817cd10810_0 .net "i_sub", 0 0, v000001817cd12d90_0;  alias, 1 drivers
v000001817cd10950_0 .net "i_unsigned", 0 0, v000001817cd0cf30_0;  alias, 1 drivers
v000001817cd10a90_0 .net "lt_signed", 0 0, L_000001817cdb9a80;  1 drivers
v000001817cd12cf0_0 .net "lt_unsigned", 0 0, L_000001817cd85c10;  1 drivers
v000001817cd12890_0 .net "o_eq", 0 0, L_000001817cd87330;  alias, 1 drivers
v000001817cd12e30_0 .net "o_result", 31 0, v000001817cd12a70_0;  alias, 1 drivers
v000001817cd129d0_0 .net "o_slt", 0 0, L_000001817cdb9cb0;  alias, 1 drivers
v000001817cd12a70_0 .var "result", 31 0;
v000001817cd12b10_0 .net "shamt", 4 0, L_000001817cd85cb0;  1 drivers
v000001817cd12bb0_0 .var "sll_result", 31 0;
v000001817cd12ed0_0 .var "sra_result", 31 0;
v000001817cd12930_0 .var "srl_result", 31 0;
E_000001817cc60430/0 .event anyedge, v000001817cd10770_0, v000001817cd10810_0, v000001817cd10450_0, v000001817cd104f0_0;
E_000001817cc60430/1 .event anyedge, v000001817cd12bb0_0, v000001817cd129d0_0, v000001817cd10130_0, v000001817cd12930_0;
E_000001817cc60430/2 .event anyedge, v000001817cd12ed0_0;
E_000001817cc60430 .event/or E_000001817cc60430/0, E_000001817cc60430/1, E_000001817cc60430/2;
E_000001817cc604f0 .event anyedge, v000001817cd12b10_0, v000001817cd10450_0;
L_000001817cd85cb0 .part L_000001817cd83050, 0, 5;
L_000001817cd85c10 .cmp/gt 32, L_000001817cd83050, L_000001817cd835f0;
L_000001817cd87010 .part L_000001817cd835f0, 31, 1;
L_000001817cd86930 .part L_000001817cd83050, 31, 1;
L_000001817cd876f0 .part L_000001817cd835f0, 31, 1;
L_000001817cd86110 .part L_000001817cd83050, 31, 1;
L_000001817cd87330 .cmp/eq 32, L_000001817cd835f0, L_000001817cd83050;
S_000001817cca3a30 .scope module, "u_alu_control_unit" "alu_control_unit" 8 28, 10 1 0, S_000001817c64d0d0;
 .timescale -9 -12;
    .port_info 0 /INPUT 3 "AluOp";
    .port_info 1 /INPUT 3 "Func3";
    .port_info 2 /INPUT 7 "Func7";
    .port_info 3 /INPUT 7 "opcode";
    .port_info 4 /OUTPUT 3 "AluControl_opsel";
    .port_info 5 /OUTPUT 1 "AluControl_sub";
    .port_info 6 /OUTPUT 1 "AluControl_unsigned";
    .port_info 7 /OUTPUT 1 "AluControl_arith";
v000001817cd12f70_0 .var "AluControl_arith", 0 0;
v000001817cd12c50_0 .var "AluControl_opsel", 2 0;
v000001817cd12d90_0 .var "AluControl_sub", 0 0;
v000001817cd0cf30_0 .var "AluControl_unsigned", 0 0;
v000001817cd0c530_0 .net "AluOp", 2 0, v000001817cd2c7b0_0;  alias, 1 drivers
v000001817cd0b950_0 .net "Func3", 2 0, v000001817cd2b270_0;  alias, 1 drivers
v000001817cd0b310_0 .net "Func7", 6 0, v000001817cd2cd50_0;  alias, 1 drivers
v000001817cd0cad0_0 .net "opcode", 6 0, v000001817cd2d070_0;  alias, 1 drivers
E_000001817cc60c30 .event anyedge, v000001817cd0c530_0, v000001817cd0cad0_0, v000001817cd0b950_0, v000001817cd0b310_0;
S_000001817cca3bc0 .scope module, "u_icache" "cache" 3 468, 4 3 0, S_000001817cac95c0;
 .timescale -9 -12;
    .port_info 0 /INPUT 1 "i_clk";
    .port_info 1 /INPUT 1 "i_rst";
    .port_info 2 /INPUT 1 "i_mem_ready";
    .port_info 3 /OUTPUT 32 "o_mem_addr";
    .port_info 4 /OUTPUT 1 "o_mem_ren";
    .port_info 5 /OUTPUT 1 "o_mem_wen";
    .port_info 6 /OUTPUT 32 "o_mem_wdata";
    .port_info 7 /INPUT 32 "i_mem_rdata";
    .port_info 8 /INPUT 1 "i_mem_valid";
    .port_info 9 /OUTPUT 1 "o_busy";
    .port_info 10 /INPUT 32 "i_req_addr";
    .port_info 11 /INPUT 1 "i_req_ren";
    .port_info 12 /INPUT 1 "i_req_wen";
    .port_info 13 /INPUT 4 "i_req_mask";
    .port_info 14 /INPUT 32 "i_req_wdata";
    .port_info 15 /OUTPUT 32 "o_res_rdata";
P_000001817cca3d50 .param/l "D" 1 4 25, +C4<00000000000000000000000000000100>;
P_000001817cca3d88 .param/l "DEPTH" 1 4 23, +C4<00000000000000000000000000100000>;
P_000001817cca3dc0 .param/l "O" 1 4 21, +C4<00000000000000000000000000000100>;
P_000001817cca3df8 .param/l "S" 1 4 22, +C4<00000000000000000000000000000101>;
P_000001817cca3e30 .param/l "STATE_IDLE" 1 4 27, C4<00>;
P_000001817cca3e68 .param/l "STATE_REFILL_REQ" 1 4 28, C4<01>;
P_000001817cca3ea0 .param/l "STATE_REFILL_WAIT" 1 4 29, C4<10>;
P_000001817cca3ed8 .param/l "STATE_WRITE_REQ" 1 4 30, C4<11>;
P_000001817cca3f10 .param/l "T" 1 4 24, +C4<0000000000000000000000000000010111>;
P_000001817cca3f48 .param/l "WB_COUNT_W" 1 4 34, +C4<00000000000000000000000000000100>;
P_000001817cca3f80 .param/l "WB_DEPTH" 1 4 32, +C4<00000000000000000000000000001000>;
P_000001817cca3fb8 .param/l "WB_PTR_W" 1 4 33, +C4<00000000000000000000000000000011>;
L_000001817cc30470 .functor AND 1, L_000001817cd37cf0, L_000001817cd8a530, C4<1>, C4<1>;
L_000001817cc30b00 .functor AND 1, L_000001817cd8b890, L_000001817cd8a670, C4<1>, C4<1>;
L_000001817cc30400 .functor OR 1, L_000001817cc30470, L_000001817cc30b00, C4<0>, C4<0>;
L_000001817cc304e0 .functor BUFZ 32, L_000001817cd8a710, C4<00000000000000000000000000000000>, C4<00000000000000000000000000000000>, C4<00000000000000000000000000000000>;
L_000001817cc30d30 .functor BUFZ 32, L_000001817cd8b9d0, C4<00000000000000000000000000000000>, C4<00000000000000000000000000000000>, C4<00000000000000000000000000000000>;
L_000001817cc30da0 .functor NOT 1, L_000001817cc30400, C4<0>, C4<0>, C4<0>;
L_000001817cc30e10 .functor AND 1, L_000001817cabdb40, L_000001817cc30da0, C4<1>, C4<1>;
L_000001817cc30940 .functor NOT 1, L_000001817cc30400, C4<0>, C4<0>, C4<0>;
L_000001817cd3b860 .functor BUFT 1, C4<0>, C4<0>, C4<0>, C4<0>;
L_000001817cc30710 .functor AND 1, L_000001817cd3b860, L_000001817cc30940, C4<1>, C4<1>;
L_000001817cc31200 .functor NOT 1, L_000001817cd37cf0, C4<0>, C4<0>, C4<0>;
L_000001817cc33730 .functor NOT 1, L_000001817cd8b890, C4<0>, C4<0>, C4<0>;
L_000001817cc32fc0 .functor BUFZ 1, L_000001817cc30b00, C4<0>, C4<0>, C4<0>;
L_000001817cc331f0 .functor OR 32, L_000001817cd8a350, L_000001817cd8c8d0, C4<00000000000000000000000000000000>, C4<00000000000000000000000000000000>;
L_000001817cd3afa8 .functor BUFT 1, C4<0>, C4<0>, C4<0>, C4<0>;
L_000001817cc32d90 .functor XNOR 1, v000001817cd14310_0, L_000001817cd3afa8, C4<0>, C4<0>;
L_000001817cc330a0 .functor OR 1, L_000001817cc30e10, L_000001817cc30710, C4<0>, C4<0>;
L_000001817cc31e40 .functor AND 1, L_000001817cd8bf70, L_000001817cc330a0, C4<1>, C4<1>;
L_000001817cc32230 .functor AND 1, L_000001817cd8c010, L_000001817cd8c0b0, C4<1>, C4<1>;
L_000001817cc31eb0 .functor AND 1, L_000001817cc32230, L_000001817cd8c330, C4<1>, C4<1>;
L_000001817cc337a0 .functor AND 1, L_000001817cc31eb0, L_000001817cdd16f0, C4<1>, C4<1>;
L_000001817cc32e00 .functor NOT 1, L_000001817cc31e40, C4<0>, C4<0>, C4<0>;
L_000001817cc320e0 .functor AND 1, L_000001817cc337a0, L_000001817cc32e00, C4<1>, C4<1>;
L_000001817cc32620 .functor OR 1, L_000001817cd8af30, L_000001817cc320e0, C4<0>, C4<0>;
L_000001817cc33880 .functor AND 1, L_000001817cd8c3d0, L_000001817cd3b860, C4<1>, C4<1>;
L_000001817cc332d0 .functor AND 1, L_000001817cc33880, L_000001817cc30400, C4<1>, C4<1>;
L_000001817cc33650 .functor AND 1, L_000001817cc332d0, L_000001817cc32620, C4<1>, C4<1>;
L_000001817cc32c40 .functor AND 1, L_000001817cd8a5d0, L_000001817cd3b860, C4<1>, C4<1>;
L_000001817cc31cf0 .functor AND 1, L_000001817cc32c40, L_000001817cc30400, C4<1>, C4<1>;
L_000001817cc32cb0 .functor NOT 1, L_000001817cc32620, C4<0>, C4<0>, C4<0>;
L_000001817cc32d20 .functor AND 1, L_000001817cc31cf0, L_000001817cc32cb0, C4<1>, C4<1>;
L_000001817cc32460 .functor AND 1, L_000001817cd8aad0, L_000001817cc32620, C4<1>, C4<1>;
L_000001817cc32e70 .functor OR 1, L_000001817cc33650, L_000001817cc32460, C4<0>, C4<0>;
L_000001817cc324d0 .functor AND 1, L_000001817cd8e130, L_000001817cdd16f0, C4<1>, C4<1>;
L_000001817cc336c0 .functor BUFZ 1, L_000001817cc320e0, C4<0>, C4<0>, C4<0>;
L_000001817cc32380 .functor OR 1, L_000001817cc30e10, L_000001817cc30710, C4<0>, C4<0>;
L_000001817cc32310 .functor OR 1, L_000001817cc32380, L_000001817cc32d20, C4<0>, C4<0>;
L_000001817cc32ee0 .functor AND 1, L_000001817cd8ebd0, L_000001817cc32310, C4<1>, C4<1>;
L_000001817cc328c0 .functor OR 1, L_000001817cd8cab0, L_000001817cc32ee0, C4<0>, C4<0>;
L_000001817cc32540 .functor BUFZ 32, L_000001817cd8ac10, C4<00000000000000000000000000000000>, C4<00000000000000000000000000000000>, C4<00000000000000000000000000000000>;
v000001817cd0d430_0 .net *"_ivl_100", 12 0, L_000001817cd8bbb0;  1 drivers
L_000001817cd3ad68 .functor BUFT 1, C4<00000000000000000000000000000000>, C4<0>, C4<0>, C4<0>;
v000001817cd0c850_0 .net/2u *"_ivl_104", 31 0, L_000001817cd3ad68;  1 drivers
v000001817cd0bc70_0 .net *"_ivl_106", 31 0, L_000001817cd8ad50;  1 drivers
L_000001817cd3a8e8 .functor BUFT 1, C4<00>, C4<0>, C4<0>, C4<0>;
v000001817cd0bb30_0 .net *"_ivl_11", 1 0, L_000001817cd3a8e8;  1 drivers
v000001817cd0b090_0 .net *"_ivl_110", 0 0, L_000001817cc30da0;  1 drivers
v000001817cd0c8f0_0 .net *"_ivl_114", 0 0, L_000001817cc30940;  1 drivers
v000001817cd0c210_0 .net *"_ivl_118", 0 0, L_000001817cc31200;  1 drivers
L_000001817cd3adb0 .functor BUFT 1, C4<0>, C4<0>, C4<0>, C4<0>;
v000001817cd0bef0_0 .net/2u *"_ivl_120", 0 0, L_000001817cd3adb0;  1 drivers
v000001817cd0bdb0_0 .net *"_ivl_122", 0 0, L_000001817cc33730;  1 drivers
L_000001817cd3adf8 .functor BUFT 1, C4<1>, C4<0>, C4<0>, C4<0>;
v000001817cd0cfd0_0 .net/2u *"_ivl_124", 0 0, L_000001817cd3adf8;  1 drivers
v000001817cd0c990_0 .net *"_ivl_126", 0 0, L_000001817cd8b570;  1 drivers
v000001817cd0bf90_0 .net *"_ivl_128", 6 0, L_000001817cd8be30;  1 drivers
L_000001817cd3ae40 .functor BUFT 1, C4<00>, C4<0>, C4<0>, C4<0>;
v000001817cd0b4f0_0 .net *"_ivl_131", 1 0, L_000001817cd3ae40;  1 drivers
v000001817cd0cdf0_0 .net *"_ivl_132", 0 0, L_000001817cd8bc50;  1 drivers
v000001817cd0c030_0 .net *"_ivl_14", 1 0, L_000001817cd386f0;  1 drivers
L_000001817cd3ae88 .functor BUFT 1, C4<0000>, C4<0>, C4<0>, C4<0>;
v000001817cd0c490_0 .net/2u *"_ivl_140", 3 0, L_000001817cd3ae88;  1 drivers
L_000001817cd3aed0 .functor BUFT 1, C4<0000000000000000000000000000>, C4<0>, C4<0>, C4<0>;
v000001817cd0c170_0 .net/2u *"_ivl_144", 27 0, L_000001817cd3aed0;  1 drivers
L_000001817cd3af18 .functor BUFT 1, C4<00>, C4<0>, C4<0>, C4<0>;
v000001817cd0c2b0_0 .net/2u *"_ivl_146", 1 0, L_000001817cd3af18;  1 drivers
v000001817cd0c5d0_0 .net *"_ivl_148", 31 0, L_000001817cd8c8d0;  1 drivers
L_000001817cd3af60 .functor BUFT 1, C4<00>, C4<0>, C4<0>, C4<0>;
v000001817cd0c710_0 .net/2u *"_ivl_152", 1 0, L_000001817cd3af60;  1 drivers
v000001817cd0c7b0_0 .net/2u *"_ivl_156", 0 0, L_000001817cd3afa8;  1 drivers
v000001817cd0ca30_0 .net *"_ivl_158", 0 0, L_000001817cc32d90;  1 drivers
v000001817cd0ce90_0 .net *"_ivl_16", 6 0, L_000001817cd38790;  1 drivers
v000001817cd0d110_0 .net *"_ivl_160", 31 0, L_000001817cd8b390;  1 drivers
v000001817cd0d4d0_0 .net *"_ivl_162", 9 0, L_000001817cd8adf0;  1 drivers
L_000001817cd3aff0 .functor BUFT 1, C4<00000>, C4<0>, C4<0>, C4<0>;
v000001817cd0d1b0_0 .net *"_ivl_165", 4 0, L_000001817cd3aff0;  1 drivers
v000001817cd0d750_0 .net *"_ivl_166", 11 0, L_000001817cd8ba70;  1 drivers
L_000001817cd3b038 .functor BUFT 1, C4<00>, C4<0>, C4<0>, C4<0>;
v000001817cd0d250_0 .net *"_ivl_169", 1 0, L_000001817cd3b038;  1 drivers
L_000001817cd3b080 .functor BUFT 1, C4<000000000100>, C4<0>, C4<0>, C4<0>;
v000001817cd0d2f0_0 .net/2u *"_ivl_170", 11 0, L_000001817cd3b080;  1 drivers
v000001817cd0d390_0 .net *"_ivl_173", 11 0, L_000001817cd8bcf0;  1 drivers
v000001817cd0d570_0 .net *"_ivl_174", 3 0, L_000001817cd8b430;  1 drivers
L_000001817cd3b0c8 .functor BUFT 1, C4<00>, C4<0>, C4<0>, C4<0>;
v000001817cd0d610_0 .net *"_ivl_177", 1 0, L_000001817cd3b0c8;  1 drivers
L_000001817cd3b110 .functor BUFT 1, C4<0>, C4<0>, C4<0>, C4<0>;
v000001817cd0b590_0 .net *"_ivl_180", 0 0, L_000001817cd3b110;  1 drivers
v000001817cd0d7f0_0 .net *"_ivl_181", 12 0, L_000001817cd8b610;  1 drivers
L_000001817cd3b158 .functor BUFT 1, C4<000000000>, C4<0>, C4<0>, C4<0>;
v000001817cd0b630_0 .net *"_ivl_184", 8 0, L_000001817cd3b158;  1 drivers
v000001817cd0b6d0_0 .net *"_ivl_185", 12 0, L_000001817cd8b6b0;  1 drivers
v000001817cd0b770_0 .net *"_ivl_186", 12 0, L_000001817cd8a3f0;  1 drivers
v000001817cd0b810_0 .net *"_ivl_188", 31 0, L_000001817cd8b070;  1 drivers
L_000001817cd3a930 .functor BUFT 1, C4<00>, C4<0>, C4<0>, C4<0>;
v000001817cd0b8b0_0 .net *"_ivl_19", 1 0, L_000001817cd3a930;  1 drivers
v000001817cd0ebf0_0 .net *"_ivl_190", 9 0, L_000001817cd8c150;  1 drivers
L_000001817cd3b1a0 .functor BUFT 1, C4<00000>, C4<0>, C4<0>, C4<0>;
v000001817cd0df70_0 .net *"_ivl_193", 4 0, L_000001817cd3b1a0;  1 drivers
v000001817cd0ed30_0 .net *"_ivl_194", 11 0, L_000001817cd8b750;  1 drivers
L_000001817cd3b1e8 .functor BUFT 1, C4<00>, C4<0>, C4<0>, C4<0>;
v000001817cd0fa50_0 .net *"_ivl_197", 1 0, L_000001817cd3b1e8;  1 drivers
L_000001817cd3b230 .functor BUFT 1, C4<000000000100>, C4<0>, C4<0>, C4<0>;
v000001817cd0faf0_0 .net/2u *"_ivl_198", 11 0, L_000001817cd3b230;  1 drivers
v000001817cd0feb0_0 .net *"_ivl_201", 11 0, L_000001817cd8bb10;  1 drivers
v000001817cd0e330_0 .net *"_ivl_202", 3 0, L_000001817cd8bed0;  1 drivers
L_000001817cd3b278 .functor BUFT 1, C4<00>, C4<0>, C4<0>, C4<0>;
v000001817cd0d9d0_0 .net *"_ivl_205", 1 0, L_000001817cd3b278;  1 drivers
L_000001817cd3b2c0 .functor BUFT 1, C4<0>, C4<0>, C4<0>, C4<0>;
v000001817cd0fc30_0 .net *"_ivl_208", 0 0, L_000001817cd3b2c0;  1 drivers
v000001817cd0f910_0 .net *"_ivl_209", 12 0, L_000001817cd8c470;  1 drivers
L_000001817cd3b308 .functor BUFT 1, C4<000000000>, C4<0>, C4<0>, C4<0>;
v000001817cd0dc50_0 .net *"_ivl_212", 8 0, L_000001817cd3b308;  1 drivers
v000001817cd0f410_0 .net *"_ivl_213", 12 0, L_000001817cd8acb0;  1 drivers
v000001817cd0de30_0 .net *"_ivl_214", 12 0, L_000001817cd8c6f0;  1 drivers
v000001817cd0f190_0 .net *"_ivl_22", 22 0, L_000001817cd8b110;  1 drivers
L_000001817cd3b350 .functor BUFT 1, C4<00>, C4<0>, C4<0>, C4<0>;
v000001817cd0e010_0 .net/2u *"_ivl_220", 1 0, L_000001817cd3b350;  1 drivers
v000001817cd0f230_0 .net *"_ivl_222", 0 0, L_000001817cd8bf70;  1 drivers
v000001817cd0ff50_0 .net *"_ivl_224", 0 0, L_000001817cc330a0;  1 drivers
L_000001817cd3b398 .functor BUFT 1, C4<01>, C4<0>, C4<0>, C4<0>;
v000001817cd0fd70_0 .net/2u *"_ivl_228", 1 0, L_000001817cd3b398;  1 drivers
v000001817cd0ded0_0 .net *"_ivl_230", 0 0, L_000001817cd8c010;  1 drivers
L_000001817cd3b3e0 .functor BUFT 1, C4<10>, C4<0>, C4<0>, C4<0>;
v000001817cd0d930_0 .net/2u *"_ivl_232", 1 0, L_000001817cd3b3e0;  1 drivers
v000001817cd0efb0_0 .net *"_ivl_234", 0 0, L_000001817cd8c0b0;  1 drivers
v000001817cd0e790_0 .net *"_ivl_236", 0 0, L_000001817cc32230;  1 drivers
v000001817cd0f870_0 .net *"_ivl_238", 31 0, L_000001817cd8ae90;  1 drivers
v000001817cd0e0b0_0 .net *"_ivl_24", 6 0, L_000001817cd8a2b0;  1 drivers
L_000001817cd3b428 .functor BUFT 1, C4<0000000000000000000000000000>, C4<0>, C4<0>, C4<0>;
v000001817cd0ec90_0 .net *"_ivl_241", 27 0, L_000001817cd3b428;  1 drivers
L_000001817cd3b470 .functor BUFT 1, C4<00000000000000000000000000000000>, C4<0>, C4<0>, C4<0>;
v000001817cd0eab0_0 .net/2u *"_ivl_242", 31 0, L_000001817cd3b470;  1 drivers
v000001817cd0da70_0 .net *"_ivl_244", 0 0, L_000001817cd8c330;  1 drivers
v000001817cd0f9b0_0 .net *"_ivl_246", 0 0, L_000001817cc31eb0;  1 drivers
v000001817cd0db10_0 .net *"_ivl_248", 0 0, L_000001817cc337a0;  1 drivers
v000001817cd0f2d0_0 .net *"_ivl_250", 0 0, L_000001817cc32e00;  1 drivers
v000001817cd0e3d0_0 .net *"_ivl_254", 31 0, L_000001817cd8aa30;  1 drivers
L_000001817cd3b4b8 .functor BUFT 1, C4<0000000000000000000000000000>, C4<0>, C4<0>, C4<0>;
v000001817cd0edd0_0 .net *"_ivl_257", 27 0, L_000001817cd3b4b8;  1 drivers
L_000001817cd3b500 .functor BUFT 1, C4<00000000000000000000000000001000>, C4<0>, C4<0>, C4<0>;
v000001817cd0e470_0 .net/2u *"_ivl_258", 31 0, L_000001817cd3b500;  1 drivers
v000001817cd0f4b0_0 .net *"_ivl_260", 0 0, L_000001817cd8af30;  1 drivers
L_000001817cd3b548 .functor BUFT 1, C4<00>, C4<0>, C4<0>, C4<0>;
v000001817cd0fb90_0 .net/2u *"_ivl_264", 1 0, L_000001817cd3b548;  1 drivers
v000001817cd0e1f0_0 .net *"_ivl_266", 0 0, L_000001817cd8c3d0;  1 drivers
v000001817cd0e830_0 .net *"_ivl_268", 0 0, L_000001817cc33880;  1 drivers
L_000001817cd3a978 .functor BUFT 1, C4<00>, C4<0>, C4<0>, C4<0>;
v000001817cd0eb50_0 .net *"_ivl_27", 1 0, L_000001817cd3a978;  1 drivers
v000001817cd0e510_0 .net *"_ivl_270", 0 0, L_000001817cc332d0;  1 drivers
L_000001817cd3b590 .functor BUFT 1, C4<00>, C4<0>, C4<0>, C4<0>;
v000001817cd0f7d0_0 .net/2u *"_ivl_274", 1 0, L_000001817cd3b590;  1 drivers
v000001817cd0e150_0 .net *"_ivl_276", 0 0, L_000001817cd8a5d0;  1 drivers
v000001817cd0fcd0_0 .net *"_ivl_278", 0 0, L_000001817cc32c40;  1 drivers
v000001817cd0ee70_0 .net *"_ivl_28", 0 0, L_000001817cd8a530;  1 drivers
v000001817cd0dbb0_0 .net *"_ivl_280", 0 0, L_000001817cc31cf0;  1 drivers
v000001817cd0e5b0_0 .net *"_ivl_282", 0 0, L_000001817cc32cb0;  1 drivers
L_000001817cd3b5d8 .functor BUFT 1, C4<11>, C4<0>, C4<0>, C4<0>;
v000001817cd0f370_0 .net/2u *"_ivl_286", 1 0, L_000001817cd3b5d8;  1 drivers
v000001817cd0f050_0 .net *"_ivl_288", 0 0, L_000001817cd8aad0;  1 drivers
L_000001817cd3b620 .functor BUFT 1, C4<01>, C4<0>, C4<0>, C4<0>;
v000001817cd0fe10_0 .net/2u *"_ivl_298", 1 0, L_000001817cd3b620;  1 drivers
v000001817cd0f690_0 .net *"_ivl_300", 0 0, L_000001817cd8ab70;  1 drivers
v000001817cd0fff0_0 .net *"_ivl_302", 31 0, L_000001817cd8cf10;  1 drivers
v000001817cd0dcf0_0 .net *"_ivl_304", 4 0, L_000001817cd8d730;  1 drivers
L_000001817cd3b668 .functor BUFT 1, C4<00>, C4<0>, C4<0>, C4<0>;
v000001817cd0d890_0 .net *"_ivl_307", 1 0, L_000001817cd3b668;  1 drivers
L_000001817cd3b6b0 .functor BUFT 1, C4<00000000000000000000000000000000>, C4<0>, C4<0>, C4<0>;
v000001817cd0dd90_0 .net/2u *"_ivl_308", 31 0, L_000001817cd3b6b0;  1 drivers
v000001817cd0e290_0 .net *"_ivl_310", 31 0, L_000001817cd8d910;  1 drivers
L_000001817cd3b6f8 .functor BUFT 1, C4<01>, C4<0>, C4<0>, C4<0>;
v000001817cd0ef10_0 .net/2u *"_ivl_314", 1 0, L_000001817cd3b6f8;  1 drivers
v000001817cd0f0f0_0 .net *"_ivl_316", 0 0, L_000001817cd8e130;  1 drivers
v000001817cd0e6f0_0 .net *"_ivl_32", 22 0, L_000001817cd8c790;  1 drivers
v000001817cd0f550_0 .net *"_ivl_322", 31 0, L_000001817cd8c970;  1 drivers
v000001817cd0f5f0_0 .net *"_ivl_324", 4 0, L_000001817cd8d370;  1 drivers
L_000001817cd3b740 .functor BUFT 1, C4<00>, C4<0>, C4<0>, C4<0>;
v000001817cd0e970_0 .net *"_ivl_327", 1 0, L_000001817cd3b740;  1 drivers
L_000001817cd3b788 .functor BUFT 1, C4<00000000000000000000000000000000>, C4<0>, C4<0>, C4<0>;
v000001817cd0e650_0 .net/2u *"_ivl_328", 31 0, L_000001817cd3b788;  1 drivers
L_000001817cd3b7d0 .functor BUFT 1, C4<00>, C4<0>, C4<0>, C4<0>;
v000001817cd0e8d0_0 .net/2u *"_ivl_332", 1 0, L_000001817cd3b7d0;  1 drivers
v000001817cd0ea10_0 .net *"_ivl_334", 0 0, L_000001817cd8cab0;  1 drivers
L_000001817cd3b818 .functor BUFT 1, C4<00>, C4<0>, C4<0>, C4<0>;
v000001817cd0f730_0 .net/2u *"_ivl_336", 1 0, L_000001817cd3b818;  1 drivers
v000001817cd14950_0 .net *"_ivl_338", 0 0, L_000001817cd8ebd0;  1 drivers
v000001817cd14630_0 .net *"_ivl_34", 6 0, L_000001817cd8a850;  1 drivers
v000001817cd13cd0_0 .net *"_ivl_340", 0 0, L_000001817cc32380;  1 drivers
v000001817cd15990_0 .net *"_ivl_342", 0 0, L_000001817cc32310;  1 drivers
v000001817cd15350_0 .net *"_ivl_344", 0 0, L_000001817cc32ee0;  1 drivers
L_000001817cd3a9c0 .functor BUFT 1, C4<00>, C4<0>, C4<0>, C4<0>;
v000001817cd14db0_0 .net *"_ivl_37", 1 0, L_000001817cd3a9c0;  1 drivers
v000001817cd146d0_0 .net *"_ivl_38", 0 0, L_000001817cd8a670;  1 drivers
v000001817cd14e50_0 .net *"_ivl_44", 31 0, L_000001817cd8a710;  1 drivers
v000001817cd13b90_0 .net *"_ivl_46", 9 0, L_000001817cd8b7f0;  1 drivers
L_000001817cd3aa08 .functor BUFT 1, C4<00000>, C4<0>, C4<0>, C4<0>;
v000001817cd14ef0_0 .net *"_ivl_49", 4 0, L_000001817cd3aa08;  1 drivers
v000001817cd15a30_0 .net *"_ivl_50", 11 0, L_000001817cd8c830;  1 drivers
L_000001817cd3aa50 .functor BUFT 1, C4<00>, C4<0>, C4<0>, C4<0>;
v000001817cd15c10_0 .net *"_ivl_53", 1 0, L_000001817cd3aa50;  1 drivers
L_000001817cd3aa98 .functor BUFT 1, C4<000000000100>, C4<0>, C4<0>, C4<0>;
v000001817cd15030_0 .net/2u *"_ivl_54", 11 0, L_000001817cd3aa98;  1 drivers
v000001817cd14f90_0 .net *"_ivl_57", 11 0, L_000001817cd8b4d0;  1 drivers
v000001817cd143b0_0 .net *"_ivl_58", 3 0, L_000001817cd8b1b0;  1 drivers
v000001817cd15490_0 .net *"_ivl_6", 1 0, L_000001817cd37bb0;  1 drivers
L_000001817cd3aae0 .functor BUFT 1, C4<00>, C4<0>, C4<0>, C4<0>;
v000001817cd13a50_0 .net *"_ivl_61", 1 0, L_000001817cd3aae0;  1 drivers
L_000001817cd3ab28 .functor BUFT 1, C4<0>, C4<0>, C4<0>, C4<0>;
v000001817cd148b0_0 .net *"_ivl_64", 0 0, L_000001817cd3ab28;  1 drivers
v000001817cd14770_0 .net *"_ivl_65", 12 0, L_000001817cd8bd90;  1 drivers
L_000001817cd3ab70 .functor BUFT 1, C4<000000000>, C4<0>, C4<0>, C4<0>;
v000001817cd135f0_0 .net *"_ivl_68", 8 0, L_000001817cd3ab70;  1 drivers
v000001817cd15ad0_0 .net *"_ivl_69", 12 0, L_000001817cd8b930;  1 drivers
v000001817cd150d0_0 .net *"_ivl_70", 12 0, L_000001817cd8c650;  1 drivers
v000001817cd15530_0 .net *"_ivl_74", 31 0, L_000001817cd8b9d0;  1 drivers
v000001817cd13af0_0 .net *"_ivl_76", 9 0, L_000001817cd8b250;  1 drivers
L_000001817cd3abb8 .functor BUFT 1, C4<00000>, C4<0>, C4<0>, C4<0>;
v000001817cd15710_0 .net *"_ivl_79", 4 0, L_000001817cd3abb8;  1 drivers
v000001817cd13f50_0 .net *"_ivl_8", 6 0, L_000001817cd385b0;  1 drivers
v000001817cd14090_0 .net *"_ivl_80", 11 0, L_000001817cd8afd0;  1 drivers
L_000001817cd3ac00 .functor BUFT 1, C4<00>, C4<0>, C4<0>, C4<0>;
v000001817cd15170_0 .net *"_ivl_83", 1 0, L_000001817cd3ac00;  1 drivers
L_000001817cd3ac48 .functor BUFT 1, C4<000000000100>, C4<0>, C4<0>, C4<0>;
v000001817cd15b70_0 .net/2u *"_ivl_84", 11 0, L_000001817cd3ac48;  1 drivers
v000001817cd14810_0 .net *"_ivl_87", 11 0, L_000001817cd8b2f0;  1 drivers
v000001817cd137d0_0 .net *"_ivl_88", 3 0, L_000001817cd8a210;  1 drivers
L_000001817cd3ac90 .functor BUFT 1, C4<00>, C4<0>, C4<0>, C4<0>;
v000001817cd13550_0 .net *"_ivl_91", 1 0, L_000001817cd3ac90;  1 drivers
L_000001817cd3acd8 .functor BUFT 1, C4<0>, C4<0>, C4<0>, C4<0>;
v000001817cd155d0_0 .net *"_ivl_94", 0 0, L_000001817cd3acd8;  1 drivers
v000001817cd13690_0 .net *"_ivl_95", 12 0, L_000001817cd8c290;  1 drivers
L_000001817cd3ad20 .functor BUFT 1, C4<000000000>, C4<0>, C4<0>, C4<0>;
v000001817cd15210_0 .net *"_ivl_98", 8 0, L_000001817cd3ad20;  1 drivers
v000001817cd14b30_0 .net *"_ivl_99", 12 0, L_000001817cd8a7b0;  1 drivers
v000001817cd13e10_0 .net "cpu_miss_req_cur", 0 0, L_000001817cc31e40;  1 drivers
v000001817cd152b0 .array "datas0", 127 0, 31 0;
v000001817cd14130 .array "datas1", 127 0, 31 0;
v000001817cd14c70_0 .net "hit", 0 0, L_000001817cc30400;  1 drivers
v000001817cd15850_0 .net "hit_rword", 31 0, L_000001817cd8ac10;  1 drivers
v000001817cd14a90_0 .net "hit_way", 0 0, L_000001817cc32fc0;  1 drivers
v000001817cd15670_0 .net "i_clk", 0 0, v000001817cd35b30_0;  alias, 1 drivers
v000001817cd13d70_0 .net "i_mem_rdata", 31 0, L_000001817cdd2a30;  alias, 1 drivers
v000001817cd157b0_0 .net "i_mem_ready", 0 0, L_000001817cdd16f0;  alias, 1 drivers
v000001817cd134b0_0 .net "i_mem_valid", 0 0, L_000001817cdd1ed0;  alias, 1 drivers
v000001817cd153f0_0 .net "i_req_addr", 31 0, L_000001817cd8f7b0;  alias, 1 drivers
L_000001817cd3b8a8 .functor BUFT 1, C4<1111>, C4<0>, C4<0>, C4<0>;
v000001817cd158f0_0 .net "i_req_mask", 3 0, L_000001817cd3b8a8;  1 drivers
v000001817cd14d10_0 .net "i_req_ren", 0 0, L_000001817cabdb40;  alias, 1 drivers
L_000001817cd3b8f0 .functor BUFT 1, C4<00000000000000000000000000000000>, C4<0>, C4<0>, C4<0>;
v000001817cd13730_0 .net "i_req_wdata", 31 0, L_000001817cd3b8f0;  1 drivers
v000001817cd13870_0 .net "i_req_wen", 0 0, L_000001817cd3b860;  1 drivers
v000001817cd13910_0 .net "i_rst", 0 0, v000001817cd37f70_0;  alias, 1 drivers
v000001817cd139b0 .array "lru", 0 31, 0 0;
v000001817cd13ff0_0 .net "merged_write_word", 31 0, L_000001817cd8a8f0;  1 drivers
v000001817cd13c30_0 .var "miss_is_write_cur", 0 0;
v000001817cd13eb0_0 .net "miss_line_addr", 31 0, L_000001817cd8a350;  1 drivers
v000001817cd14450_0 .var "miss_mask_cur", 3 0;
v000001817cd144f0_0 .net "miss_merged_write_word", 31 0, L_000001817cd8a490;  1 drivers
v000001817cd141d0_0 .var "miss_set_cur", 4 0;
v000001817cd14270_0 .var "miss_tag_cur", 22 0;
v000001817cd14310_0 .var "miss_way_cur", 0 0;
v000001817cd14590_0 .net "miss_way_rword", 31 0, L_000001817cd8a170;  1 drivers
v000001817cd149f0_0 .var "miss_wdata_cur", 31 0;
v000001817cd14bd0_0 .net "miss_word_addr", 31 0, L_000001817cd8a990;  1 drivers
v000001817cd17bf0_0 .var "miss_word_cur", 1 0;
v000001817cd162f0_0 .net "o_busy", 0 0, L_000001817cc328c0;  alias, 1 drivers
v000001817cd180f0_0 .net "o_mem_addr", 31 0, L_000001817cd8ee50;  alias, 1 drivers
v000001817cd17290_0 .net "o_mem_ren", 0 0, L_000001817cc324d0;  alias, 1 drivers
v000001817cd15df0_0 .net "o_mem_wdata", 31 0, L_000001817cd8ca10;  alias, 1 drivers
v000001817cd169d0_0 .net "o_mem_wen", 0 0, L_000001817cc336c0;  alias, 1 drivers
v000001817cd15f30_0 .net "o_res_rdata", 31 0, L_000001817cc32540;  alias, 1 drivers
v000001817cd182d0_0 .net "read_miss", 0 0, L_000001817cc30e10;  1 drivers
v000001817cd17c90_0 .net "refill_word_addr", 31 0, L_000001817cc331f0;  1 drivers
v000001817cd16750_0 .var "refill_word_cur", 1 0;
v000001817cd18190_0 .net "req_set", 4 0, L_000001817cd37b10;  1 drivers
v000001817cd16110_0 .net "req_tag", 22 0, L_000001817cd38650;  1 drivers
v000001817cd17d30_0 .net "req_word", 1 0, L_000001817cd38510;  1 drivers
v000001817cd18230_0 .var/i "set_idx", 31 0;
v000001817cd17dd0_0 .var "state_cur", 1 0;
v000001817cd17150 .array "tags0", 0 31, 22 0;
v000001817cd17e70 .array "tags1", 0 31, 22 0;
v000001817cd16d90 .array "valid", 0 31, 1 0;
v000001817cd18370_0 .net "victim_way", 0 0, L_000001817cd8c1f0;  1 drivers
v000001817cd17790_0 .net "way0_hit", 0 0, L_000001817cc30470;  1 drivers
v000001817cd16890_0 .net "way0_rword", 31 0, L_000001817cc304e0;  1 drivers
v000001817cd16390_0 .net "way0_valid", 0 0, L_000001817cd37cf0;  1 drivers
v000001817cd171f0_0 .net "way1_hit", 0 0, L_000001817cc30b00;  1 drivers
v000001817cd16250_0 .net "way1_rword", 31 0, L_000001817cc30d30;  1 drivers
v000001817cd16a70_0 .net "way1_valid", 0 0, L_000001817cd8b890;  1 drivers
v000001817cd178d0 .array "wb_addrs", 0 7, 31 0;
v000001817cd17b50_0 .var "wb_count_cur", 3 0;
v000001817cd170b0 .array "wb_datas", 0 7, 31 0;
v000001817cd17330_0 .net "wb_has_push_space_cur", 0 0, L_000001817cc32620;  1 drivers
v000001817cd16e30_0 .var "wb_head_cur", 2 0;
v000001817cd164d0_0 .var/i "wb_idx", 31 0;
v000001817cd18410_0 .net "wb_push_addr_cur", 31 0, L_000001817cd8c510;  1 drivers
v000001817cd17f10_0 .net "wb_push_cur", 0 0, L_000001817cc32e70;  1 drivers
v000001817cd17830_0 .net "wb_push_data_cur", 31 0, L_000001817cd8c5b0;  1 drivers
v000001817cd16430_0 .net "wb_send_cur", 0 0, L_000001817cc320e0;  1 drivers
v000001817cd16b10_0 .var "wb_tail_cur", 2 0;
v000001817cd16570_0 .var/i "word_idx", 31 0;
v000001817cd15d50_0 .net "write_hit_accept_cur", 0 0, L_000001817cc33650;  1 drivers
v000001817cd161b0_0 .net "write_hit_block_cur", 0 0, L_000001817cc32d20;  1 drivers
v000001817cd15cb0_0 .net "write_miss", 0 0, L_000001817cc30710;  1 drivers
v000001817cd15e90_0 .net "write_req_commit_cur", 0 0, L_000001817cc32460;  1 drivers
L_000001817cd38650 .part L_000001817cd8f7b0, 9, 23;
L_000001817cd37b10 .part L_000001817cd8f7b0, 4, 5;
L_000001817cd38510 .part L_000001817cd8f7b0, 2, 2;
L_000001817cd37bb0 .array/port v000001817cd16d90, L_000001817cd385b0;
L_000001817cd385b0 .concat [ 5 2 0 0], L_000001817cd37b10, L_000001817cd3a8e8;
L_000001817cd37cf0 .part L_000001817cd37bb0, 0, 1;
L_000001817cd386f0 .array/port v000001817cd16d90, L_000001817cd38790;
L_000001817cd38790 .concat [ 5 2 0 0], L_000001817cd37b10, L_000001817cd3a930;
L_000001817cd8b890 .part L_000001817cd386f0, 1, 1;
L_000001817cd8b110 .array/port v000001817cd17150, L_000001817cd8a2b0;
L_000001817cd8a2b0 .concat [ 5 2 0 0], L_000001817cd37b10, L_000001817cd3a978;
L_000001817cd8a530 .cmp/eq 23, L_000001817cd8b110, L_000001817cd38650;
L_000001817cd8c790 .array/port v000001817cd17e70, L_000001817cd8a850;
L_000001817cd8a850 .concat [ 5 2 0 0], L_000001817cd37b10, L_000001817cd3a9c0;
L_000001817cd8a670 .cmp/eq 23, L_000001817cd8c790, L_000001817cd38650;
L_000001817cd8a710 .array/port v000001817cd152b0, L_000001817cd8c650;
L_000001817cd8b7f0 .concat [ 5 5 0 0], L_000001817cd37b10, L_000001817cd3aa08;
L_000001817cd8c830 .concat [ 10 2 0 0], L_000001817cd8b7f0, L_000001817cd3aa50;
L_000001817cd8b4d0 .arith/mult 12, L_000001817cd8c830, L_000001817cd3aa98;
L_000001817cd8b1b0 .concat [ 2 2 0 0], L_000001817cd38510, L_000001817cd3aae0;
L_000001817cd8bd90 .concat [ 12 1 0 0], L_000001817cd8b4d0, L_000001817cd3ab28;
L_000001817cd8b930 .concat [ 4 9 0 0], L_000001817cd8b1b0, L_000001817cd3ab70;
L_000001817cd8c650 .arith/sum 13, L_000001817cd8bd90, L_000001817cd8b930;
L_000001817cd8b9d0 .array/port v000001817cd14130, L_000001817cd8bbb0;
L_000001817cd8b250 .concat [ 5 5 0 0], L_000001817cd37b10, L_000001817cd3abb8;
L_000001817cd8afd0 .concat [ 10 2 0 0], L_000001817cd8b250, L_000001817cd3ac00;
L_000001817cd8b2f0 .arith/mult 12, L_000001817cd8afd0, L_000001817cd3ac48;
L_000001817cd8a210 .concat [ 2 2 0 0], L_000001817cd38510, L_000001817cd3ac90;
L_000001817cd8c290 .concat [ 12 1 0 0], L_000001817cd8b2f0, L_000001817cd3acd8;
L_000001817cd8a7b0 .concat [ 4 9 0 0], L_000001817cd8a210, L_000001817cd3ad20;
L_000001817cd8bbb0 .arith/sum 13, L_000001817cd8c290, L_000001817cd8a7b0;
L_000001817cd8ad50 .functor MUXZ 32, L_000001817cd3ad68, L_000001817cc30d30, L_000001817cc30b00, C4<>;
L_000001817cd8ac10 .functor MUXZ 32, L_000001817cd8ad50, L_000001817cc304e0, L_000001817cc30470, C4<>;
L_000001817cd8b570 .array/port v000001817cd139b0, L_000001817cd8be30;
L_000001817cd8be30 .concat [ 5 2 0 0], L_000001817cd37b10, L_000001817cd3ae40;
L_000001817cd8bc50 .functor MUXZ 1, L_000001817cd8b570, L_000001817cd3adf8, L_000001817cc33730, C4<>;
L_000001817cd8c1f0 .functor MUXZ 1, L_000001817cd8bc50, L_000001817cd3adb0, L_000001817cc31200, C4<>;
L_000001817cd8a8f0 .ufunc/vec4 TD_hart_tb.dut.u_icache.apply_mask, 32, L_000001817cd8ac10, L_000001817cd3b8f0, L_000001817cd3b8a8 (v000001817cd0cd50_0, v000001817cd0b3b0_0, v000001817cd0b450_0) S_000001817cabcca0;
L_000001817cd8a350 .concat [ 4 5 23 0], L_000001817cd3ae88, v000001817cd141d0_0, v000001817cd14270_0;
L_000001817cd8c8d0 .concat [ 2 2 28 0], L_000001817cd3af18, v000001817cd16750_0, L_000001817cd3aed0;
L_000001817cd8a990 .concat [ 2 2 5 23], L_000001817cd3af60, v000001817cd17bf0_0, v000001817cd141d0_0, v000001817cd14270_0;
L_000001817cd8b390 .array/port v000001817cd152b0, L_000001817cd8a3f0;
L_000001817cd8adf0 .concat [ 5 5 0 0], v000001817cd141d0_0, L_000001817cd3aff0;
L_000001817cd8ba70 .concat [ 10 2 0 0], L_000001817cd8adf0, L_000001817cd3b038;
L_000001817cd8bcf0 .arith/mult 12, L_000001817cd8ba70, L_000001817cd3b080;
L_000001817cd8b430 .concat [ 2 2 0 0], v000001817cd17bf0_0, L_000001817cd3b0c8;
L_000001817cd8b610 .concat [ 12 1 0 0], L_000001817cd8bcf0, L_000001817cd3b110;
L_000001817cd8b6b0 .concat [ 4 9 0 0], L_000001817cd8b430, L_000001817cd3b158;
L_000001817cd8a3f0 .arith/sum 13, L_000001817cd8b610, L_000001817cd8b6b0;
L_000001817cd8b070 .array/port v000001817cd14130, L_000001817cd8c6f0;
L_000001817cd8c150 .concat [ 5 5 0 0], v000001817cd141d0_0, L_000001817cd3b1a0;
L_000001817cd8b750 .concat [ 10 2 0 0], L_000001817cd8c150, L_000001817cd3b1e8;
L_000001817cd8bb10 .arith/mult 12, L_000001817cd8b750, L_000001817cd3b230;
L_000001817cd8bed0 .concat [ 2 2 0 0], v000001817cd17bf0_0, L_000001817cd3b278;
L_000001817cd8c470 .concat [ 12 1 0 0], L_000001817cd8bb10, L_000001817cd3b2c0;
L_000001817cd8acb0 .concat [ 4 9 0 0], L_000001817cd8bed0, L_000001817cd3b308;
L_000001817cd8c6f0 .arith/sum 13, L_000001817cd8c470, L_000001817cd8acb0;
L_000001817cd8a170 .functor MUXZ 32, L_000001817cd8b070, L_000001817cd8b390, L_000001817cc32d90, C4<>;
L_000001817cd8a490 .ufunc/vec4 TD_hart_tb.dut.u_icache.apply_mask, 32, L_000001817cd8a170, v000001817cd149f0_0, v000001817cd14450_0 (v000001817cd0cd50_0, v000001817cd0b3b0_0, v000001817cd0b450_0) S_000001817cabcca0;
L_000001817cd8bf70 .cmp/eq 2, v000001817cd17dd0_0, L_000001817cd3b350;
L_000001817cd8c010 .cmp/ne 2, v000001817cd17dd0_0, L_000001817cd3b398;
L_000001817cd8c0b0 .cmp/ne 2, v000001817cd17dd0_0, L_000001817cd3b3e0;
L_000001817cd8ae90 .concat [ 4 28 0 0], v000001817cd17b50_0, L_000001817cd3b428;
L_000001817cd8c330 .cmp/ne 32, L_000001817cd8ae90, L_000001817cd3b470;
L_000001817cd8aa30 .concat [ 4 28 0 0], v000001817cd17b50_0, L_000001817cd3b4b8;
L_000001817cd8af30 .cmp/ne 32, L_000001817cd8aa30, L_000001817cd3b500;
L_000001817cd8c3d0 .cmp/eq 2, v000001817cd17dd0_0, L_000001817cd3b548;
L_000001817cd8a5d0 .cmp/eq 2, v000001817cd17dd0_0, L_000001817cd3b590;
L_000001817cd8aad0 .cmp/eq 2, v000001817cd17dd0_0, L_000001817cd3b5d8;
L_000001817cd8c510 .functor MUXZ 32, L_000001817cd8a990, L_000001817cd8f7b0, L_000001817cc33650, C4<>;
L_000001817cd8c5b0 .functor MUXZ 32, L_000001817cd8a490, L_000001817cd8a8f0, L_000001817cc33650, C4<>;
L_000001817cd8ab70 .cmp/eq 2, v000001817cd17dd0_0, L_000001817cd3b620;
L_000001817cd8cf10 .array/port v000001817cd178d0, L_000001817cd8d730;
L_000001817cd8d730 .concat [ 3 2 0 0], v000001817cd16e30_0, L_000001817cd3b668;
L_000001817cd8d910 .functor MUXZ 32, L_000001817cd3b6b0, L_000001817cd8cf10, L_000001817cc320e0, C4<>;
L_000001817cd8ee50 .functor MUXZ 32, L_000001817cd8d910, L_000001817cc331f0, L_000001817cd8ab70, C4<>;
L_000001817cd8e130 .cmp/eq 2, v000001817cd17dd0_0, L_000001817cd3b6f8;
L_000001817cd8c970 .array/port v000001817cd170b0, L_000001817cd8d370;
L_000001817cd8d370 .concat [ 3 2 0 0], v000001817cd16e30_0, L_000001817cd3b740;
L_000001817cd8ca10 .functor MUXZ 32, L_000001817cd3b788, L_000001817cd8c970, L_000001817cc320e0, C4<>;
L_000001817cd8cab0 .cmp/ne 2, v000001817cd17dd0_0, L_000001817cd3b7d0;
L_000001817cd8ebd0 .cmp/eq 2, v000001817cd17dd0_0, L_000001817cd3b818;
S_000001817cabcca0 .scope function.vec4.s32, "apply_mask" "apply_mask" 4 66, 4 66 0, S_000001817cca3bc0;
 .timescale -9 -12;
; Variable apply_mask is vec4 return value of scope S_000001817cabcca0
v000001817cd0c0d0_0 .var "byte_mask", 31 0;
v000001817cd0b450_0 .var "mask", 3 0;
v000001817cd0b3b0_0 .var "new_word", 31 0;
v000001817cd0cd50_0 .var "old_word", 31 0;
TD_hart_tb.dut.u_icache.apply_mask ;
    %load/vec4 v000001817cd0b450_0;
    %store/vec4 v000001817cd0bd10_0, 0, 4;
    %callf/vec4 TD_hart_tb.dut.u_icache.expand_mask, S_000001817cabce30;
    %store/vec4 v000001817cd0c0d0_0, 0, 32;
    %load/vec4 v000001817cd0cd50_0;
    %load/vec4 v000001817cd0c0d0_0;
    %inv;
    %and;
    %load/vec4 v000001817cd0b3b0_0;
    %load/vec4 v000001817cd0c0d0_0;
    %and;
    %or;
    %ret/vec4 0, 0, 32;  Assign to apply_mask (store_vec4_to_lval)
    %end;
S_000001817cabce30 .scope function.vec4.s32, "expand_mask" "expand_mask" 4 59, 4 59 0, S_000001817cca3bc0;
 .timescale -9 -12;
; Variable expand_mask is vec4 return value of scope S_000001817cabce30
v000001817cd0bd10_0 .var "mask", 3 0;
TD_hart_tb.dut.u_icache.expand_mask ;
    %load/vec4 v000001817cd0bd10_0;
    %parti/s 1, 3, 3;
    %replicate 8;
    %load/vec4 v000001817cd0bd10_0;
    %parti/s 1, 2, 3;
    %replicate 8;
    %concat/vec4; draw_concat_vec4
    %load/vec4 v000001817cd0bd10_0;
    %parti/s 1, 1, 2;
    %replicate 8;
    %concat/vec4; draw_concat_vec4
    %load/vec4 v000001817cd0bd10_0;
    %parti/s 1, 0, 2;
    %replicate 8;
    %concat/vec4; draw_concat_vec4
    %ret/vec4 0, 0, 32;  Assign to expand_mask (store_vec4_to_lval)
    %end;
S_000001817cd13040 .scope module, "u_memory" "dmem_access" 3 747, 11 1 0, S_000001817cac95c0;
 .timescale -9 -12;
    .port_info 0 /INPUT 32 "EffAddr";
    .port_info 1 /INPUT 32 "StoreData";
    .port_info 2 /INPUT 3 "Func3";
    .port_info 3 /INPUT 1 "MemRead";
    .port_info 4 /INPUT 1 "MemWrite";
    .port_info 5 /INPUT 32 "i_dmem_rdata";
    .port_info 6 /OUTPUT 32 "o_dmem_addr";
    .port_info 7 /OUTPUT 4 "o_dmem_mask";
    .port_info 8 /OUTPUT 32 "o_dmem_wdata";
    .port_info 9 /OUTPUT 1 "o_dmem_ren";
    .port_info 10 /OUTPUT 1 "o_dmem_wen";
    .port_info 11 /OUTPUT 32 "LoadData";
    .port_info 12 /OUTPUT 1 "MisalignTrap";
L_000001817cdd08f0 .functor OR 1, L_000001817cd87290, L_000001817cd87510, C4<0>, C4<0>;
L_000001817cdd0c70 .functor AND 1, L_000001817cdd1060, L_000001817cd875b0, C4<1>, C4<1>;
L_000001817cdcf770 .functor AND 1, L_000001817cdd07a0, L_000001817cd85e90, C4<1>, C4<1>;
L_000001817cdd09d0 .functor OR 1, L_000001817cdd0c70, L_000001817cdcf770, C4<0>, C4<0>;
L_000001817cdd0030 .functor NOT 1, L_000001817cdd09d0, C4<0>, C4<0>, C4<0>;
L_000001817cdcfb60 .functor AND 1, L_000001817cdd1060, L_000001817cdd0030, C4<1>, C4<1>;
L_000001817cdd0a40 .functor NOT 1, L_000001817cdd09d0, C4<0>, C4<0>, C4<0>;
L_000001817cdcf7e0 .functor AND 1, L_000001817cdd07a0, L_000001817cdd0a40, C4<1>, C4<1>;
L_000001817cdd0ab0 .functor OR 1, L_000001817cdd1060, L_000001817cdd07a0, C4<0>, C4<0>;
L_000001817cdcf850 .functor AND 4, L_000001817cd85850, v000001817cd19e50_0, C4<1111>, C4<1111>;
L_000001817cdcf8c0 .functor AND 32, L_000001817cd86610, v000001817cd19f90_0, C4<11111111111111111111111111111111>, C4<11111111111111111111111111111111>;
L_000001817cdcf930 .functor NOT 1, L_000001817cdd09d0, C4<0>, C4<0>, C4<0>;
L_000001817cdcf9a0 .functor AND 1, L_000001817cdd1060, L_000001817cdcf930, C4<1>, C4<1>;
L_000001817cdd00a0 .functor AND 32, L_000001817cd85a30, v000001817cd1aad0_0, C4<11111111111111111111111111111111>, C4<11111111111111111111111111111111>;
v000001817cd17fb0_0 .net "EffAddr", 31 0, v000001817cd22a30_0;  1 drivers
v000001817cd17510_0 .net "Func3", 2 0, v000001817cd234d0_0;  1 drivers
v000001817cd16930_0 .net "LoadData", 31 0, L_000001817cdd00a0;  alias, 1 drivers
v000001817cd16bb0_0 .net "MemRead", 0 0, L_000001817cdd1060;  alias, 1 drivers
v000001817cd15fd0_0 .net "MemWrite", 0 0, L_000001817cdd07a0;  alias, 1 drivers
v000001817cd17010_0 .net "MisalignTrap", 0 0, L_000001817cdd09d0;  alias, 1 drivers
v000001817cd16c50_0 .net "StoreData", 31 0, L_000001817cd86570;  alias, 1 drivers
v000001817cd18050_0 .net *"_ivl_11", 1 0, L_000001817cd87150;  1 drivers
L_000001817cd3dee8 .functor BUFT 1, C4<001>, C4<0>, C4<0>, C4<0>;
v000001817cd16070_0 .net/2u *"_ivl_14", 2 0, L_000001817cd3dee8;  1 drivers
v000001817cd16610_0 .net *"_ivl_16", 0 0, L_000001817cd87290;  1 drivers
L_000001817cd3df30 .functor BUFT 1, C4<101>, C4<0>, C4<0>, C4<0>;
v000001817cd17970_0 .net/2u *"_ivl_18", 2 0, L_000001817cd3df30;  1 drivers
v000001817cd166b0_0 .net *"_ivl_20", 0 0, L_000001817cd87510;  1 drivers
v000001817cd167f0_0 .net *"_ivl_22", 0 0, L_000001817cdd08f0;  1 drivers
L_000001817cd3df78 .functor BUFT 1, C4<010>, C4<0>, C4<0>, C4<0>;
v000001817cd16cf0_0 .net/2u *"_ivl_24", 2 0, L_000001817cd3df78;  1 drivers
v000001817cd16ed0_0 .net *"_ivl_26", 0 0, L_000001817cd85d50;  1 drivers
L_000001817cd3dfc0 .functor BUFT 1, C4<0>, C4<0>, C4<0>, C4<0>;
v000001817cd17470_0 .net/2u *"_ivl_28", 0 0, L_000001817cd3dfc0;  1 drivers
v000001817cd17ab0_0 .net *"_ivl_3", 29 0, L_000001817cd878d0;  1 drivers
v000001817cd16f70_0 .net *"_ivl_30", 0 0, L_000001817cd855d0;  1 drivers
v000001817cd173d0_0 .net *"_ivl_32", 0 0, L_000001817cd875b0;  1 drivers
L_000001817cd3e008 .functor BUFT 1, C4<001>, C4<0>, C4<0>, C4<0>;
v000001817cd175b0_0 .net/2u *"_ivl_36", 2 0, L_000001817cd3e008;  1 drivers
v000001817cd17650_0 .net *"_ivl_38", 0 0, L_000001817cd85490;  1 drivers
L_000001817cd3dea0 .functor BUFT 1, C4<00>, C4<0>, C4<0>, C4<0>;
v000001817cd176f0_0 .net/2u *"_ivl_4", 1 0, L_000001817cd3dea0;  1 drivers
L_000001817cd3e050 .functor BUFT 1, C4<010>, C4<0>, C4<0>, C4<0>;
v000001817cd17a10_0 .net/2u *"_ivl_40", 2 0, L_000001817cd3e050;  1 drivers
v000001817cd19630_0 .net *"_ivl_42", 0 0, L_000001817cd85530;  1 drivers
L_000001817cd3e098 .functor BUFT 1, C4<0>, C4<0>, C4<0>, C4<0>;
v000001817cd19d10_0 .net/2u *"_ivl_44", 0 0, L_000001817cd3e098;  1 drivers
v000001817cd1a5d0_0 .net *"_ivl_46", 0 0, L_000001817cd857b0;  1 drivers
v000001817cd19770_0 .net *"_ivl_48", 0 0, L_000001817cd85e90;  1 drivers
v000001817cd1aa30_0 .net *"_ivl_54", 0 0, L_000001817cdd0030;  1 drivers
v000001817cd19450_0 .net *"_ivl_58", 0 0, L_000001817cdd0a40;  1 drivers
v000001817cd18c30_0 .net *"_ivl_62", 0 0, L_000001817cdd0ab0;  1 drivers
v000001817cd18cd0_0 .net *"_ivl_64", 3 0, L_000001817cd85850;  1 drivers
v000001817cd196d0_0 .net *"_ivl_68", 31 0, L_000001817cd86610;  1 drivers
v000001817cd19b30_0 .net *"_ivl_76", 0 0, L_000001817cdcf930;  1 drivers
v000001817cd19c70_0 .net *"_ivl_78", 0 0, L_000001817cdcf9a0;  1 drivers
v000001817cd198b0_0 .net *"_ivl_80", 31 0, L_000001817cd85a30;  1 drivers
v000001817cd19810_0 .net "byte_offset", 1 0, L_000001817cd86f70;  1 drivers
v000001817cd185f0_0 .net "i_dmem_rdata", 31 0, L_000001817cc33e30;  alias, 1 drivers
v000001817cd1aad0_0 .var "loaddata_dec", 31 0;
v000001817cd19e50_0 .var "mask_dec", 3 0;
v000001817cd1a530_0 .net "misalign_half", 0 0, L_000001817cd85170;  1 drivers
v000001817cd1a490_0 .net "misalign_load", 0 0, L_000001817cdd0c70;  1 drivers
v000001817cd1a670_0 .net "misalign_store", 0 0, L_000001817cdcf770;  1 drivers
v000001817cd1a710_0 .net "misalign_word", 0 0, L_000001817cd86430;  1 drivers
v000001817cd19db0_0 .net "o_dmem_addr", 31 0, L_000001817cd871f0;  alias, 1 drivers
v000001817cd19590_0 .net "o_dmem_mask", 3 0, L_000001817cdcf850;  alias, 1 drivers
v000001817cd1ab70_0 .net "o_dmem_ren", 0 0, L_000001817cdcfb60;  alias, 1 drivers
v000001817cd19310_0 .net "o_dmem_wdata", 31 0, L_000001817cdcf8c0;  alias, 1 drivers
v000001817cd18d70_0 .net "o_dmem_wen", 0 0, L_000001817cdcf7e0;  alias, 1 drivers
v000001817cd19950_0 .net "rbyte", 7 0, L_000001817cd861b0;  1 drivers
v000001817cd187d0_0 .var "rdata_shifted", 31 0;
v000001817cd18550_0 .net "rhalf", 15 0, L_000001817cd85ad0;  1 drivers
v000001817cd1a7b0_0 .var "sb_data", 31 0;
v000001817cd18690_0 .var "sh_data", 31 0;
v000001817cd19f90_0 .var "store_data_dec", 31 0;
E_000001817cc60c70 .event anyedge, v000001817cd17510_0, v000001817cd19950_0, v000001817cd18550_0, v000001817cd187d0_0;
E_000001817cc60df0 .event anyedge, v000001817cd19810_0, v000001817cd03260_0;
E_000001817cc60530 .event anyedge, v000001817cd17510_0, v000001817cd1a7b0_0, v000001817cd18690_0, v000001817cd16c50_0;
E_000001817cc60630 .event anyedge, v000001817cd19810_0, v000001817cd16c50_0;
E_000001817cc61070 .event anyedge, v000001817cd17510_0, v000001817cd19810_0;
L_000001817cd86f70 .part v000001817cd22a30_0, 0, 2;
L_000001817cd878d0 .part v000001817cd22a30_0, 2, 30;
L_000001817cd871f0 .concat [ 2 30 0 0], L_000001817cd3dea0, L_000001817cd878d0;
L_000001817cd85170 .part v000001817cd22a30_0, 0, 1;
L_000001817cd87150 .part v000001817cd22a30_0, 0, 2;
L_000001817cd86430 .reduce/or L_000001817cd87150;
L_000001817cd87290 .cmp/eq 3, v000001817cd234d0_0, L_000001817cd3dee8;
L_000001817cd87510 .cmp/eq 3, v000001817cd234d0_0, L_000001817cd3df30;
L_000001817cd85d50 .cmp/eq 3, v000001817cd234d0_0, L_000001817cd3df78;
L_000001817cd855d0 .functor MUXZ 1, L_000001817cd3dfc0, L_000001817cd86430, L_000001817cd85d50, C4<>;
L_000001817cd875b0 .functor MUXZ 1, L_000001817cd855d0, L_000001817cd85170, L_000001817cdd08f0, C4<>;
L_000001817cd85490 .cmp/eq 3, v000001817cd234d0_0, L_000001817cd3e008;
L_000001817cd85530 .cmp/eq 3, v000001817cd234d0_0, L_000001817cd3e050;
L_000001817cd857b0 .functor MUXZ 1, L_000001817cd3e098, L_000001817cd86430, L_000001817cd85530, C4<>;
L_000001817cd85e90 .functor MUXZ 1, L_000001817cd857b0, L_000001817cd85170, L_000001817cd85490, C4<>;
L_000001817cd85850 .concat [ 1 1 1 1], L_000001817cdd0ab0, L_000001817cdd0ab0, L_000001817cdd0ab0, L_000001817cdd0ab0;
LS_000001817cd86610_0_0 .concat [ 1 1 1 1], L_000001817cdd07a0, L_000001817cdd07a0, L_000001817cdd07a0, L_000001817cdd07a0;
LS_000001817cd86610_0_4 .concat [ 1 1 1 1], L_000001817cdd07a0, L_000001817cdd07a0, L_000001817cdd07a0, L_000001817cdd07a0;
LS_000001817cd86610_0_8 .concat [ 1 1 1 1], L_000001817cdd07a0, L_000001817cdd07a0, L_000001817cdd07a0, L_000001817cdd07a0;
LS_000001817cd86610_0_12 .concat [ 1 1 1 1], L_000001817cdd07a0, L_000001817cdd07a0, L_000001817cdd07a0, L_000001817cdd07a0;
LS_000001817cd86610_0_16 .concat [ 1 1 1 1], L_000001817cdd07a0, L_000001817cdd07a0, L_000001817cdd07a0, L_000001817cdd07a0;
LS_000001817cd86610_0_20 .concat [ 1 1 1 1], L_000001817cdd07a0, L_000001817cdd07a0, L_000001817cdd07a0, L_000001817cdd07a0;
LS_000001817cd86610_0_24 .concat [ 1 1 1 1], L_000001817cdd07a0, L_000001817cdd07a0, L_000001817cdd07a0, L_000001817cdd07a0;
LS_000001817cd86610_0_28 .concat [ 1 1 1 1], L_000001817cdd07a0, L_000001817cdd07a0, L_000001817cdd07a0, L_000001817cdd07a0;
LS_000001817cd86610_1_0 .concat [ 4 4 4 4], LS_000001817cd86610_0_0, LS_000001817cd86610_0_4, LS_000001817cd86610_0_8, LS_000001817cd86610_0_12;
LS_000001817cd86610_1_4 .concat [ 4 4 4 4], LS_000001817cd86610_0_16, LS_000001817cd86610_0_20, LS_000001817cd86610_0_24, LS_000001817cd86610_0_28;
L_000001817cd86610 .concat [ 16 16 0 0], LS_000001817cd86610_1_0, LS_000001817cd86610_1_4;
L_000001817cd861b0 .part v000001817cd187d0_0, 0, 8;
L_000001817cd85ad0 .part v000001817cd187d0_0, 0, 16;
LS_000001817cd85a30_0_0 .concat [ 1 1 1 1], L_000001817cdcf9a0, L_000001817cdcf9a0, L_000001817cdcf9a0, L_000001817cdcf9a0;
LS_000001817cd85a30_0_4 .concat [ 1 1 1 1], L_000001817cdcf9a0, L_000001817cdcf9a0, L_000001817cdcf9a0, L_000001817cdcf9a0;
LS_000001817cd85a30_0_8 .concat [ 1 1 1 1], L_000001817cdcf9a0, L_000001817cdcf9a0, L_000001817cdcf9a0, L_000001817cdcf9a0;
LS_000001817cd85a30_0_12 .concat [ 1 1 1 1], L_000001817cdcf9a0, L_000001817cdcf9a0, L_000001817cdcf9a0, L_000001817cdcf9a0;
LS_000001817cd85a30_0_16 .concat [ 1 1 1 1], L_000001817cdcf9a0, L_000001817cdcf9a0, L_000001817cdcf9a0, L_000001817cdcf9a0;
LS_000001817cd85a30_0_20 .concat [ 1 1 1 1], L_000001817cdcf9a0, L_000001817cdcf9a0, L_000001817cdcf9a0, L_000001817cdcf9a0;
LS_000001817cd85a30_0_24 .concat [ 1 1 1 1], L_000001817cdcf9a0, L_000001817cdcf9a0, L_000001817cdcf9a0, L_000001817cdcf9a0;
LS_000001817cd85a30_0_28 .concat [ 1 1 1 1], L_000001817cdcf9a0, L_000001817cdcf9a0, L_000001817cdcf9a0, L_000001817cdcf9a0;
LS_000001817cd85a30_1_0 .concat [ 4 4 4 4], LS_000001817cd85a30_0_0, LS_000001817cd85a30_0_4, LS_000001817cd85a30_0_8, LS_000001817cd85a30_0_12;
LS_000001817cd85a30_1_4 .concat [ 4 4 4 4], LS_000001817cd85a30_0_16, LS_000001817cd85a30_0_20, LS_000001817cd85a30_0_24, LS_000001817cd85a30_0_28;
L_000001817cd85a30 .concat [ 16 16 0 0], LS_000001817cd85a30_1_0, LS_000001817cd85a30_1_4;
S_000001817cabcfc0 .scope module, "u_writeback" "writeback" 3 820, 12 1 0, S_000001817cac95c0;
 .timescale -9 -12;
    .port_info 0 /INPUT 32 "AluResult";
    .port_info 1 /INPUT 32 "LoadData";
    .port_info 2 /INPUT 32 "pc_plus4";
    .port_info 3 /INPUT 32 "Offset";
    .port_info 4 /INPUT 1 "MemToReg";
    .port_info 5 /INPUT 1 "lui";
    .port_info 6 /INPUT 1 "Jump";
    .port_info 7 /OUTPUT 32 "WriteData";
v000001817cd18e10_0 .net "AluResult", 31 0, v000001817cd2ea10_0;  1 drivers
v000001817cd1a990_0 .net "Jump", 0 0, v000001817cd30450_0;  1 drivers
v000001817cd19ef0_0 .net "LoadData", 31 0, v000001817cd31350_0;  1 drivers
v000001817cd193b0_0 .net "MemToReg", 0 0, v000001817cd304f0_0;  1 drivers
v000001817cd1a030_0 .net "Offset", 31 0, v000001817cd30c70_0;  1 drivers
v000001817cd18730_0 .net "WriteData", 31 0, L_000001817cd89310;  alias, 1 drivers
v000001817cd1a8f0_0 .net *"_ivl_0", 31 0, L_000001817cd887d0;  1 drivers
v000001817cd1ac10_0 .net *"_ivl_2", 31 0, L_000001817cd88cd0;  1 drivers
v000001817cd1a350_0 .net "lui", 0 0, v000001817cd31d50_0;  1 drivers
v000001817cd1a0d0_0 .net "pc_plus4", 31 0, v000001817cd30ef0_0;  1 drivers
L_000001817cd887d0 .functor MUXZ 32, v000001817cd2ea10_0, v000001817cd31350_0, v000001817cd304f0_0, C4<>;
L_000001817cd88cd0 .functor MUXZ 32, L_000001817cd887d0, v000001817cd30c70_0, v000001817cd31d50_0, C4<>;
L_000001817cd89310 .functor MUXZ 32, L_000001817cd88cd0, v000001817cd30ef0_0, v000001817cd30450_0, C4<>;
S_000001817cabd150 .scope module, "u_dmem" "memory" 2 94, 13 8 0, S_000001817cca24a0;
 .timescale -9 -12;
    .port_info 0 /INPUT 1 "i_clk";
    .port_info 1 /INPUT 1 "i_rst";
    .port_info 2 /OUTPUT 1 "o_ready";
    .port_info 3 /INPUT 32 "i_addr";
    .port_info 4 /INPUT 1 "i_ren";
    .port_info 5 /INPUT 1 "i_wen";
    .port_info 6 /INPUT 4 "i_mask";
    .port_info 7 /INPUT 32 "i_wdata";
    .port_info 8 /OUTPUT 1 "o_valid";
    .port_info 9 /OUTPUT 32 "o_addr";
    .port_info 10 /OUTPUT 1 "o_wdone";
    .port_info 11 /OUTPUT 32 "o_rdata";
P_000001817ca83180 .param/l "INTERVAL" 0 13 14, +C4<00000000000000000000000000000010>;
P_000001817ca831b8 .param/l "LATENCY" 0 13 12, +C4<00000000000000000000000000000100>;
P_000001817ca831f0 .param/l "SIZE" 0 13 10, +C4<00000000000000000000010000000000>;
L_000001817cdd1760 .functor NOT 1, v000001817cd37f70_0, C4<0>, C4<0>, C4<0>;
L_000001817cdd1fb0 .functor AND 1, L_000001817cdd1760, L_000001817cd88ff0, C4<1>, C4<1>;
v000001817cd34c30_2 .array/port v000001817cd34c30, 2;
L_000001817cdd2020 .functor BUFZ 32, v000001817cd34c30_2, C4<00000000000000000000000000000000>, C4<00000000000000000000000000000000>, C4<00000000000000000000000000000000>;
v000001817cd330b0_2 .array/port v000001817cd330b0, 2;
L_000001817cdd26b0 .functor BUFZ 4, v000001817cd330b0_2, C4<0000>, C4<0000>, C4<0000>;
v000001817cd33330_2 .array/port v000001817cd33330, 2;
L_000001817cdd2720 .functor BUFZ 32, v000001817cd33330_2, C4<00000000000000000000000000000000>, C4<00000000000000000000000000000000>, C4<00000000000000000000000000000000>;
v000001817cd34c30_3 .array/port v000001817cd34c30, 3;
L_000001817cdd2870 .functor BUFZ 32, v000001817cd34c30_3, C4<00000000000000000000000000000000>, C4<00000000000000000000000000000000>, C4<00000000000000000000000000000000>;
v000001817cd32b10_3 .array/port v000001817cd32b10, 3;
L_000001817cdd2f00 .functor BUFZ 1, v000001817cd32b10_3, C4<0>, C4<0>, C4<0>;
v000001817cd32cf0_2 .array/port v000001817cd32cf0, 2;
L_000001817cdd3980 .functor BUFZ 1, v000001817cd32cf0_2, C4<0>, C4<0>, C4<0>;
L_000001817cdd46a0 .functor BUFZ 32, L_000001817cd87e70, C4<00000000000000000000000000000000>, C4<00000000000000000000000000000000>, C4<00000000000000000000000000000000>;
L_000001817cdd4630 .functor BUFZ 32, L_000001817cdd2870, C4<00000000000000000000000000000000>, C4<00000000000000000000000000000000>, C4<00000000000000000000000000000000>;
L_000001817cdd2e90 .functor BUFZ 1, L_000001817cdd2f00, C4<0>, C4<0>, C4<0>;
L_000001817cdd4390 .functor BUFZ 1, L_000001817cdd3980, C4<0>, C4<0>, C4<0>;
L_000001817cdd3d00 .functor BUFZ 1, L_000001817cdd1fb0, C4<0>, C4<0>, C4<0>;
v000001817cd333d0_0 .net *"_ivl_0", 0 0, L_000001817cdd1760;  1 drivers
v000001817cd347d0_0 .net *"_ivl_2", 31 0, L_000001817cd89270;  1 drivers
v000001817cd338d0_0 .net *"_ivl_32", 7 0, L_000001817cd891d0;  1 drivers
L_000001817cd3ec20 .functor BUFT 1, C4<00000000000000000000000000000011>, C4<0>, C4<0>, C4<0>;
v000001817cd33bf0_0 .net/2u *"_ivl_34", 31 0, L_000001817cd3ec20;  1 drivers
v000001817cd33470_0 .net *"_ivl_36", 31 0, L_000001817cd89810;  1 drivers
v000001817cd33c90_0 .net *"_ivl_38", 7 0, L_000001817cd87f10;  1 drivers
L_000001817cd3ec68 .functor BUFT 1, C4<00000000000000000000000000000010>, C4<0>, C4<0>, C4<0>;
v000001817cd329d0_0 .net/2u *"_ivl_40", 31 0, L_000001817cd3ec68;  1 drivers
v000001817cd33510_0 .net *"_ivl_42", 31 0, L_000001817cd89090;  1 drivers
v000001817cd32a70_0 .net *"_ivl_44", 7 0, L_000001817cd87c90;  1 drivers
L_000001817cd3ecb0 .functor BUFT 1, C4<00000000000000000000000000000001>, C4<0>, C4<0>, C4<0>;
v000001817cd33f10_0 .net/2u *"_ivl_46", 31 0, L_000001817cd3ecb0;  1 drivers
v000001817cd336f0_0 .net *"_ivl_48", 31 0, L_000001817cd885f0;  1 drivers
L_000001817cd3eb90 .functor BUFT 1, C4<0000000000000000000000000000000>, C4<0>, C4<0>, C4<0>;
v000001817cd34af0_0 .net *"_ivl_5", 30 0, L_000001817cd3eb90;  1 drivers
v000001817cd335b0_0 .net *"_ivl_50", 7 0, L_000001817cd89bd0;  1 drivers
L_000001817cd3ecf8 .functor BUFT 1, C4<00000000000000000000000000000000>, C4<0>, C4<0>, C4<0>;
v000001817cd34d70_0 .net/2u *"_ivl_52", 31 0, L_000001817cd3ecf8;  1 drivers
v000001817cd32d90_0 .net *"_ivl_54", 31 0, L_000001817cd87d30;  1 drivers
L_000001817cd3ebd8 .functor BUFT 1, C4<00000000000000000000000000000000>, C4<0>, C4<0>, C4<0>;
v000001817cd34b90_0 .net/2u *"_ivl_6", 31 0, L_000001817cd3ebd8;  1 drivers
v000001817cd34eb0_0 .net *"_ivl_8", 0 0, L_000001817cd88ff0;  1 drivers
v000001817cd34c30 .array "addrs", 3 0, 31 0;
v000001817cd33a10_0 .net "i_addr", 31 0, L_000001817cdd28e0;  alias, 1 drivers
v000001817cd34ff0_0 .net "i_clk", 0 0, v000001817cd35b30_0;  alias, 1 drivers
v000001817cd34410_0 .net "i_mask", 3 0, L_000001817cd85b70;  alias, 1 drivers
v000001817cd34550_0 .net "i_ren", 0 0, L_000001817cdd1a00;  alias, 1 drivers
v000001817cd32f70_0 .net "i_rst", 0 0, v000001817cd37f70_0;  alias, 1 drivers
v000001817cd33ab0_0 .net "i_wdata", 31 0, L_000001817cdd22c0;  alias, 1 drivers
v000001817cd33010_0 .net "i_wen", 0 0, L_000001817cdd1220;  alias, 1 drivers
v000001817cd35090_0 .var "interval_counter", 0 0;
v000001817cd345f0_0 .net "mask", 3 0, L_000001817cdd26b0;  1 drivers
v000001817cd330b0 .array "masks", 3 0, 3 0;
v000001817cd32930 .array "mem", 1023 0, 7 0;
v000001817cd33dd0_0 .net "o_addr", 31 0, L_000001817cdd4630;  1 drivers
v000001817cd33150_0 .net "o_rdata", 31 0, L_000001817cdd46a0;  alias, 1 drivers
v000001817cd34870_0 .net "o_ready", 0 0, L_000001817cdd3d00;  alias, 1 drivers
v000001817cd344b0_0 .net "o_valid", 0 0, L_000001817cdd2e90;  alias, 1 drivers
v000001817cd34690_0 .net "o_wdone", 0 0, L_000001817cdd4390;  alias, 1 drivers
v000001817cd33e70_0 .net "raddr", 31 0, v000001817cd34c30_3;  1 drivers
v000001817cd33fb0_0 .net "ready", 0 0, L_000001817cdd1fb0;  1 drivers
v000001817cd331f0_0 .net "ren", 0 0, v000001817cd32b10_3;  1 drivers
v000001817cd32b10 .array "rens", 3 0, 0 0;
v000001817cd32c50_0 .net "res_addr", 31 0, L_000001817cdd2870;  1 drivers
v000001817cd33290_0 .net "res_rdata", 31 0, L_000001817cd87e70;  1 drivers
v000001817cd34050_0 .net "res_valid", 0 0, L_000001817cdd2f00;  1 drivers
v000001817cd34190_0 .net "res_wdone", 0 0, L_000001817cdd3980;  1 drivers
v000001817cd33830_0 .net "waddr", 31 0, L_000001817cdd2020;  1 drivers
v000001817cd34cd0_0 .net "wdata", 31 0, L_000001817cdd2720;  1 drivers
v000001817cd33330 .array "wdatas", 3 0, 31 0;
v000001817cd34230_0 .net "wen", 0 0, v000001817cd32cf0_2;  1 drivers
v000001817cd32cf0 .array "wens", 3 0, 0 0;
L_000001817cd89270 .concat [ 1 31 0 0], v000001817cd35090_0, L_000001817cd3eb90;
L_000001817cd88ff0 .cmp/eq 32, L_000001817cd89270, L_000001817cd3ebd8;
L_000001817cd891d0 .array/port v000001817cd32930, L_000001817cd89810;
L_000001817cd89810 .arith/sum 32, v000001817cd34c30_3, L_000001817cd3ec20;
L_000001817cd87f10 .array/port v000001817cd32930, L_000001817cd89090;
L_000001817cd89090 .arith/sum 32, v000001817cd34c30_3, L_000001817cd3ec68;
L_000001817cd87c90 .array/port v000001817cd32930, L_000001817cd885f0;
L_000001817cd885f0 .arith/sum 32, v000001817cd34c30_3, L_000001817cd3ecb0;
L_000001817cd89bd0 .array/port v000001817cd32930, L_000001817cd87d30;
L_000001817cd87d30 .arith/sum 32, v000001817cd34c30_3, L_000001817cd3ecf8;
L_000001817cd87e70 .concat [ 8 8 8 8], L_000001817cd89bd0, L_000001817cd87c90, L_000001817cd87f10, L_000001817cd891d0;
S_000001817cd3a410 .scope generate, "genblk1[1]" "genblk1[1]" 13 102, 13 102 0, S_000001817cabd150;
 .timescale -9 -12;
P_000001817cc606b0 .param/l "i" 0 13 102, +C4<01>;
S_000001817cd39c40 .scope generate, "genblk1[2]" "genblk1[2]" 13 102, 13 102 0, S_000001817cabd150;
 .timescale -9 -12;
P_000001817cc60730 .param/l "i" 0 13 102, +C4<010>;
S_000001817cd3a0f0 .scope generate, "genblk1[3]" "genblk1[3]" 13 102, 13 102 0, S_000001817cabd150;
 .timescale -9 -12;
P_000001817cc60e30 .param/l "i" 0 13 102, +C4<011>;
S_000001817cd3a5a0 .scope module, "u_imem" "memory" 2 75, 13 8 0, S_000001817cca24a0;
 .timescale -9 -12;
    .port_info 0 /INPUT 1 "i_clk";
    .port_info 1 /INPUT 1 "i_rst";
    .port_info 2 /OUTPUT 1 "o_ready";
    .port_info 3 /INPUT 32 "i_addr";
    .port_info 4 /INPUT 1 "i_ren";
    .port_info 5 /INPUT 1 "i_wen";
    .port_info 6 /INPUT 4 "i_mask";
    .port_info 7 /INPUT 32 "i_wdata";
    .port_info 8 /OUTPUT 1 "o_valid";
    .port_info 9 /OUTPUT 32 "o_addr";
    .port_info 10 /OUTPUT 1 "o_wdone";
    .port_info 11 /OUTPUT 32 "o_rdata";
P_000001817ca84780 .param/l "INTERVAL" 0 13 14, +C4<00000000000000000000000000000010>;
P_000001817ca847b8 .param/l "LATENCY" 0 13 12, +C4<00000000000000000000000000000100>;
P_000001817ca847f0 .param/l "SIZE" 0 13 10, +C4<00000000000000000000010000000000>;
L_000001817cdd23a0 .functor NOT 1, v000001817cd37f70_0, C4<0>, C4<0>, C4<0>;
L_000001817cdd1680 .functor AND 1, L_000001817cdd23a0, L_000001817cd88730, C4<1>, C4<1>;
v000001817cd368f0_2 .array/port v000001817cd368f0, 2;
L_000001817cdd14c0 .functor BUFZ 32, v000001817cd368f0_2, C4<00000000000000000000000000000000>, C4<00000000000000000000000000000000>, C4<00000000000000000000000000000000>;
v000001817cd36670_2 .array/port v000001817cd36670, 2;
L_000001817cdd2640 .functor BUFZ 4, v000001817cd36670_2, C4<0000>, C4<0000>, C4<0000>;
v000001817cd36ad0_2 .array/port v000001817cd36ad0, 2;
L_000001817cdd15a0 .functor BUFZ 32, v000001817cd36ad0_2, C4<00000000000000000000000000000000>, C4<00000000000000000000000000000000>, C4<00000000000000000000000000000000>;
v000001817cd368f0_3 .array/port v000001817cd368f0, 3;
L_000001817cdd1d80 .functor BUFZ 32, v000001817cd368f0_3, C4<00000000000000000000000000000000>, C4<00000000000000000000000000000000>, C4<00000000000000000000000000000000>;
v000001817cd37250_3 .array/port v000001817cd37250, 3;
L_000001817cdd1920 .functor BUFZ 1, v000001817cd37250_3, C4<0>, C4<0>, C4<0>;
v000001817cd35450_2 .array/port v000001817cd35450, 2;
L_000001817cdd1610 .functor BUFZ 1, v000001817cd35450_2, C4<0>, C4<0>, C4<0>;
L_000001817cdd2a30 .functor BUFZ 32, L_000001817cd88f50, C4<00000000000000000000000000000000>, C4<00000000000000000000000000000000>, C4<00000000000000000000000000000000>;
L_000001817cdd2bf0 .functor BUFZ 32, L_000001817cdd1d80, C4<00000000000000000000000000000000>, C4<00000000000000000000000000000000>, C4<00000000000000000000000000000000>;
L_000001817cdd1ed0 .functor BUFZ 1, L_000001817cdd1920, C4<0>, C4<0>, C4<0>;
L_000001817cdd1f40 .functor BUFZ 1, L_000001817cdd1610, C4<0>, C4<0>, C4<0>;
L_000001817cdd16f0 .functor BUFZ 1, L_000001817cdd1680, C4<0>, C4<0>, C4<0>;
v000001817cd342d0_0 .net *"_ivl_0", 0 0, L_000001817cdd23a0;  1 drivers
v000001817cd33650_0 .net *"_ivl_2", 31 0, L_000001817cd893b0;  1 drivers
v000001817cd33790_0 .net *"_ivl_32", 7 0, L_000001817cd89a90;  1 drivers
L_000001817cd3e998 .functor BUFT 1, C4<00000000000000000000000000000011>, C4<0>, C4<0>, C4<0>;
v000001817cd32e30_0 .net/2u *"_ivl_34", 31 0, L_000001817cd3e998;  1 drivers
v000001817cd34370_0 .net *"_ivl_36", 31 0, L_000001817cd87ab0;  1 drivers
v000001817cd33970_0 .net *"_ivl_38", 7 0, L_000001817cd87a10;  1 drivers
L_000001817cd3e9e0 .functor BUFT 1, C4<00000000000000000000000000000010>, C4<0>, C4<0>, C4<0>;
v000001817cd34730_0 .net/2u *"_ivl_40", 31 0, L_000001817cd3e9e0;  1 drivers
v000001817cd353b0_0 .net *"_ivl_42", 31 0, L_000001817cd88eb0;  1 drivers
v000001817cd37570_0 .net *"_ivl_44", 7 0, L_000001817cd87b50;  1 drivers
L_000001817cd3ea28 .functor BUFT 1, C4<00000000000000000000000000000001>, C4<0>, C4<0>, C4<0>;
v000001817cd363f0_0 .net/2u *"_ivl_46", 31 0, L_000001817cd3ea28;  1 drivers
v000001817cd376b0_0 .net *"_ivl_48", 31 0, L_000001817cd87bf0;  1 drivers
L_000001817cd3e908 .functor BUFT 1, C4<0000000000000000000000000000000>, C4<0>, C4<0>, C4<0>;
v000001817cd360d0_0 .net *"_ivl_5", 30 0, L_000001817cd3e908;  1 drivers
v000001817cd358b0_0 .net *"_ivl_50", 7 0, L_000001817cd89b30;  1 drivers
L_000001817cd3ea70 .functor BUFT 1, C4<00000000000000000000000000000000>, C4<0>, C4<0>, C4<0>;
v000001817cd35950_0 .net/2u *"_ivl_52", 31 0, L_000001817cd3ea70;  1 drivers
v000001817cd36350_0 .net *"_ivl_54", 31 0, L_000001817cd88870;  1 drivers
L_000001817cd3e950 .functor BUFT 1, C4<00000000000000000000000000000000>, C4<0>, C4<0>, C4<0>;
v000001817cd36530_0 .net/2u *"_ivl_6", 31 0, L_000001817cd3e950;  1 drivers
v000001817cd36d50_0 .net *"_ivl_8", 0 0, L_000001817cd88730;  1 drivers
v000001817cd368f0 .array "addrs", 3 0, 31 0;
v000001817cd35a90_0 .net "i_addr", 31 0, L_000001817cdb6c20;  alias, 1 drivers
v000001817cd371b0_0 .net "i_clk", 0 0, v000001817cd35b30_0;  alias, 1 drivers
L_000001817cd3eb00 .functor BUFT 1, C4<1111>, C4<0>, C4<0>, C4<0>;
v000001817cd35d10_0 .net "i_mask", 3 0, L_000001817cd3eb00;  1 drivers
v000001817cd36df0_0 .net "i_ren", 0 0, L_000001817cdb7a20;  alias, 1 drivers
v000001817cd36490_0 .net "i_rst", 0 0, v000001817cd37f70_0;  alias, 1 drivers
L_000001817cd3eb48 .functor BUFT 1, C4<00000000000000000000000000000000>, C4<0>, C4<0>, C4<0>;
v000001817cd35f90_0 .net "i_wdata", 31 0, L_000001817cd3eb48;  1 drivers
L_000001817cd3eab8 .functor BUFT 1, C4<0>, C4<0>, C4<0>, C4<0>;
v000001817cd359f0_0 .net "i_wen", 0 0, L_000001817cd3eab8;  1 drivers
v000001817cd365d0_0 .var "interval_counter", 0 0;
v000001817cd35630_0 .net "mask", 3 0, L_000001817cdd2640;  1 drivers
v000001817cd36670 .array "masks", 3 0, 3 0;
v000001817cd36710 .array "mem", 1023 0, 7 0;
v000001817cd36850_0 .net "o_addr", 31 0, L_000001817cdd2bf0;  1 drivers
v000001817cd36030_0 .net "o_rdata", 31 0, L_000001817cdd2a30;  alias, 1 drivers
v000001817cd35db0_0 .net "o_ready", 0 0, L_000001817cdd16f0;  alias, 1 drivers
v000001817cd356d0_0 .net "o_valid", 0 0, L_000001817cdd1ed0;  alias, 1 drivers
v000001817cd36e90_0 .net "o_wdone", 0 0, L_000001817cdd1f40;  1 drivers
v000001817cd36990_0 .net "raddr", 31 0, v000001817cd368f0_3;  1 drivers
v000001817cd367b0_0 .net "ready", 0 0, L_000001817cdd1680;  1 drivers
v000001817cd35270_0 .net "ren", 0 0, v000001817cd37250_3;  1 drivers
v000001817cd37250 .array "rens", 3 0, 0 0;
v000001817cd37890_0 .net "res_addr", 31 0, L_000001817cdd1d80;  1 drivers
v000001817cd37110_0 .net "res_rdata", 31 0, L_000001817cd88f50;  1 drivers
v000001817cd36a30_0 .net "res_valid", 0 0, L_000001817cdd1920;  1 drivers
v000001817cd35bd0_0 .net "res_wdone", 0 0, L_000001817cdd1610;  1 drivers
v000001817cd35c70_0 .net "waddr", 31 0, L_000001817cdd14c0;  1 drivers
v000001817cd35e50_0 .net "wdata", 31 0, L_000001817cdd15a0;  1 drivers
v000001817cd36ad0 .array "wdatas", 3 0, 31 0;
v000001817cd37430_0 .net "wen", 0 0, v000001817cd35450_2;  1 drivers
v000001817cd35450 .array "wens", 3 0, 0 0;
L_000001817cd893b0 .concat [ 1 31 0 0], v000001817cd365d0_0, L_000001817cd3e908;
L_000001817cd88730 .cmp/eq 32, L_000001817cd893b0, L_000001817cd3e950;
L_000001817cd89a90 .array/port v000001817cd36710, L_000001817cd87ab0;
L_000001817cd87ab0 .arith/sum 32, v000001817cd368f0_3, L_000001817cd3e998;
L_000001817cd87a10 .array/port v000001817cd36710, L_000001817cd88eb0;
L_000001817cd88eb0 .arith/sum 32, v000001817cd368f0_3, L_000001817cd3e9e0;
L_000001817cd87b50 .array/port v000001817cd36710, L_000001817cd87bf0;
L_000001817cd87bf0 .arith/sum 32, v000001817cd368f0_3, L_000001817cd3ea28;
L_000001817cd89b30 .array/port v000001817cd36710, L_000001817cd88870;
L_000001817cd88870 .arith/sum 32, v000001817cd368f0_3, L_000001817cd3ea70;
L_000001817cd88f50 .concat [ 8 8 8 8], L_000001817cd89b30, L_000001817cd87b50, L_000001817cd87a10, L_000001817cd89a90;
S_000001817cd39920 .scope generate, "genblk1[1]" "genblk1[1]" 13 102, 13 102 0, S_000001817cd3a5a0;
 .timescale -9 -12;
P_000001817cc60770 .param/l "i" 0 13 102, +C4<01>;
S_000001817cd3a730 .scope generate, "genblk1[2]" "genblk1[2]" 13 102, 13 102 0, S_000001817cd3a5a0;
 .timescale -9 -12;
P_000001817cc607b0 .param/l "i" 0 13 102, +C4<010>;
S_000001817cd39dd0 .scope generate, "genblk1[3]" "genblk1[3]" 13 102, 13 102 0, S_000001817cd3a5a0;
 .timescale -9 -12;
P_000001817cc60830 .param/l "i" 0 13 102, +C4<011>;
    .scope S_000001817cca3bc0;
T_4 ;
    %wait E_000001817cc605b0;
    %load/vec4 v000001817cd13910_0;
    %flag_set/vec4 8;
    %jmp/0xz  T_4.0, 8;
    %pushi/vec4 0, 0, 2;
    %assign/vec4 v000001817cd17dd0_0, 0;
    %pushi/vec4 0, 0, 23;
    %assign/vec4 v000001817cd14270_0, 0;
    %pushi/vec4 0, 0, 5;
    %assign/vec4 v000001817cd141d0_0, 0;
    %pushi/vec4 0, 0, 2;
    %assign/vec4 v000001817cd17bf0_0, 0;
    %pushi/vec4 0, 0, 1;
    %assign/vec4 v000001817cd14310_0, 0;
    %pushi/vec4 0, 0, 1;
    %assign/vec4 v000001817cd13c30_0, 0;
    %pushi/vec4 0, 0, 4;
    %assign/vec4 v000001817cd14450_0, 0;
    %pushi/vec4 0, 0, 32;
    %assign/vec4 v000001817cd149f0_0, 0;
    %pushi/vec4 0, 0, 2;
    %assign/vec4 v000001817cd16750_0, 0;
    %pushi/vec4 0, 0, 3;
    %assign/vec4 v000001817cd16e30_0, 0;
    %pushi/vec4 0, 0, 3;
    %assign/vec4 v000001817cd16b10_0, 0;
    %pushi/vec4 0, 0, 4;
    %assign/vec4 v000001817cd17b50_0, 0;
    %pushi/vec4 0, 0, 32;
    %store/vec4 v000001817cd18230_0, 0, 32;
T_4.2 ;
    %load/vec4 v000001817cd18230_0;
    %cmpi/s 32, 0, 32;
    %jmp/0xz T_4.3, 5;
    %pushi/vec4 0, 0, 2;
    %ix/getv/s 3, v000001817cd18230_0;
    %ix/load 4, 0, 0; Constant delay
    %assign/vec4/a/d v000001817cd16d90, 0, 4;
    %pushi/vec4 0, 0, 1;
    %ix/getv/s 3, v000001817cd18230_0;
    %ix/load 4, 0, 0; Constant delay
    %assign/vec4/a/d v000001817cd139b0, 0, 4;
    %pushi/vec4 0, 0, 23;
    %ix/getv/s 3, v000001817cd18230_0;
    %ix/load 4, 0, 0; Constant delay
    %assign/vec4/a/d v000001817cd17150, 0, 4;
    %pushi/vec4 0, 0, 23;
    %ix/getv/s 3, v000001817cd18230_0;
    %ix/load 4, 0, 0; Constant delay
    %assign/vec4/a/d v000001817cd17e70, 0, 4;
    %pushi/vec4 0, 0, 32;
    %store/vec4 v000001817cd16570_0, 0, 32;
T_4.4 ;
    %load/vec4 v000001817cd16570_0;
    %cmpi/s 4, 0, 32;
    %jmp/0xz T_4.5, 5;
    %pushi/vec4 0, 0, 32;
    %load/vec4 v000001817cd18230_0;
    %pad/s 35;
    %pad/s 37;
    %muli 4, 0, 37;
    %pad/s 38;
    %load/vec4 v000001817cd16570_0;
    %pad/s 38;
    %add;
    %ix/vec4/s 3;
    %ix/load 4, 0, 0; Constant delay
    %assign/vec4/a/d v000001817cd152b0, 0, 4;
    %pushi/vec4 0, 0, 32;
    %load/vec4 v000001817cd18230_0;
    %pad/s 35;
    %pad/s 37;
    %muli 4, 0, 37;
    %pad/s 38;
    %load/vec4 v000001817cd16570_0;
    %pad/s 38;
    %add;
    %ix/vec4/s 3;
    %ix/load 4, 0, 0; Constant delay
    %assign/vec4/a/d v000001817cd14130, 0, 4;
    %load/vec4 v000001817cd16570_0;
    %addi 1, 0, 32;
    %store/vec4 v000001817cd16570_0, 0, 32;
    %jmp T_4.4;
T_4.5 ;
    %load/vec4 v000001817cd18230_0;
    %addi 1, 0, 32;
    %store/vec4 v000001817cd18230_0, 0, 32;
    %jmp T_4.2;
T_4.3 ;
    %pushi/vec4 0, 0, 32;
    %store/vec4 v000001817cd164d0_0, 0, 32;
T_4.6 ;
    %load/vec4 v000001817cd164d0_0;
    %cmpi/s 8, 0, 32;
    %jmp/0xz T_4.7, 5;
    %pushi/vec4 0, 0, 32;
    %ix/getv/s 3, v000001817cd164d0_0;
    %ix/load 4, 0, 0; Constant delay
    %assign/vec4/a/d v000001817cd178d0, 0, 4;
    %pushi/vec4 0, 0, 32;
    %ix/getv/s 3, v000001817cd164d0_0;
    %ix/load 4, 0, 0; Constant delay
    %assign/vec4/a/d v000001817cd170b0, 0, 4;
    %load/vec4 v000001817cd164d0_0;
    %addi 1, 0, 32;
    %store/vec4 v000001817cd164d0_0, 0, 32;
    %jmp T_4.6;
T_4.7 ;
    %jmp T_4.1;
T_4.0 ;
    %load/vec4 v000001817cd17f10_0;
    %flag_set/vec4 8;
    %jmp/0xz  T_4.8, 8;
    %load/vec4 v000001817cd18410_0;
    %load/vec4 v000001817cd16b10_0;
    %pad/u 5;
    %ix/vec4 3;
    %ix/load 4, 0, 0; Constant delay
    %assign/vec4/a/d v000001817cd178d0, 0, 4;
    %load/vec4 v000001817cd17830_0;
    %load/vec4 v000001817cd16b10_0;
    %pad/u 5;
    %ix/vec4 3;
    %ix/load 4, 0, 0; Constant delay
    %assign/vec4/a/d v000001817cd170b0, 0, 4;
T_4.8 ;
    %load/vec4 v000001817cd16430_0;
    %flag_set/vec4 8;
    %jmp/0xz  T_4.10, 8;
    %load/vec4 v000001817cd16e30_0;
    %addi 1, 0, 3;
    %assign/vec4 v000001817cd16e30_0, 0;
T_4.10 ;
    %load/vec4 v000001817cd17f10_0;
    %flag_set/vec4 8;
    %jmp/0xz  T_4.12, 8;
    %load/vec4 v000001817cd16b10_0;
    %addi 1, 0, 3;
    %assign/vec4 v000001817cd16b10_0, 0;
T_4.12 ;
    %load/vec4 v000001817cd17f10_0;
    %load/vec4 v000001817cd16430_0;
    %concat/vec4; draw_concat_vec4
    %dup/vec4;
    %pushi/vec4 2, 0, 2;
    %cmp/u;
    %jmp/1 T_4.14, 6;
    %dup/vec4;
    %pushi/vec4 1, 0, 2;
    %cmp/u;
    %jmp/1 T_4.15, 6;
    %load/vec4 v000001817cd17b50_0;
    %assign/vec4 v000001817cd17b50_0, 0;
    %jmp T_4.17;
T_4.14 ;
    %load/vec4 v000001817cd17b50_0;
    %addi 1, 0, 4;
    %assign/vec4 v000001817cd17b50_0, 0;
    %jmp T_4.17;
T_4.15 ;
    %load/vec4 v000001817cd17b50_0;
    %subi 1, 0, 4;
    %assign/vec4 v000001817cd17b50_0, 0;
    %jmp T_4.17;
T_4.17 ;
    %pop/vec4 1;
    %load/vec4 v000001817cd17dd0_0;
    %dup/vec4;
    %pushi/vec4 0, 0, 2;
    %cmp/u;
    %jmp/1 T_4.18, 6;
    %dup/vec4;
    %pushi/vec4 1, 0, 2;
    %cmp/u;
    %jmp/1 T_4.19, 6;
    %dup/vec4;
    %pushi/vec4 2, 0, 2;
    %cmp/u;
    %jmp/1 T_4.20, 6;
    %dup/vec4;
    %pushi/vec4 3, 0, 2;
    %cmp/u;
    %jmp/1 T_4.21, 6;
    %pushi/vec4 0, 0, 2;
    %assign/vec4 v000001817cd17dd0_0, 0;
    %jmp T_4.23;
T_4.18 ;
    %load/vec4 v000001817cd14d10_0;
    %load/vec4 v000001817cd14c70_0;
    %and;
    %flag_set/vec4 8;
    %jmp/0xz  T_4.24, 8;
    %load/vec4 v000001817cd17790_0;
    %flag_set/vec4 8;
    %jmp/0xz  T_4.26, 8;
    %pushi/vec4 1, 0, 1;
    %load/vec4 v000001817cd18190_0;
    %pad/u 7;
    %ix/vec4 3;
    %ix/load 4, 0, 0; Constant delay
    %assign/vec4/a/d v000001817cd139b0, 0, 4;
    %jmp T_4.27;
T_4.26 ;
    %load/vec4 v000001817cd171f0_0;
    %flag_set/vec4 8;
    %jmp/0xz  T_4.28, 8;
    %pushi/vec4 0, 0, 1;
    %load/vec4 v000001817cd18190_0;
    %pad/u 7;
    %ix/vec4 3;
    %ix/load 4, 0, 0; Constant delay
    %assign/vec4/a/d v000001817cd139b0, 0, 4;
T_4.28 ;
T_4.27 ;
    %jmp T_4.25;
T_4.24 ;
    %load/vec4 v000001817cd15d50_0;
    %flag_set/vec4 8;
    %jmp/0xz  T_4.30, 8;
    %load/vec4 v000001817cd17790_0;
    %flag_set/vec4 8;
    %jmp/0xz  T_4.32, 8;
    %load/vec4 v000001817cd13ff0_0;
    %load/vec4 v000001817cd18190_0;
    %pad/u 10;
    %pad/u 12;
    %muli 4, 0, 12;
    %pad/u 13;
    %load/vec4 v000001817cd17d30_0;
    %pad/u 4;
    %pad/u 13;
    %add;
    %ix/vec4 3;
    %ix/load 4, 0, 0; Constant delay
    %assign/vec4/a/d v000001817cd152b0, 0, 4;
    %jmp T_4.33;
T_4.32 ;
    %load/vec4 v000001817cd13ff0_0;
    %load/vec4 v000001817cd18190_0;
    %pad/u 10;
    %pad/u 12;
    %muli 4, 0, 12;
    %pad/u 13;
    %load/vec4 v000001817cd17d30_0;
    %pad/u 4;
    %pad/u 13;
    %add;
    %ix/vec4 3;
    %ix/load 4, 0, 0; Constant delay
    %assign/vec4/a/d v000001817cd14130, 0, 4;
T_4.33 ;
    %load/vec4 v000001817cd17790_0;
    %flag_set/vec4 8;
    %jmp/0xz  T_4.34, 8;
    %pushi/vec4 1, 0, 1;
    %load/vec4 v000001817cd18190_0;
    %pad/u 7;
    %ix/vec4 3;
    %ix/load 4, 0, 0; Constant delay
    %assign/vec4/a/d v000001817cd139b0, 0, 4;
    %jmp T_4.35;
T_4.34 ;
    %load/vec4 v000001817cd171f0_0;
    %flag_set/vec4 8;
    %jmp/0xz  T_4.36, 8;
    %pushi/vec4 0, 0, 1;
    %load/vec4 v000001817cd18190_0;
    %pad/u 7;
    %ix/vec4 3;
    %ix/load 4, 0, 0; Constant delay
    %assign/vec4/a/d v000001817cd139b0, 0, 4;
T_4.36 ;
T_4.35 ;
    %jmp T_4.31;
T_4.30 ;
    %load/vec4 v000001817cd161b0_0;
    %flag_set/vec4 8;
    %jmp/0xz  T_4.38, 8;
    %load/vec4 v000001817cd16110_0;
    %assign/vec4 v000001817cd14270_0, 0;
    %load/vec4 v000001817cd18190_0;
    %assign/vec4 v000001817cd141d0_0, 0;
    %load/vec4 v000001817cd17d30_0;
    %assign/vec4 v000001817cd17bf0_0, 0;
    %load/vec4 v000001817cd14a90_0;
    %assign/vec4 v000001817cd14310_0, 0;
    %pushi/vec4 1, 0, 1;
    %assign/vec4 v000001817cd13c30_0, 0;
    %load/vec4 v000001817cd158f0_0;
    %assign/vec4 v000001817cd14450_0, 0;
    %load/vec4 v000001817cd13730_0;
    %assign/vec4 v000001817cd149f0_0, 0;
    %pushi/vec4 3, 0, 2;
    %assign/vec4 v000001817cd17dd0_0, 0;
    %jmp T_4.39;
T_4.38 ;
    %load/vec4 v000001817cd182d0_0;
    %load/vec4 v000001817cd15cb0_0;
    %or;
    %flag_set/vec4 8;
    %jmp/0xz  T_4.40, 8;
    %load/vec4 v000001817cd16110_0;
    %assign/vec4 v000001817cd14270_0, 0;
    %load/vec4 v000001817cd18190_0;
    %assign/vec4 v000001817cd141d0_0, 0;
    %load/vec4 v000001817cd17d30_0;
    %assign/vec4 v000001817cd17bf0_0, 0;
    %load/vec4 v000001817cd18370_0;
    %assign/vec4 v000001817cd14310_0, 0;
    %load/vec4 v000001817cd13870_0;
    %assign/vec4 v000001817cd13c30_0, 0;
    %load/vec4 v000001817cd158f0_0;
    %assign/vec4 v000001817cd14450_0, 0;
    %load/vec4 v000001817cd13730_0;
    %assign/vec4 v000001817cd149f0_0, 0;
    %pushi/vec4 0, 0, 2;
    %assign/vec4 v000001817cd16750_0, 0;
    %pushi/vec4 1, 0, 2;
    %assign/vec4 v000001817cd17dd0_0, 0;
T_4.40 ;
T_4.39 ;
T_4.31 ;
T_4.25 ;
    %jmp T_4.23;
T_4.19 ;
    %load/vec4 v000001817cd157b0_0;
    %flag_set/vec4 8;
    %jmp/0xz  T_4.42, 8;
    %pushi/vec4 2, 0, 2;
    %assign/vec4 v000001817cd17dd0_0, 0;
T_4.42 ;
    %jmp T_4.23;
T_4.20 ;
    %load/vec4 v000001817cd134b0_0;
    %flag_set/vec4 8;
    %jmp/0xz  T_4.44, 8;
    %load/vec4 v000001817cd14310_0;
    %cmpi/e 0, 0, 1;
    %jmp/0xz  T_4.46, 4;
    %load/vec4 v000001817cd13d70_0;
    %load/vec4 v000001817cd141d0_0;
    %pad/u 10;
    %pad/u 12;
    %muli 4, 0, 12;
    %pad/u 13;
    %load/vec4 v000001817cd16750_0;
    %pad/u 4;
    %pad/u 13;
    %add;
    %ix/vec4 3;
    %ix/load 4, 0, 0; Constant delay
    %assign/vec4/a/d v000001817cd152b0, 0, 4;
    %jmp T_4.47;
T_4.46 ;
    %load/vec4 v000001817cd13d70_0;
    %load/vec4 v000001817cd141d0_0;
    %pad/u 10;
    %pad/u 12;
    %muli 4, 0, 12;
    %pad/u 13;
    %load/vec4 v000001817cd16750_0;
    %pad/u 4;
    %pad/u 13;
    %add;
    %ix/vec4 3;
    %ix/load 4, 0, 0; Constant delay
    %assign/vec4/a/d v000001817cd14130, 0, 4;
T_4.47 ;
    %load/vec4 v000001817cd16750_0;
    %pad/u 32;
    %cmpi/e 3, 0, 32;
    %jmp/0xz  T_4.48, 4;
    %load/vec4 v000001817cd14310_0;
    %cmpi/e 0, 0, 1;
    %jmp/0xz  T_4.50, 4;
    %load/vec4 v000001817cd14270_0;
    %load/vec4 v000001817cd141d0_0;
    %pad/u 7;
    %ix/vec4 3;
    %ix/load 4, 0, 0; Constant delay
    %assign/vec4/a/d v000001817cd17150, 0, 4;
    %pushi/vec4 1, 0, 1;
    %load/vec4 v000001817cd141d0_0;
    %pad/u 7;
    %ix/vec4 3;
    %ix/load 4, 0, 0; Constant delay
    %assign/vec4/a/d v000001817cd16d90, 0, 4;
    %jmp T_4.51;
T_4.50 ;
    %load/vec4 v000001817cd14270_0;
    %load/vec4 v000001817cd141d0_0;
    %pad/u 7;
    %ix/vec4 3;
    %ix/load 4, 0, 0; Constant delay
    %assign/vec4/a/d v000001817cd17e70, 0, 4;
    %pushi/vec4 1, 0, 1;
    %load/vec4 v000001817cd141d0_0;
    %pad/u 7;
    %ix/vec4 3;
    %ix/load 4, 1, 0; part off
    %ix/load 5, 0, 0; Constant delay
    %assign/vec4/a/d v000001817cd16d90, 4, 5;
T_4.51 ;
    %load/vec4 v000001817cd13c30_0;
    %flag_set/vec4 8;
    %jmp/0xz  T_4.52, 8;
    %pushi/vec4 3, 0, 2;
    %assign/vec4 v000001817cd17dd0_0, 0;
    %jmp T_4.53;
T_4.52 ;
    %load/vec4 v000001817cd14310_0;
    %inv;
    %load/vec4 v000001817cd141d0_0;
    %pad/u 7;
    %ix/vec4 3;
    %ix/load 4, 0, 0; Constant delay
    %assign/vec4/a/d v000001817cd139b0, 0, 4;
    %pushi/vec4 0, 0, 2;
    %assign/vec4 v000001817cd17dd0_0, 0;
T_4.53 ;
    %jmp T_4.49;
T_4.48 ;
    %load/vec4 v000001817cd16750_0;
    %addi 1, 0, 2;
    %assign/vec4 v000001817cd16750_0, 0;
    %pushi/vec4 1, 0, 2;
    %assign/vec4 v000001817cd17dd0_0, 0;
T_4.49 ;
T_4.44 ;
    %jmp T_4.23;
T_4.21 ;
    %load/vec4 v000001817cd15e90_0;
    %flag_set/vec4 8;
    %jmp/0xz  T_4.54, 8;
    %load/vec4 v000001817cd14310_0;
    %cmpi/e 0, 0, 1;
    %jmp/0xz  T_4.56, 4;
    %load/vec4 v000001817cd144f0_0;
    %load/vec4 v000001817cd141d0_0;
    %pad/u 10;
    %pad/u 12;
    %muli 4, 0, 12;
    %pad/u 13;
    %load/vec4 v000001817cd17bf0_0;
    %pad/u 4;
    %pad/u 13;
    %add;
    %ix/vec4 3;
    %ix/load 4, 0, 0; Constant delay
    %assign/vec4/a/d v000001817cd152b0, 0, 4;
    %jmp T_4.57;
T_4.56 ;
    %load/vec4 v000001817cd144f0_0;
    %load/vec4 v000001817cd141d0_0;
    %pad/u 10;
    %pad/u 12;
    %muli 4, 0, 12;
    %pad/u 13;
    %load/vec4 v000001817cd17bf0_0;
    %pad/u 4;
    %pad/u 13;
    %add;
    %ix/vec4 3;
    %ix/load 4, 0, 0; Constant delay
    %assign/vec4/a/d v000001817cd14130, 0, 4;
T_4.57 ;
    %load/vec4 v000001817cd14310_0;
    %inv;
    %load/vec4 v000001817cd141d0_0;
    %pad/u 7;
    %ix/vec4 3;
    %ix/load 4, 0, 0; Constant delay
    %assign/vec4/a/d v000001817cd139b0, 0, 4;
    %pushi/vec4 0, 0, 2;
    %assign/vec4 v000001817cd17dd0_0, 0;
T_4.54 ;
    %jmp T_4.23;
T_4.23 ;
    %pop/vec4 1;
T_4.1 ;
    %jmp T_4;
    .thread T_4;
    .scope S_000001817c63a5c0;
T_5 ;
    %wait E_000001817cc605b0;
    %load/vec4 v000001817cd04840_0;
    %flag_set/vec4 8;
    %jmp/0xz  T_5.0, 8;
    %pushi/vec4 0, 0, 2;
    %assign/vec4 v000001817cd04e80_0, 0;
    %pushi/vec4 0, 0, 23;
    %assign/vec4 v000001817cd03da0_0, 0;
    %pushi/vec4 0, 0, 5;
    %assign/vec4 v000001817cd03b20_0, 0;
    %pushi/vec4 0, 0, 2;
    %assign/vec4 v000001817cd04fc0_0, 0;
    %pushi/vec4 0, 0, 1;
    %assign/vec4 v000001817cd04980_0, 0;
    %pushi/vec4 0, 0, 1;
    %assign/vec4 v000001817cd05560_0, 0;
    %pushi/vec4 0, 0, 4;
    %assign/vec4 v000001817cd03760_0, 0;
    %pushi/vec4 0, 0, 32;
    %assign/vec4 v000001817cd03a80_0, 0;
    %pushi/vec4 0, 0, 2;
    %assign/vec4 v000001817cd04de0_0, 0;
    %pushi/vec4 0, 0, 3;
    %assign/vec4 v000001817cd054c0_0, 0;
    %pushi/vec4 0, 0, 3;
    %assign/vec4 v000001817cd07900_0, 0;
    %pushi/vec4 0, 0, 4;
    %assign/vec4 v000001817cd039e0_0, 0;
    %pushi/vec4 0, 0, 32;
    %store/vec4 v000001817cd033a0_0, 0, 32;
T_5.2 ;
    %load/vec4 v000001817cd033a0_0;
    %cmpi/s 32, 0, 32;
    %jmp/0xz T_5.3, 5;
    %pushi/vec4 0, 0, 2;
    %ix/getv/s 3, v000001817cd033a0_0;
    %ix/load 4, 0, 0; Constant delay
    %assign/vec4/a/d v000001817cd038a0, 0, 4;
    %pushi/vec4 0, 0, 1;
    %ix/getv/s 3, v000001817cd033a0_0;
    %ix/load 4, 0, 0; Constant delay
    %assign/vec4/a/d v000001817cd057e0, 0, 4;
    %pushi/vec4 0, 0, 23;
    %ix/getv/s 3, v000001817cd033a0_0;
    %ix/load 4, 0, 0; Constant delay
    %assign/vec4/a/d v000001817cd034e0, 0, 4;
    %pushi/vec4 0, 0, 23;
    %ix/getv/s 3, v000001817cd033a0_0;
    %ix/load 4, 0, 0; Constant delay
    %assign/vec4/a/d v000001817cd045c0, 0, 4;
    %pushi/vec4 0, 0, 32;
    %store/vec4 v000001817cd07f40_0, 0, 32;
T_5.4 ;
    %load/vec4 v000001817cd07f40_0;
    %cmpi/s 4, 0, 32;
    %jmp/0xz T_5.5, 5;
    %pushi/vec4 0, 0, 32;
    %load/vec4 v000001817cd033a0_0;
    %pad/s 35;
    %pad/s 37;
    %muli 4, 0, 37;
    %pad/s 38;
    %load/vec4 v000001817cd07f40_0;
    %pad/s 38;
    %add;
    %ix/vec4/s 3;
    %ix/load 4, 0, 0; Constant delay
    %assign/vec4/a/d v000001817cd04520, 0, 4;
    %pushi/vec4 0, 0, 32;
    %load/vec4 v000001817cd033a0_0;
    %pad/s 35;
    %pad/s 37;
    %muli 4, 0, 37;
    %pad/s 38;
    %load/vec4 v000001817cd07f40_0;
    %pad/s 38;
    %add;
    %ix/vec4/s 3;
    %ix/load 4, 0, 0; Constant delay
    %assign/vec4/a/d v000001817cd04a20, 0, 4;
    %load/vec4 v000001817cd07f40_0;
    %addi 1, 0, 32;
    %store/vec4 v000001817cd07f40_0, 0, 32;
    %jmp T_5.4;
T_5.5 ;
    %load/vec4 v000001817cd033a0_0;
    %addi 1, 0, 32;
    %store/vec4 v000001817cd033a0_0, 0, 32;
    %jmp T_5.2;
T_5.3 ;
    %pushi/vec4 0, 0, 32;
    %store/vec4 v000001817cd05600_0, 0, 32;
T_5.6 ;
    %load/vec4 v000001817cd05600_0;
    %cmpi/s 8, 0, 32;
    %jmp/0xz T_5.7, 5;
    %pushi/vec4 0, 0, 32;
    %ix/getv/s 3, v000001817cd05600_0;
    %ix/load 4, 0, 0; Constant delay
    %assign/vec4/a/d v000001817cd03940, 0, 4;
    %pushi/vec4 0, 0, 32;
    %ix/getv/s 3, v000001817cd05600_0;
    %ix/load 4, 0, 0; Constant delay
    %assign/vec4/a/d v000001817cd05420, 0, 4;
    %load/vec4 v000001817cd05600_0;
    %addi 1, 0, 32;
    %store/vec4 v000001817cd05600_0, 0, 32;
    %jmp T_5.6;
T_5.7 ;
    %jmp T_5.1;
T_5.0 ;
    %load/vec4 v000001817cd061e0_0;
    %flag_set/vec4 8;
    %jmp/0xz  T_5.8, 8;
    %load/vec4 v000001817cd04200_0;
    %load/vec4 v000001817cd07900_0;
    %pad/u 5;
    %ix/vec4 3;
    %ix/load 4, 0, 0; Constant delay
    %assign/vec4/a/d v000001817cd03940, 0, 4;
    %load/vec4 v000001817cd05920_0;
    %load/vec4 v000001817cd07900_0;
    %pad/u 5;
    %ix/vec4 3;
    %ix/load 4, 0, 0; Constant delay
    %assign/vec4/a/d v000001817cd05420, 0, 4;
T_5.8 ;
    %load/vec4 v000001817cd059c0_0;
    %flag_set/vec4 8;
    %jmp/0xz  T_5.10, 8;
    %load/vec4 v000001817cd054c0_0;
    %addi 1, 0, 3;
    %assign/vec4 v000001817cd054c0_0, 0;
T_5.10 ;
    %load/vec4 v000001817cd061e0_0;
    %flag_set/vec4 8;
    %jmp/0xz  T_5.12, 8;
    %load/vec4 v000001817cd07900_0;
    %addi 1, 0, 3;
    %assign/vec4 v000001817cd07900_0, 0;
T_5.12 ;
    %load/vec4 v000001817cd061e0_0;
    %load/vec4 v000001817cd059c0_0;
    %concat/vec4; draw_concat_vec4
    %dup/vec4;
    %pushi/vec4 2, 0, 2;
    %cmp/u;
    %jmp/1 T_5.14, 6;
    %dup/vec4;
    %pushi/vec4 1, 0, 2;
    %cmp/u;
    %jmp/1 T_5.15, 6;
    %load/vec4 v000001817cd039e0_0;
    %assign/vec4 v000001817cd039e0_0, 0;
    %jmp T_5.17;
T_5.14 ;
    %load/vec4 v000001817cd039e0_0;
    %addi 1, 0, 4;
    %assign/vec4 v000001817cd039e0_0, 0;
    %jmp T_5.17;
T_5.15 ;
    %load/vec4 v000001817cd039e0_0;
    %subi 1, 0, 4;
    %assign/vec4 v000001817cd039e0_0, 0;
    %jmp T_5.17;
T_5.17 ;
    %pop/vec4 1;
    %load/vec4 v000001817cd04e80_0;
    %dup/vec4;
    %pushi/vec4 0, 0, 2;
    %cmp/u;
    %jmp/1 T_5.18, 6;
    %dup/vec4;
    %pushi/vec4 1, 0, 2;
    %cmp/u;
    %jmp/1 T_5.19, 6;
    %dup/vec4;
    %pushi/vec4 2, 0, 2;
    %cmp/u;
    %jmp/1 T_5.20, 6;
    %dup/vec4;
    %pushi/vec4 3, 0, 2;
    %cmp/u;
    %jmp/1 T_5.21, 6;
    %pushi/vec4 0, 0, 2;
    %assign/vec4 v000001817cd04e80_0, 0;
    %jmp T_5.23;
T_5.18 ;
    %load/vec4 v000001817cd04480_0;
    %load/vec4 v000001817cd05740_0;
    %and;
    %flag_set/vec4 8;
    %jmp/0xz  T_5.24, 8;
    %load/vec4 v000001817cd040c0_0;
    %flag_set/vec4 8;
    %jmp/0xz  T_5.26, 8;
    %pushi/vec4 1, 0, 1;
    %load/vec4 v000001817cd031c0_0;
    %pad/u 7;
    %ix/vec4 3;
    %ix/load 4, 0, 0; Constant delay
    %assign/vec4/a/d v000001817cd057e0, 0, 4;
    %jmp T_5.27;
T_5.26 ;
    %load/vec4 v000001817cd04f20_0;
    %flag_set/vec4 8;
    %jmp/0xz  T_5.28, 8;
    %pushi/vec4 0, 0, 1;
    %load/vec4 v000001817cd031c0_0;
    %pad/u 7;
    %ix/vec4 3;
    %ix/load 4, 0, 0; Constant delay
    %assign/vec4/a/d v000001817cd057e0, 0, 4;
T_5.28 ;
T_5.27 ;
    %jmp T_5.25;
T_5.24 ;
    %load/vec4 v000001817cd07360_0;
    %flag_set/vec4 8;
    %jmp/0xz  T_5.30, 8;
    %load/vec4 v000001817cd040c0_0;
    %flag_set/vec4 8;
    %jmp/0xz  T_5.32, 8;
    %load/vec4 v000001817cd03080_0;
    %load/vec4 v000001817cd031c0_0;
    %pad/u 10;
    %pad/u 12;
    %muli 4, 0, 12;
    %pad/u 13;
    %load/vec4 v000001817cd03bc0_0;
    %pad/u 4;
    %pad/u 13;
    %add;
    %ix/vec4 3;
    %ix/load 4, 0, 0; Constant delay
    %assign/vec4/a/d v000001817cd04520, 0, 4;
    %jmp T_5.33;
T_5.32 ;
    %load/vec4 v000001817cd03080_0;
    %load/vec4 v000001817cd031c0_0;
    %pad/u 10;
    %pad/u 12;
    %muli 4, 0, 12;
    %pad/u 13;
    %load/vec4 v000001817cd03bc0_0;
    %pad/u 4;
    %pad/u 13;
    %add;
    %ix/vec4 3;
    %ix/load 4, 0, 0; Constant delay
    %assign/vec4/a/d v000001817cd04a20, 0, 4;
T_5.33 ;
    %load/vec4 v000001817cd040c0_0;
    %flag_set/vec4 8;
    %jmp/0xz  T_5.34, 8;
    %pushi/vec4 1, 0, 1;
    %load/vec4 v000001817cd031c0_0;
    %pad/u 7;
    %ix/vec4 3;
    %ix/load 4, 0, 0; Constant delay
    %assign/vec4/a/d v000001817cd057e0, 0, 4;
    %jmp T_5.35;
T_5.34 ;
    %load/vec4 v000001817cd04f20_0;
    %flag_set/vec4 8;
    %jmp/0xz  T_5.36, 8;
    %pushi/vec4 0, 0, 1;
    %load/vec4 v000001817cd031c0_0;
    %pad/u 7;
    %ix/vec4 3;
    %ix/load 4, 0, 0; Constant delay
    %assign/vec4/a/d v000001817cd057e0, 0, 4;
T_5.36 ;
T_5.35 ;
    %jmp T_5.31;
T_5.30 ;
    %load/vec4 v000001817cd077c0_0;
    %flag_set/vec4 8;
    %jmp/0xz  T_5.38, 8;
    %load/vec4 v000001817cd051a0_0;
    %assign/vec4 v000001817cd03da0_0, 0;
    %load/vec4 v000001817cd031c0_0;
    %assign/vec4 v000001817cd03b20_0, 0;
    %load/vec4 v000001817cd03bc0_0;
    %assign/vec4 v000001817cd04fc0_0, 0;
    %load/vec4 v000001817cd03d00_0;
    %assign/vec4 v000001817cd04980_0, 0;
    %pushi/vec4 1, 0, 1;
    %assign/vec4 v000001817cd05560_0, 0;
    %load/vec4 v000001817cd03620_0;
    %assign/vec4 v000001817cd03760_0, 0;
    %load/vec4 v000001817cd048e0_0;
    %assign/vec4 v000001817cd03a80_0, 0;
    %pushi/vec4 3, 0, 2;
    %assign/vec4 v000001817cd04e80_0, 0;
    %jmp T_5.39;
T_5.38 ;
    %load/vec4 v000001817cd04ca0_0;
    %load/vec4 v000001817cd06500_0;
    %or;
    %flag_set/vec4 8;
    %jmp/0xz  T_5.40, 8;
    %load/vec4 v000001817cd051a0_0;
    %assign/vec4 v000001817cd03da0_0, 0;
    %load/vec4 v000001817cd031c0_0;
    %assign/vec4 v000001817cd03b20_0, 0;
    %load/vec4 v000001817cd03bc0_0;
    %assign/vec4 v000001817cd04fc0_0, 0;
    %load/vec4 v000001817cd03580_0;
    %assign/vec4 v000001817cd04980_0, 0;
    %load/vec4 v000001817cd03300_0;
    %assign/vec4 v000001817cd05560_0, 0;
    %load/vec4 v000001817cd03620_0;
    %assign/vec4 v000001817cd03760_0, 0;
    %load/vec4 v000001817cd048e0_0;
    %assign/vec4 v000001817cd03a80_0, 0;
    %pushi/vec4 0, 0, 2;
    %assign/vec4 v000001817cd04de0_0, 0;
    %pushi/vec4 1, 0, 2;
    %assign/vec4 v000001817cd04e80_0, 0;
T_5.40 ;
T_5.39 ;
T_5.31 ;
T_5.25 ;
    %jmp T_5.23;
T_5.19 ;
    %load/vec4 v000001817cd036c0_0;
    %flag_set/vec4 8;
    %jmp/0xz  T_5.42, 8;
    %pushi/vec4 2, 0, 2;
    %assign/vec4 v000001817cd04e80_0, 0;
T_5.42 ;
    %jmp T_5.23;
T_5.20 ;
    %load/vec4 v000001817cd03f80_0;
    %flag_set/vec4 8;
    %jmp/0xz  T_5.44, 8;
    %load/vec4 v000001817cd04980_0;
    %cmpi/e 0, 0, 1;
    %jmp/0xz  T_5.46, 4;
    %load/vec4 v000001817cd043e0_0;
    %load/vec4 v000001817cd03b20_0;
    %pad/u 10;
    %pad/u 12;
    %muli 4, 0, 12;
    %pad/u 13;
    %load/vec4 v000001817cd04de0_0;
    %pad/u 4;
    %pad/u 13;
    %add;
    %ix/vec4 3;
    %ix/load 4, 0, 0; Constant delay
    %assign/vec4/a/d v000001817cd04520, 0, 4;
    %jmp T_5.47;
T_5.46 ;
    %load/vec4 v000001817cd043e0_0;
    %load/vec4 v000001817cd03b20_0;
    %pad/u 10;
    %pad/u 12;
    %muli 4, 0, 12;
    %pad/u 13;
    %load/vec4 v000001817cd04de0_0;
    %pad/u 4;
    %pad/u 13;
    %add;
    %ix/vec4 3;
    %ix/load 4, 0, 0; Constant delay
    %assign/vec4/a/d v000001817cd04a20, 0, 4;
T_5.47 ;
    %load/vec4 v000001817cd04de0_0;
    %pad/u 32;
    %cmpi/e 3, 0, 32;
    %jmp/0xz  T_5.48, 4;
    %load/vec4 v000001817cd04980_0;
    %cmpi/e 0, 0, 1;
    %jmp/0xz  T_5.50, 4;
    %load/vec4 v000001817cd03da0_0;
    %load/vec4 v000001817cd03b20_0;
    %pad/u 7;
    %ix/vec4 3;
    %ix/load 4, 0, 0; Constant delay
    %assign/vec4/a/d v000001817cd034e0, 0, 4;
    %pushi/vec4 1, 0, 1;
    %load/vec4 v000001817cd03b20_0;
    %pad/u 7;
    %ix/vec4 3;
    %ix/load 4, 0, 0; Constant delay
    %assign/vec4/a/d v000001817cd038a0, 0, 4;
    %jmp T_5.51;
T_5.50 ;
    %load/vec4 v000001817cd03da0_0;
    %load/vec4 v000001817cd03b20_0;
    %pad/u 7;
    %ix/vec4 3;
    %ix/load 4, 0, 0; Constant delay
    %assign/vec4/a/d v000001817cd045c0, 0, 4;
    %pushi/vec4 1, 0, 1;
    %load/vec4 v000001817cd03b20_0;
    %pad/u 7;
    %ix/vec4 3;
    %ix/load 4, 1, 0; part off
    %ix/load 5, 0, 0; Constant delay
    %assign/vec4/a/d v000001817cd038a0, 4, 5;
T_5.51 ;
    %load/vec4 v000001817cd05560_0;
    %flag_set/vec4 8;
    %jmp/0xz  T_5.52, 8;
    %pushi/vec4 3, 0, 2;
    %assign/vec4 v000001817cd04e80_0, 0;
    %jmp T_5.53;
T_5.52 ;
    %load/vec4 v000001817cd04980_0;
    %inv;
    %load/vec4 v000001817cd03b20_0;
    %pad/u 7;
    %ix/vec4 3;
    %ix/load 4, 0, 0; Constant delay
    %assign/vec4/a/d v000001817cd057e0, 0, 4;
    %pushi/vec4 0, 0, 2;
    %assign/vec4 v000001817cd04e80_0, 0;
T_5.53 ;
    %jmp T_5.49;
T_5.48 ;
    %load/vec4 v000001817cd04de0_0;
    %addi 1, 0, 2;
    %assign/vec4 v000001817cd04de0_0, 0;
    %pushi/vec4 1, 0, 2;
    %assign/vec4 v000001817cd04e80_0, 0;
T_5.49 ;
T_5.44 ;
    %jmp T_5.23;
T_5.21 ;
    %load/vec4 v000001817cd05a60_0;
    %flag_set/vec4 8;
    %jmp/0xz  T_5.54, 8;
    %load/vec4 v000001817cd04980_0;
    %cmpi/e 0, 0, 1;
    %jmp/0xz  T_5.56, 4;
    %load/vec4 v000001817cd052e0_0;
    %load/vec4 v000001817cd03b20_0;
    %pad/u 10;
    %pad/u 12;
    %muli 4, 0, 12;
    %pad/u 13;
    %load/vec4 v000001817cd04fc0_0;
    %pad/u 4;
    %pad/u 13;
    %add;
    %ix/vec4 3;
    %ix/load 4, 0, 0; Constant delay
    %assign/vec4/a/d v000001817cd04520, 0, 4;
    %jmp T_5.57;
T_5.56 ;
    %load/vec4 v000001817cd052e0_0;
    %load/vec4 v000001817cd03b20_0;
    %pad/u 10;
    %pad/u 12;
    %muli 4, 0, 12;
    %pad/u 13;
    %load/vec4 v000001817cd04fc0_0;
    %pad/u 4;
    %pad/u 13;
    %add;
    %ix/vec4 3;
    %ix/load 4, 0, 0; Constant delay
    %assign/vec4/a/d v000001817cd04a20, 0, 4;
T_5.57 ;
    %load/vec4 v000001817cd04980_0;
    %inv;
    %load/vec4 v000001817cd03b20_0;
    %pad/u 7;
    %ix/vec4 3;
    %ix/load 4, 0, 0; Constant delay
    %assign/vec4/a/d v000001817cd057e0, 0, 4;
    %pushi/vec4 0, 0, 2;
    %assign/vec4 v000001817cd04e80_0, 0;
T_5.54 ;
    %jmp T_5.23;
T_5.23 ;
    %pop/vec4 1;
T_5.1 ;
    %jmp T_5;
    .thread T_5;
    .scope S_000001817ca56660;
T_6 ;
    %wait E_000001817cc605b0;
    %load/vec4 v000001817cd0a1a0_0;
    %flag_set/vec4 8;
    %jmp/0xz  T_6.0, 8;
    %pushi/vec4 0, 0, 32;
    %ix/load 3, 0, 0;
    %flag_set/imm 4, 0;
    %ix/load 4, 0, 0; Constant delay
    %assign/vec4/a/d v000001817cd08d00, 0, 4;
    %pushi/vec4 0, 0, 32;
    %ix/load 3, 1, 0;
    %flag_set/imm 4, 0;
    %ix/load 4, 0, 0; Constant delay
    %assign/vec4/a/d v000001817cd08d00, 0, 4;
    %pushi/vec4 0, 0, 32;
    %ix/load 3, 2, 0;
    %flag_set/imm 4, 0;
    %ix/load 4, 0, 0; Constant delay
    %assign/vec4/a/d v000001817cd08d00, 0, 4;
    %pushi/vec4 0, 0, 32;
    %ix/load 3, 3, 0;
    %flag_set/imm 4, 0;
    %ix/load 4, 0, 0; Constant delay
    %assign/vec4/a/d v000001817cd08d00, 0, 4;
    %pushi/vec4 0, 0, 32;
    %ix/load 3, 4, 0;
    %flag_set/imm 4, 0;
    %ix/load 4, 0, 0; Constant delay
    %assign/vec4/a/d v000001817cd08d00, 0, 4;
    %pushi/vec4 0, 0, 32;
    %ix/load 3, 5, 0;
    %flag_set/imm 4, 0;
    %ix/load 4, 0, 0; Constant delay
    %assign/vec4/a/d v000001817cd08d00, 0, 4;
    %pushi/vec4 0, 0, 32;
    %ix/load 3, 6, 0;
    %flag_set/imm 4, 0;
    %ix/load 4, 0, 0; Constant delay
    %assign/vec4/a/d v000001817cd08d00, 0, 4;
    %pushi/vec4 0, 0, 32;
    %ix/load 3, 7, 0;
    %flag_set/imm 4, 0;
    %ix/load 4, 0, 0; Constant delay
    %assign/vec4/a/d v000001817cd08d00, 0, 4;
    %pushi/vec4 0, 0, 32;
    %ix/load 3, 8, 0;
    %flag_set/imm 4, 0;
    %ix/load 4, 0, 0; Constant delay
    %assign/vec4/a/d v000001817cd08d00, 0, 4;
    %pushi/vec4 0, 0, 32;
    %ix/load 3, 9, 0;
    %flag_set/imm 4, 0;
    %ix/load 4, 0, 0; Constant delay
    %assign/vec4/a/d v000001817cd08d00, 0, 4;
    %pushi/vec4 0, 0, 32;
    %ix/load 3, 10, 0;
    %flag_set/imm 4, 0;
    %ix/load 4, 0, 0; Constant delay
    %assign/vec4/a/d v000001817cd08d00, 0, 4;
    %pushi/vec4 0, 0, 32;
    %ix/load 3, 11, 0;
    %flag_set/imm 4, 0;
    %ix/load 4, 0, 0; Constant delay
    %assign/vec4/a/d v000001817cd08d00, 0, 4;
    %pushi/vec4 0, 0, 32;
    %ix/load 3, 12, 0;
    %flag_set/imm 4, 0;
    %ix/load 4, 0, 0; Constant delay
    %assign/vec4/a/d v000001817cd08d00, 0, 4;
    %pushi/vec4 0, 0, 32;
    %ix/load 3, 13, 0;
    %flag_set/imm 4, 0;
    %ix/load 4, 0, 0; Constant delay
    %assign/vec4/a/d v000001817cd08d00, 0, 4;
    %pushi/vec4 0, 0, 32;
    %ix/load 3, 14, 0;
    %flag_set/imm 4, 0;
    %ix/load 4, 0, 0; Constant delay
    %assign/vec4/a/d v000001817cd08d00, 0, 4;
    %pushi/vec4 0, 0, 32;
    %ix/load 3, 15, 0;
    %flag_set/imm 4, 0;
    %ix/load 4, 0, 0; Constant delay
    %assign/vec4/a/d v000001817cd08d00, 0, 4;
    %pushi/vec4 0, 0, 32;
    %ix/load 3, 16, 0;
    %flag_set/imm 4, 0;
    %ix/load 4, 0, 0; Constant delay
    %assign/vec4/a/d v000001817cd08d00, 0, 4;
    %pushi/vec4 0, 0, 32;
    %ix/load 3, 17, 0;
    %flag_set/imm 4, 0;
    %ix/load 4, 0, 0; Constant delay
    %assign/vec4/a/d v000001817cd08d00, 0, 4;
    %pushi/vec4 0, 0, 32;
    %ix/load 3, 18, 0;
    %flag_set/imm 4, 0;
    %ix/load 4, 0, 0; Constant delay
    %assign/vec4/a/d v000001817cd08d00, 0, 4;
    %pushi/vec4 0, 0, 32;
    %ix/load 3, 19, 0;
    %flag_set/imm 4, 0;
    %ix/load 4, 0, 0; Constant delay
    %assign/vec4/a/d v000001817cd08d00, 0, 4;
    %pushi/vec4 0, 0, 32;
    %ix/load 3, 20, 0;
    %flag_set/imm 4, 0;
    %ix/load 4, 0, 0; Constant delay
    %assign/vec4/a/d v000001817cd08d00, 0, 4;
    %pushi/vec4 0, 0, 32;
    %ix/load 3, 21, 0;
    %flag_set/imm 4, 0;
    %ix/load 4, 0, 0; Constant delay
    %assign/vec4/a/d v000001817cd08d00, 0, 4;
    %pushi/vec4 0, 0, 32;
    %ix/load 3, 22, 0;
    %flag_set/imm 4, 0;
    %ix/load 4, 0, 0; Constant delay
    %assign/vec4/a/d v000001817cd08d00, 0, 4;
    %pushi/vec4 0, 0, 32;
    %ix/load 3, 23, 0;
    %flag_set/imm 4, 0;
    %ix/load 4, 0, 0; Constant delay
    %assign/vec4/a/d v000001817cd08d00, 0, 4;
    %pushi/vec4 0, 0, 32;
    %ix/load 3, 24, 0;
    %flag_set/imm 4, 0;
    %ix/load 4, 0, 0; Constant delay
    %assign/vec4/a/d v000001817cd08d00, 0, 4;
    %pushi/vec4 0, 0, 32;
    %ix/load 3, 25, 0;
    %flag_set/imm 4, 0;
    %ix/load 4, 0, 0; Constant delay
    %assign/vec4/a/d v000001817cd08d00, 0, 4;
    %pushi/vec4 0, 0, 32;
    %ix/load 3, 26, 0;
    %flag_set/imm 4, 0;
    %ix/load 4, 0, 0; Constant delay
    %assign/vec4/a/d v000001817cd08d00, 0, 4;
    %pushi/vec4 0, 0, 32;
    %ix/load 3, 27, 0;
    %flag_set/imm 4, 0;
    %ix/load 4, 0, 0; Constant delay
    %assign/vec4/a/d v000001817cd08d00, 0, 4;
    %pushi/vec4 0, 0, 32;
    %ix/load 3, 28, 0;
    %flag_set/imm 4, 0;
    %ix/load 4, 0, 0; Constant delay
    %assign/vec4/a/d v000001817cd08d00, 0, 4;
    %pushi/vec4 0, 0, 32;
    %ix/load 3, 29, 0;
    %flag_set/imm 4, 0;
    %ix/load 4, 0, 0; Constant delay
    %assign/vec4/a/d v000001817cd08d00, 0, 4;
    %pushi/vec4 0, 0, 32;
    %ix/load 3, 30, 0;
    %flag_set/imm 4, 0;
    %ix/load 4, 0, 0; Constant delay
    %assign/vec4/a/d v000001817cd08d00, 0, 4;
    %pushi/vec4 0, 0, 32;
    %ix/load 3, 31, 0;
    %flag_set/imm 4, 0;
    %ix/load 4, 0, 0; Constant delay
    %assign/vec4/a/d v000001817cd08d00, 0, 4;
    %jmp T_6.1;
T_6.0 ;
    %load/vec4 v000001817cd086c0_0;
    %flag_set/vec4 9;
    %flag_get/vec4 9;
    %jmp/0 T_6.4, 9;
    %load/vec4 v000001817cd09d40_0;
    %pushi/vec4 0, 0, 5;
    %cmp/ne;
    %flag_get/vec4 4;
    %and;
T_6.4;
    %flag_set/vec4 8;
    %jmp/0xz  T_6.2, 8;
    %load/vec4 v000001817cd09c00_0;
    %load/vec4 v000001817cd09d40_0;
    %pad/u 7;
    %ix/vec4 3;
    %ix/load 4, 0, 0; Constant delay
    %assign/vec4/a/d v000001817cd08d00, 0, 4;
T_6.2 ;
T_6.1 ;
    %jmp T_6;
    .thread T_6;
    .scope S_000001817cca3a30;
T_7 ;
    %wait E_000001817cc60c30;
    %pushi/vec4 0, 0, 3;
    %store/vec4 v000001817cd12c50_0, 0, 3;
    %pushi/vec4 0, 0, 1;
    %store/vec4 v000001817cd12d90_0, 0, 1;
    %pushi/vec4 0, 0, 1;
    %store/vec4 v000001817cd0cf30_0, 0, 1;
    %pushi/vec4 0, 0, 1;
    %store/vec4 v000001817cd12f70_0, 0, 1;
    %load/vec4 v000001817cd0c530_0;
    %dup/vec4;
    %pushi/vec4 1, 2, 3;
    %cmp/z;
    %jmp/1 T_7.0, 4;
    %dup/vec4;
    %pushi/vec4 0, 2, 3;
    %cmp/z;
    %jmp/1 T_7.1, 4;
    %dup/vec4;
    %pushi/vec4 6, 0, 3;
    %cmp/z;
    %jmp/1 T_7.2, 4;
    %pushi/vec4 0, 0, 3;
    %store/vec4 v000001817cd12c50_0, 0, 3;
    %pushi/vec4 0, 0, 1;
    %store/vec4 v000001817cd12d90_0, 0, 1;
    %pushi/vec4 0, 0, 1;
    %store/vec4 v000001817cd0cf30_0, 0, 1;
    %pushi/vec4 0, 0, 1;
    %store/vec4 v000001817cd12f70_0, 0, 1;
    %jmp T_7.4;
T_7.0 ;
    %load/vec4 v000001817cd0cad0_0;
    %dup/vec4;
    %pushi/vec4 55, 0, 7;
    %cmp/u;
    %jmp/1 T_7.5, 6;
    %dup/vec4;
    %pushi/vec4 23, 0, 7;
    %cmp/u;
    %jmp/1 T_7.6, 6;
    %load/vec4 v000001817cd0b950_0;
    %store/vec4 v000001817cd12c50_0, 0, 3;
    %load/vec4 v000001817cd0cad0_0;
    %pushi/vec4 51, 0, 7;
    %cmp/e;
    %flag_get/vec4 4;
    %load/vec4 v000001817cd0b950_0;
    %pushi/vec4 0, 0, 3;
    %cmp/e;
    %flag_get/vec4 4;
    %and;
    %load/vec4 v000001817cd0b310_0;
    %parti/s 1, 5, 4;
    %and;
    %store/vec4 v000001817cd12d90_0, 0, 1;
    %load/vec4 v000001817cd0b950_0;
    %pushi/vec4 3, 0, 3;
    %cmp/e;
    %flag_get/vec4 4;
    %store/vec4 v000001817cd0cf30_0, 0, 1;
    %load/vec4 v000001817cd0b950_0;
    %pushi/vec4 5, 0, 3;
    %cmp/e;
    %flag_get/vec4 4;
    %load/vec4 v000001817cd0b310_0;
    %parti/s 1, 5, 4;
    %and;
    %store/vec4 v000001817cd12f70_0, 0, 1;
    %jmp T_7.8;
T_7.5 ;
    %pushi/vec4 0, 0, 3;
    %store/vec4 v000001817cd12c50_0, 0, 3;
    %pushi/vec4 0, 0, 1;
    %store/vec4 v000001817cd12d90_0, 0, 1;
    %pushi/vec4 0, 0, 1;
    %store/vec4 v000001817cd0cf30_0, 0, 1;
    %pushi/vec4 0, 0, 1;
    %store/vec4 v000001817cd12f70_0, 0, 1;
    %jmp T_7.8;
T_7.6 ;
    %pushi/vec4 0, 0, 3;
    %store/vec4 v000001817cd12c50_0, 0, 3;
    %pushi/vec4 0, 0, 1;
    %store/vec4 v000001817cd12d90_0, 0, 1;
    %pushi/vec4 0, 0, 1;
    %store/vec4 v000001817cd0cf30_0, 0, 1;
    %pushi/vec4 0, 0, 1;
    %store/vec4 v000001817cd12f70_0, 0, 1;
    %jmp T_7.8;
T_7.8 ;
    %pop/vec4 1;
    %jmp T_7.4;
T_7.1 ;
    %pushi/vec4 0, 0, 3;
    %store/vec4 v000001817cd12c50_0, 0, 3;
    %pushi/vec4 0, 0, 1;
    %store/vec4 v000001817cd12d90_0, 0, 1;
    %pushi/vec4 0, 0, 1;
    %store/vec4 v000001817cd0cf30_0, 0, 1;
    %pushi/vec4 0, 0, 1;
    %store/vec4 v000001817cd12f70_0, 0, 1;
    %jmp T_7.4;
T_7.2 ;
    %pushi/vec4 0, 0, 3;
    %store/vec4 v000001817cd12c50_0, 0, 3;
    %load/vec4 v000001817cd0cad0_0;
    %pushi/vec4 99, 0, 7;
    %cmp/e;
    %flag_get/vec4 4;
    %store/vec4 v000001817cd12d90_0, 0, 1;
    %load/vec4 v000001817cd0cad0_0;
    %pushi/vec4 99, 0, 7;
    %cmp/e;
    %flag_get/vec4 4;
    %load/vec4 v000001817cd0b950_0;
    %parti/s 1, 1, 2;
    %and;
    %store/vec4 v000001817cd0cf30_0, 0, 1;
    %pushi/vec4 0, 0, 1;
    %store/vec4 v000001817cd12f70_0, 0, 1;
    %jmp T_7.4;
T_7.4 ;
    %pop/vec4 1;
    %jmp T_7;
    .thread T_7, $push;
    .scope S_000001817c64d260;
T_8 ;
    %wait E_000001817cc604f0;
    %load/vec4 v000001817cd12b10_0;
    %dup/vec4;
    %pushi/vec4 0, 0, 5;
    %cmp/u;
    %jmp/1 T_8.0, 6;
    %dup/vec4;
    %pushi/vec4 1, 0, 5;
    %cmp/u;
    %jmp/1 T_8.1, 6;
    %dup/vec4;
    %pushi/vec4 2, 0, 5;
    %cmp/u;
    %jmp/1 T_8.2, 6;
    %dup/vec4;
    %pushi/vec4 3, 0, 5;
    %cmp/u;
    %jmp/1 T_8.3, 6;
    %dup/vec4;
    %pushi/vec4 4, 0, 5;
    %cmp/u;
    %jmp/1 T_8.4, 6;
    %dup/vec4;
    %pushi/vec4 5, 0, 5;
    %cmp/u;
    %jmp/1 T_8.5, 6;
    %dup/vec4;
    %pushi/vec4 6, 0, 5;
    %cmp/u;
    %jmp/1 T_8.6, 6;
    %dup/vec4;
    %pushi/vec4 7, 0, 5;
    %cmp/u;
    %jmp/1 T_8.7, 6;
    %dup/vec4;
    %pushi/vec4 8, 0, 5;
    %cmp/u;
    %jmp/1 T_8.8, 6;
    %dup/vec4;
    %pushi/vec4 9, 0, 5;
    %cmp/u;
    %jmp/1 T_8.9, 6;
    %dup/vec4;
    %pushi/vec4 10, 0, 5;
    %cmp/u;
    %jmp/1 T_8.10, 6;
    %dup/vec4;
    %pushi/vec4 11, 0, 5;
    %cmp/u;
    %jmp/1 T_8.11, 6;
    %dup/vec4;
    %pushi/vec4 12, 0, 5;
    %cmp/u;
    %jmp/1 T_8.12, 6;
    %dup/vec4;
    %pushi/vec4 13, 0, 5;
    %cmp/u;
    %jmp/1 T_8.13, 6;
    %dup/vec4;
    %pushi/vec4 14, 0, 5;
    %cmp/u;
    %jmp/1 T_8.14, 6;
    %dup/vec4;
    %pushi/vec4 15, 0, 5;
    %cmp/u;
    %jmp/1 T_8.15, 6;
    %dup/vec4;
    %pushi/vec4 16, 0, 5;
    %cmp/u;
    %jmp/1 T_8.16, 6;
    %dup/vec4;
    %pushi/vec4 17, 0, 5;
    %cmp/u;
    %jmp/1 T_8.17, 6;
    %dup/vec4;
    %pushi/vec4 18, 0, 5;
    %cmp/u;
    %jmp/1 T_8.18, 6;
    %dup/vec4;
    %pushi/vec4 19, 0, 5;
    %cmp/u;
    %jmp/1 T_8.19, 6;
    %dup/vec4;
    %pushi/vec4 20, 0, 5;
    %cmp/u;
    %jmp/1 T_8.20, 6;
    %dup/vec4;
    %pushi/vec4 21, 0, 5;
    %cmp/u;
    %jmp/1 T_8.21, 6;
    %dup/vec4;
    %pushi/vec4 22, 0, 5;
    %cmp/u;
    %jmp/1 T_8.22, 6;
    %dup/vec4;
    %pushi/vec4 23, 0, 5;
    %cmp/u;
    %jmp/1 T_8.23, 6;
    %dup/vec4;
    %pushi/vec4 24, 0, 5;
    %cmp/u;
    %jmp/1 T_8.24, 6;
    %dup/vec4;
    %pushi/vec4 25, 0, 5;
    %cmp/u;
    %jmp/1 T_8.25, 6;
    %dup/vec4;
    %pushi/vec4 26, 0, 5;
    %cmp/u;
    %jmp/1 T_8.26, 6;
    %dup/vec4;
    %pushi/vec4 27, 0, 5;
    %cmp/u;
    %jmp/1 T_8.27, 6;
    %dup/vec4;
    %pushi/vec4 28, 0, 5;
    %cmp/u;
    %jmp/1 T_8.28, 6;
    %dup/vec4;
    %pushi/vec4 29, 0, 5;
    %cmp/u;
    %jmp/1 T_8.29, 6;
    %dup/vec4;
    %pushi/vec4 30, 0, 5;
    %cmp/u;
    %jmp/1 T_8.30, 6;
    %dup/vec4;
    %pushi/vec4 31, 0, 5;
    %cmp/u;
    %jmp/1 T_8.31, 6;
    %pushi/vec4 0, 0, 32;
    %store/vec4 v000001817cd12bb0_0, 0, 32;
    %jmp T_8.33;
T_8.0 ;
    %load/vec4 v000001817cd10450_0;
    %store/vec4 v000001817cd12bb0_0, 0, 32;
    %jmp T_8.33;
T_8.1 ;
    %load/vec4 v000001817cd10450_0;
    %parti/s 31, 0, 2;
    %concati/vec4 0, 0, 1;
    %store/vec4 v000001817cd12bb0_0, 0, 32;
    %jmp T_8.33;
T_8.2 ;
    %load/vec4 v000001817cd10450_0;
    %parti/s 30, 0, 2;
    %concati/vec4 0, 0, 2;
    %store/vec4 v000001817cd12bb0_0, 0, 32;
    %jmp T_8.33;
T_8.3 ;
    %load/vec4 v000001817cd10450_0;
    %parti/s 29, 0, 2;
    %concati/vec4 0, 0, 3;
    %store/vec4 v000001817cd12bb0_0, 0, 32;
    %jmp T_8.33;
T_8.4 ;
    %load/vec4 v000001817cd10450_0;
    %parti/s 28, 0, 2;
    %concati/vec4 0, 0, 4;
    %store/vec4 v000001817cd12bb0_0, 0, 32;
    %jmp T_8.33;
T_8.5 ;
    %load/vec4 v000001817cd10450_0;
    %parti/s 27, 0, 2;
    %concati/vec4 0, 0, 5;
    %store/vec4 v000001817cd12bb0_0, 0, 32;
    %jmp T_8.33;
T_8.6 ;
    %load/vec4 v000001817cd10450_0;
    %parti/s 26, 0, 2;
    %concati/vec4 0, 0, 6;
    %store/vec4 v000001817cd12bb0_0, 0, 32;
    %jmp T_8.33;
T_8.7 ;
    %load/vec4 v000001817cd10450_0;
    %parti/s 25, 0, 2;
    %concati/vec4 0, 0, 7;
    %store/vec4 v000001817cd12bb0_0, 0, 32;
    %jmp T_8.33;
T_8.8 ;
    %load/vec4 v000001817cd10450_0;
    %parti/s 24, 0, 2;
    %concati/vec4 0, 0, 8;
    %store/vec4 v000001817cd12bb0_0, 0, 32;
    %jmp T_8.33;
T_8.9 ;
    %load/vec4 v000001817cd10450_0;
    %parti/s 23, 0, 2;
    %concati/vec4 0, 0, 9;
    %store/vec4 v000001817cd12bb0_0, 0, 32;
    %jmp T_8.33;
T_8.10 ;
    %load/vec4 v000001817cd10450_0;
    %parti/s 22, 0, 2;
    %concati/vec4 0, 0, 10;
    %store/vec4 v000001817cd12bb0_0, 0, 32;
    %jmp T_8.33;
T_8.11 ;
    %load/vec4 v000001817cd10450_0;
    %parti/s 21, 0, 2;
    %concati/vec4 0, 0, 11;
    %store/vec4 v000001817cd12bb0_0, 0, 32;
    %jmp T_8.33;
T_8.12 ;
    %load/vec4 v000001817cd10450_0;
    %parti/s 20, 0, 2;
    %concati/vec4 0, 0, 12;
    %store/vec4 v000001817cd12bb0_0, 0, 32;
    %jmp T_8.33;
T_8.13 ;
    %load/vec4 v000001817cd10450_0;
    %parti/s 19, 0, 2;
    %concati/vec4 0, 0, 13;
    %store/vec4 v000001817cd12bb0_0, 0, 32;
    %jmp T_8.33;
T_8.14 ;
    %load/vec4 v000001817cd10450_0;
    %parti/s 18, 0, 2;
    %concati/vec4 0, 0, 14;
    %store/vec4 v000001817cd12bb0_0, 0, 32;
    %jmp T_8.33;
T_8.15 ;
    %load/vec4 v000001817cd10450_0;
    %parti/s 17, 0, 2;
    %concati/vec4 0, 0, 15;
    %store/vec4 v000001817cd12bb0_0, 0, 32;
    %jmp T_8.33;
T_8.16 ;
    %load/vec4 v000001817cd10450_0;
    %parti/s 16, 0, 2;
    %concati/vec4 0, 0, 16;
    %store/vec4 v000001817cd12bb0_0, 0, 32;
    %jmp T_8.33;
T_8.17 ;
    %load/vec4 v000001817cd10450_0;
    %parti/s 15, 0, 2;
    %concati/vec4 0, 0, 17;
    %store/vec4 v000001817cd12bb0_0, 0, 32;
    %jmp T_8.33;
T_8.18 ;
    %load/vec4 v000001817cd10450_0;
    %parti/s 14, 0, 2;
    %concati/vec4 0, 0, 18;
    %store/vec4 v000001817cd12bb0_0, 0, 32;
    %jmp T_8.33;
T_8.19 ;
    %load/vec4 v000001817cd10450_0;
    %parti/s 13, 0, 2;
    %concati/vec4 0, 0, 19;
    %store/vec4 v000001817cd12bb0_0, 0, 32;
    %jmp T_8.33;
T_8.20 ;
    %load/vec4 v000001817cd10450_0;
    %parti/s 12, 0, 2;
    %concati/vec4 0, 0, 20;
    %store/vec4 v000001817cd12bb0_0, 0, 32;
    %jmp T_8.33;
T_8.21 ;
    %load/vec4 v000001817cd10450_0;
    %parti/s 11, 0, 2;
    %concati/vec4 0, 0, 21;
    %store/vec4 v000001817cd12bb0_0, 0, 32;
    %jmp T_8.33;
T_8.22 ;
    %load/vec4 v000001817cd10450_0;
    %parti/s 10, 0, 2;
    %concati/vec4 0, 0, 22;
    %store/vec4 v000001817cd12bb0_0, 0, 32;
    %jmp T_8.33;
T_8.23 ;
    %load/vec4 v000001817cd10450_0;
    %parti/s 9, 0, 2;
    %concati/vec4 0, 0, 23;
    %store/vec4 v000001817cd12bb0_0, 0, 32;
    %jmp T_8.33;
T_8.24 ;
    %load/vec4 v000001817cd10450_0;
    %parti/s 8, 0, 2;
    %concati/vec4 0, 0, 24;
    %store/vec4 v000001817cd12bb0_0, 0, 32;
    %jmp T_8.33;
T_8.25 ;
    %load/vec4 v000001817cd10450_0;
    %parti/s 7, 0, 2;
    %concati/vec4 0, 0, 25;
    %store/vec4 v000001817cd12bb0_0, 0, 32;
    %jmp T_8.33;
T_8.26 ;
    %load/vec4 v000001817cd10450_0;
    %parti/s 6, 0, 2;
    %concati/vec4 0, 0, 26;
    %store/vec4 v000001817cd12bb0_0, 0, 32;
    %jmp T_8.33;
T_8.27 ;
    %load/vec4 v000001817cd10450_0;
    %parti/s 5, 0, 2;
    %concati/vec4 0, 0, 27;
    %store/vec4 v000001817cd12bb0_0, 0, 32;
    %jmp T_8.33;
T_8.28 ;
    %load/vec4 v000001817cd10450_0;
    %parti/s 4, 0, 2;
    %concati/vec4 0, 0, 28;
    %store/vec4 v000001817cd12bb0_0, 0, 32;
    %jmp T_8.33;
T_8.29 ;
    %load/vec4 v000001817cd10450_0;
    %parti/s 3, 0, 2;
    %concati/vec4 0, 0, 29;
    %store/vec4 v000001817cd12bb0_0, 0, 32;
    %jmp T_8.33;
T_8.30 ;
    %load/vec4 v000001817cd10450_0;
    %parti/s 2, 0, 2;
    %concati/vec4 0, 0, 30;
    %store/vec4 v000001817cd12bb0_0, 0, 32;
    %jmp T_8.33;
T_8.31 ;
    %load/vec4 v000001817cd10450_0;
    %parti/s 1, 0, 2;
    %concati/vec4 0, 0, 31;
    %store/vec4 v000001817cd12bb0_0, 0, 32;
    %jmp T_8.33;
T_8.33 ;
    %pop/vec4 1;
    %jmp T_8;
    .thread T_8, $push;
    .scope S_000001817c64d260;
T_9 ;
    %wait E_000001817cc604f0;
    %load/vec4 v000001817cd12b10_0;
    %dup/vec4;
    %pushi/vec4 0, 0, 5;
    %cmp/u;
    %jmp/1 T_9.0, 6;
    %dup/vec4;
    %pushi/vec4 1, 0, 5;
    %cmp/u;
    %jmp/1 T_9.1, 6;
    %dup/vec4;
    %pushi/vec4 2, 0, 5;
    %cmp/u;
    %jmp/1 T_9.2, 6;
    %dup/vec4;
    %pushi/vec4 3, 0, 5;
    %cmp/u;
    %jmp/1 T_9.3, 6;
    %dup/vec4;
    %pushi/vec4 4, 0, 5;
    %cmp/u;
    %jmp/1 T_9.4, 6;
    %dup/vec4;
    %pushi/vec4 5, 0, 5;
    %cmp/u;
    %jmp/1 T_9.5, 6;
    %dup/vec4;
    %pushi/vec4 6, 0, 5;
    %cmp/u;
    %jmp/1 T_9.6, 6;
    %dup/vec4;
    %pushi/vec4 7, 0, 5;
    %cmp/u;
    %jmp/1 T_9.7, 6;
    %dup/vec4;
    %pushi/vec4 8, 0, 5;
    %cmp/u;
    %jmp/1 T_9.8, 6;
    %dup/vec4;
    %pushi/vec4 9, 0, 5;
    %cmp/u;
    %jmp/1 T_9.9, 6;
    %dup/vec4;
    %pushi/vec4 10, 0, 5;
    %cmp/u;
    %jmp/1 T_9.10, 6;
    %dup/vec4;
    %pushi/vec4 11, 0, 5;
    %cmp/u;
    %jmp/1 T_9.11, 6;
    %dup/vec4;
    %pushi/vec4 12, 0, 5;
    %cmp/u;
    %jmp/1 T_9.12, 6;
    %dup/vec4;
    %pushi/vec4 13, 0, 5;
    %cmp/u;
    %jmp/1 T_9.13, 6;
    %dup/vec4;
    %pushi/vec4 14, 0, 5;
    %cmp/u;
    %jmp/1 T_9.14, 6;
    %dup/vec4;
    %pushi/vec4 15, 0, 5;
    %cmp/u;
    %jmp/1 T_9.15, 6;
    %dup/vec4;
    %pushi/vec4 16, 0, 5;
    %cmp/u;
    %jmp/1 T_9.16, 6;
    %dup/vec4;
    %pushi/vec4 17, 0, 5;
    %cmp/u;
    %jmp/1 T_9.17, 6;
    %dup/vec4;
    %pushi/vec4 18, 0, 5;
    %cmp/u;
    %jmp/1 T_9.18, 6;
    %dup/vec4;
    %pushi/vec4 19, 0, 5;
    %cmp/u;
    %jmp/1 T_9.19, 6;
    %dup/vec4;
    %pushi/vec4 20, 0, 5;
    %cmp/u;
    %jmp/1 T_9.20, 6;
    %dup/vec4;
    %pushi/vec4 21, 0, 5;
    %cmp/u;
    %jmp/1 T_9.21, 6;
    %dup/vec4;
    %pushi/vec4 22, 0, 5;
    %cmp/u;
    %jmp/1 T_9.22, 6;
    %dup/vec4;
    %pushi/vec4 23, 0, 5;
    %cmp/u;
    %jmp/1 T_9.23, 6;
    %dup/vec4;
    %pushi/vec4 24, 0, 5;
    %cmp/u;
    %jmp/1 T_9.24, 6;
    %dup/vec4;
    %pushi/vec4 25, 0, 5;
    %cmp/u;
    %jmp/1 T_9.25, 6;
    %dup/vec4;
    %pushi/vec4 26, 0, 5;
    %cmp/u;
    %jmp/1 T_9.26, 6;
    %dup/vec4;
    %pushi/vec4 27, 0, 5;
    %cmp/u;
    %jmp/1 T_9.27, 6;
    %dup/vec4;
    %pushi/vec4 28, 0, 5;
    %cmp/u;
    %jmp/1 T_9.28, 6;
    %dup/vec4;
    %pushi/vec4 29, 0, 5;
    %cmp/u;
    %jmp/1 T_9.29, 6;
    %dup/vec4;
    %pushi/vec4 30, 0, 5;
    %cmp/u;
    %jmp/1 T_9.30, 6;
    %dup/vec4;
    %pushi/vec4 31, 0, 5;
    %cmp/u;
    %jmp/1 T_9.31, 6;
    %pushi/vec4 0, 0, 32;
    %store/vec4 v000001817cd12930_0, 0, 32;
    %jmp T_9.33;
T_9.0 ;
    %load/vec4 v000001817cd10450_0;
    %store/vec4 v000001817cd12930_0, 0, 32;
    %jmp T_9.33;
T_9.1 ;
    %pushi/vec4 0, 0, 1;
    %load/vec4 v000001817cd10450_0;
    %parti/s 31, 1, 2;
    %concat/vec4; draw_concat_vec4
    %store/vec4 v000001817cd12930_0, 0, 32;
    %jmp T_9.33;
T_9.2 ;
    %pushi/vec4 0, 0, 2;
    %load/vec4 v000001817cd10450_0;
    %parti/s 30, 2, 3;
    %concat/vec4; draw_concat_vec4
    %store/vec4 v000001817cd12930_0, 0, 32;
    %jmp T_9.33;
T_9.3 ;
    %pushi/vec4 0, 0, 3;
    %load/vec4 v000001817cd10450_0;
    %parti/s 29, 3, 3;
    %concat/vec4; draw_concat_vec4
    %store/vec4 v000001817cd12930_0, 0, 32;
    %jmp T_9.33;
T_9.4 ;
    %pushi/vec4 0, 0, 4;
    %load/vec4 v000001817cd10450_0;
    %parti/s 28, 4, 4;
    %concat/vec4; draw_concat_vec4
    %store/vec4 v000001817cd12930_0, 0, 32;
    %jmp T_9.33;
T_9.5 ;
    %pushi/vec4 0, 0, 5;
    %load/vec4 v000001817cd10450_0;
    %parti/s 27, 5, 4;
    %concat/vec4; draw_concat_vec4
    %store/vec4 v000001817cd12930_0, 0, 32;
    %jmp T_9.33;
T_9.6 ;
    %pushi/vec4 0, 0, 6;
    %load/vec4 v000001817cd10450_0;
    %parti/s 26, 6, 4;
    %concat/vec4; draw_concat_vec4
    %store/vec4 v000001817cd12930_0, 0, 32;
    %jmp T_9.33;
T_9.7 ;
    %pushi/vec4 0, 0, 7;
    %load/vec4 v000001817cd10450_0;
    %parti/s 25, 7, 4;
    %concat/vec4; draw_concat_vec4
    %store/vec4 v000001817cd12930_0, 0, 32;
    %jmp T_9.33;
T_9.8 ;
    %pushi/vec4 0, 0, 8;
    %load/vec4 v000001817cd10450_0;
    %parti/s 24, 8, 5;
    %concat/vec4; draw_concat_vec4
    %store/vec4 v000001817cd12930_0, 0, 32;
    %jmp T_9.33;
T_9.9 ;
    %pushi/vec4 0, 0, 9;
    %load/vec4 v000001817cd10450_0;
    %parti/s 23, 9, 5;
    %concat/vec4; draw_concat_vec4
    %store/vec4 v000001817cd12930_0, 0, 32;
    %jmp T_9.33;
T_9.10 ;
    %pushi/vec4 0, 0, 10;
    %load/vec4 v000001817cd10450_0;
    %parti/s 22, 10, 5;
    %concat/vec4; draw_concat_vec4
    %store/vec4 v000001817cd12930_0, 0, 32;
    %jmp T_9.33;
T_9.11 ;
    %pushi/vec4 0, 0, 11;
    %load/vec4 v000001817cd10450_0;
    %parti/s 21, 11, 5;
    %concat/vec4; draw_concat_vec4
    %store/vec4 v000001817cd12930_0, 0, 32;
    %jmp T_9.33;
T_9.12 ;
    %pushi/vec4 0, 0, 12;
    %load/vec4 v000001817cd10450_0;
    %parti/s 20, 12, 5;
    %concat/vec4; draw_concat_vec4
    %store/vec4 v000001817cd12930_0, 0, 32;
    %jmp T_9.33;
T_9.13 ;
    %pushi/vec4 0, 0, 13;
    %load/vec4 v000001817cd10450_0;
    %parti/s 19, 13, 5;
    %concat/vec4; draw_concat_vec4
    %store/vec4 v000001817cd12930_0, 0, 32;
    %jmp T_9.33;
T_9.14 ;
    %pushi/vec4 0, 0, 14;
    %load/vec4 v000001817cd10450_0;
    %parti/s 18, 14, 5;
    %concat/vec4; draw_concat_vec4
    %store/vec4 v000001817cd12930_0, 0, 32;
    %jmp T_9.33;
T_9.15 ;
    %pushi/vec4 0, 0, 15;
    %load/vec4 v000001817cd10450_0;
    %parti/s 17, 15, 5;
    %concat/vec4; draw_concat_vec4
    %store/vec4 v000001817cd12930_0, 0, 32;
    %jmp T_9.33;
T_9.16 ;
    %pushi/vec4 0, 0, 16;
    %load/vec4 v000001817cd10450_0;
    %parti/s 16, 16, 6;
    %concat/vec4; draw_concat_vec4
    %store/vec4 v000001817cd12930_0, 0, 32;
    %jmp T_9.33;
T_9.17 ;
    %pushi/vec4 0, 0, 17;
    %load/vec4 v000001817cd10450_0;
    %parti/s 15, 17, 6;
    %concat/vec4; draw_concat_vec4
    %store/vec4 v000001817cd12930_0, 0, 32;
    %jmp T_9.33;
T_9.18 ;
    %pushi/vec4 0, 0, 18;
    %load/vec4 v000001817cd10450_0;
    %parti/s 14, 18, 6;
    %concat/vec4; draw_concat_vec4
    %store/vec4 v000001817cd12930_0, 0, 32;
    %jmp T_9.33;
T_9.19 ;
    %pushi/vec4 0, 0, 19;
    %load/vec4 v000001817cd10450_0;
    %parti/s 13, 19, 6;
    %concat/vec4; draw_concat_vec4
    %store/vec4 v000001817cd12930_0, 0, 32;
    %jmp T_9.33;
T_9.20 ;
    %pushi/vec4 0, 0, 20;
    %load/vec4 v000001817cd10450_0;
    %parti/s 12, 20, 6;
    %concat/vec4; draw_concat_vec4
    %store/vec4 v000001817cd12930_0, 0, 32;
    %jmp T_9.33;
T_9.21 ;
    %pushi/vec4 0, 0, 21;
    %load/vec4 v000001817cd10450_0;
    %parti/s 11, 21, 6;
    %concat/vec4; draw_concat_vec4
    %store/vec4 v000001817cd12930_0, 0, 32;
    %jmp T_9.33;
T_9.22 ;
    %pushi/vec4 0, 0, 22;
    %load/vec4 v000001817cd10450_0;
    %parti/s 10, 22, 6;
    %concat/vec4; draw_concat_vec4
    %store/vec4 v000001817cd12930_0, 0, 32;
    %jmp T_9.33;
T_9.23 ;
    %pushi/vec4 0, 0, 23;
    %load/vec4 v000001817cd10450_0;
    %parti/s 9, 23, 6;
    %concat/vec4; draw_concat_vec4
    %store/vec4 v000001817cd12930_0, 0, 32;
    %jmp T_9.33;
T_9.24 ;
    %pushi/vec4 0, 0, 24;
    %load/vec4 v000001817cd10450_0;
    %parti/s 8, 24, 6;
    %concat/vec4; draw_concat_vec4
    %store/vec4 v000001817cd12930_0, 0, 32;
    %jmp T_9.33;
T_9.25 ;
    %pushi/vec4 0, 0, 25;
    %load/vec4 v000001817cd10450_0;
    %parti/s 7, 25, 6;
    %concat/vec4; draw_concat_vec4
    %store/vec4 v000001817cd12930_0, 0, 32;
    %jmp T_9.33;
T_9.26 ;
    %pushi/vec4 0, 0, 26;
    %load/vec4 v000001817cd10450_0;
    %parti/s 6, 26, 6;
    %concat/vec4; draw_concat_vec4
    %store/vec4 v000001817cd12930_0, 0, 32;
    %jmp T_9.33;
T_9.27 ;
    %pushi/vec4 0, 0, 27;
    %load/vec4 v000001817cd10450_0;
    %parti/s 5, 27, 6;
    %concat/vec4; draw_concat_vec4
    %store/vec4 v000001817cd12930_0, 0, 32;
    %jmp T_9.33;
T_9.28 ;
    %pushi/vec4 0, 0, 28;
    %load/vec4 v000001817cd10450_0;
    %parti/s 4, 28, 6;
    %concat/vec4; draw_concat_vec4
    %store/vec4 v000001817cd12930_0, 0, 32;
    %jmp T_9.33;
T_9.29 ;
    %pushi/vec4 0, 0, 29;
    %load/vec4 v000001817cd10450_0;
    %parti/s 3, 29, 6;
    %concat/vec4; draw_concat_vec4
    %store/vec4 v000001817cd12930_0, 0, 32;
    %jmp T_9.33;
T_9.30 ;
    %pushi/vec4 0, 0, 30;
    %load/vec4 v000001817cd10450_0;
    %parti/s 2, 30, 6;
    %concat/vec4; draw_concat_vec4
    %store/vec4 v000001817cd12930_0, 0, 32;
    %jmp T_9.33;
T_9.31 ;
    %pushi/vec4 0, 0, 31;
    %load/vec4 v000001817cd10450_0;
    %parti/s 1, 31, 6;
    %concat/vec4; draw_concat_vec4
    %store/vec4 v000001817cd12930_0, 0, 32;
    %jmp T_9.33;
T_9.33 ;
    %pop/vec4 1;
    %jmp T_9;
    .thread T_9, $push;
    .scope S_000001817c64d260;
T_10 ;
    %wait E_000001817cc604f0;
    %load/vec4 v000001817cd12b10_0;
    %dup/vec4;
    %pushi/vec4 0, 0, 5;
    %cmp/u;
    %jmp/1 T_10.0, 6;
    %dup/vec4;
    %pushi/vec4 1, 0, 5;
    %cmp/u;
    %jmp/1 T_10.1, 6;
    %dup/vec4;
    %pushi/vec4 2, 0, 5;
    %cmp/u;
    %jmp/1 T_10.2, 6;
    %dup/vec4;
    %pushi/vec4 3, 0, 5;
    %cmp/u;
    %jmp/1 T_10.3, 6;
    %dup/vec4;
    %pushi/vec4 4, 0, 5;
    %cmp/u;
    %jmp/1 T_10.4, 6;
    %dup/vec4;
    %pushi/vec4 5, 0, 5;
    %cmp/u;
    %jmp/1 T_10.5, 6;
    %dup/vec4;
    %pushi/vec4 6, 0, 5;
    %cmp/u;
    %jmp/1 T_10.6, 6;
    %dup/vec4;
    %pushi/vec4 7, 0, 5;
    %cmp/u;
    %jmp/1 T_10.7, 6;
    %dup/vec4;
    %pushi/vec4 8, 0, 5;
    %cmp/u;
    %jmp/1 T_10.8, 6;
    %dup/vec4;
    %pushi/vec4 9, 0, 5;
    %cmp/u;
    %jmp/1 T_10.9, 6;
    %dup/vec4;
    %pushi/vec4 10, 0, 5;
    %cmp/u;
    %jmp/1 T_10.10, 6;
    %dup/vec4;
    %pushi/vec4 11, 0, 5;
    %cmp/u;
    %jmp/1 T_10.11, 6;
    %dup/vec4;
    %pushi/vec4 12, 0, 5;
    %cmp/u;
    %jmp/1 T_10.12, 6;
    %dup/vec4;
    %pushi/vec4 13, 0, 5;
    %cmp/u;
    %jmp/1 T_10.13, 6;
    %dup/vec4;
    %pushi/vec4 14, 0, 5;
    %cmp/u;
    %jmp/1 T_10.14, 6;
    %dup/vec4;
    %pushi/vec4 15, 0, 5;
    %cmp/u;
    %jmp/1 T_10.15, 6;
    %dup/vec4;
    %pushi/vec4 16, 0, 5;
    %cmp/u;
    %jmp/1 T_10.16, 6;
    %dup/vec4;
    %pushi/vec4 17, 0, 5;
    %cmp/u;
    %jmp/1 T_10.17, 6;
    %dup/vec4;
    %pushi/vec4 18, 0, 5;
    %cmp/u;
    %jmp/1 T_10.18, 6;
    %dup/vec4;
    %pushi/vec4 19, 0, 5;
    %cmp/u;
    %jmp/1 T_10.19, 6;
    %dup/vec4;
    %pushi/vec4 20, 0, 5;
    %cmp/u;
    %jmp/1 T_10.20, 6;
    %dup/vec4;
    %pushi/vec4 21, 0, 5;
    %cmp/u;
    %jmp/1 T_10.21, 6;
    %dup/vec4;
    %pushi/vec4 22, 0, 5;
    %cmp/u;
    %jmp/1 T_10.22, 6;
    %dup/vec4;
    %pushi/vec4 23, 0, 5;
    %cmp/u;
    %jmp/1 T_10.23, 6;
    %dup/vec4;
    %pushi/vec4 24, 0, 5;
    %cmp/u;
    %jmp/1 T_10.24, 6;
    %dup/vec4;
    %pushi/vec4 25, 0, 5;
    %cmp/u;
    %jmp/1 T_10.25, 6;
    %dup/vec4;
    %pushi/vec4 26, 0, 5;
    %cmp/u;
    %jmp/1 T_10.26, 6;
    %dup/vec4;
    %pushi/vec4 27, 0, 5;
    %cmp/u;
    %jmp/1 T_10.27, 6;
    %dup/vec4;
    %pushi/vec4 28, 0, 5;
    %cmp/u;
    %jmp/1 T_10.28, 6;
    %dup/vec4;
    %pushi/vec4 29, 0, 5;
    %cmp/u;
    %jmp/1 T_10.29, 6;
    %dup/vec4;
    %pushi/vec4 30, 0, 5;
    %cmp/u;
    %jmp/1 T_10.30, 6;
    %dup/vec4;
    %pushi/vec4 31, 0, 5;
    %cmp/u;
    %jmp/1 T_10.31, 6;
    %pushi/vec4 0, 0, 32;
    %store/vec4 v000001817cd12ed0_0, 0, 32;
    %jmp T_10.33;
T_10.0 ;
    %load/vec4 v000001817cd10450_0;
    %store/vec4 v000001817cd12ed0_0, 0, 32;
    %jmp T_10.33;
T_10.1 ;
    %load/vec4 v000001817cd10450_0;
    %parti/s 1, 31, 6;
    %load/vec4 v000001817cd10450_0;
    %parti/s 31, 1, 2;
    %concat/vec4; draw_concat_vec4
    %store/vec4 v000001817cd12ed0_0, 0, 32;
    %jmp T_10.33;
T_10.2 ;
    %load/vec4 v000001817cd10450_0;
    %parti/s 1, 31, 6;
    %replicate 2;
    %load/vec4 v000001817cd10450_0;
    %parti/s 30, 2, 3;
    %concat/vec4; draw_concat_vec4
    %store/vec4 v000001817cd12ed0_0, 0, 32;
    %jmp T_10.33;
T_10.3 ;
    %load/vec4 v000001817cd10450_0;
    %parti/s 1, 31, 6;
    %replicate 3;
    %load/vec4 v000001817cd10450_0;
    %parti/s 29, 3, 3;
    %concat/vec4; draw_concat_vec4
    %store/vec4 v000001817cd12ed0_0, 0, 32;
    %jmp T_10.33;
T_10.4 ;
    %load/vec4 v000001817cd10450_0;
    %parti/s 1, 31, 6;
    %replicate 4;
    %load/vec4 v000001817cd10450_0;
    %parti/s 28, 4, 4;
    %concat/vec4; draw_concat_vec4
    %store/vec4 v000001817cd12ed0_0, 0, 32;
    %jmp T_10.33;
T_10.5 ;
    %load/vec4 v000001817cd10450_0;
    %parti/s 1, 31, 6;
    %replicate 5;
    %load/vec4 v000001817cd10450_0;
    %parti/s 27, 5, 4;
    %concat/vec4; draw_concat_vec4
    %store/vec4 v000001817cd12ed0_0, 0, 32;
    %jmp T_10.33;
T_10.6 ;
    %load/vec4 v000001817cd10450_0;
    %parti/s 1, 31, 6;
    %replicate 6;
    %load/vec4 v000001817cd10450_0;
    %parti/s 26, 6, 4;
    %concat/vec4; draw_concat_vec4
    %store/vec4 v000001817cd12ed0_0, 0, 32;
    %jmp T_10.33;
T_10.7 ;
    %load/vec4 v000001817cd10450_0;
    %parti/s 1, 31, 6;
    %replicate 7;
    %load/vec4 v000001817cd10450_0;
    %parti/s 25, 7, 4;
    %concat/vec4; draw_concat_vec4
    %store/vec4 v000001817cd12ed0_0, 0, 32;
    %jmp T_10.33;
T_10.8 ;
    %load/vec4 v000001817cd10450_0;
    %parti/s 1, 31, 6;
    %replicate 8;
    %load/vec4 v000001817cd10450_0;
    %parti/s 24, 8, 5;
    %concat/vec4; draw_concat_vec4
    %store/vec4 v000001817cd12ed0_0, 0, 32;
    %jmp T_10.33;
T_10.9 ;
    %load/vec4 v000001817cd10450_0;
    %parti/s 1, 31, 6;
    %replicate 9;
    %load/vec4 v000001817cd10450_0;
    %parti/s 23, 9, 5;
    %concat/vec4; draw_concat_vec4
    %store/vec4 v000001817cd12ed0_0, 0, 32;
    %jmp T_10.33;
T_10.10 ;
    %load/vec4 v000001817cd10450_0;
    %parti/s 1, 31, 6;
    %replicate 10;
    %load/vec4 v000001817cd10450_0;
    %parti/s 22, 10, 5;
    %concat/vec4; draw_concat_vec4
    %store/vec4 v000001817cd12ed0_0, 0, 32;
    %jmp T_10.33;
T_10.11 ;
    %load/vec4 v000001817cd10450_0;
    %parti/s 1, 31, 6;
    %replicate 11;
    %load/vec4 v000001817cd10450_0;
    %parti/s 21, 11, 5;
    %concat/vec4; draw_concat_vec4
    %store/vec4 v000001817cd12ed0_0, 0, 32;
    %jmp T_10.33;
T_10.12 ;
    %load/vec4 v000001817cd10450_0;
    %parti/s 1, 31, 6;
    %replicate 12;
    %load/vec4 v000001817cd10450_0;
    %parti/s 20, 12, 5;
    %concat/vec4; draw_concat_vec4
    %store/vec4 v000001817cd12ed0_0, 0, 32;
    %jmp T_10.33;
T_10.13 ;
    %load/vec4 v000001817cd10450_0;
    %parti/s 1, 31, 6;
    %replicate 13;
    %load/vec4 v000001817cd10450_0;
    %parti/s 19, 13, 5;
    %concat/vec4; draw_concat_vec4
    %store/vec4 v000001817cd12ed0_0, 0, 32;
    %jmp T_10.33;
T_10.14 ;
    %load/vec4 v000001817cd10450_0;
    %parti/s 1, 31, 6;
    %replicate 14;
    %load/vec4 v000001817cd10450_0;
    %parti/s 18, 14, 5;
    %concat/vec4; draw_concat_vec4
    %store/vec4 v000001817cd12ed0_0, 0, 32;
    %jmp T_10.33;
T_10.15 ;
    %load/vec4 v000001817cd10450_0;
    %parti/s 1, 31, 6;
    %replicate 15;
    %load/vec4 v000001817cd10450_0;
    %parti/s 17, 15, 5;
    %concat/vec4; draw_concat_vec4
    %store/vec4 v000001817cd12ed0_0, 0, 32;
    %jmp T_10.33;
T_10.16 ;
    %load/vec4 v000001817cd10450_0;
    %parti/s 1, 31, 6;
    %replicate 16;
    %load/vec4 v000001817cd10450_0;
    %parti/s 16, 16, 6;
    %concat/vec4; draw_concat_vec4
    %store/vec4 v000001817cd12ed0_0, 0, 32;
    %jmp T_10.33;
T_10.17 ;
    %load/vec4 v000001817cd10450_0;
    %parti/s 1, 31, 6;
    %replicate 17;
    %load/vec4 v000001817cd10450_0;
    %parti/s 15, 17, 6;
    %concat/vec4; draw_concat_vec4
    %store/vec4 v000001817cd12ed0_0, 0, 32;
    %jmp T_10.33;
T_10.18 ;
    %load/vec4 v000001817cd10450_0;
    %parti/s 1, 31, 6;
    %replicate 18;
    %load/vec4 v000001817cd10450_0;
    %parti/s 14, 18, 6;
    %concat/vec4; draw_concat_vec4
    %store/vec4 v000001817cd12ed0_0, 0, 32;
    %jmp T_10.33;
T_10.19 ;
    %load/vec4 v000001817cd10450_0;
    %parti/s 1, 31, 6;
    %replicate 19;
    %load/vec4 v000001817cd10450_0;
    %parti/s 13, 19, 6;
    %concat/vec4; draw_concat_vec4
    %store/vec4 v000001817cd12ed0_0, 0, 32;
    %jmp T_10.33;
T_10.20 ;
    %load/vec4 v000001817cd10450_0;
    %parti/s 1, 31, 6;
    %replicate 20;
    %load/vec4 v000001817cd10450_0;
    %parti/s 12, 20, 6;
    %concat/vec4; draw_concat_vec4
    %store/vec4 v000001817cd12ed0_0, 0, 32;
    %jmp T_10.33;
T_10.21 ;
    %load/vec4 v000001817cd10450_0;
    %parti/s 1, 31, 6;
    %replicate 21;
    %load/vec4 v000001817cd10450_0;
    %parti/s 11, 21, 6;
    %concat/vec4; draw_concat_vec4
    %store/vec4 v000001817cd12ed0_0, 0, 32;
    %jmp T_10.33;
T_10.22 ;
    %load/vec4 v000001817cd10450_0;
    %parti/s 1, 31, 6;
    %replicate 22;
    %load/vec4 v000001817cd10450_0;
    %parti/s 10, 22, 6;
    %concat/vec4; draw_concat_vec4
    %store/vec4 v000001817cd12ed0_0, 0, 32;
    %jmp T_10.33;
T_10.23 ;
    %load/vec4 v000001817cd10450_0;
    %parti/s 1, 31, 6;
    %replicate 23;
    %load/vec4 v000001817cd10450_0;
    %parti/s 9, 23, 6;
    %concat/vec4; draw_concat_vec4
    %store/vec4 v000001817cd12ed0_0, 0, 32;
    %jmp T_10.33;
T_10.24 ;
    %load/vec4 v000001817cd10450_0;
    %parti/s 1, 31, 6;
    %replicate 24;
    %load/vec4 v000001817cd10450_0;
    %parti/s 8, 24, 6;
    %concat/vec4; draw_concat_vec4
    %store/vec4 v000001817cd12ed0_0, 0, 32;
    %jmp T_10.33;
T_10.25 ;
    %load/vec4 v000001817cd10450_0;
    %parti/s 1, 31, 6;
    %replicate 25;
    %load/vec4 v000001817cd10450_0;
    %parti/s 7, 25, 6;
    %concat/vec4; draw_concat_vec4
    %store/vec4 v000001817cd12ed0_0, 0, 32;
    %jmp T_10.33;
T_10.26 ;
    %load/vec4 v000001817cd10450_0;
    %parti/s 1, 31, 6;
    %replicate 26;
    %load/vec4 v000001817cd10450_0;
    %parti/s 6, 26, 6;
    %concat/vec4; draw_concat_vec4
    %store/vec4 v000001817cd12ed0_0, 0, 32;
    %jmp T_10.33;
T_10.27 ;
    %load/vec4 v000001817cd10450_0;
    %parti/s 1, 31, 6;
    %replicate 27;
    %load/vec4 v000001817cd10450_0;
    %parti/s 5, 27, 6;
    %concat/vec4; draw_concat_vec4
    %store/vec4 v000001817cd12ed0_0, 0, 32;
    %jmp T_10.33;
T_10.28 ;
    %load/vec4 v000001817cd10450_0;
    %parti/s 1, 31, 6;
    %replicate 28;
    %load/vec4 v000001817cd10450_0;
    %parti/s 4, 28, 6;
    %concat/vec4; draw_concat_vec4
    %store/vec4 v000001817cd12ed0_0, 0, 32;
    %jmp T_10.33;
T_10.29 ;
    %load/vec4 v000001817cd10450_0;
    %parti/s 1, 31, 6;
    %replicate 29;
    %load/vec4 v000001817cd10450_0;
    %parti/s 3, 29, 6;
    %concat/vec4; draw_concat_vec4
    %store/vec4 v000001817cd12ed0_0, 0, 32;
    %jmp T_10.33;
T_10.30 ;
    %load/vec4 v000001817cd10450_0;
    %parti/s 1, 31, 6;
    %replicate 30;
    %load/vec4 v000001817cd10450_0;
    %parti/s 2, 30, 6;
    %concat/vec4; draw_concat_vec4
    %store/vec4 v000001817cd12ed0_0, 0, 32;
    %jmp T_10.33;
T_10.31 ;
    %load/vec4 v000001817cd10450_0;
    %parti/s 1, 31, 6;
    %replicate 31;
    %load/vec4 v000001817cd10450_0;
    %parti/s 1, 31, 6;
    %concat/vec4; draw_concat_vec4
    %store/vec4 v000001817cd12ed0_0, 0, 32;
    %jmp T_10.33;
T_10.33 ;
    %pop/vec4 1;
    %jmp T_10;
    .thread T_10, $push;
    .scope S_000001817c64d260;
T_11 ;
    %wait E_000001817cc60430;
    %load/vec4 v000001817cd10770_0;
    %dup/vec4;
    %pushi/vec4 0, 0, 3;
    %cmp/u;
    %jmp/1 T_11.0, 6;
    %dup/vec4;
    %pushi/vec4 1, 0, 3;
    %cmp/u;
    %jmp/1 T_11.1, 6;
    %dup/vec4;
    %pushi/vec4 2, 0, 3;
    %cmp/u;
    %jmp/1 T_11.2, 6;
    %dup/vec4;
    %pushi/vec4 3, 0, 3;
    %cmp/u;
    %jmp/1 T_11.3, 6;
    %dup/vec4;
    %pushi/vec4 4, 0, 3;
    %cmp/u;
    %jmp/1 T_11.4, 6;
    %dup/vec4;
    %pushi/vec4 5, 0, 3;
    %cmp/u;
    %jmp/1 T_11.5, 6;
    %dup/vec4;
    %pushi/vec4 6, 0, 3;
    %cmp/u;
    %jmp/1 T_11.6, 6;
    %dup/vec4;
    %pushi/vec4 7, 0, 3;
    %cmp/u;
    %jmp/1 T_11.7, 6;
    %pushi/vec4 0, 0, 32;
    %store/vec4 v000001817cd12a70_0, 0, 32;
    %jmp T_11.9;
T_11.0 ;
    %load/vec4 v000001817cd10810_0;
    %dup/vec4;
    %pushi/vec4 0, 0, 1;
    %cmp/u;
    %jmp/1 T_11.10, 6;
    %dup/vec4;
    %pushi/vec4 1, 0, 1;
    %cmp/u;
    %jmp/1 T_11.11, 6;
    %pushi/vec4 0, 0, 32;
    %store/vec4 v000001817cd12a70_0, 0, 32;
    %jmp T_11.13;
T_11.10 ;
    %load/vec4 v000001817cd10450_0;
    %load/vec4 v000001817cd104f0_0;
    %add;
    %store/vec4 v000001817cd12a70_0, 0, 32;
    %jmp T_11.13;
T_11.11 ;
    %load/vec4 v000001817cd10450_0;
    %load/vec4 v000001817cd104f0_0;
    %sub;
    %store/vec4 v000001817cd12a70_0, 0, 32;
    %jmp T_11.13;
T_11.13 ;
    %pop/vec4 1;
    %jmp T_11.9;
T_11.1 ;
    %load/vec4 v000001817cd12bb0_0;
    %store/vec4 v000001817cd12a70_0, 0, 32;
    %jmp T_11.9;
T_11.2 ;
    %pushi/vec4 0, 0, 31;
    %load/vec4 v000001817cd129d0_0;
    %concat/vec4; draw_concat_vec4
    %store/vec4 v000001817cd12a70_0, 0, 32;
    %jmp T_11.9;
T_11.3 ;
    %pushi/vec4 0, 0, 31;
    %load/vec4 v000001817cd129d0_0;
    %concat/vec4; draw_concat_vec4
    %store/vec4 v000001817cd12a70_0, 0, 32;
    %jmp T_11.9;
T_11.4 ;
    %load/vec4 v000001817cd10450_0;
    %load/vec4 v000001817cd104f0_0;
    %xor;
    %store/vec4 v000001817cd12a70_0, 0, 32;
    %jmp T_11.9;
T_11.5 ;
    %load/vec4 v000001817cd10130_0;
    %dup/vec4;
    %pushi/vec4 0, 0, 1;
    %cmp/u;
    %jmp/1 T_11.14, 6;
    %dup/vec4;
    %pushi/vec4 1, 0, 1;
    %cmp/u;
    %jmp/1 T_11.15, 6;
    %pushi/vec4 0, 0, 32;
    %store/vec4 v000001817cd12a70_0, 0, 32;
    %jmp T_11.17;
T_11.14 ;
    %load/vec4 v000001817cd12930_0;
    %store/vec4 v000001817cd12a70_0, 0, 32;
    %jmp T_11.17;
T_11.15 ;
    %load/vec4 v000001817cd12ed0_0;
    %store/vec4 v000001817cd12a70_0, 0, 32;
    %jmp T_11.17;
T_11.17 ;
    %pop/vec4 1;
    %jmp T_11.9;
T_11.6 ;
    %load/vec4 v000001817cd10450_0;
    %load/vec4 v000001817cd104f0_0;
    %or;
    %store/vec4 v000001817cd12a70_0, 0, 32;
    %jmp T_11.9;
T_11.7 ;
    %load/vec4 v000001817cd10450_0;
    %load/vec4 v000001817cd104f0_0;
    %and;
    %store/vec4 v000001817cd12a70_0, 0, 32;
    %jmp T_11.9;
T_11.9 ;
    %pop/vec4 1;
    %jmp T_11;
    .thread T_11, $push;
    .scope S_000001817cd13040;
T_12 ;
    %wait E_000001817cc61070;
    %load/vec4 v000001817cd17510_0;
    %dup/vec4;
    %pushi/vec4 0, 0, 3;
    %cmp/u;
    %jmp/1 T_12.0, 6;
    %dup/vec4;
    %pushi/vec4 4, 0, 3;
    %cmp/u;
    %jmp/1 T_12.1, 6;
    %dup/vec4;
    %pushi/vec4 1, 0, 3;
    %cmp/u;
    %jmp/1 T_12.2, 6;
    %dup/vec4;
    %pushi/vec4 5, 0, 3;
    %cmp/u;
    %jmp/1 T_12.3, 6;
    %dup/vec4;
    %pushi/vec4 2, 0, 3;
    %cmp/u;
    %jmp/1 T_12.4, 6;
    %pushi/vec4 0, 0, 4;
    %store/vec4 v000001817cd19e50_0, 0, 4;
    %jmp T_12.6;
T_12.0 ;
    %load/vec4 v000001817cd19810_0;
    %dup/vec4;
    %pushi/vec4 0, 0, 2;
    %cmp/u;
    %jmp/1 T_12.7, 6;
    %dup/vec4;
    %pushi/vec4 1, 0, 2;
    %cmp/u;
    %jmp/1 T_12.8, 6;
    %dup/vec4;
    %pushi/vec4 2, 0, 2;
    %cmp/u;
    %jmp/1 T_12.9, 6;
    %dup/vec4;
    %pushi/vec4 3, 0, 2;
    %cmp/u;
    %jmp/1 T_12.10, 6;
    %pushi/vec4 0, 0, 4;
    %store/vec4 v000001817cd19e50_0, 0, 4;
    %jmp T_12.12;
T_12.7 ;
    %pushi/vec4 1, 0, 4;
    %store/vec4 v000001817cd19e50_0, 0, 4;
    %jmp T_12.12;
T_12.8 ;
    %pushi/vec4 2, 0, 4;
    %store/vec4 v000001817cd19e50_0, 0, 4;
    %jmp T_12.12;
T_12.9 ;
    %pushi/vec4 4, 0, 4;
    %store/vec4 v000001817cd19e50_0, 0, 4;
    %jmp T_12.12;
T_12.10 ;
    %pushi/vec4 8, 0, 4;
    %store/vec4 v000001817cd19e50_0, 0, 4;
    %jmp T_12.12;
T_12.12 ;
    %pop/vec4 1;
    %jmp T_12.6;
T_12.1 ;
    %load/vec4 v000001817cd19810_0;
    %dup/vec4;
    %pushi/vec4 0, 0, 2;
    %cmp/u;
    %jmp/1 T_12.13, 6;
    %dup/vec4;
    %pushi/vec4 1, 0, 2;
    %cmp/u;
    %jmp/1 T_12.14, 6;
    %dup/vec4;
    %pushi/vec4 2, 0, 2;
    %cmp/u;
    %jmp/1 T_12.15, 6;
    %dup/vec4;
    %pushi/vec4 3, 0, 2;
    %cmp/u;
    %jmp/1 T_12.16, 6;
    %pushi/vec4 0, 0, 4;
    %store/vec4 v000001817cd19e50_0, 0, 4;
    %jmp T_12.18;
T_12.13 ;
    %pushi/vec4 1, 0, 4;
    %store/vec4 v000001817cd19e50_0, 0, 4;
    %jmp T_12.18;
T_12.14 ;
    %pushi/vec4 2, 0, 4;
    %store/vec4 v000001817cd19e50_0, 0, 4;
    %jmp T_12.18;
T_12.15 ;
    %pushi/vec4 4, 0, 4;
    %store/vec4 v000001817cd19e50_0, 0, 4;
    %jmp T_12.18;
T_12.16 ;
    %pushi/vec4 8, 0, 4;
    %store/vec4 v000001817cd19e50_0, 0, 4;
    %jmp T_12.18;
T_12.18 ;
    %pop/vec4 1;
    %jmp T_12.6;
T_12.2 ;
    %load/vec4 v000001817cd19810_0;
    %parti/s 1, 1, 2;
    %dup/vec4;
    %pushi/vec4 0, 0, 1;
    %cmp/u;
    %jmp/1 T_12.19, 6;
    %dup/vec4;
    %pushi/vec4 1, 0, 1;
    %cmp/u;
    %jmp/1 T_12.20, 6;
    %pushi/vec4 0, 0, 4;
    %store/vec4 v000001817cd19e50_0, 0, 4;
    %jmp T_12.22;
T_12.19 ;
    %pushi/vec4 3, 0, 4;
    %store/vec4 v000001817cd19e50_0, 0, 4;
    %jmp T_12.22;
T_12.20 ;
    %pushi/vec4 12, 0, 4;
    %store/vec4 v000001817cd19e50_0, 0, 4;
    %jmp T_12.22;
T_12.22 ;
    %pop/vec4 1;
    %jmp T_12.6;
T_12.3 ;
    %load/vec4 v000001817cd19810_0;
    %parti/s 1, 1, 2;
    %dup/vec4;
    %pushi/vec4 0, 0, 1;
    %cmp/u;
    %jmp/1 T_12.23, 6;
    %dup/vec4;
    %pushi/vec4 1, 0, 1;
    %cmp/u;
    %jmp/1 T_12.24, 6;
    %pushi/vec4 0, 0, 4;
    %store/vec4 v000001817cd19e50_0, 0, 4;
    %jmp T_12.26;
T_12.23 ;
    %pushi/vec4 3, 0, 4;
    %store/vec4 v000001817cd19e50_0, 0, 4;
    %jmp T_12.26;
T_12.24 ;
    %pushi/vec4 12, 0, 4;
    %store/vec4 v000001817cd19e50_0, 0, 4;
    %jmp T_12.26;
T_12.26 ;
    %pop/vec4 1;
    %jmp T_12.6;
T_12.4 ;
    %pushi/vec4 15, 0, 4;
    %store/vec4 v000001817cd19e50_0, 0, 4;
    %jmp T_12.6;
T_12.6 ;
    %pop/vec4 1;
    %jmp T_12;
    .thread T_12, $push;
    .scope S_000001817cd13040;
T_13 ;
    %wait E_000001817cc60630;
    %load/vec4 v000001817cd19810_0;
    %dup/vec4;
    %pushi/vec4 0, 0, 2;
    %cmp/u;
    %jmp/1 T_13.0, 6;
    %dup/vec4;
    %pushi/vec4 1, 0, 2;
    %cmp/u;
    %jmp/1 T_13.1, 6;
    %dup/vec4;
    %pushi/vec4 2, 0, 2;
    %cmp/u;
    %jmp/1 T_13.2, 6;
    %dup/vec4;
    %pushi/vec4 3, 0, 2;
    %cmp/u;
    %jmp/1 T_13.3, 6;
    %pushi/vec4 0, 0, 32;
    %store/vec4 v000001817cd1a7b0_0, 0, 32;
    %jmp T_13.5;
T_13.0 ;
    %load/vec4 v000001817cd16c50_0;
    %store/vec4 v000001817cd1a7b0_0, 0, 32;
    %jmp T_13.5;
T_13.1 ;
    %load/vec4 v000001817cd16c50_0;
    %parti/s 24, 0, 2;
    %concati/vec4 0, 0, 8;
    %store/vec4 v000001817cd1a7b0_0, 0, 32;
    %jmp T_13.5;
T_13.2 ;
    %load/vec4 v000001817cd16c50_0;
    %parti/s 16, 0, 2;
    %concati/vec4 0, 0, 16;
    %store/vec4 v000001817cd1a7b0_0, 0, 32;
    %jmp T_13.5;
T_13.3 ;
    %load/vec4 v000001817cd16c50_0;
    %parti/s 8, 0, 2;
    %concati/vec4 0, 0, 24;
    %store/vec4 v000001817cd1a7b0_0, 0, 32;
    %jmp T_13.5;
T_13.5 ;
    %pop/vec4 1;
    %jmp T_13;
    .thread T_13, $push;
    .scope S_000001817cd13040;
T_14 ;
    %wait E_000001817cc60630;
    %load/vec4 v000001817cd19810_0;
    %parti/s 1, 1, 2;
    %dup/vec4;
    %pushi/vec4 0, 0, 1;
    %cmp/u;
    %jmp/1 T_14.0, 6;
    %dup/vec4;
    %pushi/vec4 1, 0, 1;
    %cmp/u;
    %jmp/1 T_14.1, 6;
    %pushi/vec4 0, 0, 32;
    %store/vec4 v000001817cd18690_0, 0, 32;
    %jmp T_14.3;
T_14.0 ;
    %load/vec4 v000001817cd16c50_0;
    %store/vec4 v000001817cd18690_0, 0, 32;
    %jmp T_14.3;
T_14.1 ;
    %load/vec4 v000001817cd16c50_0;
    %parti/s 16, 0, 2;
    %concati/vec4 0, 0, 16;
    %store/vec4 v000001817cd18690_0, 0, 32;
    %jmp T_14.3;
T_14.3 ;
    %pop/vec4 1;
    %jmp T_14;
    .thread T_14, $push;
    .scope S_000001817cd13040;
T_15 ;
    %wait E_000001817cc60530;
    %load/vec4 v000001817cd17510_0;
    %dup/vec4;
    %pushi/vec4 0, 0, 3;
    %cmp/u;
    %jmp/1 T_15.0, 6;
    %dup/vec4;
    %pushi/vec4 1, 0, 3;
    %cmp/u;
    %jmp/1 T_15.1, 6;
    %dup/vec4;
    %pushi/vec4 2, 0, 3;
    %cmp/u;
    %jmp/1 T_15.2, 6;
    %pushi/vec4 0, 0, 32;
    %store/vec4 v000001817cd19f90_0, 0, 32;
    %jmp T_15.4;
T_15.0 ;
    %load/vec4 v000001817cd1a7b0_0;
    %store/vec4 v000001817cd19f90_0, 0, 32;
    %jmp T_15.4;
T_15.1 ;
    %load/vec4 v000001817cd18690_0;
    %store/vec4 v000001817cd19f90_0, 0, 32;
    %jmp T_15.4;
T_15.2 ;
    %load/vec4 v000001817cd16c50_0;
    %store/vec4 v000001817cd19f90_0, 0, 32;
    %jmp T_15.4;
T_15.4 ;
    %pop/vec4 1;
    %jmp T_15;
    .thread T_15, $push;
    .scope S_000001817cd13040;
T_16 ;
    %wait E_000001817cc60df0;
    %load/vec4 v000001817cd19810_0;
    %dup/vec4;
    %pushi/vec4 0, 0, 2;
    %cmp/u;
    %jmp/1 T_16.0, 6;
    %dup/vec4;
    %pushi/vec4 1, 0, 2;
    %cmp/u;
    %jmp/1 T_16.1, 6;
    %dup/vec4;
    %pushi/vec4 2, 0, 2;
    %cmp/u;
    %jmp/1 T_16.2, 6;
    %dup/vec4;
    %pushi/vec4 3, 0, 2;
    %cmp/u;
    %jmp/1 T_16.3, 6;
    %pushi/vec4 0, 0, 32;
    %store/vec4 v000001817cd187d0_0, 0, 32;
    %jmp T_16.5;
T_16.0 ;
    %load/vec4 v000001817cd185f0_0;
    %store/vec4 v000001817cd187d0_0, 0, 32;
    %jmp T_16.5;
T_16.1 ;
    %pushi/vec4 0, 0, 8;
    %load/vec4 v000001817cd185f0_0;
    %parti/s 24, 8, 5;
    %concat/vec4; draw_concat_vec4
    %store/vec4 v000001817cd187d0_0, 0, 32;
    %jmp T_16.5;
T_16.2 ;
    %pushi/vec4 0, 0, 16;
    %load/vec4 v000001817cd185f0_0;
    %parti/s 16, 16, 6;
    %concat/vec4; draw_concat_vec4
    %store/vec4 v000001817cd187d0_0, 0, 32;
    %jmp T_16.5;
T_16.3 ;
    %pushi/vec4 0, 0, 24;
    %load/vec4 v000001817cd185f0_0;
    %parti/s 8, 24, 6;
    %concat/vec4; draw_concat_vec4
    %store/vec4 v000001817cd187d0_0, 0, 32;
    %jmp T_16.5;
T_16.5 ;
    %pop/vec4 1;
    %jmp T_16;
    .thread T_16, $push;
    .scope S_000001817cd13040;
T_17 ;
    %wait E_000001817cc60c70;
    %load/vec4 v000001817cd17510_0;
    %dup/vec4;
    %pushi/vec4 0, 0, 3;
    %cmp/u;
    %jmp/1 T_17.0, 6;
    %dup/vec4;
    %pushi/vec4 4, 0, 3;
    %cmp/u;
    %jmp/1 T_17.1, 6;
    %dup/vec4;
    %pushi/vec4 1, 0, 3;
    %cmp/u;
    %jmp/1 T_17.2, 6;
    %dup/vec4;
    %pushi/vec4 5, 0, 3;
    %cmp/u;
    %jmp/1 T_17.3, 6;
    %dup/vec4;
    %pushi/vec4 2, 0, 3;
    %cmp/u;
    %jmp/1 T_17.4, 6;
    %pushi/vec4 0, 0, 32;
    %store/vec4 v000001817cd1aad0_0, 0, 32;
    %jmp T_17.6;
T_17.0 ;
    %load/vec4 v000001817cd19950_0;
    %parti/s 1, 7, 4;
    %replicate 24;
    %load/vec4 v000001817cd19950_0;
    %concat/vec4; draw_concat_vec4
    %store/vec4 v000001817cd1aad0_0, 0, 32;
    %jmp T_17.6;
T_17.1 ;
    %pushi/vec4 0, 0, 24;
    %load/vec4 v000001817cd19950_0;
    %concat/vec4; draw_concat_vec4
    %store/vec4 v000001817cd1aad0_0, 0, 32;
    %jmp T_17.6;
T_17.2 ;
    %load/vec4 v000001817cd18550_0;
    %parti/s 1, 15, 5;
    %replicate 16;
    %load/vec4 v000001817cd18550_0;
    %concat/vec4; draw_concat_vec4
    %store/vec4 v000001817cd1aad0_0, 0, 32;
    %jmp T_17.6;
T_17.3 ;
    %pushi/vec4 0, 0, 16;
    %load/vec4 v000001817cd18550_0;
    %concat/vec4; draw_concat_vec4
    %store/vec4 v000001817cd1aad0_0, 0, 32;
    %jmp T_17.6;
T_17.4 ;
    %load/vec4 v000001817cd187d0_0;
    %store/vec4 v000001817cd1aad0_0, 0, 32;
    %jmp T_17.6;
T_17.6 ;
    %pop/vec4 1;
    %jmp T_17;
    .thread T_17, $push;
    .scope S_000001817cac95c0;
T_18 ;
    %wait E_000001817cc605b0;
    %load/vec4 v000001817cd298d0_0;
    %flag_set/vec4 8;
    %jmp/0xz  T_18.0, 8;
    %pushi/vec4 0, 0, 32;
    %assign/vec4 v000001817cd340f0_0, 0;
    %pushi/vec4 0, 0, 1;
    %assign/vec4 v000001817cd296f0_0, 0;
    %pushi/vec4 0, 0, 1;
    %assign/vec4 v000001817cd2feb0_0, 0;
    %pushi/vec4 0, 0, 1;
    %assign/vec4 v000001817cd2fa50_0, 0;
    %pushi/vec4 0, 0, 32;
    %assign/vec4 v000001817cd2f910_0, 0;
    %pushi/vec4 0, 0, 1;
    %assign/vec4 v000001817cd2f4b0_0, 0;
    %pushi/vec4 0, 0, 32;
    %assign/vec4 v000001817cd2e010_0, 0;
    %pushi/vec4 0, 0, 32;
    %assign/vec4 v000001817cd2fe10_0, 0;
    %pushi/vec4 0, 0, 32;
    %assign/vec4 v000001817cd2ded0_0, 0;
    %pushi/vec4 0, 0, 1;
    %assign/vec4 v000001817cd2b310_0, 0;
    %pushi/vec4 0, 0, 32;
    %assign/vec4 v000001817cd2d2f0_0, 0;
    %pushi/vec4 0, 0, 32;
    %assign/vec4 v000001817cd2c170_0, 0;
    %pushi/vec4 0, 0, 32;
    %assign/vec4 v000001817cd2d750_0, 0;
    %pushi/vec4 0, 0, 5;
    %assign/vec4 v000001817cd2b130_0, 0;
    %pushi/vec4 0, 0, 5;
    %assign/vec4 v000001817cd2bbd0_0, 0;
    %pushi/vec4 0, 0, 5;
    %assign/vec4 v000001817cd2c530_0, 0;
    %pushi/vec4 0, 0, 32;
    %assign/vec4 v000001817cd2bef0_0, 0;
    %pushi/vec4 0, 0, 32;
    %assign/vec4 v000001817cd2b590_0, 0;
    %pushi/vec4 0, 0, 32;
    %assign/vec4 v000001817cd2bb30_0, 0;
    %pushi/vec4 0, 0, 7;
    %assign/vec4 v000001817cd2d070_0, 0;
    %pushi/vec4 0, 0, 3;
    %assign/vec4 v000001817cd2b270_0, 0;
    %pushi/vec4 0, 0, 7;
    %assign/vec4 v000001817cd2cd50_0, 0;
    %pushi/vec4 0, 0, 1;
    %assign/vec4 v000001817cd2d250_0, 0;
    %pushi/vec4 0, 0, 1;
    %assign/vec4 v000001817cd2bc70_0, 0;
    %pushi/vec4 0, 0, 3;
    %assign/vec4 v000001817cd2c7b0_0, 0;
    %pushi/vec4 0, 0, 1;
    %assign/vec4 v000001817cd2bf90_0, 0;
    %pushi/vec4 0, 0, 1;
    %assign/vec4 v000001817cd2ca30_0, 0;
    %pushi/vec4 0, 0, 1;
    %assign/vec4 v000001817cd2bd10_0, 0;
    %pushi/vec4 0, 0, 1;
    %assign/vec4 v000001817cd2b630_0, 0;
    %pushi/vec4 0, 0, 1;
    %assign/vec4 v000001817cd2d6b0_0, 0;
    %pushi/vec4 0, 0, 1;
    %assign/vec4 v000001817cd2be50_0, 0;
    %pushi/vec4 0, 0, 1;
    %assign/vec4 v000001817cd2d1b0_0, 0;
    %pushi/vec4 0, 0, 1;
    %assign/vec4 v000001817cd2ccb0_0, 0;
    %pushi/vec4 0, 0, 1;
    %assign/vec4 v000001817cd2b3b0_0, 0;
    %pushi/vec4 0, 0, 1;
    %assign/vec4 v000001817cd2c850_0, 0;
    %pushi/vec4 0, 0, 1;
    %assign/vec4 v000001817cd2a050_0, 0;
    %pushi/vec4 0, 0, 32;
    %assign/vec4 v000001817cd2a190_0, 0;
    %pushi/vec4 0, 0, 32;
    %assign/vec4 v000001817cd29b50_0, 0;
    %pushi/vec4 0, 0, 32;
    %assign/vec4 v000001817cd28bb0_0, 0;
    %pushi/vec4 0, 0, 32;
    %assign/vec4 v000001817cd23b10_0, 0;
    %pushi/vec4 0, 0, 5;
    %assign/vec4 v000001817cd29330_0, 0;
    %pushi/vec4 0, 0, 5;
    %assign/vec4 v000001817cd29c90_0, 0;
    %pushi/vec4 0, 0, 5;
    %assign/vec4 v000001817cd2a550_0, 0;
    %pushi/vec4 0, 0, 32;
    %assign/vec4 v000001817cd2aff0_0, 0;
    %pushi/vec4 0, 0, 32;
    %assign/vec4 v000001817cd29470_0, 0;
    %pushi/vec4 0, 0, 32;
    %assign/vec4 v000001817cd2aeb0_0, 0;
    %pushi/vec4 0, 0, 32;
    %assign/vec4 v000001817cd22a30_0, 0;
    %pushi/vec4 0, 0, 32;
    %assign/vec4 v000001817cd29650_0, 0;
    %pushi/vec4 0, 0, 3;
    %assign/vec4 v000001817cd234d0_0, 0;
    %pushi/vec4 0, 0, 1;
    %assign/vec4 v000001817cd2a0f0_0, 0;
    %pushi/vec4 0, 0, 1;
    %assign/vec4 v000001817cd2af50_0, 0;
    %pushi/vec4 0, 0, 1;
    %assign/vec4 v000001817cd28930_0, 0;
    %pushi/vec4 0, 0, 1;
    %assign/vec4 v000001817cd29510_0, 0;
    %pushi/vec4 0, 0, 1;
    %assign/vec4 v000001817cd293d0_0, 0;
    %pushi/vec4 0, 0, 1;
    %assign/vec4 v000001817cd29290_0, 0;
    %pushi/vec4 0, 0, 1;
    %assign/vec4 v000001817cd23930_0, 0;
    %pushi/vec4 0, 0, 1;
    %assign/vec4 v000001817cd291f0_0, 0;
    %pushi/vec4 0, 0, 1;
    %assign/vec4 v000001817cd23750_0, 0;
    %pushi/vec4 0, 0, 1;
    %assign/vec4 v000001817cd236b0_0, 0;
    %pushi/vec4 0, 0, 1;
    %assign/vec4 v000001817cd30810_0, 0;
    %pushi/vec4 0, 0, 32;
    %assign/vec4 v000001817cd30770_0, 0;
    %pushi/vec4 0, 0, 32;
    %assign/vec4 v000001817cd30ef0_0, 0;
    %pushi/vec4 0, 0, 32;
    %assign/vec4 v000001817cd31030_0, 0;
    %pushi/vec4 0, 0, 32;
    %assign/vec4 v000001817cd30a90_0, 0;
    %pushi/vec4 0, 0, 5;
    %assign/vec4 v000001817cd30590_0, 0;
    %pushi/vec4 0, 0, 5;
    %assign/vec4 v000001817cd31990_0, 0;
    %pushi/vec4 0, 0, 5;
    %assign/vec4 v000001817cd31850_0, 0;
    %pushi/vec4 0, 0, 32;
    %assign/vec4 v000001817cd32750_0, 0;
    %pushi/vec4 0, 0, 32;
    %assign/vec4 v000001817cd327f0_0, 0;
    %pushi/vec4 0, 0, 32;
    %assign/vec4 v000001817cd30c70_0, 0;
    %pushi/vec4 0, 0, 32;
    %assign/vec4 v000001817cd2ea10_0, 0;
    %pushi/vec4 0, 0, 32;
    %assign/vec4 v000001817cd31350_0, 0;
    %pushi/vec4 0, 0, 32;
    %assign/vec4 v000001817cd2f5f0_0, 0;
    %pushi/vec4 0, 0, 1;
    %assign/vec4 v000001817cd2f7d0_0, 0;
    %pushi/vec4 0, 0, 1;
    %assign/vec4 v000001817cd2fcd0_0, 0;
    %pushi/vec4 0, 0, 4;
    %assign/vec4 v000001817cd2f690_0, 0;
    %pushi/vec4 0, 0, 32;
    %assign/vec4 v000001817cd2faf0_0, 0;
    %pushi/vec4 0, 0, 32;
    %assign/vec4 v000001817cd2fd70_0, 0;
    %pushi/vec4 0, 0, 1;
    %assign/vec4 v000001817cd304f0_0, 0;
    %pushi/vec4 0, 0, 1;
    %assign/vec4 v000001817cd31d50_0, 0;
    %pushi/vec4 0, 0, 1;
    %assign/vec4 v000001817cd30450_0, 0;
    %pushi/vec4 0, 0, 1;
    %assign/vec4 v000001817cd318f0_0, 0;
    %pushi/vec4 0, 0, 1;
    %assign/vec4 v000001817cd30d10_0, 0;
    %pushi/vec4 0, 0, 1;
    %assign/vec4 v000001817cd31df0_0, 0;
    %pushi/vec4 0, 0, 1;
    %assign/vec4 v000001817cd301d0_0, 0;
    %pushi/vec4 0, 0, 1;
    %assign/vec4 v000001817cd30950_0, 0;
    %jmp T_18.1;
T_18.0 ;
    %load/vec4 v000001817cd34e10_0;
    %flag_set/vec4 8;
    %jmp/0xz  T_18.2, 8;
    %pushi/vec4 1, 0, 1;
    %assign/vec4 v000001817cd296f0_0, 0;
    %pushi/vec4 0, 0, 1;
    %assign/vec4 v000001817cd2feb0_0, 0;
    %pushi/vec4 0, 0, 1;
    %assign/vec4 v000001817cd2fa50_0, 0;
    %pushi/vec4 0, 0, 32;
    %assign/vec4 v000001817cd2f910_0, 0;
    %pushi/vec4 0, 0, 1;
    %assign/vec4 v000001817cd2f4b0_0, 0;
    %pushi/vec4 0, 0, 32;
    %assign/vec4 v000001817cd2e010_0, 0;
    %pushi/vec4 0, 0, 32;
    %assign/vec4 v000001817cd2fe10_0, 0;
    %pushi/vec4 0, 0, 32;
    %assign/vec4 v000001817cd2ded0_0, 0;
    %pushi/vec4 0, 0, 1;
    %assign/vec4 v000001817cd2b310_0, 0;
    %pushi/vec4 0, 0, 32;
    %assign/vec4 v000001817cd2d2f0_0, 0;
    %pushi/vec4 0, 0, 32;
    %assign/vec4 v000001817cd2c170_0, 0;
    %pushi/vec4 0, 0, 32;
    %assign/vec4 v000001817cd2d750_0, 0;
    %pushi/vec4 0, 0, 5;
    %assign/vec4 v000001817cd2b130_0, 0;
    %pushi/vec4 0, 0, 5;
    %assign/vec4 v000001817cd2bbd0_0, 0;
    %pushi/vec4 0, 0, 5;
    %assign/vec4 v000001817cd2c530_0, 0;
    %pushi/vec4 0, 0, 32;
    %assign/vec4 v000001817cd2bef0_0, 0;
    %pushi/vec4 0, 0, 32;
    %assign/vec4 v000001817cd2b590_0, 0;
    %pushi/vec4 0, 0, 32;
    %assign/vec4 v000001817cd2bb30_0, 0;
    %pushi/vec4 0, 0, 7;
    %assign/vec4 v000001817cd2d070_0, 0;
    %pushi/vec4 0, 0, 3;
    %assign/vec4 v000001817cd2b270_0, 0;
    %pushi/vec4 0, 0, 7;
    %assign/vec4 v000001817cd2cd50_0, 0;
    %pushi/vec4 0, 0, 1;
    %assign/vec4 v000001817cd2d250_0, 0;
    %pushi/vec4 0, 0, 1;
    %assign/vec4 v000001817cd2bc70_0, 0;
    %pushi/vec4 0, 0, 3;
    %assign/vec4 v000001817cd2c7b0_0, 0;
    %pushi/vec4 0, 0, 1;
    %assign/vec4 v000001817cd2bf90_0, 0;
    %pushi/vec4 0, 0, 1;
    %assign/vec4 v000001817cd2ca30_0, 0;
    %pushi/vec4 0, 0, 1;
    %assign/vec4 v000001817cd2bd10_0, 0;
    %pushi/vec4 0, 0, 1;
    %assign/vec4 v000001817cd2b630_0, 0;
    %pushi/vec4 0, 0, 1;
    %assign/vec4 v000001817cd2d6b0_0, 0;
    %pushi/vec4 0, 0, 1;
    %assign/vec4 v000001817cd2be50_0, 0;
    %pushi/vec4 0, 0, 1;
    %assign/vec4 v000001817cd2d1b0_0, 0;
    %pushi/vec4 0, 0, 1;
    %assign/vec4 v000001817cd2ccb0_0, 0;
    %pushi/vec4 0, 0, 1;
    %assign/vec4 v000001817cd2b3b0_0, 0;
    %pushi/vec4 0, 0, 1;
    %assign/vec4 v000001817cd2c850_0, 0;
    %pushi/vec4 0, 0, 1;
    %assign/vec4 v000001817cd2a050_0, 0;
    %pushi/vec4 0, 0, 32;
    %assign/vec4 v000001817cd2a190_0, 0;
    %pushi/vec4 0, 0, 32;
    %assign/vec4 v000001817cd29b50_0, 0;
    %pushi/vec4 0, 0, 32;
    %assign/vec4 v000001817cd28bb0_0, 0;
    %pushi/vec4 0, 0, 32;
    %assign/vec4 v000001817cd23b10_0, 0;
    %pushi/vec4 0, 0, 5;
    %assign/vec4 v000001817cd29330_0, 0;
    %pushi/vec4 0, 0, 5;
    %assign/vec4 v000001817cd29c90_0, 0;
    %pushi/vec4 0, 0, 5;
    %assign/vec4 v000001817cd2a550_0, 0;
    %pushi/vec4 0, 0, 32;
    %assign/vec4 v000001817cd2aff0_0, 0;
    %pushi/vec4 0, 0, 32;
    %assign/vec4 v000001817cd29470_0, 0;
    %pushi/vec4 0, 0, 32;
    %assign/vec4 v000001817cd2aeb0_0, 0;
    %pushi/vec4 0, 0, 32;
    %assign/vec4 v000001817cd22a30_0, 0;
    %pushi/vec4 0, 0, 32;
    %assign/vec4 v000001817cd29650_0, 0;
    %pushi/vec4 0, 0, 3;
    %assign/vec4 v000001817cd234d0_0, 0;
    %pushi/vec4 0, 0, 1;
    %assign/vec4 v000001817cd2a0f0_0, 0;
    %pushi/vec4 0, 0, 1;
    %assign/vec4 v000001817cd2af50_0, 0;
    %pushi/vec4 0, 0, 1;
    %assign/vec4 v000001817cd28930_0, 0;
    %pushi/vec4 0, 0, 1;
    %assign/vec4 v000001817cd29510_0, 0;
    %pushi/vec4 0, 0, 1;
    %assign/vec4 v000001817cd293d0_0, 0;
    %pushi/vec4 0, 0, 1;
    %assign/vec4 v000001817cd29290_0, 0;
    %pushi/vec4 0, 0, 1;
    %assign/vec4 v000001817cd23930_0, 0;
    %pushi/vec4 0, 0, 1;
    %assign/vec4 v000001817cd291f0_0, 0;
    %pushi/vec4 0, 0, 1;
    %assign/vec4 v000001817cd23750_0, 0;
    %pushi/vec4 0, 0, 1;
    %assign/vec4 v000001817cd236b0_0, 0;
    %pushi/vec4 0, 0, 1;
    %assign/vec4 v000001817cd30810_0, 0;
    %pushi/vec4 0, 0, 32;
    %assign/vec4 v000001817cd30770_0, 0;
    %pushi/vec4 0, 0, 32;
    %assign/vec4 v000001817cd30ef0_0, 0;
    %pushi/vec4 0, 0, 32;
    %assign/vec4 v000001817cd31030_0, 0;
    %pushi/vec4 0, 0, 32;
    %assign/vec4 v000001817cd30a90_0, 0;
    %pushi/vec4 0, 0, 5;
    %assign/vec4 v000001817cd30590_0, 0;
    %pushi/vec4 0, 0, 5;
    %assign/vec4 v000001817cd31990_0, 0;
    %pushi/vec4 0, 0, 5;
    %assign/vec4 v000001817cd31850_0, 0;
    %pushi/vec4 0, 0, 32;
    %assign/vec4 v000001817cd32750_0, 0;
    %pushi/vec4 0, 0, 32;
    %assign/vec4 v000001817cd327f0_0, 0;
    %pushi/vec4 0, 0, 32;
    %assign/vec4 v000001817cd30c70_0, 0;
    %pushi/vec4 0, 0, 32;
    %assign/vec4 v000001817cd2ea10_0, 0;
    %pushi/vec4 0, 0, 32;
    %assign/vec4 v000001817cd31350_0, 0;
    %pushi/vec4 0, 0, 32;
    %assign/vec4 v000001817cd2f5f0_0, 0;
    %pushi/vec4 0, 0, 1;
    %assign/vec4 v000001817cd2f7d0_0, 0;
    %pushi/vec4 0, 0, 1;
    %assign/vec4 v000001817cd2fcd0_0, 0;
    %pushi/vec4 0, 0, 4;
    %assign/vec4 v000001817cd2f690_0, 0;
    %pushi/vec4 0, 0, 32;
    %assign/vec4 v000001817cd2faf0_0, 0;
    %pushi/vec4 0, 0, 32;
    %assign/vec4 v000001817cd2fd70_0, 0;
    %pushi/vec4 0, 0, 1;
    %assign/vec4 v000001817cd304f0_0, 0;
    %pushi/vec4 0, 0, 1;
    %assign/vec4 v000001817cd31d50_0, 0;
    %pushi/vec4 0, 0, 1;
    %assign/vec4 v000001817cd30450_0, 0;
    %pushi/vec4 0, 0, 1;
    %assign/vec4 v000001817cd318f0_0, 0;
    %pushi/vec4 0, 0, 1;
    %assign/vec4 v000001817cd30d10_0, 0;
    %pushi/vec4 0, 0, 1;
    %assign/vec4 v000001817cd31df0_0, 0;
    %pushi/vec4 0, 0, 1;
    %assign/vec4 v000001817cd301d0_0, 0;
    %pushi/vec4 0, 0, 1;
    %assign/vec4 v000001817cd30950_0, 0;
    %jmp T_18.3;
T_18.2 ;
    %load/vec4 v000001817cd296f0_0;
    %inv;
    %flag_set/vec4 8;
    %jmp/0xz  T_18.4, 8;
    %load/vec4 v000001817cd29fb0_0;
    %flag_set/vec4 8;
    %jmp/0xz  T_18.6, 8;
    %load/vec4 v000001817cd34f50_0;
    %assign/vec4 v000001817cd340f0_0, 0;
    %jmp T_18.7;
T_18.6 ;
    %load/vec4 v000001817cd2f190_0;
    %flag_set/vec4 8;
    %jmp/0xz  T_18.8, 8;
    %load/vec4 v000001817cd34f50_0;
    %assign/vec4 v000001817cd340f0_0, 0;
T_18.8 ;
T_18.7 ;
    %load/vec4 v000001817cd2e6f0_0;
    %flag_set/vec4 8;
    %jmp/0xz  T_18.10, 8;
    %pushi/vec4 0, 0, 1;
    %assign/vec4 v000001817cd2feb0_0, 0;
    %pushi/vec4 0, 0, 1;
    %assign/vec4 v000001817cd2fa50_0, 0;
    %pushi/vec4 0, 0, 32;
    %assign/vec4 v000001817cd2f910_0, 0;
    %jmp T_18.11;
T_18.10 ;
    %load/vec4 v000001817cd2f190_0;
    %load/vec4 v000001817cd2ff50_0;
    %and;
    %flag_set/vec4 8;
    %jmp/0xz  T_18.12, 8;
    %pushi/vec4 1, 0, 1;
    %assign/vec4 v000001817cd2feb0_0, 0;
    %pushi/vec4 0, 0, 1;
    %assign/vec4 v000001817cd2fa50_0, 0;
    %load/vec4 v000001817cd2e830_0;
    %assign/vec4 v000001817cd2f910_0, 0;
    %jmp T_18.13;
T_18.12 ;
    %load/vec4 v000001817cd29fb0_0;
    %flag_set/vec4 9;
    %flag_get/vec4 9;
    %jmp/0 T_18.16, 9;
    %load/vec4 v000001817cd2feb0_0;
    %and;
T_18.16;
    %flag_set/vec4 8;
    %jmp/0xz  T_18.14, 8;
    %pushi/vec4 1, 0, 1;
    %assign/vec4 v000001817cd2fa50_0, 0;
T_18.14 ;
T_18.13 ;
T_18.11 ;
    %load/vec4 v000001817cd29fb0_0;
    %flag_set/vec4 8;
    %jmp/0xz  T_18.17, 8;
    %pushi/vec4 0, 0, 1;
    %assign/vec4 v000001817cd2f4b0_0, 0;
    %pushi/vec4 0, 0, 32;
    %assign/vec4 v000001817cd2e010_0, 0;
    %pushi/vec4 0, 0, 32;
    %assign/vec4 v000001817cd2fe10_0, 0;
    %pushi/vec4 0, 0, 32;
    %assign/vec4 v000001817cd2ded0_0, 0;
    %pushi/vec4 0, 0, 1;
    %assign/vec4 v000001817cd2b310_0, 0;
    %pushi/vec4 0, 0, 32;
    %assign/vec4 v000001817cd2d2f0_0, 0;
    %pushi/vec4 0, 0, 32;
    %assign/vec4 v000001817cd2c170_0, 0;
    %pushi/vec4 0, 0, 32;
    %assign/vec4 v000001817cd2d750_0, 0;
    %pushi/vec4 0, 0, 5;
    %assign/vec4 v000001817cd2b130_0, 0;
    %pushi/vec4 0, 0, 5;
    %assign/vec4 v000001817cd2bbd0_0, 0;
    %pushi/vec4 0, 0, 5;
    %assign/vec4 v000001817cd2c530_0, 0;
    %pushi/vec4 0, 0, 32;
    %assign/vec4 v000001817cd2bef0_0, 0;
    %pushi/vec4 0, 0, 32;
    %assign/vec4 v000001817cd2b590_0, 0;
    %pushi/vec4 0, 0, 32;
    %assign/vec4 v000001817cd2bb30_0, 0;
    %pushi/vec4 0, 0, 7;
    %assign/vec4 v000001817cd2d070_0, 0;
    %pushi/vec4 0, 0, 3;
    %assign/vec4 v000001817cd2b270_0, 0;
    %pushi/vec4 0, 0, 7;
    %assign/vec4 v000001817cd2cd50_0, 0;
    %pushi/vec4 0, 0, 1;
    %assign/vec4 v000001817cd2d250_0, 0;
    %pushi/vec4 0, 0, 1;
    %assign/vec4 v000001817cd2bc70_0, 0;
    %pushi/vec4 0, 0, 3;
    %assign/vec4 v000001817cd2c7b0_0, 0;
    %pushi/vec4 0, 0, 1;
    %assign/vec4 v000001817cd2bf90_0, 0;
    %pushi/vec4 0, 0, 1;
    %assign/vec4 v000001817cd2ca30_0, 0;
    %pushi/vec4 0, 0, 1;
    %assign/vec4 v000001817cd2bd10_0, 0;
    %pushi/vec4 0, 0, 1;
    %assign/vec4 v000001817cd2b630_0, 0;
    %pushi/vec4 0, 0, 1;
    %assign/vec4 v000001817cd2d6b0_0, 0;
    %pushi/vec4 0, 0, 1;
    %assign/vec4 v000001817cd2be50_0, 0;
    %pushi/vec4 0, 0, 1;
    %assign/vec4 v000001817cd2d1b0_0, 0;
    %pushi/vec4 0, 0, 1;
    %assign/vec4 v000001817cd2ccb0_0, 0;
    %pushi/vec4 0, 0, 1;
    %assign/vec4 v000001817cd2b3b0_0, 0;
    %pushi/vec4 0, 0, 1;
    %assign/vec4 v000001817cd2c850_0, 0;
    %jmp T_18.18;
T_18.17 ;
    %load/vec4 v000001817cd2e790_0;
    %flag_set/vec4 8;
    %jmp/0xz  T_18.19, 8;
    %load/vec4 v000001817cd2f730_0;
    %flag_set/vec4 8;
    %jmp/0xz  T_18.21, 8;
    %load/vec4 v000001817cd2ec90_0;
    %assign/vec4 v000001817cd2f4b0_0, 0;
    %load/vec4 v000001817cd2f370_0;
    %assign/vec4 v000001817cd2e010_0, 0;
    %load/vec4 v000001817cd2d930_0;
    %assign/vec4 v000001817cd2fe10_0, 0;
    %load/vec4 v000001817cd2f2d0_0;
    %assign/vec4 v000001817cd2ded0_0, 0;
T_18.21 ;
    %jmp T_18.20;
T_18.19 ;
    %load/vec4 v000001817cd2acd0_0;
    %flag_set/vec4 8;
    %jmp/0xz  T_18.23, 8;
    %pushi/vec4 0, 0, 1;
    %assign/vec4 v000001817cd2b310_0, 0;
    %pushi/vec4 0, 0, 32;
    %assign/vec4 v000001817cd2d2f0_0, 0;
    %pushi/vec4 0, 0, 32;
    %assign/vec4 v000001817cd2c170_0, 0;
    %pushi/vec4 0, 0, 32;
    %assign/vec4 v000001817cd2d750_0, 0;
    %pushi/vec4 0, 0, 5;
    %assign/vec4 v000001817cd2b130_0, 0;
    %pushi/vec4 0, 0, 5;
    %assign/vec4 v000001817cd2bbd0_0, 0;
    %pushi/vec4 0, 0, 5;
    %assign/vec4 v000001817cd2c530_0, 0;
    %pushi/vec4 0, 0, 32;
    %assign/vec4 v000001817cd2bef0_0, 0;
    %pushi/vec4 0, 0, 32;
    %assign/vec4 v000001817cd2b590_0, 0;
    %pushi/vec4 0, 0, 32;
    %assign/vec4 v000001817cd2bb30_0, 0;
    %pushi/vec4 0, 0, 7;
    %assign/vec4 v000001817cd2d070_0, 0;
    %pushi/vec4 0, 0, 3;
    %assign/vec4 v000001817cd2b270_0, 0;
    %pushi/vec4 0, 0, 7;
    %assign/vec4 v000001817cd2cd50_0, 0;
    %pushi/vec4 0, 0, 1;
    %assign/vec4 v000001817cd2d250_0, 0;
    %pushi/vec4 0, 0, 1;
    %assign/vec4 v000001817cd2bc70_0, 0;
    %pushi/vec4 0, 0, 3;
    %assign/vec4 v000001817cd2c7b0_0, 0;
    %pushi/vec4 0, 0, 1;
    %assign/vec4 v000001817cd2bf90_0, 0;
    %pushi/vec4 0, 0, 1;
    %assign/vec4 v000001817cd2ca30_0, 0;
    %pushi/vec4 0, 0, 1;
    %assign/vec4 v000001817cd2bd10_0, 0;
    %pushi/vec4 0, 0, 1;
    %assign/vec4 v000001817cd2b630_0, 0;
    %pushi/vec4 0, 0, 1;
    %assign/vec4 v000001817cd2d6b0_0, 0;
    %pushi/vec4 0, 0, 1;
    %assign/vec4 v000001817cd2be50_0, 0;
    %pushi/vec4 0, 0, 1;
    %assign/vec4 v000001817cd2d1b0_0, 0;
    %pushi/vec4 0, 0, 1;
    %assign/vec4 v000001817cd2ccb0_0, 0;
    %pushi/vec4 0, 0, 1;
    %assign/vec4 v000001817cd2b3b0_0, 0;
    %pushi/vec4 0, 0, 1;
    %assign/vec4 v000001817cd2c850_0, 0;
    %jmp T_18.24;
T_18.23 ;
    %load/vec4 v000001817cd2ec90_0;
    %assign/vec4 v000001817cd2f4b0_0, 0;
    %load/vec4 v000001817cd2f370_0;
    %assign/vec4 v000001817cd2e010_0, 0;
    %load/vec4 v000001817cd2d930_0;
    %assign/vec4 v000001817cd2fe10_0, 0;
    %load/vec4 v000001817cd2f2d0_0;
    %assign/vec4 v000001817cd2ded0_0, 0;
    %load/vec4 v000001817cd2b450_0;
    %assign/vec4 v000001817cd2b310_0, 0;
    %load/vec4 v000001817cd2cdf0_0;
    %assign/vec4 v000001817cd2d2f0_0, 0;
    %load/vec4 v000001817cd2c3f0_0;
    %assign/vec4 v000001817cd2c170_0, 0;
    %load/vec4 v000001817cd2cad0_0;
    %assign/vec4 v000001817cd2d750_0, 0;
    %load/vec4 v000001817cd2c710_0;
    %assign/vec4 v000001817cd2b130_0, 0;
    %load/vec4 v000001817cd2d570_0;
    %assign/vec4 v000001817cd2bbd0_0, 0;
    %load/vec4 v000001817cd2b1d0_0;
    %assign/vec4 v000001817cd2c530_0, 0;
    %load/vec4 v000001817cd2d430_0;
    %assign/vec4 v000001817cd2bef0_0, 0;
    %load/vec4 v000001817cd2d4d0_0;
    %assign/vec4 v000001817cd2b590_0, 0;
    %load/vec4 v000001817cd2c0d0_0;
    %assign/vec4 v000001817cd2bb30_0, 0;
    %load/vec4 v000001817cd2b4f0_0;
    %assign/vec4 v000001817cd2d070_0, 0;
    %load/vec4 v000001817cd2c210_0;
    %assign/vec4 v000001817cd2b270_0, 0;
    %load/vec4 v000001817cd2c990_0;
    %assign/vec4 v000001817cd2cd50_0, 0;
    %load/vec4 v000001817cd2d390_0;
    %assign/vec4 v000001817cd2d250_0, 0;
    %load/vec4 v000001817cd2cc10_0;
    %assign/vec4 v000001817cd2bc70_0, 0;
    %load/vec4 v000001817cd2c5d0_0;
    %assign/vec4 v000001817cd2c7b0_0, 0;
    %load/vec4 v000001817cd2d890_0;
    %assign/vec4 v000001817cd2bf90_0, 0;
    %load/vec4 v000001817cd2cf30_0;
    %assign/vec4 v000001817cd2ca30_0, 0;
    %load/vec4 v000001817cd2d7f0_0;
    %assign/vec4 v000001817cd2bd10_0, 0;
    %load/vec4 v000001817cd2d610_0;
    %assign/vec4 v000001817cd2b630_0, 0;
    %load/vec4 v000001817cd2bdb0_0;
    %assign/vec4 v000001817cd2d6b0_0, 0;
    %load/vec4 v000001817cd2c670_0;
    %assign/vec4 v000001817cd2be50_0, 0;
    %load/vec4 v000001817cd2d110_0;
    %assign/vec4 v000001817cd2d1b0_0, 0;
    %load/vec4 v000001817cd2c490_0;
    %assign/vec4 v000001817cd2ccb0_0, 0;
    %load/vec4 v000001817cd2c8f0_0;
    %assign/vec4 v000001817cd2b3b0_0, 0;
    %load/vec4 v000001817cd2c030_0;
    %assign/vec4 v000001817cd2c850_0, 0;
T_18.24 ;
T_18.20 ;
T_18.18 ;
    %load/vec4 v000001817cd2e790_0;
    %flag_set/vec4 8;
    %jmp/0xz  T_18.25, 8;
    %load/vec4 v000001817cd236b0_0;
    %load/vec4 v000001817cd21090_0;
    %or;
    %assign/vec4 v000001817cd236b0_0, 0;
    %jmp T_18.26;
T_18.25 ;
    %load/vec4 v000001817cd2ae10_0;
    %assign/vec4 v000001817cd2a050_0, 0;
    %load/vec4 v000001817cd29150_0;
    %assign/vec4 v000001817cd2a190_0, 0;
    %load/vec4 v000001817cd29d30_0;
    %assign/vec4 v000001817cd29b50_0, 0;
    %load/vec4 v000001817cd2ad70_0;
    %assign/vec4 v000001817cd28bb0_0, 0;
    %load/vec4 v000001817cd23570_0;
    %assign/vec4 v000001817cd23b10_0, 0;
    %load/vec4 v000001817cd2a9b0_0;
    %assign/vec4 v000001817cd29330_0, 0;
    %load/vec4 v000001817cd28a70_0;
    %assign/vec4 v000001817cd29c90_0, 0;
    %load/vec4 v000001817cd2a2d0_0;
    %assign/vec4 v000001817cd2a550_0, 0;
    %load/vec4 v000001817cd2a410_0;
    %assign/vec4 v000001817cd2aff0_0, 0;
    %load/vec4 v000001817cd28b10_0;
    %assign/vec4 v000001817cd29470_0, 0;
    %load/vec4 v000001817cd2a7d0_0;
    %assign/vec4 v000001817cd2aeb0_0, 0;
    %load/vec4 v000001817cd23610_0;
    %assign/vec4 v000001817cd22a30_0, 0;
    %load/vec4 v000001817cd2a370_0;
    %assign/vec4 v000001817cd29650_0, 0;
    %load/vec4 v000001817cd23bb0_0;
    %assign/vec4 v000001817cd234d0_0, 0;
    %load/vec4 v000001817cd2a870_0;
    %assign/vec4 v000001817cd2a0f0_0, 0;
    %load/vec4 v000001817cd2a230_0;
    %assign/vec4 v000001817cd2af50_0, 0;
    %load/vec4 v000001817cd29830_0;
    %assign/vec4 v000001817cd28930_0, 0;
    %load/vec4 v000001817cd2aa50_0;
    %assign/vec4 v000001817cd29510_0, 0;
    %load/vec4 v000001817cd29bf0_0;
    %assign/vec4 v000001817cd293d0_0, 0;
    %load/vec4 v000001817cd289d0_0;
    %assign/vec4 v000001817cd29290_0, 0;
    %load/vec4 v000001817cd23a70_0;
    %assign/vec4 v000001817cd23930_0, 0;
    %load/vec4 v000001817cd28e30_0;
    %assign/vec4 v000001817cd291f0_0, 0;
    %load/vec4 v000001817cd237f0_0;
    %assign/vec4 v000001817cd23750_0, 0;
    %pushi/vec4 0, 0, 1;
    %assign/vec4 v000001817cd236b0_0, 0;
T_18.26 ;
    %load/vec4 v000001817cd31210_0;
    %assign/vec4 v000001817cd30810_0, 0;
    %load/vec4 v000001817cd30270_0;
    %assign/vec4 v000001817cd30770_0, 0;
    %load/vec4 v000001817cd31c10_0;
    %assign/vec4 v000001817cd30ef0_0, 0;
    %load/vec4 v000001817cd313f0_0;
    %assign/vec4 v000001817cd31030_0, 0;
    %load/vec4 v000001817cd30db0_0;
    %assign/vec4 v000001817cd30a90_0, 0;
    %load/vec4 v000001817cd321b0_0;
    %assign/vec4 v000001817cd30590_0, 0;
    %load/vec4 v000001817cd31a30_0;
    %assign/vec4 v000001817cd31990_0, 0;
    %load/vec4 v000001817cd317b0_0;
    %assign/vec4 v000001817cd31850_0, 0;
    %load/vec4 v000001817cd32250_0;
    %assign/vec4 v000001817cd32750_0, 0;
    %load/vec4 v000001817cd31490_0;
    %assign/vec4 v000001817cd327f0_0, 0;
    %load/vec4 v000001817cd32070_0;
    %assign/vec4 v000001817cd30c70_0, 0;
    %load/vec4 v000001817cd2e150_0;
    %assign/vec4 v000001817cd2ea10_0, 0;
    %load/vec4 v000001817cd315d0_0;
    %assign/vec4 v000001817cd31350_0, 0;
    %load/vec4 v000001817cd2eab0_0;
    %assign/vec4 v000001817cd2f5f0_0, 0;
    %load/vec4 v000001817cd2f870_0;
    %assign/vec4 v000001817cd2f7d0_0, 0;
    %load/vec4 v000001817cd31b70_0;
    %assign/vec4 v000001817cd2fcd0_0, 0;
    %load/vec4 v000001817cd2e1f0_0;
    %assign/vec4 v000001817cd2f690_0, 0;
    %load/vec4 v000001817cd2fc30_0;
    %assign/vec4 v000001817cd2faf0_0, 0;
    %load/vec4 v000001817cd2ef10_0;
    %assign/vec4 v000001817cd2fd70_0, 0;
    %load/vec4 v000001817cd30b30_0;
    %assign/vec4 v000001817cd304f0_0, 0;
    %load/vec4 v000001817cd30e50_0;
    %assign/vec4 v000001817cd31d50_0, 0;
    %load/vec4 v000001817cd326b0_0;
    %assign/vec4 v000001817cd30450_0, 0;
    %load/vec4 v000001817cd32430_0;
    %assign/vec4 v000001817cd318f0_0, 0;
    %load/vec4 v000001817cd303b0_0;
    %assign/vec4 v000001817cd30d10_0, 0;
    %load/vec4 v000001817cd31710_0;
    %assign/vec4 v000001817cd31df0_0, 0;
    %load/vec4 v000001817cd30bd0_0;
    %assign/vec4 v000001817cd301d0_0, 0;
    %load/vec4 v000001817cd31530_0;
    %assign/vec4 v000001817cd30950_0, 0;
T_18.4 ;
T_18.3 ;
T_18.1 ;
    %jmp T_18;
    .thread T_18;
    .scope S_000001817cd39920;
T_19 ;
    %wait E_000001817cc605b0;
    %load/vec4 v000001817cd36490_0;
    %flag_set/vec4 8;
    %jmp/0xz  T_19.0, 8;
    %pushi/vec4 0, 0, 1;
    %ix/load 3, 1, 0;
    %flag_set/imm 4, 0;
    %ix/load 4, 0, 0; Constant delay
    %assign/vec4/a/d v000001817cd37250, 0, 4;
    %pushi/vec4 0, 0, 1;
    %ix/load 3, 1, 0;
    %flag_set/imm 4, 0;
    %ix/load 4, 0, 0; Constant delay
    %assign/vec4/a/d v000001817cd35450, 0, 4;
    %jmp T_19.1;
T_19.0 ;
    %ix/load 4, 0, 0;
    %flag_set/imm 4, 0;
    %load/vec4a v000001817cd368f0, 4;
    %ix/load 3, 1, 0;
    %flag_set/imm 4, 0;
    %ix/load 4, 0, 0; Constant delay
    %assign/vec4/a/d v000001817cd368f0, 0, 4;
    %ix/load 4, 0, 0;
    %flag_set/imm 4, 0;
    %load/vec4a v000001817cd37250, 4;
    %ix/load 3, 1, 0;
    %flag_set/imm 4, 0;
    %ix/load 4, 0, 0; Constant delay
    %assign/vec4/a/d v000001817cd37250, 0, 4;
    %ix/load 4, 0, 0;
    %flag_set/imm 4, 0;
    %load/vec4a v000001817cd35450, 4;
    %ix/load 3, 1, 0;
    %flag_set/imm 4, 0;
    %ix/load 4, 0, 0; Constant delay
    %assign/vec4/a/d v000001817cd35450, 0, 4;
    %ix/load 4, 0, 0;
    %flag_set/imm 4, 0;
    %load/vec4a v000001817cd36670, 4;
    %ix/load 3, 1, 0;
    %flag_set/imm 4, 0;
    %ix/load 4, 0, 0; Constant delay
    %assign/vec4/a/d v000001817cd36670, 0, 4;
    %ix/load 4, 0, 0;
    %flag_set/imm 4, 0;
    %load/vec4a v000001817cd36ad0, 4;
    %ix/load 3, 1, 0;
    %flag_set/imm 4, 0;
    %ix/load 4, 0, 0; Constant delay
    %assign/vec4/a/d v000001817cd36ad0, 0, 4;
T_19.1 ;
    %jmp T_19;
    .thread T_19;
    .scope S_000001817cd3a730;
T_20 ;
    %wait E_000001817cc605b0;
    %load/vec4 v000001817cd36490_0;
    %flag_set/vec4 8;
    %jmp/0xz  T_20.0, 8;
    %pushi/vec4 0, 0, 1;
    %ix/load 3, 2, 0;
    %flag_set/imm 4, 0;
    %ix/load 4, 0, 0; Constant delay
    %assign/vec4/a/d v000001817cd37250, 0, 4;
    %pushi/vec4 0, 0, 1;
    %ix/load 3, 2, 0;
    %flag_set/imm 4, 0;
    %ix/load 4, 0, 0; Constant delay
    %assign/vec4/a/d v000001817cd35450, 0, 4;
    %jmp T_20.1;
T_20.0 ;
    %ix/load 4, 1, 0;
    %flag_set/imm 4, 0;
    %load/vec4a v000001817cd368f0, 4;
    %ix/load 3, 2, 0;
    %flag_set/imm 4, 0;
    %ix/load 4, 0, 0; Constant delay
    %assign/vec4/a/d v000001817cd368f0, 0, 4;
    %ix/load 4, 1, 0;
    %flag_set/imm 4, 0;
    %load/vec4a v000001817cd37250, 4;
    %ix/load 3, 2, 0;
    %flag_set/imm 4, 0;
    %ix/load 4, 0, 0; Constant delay
    %assign/vec4/a/d v000001817cd37250, 0, 4;
    %ix/load 4, 1, 0;
    %flag_set/imm 4, 0;
    %load/vec4a v000001817cd35450, 4;
    %ix/load 3, 2, 0;
    %flag_set/imm 4, 0;
    %ix/load 4, 0, 0; Constant delay
    %assign/vec4/a/d v000001817cd35450, 0, 4;
    %ix/load 4, 1, 0;
    %flag_set/imm 4, 0;
    %load/vec4a v000001817cd36670, 4;
    %ix/load 3, 2, 0;
    %flag_set/imm 4, 0;
    %ix/load 4, 0, 0; Constant delay
    %assign/vec4/a/d v000001817cd36670, 0, 4;
    %ix/load 4, 1, 0;
    %flag_set/imm 4, 0;
    %load/vec4a v000001817cd36ad0, 4;
    %ix/load 3, 2, 0;
    %flag_set/imm 4, 0;
    %ix/load 4, 0, 0; Constant delay
    %assign/vec4/a/d v000001817cd36ad0, 0, 4;
T_20.1 ;
    %jmp T_20;
    .thread T_20;
    .scope S_000001817cd39dd0;
T_21 ;
    %wait E_000001817cc605b0;
    %load/vec4 v000001817cd36490_0;
    %flag_set/vec4 8;
    %jmp/0xz  T_21.0, 8;
    %pushi/vec4 0, 0, 1;
    %ix/load 3, 3, 0;
    %flag_set/imm 4, 0;
    %ix/load 4, 0, 0; Constant delay
    %assign/vec4/a/d v000001817cd37250, 0, 4;
    %pushi/vec4 0, 0, 1;
    %ix/load 3, 3, 0;
    %flag_set/imm 4, 0;
    %ix/load 4, 0, 0; Constant delay
    %assign/vec4/a/d v000001817cd35450, 0, 4;
    %jmp T_21.1;
T_21.0 ;
    %ix/load 4, 2, 0;
    %flag_set/imm 4, 0;
    %load/vec4a v000001817cd368f0, 4;
    %ix/load 3, 3, 0;
    %flag_set/imm 4, 0;
    %ix/load 4, 0, 0; Constant delay
    %assign/vec4/a/d v000001817cd368f0, 0, 4;
    %ix/load 4, 2, 0;
    %flag_set/imm 4, 0;
    %load/vec4a v000001817cd37250, 4;
    %ix/load 3, 3, 0;
    %flag_set/imm 4, 0;
    %ix/load 4, 0, 0; Constant delay
    %assign/vec4/a/d v000001817cd37250, 0, 4;
    %ix/load 4, 2, 0;
    %flag_set/imm 4, 0;
    %load/vec4a v000001817cd35450, 4;
    %ix/load 3, 3, 0;
    %flag_set/imm 4, 0;
    %ix/load 4, 0, 0; Constant delay
    %assign/vec4/a/d v000001817cd35450, 0, 4;
    %ix/load 4, 2, 0;
    %flag_set/imm 4, 0;
    %load/vec4a v000001817cd36670, 4;
    %ix/load 3, 3, 0;
    %flag_set/imm 4, 0;
    %ix/load 4, 0, 0; Constant delay
    %assign/vec4/a/d v000001817cd36670, 0, 4;
    %ix/load 4, 2, 0;
    %flag_set/imm 4, 0;
    %load/vec4a v000001817cd36ad0, 4;
    %ix/load 3, 3, 0;
    %flag_set/imm 4, 0;
    %ix/load 4, 0, 0; Constant delay
    %assign/vec4/a/d v000001817cd36ad0, 0, 4;
T_21.1 ;
    %jmp T_21;
    .thread T_21;
    .scope S_000001817cd3a5a0;
T_22 ;
    %wait E_000001817cc605b0;
    %load/vec4 v000001817cd36490_0;
    %flag_set/vec4 8;
    %jmp/0xz  T_22.0, 8;
    %pushi/vec4 0, 0, 1;
    %assign/vec4 v000001817cd365d0_0, 0;
    %jmp T_22.1;
T_22.0 ;
    %load/vec4 v000001817cd365d0_0;
    %pad/u 32;
    %cmpi/e 1, 0, 32;
    %jmp/0xz  T_22.2, 4;
    %pushi/vec4 0, 0, 1;
    %assign/vec4 v000001817cd365d0_0, 0;
    %jmp T_22.3;
T_22.2 ;
    %load/vec4 v000001817cd367b0_0;
    %nor/r;
    %load/vec4 v000001817cd36df0_0;
    %or;
    %load/vec4 v000001817cd359f0_0;
    %or;
    %flag_set/vec4 8;
    %jmp/0xz  T_22.4, 8;
    %load/vec4 v000001817cd365d0_0;
    %pad/u 2;
    %addi 1, 0, 2;
    %pad/u 1;
    %assign/vec4 v000001817cd365d0_0, 0;
T_22.4 ;
T_22.3 ;
T_22.1 ;
    %jmp T_22;
    .thread T_22;
    .scope S_000001817cd3a5a0;
T_23 ;
    %wait E_000001817cc605b0;
    %load/vec4 v000001817cd36490_0;
    %flag_set/vec4 8;
    %jmp/0xz  T_23.0, 8;
    %pushi/vec4 0, 0, 1;
    %ix/load 3, 0, 0;
    %flag_set/imm 4, 0;
    %ix/load 4, 0, 0; Constant delay
    %assign/vec4/a/d v000001817cd37250, 0, 4;
    %pushi/vec4 0, 0, 1;
    %ix/load 3, 0, 0;
    %flag_set/imm 4, 0;
    %ix/load 4, 0, 0; Constant delay
    %assign/vec4/a/d v000001817cd35450, 0, 4;
    %jmp T_23.1;
T_23.0 ;
    %load/vec4 v000001817cd35a90_0;
    %ix/load 3, 0, 0;
    %flag_set/imm 4, 0;
    %ix/load 4, 0, 0; Constant delay
    %assign/vec4/a/d v000001817cd368f0, 0, 4;
    %load/vec4 v000001817cd367b0_0;
    %load/vec4 v000001817cd36df0_0;
    %and;
    %ix/load 3, 0, 0;
    %flag_set/imm 4, 0;
    %ix/load 4, 0, 0; Constant delay
    %assign/vec4/a/d v000001817cd37250, 0, 4;
    %load/vec4 v000001817cd367b0_0;
    %load/vec4 v000001817cd359f0_0;
    %and;
    %ix/load 3, 0, 0;
    %flag_set/imm 4, 0;
    %ix/load 4, 0, 0; Constant delay
    %assign/vec4/a/d v000001817cd35450, 0, 4;
    %load/vec4 v000001817cd35d10_0;
    %ix/load 3, 0, 0;
    %flag_set/imm 4, 0;
    %ix/load 4, 0, 0; Constant delay
    %assign/vec4/a/d v000001817cd36670, 0, 4;
    %load/vec4 v000001817cd35f90_0;
    %ix/load 3, 0, 0;
    %flag_set/imm 4, 0;
    %ix/load 4, 0, 0; Constant delay
    %assign/vec4/a/d v000001817cd36ad0, 0, 4;
T_23.1 ;
    %jmp T_23;
    .thread T_23;
    .scope S_000001817cd3a5a0;
T_24 ;
    %wait E_000001817cc605b0;
    %load/vec4 v000001817cd37430_0;
    %load/vec4 v000001817cd35630_0;
    %parti/s 1, 0, 2;
    %and;
    %flag_set/vec4 8;
    %jmp/0xz  T_24.0, 8;
    %load/vec4 v000001817cd35e50_0;
    %parti/s 8, 0, 2;
    %load/vec4 v000001817cd35c70_0;
    %addi 0, 0, 32;
    %ix/vec4 3;
    %ix/load 4, 0, 0; Constant delay
    %assign/vec4/a/d v000001817cd36710, 0, 4;
T_24.0 ;
    %load/vec4 v000001817cd37430_0;
    %load/vec4 v000001817cd35630_0;
    %parti/s 1, 1, 2;
    %and;
    %flag_set/vec4 8;
    %jmp/0xz  T_24.2, 8;
    %load/vec4 v000001817cd35e50_0;
    %parti/s 8, 8, 5;
    %load/vec4 v000001817cd35c70_0;
    %addi 1, 0, 32;
    %ix/vec4 3;
    %ix/load 4, 0, 0; Constant delay
    %assign/vec4/a/d v000001817cd36710, 0, 4;
T_24.2 ;
    %load/vec4 v000001817cd37430_0;
    %load/vec4 v000001817cd35630_0;
    %parti/s 1, 2, 3;
    %and;
    %flag_set/vec4 8;
    %jmp/0xz  T_24.4, 8;
    %load/vec4 v000001817cd35e50_0;
    %parti/s 8, 16, 6;
    %load/vec4 v000001817cd35c70_0;
    %addi 2, 0, 32;
    %ix/vec4 3;
    %ix/load 4, 0, 0; Constant delay
    %assign/vec4/a/d v000001817cd36710, 0, 4;
T_24.4 ;
    %load/vec4 v000001817cd37430_0;
    %load/vec4 v000001817cd35630_0;
    %parti/s 1, 3, 3;
    %and;
    %flag_set/vec4 8;
    %jmp/0xz  T_24.6, 8;
    %load/vec4 v000001817cd35e50_0;
    %parti/s 8, 24, 6;
    %load/vec4 v000001817cd35c70_0;
    %addi 3, 0, 32;
    %ix/vec4 3;
    %ix/load 4, 0, 0; Constant delay
    %assign/vec4/a/d v000001817cd36710, 0, 4;
T_24.6 ;
    %jmp T_24;
    .thread T_24;
    .scope S_000001817cd3a410;
T_25 ;
    %wait E_000001817cc605b0;
    %load/vec4 v000001817cd32f70_0;
    %flag_set/vec4 8;
    %jmp/0xz  T_25.0, 8;
    %pushi/vec4 0, 0, 1;
    %ix/load 3, 1, 0;
    %flag_set/imm 4, 0;
    %ix/load 4, 0, 0; Constant delay
    %assign/vec4/a/d v000001817cd32b10, 0, 4;
    %pushi/vec4 0, 0, 1;
    %ix/load 3, 1, 0;
    %flag_set/imm 4, 0;
    %ix/load 4, 0, 0; Constant delay
    %assign/vec4/a/d v000001817cd32cf0, 0, 4;
    %jmp T_25.1;
T_25.0 ;
    %ix/load 4, 0, 0;
    %flag_set/imm 4, 0;
    %load/vec4a v000001817cd34c30, 4;
    %ix/load 3, 1, 0;
    %flag_set/imm 4, 0;
    %ix/load 4, 0, 0; Constant delay
    %assign/vec4/a/d v000001817cd34c30, 0, 4;
    %ix/load 4, 0, 0;
    %flag_set/imm 4, 0;
    %load/vec4a v000001817cd32b10, 4;
    %ix/load 3, 1, 0;
    %flag_set/imm 4, 0;
    %ix/load 4, 0, 0; Constant delay
    %assign/vec4/a/d v000001817cd32b10, 0, 4;
    %ix/load 4, 0, 0;
    %flag_set/imm 4, 0;
    %load/vec4a v000001817cd32cf0, 4;
    %ix/load 3, 1, 0;
    %flag_set/imm 4, 0;
    %ix/load 4, 0, 0; Constant delay
    %assign/vec4/a/d v000001817cd32cf0, 0, 4;
    %ix/load 4, 0, 0;
    %flag_set/imm 4, 0;
    %load/vec4a v000001817cd330b0, 4;
    %ix/load 3, 1, 0;
    %flag_set/imm 4, 0;
    %ix/load 4, 0, 0; Constant delay
    %assign/vec4/a/d v000001817cd330b0, 0, 4;
    %ix/load 4, 0, 0;
    %flag_set/imm 4, 0;
    %load/vec4a v000001817cd33330, 4;
    %ix/load 3, 1, 0;
    %flag_set/imm 4, 0;
    %ix/load 4, 0, 0; Constant delay
    %assign/vec4/a/d v000001817cd33330, 0, 4;
T_25.1 ;
    %jmp T_25;
    .thread T_25;
    .scope S_000001817cd39c40;
T_26 ;
    %wait E_000001817cc605b0;
    %load/vec4 v000001817cd32f70_0;
    %flag_set/vec4 8;
    %jmp/0xz  T_26.0, 8;
    %pushi/vec4 0, 0, 1;
    %ix/load 3, 2, 0;
    %flag_set/imm 4, 0;
    %ix/load 4, 0, 0; Constant delay
    %assign/vec4/a/d v000001817cd32b10, 0, 4;
    %pushi/vec4 0, 0, 1;
    %ix/load 3, 2, 0;
    %flag_set/imm 4, 0;
    %ix/load 4, 0, 0; Constant delay
    %assign/vec4/a/d v000001817cd32cf0, 0, 4;
    %jmp T_26.1;
T_26.0 ;
    %ix/load 4, 1, 0;
    %flag_set/imm 4, 0;
    %load/vec4a v000001817cd34c30, 4;
    %ix/load 3, 2, 0;
    %flag_set/imm 4, 0;
    %ix/load 4, 0, 0; Constant delay
    %assign/vec4/a/d v000001817cd34c30, 0, 4;
    %ix/load 4, 1, 0;
    %flag_set/imm 4, 0;
    %load/vec4a v000001817cd32b10, 4;
    %ix/load 3, 2, 0;
    %flag_set/imm 4, 0;
    %ix/load 4, 0, 0; Constant delay
    %assign/vec4/a/d v000001817cd32b10, 0, 4;
    %ix/load 4, 1, 0;
    %flag_set/imm 4, 0;
    %load/vec4a v000001817cd32cf0, 4;
    %ix/load 3, 2, 0;
    %flag_set/imm 4, 0;
    %ix/load 4, 0, 0; Constant delay
    %assign/vec4/a/d v000001817cd32cf0, 0, 4;
    %ix/load 4, 1, 0;
    %flag_set/imm 4, 0;
    %load/vec4a v000001817cd330b0, 4;
    %ix/load 3, 2, 0;
    %flag_set/imm 4, 0;
    %ix/load 4, 0, 0; Constant delay
    %assign/vec4/a/d v000001817cd330b0, 0, 4;
    %ix/load 4, 1, 0;
    %flag_set/imm 4, 0;
    %load/vec4a v000001817cd33330, 4;
    %ix/load 3, 2, 0;
    %flag_set/imm 4, 0;
    %ix/load 4, 0, 0; Constant delay
    %assign/vec4/a/d v000001817cd33330, 0, 4;
T_26.1 ;
    %jmp T_26;
    .thread T_26;
    .scope S_000001817cd3a0f0;
T_27 ;
    %wait E_000001817cc605b0;
    %load/vec4 v000001817cd32f70_0;
    %flag_set/vec4 8;
    %jmp/0xz  T_27.0, 8;
    %pushi/vec4 0, 0, 1;
    %ix/load 3, 3, 0;
    %flag_set/imm 4, 0;
    %ix/load 4, 0, 0; Constant delay
    %assign/vec4/a/d v000001817cd32b10, 0, 4;
    %pushi/vec4 0, 0, 1;
    %ix/load 3, 3, 0;
    %flag_set/imm 4, 0;
    %ix/load 4, 0, 0; Constant delay
    %assign/vec4/a/d v000001817cd32cf0, 0, 4;
    %jmp T_27.1;
T_27.0 ;
    %ix/load 4, 2, 0;
    %flag_set/imm 4, 0;
    %load/vec4a v000001817cd34c30, 4;
    %ix/load 3, 3, 0;
    %flag_set/imm 4, 0;
    %ix/load 4, 0, 0; Constant delay
    %assign/vec4/a/d v000001817cd34c30, 0, 4;
    %ix/load 4, 2, 0;
    %flag_set/imm 4, 0;
    %load/vec4a v000001817cd32b10, 4;
    %ix/load 3, 3, 0;
    %flag_set/imm 4, 0;
    %ix/load 4, 0, 0; Constant delay
    %assign/vec4/a/d v000001817cd32b10, 0, 4;
    %ix/load 4, 2, 0;
    %flag_set/imm 4, 0;
    %load/vec4a v000001817cd32cf0, 4;
    %ix/load 3, 3, 0;
    %flag_set/imm 4, 0;
    %ix/load 4, 0, 0; Constant delay
    %assign/vec4/a/d v000001817cd32cf0, 0, 4;
    %ix/load 4, 2, 0;
    %flag_set/imm 4, 0;
    %load/vec4a v000001817cd330b0, 4;
    %ix/load 3, 3, 0;
    %flag_set/imm 4, 0;
    %ix/load 4, 0, 0; Constant delay
    %assign/vec4/a/d v000001817cd330b0, 0, 4;
    %ix/load 4, 2, 0;
    %flag_set/imm 4, 0;
    %load/vec4a v000001817cd33330, 4;
    %ix/load 3, 3, 0;
    %flag_set/imm 4, 0;
    %ix/load 4, 0, 0; Constant delay
    %assign/vec4/a/d v000001817cd33330, 0, 4;
T_27.1 ;
    %jmp T_27;
    .thread T_27;
    .scope S_000001817cabd150;
T_28 ;
    %wait E_000001817cc605b0;
    %load/vec4 v000001817cd32f70_0;
    %flag_set/vec4 8;
    %jmp/0xz  T_28.0, 8;
    %pushi/vec4 0, 0, 1;
    %assign/vec4 v000001817cd35090_0, 0;
    %jmp T_28.1;
T_28.0 ;
    %load/vec4 v000001817cd35090_0;
    %pad/u 32;
    %cmpi/e 1, 0, 32;
    %jmp/0xz  T_28.2, 4;
    %pushi/vec4 0, 0, 1;
    %assign/vec4 v000001817cd35090_0, 0;
    %jmp T_28.3;
T_28.2 ;
    %load/vec4 v000001817cd33fb0_0;
    %nor/r;
    %load/vec4 v000001817cd34550_0;
    %or;
    %load/vec4 v000001817cd33010_0;
    %or;
    %flag_set/vec4 8;
    %jmp/0xz  T_28.4, 8;
    %load/vec4 v000001817cd35090_0;
    %pad/u 2;
    %addi 1, 0, 2;
    %pad/u 1;
    %assign/vec4 v000001817cd35090_0, 0;
T_28.4 ;
T_28.3 ;
T_28.1 ;
    %jmp T_28;
    .thread T_28;
    .scope S_000001817cabd150;
T_29 ;
    %wait E_000001817cc605b0;
    %load/vec4 v000001817cd32f70_0;
    %flag_set/vec4 8;
    %jmp/0xz  T_29.0, 8;
    %pushi/vec4 0, 0, 1;
    %ix/load 3, 0, 0;
    %flag_set/imm 4, 0;
    %ix/load 4, 0, 0; Constant delay
    %assign/vec4/a/d v000001817cd32b10, 0, 4;
    %pushi/vec4 0, 0, 1;
    %ix/load 3, 0, 0;
    %flag_set/imm 4, 0;
    %ix/load 4, 0, 0; Constant delay
    %assign/vec4/a/d v000001817cd32cf0, 0, 4;
    %jmp T_29.1;
T_29.0 ;
    %load/vec4 v000001817cd33a10_0;
    %ix/load 3, 0, 0;
    %flag_set/imm 4, 0;
    %ix/load 4, 0, 0; Constant delay
    %assign/vec4/a/d v000001817cd34c30, 0, 4;
    %load/vec4 v000001817cd33fb0_0;
    %load/vec4 v000001817cd34550_0;
    %and;
    %ix/load 3, 0, 0;
    %flag_set/imm 4, 0;
    %ix/load 4, 0, 0; Constant delay
    %assign/vec4/a/d v000001817cd32b10, 0, 4;
    %load/vec4 v000001817cd33fb0_0;
    %load/vec4 v000001817cd33010_0;
    %and;
    %ix/load 3, 0, 0;
    %flag_set/imm 4, 0;
    %ix/load 4, 0, 0; Constant delay
    %assign/vec4/a/d v000001817cd32cf0, 0, 4;
    %load/vec4 v000001817cd34410_0;
    %ix/load 3, 0, 0;
    %flag_set/imm 4, 0;
    %ix/load 4, 0, 0; Constant delay
    %assign/vec4/a/d v000001817cd330b0, 0, 4;
    %load/vec4 v000001817cd33ab0_0;
    %ix/load 3, 0, 0;
    %flag_set/imm 4, 0;
    %ix/load 4, 0, 0; Constant delay
    %assign/vec4/a/d v000001817cd33330, 0, 4;
T_29.1 ;
    %jmp T_29;
    .thread T_29;
    .scope S_000001817cabd150;
T_30 ;
    %wait E_000001817cc605b0;
    %load/vec4 v000001817cd34230_0;
    %load/vec4 v000001817cd345f0_0;
    %parti/s 1, 0, 2;
    %and;
    %flag_set/vec4 8;
    %jmp/0xz  T_30.0, 8;
    %load/vec4 v000001817cd34cd0_0;
    %parti/s 8, 0, 2;
    %load/vec4 v000001817cd33830_0;
    %addi 0, 0, 32;
    %ix/vec4 3;
    %ix/load 4, 0, 0; Constant delay
    %assign/vec4/a/d v000001817cd32930, 0, 4;
T_30.0 ;
    %load/vec4 v000001817cd34230_0;
    %load/vec4 v000001817cd345f0_0;
    %parti/s 1, 1, 2;
    %and;
    %flag_set/vec4 8;
    %jmp/0xz  T_30.2, 8;
    %load/vec4 v000001817cd34cd0_0;
    %parti/s 8, 8, 5;
    %load/vec4 v000001817cd33830_0;
    %addi 1, 0, 32;
    %ix/vec4 3;
    %ix/load 4, 0, 0; Constant delay
    %assign/vec4/a/d v000001817cd32930, 0, 4;
T_30.2 ;
    %load/vec4 v000001817cd34230_0;
    %load/vec4 v000001817cd345f0_0;
    %parti/s 1, 2, 3;
    %and;
    %flag_set/vec4 8;
    %jmp/0xz  T_30.4, 8;
    %load/vec4 v000001817cd34cd0_0;
    %parti/s 8, 16, 6;
    %load/vec4 v000001817cd33830_0;
    %addi 2, 0, 32;
    %ix/vec4 3;
    %ix/load 4, 0, 0; Constant delay
    %assign/vec4/a/d v000001817cd32930, 0, 4;
T_30.4 ;
    %load/vec4 v000001817cd34230_0;
    %load/vec4 v000001817cd345f0_0;
    %parti/s 1, 3, 3;
    %and;
    %flag_set/vec4 8;
    %jmp/0xz  T_30.6, 8;
    %load/vec4 v000001817cd34cd0_0;
    %parti/s 8, 24, 6;
    %load/vec4 v000001817cd33830_0;
    %addi 3, 0, 32;
    %ix/vec4 3;
    %ix/load 4, 0, 0; Constant delay
    %assign/vec4/a/d v000001817cd32930, 0, 4;
T_30.6 ;
    %jmp T_30;
    .thread T_30;
    .scope S_000001817cca24a0;
T_31 ;
    %pushi/vec4 1, 0, 1;
    %store/vec4 v000001817cd35b30_0, 0, 1;
    %pushi/vec4 0, 0, 1;
    %store/vec4 v000001817cd37f70_0, 0, 1;
    %vpi_call 2 125 "$display", "Loading program." {0 0 0};
    %pushi/vec4 0, 0, 32;
    %store/vec4 v000001817cd37750_0, 0, 32;
T_31.0 ;
    %load/vec4 v000001817cd37750_0;
    %cmpi/s 1024, 0, 32;
    %jmp/0xz T_31.1, 5;
    %pushi/vec4 0, 0, 8;
    %ix/getv/s 4, v000001817cd37750_0;
    %store/vec4a v000001817cd36710, 4, 0;
    %pushi/vec4 0, 0, 8;
    %ix/getv/s 4, v000001817cd37750_0;
    %store/vec4a v000001817cd32930, 4, 0;
    %load/vec4 v000001817cd37750_0;
    %addi 1, 0, 32;
    %store/vec4 v000001817cd37750_0, 0, 32;
    %jmp T_31.0;
T_31.1 ;
    %vpi_call 2 130 "$readmemh", "program.mem", v000001817cd36710 {0 0 0};
    %vpi_call 2 133 "$display", "Resetting hart." {0 0 0};
    %wait E_000001817cc60bf0;
    %pushi/vec4 1, 0, 1;
    %store/vec4 v000001817cd37f70_0, 0, 1;
    %wait E_000001817cc60bf0;
    %wait E_000001817cc60bf0;
    %wait E_000001817cc60bf0;
    %pushi/vec4 0, 0, 1;
    %store/vec4 v000001817cd37f70_0, 0, 1;
    %vpi_call 2 139 "$display", "%-10s %-8s %-14s %-14s %s", "PC", "Inst", "rs1", "rs2", "[rd, load, store]" {0 0 0};
    %pushi/vec4 0, 0, 32;
    %store/vec4 v000001817cd35ef0_0, 0, 32;
    %pushi/vec4 1, 0, 32;
    %store/vec4 v000001817cd38290_0, 0, 32;
    %pushi/vec4 0, 0, 32;
    %store/vec4 v000001817cd35590_0, 0, 32;
T_31.2 ;
    %load/vec4 v000001817cd38290_0;
    %or/r;
    %flag_set/vec4 8;
    %jmp/0xz T_31.3, 8;
    %wait E_000001817cc605b0;
    %load/vec4 v000001817cd35ef0_0;
    %addi 1, 0, 32;
    %store/vec4 v000001817cd35ef0_0, 0, 32;
    %load/vec4 v000001817cd38470_0;
    %flag_set/vec4 8;
    %jmp/0xz  T_31.4, 8;
    %load/vec4 v000001817cd35590_0;
    %addi 1, 0, 32;
    %store/vec4 v000001817cd35590_0, 0, 32;
    %load/vec4 v000001817cd35310_0;
    %parti/s 4, 0, 2;
    %cmpi/e 7, 0, 4;
    %jmp/1 T_31.9, 4;
    %flag_mov 8, 4;
    %load/vec4 v000001817cd35310_0;
    %parti/s 7, 0, 2;
    %cmpi/e 115, 0, 7;
    %flag_or 4, 8;
T_31.9;
    %jmp/1 T_31.8, 4;
    %flag_mov 8, 4;
    %load/vec4 v000001817cd35310_0;
    %parti/s 7, 0, 2;
    %cmpi/e 111, 0, 7;
    %flag_or 4, 8;
T_31.8;
    %jmp/0xz  T_31.6, 4;
    %vpi_call 2 152 "$write", "[%08h] %08h r[--]=-------- r[--]=--------", v000001817cd35770_0, v000001817cd35310_0 {0 0 0};
    %jmp T_31.7;
T_31.6 ;
    %load/vec4 v000001817cd35310_0;
    %parti/s 7, 0, 2;
    %cmpi/e 19, 0, 7;
    %jmp/1 T_31.13, 4;
    %flag_mov 8, 4;
    %load/vec4 v000001817cd35310_0;
    %parti/s 7, 0, 2;
    %cmpi/e 3, 0, 7;
    %flag_or 4, 8;
T_31.13;
    %jmp/1 T_31.12, 4;
    %flag_mov 8, 4;
    %load/vec4 v000001817cd35310_0;
    %parti/s 7, 0, 2;
    %cmpi/e 103, 0, 7;
    %flag_or 4, 8;
T_31.12;
    %jmp/0xz  T_31.10, 4;
    %vpi_call 2 155 "$write", "[%08h] %08h r[%d]=%08h r[--]=--------", v000001817cd35770_0, v000001817cd35310_0, v000001817cd380b0_0, v000001817cd37930_0 {0 0 0};
    %jmp T_31.11;
T_31.10 ;
    %vpi_call 2 157 "$write", "[%08h] %08h r[%d]=%08h r[%d]=%08h", v000001817cd35770_0, v000001817cd35310_0, v000001817cd380b0_0, v000001817cd37930_0, v000001817cd37e30_0, v000001817cd379d0_0 {0 0 0};
T_31.11 ;
T_31.7 ;
    %load/vec4 v000001817cd35810_0;
    %cmpi/ne 0, 0, 5;
    %jmp/0xz  T_31.14, 4;
    %vpi_call 2 161 "$write", " w[%d]=%08h", v000001817cd35810_0, v000001817cd381f0_0 {0 0 0};
T_31.14 ;
    %load/vec4 v000001817cd38010_0;
    %flag_set/vec4 8;
    %jmp/0xz  T_31.16, 8;
    %vpi_call 2 164 "$write", " l[%08h,%04b]=%08h", v000001817cd37c50_0, v000001817cd37d90_0, v000001817cd37ed0_0 {0 0 0};
T_31.16 ;
    %load/vec4 v000001817cd383d0_0;
    %flag_set/vec4 8;
    %jmp/0xz  T_31.18, 8;
    %vpi_call 2 166 "$write", " s[%08h,%04b]=%08h", v000001817cd37c50_0, v000001817cd37d90_0, v000001817cd38330_0 {0 0 0};
T_31.18 ;
    %load/vec4 v000001817cd38150_0;
    %flag_set/vec4 8;
    %jmp/0xz  T_31.20, 8;
    %vpi_call 2 169 "$write", " TRAP" {0 0 0};
T_31.20 ;
    %vpi_call 2 170 "$display" {0 0 0};
    %load/vec4 v000001817cd37070_0;
    %flag_set/vec4 8;
    %jmp/0xz  T_31.22, 8;
    %pushi/vec4 0, 0, 32;
    %store/vec4 v000001817cd38290_0, 0, 32;
T_31.22 ;
T_31.4 ;
    %load/vec4 v000001817cd35ef0_0;
    %cmpi/s 40000, 0, 32;
    %flag_or 5, 4; GT is !LE
    %flag_inv 5;
    %jmp/0xz  T_31.24, 5;
    %vpi_call 2 177 "$display", "Program did not halt after 40000 cycles, aborting." {0 0 0};
    %pushi/vec4 0, 0, 32;
    %store/vec4 v000001817cd38290_0, 0, 32;
T_31.24 ;
    %jmp T_31.2;
T_31.3 ;
    %vpi_call 2 182 "$display", "Program halted after %d cycles.", v000001817cd35ef0_0 {0 0 0};
    %vpi_call 2 183 "$display", "Total instructions retired: %d", v000001817cd35590_0 {0 0 0};
    %load/vec4 v000001817cd35590_0;
    %cmpi/e 0, 0, 32;
    %jmp/0xz  T_31.26, 4;
    %vpi_call 2 185 "$display", "CPI: invalid (no instructions retired)" {0 0 0};
    %jmp T_31.27;
T_31.26 ;
    %load/vec4 v000001817cd35ef0_0;
    %cvt/rv/s;
    %pushi/real 1073741824, 4066; load=1.00000
    %load/vec4 v000001817cd35590_0;
    %cvt/rv/s;
    %mul/wr;
    %div/wr;
    %vpi_call 2 187 "$display", "CPI: %f", W<0,r> {0 1 0};
T_31.27 ;
    %vpi_call 2 188 "$finish" {0 0 0};
    %end;
    .thread T_31;
    .scope S_000001817cca24a0;
T_32 ;
    %pushi/vec4 0, 0, 32;
    %store/vec4 v000001817cd37a70_0, 0, 32;
T_32.0 ;
    %load/vec4 v000001817cd37a70_0;
    %cmpi/s 40000, 0, 32;
    %jmp/0xz T_32.1, 5;
    %wait E_000001817cc605b0;
    %load/vec4 v000001817cd37a70_0;
    %addi 1, 0, 32;
    %store/vec4 v000001817cd37a70_0, 0, 32;
    %jmp T_32.0;
T_32.1 ;
    %vpi_call 2 197 "$finish" {0 0 0};
    %end;
    .thread T_32;
    .scope S_000001817cca24a0;
T_33 ;
    %delay 5000, 0;
    %load/vec4 v000001817cd35b30_0;
    %inv;
    %store/vec4 v000001817cd35b30_0, 0, 1;
    %jmp T_33;
    .thread T_33;
# The file index is used to find the file name in the following table.
:file_names 14;
    "N/A";
    "<interactive>";
    "tb\tb.v";
    "rtl\hart.v";
    "rtl\cache.v";
    "rtl\decode.v";
    "lib\imm.v";
    "lib\rf.v";
    "rtl\execute.v";
    "lib\alu.v";
    "lib\alu_control_unit.v";
    "rtl\memory.v";
    "rtl\writeback.v";
    "rtl\tb_memory.v";
