#! /c/Source/iverilog-install/bin/vvp
:ivl_version "12.0 (devel)" "(s20150603-1539-g2693dd32b)";
:ivl_delay_selection "TYPICAL";
:vpi_time_precision - 12;
:vpi_module "D:\iverilog\lib\ivl\system.vpi";
:vpi_module "D:\iverilog\lib\ivl\vhdl_sys.vpi";
:vpi_module "D:\iverilog\lib\ivl\vhdl_textio.vpi";
:vpi_module "D:\iverilog\lib\ivl\v2005_math.vpi";
:vpi_module "D:\iverilog\lib\ivl\va_math.vpi";
S_0000026159540f40 .scope module, "hart_tb" "hart_tb" 2 2;
 .timescale -9 -12;
P_000002615951ebb0 .param/l "DEBUG" 0 2 3, +C4<00000000000000000000000000000000>;
L_00000261597370d0 .functor BUFZ 1, L_0000026159737f40, C4<0>, C4<0>, C4<0>;
v000002615965b600_0 .var "clk", 0 0;
v000002615965b880_0 .var/i "cycles", 31 0;
v0000026159659120_0 .net "dmem_addr", 31 0, L_0000026159735cb0;  1 drivers
v00000261596591c0_0 .net "dmem_mask", 3 0, L_00000261596d6e00;  1 drivers
v000002615965d9a0_0 .net "dmem_rdata", 31 0, L_0000026159737450;  1 drivers
v000002615965be20_0 .net "dmem_ready", 0 0, L_00000261597384f0;  1 drivers
v000002615965bce0_0 .net "dmem_ren", 0 0, L_0000026159736b20;  1 drivers
v000002615965e080_0 .net "dmem_rvalid", 0 0, L_0000026159737f40;  1 drivers
v000002615965bd80_0 .net "dmem_valid", 0 0, L_00000261597370d0;  1 drivers
v000002615965d040_0 .net "dmem_wdata", 31 0, L_00000261597367a0;  1 drivers
v000002615965c460_0 .net "dmem_wdone", 0 0, L_0000026159738020;  1 drivers
v000002615965c5a0_0 .net "dmem_wen", 0 0, L_0000026159735150;  1 drivers
v000002615965da40_0 .net "halt", 0 0, L_0000026159735c40;  1 drivers
v000002615965cb40_0 .var/i "i", 31 0;
v000002615965c000_0 .net "imem_raddr", 31 0, L_000002615970e430;  1 drivers
v000002615965dae0_0 .net "imem_rdata", 31 0, L_0000026159737df0;  1 drivers
v000002615965db80_0 .net "imem_ready", 0 0, L_0000026159736ff0;  1 drivers
v000002615965c960_0 .net "imem_ren", 0 0, L_000002615970dc50;  1 drivers
v000002615965c6e0_0 .net "imem_valid", 0 0, L_0000026159737ca0;  1 drivers
v000002615965c280_0 .net "inst", 31 0, L_0000026159735230;  1 drivers
v000002615965bf60_0 .net "next_pc", 31 0, L_00000261597366c0;  1 drivers
v000002615965c3c0_0 .var/i "num_instructions", 31 0;
v000002615965df40_0 .net "pc", 31 0, L_0000026159736650;  1 drivers
v000002615965c1e0_0 .net "rd_waddr", 4 0, L_00000261596d7800;  1 drivers
v000002615965cc80_0 .net "rd_wdata", 31 0, L_00000261597359a0;  1 drivers
v000002615965d720_0 .net "retire_dmem_addr", 31 0, L_0000026159736260;  1 drivers
v000002615965c320_0 .net "retire_dmem_mask", 3 0, L_0000026159736110;  1 drivers
v000002615965c0a0_0 .net "retire_dmem_rdata", 31 0, L_0000026159736420;  1 drivers
v000002615965cf00_0 .net "retire_dmem_ren", 0 0, L_00000261597360a0;  1 drivers
v000002615965c500_0 .net "retire_dmem_wdata", 31 0, L_00000261597363b0;  1 drivers
v000002615965d180_0 .net "retire_dmem_wen", 0 0, L_0000026159736730;  1 drivers
v000002615965dc20_0 .net "rs1_raddr", 4 0, L_0000026159735460;  1 drivers
v000002615965c640_0 .net "rs1_rdata", 31 0, L_0000026159735fc0;  1 drivers
v000002615965d4a0_0 .net "rs2_raddr", 4 0, L_0000026159735930;  1 drivers
v000002615965cd20_0 .net "rs2_rdata", 31 0, L_0000026159735620;  1 drivers
v000002615965ce60_0 .var "rst", 0 0;
v000002615965cfa0_0 .var/i "run", 31 0;
v000002615965bec0_0 .net "trap", 0 0, L_0000026159735380;  1 drivers
v000002615965b9c0_0 .net "valid", 0 0, L_00000261597368f0;  1 drivers
v000002615965cbe0_0 .var/i "watchdog", 31 0;
E_00000261595208b0 .event negedge, v00000261596059b0_0;
S_00000261595b4470 .scope module, "dut" "hart" 2 34, 3 3 0, S_0000026159540f40;
 .timescale -9 -12;
    .port_info 0 /INPUT 1 "i_clk";
    .port_info 1 /INPUT 1 "i_rst";
    .port_info 2 /INPUT 1 "i_imem_ready";
    .port_info 3 /OUTPUT 32 "o_imem_raddr";
    .port_info 4 /OUTPUT 1 "o_imem_ren";
    .port_info 5 /INPUT 1 "i_imem_valid";
    .port_info 6 /INPUT 32 "i_imem_rdata";
    .port_info 7 /INPUT 1 "i_dmem_ready";
    .port_info 8 /OUTPUT 32 "o_dmem_addr";
    .port_info 9 /OUTPUT 1 "o_dmem_ren";
    .port_info 10 /OUTPUT 1 "o_dmem_wen";
    .port_info 11 /OUTPUT 32 "o_dmem_wdata";
    .port_info 12 /OUTPUT 4 "o_dmem_mask";
    .port_info 13 /INPUT 1 "i_dmem_valid";
    .port_info 14 /INPUT 32 "i_dmem_rdata";
    .port_info 15 /OUTPUT 1 "o_retire_valid";
    .port_info 16 /OUTPUT 32 "o_retire_inst";
    .port_info 17 /OUTPUT 1 "o_retire_trap";
    .port_info 18 /OUTPUT 1 "o_retire_halt";
    .port_info 19 /OUTPUT 5 "o_retire_rs1_raddr";
    .port_info 20 /OUTPUT 5 "o_retire_rs2_raddr";
    .port_info 21 /OUTPUT 32 "o_retire_rs1_rdata";
    .port_info 22 /OUTPUT 32 "o_retire_rs2_rdata";
    .port_info 23 /OUTPUT 5 "o_retire_rd_waddr";
    .port_info 24 /OUTPUT 32 "o_retire_rd_wdata";
    .port_info 25 /OUTPUT 32 "o_retire_dmem_addr";
    .port_info 26 /OUTPUT 4 "o_retire_dmem_mask";
    .port_info 27 /OUTPUT 1 "o_retire_dmem_ren";
    .port_info 28 /OUTPUT 1 "o_retire_dmem_wen";
    .port_info 29 /OUTPUT 32 "o_retire_dmem_rdata";
    .port_info 30 /OUTPUT 32 "o_retire_dmem_wdata";
    .port_info 31 /OUTPUT 32 "o_retire_pc";
    .port_info 32 /OUTPUT 32 "o_retire_next_pc";
P_000002615927f970 .param/l "BP_SETS" 1 3 190, +C4<00000000000000000000000010000000>;
P_000002615927f9a8 .param/l "BP_SET_W" 1 3 189, +C4<00000000000000000000000000000111>;
P_000002615927f9e0 .param/l "BP_TAG_W" 1 3 191, +C4<00000000000000000000000000010111>;
P_000002615927fa18 .param/l "BP_WAYS" 1 3 188, +C4<00000000000000000000000000000010>;
P_000002615927fa50 .param/l "PHT_ENTRIES" 1 3 209, +C4<000000000000000000000000000000010000000000>;
P_000002615927fa88 .param/l "PHT_INDEX_W" 1 3 208, +C4<00000000000000000000000000001010>;
P_000002615927fac0 .param/l "RAS_DEPTH" 1 3 218, +C4<00000000000000000000000000001000>;
P_000002615927faf8 .param/l "RESET_ADDR" 0 3 6, C4<00000000000000000000000000000000>;
L_000002615970c910 .functor BUFZ 32, v00000261596785c0_0, C4<00000000000000000000000000000000>, C4<00000000000000000000000000000000>, C4<00000000000000000000000000000000>;
L_000002615970bdb0 .functor BUFZ 32, L_00000261596df000, C4<00000000000000000000000000000000>, C4<00000000000000000000000000000000>, C4<00000000000000000000000000000000>;
L_000002615970b1e0 .functor AND 1, L_00000261596e8ba0, L_00000261596e9640, C4<1>, C4<1>;
L_000002615970b170 .functor AND 1, L_00000261596e8a60, L_00000261596e8740, C4<1>, C4<1>;
L_000002615970bb80 .functor OR 1, L_000002615970b1e0, L_000002615970b170, C4<0>, C4<0>;
L_000002615970bf00 .functor BUFZ 1, L_000002615970b170, C4<0>, C4<0>, C4<0>;
L_000002615970b790 .functor XOR 10, L_00000261596eb300, v0000026159666820_0, C4<0000000000>, C4<0000000000>;
L_000002615970b800 .functor NOT 1, L_00000261594daaf0, C4<0>, C4<0>, C4<0>;
L_000002615970b330 .functor AND 1, L_000002615970e350, L_000002615970b800, C4<1>, C4<1>;
L_000002615970b9c0 .functor NOT 1, L_000002615970bb80, C4<0>, C4<0>, C4<0>;
L_000002615970c210 .functor AND 1, L_000002615970b9c0, L_000002615970b330, C4<1>, C4<1>;
L_000002615970c280 .functor AND 1, L_00000261596eba80, L_00000261596ea360, C4<1>, C4<1>;
L_000002615970c4b0 .functor OR 1, L_00000261596ebbc0, L_000002615970c280, C4<0>, C4<0>;
L_000002615970c2f0 .functor AND 1, L_000002615970c210, L_000002615970c4b0, C4<1>, C4<1>;
L_000002615970b250 .functor OR 1, L_000002615970b330, L_000002615970e200, C4<0>, C4<0>;
L_000002615970ba30 .functor AND 1, L_000002615970b250, L_00000261596ebbc0, C4<1>, C4<1>;
L_000002615970c6e0 .functor OR 1, L_00000261596eb080, L_00000261596eb1c0, C4<0>, C4<0>;
L_000002615970bbf0 .functor AND 1, L_000002615970ba30, L_000002615970c6e0, C4<1>, C4<1>;
L_000002615970c750 .functor AND 1, L_000002615970b250, L_00000261596ebd00, C4<1>, C4<1>;
L_000002615970c360 .functor OR 1, L_00000261596eb440, L_00000261596eb760, C4<0>, C4<0>;
L_000002615970c590 .functor AND 1, L_000002615970c750, L_000002615970c360, C4<1>, C4<1>;
L_000002615970c7c0 .functor OR 1, L_00000261596ea680, L_00000261596eb580, C4<0>, C4<0>;
L_000002615970c830 .functor AND 1, L_000002615970c590, L_000002615970c7c0, C4<1>, C4<1>;
L_000002615970c8a0 .functor BUFZ 32, L_00000261596ebb20, C4<00000000000000000000000000000000>, C4<00000000000000000000000000000000>, C4<00000000000000000000000000000000>;
L_000002615970aed0 .functor OR 1, L_00000261596ebbc0, L_00000261596ebd00, C4<0>, C4<0>;
L_000002615970dfd0 .functor AND 1, L_000002615970b250, L_000002615970aed0, C4<1>, C4<1>;
L_000002615970e660 .functor AND 1, L_000002615970b250, L_00000261596eba80, C4<1>, C4<1>;
L_000002615970cad0 .functor AND 1, L_000002615970c830, v0000026159678ac0_0, C4<1>, C4<1>;
L_000002615970d860 .functor OR 1, L_000002615970cad0, L_00000261596ebda0, C4<0>, C4<0>;
L_000002615970d390 .functor AND 1, L_000002615970c830, v0000026159678ac0_0, C4<1>, C4<1>;
L_000002615970e120 .functor BUFZ 32, L_00000261596e9e60, C4<00000000000000000000000000000000>, C4<00000000000000000000000000000000>, C4<00000000000000000000000000000000>;
L_000002615970d160 .functor NOT 1, L_000002615973a1d0, C4<0>, C4<0>, C4<0>;
L_000002615970da90 .functor AND 1, v000002615966fe20_0, L_000002615970d160, C4<1>, C4<1>;
L_000002615970e580 .functor NOT 1, L_00000261597355b0, C4<0>, C4<0>, C4<0>;
L_000002615970cc20 .functor AND 1, L_000002615970da90, L_000002615970e580, C4<1>, C4<1>;
L_000002615970e040 .functor NOT 1, L_00000261597344a0, C4<0>, C4<0>, C4<0>;
L_000002615970cd00 .functor AND 1, L_000002615970cc20, L_000002615970e040, C4<1>, C4<1>;
L_000002615970da20 .functor NOT 1, v000002615966fe20_0, C4<0>, C4<0>, C4<0>;
L_000002615970d7f0 .functor OR 1, L_000002615970da20, L_000002615970cd00, C4<0>, C4<0>;
L_000002615970e190 .functor NOT 1, v000002615966b5a0_0, C4<0>, C4<0>, C4<0>;
L_000002615970e2e0 .functor NOT 1, v0000026159674740_0, C4<0>, C4<0>, C4<0>;
L_000002615970d8d0 .functor AND 1, L_000002615970e190, L_000002615970e2e0, C4<1>, C4<1>;
L_000002615970ce50 .functor AND 1, L_000002615970d8d0, L_000002615970d7f0, C4<1>, C4<1>;
L_000002615970d780 .functor NOT 1, L_00000261597344a0, C4<0>, C4<0>, C4<0>;
L_000002615970e350 .functor AND 1, L_000002615970ce50, L_000002615970d780, C4<1>, C4<1>;
L_000002615970d5c0 .functor NOT 1, L_00000261594daaf0, C4<0>, C4<0>, C4<0>;
L_000002615970e200 .functor AND 1, v0000026159674740_0, L_000002615970d5c0, C4<1>, C4<1>;
L_000002615970d940 .functor NOT 1, L_00000261594daaf0, C4<0>, C4<0>, C4<0>;
L_000002615970cd70 .functor AND 1, L_000002615970e350, L_000002615970d940, C4<1>, C4<1>;
L_000002615970d470 .functor NOT 1, v0000026159672620_0, C4<0>, C4<0>, C4<0>;
L_000002615970cec0 .functor AND 1, L_000002615970e200, L_000002615970d470, C4<1>, C4<1>;
L_000002615970d6a0 .functor NOT 1, L_00000261597344a0, C4<0>, C4<0>, C4<0>;
L_000002615970de10 .functor AND 1, L_000002615970cec0, L_000002615970d6a0, C4<1>, C4<1>;
L_000002615970d4e0 .functor OR 1, L_000002615970cd70, L_000002615970de10, C4<0>, C4<0>;
L_000002615970d240 .functor NOT 1, v00000261596724e0_0, C4<0>, C4<0>, C4<0>;
L_000002615970cf30 .functor AND 1, v0000026159674740_0, L_000002615970d240, C4<1>, C4<1>;
L_000002615970d400 .functor AND 1, L_00000261596eb9e0, L_00000261596ee460, C4<1>, C4<1>;
L_000002615970d550 .functor OR 1, L_00000261596eacc0, L_000002615970d400, C4<0>, C4<0>;
L_000002615970de80 .functor AND 1, L_000002615970cf30, L_000002615970d550, C4<1>, C4<1>;
L_000002615970def0 .functor OR 1, v00000261596724e0_0, L_000002615970de80, C4<0>, C4<0>;
L_000002615970db00 .functor AND 1, L_000002615970d4e0, v0000026159674740_0, C4<1>, C4<1>;
L_000002615970cb40 .functor AND 1, L_000002615970db00, L_000002615970de80, C4<1>, C4<1>;
L_000002615970df60 .functor AND 1, L_000002615970d4e0, L_000002615970bbf0, C4<1>, C4<1>;
L_000002615970d630 .functor NOT 1, L_00000261597344a0, C4<0>, C4<0>, C4<0>;
L_000002615970dda0 .functor AND 1, L_000002615970df60, L_000002615970d630, C4<1>, C4<1>;
L_000002615970e3c0 .functor AND 1, L_000002615970d4e0, L_000002615970c830, C4<1>, C4<1>;
L_000002615970cde0 .functor NOT 1, L_00000261597344a0, C4<0>, C4<0>, C4<0>;
L_000002615970e270 .functor AND 1, L_000002615970e3c0, L_000002615970cde0, C4<1>, C4<1>;
L_000002615970cfa0 .functor AND 1, L_000002615970e270, v0000026159678ac0_0, C4<1>, C4<1>;
L_000002615970e430 .functor BUFZ 32, L_00000261596de240, C4<00000000000000000000000000000000>, C4<00000000000000000000000000000000>, C4<00000000000000000000000000000000>;
L_000002615970dc50 .functor BUFZ 1, L_00000261594d9900, C4<0>, C4<0>, C4<0>;
L_000002615970e5f0 .functor BUFZ 1, L_000002615970d4e0, C4<0>, C4<0>, C4<0>;
L_000002615970d010 .functor BUFZ 32, L_00000261596ebe40, C4<00000000000000000000000000000000>, C4<00000000000000000000000000000000>, C4<00000000000000000000000000000000>;
L_000002615970d9b0 .functor BUFZ 32, L_000002615970bdb0, C4<00000000000000000000000000000000>, C4<00000000000000000000000000000000>, C4<00000000000000000000000000000000>;
L_000002615970d710 .functor BUFZ 1, L_00000261596ee280, C4<0>, C4<0>, C4<0>;
L_000002615970db70 .functor BUFZ 32, L_00000261596ed4c0, C4<00000000000000000000000000000000>, C4<00000000000000000000000000000000>, C4<00000000000000000000000000000000>;
L_000002615970e4a0 .functor BUFZ 10, L_000002615970b790, C4<0000000000>, C4<0000000000>, C4<0000000000>;
L_00000261597087e0 .functor OR 1, L_00000261596ef4a0, L_00000261596f01c0, C4<0>, C4<0>;
L_0000026159707d60 .functor OR 1, L_00000261597087e0, L_00000261596f0440, C4<0>, C4<0>;
L_0000026159708850 .functor OR 1, L_0000026159707d60, L_00000261596ee960, C4<0>, C4<0>;
L_00000261597076d0 .functor OR 1, L_0000026159708850, L_00000261596efd60, C4<0>, C4<0>;
L_0000026159708380 .functor OR 1, L_00000261597076d0, L_00000261596f0940, C4<0>, C4<0>;
L_0000026159708cb0 .functor OR 1, L_00000261596ef0e0, L_00000261596f09e0, C4<0>, C4<0>;
L_0000026159709180 .functor OR 1, L_0000026159708cb0, L_00000261596eec80, C4<0>, C4<0>;
L_00000261597091f0 .functor OR 1, L_00000261596efb80, L_00000261596ef540, C4<0>, C4<0>;
L_0000026159708f50 .functor BUFZ 32, v0000026159670140_0, C4<00000000000000000000000000000000>, C4<00000000000000000000000000000000>, C4<00000000000000000000000000000000>;
L_00000261597083f0 .functor BUFZ 32, v0000026159670820_0, C4<00000000000000000000000000000000>, C4<00000000000000000000000000000000>, C4<00000000000000000000000000000000>;
L_0000026159708fc0 .functor AND 1, v000002615966c540_0, v0000026159669520_0, C4<1>, C4<1>;
L_0000026159708ee0 .functor NOT 1, v00000261596681c0_0, C4<0>, C4<0>, C4<0>;
L_00000261597084d0 .functor AND 1, L_0000026159708fc0, L_0000026159708ee0, C4<1>, C4<1>;
L_0000026159708540 .functor AND 1, L_00000261597084d0, L_00000261596eebe0, C4<1>, C4<1>;
L_0000026159708070 .functor AND 1, L_0000026159708540, L_00000261596f0300, C4<1>, C4<1>;
L_0000026159708af0 .functor AND 1, v000002615966c540_0, v0000026159669520_0, C4<1>, C4<1>;
L_0000026159708a80 .functor NOT 1, v00000261596681c0_0, C4<0>, C4<0>, C4<0>;
L_0000026159707900 .functor AND 1, L_0000026159708af0, L_0000026159708a80, C4<1>, C4<1>;
L_00000261597080e0 .functor AND 1, L_0000026159707900, L_00000261596eff40, C4<1>, C4<1>;
L_0000026159708d90 .functor AND 1, L_00000261597080e0, L_00000261596eee60, C4<1>, C4<1>;
L_0000026159707e40 .functor AND 1, v0000026159676fe0_0, v0000026159674ce0_0, C4<1>, C4<1>;
L_0000026159707cf0 .functor NOT 1, L_0000026159708070, C4<0>, C4<0>, C4<0>;
L_0000026159708700 .functor AND 1, L_0000026159707e40, L_0000026159707cf0, C4<1>, C4<1>;
L_00000261597089a0 .functor AND 1, L_0000026159708700, L_00000261596f04e0, C4<1>, C4<1>;
L_0000026159707f20 .functor AND 1, L_00000261597089a0, L_00000261596ef720, C4<1>, C4<1>;
L_0000026159709030 .functor AND 1, v0000026159676fe0_0, v0000026159674ce0_0, C4<1>, C4<1>;
L_00000261597085b0 .functor NOT 1, L_0000026159708d90, C4<0>, C4<0>, C4<0>;
L_0000026159708a10 .functor AND 1, L_0000026159709030, L_00000261597085b0, C4<1>, C4<1>;
L_0000026159707f90 .functor AND 1, L_0000026159708a10, L_00000261596eef00, C4<1>, C4<1>;
L_0000026159708e00 .functor AND 1, L_0000026159707f90, L_00000261596ef2c0, C4<1>, C4<1>;
L_0000026159708d20 .functor AND 1, v000002615966dd00_0, v000002615966f100_0, C4<1>, C4<1>;
L_00000261597088c0 .functor AND 1, v000002615966dd00_0, v000002615966db20_0, C4<1>, C4<1>;
L_0000026159708690 .functor NOT 1, v000002615966f380_0, C4<0>, C4<0>, C4<0>;
L_0000026159707890 .functor AND 1, L_00000261597088c0, L_0000026159708690, C4<1>, C4<1>;
L_0000026159707970 .functor AND 1, L_0000026159707890, L_00000261596f0760, C4<1>, C4<1>;
L_0000026159708000 .functor AND 1, L_0000026159707970, L_00000261596f0580, C4<1>, C4<1>;
L_0000026159708770 .functor AND 1, L_0000026159707890, L_00000261596ef040, C4<1>, C4<1>;
L_0000026159708b60 .functor AND 1, L_0000026159708770, L_00000261596efea0, C4<1>, C4<1>;
L_0000026159708150 .functor AND 1, L_0000026159708d20, L_00000261596f06c0, C4<1>, C4<1>;
L_0000026159708bd0 .functor AND 1, L_0000026159708150, L_00000261596f08a0, C4<1>, C4<1>;
L_0000026159708c40 .functor AND 1, L_0000026159708d20, L_00000261596f1980, C4<1>, C4<1>;
L_0000026159708e70 .functor AND 1, L_0000026159708c40, L_00000261596f1a20, C4<1>, C4<1>;
L_00000261597090a0 .functor AND 1, v000002615966fe20_0, L_00000261596efcc0, C4<1>, C4<1>;
L_00000261597079e0 .functor AND 1, L_0000026159708380, L_0000026159708bd0, C4<1>, C4<1>;
L_0000026159709110 .functor AND 1, L_00000261597091f0, L_0000026159708e70, C4<1>, C4<1>;
L_0000026159707a50 .functor OR 1, L_00000261597079e0, L_0000026159709110, C4<0>, C4<0>;
L_0000026159707b30 .functor AND 1, L_00000261597090a0, L_0000026159707a50, C4<1>, C4<1>;
L_0000026159709260 .functor XOR 1, L_00000261596f2c40, L_00000261596f1ac0, C4<0>, C4<0>;
L_0000026159708230 .functor NOT 1, L_0000026159707b30, C4<0>, C4<0>, C4<0>;
L_0000026159707ba0 .functor AND 1, v000002615966fe20_0, L_0000026159708230, C4<1>, C4<1>;
L_0000026159708310 .functor NOT 1, L_00000261597355b0, C4<0>, C4<0>, C4<0>;
L_0000026159707740 .functor AND 1, L_0000026159707ba0, L_0000026159708310, C4<1>, C4<1>;
L_00000261597077b0 .functor AND 1, L_0000026159707740, L_00000261596efcc0, C4<1>, C4<1>;
L_0000026159707820 .functor NOT 1, L_00000261596f2100, C4<0>, C4<0>, C4<0>;
L_0000026159707c10 .functor NOT 1, L_00000261596f1200, C4<0>, C4<0>, C4<0>;
L_00000261597081c0 .functor NOT 1, L_00000261596f2560, C4<0>, C4<0>, C4<0>;
L_0000026159707c80 .functor AND 1, L_00000261597077b0, L_00000261596f1700, C4<1>, C4<1>;
L_0000026159707eb0 .functor NOT 1, L_00000261597355b0, C4<0>, C4<0>, C4<0>;
L_00000261597082a0 .functor AND 1, v000002615966fe20_0, L_0000026159707eb0, C4<1>, C4<1>;
L_000002615970e9e0 .functor AND 1, L_00000261597082a0, L_00000261596eeaa0, C4<1>, C4<1>;
L_0000026159738950 .functor OR 1, L_0000026159707c80, L_000002615970e9e0, C4<0>, C4<0>;
L_000002615973a160 .functor AND 1, L_0000026159738950, L_00000261596f1d40, C4<1>, C4<1>;
L_0000026159739360 .functor NOT 1, L_0000026159707b30, C4<0>, C4<0>, C4<0>;
L_0000026159738cd0 .functor AND 1, v000002615966fe20_0, L_0000026159739360, C4<1>, C4<1>;
L_0000026159739b40 .functor NOT 1, L_00000261597355b0, C4<0>, C4<0>, C4<0>;
L_00000261597399f0 .functor AND 1, L_0000026159738cd0, L_0000026159739b40, C4<1>, C4<1>;
L_00000261597393d0 .functor OR 1, L_00000261596efcc0, L_00000261596eeaa0, C4<0>, C4<0>;
L_0000026159739130 .functor AND 1, L_00000261597399f0, L_00000261597393d0, C4<1>, C4<1>;
L_0000026159739520 .functor NOT 1, L_000002615973a160, C4<0>, C4<0>, C4<0>;
L_0000026159738e20 .functor AND 1, L_0000026159739130, L_0000026159739520, C4<1>, C4<1>;
L_0000026159739440 .functor AND 1, L_0000026159738e20, L_00000261596f2060, C4<1>, C4<1>;
L_0000026159681e48 .functor BUFT 1, C4<0>, C4<0>, C4<0>, C4<0>;
L_0000026159681e90 .functor BUFT 1, C4<0>, C4<0>, C4<0>, C4<0>;
L_0000026159738fe0 .functor OR 1, L_0000026159681e48, L_0000026159681e90, C4<0>, C4<0>;
L_0000026159681ed8 .functor BUFT 1, C4<0>, C4<0>, C4<0>, C4<0>;
L_00000261597391a0 .functor OR 1, L_0000026159738fe0, L_0000026159681ed8, C4<0>, C4<0>;
L_000002615973a1d0 .functor OR 1, L_00000261597391a0, L_0000026159707b30, C4<0>, C4<0>;
L_0000026159739750 .functor BUFZ 1, v000002615966fe20_0, C4<0>, C4<0>, C4<0>;
L_00000261597389c0 .functor BUFZ 32, v0000026159670140_0, C4<00000000000000000000000000000000>, C4<00000000000000000000000000000000>, C4<00000000000000000000000000000000>;
L_0000026159738f00 .functor BUFZ 32, v0000026159670820_0, C4<00000000000000000000000000000000>, C4<00000000000000000000000000000000>, C4<00000000000000000000000000000000>;
L_0000026159738d40 .functor BUFZ 32, v00000261596706e0_0, C4<00000000000000000000000000000000>, C4<00000000000000000000000000000000>, C4<00000000000000000000000000000000>;
L_0000026159739de0 .functor BUFZ 5, L_00000261596edec0, C4<00000>, C4<00000>, C4<00000>;
L_0000026159738db0 .functor BUFZ 5, L_00000261596ee640, C4<00000>, C4<00000>, C4<00000>;
L_000002615973a240 .functor BUFZ 5, L_00000261596ec8e0, C4<00000>, C4<00000>, C4<00000>;
L_0000026159739fa0 .functor BUFZ 32, L_00000261596ecde0, C4<00000000000000000000000000000000>, C4<00000000000000000000000000000000>, C4<00000000000000000000000000000000>;
L_0000026159738aa0 .functor BUFZ 32, L_00000261596ee000, C4<00000000000000000000000000000000>, C4<00000000000000000000000000000000>, C4<00000000000000000000000000000000>;
L_0000026159739ad0 .functor BUFZ 32, L_00000261596eeb40, C4<00000000000000000000000000000000>, C4<00000000000000000000000000000000>, C4<00000000000000000000000000000000>;
L_0000026159738b10 .functor BUFZ 1, L_000002615970e7b0, C4<0>, C4<0>, C4<0>;
L_0000026159739910 .functor BUFZ 1, L_000002615970e820, C4<0>, C4<0>, C4<0>;
L_0000026159739050 .functor BUFZ 3, L_00000261596ed9c0, C4<000>, C4<000>, C4<000>;
L_000002615973a470 .functor BUFZ 1, L_000002615970ecf0, C4<0>, C4<0>, C4<0>;
L_0000026159738b80 .functor BUFZ 1, L_000002615970ed60, C4<0>, C4<0>, C4<0>;
L_0000026159739d70 .functor BUFZ 1, L_000002615970e6d0, C4<0>, C4<0>, C4<0>;
L_000002615973a2b0 .functor BUFZ 1, L_000002615970f4d0, C4<0>, C4<0>, C4<0>;
L_0000026159738bf0 .functor BUFZ 1, L_000002615970f0e0, C4<0>, C4<0>, C4<0>;
L_0000026159739a60 .functor BUFZ 1, L_000002615970f1c0, C4<0>, C4<0>, C4<0>;
L_0000026159739e50 .functor BUFZ 1, L_000002615970f540, C4<0>, C4<0>, C4<0>;
L_000002615973a320 .functor BUFZ 1, L_000002615970f310, C4<0>, C4<0>, C4<0>;
L_0000026159739830 .functor BUFZ 1, L_000002615970eeb0, C4<0>, C4<0>, C4<0>;
L_000002615973a400 .functor BUFZ 1, L_000002615970cc90, C4<0>, C4<0>, C4<0>;
L_0000026159739980 .functor BUFZ 1, v000002615966fd80_0, C4<0>, C4<0>, C4<0>;
L_0000026159739c90 .functor BUFZ 32, v0000026159670be0_0, C4<00000000000000000000000000000000>, C4<00000000000000000000000000000000>, C4<00000000000000000000000000000000>;
L_00000261597397c0 .functor BUFZ 10, v000002615966fce0_0, C4<0000000000>, C4<0000000000>, C4<0000000000>;
L_000002615973a390 .functor BUFZ 32, L_00000261596d5c80, C4<00000000000000000000000000000000>, C4<00000000000000000000000000000000>, C4<00000000000000000000000000000000>;
L_00000261597394b0 .functor AND 1, v000002615966c540_0, v000002615966a100_0, C4<1>, C4<1>;
L_0000026159738e90 .functor NOT 1, L_00000261597361f0, C4<0>, C4<0>, C4<0>;
L_0000026159739bb0 .functor AND 1, L_00000261597394b0, L_0000026159738e90, C4<1>, C4<1>;
L_00000261597390c0 .functor OR 1, v0000026159668940_0, L_0000026159735ee0, C4<0>, C4<0>;
L_0000026159739ec0 .functor AND 1, L_0000026159739bb0, L_00000261597390c0, C4<1>, C4<1>;
L_000002615973a4e0 .functor NOT 1, L_000002615970b100, C4<0>, C4<0>, C4<0>;
L_0000026159739210 .functor AND 1, L_0000026159739ec0, L_000002615973a4e0, C4<1>, C4<1>;
L_0000026159738f70 .functor AND 1, v000002615966dd00_0, v000002615966c540_0, C4<1>, C4<1>;
L_0000026159739c20 .functor AND 1, L_0000026159738f70, v0000026159669520_0, C4<1>, C4<1>;
L_0000026159739590 .functor NOT 1, v00000261596681c0_0, C4<0>, C4<0>, C4<0>;
L_0000026159739f30 .functor AND 1, L_0000026159739c20, L_0000026159739590, C4<1>, C4<1>;
L_0000026159738a30 .functor AND 1, L_0000026159739f30, L_00000261596f24c0, C4<1>, C4<1>;
L_0000026159739d00 .functor AND 1, L_0000026159738a30, L_00000261596f2600, C4<1>, C4<1>;
L_0000026159739600 .functor AND 1, v000002615966dd00_0, v000002615966c540_0, C4<1>, C4<1>;
L_00000261597396e0 .functor AND 1, L_0000026159739600, v0000026159669520_0, C4<1>, C4<1>;
L_0000026159739280 .functor NOT 1, v00000261596681c0_0, C4<0>, C4<0>, C4<0>;
L_00000261597392f0 .functor AND 1, L_00000261597396e0, L_0000026159739280, C4<1>, C4<1>;
L_000002615973a010 .functor AND 1, L_00000261597392f0, L_00000261596f2ec0, C4<1>, C4<1>;
L_0000026159739670 .functor AND 1, L_000002615973a010, L_00000261596f2880, C4<1>, C4<1>;
L_00000261597398a0 .functor AND 1, v000002615966dd00_0, L_0000026159739210, C4<1>, C4<1>;
L_000002615973a080 .functor AND 1, L_00000261597398a0, v0000026159669520_0, C4<1>, C4<1>;
L_000002615973a0f0 .functor AND 1, L_000002615973a080, v00000261596681c0_0, C4<1>, C4<1>;
L_0000026159738c60 .functor AND 1, L_000002615973a0f0, L_00000261596f2920, C4<1>, C4<1>;
L_000002615973a860 .functor AND 1, L_0000026159738c60, L_00000261596f29c0, C4<1>, C4<1>;
L_000002615973b270 .functor AND 1, v000002615966dd00_0, L_0000026159739210, C4<1>, C4<1>;
L_000002615973ab00 .functor AND 1, L_000002615973b270, v0000026159669520_0, C4<1>, C4<1>;
L_000002615973aa90 .functor AND 1, L_000002615973ab00, v00000261596681c0_0, C4<1>, C4<1>;
L_000002615973ac50 .functor AND 1, L_000002615973aa90, L_00000261596f2a60, C4<1>, C4<1>;
L_000002615973a630 .functor AND 1, L_000002615973ac50, L_00000261596f2b00, C4<1>, C4<1>;
L_000002615973a6a0 .functor AND 1, v000002615966dd00_0, v0000026159676fe0_0, C4<1>, C4<1>;
L_000002615973b040 .functor AND 1, L_000002615973a6a0, v0000026159674ce0_0, C4<1>, C4<1>;
L_000002615973b2e0 .functor AND 1, L_000002615973b040, L_00000261596f2f60, C4<1>, C4<1>;
L_000002615973b350 .functor NOT 1, L_0000026159739d00, C4<0>, C4<0>, C4<0>;
L_000002615973ad30 .functor AND 1, L_000002615973b2e0, L_000002615973b350, C4<1>, C4<1>;
L_000002615973ab70 .functor NOT 1, L_000002615973a860, C4<0>, C4<0>, C4<0>;
L_000002615973a710 .functor AND 1, L_000002615973ad30, L_000002615973ab70, C4<1>, C4<1>;
L_000002615973a9b0 .functor AND 1, L_000002615973a710, L_00000261596f12a0, C4<1>, C4<1>;
L_000002615973aa20 .functor AND 1, v000002615966dd00_0, v0000026159676fe0_0, C4<1>, C4<1>;
L_000002615973ae80 .functor AND 1, L_000002615973aa20, v0000026159674ce0_0, C4<1>, C4<1>;
L_000002615973aef0 .functor AND 1, L_000002615973ae80, L_00000261596f1340, C4<1>, C4<1>;
L_000002615973b430 .functor NOT 1, L_0000026159739670, C4<0>, C4<0>, C4<0>;
L_000002615973af60 .functor AND 1, L_000002615973aef0, L_000002615973b430, C4<1>, C4<1>;
L_000002615973afd0 .functor NOT 1, L_000002615973a630, C4<0>, C4<0>, C4<0>;
L_000002615973ae10 .functor AND 1, L_000002615973af60, L_000002615973afd0, C4<1>, C4<1>;
L_000002615973abe0 .functor AND 1, L_000002615973ae10, L_00000261596f13e0, C4<1>, C4<1>;
L_000002615973ada0 .functor BUFZ 32, L_00000261596d5820, C4<00000000000000000000000000000000>, C4<00000000000000000000000000000000>, C4<00000000000000000000000000000000>;
L_000002615973a5c0 .functor NOT 1, L_00000261597355b0, C4<0>, C4<0>, C4<0>;
L_0000026159734f90 .functor AND 1, v000002615966dd00_0, L_000002615973a5c0, C4<1>, C4<1>;
L_0000026159733d30 .functor AND 1, L_0000026159734f90, v000002615966c400_0, C4<1>, C4<1>;
L_0000026159734d60 .functor NOT 1, L_00000261596d55a0, C4<0>, C4<0>, C4<0>;
L_00000261597340b0 .functor NOT 1, L_000002615973b3c0, C4<0>, C4<0>, C4<0>;
L_00000261597350e0 .functor NOT 1, L_000002615973b3c0, C4<0>, C4<0>, C4<0>;
L_00000261597336a0 .functor AND 1, L_0000026159733d30, L_00000261596d37a0, C4<1>, C4<1>;
L_0000026159733550 .functor NOT 1, L_00000261597355b0, C4<0>, C4<0>, C4<0>;
L_00000261597342e0 .functor AND 1, v000002615966dd00_0, L_0000026159733550, C4<1>, C4<1>;
L_0000026159734e40 .functor AND 1, L_00000261597342e0, v000002615966f600_0, C4<1>, C4<1>;
L_00000261597349e0 .functor OR 1, L_00000261597336a0, L_0000026159734e40, C4<0>, C4<0>;
L_0000026159733fd0 .functor AND 1, L_00000261597349e0, L_00000261596d3b60, C4<1>, C4<1>;
L_00000261597343c0 .functor NOT 1, L_0000026159733fd0, C4<0>, C4<0>, C4<0>;
L_00000261597347b0 .functor AND 1, L_00000261597349e0, L_00000261597343c0, C4<1>, C4<1>;
L_0000026159735000 .functor NOT 1, L_00000261597355b0, C4<0>, C4<0>, C4<0>;
L_0000026159733b70 .functor AND 1, v000002615966dd00_0, L_0000026159735000, C4<1>, C4<1>;
L_0000026159734970 .functor NOT 1, L_0000026159733fd0, C4<0>, C4<0>, C4<0>;
L_0000026159734dd0 .functor AND 1, L_0000026159733b70, L_0000026159734970, C4<1>, C4<1>;
L_00000261597344a0 .functor AND 1, L_0000026159734dd0, L_00000261596d3840, C4<1>, C4<1>;
L_0000026159734040 .functor NOT 1, L_00000261597355b0, C4<0>, C4<0>, C4<0>;
L_0000026159733ef0 .functor AND 1, v000002615966dd00_0, L_0000026159734040, C4<1>, C4<1>;
L_00000261597345f0 .functor OR 1, v000002615966c400_0, v000002615966f600_0, C4<0>, C4<0>;
L_0000026159735070 .functor AND 1, L_0000026159733ef0, L_00000261597345f0, C4<1>, C4<1>;
L_0000026159734a50 .functor NOT 1, v000002615966bbe0_0, C4<0>, C4<0>, C4<0>;
L_00000261597335c0 .functor AND 1, L_0000026159735070, L_0000026159734a50, C4<1>, C4<1>;
L_0000026159734eb0 .functor NOT 1, v000002615966bb40_0, C4<0>, C4<0>, C4<0>;
L_0000026159733f60 .functor AND 1, L_00000261597335c0, L_0000026159734eb0, C4<1>, C4<1>;
L_0000026159734f20 .functor NOT 1, L_0000026159733fd0, C4<0>, C4<0>, C4<0>;
L_0000026159733630 .functor AND 1, L_0000026159733f60, L_0000026159734f20, C4<1>, C4<1>;
L_0000026159733e10 .functor AND 1, L_00000261596d4100, L_00000261596d4ec0, C4<1>, C4<1>;
L_0000026159733710 .functor AND 1, L_00000261596d4f60, L_00000261596d3160, C4<1>, C4<1>;
L_0000026159734510 .functor NOT 1, L_00000261596d3200, C4<0>, C4<0>, C4<0>;
L_0000026159734350 .functor NOT 1, L_00000261596d33e0, C4<0>, C4<0>, C4<0>;
L_0000026159734120 .functor BUFZ 1, v000002615966dd00_0, C4<0>, C4<0>, C4<0>;
L_00000261597337f0 .functor BUFZ 32, v000002615966ef20_0, C4<00000000000000000000000000000000>, C4<00000000000000000000000000000000>, C4<00000000000000000000000000000000>;
L_0000026159733e80 .functor BUFZ 32, v000002615966d940_0, C4<00000000000000000000000000000000>, C4<00000000000000000000000000000000>, C4<00000000000000000000000000000000>;
L_0000026159733be0 .functor BUFZ 32, L_00000261596d3f20, C4<00000000000000000000000000000000>, C4<00000000000000000000000000000000>, C4<00000000000000000000000000000000>;
L_0000026159734ac0 .functor BUFZ 32, v000002615966ede0_0, C4<00000000000000000000000000000000>, C4<00000000000000000000000000000000>, C4<00000000000000000000000000000000>;
L_0000026159733c50 .functor BUFZ 5, v000002615966d3a0_0, C4<00000>, C4<00000>, C4<00000>;
L_00000261597339b0 .functor BUFZ 5, v000002615966d120_0, C4<00000>, C4<00000>, C4<00000>;
L_0000026159733780 .functor BUFZ 5, v000002615966d260_0, C4<00000>, C4<00000>, C4<00000>;
L_0000026159734190 .functor BUFZ 32, L_00000261596d4060, C4<00000000000000000000000000000000>, C4<00000000000000000000000000000000>, C4<00000000000000000000000000000000>;
L_0000026159734430 .functor BUFZ 32, L_00000261596d5820, C4<00000000000000000000000000000000>, C4<00000000000000000000000000000000>, C4<00000000000000000000000000000000>;
L_00000261597346d0 .functor BUFZ 32, v000002615966f7e0_0, C4<00000000000000000000000000000000>, C4<00000000000000000000000000000000>, C4<00000000000000000000000000000000>;
L_0000026159733860 .functor BUFZ 32, v000002615962e520_0, C4<00000000000000000000000000000000>, C4<00000000000000000000000000000000>, C4<00000000000000000000000000000000>;
L_00000261597338d0 .functor BUFZ 32, L_000002615973ada0, C4<00000000000000000000000000000000>, C4<00000000000000000000000000000000>, C4<00000000000000000000000000000000>;
L_0000026159734580 .functor BUFZ 3, v000002615966c860_0, C4<000>, C4<000>, C4<000>;
L_0000026159733940 .functor BUFZ 1, v000002615966d1c0_0, C4<0>, C4<0>, C4<0>;
L_0000026159734200 .functor BUFZ 1, v000002615966f100_0, C4<0>, C4<0>, C4<0>;
L_0000026159734b30 .functor BUFZ 1, v000002615966f380_0, C4<0>, C4<0>, C4<0>;
L_0000026159734270 .functor BUFZ 1, v000002615966dda0_0, C4<0>, C4<0>, C4<0>;
L_0000026159733a20 .functor BUFZ 1, v000002615966f600_0, C4<0>, C4<0>, C4<0>;
L_0000026159734c10 .functor BUFZ 1, v000002615966db20_0, C4<0>, C4<0>, C4<0>;
L_0000026159734660 .functor BUFZ 1, v000002615966bbe0_0, C4<0>, C4<0>, C4<0>;
L_0000026159734740 .functor BUFZ 1, L_0000026159733fd0, C4<0>, C4<0>, C4<0>;
L_0000026159734820 .functor BUFZ 1, v000002615966bb40_0, C4<0>, C4<0>, C4<0>;
L_0000026159733a90 .functor AND 1, v000002615966c540_0, v000002615966a100_0, C4<1>, C4<1>;
L_0000026159734890 .functor AND 1, v000002615966c540_0, v0000026159668a80_0, C4<1>, C4<1>;
L_0000026159734ba0 .functor AND 1, v0000026159676fe0_0, v0000026159676860_0, C4<1>, C4<1>;
L_0000026159734900 .functor AND 1, L_0000026159734ba0, v000002615966c540_0, C4<1>, C4<1>;
L_0000026159734c80 .functor AND 1, L_0000026159734900, v0000026159668a80_0, C4<1>, C4<1>;
L_0000026159734cf0 .functor AND 1, L_0000026159734c80, L_00000261596d6cc0, C4<1>, C4<1>;
L_0000026159733b00 .functor AND 1, L_0000026159734cf0, L_00000261596d76c0, C4<1>, C4<1>;
L_0000026159735310 .functor OR 1, v000002615966a100_0, v0000026159668a80_0, C4<0>, C4<0>;
L_0000026159736570 .functor AND 1, v000002615966c540_0, L_0000026159735310, C4<1>, C4<1>;
L_0000026159735850 .functor NOT 1, L_00000261597361f0, C4<0>, C4<0>, C4<0>;
L_0000026159735700 .functor AND 1, L_0000026159736570, L_0000026159735850, C4<1>, C4<1>;
L_00000261597369d0 .functor NOT 1, v0000026159668940_0, C4<0>, C4<0>, C4<0>;
L_0000026159735ee0 .functor AND 1, L_0000026159735700, L_00000261597369d0, C4<1>, C4<1>;
L_0000026159736810 .functor AND 1, v000002615966c540_0, v000002615966a100_0, C4<1>, C4<1>;
L_0000026159736960 .functor NOT 1, L_00000261597361f0, C4<0>, C4<0>, C4<0>;
L_0000026159735f50 .functor AND 1, L_0000026159736810, L_0000026159736960, C4<1>, C4<1>;
L_0000026159735540 .functor OR 1, v0000026159668940_0, L_0000026159735ee0, C4<0>, C4<0>;
L_0000026159736b90 .functor AND 1, L_0000026159735f50, L_0000026159735540, C4<1>, C4<1>;
L_0000026159736a40 .functor NOT 1, L_000002615970b100, C4<0>, C4<0>, C4<0>;
L_0000026159735b60 .functor AND 1, L_0000026159736b90, L_0000026159736a40, C4<1>, C4<1>;
L_0000026159736ab0 .functor NOT 1, L_0000026159735700, C4<0>, C4<0>, C4<0>;
L_0000026159736880 .functor NOT 1, L_000002615970b100, C4<0>, C4<0>, C4<0>;
L_0000026159736500 .functor OR 1, L_0000026159736ab0, L_0000026159736880, C4<0>, C4<0>;
L_0000026159735bd0 .functor AND 1, v000002615966c540_0, L_0000026159736500, C4<1>, C4<1>;
L_00000261597358c0 .functor NOT 1, L_0000026159735bd0, C4<0>, C4<0>, C4<0>;
L_00000261597355b0 .functor AND 1, v000002615966c540_0, L_00000261597358c0, C4<1>, C4<1>;
L_0000026159736030 .functor AND 1, L_0000026159735e70, L_0000026159735ee0, C4<1>, C4<1>;
L_00000261597365e0 .functor AND 1, L_0000026159735af0, L_0000026159735ee0, C4<1>, C4<1>;
L_0000026159735690 .functor BUFZ 1, L_0000026159736030, C4<0>, C4<0>, C4<0>;
L_0000026159736340 .functor BUFZ 1, L_00000261597365e0, C4<0>, C4<0>, C4<0>;
L_0000026159735cb0 .functor BUFZ 32, L_00000261596e7840, C4<00000000000000000000000000000000>, C4<00000000000000000000000000000000>, C4<00000000000000000000000000000000>;
L_0000026159736c70 .functor OR 1, L_000002615970bfe0, L_000002615970b2c0, C4<0>, C4<0>;
L_00000261597367a0 .functor BUFZ 32, L_00000261596e7e80, C4<00000000000000000000000000000000>, C4<00000000000000000000000000000000>, C4<00000000000000000000000000000000>;
L_0000026159736b20 .functor BUFZ 1, L_000002615970bfe0, C4<0>, C4<0>, C4<0>;
L_0000026159735150 .functor BUFZ 1, L_000002615970b2c0, C4<0>, C4<0>, C4<0>;
L_0000026159735d90 .functor BUFZ 1, L_0000026159735bd0, C4<0>, C4<0>, C4<0>;
L_0000026159736c00 .functor OR 1, v0000026159675d20_0, v00000261596767c0_0, C4<0>, C4<0>;
L_00000261597353f0 .functor OR 1, L_0000026159736c00, v0000026159675140_0, C4<0>, C4<0>;
L_0000026159736490 .functor AND 1, v0000026159676fe0_0, v0000026159674ce0_0, C4<1>, C4<1>;
L_00000261597351c0 .functor NOT 1, L_00000261597353f0, C4<0>, C4<0>, C4<0>;
L_0000026159735a80 .functor AND 1, L_0000026159736490, L_00000261597351c0, C4<1>, C4<1>;
L_0000026159735e00 .functor AND 1, v0000026159676fe0_0, v0000026159674c40_0, C4<1>, C4<1>;
L_00000261597368f0 .functor BUFZ 1, v0000026159676fe0_0, C4<0>, C4<0>, C4<0>;
L_0000026159735230 .functor BUFZ 32, v0000026159676720_0, C4<00000000000000000000000000000000>, C4<00000000000000000000000000000000>, C4<00000000000000000000000000000000>;
L_0000026159735380 .functor AND 1, v0000026159676fe0_0, L_00000261597353f0, C4<1>, C4<1>;
L_0000026159735c40 .functor BUFZ 1, L_0000026159735e00, C4<0>, C4<0>, C4<0>;
L_0000026159735460 .functor BUFZ 5, v0000026159676e00_0, C4<00000>, C4<00000>, C4<00000>;
L_0000026159735930 .functor BUFZ 5, v0000026159676900_0, C4<00000>, C4<00000>, C4<00000>;
L_0000026159735fc0 .functor BUFZ 32, v0000026159676a40_0, C4<00000000000000000000000000000000>, C4<00000000000000000000000000000000>, C4<00000000000000000000000000000000>;
L_0000026159735620 .functor BUFZ 32, v0000026159675960_0, C4<00000000000000000000000000000000>, C4<00000000000000000000000000000000>, C4<00000000000000000000000000000000>;
L_00000261597359a0 .functor BUFZ 32, L_00000261596d5c80, C4<00000000000000000000000000000000>, C4<00000000000000000000000000000000>, C4<00000000000000000000000000000000>;
L_0000026159736260 .functor BUFZ 32, v0000026159674420_0, C4<00000000000000000000000000000000>, C4<00000000000000000000000000000000>, C4<00000000000000000000000000000000>;
L_00000261597360a0 .functor BUFZ 1, v0000026159674380_0, C4<0>, C4<0>, C4<0>;
L_0000026159736730 .functor BUFZ 1, v0000026159676360_0, C4<0>, C4<0>, C4<0>;
L_0000026159736110 .functor BUFZ 4, v00000261596742e0_0, C4<0000>, C4<0000>, C4<0000>;
L_00000261597363b0 .functor BUFZ 32, v00000261596721c0_0, C4<00000000000000000000000000000000>, C4<00000000000000000000000000000000>, C4<00000000000000000000000000000000>;
L_0000026159736420 .functor BUFZ 32, v0000026159673fc0_0, C4<00000000000000000000000000000000>, C4<00000000000000000000000000000000>, C4<00000000000000000000000000000000>;
L_0000026159736650 .functor BUFZ 32, v0000026159676180_0, C4<00000000000000000000000000000000>, C4<00000000000000000000000000000000>, C4<00000000000000000000000000000000>;
L_00000261597366c0 .functor BUFZ 32, v00000261596753c0_0, C4<00000000000000000000000000000000>, C4<00000000000000000000000000000000>, C4<00000000000000000000000000000000>;
L_0000026159682430 .functor BUFT 1, C4<11>, C4<0>, C4<0>, C4<0>;
v000002615964d0d0_0 .net/2u *"_ivl_1000", 1 0, L_0000026159682430;  1 drivers
v000002615964dd50_0 .net *"_ivl_1002", 0 0, L_00000261596d44c0;  1 drivers
L_0000026159682478 .functor BUFT 1, C4<11>, C4<0>, C4<0>, C4<0>;
v000002615964f330_0 .net/2u *"_ivl_1006", 1 0, L_0000026159682478;  1 drivers
v000002615964e750_0 .net *"_ivl_1008", 0 0, L_00000261596d3ca0;  1 drivers
v000002615964d170_0 .net *"_ivl_101", 6 0, L_00000261596eb260;  1 drivers
v000002615964ddf0_0 .net *"_ivl_1016", 31 0, L_00000261596d5640;  1 drivers
v000002615964f470_0 .net *"_ivl_1018", 31 0, L_00000261596d35c0;  1 drivers
L_0000026159680660 .functor BUFT 1, C4<1101111>, C4<0>, C4<0>, C4<0>;
v000002615964de90_0 .net/2u *"_ivl_102", 6 0, L_0000026159680660;  1 drivers
v000002615964f3d0_0 .net *"_ivl_1023", 30 0, L_00000261596d4600;  1 drivers
L_00000261596824c0 .functor BUFT 1, C4<0>, C4<0>, C4<0>, C4<0>;
v000002615964f510_0 .net/2u *"_ivl_1024", 0 0, L_00000261596824c0;  1 drivers
v000002615964d210_0 .net *"_ivl_1026", 31 0, L_00000261596d56e0;  1 drivers
v000002615964d2b0_0 .net *"_ivl_1032", 0 0, L_000002615973a5c0;  1 drivers
v000002615964d350_0 .net *"_ivl_1034", 0 0, L_0000026159734f90;  1 drivers
v000002615964d3f0_0 .net *"_ivl_1036", 0 0, L_0000026159733d30;  1 drivers
L_0000026159682508 .functor BUFT 1, C4<000>, C4<0>, C4<0>, C4<0>;
v000002615964d710_0 .net/2u *"_ivl_1038", 2 0, L_0000026159682508;  1 drivers
v000002615964df30_0 .net *"_ivl_1040", 0 0, L_00000261596d4380;  1 drivers
L_0000026159682550 .functor BUFT 1, C4<001>, C4<0>, C4<0>, C4<0>;
v000002615964d7b0_0 .net/2u *"_ivl_1042", 2 0, L_0000026159682550;  1 drivers
v000002615964dfd0_0 .net *"_ivl_1044", 0 0, L_00000261596d5280;  1 drivers
v000002615964e070_0 .net *"_ivl_1046", 0 0, L_0000026159734d60;  1 drivers
L_0000026159682598 .functor BUFT 1, C4<100>, C4<0>, C4<0>, C4<0>;
v000002615964e250_0 .net/2u *"_ivl_1048", 2 0, L_0000026159682598;  1 drivers
v000002615964e430_0 .net *"_ivl_1050", 0 0, L_00000261596d4ba0;  1 drivers
L_00000261596825e0 .functor BUFT 1, C4<101>, C4<0>, C4<0>, C4<0>;
v000002615964e570_0 .net/2u *"_ivl_1052", 2 0, L_00000261596825e0;  1 drivers
v000002615964e7f0_0 .net *"_ivl_1054", 0 0, L_00000261596d4880;  1 drivers
v00000261596504b0_0 .net *"_ivl_1056", 0 0, L_00000261597340b0;  1 drivers
L_0000026159682628 .functor BUFT 1, C4<110>, C4<0>, C4<0>, C4<0>;
v0000026159650870_0 .net/2u *"_ivl_1058", 2 0, L_0000026159682628;  1 drivers
v000002615964ff10_0 .net *"_ivl_1060", 0 0, L_00000261596d5320;  1 drivers
L_0000026159682670 .functor BUFT 1, C4<111>, C4<0>, C4<0>, C4<0>;
v000002615964fdd0_0 .net/2u *"_ivl_1062", 2 0, L_0000026159682670;  1 drivers
v0000026159650050_0 .net *"_ivl_1064", 0 0, L_00000261596d42e0;  1 drivers
v0000026159650550_0 .net *"_ivl_1066", 0 0, L_00000261597350e0;  1 drivers
L_00000261596826b8 .functor BUFT 1, C4<0>, C4<0>, C4<0>, C4<0>;
v00000261596513b0_0 .net/2u *"_ivl_1068", 0 0, L_00000261596826b8;  1 drivers
v0000026159651f90_0 .net *"_ivl_107", 0 0, L_00000261596eac20;  1 drivers
v00000261596502d0_0 .net *"_ivl_1070", 0 0, L_00000261596d4240;  1 drivers
v0000026159650b90_0 .net *"_ivl_1072", 0 0, L_00000261596d4920;  1 drivers
v0000026159651090_0 .net *"_ivl_1074", 0 0, L_00000261596d46a0;  1 drivers
v0000026159651bd0_0 .net *"_ivl_1076", 0 0, L_00000261596d3a20;  1 drivers
v000002615964fd30_0 .net *"_ivl_1078", 0 0, L_00000261596d32a0;  1 drivers
v00000261596514f0_0 .net *"_ivl_108", 19 0, L_00000261596eaf40;  1 drivers
v00000261596511d0_0 .net *"_ivl_1080", 0 0, L_00000261596d37a0;  1 drivers
v0000026159651590_0 .net *"_ivl_1084", 0 0, L_0000026159733550;  1 drivers
v0000026159650f50_0 .net *"_ivl_1086", 0 0, L_00000261597342e0;  1 drivers
v000002615964fc90_0 .net *"_ivl_1093", 1 0, L_00000261596d49c0;  1 drivers
v0000026159650ff0_0 .net *"_ivl_1095", 0 0, L_00000261596d3b60;  1 drivers
v0000026159650d70_0 .net *"_ivl_1098", 0 0, L_00000261597343c0;  1 drivers
v00000261596505f0_0 .net *"_ivl_1106", 0 0, L_0000026159735000;  1 drivers
v0000026159650370_0 .net *"_ivl_1108", 0 0, L_0000026159733b70;  1 drivers
v0000026159650910_0 .net *"_ivl_111", 0 0, L_00000261596e9dc0;  1 drivers
v000002615964fe70_0 .net *"_ivl_1110", 0 0, L_0000026159734970;  1 drivers
v0000026159651b30_0 .net *"_ivl_1112", 0 0, L_0000026159734dd0;  1 drivers
v0000026159650730_0 .net *"_ivl_1114", 0 0, L_00000261596d3840;  1 drivers
v0000026159651310_0 .net *"_ivl_1118", 0 0, L_0000026159734040;  1 drivers
v0000026159652030_0 .net *"_ivl_1120", 0 0, L_0000026159733ef0;  1 drivers
v0000026159651db0_0 .net *"_ivl_1122", 0 0, L_00000261597345f0;  1 drivers
v0000026159650c30_0 .net *"_ivl_1124", 0 0, L_0000026159735070;  1 drivers
v0000026159650e10_0 .net *"_ivl_1126", 0 0, L_0000026159734a50;  1 drivers
v0000026159650cd0_0 .net *"_ivl_1128", 0 0, L_00000261597335c0;  1 drivers
v000002615964fab0_0 .net *"_ivl_113", 5 0, L_00000261596ebc60;  1 drivers
v00000261596500f0_0 .net *"_ivl_1130", 0 0, L_0000026159734eb0;  1 drivers
v0000026159651810_0 .net *"_ivl_1132", 0 0, L_0000026159733f60;  1 drivers
v00000261596507d0_0 .net *"_ivl_1134", 0 0, L_0000026159734f20;  1 drivers
v0000026159651e50_0 .net *"_ivl_1143", 0 0, L_00000261596d4100;  1 drivers
v0000026159650a50_0 .net *"_ivl_1144", 22 0, L_00000261596d3660;  1 drivers
v00000261596509b0_0 .net *"_ivl_1146", 8 0, L_00000261596d4e20;  1 drivers
L_0000026159682700 .functor BUFT 1, C4<00>, C4<0>, C4<0>, C4<0>;
v00000261596518b0_0 .net *"_ivl_1149", 1 0, L_0000026159682700;  1 drivers
v0000026159651a90_0 .net *"_ivl_115", 3 0, L_00000261596eb120;  1 drivers
v0000026159650690_0 .net *"_ivl_1150", 0 0, L_00000261596d4ec0;  1 drivers
v000002615964fa10_0 .net *"_ivl_1155", 0 0, L_00000261596d4f60;  1 drivers
v0000026159651c70_0 .net *"_ivl_1156", 22 0, L_00000261596d3c00;  1 drivers
v0000026159650230_0 .net *"_ivl_1158", 8 0, L_00000261596d50a0;  1 drivers
L_00000261596806a8 .functor BUFT 1, C4<0>, C4<0>, C4<0>, C4<0>;
v0000026159651270_0 .net/2u *"_ivl_116", 0 0, L_00000261596806a8;  1 drivers
L_0000026159682748 .functor BUFT 1, C4<00>, C4<0>, C4<0>, C4<0>;
v0000026159650eb0_0 .net *"_ivl_1161", 1 0, L_0000026159682748;  1 drivers
v000002615964f8d0_0 .net *"_ivl_1162", 0 0, L_00000261596d3160;  1 drivers
L_0000026159682790 .functor BUFT 1, C4<1>, C4<0>, C4<0>, C4<0>;
v0000026159651450_0 .net/2u *"_ivl_1166", 0 0, L_0000026159682790;  1 drivers
L_00000261596827d8 .functor BUFT 1, C4<0>, C4<0>, C4<0>, C4<0>;
v0000026159651130_0 .net/2u *"_ivl_1168", 0 0, L_00000261596827d8;  1 drivers
v000002615964ffb0_0 .net *"_ivl_1171", 0 0, L_00000261596d3200;  1 drivers
v0000026159651630_0 .net *"_ivl_1172", 0 0, L_0000026159734510;  1 drivers
L_0000026159682820 .functor BUFT 1, C4<0>, C4<0>, C4<0>, C4<0>;
v0000026159650190_0 .net/2u *"_ivl_1174", 0 0, L_0000026159682820;  1 drivers
v0000026159651d10_0 .net *"_ivl_1177", 0 0, L_00000261596d33e0;  1 drivers
v0000026159651950_0 .net *"_ivl_1178", 0 0, L_0000026159734350;  1 drivers
L_0000026159682868 .functor BUFT 1, C4<1>, C4<0>, C4<0>, C4<0>;
v00000261596519f0_0 .net/2u *"_ivl_1180", 0 0, L_0000026159682868;  1 drivers
v00000261596516d0_0 .net *"_ivl_1183", 0 0, L_00000261596d3480;  1 drivers
v000002615964fbf0_0 .net *"_ivl_1184", 0 0, L_00000261596d3700;  1 drivers
v0000026159651ef0_0 .net *"_ivl_1186", 0 0, L_00000261596d38e0;  1 drivers
v0000026159650af0_0 .net *"_ivl_1188", 0 0, L_00000261596d3980;  1 drivers
v0000026159651770_0 .net *"_ivl_121", 0 0, L_00000261596ebf80;  1 drivers
v0000026159650410_0 .net *"_ivl_122", 11 0, L_00000261596ead60;  1 drivers
v000002615964f970_0 .net *"_ivl_1242", 0 0, L_0000026159734ba0;  1 drivers
v000002615964fb50_0 .net *"_ivl_1244", 0 0, L_0000026159734900;  1 drivers
v0000026159652350_0 .net *"_ivl_1246", 0 0, L_0000026159734c80;  1 drivers
L_00000261596828b0 .functor BUFT 1, C4<00000>, C4<0>, C4<0>, C4<0>;
v0000026159652d50_0 .net/2u *"_ivl_1248", 4 0, L_00000261596828b0;  1 drivers
v0000026159652a30_0 .net *"_ivl_125", 7 0, L_00000261596eb6c0;  1 drivers
v00000261596528f0_0 .net *"_ivl_1250", 0 0, L_00000261596d6cc0;  1 drivers
v0000026159652c10_0 .net *"_ivl_1252", 0 0, L_0000026159734cf0;  1 drivers
v00000261596543d0_0 .net *"_ivl_1254", 0 0, L_00000261596d76c0;  1 drivers
v0000026159652e90_0 .net *"_ivl_1260", 0 0, L_0000026159735310;  1 drivers
v0000026159652cb0_0 .net *"_ivl_1262", 0 0, L_0000026159736570;  1 drivers
v0000026159652b70_0 .net *"_ivl_1264", 0 0, L_0000026159735850;  1 drivers
v0000026159653890_0 .net *"_ivl_1268", 0 0, L_00000261597369d0;  1 drivers
v00000261596527b0_0 .net *"_ivl_127", 0 0, L_00000261596ea400;  1 drivers
v0000026159653390_0 .net *"_ivl_1272", 0 0, L_0000026159736810;  1 drivers
v00000261596536b0_0 .net *"_ivl_1274", 0 0, L_0000026159736960;  1 drivers
v00000261596522b0_0 .net *"_ivl_1276", 0 0, L_0000026159735f50;  1 drivers
v0000026159653430_0 .net *"_ivl_1278", 0 0, L_0000026159735540;  1 drivers
v0000026159653f70_0 .net *"_ivl_1280", 0 0, L_0000026159736b90;  1 drivers
v00000261596523f0_0 .net *"_ivl_1282", 0 0, L_0000026159736a40;  1 drivers
v0000026159652df0_0 .net *"_ivl_1286", 0 0, L_0000026159736ab0;  1 drivers
v0000026159653250_0 .net *"_ivl_1288", 0 0, L_0000026159736880;  1 drivers
v0000026159652210_0 .net *"_ivl_129", 9 0, L_00000261596ea540;  1 drivers
v0000026159654290_0 .net *"_ivl_1290", 0 0, L_0000026159736500;  1 drivers
v0000026159652490_0 .net *"_ivl_1294", 0 0, L_00000261597358c0;  1 drivers
L_00000261596806f0 .functor BUFT 1, C4<0>, C4<0>, C4<0>, C4<0>;
v0000026159654330_0 .net/2u *"_ivl_130", 0 0, L_00000261596806f0;  1 drivers
v0000026159653930_0 .net *"_ivl_1308", 0 0, L_0000026159736c70;  1 drivers
L_0000026159682b38 .functor BUFT 1, C4<1111>, C4<0>, C4<0>, C4<0>;
v0000026159652fd0_0 .net/2u *"_ivl_1310", 3 0, L_0000026159682b38;  1 drivers
L_0000026159682b80 .functor BUFT 1, C4<0000>, C4<0>, C4<0>, C4<0>;
v0000026159652f30_0 .net/2u *"_ivl_1312", 3 0, L_0000026159682b80;  1 drivers
L_0000026159682bc8 .functor BUFT 1, C4<00000000000000000000000000000000>, C4<0>, C4<0>, C4<0>;
v0000026159653070_0 .net/2u *"_ivl_1324", 31 0, L_0000026159682bc8;  1 drivers
L_0000026159682c10 .functor BUFT 1, C4<00000000000000000000000000000000>, C4<0>, C4<0>, C4<0>;
v0000026159653110_0 .net/2u *"_ivl_1328", 31 0, L_0000026159682c10;  1 drivers
L_0000026159682c58 .functor BUFT 1, C4<00000000000000000000000000000000>, C4<0>, C4<0>, C4<0>;
v0000026159652710_0 .net/2u *"_ivl_1332", 31 0, L_0000026159682c58;  1 drivers
L_0000026159682ca0 .functor BUFT 1, C4<00000000000000000000000000000000>, C4<0>, C4<0>, C4<0>;
v0000026159653c50_0 .net/2u *"_ivl_1336", 31 0, L_0000026159682ca0;  1 drivers
v0000026159652530_0 .net *"_ivl_134", 0 0, L_000002615970b9c0;  1 drivers
L_0000026159682ce8 .functor BUFT 1, C4<00000>, C4<0>, C4<0>, C4<0>;
v00000261596531b0_0 .net/2u *"_ivl_1340", 4 0, L_0000026159682ce8;  1 drivers
L_0000026159682d30 .functor BUFT 1, C4<00000>, C4<0>, C4<0>, C4<0>;
v00000261596539d0_0 .net/2u *"_ivl_1344", 4 0, L_0000026159682d30;  1 drivers
L_0000026159682d78 .functor BUFT 1, C4<00000>, C4<0>, C4<0>, C4<0>;
v0000026159654470_0 .net/2u *"_ivl_1348", 4 0, L_0000026159682d78;  1 drivers
L_0000026159682dc0 .functor BUFT 1, C4<00000000000000000000000000000000>, C4<0>, C4<0>, C4<0>;
v00000261596534d0_0 .net/2u *"_ivl_1352", 31 0, L_0000026159682dc0;  1 drivers
L_0000026159682e08 .functor BUFT 1, C4<00000000000000000000000000000000>, C4<0>, C4<0>, C4<0>;
v0000026159653a70_0 .net/2u *"_ivl_1356", 31 0, L_0000026159682e08;  1 drivers
v0000026159654010_0 .net *"_ivl_136", 0 0, L_000002615970c210;  1 drivers
L_0000026159682e50 .functor BUFT 1, C4<00000000000000000000000000000000>, C4<0>, C4<0>, C4<0>;
v0000026159654510_0 .net/2u *"_ivl_1360", 31 0, L_0000026159682e50;  1 drivers
L_0000026159682e98 .functor BUFT 1, C4<00000000000000000000000000000000>, C4<0>, C4<0>, C4<0>;
v0000026159653cf0_0 .net/2u *"_ivl_1364", 31 0, L_0000026159682e98;  1 drivers
L_0000026159682ee0 .functor BUFT 1, C4<00000000000000000000000000000000>, C4<0>, C4<0>, C4<0>;
v0000026159654150_0 .net/2u *"_ivl_1368", 31 0, L_0000026159682ee0;  1 drivers
L_0000026159682f28 .functor BUFT 1, C4<00000000000000000000000000000000>, C4<0>, C4<0>, C4<0>;
v00000261596546f0_0 .net/2u *"_ivl_1372", 31 0, L_0000026159682f28;  1 drivers
L_0000026159682f70 .functor BUFT 1, C4<0>, C4<0>, C4<0>, C4<0>;
v00000261596525d0_0 .net/2u *"_ivl_1376", 0 0, L_0000026159682f70;  1 drivers
L_0000026159682fb8 .functor BUFT 1, C4<0>, C4<0>, C4<0>, C4<0>;
v00000261596532f0_0 .net/2u *"_ivl_1380", 0 0, L_0000026159682fb8;  1 drivers
L_0000026159683000 .functor BUFT 1, C4<0000>, C4<0>, C4<0>, C4<0>;
v0000026159654650_0 .net/2u *"_ivl_1384", 3 0, L_0000026159683000;  1 drivers
L_0000026159683048 .functor BUFT 1, C4<00000000000000000000000000000000>, C4<0>, C4<0>, C4<0>;
v0000026159653570_0 .net/2u *"_ivl_1388", 31 0, L_0000026159683048;  1 drivers
v0000026159653610_0 .net *"_ivl_139", 0 0, L_00000261596ea360;  1 drivers
L_0000026159683090 .functor BUFT 1, C4<00000000000000000000000000000000>, C4<0>, C4<0>, C4<0>;
v0000026159653750_0 .net/2u *"_ivl_1392", 31 0, L_0000026159683090;  1 drivers
L_00000261596830d8 .functor BUFT 1, C4<0>, C4<0>, C4<0>, C4<0>;
v00000261596537f0_0 .net/2u *"_ivl_1396", 0 0, L_00000261596830d8;  1 drivers
v0000026159652670_0 .net *"_ivl_140", 0 0, L_000002615970c280;  1 drivers
L_0000026159683120 .functor BUFT 1, C4<0>, C4<0>, C4<0>, C4<0>;
v00000261596545b0_0 .net/2u *"_ivl_1400", 0 0, L_0000026159683120;  1 drivers
L_0000026159683168 .functor BUFT 1, C4<0>, C4<0>, C4<0>, C4<0>;
v0000026159653b10_0 .net/2u *"_ivl_1404", 0 0, L_0000026159683168;  1 drivers
L_00000261596831b0 .functor BUFT 1, C4<0>, C4<0>, C4<0>, C4<0>;
v0000026159652850_0 .net/2u *"_ivl_1408", 0 0, L_00000261596831b0;  1 drivers
L_00000261596831f8 .functor BUFT 1, C4<0>, C4<0>, C4<0>, C4<0>;
v0000026159653bb0_0 .net/2u *"_ivl_1412", 0 0, L_00000261596831f8;  1 drivers
L_0000026159683240 .functor BUFT 1, C4<0>, C4<0>, C4<0>, C4<0>;
v0000026159653d90_0 .net/2u *"_ivl_1416", 0 0, L_0000026159683240;  1 drivers
v0000026159652990_0 .net *"_ivl_142", 0 0, L_000002615970c4b0;  1 drivers
L_0000026159683288 .functor BUFT 1, C4<0>, C4<0>, C4<0>, C4<0>;
v0000026159653e30_0 .net/2u *"_ivl_1420", 0 0, L_0000026159683288;  1 drivers
L_00000261596832d0 .functor BUFT 1, C4<0>, C4<0>, C4<0>, C4<0>;
v0000026159653ed0_0 .net/2u *"_ivl_1424", 0 0, L_00000261596832d0;  1 drivers
v00000261596540b0_0 .net *"_ivl_1428", 0 0, L_0000026159736c00;  1 drivers
v00000261596541f0_0 .net *"_ivl_1432", 0 0, L_0000026159736490;  1 drivers
v0000026159654790_0 .net *"_ivl_1434", 0 0, L_00000261597351c0;  1 drivers
L_0000026159683318 .functor BUFT 1, C4<00000>, C4<0>, C4<0>, C4<0>;
v0000026159654830_0 .net/2u *"_ivl_1456", 4 0, L_0000026159683318;  1 drivers
v00000261596520d0_0 .net *"_ivl_146", 31 0, L_00000261596ec020;  1 drivers
v0000026159652170_0 .net *"_ivl_148", 31 0, L_00000261596eafe0;  1 drivers
v0000026159652ad0_0 .net *"_ivl_153", 6 0, L_00000261596ea4a0;  1 drivers
L_0000026159680738 .functor BUFT 1, C4<1100111>, C4<0>, C4<0>, C4<0>;
v00000261596563b0_0 .net/2u *"_ivl_154", 6 0, L_0000026159680738;  1 drivers
v0000026159656950_0 .net *"_ivl_164", 0 0, L_000002615970ba30;  1 drivers
L_0000026159680780 .functor BUFT 1, C4<00001>, C4<0>, C4<0>, C4<0>;
v0000026159654a10_0 .net/2u *"_ivl_166", 4 0, L_0000026159680780;  1 drivers
v0000026159656db0_0 .net *"_ivl_168", 0 0, L_00000261596eb080;  1 drivers
L_00000261596807c8 .functor BUFT 1, C4<00101>, C4<0>, C4<0>, C4<0>;
v0000026159656450_0 .net/2u *"_ivl_170", 4 0, L_00000261596807c8;  1 drivers
v00000261596564f0_0 .net *"_ivl_172", 0 0, L_00000261596eb1c0;  1 drivers
v0000026159656270_0 .net *"_ivl_174", 0 0, L_000002615970c6e0;  1 drivers
v0000026159655cd0_0 .net *"_ivl_178", 0 0, L_000002615970c750;  1 drivers
L_0000026159680810 .functor BUFT 1, C4<00001>, C4<0>, C4<0>, C4<0>;
v00000261596548d0_0 .net/2u *"_ivl_180", 4 0, L_0000026159680810;  1 drivers
v0000026159655c30_0 .net *"_ivl_182", 0 0, L_00000261596eb440;  1 drivers
L_0000026159680858 .functor BUFT 1, C4<00101>, C4<0>, C4<0>, C4<0>;
v0000026159655d70_0 .net/2u *"_ivl_184", 4 0, L_0000026159680858;  1 drivers
v0000026159654e70_0 .net *"_ivl_186", 0 0, L_00000261596eb760;  1 drivers
v0000026159655550_0 .net *"_ivl_188", 0 0, L_000002615970c360;  1 drivers
v0000026159656a90_0 .net *"_ivl_19", 0 0, L_00000261596e8ba0;  1 drivers
v0000026159655eb0_0 .net *"_ivl_190", 0 0, L_000002615970c590;  1 drivers
L_00000261596808a0 .functor BUFT 1, C4<00000>, C4<0>, C4<0>, C4<0>;
v0000026159655230_0 .net/2u *"_ivl_192", 4 0, L_00000261596808a0;  1 drivers
v00000261596557d0_0 .net *"_ivl_194", 0 0, L_00000261596ea680;  1 drivers
v0000026159654ab0_0 .net *"_ivl_196", 0 0, L_00000261596eb580;  1 drivers
v0000026159656310_0 .net *"_ivl_198", 0 0, L_000002615970c7c0;  1 drivers
v0000026159654bf0_0 .net *"_ivl_20", 22 0, L_00000261596e72a0;  1 drivers
v0000026159656ef0_0 .net *"_ivl_202", 31 0, L_00000261596ebb20;  1 drivers
L_00000261596808e8 .functor BUFT 1, C4<001>, C4<0>, C4<0>, C4<0>;
v0000026159655690_0 .net/2u *"_ivl_204", 2 0, L_00000261596808e8;  1 drivers
v00000261596559b0_0 .net *"_ivl_206", 2 0, L_00000261596ea9a0;  1 drivers
v0000026159654c90_0 .net *"_ivl_208", 4 0, L_00000261596ea860;  1 drivers
L_0000026159680930 .functor BUFT 1, C4<00>, C4<0>, C4<0>, C4<0>;
v00000261596555f0_0 .net *"_ivl_211", 1 0, L_0000026159680930;  1 drivers
v0000026159656e50_0 .net *"_ivl_214", 0 0, L_000002615970aed0;  1 drivers
v0000026159654b50_0 .net *"_ivl_22", 8 0, L_00000261596e86a0;  1 drivers
L_0000026159680978 .functor BUFT 1, C4<1>, C4<0>, C4<0>, C4<0>;
v0000026159655730_0 .net/2u *"_ivl_220", 0 0, L_0000026159680978;  1 drivers
v00000261596552d0_0 .net *"_ivl_223", 0 0, L_00000261596eaa40;  1 drivers
v00000261596550f0_0 .net *"_ivl_225", 0 0, L_00000261596ea220;  1 drivers
v0000026159655050_0 .net *"_ivl_226", 0 0, L_00000261596eb620;  1 drivers
v00000261596554b0_0 .net *"_ivl_232", 31 0, L_00000261596e9aa0;  1 drivers
v0000026159656130_0 .net *"_ivl_234", 31 0, L_00000261596e9fa0;  1 drivers
v0000026159656bd0_0 .net *"_ivl_238", 0 0, L_000002615970cad0;  1 drivers
v00000261596561d0_0 .net *"_ivl_242", 0 0, L_000002615970d390;  1 drivers
v0000026159656b30_0 .net *"_ivl_248", 31 0, L_00000261596e9b40;  1 drivers
L_00000261596803d8 .functor BUFT 1, C4<00>, C4<0>, C4<0>, C4<0>;
v0000026159656f90_0 .net *"_ivl_25", 1 0, L_00000261596803d8;  1 drivers
v0000026159655f50_0 .net *"_ivl_252", 0 0, L_000002615970d160;  1 drivers
v0000026159654dd0_0 .net *"_ivl_254", 0 0, L_000002615970da90;  1 drivers
v0000026159657030_0 .net *"_ivl_256", 0 0, L_000002615970e580;  1 drivers
v0000026159656590_0 .net *"_ivl_258", 0 0, L_000002615970cc20;  1 drivers
v0000026159655e10_0 .net *"_ivl_26", 0 0, L_00000261596e9640;  1 drivers
v0000026159655870_0 .net *"_ivl_260", 0 0, L_000002615970e040;  1 drivers
v0000026159656d10_0 .net *"_ivl_264", 0 0, L_000002615970da20;  1 drivers
v0000026159655ff0_0 .net *"_ivl_268", 0 0, L_000002615970e190;  1 drivers
v0000026159654970_0 .net *"_ivl_270", 0 0, L_000002615970e2e0;  1 drivers
v0000026159654d30_0 .net *"_ivl_272", 0 0, L_000002615970d8d0;  1 drivers
v0000026159656c70_0 .net *"_ivl_274", 0 0, L_000002615970ce50;  1 drivers
v00000261596566d0_0 .net *"_ivl_276", 0 0, L_000002615970d780;  1 drivers
v0000026159655a50_0 .net *"_ivl_282", 0 0, L_000002615970d5c0;  1 drivers
v0000026159656630_0 .net *"_ivl_286", 0 0, L_000002615970d940;  1 drivers
v0000026159656090_0 .net *"_ivl_288", 0 0, L_000002615970cd70;  1 drivers
v0000026159654f10_0 .net *"_ivl_290", 0 0, L_000002615970d470;  1 drivers
v0000026159656770_0 .net *"_ivl_292", 0 0, L_000002615970cec0;  1 drivers
v0000026159654fb0_0 .net *"_ivl_294", 0 0, L_000002615970d6a0;  1 drivers
v0000026159655190_0 .net *"_ivl_296", 0 0, L_000002615970de10;  1 drivers
v00000261596568b0_0 .net *"_ivl_303", 6 0, L_00000261596eb8a0;  1 drivers
L_00000261596809c0 .functor BUFT 1, C4<1100011>, C4<0>, C4<0>, C4<0>;
v0000026159656810_0 .net/2u *"_ivl_304", 6 0, L_00000261596809c0;  1 drivers
v00000261596569f0_0 .net *"_ivl_309", 6 0, L_00000261596ebee0;  1 drivers
v0000026159655370_0 .net *"_ivl_31", 0 0, L_00000261596e8a60;  1 drivers
L_0000026159680a08 .functor BUFT 1, C4<1101111>, C4<0>, C4<0>, C4<0>;
v0000026159655410_0 .net/2u *"_ivl_310", 6 0, L_0000026159680a08;  1 drivers
v0000026159655910_0 .net *"_ivl_315", 0 0, L_00000261596eaea0;  1 drivers
v0000026159655af0_0 .net *"_ivl_316", 19 0, L_00000261596ec0c0;  1 drivers
v0000026159655b90_0 .net *"_ivl_319", 0 0, L_00000261596e9960;  1 drivers
v0000026159657530_0 .net *"_ivl_32", 22 0, L_00000261596e7520;  1 drivers
v0000026159657e90_0 .net *"_ivl_321", 5 0, L_00000261596e9a00;  1 drivers
v0000026159657170_0 .net *"_ivl_323", 3 0, L_00000261596e9c80;  1 drivers
L_0000026159680a50 .functor BUFT 1, C4<0>, C4<0>, C4<0>, C4<0>;
v00000261596575d0_0 .net/2u *"_ivl_324", 0 0, L_0000026159680a50;  1 drivers
v00000261596573f0_0 .net *"_ivl_329", 0 0, L_00000261596ea0e0;  1 drivers
v0000026159657350_0 .net *"_ivl_330", 11 0, L_00000261596ea180;  1 drivers
v0000026159657490_0 .net *"_ivl_333", 7 0, L_00000261596ec520;  1 drivers
v0000026159657670_0 .net *"_ivl_335", 0 0, L_00000261596ecac0;  1 drivers
v0000026159657990_0 .net *"_ivl_337", 9 0, L_00000261596ee780;  1 drivers
L_0000026159680a98 .functor BUFT 1, C4<0>, C4<0>, C4<0>, C4<0>;
v0000026159657df0_0 .net/2u *"_ivl_338", 0 0, L_0000026159680a98;  1 drivers
v0000026159657a30_0 .net *"_ivl_34", 8 0, L_00000261596e7700;  1 drivers
v0000026159657d50_0 .net *"_ivl_342", 0 0, L_000002615970d240;  1 drivers
v0000026159657f30_0 .net *"_ivl_344", 0 0, L_000002615970cf30;  1 drivers
v00000261596578f0_0 .net *"_ivl_347", 0 0, L_00000261596ee460;  1 drivers
v00000261596572b0_0 .net *"_ivl_348", 0 0, L_000002615970d400;  1 drivers
v00000261596570d0_0 .net *"_ivl_350", 0 0, L_000002615970d550;  1 drivers
v0000026159657b70_0 .net *"_ivl_354", 31 0, L_00000261596ed420;  1 drivers
v0000026159657ad0_0 .net *"_ivl_356", 31 0, L_00000261596ec660;  1 drivers
v0000026159657710_0 .net *"_ivl_360", 0 0, L_000002615970def0;  1 drivers
v0000026159657210_0 .net *"_ivl_364", 31 0, L_00000261596ee8c0;  1 drivers
v00000261596577b0_0 .net *"_ivl_366", 31 0, L_00000261596ed560;  1 drivers
L_0000026159680420 .functor BUFT 1, C4<00>, C4<0>, C4<0>, C4<0>;
v0000026159657850_0 .net *"_ivl_37", 1 0, L_0000026159680420;  1 drivers
v0000026159657c10_0 .net *"_ivl_370", 0 0, L_000002615970db00;  1 drivers
v0000026159657cb0_0 .net *"_ivl_374", 0 0, L_000002615970df60;  1 drivers
v0000026159649e30_0 .net *"_ivl_376", 0 0, L_000002615970d630;  1 drivers
v00000261596496b0_0 .net *"_ivl_38", 0 0, L_00000261596e8740;  1 drivers
v00000261596485d0_0 .net *"_ivl_380", 0 0, L_000002615970e3c0;  1 drivers
v0000026159649070_0 .net *"_ivl_382", 0 0, L_000002615970cde0;  1 drivers
v000002615964a010_0 .net *"_ivl_384", 0 0, L_000002615970e270;  1 drivers
L_0000026159680ae0 .functor BUFT 1, C4<00000000000000000000000000000100>, C4<0>, C4<0>, C4<0>;
v000002615964a150_0 .net/2u *"_ivl_396", 31 0, L_0000026159680ae0;  1 drivers
L_0000026159681620 .functor BUFT 1, C4<0110011>, C4<0>, C4<0>, C4<0>;
v0000026159648d50_0 .net/2u *"_ivl_410", 6 0, L_0000026159681620;  1 drivers
v0000026159649bb0_0 .net *"_ivl_412", 0 0, L_00000261596ef4a0;  1 drivers
L_0000026159681668 .functor BUFT 1, C4<0010011>, C4<0>, C4<0>, C4<0>;
v0000026159649890_0 .net/2u *"_ivl_414", 6 0, L_0000026159681668;  1 drivers
v000002615964a330_0 .net *"_ivl_416", 0 0, L_00000261596f01c0;  1 drivers
v0000026159648850_0 .net *"_ivl_418", 0 0, L_00000261597087e0;  1 drivers
L_00000261596816b0 .functor BUFT 1, C4<0000011>, C4<0>, C4<0>, C4<0>;
v0000026159648530_0 .net/2u *"_ivl_420", 6 0, L_00000261596816b0;  1 drivers
v000002615964a0b0_0 .net *"_ivl_422", 0 0, L_00000261596f0440;  1 drivers
v000002615964a3d0_0 .net *"_ivl_424", 0 0, L_0000026159707d60;  1 drivers
L_00000261596816f8 .functor BUFT 1, C4<0100011>, C4<0>, C4<0>, C4<0>;
v0000026159648670_0 .net/2u *"_ivl_426", 6 0, L_00000261596816f8;  1 drivers
v0000026159649cf0_0 .net *"_ivl_428", 0 0, L_00000261596ee960;  1 drivers
v000002615964a1f0_0 .net *"_ivl_430", 0 0, L_0000026159708850;  1 drivers
L_0000026159681740 .functor BUFT 1, C4<1100011>, C4<0>, C4<0>, C4<0>;
v000002615964a6f0_0 .net/2u *"_ivl_432", 6 0, L_0000026159681740;  1 drivers
v0000026159648490_0 .net *"_ivl_434", 0 0, L_00000261596efd60;  1 drivers
v000002615964a830_0 .net *"_ivl_436", 0 0, L_00000261597076d0;  1 drivers
L_0000026159681788 .functor BUFT 1, C4<1100111>, C4<0>, C4<0>, C4<0>;
v0000026159649c50_0 .net/2u *"_ivl_438", 6 0, L_0000026159681788;  1 drivers
v000002615964a5b0_0 .net *"_ivl_440", 0 0, L_00000261596f0940;  1 drivers
L_00000261596817d0 .functor BUFT 1, C4<0110011>, C4<0>, C4<0>, C4<0>;
v0000026159648c10_0 .net/2u *"_ivl_444", 6 0, L_00000261596817d0;  1 drivers
v000002615964a470_0 .net *"_ivl_446", 0 0, L_00000261596ef0e0;  1 drivers
L_0000026159681818 .functor BUFT 1, C4<0100011>, C4<0>, C4<0>, C4<0>;
v0000026159648b70_0 .net/2u *"_ivl_448", 6 0, L_0000026159681818;  1 drivers
v0000026159649110_0 .net *"_ivl_450", 0 0, L_00000261596f09e0;  1 drivers
v000002615964a290_0 .net *"_ivl_452", 0 0, L_0000026159708cb0;  1 drivers
L_0000026159681860 .functor BUFT 1, C4<1100011>, C4<0>, C4<0>, C4<0>;
v00000261596491b0_0 .net/2u *"_ivl_454", 6 0, L_0000026159681860;  1 drivers
v0000026159649250_0 .net *"_ivl_456", 0 0, L_00000261596eec80;  1 drivers
v0000026159648170_0 .net *"_ivl_46", 31 0, L_00000261596e89c0;  1 drivers
L_00000261596818a8 .functor BUFT 1, C4<0110011>, C4<0>, C4<0>, C4<0>;
v0000026159648e90_0 .net/2u *"_ivl_460", 6 0, L_00000261596818a8;  1 drivers
v0000026159649a70_0 .net *"_ivl_462", 0 0, L_00000261596efb80;  1 drivers
L_00000261596818f0 .functor BUFT 1, C4<1100011>, C4<0>, C4<0>, C4<0>;
v00000261596492f0_0 .net/2u *"_ivl_464", 6 0, L_00000261596818f0;  1 drivers
v00000261596487b0_0 .net *"_ivl_466", 0 0, L_00000261596ef540;  1 drivers
L_0000026159681938 .functor BUFT 1, C4<1100011>, C4<0>, C4<0>, C4<0>;
v0000026159649610_0 .net/2u *"_ivl_470", 6 0, L_0000026159681938;  1 drivers
L_0000026159681980 .functor BUFT 1, C4<1101111>, C4<0>, C4<0>, C4<0>;
v00000261596494d0_0 .net/2u *"_ivl_474", 6 0, L_0000026159681980;  1 drivers
L_00000261596819c8 .functor BUFT 1, C4<1100111>, C4<0>, C4<0>, C4<0>;
v00000261596482b0_0 .net/2u *"_ivl_478", 6 0, L_00000261596819c8;  1 drivers
v00000261596488f0_0 .net *"_ivl_48", 8 0, L_00000261596e8c40;  1 drivers
v000002615964a510_0 .net *"_ivl_488", 0 0, L_0000026159708fc0;  1 drivers
v0000026159648f30_0 .net *"_ivl_490", 0 0, L_0000026159708ee0;  1 drivers
v000002615964a650_0 .net *"_ivl_492", 0 0, L_00000261597084d0;  1 drivers
L_0000026159681a10 .functor BUFT 1, C4<00000>, C4<0>, C4<0>, C4<0>;
v0000026159649390_0 .net/2u *"_ivl_494", 4 0, L_0000026159681a10;  1 drivers
v0000026159648fd0_0 .net *"_ivl_496", 0 0, L_00000261596eebe0;  1 drivers
v0000026159648710_0 .net *"_ivl_498", 0 0, L_0000026159708540;  1 drivers
v0000026159648990_0 .net *"_ivl_500", 0 0, L_00000261596f0300;  1 drivers
v000002615964a790_0 .net *"_ivl_504", 0 0, L_0000026159708af0;  1 drivers
v0000026159648210_0 .net *"_ivl_506", 0 0, L_0000026159708a80;  1 drivers
v0000026159648a30_0 .net *"_ivl_508", 0 0, L_0000026159707900;  1 drivers
L_0000026159680468 .functor BUFT 1, C4<00>, C4<0>, C4<0>, C4<0>;
v00000261596480d0_0 .net *"_ivl_51", 1 0, L_0000026159680468;  1 drivers
L_0000026159681a58 .functor BUFT 1, C4<00000>, C4<0>, C4<0>, C4<0>;
v0000026159648350_0 .net/2u *"_ivl_510", 4 0, L_0000026159681a58;  1 drivers
v0000026159648ad0_0 .net *"_ivl_512", 0 0, L_00000261596eff40;  1 drivers
v0000026159649750_0 .net *"_ivl_514", 0 0, L_00000261597080e0;  1 drivers
v0000026159648cb0_0 .net *"_ivl_516", 0 0, L_00000261596eee60;  1 drivers
v00000261596483f0_0 .net *"_ivl_52", 31 0, L_00000261596e8e20;  1 drivers
v0000026159649570_0 .net *"_ivl_520", 0 0, L_0000026159707e40;  1 drivers
v0000026159648df0_0 .net *"_ivl_522", 0 0, L_0000026159707cf0;  1 drivers
v0000026159649430_0 .net *"_ivl_524", 0 0, L_0000026159708700;  1 drivers
L_0000026159681aa0 .functor BUFT 1, C4<00000>, C4<0>, C4<0>, C4<0>;
v00000261596497f0_0 .net/2u *"_ivl_526", 4 0, L_0000026159681aa0;  1 drivers
v0000026159649930_0 .net *"_ivl_528", 0 0, L_00000261596f04e0;  1 drivers
v00000261596499d0_0 .net *"_ivl_530", 0 0, L_00000261597089a0;  1 drivers
v0000026159649b10_0 .net *"_ivl_532", 0 0, L_00000261596ef720;  1 drivers
v0000026159649d90_0 .net *"_ivl_536", 0 0, L_0000026159709030;  1 drivers
v0000026159649ed0_0 .net *"_ivl_538", 0 0, L_00000261597085b0;  1 drivers
v0000026159649f70_0 .net *"_ivl_54", 8 0, L_00000261596e9780;  1 drivers
v00000261596620e0_0 .net *"_ivl_540", 0 0, L_0000026159708a10;  1 drivers
L_0000026159681ae8 .functor BUFT 1, C4<00000>, C4<0>, C4<0>, C4<0>;
v0000026159662a40_0 .net/2u *"_ivl_542", 4 0, L_0000026159681ae8;  1 drivers
v0000026159662720_0 .net *"_ivl_544", 0 0, L_00000261596eef00;  1 drivers
v0000026159661a00_0 .net *"_ivl_546", 0 0, L_0000026159707f90;  1 drivers
v0000026159663080_0 .net *"_ivl_548", 0 0, L_00000261596ef2c0;  1 drivers
v0000026159661aa0_0 .net *"_ivl_554", 0 0, L_00000261597088c0;  1 drivers
v00000261596625e0_0 .net *"_ivl_556", 0 0, L_0000026159708690;  1 drivers
v0000026159662ea0_0 .net *"_ivl_560", 31 0, L_00000261596ef680;  1 drivers
L_0000026159681b30 .functor BUFT 1, C4<00000>, C4<0>, C4<0>, C4<0>;
v0000026159661960_0 .net/2u *"_ivl_564", 4 0, L_0000026159681b30;  1 drivers
v0000026159662180_0 .net *"_ivl_566", 0 0, L_00000261596f0760;  1 drivers
v0000026159661780_0 .net *"_ivl_568", 0 0, L_0000026159707970;  1 drivers
L_00000261596804b0 .functor BUFT 1, C4<00>, C4<0>, C4<0>, C4<0>;
v0000026159662860_0 .net *"_ivl_57", 1 0, L_00000261596804b0;  1 drivers
v0000026159662ae0_0 .net *"_ivl_570", 0 0, L_00000261596f0580;  1 drivers
L_0000026159681b78 .functor BUFT 1, C4<00000>, C4<0>, C4<0>, C4<0>;
v0000026159661280_0 .net/2u *"_ivl_574", 4 0, L_0000026159681b78;  1 drivers
v0000026159660a60_0 .net *"_ivl_576", 0 0, L_00000261596ef040;  1 drivers
v0000026159662e00_0 .net *"_ivl_578", 0 0, L_0000026159708770;  1 drivers
v0000026159662f40_0 .net *"_ivl_580", 0 0, L_00000261596efea0;  1 drivers
v0000026159662540_0 .net *"_ivl_584", 31 0, L_00000261596ef7c0;  1 drivers
v0000026159660b00_0 .net *"_ivl_586", 31 0, L_00000261596ef860;  1 drivers
v0000026159661f00_0 .net *"_ivl_590", 31 0, L_00000261596ef900;  1 drivers
v0000026159662360_0 .net *"_ivl_592", 31 0, L_00000261596ef9a0;  1 drivers
L_0000026159681bc0 .functor BUFT 1, C4<00000>, C4<0>, C4<0>, C4<0>;
v0000026159661140_0 .net/2u *"_ivl_596", 4 0, L_0000026159681bc0;  1 drivers
v0000026159662cc0_0 .net *"_ivl_598", 0 0, L_00000261596f06c0;  1 drivers
v0000026159661b40_0 .net *"_ivl_60", 1 0, L_00000261596e8ec0;  1 drivers
v00000261596611e0_0 .net *"_ivl_600", 0 0, L_0000026159708150;  1 drivers
v00000261596610a0_0 .net *"_ivl_602", 0 0, L_00000261596f08a0;  1 drivers
L_0000026159681c08 .functor BUFT 1, C4<00000>, C4<0>, C4<0>, C4<0>;
v0000026159662d60_0 .net/2u *"_ivl_606", 4 0, L_0000026159681c08;  1 drivers
v0000026159662900_0 .net *"_ivl_608", 0 0, L_00000261596f1980;  1 drivers
v0000026159661820_0 .net *"_ivl_610", 0 0, L_0000026159708c40;  1 drivers
v00000261596613c0_0 .net *"_ivl_612", 0 0, L_00000261596f1a20;  1 drivers
v0000026159661dc0_0 .net *"_ivl_616", 0 0, L_00000261597090a0;  1 drivers
v00000261596615a0_0 .net *"_ivl_618", 0 0, L_00000261597079e0;  1 drivers
v0000026159661c80_0 .net *"_ivl_62", 8 0, L_00000261596e8f60;  1 drivers
v0000026159661320_0 .net *"_ivl_620", 0 0, L_0000026159709110;  1 drivers
v0000026159660f60_0 .net *"_ivl_622", 0 0, L_0000026159707a50;  1 drivers
v0000026159661460_0 .net *"_ivl_629", 0 0, L_00000261596f2c40;  1 drivers
v0000026159662fe0_0 .net *"_ivl_631", 0 0, L_00000261596f1ac0;  1 drivers
v0000026159661500_0 .net *"_ivl_632", 0 0, L_0000026159709260;  1 drivers
v0000026159660ba0_0 .net *"_ivl_635", 0 0, L_00000261596f2ba0;  1 drivers
v0000026159661640_0 .net *"_ivl_636", 0 0, L_00000261596f3000;  1 drivers
v0000026159662c20_0 .net *"_ivl_642", 0 0, L_0000026159708230;  1 drivers
v0000026159660c40_0 .net *"_ivl_644", 0 0, L_0000026159707ba0;  1 drivers
v00000261596616e0_0 .net *"_ivl_646", 0 0, L_0000026159708310;  1 drivers
v0000026159660920_0 .net *"_ivl_648", 0 0, L_0000026159707740;  1 drivers
L_00000261596804f8 .functor BUFT 1, C4<00>, C4<0>, C4<0>, C4<0>;
v00000261596624a0_0 .net *"_ivl_65", 1 0, L_00000261596804f8;  1 drivers
v0000026159662b80_0 .net *"_ivl_650", 0 0, L_00000261597077b0;  1 drivers
L_0000026159681c50 .functor BUFT 1, C4<000>, C4<0>, C4<0>, C4<0>;
v00000261596618c0_0 .net/2u *"_ivl_652", 2 0, L_0000026159681c50;  1 drivers
v0000026159662680_0 .net *"_ivl_654", 0 0, L_00000261596f1b60;  1 drivers
L_0000026159681c98 .functor BUFT 1, C4<001>, C4<0>, C4<0>, C4<0>;
v0000026159661000_0 .net/2u *"_ivl_656", 2 0, L_0000026159681c98;  1 drivers
v0000026159661be0_0 .net *"_ivl_658", 0 0, L_00000261596f21a0;  1 drivers
v0000026159661fa0_0 .net *"_ivl_66", 1 0, L_00000261596e7480;  1 drivers
v0000026159660e20_0 .net *"_ivl_660", 0 0, L_0000026159707820;  1 drivers
L_0000026159681ce0 .functor BUFT 1, C4<100>, C4<0>, C4<0>, C4<0>;
v00000261596609c0_0 .net/2u *"_ivl_662", 2 0, L_0000026159681ce0;  1 drivers
v0000026159662400_0 .net *"_ivl_664", 0 0, L_00000261596f1660;  1 drivers
L_0000026159681d28 .functor BUFT 1, C4<101>, C4<0>, C4<0>, C4<0>;
v0000026159661d20_0 .net/2u *"_ivl_666", 2 0, L_0000026159681d28;  1 drivers
v0000026159661e60_0 .net *"_ivl_668", 0 0, L_00000261596f22e0;  1 drivers
v0000026159662040_0 .net *"_ivl_670", 0 0, L_0000026159707c10;  1 drivers
L_0000026159681d70 .functor BUFT 1, C4<110>, C4<0>, C4<0>, C4<0>;
v0000026159662220_0 .net/2u *"_ivl_672", 2 0, L_0000026159681d70;  1 drivers
v0000026159660ce0_0 .net *"_ivl_674", 0 0, L_00000261596f1fc0;  1 drivers
L_0000026159681db8 .functor BUFT 1, C4<111>, C4<0>, C4<0>, C4<0>;
v00000261596627c0_0 .net/2u *"_ivl_676", 2 0, L_0000026159681db8;  1 drivers
v0000026159660d80_0 .net *"_ivl_678", 0 0, L_00000261596f27e0;  1 drivers
v00000261596622c0_0 .net *"_ivl_68", 8 0, L_00000261596e73e0;  1 drivers
v00000261596629a0_0 .net *"_ivl_680", 0 0, L_00000261597081c0;  1 drivers
L_0000026159681e00 .functor BUFT 1, C4<0>, C4<0>, C4<0>, C4<0>;
v0000026159660ec0_0 .net/2u *"_ivl_682", 0 0, L_0000026159681e00;  1 drivers
v0000026159663620_0 .net *"_ivl_684", 0 0, L_00000261596f2ce0;  1 drivers
v00000261596640c0_0 .net *"_ivl_686", 0 0, L_00000261596f2740;  1 drivers
v0000026159665060_0 .net *"_ivl_688", 0 0, L_00000261596f1ca0;  1 drivers
v00000261596651a0_0 .net *"_ivl_690", 0 0, L_00000261596f1c00;  1 drivers
v0000026159663da0_0 .net *"_ivl_692", 0 0, L_00000261596f1e80;  1 drivers
v0000026159664c00_0 .net *"_ivl_694", 0 0, L_00000261596f1700;  1 drivers
v00000261596657e0_0 .net *"_ivl_698", 0 0, L_0000026159707eb0;  1 drivers
v0000026159663b20_0 .net *"_ivl_700", 0 0, L_00000261597082a0;  1 drivers
L_0000026159680540 .functor BUFT 1, C4<00>, C4<0>, C4<0>, C4<0>;
v00000261596643e0_0 .net *"_ivl_71", 1 0, L_0000026159680540;  1 drivers
v00000261596648e0_0 .net *"_ivl_713", 1 0, L_00000261596f2420;  1 drivers
v0000026159665420_0 .net *"_ivl_715", 0 0, L_00000261596f1d40;  1 drivers
v0000026159663d00_0 .net *"_ivl_722", 0 0, L_0000026159739360;  1 drivers
v0000026159665560_0 .net *"_ivl_724", 0 0, L_0000026159738cd0;  1 drivers
v0000026159664520_0 .net *"_ivl_726", 0 0, L_0000026159739b40;  1 drivers
v0000026159664660_0 .net *"_ivl_728", 0 0, L_00000261597399f0;  1 drivers
v00000261596634e0_0 .net *"_ivl_730", 0 0, L_00000261597393d0;  1 drivers
v0000026159664020_0 .net *"_ivl_732", 0 0, L_0000026159739130;  1 drivers
v0000026159664480_0 .net *"_ivl_734", 0 0, L_0000026159739520;  1 drivers
v0000026159663bc0_0 .net *"_ivl_736", 0 0, L_0000026159738e20;  1 drivers
v00000261596636c0_0 .net *"_ivl_738", 0 0, L_00000261596f2060;  1 drivers
v0000026159664160_0 .net *"_ivl_748", 0 0, L_0000026159738fe0;  1 drivers
v0000026159663760_0 .net *"_ivl_75", 9 0, L_00000261596eb300;  1 drivers
v0000026159664ca0_0 .net *"_ivl_750", 0 0, L_00000261597391a0;  1 drivers
L_0000026159680390 .functor BUFT 1, C4<00000000000000000000000000000100>, C4<0>, C4<0>, C4<0>;
v00000261596633a0_0 .net/2u *"_ivl_8", 31 0, L_0000026159680390;  1 drivers
v0000026159663c60_0 .net *"_ivl_80", 1 0, L_00000261596e9d20;  1 drivers
v0000026159664980_0 .net *"_ivl_812", 31 0, L_00000261596f2e20;  1 drivers
v0000026159665380_0 .net *"_ivl_818", 0 0, L_00000261597394b0;  1 drivers
v00000261596645c0_0 .net *"_ivl_82", 11 0, L_00000261596ea5e0;  1 drivers
v0000026159664a20_0 .net *"_ivl_820", 0 0, L_0000026159738e90;  1 drivers
v0000026159664fc0_0 .net *"_ivl_822", 0 0, L_0000026159739bb0;  1 drivers
v00000261596654c0_0 .net *"_ivl_824", 0 0, L_00000261597390c0;  1 drivers
v0000026159664d40_0 .net *"_ivl_826", 0 0, L_0000026159739ec0;  1 drivers
v0000026159665240_0 .net *"_ivl_828", 0 0, L_000002615973a4e0;  1 drivers
v0000026159665740_0 .net *"_ivl_832", 0 0, L_0000026159738f70;  1 drivers
v0000026159663580_0 .net *"_ivl_834", 0 0, L_0000026159739c20;  1 drivers
v0000026159663e40_0 .net *"_ivl_836", 0 0, L_0000026159739590;  1 drivers
v00000261596656a0_0 .net *"_ivl_838", 0 0, L_0000026159739f30;  1 drivers
L_0000026159681f20 .functor BUFT 1, C4<00000>, C4<0>, C4<0>, C4<0>;
v0000026159664700_0 .net/2u *"_ivl_840", 4 0, L_0000026159681f20;  1 drivers
v0000026159663ee0_0 .net *"_ivl_842", 0 0, L_00000261596f24c0;  1 drivers
v00000261596652e0_0 .net *"_ivl_844", 0 0, L_0000026159738a30;  1 drivers
v0000026159664ac0_0 .net *"_ivl_846", 0 0, L_00000261596f2600;  1 drivers
L_0000026159680588 .functor BUFT 1, C4<00>, C4<0>, C4<0>, C4<0>;
v0000026159663800_0 .net *"_ivl_85", 1 0, L_0000026159680588;  1 drivers
v0000026159665600_0 .net *"_ivl_850", 0 0, L_0000026159739600;  1 drivers
v0000026159665880_0 .net *"_ivl_852", 0 0, L_00000261597396e0;  1 drivers
v00000261596631c0_0 .net *"_ivl_854", 0 0, L_0000026159739280;  1 drivers
v0000026159663f80_0 .net *"_ivl_856", 0 0, L_00000261597392f0;  1 drivers
L_0000026159681f68 .functor BUFT 1, C4<00000>, C4<0>, C4<0>, C4<0>;
v0000026159664b60_0 .net/2u *"_ivl_858", 4 0, L_0000026159681f68;  1 drivers
L_00000261596805d0 .functor BUFT 1, C4<01>, C4<0>, C4<0>, C4<0>;
v00000261596642a0_0 .net/2u *"_ivl_86", 1 0, L_00000261596805d0;  1 drivers
v00000261596638a0_0 .net *"_ivl_860", 0 0, L_00000261596f2ec0;  1 drivers
v00000261596639e0_0 .net *"_ivl_862", 0 0, L_000002615973a010;  1 drivers
v0000026159664340_0 .net *"_ivl_864", 0 0, L_00000261596f2880;  1 drivers
v0000026159663300_0 .net *"_ivl_868", 0 0, L_00000261597398a0;  1 drivers
v0000026159663940_0 .net *"_ivl_870", 0 0, L_000002615973a080;  1 drivers
v0000026159665100_0 .net *"_ivl_872", 0 0, L_000002615973a0f0;  1 drivers
L_0000026159681fb0 .functor BUFT 1, C4<00000>, C4<0>, C4<0>, C4<0>;
v0000026159664200_0 .net/2u *"_ivl_874", 4 0, L_0000026159681fb0;  1 drivers
v0000026159663120_0 .net *"_ivl_876", 0 0, L_00000261596f2920;  1 drivers
v00000261596647a0_0 .net *"_ivl_878", 0 0, L_0000026159738c60;  1 drivers
v0000026159664840_0 .net *"_ivl_880", 0 0, L_00000261596f29c0;  1 drivers
v0000026159664de0_0 .net *"_ivl_884", 0 0, L_000002615973b270;  1 drivers
v0000026159664e80_0 .net *"_ivl_886", 0 0, L_000002615973ab00;  1 drivers
v0000026159663260_0 .net *"_ivl_888", 0 0, L_000002615973aa90;  1 drivers
L_0000026159681ff8 .functor BUFT 1, C4<00000>, C4<0>, C4<0>, C4<0>;
v0000026159663440_0 .net/2u *"_ivl_890", 4 0, L_0000026159681ff8;  1 drivers
v0000026159663a80_0 .net *"_ivl_892", 0 0, L_00000261596f2a60;  1 drivers
v0000026159664f20_0 .net *"_ivl_894", 0 0, L_000002615973ac50;  1 drivers
v0000026159667540_0 .net *"_ivl_896", 0 0, L_00000261596f2b00;  1 drivers
v00000261596672c0_0 .net *"_ivl_90", 0 0, L_000002615970b800;  1 drivers
v0000026159666d20_0 .net *"_ivl_900", 0 0, L_000002615973a6a0;  1 drivers
v0000026159665920_0 .net *"_ivl_902", 0 0, L_000002615973b040;  1 drivers
L_0000026159682040 .functor BUFT 1, C4<00000>, C4<0>, C4<0>, C4<0>;
v0000026159666c80_0 .net/2u *"_ivl_904", 4 0, L_0000026159682040;  1 drivers
v0000026159667900_0 .net *"_ivl_906", 0 0, L_00000261596f2f60;  1 drivers
v0000026159665ec0_0 .net *"_ivl_908", 0 0, L_000002615973b2e0;  1 drivers
v0000026159667680_0 .net *"_ivl_910", 0 0, L_000002615973b350;  1 drivers
v0000026159665e20_0 .net *"_ivl_912", 0 0, L_000002615973ad30;  1 drivers
v0000026159667cc0_0 .net *"_ivl_914", 0 0, L_000002615973ab70;  1 drivers
v00000261596679a0_0 .net *"_ivl_916", 0 0, L_000002615973a710;  1 drivers
v0000026159667860_0 .net *"_ivl_918", 0 0, L_00000261596f12a0;  1 drivers
v00000261596663c0_0 .net *"_ivl_922", 0 0, L_000002615973aa20;  1 drivers
v0000026159667220_0 .net *"_ivl_924", 0 0, L_000002615973ae80;  1 drivers
L_0000026159682088 .functor BUFT 1, C4<00000>, C4<0>, C4<0>, C4<0>;
v0000026159667360_0 .net/2u *"_ivl_926", 4 0, L_0000026159682088;  1 drivers
v0000026159666e60_0 .net *"_ivl_928", 0 0, L_00000261596f1340;  1 drivers
v0000026159666280_0 .net *"_ivl_930", 0 0, L_000002615973aef0;  1 drivers
v0000026159665f60_0 .net *"_ivl_932", 0 0, L_000002615973b430;  1 drivers
v0000026159666460_0 .net *"_ivl_934", 0 0, L_000002615973af60;  1 drivers
v0000026159667f40_0 .net *"_ivl_936", 0 0, L_000002615973afd0;  1 drivers
v00000261596661e0_0 .net *"_ivl_938", 0 0, L_000002615973ae10;  1 drivers
v0000026159666dc0_0 .net *"_ivl_940", 0 0, L_00000261596f13e0;  1 drivers
L_00000261596820d0 .functor BUFT 1, C4<10>, C4<0>, C4<0>, C4<0>;
v00000261596665a0_0 .net/2u *"_ivl_944", 1 0, L_00000261596820d0;  1 drivers
L_0000026159682118 .functor BUFT 1, C4<01>, C4<0>, C4<0>, C4<0>;
v0000026159666320_0 .net/2u *"_ivl_946", 1 0, L_0000026159682118;  1 drivers
L_0000026159682160 .functor BUFT 1, C4<00>, C4<0>, C4<0>, C4<0>;
v0000026159666140_0 .net/2u *"_ivl_948", 1 0, L_0000026159682160;  1 drivers
v00000261596660a0_0 .net *"_ivl_95", 6 0, L_00000261596ea720;  1 drivers
v0000026159666500_0 .net *"_ivl_950", 1 0, L_00000261596f1480;  1 drivers
L_00000261596821a8 .functor BUFT 1, C4<10>, C4<0>, C4<0>, C4<0>;
v0000026159667180_0 .net/2u *"_ivl_954", 1 0, L_00000261596821a8;  1 drivers
L_00000261596821f0 .functor BUFT 1, C4<01>, C4<0>, C4<0>, C4<0>;
v0000026159667c20_0 .net/2u *"_ivl_956", 1 0, L_00000261596821f0;  1 drivers
L_0000026159682238 .functor BUFT 1, C4<00>, C4<0>, C4<0>, C4<0>;
v0000026159667400_0 .net/2u *"_ivl_958", 1 0, L_0000026159682238;  1 drivers
L_0000026159680618 .functor BUFT 1, C4<1100011>, C4<0>, C4<0>, C4<0>;
v0000026159667b80_0 .net/2u *"_ivl_96", 6 0, L_0000026159680618;  1 drivers
v0000026159667fe0_0 .net *"_ivl_960", 1 0, L_00000261596f1840;  1 drivers
L_0000026159682280 .functor BUFT 1, C4<11>, C4<0>, C4<0>, C4<0>;
v0000026159666fa0_0 .net/2u *"_ivl_964", 1 0, L_0000026159682280;  1 drivers
L_00000261596822c8 .functor BUFT 1, C4<11>, C4<0>, C4<0>, C4<0>;
v0000026159666000_0 .net/2u *"_ivl_968", 1 0, L_00000261596822c8;  1 drivers
L_0000026159682310 .functor BUFT 1, C4<10>, C4<0>, C4<0>, C4<0>;
v0000026159667ea0_0 .net/2u *"_ivl_972", 1 0, L_0000026159682310;  1 drivers
v00000261596674a0_0 .net *"_ivl_974", 0 0, L_00000261596d4c40;  1 drivers
L_0000026159682358 .functor BUFT 1, C4<01>, C4<0>, C4<0>, C4<0>;
v0000026159666640_0 .net/2u *"_ivl_976", 1 0, L_0000026159682358;  1 drivers
v0000026159666f00_0 .net *"_ivl_978", 0 0, L_00000261596d5140;  1 drivers
v0000026159667040_0 .net *"_ivl_980", 31 0, L_00000261596d3de0;  1 drivers
v0000026159665b00_0 .net *"_ivl_982", 31 0, L_00000261596d4740;  1 drivers
L_00000261596823a0 .functor BUFT 1, C4<10>, C4<0>, C4<0>, C4<0>;
v0000026159666be0_0 .net/2u *"_ivl_986", 1 0, L_00000261596823a0;  1 drivers
v00000261596677c0_0 .net *"_ivl_988", 0 0, L_00000261596d4a60;  1 drivers
L_00000261596823e8 .functor BUFT 1, C4<01>, C4<0>, C4<0>, C4<0>;
v00000261596670e0_0 .net/2u *"_ivl_990", 1 0, L_00000261596823e8;  1 drivers
v0000026159665ba0_0 .net *"_ivl_992", 0 0, L_00000261596d5780;  1 drivers
v0000026159667d60_0 .net *"_ivl_994", 31 0, L_00000261596d3ac0;  1 drivers
v00000261596675e0_0 .net *"_ivl_996", 31 0, L_00000261596d3520;  1 drivers
v0000026159667720_0 .net "bp_actual_taken_cur", 0 0, L_00000261597347b0;  1 drivers
v0000026159667ae0 .array "bp_counters0_cur", 0 127, 1 0;
v0000026159667e00 .array "bp_counters1_cur", 0 127, 1 0;
v0000026159666820_0 .var "bp_ghr_cur", 9 0;
v0000026159667a40 .array "bp_pht_cur", 0 1023, 1 0;
v00000261596666e0_0 .var "bp_pht_valid_cur", 1023 0;
v0000026159666780_0 .var "bp_repl_cur", 127 0;
v00000261596668c0 .array "bp_tags0_cur", 0 127, 22 0;
v0000026159666960 .array "bp_tags1_cur", 0 127, 22 0;
v0000026159668080 .array "bp_targets0_cur", 0 127, 31 0;
v00000261596659c0 .array "bp_targets1_cur", 0 127, 31 0;
v0000026159666a00_0 .net "bp_update_cur", 0 0, L_0000026159733630;  1 drivers
v0000026159666aa0_0 .net "bp_update_set_cur", 6 0, L_00000261596d4ce0;  1 drivers
v0000026159665a60_0 .net "bp_update_tag_cur", 22 0, L_00000261596d4d80;  1 drivers
v0000026159665c40_0 .net "bp_update_way0_hit_cur", 0 0, L_0000026159733e10;  1 drivers
v0000026159665ce0_0 .net "bp_update_way1_hit_cur", 0 0, L_0000026159733710;  1 drivers
v0000026159666b40_0 .net "bp_update_way_sel_cur", 0 0, L_00000261596d7f80;  1 drivers
v0000026159665d80_0 .var "bp_valid0_cur", 127 0;
v00000261596698e0_0 .var "bp_valid1_cur", 127 0;
v000002615966a420_0 .net "dmem_cache_busy_cur", 0 0, L_000002615970b100;  1 drivers
v000002615966a380_0 .net "dmem_cache_mem_addr_cur", 31 0, L_00000261596e7840;  1 drivers
v0000026159669d40_0 .net "dmem_cache_mem_ren_cur", 0 0, L_000002615970bfe0;  1 drivers
v000002615966a240_0 .net "dmem_cache_mem_wdata_cur", 31 0, L_00000261596e7e80;  1 drivers
v000002615966a1a0_0 .net "dmem_cache_mem_wen_cur", 0 0, L_000002615970b2c0;  1 drivers
v0000026159669de0_0 .net "dmem_cache_rdata_cur", 31 0, L_00000261596e9500;  1 drivers
v00000261596697a0_0 .net "dmem_req_fire_cur", 0 0, L_0000026159735ee0;  1 drivers
v0000026159668e40_0 .net "dmem_resp_fire_cur", 0 0, L_0000026159735b60;  1 drivers
v0000026159669ca0_0 .net "ex_alu_eq_cur", 0 0, L_00000261596d55a0;  1 drivers
v0000026159669840_0 .net "ex_alu_result_cur", 31 0, v000002615962e520_0;  1 drivers
v0000026159668c60_0 .net "ex_alu_slt_cur", 0 0, L_000002615973b3c0;  1 drivers
v0000026159668da0_0 .net "ex_branch_taken_cur", 0 0, L_00000261597336a0;  1 drivers
v000002615966a2e0_0 .net "ex_branch_target_cur", 31 0, L_00000261596d4560;  1 drivers
v0000026159669a20_0 .net "ex_control_taken_cur", 0 0, L_00000261597349e0;  1 drivers
v0000026159668800_0 .net "ex_control_target_cur", 31 0, L_00000261596d58c0;  1 drivers
v000002615966a4c0_0 .net "ex_ex_match_rs1_cur", 0 0, L_0000026159739d00;  1 drivers
v000002615966a560_0 .net "ex_ex_match_rs2_cur", 0 0, L_0000026159739670;  1 drivers
v0000026159669160_0 .net "ex_forward_a_sel_cur", 1 0, L_00000261596f15c0;  1 drivers
v0000026159669b60_0 .net "ex_forward_b_sel_cur", 1 0, L_00000261596f18e0;  1 drivers
v000002615966a7e0_0 .net "ex_jump_taken_cur", 0 0, L_0000026159734e40;  1 drivers
v0000026159669ac0_0 .net "ex_jump_target_cur", 31 0, L_00000261596d41a0;  1 drivers
v00000261596692a0_0 .net "ex_jump_target_raw_cur", 31 0, L_00000261596d3e80;  1 drivers
v0000026159668620_0 .net "ex_load_match_rs1_cur", 0 0, L_000002615973a860;  1 drivers
v00000261596689e0_0 .net "ex_load_match_rs2_cur", 0 0, L_000002615973a630;  1 drivers
v0000026159669f20_0 .var "ex_mem_alu_result_cur", 31 0;
v0000026159668300_0 .net "ex_mem_alu_result_next", 31 0, L_0000026159733860;  1 drivers
v0000026159668940_0 .var "ex_mem_dmem_req_sent_cur", 0 0;
v0000026159668b20_0 .var "ex_mem_ebreak_cur", 0 0;
v0000026159669e80_0 .net "ex_mem_ebreak_next", 0 0, L_0000026159734820;  1 drivers
v0000026159668f80_0 .net "ex_mem_forward_data_cur", 31 0, L_00000261596f17a0;  1 drivers
v000002615966a6a0_0 .var "ex_mem_func3_cur", 2 0;
v0000026159669340_0 .net "ex_mem_func3_next", 2 0, L_0000026159734580;  1 drivers
v0000026159669020_0 .net "ex_mem_has_dmem_req_cur", 0 0, L_0000026159735700;  1 drivers
v00000261596686c0_0 .var "ex_mem_illegal_inst_cur", 0 0;
v0000026159669c00_0 .net "ex_mem_illegal_inst_next", 0 0, L_0000026159734660;  1 drivers
v000002615966a600_0 .var "ex_mem_inst_cur", 31 0;
v0000026159668ee0_0 .net "ex_mem_inst_next", 31 0, L_0000026159734ac0;  1 drivers
v000002615966a740_0 .var "ex_mem_jump_cur", 0 0;
v000002615966a880_0 .net "ex_mem_jump_next", 0 0, L_0000026159733a20;  1 drivers
v0000026159668120_0 .net "ex_mem_load_live_cur", 0 0, L_0000026159739210;  1 drivers
v0000026159669fc0_0 .var "ex_mem_lui_cur", 0 0;
v000002615966a060_0 .net "ex_mem_lui_next", 0 0, L_0000026159734270;  1 drivers
v000002615966a100_0 .var "ex_mem_mem_read_cur", 0 0;
v0000026159669700_0 .net "ex_mem_mem_read_next", 0 0, L_0000026159734200;  1 drivers
v00000261596681c0_0 .var "ex_mem_mem_to_reg_cur", 0 0;
v0000026159668260_0 .net "ex_mem_mem_to_reg_next", 0 0, L_0000026159734b30;  1 drivers
v0000026159668a80_0 .var "ex_mem_mem_write_cur", 0 0;
v00000261596683a0_0 .net "ex_mem_mem_write_next", 0 0, L_0000026159733940;  1 drivers
v0000026159668760_0 .var "ex_mem_next_pc_cur", 31 0;
v0000026159668440_0 .net "ex_mem_next_pc_next", 31 0, L_0000026159733be0;  1 drivers
v00000261596688a0_0 .var "ex_mem_offset_cur", 31 0;
v00000261596684e0_0 .net "ex_mem_offset_next", 31 0, L_00000261597346d0;  1 drivers
v0000026159668580_0 .var "ex_mem_pc_cur", 31 0;
v0000026159668bc0_0 .var "ex_mem_pc_misalign_trap_cur", 0 0;
v0000026159668d00_0 .net "ex_mem_pc_misalign_trap_next", 0 0, L_0000026159734740;  1 drivers
v00000261596695c0_0 .net "ex_mem_pc_next", 31 0, L_00000261597337f0;  1 drivers
v00000261596690c0_0 .var "ex_mem_pc_plus4_cur", 31 0;
v0000026159669480_0 .net "ex_mem_pc_plus4_next", 31 0, L_0000026159733e80;  1 drivers
v0000026159669200_0 .var "ex_mem_rd_waddr_cur", 4 0;
v00000261596693e0_0 .net "ex_mem_rd_waddr_next", 4 0, L_0000026159733780;  1 drivers
v0000026159669520_0 .var "ex_mem_reg_write_cur", 0 0;
v0000026159669660_0 .net "ex_mem_reg_write_next", 0 0, L_0000026159734c10;  1 drivers
v0000026159669980_0 .var "ex_mem_rs1_raddr_cur", 4 0;
v000002615966ab00_0 .net "ex_mem_rs1_raddr_next", 4 0, L_0000026159733c50;  1 drivers
v000002615966c5e0_0 .var "ex_mem_rs1_rdata_cur", 31 0;
v000002615966cc20_0 .net "ex_mem_rs1_rdata_next", 31 0, L_0000026159734190;  1 drivers
v000002615966ac40_0 .var "ex_mem_rs2_raddr_cur", 4 0;
v000002615966b460_0 .net "ex_mem_rs2_raddr_next", 4 0, L_00000261597339b0;  1 drivers
v000002615966ccc0_0 .var "ex_mem_rs2_rdata_cur", 31 0;
v000002615966c4a0_0 .net "ex_mem_rs2_rdata_next", 31 0, L_0000026159734430;  1 drivers
v000002615966ca40_0 .var "ex_mem_store_data_cur", 31 0;
v000002615966b500_0 .net "ex_mem_store_data_next", 31 0, L_00000261597338d0;  1 drivers
v000002615966c540_0 .var "ex_mem_valid_cur", 0 0;
v000002615966b000_0 .net "ex_mem_valid_next", 0 0, L_0000026159734120;  1 drivers
v000002615966cfe0_0 .net "ex_next_pc_cur", 31 0, L_00000261596d3f20;  1 drivers
v000002615966aba0_0 .net "ex_operand1_cur", 31 0, L_00000261596d5460;  1 drivers
v000002615966bfa0_0 .net "ex_operand1_sel_cur", 1 0, L_00000261596d5500;  1 drivers
v000002615966b280_0 .net "ex_operand2_cur", 31 0, L_00000261596d3d40;  1 drivers
v000002615966d080_0 .net "ex_operand2_sel_cur", 1 0, L_00000261596d3340;  1 drivers
v000002615966ace0_0 .net "ex_pc_misalign_trap_cur", 0 0, L_0000026159733fd0;  1 drivers
v000002615966bc80_0 .net "ex_pred_next_pc_cur", 31 0, L_00000261596d4b00;  1 drivers
v000002615966c720_0 .net "ex_redirect_cur", 0 0, L_00000261597344a0;  1 drivers
v000002615966b320_0 .net "ex_rs1_value_cur", 31 0, L_00000261596d4060;  1 drivers
v000002615966b140_0 .net "ex_rs2_value_cur", 31 0, L_00000261596d5820;  1 drivers
v000002615966b0a0_0 .net "ex_store_data_cur", 31 0, L_000002615973ada0;  1 drivers
v000002615966b5a0_0 .var "halted_cur", 0 0;
v000002615966c680_0 .net "hazard_ex_cur", 0 0, L_0000026159681e48;  1 drivers
v000002615966b640_0 .net "hazard_mem_cur", 0 0, L_0000026159681e90;  1 drivers
v000002615966cd60_0 .net "hazard_stall_cur", 0 0, L_000002615973a1d0;  1 drivers
v000002615966b6e0_0 .net "hazard_wb_cur", 0 0, L_0000026159681ed8;  1 drivers
v000002615966c0e0_0 .net "i_clk", 0 0, v000002615965b600_0;  1 drivers
v000002615966cb80_0 .net "i_dmem_rdata", 31 0, L_0000026159737450;  alias, 1 drivers
v000002615966a920_0 .net "i_dmem_ready", 0 0, L_00000261597384f0;  alias, 1 drivers
v000002615966be60_0 .net "i_dmem_valid", 0 0, L_00000261597370d0;  alias, 1 drivers
v000002615966bf00_0 .net "i_imem_rdata", 31 0, L_0000026159737df0;  alias, 1 drivers
v000002615966ad80_0 .net "i_imem_ready", 0 0, L_0000026159736ff0;  alias, 1 drivers
v000002615966cea0_0 .net "i_imem_valid", 0 0, L_0000026159737ca0;  alias, 1 drivers
v000002615966b780_0 .net "i_rst", 0 0, v000002615965ce60_0;  1 drivers
v000002615966c7c0_0 .net "id_alu_eq_cur", 0 0, L_00000261596f2100;  1 drivers
v000002615966bdc0_0 .net "id_alu_op_cur", 2 0, L_00000261596ed9c0;  1 drivers
v000002615966ae20_0 .net "id_alu_slt_cur", 0 0, L_00000261596f1200;  1 drivers
v000002615966ce00_0 .net "id_alu_sltu_cur", 0 0, L_00000261596f2560;  1 drivers
v000002615966baa0_0 .net "id_alu_src1_cur", 0 0, L_000002615970f4d0;  1 drivers
v000002615966c180_0 .net "id_alu_src2_cur", 0 0, L_000002615970f0e0;  1 drivers
v000002615966c040_0 .net "id_branch_cur", 0 0, L_000002615970f310;  1 drivers
v000002615966cae0_0 .net "id_branch_stall_cur", 0 0, L_0000026159707b30;  1 drivers
v000002615966cf40_0 .net "id_branch_taken_cur", 0 0, L_0000026159707c80;  1 drivers
v000002615966b820_0 .net "id_branch_target_cur", 31 0, L_00000261596f2240;  1 drivers
v000002615966bd20_0 .net "id_control_taken_cur", 0 0, L_0000026159738950;  1 drivers
v000002615966b8c0_0 .net "id_control_target_cur", 31 0, L_00000261596f1160;  1 drivers
v000002615966b960_0 .net "id_ebreak_cur", 0 0, L_000002615970cc90;  1 drivers
v000002615966b1e0_0 .var "id_ex_alu_op_cur", 2 0;
v000002615966b3c0_0 .net "id_ex_alu_op_next", 2 0, L_0000026159739050;  1 drivers
v000002615966aec0_0 .var "id_ex_alu_src1_cur", 0 0;
v000002615966c9a0_0 .net "id_ex_alu_src1_next", 0 0, L_000002615973a2b0;  1 drivers
v000002615966af60_0 .var "id_ex_alu_src2_cur", 0 0;
v000002615966c2c0_0 .net "id_ex_alu_src2_next", 0 0, L_0000026159738bf0;  1 drivers
v000002615966c400_0 .var "id_ex_branch_cur", 0 0;
v000002615966c220_0 .net "id_ex_branch_next", 0 0, L_000002615973a320;  1 drivers
v000002615966bb40_0 .var "id_ex_ebreak_cur", 0 0;
v000002615966ba00_0 .net "id_ex_ebreak_next", 0 0, L_000002615973a400;  1 drivers
v000002615966c360_0 .net "id_ex_forward_data_cur", 31 0, L_00000261596eefa0;  1 drivers
v000002615966c860_0 .var "id_ex_func3_cur", 2 0;
v000002615966c900_0 .net "id_ex_func3_next", 2 0, L_00000261596f2380;  1 drivers
v000002615966a9c0_0 .var "id_ex_func7_cur", 6 0;
v000002615966aa60_0 .net "id_ex_func7_next", 6 0, L_00000261596f1de0;  1 drivers
v000002615966bbe0_0 .var "id_ex_illegal_inst_cur", 0 0;
v000002615966f1a0_0 .net "id_ex_illegal_inst_next", 0 0, L_0000026159739830;  1 drivers
v000002615966ede0_0 .var "id_ex_inst_cur", 31 0;
v000002615966e7a0_0 .net "id_ex_inst_next", 31 0, L_0000026159738d40;  1 drivers
v000002615966d4e0_0 .net "id_ex_is_alu_producer_cur", 0 0, L_0000026159707890;  1 drivers
v000002615966f6a0_0 .net "id_ex_is_load_cur", 0 0, L_0000026159708d20;  1 drivers
v000002615966f600_0 .var "id_ex_jump_cur", 0 0;
v000002615966dc60_0 .net "id_ex_jump_next", 0 0, L_0000026159739e50;  1 drivers
v000002615966dda0_0 .var "id_ex_lui_cur", 0 0;
v000002615966f240_0 .net "id_ex_lui_next", 0 0, L_0000026159738b10;  1 drivers
v000002615966e340_0 .net "id_ex_match_rs1_cur", 0 0, L_0000026159708070;  1 drivers
v000002615966e160_0 .net "id_ex_match_rs2_cur", 0 0, L_0000026159708d90;  1 drivers
v000002615966f100_0 .var "id_ex_mem_read_cur", 0 0;
v000002615966f2e0_0 .net "id_ex_mem_read_next", 0 0, L_0000026159738b80;  1 drivers
v000002615966f380_0 .var "id_ex_mem_to_reg_cur", 0 0;
v000002615966e200_0 .net "id_ex_mem_to_reg_next", 0 0, L_0000026159739d70;  1 drivers
v000002615966d1c0_0 .var "id_ex_mem_write_cur", 0 0;
v000002615966d620_0 .net "id_ex_mem_write_next", 0 0, L_000002615973a470;  1 drivers
v000002615966f7e0_0 .var "id_ex_offset_cur", 31 0;
v000002615966f740_0 .net "id_ex_offset_next", 31 0, L_0000026159739ad0;  1 drivers
v000002615966e8e0_0 .var "id_ex_opcode_cur", 6 0;
v000002615966f420_0 .net "id_ex_opcode_next", 6 0, L_00000261596f26a0;  1 drivers
v000002615966ef20_0 .var "id_ex_pc_cur", 31 0;
v000002615966d300_0 .net "id_ex_pc_next", 31 0, L_00000261597389c0;  1 drivers
v000002615966d940_0 .var "id_ex_pc_plus4_cur", 31 0;
v000002615966f060_0 .net "id_ex_pc_plus4_next", 31 0, L_0000026159738f00;  1 drivers
v000002615966df80_0 .var "id_ex_pc_src_cur", 0 0;
v000002615966dee0_0 .net "id_ex_pc_src_next", 0 0, L_0000026159739910;  1 drivers
v000002615966e2a0_0 .var "id_ex_pht_index_cur", 9 0;
v000002615966e980_0 .net "id_ex_pht_index_next", 9 0, L_00000261597397c0;  1 drivers
v000002615966ea20_0 .var "id_ex_pred_taken_cur", 0 0;
v000002615966f4c0_0 .net "id_ex_pred_taken_next", 0 0, L_0000026159739980;  1 drivers
v000002615966d9e0_0 .var "id_ex_pred_target_cur", 31 0;
v000002615966da80_0 .net "id_ex_pred_target_next", 31 0, L_0000026159739c90;  1 drivers
v000002615966d260_0 .var "id_ex_rd_waddr_cur", 4 0;
v000002615966f560_0 .net "id_ex_rd_waddr_next", 4 0, L_000002615973a240;  1 drivers
v000002615966db20_0 .var "id_ex_reg_write_cur", 0 0;
v000002615966f880_0 .net "id_ex_reg_write_next", 0 0, L_0000026159739a60;  1 drivers
v000002615966d3a0_0 .var "id_ex_rs1_raddr_cur", 4 0;
v000002615966e700_0 .net "id_ex_rs1_raddr_next", 4 0, L_0000026159739de0;  1 drivers
v000002615966eb60_0 .var "id_ex_rs1_rdata_cur", 31 0;
v000002615966dbc0_0 .net "id_ex_rs1_rdata_next", 31 0, L_0000026159739fa0;  1 drivers
v000002615966d120_0 .var "id_ex_rs2_raddr_cur", 4 0;
v000002615966de40_0 .net "id_ex_rs2_raddr_next", 4 0, L_0000026159738db0;  1 drivers
v000002615966d440_0 .var "id_ex_rs2_rdata_cur", 31 0;
v000002615966e840_0 .net "id_ex_rs2_rdata_next", 31 0, L_0000026159738aa0;  1 drivers
v000002615966dd00_0 .var "id_ex_valid_cur", 0 0;
v000002615966eca0_0 .net "id_ex_valid_next", 0 0, L_0000026159739750;  1 drivers
v000002615966d580_0 .net "id_exlive_match_rs1_cur", 0 0, L_0000026159708000;  1 drivers
v000002615966e020_0 .net "id_exlive_match_rs2_cur", 0 0, L_0000026159708b60;  1 drivers
v000002615966e5c0_0 .net "id_func3_cur", 2 0, L_00000261596ef220;  1 drivers
v000002615966e0c0_0 .net "id_fwd_rs1_cur", 31 0, L_00000261596efc20;  1 drivers
v000002615966e480_0 .net "id_fwd_rs2_cur", 31 0, L_00000261596f0620;  1 drivers
v000002615966d6c0_0 .net "id_has_producer_ahead_rs1_cur", 0 0, L_0000026159708bd0;  1 drivers
v000002615966d760_0 .net "id_has_producer_ahead_rs2_cur", 0 0, L_0000026159708e70;  1 drivers
v000002615966d800_0 .net "id_illegal_inst_cur", 0 0, L_000002615970eeb0;  1 drivers
v000002615966eac0_0 .net "id_is_branch_cur", 0 0, L_00000261596efcc0;  1 drivers
v000002615966e3e0_0 .net "id_is_jal_cur", 0 0, L_00000261596eeaa0;  1 drivers
v000002615966ec00_0 .net "id_is_jalr_cur", 0 0, L_00000261596ef180;  1 drivers
v000002615966d8a0_0 .net "id_jal_taken_cur", 0 0, L_000002615970e9e0;  1 drivers
v000002615966e520_0 .net "id_jal_target_cur", 31 0, L_00000261596f1520;  1 drivers
v000002615966e660_0 .net "id_jump_cur", 0 0, L_000002615970f540;  1 drivers
v000002615966ed40_0 .net "id_lui_cur", 0 0, L_000002615970e7b0;  1 drivers
v000002615966ee80_0 .net "id_mem_match_rs1_cur", 0 0, L_0000026159707f20;  1 drivers
v000002615966efc0_0 .net "id_mem_match_rs2_cur", 0 0, L_0000026159708e00;  1 drivers
v0000026159671860_0 .net "id_mem_read_cur", 0 0, L_000002615970ed60;  1 drivers
v0000026159671900_0 .net "id_mem_to_reg_cur", 0 0, L_000002615970e6d0;  1 drivers
v0000026159671ea0_0 .net "id_mem_write_cur", 0 0, L_000002615970ecf0;  1 drivers
v0000026159671f40_0 .net "id_next_pc_cur", 31 0, L_00000261596f1f20;  1 drivers
v0000026159670aa0_0 .net "id_offset_cur", 31 0, L_00000261596eeb40;  1 drivers
v0000026159670780_0 .net "id_opcode_cur", 6 0, L_00000261596ef360;  1 drivers
v00000261596719a0_0 .net "id_pc_cur_w", 31 0, L_0000026159708f50;  1 drivers
v0000026159671ae0_0 .net "id_pc_misalign_trap_cur", 0 0, L_000002615973a160;  1 drivers
v0000026159670280_0 .net "id_pc_plus4_cur_w", 31 0, L_00000261597083f0;  1 drivers
v000002615966fa60_0 .net "id_pc_src_cur", 0 0, L_000002615970e820;  1 drivers
v0000026159671e00_0 .net "id_pred_next_pc_cur", 31 0, L_00000261596f2d80;  1 drivers
v0000026159671fe0_0 .net "id_rd_waddr_cur", 4 0, L_00000261596ec8e0;  1 drivers
v0000026159671b80_0 .net "id_redirect_cur", 0 0, L_0000026159739440;  1 drivers
v000002615966fb00_0 .net "id_reg_write_cur", 0 0, L_000002615970f1c0;  1 drivers
v0000026159670d20_0 .net "id_rs1_raddr_cur", 4 0, L_00000261596edec0;  1 drivers
v000002615966f920_0 .net "id_rs1_rdata_cur", 31 0, L_00000261596ecde0;  1 drivers
v0000026159670c80_0 .net "id_rs1_used_cur", 0 0, L_0000026159708380;  1 drivers
v0000026159670dc0_0 .net "id_rs2_ex_used_cur", 0 0, L_00000261597091f0;  1 drivers
v0000026159671cc0_0 .net "id_rs2_raddr_cur", 4 0, L_00000261596ee640;  1 drivers
v00000261596705a0_0 .net "id_rs2_rdata_cur", 31 0, L_00000261596ee000;  1 drivers
v0000026159671c20_0 .net "id_rs2_used_cur", 0 0, L_0000026159709180;  1 drivers
v00000261596700a0_0 .net "if_base_pred_taken_cur", 0 0, L_00000261596ebda0;  1 drivers
v0000026159671d60_0 .net "if_base_pred_target_cur", 31 0, L_00000261596eb800;  1 drivers
v0000026159671a40_0 .net "if_bp_counter_cur", 1 0, L_00000261596eb940;  1 drivers
v0000026159672080_0 .net "if_bp_hit_cur", 0 0, L_000002615970bb80;  1 drivers
v00000261596703c0_0 .net "if_bp_hit_way_cur", 0 0, L_000002615970bf00;  1 drivers
v0000026159670e60_0 .net "if_bp_set_cur", 6 0, L_00000261596e95a0;  1 drivers
v0000026159670640_0 .net "if_bp_tag_cur", 22 0, L_00000261596e8600;  1 drivers
v0000026159670f00_0 .net "if_bp_target_cur", 31 0, L_00000261596e7340;  1 drivers
v0000026159670320_0 .net "if_bp_way0_hit_cur", 0 0, L_000002615970b1e0;  1 drivers
v0000026159670a00_0 .net "if_bp_way1_hit_cur", 0 0, L_000002615970b170;  1 drivers
v0000026159670fa0_0 .net "if_branch_offset_cur", 31 0, L_00000261596ea7c0;  1 drivers
v0000026159670460_0 .net "if_btb_dir_taken_cur", 0 0, L_00000261596ea900;  1 drivers
v000002615966f9c0_0 .net "if_cache_hit_cur", 0 0, L_000002615970b330;  1 drivers
v000002615966fba0_0 .net "if_conditional_at_if_cur", 0 0, L_000002615970e660;  1 drivers
v000002615966fc40_0 .net "if_id_buffer_available_cur", 0 0, L_000002615970d7f0;  1 drivers
v0000026159671040_0 .net "if_id_consumed_cur", 0 0, L_000002615970cd00;  1 drivers
v00000261596706e0_0 .var "if_id_inst_cur", 31 0;
v0000026159670500_0 .net "if_id_inst_next", 31 0, L_000002615970d9b0;  1 drivers
v0000026159670140_0 .var "if_id_pc_cur", 31 0;
v00000261596701e0_0 .net "if_id_pc_next", 31 0, L_000002615970d010;  1 drivers
v0000026159670820_0 .var "if_id_pc_plus4_cur", 31 0;
v0000026159671180_0 .net "if_id_pc_plus4_next", 31 0, L_00000261596edce0;  1 drivers
v000002615966fce0_0 .var "if_id_pht_index_cur", 9 0;
v0000026159671220_0 .net "if_id_pht_index_next", 9 0, L_000002615970e4a0;  1 drivers
v000002615966fd80_0 .var "if_id_pred_taken_cur", 0 0;
v00000261596710e0_0 .net "if_id_pred_taken_next", 0 0, L_000002615970d710;  1 drivers
v0000026159670be0_0 .var "if_id_pred_target_cur", 31 0;
v00000261596712c0_0 .net "if_id_pred_target_next", 31 0, L_000002615970db70;  1 drivers
v000002615966fe20_0 .var "if_id_valid_cur", 0 0;
v000002615966fec0_0 .net "if_id_valid_next", 0 0, L_000002615970e5f0;  1 drivers
v00000261596708c0_0 .net "if_inst_branch_cur", 0 0, L_00000261596eba80;  1 drivers
v00000261596717c0_0 .net "if_inst_cur", 31 0, L_000002615970bdb0;  1 drivers
v000002615966ff60_0 .net "if_inst_jal_cur", 0 0, L_00000261596ebbc0;  1 drivers
v0000026159670000_0 .net "if_inst_jalr_cur", 0 0, L_00000261596ebd00;  1 drivers
v0000026159670960_0 .net "if_inst_present_cur", 0 0, L_000002615970b250;  1 drivers
v0000026159670b40_0 .net "if_inst_rd_cur", 4 0, L_00000261596eb3a0;  1 drivers
v0000026159671360_0 .net "if_inst_rs1_cur", 4 0, L_00000261596ea040;  1 drivers
v0000026159671400_0 .net "if_is_ras_pop_cur", 0 0, L_000002615970c830;  1 drivers
v00000261596714a0_0 .net "if_is_ras_push_cur", 0 0, L_000002615970bbf0;  1 drivers
v0000026159671540_0 .net "if_jal_offset_cur", 31 0, L_00000261596eae00;  1 drivers
v00000261596715e0_0 .net "if_pc_cur", 31 0, L_000002615970c910;  1 drivers
v0000026159671680_0 .net "if_pc_plus4_cur", 31 0, L_00000261596e8100;  1 drivers
v0000026159671720_0 .net "if_pht_counter_cur", 1 0, L_00000261596e9be0;  1 drivers
v00000261596730c0_0 .net "if_pht_index_cur", 9 0, L_000002615970b790;  1 drivers
v0000026159674060_0 .net "if_pht_valid_cur", 0 0, L_00000261596ea2c0;  1 drivers
v0000026159673ca0_0 .net "if_pred_next_pc_cur", 31 0, L_000002615970e120;  1 drivers
v00000261596723a0_0 .net "if_pred_taken_cur", 0 0, L_000002615970d860;  1 drivers
v0000026159673ac0_0 .net "if_pred_target_cur", 31 0, L_00000261596e9e60;  1 drivers
v0000026159673160_0 .net "if_ras_pred_target_cur", 31 0, L_000002615970c8a0;  1 drivers
v0000026159673340_0 .net "if_static_pred_taken_cur", 0 0, L_000002615970c2f0;  1 drivers
v0000026159672b20_0 .net "if_static_pred_target_cur", 31 0, L_00000261596eb4e0;  1 drivers
v00000261596733e0_0 .net "if_unconditional_at_if_cur", 0 0, L_000002615970dfd0;  1 drivers
v0000026159673980_0 .net "imem_cache_busy_cur", 0 0, L_00000261594daaf0;  1 drivers
v0000026159674100_0 .net "imem_cache_mem_addr_cur", 31 0, L_00000261596de240;  1 drivers
v0000026159673e80_0 .net "imem_cache_mem_ren_cur", 0 0, L_00000261594d9900;  1 drivers
v0000026159672580_0 .net "imem_cache_mem_wdata_cur", 31 0, L_00000261596de7e0;  1 drivers
v0000026159673d40_0 .net "imem_cache_mem_wen_cur", 0 0, L_00000261594d9970;  1 drivers
v00000261596741a0_0 .net "imem_cache_rdata_cur", 31 0, L_00000261596df000;  1 drivers
v0000026159674740_0 .var "imem_pending_cur", 0 0;
v0000026159672620_0 .var "imem_pending_kill_cur", 0 0;
v00000261596737a0_0 .var "imem_pending_pc_cur", 31 0;
v00000261596724e0_0 .var "imem_pending_pred_taken_cur", 0 0;
v00000261596746a0_0 .var "imem_pending_pred_target_cur", 31 0;
v00000261596735c0_0 .net "imem_req_addr_cur", 31 0, L_00000261596eab80;  1 drivers
v0000026159672da0_0 .net "imem_req_fire_cur", 0 0, L_000002615970e350;  1 drivers
v0000026159674240_0 .net "imem_resp_accept_cur", 0 0, L_000002615970d4e0;  1 drivers
v0000026159673480_0 .net "imem_resp_branch_offset_cur", 31 0, L_00000261596e9f00;  1 drivers
v0000026159672800_0 .net "imem_resp_fire_cur", 0 0, L_000002615970e200;  1 drivers
v00000261596726c0_0 .net "imem_resp_inst_branch_cur", 0 0, L_00000261596eb9e0;  1 drivers
v0000026159673200_0 .net "imem_resp_inst_jal_cur", 0 0, L_00000261596eacc0;  1 drivers
v00000261596747e0_0 .net "imem_resp_jal_offset_cur", 31 0, L_00000261596eca20;  1 drivers
v0000026159673c00_0 .net "imem_resp_late_redirect_cur", 0 0, L_000002615970cb40;  1 drivers
v0000026159672940_0 .net "imem_resp_pc_cur", 31 0, L_00000261596ebe40;  1 drivers
v00000261596744c0_0 .net "imem_resp_pred_taken_cur", 0 0, L_00000261596ee280;  1 drivers
v0000026159673520_0 .net "imem_resp_pred_target_cur", 31 0, L_00000261596ed4c0;  1 drivers
v00000261596729e0_0 .net "imem_resp_static_pred_taken_cur", 0 0, L_000002615970de80;  1 drivers
v0000026159672760_0 .net "imem_resp_static_pred_target_cur", 31 0, L_00000261596ee0a0;  1 drivers
v0000026159674560_0 .net "mem_dcache_req_ren_cur", 0 0, L_0000026159736030;  1 drivers
v0000026159672a80_0 .net "mem_dcache_req_wen_cur", 0 0, L_00000261597365e0;  1 drivers
v0000026159673de0_0 .net "mem_dmem_addr_cur", 31 0, L_00000261596d64a0;  1 drivers
v0000026159672300_0 .net "mem_dmem_mask_cur", 3 0, L_0000026159735d20;  1 drivers
v0000026159673660_0 .net "mem_dmem_ren_cur", 0 0, L_0000026159735690;  1 drivers
v0000026159672440_0 .net "mem_dmem_ren_raw_cur", 0 0, L_0000026159735e70;  1 drivers
v0000026159673b60_0 .net "mem_dmem_wdata_cur", 31 0, L_0000026159735a10;  1 drivers
v0000026159673700_0 .net "mem_dmem_wen_cur", 0 0, L_0000026159736340;  1 drivers
v0000026159672bc0_0 .net "mem_dmem_wen_raw_cur", 0 0, L_0000026159735af0;  1 drivers
v00000261596732a0_0 .net "mem_ex_match_rs1_cur", 0 0, L_000002615973a9b0;  1 drivers
v0000026159673840_0 .net "mem_ex_match_rs2_cur", 0 0, L_000002615973abe0;  1 drivers
v0000026159672c60_0 .net "mem_load_data_cur", 31 0, L_00000261597357e0;  1 drivers
v0000026159674880_0 .net "mem_misalign_trap_cur", 0 0, L_00000261597361f0;  1 drivers
v0000026159674600_0 .net "mem_read_en_cur", 0 0, L_0000026159733a90;  1 drivers
v00000261596728a0_0 .net "mem_stage_complete_cur", 0 0, L_0000026159735bd0;  1 drivers
v00000261596738e0_0 .net "mem_stage_stall_cur", 0 0, L_00000261597355b0;  1 drivers
v0000026159672e40_0 .net "mem_store_data_cur", 31 0, L_00000261596d6040;  1 drivers
v0000026159672d00_0 .net "mem_store_data_fwd_cur", 0 0, L_0000026159733b00;  1 drivers
v0000026159672ee0_0 .var "mem_wb_alu_result_cur", 31 0;
v0000026159672f80_0 .net "mem_wb_alu_result_next", 31 0, L_00000261596d7120;  1 drivers
v0000026159674420_0 .var "mem_wb_dmem_addr_cur", 31 0;
v0000026159673f20_0 .net "mem_wb_dmem_addr_next", 31 0, L_00000261596d6360;  1 drivers
v00000261596742e0_0 .var "mem_wb_dmem_mask_cur", 3 0;
v0000026159673020_0 .net "mem_wb_dmem_mask_next", 3 0, L_00000261596d7260;  1 drivers
v0000026159673fc0_0 .var "mem_wb_dmem_rdata_cur", 31 0;
v0000026159673a20_0 .net "mem_wb_dmem_rdata_next", 31 0, L_00000261596d5e60;  1 drivers
v0000026159674380_0 .var "mem_wb_dmem_ren_cur", 0 0;
v0000026159672120_0 .net "mem_wb_dmem_ren_next", 0 0, L_00000261596d6c20;  1 drivers
v00000261596721c0_0 .var "mem_wb_dmem_wdata_cur", 31 0;
v0000026159672260_0 .net "mem_wb_dmem_wdata_next", 31 0, L_00000261596d5b40;  1 drivers
v0000026159676360_0 .var "mem_wb_dmem_wen_cur", 0 0;
v0000026159674f60_0 .net "mem_wb_dmem_wen_next", 0 0, L_00000261596d71c0;  1 drivers
v0000026159674c40_0 .var "mem_wb_ebreak_cur", 0 0;
v0000026159674b00_0 .net "mem_wb_ebreak_next", 0 0, L_00000261596d6ae0;  1 drivers
v0000026159676d60_0 .net "mem_wb_forward_data_cur", 31 0, L_000002615973a390;  1 drivers
v0000026159675d20_0 .var "mem_wb_illegal_inst_cur", 0 0;
v0000026159674a60_0 .net "mem_wb_illegal_inst_next", 0 0, L_00000261596d6900;  1 drivers
v0000026159676720_0 .var "mem_wb_inst_cur", 31 0;
v0000026159676ae0_0 .net "mem_wb_inst_next", 31 0, L_00000261596d6540;  1 drivers
v0000026159675be0_0 .var "mem_wb_jump_cur", 0 0;
v0000026159675c80_0 .net "mem_wb_jump_next", 0 0, L_00000261596d7580;  1 drivers
v00000261596756e0_0 .var "mem_wb_load_data_cur", 31 0;
v0000026159675500_0 .net "mem_wb_load_data_next", 31 0, L_00000261596d62c0;  1 drivers
v00000261596758c0_0 .var "mem_wb_lui_cur", 0 0;
v00000261596750a0_0 .net "mem_wb_lui_next", 0 0, L_00000261596d7bc0;  1 drivers
v0000026159676860_0 .var "mem_wb_mem_to_reg_cur", 0 0;
v00000261596764a0_0 .net "mem_wb_mem_to_reg_next", 0 0, L_00000261596d6860;  1 drivers
v0000026159675140_0 .var "mem_wb_misalign_trap_cur", 0 0;
v00000261596755a0_0 .net "mem_wb_misalign_trap_next", 0 0, L_00000261596d5be0;  1 drivers
v00000261596753c0_0 .var "mem_wb_next_pc_cur", 31 0;
v00000261596760e0_0 .net "mem_wb_next_pc_next", 31 0, L_00000261596d6ea0;  1 drivers
v0000026159676b80_0 .var "mem_wb_offset_cur", 31 0;
v0000026159675dc0_0 .net "mem_wb_offset_next", 31 0, L_00000261596d5aa0;  1 drivers
v0000026159676180_0 .var "mem_wb_pc_cur", 31 0;
v00000261596767c0_0 .var "mem_wb_pc_misalign_trap_cur", 0 0;
v0000026159676680_0 .net "mem_wb_pc_misalign_trap_next", 0 0, L_00000261596d5f00;  1 drivers
v0000026159674d80_0 .net "mem_wb_pc_next", 31 0, L_00000261596d60e0;  1 drivers
v0000026159676540_0 .var "mem_wb_pc_plus4_cur", 31 0;
v0000026159676220_0 .net "mem_wb_pc_plus4_next", 31 0, L_00000261596d6680;  1 drivers
v00000261596765e0_0 .var "mem_wb_rd_waddr_cur", 4 0;
v0000026159675fa0_0 .net "mem_wb_rd_waddr_next", 4 0, L_00000261596d73a0;  1 drivers
v0000026159674ce0_0 .var "mem_wb_reg_write_cur", 0 0;
v0000026159676ea0_0 .net "mem_wb_reg_write_next", 0 0, L_00000261596d7620;  1 drivers
v0000026159676e00_0 .var "mem_wb_rs1_raddr_cur", 4 0;
v0000026159675460_0 .net "mem_wb_rs1_raddr_next", 4 0, L_00000261596d5dc0;  1 drivers
v0000026159676a40_0 .var "mem_wb_rs1_rdata_cur", 31 0;
v00000261596762c0_0 .net "mem_wb_rs1_rdata_next", 31 0, L_00000261596d65e0;  1 drivers
v0000026159676900_0 .var "mem_wb_rs2_raddr_cur", 4 0;
v0000026159675a00_0 .net "mem_wb_rs2_raddr_next", 4 0, L_00000261596d5a00;  1 drivers
v0000026159675960_0 .var "mem_wb_rs2_rdata_cur", 31 0;
v0000026159676400_0 .net "mem_wb_rs2_rdata_next", 31 0, L_00000261596d7080;  1 drivers
v0000026159676fe0_0 .var "mem_wb_valid_cur", 0 0;
v00000261596769a0_0 .net "mem_wb_valid_next", 0 0, L_0000026159735d90;  1 drivers
v0000026159675aa0_0 .net "mem_write_en_cur", 0 0, L_0000026159734890;  1 drivers
v0000026159676c20_0 .net "o_dmem_addr", 31 0, L_0000026159735cb0;  alias, 1 drivers
v0000026159676cc0_0 .net "o_dmem_mask", 3 0, L_00000261596d6e00;  alias, 1 drivers
v0000026159676f40_0 .net "o_dmem_ren", 0 0, L_0000026159736b20;  alias, 1 drivers
v0000026159675b40_0 .net "o_dmem_wdata", 31 0, L_00000261597367a0;  alias, 1 drivers
v0000026159677080_0 .net "o_dmem_wen", 0 0, L_0000026159735150;  alias, 1 drivers
v0000026159675e60_0 .net "o_imem_raddr", 31 0, L_000002615970e430;  alias, 1 drivers
v0000026159674920_0 .net "o_imem_ren", 0 0, L_000002615970dc50;  alias, 1 drivers
v0000026159675780_0 .net "o_retire_dmem_addr", 31 0, L_0000026159736260;  alias, 1 drivers
v00000261596749c0_0 .net "o_retire_dmem_mask", 3 0, L_0000026159736110;  alias, 1 drivers
v0000026159675f00_0 .net "o_retire_dmem_rdata", 31 0, L_0000026159736420;  alias, 1 drivers
v0000026159675820_0 .net "o_retire_dmem_ren", 0 0, L_00000261597360a0;  alias, 1 drivers
v0000026159674ec0_0 .net "o_retire_dmem_wdata", 31 0, L_00000261597363b0;  alias, 1 drivers
v00000261596751e0_0 .net "o_retire_dmem_wen", 0 0, L_0000026159736730;  alias, 1 drivers
v0000026159674ba0_0 .net "o_retire_halt", 0 0, L_0000026159735c40;  alias, 1 drivers
v0000026159676040_0 .net "o_retire_inst", 31 0, L_0000026159735230;  alias, 1 drivers
v0000026159674e20_0 .net "o_retire_next_pc", 31 0, L_00000261597366c0;  alias, 1 drivers
v0000026159675000_0 .net "o_retire_pc", 31 0, L_0000026159736650;  alias, 1 drivers
v0000026159675280_0 .net "o_retire_rd_waddr", 4 0, L_00000261596d7800;  alias, 1 drivers
v0000026159675320_0 .net "o_retire_rd_wdata", 31 0, L_00000261597359a0;  alias, 1 drivers
v0000026159675640_0 .net "o_retire_rs1_raddr", 4 0, L_0000026159735460;  alias, 1 drivers
v0000026159678520_0 .net "o_retire_rs1_rdata", 31 0, L_0000026159735fc0;  alias, 1 drivers
v0000026159677d00_0 .net "o_retire_rs2_raddr", 4 0, L_0000026159735930;  alias, 1 drivers
v0000026159678980_0 .net "o_retire_rs2_rdata", 31 0, L_0000026159735620;  alias, 1 drivers
v0000026159678a20_0 .net "o_retire_trap", 0 0, L_0000026159735380;  alias, 1 drivers
v0000026159677300_0 .net "o_retire_valid", 0 0, L_00000261597368f0;  alias, 1 drivers
v00000261596785c0_0 .var "pc_cur", 31 0;
v0000026159677da0_0 .net "pc_next", 31 0, L_00000261596eaae0;  1 drivers
v0000026159677f80_0 .var "ras_head_cur", 2 0;
v00000261596776c0_0 .net "ras_pop_fire_cur", 0 0, L_000002615970cfa0;  1 drivers
v0000026159678020_0 .net "ras_push_fire_cur", 0 0, L_000002615970dda0;  1 drivers
v00000261596783e0 .array "ras_stack_cur", 0 7, 31 0;
v0000026159678ac0_0 .var "ras_valid_cur", 0 0;
v0000026159678ca0_0 .net "retire_halt_cur", 0 0, L_0000026159735e00;  1 drivers
v0000026159678b60_0 .net "wb_trap_cur", 0 0, L_00000261597353f0;  1 drivers
v0000026159677800_0 .net "wb_write_data_cur", 31 0, L_00000261596d5c80;  1 drivers
v0000026159678700_0 .net "wb_write_enable_cur", 0 0, L_0000026159735a80;  1 drivers
L_00000261596e8100 .arith/sum 32, v00000261596785c0_0, L_0000026159680390;
L_00000261596e95a0 .part L_000002615970c910, 2, 7;
L_00000261596e8600 .part L_000002615970c910, 9, 23;
L_00000261596e8ba0 .part/v v0000026159665d80_0, L_00000261596e95a0, 1;
L_00000261596e72a0 .array/port v00000261596668c0, L_00000261596e86a0;
L_00000261596e86a0 .concat [ 7 2 0 0], L_00000261596e95a0, L_00000261596803d8;
L_00000261596e9640 .cmp/eq 23, L_00000261596e72a0, L_00000261596e8600;
L_00000261596e8a60 .part/v v00000261596698e0_0, L_00000261596e95a0, 1;
L_00000261596e7520 .array/port v0000026159666960, L_00000261596e7700;
L_00000261596e7700 .concat [ 7 2 0 0], L_00000261596e95a0, L_0000026159680420;
L_00000261596e8740 .cmp/eq 23, L_00000261596e7520, L_00000261596e8600;
L_00000261596e89c0 .array/port v00000261596659c0, L_00000261596e8c40;
L_00000261596e8c40 .concat [ 7 2 0 0], L_00000261596e95a0, L_0000026159680468;
L_00000261596e8e20 .array/port v0000026159668080, L_00000261596e9780;
L_00000261596e9780 .concat [ 7 2 0 0], L_00000261596e95a0, L_00000261596804b0;
L_00000261596e7340 .functor MUXZ 32, L_00000261596e8e20, L_00000261596e89c0, L_000002615970bf00, C4<>;
L_00000261596e8ec0 .array/port v0000026159667e00, L_00000261596e8f60;
L_00000261596e8f60 .concat [ 7 2 0 0], L_00000261596e95a0, L_00000261596804f8;
L_00000261596e7480 .array/port v0000026159667ae0, L_00000261596e73e0;
L_00000261596e73e0 .concat [ 7 2 0 0], L_00000261596e95a0, L_0000026159680540;
L_00000261596eb940 .functor MUXZ 2, L_00000261596e7480, L_00000261596e8ec0, L_000002615970bf00, C4<>;
L_00000261596eb300 .part L_000002615970c910, 2, 10;
L_00000261596ea2c0 .part/v v00000261596666e0_0, L_000002615970b790, 1;
L_00000261596e9d20 .array/port v0000026159667a40, L_00000261596ea5e0;
L_00000261596ea5e0 .concat [ 10 2 0 0], L_000002615970b790, L_0000026159680588;
L_00000261596e9be0 .functor MUXZ 2, L_00000261596805d0, L_00000261596e9d20, L_00000261596ea2c0, C4<>;
L_00000261596ea720 .part L_000002615970bdb0, 0, 7;
L_00000261596eba80 .cmp/eq 7, L_00000261596ea720, L_0000026159680618;
L_00000261596eb260 .part L_000002615970bdb0, 0, 7;
L_00000261596ebbc0 .cmp/eq 7, L_00000261596eb260, L_0000026159680660;
L_00000261596eac20 .part L_000002615970bdb0, 31, 1;
LS_00000261596eaf40_0_0 .concat [ 1 1 1 1], L_00000261596eac20, L_00000261596eac20, L_00000261596eac20, L_00000261596eac20;
LS_00000261596eaf40_0_4 .concat [ 1 1 1 1], L_00000261596eac20, L_00000261596eac20, L_00000261596eac20, L_00000261596eac20;
LS_00000261596eaf40_0_8 .concat [ 1 1 1 1], L_00000261596eac20, L_00000261596eac20, L_00000261596eac20, L_00000261596eac20;
LS_00000261596eaf40_0_12 .concat [ 1 1 1 1], L_00000261596eac20, L_00000261596eac20, L_00000261596eac20, L_00000261596eac20;
LS_00000261596eaf40_0_16 .concat [ 1 1 1 1], L_00000261596eac20, L_00000261596eac20, L_00000261596eac20, L_00000261596eac20;
LS_00000261596eaf40_1_0 .concat [ 4 4 4 4], LS_00000261596eaf40_0_0, LS_00000261596eaf40_0_4, LS_00000261596eaf40_0_8, LS_00000261596eaf40_0_12;
LS_00000261596eaf40_1_4 .concat [ 4 0 0 0], LS_00000261596eaf40_0_16;
L_00000261596eaf40 .concat [ 16 4 0 0], LS_00000261596eaf40_1_0, LS_00000261596eaf40_1_4;
L_00000261596e9dc0 .part L_000002615970bdb0, 7, 1;
L_00000261596ebc60 .part L_000002615970bdb0, 25, 6;
L_00000261596eb120 .part L_000002615970bdb0, 8, 4;
LS_00000261596ea7c0_0_0 .concat [ 1 4 6 1], L_00000261596806a8, L_00000261596eb120, L_00000261596ebc60, L_00000261596e9dc0;
LS_00000261596ea7c0_0_4 .concat [ 20 0 0 0], L_00000261596eaf40;
L_00000261596ea7c0 .concat [ 12 20 0 0], LS_00000261596ea7c0_0_0, LS_00000261596ea7c0_0_4;
L_00000261596ebf80 .part L_000002615970bdb0, 31, 1;
LS_00000261596ead60_0_0 .concat [ 1 1 1 1], L_00000261596ebf80, L_00000261596ebf80, L_00000261596ebf80, L_00000261596ebf80;
LS_00000261596ead60_0_4 .concat [ 1 1 1 1], L_00000261596ebf80, L_00000261596ebf80, L_00000261596ebf80, L_00000261596ebf80;
LS_00000261596ead60_0_8 .concat [ 1 1 1 1], L_00000261596ebf80, L_00000261596ebf80, L_00000261596ebf80, L_00000261596ebf80;
L_00000261596ead60 .concat [ 4 4 4 0], LS_00000261596ead60_0_0, LS_00000261596ead60_0_4, LS_00000261596ead60_0_8;
L_00000261596eb6c0 .part L_000002615970bdb0, 12, 8;
L_00000261596ea400 .part L_000002615970bdb0, 20, 1;
L_00000261596ea540 .part L_000002615970bdb0, 21, 10;
LS_00000261596eae00_0_0 .concat [ 1 10 1 8], L_00000261596806f0, L_00000261596ea540, L_00000261596ea400, L_00000261596eb6c0;
LS_00000261596eae00_0_4 .concat [ 12 0 0 0], L_00000261596ead60;
L_00000261596eae00 .concat [ 20 12 0 0], LS_00000261596eae00_0_0, LS_00000261596eae00_0_4;
L_00000261596ea360 .part L_000002615970bdb0, 31, 1;
L_00000261596ec020 .arith/sum 32, L_000002615970c910, L_00000261596eae00;
L_00000261596eafe0 .arith/sum 32, L_000002615970c910, L_00000261596ea7c0;
L_00000261596eb4e0 .functor MUXZ 32, L_00000261596eafe0, L_00000261596ec020, L_00000261596ebbc0, C4<>;
L_00000261596ea4a0 .part L_000002615970bdb0, 0, 7;
L_00000261596ebd00 .cmp/eq 7, L_00000261596ea4a0, L_0000026159680738;
L_00000261596eb3a0 .part L_000002615970bdb0, 7, 5;
L_00000261596ea040 .part L_000002615970bdb0, 15, 5;
L_00000261596eb080 .cmp/eq 5, L_00000261596eb3a0, L_0000026159680780;
L_00000261596eb1c0 .cmp/eq 5, L_00000261596eb3a0, L_00000261596807c8;
L_00000261596eb440 .cmp/eq 5, L_00000261596ea040, L_0000026159680810;
L_00000261596eb760 .cmp/eq 5, L_00000261596ea040, L_0000026159680858;
L_00000261596ea680 .cmp/eq 5, L_00000261596eb3a0, L_00000261596808a0;
L_00000261596eb580 .cmp/ne 5, L_00000261596eb3a0, L_00000261596ea040;
L_00000261596ebb20 .array/port v00000261596783e0, L_00000261596ea860;
L_00000261596ea9a0 .arith/sub 3, v0000026159677f80_0, L_00000261596808e8;
L_00000261596ea860 .concat [ 3 2 0 0], L_00000261596ea9a0, L_0000026159680930;
L_00000261596eaa40 .part L_00000261596e9be0, 1, 1;
L_00000261596ea220 .part L_00000261596eb940, 1, 1;
L_00000261596eb620 .functor MUXZ 1, L_00000261596ea220, L_00000261596eaa40, L_000002615970e660, C4<>;
L_00000261596ea900 .functor MUXZ 1, L_00000261596eb620, L_0000026159680978, L_000002615970dfd0, C4<>;
L_00000261596ebda0 .functor MUXZ 1, L_000002615970c2f0, L_00000261596ea900, L_000002615970bb80, C4<>;
L_00000261596e9aa0 .functor MUXZ 32, L_00000261596e8100, L_00000261596e7340, L_00000261596ea900, C4<>;
L_00000261596e9fa0 .functor MUXZ 32, L_00000261596e8100, L_00000261596eb4e0, L_000002615970c2f0, C4<>;
L_00000261596eb800 .functor MUXZ 32, L_00000261596e9fa0, L_00000261596e9aa0, L_000002615970bb80, C4<>;
L_00000261596e9e60 .functor MUXZ 32, L_00000261596eb800, L_000002615970c8a0, L_000002615970d390, C4<>;
L_00000261596e9b40 .functor MUXZ 32, L_000002615970e120, L_00000261596f1f20, L_0000026159739440, C4<>;
L_00000261596eaae0 .functor MUXZ 32, L_00000261596e9b40, L_00000261596d3f20, L_00000261597344a0, C4<>;
L_00000261596eab80 .functor MUXZ 32, L_000002615970c910, v00000261596737a0_0, v0000026159674740_0, C4<>;
L_00000261596ebe40 .functor MUXZ 32, L_000002615970c910, v00000261596737a0_0, v0000026159674740_0, C4<>;
L_00000261596eb8a0 .part L_000002615970bdb0, 0, 7;
L_00000261596eb9e0 .cmp/eq 7, L_00000261596eb8a0, L_00000261596809c0;
L_00000261596ebee0 .part L_000002615970bdb0, 0, 7;
L_00000261596eacc0 .cmp/eq 7, L_00000261596ebee0, L_0000026159680a08;
L_00000261596eaea0 .part L_000002615970bdb0, 31, 1;
LS_00000261596ec0c0_0_0 .concat [ 1 1 1 1], L_00000261596eaea0, L_00000261596eaea0, L_00000261596eaea0, L_00000261596eaea0;
LS_00000261596ec0c0_0_4 .concat [ 1 1 1 1], L_00000261596eaea0, L_00000261596eaea0, L_00000261596eaea0, L_00000261596eaea0;
LS_00000261596ec0c0_0_8 .concat [ 1 1 1 1], L_00000261596eaea0, L_00000261596eaea0, L_00000261596eaea0, L_00000261596eaea0;
LS_00000261596ec0c0_0_12 .concat [ 1 1 1 1], L_00000261596eaea0, L_00000261596eaea0, L_00000261596eaea0, L_00000261596eaea0;
LS_00000261596ec0c0_0_16 .concat [ 1 1 1 1], L_00000261596eaea0, L_00000261596eaea0, L_00000261596eaea0, L_00000261596eaea0;
LS_00000261596ec0c0_1_0 .concat [ 4 4 4 4], LS_00000261596ec0c0_0_0, LS_00000261596ec0c0_0_4, LS_00000261596ec0c0_0_8, LS_00000261596ec0c0_0_12;
LS_00000261596ec0c0_1_4 .concat [ 4 0 0 0], LS_00000261596ec0c0_0_16;
L_00000261596ec0c0 .concat [ 16 4 0 0], LS_00000261596ec0c0_1_0, LS_00000261596ec0c0_1_4;
L_00000261596e9960 .part L_000002615970bdb0, 7, 1;
L_00000261596e9a00 .part L_000002615970bdb0, 25, 6;
L_00000261596e9c80 .part L_000002615970bdb0, 8, 4;
LS_00000261596e9f00_0_0 .concat [ 1 4 6 1], L_0000026159680a50, L_00000261596e9c80, L_00000261596e9a00, L_00000261596e9960;
LS_00000261596e9f00_0_4 .concat [ 20 0 0 0], L_00000261596ec0c0;
L_00000261596e9f00 .concat [ 12 20 0 0], LS_00000261596e9f00_0_0, LS_00000261596e9f00_0_4;
L_00000261596ea0e0 .part L_000002615970bdb0, 31, 1;
LS_00000261596ea180_0_0 .concat [ 1 1 1 1], L_00000261596ea0e0, L_00000261596ea0e0, L_00000261596ea0e0, L_00000261596ea0e0;
LS_00000261596ea180_0_4 .concat [ 1 1 1 1], L_00000261596ea0e0, L_00000261596ea0e0, L_00000261596ea0e0, L_00000261596ea0e0;
LS_00000261596ea180_0_8 .concat [ 1 1 1 1], L_00000261596ea0e0, L_00000261596ea0e0, L_00000261596ea0e0, L_00000261596ea0e0;
L_00000261596ea180 .concat [ 4 4 4 0], LS_00000261596ea180_0_0, LS_00000261596ea180_0_4, LS_00000261596ea180_0_8;
L_00000261596ec520 .part L_000002615970bdb0, 12, 8;
L_00000261596ecac0 .part L_000002615970bdb0, 20, 1;
L_00000261596ee780 .part L_000002615970bdb0, 21, 10;
LS_00000261596eca20_0_0 .concat [ 1 10 1 8], L_0000026159680a98, L_00000261596ee780, L_00000261596ecac0, L_00000261596ec520;
LS_00000261596eca20_0_4 .concat [ 12 0 0 0], L_00000261596ea180;
L_00000261596eca20 .concat [ 20 12 0 0], LS_00000261596eca20_0_0, LS_00000261596eca20_0_4;
L_00000261596ee460 .part L_000002615970bdb0, 31, 1;
L_00000261596ed420 .arith/sum 32, L_00000261596ebe40, L_00000261596eca20;
L_00000261596ec660 .arith/sum 32, L_00000261596ebe40, L_00000261596e9f00;
L_00000261596ee0a0 .functor MUXZ 32, L_00000261596ec660, L_00000261596ed420, L_00000261596eacc0, C4<>;
L_00000261596ee280 .functor MUXZ 1, L_000002615970d860, L_000002615970def0, v0000026159674740_0, C4<>;
L_00000261596ee8c0 .functor MUXZ 32, v00000261596746a0_0, L_00000261596ee0a0, L_000002615970de80, C4<>;
L_00000261596ed560 .functor MUXZ 32, L_00000261596ee8c0, v00000261596746a0_0, v00000261596724e0_0, C4<>;
L_00000261596ed4c0 .functor MUXZ 32, L_00000261596e9e60, L_00000261596ed560, v0000026159674740_0, C4<>;
L_00000261596edce0 .arith/sum 32, L_00000261596ebe40, L_0000026159680ae0;
L_00000261596ef360 .part v00000261596706e0_0, 0, 7;
L_00000261596ef4a0 .cmp/eq 7, L_00000261596ef360, L_0000026159681620;
L_00000261596f01c0 .cmp/eq 7, L_00000261596ef360, L_0000026159681668;
L_00000261596f0440 .cmp/eq 7, L_00000261596ef360, L_00000261596816b0;
L_00000261596ee960 .cmp/eq 7, L_00000261596ef360, L_00000261596816f8;
L_00000261596efd60 .cmp/eq 7, L_00000261596ef360, L_0000026159681740;
L_00000261596f0940 .cmp/eq 7, L_00000261596ef360, L_0000026159681788;
L_00000261596ef0e0 .cmp/eq 7, L_00000261596ef360, L_00000261596817d0;
L_00000261596f09e0 .cmp/eq 7, L_00000261596ef360, L_0000026159681818;
L_00000261596eec80 .cmp/eq 7, L_00000261596ef360, L_0000026159681860;
L_00000261596efb80 .cmp/eq 7, L_00000261596ef360, L_00000261596818a8;
L_00000261596ef540 .cmp/eq 7, L_00000261596ef360, L_00000261596818f0;
L_00000261596efcc0 .cmp/eq 7, L_00000261596ef360, L_0000026159681938;
L_00000261596eeaa0 .cmp/eq 7, L_00000261596ef360, L_0000026159681980;
L_00000261596ef180 .cmp/eq 7, L_00000261596ef360, L_00000261596819c8;
L_00000261596ef220 .part v00000261596706e0_0, 12, 3;
L_00000261596eebe0 .cmp/ne 5, v0000026159669200_0, L_0000026159681a10;
L_00000261596f0300 .cmp/eq 5, v0000026159669200_0, L_00000261596edec0;
L_00000261596eff40 .cmp/ne 5, v0000026159669200_0, L_0000026159681a58;
L_00000261596eee60 .cmp/eq 5, v0000026159669200_0, L_00000261596ee640;
L_00000261596f04e0 .cmp/ne 5, v00000261596765e0_0, L_0000026159681aa0;
L_00000261596ef720 .cmp/eq 5, v00000261596765e0_0, L_00000261596edec0;
L_00000261596eef00 .cmp/ne 5, v00000261596765e0_0, L_0000026159681ae8;
L_00000261596ef2c0 .cmp/eq 5, v00000261596765e0_0, L_00000261596ee640;
L_00000261596ef680 .functor MUXZ 32, v000002615962e520_0, v000002615966f7e0_0, v000002615966dda0_0, C4<>;
L_00000261596eefa0 .functor MUXZ 32, L_00000261596ef680, v000002615966d940_0, v000002615966f600_0, C4<>;
L_00000261596f0760 .cmp/ne 5, v000002615966d260_0, L_0000026159681b30;
L_00000261596f0580 .cmp/eq 5, v000002615966d260_0, L_00000261596edec0;
L_00000261596ef040 .cmp/ne 5, v000002615966d260_0, L_0000026159681b78;
L_00000261596efea0 .cmp/eq 5, v000002615966d260_0, L_00000261596ee640;
L_00000261596ef7c0 .functor MUXZ 32, L_00000261596ecde0, L_000002615973a390, L_0000026159707f20, C4<>;
L_00000261596ef860 .functor MUXZ 32, L_00000261596ef7c0, L_00000261596f17a0, L_0000026159708070, C4<>;
L_00000261596efc20 .functor MUXZ 32, L_00000261596ef860, L_00000261596eefa0, L_0000026159708000, C4<>;
L_00000261596ef900 .functor MUXZ 32, L_00000261596ee000, L_000002615973a390, L_0000026159708e00, C4<>;
L_00000261596ef9a0 .functor MUXZ 32, L_00000261596ef900, L_00000261596f17a0, L_0000026159708d90, C4<>;
L_00000261596f0620 .functor MUXZ 32, L_00000261596ef9a0, L_00000261596eefa0, L_0000026159708b60, C4<>;
L_00000261596f06c0 .cmp/ne 5, v000002615966d260_0, L_0000026159681bc0;
L_00000261596f08a0 .cmp/eq 5, v000002615966d260_0, L_00000261596edec0;
L_00000261596f1980 .cmp/ne 5, v000002615966d260_0, L_0000026159681c08;
L_00000261596f1a20 .cmp/eq 5, v000002615966d260_0, L_00000261596ee640;
L_00000261596f2100 .cmp/eq 32, L_00000261596efc20, L_00000261596f0620;
L_00000261596f2c40 .part L_00000261596efc20, 31, 1;
L_00000261596f1ac0 .part L_00000261596f0620, 31, 1;
L_00000261596f2ba0 .part L_00000261596efc20, 31, 1;
L_00000261596f3000 .cmp/gt 32, L_00000261596f0620, L_00000261596efc20;
L_00000261596f1200 .functor MUXZ 1, L_00000261596f3000, L_00000261596f2ba0, L_0000026159709260, C4<>;
L_00000261596f2560 .cmp/gt 32, L_00000261596f0620, L_00000261596efc20;
L_00000261596f1b60 .cmp/eq 3, L_00000261596ef220, L_0000026159681c50;
L_00000261596f21a0 .cmp/eq 3, L_00000261596ef220, L_0000026159681c98;
L_00000261596f1660 .cmp/eq 3, L_00000261596ef220, L_0000026159681ce0;
L_00000261596f22e0 .cmp/eq 3, L_00000261596ef220, L_0000026159681d28;
L_00000261596f1fc0 .cmp/eq 3, L_00000261596ef220, L_0000026159681d70;
L_00000261596f27e0 .cmp/eq 3, L_00000261596ef220, L_0000026159681db8;
L_00000261596f2ce0 .functor MUXZ 1, L_0000026159681e00, L_00000261597081c0, L_00000261596f27e0, C4<>;
L_00000261596f2740 .functor MUXZ 1, L_00000261596f2ce0, L_00000261596f2560, L_00000261596f1fc0, C4<>;
L_00000261596f1ca0 .functor MUXZ 1, L_00000261596f2740, L_0000026159707c10, L_00000261596f22e0, C4<>;
L_00000261596f1c00 .functor MUXZ 1, L_00000261596f1ca0, L_00000261596f1200, L_00000261596f1660, C4<>;
L_00000261596f1e80 .functor MUXZ 1, L_00000261596f1c00, L_0000026159707820, L_00000261596f21a0, C4<>;
L_00000261596f1700 .functor MUXZ 1, L_00000261596f1e80, L_00000261596f2100, L_00000261596f1b60, C4<>;
L_00000261596f2240 .arith/sum 32, L_0000026159708f50, L_00000261596eeb40;
L_00000261596f1520 .arith/sum 32, L_0000026159708f50, L_00000261596eeb40;
L_00000261596f1160 .functor MUXZ 32, L_00000261596f2240, L_00000261596f1520, L_00000261596eeaa0, C4<>;
L_00000261596f2420 .part L_00000261596f1160, 0, 2;
L_00000261596f1d40 .reduce/or L_00000261596f2420;
L_00000261596f1f20 .functor MUXZ 32, L_00000261597083f0, L_00000261596f1160, L_0000026159738950, C4<>;
L_00000261596f2d80 .functor MUXZ 32, L_00000261597083f0, v0000026159670be0_0, v000002615966fd80_0, C4<>;
L_00000261596f2060 .cmp/ne 32, L_00000261596f1f20, L_00000261596f2d80;
L_00000261596f26a0 .part v00000261596706e0_0, 0, 7;
L_00000261596f2380 .part v00000261596706e0_0, 12, 3;
L_00000261596f1de0 .part v00000261596706e0_0, 25, 7;
L_00000261596f2e20 .functor MUXZ 32, v0000026159669f20_0, v00000261596688a0_0, v0000026159669fc0_0, C4<>;
L_00000261596f17a0 .functor MUXZ 32, L_00000261596f2e20, v00000261596690c0_0, v000002615966a740_0, C4<>;
L_00000261596f24c0 .cmp/ne 5, v0000026159669200_0, L_0000026159681f20;
L_00000261596f2600 .cmp/eq 5, v0000026159669200_0, v000002615966d3a0_0;
L_00000261596f2ec0 .cmp/ne 5, v0000026159669200_0, L_0000026159681f68;
L_00000261596f2880 .cmp/eq 5, v0000026159669200_0, v000002615966d120_0;
L_00000261596f2920 .cmp/ne 5, v0000026159669200_0, L_0000026159681fb0;
L_00000261596f29c0 .cmp/eq 5, v0000026159669200_0, v000002615966d3a0_0;
L_00000261596f2a60 .cmp/ne 5, v0000026159669200_0, L_0000026159681ff8;
L_00000261596f2b00 .cmp/eq 5, v0000026159669200_0, v000002615966d120_0;
L_00000261596f2f60 .cmp/ne 5, v00000261596765e0_0, L_0000026159682040;
L_00000261596f12a0 .cmp/eq 5, v00000261596765e0_0, v000002615966d3a0_0;
L_00000261596f1340 .cmp/ne 5, v00000261596765e0_0, L_0000026159682088;
L_00000261596f13e0 .cmp/eq 5, v00000261596765e0_0, v000002615966d120_0;
L_00000261596f1480 .functor MUXZ 2, L_0000026159682160, L_0000026159682118, L_000002615973a9b0, C4<>;
L_00000261596f15c0 .functor MUXZ 2, L_00000261596f1480, L_00000261596820d0, L_0000026159739d00, C4<>;
L_00000261596f1840 .functor MUXZ 2, L_0000026159682238, L_00000261596821f0, L_000002615973abe0, C4<>;
L_00000261596f18e0 .functor MUXZ 2, L_00000261596f1840, L_00000261596821a8, L_0000026159739670, C4<>;
L_00000261596d5500 .functor MUXZ 2, L_00000261596f15c0, L_0000026159682280, v000002615966aec0_0, C4<>;
L_00000261596d3340 .functor MUXZ 2, L_00000261596f18e0, L_00000261596822c8, v000002615966af60_0, C4<>;
L_00000261596d4c40 .cmp/eq 2, L_00000261596f15c0, L_0000026159682310;
L_00000261596d5140 .cmp/eq 2, L_00000261596f15c0, L_0000026159682358;
L_00000261596d3de0 .functor MUXZ 32, v000002615966eb60_0, L_000002615973a390, L_00000261596d5140, C4<>;
L_00000261596d4740 .functor MUXZ 32, L_00000261596d3de0, L_00000261596f17a0, L_00000261596d4c40, C4<>;
L_00000261596d4060 .functor MUXZ 32, L_00000261596d4740, L_00000261597357e0, L_000002615973a860, C4<>;
L_00000261596d4a60 .cmp/eq 2, L_00000261596f18e0, L_00000261596823a0;
L_00000261596d5780 .cmp/eq 2, L_00000261596f18e0, L_00000261596823e8;
L_00000261596d3ac0 .functor MUXZ 32, v000002615966d440_0, L_000002615973a390, L_00000261596d5780, C4<>;
L_00000261596d3520 .functor MUXZ 32, L_00000261596d3ac0, L_00000261596f17a0, L_00000261596d4a60, C4<>;
L_00000261596d5820 .functor MUXZ 32, L_00000261596d3520, L_00000261597357e0, L_000002615973a630, C4<>;
L_00000261596d44c0 .cmp/eq 2, L_00000261596d5500, L_0000026159682430;
L_00000261596d5460 .functor MUXZ 32, L_00000261596d4060, v000002615966ef20_0, L_00000261596d44c0, C4<>;
L_00000261596d3ca0 .cmp/eq 2, L_00000261596d3340, L_0000026159682478;
L_00000261596d3d40 .functor MUXZ 32, L_00000261596d5820, v000002615966f7e0_0, L_00000261596d3ca0, C4<>;
L_00000261596d4560 .arith/sum 32, v000002615966ef20_0, v000002615966f7e0_0;
L_00000261596d5640 .arith/sum 32, L_00000261596d5460, v000002615966f7e0_0;
L_00000261596d35c0 .arith/sum 32, v000002615966ef20_0, v000002615966f7e0_0;
L_00000261596d3e80 .functor MUXZ 32, L_00000261596d35c0, L_00000261596d5640, v000002615966df80_0, C4<>;
L_00000261596d4600 .part L_00000261596d3e80, 1, 31;
L_00000261596d56e0 .concat [ 1 31 0 0], L_00000261596824c0, L_00000261596d4600;
L_00000261596d41a0 .functor MUXZ 32, L_00000261596d3e80, L_00000261596d56e0, v000002615966df80_0, C4<>;
L_00000261596d58c0 .functor MUXZ 32, L_00000261596d4560, L_00000261596d41a0, v000002615966f600_0, C4<>;
L_00000261596d4380 .cmp/eq 3, v000002615966c860_0, L_0000026159682508;
L_00000261596d5280 .cmp/eq 3, v000002615966c860_0, L_0000026159682550;
L_00000261596d4ba0 .cmp/eq 3, v000002615966c860_0, L_0000026159682598;
L_00000261596d4880 .cmp/eq 3, v000002615966c860_0, L_00000261596825e0;
L_00000261596d5320 .cmp/eq 3, v000002615966c860_0, L_0000026159682628;
L_00000261596d42e0 .cmp/eq 3, v000002615966c860_0, L_0000026159682670;
L_00000261596d4240 .functor MUXZ 1, L_00000261596826b8, L_00000261597350e0, L_00000261596d42e0, C4<>;
L_00000261596d4920 .functor MUXZ 1, L_00000261596d4240, L_000002615973b3c0, L_00000261596d5320, C4<>;
L_00000261596d46a0 .functor MUXZ 1, L_00000261596d4920, L_00000261597340b0, L_00000261596d4880, C4<>;
L_00000261596d3a20 .functor MUXZ 1, L_00000261596d46a0, L_000002615973b3c0, L_00000261596d4ba0, C4<>;
L_00000261596d32a0 .functor MUXZ 1, L_00000261596d3a20, L_0000026159734d60, L_00000261596d5280, C4<>;
L_00000261596d37a0 .functor MUXZ 1, L_00000261596d32a0, L_00000261596d55a0, L_00000261596d4380, C4<>;
L_00000261596d49c0 .part L_00000261596d58c0, 0, 2;
L_00000261596d3b60 .reduce/or L_00000261596d49c0;
L_00000261596d3f20 .functor MUXZ 32, v000002615966d940_0, L_00000261596d58c0, L_00000261597347b0, C4<>;
L_00000261596d4b00 .functor MUXZ 32, v000002615966d940_0, v000002615966d9e0_0, v000002615966ea20_0, C4<>;
L_00000261596d3840 .cmp/ne 32, L_00000261596d3f20, L_00000261596d4b00;
L_00000261596d4ce0 .part v000002615966ef20_0, 2, 7;
L_00000261596d4d80 .part v000002615966ef20_0, 9, 23;
L_00000261596d4100 .part/v v0000026159665d80_0, L_00000261596d4ce0, 1;
L_00000261596d3660 .array/port v00000261596668c0, L_00000261596d4e20;
L_00000261596d4e20 .concat [ 7 2 0 0], L_00000261596d4ce0, L_0000026159682700;
L_00000261596d4ec0 .cmp/eq 23, L_00000261596d3660, L_00000261596d4d80;
L_00000261596d4f60 .part/v v00000261596698e0_0, L_00000261596d4ce0, 1;
L_00000261596d3c00 .array/port v0000026159666960, L_00000261596d50a0;
L_00000261596d50a0 .concat [ 7 2 0 0], L_00000261596d4ce0, L_0000026159682748;
L_00000261596d3160 .cmp/eq 23, L_00000261596d3c00, L_00000261596d4d80;
L_00000261596d3200 .part/v v0000026159665d80_0, L_00000261596d4ce0, 1;
L_00000261596d33e0 .part/v v00000261596698e0_0, L_00000261596d4ce0, 1;
L_00000261596d3480 .part/v v0000026159666780_0, L_00000261596d4ce0, 1;
L_00000261596d3700 .functor MUXZ 1, L_00000261596d3480, L_0000026159682868, L_0000026159734350, C4<>;
L_00000261596d38e0 .functor MUXZ 1, L_00000261596d3700, L_0000026159682820, L_0000026159734510, C4<>;
L_00000261596d3980 .functor MUXZ 1, L_00000261596d38e0, L_00000261596827d8, L_0000026159733e10, C4<>;
L_00000261596d7f80 .functor MUXZ 1, L_00000261596d3980, L_0000026159682790, L_0000026159733710, C4<>;
L_00000261596d6cc0 .cmp/ne 5, v00000261596765e0_0, L_00000261596828b0;
L_00000261596d76c0 .cmp/eq 5, v00000261596765e0_0, v000002615966ac40_0;
L_00000261596d6040 .functor MUXZ 32, v000002615966ca40_0, v00000261596756e0_0, L_0000026159733b00, C4<>;
L_00000261596d6e00 .functor MUXZ 4, L_0000026159682b80, L_0000026159682b38, L_0000026159736c70, C4<>;
L_00000261596d60e0 .functor MUXZ 32, L_0000026159682bc8, v0000026159668580_0, L_0000026159735bd0, C4<>;
L_00000261596d6680 .functor MUXZ 32, L_0000026159682c10, v00000261596690c0_0, L_0000026159735bd0, C4<>;
L_00000261596d6ea0 .functor MUXZ 32, L_0000026159682c58, v0000026159668760_0, L_0000026159735bd0, C4<>;
L_00000261596d6540 .functor MUXZ 32, L_0000026159682ca0, v000002615966a600_0, L_0000026159735bd0, C4<>;
L_00000261596d5dc0 .functor MUXZ 5, L_0000026159682ce8, v0000026159669980_0, L_0000026159735bd0, C4<>;
L_00000261596d5a00 .functor MUXZ 5, L_0000026159682d30, v000002615966ac40_0, L_0000026159735bd0, C4<>;
L_00000261596d73a0 .functor MUXZ 5, L_0000026159682d78, v0000026159669200_0, L_0000026159735bd0, C4<>;
L_00000261596d65e0 .functor MUXZ 32, L_0000026159682dc0, v000002615966c5e0_0, L_0000026159735bd0, C4<>;
L_00000261596d7080 .functor MUXZ 32, L_0000026159682e08, v000002615966ccc0_0, L_0000026159735bd0, C4<>;
L_00000261596d5aa0 .functor MUXZ 32, L_0000026159682e50, v00000261596688a0_0, L_0000026159735bd0, C4<>;
L_00000261596d7120 .functor MUXZ 32, L_0000026159682e98, v0000026159669f20_0, L_0000026159735bd0, C4<>;
L_00000261596d62c0 .functor MUXZ 32, L_0000026159682ee0, L_00000261597357e0, L_0000026159735b60, C4<>;
L_00000261596d6360 .functor MUXZ 32, L_0000026159682f28, L_00000261596d64a0, L_0000026159735bd0, C4<>;
L_00000261596d6c20 .functor MUXZ 1, L_0000026159682f70, L_0000026159735e70, L_0000026159735bd0, C4<>;
L_00000261596d71c0 .functor MUXZ 1, L_0000026159682fb8, L_0000026159735af0, L_0000026159735bd0, C4<>;
L_00000261596d7260 .functor MUXZ 4, L_0000026159683000, L_0000026159735d20, L_0000026159735bd0, C4<>;
L_00000261596d5b40 .functor MUXZ 32, L_0000026159683048, L_0000026159735a10, L_0000026159735bd0, C4<>;
L_00000261596d5e60 .functor MUXZ 32, L_0000026159683090, L_00000261596e9500, L_0000026159735b60, C4<>;
L_00000261596d6860 .functor MUXZ 1, L_00000261596830d8, v00000261596681c0_0, L_0000026159735bd0, C4<>;
L_00000261596d7bc0 .functor MUXZ 1, L_0000026159683120, v0000026159669fc0_0, L_0000026159735bd0, C4<>;
L_00000261596d7580 .functor MUXZ 1, L_0000026159683168, v000002615966a740_0, L_0000026159735bd0, C4<>;
L_00000261596d7620 .functor MUXZ 1, L_00000261596831b0, v0000026159669520_0, L_0000026159735bd0, C4<>;
L_00000261596d6900 .functor MUXZ 1, L_00000261596831f8, v00000261596686c0_0, L_0000026159735bd0, C4<>;
L_00000261596d5f00 .functor MUXZ 1, L_0000026159683240, v0000026159668bc0_0, L_0000026159735bd0, C4<>;
L_00000261596d5be0 .functor MUXZ 1, L_0000026159683288, L_00000261597361f0, L_0000026159735bd0, C4<>;
L_00000261596d6ae0 .functor MUXZ 1, L_00000261596832d0, v0000026159668b20_0, L_0000026159735bd0, C4<>;
L_00000261596d7800 .functor MUXZ 5, L_0000026159683318, v00000261596765e0_0, L_0000026159735a80, C4<>;
S_0000026158d6a1f0 .scope module, "u_dcache" "cache" 3 587, 4 3 0, S_00000261595b4470;
 .timescale -9 -12;
    .port_info 0 /INPUT 1 "i_clk";
    .port_info 1 /INPUT 1 "i_rst";
    .port_info 2 /INPUT 1 "i_mem_ready";
    .port_info 3 /OUTPUT 32 "o_mem_addr";
    .port_info 4 /OUTPUT 1 "o_mem_ren";
    .port_info 5 /OUTPUT 1 "o_mem_wen";
    .port_info 6 /OUTPUT 32 "o_mem_wdata";
    .port_info 7 /INPUT 32 "i_mem_rdata";
    .port_info 8 /INPUT 1 "i_mem_valid";
    .port_info 9 /OUTPUT 1 "o_busy";
    .port_info 10 /INPUT 32 "i_req_addr";
    .port_info 11 /INPUT 1 "i_req_ren";
    .port_info 12 /INPUT 1 "i_req_wen";
    .port_info 13 /INPUT 4 "i_req_mask";
    .port_info 14 /INPUT 32 "i_req_wdata";
    .port_info 15 /OUTPUT 32 "o_res_rdata";
P_00000261592670d0 .param/l "D" 1 4 45, +C4<00000000000000000000000000000100>;
P_0000026159267108 .param/l "DEPTH" 1 4 43, +C4<00000000000000000000000001000000>;
P_0000026159267140 .param/l "EARLY_RESTART_EN" 0 4 17, +C4<00000000000000000000000000000001>;
P_0000026159267178 .param/l "LINE_WIDE" 0 4 9, +C4<00000000000000000000000000000000>;
P_00000261592671b0 .param/l "O" 1 4 41, +C4<00000000000000000000000000000100>;
P_00000261592671e8 .param/l "PREFETCH_EN" 0 4 4, +C4<00000000000000000000000000000001>;
P_0000026159267220 .param/l "REFILL_LAST_WORD" 1 4 56, C4<0011>;
P_0000026159267258 .param/l "S" 1 4 42, +C4<00000000000000000000000000000110>;
P_0000026159267290 .param/l "STATE_IDLE" 1 4 47, C4<00>;
P_00000261592672c8 .param/l "STATE_REFILL_REQ" 1 4 48, C4<01>;
P_0000026159267300 .param/l "STATE_WRITE_REQ" 1 4 49, C4<10>;
P_0000026159267338 .param/l "T" 1 4 44, +C4<0000000000000000000000000000010110>;
P_0000026159267370 .param/l "WB_COUNT_FULL" 1 4 55, C4<100000>;
P_00000261592673a8 .param/l "WB_COUNT_W" 1 4 53, +C4<00000000000000000000000000000110>;
P_00000261592673e0 .param/l "WB_COUNT_ZERO" 1 4 54, C4<000000>;
P_0000026159267418 .param/l "WB_DEPTH" 1 4 51, +C4<00000000000000000000000000100000>;
P_0000026159267450 .param/l "WB_PTR_W" 1 4 52, +C4<00000000000000000000000000000101>;
L_00000261594d9190 .functor AND 1, L_00000261596de740, L_00000261596df3c0, C4<1>, C4<1>;
L_00000261594da770 .functor AND 1, L_00000261596df1e0, L_00000261596df6e0, C4<1>, C4<1>;
L_00000261594dab60 .functor AND 1, L_00000261596de880, L_00000261596dd160, C4<1>, C4<1>;
L_00000261594dabd0 .functor AND 1, L_00000261596df320, L_00000261596dffa0, C4<1>, C4<1>;
L_00000261594da3f0 .functor OR 1, L_00000261594d9190, L_00000261594da770, C4<0>, C4<0>;
L_00000261594d97b0 .functor OR 1, L_00000261594da3f0, L_00000261594dab60, C4<0>, C4<0>;
L_00000261594da2a0 .functor OR 1, L_00000261594d97b0, L_00000261594dabd0, C4<0>, C4<0>;
L_00000261594da310 .functor BUFZ 32, L_00000261596e0e00, C4<00000000000000000000000000000000>, C4<00000000000000000000000000000000>, C4<00000000000000000000000000000000>;
L_00000261594da540 .functor BUFZ 32, L_00000261596e0180, C4<00000000000000000000000000000000>, C4<00000000000000000000000000000000>, C4<00000000000000000000000000000000>;
L_00000261594da5b0 .functor BUFZ 32, L_00000261596e0ae0, C4<00000000000000000000000000000000>, C4<00000000000000000000000000000000>, C4<00000000000000000000000000000000>;
L_00000261594da620 .functor BUFZ 32, L_00000261596e0fe0, C4<00000000000000000000000000000000>, C4<00000000000000000000000000000000>, C4<00000000000000000000000000000000>;
L_00000261594da690 .functor NOT 1, L_00000261596de740, C4<0>, C4<0>, C4<0>;
L_00000261594d9820 .functor NOT 1, L_00000261596df1e0, C4<0>, C4<0>, C4<0>;
L_00000261594dac40 .functor NOT 1, L_00000261596de880, C4<0>, C4<0>, C4<0>;
L_00000261594d9200 .functor NOT 1, L_00000261596df320, C4<0>, C4<0>, C4<0>;
L_00000261594d92e0 .functor AND 1, v0000026159607710_0, L_00000261596e0900, C4<1>, C4<1>;
L_00000261594db810 .functor AND 1, L_00000261594d92e0, L_00000261596e1580, C4<1>, C4<1>;
L_00000261594db8f0 .functor AND 1, v0000026159607710_0, L_00000261596dfdc0, C4<1>, C4<1>;
L_00000261594ddc60 .functor AND 1, L_00000261594db8f0, L_00000261596e0ea0, C4<1>, C4<1>;
L_000002615920ebf0 .functor AND 1, v0000026159607710_0, L_00000261596e0f40, C4<1>, C4<1>;
L_0000026158d670b0 .functor AND 1, L_000002615920ebf0, L_00000261596e1760, C4<1>, C4<1>;
L_00000261593d1200 .functor AND 1, v0000026159607710_0, L_00000261596e1080, C4<1>, C4<1>;
L_0000026159359430 .functor AND 1, L_00000261593d1200, L_00000261596e1120, C4<1>, C4<1>;
L_0000026159709ea0 .functor OR 1, L_00000261594db810, L_00000261594ddc60, C4<0>, C4<0>;
L_000002615970a990 .functor OR 1, L_0000026159709ea0, L_0000026158d670b0, C4<0>, C4<0>;
L_0000026159709a40 .functor OR 1, L_000002615970a990, L_0000026159359430, C4<0>, C4<0>;
L_000002615970aa00 .functor NOT 1, L_00000261596e20c0, C4<0>, C4<0>, C4<0>;
L_0000026159709c00 .functor NOT 1, L_00000261596dfc80, C4<0>, C4<0>, C4<0>;
L_0000026159709ab0 .functor NOT 1, L_00000261596e4640, C4<0>, C4<0>, C4<0>;
L_000002615970a450 .functor NOT 1, L_00000261596e2c00, C4<0>, C4<0>, C4<0>;
L_000002615970aa70 .functor NOT 32, L_00000261596e4460, C4<00000000000000000000000000000000>, C4<00000000000000000000000000000000>, C4<00000000000000000000000000000000>;
L_000002615970ad80 .functor AND 32, L_00000261596e04a0, L_000002615970aa70, C4<11111111111111111111111111111111>, C4<11111111111111111111111111111111>;
L_000002615970ae60 .functor AND 32, L_0000026159735a10, L_00000261596e4460, C4<11111111111111111111111111111111>, C4<11111111111111111111111111111111>;
L_000002615970a610 .functor OR 32, L_000002615970ad80, L_000002615970ae60, C4<00000000000000000000000000000000>, C4<00000000000000000000000000000000>;
L_000002615970a300 .functor OR 32, L_00000261596e2e80, L_00000261596e34c0, C4<00000000000000000000000000000000>, C4<00000000000000000000000000000000>;
L_000002615970aae0 .functor OR 32, L_00000261596e2e80, L_00000261596e3a60, C4<00000000000000000000000000000000>, C4<00000000000000000000000000000000>;
L_0000026159709d50 .functor AND 1, L_00000261596e3f60, L_00000261596e41e0, C4<1>, C4<1>;
L_0000026159709f10 .functor AND 1, L_00000261596e2160, L_00000261596e3060, C4<1>, C4<1>;
L_0000026159709960 .functor OR 1, L_0000026159709d50, L_0000026159709f10, C4<0>, C4<0>;
L_0000026159709b20 .functor AND 1, L_00000261596e3560, L_00000261596e2b60, C4<1>, C4<1>;
L_0000026159709c70 .functor OR 1, L_0000026159709960, L_0000026159709b20, C4<0>, C4<0>;
L_000002615970a1b0 .functor AND 1, L_00000261596e4500, L_00000261596e3740, C4<1>, C4<1>;
L_0000026159709420 .functor OR 1, L_0000026159709c70, L_000002615970a1b0, C4<0>, C4<0>;
L_000002615970a530 .functor NOT 1, L_00000261596e3f60, C4<0>, C4<0>, C4<0>;
L_0000026159709500 .functor NOT 1, L_00000261596e2160, C4<0>, C4<0>, C4<0>;
L_000002615970ab50 .functor NOT 1, L_00000261596e3560, C4<0>, C4<0>, C4<0>;
L_000002615970a6f0 .functor NOT 1, L_00000261596e4500, C4<0>, C4<0>, C4<0>;
L_000002615970a840 .functor NOT 32, L_00000261596e5040, C4<00000000000000000000000000000000>, C4<00000000000000000000000000000000>, C4<00000000000000000000000000000000>;
L_00000261597092d0 .functor AND 32, L_00000261596e55e0, L_000002615970a840, C4<11111111111111111111111111111111>, C4<11111111111111111111111111111111>;
L_000002615970a0d0 .functor AND 32, v0000026159604150_0, L_00000261596e5040, C4<11111111111111111111111111111111>, C4<11111111111111111111111111111111>;
L_0000026159709dc0 .functor OR 32, L_00000261597092d0, L_000002615970a0d0, C4<00000000000000000000000000000000>, C4<00000000000000000000000000000000>;
L_0000026159709570 .functor AND 1, L_00000261596e6620, L_00000261596e6080, C4<1>, C4<1>;
L_000002615967f4f0 .functor BUFT 1, C4<00000000000000000000000000000001>, C4<0>, C4<0>, C4<0>;
L_00000261597095e0 .functor AND 32, L_000002615967f4f0, L_00000261596e5680, C4<11111111111111111111111111111111>, C4<11111111111111111111111111111111>;
L_0000026159709ce0 .functor AND 32, L_00000261597095e0, L_00000261596e5ae0, C4<11111111111111111111111111111111>, C4<11111111111111111111111111111111>;
L_00000261597098f0 .functor NOT 32, L_00000261596e5d60, C4<00000000000000000000000000000000>, C4<00000000000000000000000000000000>, C4<00000000000000000000000000000000>;
L_0000026159709f80 .functor AND 32, L_0000026159709ce0, L_00000261597098f0, C4<11111111111111111111111111111111>, C4<11111111111111111111111111111111>;
L_00000261597097a0 .functor NOT 32, L_00000261596e5e00, C4<00000000000000000000000000000000>, C4<00000000000000000000000000000000>, C4<00000000000000000000000000000000>;
L_000002615970a290 .functor AND 32, L_0000026159709f80, L_00000261597097a0, C4<11111111111111111111111111111111>, C4<11111111111111111111111111111111>;
L_000002615970adf0 .functor AND 32, L_000002615970a290, L_00000261596e6b20, C4<11111111111111111111111111111111>, C4<11111111111111111111111111111111>;
L_0000026159709810 .functor AND 1, L_00000261596e66c0, L_0000026159709570, C4<1>, C4<1>;
L_000002615970a920 .functor AND 1, L_0000026159709810, L_0000026159736030, C4<1>, C4<1>;
L_0000026159709b90 .functor NOT 1, v00000261596072b0_0, C4<0>, C4<0>, C4<0>;
L_0000026159709650 .functor AND 1, L_000002615970a920, L_0000026159709b90, C4<1>, C4<1>;
L_0000026159709490 .functor AND 1, L_0000026159709650, L_00000261596e6120, C4<1>, C4<1>;
L_0000026159709880 .functor NOT 1, L_00000261594da2a0, C4<0>, C4<0>, C4<0>;
L_0000026159709ff0 .functor AND 1, L_0000026159736030, L_0000026159709880, C4<1>, C4<1>;
L_0000026159709e30 .functor NOT 1, L_00000261596e6260, C4<0>, C4<0>, C4<0>;
L_000002615970a060 .functor AND 1, L_0000026159709ff0, L_0000026159709e30, C4<1>, C4<1>;
L_000002615970a140 .functor NOT 1, L_0000026159709490, C4<0>, C4<0>, C4<0>;
L_00000261597096c0 .functor AND 1, L_000002615970a060, L_000002615970a140, C4<1>, C4<1>;
L_000002615970a220 .functor NOT 1, L_00000261594da2a0, C4<0>, C4<0>, C4<0>;
L_000002615970a370 .functor AND 1, L_00000261597365e0, L_000002615970a220, C4<1>, C4<1>;
L_000002615970a3e0 .functor NOT 1, L_0000026159709a40, C4<0>, C4<0>, C4<0>;
L_00000261597099d0 .functor AND 1, v0000026159607710_0, L_000002615970a3e0, C4<1>, C4<1>;
L_000002615970a4c0 .functor OR 1, L_00000261597099d0, L_00000261597096c0, C4<0>, C4<0>;
L_000002615970a5a0 .functor OR 1, L_000002615970a4c0, L_000002615970a370, C4<0>, C4<0>;
L_00000261597093b0 .functor AND 1, L_00000261596e82e0, L_000002615970a5a0, C4<1>, C4<1>;
L_000002615970a680 .functor NOT 1, v0000026159607cb0_0, C4<0>, C4<0>, C4<0>;
L_000002615970a760 .functor AND 1, L_00000261596e77a0, L_000002615970a680, C4<1>, C4<1>;
L_000002615970a7d0 .functor AND 1, L_000002615970a760, L_00000261597384f0, C4<1>, C4<1>;
L_000002615970abc0 .functor AND 1, L_00000261596e8380, L_00000261596e9320, C4<1>, C4<1>;
L_000002615970a8b0 .functor AND 1, L_000002615970abc0, L_00000261597384f0, C4<1>, C4<1>;
L_000002615970ac30 .functor NOT 1, L_00000261597093b0, C4<0>, C4<0>, C4<0>;
L_000002615970aca0 .functor AND 1, L_000002615970a8b0, L_000002615970ac30, C4<1>, C4<1>;
L_000002615970ad10 .functor OR 1, L_00000261596e7ac0, L_000002615970aca0, C4<0>, C4<0>;
L_0000026159709730 .functor NOT 1, v0000026159607710_0, C4<0>, C4<0>, C4<0>;
L_0000026159709340 .functor AND 1, L_00000261596e98c0, L_0000026159709730, C4<1>, C4<1>;
L_000002615970b560 .functor AND 1, L_0000026159709340, L_00000261597365e0, C4<1>, C4<1>;
L_000002615970b6b0 .functor AND 1, L_000002615970b560, L_00000261594da2a0, C4<1>, C4<1>;
L_000002615970b870 .functor AND 1, L_000002615970b6b0, L_000002615970ad10, C4<1>, C4<1>;
L_000002615970bf70 .functor NOT 1, v0000026159607710_0, C4<0>, C4<0>, C4<0>;
L_000002615970b3a0 .functor AND 1, L_00000261596e7c00, L_000002615970bf70, C4<1>, C4<1>;
L_000002615970be90 .functor AND 1, L_000002615970b3a0, L_00000261597365e0, C4<1>, C4<1>;
L_000002615970af40 .functor AND 1, L_000002615970be90, L_00000261594da2a0, C4<1>, C4<1>;
L_000002615970c130 .functor NOT 1, L_000002615970ad10, C4<0>, C4<0>, C4<0>;
L_000002615970bd40 .functor AND 1, L_000002615970af40, L_000002615970c130, C4<1>, C4<1>;
L_000002615970ca60 .functor AND 1, L_00000261596e90a0, L_000002615970ad10, C4<1>, C4<1>;
L_000002615970b950 .functor AND 1, L_00000261596e96e0, v00000261596045b0_0, C4<1>, C4<1>;
L_000002615970be20 .functor OR 1, L_00000261597096c0, L_000002615970a370, C4<0>, C4<0>;
L_000002615970b8e0 .functor AND 1, L_000002615970b950, L_000002615970be20, C4<1>, C4<1>;
L_000002615970c600 .functor AND 1, L_00000261596e7de0, v00000261596045b0_0, C4<1>, C4<1>;
L_000002615970b410 .functor AND 1, L_000002615970c600, L_00000261597365e0, C4<1>, C4<1>;
L_000002615970baa0 .functor OR 1, L_000002615970b870, L_000002615970ca60, C4<0>, C4<0>;
L_000002615970bfe0 .functor BUFZ 1, L_000002615970a7d0, C4<0>, C4<0>, C4<0>;
L_000002615970b2c0 .functor BUFZ 1, L_000002615970aca0, C4<0>, C4<0>, C4<0>;
L_000002615970b020 .functor BUFZ 1, L_0000026159709570, C4<0>, C4<0>, C4<0>;
L_000002615970c1a0 .functor NOT 1, v0000026159607df0_0, C4<0>, C4<0>, C4<0>;
L_000002615970c520 .functor AND 1, L_00000261596e8560, L_000002615970c1a0, C4<1>, C4<1>;
L_000002615970b480 .functor OR 1, L_000002615970c520, L_00000261596e7fc0, C4<0>, C4<0>;
L_000002615970b090 .functor AND 1, L_00000261596e8ce0, v0000026159607df0_0, C4<1>, C4<1>;
L_000002615970c050 .functor OR 1, L_000002615970b8e0, L_000002615970b410, C4<0>, C4<0>;
L_000002615970bc60 .functor OR 1, L_000002615970c050, L_000002615970b020, C4<0>, C4<0>;
L_000002615970bb10 .functor AND 1, L_000002615970b090, L_000002615970bc60, C4<1>, C4<1>;
L_000002615970b5d0 .functor OR 1, L_000002615970b480, L_000002615970bb10, C4<0>, C4<0>;
L_000002615970b4f0 .functor NOT 1, L_0000026159709a40, C4<0>, C4<0>, C4<0>;
L_000002615970bcd0 .functor AND 1, v0000026159607710_0, L_000002615970b4f0, C4<1>, C4<1>;
L_000002615970b640 .functor OR 1, L_000002615970b5d0, L_000002615970bcd0, C4<0>, C4<0>;
L_000002615970b720 .functor OR 1, L_00000261597096c0, L_000002615970a370, C4<0>, C4<0>;
L_000002615970c670 .functor OR 1, L_000002615970b720, L_000002615970bd40, C4<0>, C4<0>;
L_000002615970c0c0 .functor AND 1, L_00000261596e8060, L_000002615970c670, C4<1>, C4<1>;
L_000002615970c9f0 .functor OR 1, L_000002615970b640, L_000002615970c0c0, C4<0>, C4<0>;
L_000002615970c3d0 .functor NOT 1, L_00000261596e6260, C4<0>, C4<0>, C4<0>;
L_000002615970afb0 .functor AND 1, L_000002615970c9f0, L_000002615970c3d0, C4<1>, C4<1>;
L_000002615970c440 .functor NOT 1, L_0000026159709490, C4<0>, C4<0>, C4<0>;
L_000002615970b100 .functor AND 1, L_000002615970afb0, L_000002615970c440, C4<1>, C4<1>;
v000002615953b760_0 .net *"_ivl_100", 13 0, L_00000261596dff00;  1 drivers
v000002615953bbc0_0 .net *"_ivl_1000", 0 0, L_000002615970c050;  1 drivers
v000002615953b300_0 .net *"_ivl_1002", 0 0, L_000002615970bc60;  1 drivers
v000002615953b440_0 .net *"_ivl_1004", 0 0, L_000002615970bb10;  1 drivers
v000002615953b940_0 .net *"_ivl_1006", 0 0, L_000002615970b5d0;  1 drivers
v000002615953c3e0_0 .net *"_ivl_1008", 0 0, L_000002615970b4f0;  1 drivers
v000002615953a540_0 .net *"_ivl_1010", 0 0, L_000002615970bcd0;  1 drivers
v000002615953bd00_0 .net *"_ivl_1012", 0 0, L_000002615970b640;  1 drivers
L_0000026159680348 .functor BUFT 1, C4<00>, C4<0>, C4<0>, C4<0>;
v000002615953b9e0_0 .net/2u *"_ivl_1014", 1 0, L_0000026159680348;  1 drivers
v000002615953af40_0 .net *"_ivl_1016", 0 0, L_00000261596e8060;  1 drivers
v000002615953a4a0_0 .net *"_ivl_1018", 0 0, L_000002615970b720;  1 drivers
v000002615953a720_0 .net *"_ivl_1020", 0 0, L_000002615970c670;  1 drivers
v000002615953a7c0_0 .net *"_ivl_1022", 0 0, L_000002615970c0c0;  1 drivers
v000002615953ac20_0 .net *"_ivl_1024", 0 0, L_000002615970c9f0;  1 drivers
v000002615953a860_0 .net *"_ivl_1026", 0 0, L_000002615970c3d0;  1 drivers
v000002615953ba80_0 .net *"_ivl_1028", 0 0, L_000002615970afb0;  1 drivers
v000002615953c020_0 .net *"_ivl_1030", 0 0, L_000002615970c440;  1 drivers
v000002615953b1c0_0 .net *"_ivl_1034", 31 0, L_00000261596e9140;  1 drivers
v000002615953b120_0 .net *"_ivl_104", 31 0, L_00000261596e0180;  1 drivers
v000002615953bb20_0 .net *"_ivl_106", 10 0, L_00000261596e0a40;  1 drivers
L_000002615967e020 .functor BUFT 1, C4<00000>, C4<0>, C4<0>, C4<0>;
v000002615953c7a0_0 .net *"_ivl_109", 4 0, L_000002615967e020;  1 drivers
v000002615953c5c0_0 .net *"_ivl_110", 12 0, L_00000261596e0400;  1 drivers
L_000002615967e068 .functor BUFT 1, C4<00>, C4<0>, C4<0>, C4<0>;
v000002615953b3a0_0 .net *"_ivl_113", 1 0, L_000002615967e068;  1 drivers
L_000002615967e0b0 .functor BUFT 1, C4<0000000000100>, C4<0>, C4<0>, C4<0>;
v000002615953b800_0 .net/2u *"_ivl_114", 12 0, L_000002615967e0b0;  1 drivers
v000002615953b4e0_0 .net *"_ivl_117", 12 0, L_00000261596e07c0;  1 drivers
L_000002615967e0f8 .functor BUFT 1, C4<0>, C4<0>, C4<0>, C4<0>;
v000002615953c200_0 .net *"_ivl_120", 0 0, L_000002615967e0f8;  1 drivers
v000002615953a360_0 .net *"_ivl_121", 13 0, L_00000261596e1440;  1 drivers
L_000002615967e140 .functor BUFT 1, C4<0000000000>, C4<0>, C4<0>, C4<0>;
v000002615953c0c0_0 .net *"_ivl_124", 9 0, L_000002615967e140;  1 drivers
v000002615953afe0_0 .net *"_ivl_125", 13 0, L_00000261596dfaa0;  1 drivers
v000002615953c660_0 .net *"_ivl_126", 13 0, L_00000261596e0040;  1 drivers
v000002615953b260_0 .net *"_ivl_130", 31 0, L_00000261596e0ae0;  1 drivers
v000002615953b080_0 .net *"_ivl_132", 10 0, L_00000261596e14e0;  1 drivers
L_000002615967e188 .functor BUFT 1, C4<00000>, C4<0>, C4<0>, C4<0>;
v000002615953c160_0 .net *"_ivl_135", 4 0, L_000002615967e188;  1 drivers
v000002615953c2a0_0 .net *"_ivl_136", 12 0, L_00000261596e1d00;  1 drivers
L_000002615967e1d0 .functor BUFT 1, C4<00>, C4<0>, C4<0>, C4<0>;
v000002615953aea0_0 .net *"_ivl_139", 1 0, L_000002615967e1d0;  1 drivers
L_000002615967e218 .functor BUFT 1, C4<0000000000100>, C4<0>, C4<0>, C4<0>;
v000002615953c340_0 .net/2u *"_ivl_140", 12 0, L_000002615967e218;  1 drivers
v000002615953bc60_0 .net *"_ivl_143", 12 0, L_00000261596e00e0;  1 drivers
L_000002615967e260 .functor BUFT 1, C4<0>, C4<0>, C4<0>, C4<0>;
v000002615953bda0_0 .net *"_ivl_146", 0 0, L_000002615967e260;  1 drivers
v000002615953a2c0_0 .net *"_ivl_147", 13 0, L_00000261596e19e0;  1 drivers
L_000002615967e2a8 .functor BUFT 1, C4<0000000000>, C4<0>, C4<0>, C4<0>;
v000002615953b8a0_0 .net *"_ivl_150", 9 0, L_000002615967e2a8;  1 drivers
v000002615953be40_0 .net *"_ivl_151", 13 0, L_00000261596dfb40;  1 drivers
v000002615953a900_0 .net *"_ivl_152", 13 0, L_00000261596e0680;  1 drivers
v000002615953c480_0 .net *"_ivl_156", 31 0, L_00000261596e0fe0;  1 drivers
v000002615953ad60_0 .net *"_ivl_158", 10 0, L_00000261596e02c0;  1 drivers
L_000002615967e2f0 .functor BUFT 1, C4<00000>, C4<0>, C4<0>, C4<0>;
v000002615953c520_0 .net *"_ivl_161", 4 0, L_000002615967e2f0;  1 drivers
v000002615953bee0_0 .net *"_ivl_162", 12 0, L_00000261596e0220;  1 drivers
L_000002615967e338 .functor BUFT 1, C4<00>, C4<0>, C4<0>, C4<0>;
v000002615953aa40_0 .net *"_ivl_165", 1 0, L_000002615967e338;  1 drivers
L_000002615967e380 .functor BUFT 1, C4<0000000000100>, C4<0>, C4<0>, C4<0>;
v000002615953b580_0 .net/2u *"_ivl_166", 12 0, L_000002615967e380;  1 drivers
v000002615953bf80_0 .net *"_ivl_169", 12 0, L_00000261596e1c60;  1 drivers
L_000002615967e3c8 .functor BUFT 1, C4<0>, C4<0>, C4<0>, C4<0>;
v000002615953c700_0 .net *"_ivl_172", 0 0, L_000002615967e3c8;  1 drivers
v000002615953a9a0_0 .net *"_ivl_173", 13 0, L_00000261596e0360;  1 drivers
L_000002615967e410 .functor BUFT 1, C4<0000000000>, C4<0>, C4<0>, C4<0>;
v000002615953c840_0 .net *"_ivl_176", 9 0, L_000002615967e410;  1 drivers
v000002615953ae00_0 .net *"_ivl_177", 13 0, L_00000261596e0720;  1 drivers
v000002615953a0e0_0 .net *"_ivl_178", 13 0, L_00000261596e1b20;  1 drivers
v000002615953a180_0 .net *"_ivl_18", 21 0, L_00000261596dd5c0;  1 drivers
L_000002615967e458 .functor BUFT 1, C4<00000000000000000000000000000000>, C4<0>, C4<0>, C4<0>;
v000002615953ab80_0 .net/2u *"_ivl_182", 31 0, L_000002615967e458;  1 drivers
v000002615953a400_0 .net *"_ivl_184", 31 0, L_00000261596e0c20;  1 drivers
v000002615953acc0_0 .net *"_ivl_186", 31 0, L_00000261596dfbe0;  1 drivers
v000002615953e1e0_0 .net *"_ivl_188", 31 0, L_00000261596e1800;  1 drivers
v000002615953e320_0 .net *"_ivl_192", 0 0, L_00000261594da690;  1 drivers
L_000002615967e4a0 .functor BUFT 1, C4<00>, C4<0>, C4<0>, C4<0>;
v000002615953de20_0 .net/2u *"_ivl_194", 1 0, L_000002615967e4a0;  1 drivers
v000002615953cb60_0 .net *"_ivl_196", 0 0, L_00000261594d9820;  1 drivers
L_000002615967e4e8 .functor BUFT 1, C4<01>, C4<0>, C4<0>, C4<0>;
v000002615953df60_0 .net/2u *"_ivl_198", 1 0, L_000002615967e4e8;  1 drivers
v000002615953d240_0 .net *"_ivl_20", 7 0, L_00000261596de920;  1 drivers
v000002615953efa0_0 .net *"_ivl_200", 0 0, L_00000261594dac40;  1 drivers
L_000002615967e530 .functor BUFT 1, C4<10>, C4<0>, C4<0>, C4<0>;
v000002615953cac0_0 .net/2u *"_ivl_202", 1 0, L_000002615967e530;  1 drivers
v000002615953e5a0_0 .net *"_ivl_204", 0 0, L_00000261594d9200;  1 drivers
L_000002615967e578 .functor BUFT 1, C4<11>, C4<0>, C4<0>, C4<0>;
v000002615953ebe0_0 .net/2u *"_ivl_206", 1 0, L_000002615967e578;  1 drivers
v000002615953cc00_0 .net *"_ivl_208", 1 0, L_00000261596e1da0;  1 drivers
v000002615953d420_0 .net *"_ivl_210", 7 0, L_00000261596e0860;  1 drivers
L_000002615967e5c0 .functor BUFT 1, C4<00>, C4<0>, C4<0>, C4<0>;
v000002615953ec80_0 .net *"_ivl_213", 1 0, L_000002615967e5c0;  1 drivers
v000002615953e460_0 .net *"_ivl_214", 1 0, L_00000261596e1e40;  1 drivers
v000002615953ea00_0 .net *"_ivl_216", 1 0, L_00000261596e13a0;  1 drivers
v000002615953d4c0_0 .net *"_ivl_218", 1 0, L_00000261596df960;  1 drivers
v000002615953ef00_0 .net *"_ivl_223", 0 0, L_00000261596e0900;  1 drivers
v000002615953d560_0 .net *"_ivl_224", 0 0, L_00000261594d92e0;  1 drivers
v000002615953dec0_0 .net *"_ivl_226", 21 0, L_00000261596e09a0;  1 drivers
v000002615953e6e0_0 .net *"_ivl_228", 7 0, L_00000261596e0b80;  1 drivers
L_000002615967dc78 .functor BUFT 1, C4<00>, C4<0>, C4<0>, C4<0>;
v000002615953c980_0 .net *"_ivl_23", 1 0, L_000002615967dc78;  1 drivers
L_000002615967e608 .functor BUFT 1, C4<00>, C4<0>, C4<0>, C4<0>;
v000002615953d600_0 .net *"_ivl_231", 1 0, L_000002615967e608;  1 drivers
v000002615953cf20_0 .net *"_ivl_232", 0 0, L_00000261596e1580;  1 drivers
v000002615953cca0_0 .net *"_ivl_237", 0 0, L_00000261596dfdc0;  1 drivers
v000002615953d6a0_0 .net *"_ivl_238", 0 0, L_00000261594db8f0;  1 drivers
v000002615953da60_0 .net *"_ivl_24", 0 0, L_00000261596df3c0;  1 drivers
v000002615953e140_0 .net *"_ivl_240", 21 0, L_00000261596e0cc0;  1 drivers
v000002615953e780_0 .net *"_ivl_242", 7 0, L_00000261596e0d60;  1 drivers
L_000002615967e650 .functor BUFT 1, C4<00>, C4<0>, C4<0>, C4<0>;
v000002615953eaa0_0 .net *"_ivl_245", 1 0, L_000002615967e650;  1 drivers
v000002615953dba0_0 .net *"_ivl_246", 0 0, L_00000261596e0ea0;  1 drivers
v000002615953dc40_0 .net *"_ivl_251", 0 0, L_00000261596e0f40;  1 drivers
v000002615953d380_0 .net *"_ivl_252", 0 0, L_000002615920ebf0;  1 drivers
v000002615953cde0_0 .net *"_ivl_254", 21 0, L_00000261596e1ee0;  1 drivers
v000002615953d880_0 .net *"_ivl_256", 7 0, L_00000261596e2020;  1 drivers
L_000002615967e698 .functor BUFT 1, C4<00>, C4<0>, C4<0>, C4<0>;
v000002615953e820_0 .net *"_ivl_259", 1 0, L_000002615967e698;  1 drivers
v000002615953e960_0 .net *"_ivl_260", 0 0, L_00000261596e1760;  1 drivers
v000002615953cd40_0 .net *"_ivl_265", 0 0, L_00000261596e1080;  1 drivers
v000002615953d740_0 .net *"_ivl_266", 0 0, L_00000261593d1200;  1 drivers
v000002615953e0a0_0 .net *"_ivl_268", 21 0, L_00000261596e1620;  1 drivers
v000002615953eb40_0 .net *"_ivl_270", 7 0, L_00000261596e18a0;  1 drivers
L_000002615967e6e0 .functor BUFT 1, C4<00>, C4<0>, C4<0>, C4<0>;
v000002615953dce0_0 .net *"_ivl_273", 1 0, L_000002615967e6e0;  1 drivers
v000002615953e280_0 .net *"_ivl_274", 0 0, L_00000261596e1120;  1 drivers
v000002615953e8c0_0 .net *"_ivl_278", 0 0, L_0000026159709ea0;  1 drivers
v000002615953e640_0 .net *"_ivl_28", 21 0, L_00000261596df500;  1 drivers
v000002615953d2e0_0 .net *"_ivl_280", 0 0, L_000002615970a990;  1 drivers
L_000002615967e728 .functor BUFT 1, C4<11>, C4<0>, C4<0>, C4<0>;
v000002615953ed20_0 .net/2u *"_ivl_284", 1 0, L_000002615967e728;  1 drivers
L_000002615967e770 .functor BUFT 1, C4<10>, C4<0>, C4<0>, C4<0>;
v000002615953edc0_0 .net/2u *"_ivl_286", 1 0, L_000002615967e770;  1 drivers
L_000002615967e7b8 .functor BUFT 1, C4<01>, C4<0>, C4<0>, C4<0>;
v000002615953d7e0_0 .net/2u *"_ivl_288", 1 0, L_000002615967e7b8;  1 drivers
L_000002615967e800 .functor BUFT 1, C4<00>, C4<0>, C4<0>, C4<0>;
v000002615953dd80_0 .net/2u *"_ivl_290", 1 0, L_000002615967e800;  1 drivers
v000002615953cfc0_0 .net *"_ivl_292", 1 0, L_00000261596e11c0;  1 drivers
v000002615953db00_0 .net *"_ivl_294", 1 0, L_00000261596e1f80;  1 drivers
v000002615953d920_0 .net *"_ivl_299", 0 0, L_00000261596e20c0;  1 drivers
v000002615953d9c0_0 .net *"_ivl_30", 7 0, L_00000261596df5a0;  1 drivers
v000002615953e000_0 .net *"_ivl_300", 0 0, L_000002615970aa00;  1 drivers
L_000002615967e848 .functor BUFT 1, C4<00>, C4<0>, C4<0>, C4<0>;
v000002615953d100_0 .net/2u *"_ivl_302", 1 0, L_000002615967e848;  1 drivers
v000002615953e3c0_0 .net *"_ivl_305", 0 0, L_00000261596dfc80;  1 drivers
v000002615953e500_0 .net *"_ivl_306", 0 0, L_0000026159709c00;  1 drivers
L_000002615967e890 .functor BUFT 1, C4<01>, C4<0>, C4<0>, C4<0>;
v000002615953ee60_0 .net/2u *"_ivl_308", 1 0, L_000002615967e890;  1 drivers
v000002615953f040_0 .net *"_ivl_311", 0 0, L_00000261596e4640;  1 drivers
v000002615953c8e0_0 .net *"_ivl_312", 0 0, L_0000026159709ab0;  1 drivers
L_000002615967e8d8 .functor BUFT 1, C4<10>, C4<0>, C4<0>, C4<0>;
v000002615953ca20_0 .net/2u *"_ivl_314", 1 0, L_000002615967e8d8;  1 drivers
v000002615953ce80_0 .net *"_ivl_317", 0 0, L_00000261596e2c00;  1 drivers
v000002615953d060_0 .net *"_ivl_318", 0 0, L_000002615970a450;  1 drivers
L_000002615967e920 .functor BUFT 1, C4<11>, C4<0>, C4<0>, C4<0>;
v000002615953d1a0_0 .net/2u *"_ivl_320", 1 0, L_000002615967e920;  1 drivers
v000002615953f0e0_0 .net *"_ivl_322", 1 0, L_00000261596e4320;  1 drivers
v000002615953f720_0 .net *"_ivl_324", 7 0, L_00000261596e4820;  1 drivers
L_000002615967e968 .functor BUFT 1, C4<00>, C4<0>, C4<0>, C4<0>;
v000002615953f400_0 .net *"_ivl_327", 1 0, L_000002615967e968;  1 drivers
v000002615953f180_0 .net *"_ivl_328", 1 0, L_00000261596e2660;  1 drivers
L_000002615967dcc0 .functor BUFT 1, C4<00>, C4<0>, C4<0>, C4<0>;
v000002615953f540_0 .net *"_ivl_33", 1 0, L_000002615967dcc0;  1 drivers
v000002615953f4a0_0 .net *"_ivl_330", 1 0, L_00000261596e31a0;  1 drivers
v000002615953f7c0_0 .net *"_ivl_332", 1 0, L_00000261596e2a20;  1 drivers
v000002615953f220_0 .net *"_ivl_337", 0 0, L_00000261596e3920;  1 drivers
v000002615953f5e0_0 .net *"_ivl_338", 7 0, L_00000261596e2d40;  1 drivers
v000002615953f2c0_0 .net *"_ivl_34", 0 0, L_00000261596df6e0;  1 drivers
v000002615953f360_0 .net *"_ivl_341", 0 0, L_00000261596e46e0;  1 drivers
v000002615953f680_0 .net *"_ivl_342", 7 0, L_00000261596e3ce0;  1 drivers
v0000026159539320_0 .net *"_ivl_345", 0 0, L_00000261596e2de0;  1 drivers
v0000026159539140_0 .net *"_ivl_346", 7 0, L_00000261596e3240;  1 drivers
v0000026159537d40_0 .net *"_ivl_349", 0 0, L_00000261596e28e0;  1 drivers
v0000026159539be0_0 .net *"_ivl_350", 7 0, L_00000261596e3420;  1 drivers
v0000026159538a60_0 .net *"_ivl_354", 31 0, L_000002615970aa70;  1 drivers
v0000026159537980_0 .net *"_ivl_356", 31 0, L_000002615970ad80;  1 drivers
v0000026159537de0_0 .net *"_ivl_358", 31 0, L_000002615970ae60;  1 drivers
L_000002615967e9b0 .functor BUFT 1, C4<0000>, C4<0>, C4<0>, C4<0>;
v0000026159537f20_0 .net/2u *"_ivl_362", 3 0, L_000002615967e9b0;  1 drivers
L_000002615967e9f8 .functor BUFT 1, C4<00>, C4<0>, C4<0>, C4<0>;
v00000261595381a0_0 .net/2u *"_ivl_366", 1 0, L_000002615967e9f8;  1 drivers
v0000026159538d80_0 .net *"_ivl_369", 1 0, L_00000261596e32e0;  1 drivers
v00000261594f87f0_0 .net *"_ivl_371", 1 0, L_00000261596e2520;  1 drivers
v00000261594f4290_0 .net *"_ivl_372", 1 0, L_00000261596e43c0;  1 drivers
L_000002615967ea40 .functor BUFT 1, C4<00>, C4<0>, C4<0>, C4<0>;
v00000261594f50f0_0 .net/2u *"_ivl_376", 1 0, L_000002615967ea40;  1 drivers
v00000261594619a0_0 .net *"_ivl_379", 1 0, L_00000261596e4780;  1 drivers
v000002615936c240_0 .net *"_ivl_38", 21 0, L_00000261596df780;  1 drivers
v000002615960aaf0_0 .net *"_ivl_381", 1 0, L_00000261596e39c0;  1 drivers
v000002615960af50_0 .net *"_ivl_382", 1 0, L_00000261596e4280;  1 drivers
L_000002615967ea88 .functor BUFT 1, C4<00000000000000000000000000>, C4<0>, C4<0>, C4<0>;
v0000026159609f10_0 .net/2u *"_ivl_386", 25 0, L_000002615967ea88;  1 drivers
L_000002615967ead0 .functor BUFT 1, C4<00>, C4<0>, C4<0>, C4<0>;
v0000026159608d90_0 .net/2u *"_ivl_388", 1 0, L_000002615967ead0;  1 drivers
v000002615960ae10_0 .net *"_ivl_390", 31 0, L_00000261596e34c0;  1 drivers
L_000002615967eb18 .functor BUFT 1, C4<00000000000000000000000000>, C4<0>, C4<0>, C4<0>;
v000002615960a2d0_0 .net/2u *"_ivl_394", 25 0, L_000002615967eb18;  1 drivers
L_000002615967eb60 .functor BUFT 1, C4<00>, C4<0>, C4<0>, C4<0>;
v0000026159609d30_0 .net/2u *"_ivl_396", 1 0, L_000002615967eb60;  1 drivers
v0000026159608a70_0 .net *"_ivl_398", 31 0, L_00000261596e3a60;  1 drivers
L_000002615967dc30 .functor BUFT 1, C4<00>, C4<0>, C4<0>, C4<0>;
v000002615960a730_0 .net/2u *"_ivl_4", 1 0, L_000002615967dc30;  1 drivers
v000002615960a0f0_0 .net *"_ivl_40", 7 0, L_00000261596df820;  1 drivers
L_000002615967eba8 .functor BUFT 1, C4<00000000000000000000000000010000>, C4<0>, C4<0>, C4<0>;
v000002615960a690_0 .net/2u *"_ivl_402", 31 0, L_000002615967eba8;  1 drivers
v000002615960aa50_0 .net *"_ivl_418", 21 0, L_00000261596e2f20;  1 drivers
v0000026159609b50_0 .net *"_ivl_420", 7 0, L_00000261596e45a0;  1 drivers
L_000002615967ebf0 .functor BUFT 1, C4<00>, C4<0>, C4<0>, C4<0>;
v000002615960a5f0_0 .net *"_ivl_423", 1 0, L_000002615967ebf0;  1 drivers
v0000026159609e70_0 .net *"_ivl_424", 0 0, L_00000261596e41e0;  1 drivers
v0000026159608e30_0 .net *"_ivl_426", 0 0, L_0000026159709d50;  1 drivers
v0000026159609830_0 .net *"_ivl_428", 21 0, L_00000261596e3600;  1 drivers
L_000002615967dd08 .functor BUFT 1, C4<00>, C4<0>, C4<0>, C4<0>;
v000002615960a7d0_0 .net *"_ivl_43", 1 0, L_000002615967dd08;  1 drivers
v000002615960a910_0 .net *"_ivl_430", 7 0, L_00000261596e2fc0;  1 drivers
L_000002615967ec38 .functor BUFT 1, C4<00>, C4<0>, C4<0>, C4<0>;
v0000026159609510_0 .net *"_ivl_433", 1 0, L_000002615967ec38;  1 drivers
v000002615960a370_0 .net *"_ivl_434", 0 0, L_00000261596e3060;  1 drivers
v000002615960a050_0 .net *"_ivl_436", 0 0, L_0000026159709f10;  1 drivers
v000002615960ab90_0 .net *"_ivl_438", 0 0, L_0000026159709960;  1 drivers
v0000026159609bf0_0 .net *"_ivl_44", 0 0, L_00000261596dd160;  1 drivers
v0000026159608cf0_0 .net *"_ivl_440", 21 0, L_00000261596e2ac0;  1 drivers
v000002615960a870_0 .net *"_ivl_442", 7 0, L_00000261596e36a0;  1 drivers
L_000002615967ec80 .functor BUFT 1, C4<00>, C4<0>, C4<0>, C4<0>;
v000002615960a9b0_0 .net *"_ivl_445", 1 0, L_000002615967ec80;  1 drivers
v00000261596091f0_0 .net *"_ivl_446", 0 0, L_00000261596e2b60;  1 drivers
v000002615960a4b0_0 .net *"_ivl_448", 0 0, L_0000026159709b20;  1 drivers
v000002615960a190_0 .net *"_ivl_450", 0 0, L_0000026159709c70;  1 drivers
v0000026159609c90_0 .net *"_ivl_452", 21 0, L_00000261596e2200;  1 drivers
v0000026159608c50_0 .net *"_ivl_454", 7 0, L_00000261596e3d80;  1 drivers
L_000002615967ecc8 .functor BUFT 1, C4<00>, C4<0>, C4<0>, C4<0>;
v0000026159608ed0_0 .net *"_ivl_457", 1 0, L_000002615967ecc8;  1 drivers
v0000026159608f70_0 .net *"_ivl_458", 0 0, L_00000261596e3740;  1 drivers
v000002615960acd0_0 .net *"_ivl_460", 0 0, L_000002615970a1b0;  1 drivers
v0000026159609010_0 .net *"_ivl_464", 0 0, L_000002615970a530;  1 drivers
L_000002615967ed10 .functor BUFT 1, C4<00>, C4<0>, C4<0>, C4<0>;
v0000026159609dd0_0 .net/2u *"_ivl_466", 1 0, L_000002615967ed10;  1 drivers
v000002615960ac30_0 .net *"_ivl_468", 0 0, L_0000026159709500;  1 drivers
L_000002615967ed58 .functor BUFT 1, C4<01>, C4<0>, C4<0>, C4<0>;
v00000261596090b0_0 .net/2u *"_ivl_470", 1 0, L_000002615967ed58;  1 drivers
v000002615960ad70_0 .net *"_ivl_472", 0 0, L_000002615970ab50;  1 drivers
L_000002615967eda0 .functor BUFT 1, C4<10>, C4<0>, C4<0>, C4<0>;
v00000261596096f0_0 .net/2u *"_ivl_474", 1 0, L_000002615967eda0;  1 drivers
v0000026159609150_0 .net *"_ivl_476", 0 0, L_000002615970a6f0;  1 drivers
L_000002615967ede8 .functor BUFT 1, C4<11>, C4<0>, C4<0>, C4<0>;
v0000026159609fb0_0 .net/2u *"_ivl_478", 1 0, L_000002615967ede8;  1 drivers
v00000261596098d0_0 .net *"_ivl_48", 21 0, L_00000261596dd200;  1 drivers
v0000026159609290_0 .net *"_ivl_480", 1 0, L_00000261596e22a0;  1 drivers
v0000026159609330_0 .net *"_ivl_482", 7 0, L_00000261596e2340;  1 drivers
L_000002615967ee30 .functor BUFT 1, C4<00>, C4<0>, C4<0>, C4<0>;
v0000026159608890_0 .net *"_ivl_485", 1 0, L_000002615967ee30;  1 drivers
v0000026159608b10_0 .net *"_ivl_486", 1 0, L_00000261596e3ec0;  1 drivers
v00000261596093d0_0 .net *"_ivl_488", 1 0, L_00000261596e3100;  1 drivers
v000002615960a550_0 .net *"_ivl_490", 1 0, L_00000261596e37e0;  1 drivers
L_000002615967ee78 .functor BUFT 1, C4<00>, C4<0>, C4<0>, C4<0>;
v000002615960aeb0_0 .net/2u *"_ivl_494", 1 0, L_000002615967ee78;  1 drivers
v0000026159609970_0 .net *"_ivl_496", 0 0, L_00000261596e23e0;  1 drivers
v0000026159609a10_0 .net *"_ivl_498", 31 0, L_00000261596e3880;  1 drivers
v0000026159609790_0 .net *"_ivl_50", 7 0, L_00000261596e0540;  1 drivers
v000002615960aff0_0 .net *"_ivl_500", 10 0, L_00000261596e4000;  1 drivers
L_000002615967eec0 .functor BUFT 1, C4<00000>, C4<0>, C4<0>, C4<0>;
v0000026159608930_0 .net *"_ivl_503", 4 0, L_000002615967eec0;  1 drivers
v0000026159609650_0 .net *"_ivl_504", 12 0, L_00000261596e25c0;  1 drivers
L_000002615967ef08 .functor BUFT 1, C4<00>, C4<0>, C4<0>, C4<0>;
v00000261596089d0_0 .net *"_ivl_507", 1 0, L_000002615967ef08;  1 drivers
L_000002615967ef50 .functor BUFT 1, C4<0000000000100>, C4<0>, C4<0>, C4<0>;
v000002615960a410_0 .net/2u *"_ivl_508", 12 0, L_000002615967ef50;  1 drivers
v0000026159608bb0_0 .net *"_ivl_511", 12 0, L_00000261596e2480;  1 drivers
L_000002615967ef98 .functor BUFT 1, C4<0>, C4<0>, C4<0>, C4<0>;
v0000026159609470_0 .net *"_ivl_514", 0 0, L_000002615967ef98;  1 drivers
v000002615960a230_0 .net *"_ivl_515", 13 0, L_00000261596e2700;  1 drivers
L_000002615967efe0 .functor BUFT 1, C4<0000000000>, C4<0>, C4<0>, C4<0>;
v00000261596095b0_0 .net *"_ivl_518", 9 0, L_000002615967efe0;  1 drivers
v0000026159609ab0_0 .net *"_ivl_519", 13 0, L_00000261596e27a0;  1 drivers
v000002615960d430_0 .net *"_ivl_520", 13 0, L_00000261596e40a0;  1 drivers
L_000002615967f028 .functor BUFT 1, C4<01>, C4<0>, C4<0>, C4<0>;
v000002615960bd10_0 .net/2u *"_ivl_522", 1 0, L_000002615967f028;  1 drivers
v000002615960d250_0 .net *"_ivl_524", 0 0, L_00000261596e4140;  1 drivers
v000002615960b810_0 .net *"_ivl_526", 31 0, L_00000261596e2840;  1 drivers
v000002615960d110_0 .net *"_ivl_528", 10 0, L_00000261596e2980;  1 drivers
L_000002615967dd50 .functor BUFT 1, C4<00>, C4<0>, C4<0>, C4<0>;
v000002615960cc10_0 .net *"_ivl_53", 1 0, L_000002615967dd50;  1 drivers
L_000002615967f070 .functor BUFT 1, C4<00000>, C4<0>, C4<0>, C4<0>;
v000002615960b270_0 .net *"_ivl_531", 4 0, L_000002615967f070;  1 drivers
v000002615960c530_0 .net *"_ivl_532", 12 0, L_00000261596e63a0;  1 drivers
L_000002615967f0b8 .functor BUFT 1, C4<00>, C4<0>, C4<0>, C4<0>;
v000002615960bdb0_0 .net *"_ivl_535", 1 0, L_000002615967f0b8;  1 drivers
L_000002615967f100 .functor BUFT 1, C4<0000000000100>, C4<0>, C4<0>, C4<0>;
v000002615960c3f0_0 .net/2u *"_ivl_536", 12 0, L_000002615967f100;  1 drivers
v000002615960b310_0 .net *"_ivl_539", 12 0, L_00000261596e59a0;  1 drivers
v000002615960c5d0_0 .net *"_ivl_54", 0 0, L_00000261596dffa0;  1 drivers
L_000002615967f148 .functor BUFT 1, C4<0>, C4<0>, C4<0>, C4<0>;
v000002615960b3b0_0 .net *"_ivl_542", 0 0, L_000002615967f148;  1 drivers
v000002615960d6b0_0 .net *"_ivl_543", 13 0, L_00000261596e4e60;  1 drivers
L_000002615967f190 .functor BUFT 1, C4<0000000000>, C4<0>, C4<0>, C4<0>;
v000002615960be50_0 .net *"_ivl_546", 9 0, L_000002615967f190;  1 drivers
v000002615960c170_0 .net *"_ivl_547", 13 0, L_00000261596e5a40;  1 drivers
v000002615960b450_0 .net *"_ivl_548", 13 0, L_00000261596e5360;  1 drivers
L_000002615967f1d8 .functor BUFT 1, C4<10>, C4<0>, C4<0>, C4<0>;
v000002615960bef0_0 .net/2u *"_ivl_550", 1 0, L_000002615967f1d8;  1 drivers
v000002615960d570_0 .net *"_ivl_552", 0 0, L_00000261596e5400;  1 drivers
v000002615960b4f0_0 .net *"_ivl_554", 31 0, L_00000261596e5fe0;  1 drivers
v000002615960cd50_0 .net *"_ivl_556", 10 0, L_00000261596e5c20;  1 drivers
L_000002615967f220 .functor BUFT 1, C4<00000>, C4<0>, C4<0>, C4<0>;
v000002615960d390_0 .net *"_ivl_559", 4 0, L_000002615967f220;  1 drivers
v000002615960b590_0 .net *"_ivl_560", 12 0, L_00000261596e5220;  1 drivers
L_000002615967f268 .functor BUFT 1, C4<00>, C4<0>, C4<0>, C4<0>;
v000002615960bbd0_0 .net *"_ivl_563", 1 0, L_000002615967f268;  1 drivers
L_000002615967f2b0 .functor BUFT 1, C4<0000000000100>, C4<0>, C4<0>, C4<0>;
v000002615960d4d0_0 .net/2u *"_ivl_564", 12 0, L_000002615967f2b0;  1 drivers
v000002615960ccb0_0 .net *"_ivl_567", 12 0, L_00000261596e6f80;  1 drivers
L_000002615967f2f8 .functor BUFT 1, C4<0>, C4<0>, C4<0>, C4<0>;
v000002615960d1b0_0 .net *"_ivl_570", 0 0, L_000002615967f2f8;  1 drivers
v000002615960bc70_0 .net *"_ivl_571", 13 0, L_00000261596e4fa0;  1 drivers
L_000002615967f340 .functor BUFT 1, C4<0000000000>, C4<0>, C4<0>, C4<0>;
v000002615960cdf0_0 .net *"_ivl_574", 9 0, L_000002615967f340;  1 drivers
v000002615960c490_0 .net *"_ivl_575", 13 0, L_00000261596e6760;  1 drivers
v000002615960c670_0 .net *"_ivl_576", 13 0, L_00000261596e6440;  1 drivers
v000002615960ce90_0 .net *"_ivl_578", 31 0, L_00000261596e6940;  1 drivers
v000002615960b130_0 .net *"_ivl_58", 0 0, L_00000261594da3f0;  1 drivers
v000002615960bf90_0 .net *"_ivl_580", 10 0, L_00000261596e5b80;  1 drivers
L_000002615967f388 .functor BUFT 1, C4<00000>, C4<0>, C4<0>, C4<0>;
v000002615960b6d0_0 .net *"_ivl_583", 4 0, L_000002615967f388;  1 drivers
v000002615960c030_0 .net *"_ivl_584", 12 0, L_00000261596e4f00;  1 drivers
L_000002615967f3d0 .functor BUFT 1, C4<00>, C4<0>, C4<0>, C4<0>;
v000002615960d610_0 .net *"_ivl_587", 1 0, L_000002615967f3d0;  1 drivers
L_000002615967f418 .functor BUFT 1, C4<0000000000100>, C4<0>, C4<0>, C4<0>;
v000002615960c710_0 .net/2u *"_ivl_588", 12 0, L_000002615967f418;  1 drivers
v000002615960c7b0_0 .net *"_ivl_591", 12 0, L_00000261596e64e0;  1 drivers
L_000002615967f460 .functor BUFT 1, C4<0>, C4<0>, C4<0>, C4<0>;
v000002615960b630_0 .net *"_ivl_594", 0 0, L_000002615967f460;  1 drivers
v000002615960c0d0_0 .net *"_ivl_595", 13 0, L_00000261596e54a0;  1 drivers
L_000002615967f4a8 .functor BUFT 1, C4<0000000000>, C4<0>, C4<0>, C4<0>;
v000002615960c850_0 .net *"_ivl_598", 9 0, L_000002615967f4a8;  1 drivers
v000002615960bb30_0 .net *"_ivl_599", 13 0, L_00000261596e6580;  1 drivers
v000002615960b770_0 .net *"_ivl_60", 0 0, L_00000261594d97b0;  1 drivers
v000002615960c210_0 .net *"_ivl_600", 13 0, L_00000261596e52c0;  1 drivers
v000002615960cfd0_0 .net *"_ivl_602", 31 0, L_00000261596e4d20;  1 drivers
v000002615960d2f0_0 .net *"_ivl_604", 31 0, L_00000261596e6e40;  1 drivers
v000002615960c2b0_0 .net *"_ivl_609", 0 0, L_00000261596e5180;  1 drivers
v000002615960cb70_0 .net *"_ivl_610", 7 0, L_00000261596e50e0;  1 drivers
v000002615960d750_0 .net *"_ivl_613", 0 0, L_00000261596e61c0;  1 drivers
v000002615960ba90_0 .net *"_ivl_614", 7 0, L_00000261596e6c60;  1 drivers
v000002615960c350_0 .net *"_ivl_617", 0 0, L_00000261596e6bc0;  1 drivers
v000002615960c8f0_0 .net *"_ivl_618", 7 0, L_00000261596e5cc0;  1 drivers
v000002615960d7f0_0 .net *"_ivl_621", 0 0, L_00000261596e6800;  1 drivers
v000002615960b8b0_0 .net *"_ivl_622", 7 0, L_00000261596e4a00;  1 drivers
v000002615960cf30_0 .net *"_ivl_626", 31 0, L_000002615970a840;  1 drivers
v000002615960c990_0 .net *"_ivl_628", 31 0, L_00000261597092d0;  1 drivers
v000002615960ca30_0 .net *"_ivl_630", 31 0, L_000002615970a0d0;  1 drivers
v000002615960b950_0 .net *"_ivl_634", 0 0, L_00000261596e6620;  1 drivers
v000002615960cad0_0 .net *"_ivl_636", 0 0, L_00000261596e6080;  1 drivers
L_000002615967dd98 .functor BUFT 1, C4<11>, C4<0>, C4<0>, C4<0>;
v000002615960b9f0_0 .net/2u *"_ivl_64", 1 0, L_000002615967dd98;  1 drivers
v000002615960d070_0 .net/2u *"_ivl_640", 31 0, L_000002615967f4f0;  1 drivers
L_000002615967f538 .functor BUFT 1, C4<01>, C4<0>, C4<0>, C4<0>;
v000002615960b090_0 .net/2u *"_ivl_642", 1 0, L_000002615967f538;  1 drivers
v000002615960b1d0_0 .net *"_ivl_644", 0 0, L_00000261596e5540;  1 drivers
v000002615960f0f0_0 .net *"_ivl_646", 31 0, L_00000261596e5680;  1 drivers
L_000002615967f580 .functor BUFT 1, C4<0000000000000000000000000000000>, C4<0>, C4<0>, C4<0>;
v000002615960f7d0_0 .net *"_ivl_649", 30 0, L_000002615967f580;  1 drivers
v000002615960fa50_0 .net *"_ivl_650", 31 0, L_00000261597095e0;  1 drivers
v000002615960ff50_0 .net *"_ivl_652", 31 0, L_00000261596e5ae0;  1 drivers
L_000002615967f5c8 .functor BUFT 1, C4<0000000000000000000000000000000>, C4<0>, C4<0>, C4<0>;
v000002615960d930_0 .net *"_ivl_655", 30 0, L_000002615967f5c8;  1 drivers
v000002615960e650_0 .net *"_ivl_656", 31 0, L_0000026159709ce0;  1 drivers
v000002615960f230_0 .net *"_ivl_658", 31 0, L_00000261596e5d60;  1 drivers
L_000002615967dde0 .functor BUFT 1, C4<10>, C4<0>, C4<0>, C4<0>;
v000002615960feb0_0 .net/2u *"_ivl_66", 1 0, L_000002615967dde0;  1 drivers
L_000002615967f610 .functor BUFT 1, C4<0000000000000000000000000000000>, C4<0>, C4<0>, C4<0>;
v000002615960dc50_0 .net *"_ivl_661", 30 0, L_000002615967f610;  1 drivers
v000002615960da70_0 .net *"_ivl_662", 31 0, L_00000261597098f0;  1 drivers
v000002615960faf0_0 .net *"_ivl_664", 31 0, L_0000026159709f80;  1 drivers
v000002615960e290_0 .net *"_ivl_666", 31 0, L_00000261596e5e00;  1 drivers
L_000002615967f658 .functor BUFT 1, C4<0000000000000000000000000000000>, C4<0>, C4<0>, C4<0>;
v000002615960e330_0 .net *"_ivl_669", 30 0, L_000002615967f658;  1 drivers
v000002615960f870_0 .net *"_ivl_670", 31 0, L_00000261597097a0;  1 drivers
v000002615960e6f0_0 .net *"_ivl_672", 31 0, L_000002615970a290;  1 drivers
L_000002615967f6a0 .functor BUFT 1, C4<0000>, C4<0>, C4<0>, C4<0>;
v000002615960ef10_0 .net/2u *"_ivl_674", 3 0, L_000002615967f6a0;  1 drivers
v000002615960eb50_0 .net *"_ivl_676", 0 0, L_00000261596e5720;  1 drivers
v000002615960f050_0 .net *"_ivl_678", 31 0, L_00000261596e6b20;  1 drivers
L_000002615967de28 .functor BUFT 1, C4<01>, C4<0>, C4<0>, C4<0>;
v000002615960f370_0 .net/2u *"_ivl_68", 1 0, L_000002615967de28;  1 drivers
L_000002615967f6e8 .functor BUFT 1, C4<0000000000000000000000000000000>, C4<0>, C4<0>, C4<0>;
v000002615960f910_0 .net *"_ivl_681", 30 0, L_000002615967f6e8;  1 drivers
v000002615960d9d0_0 .net *"_ivl_682", 31 0, L_000002615970adf0;  1 drivers
L_000002615967f730 .functor BUFT 1, C4<00>, C4<0>, C4<0>, C4<0>;
v000002615960fd70_0 .net/2u *"_ivl_686", 1 0, L_000002615967f730;  1 drivers
v000002615960fff0_0 .net *"_ivl_689", 1 0, L_00000261596e4b40;  1 drivers
v000002615960fb90_0 .net *"_ivl_691", 1 0, L_00000261596e5ea0;  1 drivers
v000002615960f690_0 .net *"_ivl_692", 1 0, L_00000261596e4960;  1 drivers
L_000002615967f778 .functor BUFT 1, C4<01>, C4<0>, C4<0>, C4<0>;
v000002615960e970_0 .net/2u *"_ivl_696", 1 0, L_000002615967f778;  1 drivers
v000002615960f410_0 .net *"_ivl_698", 0 0, L_00000261596e66c0;  1 drivers
v000002615960e0b0_0 .net *"_ivl_7", 1 0, L_00000261596df8c0;  1 drivers
L_000002615967de70 .functor BUFT 1, C4<00>, C4<0>, C4<0>, C4<0>;
v000002615960fc30_0 .net/2u *"_ivl_70", 1 0, L_000002615967de70;  1 drivers
v000002615960e510_0 .net *"_ivl_700", 0 0, L_0000026159709810;  1 drivers
v000002615960fcd0_0 .net *"_ivl_702", 0 0, L_000002615970a920;  1 drivers
v000002615960ee70_0 .net *"_ivl_704", 0 0, L_0000026159709b90;  1 drivers
v000002615960e1f0_0 .net *"_ivl_706", 0 0, L_0000026159709650;  1 drivers
v000002615960dd90_0 .net *"_ivl_708", 0 0, L_00000261596e6120;  1 drivers
L_000002615967f7c0 .functor BUFT 1, C4<00>, C4<0>, C4<0>, C4<0>;
v000002615960d890_0 .net/2u *"_ivl_712", 1 0, L_000002615967f7c0;  1 drivers
v000002615960fe10_0 .net *"_ivl_714", 0 0, L_00000261596e57c0;  1 drivers
v000002615960db10_0 .net *"_ivl_716", 31 0, L_00000261596e6ee0;  1 drivers
v000002615960dcf0_0 .net *"_ivl_718", 10 0, L_00000261596e4be0;  1 drivers
v000002615960dbb0_0 .net *"_ivl_72", 1 0, L_00000261596e1a80;  1 drivers
L_000002615967f808 .functor BUFT 1, C4<00000>, C4<0>, C4<0>, C4<0>;
v000002615960de30_0 .net *"_ivl_721", 4 0, L_000002615967f808;  1 drivers
v000002615960e3d0_0 .net *"_ivl_722", 12 0, L_00000261596e5860;  1 drivers
L_000002615967f850 .functor BUFT 1, C4<00>, C4<0>, C4<0>, C4<0>;
v000002615960e470_0 .net *"_ivl_725", 1 0, L_000002615967f850;  1 drivers
L_000002615967f898 .functor BUFT 1, C4<0000000000100>, C4<0>, C4<0>, C4<0>;
v000002615960f9b0_0 .net/2u *"_ivl_726", 12 0, L_000002615967f898;  1 drivers
v000002615960e790_0 .net *"_ivl_729", 12 0, L_00000261596e6300;  1 drivers
L_000002615967f8e0 .functor BUFT 1, C4<0>, C4<0>, C4<0>, C4<0>;
v000002615960efb0_0 .net *"_ivl_732", 0 0, L_000002615967f8e0;  1 drivers
v000002615960ebf0_0 .net *"_ivl_733", 13 0, L_00000261596e68a0;  1 drivers
L_000002615967f928 .functor BUFT 1, C4<0000000000>, C4<0>, C4<0>, C4<0>;
v000002615960ded0_0 .net *"_ivl_736", 9 0, L_000002615967f928;  1 drivers
v000002615960e150_0 .net *"_ivl_737", 13 0, L_00000261596e5900;  1 drivers
v000002615960e5b0_0 .net *"_ivl_738", 13 0, L_00000261596e69e0;  1 drivers
v000002615960df70_0 .net *"_ivl_74", 1 0, L_00000261596dfe60;  1 drivers
L_000002615967f970 .functor BUFT 1, C4<01>, C4<0>, C4<0>, C4<0>;
v000002615960e010_0 .net/2u *"_ivl_740", 1 0, L_000002615967f970;  1 drivers
v000002615960e830_0 .net *"_ivl_742", 0 0, L_00000261596e6a80;  1 drivers
v000002615960e8d0_0 .net *"_ivl_744", 31 0, L_00000261596e4aa0;  1 drivers
v000002615960f730_0 .net *"_ivl_746", 10 0, L_00000261596e6d00;  1 drivers
L_000002615967f9b8 .functor BUFT 1, C4<00000>, C4<0>, C4<0>, C4<0>;
v000002615960ea10_0 .net *"_ivl_749", 4 0, L_000002615967f9b8;  1 drivers
v000002615960f4b0_0 .net *"_ivl_750", 12 0, L_00000261596e4c80;  1 drivers
L_000002615967fa00 .functor BUFT 1, C4<00>, C4<0>, C4<0>, C4<0>;
v000002615960ec90_0 .net *"_ivl_753", 1 0, L_000002615967fa00;  1 drivers
L_000002615967fa48 .functor BUFT 1, C4<0000000000100>, C4<0>, C4<0>, C4<0>;
v000002615960eab0_0 .net/2u *"_ivl_754", 12 0, L_000002615967fa48;  1 drivers
v000002615960f5f0_0 .net *"_ivl_757", 12 0, L_00000261596e6da0;  1 drivers
L_000002615967fa90 .functor BUFT 1, C4<0>, C4<0>, C4<0>, C4<0>;
v000002615960ed30_0 .net *"_ivl_760", 0 0, L_000002615967fa90;  1 drivers
v000002615960edd0_0 .net *"_ivl_761", 13 0, L_00000261596e7020;  1 drivers
L_000002615967fad8 .functor BUFT 1, C4<0000000000>, C4<0>, C4<0>, C4<0>;
v000002615960f190_0 .net *"_ivl_764", 9 0, L_000002615967fad8;  1 drivers
v000002615960f2d0_0 .net *"_ivl_765", 13 0, L_00000261596e4dc0;  1 drivers
v000002615960f550_0 .net *"_ivl_766", 13 0, L_00000261596e70c0;  1 drivers
L_000002615967fb20 .functor BUFT 1, C4<10>, C4<0>, C4<0>, C4<0>;
v00000261596101d0_0 .net/2u *"_ivl_768", 1 0, L_000002615967fb20;  1 drivers
v0000026159610e50_0 .net *"_ivl_770", 0 0, L_00000261596e8240;  1 drivers
v0000026159610810_0 .net *"_ivl_772", 31 0, L_00000261596e7d40;  1 drivers
v0000026159610130_0 .net *"_ivl_774", 10 0, L_00000261596e78e0;  1 drivers
L_000002615967fb68 .functor BUFT 1, C4<00000>, C4<0>, C4<0>, C4<0>;
v00000261596108b0_0 .net *"_ivl_777", 4 0, L_000002615967fb68;  1 drivers
v00000261596103b0_0 .net *"_ivl_778", 12 0, L_00000261596e81a0;  1 drivers
v0000026159610ef0_0 .net *"_ivl_78", 31 0, L_00000261596e0e00;  1 drivers
L_000002615967fbb0 .functor BUFT 1, C4<00>, C4<0>, C4<0>, C4<0>;
v0000026159610270_0 .net *"_ivl_781", 1 0, L_000002615967fbb0;  1 drivers
L_000002615967fbf8 .functor BUFT 1, C4<0000000000100>, C4<0>, C4<0>, C4<0>;
v0000026159610b30_0 .net/2u *"_ivl_782", 12 0, L_000002615967fbf8;  1 drivers
v0000026159610db0_0 .net *"_ivl_785", 12 0, L_00000261596e84c0;  1 drivers
L_000002615967fc40 .functor BUFT 1, C4<0>, C4<0>, C4<0>, C4<0>;
v0000026159610310_0 .net *"_ivl_788", 0 0, L_000002615967fc40;  1 drivers
v00000261596104f0_0 .net *"_ivl_789", 13 0, L_00000261596e8920;  1 drivers
L_000002615967fc88 .functor BUFT 1, C4<0000000000>, C4<0>, C4<0>, C4<0>;
v0000026159610090_0 .net *"_ivl_792", 9 0, L_000002615967fc88;  1 drivers
v0000026159610450_0 .net *"_ivl_793", 13 0, L_00000261596e75c0;  1 drivers
v0000026159610590_0 .net *"_ivl_794", 13 0, L_00000261596e91e0;  1 drivers
v00000261596109f0_0 .net *"_ivl_796", 31 0, L_00000261596e7980;  1 drivers
v0000026159610630_0 .net *"_ivl_798", 10 0, L_00000261596e8b00;  1 drivers
v00000261596106d0_0 .net *"_ivl_80", 10 0, L_00000261596e05e0;  1 drivers
L_000002615967fcd0 .functor BUFT 1, C4<00000>, C4<0>, C4<0>, C4<0>;
v0000026159610770_0 .net *"_ivl_801", 4 0, L_000002615967fcd0;  1 drivers
v0000026159610950_0 .net *"_ivl_802", 12 0, L_00000261596e9820;  1 drivers
L_000002615967fd18 .functor BUFT 1, C4<00>, C4<0>, C4<0>, C4<0>;
v0000026159610a90_0 .net *"_ivl_805", 1 0, L_000002615967fd18;  1 drivers
L_000002615967fd60 .functor BUFT 1, C4<0000000000100>, C4<0>, C4<0>, C4<0>;
v0000026159610bd0_0 .net/2u *"_ivl_806", 12 0, L_000002615967fd60;  1 drivers
v0000026159610c70_0 .net *"_ivl_809", 12 0, L_00000261596e7660;  1 drivers
L_000002615967fda8 .functor BUFT 1, C4<0>, C4<0>, C4<0>, C4<0>;
v0000026159610d10_0 .net *"_ivl_812", 0 0, L_000002615967fda8;  1 drivers
v00000261596034d0_0 .net *"_ivl_813", 13 0, L_00000261596e9000;  1 drivers
L_000002615967fdf0 .functor BUFT 1, C4<0000000000>, C4<0>, C4<0>, C4<0>;
v0000026159602490_0 .net *"_ivl_816", 9 0, L_000002615967fdf0;  1 drivers
v00000261596025d0_0 .net *"_ivl_817", 13 0, L_00000261596e8d80;  1 drivers
v0000026159601450_0 .net *"_ivl_818", 13 0, L_00000261596e9280;  1 drivers
v0000026159601f90_0 .net *"_ivl_820", 31 0, L_00000261596e87e0;  1 drivers
v00000261596023f0_0 .net *"_ivl_822", 31 0, L_00000261596e8880;  1 drivers
v0000026159601b30_0 .net *"_ivl_826", 0 0, L_0000026159709880;  1 drivers
v0000026159601590_0 .net *"_ivl_828", 0 0, L_0000026159709ff0;  1 drivers
L_000002615967deb8 .functor BUFT 1, C4<00000>, C4<0>, C4<0>, C4<0>;
v0000026159602030_0 .net *"_ivl_83", 4 0, L_000002615967deb8;  1 drivers
v0000026159602fd0_0 .net *"_ivl_830", 0 0, L_0000026159709e30;  1 drivers
v0000026159603110_0 .net *"_ivl_832", 0 0, L_000002615970a060;  1 drivers
v0000026159601d10_0 .net *"_ivl_834", 0 0, L_000002615970a140;  1 drivers
v0000026159602b70_0 .net *"_ivl_838", 0 0, L_000002615970a220;  1 drivers
v0000026159603750_0 .net *"_ivl_84", 12 0, L_00000261596e1260;  1 drivers
v0000026159601a90_0 .net *"_ivl_842", 0 0, L_000002615970a3e0;  1 drivers
L_000002615967fe38 .functor BUFT 1, C4<00>, C4<0>, C4<0>, C4<0>;
v0000026159602350_0 .net/2u *"_ivl_846", 1 0, L_000002615967fe38;  1 drivers
v0000026159602850_0 .net *"_ivl_848", 0 0, L_00000261596e82e0;  1 drivers
v0000026159602f30_0 .net *"_ivl_850", 0 0, L_000002615970a4c0;  1 drivers
v00000261596032f0_0 .net *"_ivl_852", 0 0, L_000002615970a5a0;  1 drivers
L_000002615967fe80 .functor BUFT 1, C4<01>, C4<0>, C4<0>, C4<0>;
v0000026159602cb0_0 .net/2u *"_ivl_856", 1 0, L_000002615967fe80;  1 drivers
v00000261596031b0_0 .net *"_ivl_858", 0 0, L_00000261596e77a0;  1 drivers
v0000026159603250_0 .net *"_ivl_860", 0 0, L_000002615970a680;  1 drivers
v0000026159601ef0_0 .net *"_ivl_862", 0 0, L_000002615970a760;  1 drivers
L_000002615967fec8 .functor BUFT 1, C4<00>, C4<0>, C4<0>, C4<0>;
v0000026159602530_0 .net/2u *"_ivl_866", 1 0, L_000002615967fec8;  1 drivers
v0000026159601770_0 .net *"_ivl_868", 0 0, L_00000261596e8380;  1 drivers
L_000002615967df00 .functor BUFT 1, C4<00>, C4<0>, C4<0>, C4<0>;
v0000026159601630_0 .net *"_ivl_87", 1 0, L_000002615967df00;  1 drivers
L_000002615967ff10 .functor BUFT 1, C4<000000>, C4<0>, C4<0>, C4<0>;
v0000026159601bd0_0 .net/2u *"_ivl_870", 5 0, L_000002615967ff10;  1 drivers
v00000261596016d0_0 .net *"_ivl_872", 0 0, L_00000261596e9320;  1 drivers
v0000026159602670_0 .net *"_ivl_874", 0 0, L_000002615970abc0;  1 drivers
v0000026159602df0_0 .net *"_ivl_876", 0 0, L_000002615970a8b0;  1 drivers
v00000261596014f0_0 .net *"_ivl_878", 0 0, L_000002615970ac30;  1 drivers
L_000002615967df48 .functor BUFT 1, C4<0000000000100>, C4<0>, C4<0>, C4<0>;
v0000026159603390_0 .net/2u *"_ivl_88", 12 0, L_000002615967df48;  1 drivers
L_000002615967ff58 .functor BUFT 1, C4<100000>, C4<0>, C4<0>, C4<0>;
v00000261596020d0_0 .net/2u *"_ivl_882", 5 0, L_000002615967ff58;  1 drivers
v0000026159602170_0 .net *"_ivl_884", 0 0, L_00000261596e7ac0;  1 drivers
L_000002615967ffa0 .functor BUFT 1, C4<00>, C4<0>, C4<0>, C4<0>;
v0000026159602e90_0 .net/2u *"_ivl_888", 1 0, L_000002615967ffa0;  1 drivers
v0000026159602710_0 .net *"_ivl_890", 0 0, L_00000261596e98c0;  1 drivers
v0000026159601810_0 .net *"_ivl_892", 0 0, L_0000026159709730;  1 drivers
v0000026159602210_0 .net *"_ivl_894", 0 0, L_0000026159709340;  1 drivers
v0000026159603070_0 .net *"_ivl_896", 0 0, L_000002615970b560;  1 drivers
v0000026159603430_0 .net *"_ivl_898", 0 0, L_000002615970b6b0;  1 drivers
L_000002615967ffe8 .functor BUFT 1, C4<00>, C4<0>, C4<0>, C4<0>;
v0000026159601db0_0 .net/2u *"_ivl_902", 1 0, L_000002615967ffe8;  1 drivers
v0000026159602c10_0 .net *"_ivl_904", 0 0, L_00000261596e7c00;  1 drivers
v00000261596028f0_0 .net *"_ivl_906", 0 0, L_000002615970bf70;  1 drivers
v0000026159603570_0 .net *"_ivl_908", 0 0, L_000002615970b3a0;  1 drivers
v00000261596027b0_0 .net *"_ivl_91", 12 0, L_00000261596e1bc0;  1 drivers
v0000026159602990_0 .net *"_ivl_910", 0 0, L_000002615970be90;  1 drivers
v0000026159603610_0 .net *"_ivl_912", 0 0, L_000002615970af40;  1 drivers
v00000261596036b0_0 .net *"_ivl_914", 0 0, L_000002615970c130;  1 drivers
L_0000026159680030 .functor BUFT 1, C4<10>, C4<0>, C4<0>, C4<0>;
v0000026159602d50_0 .net/2u *"_ivl_918", 1 0, L_0000026159680030;  1 drivers
v00000261596037f0_0 .net *"_ivl_920", 0 0, L_00000261596e90a0;  1 drivers
L_0000026159680078 .functor BUFT 1, C4<01>, C4<0>, C4<0>, C4<0>;
v0000026159601090_0 .net/2u *"_ivl_924", 1 0, L_0000026159680078;  1 drivers
v00000261596022b0_0 .net *"_ivl_926", 0 0, L_00000261596e96e0;  1 drivers
v00000261596018b0_0 .net *"_ivl_928", 0 0, L_000002615970b950;  1 drivers
v0000026159601950_0 .net *"_ivl_930", 0 0, L_000002615970be20;  1 drivers
L_00000261596800c0 .functor BUFT 1, C4<01>, C4<0>, C4<0>, C4<0>;
v00000261596019f0_0 .net/2u *"_ivl_934", 1 0, L_00000261596800c0;  1 drivers
v0000026159601c70_0 .net *"_ivl_936", 0 0, L_00000261596e7de0;  1 drivers
v0000026159601e50_0 .net *"_ivl_938", 0 0, L_000002615970c600;  1 drivers
L_000002615967df90 .functor BUFT 1, C4<0>, C4<0>, C4<0>, C4<0>;
v0000026159602a30_0 .net *"_ivl_94", 0 0, L_000002615967df90;  1 drivers
L_0000026159680108 .functor BUFT 1, C4<01>, C4<0>, C4<0>, C4<0>;
v0000026159601130_0 .net/2u *"_ivl_948", 1 0, L_0000026159680108;  1 drivers
v00000261596011d0_0 .net *"_ivl_95", 13 0, L_00000261596dfa00;  1 drivers
v0000026159601270_0 .net *"_ivl_950", 0 0, L_00000261596e7ca0;  1 drivers
v0000026159602ad0_0 .net *"_ivl_952", 31 0, L_00000261596e7a20;  1 drivers
v0000026159601310_0 .net *"_ivl_954", 6 0, L_00000261596e8420;  1 drivers
L_0000026159680150 .functor BUFT 1, C4<00>, C4<0>, C4<0>, C4<0>;
v00000261596013b0_0 .net *"_ivl_957", 1 0, L_0000026159680150;  1 drivers
L_0000026159680198 .functor BUFT 1, C4<00000000000000000000000000000000>, C4<0>, C4<0>, C4<0>;
v00000261596048d0_0 .net/2u *"_ivl_958", 31 0, L_0000026159680198;  1 drivers
v0000026159603f70_0 .net *"_ivl_960", 31 0, L_00000261596e7b60;  1 drivers
v0000026159604330_0 .net *"_ivl_968", 31 0, L_00000261596e9460;  1 drivers
v0000026159603890_0 .net *"_ivl_970", 6 0, L_00000261596e7f20;  1 drivers
L_00000261596801e0 .functor BUFT 1, C4<00>, C4<0>, C4<0>, C4<0>;
v0000026159603a70_0 .net *"_ivl_973", 1 0, L_00000261596801e0;  1 drivers
L_0000026159680228 .functor BUFT 1, C4<00000000000000000000000000000000>, C4<0>, C4<0>, C4<0>;
v0000026159603c50_0 .net/2u *"_ivl_974", 31 0, L_0000026159680228;  1 drivers
L_000002615967dfd8 .functor BUFT 1, C4<0000000000>, C4<0>, C4<0>, C4<0>;
v0000026159605550_0 .net *"_ivl_98", 9 0, L_000002615967dfd8;  1 drivers
L_0000026159680270 .functor BUFT 1, C4<01>, C4<0>, C4<0>, C4<0>;
v0000026159605e10_0 .net/2u *"_ivl_980", 1 0, L_0000026159680270;  1 drivers
v0000026159604970_0 .net *"_ivl_982", 0 0, L_00000261596e8560;  1 drivers
v0000026159604a10_0 .net *"_ivl_984", 0 0, L_000002615970c1a0;  1 drivers
v00000261596046f0_0 .net *"_ivl_986", 0 0, L_000002615970c520;  1 drivers
L_00000261596802b8 .functor BUFT 1, C4<10>, C4<0>, C4<0>, C4<0>;
v00000261596057d0_0 .net/2u *"_ivl_988", 1 0, L_00000261596802b8;  1 drivers
v0000026159605a50_0 .net *"_ivl_99", 13 0, L_00000261596e1300;  1 drivers
v0000026159604650_0 .net *"_ivl_990", 0 0, L_00000261596e7fc0;  1 drivers
v00000261596039d0_0 .net *"_ivl_992", 0 0, L_000002615970b480;  1 drivers
L_0000026159680300 .functor BUFT 1, C4<01>, C4<0>, C4<0>, C4<0>;
v0000026159605b90_0 .net/2u *"_ivl_994", 1 0, L_0000026159680300;  1 drivers
v00000261596041f0_0 .net *"_ivl_996", 0 0, L_00000261596e8ce0;  1 drivers
v0000026159605af0_0 .net *"_ivl_998", 0 0, L_000002615970b090;  1 drivers
v0000026159605690_0 .var "chained_pending_cur", 0 0;
v0000026159604e70_0 .net "cpu_miss_req_cur", 0 0, L_00000261597093b0;  1 drivers
v0000026159603930 .array "datas0", 255 0, 31 0;
v0000026159605370 .array "datas1", 255 0, 31 0;
v00000261596040b0 .array "datas2", 255 0, 31 0;
v0000026159605870 .array "datas3", 255 0, 31 0;
v0000026159603e30_0 .var "early_restart_data_cur", 31 0;
v00000261596055f0_0 .net "early_restart_match_cur", 0 0, L_00000261596e6260;  1 drivers
v0000026159605c30_0 .var "early_restart_valid_cur", 0 0;
v0000026159604010_0 .net "hit", 0 0, L_00000261594da2a0;  1 drivers
v0000026159605cd0_0 .net "hit_rword", 31 0, L_00000261596e04a0;  1 drivers
v0000026159605910_0 .net "hit_way", 1 0, L_00000261596dfd20;  1 drivers
v00000261596059b0_0 .net "i_clk", 0 0, v000002615965b600_0;  alias, 1 drivers
v00000261596043d0_0 .net "i_mem_rdata", 31 0, L_0000026159737450;  alias, 1 drivers
v0000026159605190_0 .net "i_mem_ready", 0 0, L_00000261597384f0;  alias, 1 drivers
v0000026159604510_0 .net "i_mem_valid", 0 0, L_00000261597370d0;  alias, 1 drivers
v0000026159605eb0_0 .net "i_req_addr", 31 0, L_00000261596d64a0;  alias, 1 drivers
v0000026159604790_0 .net "i_req_mask", 3 0, L_0000026159735d20;  alias, 1 drivers
v0000026159604ab0_0 .net "i_req_ren", 0 0, L_0000026159736030;  alias, 1 drivers
v0000026159604f10_0 .net "i_req_wdata", 31 0, L_0000026159735a10;  alias, 1 drivers
v0000026159604290_0 .net "i_req_wen", 0 0, L_00000261597365e0;  alias, 1 drivers
v0000026159605f50_0 .net "i_rst", 0 0, v000002615965ce60_0;  alias, 1 drivers
v0000026159605d70_0 .net "merged_write_word", 31 0, L_000002615970a610;  1 drivers
v0000026159603b10_0 .net "miss_byte_mask", 31 0, L_00000261596e5040;  1 drivers
v00000261596045b0_0 .var "miss_is_prefetch_cur", 0 0;
v0000026159605ff0_0 .var "miss_is_write_cur", 0 0;
v0000026159604470_0 .net "miss_line_addr", 31 0, L_00000261596e2e80;  1 drivers
v0000026159603ed0_0 .var "miss_mask_cur", 3 0;
v0000026159604fb0_0 .net "miss_merged_write_word", 31 0, L_0000026159709dc0;  1 drivers
v0000026159604830_0 .var "miss_set_cur", 5 0;
v0000026159604b50_0 .var "miss_tag_cur", 21 0;
v0000026159604bf0_0 .var "miss_way_cur", 1 0;
v0000026159605050_0 .net "miss_way_rword", 31 0, L_00000261596e55e0;  1 drivers
v0000026159604150_0 .var "miss_wdata_cur", 31 0;
v0000026159604c90_0 .net "miss_word_addr", 31 0, L_000002615970aae0;  1 drivers
v00000261596050f0_0 .var "miss_word_cur", 3 0;
v0000026159603bb0_0 .net "next_line_addr", 31 0, L_00000261596e48c0;  1 drivers
v0000026159604d30_0 .net "next_line_hit", 0 0, L_0000026159709420;  1 drivers
v00000261596052d0_0 .net "next_line_set", 5 0, L_00000261596e3c40;  1 drivers
v0000026159604dd0_0 .net "next_line_tag", 21 0, L_00000261596e3b00;  1 drivers
v0000026159603cf0_0 .net "next_victim_way", 1 0, L_00000261596e3e20;  1 drivers
v0000026159605730_0 .net "next_way0_valid", 0 0, L_00000261596e3f60;  1 drivers
v0000026159605230_0 .net "next_way1_valid", 0 0, L_00000261596e2160;  1 drivers
v0000026159603d90_0 .net "next_way2_valid", 0 0, L_00000261596e3560;  1 drivers
v0000026159605410_0 .net "next_way3_valid", 0 0, L_00000261596e4500;  1 drivers
v00000261596054b0_0 .net "o_busy", 0 0, L_000002615970b100;  alias, 1 drivers
v00000261596078f0_0 .net "o_mem_addr", 31 0, L_00000261596e7840;  alias, 1 drivers
v0000026159608110_0 .net "o_mem_ren", 0 0, L_000002615970bfe0;  alias, 1 drivers
v0000026159608070_0 .net "o_mem_wdata", 31 0, L_00000261596e7e80;  alias, 1 drivers
v0000026159607fd0_0 .net "o_mem_wen", 0 0, L_000002615970b2c0;  alias, 1 drivers
v0000026159606b30_0 .net "o_res_rdata", 31 0, L_00000261596e9500;  alias, 1 drivers
v0000026159607990_0 .net "pending_hit", 0 0, L_0000026159709a40;  1 drivers
v0000026159606d10_0 .net "pending_hit_way", 1 0, L_00000261596e16c0;  1 drivers
v00000261596073f0_0 .var "pending_is_write_cur", 0 0;
v0000026159606e50_0 .var "pending_mask_cur", 3 0;
v0000026159607170_0 .net "pending_needs_refill", 0 0, L_00000261597099d0;  1 drivers
v0000026159607710_0 .var "pending_req_cur", 0 0;
v0000026159606bd0_0 .var "pending_set_cur", 5 0;
v00000261596086b0_0 .var "pending_tag_cur", 21 0;
v0000026159606950_0 .net "pending_victim_way", 1 0, L_00000261596e2ca0;  1 drivers
v0000026159607490_0 .net "pending_way0_hit", 0 0, L_00000261594db810;  1 drivers
v0000026159606db0_0 .net "pending_way1_hit", 0 0, L_00000261594ddc60;  1 drivers
v0000026159608390_0 .net "pending_way2_hit", 0 0, L_0000026158d670b0;  1 drivers
v00000261596069f0_0 .net "pending_way3_hit", 0 0, L_0000026159359430;  1 drivers
v00000261596068b0_0 .var "pending_wdata_cur", 31 0;
v0000026159606810_0 .var "pending_word_cur", 3 0;
v0000026159606c70_0 .net "prefetch_cpu_miss_cur", 0 0, L_000002615970b8e0;  1 drivers
v0000026159607c10_0 .net "prefetch_cpu_write_cur", 0 0, L_000002615970b410;  1 drivers
v0000026159606ef0_0 .net "read_miss", 0 0, L_00000261597096c0;  1 drivers
v0000026159608430_0 .net "refill_partial_data_cur", 31 0, L_00000261596e93c0;  1 drivers
v0000026159607a30_0 .net "refill_partial_hit_cur", 0 0, L_0000026159709490;  1 drivers
v0000026159607cb0_0 .var "refill_req_done_cur", 0 0;
v0000026159606770_0 .net "refill_req_fire_cur", 0 0, L_000002615970a7d0;  1 drivers
v0000026159608750_0 .net "refill_req_matches_rsp_cur", 0 0, L_0000026159709570;  1 drivers
v00000261596075d0_0 .net "refill_req_word_abs", 3 0, L_00000261596e3ba0;  1 drivers
v0000026159607e90_0 .var "refill_req_word_cur", 3 0;
v0000026159606130_0 .net "refill_rsp_word_abs", 3 0, L_00000261596e3380;  1 drivers
v0000026159606f90_0 .var "refill_rsp_word_cur", 3 0;
v00000261596066d0_0 .net "refill_word_addr", 31 0, L_000002615970a300;  1 drivers
v0000026159607030 .array "repl_way", 0 63, 1 0;
v00000261596070d0_0 .net "req_byte_mask", 31 0, L_00000261596e4460;  1 drivers
v0000026159607210_0 .net "req_matches_rsp_cur", 0 0, L_000002615970b020;  1 drivers
v0000026159607ad0_0 .net "req_set", 5 0, L_00000261596df0a0;  1 drivers
v0000026159607f30_0 .net "req_tag", 21 0, L_00000261596df280;  1 drivers
v0000026159608250_0 .net "req_word", 3 0, L_00000261596de6a0;  1 drivers
v0000026159607350_0 .net "req_word_pos_cur", 3 0, L_00000261596e5f40;  1 drivers
v0000026159607df0_0 .var "rsp_is_prefetch_cur", 0 0;
v00000261596072b0_0 .var "rsp_is_write_cur", 0 0;
v0000026159607530_0 .var "rsp_mask_cur", 3 0;
v0000026159607670_0 .var "rsp_set_cur", 5 0;
v0000026159606a90_0 .var "rsp_tag_cur", 21 0;
v0000026159607d50_0 .var "rsp_way_cur", 1 0;
v0000026159606310_0 .var "rsp_wdata_cur", 31 0;
v00000261596077b0_0 .var "rsp_word_cur", 3 0;
v0000026159607850_0 .var "state_cur", 1 0;
v00000261596082f0 .array "tags0", 0 63, 21 0;
v0000026159607b70 .array "tags1", 0 63, 21 0;
v00000261596081b0 .array "tags2", 0 63, 21 0;
v00000261596084d0 .array "tags3", 0 63, 21 0;
v0000026159608570_0 .var "valid0", 63 0;
v0000026159608610_0 .var "valid1", 63 0;
v00000261596087f0_0 .var "valid2", 63 0;
v0000026159606090_0 .var "valid3", 63 0;
v00000261596061d0_0 .net "victim_way", 1 0, L_00000261596e1940;  1 drivers
v0000026159606270_0 .net "way0_hit", 0 0, L_00000261594d9190;  1 drivers
v0000026159606450_0 .net "way0_rword", 31 0, L_00000261594da310;  1 drivers
v00000261596064f0_0 .net "way0_valid", 0 0, L_00000261596de740;  1 drivers
v00000261596063b0_0 .net "way1_hit", 0 0, L_00000261594da770;  1 drivers
v0000026159606590_0 .net "way1_rword", 31 0, L_00000261594da540;  1 drivers
v0000026159606630_0 .net "way1_valid", 0 0, L_00000261596df1e0;  1 drivers
v00000261596281c0_0 .net "way2_hit", 0 0, L_00000261594dab60;  1 drivers
v00000261596272c0_0 .net "way2_rword", 31 0, L_00000261594da5b0;  1 drivers
v0000026159626780_0 .net "way2_valid", 0 0, L_00000261596de880;  1 drivers
v0000026159626460_0 .net "way3_hit", 0 0, L_00000261594dabd0;  1 drivers
v0000026159627180_0 .net "way3_rword", 31 0, L_00000261594da620;  1 drivers
v00000261596270e0_0 .net "way3_valid", 0 0, L_00000261596df320;  1 drivers
v0000026159626140 .array "wb_addrs", 0 31, 31 0;
v00000261596265a0_0 .var "wb_count_cur", 5 0;
v0000026159627680 .array "wb_datas", 0 31, 31 0;
v0000026159628580_0 .net "wb_has_push_space_cur", 0 0, L_000002615970ad10;  1 drivers
v00000261596286c0_0 .var "wb_head_cur", 4 0;
v0000026159626500_0 .net "wb_push_addr_cur", 31 0, L_00000261596e7200;  1 drivers
v0000026159626280_0 .net "wb_push_cur", 0 0, L_000002615970baa0;  1 drivers
v00000261596260a0_0 .net "wb_push_data_cur", 31 0, L_00000261596e7160;  1 drivers
v0000026159626320_0 .net "wb_send_cur", 0 0, L_000002615970aca0;  1 drivers
v00000261596263c0_0 .var "wb_tail_cur", 4 0;
v0000026159627fe0_0 .net "write_hit_accept_cur", 0 0, L_000002615970b870;  1 drivers
v0000026159628080_0 .net "write_hit_block_cur", 0 0, L_000002615970bd40;  1 drivers
v0000026159628620_0 .net "write_miss", 0 0, L_000002615970a370;  1 drivers
v0000026159628760_0 .net "write_req_commit_cur", 0 0, L_000002615970ca60;  1 drivers
E_00000261595208f0 .event posedge, v00000261596059b0_0;
L_00000261596df280 .part L_00000261596d64a0, 10, 22;
L_00000261596df0a0 .part L_00000261596d64a0, 4, 6;
L_00000261596df8c0 .part L_00000261596d64a0, 2, 2;
L_00000261596de6a0 .concat [ 2 2 0 0], L_00000261596df8c0, L_000002615967dc30;
L_00000261596de740 .part/v v0000026159608570_0, L_00000261596df0a0, 1;
L_00000261596df1e0 .part/v v0000026159608610_0, L_00000261596df0a0, 1;
L_00000261596de880 .part/v v00000261596087f0_0, L_00000261596df0a0, 1;
L_00000261596df320 .part/v v0000026159606090_0, L_00000261596df0a0, 1;
L_00000261596dd5c0 .array/port v00000261596082f0, L_00000261596de920;
L_00000261596de920 .concat [ 6 2 0 0], L_00000261596df0a0, L_000002615967dc78;
L_00000261596df3c0 .cmp/eq 22, L_00000261596dd5c0, L_00000261596df280;
L_00000261596df500 .array/port v0000026159607b70, L_00000261596df5a0;
L_00000261596df5a0 .concat [ 6 2 0 0], L_00000261596df0a0, L_000002615967dcc0;
L_00000261596df6e0 .cmp/eq 22, L_00000261596df500, L_00000261596df280;
L_00000261596df780 .array/port v00000261596081b0, L_00000261596df820;
L_00000261596df820 .concat [ 6 2 0 0], L_00000261596df0a0, L_000002615967dd08;
L_00000261596dd160 .cmp/eq 22, L_00000261596df780, L_00000261596df280;
L_00000261596dd200 .array/port v00000261596084d0, L_00000261596e0540;
L_00000261596e0540 .concat [ 6 2 0 0], L_00000261596df0a0, L_000002615967dd50;
L_00000261596dffa0 .cmp/eq 22, L_00000261596dd200, L_00000261596df280;
L_00000261596e1a80 .functor MUXZ 2, L_000002615967de70, L_000002615967de28, L_00000261594da770, C4<>;
L_00000261596dfe60 .functor MUXZ 2, L_00000261596e1a80, L_000002615967dde0, L_00000261594dab60, C4<>;
L_00000261596dfd20 .functor MUXZ 2, L_00000261596dfe60, L_000002615967dd98, L_00000261594dabd0, C4<>;
L_00000261596e0e00 .array/port v0000026159603930, L_00000261596dff00;
L_00000261596e05e0 .concat [ 6 5 0 0], L_00000261596df0a0, L_000002615967deb8;
L_00000261596e1260 .concat [ 11 2 0 0], L_00000261596e05e0, L_000002615967df00;
L_00000261596e1bc0 .arith/mult 13, L_00000261596e1260, L_000002615967df48;
L_00000261596dfa00 .concat [ 13 1 0 0], L_00000261596e1bc0, L_000002615967df90;
L_00000261596e1300 .concat [ 4 10 0 0], L_00000261596de6a0, L_000002615967dfd8;
L_00000261596dff00 .arith/sum 14, L_00000261596dfa00, L_00000261596e1300;
L_00000261596e0180 .array/port v0000026159605370, L_00000261596e0040;
L_00000261596e0a40 .concat [ 6 5 0 0], L_00000261596df0a0, L_000002615967e020;
L_00000261596e0400 .concat [ 11 2 0 0], L_00000261596e0a40, L_000002615967e068;
L_00000261596e07c0 .arith/mult 13, L_00000261596e0400, L_000002615967e0b0;
L_00000261596e1440 .concat [ 13 1 0 0], L_00000261596e07c0, L_000002615967e0f8;
L_00000261596dfaa0 .concat [ 4 10 0 0], L_00000261596de6a0, L_000002615967e140;
L_00000261596e0040 .arith/sum 14, L_00000261596e1440, L_00000261596dfaa0;
L_00000261596e0ae0 .array/port v00000261596040b0, L_00000261596e0680;
L_00000261596e14e0 .concat [ 6 5 0 0], L_00000261596df0a0, L_000002615967e188;
L_00000261596e1d00 .concat [ 11 2 0 0], L_00000261596e14e0, L_000002615967e1d0;
L_00000261596e00e0 .arith/mult 13, L_00000261596e1d00, L_000002615967e218;
L_00000261596e19e0 .concat [ 13 1 0 0], L_00000261596e00e0, L_000002615967e260;
L_00000261596dfb40 .concat [ 4 10 0 0], L_00000261596de6a0, L_000002615967e2a8;
L_00000261596e0680 .arith/sum 14, L_00000261596e19e0, L_00000261596dfb40;
L_00000261596e0fe0 .array/port v0000026159605870, L_00000261596e1b20;
L_00000261596e02c0 .concat [ 6 5 0 0], L_00000261596df0a0, L_000002615967e2f0;
L_00000261596e0220 .concat [ 11 2 0 0], L_00000261596e02c0, L_000002615967e338;
L_00000261596e1c60 .arith/mult 13, L_00000261596e0220, L_000002615967e380;
L_00000261596e0360 .concat [ 13 1 0 0], L_00000261596e1c60, L_000002615967e3c8;
L_00000261596e0720 .concat [ 4 10 0 0], L_00000261596de6a0, L_000002615967e410;
L_00000261596e1b20 .arith/sum 14, L_00000261596e0360, L_00000261596e0720;
L_00000261596e0c20 .functor MUXZ 32, L_000002615967e458, L_00000261594da620, L_00000261594dabd0, C4<>;
L_00000261596dfbe0 .functor MUXZ 32, L_00000261596e0c20, L_00000261594da5b0, L_00000261594dab60, C4<>;
L_00000261596e1800 .functor MUXZ 32, L_00000261596dfbe0, L_00000261594da540, L_00000261594da770, C4<>;
L_00000261596e04a0 .functor MUXZ 32, L_00000261596e1800, L_00000261594da310, L_00000261594d9190, C4<>;
L_00000261596e1da0 .array/port v0000026159607030, L_00000261596e0860;
L_00000261596e0860 .concat [ 6 2 0 0], L_00000261596df0a0, L_000002615967e5c0;
L_00000261596e1e40 .functor MUXZ 2, L_00000261596e1da0, L_000002615967e578, L_00000261594d9200, C4<>;
L_00000261596e13a0 .functor MUXZ 2, L_00000261596e1e40, L_000002615967e530, L_00000261594dac40, C4<>;
L_00000261596df960 .functor MUXZ 2, L_00000261596e13a0, L_000002615967e4e8, L_00000261594d9820, C4<>;
L_00000261596e1940 .functor MUXZ 2, L_00000261596df960, L_000002615967e4a0, L_00000261594da690, C4<>;
L_00000261596e0900 .part/v v0000026159608570_0, v0000026159606bd0_0, 1;
L_00000261596e09a0 .array/port v00000261596082f0, L_00000261596e0b80;
L_00000261596e0b80 .concat [ 6 2 0 0], v0000026159606bd0_0, L_000002615967e608;
L_00000261596e1580 .cmp/eq 22, L_00000261596e09a0, v00000261596086b0_0;
L_00000261596dfdc0 .part/v v0000026159608610_0, v0000026159606bd0_0, 1;
L_00000261596e0cc0 .array/port v0000026159607b70, L_00000261596e0d60;
L_00000261596e0d60 .concat [ 6 2 0 0], v0000026159606bd0_0, L_000002615967e650;
L_00000261596e0ea0 .cmp/eq 22, L_00000261596e0cc0, v00000261596086b0_0;
L_00000261596e0f40 .part/v v00000261596087f0_0, v0000026159606bd0_0, 1;
L_00000261596e1ee0 .array/port v00000261596081b0, L_00000261596e2020;
L_00000261596e2020 .concat [ 6 2 0 0], v0000026159606bd0_0, L_000002615967e698;
L_00000261596e1760 .cmp/eq 22, L_00000261596e1ee0, v00000261596086b0_0;
L_00000261596e1080 .part/v v0000026159606090_0, v0000026159606bd0_0, 1;
L_00000261596e1620 .array/port v00000261596084d0, L_00000261596e18a0;
L_00000261596e18a0 .concat [ 6 2 0 0], v0000026159606bd0_0, L_000002615967e6e0;
L_00000261596e1120 .cmp/eq 22, L_00000261596e1620, v00000261596086b0_0;
L_00000261596e11c0 .functor MUXZ 2, L_000002615967e800, L_000002615967e7b8, L_00000261594ddc60, C4<>;
L_00000261596e1f80 .functor MUXZ 2, L_00000261596e11c0, L_000002615967e770, L_0000026158d670b0, C4<>;
L_00000261596e16c0 .functor MUXZ 2, L_00000261596e1f80, L_000002615967e728, L_0000026159359430, C4<>;
L_00000261596e20c0 .part/v v0000026159608570_0, v0000026159606bd0_0, 1;
L_00000261596dfc80 .part/v v0000026159608610_0, v0000026159606bd0_0, 1;
L_00000261596e4640 .part/v v00000261596087f0_0, v0000026159606bd0_0, 1;
L_00000261596e2c00 .part/v v0000026159606090_0, v0000026159606bd0_0, 1;
L_00000261596e4320 .array/port v0000026159607030, L_00000261596e4820;
L_00000261596e4820 .concat [ 6 2 0 0], v0000026159606bd0_0, L_000002615967e968;
L_00000261596e2660 .functor MUXZ 2, L_00000261596e4320, L_000002615967e920, L_000002615970a450, C4<>;
L_00000261596e31a0 .functor MUXZ 2, L_00000261596e2660, L_000002615967e8d8, L_0000026159709ab0, C4<>;
L_00000261596e2a20 .functor MUXZ 2, L_00000261596e31a0, L_000002615967e890, L_0000026159709c00, C4<>;
L_00000261596e2ca0 .functor MUXZ 2, L_00000261596e2a20, L_000002615967e848, L_000002615970aa00, C4<>;
L_00000261596e3920 .part L_0000026159735d20, 3, 1;
LS_00000261596e2d40_0_0 .concat [ 1 1 1 1], L_00000261596e3920, L_00000261596e3920, L_00000261596e3920, L_00000261596e3920;
LS_00000261596e2d40_0_4 .concat [ 1 1 1 1], L_00000261596e3920, L_00000261596e3920, L_00000261596e3920, L_00000261596e3920;
L_00000261596e2d40 .concat [ 4 4 0 0], LS_00000261596e2d40_0_0, LS_00000261596e2d40_0_4;
L_00000261596e46e0 .part L_0000026159735d20, 2, 1;
LS_00000261596e3ce0_0_0 .concat [ 1 1 1 1], L_00000261596e46e0, L_00000261596e46e0, L_00000261596e46e0, L_00000261596e46e0;
LS_00000261596e3ce0_0_4 .concat [ 1 1 1 1], L_00000261596e46e0, L_00000261596e46e0, L_00000261596e46e0, L_00000261596e46e0;
L_00000261596e3ce0 .concat [ 4 4 0 0], LS_00000261596e3ce0_0_0, LS_00000261596e3ce0_0_4;
L_00000261596e2de0 .part L_0000026159735d20, 1, 1;
LS_00000261596e3240_0_0 .concat [ 1 1 1 1], L_00000261596e2de0, L_00000261596e2de0, L_00000261596e2de0, L_00000261596e2de0;
LS_00000261596e3240_0_4 .concat [ 1 1 1 1], L_00000261596e2de0, L_00000261596e2de0, L_00000261596e2de0, L_00000261596e2de0;
L_00000261596e3240 .concat [ 4 4 0 0], LS_00000261596e3240_0_0, LS_00000261596e3240_0_4;
L_00000261596e28e0 .part L_0000026159735d20, 0, 1;
LS_00000261596e3420_0_0 .concat [ 1 1 1 1], L_00000261596e28e0, L_00000261596e28e0, L_00000261596e28e0, L_00000261596e28e0;
LS_00000261596e3420_0_4 .concat [ 1 1 1 1], L_00000261596e28e0, L_00000261596e28e0, L_00000261596e28e0, L_00000261596e28e0;
L_00000261596e3420 .concat [ 4 4 0 0], LS_00000261596e3420_0_0, LS_00000261596e3420_0_4;
L_00000261596e4460 .concat [ 8 8 8 8], L_00000261596e3420, L_00000261596e3240, L_00000261596e3ce0, L_00000261596e2d40;
L_00000261596e2e80 .concat [ 4 6 22 0], L_000002615967e9b0, v0000026159604830_0, v0000026159604b50_0;
L_00000261596e32e0 .part v00000261596050f0_0, 0, 2;
L_00000261596e2520 .part v0000026159607e90_0, 0, 2;
L_00000261596e43c0 .arith/sum 2, L_00000261596e32e0, L_00000261596e2520;
L_00000261596e3ba0 .concat [ 2 2 0 0], L_00000261596e43c0, L_000002615967e9f8;
L_00000261596e4780 .part v00000261596077b0_0, 0, 2;
L_00000261596e39c0 .part v0000026159606f90_0, 0, 2;
L_00000261596e4280 .arith/sum 2, L_00000261596e4780, L_00000261596e39c0;
L_00000261596e3380 .concat [ 2 2 0 0], L_00000261596e4280, L_000002615967ea40;
L_00000261596e34c0 .concat [ 2 4 26 0], L_000002615967ead0, L_00000261596e3ba0, L_000002615967ea88;
L_00000261596e3a60 .concat [ 2 4 26 0], L_000002615967eb60, v00000261596050f0_0, L_000002615967eb18;
L_00000261596e48c0 .arith/sum 32, L_00000261596e2e80, L_000002615967eba8;
L_00000261596e3b00 .part L_00000261596e48c0, 10, 22;
L_00000261596e3c40 .part L_00000261596e48c0, 4, 6;
L_00000261596e3f60 .part/v v0000026159608570_0, L_00000261596e3c40, 1;
L_00000261596e2160 .part/v v0000026159608610_0, L_00000261596e3c40, 1;
L_00000261596e3560 .part/v v00000261596087f0_0, L_00000261596e3c40, 1;
L_00000261596e4500 .part/v v0000026159606090_0, L_00000261596e3c40, 1;
L_00000261596e2f20 .array/port v00000261596082f0, L_00000261596e45a0;
L_00000261596e45a0 .concat [ 6 2 0 0], L_00000261596e3c40, L_000002615967ebf0;
L_00000261596e41e0 .cmp/eq 22, L_00000261596e2f20, L_00000261596e3b00;
L_00000261596e3600 .array/port v0000026159607b70, L_00000261596e2fc0;
L_00000261596e2fc0 .concat [ 6 2 0 0], L_00000261596e3c40, L_000002615967ec38;
L_00000261596e3060 .cmp/eq 22, L_00000261596e3600, L_00000261596e3b00;
L_00000261596e2ac0 .array/port v00000261596081b0, L_00000261596e36a0;
L_00000261596e36a0 .concat [ 6 2 0 0], L_00000261596e3c40, L_000002615967ec80;
L_00000261596e2b60 .cmp/eq 22, L_00000261596e2ac0, L_00000261596e3b00;
L_00000261596e2200 .array/port v00000261596084d0, L_00000261596e3d80;
L_00000261596e3d80 .concat [ 6 2 0 0], L_00000261596e3c40, L_000002615967ecc8;
L_00000261596e3740 .cmp/eq 22, L_00000261596e2200, L_00000261596e3b00;
L_00000261596e22a0 .array/port v0000026159607030, L_00000261596e2340;
L_00000261596e2340 .concat [ 6 2 0 0], L_00000261596e3c40, L_000002615967ee30;
L_00000261596e3ec0 .functor MUXZ 2, L_00000261596e22a0, L_000002615967ede8, L_000002615970a6f0, C4<>;
L_00000261596e3100 .functor MUXZ 2, L_00000261596e3ec0, L_000002615967eda0, L_000002615970ab50, C4<>;
L_00000261596e37e0 .functor MUXZ 2, L_00000261596e3100, L_000002615967ed58, L_0000026159709500, C4<>;
L_00000261596e3e20 .functor MUXZ 2, L_00000261596e37e0, L_000002615967ed10, L_000002615970a530, C4<>;
L_00000261596e23e0 .cmp/eq 2, v0000026159604bf0_0, L_000002615967ee78;
L_00000261596e3880 .array/port v0000026159603930, L_00000261596e40a0;
L_00000261596e4000 .concat [ 6 5 0 0], v0000026159604830_0, L_000002615967eec0;
L_00000261596e25c0 .concat [ 11 2 0 0], L_00000261596e4000, L_000002615967ef08;
L_00000261596e2480 .arith/mult 13, L_00000261596e25c0, L_000002615967ef50;
L_00000261596e2700 .concat [ 13 1 0 0], L_00000261596e2480, L_000002615967ef98;
L_00000261596e27a0 .concat [ 4 10 0 0], v00000261596050f0_0, L_000002615967efe0;
L_00000261596e40a0 .arith/sum 14, L_00000261596e2700, L_00000261596e27a0;
L_00000261596e4140 .cmp/eq 2, v0000026159604bf0_0, L_000002615967f028;
L_00000261596e2840 .array/port v0000026159605370, L_00000261596e5360;
L_00000261596e2980 .concat [ 6 5 0 0], v0000026159604830_0, L_000002615967f070;
L_00000261596e63a0 .concat [ 11 2 0 0], L_00000261596e2980, L_000002615967f0b8;
L_00000261596e59a0 .arith/mult 13, L_00000261596e63a0, L_000002615967f100;
L_00000261596e4e60 .concat [ 13 1 0 0], L_00000261596e59a0, L_000002615967f148;
L_00000261596e5a40 .concat [ 4 10 0 0], v00000261596050f0_0, L_000002615967f190;
L_00000261596e5360 .arith/sum 14, L_00000261596e4e60, L_00000261596e5a40;
L_00000261596e5400 .cmp/eq 2, v0000026159604bf0_0, L_000002615967f1d8;
L_00000261596e5fe0 .array/port v00000261596040b0, L_00000261596e6440;
L_00000261596e5c20 .concat [ 6 5 0 0], v0000026159604830_0, L_000002615967f220;
L_00000261596e5220 .concat [ 11 2 0 0], L_00000261596e5c20, L_000002615967f268;
L_00000261596e6f80 .arith/mult 13, L_00000261596e5220, L_000002615967f2b0;
L_00000261596e4fa0 .concat [ 13 1 0 0], L_00000261596e6f80, L_000002615967f2f8;
L_00000261596e6760 .concat [ 4 10 0 0], v00000261596050f0_0, L_000002615967f340;
L_00000261596e6440 .arith/sum 14, L_00000261596e4fa0, L_00000261596e6760;
L_00000261596e6940 .array/port v0000026159605870, L_00000261596e52c0;
L_00000261596e5b80 .concat [ 6 5 0 0], v0000026159604830_0, L_000002615967f388;
L_00000261596e4f00 .concat [ 11 2 0 0], L_00000261596e5b80, L_000002615967f3d0;
L_00000261596e64e0 .arith/mult 13, L_00000261596e4f00, L_000002615967f418;
L_00000261596e54a0 .concat [ 13 1 0 0], L_00000261596e64e0, L_000002615967f460;
L_00000261596e6580 .concat [ 4 10 0 0], v00000261596050f0_0, L_000002615967f4a8;
L_00000261596e52c0 .arith/sum 14, L_00000261596e54a0, L_00000261596e6580;
L_00000261596e4d20 .functor MUXZ 32, L_00000261596e6940, L_00000261596e5fe0, L_00000261596e5400, C4<>;
L_00000261596e6e40 .functor MUXZ 32, L_00000261596e4d20, L_00000261596e2840, L_00000261596e4140, C4<>;
L_00000261596e55e0 .functor MUXZ 32, L_00000261596e6e40, L_00000261596e3880, L_00000261596e23e0, C4<>;
L_00000261596e5180 .part v0000026159603ed0_0, 3, 1;
LS_00000261596e50e0_0_0 .concat [ 1 1 1 1], L_00000261596e5180, L_00000261596e5180, L_00000261596e5180, L_00000261596e5180;
LS_00000261596e50e0_0_4 .concat [ 1 1 1 1], L_00000261596e5180, L_00000261596e5180, L_00000261596e5180, L_00000261596e5180;
L_00000261596e50e0 .concat [ 4 4 0 0], LS_00000261596e50e0_0_0, LS_00000261596e50e0_0_4;
L_00000261596e61c0 .part v0000026159603ed0_0, 2, 1;
LS_00000261596e6c60_0_0 .concat [ 1 1 1 1], L_00000261596e61c0, L_00000261596e61c0, L_00000261596e61c0, L_00000261596e61c0;
LS_00000261596e6c60_0_4 .concat [ 1 1 1 1], L_00000261596e61c0, L_00000261596e61c0, L_00000261596e61c0, L_00000261596e61c0;
L_00000261596e6c60 .concat [ 4 4 0 0], LS_00000261596e6c60_0_0, LS_00000261596e6c60_0_4;
L_00000261596e6bc0 .part v0000026159603ed0_0, 1, 1;
LS_00000261596e5cc0_0_0 .concat [ 1 1 1 1], L_00000261596e6bc0, L_00000261596e6bc0, L_00000261596e6bc0, L_00000261596e6bc0;
LS_00000261596e5cc0_0_4 .concat [ 1 1 1 1], L_00000261596e6bc0, L_00000261596e6bc0, L_00000261596e6bc0, L_00000261596e6bc0;
L_00000261596e5cc0 .concat [ 4 4 0 0], LS_00000261596e5cc0_0_0, LS_00000261596e5cc0_0_4;
L_00000261596e6800 .part v0000026159603ed0_0, 0, 1;
LS_00000261596e4a00_0_0 .concat [ 1 1 1 1], L_00000261596e6800, L_00000261596e6800, L_00000261596e6800, L_00000261596e6800;
LS_00000261596e4a00_0_4 .concat [ 1 1 1 1], L_00000261596e6800, L_00000261596e6800, L_00000261596e6800, L_00000261596e6800;
L_00000261596e4a00 .concat [ 4 4 0 0], LS_00000261596e4a00_0_0, LS_00000261596e4a00_0_4;
L_00000261596e5040 .concat [ 8 8 8 8], L_00000261596e4a00, L_00000261596e5cc0, L_00000261596e6c60, L_00000261596e50e0;
L_00000261596e6620 .cmp/eq 22, L_00000261596df280, v0000026159606a90_0;
L_00000261596e6080 .cmp/eq 6, L_00000261596df0a0, v0000026159607670_0;
L_00000261596e5540 .cmp/eq 2, v0000026159607850_0, L_000002615967f538;
L_00000261596e5680 .concat [ 1 31 0 0], L_00000261596e5540, L_000002615967f580;
L_00000261596e5ae0 .concat [ 1 31 0 0], L_00000261597370d0, L_000002615967f5c8;
L_00000261596e5d60 .concat [ 1 31 0 0], v0000026159607df0_0, L_000002615967f610;
L_00000261596e5e00 .concat [ 1 31 0 0], v00000261596072b0_0, L_000002615967f658;
L_00000261596e5720 .cmp/eq 4, v0000026159606f90_0, L_000002615967f6a0;
L_00000261596e6b20 .concat [ 1 31 0 0], L_00000261596e5720, L_000002615967f6e8;
L_00000261596e6260 .part L_000002615970adf0, 0, 1;
L_00000261596e4b40 .part L_00000261596de6a0, 0, 2;
L_00000261596e5ea0 .part v00000261596077b0_0, 0, 2;
L_00000261596e4960 .arith/sub 2, L_00000261596e4b40, L_00000261596e5ea0;
L_00000261596e5f40 .concat [ 2 2 0 0], L_00000261596e4960, L_000002615967f730;
L_00000261596e66c0 .cmp/eq 2, v0000026159607850_0, L_000002615967f778;
L_00000261596e6120 .cmp/gt 4, v0000026159606f90_0, L_00000261596e5f40;
L_00000261596e57c0 .cmp/eq 2, v0000026159607d50_0, L_000002615967f7c0;
L_00000261596e6ee0 .array/port v0000026159603930, L_00000261596e69e0;
L_00000261596e4be0 .concat [ 6 5 0 0], v0000026159607670_0, L_000002615967f808;
L_00000261596e5860 .concat [ 11 2 0 0], L_00000261596e4be0, L_000002615967f850;
L_00000261596e6300 .arith/mult 13, L_00000261596e5860, L_000002615967f898;
L_00000261596e68a0 .concat [ 13 1 0 0], L_00000261596e6300, L_000002615967f8e0;
L_00000261596e5900 .concat [ 4 10 0 0], L_00000261596de6a0, L_000002615967f928;
L_00000261596e69e0 .arith/sum 14, L_00000261596e68a0, L_00000261596e5900;
L_00000261596e6a80 .cmp/eq 2, v0000026159607d50_0, L_000002615967f970;
L_00000261596e4aa0 .array/port v0000026159605370, L_00000261596e70c0;
L_00000261596e6d00 .concat [ 6 5 0 0], v0000026159607670_0, L_000002615967f9b8;
L_00000261596e4c80 .concat [ 11 2 0 0], L_00000261596e6d00, L_000002615967fa00;
L_00000261596e6da0 .arith/mult 13, L_00000261596e4c80, L_000002615967fa48;
L_00000261596e7020 .concat [ 13 1 0 0], L_00000261596e6da0, L_000002615967fa90;
L_00000261596e4dc0 .concat [ 4 10 0 0], L_00000261596de6a0, L_000002615967fad8;
L_00000261596e70c0 .arith/sum 14, L_00000261596e7020, L_00000261596e4dc0;
L_00000261596e8240 .cmp/eq 2, v0000026159607d50_0, L_000002615967fb20;
L_00000261596e7d40 .array/port v00000261596040b0, L_00000261596e91e0;
L_00000261596e78e0 .concat [ 6 5 0 0], v0000026159607670_0, L_000002615967fb68;
L_00000261596e81a0 .concat [ 11 2 0 0], L_00000261596e78e0, L_000002615967fbb0;
L_00000261596e84c0 .arith/mult 13, L_00000261596e81a0, L_000002615967fbf8;
L_00000261596e8920 .concat [ 13 1 0 0], L_00000261596e84c0, L_000002615967fc40;
L_00000261596e75c0 .concat [ 4 10 0 0], L_00000261596de6a0, L_000002615967fc88;
L_00000261596e91e0 .arith/sum 14, L_00000261596e8920, L_00000261596e75c0;
L_00000261596e7980 .array/port v0000026159605870, L_00000261596e9280;
L_00000261596e8b00 .concat [ 6 5 0 0], v0000026159607670_0, L_000002615967fcd0;
L_00000261596e9820 .concat [ 11 2 0 0], L_00000261596e8b00, L_000002615967fd18;
L_00000261596e7660 .arith/mult 13, L_00000261596e9820, L_000002615967fd60;
L_00000261596e9000 .concat [ 13 1 0 0], L_00000261596e7660, L_000002615967fda8;
L_00000261596e8d80 .concat [ 4 10 0 0], L_00000261596de6a0, L_000002615967fdf0;
L_00000261596e9280 .arith/sum 14, L_00000261596e9000, L_00000261596e8d80;
L_00000261596e87e0 .functor MUXZ 32, L_00000261596e7980, L_00000261596e7d40, L_00000261596e8240, C4<>;
L_00000261596e8880 .functor MUXZ 32, L_00000261596e87e0, L_00000261596e4aa0, L_00000261596e6a80, C4<>;
L_00000261596e93c0 .functor MUXZ 32, L_00000261596e8880, L_00000261596e6ee0, L_00000261596e57c0, C4<>;
L_00000261596e82e0 .cmp/eq 2, v0000026159607850_0, L_000002615967fe38;
L_00000261596e77a0 .cmp/eq 2, v0000026159607850_0, L_000002615967fe80;
L_00000261596e8380 .cmp/eq 2, v0000026159607850_0, L_000002615967fec8;
L_00000261596e9320 .cmp/ne 6, v00000261596265a0_0, L_000002615967ff10;
L_00000261596e7ac0 .cmp/ne 6, v00000261596265a0_0, L_000002615967ff58;
L_00000261596e98c0 .cmp/eq 2, v0000026159607850_0, L_000002615967ffa0;
L_00000261596e7c00 .cmp/eq 2, v0000026159607850_0, L_000002615967ffe8;
L_00000261596e90a0 .cmp/eq 2, v0000026159607850_0, L_0000026159680030;
L_00000261596e96e0 .cmp/eq 2, v0000026159607850_0, L_0000026159680078;
L_00000261596e7de0 .cmp/eq 2, v0000026159607850_0, L_00000261596800c0;
L_00000261596e7200 .functor MUXZ 32, L_000002615970aae0, L_00000261596d64a0, L_000002615970b870, C4<>;
L_00000261596e7160 .functor MUXZ 32, L_0000026159709dc0, L_000002615970a610, L_000002615970b870, C4<>;
L_00000261596e7ca0 .cmp/eq 2, v0000026159607850_0, L_0000026159680108;
L_00000261596e7a20 .array/port v0000026159626140, L_00000261596e8420;
L_00000261596e8420 .concat [ 5 2 0 0], v00000261596286c0_0, L_0000026159680150;
L_00000261596e7b60 .functor MUXZ 32, L_0000026159680198, L_00000261596e7a20, L_000002615970aca0, C4<>;
L_00000261596e7840 .functor MUXZ 32, L_00000261596e7b60, L_000002615970a300, L_00000261596e7ca0, C4<>;
L_00000261596e9460 .array/port v0000026159627680, L_00000261596e7f20;
L_00000261596e7f20 .concat [ 5 2 0 0], v00000261596286c0_0, L_00000261596801e0;
L_00000261596e7e80 .functor MUXZ 32, L_0000026159680228, L_00000261596e9460, L_000002615970aca0, C4<>;
L_00000261596e8560 .cmp/eq 2, v0000026159607850_0, L_0000026159680270;
L_00000261596e7fc0 .cmp/eq 2, v0000026159607850_0, L_00000261596802b8;
L_00000261596e8ce0 .cmp/eq 2, v0000026159607850_0, L_0000026159680300;
L_00000261596e8060 .cmp/eq 2, v0000026159607850_0, L_0000026159680348;
L_00000261596e9140 .functor MUXZ 32, L_00000261596e04a0, L_00000261596e93c0, L_0000026159709490, C4<>;
L_00000261596e9500 .functor MUXZ 32, L_00000261596e9140, L_0000026159737450, L_00000261596e6260, C4<>;
S_0000026158d6a380 .scope module, "u_decode" "decode" 3 761, 5 1 0, S_00000261595b4470;
 .timescale -9 -12;
    .port_info 0 /INPUT 1 "i_clk";
    .port_info 1 /INPUT 1 "i_rst";
    .port_info 2 /INPUT 32 "Inst";
    .port_info 3 /INPUT 32 "WriteData";
    .port_info 4 /INPUT 5 "WriteAddr";
    .port_info 5 /INPUT 1 "WriteEn";
    .port_info 6 /OUTPUT 1 "lui";
    .port_info 7 /OUTPUT 1 "PcSrc";
    .port_info 8 /OUTPUT 3 "AluOp";
    .port_info 9 /OUTPUT 1 "MemWrite";
    .port_info 10 /OUTPUT 1 "MemRead";
    .port_info 11 /OUTPUT 1 "MemToReg";
    .port_info 12 /OUTPUT 1 "AluSrc1";
    .port_info 13 /OUTPUT 1 "AluSrc2";
    .port_info 14 /OUTPUT 1 "RegWrite";
    .port_info 15 /OUTPUT 1 "Jump";
    .port_info 16 /OUTPUT 1 "Branch";
    .port_info 17 /OUTPUT 32 "Offset";
    .port_info 18 /OUTPUT 5 "o_retire_rs1_raddr";
    .port_info 19 /OUTPUT 5 "o_retire_rs2_raddr";
    .port_info 20 /OUTPUT 5 "o_retire_rd_waddr";
    .port_info 21 /OUTPUT 32 "o_retire_rs1_rdata";
    .port_info 22 /OUTPUT 32 "o_retire_rs2_rdata";
    .port_info 23 /OUTPUT 1 "IllegalInst";
    .port_info 24 /OUTPUT 1 "EBreak";
P_00000261595212b0 .param/l "BYPASS_EN" 0 5 2, +C4<00000000000000000000000000000001>;
L_000002615970dbe0 .functor OR 1, L_00000261596ed920, L_00000261596edf60, C4<0>, C4<0>;
L_000002615970e510 .functor OR 1, L_000002615970dbe0, L_00000261596ec160, C4<0>, C4<0>;
L_000002615970d080 .functor OR 1, L_000002615970e510, L_00000261596ecca0, C4<0>, C4<0>;
L_000002615970dcc0 .functor OR 1, L_000002615970d080, L_00000261596ed880, C4<0>, C4<0>;
L_000002615970d0f0 .functor OR 1, L_000002615970dcc0, L_00000261596ed600, C4<0>, C4<0>;
L_000002615970d2b0 .functor OR 1, L_00000261596ed920, L_00000261596ecca0, C4<0>, C4<0>;
L_000002615970d320 .functor OR 1, L_000002615970d2b0, L_00000261596ed880, C4<0>, C4<0>;
L_000002615970dd30 .functor OR 1, L_00000261596edf60, L_00000261596ec160, C4<0>, C4<0>;
L_000002615970e0b0 .functor OR 1, L_000002615970dd30, L_00000261596ed600, C4<0>, C4<0>;
L_000002615970cbb0 .functor OR 1, L_00000261596ed060, L_00000261596ecb60, C4<0>, C4<0>;
L_000002615970cc90 .functor BUFZ 1, L_00000261596ee320, C4<0>, C4<0>, C4<0>;
L_000002615970ec10 .functor OR 1, L_00000261596ed920, L_00000261596edf60, C4<0>, C4<0>;
L_000002615970ef20 .functor OR 1, L_000002615970ec10, L_00000261596ec160, C4<0>, C4<0>;
L_000002615970f5b0 .functor OR 1, L_000002615970ef20, L_00000261596ecca0, C4<0>, C4<0>;
L_000002615970ee40 .functor OR 1, L_000002615970f5b0, L_00000261596ed880, C4<0>, C4<0>;
L_000002615970ea50 .functor OR 1, L_000002615970ee40, L_00000261596ed060, C4<0>, C4<0>;
L_000002615970eb30 .functor OR 1, L_000002615970ea50, L_00000261596ecb60, C4<0>, C4<0>;
L_000002615970eba0 .functor OR 1, L_000002615970eb30, L_00000261596ec5c0, C4<0>, C4<0>;
L_000002615970ec80 .functor OR 1, L_000002615970eba0, L_00000261596ed600, C4<0>, C4<0>;
L_000002615970f3f0 .functor OR 1, L_000002615970ec80, L_00000261596ee320, C4<0>, C4<0>;
L_000002615970eeb0 .functor NOT 1, L_000002615970f3f0, C4<0>, C4<0>, C4<0>;
L_000002615970e7b0 .functor BUFZ 1, L_00000261596ed060, C4<0>, C4<0>, C4<0>;
L_000002615970e820 .functor BUFZ 1, L_00000261596ed600, C4<0>, C4<0>, C4<0>;
L_000002615970ecf0 .functor BUFZ 1, L_00000261596ecca0, C4<0>, C4<0>, C4<0>;
L_000002615970ed60 .functor BUFZ 1, L_00000261596ec160, C4<0>, C4<0>, C4<0>;
L_000002615970e6d0 .functor BUFZ 1, L_00000261596ec160, C4<0>, C4<0>, C4<0>;
L_000002615970f4d0 .functor BUFZ 1, L_00000261596ecb60, C4<0>, C4<0>, C4<0>;
L_000002615970ef90 .functor OR 1, L_00000261596edf60, L_00000261596ec160, C4<0>, C4<0>;
L_000002615970f000 .functor OR 1, L_000002615970ef90, L_00000261596ecca0, C4<0>, C4<0>;
L_000002615970f070 .functor OR 1, L_000002615970f000, L_00000261596ecb60, C4<0>, C4<0>;
L_000002615970f0e0 .functor OR 1, L_000002615970f070, L_00000261596ed600, C4<0>, C4<0>;
L_000002615970f460 .functor OR 1, L_00000261596ed920, L_00000261596edf60, C4<0>, C4<0>;
L_000002615970f380 .functor OR 1, L_000002615970f460, L_00000261596ec160, C4<0>, C4<0>;
L_000002615970edd0 .functor OR 1, L_000002615970f380, L_00000261596ed060, C4<0>, C4<0>;
L_000002615970e740 .functor OR 1, L_000002615970edd0, L_00000261596ecb60, C4<0>, C4<0>;
L_000002615970f150 .functor OR 1, L_000002615970e740, L_00000261596ec5c0, C4<0>, C4<0>;
L_000002615970f1c0 .functor OR 1, L_000002615970f150, L_00000261596ed600, C4<0>, C4<0>;
L_000002615970f540 .functor OR 1, L_00000261596ec5c0, L_00000261596ed600, C4<0>, C4<0>;
L_000002615970f310 .functor BUFZ 1, L_00000261596ed880, C4<0>, C4<0>, C4<0>;
L_0000026159708620 .functor NOT 1, L_000002615970eeb0, C4<0>, C4<0>, C4<0>;
L_0000026159708930 .functor AND 1, L_000002615970f1c0, L_0000026159708620, C4<1>, C4<1>;
L_0000026159708460 .functor NOT 1, L_000002615970cc90, C4<0>, C4<0>, C4<0>;
L_0000026159707ac0 .functor AND 1, L_0000026159708930, L_0000026159708460, C4<1>, C4<1>;
v000002615962a7e0_0 .net "AluOp", 2 0, L_00000261596ed9c0;  alias, 1 drivers
v0000026159629020_0 .net "AluSrc1", 0 0, L_000002615970f4d0;  alias, 1 drivers
v00000261596293e0_0 .net "AluSrc2", 0 0, L_000002615970f0e0;  alias, 1 drivers
v0000026159629340_0 .net "Branch", 0 0, L_000002615970f310;  alias, 1 drivers
v000002615962a560_0 .net "EBreak", 0 0, L_000002615970cc90;  alias, 1 drivers
v000002615962ab00_0 .net "IllegalInst", 0 0, L_000002615970eeb0;  alias, 1 drivers
v000002615962a600_0 .net "Inst", 31 0, v00000261596706e0_0;  1 drivers
v000002615962a9c0_0 .net "Jump", 0 0, L_000002615970f540;  alias, 1 drivers
v000002615962ac40_0 .net "MemRead", 0 0, L_000002615970ed60;  alias, 1 drivers
v0000026159628bc0_0 .net "MemToReg", 0 0, L_000002615970e6d0;  alias, 1 drivers
v000002615962aec0_0 .net "MemWrite", 0 0, L_000002615970ecf0;  alias, 1 drivers
v0000026159629840_0 .net "Offset", 31 0, L_00000261596eeb40;  alias, 1 drivers
v0000026159628f80_0 .net "PcSrc", 0 0, L_000002615970e820;  alias, 1 drivers
v0000026159628d00_0 .net "RegWrite", 0 0, L_000002615970f1c0;  alias, 1 drivers
v0000026159629160_0 .net "WriteAddr", 4 0, v00000261596765e0_0;  1 drivers
v000002615962af60_0 .net "WriteData", 31 0, L_00000261596d5c80;  alias, 1 drivers
v000002615962b000_0 .net "WriteEn", 0 0, L_0000026159735a80;  alias, 1 drivers
v00000261596288a0_0 .net *"_ivl_100", 0 0, L_000002615970f5b0;  1 drivers
v0000026159628940_0 .net *"_ivl_102", 0 0, L_000002615970ee40;  1 drivers
v00000261596292a0_0 .net *"_ivl_104", 0 0, L_000002615970ea50;  1 drivers
v00000261596298e0_0 .net *"_ivl_106", 0 0, L_000002615970eb30;  1 drivers
v0000026159629a20_0 .net *"_ivl_108", 0 0, L_000002615970eba0;  1 drivers
v0000026159629ac0_0 .net *"_ivl_110", 0 0, L_000002615970ec80;  1 drivers
v000002615962b820_0 .net *"_ivl_112", 0 0, L_000002615970f3f0;  1 drivers
L_0000026159680b70 .functor BUFT 1, C4<0010011>, C4<0>, C4<0>, C4<0>;
v000002615962b5a0_0 .net/2u *"_ivl_12", 6 0, L_0000026159680b70;  1 drivers
v000002615962b8c0_0 .net *"_ivl_130", 0 0, L_000002615970ef90;  1 drivers
v000002615962ca40_0 .net *"_ivl_132", 0 0, L_000002615970f000;  1 drivers
v000002615962c0e0_0 .net *"_ivl_134", 0 0, L_000002615970f070;  1 drivers
v000002615962c2c0_0 .net *"_ivl_138", 0 0, L_000002615970f460;  1 drivers
v000002615962b960_0 .net *"_ivl_140", 0 0, L_000002615970f380;  1 drivers
v000002615962b500_0 .net *"_ivl_142", 0 0, L_000002615970edd0;  1 drivers
v000002615962d080_0 .net *"_ivl_144", 0 0, L_000002615970e740;  1 drivers
v000002615962ce00_0 .net *"_ivl_146", 0 0, L_000002615970f150;  1 drivers
L_0000026159681350 .functor BUFT 1, C4<00000>, C4<0>, C4<0>, C4<0>;
v000002615962ba00_0 .net/2u *"_ivl_154", 4 0, L_0000026159681350;  1 drivers
L_0000026159681398 .functor BUFT 1, C4<00000000000000000000000000000000>, C4<0>, C4<0>, C4<0>;
v000002615962d1c0_0 .net/2u *"_ivl_158", 31 0, L_0000026159681398;  1 drivers
L_0000026159680bb8 .functor BUFT 1, C4<0000011>, C4<0>, C4<0>, C4<0>;
v000002615962d120_0 .net/2u *"_ivl_16", 6 0, L_0000026159680bb8;  1 drivers
L_00000261596813e0 .functor BUFT 1, C4<00000>, C4<0>, C4<0>, C4<0>;
v000002615962bf00_0 .net/2u *"_ivl_162", 4 0, L_00000261596813e0;  1 drivers
L_0000026159681428 .functor BUFT 1, C4<00000000000000000000000000000000>, C4<0>, C4<0>, C4<0>;
v000002615962c400_0 .net/2u *"_ivl_166", 31 0, L_0000026159681428;  1 drivers
v000002615962cc20_0 .net *"_ivl_170", 0 0, L_0000026159708620;  1 drivers
v000002615962d580_0 .net *"_ivl_172", 0 0, L_0000026159708930;  1 drivers
v000002615962bb40_0 .net *"_ivl_174", 0 0, L_0000026159708460;  1 drivers
v000002615962d260_0 .net *"_ivl_176", 0 0, L_0000026159707ac0;  1 drivers
L_0000026159681470 .functor BUFT 1, C4<00000>, C4<0>, C4<0>, C4<0>;
v000002615962c9a0_0 .net/2u *"_ivl_178", 4 0, L_0000026159681470;  1 drivers
L_0000026159680c00 .functor BUFT 1, C4<0100011>, C4<0>, C4<0>, C4<0>;
v000002615962d300_0 .net/2u *"_ivl_20", 6 0, L_0000026159680c00;  1 drivers
L_0000026159680c48 .functor BUFT 1, C4<1100011>, C4<0>, C4<0>, C4<0>;
v000002615962c180_0 .net/2u *"_ivl_24", 6 0, L_0000026159680c48;  1 drivers
L_0000026159680c90 .functor BUFT 1, C4<0110111>, C4<0>, C4<0>, C4<0>;
v000002615962c220_0 .net/2u *"_ivl_28", 6 0, L_0000026159680c90;  1 drivers
L_0000026159680cd8 .functor BUFT 1, C4<0010111>, C4<0>, C4<0>, C4<0>;
v000002615962cae0_0 .net/2u *"_ivl_32", 6 0, L_0000026159680cd8;  1 drivers
L_0000026159680d20 .functor BUFT 1, C4<1101111>, C4<0>, C4<0>, C4<0>;
v000002615962d760_0 .net/2u *"_ivl_36", 6 0, L_0000026159680d20;  1 drivers
L_0000026159680d68 .functor BUFT 1, C4<1100111>, C4<0>, C4<0>, C4<0>;
v000002615962d620_0 .net/2u *"_ivl_40", 6 0, L_0000026159680d68;  1 drivers
L_0000026159680db0 .functor BUFT 1, C4<00000000000100000000000001110011>, C4<0>, C4<0>, C4<0>;
v000002615962c360_0 .net/2u *"_ivl_44", 31 0, L_0000026159680db0;  1 drivers
v000002615962c5e0_0 .net *"_ivl_48", 0 0, L_000002615970dbe0;  1 drivers
v000002615962c4a0_0 .net *"_ivl_50", 0 0, L_000002615970e510;  1 drivers
v000002615962d3a0_0 .net *"_ivl_52", 0 0, L_000002615970d080;  1 drivers
v000002615962b320_0 .net *"_ivl_54", 0 0, L_000002615970dcc0;  1 drivers
v000002615962cfe0_0 .net *"_ivl_58", 0 0, L_000002615970d2b0;  1 drivers
L_0000026159680df8 .functor BUFT 1, C4<000001>, C4<0>, C4<0>, C4<0>;
v000002615962bfa0_0 .net/2u *"_ivl_62", 5 0, L_0000026159680df8;  1 drivers
v000002615962d6c0_0 .net *"_ivl_64", 0 0, L_000002615970dd30;  1 drivers
v000002615962c540_0 .net *"_ivl_66", 0 0, L_000002615970e0b0;  1 drivers
L_0000026159680e40 .functor BUFT 1, C4<000010>, C4<0>, C4<0>, C4<0>;
v000002615962c040_0 .net/2u *"_ivl_68", 5 0, L_0000026159680e40;  1 drivers
L_0000026159680e88 .functor BUFT 1, C4<000100>, C4<0>, C4<0>, C4<0>;
v000002615962d440_0 .net/2u *"_ivl_70", 5 0, L_0000026159680e88;  1 drivers
L_0000026159680ed0 .functor BUFT 1, C4<001000>, C4<0>, C4<0>, C4<0>;
v000002615962d4e0_0 .net/2u *"_ivl_72", 5 0, L_0000026159680ed0;  1 drivers
v000002615962be60_0 .net *"_ivl_74", 0 0, L_000002615970cbb0;  1 drivers
L_0000026159680f18 .functor BUFT 1, C4<010000>, C4<0>, C4<0>, C4<0>;
v000002615962d800_0 .net/2u *"_ivl_76", 5 0, L_0000026159680f18;  1 drivers
L_0000026159680f60 .functor BUFT 1, C4<100000>, C4<0>, C4<0>, C4<0>;
v000002615962cb80_0 .net/2u *"_ivl_78", 5 0, L_0000026159680f60;  1 drivers
L_0000026159680b28 .functor BUFT 1, C4<0110011>, C4<0>, C4<0>, C4<0>;
v000002615962ccc0_0 .net/2u *"_ivl_8", 6 0, L_0000026159680b28;  1 drivers
L_0000026159680fa8 .functor BUFT 1, C4<000000>, C4<0>, C4<0>, C4<0>;
v000002615962b280_0 .net/2u *"_ivl_80", 5 0, L_0000026159680fa8;  1 drivers
v000002615962c680_0 .net *"_ivl_82", 5 0, L_00000261596ee500;  1 drivers
v000002615962cd60_0 .net *"_ivl_84", 5 0, L_00000261596ec340;  1 drivers
v000002615962baa0_0 .net *"_ivl_86", 5 0, L_00000261596edc40;  1 drivers
v000002615962b0a0_0 .net *"_ivl_88", 5 0, L_00000261596ed380;  1 drivers
v000002615962bd20_0 .net *"_ivl_90", 5 0, L_00000261596ed740;  1 drivers
v000002615962b140_0 .net *"_ivl_96", 0 0, L_000002615970ec10;  1 drivers
v000002615962c720_0 .net *"_ivl_98", 0 0, L_000002615970ef20;  1 drivers
v000002615962bbe0_0 .net "i_clk", 0 0, v000002615965b600_0;  alias, 1 drivers
v000002615962cea0_0 .net "i_format", 5 0, L_00000261596ee140;  1 drivers
v000002615962b3c0_0 .net "i_rst", 0 0, v000002615965ce60_0;  alias, 1 drivers
v000002615962cf40_0 .net "is_auipc", 0 0, L_00000261596ecb60;  1 drivers
v000002615962b1e0_0 .net "is_branch", 0 0, L_00000261596ed880;  1 drivers
v000002615962bdc0_0 .net "is_ebreak", 0 0, L_00000261596ee320;  1 drivers
v000002615962b460_0 .net "is_itype_alu", 0 0, L_00000261596edf60;  1 drivers
v000002615962c7c0_0 .net "is_jal", 0 0, L_00000261596ec5c0;  1 drivers
v000002615962bc80_0 .net "is_jalr", 0 0, L_00000261596ed600;  1 drivers
v000002615962c860_0 .net "is_load", 0 0, L_00000261596ec160;  1 drivers
v000002615962c900_0 .net "is_lui", 0 0, L_00000261596ed060;  1 drivers
v000002615962b640_0 .net "is_rtype", 0 0, L_00000261596ed920;  1 drivers
v000002615962b6e0_0 .net "is_store", 0 0, L_00000261596ecca0;  1 drivers
v000002615962b780_0 .net "lui", 0 0, L_000002615970e7b0;  alias, 1 drivers
v000002615962e160_0 .net "o_retire_rd_waddr", 4 0, L_00000261596ec8e0;  alias, 1 drivers
v000002615962ec00_0 .net "o_retire_rs1_raddr", 4 0, L_00000261596edec0;  alias, 1 drivers
v000002615962f6a0_0 .net "o_retire_rs1_rdata", 31 0, L_00000261596ecde0;  alias, 1 drivers
v000002615962e200_0 .net "o_retire_rs2_raddr", 4 0, L_00000261596ee640;  alias, 1 drivers
v000002615962dee0_0 .net "o_retire_rs2_rdata", 31 0, L_00000261596ee000;  alias, 1 drivers
v000002615962ee80_0 .net "opcode", 6 0, L_00000261596ee3c0;  1 drivers
v000002615962e660_0 .net "rd_waddr_raw", 4 0, L_00000261596ecfc0;  1 drivers
v000002615962e020_0 .net "rs1_raddr_raw", 4 0, L_00000261596ecf20;  1 drivers
v000002615962dd00_0 .net "rs1_rdata_raw", 31 0, L_00000261596ec700;  1 drivers
v000002615962f880_0 .net "rs1_used", 0 0, L_000002615970d0f0;  1 drivers
v000002615962fba0_0 .net "rs2_raddr_raw", 4 0, L_00000261596edb00;  1 drivers
v000002615962dda0_0 .net "rs2_rdata_raw", 31 0, L_00000261596ede20;  1 drivers
v000002615962f4c0_0 .net "rs2_used", 0 0, L_000002615970d320;  1 drivers
L_00000261596ee3c0 .part v00000261596706e0_0, 0, 7;
L_00000261596ecfc0 .part v00000261596706e0_0, 7, 5;
L_00000261596ecf20 .part v00000261596706e0_0, 15, 5;
L_00000261596edb00 .part v00000261596706e0_0, 20, 5;
L_00000261596ed920 .cmp/eq 7, L_00000261596ee3c0, L_0000026159680b28;
L_00000261596edf60 .cmp/eq 7, L_00000261596ee3c0, L_0000026159680b70;
L_00000261596ec160 .cmp/eq 7, L_00000261596ee3c0, L_0000026159680bb8;
L_00000261596ecca0 .cmp/eq 7, L_00000261596ee3c0, L_0000026159680c00;
L_00000261596ed880 .cmp/eq 7, L_00000261596ee3c0, L_0000026159680c48;
L_00000261596ed060 .cmp/eq 7, L_00000261596ee3c0, L_0000026159680c90;
L_00000261596ecb60 .cmp/eq 7, L_00000261596ee3c0, L_0000026159680cd8;
L_00000261596ec5c0 .cmp/eq 7, L_00000261596ee3c0, L_0000026159680d20;
L_00000261596ed600 .cmp/eq 7, L_00000261596ee3c0, L_0000026159680d68;
L_00000261596ee320 .cmp/eq 32, v00000261596706e0_0, L_0000026159680db0;
L_00000261596ee500 .functor MUXZ 6, L_0000026159680fa8, L_0000026159680f60, L_00000261596ec5c0, C4<>;
L_00000261596ec340 .functor MUXZ 6, L_00000261596ee500, L_0000026159680f18, L_000002615970cbb0, C4<>;
L_00000261596edc40 .functor MUXZ 6, L_00000261596ec340, L_0000026159680ed0, L_00000261596ed880, C4<>;
L_00000261596ed380 .functor MUXZ 6, L_00000261596edc40, L_0000026159680e88, L_00000261596ecca0, C4<>;
L_00000261596ed740 .functor MUXZ 6, L_00000261596ed380, L_0000026159680e40, L_000002615970e0b0, C4<>;
L_00000261596ee140 .functor MUXZ 6, L_00000261596ed740, L_0000026159680df8, L_00000261596ed920, C4<>;
L_00000261596ed9c0 .part L_00000261596ee3c0, 4, 3;
L_00000261596edec0 .functor MUXZ 5, L_0000026159681350, L_00000261596ecf20, L_000002615970d0f0, C4<>;
L_00000261596ecde0 .functor MUXZ 32, L_0000026159681398, L_00000261596ec700, L_000002615970d0f0, C4<>;
L_00000261596ee640 .functor MUXZ 5, L_00000261596813e0, L_00000261596edb00, L_000002615970d320, C4<>;
L_00000261596ee000 .functor MUXZ 32, L_0000026159681428, L_00000261596ede20, L_000002615970d320, C4<>;
L_00000261596ec8e0 .functor MUXZ 5, L_0000026159681470, L_00000261596ecfc0, L_0000026159707ac0, C4<>;
S_0000026158de5f80 .scope module, "imm_gen" "imm" 5 109, 6 6 0, S_0000026158d6a380;
 .timescale -9 -12;
    .port_info 0 /INPUT 32 "i_inst";
    .port_info 1 /INPUT 6 "i_format";
    .port_info 2 /OUTPUT 32 "o_immediate";
v00000261596274a0_0 .net *"_ivl_11", 0 0, L_00000261596ec200;  1 drivers
v0000026159627ae0_0 .net *"_ivl_12", 20 0, L_00000261596ec2a0;  1 drivers
v0000026159627400_0 .net *"_ivl_15", 5 0, L_00000261596ec3e0;  1 drivers
v0000026159627360_0 .net *"_ivl_17", 4 0, L_00000261596ec480;  1 drivers
v00000261596268c0_0 .net *"_ivl_21", 0 0, L_00000261596ef5e0;  1 drivers
v0000026159627720_0 .net *"_ivl_22", 19 0, L_00000261596f0bc0;  1 drivers
v0000026159626b40_0 .net *"_ivl_25", 0 0, L_00000261596f0c60;  1 drivers
v0000026159627860_0 .net *"_ivl_27", 5 0, L_00000261596f1020;  1 drivers
v0000026159628300_0 .net *"_ivl_29", 3 0, L_00000261596effe0;  1 drivers
v0000026159627540_0 .net *"_ivl_3", 0 0, L_00000261596ee1e0;  1 drivers
L_0000026159681500 .functor BUFT 1, C4<0>, C4<0>, C4<0>, C4<0>;
v0000026159627900_0 .net/2u *"_ivl_30", 0 0, L_0000026159681500;  1 drivers
v00000261596283a0_0 .net *"_ivl_35", 19 0, L_00000261596efae0;  1 drivers
L_0000026159681548 .functor BUFT 1, C4<000000000000>, C4<0>, C4<0>, C4<0>;
v0000026159626640_0 .net/2u *"_ivl_36", 11 0, L_0000026159681548;  1 drivers
v0000026159627cc0_0 .net *"_ivl_4", 20 0, L_00000261596ece80;  1 drivers
v00000261596279a0_0 .net *"_ivl_41", 0 0, L_00000261596f0f80;  1 drivers
v00000261596275e0_0 .net *"_ivl_42", 11 0, L_00000261596f0d00;  1 drivers
v00000261596266e0_0 .net *"_ivl_45", 7 0, L_00000261596f0120;  1 drivers
v0000026159627c20_0 .net *"_ivl_47", 0 0, L_00000261596f0da0;  1 drivers
v0000026159628800_0 .net *"_ivl_49", 9 0, L_00000261596eedc0;  1 drivers
L_0000026159681590 .functor BUFT 1, C4<0>, C4<0>, C4<0>, C4<0>;
v0000026159626be0_0 .net/2u *"_ivl_50", 0 0, L_0000026159681590;  1 drivers
v0000026159628260_0 .net *"_ivl_55", 0 0, L_00000261596f10c0;  1 drivers
v0000026159627a40_0 .net *"_ivl_57", 0 0, L_00000261596eed20;  1 drivers
v0000026159628120_0 .net *"_ivl_59", 0 0, L_00000261596f0080;  1 drivers
v0000026159627220_0 .net *"_ivl_61", 0 0, L_00000261596efe00;  1 drivers
v00000261596277c0_0 .net *"_ivl_63", 0 0, L_00000261596ef400;  1 drivers
v0000026159627b80_0 .net *"_ivl_65", 0 0, L_00000261596f0e40;  1 drivers
L_00000261596815d8 .functor BUFT 1, C4<00000000000000000000000000000000>, C4<0>, C4<0>, C4<0>;
v00000261596261e0_0 .net/2u *"_ivl_66", 31 0, L_00000261596815d8;  1 drivers
v0000026159626820_0 .net *"_ivl_68", 31 0, L_00000261596f0260;  1 drivers
v0000026159627d60_0 .net *"_ivl_7", 10 0, L_00000261596ee6e0;  1 drivers
v0000026159627e00_0 .net *"_ivl_70", 31 0, L_00000261596efa40;  1 drivers
v0000026159627ea0_0 .net *"_ivl_72", 31 0, L_00000261596f03a0;  1 drivers
v0000026159628440_0 .net *"_ivl_74", 31 0, L_00000261596f0ee0;  1 drivers
v0000026159626960_0 .net *"_ivl_76", 31 0, L_00000261596f0b20;  1 drivers
v00000261596284e0_0 .net "i_format", 5 0, L_00000261596ee140;  alias, 1 drivers
v0000026159626f00_0 .net "i_inst", 31 0, v00000261596706e0_0;  alias, 1 drivers
v0000026159626a00_0 .net "imm_b", 31 0, L_00000261596eea00;  1 drivers
v0000026159627f40_0 .net "imm_i", 31 0, L_00000261596ed2e0;  1 drivers
v0000026159626fa0_0 .net "imm_j", 31 0, L_00000261596f0a80;  1 drivers
L_00000261596814b8 .functor BUFT 1, C4<xxxxxxxxxxxxxxxxxxxxxxxxxxxxxxxx>, C4<0>, C4<0>, C4<0>;
v0000026159626aa0_0 .net "imm_r", 31 0, L_00000261596814b8;  1 drivers
v0000026159626c80_0 .net "imm_s", 31 0, L_00000261596ec980;  1 drivers
v0000026159626e60_0 .net "imm_u", 31 0, L_00000261596f0800;  1 drivers
v0000026159626d20_0 .net "o_immediate", 31 0, L_00000261596eeb40;  alias, 1 drivers
L_00000261596ee1e0 .part v00000261596706e0_0, 31, 1;
LS_00000261596ece80_0_0 .concat [ 1 1 1 1], L_00000261596ee1e0, L_00000261596ee1e0, L_00000261596ee1e0, L_00000261596ee1e0;
LS_00000261596ece80_0_4 .concat [ 1 1 1 1], L_00000261596ee1e0, L_00000261596ee1e0, L_00000261596ee1e0, L_00000261596ee1e0;
LS_00000261596ece80_0_8 .concat [ 1 1 1 1], L_00000261596ee1e0, L_00000261596ee1e0, L_00000261596ee1e0, L_00000261596ee1e0;
LS_00000261596ece80_0_12 .concat [ 1 1 1 1], L_00000261596ee1e0, L_00000261596ee1e0, L_00000261596ee1e0, L_00000261596ee1e0;
LS_00000261596ece80_0_16 .concat [ 1 1 1 1], L_00000261596ee1e0, L_00000261596ee1e0, L_00000261596ee1e0, L_00000261596ee1e0;
LS_00000261596ece80_0_20 .concat [ 1 0 0 0], L_00000261596ee1e0;
LS_00000261596ece80_1_0 .concat [ 4 4 4 4], LS_00000261596ece80_0_0, LS_00000261596ece80_0_4, LS_00000261596ece80_0_8, LS_00000261596ece80_0_12;
LS_00000261596ece80_1_4 .concat [ 4 1 0 0], LS_00000261596ece80_0_16, LS_00000261596ece80_0_20;
L_00000261596ece80 .concat [ 16 5 0 0], LS_00000261596ece80_1_0, LS_00000261596ece80_1_4;
L_00000261596ee6e0 .part v00000261596706e0_0, 20, 11;
L_00000261596ed2e0 .concat [ 11 21 0 0], L_00000261596ee6e0, L_00000261596ece80;
L_00000261596ec200 .part v00000261596706e0_0, 31, 1;
LS_00000261596ec2a0_0_0 .concat [ 1 1 1 1], L_00000261596ec200, L_00000261596ec200, L_00000261596ec200, L_00000261596ec200;
LS_00000261596ec2a0_0_4 .concat [ 1 1 1 1], L_00000261596ec200, L_00000261596ec200, L_00000261596ec200, L_00000261596ec200;
LS_00000261596ec2a0_0_8 .concat [ 1 1 1 1], L_00000261596ec200, L_00000261596ec200, L_00000261596ec200, L_00000261596ec200;
LS_00000261596ec2a0_0_12 .concat [ 1 1 1 1], L_00000261596ec200, L_00000261596ec200, L_00000261596ec200, L_00000261596ec200;
LS_00000261596ec2a0_0_16 .concat [ 1 1 1 1], L_00000261596ec200, L_00000261596ec200, L_00000261596ec200, L_00000261596ec200;
LS_00000261596ec2a0_0_20 .concat [ 1 0 0 0], L_00000261596ec200;
LS_00000261596ec2a0_1_0 .concat [ 4 4 4 4], LS_00000261596ec2a0_0_0, LS_00000261596ec2a0_0_4, LS_00000261596ec2a0_0_8, LS_00000261596ec2a0_0_12;
LS_00000261596ec2a0_1_4 .concat [ 4 1 0 0], LS_00000261596ec2a0_0_16, LS_00000261596ec2a0_0_20;
L_00000261596ec2a0 .concat [ 16 5 0 0], LS_00000261596ec2a0_1_0, LS_00000261596ec2a0_1_4;
L_00000261596ec3e0 .part v00000261596706e0_0, 25, 6;
L_00000261596ec480 .part v00000261596706e0_0, 7, 5;
L_00000261596ec980 .concat [ 5 6 21 0], L_00000261596ec480, L_00000261596ec3e0, L_00000261596ec2a0;
L_00000261596ef5e0 .part v00000261596706e0_0, 31, 1;
LS_00000261596f0bc0_0_0 .concat [ 1 1 1 1], L_00000261596ef5e0, L_00000261596ef5e0, L_00000261596ef5e0, L_00000261596ef5e0;
LS_00000261596f0bc0_0_4 .concat [ 1 1 1 1], L_00000261596ef5e0, L_00000261596ef5e0, L_00000261596ef5e0, L_00000261596ef5e0;
LS_00000261596f0bc0_0_8 .concat [ 1 1 1 1], L_00000261596ef5e0, L_00000261596ef5e0, L_00000261596ef5e0, L_00000261596ef5e0;
LS_00000261596f0bc0_0_12 .concat [ 1 1 1 1], L_00000261596ef5e0, L_00000261596ef5e0, L_00000261596ef5e0, L_00000261596ef5e0;
LS_00000261596f0bc0_0_16 .concat [ 1 1 1 1], L_00000261596ef5e0, L_00000261596ef5e0, L_00000261596ef5e0, L_00000261596ef5e0;
LS_00000261596f0bc0_1_0 .concat [ 4 4 4 4], LS_00000261596f0bc0_0_0, LS_00000261596f0bc0_0_4, LS_00000261596f0bc0_0_8, LS_00000261596f0bc0_0_12;
LS_00000261596f0bc0_1_4 .concat [ 4 0 0 0], LS_00000261596f0bc0_0_16;
L_00000261596f0bc0 .concat [ 16 4 0 0], LS_00000261596f0bc0_1_0, LS_00000261596f0bc0_1_4;
L_00000261596f0c60 .part v00000261596706e0_0, 7, 1;
L_00000261596f1020 .part v00000261596706e0_0, 25, 6;
L_00000261596effe0 .part v00000261596706e0_0, 8, 4;
LS_00000261596eea00_0_0 .concat [ 1 4 6 1], L_0000026159681500, L_00000261596effe0, L_00000261596f1020, L_00000261596f0c60;
LS_00000261596eea00_0_4 .concat [ 20 0 0 0], L_00000261596f0bc0;
L_00000261596eea00 .concat [ 12 20 0 0], LS_00000261596eea00_0_0, LS_00000261596eea00_0_4;
L_00000261596efae0 .part v00000261596706e0_0, 12, 20;
L_00000261596f0800 .concat [ 12 20 0 0], L_0000026159681548, L_00000261596efae0;
L_00000261596f0f80 .part v00000261596706e0_0, 31, 1;
LS_00000261596f0d00_0_0 .concat [ 1 1 1 1], L_00000261596f0f80, L_00000261596f0f80, L_00000261596f0f80, L_00000261596f0f80;
LS_00000261596f0d00_0_4 .concat [ 1 1 1 1], L_00000261596f0f80, L_00000261596f0f80, L_00000261596f0f80, L_00000261596f0f80;
LS_00000261596f0d00_0_8 .concat [ 1 1 1 1], L_00000261596f0f80, L_00000261596f0f80, L_00000261596f0f80, L_00000261596f0f80;
L_00000261596f0d00 .concat [ 4 4 4 0], LS_00000261596f0d00_0_0, LS_00000261596f0d00_0_4, LS_00000261596f0d00_0_8;
L_00000261596f0120 .part v00000261596706e0_0, 12, 8;
L_00000261596f0da0 .part v00000261596706e0_0, 20, 1;
L_00000261596eedc0 .part v00000261596706e0_0, 21, 10;
LS_00000261596f0a80_0_0 .concat [ 1 10 1 8], L_0000026159681590, L_00000261596eedc0, L_00000261596f0da0, L_00000261596f0120;
LS_00000261596f0a80_0_4 .concat [ 12 0 0 0], L_00000261596f0d00;
L_00000261596f0a80 .concat [ 20 12 0 0], LS_00000261596f0a80_0_0, LS_00000261596f0a80_0_4;
L_00000261596f10c0 .part L_00000261596ee140, 0, 1;
L_00000261596eed20 .part L_00000261596ee140, 1, 1;
L_00000261596f0080 .part L_00000261596ee140, 2, 1;
L_00000261596efe00 .part L_00000261596ee140, 3, 1;
L_00000261596ef400 .part L_00000261596ee140, 4, 1;
L_00000261596f0e40 .part L_00000261596ee140, 5, 1;
L_00000261596f0260 .functor MUXZ 32, L_00000261596815d8, L_00000261596f0a80, L_00000261596f0e40, C4<>;
L_00000261596efa40 .functor MUXZ 32, L_00000261596f0260, L_00000261596f0800, L_00000261596ef400, C4<>;
L_00000261596f03a0 .functor MUXZ 32, L_00000261596efa40, L_00000261596eea00, L_00000261596efe00, C4<>;
L_00000261596f0ee0 .functor MUXZ 32, L_00000261596f03a0, L_00000261596ec980, L_00000261596f0080, C4<>;
L_00000261596f0b20 .functor MUXZ 32, L_00000261596f0ee0, L_00000261596ed2e0, L_00000261596eed20, C4<>;
L_00000261596eeb40 .functor MUXZ 32, L_00000261596f0b20, L_00000261596814b8, L_00000261596f10c0, C4<>;
S_0000026159215040 .scope module, "rf_rw" "rf" 5 91, 7 8 0, S_0000026158d6a380;
 .timescale -9 -12;
    .port_info 0 /INPUT 1 "i_clk";
    .port_info 1 /INPUT 1 "i_rst";
    .port_info 2 /INPUT 5 "i_rs1_raddr";
    .port_info 3 /OUTPUT 32 "o_rs1_rdata";
    .port_info 4 /INPUT 5 "i_rs2_raddr";
    .port_info 5 /OUTPUT 32 "o_rs2_rdata";
    .port_info 6 /INPUT 1 "i_rd_wen";
    .port_info 7 /INPUT 5 "i_rd_waddr";
    .port_info 8 /INPUT 32 "i_rd_wdata";
P_0000026159520930 .param/l "BYPASS_EN" 0 7 17, +C4<00000000000000000000000000000001>;
L_0000026159680ff0 .functor BUFT 1, C4<1>, C4<0>, C4<0>, C4<0>;
L_000002615970f230 .functor AND 1, L_0000026159680ff0, L_0000026159735a80, C4<1>, C4<1>;
L_000002615970e890 .functor AND 1, L_000002615970f230, L_00000261596ed7e0, C4<1>, C4<1>;
L_000002615970eac0 .functor AND 1, L_000002615970e890, L_00000261596ed100, C4<1>, C4<1>;
L_0000026159681080 .functor BUFT 1, C4<1>, C4<0>, C4<0>, C4<0>;
L_000002615970f2a0 .functor AND 1, L_0000026159681080, L_0000026159735a80, C4<1>, C4<1>;
L_000002615970e900 .functor AND 1, L_000002615970f2a0, L_00000261596ecc00, C4<1>, C4<1>;
L_000002615970e970 .functor AND 1, L_000002615970e900, L_00000261596ed6a0, C4<1>, C4<1>;
v0000026159627040_0 .net/2u *"_ivl_0", 0 0, L_0000026159680ff0;  1 drivers
v0000026159629c00_0 .net *"_ivl_10", 0 0, L_00000261596ed100;  1 drivers
v0000026159628e40_0 .net/2u *"_ivl_14", 0 0, L_0000026159681080;  1 drivers
v00000261596290c0_0 .net *"_ivl_17", 0 0, L_000002615970f2a0;  1 drivers
L_00000261596810c8 .functor BUFT 1, C4<00000>, C4<0>, C4<0>, C4<0>;
v0000026159628da0_0 .net/2u *"_ivl_18", 4 0, L_00000261596810c8;  1 drivers
v000002615962a920_0 .net *"_ivl_20", 0 0, L_00000261596ecc00;  1 drivers
v000002615962a880_0 .net *"_ivl_23", 0 0, L_000002615970e900;  1 drivers
v00000261596297a0_0 .net *"_ivl_24", 0 0, L_00000261596ed6a0;  1 drivers
L_0000026159681110 .functor BUFT 1, C4<00000000000000000000000000000000>, C4<0>, C4<0>, C4<0>;
v0000026159628a80_0 .net/2u *"_ivl_28", 31 0, L_0000026159681110;  1 drivers
v000002615962a1a0_0 .net *"_ivl_3", 0 0, L_000002615970f230;  1 drivers
L_0000026159681158 .functor BUFT 1, C4<00000>, C4<0>, C4<0>, C4<0>;
v0000026159629520_0 .net/2u *"_ivl_30", 4 0, L_0000026159681158;  1 drivers
v0000026159629ca0_0 .net *"_ivl_32", 0 0, L_00000261596edd80;  1 drivers
L_00000261596811a0 .functor BUFT 1, C4<00000000000000000000000000000000>, C4<0>, C4<0>, C4<0>;
v0000026159629660_0 .net/2u *"_ivl_34", 31 0, L_00000261596811a0;  1 drivers
v0000026159629980_0 .net *"_ivl_36", 31 0, L_00000261596ee820;  1 drivers
v0000026159628c60_0 .net *"_ivl_38", 6 0, L_00000261596eda60;  1 drivers
L_0000026159681038 .functor BUFT 1, C4<00000>, C4<0>, C4<0>, C4<0>;
v00000261596295c0_0 .net/2u *"_ivl_4", 4 0, L_0000026159681038;  1 drivers
L_00000261596811e8 .functor BUFT 1, C4<00>, C4<0>, C4<0>, C4<0>;
v000002615962ad80_0 .net *"_ivl_41", 1 0, L_00000261596811e8;  1 drivers
v0000026159629d40_0 .net *"_ivl_42", 31 0, L_00000261596edba0;  1 drivers
v000002615962a6a0_0 .net *"_ivl_44", 31 0, L_00000261596ee5a0;  1 drivers
L_0000026159681230 .functor BUFT 1, C4<00000000000000000000000000000000>, C4<0>, C4<0>, C4<0>;
v0000026159629200_0 .net/2u *"_ivl_48", 31 0, L_0000026159681230;  1 drivers
L_0000026159681278 .functor BUFT 1, C4<00000>, C4<0>, C4<0>, C4<0>;
v0000026159628ee0_0 .net/2u *"_ivl_50", 4 0, L_0000026159681278;  1 drivers
v0000026159629e80_0 .net *"_ivl_52", 0 0, L_00000261596ec7a0;  1 drivers
L_00000261596812c0 .functor BUFT 1, C4<00000000000000000000000000000000>, C4<0>, C4<0>, C4<0>;
v0000026159629480_0 .net/2u *"_ivl_54", 31 0, L_00000261596812c0;  1 drivers
v000002615962a100_0 .net *"_ivl_56", 31 0, L_00000261596ed1a0;  1 drivers
v000002615962aba0_0 .net *"_ivl_58", 6 0, L_00000261596ec840;  1 drivers
v000002615962a240_0 .net *"_ivl_6", 0 0, L_00000261596ed7e0;  1 drivers
L_0000026159681308 .functor BUFT 1, C4<00>, C4<0>, C4<0>, C4<0>;
v000002615962a420_0 .net *"_ivl_61", 1 0, L_0000026159681308;  1 drivers
v0000026159629de0_0 .net *"_ivl_62", 31 0, L_00000261596ed240;  1 drivers
v0000026159629f20_0 .net *"_ivl_64", 31 0, L_00000261596ecd40;  1 drivers
v000002615962a740_0 .net *"_ivl_9", 0 0, L_000002615970e890;  1 drivers
v0000026159628b20_0 .net "i_clk", 0 0, v000002615965b600_0;  alias, 1 drivers
v000002615962ae20_0 .net "i_rd_waddr", 4 0, v00000261596765e0_0;  alias, 1 drivers
v000002615962a2e0_0 .net "i_rd_wdata", 31 0, L_00000261596d5c80;  alias, 1 drivers
v0000026159629fc0_0 .net "i_rd_wen", 0 0, L_0000026159735a80;  alias, 1 drivers
v0000026159629700_0 .net "i_rs1_raddr", 4 0, L_00000261596ecf20;  alias, 1 drivers
v000002615962ace0_0 .net "i_rs2_raddr", 4 0, L_00000261596edb00;  alias, 1 drivers
v000002615962a060_0 .net "i_rst", 0 0, v000002615965ce60_0;  alias, 1 drivers
v00000261596289e0_0 .net "o_rs1_rdata", 31 0, L_00000261596ec700;  alias, 1 drivers
v000002615962aa60_0 .net "o_rs2_rdata", 31 0, L_00000261596ede20;  alias, 1 drivers
v000002615962a380 .array "regs", 31 0, 31 0;
v0000026159629b60_0 .net "rs1_bypass_hit", 0 0, L_000002615970eac0;  1 drivers
v000002615962a4c0_0 .net "rs2_bypass_hit", 0 0, L_000002615970e970;  1 drivers
L_00000261596ed7e0 .cmp/ne 5, v00000261596765e0_0, L_0000026159681038;
L_00000261596ed100 .cmp/eq 5, L_00000261596ecf20, v00000261596765e0_0;
L_00000261596ecc00 .cmp/ne 5, v00000261596765e0_0, L_00000261596810c8;
L_00000261596ed6a0 .cmp/eq 5, L_00000261596edb00, v00000261596765e0_0;
L_00000261596edd80 .cmp/eq 5, L_00000261596ecf20, L_0000026159681158;
L_00000261596ee820 .array/port v000002615962a380, L_00000261596eda60;
L_00000261596eda60 .concat [ 5 2 0 0], L_00000261596ecf20, L_00000261596811e8;
L_00000261596edba0 .functor MUXZ 32, L_00000261596ee820, L_00000261596d5c80, L_000002615970eac0, C4<>;
L_00000261596ee5a0 .functor MUXZ 32, L_00000261596edba0, L_00000261596811a0, L_00000261596edd80, C4<>;
L_00000261596ec700 .functor MUXZ 32, L_00000261596ee5a0, L_0000026159681110, v000002615965ce60_0, C4<>;
L_00000261596ec7a0 .cmp/eq 5, L_00000261596edb00, L_0000026159681278;
L_00000261596ed1a0 .array/port v000002615962a380, L_00000261596ec840;
L_00000261596ec840 .concat [ 5 2 0 0], L_00000261596edb00, L_0000026159681308;
L_00000261596ed240 .functor MUXZ 32, L_00000261596ed1a0, L_00000261596d5c80, L_000002615970e970, C4<>;
L_00000261596ecd40 .functor MUXZ 32, L_00000261596ed240, L_00000261596812c0, L_00000261596ec7a0, C4<>;
L_00000261596ede20 .functor MUXZ 32, L_00000261596ecd40, L_0000026159681230, v000002615965ce60_0, C4<>;
S_00000261592258d0 .scope module, "u_execute" "execute" 3 1074, 8 1 0, S_00000261595b4470;
 .timescale -9 -12;
    .port_info 0 /INPUT 3 "AluOp";
    .port_info 1 /INPUT 3 "Func3";
    .port_info 2 /INPUT 7 "Func7";
    .port_info 3 /INPUT 7 "opcode";
    .port_info 4 /INPUT 32 "Operand1";
    .port_info 5 /INPUT 32 "Operand2";
    .port_info 6 /OUTPUT 32 "AluResult";
    .port_info 7 /OUTPUT 1 "ALUeq";
    .port_info 8 /OUTPUT 1 "ALUslt";
v000002615962f420_0 .net "ALUeq", 0 0, L_00000261596d55a0;  alias, 1 drivers
v000002615962f1a0_0 .net "ALUslt", 0 0, L_000002615973b3c0;  alias, 1 drivers
v000002615962f380_0 .net "AluControl_arith", 0 0, v000002615962e480_0;  1 drivers
v000002615962f9c0_0 .net "AluControl_opsel", 2 0, v000002615962ff60_0;  1 drivers
v000002615962d940_0 .net "AluControl_sub", 0 0, v000002615962db20_0;  1 drivers
v000002615962eac0_0 .net "AluControl_unsigned", 0 0, v000002615962f560_0;  1 drivers
v000002615962fe20_0 .net "AluOp", 2 0, v000002615966b1e0_0;  1 drivers
v000002615962dc60_0 .net "AluResult", 31 0, v000002615962e520_0;  alias, 1 drivers
v000002615962eb60_0 .net "Func3", 2 0, v000002615966c860_0;  1 drivers
v000002615962f600_0 .net "Func7", 6 0, v000002615966a9c0_0;  1 drivers
v0000026159630000_0 .net "Operand1", 31 0, L_00000261596d5460;  alias, 1 drivers
v000002615962df80_0 .net "Operand2", 31 0, L_00000261596d3d40;  alias, 1 drivers
v000002615962e0c0_0 .net "opcode", 6 0, v000002615966e8e0_0;  1 drivers
S_0000026159265c40 .scope module, "u_alu" "alu" 8 42, 9 8 0, S_00000261592258d0;
 .timescale -9 -12;
    .port_info 0 /INPUT 3 "i_opsel";
    .port_info 1 /INPUT 1 "i_sub";
    .port_info 2 /INPUT 1 "i_unsigned";
    .port_info 3 /INPUT 1 "i_arith";
    .port_info 4 /INPUT 32 "i_op1";
    .port_info 5 /INPUT 32 "i_op2";
    .port_info 6 /OUTPUT 32 "o_result";
    .port_info 7 /OUTPUT 1 "o_eq";
    .port_info 8 /OUTPUT 1 "o_slt";
L_000002615973a780 .functor NOT 1, L_00000261596d47e0, C4<0>, C4<0>, C4<0>;
L_000002615973a7f0 .functor AND 1, L_00000261596d4420, L_000002615973a780, C4<1>, C4<1>;
L_000002615973b0b0 .functor XOR 1, L_00000261596d3fc0, L_00000261596d5000, C4<0>, C4<0>;
L_000002615973acc0 .functor NOT 1, L_000002615973b0b0, C4<0>, C4<0>, C4<0>;
L_000002615973b120 .functor AND 1, L_000002615973acc0, L_00000261596d53c0, C4<1>, C4<1>;
L_000002615973a8d0 .functor OR 1, L_000002615973a7f0, L_000002615973b120, C4<0>, C4<0>;
L_000002615973a940 .functor AND 1, v000002615962f560_0, L_00000261596d53c0, C4<1>, C4<1>;
L_000002615973b190 .functor NOT 1, v000002615962f560_0, C4<0>, C4<0>, C4<0>;
L_000002615973b200 .functor AND 1, L_000002615973b190, L_000002615973a8d0, C4<1>, C4<1>;
L_000002615973b3c0 .functor OR 1, L_000002615973a940, L_000002615973b200, C4<0>, C4<0>;
v000002615962ef20_0 .net *"_ivl_10", 0 0, L_000002615973a7f0;  1 drivers
v000002615962fec0_0 .net *"_ivl_13", 0 0, L_00000261596d3fc0;  1 drivers
v000002615962ede0_0 .net *"_ivl_15", 0 0, L_00000261596d5000;  1 drivers
v000002615962d8a0_0 .net *"_ivl_16", 0 0, L_000002615973b0b0;  1 drivers
v000002615962da80_0 .net *"_ivl_18", 0 0, L_000002615973acc0;  1 drivers
v000002615962e2a0_0 .net *"_ivl_20", 0 0, L_000002615973b120;  1 drivers
v000002615962f7e0_0 .net *"_ivl_26", 0 0, L_000002615973a940;  1 drivers
v000002615962e700_0 .net *"_ivl_28", 0 0, L_000002615973b190;  1 drivers
v000002615962efc0_0 .net *"_ivl_30", 0 0, L_000002615973b200;  1 drivers
v000002615962e7a0_0 .net *"_ivl_5", 0 0, L_00000261596d4420;  1 drivers
v000002615962f920_0 .net *"_ivl_7", 0 0, L_00000261596d47e0;  1 drivers
v000002615962fb00_0 .net *"_ivl_8", 0 0, L_000002615973a780;  1 drivers
v000002615962e840_0 .net "i_arith", 0 0, v000002615962e480_0;  alias, 1 drivers
v000002615962d9e0_0 .net "i_op1", 31 0, L_00000261596d5460;  alias, 1 drivers
v000002615962fc40_0 .net "i_op2", 31 0, L_00000261596d3d40;  alias, 1 drivers
v000002615962e340_0 .net "i_opsel", 2 0, v000002615962ff60_0;  alias, 1 drivers
v000002615962f240_0 .net "i_sub", 0 0, v000002615962db20_0;  alias, 1 drivers
v000002615962eca0_0 .net "i_unsigned", 0 0, v000002615962f560_0;  alias, 1 drivers
v000002615962e980_0 .net "lt_signed", 0 0, L_000002615973a8d0;  1 drivers
v000002615962f2e0_0 .net "lt_unsigned", 0 0, L_00000261596d53c0;  1 drivers
v000002615962ed40_0 .net "o_eq", 0 0, L_00000261596d55a0;  alias, 1 drivers
v000002615962f060_0 .net "o_result", 31 0, v000002615962e520_0;  alias, 1 drivers
v000002615962de40_0 .net "o_slt", 0 0, L_000002615973b3c0;  alias, 1 drivers
v000002615962e520_0 .var "result", 31 0;
v000002615962fce0_0 .net "shamt", 4 0, L_00000261596d51e0;  1 drivers
v000002615962f100_0 .var "sll_result", 31 0;
v000002615962e3e0_0 .var "sra_result", 31 0;
v000002615962ea20_0 .var "srl_result", 31 0;
E_0000026159520db0/0 .event anyedge, v000002615962e340_0, v000002615962f240_0, v000002615962d9e0_0, v000002615962fc40_0;
E_0000026159520db0/1 .event anyedge, v000002615962f100_0, v000002615962de40_0, v000002615962e840_0, v000002615962ea20_0;
E_0000026159520db0/2 .event anyedge, v000002615962e3e0_0;
E_0000026159520db0 .event/or E_0000026159520db0/0, E_0000026159520db0/1, E_0000026159520db0/2;
E_00000261595209f0 .event anyedge, v000002615962fce0_0, v000002615962d9e0_0;
L_00000261596d51e0 .part L_00000261596d3d40, 0, 5;
L_00000261596d53c0 .cmp/gt 32, L_00000261596d3d40, L_00000261596d5460;
L_00000261596d4420 .part L_00000261596d5460, 31, 1;
L_00000261596d47e0 .part L_00000261596d3d40, 31, 1;
L_00000261596d3fc0 .part L_00000261596d5460, 31, 1;
L_00000261596d5000 .part L_00000261596d3d40, 31, 1;
L_00000261596d55a0 .cmp/eq 32, L_00000261596d5460, L_00000261596d3d40;
S_0000026159265dd0 .scope module, "u_alu_control_unit" "alu_control_unit" 8 28, 10 1 0, S_00000261592258d0;
 .timescale -9 -12;
    .port_info 0 /INPUT 3 "AluOp";
    .port_info 1 /INPUT 3 "Func3";
    .port_info 2 /INPUT 7 "Func7";
    .port_info 3 /INPUT 7 "opcode";
    .port_info 4 /OUTPUT 3 "AluControl_opsel";
    .port_info 5 /OUTPUT 1 "AluControl_sub";
    .port_info 6 /OUTPUT 1 "AluControl_unsigned";
    .port_info 7 /OUTPUT 1 "AluControl_arith";
v000002615962e480_0 .var "AluControl_arith", 0 0;
v000002615962ff60_0 .var "AluControl_opsel", 2 0;
v000002615962db20_0 .var "AluControl_sub", 0 0;
v000002615962f560_0 .var "AluControl_unsigned", 0 0;
v000002615962f740_0 .net "AluOp", 2 0, v000002615966b1e0_0;  alias, 1 drivers
v000002615962dbc0_0 .net "Func3", 2 0, v000002615966c860_0;  alias, 1 drivers
v000002615962e5c0_0 .net "Func7", 6 0, v000002615966a9c0_0;  alias, 1 drivers
v000002615962fd80_0 .net "opcode", 6 0, v000002615966e8e0_0;  alias, 1 drivers
E_0000026159520a70 .event anyedge, v000002615962f740_0, v000002615962fd80_0, v000002615962dbc0_0, v000002615962e5c0_0;
S_0000026158d22ce0 .scope module, "u_icache" "cache" 3 568, 4 3 0, S_00000261595b4470;
 .timescale -9 -12;
    .port_info 0 /INPUT 1 "i_clk";
    .port_info 1 /INPUT 1 "i_rst";
    .port_info 2 /INPUT 1 "i_mem_ready";
    .port_info 3 /OUTPUT 32 "o_mem_addr";
    .port_info 4 /OUTPUT 1 "o_mem_ren";
    .port_info 5 /OUTPUT 1 "o_mem_wen";
    .port_info 6 /OUTPUT 32 "o_mem_wdata";
    .port_info 7 /INPUT 32 "i_mem_rdata";
    .port_info 8 /INPUT 1 "i_mem_valid";
    .port_info 9 /OUTPUT 1 "o_busy";
    .port_info 10 /INPUT 32 "i_req_addr";
    .port_info 11 /INPUT 1 "i_req_ren";
    .port_info 12 /INPUT 1 "i_req_wen";
    .port_info 13 /INPUT 4 "i_req_mask";
    .port_info 14 /INPUT 32 "i_req_wdata";
    .port_info 15 /OUTPUT 32 "o_res_rdata";
P_000002615920d8b0 .param/l "D" 1 4 45, +C4<00000000000000000000000000001000>;
P_000002615920d8e8 .param/l "DEPTH" 1 4 43, +C4<00000000000000000000000000100000>;
P_000002615920d920 .param/l "EARLY_RESTART_EN" 0 4 17, +C4<00000000000000000000000000000001>;
P_000002615920d958 .param/l "LINE_WIDE" 0 4 9, +C4<00000000000000000000000000000001>;
P_000002615920d990 .param/l "O" 1 4 41, +C4<00000000000000000000000000000101>;
P_000002615920d9c8 .param/l "PREFETCH_EN" 0 4 4, +C4<00000000000000000000000000000001>;
P_000002615920da00 .param/l "REFILL_LAST_WORD" 1 4 56, C4<0111>;
P_000002615920da38 .param/l "S" 1 4 42, +C4<00000000000000000000000000000101>;
P_000002615920da70 .param/l "STATE_IDLE" 1 4 47, C4<00>;
P_000002615920daa8 .param/l "STATE_REFILL_REQ" 1 4 48, C4<01>;
P_000002615920dae0 .param/l "STATE_WRITE_REQ" 1 4 49, C4<10>;
P_000002615920db18 .param/l "T" 1 4 44, +C4<0000000000000000000000000000010110>;
P_000002615920db50 .param/l "WB_COUNT_FULL" 1 4 55, C4<100000>;
P_000002615920db88 .param/l "WB_COUNT_W" 1 4 53, +C4<00000000000000000000000000000110>;
P_000002615920dbc0 .param/l "WB_COUNT_ZERO" 1 4 54, C4<000000>;
P_000002615920dbf8 .param/l "WB_DEPTH" 1 4 51, +C4<00000000000000000000000000100000>;
P_000002615920dc30 .param/l "WB_PTR_W" 1 4 52, +C4<00000000000000000000000000000101>;
L_00000261594de7c0 .functor AND 1, L_000002615965c820, L_000002615965dd60, C4<1>, C4<1>;
L_00000261594e0040 .functor AND 1, L_000002615965c8c0, L_000002615965d5e0, C4<1>, C4<1>;
L_00000261594dfe80 .functor AND 1, L_000002615965c140, L_000002615965d220, C4<1>, C4<1>;
L_00000261594df0f0 .functor AND 1, L_000002615965ca00, L_000002615965dea0, C4<1>, C4<1>;
L_00000261594df160 .functor OR 1, L_00000261594de7c0, L_00000261594e0040, C4<0>, C4<0>;
L_00000261594de4b0 .functor OR 1, L_00000261594df160, L_00000261594dfe80, C4<0>, C4<0>;
L_00000261594df5c0 .functor OR 1, L_00000261594de4b0, L_00000261594df0f0, C4<0>, C4<0>;
L_00000261594df6a0 .functor BUFZ 32, L_000002615965b920, C4<00000000000000000000000000000000>, C4<00000000000000000000000000000000>, C4<00000000000000000000000000000000>;
L_00000261594de830 .functor BUFZ 32, L_000002615965f200, C4<00000000000000000000000000000000>, C4<00000000000000000000000000000000>, C4<00000000000000000000000000000000>;
L_00000261594de520 .functor BUFZ 32, L_00000261596607e0, C4<00000000000000000000000000000000>, C4<00000000000000000000000000000000>, C4<00000000000000000000000000000000>;
L_00000261594df7f0 .functor BUFZ 32, L_000002615965ffc0, C4<00000000000000000000000000000000>, C4<00000000000000000000000000000000>, C4<00000000000000000000000000000000>;
L_00000261594de910 .functor NOT 1, L_000002615965c820, C4<0>, C4<0>, C4<0>;
L_00000261594de9f0 .functor NOT 1, L_000002615965c8c0, C4<0>, C4<0>, C4<0>;
L_00000261594df320 .functor NOT 1, L_000002615965c140, C4<0>, C4<0>, C4<0>;
L_00000261594dfbe0 .functor NOT 1, L_000002615965ca00, C4<0>, C4<0>, C4<0>;
L_00000261594df630 .functor AND 1, v0000026159636830_0, L_000002615965f340, C4<1>, C4<1>;
L_00000261594deec0 .functor AND 1, L_00000261594df630, L_000002615965e9e0, C4<1>, C4<1>;
L_00000261594dead0 .functor AND 1, v0000026159636830_0, L_000002615965e940, C4<1>, C4<1>;
L_00000261594df240 .functor AND 1, L_00000261594dead0, L_0000026159660880, C4<1>, C4<1>;
L_00000261594df2b0 .functor AND 1, v0000026159636830_0, L_000002615965e4e0, C4<1>, C4<1>;
L_00000261594df400 .functor AND 1, L_00000261594df2b0, L_000002615965f520, C4<1>, C4<1>;
L_00000261594df470 .functor AND 1, v0000026159636830_0, L_000002615965f160, C4<1>, C4<1>;
L_00000261594ded70 .functor AND 1, L_00000261594df470, L_000002615965fde0, C4<1>, C4<1>;
L_00000261594df550 .functor OR 1, L_00000261594deec0, L_00000261594df240, C4<0>, C4<0>;
L_00000261594deb40 .functor OR 1, L_00000261594df550, L_00000261594df400, C4<0>, C4<0>;
L_00000261594df8d0 .functor OR 1, L_00000261594deb40, L_00000261594ded70, C4<0>, C4<0>;
L_00000261594df4e0 .functor NOT 1, L_000002615965f8e0, C4<0>, C4<0>, C4<0>;
L_00000261594df940 .functor NOT 1, L_0000026159660240, C4<0>, C4<0>, C4<0>;
L_00000261594df9b0 .functor NOT 1, L_000002615965e620, C4<0>, C4<0>, C4<0>;
L_00000261594debb0 .functor NOT 1, L_000002615965e260, C4<0>, C4<0>, C4<0>;
L_00000261594dede0 .functor NOT 32, L_00000261596d8980, C4<00000000000000000000000000000000>, C4<00000000000000000000000000000000>, C4<00000000000000000000000000000000>;
L_00000261594dfa90 .functor AND 32, L_00000261596601a0, L_00000261594dede0, C4<11111111111111111111111111111111>, C4<11111111111111111111111111111111>;
L_000002615967dbe8 .functor BUFT 1, C4<00000000000000000000000000000000>, C4<0>, C4<0>, C4<0>;
L_00000261594dfa20 .functor AND 32, L_000002615967dbe8, L_00000261596d8980, C4<11111111111111111111111111111111>, C4<11111111111111111111111111111111>;
L_00000261594dff60 .functor OR 32, L_00000261594dfa90, L_00000261594dfa20, C4<00000000000000000000000000000000>, C4<00000000000000000000000000000000>;
L_00000261594dfc50 .functor OR 32, L_00000261596d9240, L_00000261596d97e0, C4<00000000000000000000000000000000>, C4<00000000000000000000000000000000>;
L_00000261594dffd0 .functor OR 32, L_00000261596d9240, L_00000261596da280, C4<00000000000000000000000000000000>, C4<00000000000000000000000000000000>;
L_00000261594de590 .functor AND 1, L_00000261596da640, L_00000261596d8840, C4<1>, C4<1>;
L_00000261594de600 .functor AND 1, L_00000261596d8c00, L_00000261596d8f20, C4<1>, C4<1>;
L_00000261594def30 .functor OR 1, L_00000261594de590, L_00000261594de600, C4<0>, C4<0>;
L_00000261594de670 .functor AND 1, L_00000261596d8ca0, L_00000261596d96a0, C4<1>, C4<1>;
L_00000261594df010 .functor OR 1, L_00000261594def30, L_00000261594de670, C4<0>, C4<0>;
L_00000261594de6e0 .functor AND 1, L_00000261596d9380, L_00000261596d9880, C4<1>, C4<1>;
L_00000261594e05f0 .functor OR 1, L_00000261594df010, L_00000261594de6e0, C4<0>, C4<0>;
L_00000261594e0900 .functor NOT 1, L_00000261596da640, C4<0>, C4<0>, C4<0>;
L_00000261594e0580 .functor NOT 1, L_00000261596d8c00, C4<0>, C4<0>, C4<0>;
L_00000261594e0430 .functor NOT 1, L_00000261596d8ca0, C4<0>, C4<0>, C4<0>;
L_00000261594e0ba0 .functor NOT 1, L_00000261596d9380, C4<0>, C4<0>, C4<0>;
L_00000261594e07b0 .functor NOT 32, L_00000261596dbea0, C4<00000000000000000000000000000000>, C4<00000000000000000000000000000000>, C4<00000000000000000000000000000000>;
L_00000261594e0c80 .functor AND 32, L_00000261596db5e0, L_00000261594e07b0, C4<11111111111111111111111111111111>, C4<11111111111111111111111111111111>;
L_00000261594e0f90 .functor AND 32, v0000026159638770_0, L_00000261596dbea0, C4<11111111111111111111111111111111>, C4<11111111111111111111111111111111>;
L_00000261594e0a50 .functor OR 32, L_00000261594e0c80, L_00000261594e0f90, C4<00000000000000000000000000000000>, C4<00000000000000000000000000000000>;
L_00000261594e0270 .functor AND 1, L_00000261596dc300, L_00000261596dbae0, C4<1>, C4<1>;
L_000002615967cb98 .functor BUFT 1, C4<00000000000000000000000000000001>, C4<0>, C4<0>, C4<0>;
L_00000261594e0350 .functor AND 32, L_000002615967cb98, L_00000261596dbb80, C4<11111111111111111111111111111111>, C4<11111111111111111111111111111111>;
L_00000261594e0cf0 .functor AND 32, L_00000261594e0350, L_00000261596dbc20, C4<11111111111111111111111111111111>, C4<11111111111111111111111111111111>;
L_00000261594e02e0 .functor NOT 32, L_00000261596db2c0, C4<00000000000000000000000000000000>, C4<00000000000000000000000000000000>, C4<00000000000000000000000000000000>;
L_00000261594e0970 .functor AND 32, L_00000261594e0cf0, L_00000261594e02e0, C4<11111111111111111111111111111111>, C4<11111111111111111111111111111111>;
L_00000261594e0b30 .functor NOT 32, L_00000261596dca80, C4<00000000000000000000000000000000>, C4<00000000000000000000000000000000>, C4<00000000000000000000000000000000>;
L_00000261594e00b0 .functor AND 32, L_00000261594e0970, L_00000261594e0b30, C4<11111111111111111111111111111111>, C4<11111111111111111111111111111111>;
L_00000261594e03c0 .functor AND 32, L_00000261594e00b0, L_00000261596dbcc0, C4<11111111111111111111111111111111>, C4<11111111111111111111111111111111>;
L_00000261594e04a0 .functor AND 1, L_00000261596db040, L_00000261594e0270, C4<1>, C4<1>;
L_00000261594e0d60 .functor AND 1, L_00000261594e04a0, L_000002615970e350, C4<1>, C4<1>;
L_00000261594e0510 .functor NOT 1, v0000026159637eb0_0, C4<0>, C4<0>, C4<0>;
L_00000261594e0120 .functor AND 1, L_00000261594e0d60, L_00000261594e0510, C4<1>, C4<1>;
L_00000261594e0ac0 .functor AND 1, L_00000261594e0120, L_00000261596dc080, C4<1>, C4<1>;
L_00000261594e0660 .functor NOT 1, L_00000261594df5c0, C4<0>, C4<0>, C4<0>;
L_00000261594e06d0 .functor AND 1, L_000002615970e350, L_00000261594e0660, C4<1>, C4<1>;
L_00000261594e0dd0 .functor NOT 1, L_00000261596dc800, C4<0>, C4<0>, C4<0>;
L_00000261594e0c10 .functor AND 1, L_00000261594e06d0, L_00000261594e0dd0, C4<1>, C4<1>;
L_00000261594e0890 .functor NOT 1, L_00000261594e0ac0, C4<0>, C4<0>, C4<0>;
L_00000261594e09e0 .functor AND 1, L_00000261594e0c10, L_00000261594e0890, C4<1>, C4<1>;
L_00000261594e0190 .functor NOT 1, L_00000261594df5c0, C4<0>, C4<0>, C4<0>;
L_000002615967db58 .functor BUFT 1, C4<0>, C4<0>, C4<0>, C4<0>;
L_00000261594e0740 .functor AND 1, L_000002615967db58, L_00000261594e0190, C4<1>, C4<1>;
L_00000261594e0820 .functor NOT 1, L_00000261594df8d0, C4<0>, C4<0>, C4<0>;
L_00000261594e0200 .functor AND 1, v0000026159636830_0, L_00000261594e0820, C4<1>, C4<1>;
L_00000261594e0e40 .functor OR 1, L_00000261594e0200, L_00000261594e09e0, C4<0>, C4<0>;
L_00000261594e0eb0 .functor OR 1, L_00000261594e0e40, L_00000261594e0740, C4<0>, C4<0>;
L_00000261594e0f20 .functor AND 1, L_00000261596dd2a0, L_00000261594e0eb0, C4<1>, C4<1>;
L_00000261594d9430 .functor NOT 1, v0000026159636150_0, C4<0>, C4<0>, C4<0>;
L_00000261594d9270 .functor AND 1, L_00000261596de100, L_00000261594d9430, C4<1>, C4<1>;
L_00000261594d9c10 .functor AND 1, L_00000261594d9270, L_0000026159736ff0, C4<1>, C4<1>;
L_00000261594da930 .functor AND 1, L_00000261596dd980, L_00000261596de9c0, C4<1>, C4<1>;
L_00000261594da460 .functor AND 1, L_00000261594da930, L_0000026159736ff0, C4<1>, C4<1>;
L_00000261594da230 .functor NOT 1, L_00000261594e0f20, C4<0>, C4<0>, C4<0>;
L_00000261594d94a0 .functor AND 1, L_00000261594da460, L_00000261594da230, C4<1>, C4<1>;
L_00000261594d9f20 .functor OR 1, L_00000261596dece0, L_00000261594d94a0, C4<0>, C4<0>;
L_00000261594d9c80 .functor NOT 1, v0000026159636830_0, C4<0>, C4<0>, C4<0>;
L_00000261594d9350 .functor AND 1, L_00000261596ddd40, L_00000261594d9c80, C4<1>, C4<1>;
L_00000261594d9cf0 .functor AND 1, L_00000261594d9350, L_000002615967db58, C4<1>, C4<1>;
L_00000261594d9a50 .functor AND 1, L_00000261594d9cf0, L_00000261594df5c0, C4<1>, C4<1>;
L_00000261594d9d60 .functor AND 1, L_00000261594d9a50, L_00000261594d9f20, C4<1>, C4<1>;
L_00000261594d9dd0 .functor NOT 1, v0000026159636830_0, C4<0>, C4<0>, C4<0>;
L_00000261594d9890 .functor AND 1, L_00000261596dda20, L_00000261594d9dd0, C4<1>, C4<1>;
L_00000261594d9e40 .functor AND 1, L_00000261594d9890, L_000002615967db58, C4<1>, C4<1>;
L_00000261594d9580 .functor AND 1, L_00000261594d9e40, L_00000261594df5c0, C4<1>, C4<1>;
L_00000261594da070 .functor NOT 1, L_00000261594d9f20, C4<0>, C4<0>, C4<0>;
L_00000261594d9eb0 .functor AND 1, L_00000261594d9580, L_00000261594da070, C4<1>, C4<1>;
L_00000261594d9ac0 .functor AND 1, L_00000261596de060, L_00000261594d9f20, C4<1>, C4<1>;
L_00000261594da8c0 .functor AND 1, L_00000261596dd700, v0000026159645510_0, C4<1>, C4<1>;
L_00000261594d9f90 .functor OR 1, L_00000261594e09e0, L_00000261594e0740, C4<0>, C4<0>;
L_00000261594d90b0 .functor AND 1, L_00000261594da8c0, L_00000261594d9f90, C4<1>, C4<1>;
L_00000261594da000 .functor AND 1, L_00000261596df140, v0000026159645510_0, C4<1>, C4<1>;
L_00000261594d9510 .functor AND 1, L_00000261594da000, L_000002615967db58, C4<1>, C4<1>;
L_00000261594d9740 .functor OR 1, L_00000261594d9d60, L_00000261594d9ac0, C4<0>, C4<0>;
L_00000261594d9900 .functor BUFZ 1, L_00000261594d9c10, C4<0>, C4<0>, C4<0>;
L_00000261594d9970 .functor BUFZ 1, L_00000261594d94a0, C4<0>, C4<0>, C4<0>;
L_00000261594d9120 .functor BUFZ 1, L_00000261594e0270, C4<0>, C4<0>, C4<0>;
L_00000261594da0e0 .functor NOT 1, v0000026159636e70_0, C4<0>, C4<0>, C4<0>;
L_00000261594d99e0 .functor AND 1, L_00000261596dee20, L_00000261594da0e0, C4<1>, C4<1>;
L_00000261594da850 .functor OR 1, L_00000261594d99e0, L_00000261596dd480, C4<0>, C4<0>;
L_00000261594d9b30 .functor AND 1, L_00000261596de380, v0000026159636e70_0, C4<1>, C4<1>;
L_00000261594d95f0 .functor OR 1, L_00000261594d90b0, L_00000261594d9510, C4<0>, C4<0>;
L_00000261594d9660 .functor OR 1, L_00000261594d95f0, L_00000261594d9120, C4<0>, C4<0>;
L_00000261594d96d0 .functor AND 1, L_00000261594d9b30, L_00000261594d9660, C4<1>, C4<1>;
L_00000261594da380 .functor OR 1, L_00000261594da850, L_00000261594d96d0, C4<0>, C4<0>;
L_00000261594da9a0 .functor NOT 1, L_00000261594df8d0, C4<0>, C4<0>, C4<0>;
L_00000261594da150 .functor AND 1, v0000026159636830_0, L_00000261594da9a0, C4<1>, C4<1>;
L_00000261594da700 .functor OR 1, L_00000261594da380, L_00000261594da150, C4<0>, C4<0>;
L_00000261594da7e0 .functor OR 1, L_00000261594e09e0, L_00000261594e0740, C4<0>, C4<0>;
L_00000261594da4d0 .functor OR 1, L_00000261594da7e0, L_00000261594d9eb0, C4<0>, C4<0>;
L_00000261594d9ba0 .functor AND 1, L_00000261596de420, L_00000261594da4d0, C4<1>, C4<1>;
L_00000261594daa80 .functor OR 1, L_00000261594da700, L_00000261594d9ba0, C4<0>, C4<0>;
L_00000261594daa10 .functor NOT 1, L_00000261596dc800, C4<0>, C4<0>, C4<0>;
L_00000261594da1c0 .functor AND 1, L_00000261594daa80, L_00000261594daa10, C4<1>, C4<1>;
L_00000261594d93c0 .functor NOT 1, L_00000261594e0ac0, C4<0>, C4<0>, C4<0>;
L_00000261594daaf0 .functor AND 1, L_00000261594da1c0, L_00000261594d93c0, C4<1>, C4<1>;
v0000026159632120_0 .net *"_ivl_1000", 31 0, L_00000261596de1a0;  1 drivers
v00000261596301e0_0 .net *"_ivl_1002", 6 0, L_00000261596df640;  1 drivers
L_000002615967d918 .functor BUFT 1, C4<00>, C4<0>, C4<0>, C4<0>;
v0000026159631b80_0 .net *"_ivl_1005", 1 0, L_000002615967d918;  1 drivers
L_000002615967d960 .functor BUFT 1, C4<00000000000000000000000000000000>, C4<0>, C4<0>, C4<0>;
v0000026159632260_0 .net/2u *"_ivl_1006", 31 0, L_000002615967d960;  1 drivers
v0000026159631ea0_0 .net *"_ivl_1008", 31 0, L_00000261596def60;  1 drivers
v00000261596300a0_0 .net *"_ivl_1016", 31 0, L_00000261596de2e0;  1 drivers
v0000026159631400_0 .net *"_ivl_1018", 6 0, L_00000261596ded80;  1 drivers
L_000002615967b488 .functor BUFT 1, C4<0000000000>, C4<0>, C4<0>, C4<0>;
v0000026159632080_0 .net *"_ivl_102", 9 0, L_000002615967b488;  1 drivers
L_000002615967d9a8 .functor BUFT 1, C4<00>, C4<0>, C4<0>, C4<0>;
v00000261596312c0_0 .net *"_ivl_1021", 1 0, L_000002615967d9a8;  1 drivers
L_000002615967d9f0 .functor BUFT 1, C4<00000000000000000000000000000000>, C4<0>, C4<0>, C4<0>;
v0000026159632300_0 .net/2u *"_ivl_1022", 31 0, L_000002615967d9f0;  1 drivers
L_000002615967da38 .functor BUFT 1, C4<01>, C4<0>, C4<0>, C4<0>;
v0000026159631680_0 .net/2u *"_ivl_1028", 1 0, L_000002615967da38;  1 drivers
v0000026159630a00_0 .net *"_ivl_103", 14 0, L_000002615965fb60;  1 drivers
v0000026159630fa0_0 .net *"_ivl_1030", 0 0, L_00000261596dee20;  1 drivers
v0000026159630280_0 .net *"_ivl_1032", 0 0, L_00000261594da0e0;  1 drivers
v0000026159631540_0 .net *"_ivl_1034", 0 0, L_00000261594d99e0;  1 drivers
L_000002615967da80 .functor BUFT 1, C4<10>, C4<0>, C4<0>, C4<0>;
v0000026159630d20_0 .net/2u *"_ivl_1036", 1 0, L_000002615967da80;  1 drivers
v00000261596314a0_0 .net *"_ivl_1038", 0 0, L_00000261596dd480;  1 drivers
v0000026159630aa0_0 .net *"_ivl_104", 14 0, L_000002615965fc00;  1 drivers
v00000261596306e0_0 .net *"_ivl_1040", 0 0, L_00000261594da850;  1 drivers
L_000002615967dac8 .functor BUFT 1, C4<01>, C4<0>, C4<0>, C4<0>;
v0000026159630b40_0 .net/2u *"_ivl_1042", 1 0, L_000002615967dac8;  1 drivers
v00000261596326c0_0 .net *"_ivl_1044", 0 0, L_00000261596de380;  1 drivers
v0000026159632580_0 .net *"_ivl_1046", 0 0, L_00000261594d9b30;  1 drivers
v0000026159630320_0 .net *"_ivl_1048", 0 0, L_00000261594d95f0;  1 drivers
v0000026159630dc0_0 .net *"_ivl_1050", 0 0, L_00000261594d9660;  1 drivers
v0000026159630be0_0 .net *"_ivl_1052", 0 0, L_00000261594d96d0;  1 drivers
v00000261596308c0_0 .net *"_ivl_1054", 0 0, L_00000261594da380;  1 drivers
v0000026159630820_0 .net *"_ivl_1056", 0 0, L_00000261594da9a0;  1 drivers
v0000026159630c80_0 .net *"_ivl_1058", 0 0, L_00000261594da150;  1 drivers
v0000026159631900_0 .net *"_ivl_1060", 0 0, L_00000261594da700;  1 drivers
L_000002615967db10 .functor BUFT 1, C4<00>, C4<0>, C4<0>, C4<0>;
v00000261596323a0_0 .net/2u *"_ivl_1062", 1 0, L_000002615967db10;  1 drivers
v00000261596319a0_0 .net *"_ivl_1064", 0 0, L_00000261596de420;  1 drivers
v0000026159631c20_0 .net *"_ivl_1066", 0 0, L_00000261594da7e0;  1 drivers
v00000261596315e0_0 .net *"_ivl_1068", 0 0, L_00000261594da4d0;  1 drivers
v0000026159631720_0 .net *"_ivl_1070", 0 0, L_00000261594d9ba0;  1 drivers
v0000026159631f40_0 .net *"_ivl_1072", 0 0, L_00000261594daa80;  1 drivers
v0000026159630140_0 .net *"_ivl_1074", 0 0, L_00000261594daa10;  1 drivers
v0000026159630e60_0 .net *"_ivl_1076", 0 0, L_00000261594da1c0;  1 drivers
v0000026159630780_0 .net *"_ivl_1078", 0 0, L_00000261594d93c0;  1 drivers
v0000026159630f00_0 .net *"_ivl_108", 31 0, L_000002615965f200;  1 drivers
v00000261596324e0_0 .net *"_ivl_1082", 31 0, L_00000261596deec0;  1 drivers
v00000261596317c0_0 .net *"_ivl_110", 10 0, L_000002615965fca0;  1 drivers
L_000002615967b4d0 .functor BUFT 1, C4<000000>, C4<0>, C4<0>, C4<0>;
v0000026159631860_0 .net *"_ivl_113", 5 0, L_000002615967b4d0;  1 drivers
v0000026159630460_0 .net *"_ivl_114", 13 0, L_00000261596604c0;  1 drivers
L_000002615967b518 .functor BUFT 1, C4<000>, C4<0>, C4<0>, C4<0>;
v0000026159631040_0 .net *"_ivl_117", 2 0, L_000002615967b518;  1 drivers
L_000002615967b560 .functor BUFT 1, C4<00000000001000>, C4<0>, C4<0>, C4<0>;
v0000026159631a40_0 .net/2u *"_ivl_118", 13 0, L_000002615967b560;  1 drivers
v00000261596310e0_0 .net *"_ivl_121", 13 0, L_000002615965e8a0;  1 drivers
v00000261596305a0_0 .net *"_ivl_122", 4 0, L_000002615965ea80;  1 drivers
L_000002615967b5a8 .functor BUFT 1, C4<0>, C4<0>, C4<0>, C4<0>;
v0000026159631180_0 .net *"_ivl_125", 0 0, L_000002615967b5a8;  1 drivers
L_000002615967b5f0 .functor BUFT 1, C4<0>, C4<0>, C4<0>, C4<0>;
v0000026159631fe0_0 .net *"_ivl_128", 0 0, L_000002615967b5f0;  1 drivers
v00000261596321c0_0 .net *"_ivl_129", 14 0, L_000002615965e300;  1 drivers
L_000002615967b638 .functor BUFT 1, C4<0000000000>, C4<0>, C4<0>, C4<0>;
v0000026159631220_0 .net *"_ivl_132", 9 0, L_000002615967b638;  1 drivers
v0000026159631cc0_0 .net *"_ivl_133", 14 0, L_000002615965eda0;  1 drivers
v0000026159632760_0 .net *"_ivl_134", 14 0, L_000002615965eb20;  1 drivers
v0000026159631360_0 .net *"_ivl_138", 31 0, L_00000261596607e0;  1 drivers
v0000026159631ae0_0 .net *"_ivl_140", 10 0, L_000002615965e3a0;  1 drivers
L_000002615967b680 .functor BUFT 1, C4<000000>, C4<0>, C4<0>, C4<0>;
v0000026159631d60_0 .net *"_ivl_143", 5 0, L_000002615967b680;  1 drivers
v0000026159632440_0 .net *"_ivl_144", 13 0, L_000002615965ff20;  1 drivers
L_000002615967b6c8 .functor BUFT 1, C4<000>, C4<0>, C4<0>, C4<0>;
v0000026159630500_0 .net *"_ivl_147", 2 0, L_000002615967b6c8;  1 drivers
L_000002615967b710 .functor BUFT 1, C4<00000000001000>, C4<0>, C4<0>, C4<0>;
v0000026159631e00_0 .net/2u *"_ivl_148", 13 0, L_000002615967b710;  1 drivers
v0000026159632620_0 .net *"_ivl_151", 13 0, L_000002615965ec60;  1 drivers
v0000026159632800_0 .net *"_ivl_152", 4 0, L_000002615965ed00;  1 drivers
L_000002615967b758 .functor BUFT 1, C4<0>, C4<0>, C4<0>, C4<0>;
v0000026159630640_0 .net *"_ivl_155", 0 0, L_000002615967b758;  1 drivers
L_000002615967b7a0 .functor BUFT 1, C4<0>, C4<0>, C4<0>, C4<0>;
v0000026159630960_0 .net *"_ivl_158", 0 0, L_000002615967b7a0;  1 drivers
v00000261596303c0_0 .net *"_ivl_159", 14 0, L_0000026159660420;  1 drivers
L_000002615967b7e8 .functor BUFT 1, C4<0000000000>, C4<0>, C4<0>, C4<0>;
v00000261596333e0_0 .net *"_ivl_162", 9 0, L_000002615967b7e8;  1 drivers
v0000026159634b00_0 .net *"_ivl_163", 14 0, L_0000026159660380;  1 drivers
v0000026159633ac0_0 .net *"_ivl_164", 14 0, L_000002615965f7a0;  1 drivers
v0000026159632f80_0 .net *"_ivl_168", 31 0, L_000002615965ffc0;  1 drivers
v0000026159634a60_0 .net *"_ivl_170", 10 0, L_000002615965e440;  1 drivers
L_000002615967b830 .functor BUFT 1, C4<000000>, C4<0>, C4<0>, C4<0>;
v0000026159634f60_0 .net *"_ivl_173", 5 0, L_000002615967b830;  1 drivers
v0000026159632940_0 .net *"_ivl_174", 13 0, L_0000026159660060;  1 drivers
L_000002615967b878 .functor BUFT 1, C4<000>, C4<0>, C4<0>, C4<0>;
v0000026159633660_0 .net *"_ivl_177", 2 0, L_000002615967b878;  1 drivers
L_000002615967b8c0 .functor BUFT 1, C4<00000000001000>, C4<0>, C4<0>, C4<0>;
v0000026159634240_0 .net/2u *"_ivl_178", 13 0, L_000002615967b8c0;  1 drivers
v0000026159634ba0_0 .net *"_ivl_18", 21 0, L_000002615965dcc0;  1 drivers
v0000026159633700_0 .net *"_ivl_181", 13 0, L_00000261596602e0;  1 drivers
v0000026159632da0_0 .net *"_ivl_182", 4 0, L_000002615965f020;  1 drivers
L_000002615967b908 .functor BUFT 1, C4<0>, C4<0>, C4<0>, C4<0>;
v0000026159633e80_0 .net *"_ivl_185", 0 0, L_000002615967b908;  1 drivers
L_000002615967b950 .functor BUFT 1, C4<0>, C4<0>, C4<0>, C4<0>;
v00000261596338e0_0 .net *"_ivl_188", 0 0, L_000002615967b950;  1 drivers
v0000026159633020_0 .net *"_ivl_189", 14 0, L_000002615965eee0;  1 drivers
L_000002615967b998 .functor BUFT 1, C4<0000000000>, C4<0>, C4<0>, C4<0>;
v0000026159633340_0 .net *"_ivl_192", 9 0, L_000002615967b998;  1 drivers
v00000261596328a0_0 .net *"_ivl_193", 14 0, L_000002615965f0c0;  1 drivers
v0000026159632a80_0 .net *"_ivl_194", 14 0, L_000002615965fd40;  1 drivers
L_000002615967b9e0 .functor BUFT 1, C4<00000000000000000000000000000000>, C4<0>, C4<0>, C4<0>;
v0000026159632c60_0 .net/2u *"_ivl_198", 31 0, L_000002615967b9e0;  1 drivers
v0000026159634560_0 .net *"_ivl_20", 6 0, L_000002615965d2c0;  1 drivers
v0000026159634e20_0 .net *"_ivl_200", 31 0, L_0000026159660560;  1 drivers
v0000026159633980_0 .net *"_ivl_202", 31 0, L_000002615965f980;  1 drivers
v0000026159634100_0 .net *"_ivl_204", 31 0, L_0000026159660600;  1 drivers
v0000026159634060_0 .net *"_ivl_208", 0 0, L_00000261594de910;  1 drivers
L_000002615967ba28 .functor BUFT 1, C4<00>, C4<0>, C4<0>, C4<0>;
v0000026159634380_0 .net/2u *"_ivl_210", 1 0, L_000002615967ba28;  1 drivers
v0000026159634920_0 .net *"_ivl_212", 0 0, L_00000261594de9f0;  1 drivers
L_000002615967ba70 .functor BUFT 1, C4<01>, C4<0>, C4<0>, C4<0>;
v00000261596329e0_0 .net/2u *"_ivl_214", 1 0, L_000002615967ba70;  1 drivers
v0000026159634d80_0 .net *"_ivl_216", 0 0, L_00000261594df320;  1 drivers
L_000002615967bab8 .functor BUFT 1, C4<10>, C4<0>, C4<0>, C4<0>;
v0000026159634ec0_0 .net/2u *"_ivl_218", 1 0, L_000002615967bab8;  1 drivers
v0000026159634c40_0 .net *"_ivl_220", 0 0, L_00000261594dfbe0;  1 drivers
L_000002615967bb00 .functor BUFT 1, C4<11>, C4<0>, C4<0>, C4<0>;
v00000261596346a0_0 .net/2u *"_ivl_222", 1 0, L_000002615967bb00;  1 drivers
v0000026159633a20_0 .net *"_ivl_224", 1 0, L_000002615965e800;  1 drivers
v0000026159634420_0 .net *"_ivl_226", 6 0, L_00000261596606a0;  1 drivers
L_000002615967bb48 .functor BUFT 1, C4<00>, C4<0>, C4<0>, C4<0>;
v0000026159633c00_0 .net *"_ivl_229", 1 0, L_000002615967bb48;  1 drivers
L_000002615967b0e0 .functor BUFT 1, C4<00>, C4<0>, C4<0>, C4<0>;
v0000026159632e40_0 .net *"_ivl_23", 1 0, L_000002615967b0e0;  1 drivers
v0000026159634600_0 .net *"_ivl_230", 1 0, L_000002615965ef80;  1 drivers
v0000026159632ee0_0 .net *"_ivl_232", 1 0, L_000002615965f700;  1 drivers
v0000026159634ce0_0 .net *"_ivl_234", 1 0, L_000002615965ee40;  1 drivers
v0000026159634880_0 .net *"_ivl_239", 0 0, L_000002615965f340;  1 drivers
v00000261596347e0_0 .net *"_ivl_24", 0 0, L_000002615965dd60;  1 drivers
v0000026159633480_0 .net *"_ivl_240", 0 0, L_00000261594df630;  1 drivers
v00000261596341a0_0 .net *"_ivl_242", 21 0, L_000002615965f840;  1 drivers
v00000261596342e0_0 .net *"_ivl_244", 6 0, L_000002615965f3e0;  1 drivers
L_000002615967bb90 .functor BUFT 1, C4<00>, C4<0>, C4<0>, C4<0>;
v0000026159633de0_0 .net *"_ivl_247", 1 0, L_000002615967bb90;  1 drivers
v0000026159632b20_0 .net *"_ivl_248", 0 0, L_000002615965e9e0;  1 drivers
v00000261596330c0_0 .net *"_ivl_253", 0 0, L_000002615965e940;  1 drivers
v0000026159633520_0 .net *"_ivl_254", 0 0, L_00000261594dead0;  1 drivers
v0000026159635000_0 .net *"_ivl_256", 21 0, L_000002615965fa20;  1 drivers
v0000026159633160_0 .net *"_ivl_258", 6 0, L_0000026159660740;  1 drivers
L_000002615967bbd8 .functor BUFT 1, C4<00>, C4<0>, C4<0>, C4<0>;
v0000026159633ca0_0 .net *"_ivl_261", 1 0, L_000002615967bbd8;  1 drivers
v0000026159634740_0 .net *"_ivl_262", 0 0, L_0000026159660880;  1 drivers
v0000026159633200_0 .net *"_ivl_267", 0 0, L_000002615965e4e0;  1 drivers
v00000261596332a0_0 .net *"_ivl_268", 0 0, L_00000261594df2b0;  1 drivers
v00000261596335c0_0 .net *"_ivl_270", 21 0, L_000002615965f5c0;  1 drivers
v00000261596337a0_0 .net *"_ivl_272", 6 0, L_000002615965e580;  1 drivers
L_000002615967bc20 .functor BUFT 1, C4<00>, C4<0>, C4<0>, C4<0>;
v00000261596344c0_0 .net *"_ivl_275", 1 0, L_000002615967bc20;  1 drivers
v0000026159632bc0_0 .net *"_ivl_276", 0 0, L_000002615965f520;  1 drivers
v0000026159633840_0 .net *"_ivl_28", 21 0, L_000002615965d680;  1 drivers
v00000261596349c0_0 .net *"_ivl_281", 0 0, L_000002615965f160;  1 drivers
v0000026159633d40_0 .net *"_ivl_282", 0 0, L_00000261594df470;  1 drivers
v0000026159633f20_0 .net *"_ivl_284", 21 0, L_000002615965f480;  1 drivers
v0000026159632d00_0 .net *"_ivl_286", 6 0, L_000002615965f660;  1 drivers
L_000002615967bc68 .functor BUFT 1, C4<00>, C4<0>, C4<0>, C4<0>;
v0000026159633b60_0 .net *"_ivl_289", 1 0, L_000002615967bc68;  1 drivers
v0000026159633fc0_0 .net *"_ivl_290", 0 0, L_000002615965fde0;  1 drivers
v0000026159635be0_0 .net *"_ivl_294", 0 0, L_00000261594df550;  1 drivers
v00000261596351e0_0 .net *"_ivl_296", 0 0, L_00000261594deb40;  1 drivers
v0000026159635460_0 .net *"_ivl_30", 6 0, L_000002615965d540;  1 drivers
L_000002615967bcb0 .functor BUFT 1, C4<11>, C4<0>, C4<0>, C4<0>;
v00000261596356e0_0 .net/2u *"_ivl_300", 1 0, L_000002615967bcb0;  1 drivers
L_000002615967bcf8 .functor BUFT 1, C4<10>, C4<0>, C4<0>, C4<0>;
v00000261596350a0_0 .net/2u *"_ivl_302", 1 0, L_000002615967bcf8;  1 drivers
L_000002615967bd40 .functor BUFT 1, C4<01>, C4<0>, C4<0>, C4<0>;
v0000026159635dc0_0 .net/2u *"_ivl_304", 1 0, L_000002615967bd40;  1 drivers
L_000002615967bd88 .functor BUFT 1, C4<00>, C4<0>, C4<0>, C4<0>;
v0000026159635a00_0 .net/2u *"_ivl_306", 1 0, L_000002615967bd88;  1 drivers
v0000026159635780_0 .net *"_ivl_308", 1 0, L_000002615965fe80;  1 drivers
v0000026159635640_0 .net *"_ivl_310", 1 0, L_000002615965e120;  1 drivers
v00000261596355a0_0 .net *"_ivl_315", 0 0, L_000002615965f8e0;  1 drivers
v0000026159635820_0 .net *"_ivl_316", 0 0, L_00000261594df4e0;  1 drivers
L_000002615967bdd0 .functor BUFT 1, C4<00>, C4<0>, C4<0>, C4<0>;
v0000026159635320_0 .net/2u *"_ivl_318", 1 0, L_000002615967bdd0;  1 drivers
v0000026159635b40_0 .net *"_ivl_321", 0 0, L_0000026159660240;  1 drivers
v0000026159635280_0 .net *"_ivl_322", 0 0, L_00000261594df940;  1 drivers
L_000002615967be18 .functor BUFT 1, C4<01>, C4<0>, C4<0>, C4<0>;
v0000026159635500_0 .net/2u *"_ivl_324", 1 0, L_000002615967be18;  1 drivers
v0000026159635aa0_0 .net *"_ivl_327", 0 0, L_000002615965e620;  1 drivers
v0000026159635e60_0 .net *"_ivl_328", 0 0, L_00000261594df9b0;  1 drivers
L_000002615967b128 .functor BUFT 1, C4<00>, C4<0>, C4<0>, C4<0>;
v00000261596358c0_0 .net *"_ivl_33", 1 0, L_000002615967b128;  1 drivers
L_000002615967be60 .functor BUFT 1, C4<10>, C4<0>, C4<0>, C4<0>;
v0000026159635c80_0 .net/2u *"_ivl_330", 1 0, L_000002615967be60;  1 drivers
v0000026159635d20_0 .net *"_ivl_333", 0 0, L_000002615965e260;  1 drivers
v0000026159635f00_0 .net *"_ivl_334", 0 0, L_00000261594debb0;  1 drivers
L_000002615967bea8 .functor BUFT 1, C4<11>, C4<0>, C4<0>, C4<0>;
v0000026159635140_0 .net/2u *"_ivl_336", 1 0, L_000002615967bea8;  1 drivers
v00000261596353c0_0 .net *"_ivl_338", 1 0, L_000002615965e6c0;  1 drivers
v0000026159635960_0 .net *"_ivl_34", 0 0, L_000002615965d5e0;  1 drivers
v0000026159638c70_0 .net *"_ivl_340", 6 0, L_000002615965fac0;  1 drivers
L_000002615967bef0 .functor BUFT 1, C4<00>, C4<0>, C4<0>, C4<0>;
v00000261596395d0_0 .net *"_ivl_343", 1 0, L_000002615967bef0;  1 drivers
v000002615963ae30_0 .net *"_ivl_344", 1 0, L_0000026159660100;  1 drivers
v0000026159639d50_0 .net *"_ivl_346", 1 0, L_000002615965e760;  1 drivers
v0000026159639530_0 .net *"_ivl_348", 1 0, L_00000261596d8a20;  1 drivers
v0000026159639350_0 .net *"_ivl_353", 0 0, L_00000261596da0a0;  1 drivers
v00000261596398f0_0 .net *"_ivl_354", 7 0, L_00000261596da320;  1 drivers
v0000026159638d10_0 .net *"_ivl_357", 0 0, L_00000261596da3c0;  1 drivers
v000002615963aed0_0 .net *"_ivl_358", 7 0, L_00000261596d9c40;  1 drivers
v0000026159639670_0 .net *"_ivl_361", 0 0, L_00000261596d8340;  1 drivers
v0000026159639990_0 .net *"_ivl_362", 7 0, L_00000261596d9560;  1 drivers
v0000026159638db0_0 .net *"_ivl_365", 0 0, L_00000261596d94c0;  1 drivers
v0000026159639710_0 .net *"_ivl_366", 7 0, L_00000261596da140;  1 drivers
v000002615963ad90_0 .net *"_ivl_370", 31 0, L_00000261594dede0;  1 drivers
v0000026159638b30_0 .net *"_ivl_372", 31 0, L_00000261594dfa90;  1 drivers
v00000261596397b0_0 .net *"_ivl_374", 31 0, L_00000261594dfa20;  1 drivers
L_000002615967bf38 .functor BUFT 1, C4<00000>, C4<0>, C4<0>, C4<0>;
v0000026159639210_0 .net/2u *"_ivl_378", 4 0, L_000002615967bf38;  1 drivers
v00000261596390d0_0 .net *"_ivl_38", 21 0, L_000002615965de00;  1 drivers
L_000002615967bf80 .functor BUFT 1, C4<0>, C4<0>, C4<0>, C4<0>;
v0000026159639030_0 .net/2u *"_ivl_382", 0 0, L_000002615967bf80;  1 drivers
v0000026159639490_0 .net *"_ivl_385", 2 0, L_00000261596da780;  1 drivers
v000002615963a110_0 .net *"_ivl_387", 2 0, L_00000261596d8ac0;  1 drivers
v000002615963abb0_0 .net *"_ivl_388", 2 0, L_00000261596d9600;  1 drivers
L_000002615967bfc8 .functor BUFT 1, C4<0>, C4<0>, C4<0>, C4<0>;
v000002615963a1b0_0 .net/2u *"_ivl_392", 0 0, L_000002615967bfc8;  1 drivers
v000002615963ab10_0 .net *"_ivl_395", 2 0, L_00000261596d9920;  1 drivers
v000002615963af70_0 .net *"_ivl_397", 2 0, L_00000261596da460;  1 drivers
v0000026159639f30_0 .net *"_ivl_398", 2 0, L_00000261596d85c0;  1 drivers
L_000002615967b098 .functor BUFT 1, C4<0>, C4<0>, C4<0>, C4<0>;
v0000026159638e50_0 .net/2u *"_ivl_4", 0 0, L_000002615967b098;  1 drivers
v000002615963b010_0 .net *"_ivl_40", 6 0, L_000002615965cdc0;  1 drivers
L_000002615967c010 .functor BUFT 1, C4<00000000000000000000000000>, C4<0>, C4<0>, C4<0>;
v000002615963a2f0_0 .net/2u *"_ivl_402", 25 0, L_000002615967c010;  1 drivers
L_000002615967c058 .functor BUFT 1, C4<00>, C4<0>, C4<0>, C4<0>;
v0000026159639df0_0 .net/2u *"_ivl_404", 1 0, L_000002615967c058;  1 drivers
v0000026159638a90_0 .net *"_ivl_406", 31 0, L_00000261596d97e0;  1 drivers
L_000002615967c0a0 .functor BUFT 1, C4<00000000000000000000000000>, C4<0>, C4<0>, C4<0>;
v000002615963a750_0 .net/2u *"_ivl_410", 25 0, L_000002615967c0a0;  1 drivers
L_000002615967c0e8 .functor BUFT 1, C4<00>, C4<0>, C4<0>, C4<0>;
v000002615963a250_0 .net/2u *"_ivl_412", 1 0, L_000002615967c0e8;  1 drivers
v000002615963a6b0_0 .net *"_ivl_414", 31 0, L_00000261596da280;  1 drivers
L_000002615967c130 .functor BUFT 1, C4<00000000000000000000000000100000>, C4<0>, C4<0>, C4<0>;
v000002615963aa70_0 .net/2u *"_ivl_418", 31 0, L_000002615967c130;  1 drivers
L_000002615967b170 .functor BUFT 1, C4<00>, C4<0>, C4<0>, C4<0>;
v0000026159639b70_0 .net *"_ivl_43", 1 0, L_000002615967b170;  1 drivers
v000002615963a610_0 .net *"_ivl_434", 21 0, L_00000261596da8c0;  1 drivers
v0000026159639e90_0 .net *"_ivl_436", 6 0, L_00000261596d8d40;  1 drivers
L_000002615967c178 .functor BUFT 1, C4<00>, C4<0>, C4<0>, C4<0>;
v0000026159639170_0 .net *"_ivl_439", 1 0, L_000002615967c178;  1 drivers
v00000261596392b0_0 .net *"_ivl_44", 0 0, L_000002615965d220;  1 drivers
v000002615963a7f0_0 .net *"_ivl_440", 0 0, L_00000261596d8840;  1 drivers
v000002615963a430_0 .net *"_ivl_442", 0 0, L_00000261594de590;  1 drivers
v0000026159638bd0_0 .net *"_ivl_444", 21 0, L_00000261596d99c0;  1 drivers
v00000261596393f0_0 .net *"_ivl_446", 6 0, L_00000261596d9ce0;  1 drivers
L_000002615967c1c0 .functor BUFT 1, C4<00>, C4<0>, C4<0>, C4<0>;
v000002615963a070_0 .net *"_ivl_449", 1 0, L_000002615967c1c0;  1 drivers
v000002615963ac50_0 .net *"_ivl_450", 0 0, L_00000261596d8f20;  1 drivers
v0000026159639850_0 .net *"_ivl_452", 0 0, L_00000261594de600;  1 drivers
v0000026159638ef0_0 .net *"_ivl_454", 0 0, L_00000261594def30;  1 drivers
v000002615963a890_0 .net *"_ivl_456", 21 0, L_00000261596d9f60;  1 drivers
v000002615963a930_0 .net *"_ivl_458", 6 0, L_00000261596d9420;  1 drivers
L_000002615967c208 .functor BUFT 1, C4<00>, C4<0>, C4<0>, C4<0>;
v0000026159639a30_0 .net *"_ivl_461", 1 0, L_000002615967c208;  1 drivers
v000002615963a9d0_0 .net *"_ivl_462", 0 0, L_00000261596d96a0;  1 drivers
v000002615963a390_0 .net *"_ivl_464", 0 0, L_00000261594de670;  1 drivers
v000002615963a570_0 .net *"_ivl_466", 0 0, L_00000261594df010;  1 drivers
v0000026159639fd0_0 .net *"_ivl_468", 21 0, L_00000261596d8de0;  1 drivers
v0000026159638f90_0 .net *"_ivl_470", 6 0, L_00000261596d9060;  1 drivers
L_000002615967c250 .functor BUFT 1, C4<00>, C4<0>, C4<0>, C4<0>;
v000002615963a4d0_0 .net *"_ivl_473", 1 0, L_000002615967c250;  1 drivers
v0000026159639ad0_0 .net *"_ivl_474", 0 0, L_00000261596d9880;  1 drivers
v0000026159639c10_0 .net *"_ivl_476", 0 0, L_00000261594de6e0;  1 drivers
v0000026159639cb0_0 .net *"_ivl_48", 21 0, L_000002615965d360;  1 drivers
v000002615963acf0_0 .net *"_ivl_480", 0 0, L_00000261594e0900;  1 drivers
L_000002615967c298 .functor BUFT 1, C4<00>, C4<0>, C4<0>, C4<0>;
v00000261596388b0_0 .net/2u *"_ivl_482", 1 0, L_000002615967c298;  1 drivers
v0000026159638950_0 .net *"_ivl_484", 0 0, L_00000261594e0580;  1 drivers
L_000002615967c2e0 .functor BUFT 1, C4<01>, C4<0>, C4<0>, C4<0>;
v00000261596389f0_0 .net/2u *"_ivl_486", 1 0, L_000002615967c2e0;  1 drivers
v000002615963b5b0_0 .net *"_ivl_488", 0 0, L_00000261594e0430;  1 drivers
L_000002615967c328 .functor BUFT 1, C4<10>, C4<0>, C4<0>, C4<0>;
v000002615963c690_0 .net/2u *"_ivl_490", 1 0, L_000002615967c328;  1 drivers
v000002615963c0f0_0 .net *"_ivl_492", 0 0, L_00000261594e0ba0;  1 drivers
L_000002615967c370 .functor BUFT 1, C4<11>, C4<0>, C4<0>, C4<0>;
v000002615963b790_0 .net/2u *"_ivl_494", 1 0, L_000002615967c370;  1 drivers
v000002615963bb50_0 .net *"_ivl_496", 1 0, L_00000261596d8e80;  1 drivers
v000002615963b0b0_0 .net *"_ivl_498", 6 0, L_00000261596d8fc0;  1 drivers
v000002615963b290_0 .net *"_ivl_50", 6 0, L_000002615965d860;  1 drivers
L_000002615967c3b8 .functor BUFT 1, C4<00>, C4<0>, C4<0>, C4<0>;
v000002615963b470_0 .net *"_ivl_501", 1 0, L_000002615967c3b8;  1 drivers
v000002615963cd70_0 .net *"_ivl_502", 1 0, L_00000261596da500;  1 drivers
v000002615963d630_0 .net *"_ivl_504", 1 0, L_00000261596da5a0;  1 drivers
v000002615963c190_0 .net *"_ivl_506", 1 0, L_00000261596d9d80;  1 drivers
L_000002615967c400 .functor BUFT 1, C4<00>, C4<0>, C4<0>, C4<0>;
v000002615963c910_0 .net/2u *"_ivl_510", 1 0, L_000002615967c400;  1 drivers
v000002615963c870_0 .net *"_ivl_512", 0 0, L_00000261596da6e0;  1 drivers
v000002615963cff0_0 .net *"_ivl_514", 31 0, L_00000261596da000;  1 drivers
v000002615963d270_0 .net *"_ivl_516", 10 0, L_00000261596d8480;  1 drivers
L_000002615967c448 .functor BUFT 1, C4<000000>, C4<0>, C4<0>, C4<0>;
v000002615963be70_0 .net *"_ivl_519", 5 0, L_000002615967c448;  1 drivers
v000002615963d310_0 .net *"_ivl_520", 13 0, L_00000261596d9b00;  1 drivers
L_000002615967c490 .functor BUFT 1, C4<000>, C4<0>, C4<0>, C4<0>;
v000002615963cb90_0 .net *"_ivl_523", 2 0, L_000002615967c490;  1 drivers
L_000002615967c4d8 .functor BUFT 1, C4<00000000001000>, C4<0>, C4<0>, C4<0>;
v000002615963ccd0_0 .net/2u *"_ivl_524", 13 0, L_000002615967c4d8;  1 drivers
v000002615963b330_0 .net *"_ivl_527", 13 0, L_00000261596d8520;  1 drivers
v000002615963c730_0 .net *"_ivl_528", 4 0, L_00000261596d9ba0;  1 drivers
L_000002615967b1b8 .functor BUFT 1, C4<00>, C4<0>, C4<0>, C4<0>;
v000002615963caf0_0 .net *"_ivl_53", 1 0, L_000002615967b1b8;  1 drivers
L_000002615967c520 .functor BUFT 1, C4<0>, C4<0>, C4<0>, C4<0>;
v000002615963b8d0_0 .net *"_ivl_531", 0 0, L_000002615967c520;  1 drivers
L_000002615967c568 .functor BUFT 1, C4<0>, C4<0>, C4<0>, C4<0>;
v000002615963d450_0 .net *"_ivl_534", 0 0, L_000002615967c568;  1 drivers
v000002615963bd30_0 .net *"_ivl_535", 14 0, L_00000261596d9100;  1 drivers
L_000002615967c5b0 .functor BUFT 1, C4<0000000000>, C4<0>, C4<0>, C4<0>;
v000002615963d3b0_0 .net *"_ivl_538", 9 0, L_000002615967c5b0;  1 drivers
v000002615963c7d0_0 .net *"_ivl_539", 14 0, L_00000261596d91a0;  1 drivers
v000002615963ba10_0 .net *"_ivl_54", 0 0, L_000002615965dea0;  1 drivers
v000002615963cc30_0 .net *"_ivl_540", 14 0, L_00000261596d8160;  1 drivers
L_000002615967c5f8 .functor BUFT 1, C4<01>, C4<0>, C4<0>, C4<0>;
v000002615963b3d0_0 .net/2u *"_ivl_542", 1 0, L_000002615967c5f8;  1 drivers
v000002615963c550_0 .net *"_ivl_544", 0 0, L_00000261596d9e20;  1 drivers
v000002615963b510_0 .net *"_ivl_546", 31 0, L_00000261596d9ec0;  1 drivers
v000002615963b650_0 .net *"_ivl_548", 10 0, L_00000261596d83e0;  1 drivers
L_000002615967c640 .functor BUFT 1, C4<000000>, C4<0>, C4<0>, C4<0>;
v000002615963d090_0 .net *"_ivl_551", 5 0, L_000002615967c640;  1 drivers
v000002615963bf10_0 .net *"_ivl_552", 13 0, L_00000261596d8200;  1 drivers
L_000002615967c688 .functor BUFT 1, C4<000>, C4<0>, C4<0>, C4<0>;
v000002615963d6d0_0 .net *"_ivl_555", 2 0, L_000002615967c688;  1 drivers
L_000002615967c6d0 .functor BUFT 1, C4<00000000001000>, C4<0>, C4<0>, C4<0>;
v000002615963c230_0 .net/2u *"_ivl_556", 13 0, L_000002615967c6d0;  1 drivers
v000002615963bfb0_0 .net *"_ivl_559", 13 0, L_00000261596d82a0;  1 drivers
v000002615963d130_0 .net *"_ivl_560", 4 0, L_00000261596d8700;  1 drivers
L_000002615967c718 .functor BUFT 1, C4<0>, C4<0>, C4<0>, C4<0>;
v000002615963d4f0_0 .net *"_ivl_563", 0 0, L_000002615967c718;  1 drivers
L_000002615967c760 .functor BUFT 1, C4<0>, C4<0>, C4<0>, C4<0>;
v000002615963c050_0 .net *"_ivl_566", 0 0, L_000002615967c760;  1 drivers
v000002615963d590_0 .net *"_ivl_567", 14 0, L_00000261596d87a0;  1 drivers
L_000002615967c7a8 .functor BUFT 1, C4<0000000000>, C4<0>, C4<0>, C4<0>;
v000002615963ce10_0 .net *"_ivl_570", 9 0, L_000002615967c7a8;  1 drivers
v000002615963ceb0_0 .net *"_ivl_571", 14 0, L_00000261596d88e0;  1 drivers
v000002615963b6f0_0 .net *"_ivl_572", 14 0, L_00000261596dac80;  1 drivers
L_000002615967c7f0 .functor BUFT 1, C4<10>, C4<0>, C4<0>, C4<0>;
v000002615963c9b0_0 .net/2u *"_ivl_574", 1 0, L_000002615967c7f0;  1 drivers
v000002615963cf50_0 .net *"_ivl_576", 0 0, L_00000261596db720;  1 drivers
v000002615963c410_0 .net *"_ivl_578", 31 0, L_00000261596dba40;  1 drivers
v000002615963d1d0_0 .net *"_ivl_58", 0 0, L_00000261594df160;  1 drivers
v000002615963c2d0_0 .net *"_ivl_580", 10 0, L_00000261596dad20;  1 drivers
L_000002615967c838 .functor BUFT 1, C4<000000>, C4<0>, C4<0>, C4<0>;
v000002615963b970_0 .net *"_ivl_583", 5 0, L_000002615967c838;  1 drivers
v000002615963b830_0 .net *"_ivl_584", 13 0, L_00000261596dce40;  1 drivers
L_000002615967c880 .functor BUFT 1, C4<000>, C4<0>, C4<0>, C4<0>;
v000002615963d770_0 .net *"_ivl_587", 2 0, L_000002615967c880;  1 drivers
L_000002615967c8c8 .functor BUFT 1, C4<00000000001000>, C4<0>, C4<0>, C4<0>;
v000002615963d810_0 .net/2u *"_ivl_588", 13 0, L_000002615967c8c8;  1 drivers
v000002615963bab0_0 .net *"_ivl_591", 13 0, L_00000261596dc760;  1 drivers
v000002615963c5f0_0 .net *"_ivl_592", 4 0, L_00000261596dadc0;  1 drivers
L_000002615967c910 .functor BUFT 1, C4<0>, C4<0>, C4<0>, C4<0>;
v000002615963bdd0_0 .net *"_ivl_595", 0 0, L_000002615967c910;  1 drivers
L_000002615967c958 .functor BUFT 1, C4<0>, C4<0>, C4<0>, C4<0>;
v000002615963c4b0_0 .net *"_ivl_598", 0 0, L_000002615967c958;  1 drivers
v000002615963bbf0_0 .net *"_ivl_599", 14 0, L_00000261596dbf40;  1 drivers
v000002615963bc90_0 .net *"_ivl_60", 0 0, L_00000261594de4b0;  1 drivers
L_000002615967c9a0 .functor BUFT 1, C4<0000000000>, C4<0>, C4<0>, C4<0>;
v000002615963c370_0 .net *"_ivl_602", 9 0, L_000002615967c9a0;  1 drivers
v000002615963b150_0 .net *"_ivl_603", 14 0, L_00000261596db4a0;  1 drivers
v000002615963ca50_0 .net *"_ivl_604", 14 0, L_00000261596dc120;  1 drivers
v000002615963b1f0_0 .net *"_ivl_606", 31 0, L_00000261596dd020;  1 drivers
v000002615963f6b0_0 .net *"_ivl_608", 10 0, L_00000261596dbfe0;  1 drivers
L_000002615967c9e8 .functor BUFT 1, C4<000000>, C4<0>, C4<0>, C4<0>;
v000002615963e210_0 .net *"_ivl_611", 5 0, L_000002615967c9e8;  1 drivers
v000002615963def0_0 .net *"_ivl_612", 13 0, L_00000261596daa00;  1 drivers
L_000002615967ca30 .functor BUFT 1, C4<000>, C4<0>, C4<0>, C4<0>;
v000002615963ee90_0 .net *"_ivl_615", 2 0, L_000002615967ca30;  1 drivers
L_000002615967ca78 .functor BUFT 1, C4<00000000001000>, C4<0>, C4<0>, C4<0>;
v000002615963e670_0 .net/2u *"_ivl_616", 13 0, L_000002615967ca78;  1 drivers
v000002615963e3f0_0 .net *"_ivl_619", 13 0, L_00000261596dbe00;  1 drivers
v000002615963e350_0 .net *"_ivl_620", 4 0, L_00000261596db540;  1 drivers
L_000002615967cac0 .functor BUFT 1, C4<0>, C4<0>, C4<0>, C4<0>;
v000002615963f070_0 .net *"_ivl_623", 0 0, L_000002615967cac0;  1 drivers
L_000002615967cb08 .functor BUFT 1, C4<0>, C4<0>, C4<0>, C4<0>;
v000002615963df90_0 .net *"_ivl_626", 0 0, L_000002615967cb08;  1 drivers
v000002615963eb70_0 .net *"_ivl_627", 14 0, L_00000261596dc1c0;  1 drivers
L_000002615967cb50 .functor BUFT 1, C4<0000000000>, C4<0>, C4<0>, C4<0>;
v000002615963ef30_0 .net *"_ivl_630", 9 0, L_000002615967cb50;  1 drivers
v000002615963da90_0 .net *"_ivl_631", 14 0, L_00000261596dcb20;  1 drivers
v000002615963ec10_0 .net *"_ivl_632", 14 0, L_00000261596dc6c0;  1 drivers
v000002615963f750_0 .net *"_ivl_634", 31 0, L_00000261596dae60;  1 drivers
v000002615963dbd0_0 .net *"_ivl_636", 31 0, L_00000261596dc8a0;  1 drivers
L_000002615967b200 .functor BUFT 1, C4<11>, C4<0>, C4<0>, C4<0>;
v000002615963e490_0 .net/2u *"_ivl_64", 1 0, L_000002615967b200;  1 drivers
v000002615963ea30_0 .net *"_ivl_641", 0 0, L_00000261596dd0c0;  1 drivers
v000002615963d9f0_0 .net *"_ivl_642", 7 0, L_00000261596db360;  1 drivers
v000002615963fa70_0 .net *"_ivl_645", 0 0, L_00000261596dc260;  1 drivers
v000002615963f110_0 .net *"_ivl_646", 7 0, L_00000261596dcc60;  1 drivers
v000002615963e7b0_0 .net *"_ivl_649", 0 0, L_00000261596dc580;  1 drivers
v000002615963e710_0 .net *"_ivl_650", 7 0, L_00000261596dc9e0;  1 drivers
v000002615963e530_0 .net *"_ivl_653", 0 0, L_00000261596daf00;  1 drivers
v000002615963e850_0 .net *"_ivl_654", 7 0, L_00000261596db680;  1 drivers
v000002615963e030_0 .net *"_ivl_658", 31 0, L_00000261594e07b0;  1 drivers
L_000002615967b248 .functor BUFT 1, C4<10>, C4<0>, C4<0>, C4<0>;
v000002615963f430_0 .net/2u *"_ivl_66", 1 0, L_000002615967b248;  1 drivers
v000002615963db30_0 .net *"_ivl_660", 31 0, L_00000261594e0c80;  1 drivers
v000002615963e5d0_0 .net *"_ivl_662", 31 0, L_00000261594e0f90;  1 drivers
v000002615963f1b0_0 .net *"_ivl_666", 0 0, L_00000261596dc300;  1 drivers
v000002615963ead0_0 .net *"_ivl_668", 0 0, L_00000261596dbae0;  1 drivers
v000002615963e2b0_0 .net/2u *"_ivl_672", 31 0, L_000002615967cb98;  1 drivers
L_000002615967cbe0 .functor BUFT 1, C4<01>, C4<0>, C4<0>, C4<0>;
v000002615963ecb0_0 .net/2u *"_ivl_674", 1 0, L_000002615967cbe0;  1 drivers
v000002615963f250_0 .net *"_ivl_676", 0 0, L_00000261596dab40;  1 drivers
v000002615963f7f0_0 .net *"_ivl_678", 31 0, L_00000261596dbb80;  1 drivers
L_000002615967b290 .functor BUFT 1, C4<01>, C4<0>, C4<0>, C4<0>;
v000002615963fb10_0 .net/2u *"_ivl_68", 1 0, L_000002615967b290;  1 drivers
L_000002615967cc28 .functor BUFT 1, C4<0000000000000000000000000000000>, C4<0>, C4<0>, C4<0>;
v000002615963f4d0_0 .net *"_ivl_681", 30 0, L_000002615967cc28;  1 drivers
v000002615963f930_0 .net *"_ivl_682", 31 0, L_00000261594e0350;  1 drivers
v000002615963fed0_0 .net *"_ivl_684", 31 0, L_00000261596dbc20;  1 drivers
L_000002615967cc70 .functor BUFT 1, C4<0000000000000000000000000000000>, C4<0>, C4<0>, C4<0>;
v000002615963dc70_0 .net *"_ivl_687", 30 0, L_000002615967cc70;  1 drivers
v000002615963e8f0_0 .net *"_ivl_688", 31 0, L_00000261594e0cf0;  1 drivers
v000002615963fe30_0 .net *"_ivl_690", 31 0, L_00000261596db2c0;  1 drivers
L_000002615967ccb8 .functor BUFT 1, C4<0000000000000000000000000000000>, C4<0>, C4<0>, C4<0>;
v000002615963ed50_0 .net *"_ivl_693", 30 0, L_000002615967ccb8;  1 drivers
v000002615963e990_0 .net *"_ivl_694", 31 0, L_00000261594e02e0;  1 drivers
v000002615963edf0_0 .net *"_ivl_696", 31 0, L_00000261594e0970;  1 drivers
v000002615963efd0_0 .net *"_ivl_698", 31 0, L_00000261596dca80;  1 drivers
v000002615963dd10_0 .net *"_ivl_7", 2 0, L_000002615965caa0;  1 drivers
L_000002615967b2d8 .functor BUFT 1, C4<00>, C4<0>, C4<0>, C4<0>;
v000002615963fbb0_0 .net/2u *"_ivl_70", 1 0, L_000002615967b2d8;  1 drivers
L_000002615967cd00 .functor BUFT 1, C4<0000000000000000000000000000000>, C4<0>, C4<0>, C4<0>;
v000002615963f2f0_0 .net *"_ivl_701", 30 0, L_000002615967cd00;  1 drivers
v000002615963ddb0_0 .net *"_ivl_702", 31 0, L_00000261594e0b30;  1 drivers
v000002615963f390_0 .net *"_ivl_704", 31 0, L_00000261594e00b0;  1 drivers
L_000002615967cd48 .functor BUFT 1, C4<0000>, C4<0>, C4<0>, C4<0>;
v000002615963f570_0 .net/2u *"_ivl_706", 3 0, L_000002615967cd48;  1 drivers
v000002615963e0d0_0 .net *"_ivl_708", 0 0, L_00000261596dafa0;  1 drivers
v000002615963f610_0 .net *"_ivl_710", 31 0, L_00000261596dbcc0;  1 drivers
L_000002615967cd90 .functor BUFT 1, C4<0000000000000000000000000000000>, C4<0>, C4<0>, C4<0>;
v000002615963f890_0 .net *"_ivl_713", 30 0, L_000002615967cd90;  1 drivers
v000002615963f9d0_0 .net *"_ivl_714", 31 0, L_00000261594e03c0;  1 drivers
L_000002615967cdd8 .functor BUFT 1, C4<0>, C4<0>, C4<0>, C4<0>;
v000002615963fc50_0 .net/2u *"_ivl_718", 0 0, L_000002615967cdd8;  1 drivers
v000002615963fcf0_0 .net *"_ivl_72", 1 0, L_000002615965d400;  1 drivers
v000002615963fd90_0 .net *"_ivl_721", 2 0, L_00000261596daaa0;  1 drivers
v000002615963ff70_0 .net *"_ivl_723", 2 0, L_00000261596dc940;  1 drivers
v0000026159640010_0 .net *"_ivl_724", 2 0, L_00000261596dcbc0;  1 drivers
L_000002615967ce20 .functor BUFT 1, C4<01>, C4<0>, C4<0>, C4<0>;
v000002615963de50_0 .net/2u *"_ivl_728", 1 0, L_000002615967ce20;  1 drivers
v000002615963d8b0_0 .net *"_ivl_730", 0 0, L_00000261596db040;  1 drivers
v000002615963d950_0 .net *"_ivl_732", 0 0, L_00000261594e04a0;  1 drivers
v000002615963e170_0 .net *"_ivl_734", 0 0, L_00000261594e0d60;  1 drivers
v0000026159640b50_0 .net *"_ivl_736", 0 0, L_00000261594e0510;  1 drivers
v00000261596421d0_0 .net *"_ivl_738", 0 0, L_00000261594e0120;  1 drivers
v00000261596419b0_0 .net *"_ivl_74", 1 0, L_000002615965d900;  1 drivers
v0000026159642090_0 .net *"_ivl_740", 0 0, L_00000261596dc080;  1 drivers
L_000002615967ce68 .functor BUFT 1, C4<00>, C4<0>, C4<0>, C4<0>;
v0000026159642270_0 .net/2u *"_ivl_744", 1 0, L_000002615967ce68;  1 drivers
v0000026159642770_0 .net *"_ivl_746", 0 0, L_00000261596dcd00;  1 drivers
v0000026159640f10_0 .net *"_ivl_748", 31 0, L_00000261596dc620;  1 drivers
v00000261596405b0_0 .net *"_ivl_750", 10 0, L_00000261596dc3a0;  1 drivers
L_000002615967ceb0 .functor BUFT 1, C4<000000>, C4<0>, C4<0>, C4<0>;
v0000026159641690_0 .net *"_ivl_753", 5 0, L_000002615967ceb0;  1 drivers
v00000261596410f0_0 .net *"_ivl_754", 13 0, L_00000261596dc440;  1 drivers
L_000002615967cef8 .functor BUFT 1, C4<000>, C4<0>, C4<0>, C4<0>;
v0000026159640790_0 .net *"_ivl_757", 2 0, L_000002615967cef8;  1 drivers
L_000002615967cf40 .functor BUFT 1, C4<00000000001000>, C4<0>, C4<0>, C4<0>;
v0000026159640bf0_0 .net/2u *"_ivl_758", 13 0, L_000002615967cf40;  1 drivers
v00000261596400b0_0 .net *"_ivl_761", 13 0, L_00000261596dcee0;  1 drivers
v0000026159640290_0 .net *"_ivl_762", 4 0, L_00000261596db7c0;  1 drivers
L_000002615967cf88 .functor BUFT 1, C4<0>, C4<0>, C4<0>, C4<0>;
v0000026159640470_0 .net *"_ivl_765", 0 0, L_000002615967cf88;  1 drivers
L_000002615967cfd0 .functor BUFT 1, C4<0>, C4<0>, C4<0>, C4<0>;
v0000026159641d70_0 .net *"_ivl_768", 0 0, L_000002615967cfd0;  1 drivers
v0000026159642630_0 .net *"_ivl_769", 14 0, L_00000261596dc4e0;  1 drivers
L_000002615967d018 .functor BUFT 1, C4<0000000000>, C4<0>, C4<0>, C4<0>;
v0000026159641190_0 .net *"_ivl_772", 9 0, L_000002615967d018;  1 drivers
v0000026159641910_0 .net *"_ivl_773", 14 0, L_00000261596dcda0;  1 drivers
v0000026159641870_0 .net *"_ivl_774", 14 0, L_00000261596dcf80;  1 drivers
L_000002615967d060 .functor BUFT 1, C4<01>, C4<0>, C4<0>, C4<0>;
v0000026159641b90_0 .net/2u *"_ivl_776", 1 0, L_000002615967d060;  1 drivers
v0000026159642130_0 .net *"_ivl_778", 0 0, L_00000261596da960;  1 drivers
v0000026159640e70_0 .net *"_ivl_78", 31 0, L_000002615965b920;  1 drivers
v0000026159642310_0 .net *"_ivl_780", 31 0, L_00000261596db400;  1 drivers
v0000026159641c30_0 .net *"_ivl_782", 10 0, L_00000261596db220;  1 drivers
L_000002615967d0a8 .functor BUFT 1, C4<000000>, C4<0>, C4<0>, C4<0>;
v0000026159641cd0_0 .net *"_ivl_785", 5 0, L_000002615967d0a8;  1 drivers
v0000026159640330_0 .net *"_ivl_786", 13 0, L_00000261596dabe0;  1 drivers
L_000002615967d0f0 .functor BUFT 1, C4<000>, C4<0>, C4<0>, C4<0>;
v0000026159641730_0 .net *"_ivl_789", 2 0, L_000002615967d0f0;  1 drivers
L_000002615967d138 .functor BUFT 1, C4<00000000001000>, C4<0>, C4<0>, C4<0>;
v0000026159641af0_0 .net/2u *"_ivl_790", 13 0, L_000002615967d138;  1 drivers
v00000261596408d0_0 .net *"_ivl_793", 13 0, L_00000261596db0e0;  1 drivers
v0000026159642450_0 .net *"_ivl_794", 4 0, L_00000261596db860;  1 drivers
L_000002615967d180 .functor BUFT 1, C4<0>, C4<0>, C4<0>, C4<0>;
v0000026159640d30_0 .net *"_ivl_797", 0 0, L_000002615967d180;  1 drivers
v00000261596423b0_0 .net *"_ivl_80", 10 0, L_000002615965ba60;  1 drivers
L_000002615967d1c8 .functor BUFT 1, C4<0>, C4<0>, C4<0>, C4<0>;
v00000261596417d0_0 .net *"_ivl_800", 0 0, L_000002615967d1c8;  1 drivers
v0000026159640a10_0 .net *"_ivl_801", 14 0, L_00000261596db180;  1 drivers
L_000002615967d210 .functor BUFT 1, C4<0000000000>, C4<0>, C4<0>, C4<0>;
v0000026159640fb0_0 .net *"_ivl_804", 9 0, L_000002615967d210;  1 drivers
v0000026159640c90_0 .net *"_ivl_805", 14 0, L_00000261596db900;  1 drivers
v0000026159641a50_0 .net *"_ivl_806", 14 0, L_00000261596db9a0;  1 drivers
L_000002615967d258 .functor BUFT 1, C4<10>, C4<0>, C4<0>, C4<0>;
v0000026159641e10_0 .net/2u *"_ivl_808", 1 0, L_000002615967d258;  1 drivers
v00000261596415f0_0 .net *"_ivl_810", 0 0, L_00000261596dea60;  1 drivers
v0000026159640ab0_0 .net *"_ivl_812", 31 0, L_00000261596deb00;  1 drivers
v00000261596406f0_0 .net *"_ivl_814", 10 0, L_00000261596de560;  1 drivers
L_000002615967d2a0 .functor BUFT 1, C4<000000>, C4<0>, C4<0>, C4<0>;
v0000026159640dd0_0 .net *"_ivl_817", 5 0, L_000002615967d2a0;  1 drivers
v00000261596426d0_0 .net *"_ivl_818", 13 0, L_00000261596de4c0;  1 drivers
L_000002615967d2e8 .functor BUFT 1, C4<000>, C4<0>, C4<0>, C4<0>;
v0000026159640970_0 .net *"_ivl_821", 2 0, L_000002615967d2e8;  1 drivers
L_000002615967d330 .functor BUFT 1, C4<00000000001000>, C4<0>, C4<0>, C4<0>;
v0000026159641410_0 .net/2u *"_ivl_822", 13 0, L_000002615967d330;  1 drivers
v0000026159641eb0_0 .net *"_ivl_825", 13 0, L_00000261596ddde0;  1 drivers
v0000026159641050_0 .net *"_ivl_826", 4 0, L_00000261596dd660;  1 drivers
L_000002615967d378 .functor BUFT 1, C4<0>, C4<0>, C4<0>, C4<0>;
v0000026159640830_0 .net *"_ivl_829", 0 0, L_000002615967d378;  1 drivers
L_000002615967b320 .functor BUFT 1, C4<000000>, C4<0>, C4<0>, C4<0>;
v0000026159641f50_0 .net *"_ivl_83", 5 0, L_000002615967b320;  1 drivers
L_000002615967d3c0 .functor BUFT 1, C4<0>, C4<0>, C4<0>, C4<0>;
v0000026159641230_0 .net *"_ivl_832", 0 0, L_000002615967d3c0;  1 drivers
v00000261596412d0_0 .net *"_ivl_833", 14 0, L_00000261596ddac0;  1 drivers
L_000002615967d408 .functor BUFT 1, C4<0000000000>, C4<0>, C4<0>, C4<0>;
v0000026159641370_0 .net *"_ivl_836", 9 0, L_000002615967d408;  1 drivers
v0000026159641ff0_0 .net *"_ivl_837", 14 0, L_00000261596ddc00;  1 drivers
v00000261596414b0_0 .net *"_ivl_838", 14 0, L_00000261596deba0;  1 drivers
v0000026159641550_0 .net *"_ivl_84", 13 0, L_000002615965bb00;  1 drivers
v00000261596424f0_0 .net *"_ivl_840", 31 0, L_00000261596ddb60;  1 drivers
v00000261596403d0_0 .net *"_ivl_842", 10 0, L_00000261596dd7a0;  1 drivers
L_000002615967d450 .functor BUFT 1, C4<000000>, C4<0>, C4<0>, C4<0>;
v0000026159642590_0 .net *"_ivl_845", 5 0, L_000002615967d450;  1 drivers
v0000026159642810_0 .net *"_ivl_846", 13 0, L_00000261596dde80;  1 drivers
L_000002615967d498 .functor BUFT 1, C4<000>, C4<0>, C4<0>, C4<0>;
v0000026159640510_0 .net *"_ivl_849", 2 0, L_000002615967d498;  1 drivers
L_000002615967d4e0 .functor BUFT 1, C4<00000000001000>, C4<0>, C4<0>, C4<0>;
v0000026159640150_0 .net/2u *"_ivl_850", 13 0, L_000002615967d4e0;  1 drivers
v00000261596401f0_0 .net *"_ivl_853", 13 0, L_00000261596de600;  1 drivers
v0000026159640650_0 .net *"_ivl_854", 4 0, L_00000261596df460;  1 drivers
L_000002615967d528 .functor BUFT 1, C4<0>, C4<0>, C4<0>, C4<0>;
v0000026159644a70_0 .net *"_ivl_857", 0 0, L_000002615967d528;  1 drivers
L_000002615967d570 .functor BUFT 1, C4<0>, C4<0>, C4<0>, C4<0>;
v0000026159644110_0 .net *"_ivl_860", 0 0, L_000002615967d570;  1 drivers
v00000261596437b0_0 .net *"_ivl_861", 14 0, L_00000261596dd840;  1 drivers
L_000002615967d5b8 .functor BUFT 1, C4<0000000000>, C4<0>, C4<0>, C4<0>;
v0000026159643670_0 .net *"_ivl_864", 9 0, L_000002615967d5b8;  1 drivers
v0000026159643490_0 .net *"_ivl_865", 14 0, L_00000261596ddf20;  1 drivers
v0000026159643850_0 .net *"_ivl_866", 14 0, L_00000261596dd8e0;  1 drivers
v0000026159642ef0_0 .net *"_ivl_868", 31 0, L_00000261596ddfc0;  1 drivers
L_000002615967b368 .functor BUFT 1, C4<000>, C4<0>, C4<0>, C4<0>;
v0000026159644430_0 .net *"_ivl_87", 2 0, L_000002615967b368;  1 drivers
v0000026159642b30_0 .net *"_ivl_870", 31 0, L_00000261596dd3e0;  1 drivers
v0000026159643350_0 .net *"_ivl_874", 0 0, L_00000261594e0660;  1 drivers
v0000026159644070_0 .net *"_ivl_876", 0 0, L_00000261594e06d0;  1 drivers
v0000026159644b10_0 .net *"_ivl_878", 0 0, L_00000261594e0dd0;  1 drivers
L_000002615967b3b0 .functor BUFT 1, C4<00000000001000>, C4<0>, C4<0>, C4<0>;
v0000026159643c10_0 .net/2u *"_ivl_88", 13 0, L_000002615967b3b0;  1 drivers
v00000261596441b0_0 .net *"_ivl_880", 0 0, L_00000261594e0c10;  1 drivers
v0000026159644930_0 .net *"_ivl_882", 0 0, L_00000261594e0890;  1 drivers
v00000261596429f0_0 .net *"_ivl_886", 0 0, L_00000261594e0190;  1 drivers
v0000026159644d90_0 .net *"_ivl_890", 0 0, L_00000261594e0820;  1 drivers
L_000002615967d600 .functor BUFT 1, C4<00>, C4<0>, C4<0>, C4<0>;
v0000026159644ed0_0 .net/2u *"_ivl_894", 1 0, L_000002615967d600;  1 drivers
v0000026159644bb0_0 .net *"_ivl_896", 0 0, L_00000261596dd2a0;  1 drivers
v0000026159642a90_0 .net *"_ivl_898", 0 0, L_00000261594e0e40;  1 drivers
v0000026159643e90_0 .net *"_ivl_900", 0 0, L_00000261594e0eb0;  1 drivers
L_000002615967d648 .functor BUFT 1, C4<01>, C4<0>, C4<0>, C4<0>;
v00000261596442f0_0 .net/2u *"_ivl_904", 1 0, L_000002615967d648;  1 drivers
v00000261596430d0_0 .net *"_ivl_906", 0 0, L_00000261596de100;  1 drivers
v0000026159644890_0 .net *"_ivl_908", 0 0, L_00000261594d9430;  1 drivers
v0000026159643ad0_0 .net *"_ivl_91", 13 0, L_000002615965bba0;  1 drivers
v0000026159643170_0 .net *"_ivl_910", 0 0, L_00000261594d9270;  1 drivers
L_000002615967d690 .functor BUFT 1, C4<00>, C4<0>, C4<0>, C4<0>;
v0000026159643030_0 .net/2u *"_ivl_914", 1 0, L_000002615967d690;  1 drivers
v00000261596449d0_0 .net *"_ivl_916", 0 0, L_00000261596dd980;  1 drivers
L_000002615967d6d8 .functor BUFT 1, C4<000000>, C4<0>, C4<0>, C4<0>;
v0000026159644c50_0 .net/2u *"_ivl_918", 5 0, L_000002615967d6d8;  1 drivers
v00000261596447f0_0 .net *"_ivl_92", 4 0, L_000002615965bc40;  1 drivers
v0000026159644250_0 .net *"_ivl_920", 0 0, L_00000261596de9c0;  1 drivers
v0000026159644390_0 .net *"_ivl_922", 0 0, L_00000261594da930;  1 drivers
v00000261596444d0_0 .net *"_ivl_924", 0 0, L_00000261594da460;  1 drivers
v0000026159643df0_0 .net *"_ivl_926", 0 0, L_00000261594da230;  1 drivers
L_000002615967d720 .functor BUFT 1, C4<100000>, C4<0>, C4<0>, C4<0>;
v0000026159642bd0_0 .net/2u *"_ivl_930", 5 0, L_000002615967d720;  1 drivers
v0000026159643f30_0 .net *"_ivl_932", 0 0, L_00000261596dece0;  1 drivers
L_000002615967d768 .functor BUFT 1, C4<00>, C4<0>, C4<0>, C4<0>;
v00000261596433f0_0 .net/2u *"_ivl_936", 1 0, L_000002615967d768;  1 drivers
v0000026159644f70_0 .net *"_ivl_938", 0 0, L_00000261596ddd40;  1 drivers
v0000026159644e30_0 .net *"_ivl_940", 0 0, L_00000261594d9c80;  1 drivers
v0000026159642c70_0 .net *"_ivl_942", 0 0, L_00000261594d9350;  1 drivers
v0000026159643530_0 .net *"_ivl_944", 0 0, L_00000261594d9cf0;  1 drivers
v0000026159643210_0 .net *"_ivl_946", 0 0, L_00000261594d9a50;  1 drivers
L_000002615967b3f8 .functor BUFT 1, C4<0>, C4<0>, C4<0>, C4<0>;
v00000261596432b0_0 .net *"_ivl_95", 0 0, L_000002615967b3f8;  1 drivers
L_000002615967d7b0 .functor BUFT 1, C4<00>, C4<0>, C4<0>, C4<0>;
v00000261596435d0_0 .net/2u *"_ivl_950", 1 0, L_000002615967d7b0;  1 drivers
v0000026159643710_0 .net *"_ivl_952", 0 0, L_00000261596dda20;  1 drivers
v0000026159644570_0 .net *"_ivl_954", 0 0, L_00000261594d9dd0;  1 drivers
v0000026159644cf0_0 .net *"_ivl_956", 0 0, L_00000261594d9890;  1 drivers
v00000261596438f0_0 .net *"_ivl_958", 0 0, L_00000261594d9e40;  1 drivers
v0000026159644610_0 .net *"_ivl_960", 0 0, L_00000261594d9580;  1 drivers
v0000026159643cb0_0 .net *"_ivl_962", 0 0, L_00000261594da070;  1 drivers
L_000002615967d7f8 .functor BUFT 1, C4<10>, C4<0>, C4<0>, C4<0>;
v0000026159643fd0_0 .net/2u *"_ivl_966", 1 0, L_000002615967d7f8;  1 drivers
v00000261596446b0_0 .net *"_ivl_968", 0 0, L_00000261596de060;  1 drivers
L_000002615967d840 .functor BUFT 1, C4<01>, C4<0>, C4<0>, C4<0>;
v0000026159642d10_0 .net/2u *"_ivl_972", 1 0, L_000002615967d840;  1 drivers
v0000026159643b70_0 .net *"_ivl_974", 0 0, L_00000261596dd700;  1 drivers
v0000026159644750_0 .net *"_ivl_976", 0 0, L_00000261594da8c0;  1 drivers
v0000026159643d50_0 .net *"_ivl_978", 0 0, L_00000261594d9f90;  1 drivers
L_000002615967b440 .functor BUFT 1, C4<0>, C4<0>, C4<0>, C4<0>;
v0000026159642db0_0 .net *"_ivl_98", 0 0, L_000002615967b440;  1 drivers
L_000002615967d888 .functor BUFT 1, C4<01>, C4<0>, C4<0>, C4<0>;
v0000026159645010_0 .net/2u *"_ivl_982", 1 0, L_000002615967d888;  1 drivers
v00000261596428b0_0 .net *"_ivl_984", 0 0, L_00000261596df140;  1 drivers
v0000026159642950_0 .net *"_ivl_986", 0 0, L_00000261594da000;  1 drivers
v0000026159642e50_0 .net *"_ivl_99", 14 0, L_000002615965ebc0;  1 drivers
L_000002615967d8d0 .functor BUFT 1, C4<01>, C4<0>, C4<0>, C4<0>;
v0000026159643990_0 .net/2u *"_ivl_996", 1 0, L_000002615967d8d0;  1 drivers
v0000026159642f90_0 .net *"_ivl_998", 0 0, L_00000261596dd520;  1 drivers
v0000026159643a30_0 .var "chained_pending_cur", 0 0;
v00000261596458d0_0 .net "cpu_miss_req_cur", 0 0, L_00000261594e0f20;  1 drivers
v0000026159645290 .array "datas0", 255 0, 31 0;
v0000026159645650 .array "datas1", 255 0, 31 0;
v0000026159645330 .array "datas2", 255 0, 31 0;
v0000026159645bf0 .array "datas3", 255 0, 31 0;
v0000026159645ab0_0 .var "early_restart_data_cur", 31 0;
v0000026159645150_0 .net "early_restart_match_cur", 0 0, L_00000261596dc800;  1 drivers
v0000026159645a10_0 .var "early_restart_valid_cur", 0 0;
v0000026159645b50_0 .net "hit", 0 0, L_00000261594df5c0;  1 drivers
v0000026159645970_0 .net "hit_rword", 31 0, L_00000261596601a0;  1 drivers
v0000026159645d30_0 .net "hit_way", 1 0, L_000002615965dfe0;  1 drivers
v0000026159645790_0 .net "i_clk", 0 0, v000002615965b600_0;  alias, 1 drivers
v0000026159645830_0 .net "i_mem_rdata", 31 0, L_0000026159737df0;  alias, 1 drivers
v0000026159645c90_0 .net "i_mem_ready", 0 0, L_0000026159736ff0;  alias, 1 drivers
v0000026159645dd0_0 .net "i_mem_valid", 0 0, L_0000026159737ca0;  alias, 1 drivers
v0000026159645e70_0 .net "i_req_addr", 31 0, L_00000261596eab80;  alias, 1 drivers
L_000002615967dba0 .functor BUFT 1, C4<1111>, C4<0>, C4<0>, C4<0>;
v00000261596453d0_0 .net "i_req_mask", 3 0, L_000002615967dba0;  1 drivers
v0000026159645f10_0 .net "i_req_ren", 0 0, L_000002615970e350;  alias, 1 drivers
v00000261596450b0_0 .net "i_req_wdata", 31 0, L_000002615967dbe8;  1 drivers
v00000261596451f0_0 .net "i_req_wen", 0 0, L_000002615967db58;  1 drivers
v00000261596455b0_0 .net "i_rst", 0 0, v000002615965ce60_0;  alias, 1 drivers
v0000026159645470_0 .net "merged_write_word", 31 0, L_00000261594dff60;  1 drivers
v00000261596456f0_0 .net "miss_byte_mask", 31 0, L_00000261596dbea0;  1 drivers
v0000026159645510_0 .var "miss_is_prefetch_cur", 0 0;
v0000026159637550_0 .var "miss_is_write_cur", 0 0;
v0000026159636b50_0 .net "miss_line_addr", 31 0, L_00000261596d9240;  1 drivers
v00000261596381d0_0 .var "miss_mask_cur", 3 0;
v00000261596379b0_0 .net "miss_merged_write_word", 31 0, L_00000261594e0a50;  1 drivers
v0000026159638090_0 .var "miss_set_cur", 4 0;
v0000026159637190_0 .var "miss_tag_cur", 21 0;
v00000261596370f0_0 .var "miss_way_cur", 1 0;
v0000026159637af0_0 .net "miss_way_rword", 31 0, L_00000261596db5e0;  1 drivers
v0000026159638770_0 .var "miss_wdata_cur", 31 0;
v0000026159638590_0 .net "miss_word_addr", 31 0, L_00000261594dffd0;  1 drivers
v0000026159637370_0 .var "miss_word_cur", 3 0;
v00000261596375f0_0 .net "next_line_addr", 31 0, L_00000261596da820;  1 drivers
v00000261596374b0_0 .net "next_line_hit", 0 0, L_00000261594e05f0;  1 drivers
v0000026159638310_0 .net "next_line_set", 4 0, L_00000261596d9740;  1 drivers
v0000026159636ab0_0 .net "next_line_tag", 21 0, L_00000261596d8660;  1 drivers
v0000026159636bf0_0 .net "next_victim_way", 1 0, L_00000261596d9a60;  1 drivers
v0000026159637ff0_0 .net "next_way0_valid", 0 0, L_00000261596da640;  1 drivers
v0000026159638630_0 .net "next_way1_valid", 0 0, L_00000261596d8c00;  1 drivers
v00000261596386d0_0 .net "next_way2_valid", 0 0, L_00000261596d8ca0;  1 drivers
v0000026159637730_0 .net "next_way3_valid", 0 0, L_00000261596d9380;  1 drivers
v0000026159637910_0 .net "o_busy", 0 0, L_00000261594daaf0;  alias, 1 drivers
v0000026159636f10_0 .net "o_mem_addr", 31 0, L_00000261596de240;  alias, 1 drivers
v0000026159638130_0 .net "o_mem_ren", 0 0, L_00000261594d9900;  alias, 1 drivers
v0000026159636970_0 .net "o_mem_wdata", 31 0, L_00000261596de7e0;  alias, 1 drivers
v0000026159636fb0_0 .net "o_mem_wen", 0 0, L_00000261594d9970;  alias, 1 drivers
v0000026159637e10_0 .net "o_res_rdata", 31 0, L_00000261596df000;  alias, 1 drivers
v0000026159637690_0 .net "pending_hit", 0 0, L_00000261594df8d0;  1 drivers
v00000261596365b0_0 .net "pending_hit_way", 1 0, L_000002615965e1c0;  1 drivers
v0000026159637050_0 .var "pending_is_write_cur", 0 0;
v00000261596366f0_0 .var "pending_mask_cur", 3 0;
v0000026159637c30_0 .net "pending_needs_refill", 0 0, L_00000261594e0200;  1 drivers
v0000026159636830_0 .var "pending_req_cur", 0 0;
v0000026159636d30_0 .var "pending_set_cur", 4 0;
v0000026159637b90_0 .var "pending_tag_cur", 21 0;
v0000026159638810_0 .net "pending_victim_way", 1 0, L_00000261596d92e0;  1 drivers
v0000026159636c90_0 .net "pending_way0_hit", 0 0, L_00000261594deec0;  1 drivers
v0000026159637410_0 .net "pending_way1_hit", 0 0, L_00000261594df240;  1 drivers
v0000026159636510_0 .net "pending_way2_hit", 0 0, L_00000261594df400;  1 drivers
v0000026159637870_0 .net "pending_way3_hit", 0 0, L_00000261594ded70;  1 drivers
v0000026159637f50_0 .var "pending_wdata_cur", 31 0;
v00000261596383b0_0 .var "pending_word_cur", 3 0;
v0000026159637cd0_0 .net "prefetch_cpu_miss_cur", 0 0, L_00000261594d90b0;  1 drivers
v0000026159638270_0 .net "prefetch_cpu_write_cur", 0 0, L_00000261594d9510;  1 drivers
v0000026159637a50_0 .net "read_miss", 0 0, L_00000261594e09e0;  1 drivers
v00000261596360b0_0 .net "refill_partial_data_cur", 31 0, L_00000261596ddca0;  1 drivers
v0000026159636470_0 .net "refill_partial_hit_cur", 0 0, L_00000261594e0ac0;  1 drivers
v0000026159636150_0 .var "refill_req_done_cur", 0 0;
v0000026159636650_0 .net "refill_req_fire_cur", 0 0, L_00000261594d9c10;  1 drivers
v00000261596361f0_0 .net "refill_req_matches_rsp_cur", 0 0, L_00000261594e0270;  1 drivers
v0000026159636290_0 .net "refill_req_word_abs", 3 0, L_00000261596d8b60;  1 drivers
v0000026159636dd0_0 .var "refill_req_word_cur", 3 0;
v0000026159638450_0 .net "refill_rsp_word_abs", 3 0, L_00000261596da1e0;  1 drivers
v0000026159637d70_0 .var "refill_rsp_word_cur", 3 0;
v00000261596384f0_0 .net "refill_word_addr", 31 0, L_00000261594dfc50;  1 drivers
v0000026159637230 .array "repl_way", 0 31, 1 0;
v0000026159636330_0 .net "req_byte_mask", 31 0, L_00000261596d8980;  1 drivers
v00000261596363d0_0 .net "req_matches_rsp_cur", 0 0, L_00000261594d9120;  1 drivers
v0000026159636790_0 .net "req_set", 4 0, L_000002615965c780;  1 drivers
v00000261596377d0_0 .net "req_tag", 21 0, L_000002615965d7c0;  1 drivers
v00000261596372d0_0 .net "req_word", 3 0, L_000002615965d0e0;  1 drivers
v00000261596368d0_0 .net "req_word_pos_cur", 3 0, L_00000261596dbd60;  1 drivers
v0000026159636e70_0 .var "rsp_is_prefetch_cur", 0 0;
v0000026159637eb0_0 .var "rsp_is_write_cur", 0 0;
v0000026159636a10_0 .var "rsp_mask_cur", 3 0;
v000002615964b0f0_0 .var "rsp_set_cur", 4 0;
v000002615964c810_0 .var "rsp_tag_cur", 21 0;
v000002615964b730_0 .var "rsp_way_cur", 1 0;
v000002615964ce50_0 .var "rsp_wdata_cur", 31 0;
v000002615964ba50_0 .var "rsp_word_cur", 3 0;
v000002615964b7d0_0 .var "state_cur", 1 0;
v000002615964c8b0 .array "tags0", 0 31, 21 0;
v000002615964b190 .array "tags1", 0 31, 21 0;
v000002615964c950 .array "tags2", 0 31, 21 0;
v000002615964b690 .array "tags3", 0 31, 21 0;
v000002615964aa10_0 .var "valid0", 31 0;
v000002615964cbd0_0 .var "valid1", 31 0;
v000002615964b230_0 .var "valid2", 31 0;
v000002615964c270_0 .var "valid3", 31 0;
v000002615964bcd0_0 .net "victim_way", 1 0, L_000002615965f2a0;  1 drivers
v000002615964a8d0_0 .net "way0_hit", 0 0, L_00000261594de7c0;  1 drivers
v000002615964c3b0_0 .net "way0_rword", 31 0, L_00000261594df6a0;  1 drivers
v000002615964bc30_0 .net "way0_valid", 0 0, L_000002615965c820;  1 drivers
v000002615964cc70_0 .net "way1_hit", 0 0, L_00000261594e0040;  1 drivers
v000002615964baf0_0 .net "way1_rword", 31 0, L_00000261594de830;  1 drivers
v000002615964b2d0_0 .net "way1_valid", 0 0, L_000002615965c8c0;  1 drivers
v000002615964add0_0 .net "way2_hit", 0 0, L_00000261594dfe80;  1 drivers
v000002615964beb0_0 .net "way2_rword", 31 0, L_00000261594de520;  1 drivers
v000002615964b370_0 .net "way2_valid", 0 0, L_000002615965c140;  1 drivers
v000002615964c450_0 .net "way3_hit", 0 0, L_00000261594df0f0;  1 drivers
v000002615964c9f0_0 .net "way3_rword", 31 0, L_00000261594df7f0;  1 drivers
v000002615964c310_0 .net "way3_valid", 0 0, L_000002615965ca00;  1 drivers
v000002615964c1d0 .array "wb_addrs", 0 31, 31 0;
v000002615964b550_0 .var "wb_count_cur", 5 0;
v000002615964bd70 .array "wb_datas", 0 31, 31 0;
v000002615964b870_0 .net "wb_has_push_space_cur", 0 0, L_00000261594d9f20;  1 drivers
v000002615964ab50_0 .var "wb_head_cur", 4 0;
v000002615964bf50_0 .net "wb_push_addr_cur", 31 0, L_00000261596dd340;  1 drivers
v000002615964b410_0 .net "wb_push_cur", 0 0, L_00000261594d9740;  1 drivers
v000002615964cef0_0 .net "wb_push_data_cur", 31 0, L_00000261596dec40;  1 drivers
v000002615964b4b0_0 .net "wb_send_cur", 0 0, L_00000261594d94a0;  1 drivers
v000002615964abf0_0 .var "wb_tail_cur", 4 0;
v000002615964b5f0_0 .net "write_hit_accept_cur", 0 0, L_00000261594d9d60;  1 drivers
v000002615964cd10_0 .net "write_hit_block_cur", 0 0, L_00000261594d9eb0;  1 drivers
v000002615964b910_0 .net "write_miss", 0 0, L_00000261594e0740;  1 drivers
v000002615964b9b0_0 .net "write_req_commit_cur", 0 0, L_00000261594d9ac0;  1 drivers
L_000002615965d7c0 .part L_00000261596eab80, 10, 22;
L_000002615965c780 .part L_00000261596eab80, 5, 5;
L_000002615965caa0 .part L_00000261596eab80, 2, 3;
L_000002615965d0e0 .concat [ 3 1 0 0], L_000002615965caa0, L_000002615967b098;
L_000002615965c820 .part/v v000002615964aa10_0, L_000002615965c780, 1;
L_000002615965c8c0 .part/v v000002615964cbd0_0, L_000002615965c780, 1;
L_000002615965c140 .part/v v000002615964b230_0, L_000002615965c780, 1;
L_000002615965ca00 .part/v v000002615964c270_0, L_000002615965c780, 1;
L_000002615965dcc0 .array/port v000002615964c8b0, L_000002615965d2c0;
L_000002615965d2c0 .concat [ 5 2 0 0], L_000002615965c780, L_000002615967b0e0;
L_000002615965dd60 .cmp/eq 22, L_000002615965dcc0, L_000002615965d7c0;
L_000002615965d680 .array/port v000002615964b190, L_000002615965d540;
L_000002615965d540 .concat [ 5 2 0 0], L_000002615965c780, L_000002615967b128;
L_000002615965d5e0 .cmp/eq 22, L_000002615965d680, L_000002615965d7c0;
L_000002615965de00 .array/port v000002615964c950, L_000002615965cdc0;
L_000002615965cdc0 .concat [ 5 2 0 0], L_000002615965c780, L_000002615967b170;
L_000002615965d220 .cmp/eq 22, L_000002615965de00, L_000002615965d7c0;
L_000002615965d360 .array/port v000002615964b690, L_000002615965d860;
L_000002615965d860 .concat [ 5 2 0 0], L_000002615965c780, L_000002615967b1b8;
L_000002615965dea0 .cmp/eq 22, L_000002615965d360, L_000002615965d7c0;
L_000002615965d400 .functor MUXZ 2, L_000002615967b2d8, L_000002615967b290, L_00000261594e0040, C4<>;
L_000002615965d900 .functor MUXZ 2, L_000002615965d400, L_000002615967b248, L_00000261594dfe80, C4<>;
L_000002615965dfe0 .functor MUXZ 2, L_000002615965d900, L_000002615967b200, L_00000261594df0f0, C4<>;
L_000002615965b920 .array/port v0000026159645290, L_000002615965fc00;
L_000002615965ba60 .concat [ 5 6 0 0], L_000002615965c780, L_000002615967b320;
L_000002615965bb00 .concat [ 11 3 0 0], L_000002615965ba60, L_000002615967b368;
L_000002615965bba0 .arith/mult 14, L_000002615965bb00, L_000002615967b3b0;
L_000002615965bc40 .concat [ 4 1 0 0], L_000002615965d0e0, L_000002615967b3f8;
L_000002615965ebc0 .concat [ 14 1 0 0], L_000002615965bba0, L_000002615967b440;
L_000002615965fb60 .concat [ 5 10 0 0], L_000002615965bc40, L_000002615967b488;
L_000002615965fc00 .arith/sum 15, L_000002615965ebc0, L_000002615965fb60;
L_000002615965f200 .array/port v0000026159645650, L_000002615965eb20;
L_000002615965fca0 .concat [ 5 6 0 0], L_000002615965c780, L_000002615967b4d0;
L_00000261596604c0 .concat [ 11 3 0 0], L_000002615965fca0, L_000002615967b518;
L_000002615965e8a0 .arith/mult 14, L_00000261596604c0, L_000002615967b560;
L_000002615965ea80 .concat [ 4 1 0 0], L_000002615965d0e0, L_000002615967b5a8;
L_000002615965e300 .concat [ 14 1 0 0], L_000002615965e8a0, L_000002615967b5f0;
L_000002615965eda0 .concat [ 5 10 0 0], L_000002615965ea80, L_000002615967b638;
L_000002615965eb20 .arith/sum 15, L_000002615965e300, L_000002615965eda0;
L_00000261596607e0 .array/port v0000026159645330, L_000002615965f7a0;
L_000002615965e3a0 .concat [ 5 6 0 0], L_000002615965c780, L_000002615967b680;
L_000002615965ff20 .concat [ 11 3 0 0], L_000002615965e3a0, L_000002615967b6c8;
L_000002615965ec60 .arith/mult 14, L_000002615965ff20, L_000002615967b710;
L_000002615965ed00 .concat [ 4 1 0 0], L_000002615965d0e0, L_000002615967b758;
L_0000026159660420 .concat [ 14 1 0 0], L_000002615965ec60, L_000002615967b7a0;
L_0000026159660380 .concat [ 5 10 0 0], L_000002615965ed00, L_000002615967b7e8;
L_000002615965f7a0 .arith/sum 15, L_0000026159660420, L_0000026159660380;
L_000002615965ffc0 .array/port v0000026159645bf0, L_000002615965fd40;
L_000002615965e440 .concat [ 5 6 0 0], L_000002615965c780, L_000002615967b830;
L_0000026159660060 .concat [ 11 3 0 0], L_000002615965e440, L_000002615967b878;
L_00000261596602e0 .arith/mult 14, L_0000026159660060, L_000002615967b8c0;
L_000002615965f020 .concat [ 4 1 0 0], L_000002615965d0e0, L_000002615967b908;
L_000002615965eee0 .concat [ 14 1 0 0], L_00000261596602e0, L_000002615967b950;
L_000002615965f0c0 .concat [ 5 10 0 0], L_000002615965f020, L_000002615967b998;
L_000002615965fd40 .arith/sum 15, L_000002615965eee0, L_000002615965f0c0;
L_0000026159660560 .functor MUXZ 32, L_000002615967b9e0, L_00000261594df7f0, L_00000261594df0f0, C4<>;
L_000002615965f980 .functor MUXZ 32, L_0000026159660560, L_00000261594de520, L_00000261594dfe80, C4<>;
L_0000026159660600 .functor MUXZ 32, L_000002615965f980, L_00000261594de830, L_00000261594e0040, C4<>;
L_00000261596601a0 .functor MUXZ 32, L_0000026159660600, L_00000261594df6a0, L_00000261594de7c0, C4<>;
L_000002615965e800 .array/port v0000026159637230, L_00000261596606a0;
L_00000261596606a0 .concat [ 5 2 0 0], L_000002615965c780, L_000002615967bb48;
L_000002615965ef80 .functor MUXZ 2, L_000002615965e800, L_000002615967bb00, L_00000261594dfbe0, C4<>;
L_000002615965f700 .functor MUXZ 2, L_000002615965ef80, L_000002615967bab8, L_00000261594df320, C4<>;
L_000002615965ee40 .functor MUXZ 2, L_000002615965f700, L_000002615967ba70, L_00000261594de9f0, C4<>;
L_000002615965f2a0 .functor MUXZ 2, L_000002615965ee40, L_000002615967ba28, L_00000261594de910, C4<>;
L_000002615965f340 .part/v v000002615964aa10_0, v0000026159636d30_0, 1;
L_000002615965f840 .array/port v000002615964c8b0, L_000002615965f3e0;
L_000002615965f3e0 .concat [ 5 2 0 0], v0000026159636d30_0, L_000002615967bb90;
L_000002615965e9e0 .cmp/eq 22, L_000002615965f840, v0000026159637b90_0;
L_000002615965e940 .part/v v000002615964cbd0_0, v0000026159636d30_0, 1;
L_000002615965fa20 .array/port v000002615964b190, L_0000026159660740;
L_0000026159660740 .concat [ 5 2 0 0], v0000026159636d30_0, L_000002615967bbd8;
L_0000026159660880 .cmp/eq 22, L_000002615965fa20, v0000026159637b90_0;
L_000002615965e4e0 .part/v v000002615964b230_0, v0000026159636d30_0, 1;
L_000002615965f5c0 .array/port v000002615964c950, L_000002615965e580;
L_000002615965e580 .concat [ 5 2 0 0], v0000026159636d30_0, L_000002615967bc20;
L_000002615965f520 .cmp/eq 22, L_000002615965f5c0, v0000026159637b90_0;
L_000002615965f160 .part/v v000002615964c270_0, v0000026159636d30_0, 1;
L_000002615965f480 .array/port v000002615964b690, L_000002615965f660;
L_000002615965f660 .concat [ 5 2 0 0], v0000026159636d30_0, L_000002615967bc68;
L_000002615965fde0 .cmp/eq 22, L_000002615965f480, v0000026159637b90_0;
L_000002615965fe80 .functor MUXZ 2, L_000002615967bd88, L_000002615967bd40, L_00000261594df240, C4<>;
L_000002615965e120 .functor MUXZ 2, L_000002615965fe80, L_000002615967bcf8, L_00000261594df400, C4<>;
L_000002615965e1c0 .functor MUXZ 2, L_000002615965e120, L_000002615967bcb0, L_00000261594ded70, C4<>;
L_000002615965f8e0 .part/v v000002615964aa10_0, v0000026159636d30_0, 1;
L_0000026159660240 .part/v v000002615964cbd0_0, v0000026159636d30_0, 1;
L_000002615965e620 .part/v v000002615964b230_0, v0000026159636d30_0, 1;
L_000002615965e260 .part/v v000002615964c270_0, v0000026159636d30_0, 1;
L_000002615965e6c0 .array/port v0000026159637230, L_000002615965fac0;
L_000002615965fac0 .concat [ 5 2 0 0], v0000026159636d30_0, L_000002615967bef0;
L_0000026159660100 .functor MUXZ 2, L_000002615965e6c0, L_000002615967bea8, L_00000261594debb0, C4<>;
L_000002615965e760 .functor MUXZ 2, L_0000026159660100, L_000002615967be60, L_00000261594df9b0, C4<>;
L_00000261596d8a20 .functor MUXZ 2, L_000002615965e760, L_000002615967be18, L_00000261594df940, C4<>;
L_00000261596d92e0 .functor MUXZ 2, L_00000261596d8a20, L_000002615967bdd0, L_00000261594df4e0, C4<>;
L_00000261596da0a0 .part L_000002615967dba0, 3, 1;
LS_00000261596da320_0_0 .concat [ 1 1 1 1], L_00000261596da0a0, L_00000261596da0a0, L_00000261596da0a0, L_00000261596da0a0;
LS_00000261596da320_0_4 .concat [ 1 1 1 1], L_00000261596da0a0, L_00000261596da0a0, L_00000261596da0a0, L_00000261596da0a0;
L_00000261596da320 .concat [ 4 4 0 0], LS_00000261596da320_0_0, LS_00000261596da320_0_4;
L_00000261596da3c0 .part L_000002615967dba0, 2, 1;
LS_00000261596d9c40_0_0 .concat [ 1 1 1 1], L_00000261596da3c0, L_00000261596da3c0, L_00000261596da3c0, L_00000261596da3c0;
LS_00000261596d9c40_0_4 .concat [ 1 1 1 1], L_00000261596da3c0, L_00000261596da3c0, L_00000261596da3c0, L_00000261596da3c0;
L_00000261596d9c40 .concat [ 4 4 0 0], LS_00000261596d9c40_0_0, LS_00000261596d9c40_0_4;
L_00000261596d8340 .part L_000002615967dba0, 1, 1;
LS_00000261596d9560_0_0 .concat [ 1 1 1 1], L_00000261596d8340, L_00000261596d8340, L_00000261596d8340, L_00000261596d8340;
LS_00000261596d9560_0_4 .concat [ 1 1 1 1], L_00000261596d8340, L_00000261596d8340, L_00000261596d8340, L_00000261596d8340;
L_00000261596d9560 .concat [ 4 4 0 0], LS_00000261596d9560_0_0, LS_00000261596d9560_0_4;
L_00000261596d94c0 .part L_000002615967dba0, 0, 1;
LS_00000261596da140_0_0 .concat [ 1 1 1 1], L_00000261596d94c0, L_00000261596d94c0, L_00000261596d94c0, L_00000261596d94c0;
LS_00000261596da140_0_4 .concat [ 1 1 1 1], L_00000261596d94c0, L_00000261596d94c0, L_00000261596d94c0, L_00000261596d94c0;
L_00000261596da140 .concat [ 4 4 0 0], LS_00000261596da140_0_0, LS_00000261596da140_0_4;
L_00000261596d8980 .concat [ 8 8 8 8], L_00000261596da140, L_00000261596d9560, L_00000261596d9c40, L_00000261596da320;
L_00000261596d9240 .concat [ 5 5 22 0], L_000002615967bf38, v0000026159638090_0, v0000026159637190_0;
L_00000261596da780 .part v0000026159637370_0, 0, 3;
L_00000261596d8ac0 .part v0000026159636dd0_0, 0, 3;
L_00000261596d9600 .arith/sum 3, L_00000261596da780, L_00000261596d8ac0;
L_00000261596d8b60 .concat [ 3 1 0 0], L_00000261596d9600, L_000002615967bf80;
L_00000261596d9920 .part v000002615964ba50_0, 0, 3;
L_00000261596da460 .part v0000026159637d70_0, 0, 3;
L_00000261596d85c0 .arith/sum 3, L_00000261596d9920, L_00000261596da460;
L_00000261596da1e0 .concat [ 3 1 0 0], L_00000261596d85c0, L_000002615967bfc8;
L_00000261596d97e0 .concat [ 2 4 26 0], L_000002615967c058, L_00000261596d8b60, L_000002615967c010;
L_00000261596da280 .concat [ 2 4 26 0], L_000002615967c0e8, v0000026159637370_0, L_000002615967c0a0;
L_00000261596da820 .arith/sum 32, L_00000261596d9240, L_000002615967c130;
L_00000261596d8660 .part L_00000261596da820, 10, 22;
L_00000261596d9740 .part L_00000261596da820, 5, 5;
L_00000261596da640 .part/v v000002615964aa10_0, L_00000261596d9740, 1;
L_00000261596d8c00 .part/v v000002615964cbd0_0, L_00000261596d9740, 1;
L_00000261596d8ca0 .part/v v000002615964b230_0, L_00000261596d9740, 1;
L_00000261596d9380 .part/v v000002615964c270_0, L_00000261596d9740, 1;
L_00000261596da8c0 .array/port v000002615964c8b0, L_00000261596d8d40;
L_00000261596d8d40 .concat [ 5 2 0 0], L_00000261596d9740, L_000002615967c178;
L_00000261596d8840 .cmp/eq 22, L_00000261596da8c0, L_00000261596d8660;
L_00000261596d99c0 .array/port v000002615964b190, L_00000261596d9ce0;
L_00000261596d9ce0 .concat [ 5 2 0 0], L_00000261596d9740, L_000002615967c1c0;
L_00000261596d8f20 .cmp/eq 22, L_00000261596d99c0, L_00000261596d8660;
L_00000261596d9f60 .array/port v000002615964c950, L_00000261596d9420;
L_00000261596d9420 .concat [ 5 2 0 0], L_00000261596d9740, L_000002615967c208;
L_00000261596d96a0 .cmp/eq 22, L_00000261596d9f60, L_00000261596d8660;
L_00000261596d8de0 .array/port v000002615964b690, L_00000261596d9060;
L_00000261596d9060 .concat [ 5 2 0 0], L_00000261596d9740, L_000002615967c250;
L_00000261596d9880 .cmp/eq 22, L_00000261596d8de0, L_00000261596d8660;
L_00000261596d8e80 .array/port v0000026159637230, L_00000261596d8fc0;
L_00000261596d8fc0 .concat [ 5 2 0 0], L_00000261596d9740, L_000002615967c3b8;
L_00000261596da500 .functor MUXZ 2, L_00000261596d8e80, L_000002615967c370, L_00000261594e0ba0, C4<>;
L_00000261596da5a0 .functor MUXZ 2, L_00000261596da500, L_000002615967c328, L_00000261594e0430, C4<>;
L_00000261596d9d80 .functor MUXZ 2, L_00000261596da5a0, L_000002615967c2e0, L_00000261594e0580, C4<>;
L_00000261596d9a60 .functor MUXZ 2, L_00000261596d9d80, L_000002615967c298, L_00000261594e0900, C4<>;
L_00000261596da6e0 .cmp/eq 2, v00000261596370f0_0, L_000002615967c400;
L_00000261596da000 .array/port v0000026159645290, L_00000261596d8160;
L_00000261596d8480 .concat [ 5 6 0 0], v0000026159638090_0, L_000002615967c448;
L_00000261596d9b00 .concat [ 11 3 0 0], L_00000261596d8480, L_000002615967c490;
L_00000261596d8520 .arith/mult 14, L_00000261596d9b00, L_000002615967c4d8;
L_00000261596d9ba0 .concat [ 4 1 0 0], v0000026159637370_0, L_000002615967c520;
L_00000261596d9100 .concat [ 14 1 0 0], L_00000261596d8520, L_000002615967c568;
L_00000261596d91a0 .concat [ 5 10 0 0], L_00000261596d9ba0, L_000002615967c5b0;
L_00000261596d8160 .arith/sum 15, L_00000261596d9100, L_00000261596d91a0;
L_00000261596d9e20 .cmp/eq 2, v00000261596370f0_0, L_000002615967c5f8;
L_00000261596d9ec0 .array/port v0000026159645650, L_00000261596dac80;
L_00000261596d83e0 .concat [ 5 6 0 0], v0000026159638090_0, L_000002615967c640;
L_00000261596d8200 .concat [ 11 3 0 0], L_00000261596d83e0, L_000002615967c688;
L_00000261596d82a0 .arith/mult 14, L_00000261596d8200, L_000002615967c6d0;
L_00000261596d8700 .concat [ 4 1 0 0], v0000026159637370_0, L_000002615967c718;
L_00000261596d87a0 .concat [ 14 1 0 0], L_00000261596d82a0, L_000002615967c760;
L_00000261596d88e0 .concat [ 5 10 0 0], L_00000261596d8700, L_000002615967c7a8;
L_00000261596dac80 .arith/sum 15, L_00000261596d87a0, L_00000261596d88e0;
L_00000261596db720 .cmp/eq 2, v00000261596370f0_0, L_000002615967c7f0;
L_00000261596dba40 .array/port v0000026159645330, L_00000261596dc120;
L_00000261596dad20 .concat [ 5 6 0 0], v0000026159638090_0, L_000002615967c838;
L_00000261596dce40 .concat [ 11 3 0 0], L_00000261596dad20, L_000002615967c880;
L_00000261596dc760 .arith/mult 14, L_00000261596dce40, L_000002615967c8c8;
L_00000261596dadc0 .concat [ 4 1 0 0], v0000026159637370_0, L_000002615967c910;
L_00000261596dbf40 .concat [ 14 1 0 0], L_00000261596dc760, L_000002615967c958;
L_00000261596db4a0 .concat [ 5 10 0 0], L_00000261596dadc0, L_000002615967c9a0;
L_00000261596dc120 .arith/sum 15, L_00000261596dbf40, L_00000261596db4a0;
L_00000261596dd020 .array/port v0000026159645bf0, L_00000261596dc6c0;
L_00000261596dbfe0 .concat [ 5 6 0 0], v0000026159638090_0, L_000002615967c9e8;
L_00000261596daa00 .concat [ 11 3 0 0], L_00000261596dbfe0, L_000002615967ca30;
L_00000261596dbe00 .arith/mult 14, L_00000261596daa00, L_000002615967ca78;
L_00000261596db540 .concat [ 4 1 0 0], v0000026159637370_0, L_000002615967cac0;
L_00000261596dc1c0 .concat [ 14 1 0 0], L_00000261596dbe00, L_000002615967cb08;
L_00000261596dcb20 .concat [ 5 10 0 0], L_00000261596db540, L_000002615967cb50;
L_00000261596dc6c0 .arith/sum 15, L_00000261596dc1c0, L_00000261596dcb20;
L_00000261596dae60 .functor MUXZ 32, L_00000261596dd020, L_00000261596dba40, L_00000261596db720, C4<>;
L_00000261596dc8a0 .functor MUXZ 32, L_00000261596dae60, L_00000261596d9ec0, L_00000261596d9e20, C4<>;
L_00000261596db5e0 .functor MUXZ 32, L_00000261596dc8a0, L_00000261596da000, L_00000261596da6e0, C4<>;
L_00000261596dd0c0 .part v00000261596381d0_0, 3, 1;
LS_00000261596db360_0_0 .concat [ 1 1 1 1], L_00000261596dd0c0, L_00000261596dd0c0, L_00000261596dd0c0, L_00000261596dd0c0;
LS_00000261596db360_0_4 .concat [ 1 1 1 1], L_00000261596dd0c0, L_00000261596dd0c0, L_00000261596dd0c0, L_00000261596dd0c0;
L_00000261596db360 .concat [ 4 4 0 0], LS_00000261596db360_0_0, LS_00000261596db360_0_4;
L_00000261596dc260 .part v00000261596381d0_0, 2, 1;
LS_00000261596dcc60_0_0 .concat [ 1 1 1 1], L_00000261596dc260, L_00000261596dc260, L_00000261596dc260, L_00000261596dc260;
LS_00000261596dcc60_0_4 .concat [ 1 1 1 1], L_00000261596dc260, L_00000261596dc260, L_00000261596dc260, L_00000261596dc260;
L_00000261596dcc60 .concat [ 4 4 0 0], LS_00000261596dcc60_0_0, LS_00000261596dcc60_0_4;
L_00000261596dc580 .part v00000261596381d0_0, 1, 1;
LS_00000261596dc9e0_0_0 .concat [ 1 1 1 1], L_00000261596dc580, L_00000261596dc580, L_00000261596dc580, L_00000261596dc580;
LS_00000261596dc9e0_0_4 .concat [ 1 1 1 1], L_00000261596dc580, L_00000261596dc580, L_00000261596dc580, L_00000261596dc580;
L_00000261596dc9e0 .concat [ 4 4 0 0], LS_00000261596dc9e0_0_0, LS_00000261596dc9e0_0_4;
L_00000261596daf00 .part v00000261596381d0_0, 0, 1;
LS_00000261596db680_0_0 .concat [ 1 1 1 1], L_00000261596daf00, L_00000261596daf00, L_00000261596daf00, L_00000261596daf00;
LS_00000261596db680_0_4 .concat [ 1 1 1 1], L_00000261596daf00, L_00000261596daf00, L_00000261596daf00, L_00000261596daf00;
L_00000261596db680 .concat [ 4 4 0 0], LS_00000261596db680_0_0, LS_00000261596db680_0_4;
L_00000261596dbea0 .concat [ 8 8 8 8], L_00000261596db680, L_00000261596dc9e0, L_00000261596dcc60, L_00000261596db360;
L_00000261596dc300 .cmp/eq 22, L_000002615965d7c0, v000002615964c810_0;
L_00000261596dbae0 .cmp/eq 5, L_000002615965c780, v000002615964b0f0_0;
L_00000261596dab40 .cmp/eq 2, v000002615964b7d0_0, L_000002615967cbe0;
L_00000261596dbb80 .concat [ 1 31 0 0], L_00000261596dab40, L_000002615967cc28;
L_00000261596dbc20 .concat [ 1 31 0 0], L_0000026159737ca0, L_000002615967cc70;
L_00000261596db2c0 .concat [ 1 31 0 0], v0000026159636e70_0, L_000002615967ccb8;
L_00000261596dca80 .concat [ 1 31 0 0], v0000026159637eb0_0, L_000002615967cd00;
L_00000261596dafa0 .cmp/eq 4, v0000026159637d70_0, L_000002615967cd48;
L_00000261596dbcc0 .concat [ 1 31 0 0], L_00000261596dafa0, L_000002615967cd90;
L_00000261596dc800 .part L_00000261594e03c0, 0, 1;
L_00000261596daaa0 .part L_000002615965d0e0, 0, 3;
L_00000261596dc940 .part v000002615964ba50_0, 0, 3;
L_00000261596dcbc0 .arith/sub 3, L_00000261596daaa0, L_00000261596dc940;
L_00000261596dbd60 .concat [ 3 1 0 0], L_00000261596dcbc0, L_000002615967cdd8;
L_00000261596db040 .cmp/eq 2, v000002615964b7d0_0, L_000002615967ce20;
L_00000261596dc080 .cmp/gt 4, v0000026159637d70_0, L_00000261596dbd60;
L_00000261596dcd00 .cmp/eq 2, v000002615964b730_0, L_000002615967ce68;
L_00000261596dc620 .array/port v0000026159645290, L_00000261596dcf80;
L_00000261596dc3a0 .concat [ 5 6 0 0], v000002615964b0f0_0, L_000002615967ceb0;
L_00000261596dc440 .concat [ 11 3 0 0], L_00000261596dc3a0, L_000002615967cef8;
L_00000261596dcee0 .arith/mult 14, L_00000261596dc440, L_000002615967cf40;
L_00000261596db7c0 .concat [ 4 1 0 0], L_000002615965d0e0, L_000002615967cf88;
L_00000261596dc4e0 .concat [ 14 1 0 0], L_00000261596dcee0, L_000002615967cfd0;
L_00000261596dcda0 .concat [ 5 10 0 0], L_00000261596db7c0, L_000002615967d018;
L_00000261596dcf80 .arith/sum 15, L_00000261596dc4e0, L_00000261596dcda0;
L_00000261596da960 .cmp/eq 2, v000002615964b730_0, L_000002615967d060;
L_00000261596db400 .array/port v0000026159645650, L_00000261596db9a0;
L_00000261596db220 .concat [ 5 6 0 0], v000002615964b0f0_0, L_000002615967d0a8;
L_00000261596dabe0 .concat [ 11 3 0 0], L_00000261596db220, L_000002615967d0f0;
L_00000261596db0e0 .arith/mult 14, L_00000261596dabe0, L_000002615967d138;
L_00000261596db860 .concat [ 4 1 0 0], L_000002615965d0e0, L_000002615967d180;
L_00000261596db180 .concat [ 14 1 0 0], L_00000261596db0e0, L_000002615967d1c8;
L_00000261596db900 .concat [ 5 10 0 0], L_00000261596db860, L_000002615967d210;
L_00000261596db9a0 .arith/sum 15, L_00000261596db180, L_00000261596db900;
L_00000261596dea60 .cmp/eq 2, v000002615964b730_0, L_000002615967d258;
L_00000261596deb00 .array/port v0000026159645330, L_00000261596deba0;
L_00000261596de560 .concat [ 5 6 0 0], v000002615964b0f0_0, L_000002615967d2a0;
L_00000261596de4c0 .concat [ 11 3 0 0], L_00000261596de560, L_000002615967d2e8;
L_00000261596ddde0 .arith/mult 14, L_00000261596de4c0, L_000002615967d330;
L_00000261596dd660 .concat [ 4 1 0 0], L_000002615965d0e0, L_000002615967d378;
L_00000261596ddac0 .concat [ 14 1 0 0], L_00000261596ddde0, L_000002615967d3c0;
L_00000261596ddc00 .concat [ 5 10 0 0], L_00000261596dd660, L_000002615967d408;
L_00000261596deba0 .arith/sum 15, L_00000261596ddac0, L_00000261596ddc00;
L_00000261596ddb60 .array/port v0000026159645bf0, L_00000261596dd8e0;
L_00000261596dd7a0 .concat [ 5 6 0 0], v000002615964b0f0_0, L_000002615967d450;
L_00000261596dde80 .concat [ 11 3 0 0], L_00000261596dd7a0, L_000002615967d498;
L_00000261596de600 .arith/mult 14, L_00000261596dde80, L_000002615967d4e0;
L_00000261596df460 .concat [ 4 1 0 0], L_000002615965d0e0, L_000002615967d528;
L_00000261596dd840 .concat [ 14 1 0 0], L_00000261596de600, L_000002615967d570;
L_00000261596ddf20 .concat [ 5 10 0 0], L_00000261596df460, L_000002615967d5b8;
L_00000261596dd8e0 .arith/sum 15, L_00000261596dd840, L_00000261596ddf20;
L_00000261596ddfc0 .functor MUXZ 32, L_00000261596ddb60, L_00000261596deb00, L_00000261596dea60, C4<>;
L_00000261596dd3e0 .functor MUXZ 32, L_00000261596ddfc0, L_00000261596db400, L_00000261596da960, C4<>;
L_00000261596ddca0 .functor MUXZ 32, L_00000261596dd3e0, L_00000261596dc620, L_00000261596dcd00, C4<>;
L_00000261596dd2a0 .cmp/eq 2, v000002615964b7d0_0, L_000002615967d600;
L_00000261596de100 .cmp/eq 2, v000002615964b7d0_0, L_000002615967d648;
L_00000261596dd980 .cmp/eq 2, v000002615964b7d0_0, L_000002615967d690;
L_00000261596de9c0 .cmp/ne 6, v000002615964b550_0, L_000002615967d6d8;
L_00000261596dece0 .cmp/ne 6, v000002615964b550_0, L_000002615967d720;
L_00000261596ddd40 .cmp/eq 2, v000002615964b7d0_0, L_000002615967d768;
L_00000261596dda20 .cmp/eq 2, v000002615964b7d0_0, L_000002615967d7b0;
L_00000261596de060 .cmp/eq 2, v000002615964b7d0_0, L_000002615967d7f8;
L_00000261596dd700 .cmp/eq 2, v000002615964b7d0_0, L_000002615967d840;
L_00000261596df140 .cmp/eq 2, v000002615964b7d0_0, L_000002615967d888;
L_00000261596dd340 .functor MUXZ 32, L_00000261594dffd0, L_00000261596eab80, L_00000261594d9d60, C4<>;
L_00000261596dec40 .functor MUXZ 32, L_00000261594e0a50, L_00000261594dff60, L_00000261594d9d60, C4<>;
L_00000261596dd520 .cmp/eq 2, v000002615964b7d0_0, L_000002615967d8d0;
L_00000261596de1a0 .array/port v000002615964c1d0, L_00000261596df640;
L_00000261596df640 .concat [ 5 2 0 0], v000002615964ab50_0, L_000002615967d918;
L_00000261596def60 .functor MUXZ 32, L_000002615967d960, L_00000261596de1a0, L_00000261594d94a0, C4<>;
L_00000261596de240 .functor MUXZ 32, L_00000261596def60, L_00000261594dfc50, L_00000261596dd520, C4<>;
L_00000261596de2e0 .array/port v000002615964bd70, L_00000261596ded80;
L_00000261596ded80 .concat [ 5 2 0 0], v000002615964ab50_0, L_000002615967d9a8;
L_00000261596de7e0 .functor MUXZ 32, L_000002615967d9f0, L_00000261596de2e0, L_00000261594d94a0, C4<>;
L_00000261596dee20 .cmp/eq 2, v000002615964b7d0_0, L_000002615967da38;
L_00000261596dd480 .cmp/eq 2, v000002615964b7d0_0, L_000002615967da80;
L_00000261596de380 .cmp/eq 2, v000002615964b7d0_0, L_000002615967dac8;
L_00000261596de420 .cmp/eq 2, v000002615964b7d0_0, L_000002615967db10;
L_00000261596deec0 .functor MUXZ 32, L_00000261596601a0, L_00000261596ddca0, L_00000261594e0ac0, C4<>;
L_00000261596df000 .functor MUXZ 32, L_00000261596deec0, L_0000026159737df0, L_00000261596dc800, C4<>;
S_000002615920dc70 .scope module, "u_memory" "dmem_access" 3 1166, 11 1 0, S_00000261595b4470;
 .timescale -9 -12;
    .port_info 0 /INPUT 32 "EffAddr";
    .port_info 1 /INPUT 32 "StoreData";
    .port_info 2 /INPUT 3 "Func3";
    .port_info 3 /INPUT 1 "MemRead";
    .port_info 4 /INPUT 1 "MemWrite";
    .port_info 5 /INPUT 32 "i_dmem_rdata";
    .port_info 6 /OUTPUT 32 "o_dmem_addr";
    .port_info 7 /OUTPUT 4 "o_dmem_mask";
    .port_info 8 /OUTPUT 32 "o_dmem_wdata";
    .port_info 9 /OUTPUT 1 "o_dmem_ren";
    .port_info 10 /OUTPUT 1 "o_dmem_wen";
    .port_info 11 /OUTPUT 32 "LoadData";
    .port_info 12 /OUTPUT 1 "MisalignTrap";
L_0000026159733cc0 .functor OR 1, L_00000261596d6a40, L_00000261596d8020, C4<0>, C4<0>;
L_0000026159733da0 .functor AND 1, L_0000026159733a90, L_00000261596d6220, C4<1>, C4<1>;
L_0000026159736ce0 .functor AND 1, L_0000026159734890, L_00000261596d7300, C4<1>, C4<1>;
L_00000261597361f0 .functor OR 1, L_0000026159733da0, L_0000026159736ce0, C4<0>, C4<0>;
L_0000026159736180 .functor NOT 1, L_00000261597361f0, C4<0>, C4<0>, C4<0>;
L_0000026159735e70 .functor AND 1, L_0000026159733a90, L_0000026159736180, C4<1>, C4<1>;
L_0000026159735770 .functor NOT 1, L_00000261597361f0, C4<0>, C4<0>, C4<0>;
L_0000026159735af0 .functor AND 1, L_0000026159734890, L_0000026159735770, C4<1>, C4<1>;
L_00000261597354d0 .functor OR 1, L_0000026159733a90, L_0000026159734890, C4<0>, C4<0>;
L_0000026159735d20 .functor AND 4, L_00000261596d6f40, v000002615964da30_0, C4<1111>, C4<1111>;
L_0000026159735a10 .functor AND 32, L_00000261596d6180, v000002615964eb10_0, C4<11111111111111111111111111111111>, C4<11111111111111111111111111111111>;
L_00000261597352a0 .functor NOT 1, L_00000261597361f0, C4<0>, C4<0>, C4<0>;
L_00000261597362d0 .functor AND 1, L_0000026159733a90, L_00000261597352a0, C4<1>, C4<1>;
L_00000261597357e0 .functor AND 32, L_00000261596d6d60, v000002615964e2f0_0, C4<11111111111111111111111111111111>, C4<11111111111111111111111111111111>;
v000002615964bb90_0 .net "EffAddr", 31 0, v0000026159669f20_0;  1 drivers
v000002615964c770_0 .net "Func3", 2 0, v000002615966a6a0_0;  1 drivers
v000002615964aab0_0 .net "LoadData", 31 0, L_00000261597357e0;  alias, 1 drivers
v000002615964ac90_0 .net "MemRead", 0 0, L_0000026159733a90;  alias, 1 drivers
v000002615964c130_0 .net "MemWrite", 0 0, L_0000026159734890;  alias, 1 drivers
v000002615964be10_0 .net "MisalignTrap", 0 0, L_00000261597361f0;  alias, 1 drivers
v000002615964ad30_0 .net "StoreData", 31 0, L_00000261596d6040;  alias, 1 drivers
v000002615964bff0_0 .net *"_ivl_11", 1 0, L_00000261596d69a0;  1 drivers
L_0000026159682940 .functor BUFT 1, C4<001>, C4<0>, C4<0>, C4<0>;
v000002615964c090_0 .net/2u *"_ivl_14", 2 0, L_0000026159682940;  1 drivers
v000002615964af10_0 .net *"_ivl_16", 0 0, L_00000261596d6a40;  1 drivers
L_0000026159682988 .functor BUFT 1, C4<101>, C4<0>, C4<0>, C4<0>;
v000002615964b050_0 .net/2u *"_ivl_18", 2 0, L_0000026159682988;  1 drivers
v000002615964c4f0_0 .net *"_ivl_20", 0 0, L_00000261596d8020;  1 drivers
v000002615964c590_0 .net *"_ivl_22", 0 0, L_0000026159733cc0;  1 drivers
L_00000261596829d0 .functor BUFT 1, C4<010>, C4<0>, C4<0>, C4<0>;
v000002615964ca90_0 .net/2u *"_ivl_24", 2 0, L_00000261596829d0;  1 drivers
v000002615964c630_0 .net *"_ivl_26", 0 0, L_00000261596d67c0;  1 drivers
L_0000026159682a18 .functor BUFT 1, C4<0>, C4<0>, C4<0>, C4<0>;
v000002615964c6d0_0 .net/2u *"_ivl_28", 0 0, L_0000026159682a18;  1 drivers
v000002615964afb0_0 .net *"_ivl_3", 29 0, L_00000261596d74e0;  1 drivers
v000002615964cb30_0 .net *"_ivl_30", 0 0, L_00000261596d5960;  1 drivers
v000002615964cdb0_0 .net *"_ivl_32", 0 0, L_00000261596d6220;  1 drivers
L_0000026159682a60 .functor BUFT 1, C4<001>, C4<0>, C4<0>, C4<0>;
v000002615964a970_0 .net/2u *"_ivl_36", 2 0, L_0000026159682a60;  1 drivers
v000002615964cf90_0 .net *"_ivl_38", 0 0, L_00000261596d7440;  1 drivers
L_00000261596828f8 .functor BUFT 1, C4<00>, C4<0>, C4<0>, C4<0>;
v000002615964d030_0 .net/2u *"_ivl_4", 1 0, L_00000261596828f8;  1 drivers
L_0000026159682aa8 .functor BUFT 1, C4<010>, C4<0>, C4<0>, C4<0>;
v000002615964ae70_0 .net/2u *"_ivl_40", 2 0, L_0000026159682aa8;  1 drivers
v000002615964dc10_0 .net *"_ivl_42", 0 0, L_00000261596d6720;  1 drivers
L_0000026159682af0 .functor BUFT 1, C4<0>, C4<0>, C4<0>, C4<0>;
v000002615964ef70_0 .net/2u *"_ivl_44", 0 0, L_0000026159682af0;  1 drivers
v000002615964e930_0 .net *"_ivl_46", 0 0, L_00000261596d7d00;  1 drivers
v000002615964eed0_0 .net *"_ivl_48", 0 0, L_00000261596d7300;  1 drivers
v000002615964f290_0 .net *"_ivl_54", 0 0, L_0000026159736180;  1 drivers
v000002615964e390_0 .net *"_ivl_58", 0 0, L_0000026159735770;  1 drivers
v000002615964ee30_0 .net *"_ivl_62", 0 0, L_00000261597354d0;  1 drivers
v000002615964e6b0_0 .net *"_ivl_64", 3 0, L_00000261596d6f40;  1 drivers
v000002615964d990_0 .net *"_ivl_68", 31 0, L_00000261596d6180;  1 drivers
v000002615964d850_0 .net *"_ivl_76", 0 0, L_00000261597352a0;  1 drivers
v000002615964d5d0_0 .net *"_ivl_78", 0 0, L_00000261597362d0;  1 drivers
v000002615964d8f0_0 .net *"_ivl_80", 31 0, L_00000261596d6d60;  1 drivers
v000002615964ea70_0 .net "byte_offset", 1 0, L_00000261596d80c0;  1 drivers
v000002615964e110_0 .net "i_dmem_rdata", 31 0, L_00000261596e9500;  alias, 1 drivers
v000002615964e2f0_0 .var "loaddata_dec", 31 0;
v000002615964da30_0 .var "mask_dec", 3 0;
v000002615964d530_0 .net "misalign_half", 0 0, L_00000261596d6400;  1 drivers
v000002615964e890_0 .net "misalign_load", 0 0, L_0000026159733da0;  1 drivers
v000002615964f010_0 .net "misalign_store", 0 0, L_0000026159736ce0;  1 drivers
v000002615964f0b0_0 .net "misalign_word", 0 0, L_00000261596d5d20;  1 drivers
v000002615964d670_0 .net "o_dmem_addr", 31 0, L_00000261596d64a0;  alias, 1 drivers
v000002615964ecf0_0 .net "o_dmem_mask", 3 0, L_0000026159735d20;  alias, 1 drivers
v000002615964e9d0_0 .net "o_dmem_ren", 0 0, L_0000026159735e70;  alias, 1 drivers
v000002615964f6f0_0 .net "o_dmem_wdata", 31 0, L_0000026159735a10;  alias, 1 drivers
v000002615964d490_0 .net "o_dmem_wen", 0 0, L_0000026159735af0;  alias, 1 drivers
v000002615964f830_0 .net "rbyte", 7 0, L_00000261596d6fe0;  1 drivers
v000002615964ec50_0 .var "rdata_shifted", 31 0;
v000002615964f5b0_0 .net "rhalf", 15 0, L_00000261596d7940;  1 drivers
v000002615964db70_0 .var "sb_data", 31 0;
v000002615964f1f0_0 .var "sh_data", 31 0;
v000002615964eb10_0 .var "store_data_dec", 31 0;
E_0000026159521070 .event anyedge, v000002615964c770_0, v000002615964f830_0, v000002615964f5b0_0, v000002615964ec50_0;
E_0000026159521430 .event anyedge, v000002615964ea70_0, v0000026159606b30_0;
E_0000026159520830 .event anyedge, v000002615964c770_0, v000002615964db70_0, v000002615964f1f0_0, v000002615964ad30_0;
E_0000026159520cf0 .event anyedge, v000002615964ea70_0, v000002615964ad30_0;
E_0000026159520ab0 .event anyedge, v000002615964c770_0, v000002615964ea70_0;
L_00000261596d80c0 .part v0000026159669f20_0, 0, 2;
L_00000261596d74e0 .part v0000026159669f20_0, 2, 30;
L_00000261596d64a0 .concat [ 2 30 0 0], L_00000261596828f8, L_00000261596d74e0;
L_00000261596d6400 .part v0000026159669f20_0, 0, 1;
L_00000261596d69a0 .part v0000026159669f20_0, 0, 2;
L_00000261596d5d20 .reduce/or L_00000261596d69a0;
L_00000261596d6a40 .cmp/eq 3, v000002615966a6a0_0, L_0000026159682940;
L_00000261596d8020 .cmp/eq 3, v000002615966a6a0_0, L_0000026159682988;
L_00000261596d67c0 .cmp/eq 3, v000002615966a6a0_0, L_00000261596829d0;
L_00000261596d5960 .functor MUXZ 1, L_0000026159682a18, L_00000261596d5d20, L_00000261596d67c0, C4<>;
L_00000261596d6220 .functor MUXZ 1, L_00000261596d5960, L_00000261596d6400, L_0000026159733cc0, C4<>;
L_00000261596d7440 .cmp/eq 3, v000002615966a6a0_0, L_0000026159682a60;
L_00000261596d6720 .cmp/eq 3, v000002615966a6a0_0, L_0000026159682aa8;
L_00000261596d7d00 .functor MUXZ 1, L_0000026159682af0, L_00000261596d5d20, L_00000261596d6720, C4<>;
L_00000261596d7300 .functor MUXZ 1, L_00000261596d7d00, L_00000261596d6400, L_00000261596d7440, C4<>;
L_00000261596d6f40 .concat [ 1 1 1 1], L_00000261597354d0, L_00000261597354d0, L_00000261597354d0, L_00000261597354d0;
LS_00000261596d6180_0_0 .concat [ 1 1 1 1], L_0000026159734890, L_0000026159734890, L_0000026159734890, L_0000026159734890;
LS_00000261596d6180_0_4 .concat [ 1 1 1 1], L_0000026159734890, L_0000026159734890, L_0000026159734890, L_0000026159734890;
LS_00000261596d6180_0_8 .concat [ 1 1 1 1], L_0000026159734890, L_0000026159734890, L_0000026159734890, L_0000026159734890;
LS_00000261596d6180_0_12 .concat [ 1 1 1 1], L_0000026159734890, L_0000026159734890, L_0000026159734890, L_0000026159734890;
LS_00000261596d6180_0_16 .concat [ 1 1 1 1], L_0000026159734890, L_0000026159734890, L_0000026159734890, L_0000026159734890;
LS_00000261596d6180_0_20 .concat [ 1 1 1 1], L_0000026159734890, L_0000026159734890, L_0000026159734890, L_0000026159734890;
LS_00000261596d6180_0_24 .concat [ 1 1 1 1], L_0000026159734890, L_0000026159734890, L_0000026159734890, L_0000026159734890;
LS_00000261596d6180_0_28 .concat [ 1 1 1 1], L_0000026159734890, L_0000026159734890, L_0000026159734890, L_0000026159734890;
LS_00000261596d6180_1_0 .concat [ 4 4 4 4], LS_00000261596d6180_0_0, LS_00000261596d6180_0_4, LS_00000261596d6180_0_8, LS_00000261596d6180_0_12;
LS_00000261596d6180_1_4 .concat [ 4 4 4 4], LS_00000261596d6180_0_16, LS_00000261596d6180_0_20, LS_00000261596d6180_0_24, LS_00000261596d6180_0_28;
L_00000261596d6180 .concat [ 16 16 0 0], LS_00000261596d6180_1_0, LS_00000261596d6180_1_4;
L_00000261596d6fe0 .part v000002615964ec50_0, 0, 8;
L_00000261596d7940 .part v000002615964ec50_0, 0, 16;
LS_00000261596d6d60_0_0 .concat [ 1 1 1 1], L_00000261597362d0, L_00000261597362d0, L_00000261597362d0, L_00000261597362d0;
LS_00000261596d6d60_0_4 .concat [ 1 1 1 1], L_00000261597362d0, L_00000261597362d0, L_00000261597362d0, L_00000261597362d0;
LS_00000261596d6d60_0_8 .concat [ 1 1 1 1], L_00000261597362d0, L_00000261597362d0, L_00000261597362d0, L_00000261597362d0;
LS_00000261596d6d60_0_12 .concat [ 1 1 1 1], L_00000261597362d0, L_00000261597362d0, L_00000261597362d0, L_00000261597362d0;
LS_00000261596d6d60_0_16 .concat [ 1 1 1 1], L_00000261597362d0, L_00000261597362d0, L_00000261597362d0, L_00000261597362d0;
LS_00000261596d6d60_0_20 .concat [ 1 1 1 1], L_00000261597362d0, L_00000261597362d0, L_00000261597362d0, L_00000261597362d0;
LS_00000261596d6d60_0_24 .concat [ 1 1 1 1], L_00000261597362d0, L_00000261597362d0, L_00000261597362d0, L_00000261597362d0;
LS_00000261596d6d60_0_28 .concat [ 1 1 1 1], L_00000261597362d0, L_00000261597362d0, L_00000261597362d0, L_00000261597362d0;
LS_00000261596d6d60_1_0 .concat [ 4 4 4 4], LS_00000261596d6d60_0_0, LS_00000261596d6d60_0_4, LS_00000261596d6d60_0_8, LS_00000261596d6d60_0_12;
LS_00000261596d6d60_1_4 .concat [ 4 4 4 4], LS_00000261596d6d60_0_16, LS_00000261596d6d60_0_20, LS_00000261596d6d60_0_24, LS_00000261596d6d60_0_28;
L_00000261596d6d60 .concat [ 16 16 0 0], LS_00000261596d6d60_1_0, LS_00000261596d6d60_1_4;
S_00000261595b5a00 .scope module, "u_writeback" "writeback" 3 1239, 12 1 0, S_00000261595b4470;
 .timescale -9 -12;
    .port_info 0 /INPUT 32 "AluResult";
    .port_info 1 /INPUT 32 "LoadData";
    .port_info 2 /INPUT 32 "pc_plus4";
    .port_info 3 /INPUT 32 "Offset";
    .port_info 4 /INPUT 1 "MemToReg";
    .port_info 5 /INPUT 1 "lui";
    .port_info 6 /INPUT 1 "Jump";
    .port_info 7 /OUTPUT 32 "WriteData";
v000002615964f790_0 .net "AluResult", 31 0, v0000026159672ee0_0;  1 drivers
v000002615964e610_0 .net "Jump", 0 0, v0000026159675be0_0;  1 drivers
v000002615964e4d0_0 .net "LoadData", 31 0, v00000261596756e0_0;  1 drivers
v000002615964dcb0_0 .net "MemToReg", 0 0, v0000026159676860_0;  1 drivers
v000002615964dad0_0 .net "Offset", 31 0, v0000026159676b80_0;  1 drivers
v000002615964ed90_0 .net "WriteData", 31 0, L_00000261596d5c80;  alias, 1 drivers
v000002615964f650_0 .net *"_ivl_0", 31 0, L_00000261596d6b80;  1 drivers
v000002615964e1b0_0 .net *"_ivl_2", 31 0, L_00000261596d7760;  1 drivers
v000002615964ebb0_0 .net "lui", 0 0, v00000261596758c0_0;  1 drivers
v000002615964f150_0 .net "pc_plus4", 31 0, v0000026159676540_0;  1 drivers
L_00000261596d6b80 .functor MUXZ 32, v0000026159672ee0_0, v00000261596756e0_0, v0000026159676860_0, C4<>;
L_00000261596d7760 .functor MUXZ 32, L_00000261596d6b80, v0000026159676b80_0, v00000261596758c0_0, C4<>;
L_00000261596d5c80 .functor MUXZ 32, L_00000261596d7760, v0000026159676540_0, v0000026159675be0_0, C4<>;
S_00000261595b5b90 .scope module, "u_dmem" "memory" 2 94, 13 8 0, S_0000026159540f40;
 .timescale -9 -12;
    .port_info 0 /INPUT 1 "i_clk";
    .port_info 1 /INPUT 1 "i_rst";
    .port_info 2 /OUTPUT 1 "o_ready";
    .port_info 3 /INPUT 32 "i_addr";
    .port_info 4 /INPUT 1 "i_ren";
    .port_info 5 /INPUT 1 "i_wen";
    .port_info 6 /INPUT 4 "i_mask";
    .port_info 7 /INPUT 32 "i_wdata";
    .port_info 8 /OUTPUT 1 "o_valid";
    .port_info 9 /OUTPUT 32 "o_addr";
    .port_info 10 /OUTPUT 1 "o_wdone";
    .port_info 11 /OUTPUT 32 "o_rdata";
P_0000026159264b40 .param/l "INTERVAL" 0 13 14, +C4<00000000000000000000000000000010>;
P_0000026159264b78 .param/l "LATENCY" 0 13 12, +C4<00000000000000000000000000000100>;
P_0000026159264bb0 .param/l "SIZE" 0 13 10, +C4<00000000000000000000010000000000>;
L_0000026159738480 .functor NOT 1, v000002615965ce60_0, C4<0>, C4<0>, C4<0>;
L_00000261597376f0 .functor AND 1, L_0000026159738480, L_0000026159753e70, C4<1>, C4<1>;
v0000026159678200_2 .array/port v0000026159678200, 2;
L_0000026159736e30 .functor BUFZ 32, v0000026159678200_2, C4<00000000000000000000000000000000>, C4<00000000000000000000000000000000>, C4<00000000000000000000000000000000>;
v0000026159677120_2 .array/port v0000026159677120, 2;
L_0000026159737290 .functor BUFZ 4, v0000026159677120_2, C4<0000>, C4<0000>, C4<0000>;
v0000026159659260_2 .array/port v0000026159659260, 2;
L_0000026159737ed0 .functor BUFZ 32, v0000026159659260_2, C4<00000000000000000000000000000000>, C4<00000000000000000000000000000000>, C4<00000000000000000000000000000000>;
v0000026159678200_3 .array/port v0000026159678200, 3;
L_0000026159738560 .functor BUFZ 32, v0000026159678200_3, C4<00000000000000000000000000000000>, C4<00000000000000000000000000000000>, C4<00000000000000000000000000000000>;
v000002615965a7a0_3 .array/port v000002615965a7a0, 3;
L_0000026159737370 .functor BUFZ 1, v000002615965a7a0_3, C4<0>, C4<0>, C4<0>;
v000002615965a0c0_2 .array/port v000002615965a0c0, 2;
L_0000026159737060 .functor BUFZ 1, v000002615965a0c0_2, C4<0>, C4<0>, C4<0>;
L_0000026159737450 .functor BUFZ 32, L_00000261597542d0, C4<00000000000000000000000000000000>, C4<00000000000000000000000000000000>, C4<00000000000000000000000000000000>;
L_00000261597373e0 .functor BUFZ 32, L_0000026159738560, C4<00000000000000000000000000000000>, C4<00000000000000000000000000000000>, C4<00000000000000000000000000000000>;
L_0000026159737f40 .functor BUFZ 1, L_0000026159737370, C4<0>, C4<0>, C4<0>;
L_0000026159738020 .functor BUFZ 1, L_0000026159737060, C4<0>, C4<0>, C4<0>;
L_00000261597384f0 .functor BUFZ 1, L_00000261597376f0, C4<0>, C4<0>, C4<0>;
v0000026159677ee0_0 .net *"_ivl_0", 0 0, L_0000026159738480;  1 drivers
v0000026159678340_0 .net *"_ivl_2", 31 0, L_00000261597545f0;  1 drivers
v00000261596778a0_0 .net *"_ivl_32", 7 0, L_0000026159753f10;  1 drivers
L_0000026159683678 .functor BUFT 1, C4<00000000000000000000000000000011>, C4<0>, C4<0>, C4<0>;
v0000026159677bc0_0 .net/2u *"_ivl_34", 31 0, L_0000026159683678;  1 drivers
v0000026159678c00_0 .net *"_ivl_36", 31 0, L_0000026159754690;  1 drivers
v0000026159678e80_0 .net *"_ivl_38", 7 0, L_0000026159753650;  1 drivers
L_00000261596836c0 .functor BUFT 1, C4<00000000000000000000000000000010>, C4<0>, C4<0>, C4<0>;
v0000026159678d40_0 .net/2u *"_ivl_40", 31 0, L_00000261596836c0;  1 drivers
v0000026159678840_0 .net *"_ivl_42", 31 0, L_0000026159754e10;  1 drivers
v0000026159677e40_0 .net *"_ivl_44", 7 0, L_0000026159754a50;  1 drivers
L_0000026159683708 .functor BUFT 1, C4<00000000000000000000000000000001>, C4<0>, C4<0>, C4<0>;
v00000261596780c0_0 .net/2u *"_ivl_46", 31 0, L_0000026159683708;  1 drivers
v0000026159678de0_0 .net *"_ivl_48", 31 0, L_0000026159753010;  1 drivers
L_00000261596835e8 .functor BUFT 1, C4<0000000000000000000000000000000>, C4<0>, C4<0>, C4<0>;
v0000026159678160_0 .net *"_ivl_5", 30 0, L_00000261596835e8;  1 drivers
v0000026159677760_0 .net *"_ivl_50", 7 0, L_0000026159754b90;  1 drivers
L_0000026159683750 .functor BUFT 1, C4<00000000000000000000000000000000>, C4<0>, C4<0>, C4<0>;
v0000026159677940_0 .net/2u *"_ivl_52", 31 0, L_0000026159683750;  1 drivers
v0000026159678f20_0 .net *"_ivl_54", 31 0, L_0000026159754370;  1 drivers
L_0000026159683630 .functor BUFT 1, C4<00000000000000000000000000000000>, C4<0>, C4<0>, C4<0>;
v0000026159678660_0 .net/2u *"_ivl_6", 31 0, L_0000026159683630;  1 drivers
v0000026159677260_0 .net *"_ivl_8", 0 0, L_0000026159753e70;  1 drivers
v0000026159678200 .array "addrs", 3 0, 31 0;
v00000261596782a0_0 .net "i_addr", 31 0, L_0000026159735cb0;  alias, 1 drivers
v00000261596773a0_0 .net "i_clk", 0 0, v000002615965b600_0;  alias, 1 drivers
v0000026159678480_0 .net "i_mask", 3 0, L_00000261596d6e00;  alias, 1 drivers
v0000026159677440_0 .net "i_ren", 0 0, L_0000026159736b20;  alias, 1 drivers
v00000261596779e0_0 .net "i_rst", 0 0, v000002615965ce60_0;  alias, 1 drivers
v0000026159677b20_0 .net "i_wdata", 31 0, L_00000261597367a0;  alias, 1 drivers
v0000026159678fc0_0 .net "i_wen", 0 0, L_0000026159735150;  alias, 1 drivers
v00000261596774e0_0 .var "interval_counter", 0 0;
v00000261596787a0_0 .net "mask", 3 0, L_0000026159737290;  1 drivers
v0000026159677120 .array "masks", 3 0, 3 0;
v0000026159677a80 .array "mem", 1023 0, 7 0;
v00000261596771c0_0 .net "o_addr", 31 0, L_00000261597373e0;  1 drivers
v0000026159677580_0 .net "o_rdata", 31 0, L_0000026159737450;  alias, 1 drivers
v0000026159677620_0 .net "o_ready", 0 0, L_00000261597384f0;  alias, 1 drivers
v00000261596788e0_0 .net "o_valid", 0 0, L_0000026159737f40;  alias, 1 drivers
v0000026159677c60_0 .net "o_wdone", 0 0, L_0000026159738020;  alias, 1 drivers
v000002615965aca0_0 .net "raddr", 31 0, v0000026159678200_3;  1 drivers
v000002615965a480_0 .net "ready", 0 0, L_00000261597376f0;  1 drivers
v000002615965a3e0_0 .net "ren", 0 0, v000002615965a7a0_3;  1 drivers
v000002615965a7a0 .array "rens", 3 0, 0 0;
v000002615965b6a0_0 .net "res_addr", 31 0, L_0000026159738560;  1 drivers
v000002615965ab60_0 .net "res_rdata", 31 0, L_00000261597542d0;  1 drivers
v000002615965a5c0_0 .net "res_valid", 0 0, L_0000026159737370;  1 drivers
v0000026159659d00_0 .net "res_wdone", 0 0, L_0000026159737060;  1 drivers
v0000026159659c60_0 .net "waddr", 31 0, L_0000026159736e30;  1 drivers
v000002615965a2a0_0 .net "wdata", 31 0, L_0000026159737ed0;  1 drivers
v0000026159659260 .array "wdatas", 3 0, 31 0;
v000002615965a020_0 .net "wen", 0 0, v000002615965a0c0_2;  1 drivers
v000002615965a0c0 .array "wens", 3 0, 0 0;
L_00000261597545f0 .concat [ 1 31 0 0], v00000261596774e0_0, L_00000261596835e8;
L_0000026159753e70 .cmp/eq 32, L_00000261597545f0, L_0000026159683630;
L_0000026159753f10 .array/port v0000026159677a80, L_0000026159754690;
L_0000026159754690 .arith/sum 32, v0000026159678200_3, L_0000026159683678;
L_0000026159753650 .array/port v0000026159677a80, L_0000026159754e10;
L_0000026159754e10 .arith/sum 32, v0000026159678200_3, L_00000261596836c0;
L_0000026159754a50 .array/port v0000026159677a80, L_0000026159753010;
L_0000026159753010 .arith/sum 32, v0000026159678200_3, L_0000026159683708;
L_0000026159754b90 .array/port v0000026159677a80, L_0000026159754370;
L_0000026159754370 .arith/sum 32, v0000026159678200_3, L_0000026159683750;
L_00000261597542d0 .concat [ 8 8 8 8], L_0000026159754b90, L_0000026159754a50, L_0000026159753650, L_0000026159753f10;
S_00000261595b5d20 .scope generate, "genblk1[1]" "genblk1[1]" 13 102, 13 102 0, S_00000261595b5b90;
 .timescale -9 -12;
P_0000026159521470 .param/l "i" 0 13 102, +C4<01>;
S_00000261595b5eb0 .scope generate, "genblk1[2]" "genblk1[2]" 13 102, 13 102 0, S_00000261595b5b90;
 .timescale -9 -12;
P_0000026159520eb0 .param/l "i" 0 13 102, +C4<010>;
S_0000026159244cb0 .scope generate, "genblk1[3]" "genblk1[3]" 13 102, 13 102 0, S_00000261595b5b90;
 .timescale -9 -12;
P_0000026159520d70 .param/l "i" 0 13 102, +C4<011>;
S_0000026159245050 .scope module, "u_imem" "memory" 2 75, 13 8 0, S_0000026159540f40;
 .timescale -9 -12;
    .port_info 0 /INPUT 1 "i_clk";
    .port_info 1 /INPUT 1 "i_rst";
    .port_info 2 /OUTPUT 1 "o_ready";
    .port_info 3 /INPUT 32 "i_addr";
    .port_info 4 /INPUT 1 "i_ren";
    .port_info 5 /INPUT 1 "i_wen";
    .port_info 6 /INPUT 4 "i_mask";
    .port_info 7 /INPUT 32 "i_wdata";
    .port_info 8 /OUTPUT 1 "o_valid";
    .port_info 9 /OUTPUT 32 "o_addr";
    .port_info 10 /OUTPUT 1 "o_wdone";
    .port_info 11 /OUTPUT 32 "o_rdata";
P_0000026159264930 .param/l "INTERVAL" 0 13 14, +C4<00000000000000000000000000000010>;
P_0000026159264968 .param/l "LATENCY" 0 13 12, +C4<00000000000000000000000000000100>;
P_00000261592649a0 .param/l "SIZE" 0 13 10, +C4<00000000000000000000010000000000>;
L_0000026159737fb0 .functor NOT 1, v000002615965ce60_0, C4<0>, C4<0>, C4<0>;
L_0000026159738410 .functor AND 1, L_0000026159737fb0, L_00000261596d7b20, C4<1>, C4<1>;
v0000026159659bc0_2 .array/port v0000026159659bc0, 2;
L_0000026159736f80 .functor BUFZ 32, v0000026159659bc0_2, C4<00000000000000000000000000000000>, C4<00000000000000000000000000000000>, C4<00000000000000000000000000000000>;
v000002615965b240_2 .array/port v000002615965b240, 2;
L_0000026159736d50 .functor BUFZ 4, v000002615965b240_2, C4<0000>, C4<0000>, C4<0000>;
v000002615965a340_2 .array/port v000002615965a340, 2;
L_0000026159737ae0 .functor BUFZ 32, v000002615965a340_2, C4<00000000000000000000000000000000>, C4<00000000000000000000000000000000>, C4<00000000000000000000000000000000>;
v0000026159659bc0_3 .array/port v0000026159659bc0, 3;
L_0000026159737610 .functor BUFZ 32, v0000026159659bc0_3, C4<00000000000000000000000000000000>, C4<00000000000000000000000000000000>, C4<00000000000000000000000000000000>;
v00000261596599e0_3 .array/port v00000261596599e0, 3;
L_00000261597375a0 .functor BUFZ 1, v00000261596599e0_3, C4<0>, C4<0>, C4<0>;
v000002615965b560_2 .array/port v000002615965b560, 2;
L_0000026159737c30 .functor BUFZ 1, v000002615965b560_2, C4<0>, C4<0>, C4<0>;
L_0000026159737df0 .functor BUFZ 32, L_0000026159753970, C4<00000000000000000000000000000000>, C4<00000000000000000000000000000000>, C4<00000000000000000000000000000000>;
L_0000026159737b50 .functor BUFZ 32, L_0000026159737610, C4<00000000000000000000000000000000>, C4<00000000000000000000000000000000>, C4<00000000000000000000000000000000>;
L_0000026159737ca0 .functor BUFZ 1, L_00000261597375a0, C4<0>, C4<0>, C4<0>;
L_0000026159736dc0 .functor BUFZ 1, L_0000026159737c30, C4<0>, C4<0>, C4<0>;
L_0000026159736ff0 .functor BUFZ 1, L_0000026159738410, C4<0>, C4<0>, C4<0>;
v000002615965b2e0_0 .net *"_ivl_0", 0 0, L_0000026159737fb0;  1 drivers
v000002615965b740_0 .net *"_ivl_2", 31 0, L_00000261596d78a0;  1 drivers
v000002615965aac0_0 .net *"_ivl_32", 7 0, L_00000261596d79e0;  1 drivers
L_00000261596833f0 .functor BUFT 1, C4<00000000000000000000000000000011>, C4<0>, C4<0>, C4<0>;
v000002615965a700_0 .net/2u *"_ivl_34", 31 0, L_00000261596833f0;  1 drivers
v000002615965ac00_0 .net *"_ivl_36", 31 0, L_00000261596d7a80;  1 drivers
v000002615965a520_0 .net *"_ivl_38", 7 0, L_00000261596d7c60;  1 drivers
L_0000026159683438 .functor BUFT 1, C4<00000000000000000000000000000010>, C4<0>, C4<0>, C4<0>;
v00000261596596c0_0 .net/2u *"_ivl_40", 31 0, L_0000026159683438;  1 drivers
v000002615965ae80_0 .net *"_ivl_42", 31 0, L_00000261596d7da0;  1 drivers
v0000026159659620_0 .net *"_ivl_44", 7 0, L_00000261596d5fa0;  1 drivers
L_0000026159683480 .functor BUFT 1, C4<00000000000000000000000000000001>, C4<0>, C4<0>, C4<0>;
v000002615965b1a0_0 .net/2u *"_ivl_46", 31 0, L_0000026159683480;  1 drivers
v000002615965ad40_0 .net *"_ivl_48", 31 0, L_00000261596d7e40;  1 drivers
L_0000026159683360 .functor BUFT 1, C4<0000000000000000000000000000000>, C4<0>, C4<0>, C4<0>;
v0000026159659300_0 .net *"_ivl_5", 30 0, L_0000026159683360;  1 drivers
v000002615965a660_0 .net *"_ivl_50", 7 0, L_00000261596d7ee0;  1 drivers
L_00000261596834c8 .functor BUFT 1, C4<00000000000000000000000000000000>, C4<0>, C4<0>, C4<0>;
v0000026159659da0_0 .net/2u *"_ivl_52", 31 0, L_00000261596834c8;  1 drivers
v000002615965a840_0 .net *"_ivl_54", 31 0, L_0000026159753d30;  1 drivers
L_00000261596833a8 .functor BUFT 1, C4<00000000000000000000000000000000>, C4<0>, C4<0>, C4<0>;
v0000026159659a80_0 .net/2u *"_ivl_6", 31 0, L_00000261596833a8;  1 drivers
v0000026159659760_0 .net *"_ivl_8", 0 0, L_00000261596d7b20;  1 drivers
v0000026159659bc0 .array "addrs", 3 0, 31 0;
v00000261596593a0_0 .net "i_addr", 31 0, L_000002615970e430;  alias, 1 drivers
v000002615965ade0_0 .net "i_clk", 0 0, v000002615965b600_0;  alias, 1 drivers
L_0000026159683558 .functor BUFT 1, C4<1111>, C4<0>, C4<0>, C4<0>;
v0000026159659e40_0 .net "i_mask", 3 0, L_0000026159683558;  1 drivers
v0000026159659b20_0 .net "i_ren", 0 0, L_000002615970dc50;  alias, 1 drivers
v0000026159659440_0 .net "i_rst", 0 0, v000002615965ce60_0;  alias, 1 drivers
L_00000261596835a0 .functor BUFT 1, C4<00000000000000000000000000000000>, C4<0>, C4<0>, C4<0>;
v0000026159659940_0 .net "i_wdata", 31 0, L_00000261596835a0;  1 drivers
L_0000026159683510 .functor BUFT 1, C4<0>, C4<0>, C4<0>, C4<0>;
v00000261596598a0_0 .net "i_wen", 0 0, L_0000026159683510;  1 drivers
v000002615965b420_0 .var "interval_counter", 0 0;
v000002615965af20_0 .net "mask", 3 0, L_0000026159736d50;  1 drivers
v000002615965b240 .array "masks", 3 0, 3 0;
v000002615965b380 .array "mem", 1023 0, 7 0;
v000002615965a8e0_0 .net "o_addr", 31 0, L_0000026159737b50;  1 drivers
v000002615965a980_0 .net "o_rdata", 31 0, L_0000026159737df0;  alias, 1 drivers
v000002615965afc0_0 .net "o_ready", 0 0, L_0000026159736ff0;  alias, 1 drivers
v00000261596594e0_0 .net "o_valid", 0 0, L_0000026159737ca0;  alias, 1 drivers
v000002615965b7e0_0 .net "o_wdone", 0 0, L_0000026159736dc0;  1 drivers
v0000026159659ee0_0 .net "raddr", 31 0, v0000026159659bc0_3;  1 drivers
v0000026159659800_0 .net "ready", 0 0, L_0000026159738410;  1 drivers
v0000026159659580_0 .net "ren", 0 0, v00000261596599e0_3;  1 drivers
v00000261596599e0 .array "rens", 3 0, 0 0;
v000002615965aa20_0 .net "res_addr", 31 0, L_0000026159737610;  1 drivers
v000002615965b060_0 .net "res_rdata", 31 0, L_0000026159753970;  1 drivers
v000002615965b4c0_0 .net "res_valid", 0 0, L_00000261597375a0;  1 drivers
v000002615965a160_0 .net "res_wdone", 0 0, L_0000026159737c30;  1 drivers
v000002615965a200_0 .net "waddr", 31 0, L_0000026159736f80;  1 drivers
v0000026159659f80_0 .net "wdata", 31 0, L_0000026159737ae0;  1 drivers
v000002615965a340 .array "wdatas", 3 0, 31 0;
v000002615965b100_0 .net "wen", 0 0, v000002615965b560_2;  1 drivers
v000002615965b560 .array "wens", 3 0, 0 0;
L_00000261596d78a0 .concat [ 1 31 0 0], v000002615965b420_0, L_0000026159683360;
L_00000261596d7b20 .cmp/eq 32, L_00000261596d78a0, L_00000261596833a8;
L_00000261596d79e0 .array/port v000002615965b380, L_00000261596d7a80;
L_00000261596d7a80 .arith/sum 32, v0000026159659bc0_3, L_00000261596833f0;
L_00000261596d7c60 .array/port v000002615965b380, L_00000261596d7da0;
L_00000261596d7da0 .arith/sum 32, v0000026159659bc0_3, L_0000026159683438;
L_00000261596d5fa0 .array/port v000002615965b380, L_00000261596d7e40;
L_00000261596d7e40 .arith/sum 32, v0000026159659bc0_3, L_0000026159683480;
L_00000261596d7ee0 .array/port v000002615965b380, L_0000026159753d30;
L_0000026159753d30 .arith/sum 32, v0000026159659bc0_3, L_00000261596834c8;
L_0000026159753970 .concat [ 8 8 8 8], L_00000261596d7ee0, L_00000261596d5fa0, L_00000261596d7c60, L_00000261596d79e0;
S_0000026159658560 .scope generate, "genblk1[1]" "genblk1[1]" 13 102, 13 102 0, S_0000026159245050;
 .timescale -9 -12;
P_00000261595217b0 .param/l "i" 0 13 102, +C4<01>;
S_0000026159658880 .scope generate, "genblk1[2]" "genblk1[2]" 13 102, 13 102 0, S_0000026159245050;
 .timescale -9 -12;
P_0000026159520e30 .param/l "i" 0 13 102, +C4<010>;
S_0000026159658a10 .scope generate, "genblk1[3]" "genblk1[3]" 13 102, 13 102 0, S_0000026159245050;
 .timescale -9 -12;
P_0000026159520bb0 .param/l "i" 0 13 102, +C4<011>;
    .scope S_0000026158d22ce0;
T_0 ;
    %wait E_00000261595208f0;
    %load/vec4 v00000261596455b0_0;
    %flag_set/vec4 8;
    %jmp/0xz  T_0.0, 8;
    %pushi/vec4 0, 0, 2;
    %assign/vec4 v000002615964b7d0_0, 0;
    %pushi/vec4 0, 0, 22;
    %assign/vec4 v0000026159637190_0, 0;
    %pushi/vec4 0, 0, 5;
    %assign/vec4 v0000026159638090_0, 0;
    %pushi/vec4 0, 0, 4;
    %assign/vec4 v0000026159637370_0, 0;
    %pushi/vec4 0, 0, 2;
    %assign/vec4 v00000261596370f0_0, 0;
    %pushi/vec4 0, 0, 1;
    %assign/vec4 v0000026159637550_0, 0;
    %pushi/vec4 0, 0, 1;
    %assign/vec4 v0000026159645510_0, 0;
    %pushi/vec4 0, 0, 4;
    %assign/vec4 v00000261596381d0_0, 0;
    %pushi/vec4 0, 0, 32;
    %assign/vec4 v0000026159638770_0, 0;
    %pushi/vec4 0, 0, 4;
    %assign/vec4 v0000026159636dd0_0, 0;
    %pushi/vec4 0, 0, 4;
    %assign/vec4 v0000026159637d70_0, 0;
    %pushi/vec4 0, 0, 1;
    %assign/vec4 v0000026159636150_0, 0;
    %pushi/vec4 0, 0, 22;
    %assign/vec4 v000002615964c810_0, 0;
    %pushi/vec4 0, 0, 5;
    %assign/vec4 v000002615964b0f0_0, 0;
    %pushi/vec4 0, 0, 4;
    %assign/vec4 v000002615964ba50_0, 0;
    %pushi/vec4 0, 0, 2;
    %assign/vec4 v000002615964b730_0, 0;
    %pushi/vec4 0, 0, 1;
    %assign/vec4 v0000026159637eb0_0, 0;
    %pushi/vec4 0, 0, 1;
    %assign/vec4 v0000026159636e70_0, 0;
    %pushi/vec4 0, 0, 4;
    %assign/vec4 v0000026159636a10_0, 0;
    %pushi/vec4 0, 0, 32;
    %assign/vec4 v000002615964ce50_0, 0;
    %pushi/vec4 0, 0, 1;
    %assign/vec4 v0000026159643a30_0, 0;
    %pushi/vec4 0, 0, 1;
    %assign/vec4 v0000026159645a10_0, 0;
    %pushi/vec4 0, 0, 32;
    %assign/vec4 v0000026159645ab0_0, 0;
    %pushi/vec4 0, 0, 1;
    %assign/vec4 v0000026159636830_0, 0;
    %pushi/vec4 0, 0, 22;
    %assign/vec4 v0000026159637b90_0, 0;
    %pushi/vec4 0, 0, 5;
    %assign/vec4 v0000026159636d30_0, 0;
    %pushi/vec4 0, 0, 4;
    %assign/vec4 v00000261596383b0_0, 0;
    %pushi/vec4 0, 0, 1;
    %assign/vec4 v0000026159637050_0, 0;
    %pushi/vec4 0, 0, 4;
    %assign/vec4 v00000261596366f0_0, 0;
    %pushi/vec4 0, 0, 32;
    %assign/vec4 v0000026159637f50_0, 0;
    %pushi/vec4 0, 0, 5;
    %assign/vec4 v000002615964ab50_0, 0;
    %pushi/vec4 0, 0, 5;
    %assign/vec4 v000002615964abf0_0, 0;
    %pushi/vec4 0, 0, 6;
    %assign/vec4 v000002615964b550_0, 0;
    %pushi/vec4 0, 0, 32;
    %assign/vec4 v000002615964aa10_0, 0;
    %pushi/vec4 0, 0, 32;
    %assign/vec4 v000002615964cbd0_0, 0;
    %pushi/vec4 0, 0, 32;
    %assign/vec4 v000002615964b230_0, 0;
    %pushi/vec4 0, 0, 32;
    %assign/vec4 v000002615964c270_0, 0;
    %jmp T_0.1;
T_0.0 ;
    %pushi/vec4 0, 0, 1;
    %assign/vec4 v0000026159645a10_0, 0;
    %load/vec4 v000002615964b410_0;
    %flag_set/vec4 8;
    %jmp/0xz  T_0.2, 8;
    %load/vec4 v000002615964bf50_0;
    %load/vec4 v000002615964abf0_0;
    %pad/u 7;
    %ix/vec4 3;
    %ix/load 4, 0, 0; Constant delay
    %assign/vec4/a/d v000002615964c1d0, 0, 4;
    %load/vec4 v000002615964cef0_0;
    %load/vec4 v000002615964abf0_0;
    %pad/u 7;
    %ix/vec4 3;
    %ix/load 4, 0, 0; Constant delay
    %assign/vec4/a/d v000002615964bd70, 0, 4;
T_0.2 ;
    %load/vec4 v000002615964b4b0_0;
    %flag_set/vec4 8;
    %jmp/0xz  T_0.4, 8;
    %load/vec4 v000002615964ab50_0;
    %addi 1, 0, 5;
    %assign/vec4 v000002615964ab50_0, 0;
T_0.4 ;
    %load/vec4 v000002615964b410_0;
    %flag_set/vec4 8;
    %jmp/0xz  T_0.6, 8;
    %load/vec4 v000002615964abf0_0;
    %addi 1, 0, 5;
    %assign/vec4 v000002615964abf0_0, 0;
T_0.6 ;
    %load/vec4 v000002615964b410_0;
    %load/vec4 v000002615964b4b0_0;
    %concat/vec4; draw_concat_vec4
    %dup/vec4;
    %pushi/vec4 2, 0, 2;
    %cmp/u;
    %jmp/1 T_0.8, 6;
    %dup/vec4;
    %pushi/vec4 1, 0, 2;
    %cmp/u;
    %jmp/1 T_0.9, 6;
    %load/vec4 v000002615964b550_0;
    %assign/vec4 v000002615964b550_0, 0;
    %jmp T_0.11;
T_0.8 ;
    %load/vec4 v000002615964b550_0;
    %addi 1, 0, 6;
    %assign/vec4 v000002615964b550_0, 0;
    %jmp T_0.11;
T_0.9 ;
    %load/vec4 v000002615964b550_0;
    %subi 1, 0, 6;
    %assign/vec4 v000002615964b550_0, 0;
    %jmp T_0.11;
T_0.11 ;
    %pop/vec4 1;
    %load/vec4 v0000026159637cd0_0;
    %load/vec4 v0000026159636830_0;
    %inv;
    %and;
    %flag_set/vec4 8;
    %jmp/0xz  T_0.12, 8;
    %pushi/vec4 1, 0, 1;
    %assign/vec4 v0000026159636830_0, 0;
    %load/vec4 v00000261596377d0_0;
    %assign/vec4 v0000026159637b90_0, 0;
    %load/vec4 v0000026159636790_0;
    %assign/vec4 v0000026159636d30_0, 0;
    %load/vec4 v00000261596372d0_0;
    %assign/vec4 v00000261596383b0_0, 0;
    %load/vec4 v00000261596451f0_0;
    %assign/vec4 v0000026159637050_0, 0;
    %load/vec4 v00000261596453d0_0;
    %assign/vec4 v00000261596366f0_0, 0;
    %load/vec4 v00000261596450b0_0;
    %assign/vec4 v0000026159637f50_0, 0;
T_0.12 ;
    %load/vec4 v000002615964b7d0_0;
    %dup/vec4;
    %pushi/vec4 0, 0, 2;
    %cmp/u;
    %jmp/1 T_0.14, 6;
    %dup/vec4;
    %pushi/vec4 1, 0, 2;
    %cmp/u;
    %jmp/1 T_0.15, 6;
    %dup/vec4;
    %pushi/vec4 2, 0, 2;
    %cmp/u;
    %jmp/1 T_0.16, 6;
    %pushi/vec4 0, 0, 2;
    %assign/vec4 v000002615964b7d0_0, 0;
    %jmp T_0.18;
T_0.14 ;
    %load/vec4 v0000026159636830_0;
    %flag_set/vec4 8;
    %jmp/0xz  T_0.19, 8;
    %load/vec4 v0000026159637690_0;
    %flag_set/vec4 8;
    %jmp/0xz  T_0.21, 8;
    %load/vec4 v00000261596365b0_0;
    %addi 1, 0, 2;
    %load/vec4 v0000026159636d30_0;
    %pad/u 7;
    %ix/vec4 3;
    %ix/load 4, 0, 0; Constant delay
    %assign/vec4/a/d v0000026159637230, 0, 4;
    %pushi/vec4 0, 0, 1;
    %assign/vec4 v0000026159636830_0, 0;
    %jmp T_0.22;
T_0.21 ;
    %load/vec4 v0000026159637b90_0;
    %assign/vec4 v0000026159637190_0, 0;
    %load/vec4 v0000026159636d30_0;
    %assign/vec4 v0000026159638090_0, 0;
    %load/vec4 v00000261596383b0_0;
    %assign/vec4 v0000026159637370_0, 0;
    %load/vec4 v0000026159638810_0;
    %assign/vec4 v00000261596370f0_0, 0;
    %load/vec4 v0000026159637050_0;
    %assign/vec4 v0000026159637550_0, 0;
    %pushi/vec4 0, 0, 1;
    %assign/vec4 v0000026159645510_0, 0;
    %load/vec4 v00000261596366f0_0;
    %assign/vec4 v00000261596381d0_0, 0;
    %load/vec4 v0000026159637f50_0;
    %assign/vec4 v0000026159638770_0, 0;
    %pushi/vec4 0, 0, 4;
    %assign/vec4 v0000026159636dd0_0, 0;
    %pushi/vec4 0, 0, 1;
    %assign/vec4 v0000026159636150_0, 0;
    %load/vec4 v0000026159637b90_0;
    %assign/vec4 v000002615964c810_0, 0;
    %load/vec4 v0000026159636d30_0;
    %assign/vec4 v000002615964b0f0_0, 0;
    %load/vec4 v00000261596383b0_0;
    %assign/vec4 v000002615964ba50_0, 0;
    %load/vec4 v0000026159638810_0;
    %assign/vec4 v000002615964b730_0, 0;
    %load/vec4 v0000026159637050_0;
    %assign/vec4 v0000026159637eb0_0, 0;
    %pushi/vec4 0, 0, 1;
    %assign/vec4 v0000026159636e70_0, 0;
    %load/vec4 v00000261596366f0_0;
    %assign/vec4 v0000026159636a10_0, 0;
    %load/vec4 v0000026159637f50_0;
    %assign/vec4 v000002615964ce50_0, 0;
    %pushi/vec4 0, 0, 4;
    %assign/vec4 v0000026159637d70_0, 0;
    %pushi/vec4 0, 0, 1;
    %assign/vec4 v0000026159643a30_0, 0;
    %pushi/vec4 0, 0, 1;
    %assign/vec4 v0000026159636830_0, 0;
    %pushi/vec4 1, 0, 2;
    %assign/vec4 v000002615964b7d0_0, 0;
T_0.22 ;
    %jmp T_0.20;
T_0.19 ;
    %load/vec4 v0000026159645f10_0;
    %load/vec4 v0000026159645b50_0;
    %and;
    %flag_set/vec4 8;
    %jmp/0xz  T_0.23, 8;
    %load/vec4 v0000026159645d30_0;
    %addi 1, 0, 2;
    %load/vec4 v0000026159636790_0;
    %pad/u 7;
    %ix/vec4 3;
    %ix/load 4, 0, 0; Constant delay
    %assign/vec4/a/d v0000026159637230, 0, 4;
    %jmp T_0.24;
T_0.23 ;
    %load/vec4 v000002615964b5f0_0;
    %flag_set/vec4 8;
    %jmp/0xz  T_0.25, 8;
    %load/vec4 v0000026159645d30_0;
    %dup/vec4;
    %pushi/vec4 0, 0, 2;
    %cmp/u;
    %jmp/1 T_0.27, 6;
    %dup/vec4;
    %pushi/vec4 1, 0, 2;
    %cmp/u;
    %jmp/1 T_0.28, 6;
    %dup/vec4;
    %pushi/vec4 2, 0, 2;
    %cmp/u;
    %jmp/1 T_0.29, 6;
    %load/vec4 v0000026159645470_0;
    %load/vec4 v0000026159636790_0;
    %pad/u 11;
    %pad/u 14;
    %muli 8, 0, 14;
    %pad/u 15;
    %load/vec4 v00000261596372d0_0;
    %pad/u 5;
    %pad/u 15;
    %add;
    %ix/vec4 3;
    %ix/load 4, 0, 0; Constant delay
    %assign/vec4/a/d v0000026159645bf0, 0, 4;
    %jmp T_0.31;
T_0.27 ;
    %load/vec4 v0000026159645470_0;
    %load/vec4 v0000026159636790_0;
    %pad/u 11;
    %pad/u 14;
    %muli 8, 0, 14;
    %pad/u 15;
    %load/vec4 v00000261596372d0_0;
    %pad/u 5;
    %pad/u 15;
    %add;
    %ix/vec4 3;
    %ix/load 4, 0, 0; Constant delay
    %assign/vec4/a/d v0000026159645290, 0, 4;
    %jmp T_0.31;
T_0.28 ;
    %load/vec4 v0000026159645470_0;
    %load/vec4 v0000026159636790_0;
    %pad/u 11;
    %pad/u 14;
    %muli 8, 0, 14;
    %pad/u 15;
    %load/vec4 v00000261596372d0_0;
    %pad/u 5;
    %pad/u 15;
    %add;
    %ix/vec4 3;
    %ix/load 4, 0, 0; Constant delay
    %assign/vec4/a/d v0000026159645650, 0, 4;
    %jmp T_0.31;
T_0.29 ;
    %load/vec4 v0000026159645470_0;
    %load/vec4 v0000026159636790_0;
    %pad/u 11;
    %pad/u 14;
    %muli 8, 0, 14;
    %pad/u 15;
    %load/vec4 v00000261596372d0_0;
    %pad/u 5;
    %pad/u 15;
    %add;
    %ix/vec4 3;
    %ix/load 4, 0, 0; Constant delay
    %assign/vec4/a/d v0000026159645330, 0, 4;
    %jmp T_0.31;
T_0.31 ;
    %pop/vec4 1;
    %load/vec4 v0000026159645d30_0;
    %addi 1, 0, 2;
    %load/vec4 v0000026159636790_0;
    %pad/u 7;
    %ix/vec4 3;
    %ix/load 4, 0, 0; Constant delay
    %assign/vec4/a/d v0000026159637230, 0, 4;
    %jmp T_0.26;
T_0.25 ;
    %load/vec4 v000002615964cd10_0;
    %flag_set/vec4 8;
    %jmp/0xz  T_0.32, 8;
    %load/vec4 v00000261596377d0_0;
    %assign/vec4 v0000026159637190_0, 0;
    %load/vec4 v0000026159636790_0;
    %assign/vec4 v0000026159638090_0, 0;
    %load/vec4 v00000261596372d0_0;
    %assign/vec4 v0000026159637370_0, 0;
    %load/vec4 v0000026159645d30_0;
    %assign/vec4 v00000261596370f0_0, 0;
    %pushi/vec4 1, 0, 1;
    %assign/vec4 v0000026159637550_0, 0;
    %pushi/vec4 0, 0, 1;
    %assign/vec4 v0000026159645510_0, 0;
    %load/vec4 v00000261596453d0_0;
    %assign/vec4 v00000261596381d0_0, 0;
    %load/vec4 v00000261596450b0_0;
    %assign/vec4 v0000026159638770_0, 0;
    %load/vec4 v00000261596377d0_0;
    %assign/vec4 v000002615964c810_0, 0;
    %load/vec4 v0000026159636790_0;
    %assign/vec4 v000002615964b0f0_0, 0;
    %load/vec4 v00000261596372d0_0;
    %assign/vec4 v000002615964ba50_0, 0;
    %load/vec4 v0000026159645d30_0;
    %assign/vec4 v000002615964b730_0, 0;
    %pushi/vec4 1, 0, 1;
    %assign/vec4 v0000026159637eb0_0, 0;
    %pushi/vec4 0, 0, 1;
    %assign/vec4 v0000026159636e70_0, 0;
    %load/vec4 v00000261596453d0_0;
    %assign/vec4 v0000026159636a10_0, 0;
    %load/vec4 v00000261596450b0_0;
    %assign/vec4 v000002615964ce50_0, 0;
    %pushi/vec4 0, 0, 1;
    %assign/vec4 v0000026159643a30_0, 0;
    %pushi/vec4 2, 0, 2;
    %assign/vec4 v000002615964b7d0_0, 0;
    %jmp T_0.33;
T_0.32 ;
    %load/vec4 v0000026159637a50_0;
    %load/vec4 v000002615964b910_0;
    %or;
    %flag_set/vec4 8;
    %jmp/0xz  T_0.34, 8;
    %load/vec4 v00000261596377d0_0;
    %assign/vec4 v0000026159637190_0, 0;
    %load/vec4 v0000026159636790_0;
    %assign/vec4 v0000026159638090_0, 0;
    %load/vec4 v00000261596372d0_0;
    %assign/vec4 v0000026159637370_0, 0;
    %load/vec4 v000002615964bcd0_0;
    %assign/vec4 v00000261596370f0_0, 0;
    %load/vec4 v00000261596451f0_0;
    %assign/vec4 v0000026159637550_0, 0;
    %pushi/vec4 0, 0, 1;
    %assign/vec4 v0000026159645510_0, 0;
    %load/vec4 v00000261596453d0_0;
    %assign/vec4 v00000261596381d0_0, 0;
    %load/vec4 v00000261596450b0_0;
    %assign/vec4 v0000026159638770_0, 0;
    %pushi/vec4 0, 0, 4;
    %assign/vec4 v0000026159636dd0_0, 0;
    %pushi/vec4 0, 0, 1;
    %assign/vec4 v0000026159636150_0, 0;
    %load/vec4 v00000261596377d0_0;
    %assign/vec4 v000002615964c810_0, 0;
    %load/vec4 v0000026159636790_0;
    %assign/vec4 v000002615964b0f0_0, 0;
    %load/vec4 v00000261596372d0_0;
    %assign/vec4 v000002615964ba50_0, 0;
    %load/vec4 v000002615964bcd0_0;
    %assign/vec4 v000002615964b730_0, 0;
    %load/vec4 v00000261596451f0_0;
    %assign/vec4 v0000026159637eb0_0, 0;
    %pushi/vec4 0, 0, 1;
    %assign/vec4 v0000026159636e70_0, 0;
    %load/vec4 v00000261596453d0_0;
    %assign/vec4 v0000026159636a10_0, 0;
    %load/vec4 v00000261596450b0_0;
    %assign/vec4 v000002615964ce50_0, 0;
    %pushi/vec4 0, 0, 4;
    %assign/vec4 v0000026159637d70_0, 0;
    %pushi/vec4 0, 0, 1;
    %assign/vec4 v0000026159643a30_0, 0;
    %pushi/vec4 1, 0, 2;
    %assign/vec4 v000002615964b7d0_0, 0;
T_0.34 ;
T_0.33 ;
T_0.26 ;
T_0.24 ;
T_0.20 ;
    %jmp T_0.18;
T_0.15 ;
    %load/vec4 v0000026159636650_0;
    %flag_set/vec4 8;
    %jmp/0xz  T_0.36, 8;
    %load/vec4 v0000026159636dd0_0;
    %cmpi/e 7, 0, 4;
    %jmp/0xz  T_0.38, 4;
    %pushi/vec4 1, 0, 1;
    %assign/vec4 v0000026159636150_0, 0;
    %jmp T_0.39;
T_0.38 ;
    %load/vec4 v0000026159636dd0_0;
    %addi 1, 0, 4;
    %assign/vec4 v0000026159636dd0_0, 0;
T_0.39 ;
T_0.36 ;
    %load/vec4 v0000026159645dd0_0;
    %flag_set/vec4 8;
    %jmp/0xz  T_0.40, 8;
    %load/vec4 v000002615964b730_0;
    %dup/vec4;
    %pushi/vec4 0, 0, 2;
    %cmp/u;
    %jmp/1 T_0.42, 6;
    %dup/vec4;
    %pushi/vec4 1, 0, 2;
    %cmp/u;
    %jmp/1 T_0.43, 6;
    %dup/vec4;
    %pushi/vec4 2, 0, 2;
    %cmp/u;
    %jmp/1 T_0.44, 6;
    %load/vec4 v0000026159645830_0;
    %load/vec4 v000002615964b0f0_0;
    %pad/u 11;
    %pad/u 14;
    %muli 8, 0, 14;
    %pad/u 15;
    %load/vec4 v0000026159638450_0;
    %pad/u 5;
    %pad/u 15;
    %add;
    %ix/vec4 3;
    %ix/load 4, 0, 0; Constant delay
    %assign/vec4/a/d v0000026159645bf0, 0, 4;
    %jmp T_0.46;
T_0.42 ;
    %load/vec4 v0000026159645830_0;
    %load/vec4 v000002615964b0f0_0;
    %pad/u 11;
    %pad/u 14;
    %muli 8, 0, 14;
    %pad/u 15;
    %load/vec4 v0000026159638450_0;
    %pad/u 5;
    %pad/u 15;
    %add;
    %ix/vec4 3;
    %ix/load 4, 0, 0; Constant delay
    %assign/vec4/a/d v0000026159645290, 0, 4;
    %jmp T_0.46;
T_0.43 ;
    %load/vec4 v0000026159645830_0;
    %load/vec4 v000002615964b0f0_0;
    %pad/u 11;
    %pad/u 14;
    %muli 8, 0, 14;
    %pad/u 15;
    %load/vec4 v0000026159638450_0;
    %pad/u 5;
    %pad/u 15;
    %add;
    %ix/vec4 3;
    %ix/load 4, 0, 0; Constant delay
    %assign/vec4/a/d v0000026159645650, 0, 4;
    %jmp T_0.46;
T_0.44 ;
    %load/vec4 v0000026159645830_0;
    %load/vec4 v000002615964b0f0_0;
    %pad/u 11;
    %pad/u 14;
    %muli 8, 0, 14;
    %pad/u 15;
    %load/vec4 v0000026159638450_0;
    %pad/u 5;
    %pad/u 15;
    %add;
    %ix/vec4 3;
    %ix/load 4, 0, 0; Constant delay
    %assign/vec4/a/d v0000026159645330, 0, 4;
    %jmp T_0.46;
T_0.46 ;
    %pop/vec4 1;
    %load/vec4 v0000026159637d70_0;
    %cmpi/e 0, 0, 4;
    %flag_get/vec4 4;
    %jmp/0 T_0.50, 4;
    %load/vec4 v0000026159636e70_0;
    %inv;
    %and;
T_0.50;
    %flag_set/vec4 9;
    %flag_get/vec4 9;
    %jmp/0 T_0.49, 9;
    %load/vec4 v0000026159637eb0_0;
    %inv;
    %and;
T_0.49;
    %flag_set/vec4 8;
    %jmp/0xz  T_0.47, 8;
    %pushi/vec4 1, 0, 1;
    %assign/vec4 v0000026159645a10_0, 0;
    %load/vec4 v0000026159645830_0;
    %assign/vec4 v0000026159645ab0_0, 0;
T_0.47 ;
    %load/vec4 v0000026159637d70_0;
    %cmpi/e 7, 0, 4;
    %jmp/0xz  T_0.51, 4;
    %load/vec4 v000002615964b730_0;
    %dup/vec4;
    %pushi/vec4 0, 0, 2;
    %cmp/u;
    %jmp/1 T_0.53, 6;
    %dup/vec4;
    %pushi/vec4 1, 0, 2;
    %cmp/u;
    %jmp/1 T_0.54, 6;
    %dup/vec4;
    %pushi/vec4 2, 0, 2;
    %cmp/u;
    %jmp/1 T_0.55, 6;
    %load/vec4 v000002615964c810_0;
    %load/vec4 v000002615964b0f0_0;
    %pad/u 7;
    %ix/vec4 3;
    %ix/load 4, 0, 0; Constant delay
    %assign/vec4/a/d v000002615964b690, 0, 4;
    %pushi/vec4 1, 0, 1;
    %ix/load 5, 0, 0;
    %ix/getv 4, v000002615964b0f0_0;
    %assign/vec4/off/d v000002615964c270_0, 4, 5;
    %jmp T_0.57;
T_0.53 ;
    %load/vec4 v000002615964c810_0;
    %load/vec4 v000002615964b0f0_0;
    %pad/u 7;
    %ix/vec4 3;
    %ix/load 4, 0, 0; Constant delay
    %assign/vec4/a/d v000002615964c8b0, 0, 4;
    %pushi/vec4 1, 0, 1;
    %ix/load 5, 0, 0;
    %ix/getv 4, v000002615964b0f0_0;
    %assign/vec4/off/d v000002615964aa10_0, 4, 5;
    %jmp T_0.57;
T_0.54 ;
    %load/vec4 v000002615964c810_0;
    %load/vec4 v000002615964b0f0_0;
    %pad/u 7;
    %ix/vec4 3;
    %ix/load 4, 0, 0; Constant delay
    %assign/vec4/a/d v000002615964b190, 0, 4;
    %pushi/vec4 1, 0, 1;
    %ix/load 5, 0, 0;
    %ix/getv 4, v000002615964b0f0_0;
    %assign/vec4/off/d v000002615964cbd0_0, 4, 5;
    %jmp T_0.57;
T_0.55 ;
    %load/vec4 v000002615964c810_0;
    %load/vec4 v000002615964b0f0_0;
    %pad/u 7;
    %ix/vec4 3;
    %ix/load 4, 0, 0; Constant delay
    %assign/vec4/a/d v000002615964c950, 0, 4;
    %pushi/vec4 1, 0, 1;
    %ix/load 5, 0, 0;
    %ix/getv 4, v000002615964b0f0_0;
    %assign/vec4/off/d v000002615964b230_0, 4, 5;
    %jmp T_0.57;
T_0.57 ;
    %pop/vec4 1;
    %load/vec4 v000002615964b730_0;
    %addi 1, 0, 2;
    %load/vec4 v000002615964b0f0_0;
    %pad/u 7;
    %ix/vec4 3;
    %ix/load 4, 0, 0; Constant delay
    %assign/vec4/a/d v0000026159637230, 0, 4;
    %load/vec4 v0000026159643a30_0;
    %flag_set/vec4 8;
    %jmp/0xz  T_0.58, 8;
    %load/vec4 v0000026159637190_0;
    %assign/vec4 v000002615964c810_0, 0;
    %load/vec4 v0000026159638090_0;
    %assign/vec4 v000002615964b0f0_0, 0;
    %load/vec4 v0000026159637370_0;
    %assign/vec4 v000002615964ba50_0, 0;
    %load/vec4 v00000261596370f0_0;
    %assign/vec4 v000002615964b730_0, 0;
    %load/vec4 v0000026159645510_0;
    %assign/vec4 v0000026159636e70_0, 0;
    %load/vec4 v0000026159637550_0;
    %assign/vec4 v0000026159637eb0_0, 0;
    %load/vec4 v00000261596381d0_0;
    %assign/vec4 v0000026159636a10_0, 0;
    %load/vec4 v0000026159638770_0;
    %assign/vec4 v000002615964ce50_0, 0;
    %pushi/vec4 0, 0, 4;
    %assign/vec4 v0000026159637d70_0, 0;
    %pushi/vec4 0, 0, 1;
    %assign/vec4 v0000026159643a30_0, 0;
    %jmp T_0.59;
T_0.58 ;
    %load/vec4 v0000026159636e70_0;
    %flag_set/vec4 8;
    %jmp/0xz  T_0.60, 8;
    %pushi/vec4 1, 0, 1;
    %flag_set/vec4 11;
    %flag_get/vec4 11;
    %jmp/0 T_0.66, 11;
    %load/vec4 v0000026159636830_0;
    %inv;
    %and;
T_0.66;
    %flag_set/vec4 10;
    %flag_get/vec4 10;
    %jmp/0 T_0.65, 10;
    %load/vec4 v0000026159637a50_0;
    %load/vec4 v000002615964b910_0;
    %or;
    %load/vec4 v000002615964cd10_0;
    %or;
    %inv;
    %and;
T_0.65;
    %flag_set/vec4 9;
    %flag_get/vec4 9;
    %jmp/0 T_0.64, 9;
    %load/vec4 v00000261596374b0_0;
    %inv;
    %and;
T_0.64;
    %flag_set/vec4 8;
    %jmp/0xz  T_0.62, 8;
    %load/vec4 v0000026159636ab0_0;
    %assign/vec4 v0000026159637190_0, 0;
    %load/vec4 v0000026159638310_0;
    %assign/vec4 v0000026159638090_0, 0;
    %pushi/vec4 0, 0, 4;
    %assign/vec4 v0000026159637370_0, 0;
    %load/vec4 v0000026159636bf0_0;
    %assign/vec4 v00000261596370f0_0, 0;
    %pushi/vec4 0, 0, 1;
    %assign/vec4 v0000026159637550_0, 0;
    %pushi/vec4 1, 0, 1;
    %assign/vec4 v0000026159645510_0, 0;
    %pushi/vec4 0, 0, 4;
    %assign/vec4 v00000261596381d0_0, 0;
    %pushi/vec4 0, 0, 32;
    %assign/vec4 v0000026159638770_0, 0;
    %pushi/vec4 0, 0, 4;
    %assign/vec4 v0000026159636dd0_0, 0;
    %pushi/vec4 0, 0, 1;
    %assign/vec4 v0000026159636150_0, 0;
    %load/vec4 v0000026159636ab0_0;
    %assign/vec4 v000002615964c810_0, 0;
    %load/vec4 v0000026159638310_0;
    %assign/vec4 v000002615964b0f0_0, 0;
    %pushi/vec4 0, 0, 4;
    %assign/vec4 v000002615964ba50_0, 0;
    %load/vec4 v0000026159636bf0_0;
    %assign/vec4 v000002615964b730_0, 0;
    %pushi/vec4 1, 0, 1;
    %assign/vec4 v0000026159636e70_0, 0;
    %pushi/vec4 0, 0, 1;
    %assign/vec4 v0000026159637eb0_0, 0;
    %pushi/vec4 0, 0, 4;
    %assign/vec4 v0000026159636a10_0, 0;
    %pushi/vec4 0, 0, 32;
    %assign/vec4 v000002615964ce50_0, 0;
    %pushi/vec4 0, 0, 4;
    %assign/vec4 v0000026159637d70_0, 0;
    %jmp T_0.63;
T_0.62 ;
    %pushi/vec4 0, 0, 1;
    %assign/vec4 v0000026159645510_0, 0;
    %pushi/vec4 0, 0, 1;
    %assign/vec4 v0000026159636e70_0, 0;
    %pushi/vec4 0, 0, 2;
    %assign/vec4 v000002615964b7d0_0, 0;
T_0.63 ;
    %jmp T_0.61;
T_0.60 ;
    %load/vec4 v0000026159637eb0_0;
    %flag_set/vec4 8;
    %jmp/0xz  T_0.67, 8;
    %pushi/vec4 2, 0, 2;
    %assign/vec4 v000002615964b7d0_0, 0;
    %jmp T_0.68;
T_0.67 ;
    %pushi/vec4 1, 0, 1;
    %flag_set/vec4 10;
    %flag_get/vec4 10;
    %jmp/0 T_0.72, 10;
    %load/vec4 v0000026159636830_0;
    %inv;
    %and;
T_0.72;
    %flag_set/vec4 9;
    %flag_get/vec4 9;
    %jmp/0 T_0.71, 9;
    %load/vec4 v00000261596374b0_0;
    %inv;
    %and;
T_0.71;
    %flag_set/vec4 8;
    %jmp/0xz  T_0.69, 8;
    %load/vec4 v0000026159636ab0_0;
    %assign/vec4 v0000026159637190_0, 0;
    %load/vec4 v0000026159638310_0;
    %assign/vec4 v0000026159638090_0, 0;
    %pushi/vec4 0, 0, 4;
    %assign/vec4 v0000026159637370_0, 0;
    %load/vec4 v0000026159636bf0_0;
    %assign/vec4 v00000261596370f0_0, 0;
    %pushi/vec4 0, 0, 1;
    %assign/vec4 v0000026159637550_0, 0;
    %pushi/vec4 1, 0, 1;
    %assign/vec4 v0000026159645510_0, 0;
    %pushi/vec4 0, 0, 4;
    %assign/vec4 v00000261596381d0_0, 0;
    %pushi/vec4 0, 0, 32;
    %assign/vec4 v0000026159638770_0, 0;
    %pushi/vec4 0, 0, 4;
    %assign/vec4 v0000026159636dd0_0, 0;
    %pushi/vec4 0, 0, 1;
    %assign/vec4 v0000026159636150_0, 0;
    %load/vec4 v0000026159636ab0_0;
    %assign/vec4 v000002615964c810_0, 0;
    %load/vec4 v0000026159638310_0;
    %assign/vec4 v000002615964b0f0_0, 0;
    %pushi/vec4 0, 0, 4;
    %assign/vec4 v000002615964ba50_0, 0;
    %load/vec4 v0000026159636bf0_0;
    %assign/vec4 v000002615964b730_0, 0;
    %pushi/vec4 1, 0, 1;
    %assign/vec4 v0000026159636e70_0, 0;
    %pushi/vec4 0, 0, 1;
    %assign/vec4 v0000026159637eb0_0, 0;
    %pushi/vec4 0, 0, 4;
    %assign/vec4 v0000026159636a10_0, 0;
    %pushi/vec4 0, 0, 32;
    %assign/vec4 v000002615964ce50_0, 0;
    %pushi/vec4 0, 0, 4;
    %assign/vec4 v0000026159637d70_0, 0;
    %pushi/vec4 1, 0, 2;
    %assign/vec4 v000002615964b7d0_0, 0;
    %jmp T_0.70;
T_0.69 ;
    %pushi/vec4 0, 0, 2;
    %assign/vec4 v000002615964b7d0_0, 0;
T_0.70 ;
T_0.68 ;
T_0.61 ;
T_0.59 ;
    %jmp T_0.52;
T_0.51 ;
    %load/vec4 v0000026159637d70_0;
    %addi 1, 0, 4;
    %assign/vec4 v0000026159637d70_0, 0;
T_0.52 ;
T_0.40 ;
    %jmp T_0.18;
T_0.16 ;
    %load/vec4 v000002615964b9b0_0;
    %flag_set/vec4 8;
    %jmp/0xz  T_0.73, 8;
    %load/vec4 v00000261596370f0_0;
    %dup/vec4;
    %pushi/vec4 0, 0, 2;
    %cmp/u;
    %jmp/1 T_0.75, 6;
    %dup/vec4;
    %pushi/vec4 1, 0, 2;
    %cmp/u;
    %jmp/1 T_0.76, 6;
    %dup/vec4;
    %pushi/vec4 2, 0, 2;
    %cmp/u;
    %jmp/1 T_0.77, 6;
    %load/vec4 v00000261596379b0_0;
    %load/vec4 v0000026159638090_0;
    %pad/u 11;
    %pad/u 14;
    %muli 8, 0, 14;
    %pad/u 15;
    %load/vec4 v0000026159637370_0;
    %pad/u 5;
    %pad/u 15;
    %add;
    %ix/vec4 3;
    %ix/load 4, 0, 0; Constant delay
    %assign/vec4/a/d v0000026159645bf0, 0, 4;
    %jmp T_0.79;
T_0.75 ;
    %load/vec4 v00000261596379b0_0;
    %load/vec4 v0000026159638090_0;
    %pad/u 11;
    %pad/u 14;
    %muli 8, 0, 14;
    %pad/u 15;
    %load/vec4 v0000026159637370_0;
    %pad/u 5;
    %pad/u 15;
    %add;
    %ix/vec4 3;
    %ix/load 4, 0, 0; Constant delay
    %assign/vec4/a/d v0000026159645290, 0, 4;
    %jmp T_0.79;
T_0.76 ;
    %load/vec4 v00000261596379b0_0;
    %load/vec4 v0000026159638090_0;
    %pad/u 11;
    %pad/u 14;
    %muli 8, 0, 14;
    %pad/u 15;
    %load/vec4 v0000026159637370_0;
    %pad/u 5;
    %pad/u 15;
    %add;
    %ix/vec4 3;
    %ix/load 4, 0, 0; Constant delay
    %assign/vec4/a/d v0000026159645650, 0, 4;
    %jmp T_0.79;
T_0.77 ;
    %load/vec4 v00000261596379b0_0;
    %load/vec4 v0000026159638090_0;
    %pad/u 11;
    %pad/u 14;
    %muli 8, 0, 14;
    %pad/u 15;
    %load/vec4 v0000026159637370_0;
    %pad/u 5;
    %pad/u 15;
    %add;
    %ix/vec4 3;
    %ix/load 4, 0, 0; Constant delay
    %assign/vec4/a/d v0000026159645330, 0, 4;
    %jmp T_0.79;
T_0.79 ;
    %pop/vec4 1;
    %load/vec4 v00000261596370f0_0;
    %addi 1, 0, 2;
    %load/vec4 v0000026159638090_0;
    %pad/u 7;
    %ix/vec4 3;
    %ix/load 4, 0, 0; Constant delay
    %assign/vec4/a/d v0000026159637230, 0, 4;
    %pushi/vec4 0, 0, 2;
    %assign/vec4 v000002615964b7d0_0, 0;
T_0.73 ;
    %jmp T_0.18;
T_0.18 ;
    %pop/vec4 1;
T_0.1 ;
    %jmp T_0;
    .thread T_0;
    .scope S_0000026158d6a1f0;
T_1 ;
    %wait E_00000261595208f0;
    %load/vec4 v0000026159605f50_0;
    %flag_set/vec4 8;
    %jmp/0xz  T_1.0, 8;
    %pushi/vec4 0, 0, 2;
    %assign/vec4 v0000026159607850_0, 0;
    %pushi/vec4 0, 0, 22;
    %assign/vec4 v0000026159604b50_0, 0;
    %pushi/vec4 0, 0, 6;
    %assign/vec4 v0000026159604830_0, 0;
    %pushi/vec4 0, 0, 4;
    %assign/vec4 v00000261596050f0_0, 0;
    %pushi/vec4 0, 0, 2;
    %assign/vec4 v0000026159604bf0_0, 0;
    %pushi/vec4 0, 0, 1;
    %assign/vec4 v0000026159605ff0_0, 0;
    %pushi/vec4 0, 0, 1;
    %assign/vec4 v00000261596045b0_0, 0;
    %pushi/vec4 0, 0, 4;
    %assign/vec4 v0000026159603ed0_0, 0;
    %pushi/vec4 0, 0, 32;
    %assign/vec4 v0000026159604150_0, 0;
    %pushi/vec4 0, 0, 4;
    %assign/vec4 v0000026159607e90_0, 0;
    %pushi/vec4 0, 0, 4;
    %assign/vec4 v0000026159606f90_0, 0;
    %pushi/vec4 0, 0, 1;
    %assign/vec4 v0000026159607cb0_0, 0;
    %pushi/vec4 0, 0, 22;
    %assign/vec4 v0000026159606a90_0, 0;
    %pushi/vec4 0, 0, 6;
    %assign/vec4 v0000026159607670_0, 0;
    %pushi/vec4 0, 0, 4;
    %assign/vec4 v00000261596077b0_0, 0;
    %pushi/vec4 0, 0, 2;
    %assign/vec4 v0000026159607d50_0, 0;
    %pushi/vec4 0, 0, 1;
    %assign/vec4 v00000261596072b0_0, 0;
    %pushi/vec4 0, 0, 1;
    %assign/vec4 v0000026159607df0_0, 0;
    %pushi/vec4 0, 0, 4;
    %assign/vec4 v0000026159607530_0, 0;
    %pushi/vec4 0, 0, 32;
    %assign/vec4 v0000026159606310_0, 0;
    %pushi/vec4 0, 0, 1;
    %assign/vec4 v0000026159605690_0, 0;
    %pushi/vec4 0, 0, 1;
    %assign/vec4 v0000026159605c30_0, 0;
    %pushi/vec4 0, 0, 32;
    %assign/vec4 v0000026159603e30_0, 0;
    %pushi/vec4 0, 0, 1;
    %assign/vec4 v0000026159607710_0, 0;
    %pushi/vec4 0, 0, 22;
    %assign/vec4 v00000261596086b0_0, 0;
    %pushi/vec4 0, 0, 6;
    %assign/vec4 v0000026159606bd0_0, 0;
    %pushi/vec4 0, 0, 4;
    %assign/vec4 v0000026159606810_0, 0;
    %pushi/vec4 0, 0, 1;
    %assign/vec4 v00000261596073f0_0, 0;
    %pushi/vec4 0, 0, 4;
    %assign/vec4 v0000026159606e50_0, 0;
    %pushi/vec4 0, 0, 32;
    %assign/vec4 v00000261596068b0_0, 0;
    %pushi/vec4 0, 0, 5;
    %assign/vec4 v00000261596286c0_0, 0;
    %pushi/vec4 0, 0, 5;
    %assign/vec4 v00000261596263c0_0, 0;
    %pushi/vec4 0, 0, 6;
    %assign/vec4 v00000261596265a0_0, 0;
    %pushi/vec4 0, 0, 64;
    %assign/vec4 v0000026159608570_0, 0;
    %pushi/vec4 0, 0, 64;
    %assign/vec4 v0000026159608610_0, 0;
    %pushi/vec4 0, 0, 64;
    %assign/vec4 v00000261596087f0_0, 0;
    %pushi/vec4 0, 0, 64;
    %assign/vec4 v0000026159606090_0, 0;
    %jmp T_1.1;
T_1.0 ;
    %pushi/vec4 0, 0, 1;
    %assign/vec4 v0000026159605c30_0, 0;
    %load/vec4 v0000026159626280_0;
    %flag_set/vec4 8;
    %jmp/0xz  T_1.2, 8;
    %load/vec4 v0000026159626500_0;
    %load/vec4 v00000261596263c0_0;
    %pad/u 7;
    %ix/vec4 3;
    %ix/load 4, 0, 0; Constant delay
    %assign/vec4/a/d v0000026159626140, 0, 4;
    %load/vec4 v00000261596260a0_0;
    %load/vec4 v00000261596263c0_0;
    %pad/u 7;
    %ix/vec4 3;
    %ix/load 4, 0, 0; Constant delay
    %assign/vec4/a/d v0000026159627680, 0, 4;
T_1.2 ;
    %load/vec4 v0000026159626320_0;
    %flag_set/vec4 8;
    %jmp/0xz  T_1.4, 8;
    %load/vec4 v00000261596286c0_0;
    %addi 1, 0, 5;
    %assign/vec4 v00000261596286c0_0, 0;
T_1.4 ;
    %load/vec4 v0000026159626280_0;
    %flag_set/vec4 8;
    %jmp/0xz  T_1.6, 8;
    %load/vec4 v00000261596263c0_0;
    %addi 1, 0, 5;
    %assign/vec4 v00000261596263c0_0, 0;
T_1.6 ;
    %load/vec4 v0000026159626280_0;
    %load/vec4 v0000026159626320_0;
    %concat/vec4; draw_concat_vec4
    %dup/vec4;
    %pushi/vec4 2, 0, 2;
    %cmp/u;
    %jmp/1 T_1.8, 6;
    %dup/vec4;
    %pushi/vec4 1, 0, 2;
    %cmp/u;
    %jmp/1 T_1.9, 6;
    %load/vec4 v00000261596265a0_0;
    %assign/vec4 v00000261596265a0_0, 0;
    %jmp T_1.11;
T_1.8 ;
    %load/vec4 v00000261596265a0_0;
    %addi 1, 0, 6;
    %assign/vec4 v00000261596265a0_0, 0;
    %jmp T_1.11;
T_1.9 ;
    %load/vec4 v00000261596265a0_0;
    %subi 1, 0, 6;
    %assign/vec4 v00000261596265a0_0, 0;
    %jmp T_1.11;
T_1.11 ;
    %pop/vec4 1;
    %load/vec4 v0000026159606c70_0;
    %load/vec4 v0000026159607710_0;
    %inv;
    %and;
    %flag_set/vec4 8;
    %jmp/0xz  T_1.12, 8;
    %pushi/vec4 1, 0, 1;
    %assign/vec4 v0000026159607710_0, 0;
    %load/vec4 v0000026159607f30_0;
    %assign/vec4 v00000261596086b0_0, 0;
    %load/vec4 v0000026159607ad0_0;
    %assign/vec4 v0000026159606bd0_0, 0;
    %load/vec4 v0000026159608250_0;
    %assign/vec4 v0000026159606810_0, 0;
    %load/vec4 v0000026159604290_0;
    %assign/vec4 v00000261596073f0_0, 0;
    %load/vec4 v0000026159604790_0;
    %assign/vec4 v0000026159606e50_0, 0;
    %load/vec4 v0000026159604f10_0;
    %assign/vec4 v00000261596068b0_0, 0;
T_1.12 ;
    %load/vec4 v0000026159607850_0;
    %dup/vec4;
    %pushi/vec4 0, 0, 2;
    %cmp/u;
    %jmp/1 T_1.14, 6;
    %dup/vec4;
    %pushi/vec4 1, 0, 2;
    %cmp/u;
    %jmp/1 T_1.15, 6;
    %dup/vec4;
    %pushi/vec4 2, 0, 2;
    %cmp/u;
    %jmp/1 T_1.16, 6;
    %pushi/vec4 0, 0, 2;
    %assign/vec4 v0000026159607850_0, 0;
    %jmp T_1.18;
T_1.14 ;
    %load/vec4 v0000026159607710_0;
    %flag_set/vec4 8;
    %jmp/0xz  T_1.19, 8;
    %load/vec4 v0000026159607990_0;
    %flag_set/vec4 8;
    %jmp/0xz  T_1.21, 8;
    %load/vec4 v0000026159606d10_0;
    %addi 1, 0, 2;
    %load/vec4 v0000026159606bd0_0;
    %pad/u 8;
    %ix/vec4 3;
    %ix/load 4, 0, 0; Constant delay
    %assign/vec4/a/d v0000026159607030, 0, 4;
    %pushi/vec4 0, 0, 1;
    %assign/vec4 v0000026159607710_0, 0;
    %jmp T_1.22;
T_1.21 ;
    %load/vec4 v00000261596086b0_0;
    %assign/vec4 v0000026159604b50_0, 0;
    %load/vec4 v0000026159606bd0_0;
    %assign/vec4 v0000026159604830_0, 0;
    %load/vec4 v0000026159606810_0;
    %assign/vec4 v00000261596050f0_0, 0;
    %load/vec4 v0000026159606950_0;
    %assign/vec4 v0000026159604bf0_0, 0;
    %load/vec4 v00000261596073f0_0;
    %assign/vec4 v0000026159605ff0_0, 0;
    %pushi/vec4 0, 0, 1;
    %assign/vec4 v00000261596045b0_0, 0;
    %load/vec4 v0000026159606e50_0;
    %assign/vec4 v0000026159603ed0_0, 0;
    %load/vec4 v00000261596068b0_0;
    %assign/vec4 v0000026159604150_0, 0;
    %pushi/vec4 0, 0, 4;
    %assign/vec4 v0000026159607e90_0, 0;
    %pushi/vec4 0, 0, 1;
    %assign/vec4 v0000026159607cb0_0, 0;
    %load/vec4 v00000261596086b0_0;
    %assign/vec4 v0000026159606a90_0, 0;
    %load/vec4 v0000026159606bd0_0;
    %assign/vec4 v0000026159607670_0, 0;
    %load/vec4 v0000026159606810_0;
    %assign/vec4 v00000261596077b0_0, 0;
    %load/vec4 v0000026159606950_0;
    %assign/vec4 v0000026159607d50_0, 0;
    %load/vec4 v00000261596073f0_0;
    %assign/vec4 v00000261596072b0_0, 0;
    %pushi/vec4 0, 0, 1;
    %assign/vec4 v0000026159607df0_0, 0;
    %load/vec4 v0000026159606e50_0;
    %assign/vec4 v0000026159607530_0, 0;
    %load/vec4 v00000261596068b0_0;
    %assign/vec4 v0000026159606310_0, 0;
    %pushi/vec4 0, 0, 4;
    %assign/vec4 v0000026159606f90_0, 0;
    %pushi/vec4 0, 0, 1;
    %assign/vec4 v0000026159605690_0, 0;
    %pushi/vec4 0, 0, 1;
    %assign/vec4 v0000026159607710_0, 0;
    %pushi/vec4 1, 0, 2;
    %assign/vec4 v0000026159607850_0, 0;
T_1.22 ;
    %jmp T_1.20;
T_1.19 ;
    %load/vec4 v0000026159604ab0_0;
    %load/vec4 v0000026159604010_0;
    %and;
    %flag_set/vec4 8;
    %jmp/0xz  T_1.23, 8;
    %load/vec4 v0000026159605910_0;
    %addi 1, 0, 2;
    %load/vec4 v0000026159607ad0_0;
    %pad/u 8;
    %ix/vec4 3;
    %ix/load 4, 0, 0; Constant delay
    %assign/vec4/a/d v0000026159607030, 0, 4;
    %jmp T_1.24;
T_1.23 ;
    %load/vec4 v0000026159627fe0_0;
    %flag_set/vec4 8;
    %jmp/0xz  T_1.25, 8;
    %load/vec4 v0000026159605910_0;
    %dup/vec4;
    %pushi/vec4 0, 0, 2;
    %cmp/u;
    %jmp/1 T_1.27, 6;
    %dup/vec4;
    %pushi/vec4 1, 0, 2;
    %cmp/u;
    %jmp/1 T_1.28, 6;
    %dup/vec4;
    %pushi/vec4 2, 0, 2;
    %cmp/u;
    %jmp/1 T_1.29, 6;
    %load/vec4 v0000026159605d70_0;
    %load/vec4 v0000026159607ad0_0;
    %pad/u 11;
    %pad/u 13;
    %muli 4, 0, 13;
    %pad/u 14;
    %load/vec4 v0000026159608250_0;
    %pad/u 14;
    %add;
    %ix/vec4 3;
    %ix/load 4, 0, 0; Constant delay
    %assign/vec4/a/d v0000026159605870, 0, 4;
    %jmp T_1.31;
T_1.27 ;
    %load/vec4 v0000026159605d70_0;
    %load/vec4 v0000026159607ad0_0;
    %pad/u 11;
    %pad/u 13;
    %muli 4, 0, 13;
    %pad/u 14;
    %load/vec4 v0000026159608250_0;
    %pad/u 14;
    %add;
    %ix/vec4 3;
    %ix/load 4, 0, 0; Constant delay
    %assign/vec4/a/d v0000026159603930, 0, 4;
    %jmp T_1.31;
T_1.28 ;
    %load/vec4 v0000026159605d70_0;
    %load/vec4 v0000026159607ad0_0;
    %pad/u 11;
    %pad/u 13;
    %muli 4, 0, 13;
    %pad/u 14;
    %load/vec4 v0000026159608250_0;
    %pad/u 14;
    %add;
    %ix/vec4 3;
    %ix/load 4, 0, 0; Constant delay
    %assign/vec4/a/d v0000026159605370, 0, 4;
    %jmp T_1.31;
T_1.29 ;
    %load/vec4 v0000026159605d70_0;
    %load/vec4 v0000026159607ad0_0;
    %pad/u 11;
    %pad/u 13;
    %muli 4, 0, 13;
    %pad/u 14;
    %load/vec4 v0000026159608250_0;
    %pad/u 14;
    %add;
    %ix/vec4 3;
    %ix/load 4, 0, 0; Constant delay
    %assign/vec4/a/d v00000261596040b0, 0, 4;
    %jmp T_1.31;
T_1.31 ;
    %pop/vec4 1;
    %load/vec4 v0000026159605910_0;
    %addi 1, 0, 2;
    %load/vec4 v0000026159607ad0_0;
    %pad/u 8;
    %ix/vec4 3;
    %ix/load 4, 0, 0; Constant delay
    %assign/vec4/a/d v0000026159607030, 0, 4;
    %jmp T_1.26;
T_1.25 ;
    %load/vec4 v0000026159628080_0;
    %flag_set/vec4 8;
    %jmp/0xz  T_1.32, 8;
    %load/vec4 v0000026159607f30_0;
    %assign/vec4 v0000026159604b50_0, 0;
    %load/vec4 v0000026159607ad0_0;
    %assign/vec4 v0000026159604830_0, 0;
    %load/vec4 v0000026159608250_0;
    %assign/vec4 v00000261596050f0_0, 0;
    %load/vec4 v0000026159605910_0;
    %assign/vec4 v0000026159604bf0_0, 0;
    %pushi/vec4 1, 0, 1;
    %assign/vec4 v0000026159605ff0_0, 0;
    %pushi/vec4 0, 0, 1;
    %assign/vec4 v00000261596045b0_0, 0;
    %load/vec4 v0000026159604790_0;
    %assign/vec4 v0000026159603ed0_0, 0;
    %load/vec4 v0000026159604f10_0;
    %assign/vec4 v0000026159604150_0, 0;
    %load/vec4 v0000026159607f30_0;
    %assign/vec4 v0000026159606a90_0, 0;
    %load/vec4 v0000026159607ad0_0;
    %assign/vec4 v0000026159607670_0, 0;
    %load/vec4 v0000026159608250_0;
    %assign/vec4 v00000261596077b0_0, 0;
    %load/vec4 v0000026159605910_0;
    %assign/vec4 v0000026159607d50_0, 0;
    %pushi/vec4 1, 0, 1;
    %assign/vec4 v00000261596072b0_0, 0;
    %pushi/vec4 0, 0, 1;
    %assign/vec4 v0000026159607df0_0, 0;
    %load/vec4 v0000026159604790_0;
    %assign/vec4 v0000026159607530_0, 0;
    %load/vec4 v0000026159604f10_0;
    %assign/vec4 v0000026159606310_0, 0;
    %pushi/vec4 0, 0, 1;
    %assign/vec4 v0000026159605690_0, 0;
    %pushi/vec4 2, 0, 2;
    %assign/vec4 v0000026159607850_0, 0;
    %jmp T_1.33;
T_1.32 ;
    %load/vec4 v0000026159606ef0_0;
    %load/vec4 v0000026159628620_0;
    %or;
    %flag_set/vec4 8;
    %jmp/0xz  T_1.34, 8;
    %load/vec4 v0000026159607f30_0;
    %assign/vec4 v0000026159604b50_0, 0;
    %load/vec4 v0000026159607ad0_0;
    %assign/vec4 v0000026159604830_0, 0;
    %load/vec4 v0000026159608250_0;
    %assign/vec4 v00000261596050f0_0, 0;
    %load/vec4 v00000261596061d0_0;
    %assign/vec4 v0000026159604bf0_0, 0;
    %load/vec4 v0000026159604290_0;
    %assign/vec4 v0000026159605ff0_0, 0;
    %pushi/vec4 0, 0, 1;
    %assign/vec4 v00000261596045b0_0, 0;
    %load/vec4 v0000026159604790_0;
    %assign/vec4 v0000026159603ed0_0, 0;
    %load/vec4 v0000026159604f10_0;
    %assign/vec4 v0000026159604150_0, 0;
    %pushi/vec4 0, 0, 4;
    %assign/vec4 v0000026159607e90_0, 0;
    %pushi/vec4 0, 0, 1;
    %assign/vec4 v0000026159607cb0_0, 0;
    %load/vec4 v0000026159607f30_0;
    %assign/vec4 v0000026159606a90_0, 0;
    %load/vec4 v0000026159607ad0_0;
    %assign/vec4 v0000026159607670_0, 0;
    %load/vec4 v0000026159608250_0;
    %assign/vec4 v00000261596077b0_0, 0;
    %load/vec4 v00000261596061d0_0;
    %assign/vec4 v0000026159607d50_0, 0;
    %load/vec4 v0000026159604290_0;
    %assign/vec4 v00000261596072b0_0, 0;
    %pushi/vec4 0, 0, 1;
    %assign/vec4 v0000026159607df0_0, 0;
    %load/vec4 v0000026159604790_0;
    %assign/vec4 v0000026159607530_0, 0;
    %load/vec4 v0000026159604f10_0;
    %assign/vec4 v0000026159606310_0, 0;
    %pushi/vec4 0, 0, 4;
    %assign/vec4 v0000026159606f90_0, 0;
    %pushi/vec4 0, 0, 1;
    %assign/vec4 v0000026159605690_0, 0;
    %pushi/vec4 1, 0, 2;
    %assign/vec4 v0000026159607850_0, 0;
T_1.34 ;
T_1.33 ;
T_1.26 ;
T_1.24 ;
T_1.20 ;
    %jmp T_1.18;
T_1.15 ;
    %load/vec4 v0000026159606770_0;
    %flag_set/vec4 8;
    %jmp/0xz  T_1.36, 8;
    %load/vec4 v0000026159607e90_0;
    %cmpi/e 3, 0, 4;
    %jmp/0xz  T_1.38, 4;
    %pushi/vec4 1, 0, 1;
    %assign/vec4 v0000026159607cb0_0, 0;
    %jmp T_1.39;
T_1.38 ;
    %load/vec4 v0000026159607e90_0;
    %addi 1, 0, 4;
    %assign/vec4 v0000026159607e90_0, 0;
T_1.39 ;
T_1.36 ;
    %load/vec4 v0000026159604510_0;
    %flag_set/vec4 8;
    %jmp/0xz  T_1.40, 8;
    %load/vec4 v0000026159607d50_0;
    %dup/vec4;
    %pushi/vec4 0, 0, 2;
    %cmp/u;
    %jmp/1 T_1.42, 6;
    %dup/vec4;
    %pushi/vec4 1, 0, 2;
    %cmp/u;
    %jmp/1 T_1.43, 6;
    %dup/vec4;
    %pushi/vec4 2, 0, 2;
    %cmp/u;
    %jmp/1 T_1.44, 6;
    %load/vec4 v00000261596043d0_0;
    %load/vec4 v0000026159607670_0;
    %pad/u 11;
    %pad/u 13;
    %muli 4, 0, 13;
    %pad/u 14;
    %load/vec4 v0000026159606130_0;
    %pad/u 14;
    %add;
    %ix/vec4 3;
    %ix/load 4, 0, 0; Constant delay
    %assign/vec4/a/d v0000026159605870, 0, 4;
    %jmp T_1.46;
T_1.42 ;
    %load/vec4 v00000261596043d0_0;
    %load/vec4 v0000026159607670_0;
    %pad/u 11;
    %pad/u 13;
    %muli 4, 0, 13;
    %pad/u 14;
    %load/vec4 v0000026159606130_0;
    %pad/u 14;
    %add;
    %ix/vec4 3;
    %ix/load 4, 0, 0; Constant delay
    %assign/vec4/a/d v0000026159603930, 0, 4;
    %jmp T_1.46;
T_1.43 ;
    %load/vec4 v00000261596043d0_0;
    %load/vec4 v0000026159607670_0;
    %pad/u 11;
    %pad/u 13;
    %muli 4, 0, 13;
    %pad/u 14;
    %load/vec4 v0000026159606130_0;
    %pad/u 14;
    %add;
    %ix/vec4 3;
    %ix/load 4, 0, 0; Constant delay
    %assign/vec4/a/d v0000026159605370, 0, 4;
    %jmp T_1.46;
T_1.44 ;
    %load/vec4 v00000261596043d0_0;
    %load/vec4 v0000026159607670_0;
    %pad/u 11;
    %pad/u 13;
    %muli 4, 0, 13;
    %pad/u 14;
    %load/vec4 v0000026159606130_0;
    %pad/u 14;
    %add;
    %ix/vec4 3;
    %ix/load 4, 0, 0; Constant delay
    %assign/vec4/a/d v00000261596040b0, 0, 4;
    %jmp T_1.46;
T_1.46 ;
    %pop/vec4 1;
    %load/vec4 v0000026159606f90_0;
    %cmpi/e 0, 0, 4;
    %flag_get/vec4 4;
    %jmp/0 T_1.50, 4;
    %load/vec4 v0000026159607df0_0;
    %inv;
    %and;
T_1.50;
    %flag_set/vec4 9;
    %flag_get/vec4 9;
    %jmp/0 T_1.49, 9;
    %load/vec4 v00000261596072b0_0;
    %inv;
    %and;
T_1.49;
    %flag_set/vec4 8;
    %jmp/0xz  T_1.47, 8;
    %pushi/vec4 1, 0, 1;
    %assign/vec4 v0000026159605c30_0, 0;
    %load/vec4 v00000261596043d0_0;
    %assign/vec4 v0000026159603e30_0, 0;
T_1.47 ;
    %load/vec4 v0000026159606f90_0;
    %cmpi/e 3, 0, 4;
    %jmp/0xz  T_1.51, 4;
    %load/vec4 v0000026159607d50_0;
    %dup/vec4;
    %pushi/vec4 0, 0, 2;
    %cmp/u;
    %jmp/1 T_1.53, 6;
    %dup/vec4;
    %pushi/vec4 1, 0, 2;
    %cmp/u;
    %jmp/1 T_1.54, 6;
    %dup/vec4;
    %pushi/vec4 2, 0, 2;
    %cmp/u;
    %jmp/1 T_1.55, 6;
    %load/vec4 v0000026159606a90_0;
    %load/vec4 v0000026159607670_0;
    %pad/u 8;
    %ix/vec4 3;
    %ix/load 4, 0, 0; Constant delay
    %assign/vec4/a/d v00000261596084d0, 0, 4;
    %pushi/vec4 1, 0, 1;
    %ix/load 5, 0, 0;
    %ix/getv 4, v0000026159607670_0;
    %assign/vec4/off/d v0000026159606090_0, 4, 5;
    %jmp T_1.57;
T_1.53 ;
    %load/vec4 v0000026159606a90_0;
    %load/vec4 v0000026159607670_0;
    %pad/u 8;
    %ix/vec4 3;
    %ix/load 4, 0, 0; Constant delay
    %assign/vec4/a/d v00000261596082f0, 0, 4;
    %pushi/vec4 1, 0, 1;
    %ix/load 5, 0, 0;
    %ix/getv 4, v0000026159607670_0;
    %assign/vec4/off/d v0000026159608570_0, 4, 5;
    %jmp T_1.57;
T_1.54 ;
    %load/vec4 v0000026159606a90_0;
    %load/vec4 v0000026159607670_0;
    %pad/u 8;
    %ix/vec4 3;
    %ix/load 4, 0, 0; Constant delay
    %assign/vec4/a/d v0000026159607b70, 0, 4;
    %pushi/vec4 1, 0, 1;
    %ix/load 5, 0, 0;
    %ix/getv 4, v0000026159607670_0;
    %assign/vec4/off/d v0000026159608610_0, 4, 5;
    %jmp T_1.57;
T_1.55 ;
    %load/vec4 v0000026159606a90_0;
    %load/vec4 v0000026159607670_0;
    %pad/u 8;
    %ix/vec4 3;
    %ix/load 4, 0, 0; Constant delay
    %assign/vec4/a/d v00000261596081b0, 0, 4;
    %pushi/vec4 1, 0, 1;
    %ix/load 5, 0, 0;
    %ix/getv 4, v0000026159607670_0;
    %assign/vec4/off/d v00000261596087f0_0, 4, 5;
    %jmp T_1.57;
T_1.57 ;
    %pop/vec4 1;
    %load/vec4 v0000026159607d50_0;
    %addi 1, 0, 2;
    %load/vec4 v0000026159607670_0;
    %pad/u 8;
    %ix/vec4 3;
    %ix/load 4, 0, 0; Constant delay
    %assign/vec4/a/d v0000026159607030, 0, 4;
    %load/vec4 v0000026159605690_0;
    %flag_set/vec4 8;
    %jmp/0xz  T_1.58, 8;
    %load/vec4 v0000026159604b50_0;
    %assign/vec4 v0000026159606a90_0, 0;
    %load/vec4 v0000026159604830_0;
    %assign/vec4 v0000026159607670_0, 0;
    %load/vec4 v00000261596050f0_0;
    %assign/vec4 v00000261596077b0_0, 0;
    %load/vec4 v0000026159604bf0_0;
    %assign/vec4 v0000026159607d50_0, 0;
    %load/vec4 v00000261596045b0_0;
    %assign/vec4 v0000026159607df0_0, 0;
    %load/vec4 v0000026159605ff0_0;
    %assign/vec4 v00000261596072b0_0, 0;
    %load/vec4 v0000026159603ed0_0;
    %assign/vec4 v0000026159607530_0, 0;
    %load/vec4 v0000026159604150_0;
    %assign/vec4 v0000026159606310_0, 0;
    %pushi/vec4 0, 0, 4;
    %assign/vec4 v0000026159606f90_0, 0;
    %pushi/vec4 0, 0, 1;
    %assign/vec4 v0000026159605690_0, 0;
    %jmp T_1.59;
T_1.58 ;
    %load/vec4 v0000026159607df0_0;
    %flag_set/vec4 8;
    %jmp/0xz  T_1.60, 8;
    %pushi/vec4 1, 0, 1;
    %flag_set/vec4 11;
    %flag_get/vec4 11;
    %jmp/0 T_1.66, 11;
    %load/vec4 v0000026159607710_0;
    %inv;
    %and;
T_1.66;
    %flag_set/vec4 10;
    %flag_get/vec4 10;
    %jmp/0 T_1.65, 10;
    %load/vec4 v0000026159606ef0_0;
    %load/vec4 v0000026159628620_0;
    %or;
    %load/vec4 v0000026159628080_0;
    %or;
    %inv;
    %and;
T_1.65;
    %flag_set/vec4 9;
    %flag_get/vec4 9;
    %jmp/0 T_1.64, 9;
    %load/vec4 v0000026159604d30_0;
    %inv;
    %and;
T_1.64;
    %flag_set/vec4 8;
    %jmp/0xz  T_1.62, 8;
    %load/vec4 v0000026159604dd0_0;
    %assign/vec4 v0000026159604b50_0, 0;
    %load/vec4 v00000261596052d0_0;
    %assign/vec4 v0000026159604830_0, 0;
    %pushi/vec4 0, 0, 4;
    %assign/vec4 v00000261596050f0_0, 0;
    %load/vec4 v0000026159603cf0_0;
    %assign/vec4 v0000026159604bf0_0, 0;
    %pushi/vec4 0, 0, 1;
    %assign/vec4 v0000026159605ff0_0, 0;
    %pushi/vec4 1, 0, 1;
    %assign/vec4 v00000261596045b0_0, 0;
    %pushi/vec4 0, 0, 4;
    %assign/vec4 v0000026159603ed0_0, 0;
    %pushi/vec4 0, 0, 32;
    %assign/vec4 v0000026159604150_0, 0;
    %pushi/vec4 0, 0, 4;
    %assign/vec4 v0000026159607e90_0, 0;
    %pushi/vec4 0, 0, 1;
    %assign/vec4 v0000026159607cb0_0, 0;
    %load/vec4 v0000026159604dd0_0;
    %assign/vec4 v0000026159606a90_0, 0;
    %load/vec4 v00000261596052d0_0;
    %assign/vec4 v0000026159607670_0, 0;
    %pushi/vec4 0, 0, 4;
    %assign/vec4 v00000261596077b0_0, 0;
    %load/vec4 v0000026159603cf0_0;
    %assign/vec4 v0000026159607d50_0, 0;
    %pushi/vec4 1, 0, 1;
    %assign/vec4 v0000026159607df0_0, 0;
    %pushi/vec4 0, 0, 1;
    %assign/vec4 v00000261596072b0_0, 0;
    %pushi/vec4 0, 0, 4;
    %assign/vec4 v0000026159607530_0, 0;
    %pushi/vec4 0, 0, 32;
    %assign/vec4 v0000026159606310_0, 0;
    %pushi/vec4 0, 0, 4;
    %assign/vec4 v0000026159606f90_0, 0;
    %jmp T_1.63;
T_1.62 ;
    %pushi/vec4 0, 0, 1;
    %assign/vec4 v00000261596045b0_0, 0;
    %pushi/vec4 0, 0, 1;
    %assign/vec4 v0000026159607df0_0, 0;
    %pushi/vec4 0, 0, 2;
    %assign/vec4 v0000026159607850_0, 0;
T_1.63 ;
    %jmp T_1.61;
T_1.60 ;
    %load/vec4 v00000261596072b0_0;
    %flag_set/vec4 8;
    %jmp/0xz  T_1.67, 8;
    %pushi/vec4 2, 0, 2;
    %assign/vec4 v0000026159607850_0, 0;
    %jmp T_1.68;
T_1.67 ;
    %pushi/vec4 1, 0, 1;
    %flag_set/vec4 10;
    %flag_get/vec4 10;
    %jmp/0 T_1.72, 10;
    %load/vec4 v0000026159607710_0;
    %inv;
    %and;
T_1.72;
    %flag_set/vec4 9;
    %flag_get/vec4 9;
    %jmp/0 T_1.71, 9;
    %load/vec4 v0000026159604d30_0;
    %inv;
    %and;
T_1.71;
    %flag_set/vec4 8;
    %jmp/0xz  T_1.69, 8;
    %load/vec4 v0000026159604dd0_0;
    %assign/vec4 v0000026159604b50_0, 0;
    %load/vec4 v00000261596052d0_0;
    %assign/vec4 v0000026159604830_0, 0;
    %pushi/vec4 0, 0, 4;
    %assign/vec4 v00000261596050f0_0, 0;
    %load/vec4 v0000026159603cf0_0;
    %assign/vec4 v0000026159604bf0_0, 0;
    %pushi/vec4 0, 0, 1;
    %assign/vec4 v0000026159605ff0_0, 0;
    %pushi/vec4 1, 0, 1;
    %assign/vec4 v00000261596045b0_0, 0;
    %pushi/vec4 0, 0, 4;
    %assign/vec4 v0000026159603ed0_0, 0;
    %pushi/vec4 0, 0, 32;
    %assign/vec4 v0000026159604150_0, 0;
    %pushi/vec4 0, 0, 4;
    %assign/vec4 v0000026159607e90_0, 0;
    %pushi/vec4 0, 0, 1;
    %assign/vec4 v0000026159607cb0_0, 0;
    %load/vec4 v0000026159604dd0_0;
    %assign/vec4 v0000026159606a90_0, 0;
    %load/vec4 v00000261596052d0_0;
    %assign/vec4 v0000026159607670_0, 0;
    %pushi/vec4 0, 0, 4;
    %assign/vec4 v00000261596077b0_0, 0;
    %load/vec4 v0000026159603cf0_0;
    %assign/vec4 v0000026159607d50_0, 0;
    %pushi/vec4 1, 0, 1;
    %assign/vec4 v0000026159607df0_0, 0;
    %pushi/vec4 0, 0, 1;
    %assign/vec4 v00000261596072b0_0, 0;
    %pushi/vec4 0, 0, 4;
    %assign/vec4 v0000026159607530_0, 0;
    %pushi/vec4 0, 0, 32;
    %assign/vec4 v0000026159606310_0, 0;
    %pushi/vec4 0, 0, 4;
    %assign/vec4 v0000026159606f90_0, 0;
    %pushi/vec4 1, 0, 2;
    %assign/vec4 v0000026159607850_0, 0;
    %jmp T_1.70;
T_1.69 ;
    %pushi/vec4 0, 0, 2;
    %assign/vec4 v0000026159607850_0, 0;
T_1.70 ;
T_1.68 ;
T_1.61 ;
T_1.59 ;
    %jmp T_1.52;
T_1.51 ;
    %load/vec4 v0000026159606f90_0;
    %addi 1, 0, 4;
    %assign/vec4 v0000026159606f90_0, 0;
T_1.52 ;
T_1.40 ;
    %jmp T_1.18;
T_1.16 ;
    %load/vec4 v0000026159628760_0;
    %flag_set/vec4 8;
    %jmp/0xz  T_1.73, 8;
    %load/vec4 v0000026159604bf0_0;
    %dup/vec4;
    %pushi/vec4 0, 0, 2;
    %cmp/u;
    %jmp/1 T_1.75, 6;
    %dup/vec4;
    %pushi/vec4 1, 0, 2;
    %cmp/u;
    %jmp/1 T_1.76, 6;
    %dup/vec4;
    %pushi/vec4 2, 0, 2;
    %cmp/u;
    %jmp/1 T_1.77, 6;
    %load/vec4 v0000026159604fb0_0;
    %load/vec4 v0000026159604830_0;
    %pad/u 11;
    %pad/u 13;
    %muli 4, 0, 13;
    %pad/u 14;
    %load/vec4 v00000261596050f0_0;
    %pad/u 14;
    %add;
    %ix/vec4 3;
    %ix/load 4, 0, 0; Constant delay
    %assign/vec4/a/d v0000026159605870, 0, 4;
    %jmp T_1.79;
T_1.75 ;
    %load/vec4 v0000026159604fb0_0;
    %load/vec4 v0000026159604830_0;
    %pad/u 11;
    %pad/u 13;
    %muli 4, 0, 13;
    %pad/u 14;
    %load/vec4 v00000261596050f0_0;
    %pad/u 14;
    %add;
    %ix/vec4 3;
    %ix/load 4, 0, 0; Constant delay
    %assign/vec4/a/d v0000026159603930, 0, 4;
    %jmp T_1.79;
T_1.76 ;
    %load/vec4 v0000026159604fb0_0;
    %load/vec4 v0000026159604830_0;
    %pad/u 11;
    %pad/u 13;
    %muli 4, 0, 13;
    %pad/u 14;
    %load/vec4 v00000261596050f0_0;
    %pad/u 14;
    %add;
    %ix/vec4 3;
    %ix/load 4, 0, 0; Constant delay
    %assign/vec4/a/d v0000026159605370, 0, 4;
    %jmp T_1.79;
T_1.77 ;
    %load/vec4 v0000026159604fb0_0;
    %load/vec4 v0000026159604830_0;
    %pad/u 11;
    %pad/u 13;
    %muli 4, 0, 13;
    %pad/u 14;
    %load/vec4 v00000261596050f0_0;
    %pad/u 14;
    %add;
    %ix/vec4 3;
    %ix/load 4, 0, 0; Constant delay
    %assign/vec4/a/d v00000261596040b0, 0, 4;
    %jmp T_1.79;
T_1.79 ;
    %pop/vec4 1;
    %load/vec4 v0000026159604bf0_0;
    %addi 1, 0, 2;
    %load/vec4 v0000026159604830_0;
    %pad/u 8;
    %ix/vec4 3;
    %ix/load 4, 0, 0; Constant delay
    %assign/vec4/a/d v0000026159607030, 0, 4;
    %pushi/vec4 0, 0, 2;
    %assign/vec4 v0000026159607850_0, 0;
T_1.73 ;
    %jmp T_1.18;
T_1.18 ;
    %pop/vec4 1;
T_1.1 ;
    %jmp T_1;
    .thread T_1;
    .scope S_0000026159215040;
T_2 ;
    %wait E_00000261595208f0;
    %load/vec4 v000002615962a060_0;
    %flag_set/vec4 8;
    %jmp/0xz  T_2.0, 8;
    %pushi/vec4 0, 0, 32;
    %ix/load 3, 0, 0;
    %flag_set/imm 4, 0;
    %ix/load 4, 0, 0; Constant delay
    %assign/vec4/a/d v000002615962a380, 0, 4;
    %pushi/vec4 0, 0, 32;
    %ix/load 3, 1, 0;
    %flag_set/imm 4, 0;
    %ix/load 4, 0, 0; Constant delay
    %assign/vec4/a/d v000002615962a380, 0, 4;
    %pushi/vec4 0, 0, 32;
    %ix/load 3, 2, 0;
    %flag_set/imm 4, 0;
    %ix/load 4, 0, 0; Constant delay
    %assign/vec4/a/d v000002615962a380, 0, 4;
    %pushi/vec4 0, 0, 32;
    %ix/load 3, 3, 0;
    %flag_set/imm 4, 0;
    %ix/load 4, 0, 0; Constant delay
    %assign/vec4/a/d v000002615962a380, 0, 4;
    %pushi/vec4 0, 0, 32;
    %ix/load 3, 4, 0;
    %flag_set/imm 4, 0;
    %ix/load 4, 0, 0; Constant delay
    %assign/vec4/a/d v000002615962a380, 0, 4;
    %pushi/vec4 0, 0, 32;
    %ix/load 3, 5, 0;
    %flag_set/imm 4, 0;
    %ix/load 4, 0, 0; Constant delay
    %assign/vec4/a/d v000002615962a380, 0, 4;
    %pushi/vec4 0, 0, 32;
    %ix/load 3, 6, 0;
    %flag_set/imm 4, 0;
    %ix/load 4, 0, 0; Constant delay
    %assign/vec4/a/d v000002615962a380, 0, 4;
    %pushi/vec4 0, 0, 32;
    %ix/load 3, 7, 0;
    %flag_set/imm 4, 0;
    %ix/load 4, 0, 0; Constant delay
    %assign/vec4/a/d v000002615962a380, 0, 4;
    %pushi/vec4 0, 0, 32;
    %ix/load 3, 8, 0;
    %flag_set/imm 4, 0;
    %ix/load 4, 0, 0; Constant delay
    %assign/vec4/a/d v000002615962a380, 0, 4;
    %pushi/vec4 0, 0, 32;
    %ix/load 3, 9, 0;
    %flag_set/imm 4, 0;
    %ix/load 4, 0, 0; Constant delay
    %assign/vec4/a/d v000002615962a380, 0, 4;
    %pushi/vec4 0, 0, 32;
    %ix/load 3, 10, 0;
    %flag_set/imm 4, 0;
    %ix/load 4, 0, 0; Constant delay
    %assign/vec4/a/d v000002615962a380, 0, 4;
    %pushi/vec4 0, 0, 32;
    %ix/load 3, 11, 0;
    %flag_set/imm 4, 0;
    %ix/load 4, 0, 0; Constant delay
    %assign/vec4/a/d v000002615962a380, 0, 4;
    %pushi/vec4 0, 0, 32;
    %ix/load 3, 12, 0;
    %flag_set/imm 4, 0;
    %ix/load 4, 0, 0; Constant delay
    %assign/vec4/a/d v000002615962a380, 0, 4;
    %pushi/vec4 0, 0, 32;
    %ix/load 3, 13, 0;
    %flag_set/imm 4, 0;
    %ix/load 4, 0, 0; Constant delay
    %assign/vec4/a/d v000002615962a380, 0, 4;
    %pushi/vec4 0, 0, 32;
    %ix/load 3, 14, 0;
    %flag_set/imm 4, 0;
    %ix/load 4, 0, 0; Constant delay
    %assign/vec4/a/d v000002615962a380, 0, 4;
    %pushi/vec4 0, 0, 32;
    %ix/load 3, 15, 0;
    %flag_set/imm 4, 0;
    %ix/load 4, 0, 0; Constant delay
    %assign/vec4/a/d v000002615962a380, 0, 4;
    %pushi/vec4 0, 0, 32;
    %ix/load 3, 16, 0;
    %flag_set/imm 4, 0;
    %ix/load 4, 0, 0; Constant delay
    %assign/vec4/a/d v000002615962a380, 0, 4;
    %pushi/vec4 0, 0, 32;
    %ix/load 3, 17, 0;
    %flag_set/imm 4, 0;
    %ix/load 4, 0, 0; Constant delay
    %assign/vec4/a/d v000002615962a380, 0, 4;
    %pushi/vec4 0, 0, 32;
    %ix/load 3, 18, 0;
    %flag_set/imm 4, 0;
    %ix/load 4, 0, 0; Constant delay
    %assign/vec4/a/d v000002615962a380, 0, 4;
    %pushi/vec4 0, 0, 32;
    %ix/load 3, 19, 0;
    %flag_set/imm 4, 0;
    %ix/load 4, 0, 0; Constant delay
    %assign/vec4/a/d v000002615962a380, 0, 4;
    %pushi/vec4 0, 0, 32;
    %ix/load 3, 20, 0;
    %flag_set/imm 4, 0;
    %ix/load 4, 0, 0; Constant delay
    %assign/vec4/a/d v000002615962a380, 0, 4;
    %pushi/vec4 0, 0, 32;
    %ix/load 3, 21, 0;
    %flag_set/imm 4, 0;
    %ix/load 4, 0, 0; Constant delay
    %assign/vec4/a/d v000002615962a380, 0, 4;
    %pushi/vec4 0, 0, 32;
    %ix/load 3, 22, 0;
    %flag_set/imm 4, 0;
    %ix/load 4, 0, 0; Constant delay
    %assign/vec4/a/d v000002615962a380, 0, 4;
    %pushi/vec4 0, 0, 32;
    %ix/load 3, 23, 0;
    %flag_set/imm 4, 0;
    %ix/load 4, 0, 0; Constant delay
    %assign/vec4/a/d v000002615962a380, 0, 4;
    %pushi/vec4 0, 0, 32;
    %ix/load 3, 24, 0;
    %flag_set/imm 4, 0;
    %ix/load 4, 0, 0; Constant delay
    %assign/vec4/a/d v000002615962a380, 0, 4;
    %pushi/vec4 0, 0, 32;
    %ix/load 3, 25, 0;
    %flag_set/imm 4, 0;
    %ix/load 4, 0, 0; Constant delay
    %assign/vec4/a/d v000002615962a380, 0, 4;
    %pushi/vec4 0, 0, 32;
    %ix/load 3, 26, 0;
    %flag_set/imm 4, 0;
    %ix/load 4, 0, 0; Constant delay
    %assign/vec4/a/d v000002615962a380, 0, 4;
    %pushi/vec4 0, 0, 32;
    %ix/load 3, 27, 0;
    %flag_set/imm 4, 0;
    %ix/load 4, 0, 0; Constant delay
    %assign/vec4/a/d v000002615962a380, 0, 4;
    %pushi/vec4 0, 0, 32;
    %ix/load 3, 28, 0;
    %flag_set/imm 4, 0;
    %ix/load 4, 0, 0; Constant delay
    %assign/vec4/a/d v000002615962a380, 0, 4;
    %pushi/vec4 0, 0, 32;
    %ix/load 3, 29, 0;
    %flag_set/imm 4, 0;
    %ix/load 4, 0, 0; Constant delay
    %assign/vec4/a/d v000002615962a380, 0, 4;
    %pushi/vec4 0, 0, 32;
    %ix/load 3, 30, 0;
    %flag_set/imm 4, 0;
    %ix/load 4, 0, 0; Constant delay
    %assign/vec4/a/d v000002615962a380, 0, 4;
    %pushi/vec4 0, 0, 32;
    %ix/load 3, 31, 0;
    %flag_set/imm 4, 0;
    %ix/load 4, 0, 0; Constant delay
    %assign/vec4/a/d v000002615962a380, 0, 4;
    %jmp T_2.1;
T_2.0 ;
    %load/vec4 v0000026159629fc0_0;
    %flag_set/vec4 9;
    %flag_get/vec4 9;
    %jmp/0 T_2.4, 9;
    %load/vec4 v000002615962ae20_0;
    %pushi/vec4 0, 0, 5;
    %cmp/ne;
    %flag_get/vec4 4;
    %and;
T_2.4;
    %flag_set/vec4 8;
    %jmp/0xz  T_2.2, 8;
    %load/vec4 v000002615962a2e0_0;
    %load/vec4 v000002615962ae20_0;
    %pad/u 7;
    %ix/vec4 3;
    %ix/load 4, 0, 0; Constant delay
    %assign/vec4/a/d v000002615962a380, 0, 4;
T_2.2 ;
T_2.1 ;
    %jmp T_2;
    .thread T_2;
    .scope S_0000026159265dd0;
T_3 ;
    %wait E_0000026159520a70;
    %pushi/vec4 0, 0, 3;
    %store/vec4 v000002615962ff60_0, 0, 3;
    %pushi/vec4 0, 0, 1;
    %store/vec4 v000002615962db20_0, 0, 1;
    %pushi/vec4 0, 0, 1;
    %store/vec4 v000002615962f560_0, 0, 1;
    %pushi/vec4 0, 0, 1;
    %store/vec4 v000002615962e480_0, 0, 1;
    %load/vec4 v000002615962f740_0;
    %dup/vec4;
    %pushi/vec4 1, 2, 3;
    %cmp/z;
    %jmp/1 T_3.0, 4;
    %dup/vec4;
    %pushi/vec4 0, 2, 3;
    %cmp/z;
    %jmp/1 T_3.1, 4;
    %dup/vec4;
    %pushi/vec4 6, 0, 3;
    %cmp/z;
    %jmp/1 T_3.2, 4;
    %pushi/vec4 0, 0, 3;
    %store/vec4 v000002615962ff60_0, 0, 3;
    %pushi/vec4 0, 0, 1;
    %store/vec4 v000002615962db20_0, 0, 1;
    %pushi/vec4 0, 0, 1;
    %store/vec4 v000002615962f560_0, 0, 1;
    %pushi/vec4 0, 0, 1;
    %store/vec4 v000002615962e480_0, 0, 1;
    %jmp T_3.4;
T_3.0 ;
    %load/vec4 v000002615962fd80_0;
    %dup/vec4;
    %pushi/vec4 55, 0, 7;
    %cmp/u;
    %jmp/1 T_3.5, 6;
    %dup/vec4;
    %pushi/vec4 23, 0, 7;
    %cmp/u;
    %jmp/1 T_3.6, 6;
    %load/vec4 v000002615962dbc0_0;
    %store/vec4 v000002615962ff60_0, 0, 3;
    %load/vec4 v000002615962fd80_0;
    %pushi/vec4 51, 0, 7;
    %cmp/e;
    %flag_get/vec4 4;
    %load/vec4 v000002615962dbc0_0;
    %pushi/vec4 0, 0, 3;
    %cmp/e;
    %flag_get/vec4 4;
    %and;
    %load/vec4 v000002615962e5c0_0;
    %parti/s 1, 5, 4;
    %and;
    %store/vec4 v000002615962db20_0, 0, 1;
    %load/vec4 v000002615962dbc0_0;
    %pushi/vec4 3, 0, 3;
    %cmp/e;
    %flag_get/vec4 4;
    %store/vec4 v000002615962f560_0, 0, 1;
    %load/vec4 v000002615962dbc0_0;
    %pushi/vec4 5, 0, 3;
    %cmp/e;
    %flag_get/vec4 4;
    %load/vec4 v000002615962e5c0_0;
    %parti/s 1, 5, 4;
    %and;
    %store/vec4 v000002615962e480_0, 0, 1;
    %jmp T_3.8;
T_3.5 ;
    %pushi/vec4 0, 0, 3;
    %store/vec4 v000002615962ff60_0, 0, 3;
    %pushi/vec4 0, 0, 1;
    %store/vec4 v000002615962db20_0, 0, 1;
    %pushi/vec4 0, 0, 1;
    %store/vec4 v000002615962f560_0, 0, 1;
    %pushi/vec4 0, 0, 1;
    %store/vec4 v000002615962e480_0, 0, 1;
    %jmp T_3.8;
T_3.6 ;
    %pushi/vec4 0, 0, 3;
    %store/vec4 v000002615962ff60_0, 0, 3;
    %pushi/vec4 0, 0, 1;
    %store/vec4 v000002615962db20_0, 0, 1;
    %pushi/vec4 0, 0, 1;
    %store/vec4 v000002615962f560_0, 0, 1;
    %pushi/vec4 0, 0, 1;
    %store/vec4 v000002615962e480_0, 0, 1;
    %jmp T_3.8;
T_3.8 ;
    %pop/vec4 1;
    %jmp T_3.4;
T_3.1 ;
    %pushi/vec4 0, 0, 3;
    %store/vec4 v000002615962ff60_0, 0, 3;
    %pushi/vec4 0, 0, 1;
    %store/vec4 v000002615962db20_0, 0, 1;
    %pushi/vec4 0, 0, 1;
    %store/vec4 v000002615962f560_0, 0, 1;
    %pushi/vec4 0, 0, 1;
    %store/vec4 v000002615962e480_0, 0, 1;
    %jmp T_3.4;
T_3.2 ;
    %pushi/vec4 0, 0, 3;
    %store/vec4 v000002615962ff60_0, 0, 3;
    %load/vec4 v000002615962fd80_0;
    %pushi/vec4 99, 0, 7;
    %cmp/e;
    %flag_get/vec4 4;
    %store/vec4 v000002615962db20_0, 0, 1;
    %load/vec4 v000002615962fd80_0;
    %pushi/vec4 99, 0, 7;
    %cmp/e;
    %flag_get/vec4 4;
    %load/vec4 v000002615962dbc0_0;
    %parti/s 1, 1, 2;
    %and;
    %store/vec4 v000002615962f560_0, 0, 1;
    %pushi/vec4 0, 0, 1;
    %store/vec4 v000002615962e480_0, 0, 1;
    %jmp T_3.4;
T_3.4 ;
    %pop/vec4 1;
    %jmp T_3;
    .thread T_3, $push;
    .scope S_0000026159265c40;
T_4 ;
    %wait E_00000261595209f0;
    %load/vec4 v000002615962fce0_0;
    %dup/vec4;
    %pushi/vec4 0, 0, 5;
    %cmp/u;
    %jmp/1 T_4.0, 6;
    %dup/vec4;
    %pushi/vec4 1, 0, 5;
    %cmp/u;
    %jmp/1 T_4.1, 6;
    %dup/vec4;
    %pushi/vec4 2, 0, 5;
    %cmp/u;
    %jmp/1 T_4.2, 6;
    %dup/vec4;
    %pushi/vec4 3, 0, 5;
    %cmp/u;
    %jmp/1 T_4.3, 6;
    %dup/vec4;
    %pushi/vec4 4, 0, 5;
    %cmp/u;
    %jmp/1 T_4.4, 6;
    %dup/vec4;
    %pushi/vec4 5, 0, 5;
    %cmp/u;
    %jmp/1 T_4.5, 6;
    %dup/vec4;
    %pushi/vec4 6, 0, 5;
    %cmp/u;
    %jmp/1 T_4.6, 6;
    %dup/vec4;
    %pushi/vec4 7, 0, 5;
    %cmp/u;
    %jmp/1 T_4.7, 6;
    %dup/vec4;
    %pushi/vec4 8, 0, 5;
    %cmp/u;
    %jmp/1 T_4.8, 6;
    %dup/vec4;
    %pushi/vec4 9, 0, 5;
    %cmp/u;
    %jmp/1 T_4.9, 6;
    %dup/vec4;
    %pushi/vec4 10, 0, 5;
    %cmp/u;
    %jmp/1 T_4.10, 6;
    %dup/vec4;
    %pushi/vec4 11, 0, 5;
    %cmp/u;
    %jmp/1 T_4.11, 6;
    %dup/vec4;
    %pushi/vec4 12, 0, 5;
    %cmp/u;
    %jmp/1 T_4.12, 6;
    %dup/vec4;
    %pushi/vec4 13, 0, 5;
    %cmp/u;
    %jmp/1 T_4.13, 6;
    %dup/vec4;
    %pushi/vec4 14, 0, 5;
    %cmp/u;
    %jmp/1 T_4.14, 6;
    %dup/vec4;
    %pushi/vec4 15, 0, 5;
    %cmp/u;
    %jmp/1 T_4.15, 6;
    %dup/vec4;
    %pushi/vec4 16, 0, 5;
    %cmp/u;
    %jmp/1 T_4.16, 6;
    %dup/vec4;
    %pushi/vec4 17, 0, 5;
    %cmp/u;
    %jmp/1 T_4.17, 6;
    %dup/vec4;
    %pushi/vec4 18, 0, 5;
    %cmp/u;
    %jmp/1 T_4.18, 6;
    %dup/vec4;
    %pushi/vec4 19, 0, 5;
    %cmp/u;
    %jmp/1 T_4.19, 6;
    %dup/vec4;
    %pushi/vec4 20, 0, 5;
    %cmp/u;
    %jmp/1 T_4.20, 6;
    %dup/vec4;
    %pushi/vec4 21, 0, 5;
    %cmp/u;
    %jmp/1 T_4.21, 6;
    %dup/vec4;
    %pushi/vec4 22, 0, 5;
    %cmp/u;
    %jmp/1 T_4.22, 6;
    %dup/vec4;
    %pushi/vec4 23, 0, 5;
    %cmp/u;
    %jmp/1 T_4.23, 6;
    %dup/vec4;
    %pushi/vec4 24, 0, 5;
    %cmp/u;
    %jmp/1 T_4.24, 6;
    %dup/vec4;
    %pushi/vec4 25, 0, 5;
    %cmp/u;
    %jmp/1 T_4.25, 6;
    %dup/vec4;
    %pushi/vec4 26, 0, 5;
    %cmp/u;
    %jmp/1 T_4.26, 6;
    %dup/vec4;
    %pushi/vec4 27, 0, 5;
    %cmp/u;
    %jmp/1 T_4.27, 6;
    %dup/vec4;
    %pushi/vec4 28, 0, 5;
    %cmp/u;
    %jmp/1 T_4.28, 6;
    %dup/vec4;
    %pushi/vec4 29, 0, 5;
    %cmp/u;
    %jmp/1 T_4.29, 6;
    %dup/vec4;
    %pushi/vec4 30, 0, 5;
    %cmp/u;
    %jmp/1 T_4.30, 6;
    %dup/vec4;
    %pushi/vec4 31, 0, 5;
    %cmp/u;
    %jmp/1 T_4.31, 6;
    %pushi/vec4 0, 0, 32;
    %store/vec4 v000002615962f100_0, 0, 32;
    %jmp T_4.33;
T_4.0 ;
    %load/vec4 v000002615962d9e0_0;
    %store/vec4 v000002615962f100_0, 0, 32;
    %jmp T_4.33;
T_4.1 ;
    %load/vec4 v000002615962d9e0_0;
    %parti/s 31, 0, 2;
    %concati/vec4 0, 0, 1;
    %store/vec4 v000002615962f100_0, 0, 32;
    %jmp T_4.33;
T_4.2 ;
    %load/vec4 v000002615962d9e0_0;
    %parti/s 30, 0, 2;
    %concati/vec4 0, 0, 2;
    %store/vec4 v000002615962f100_0, 0, 32;
    %jmp T_4.33;
T_4.3 ;
    %load/vec4 v000002615962d9e0_0;
    %parti/s 29, 0, 2;
    %concati/vec4 0, 0, 3;
    %store/vec4 v000002615962f100_0, 0, 32;
    %jmp T_4.33;
T_4.4 ;
    %load/vec4 v000002615962d9e0_0;
    %parti/s 28, 0, 2;
    %concati/vec4 0, 0, 4;
    %store/vec4 v000002615962f100_0, 0, 32;
    %jmp T_4.33;
T_4.5 ;
    %load/vec4 v000002615962d9e0_0;
    %parti/s 27, 0, 2;
    %concati/vec4 0, 0, 5;
    %store/vec4 v000002615962f100_0, 0, 32;
    %jmp T_4.33;
T_4.6 ;
    %load/vec4 v000002615962d9e0_0;
    %parti/s 26, 0, 2;
    %concati/vec4 0, 0, 6;
    %store/vec4 v000002615962f100_0, 0, 32;
    %jmp T_4.33;
T_4.7 ;
    %load/vec4 v000002615962d9e0_0;
    %parti/s 25, 0, 2;
    %concati/vec4 0, 0, 7;
    %store/vec4 v000002615962f100_0, 0, 32;
    %jmp T_4.33;
T_4.8 ;
    %load/vec4 v000002615962d9e0_0;
    %parti/s 24, 0, 2;
    %concati/vec4 0, 0, 8;
    %store/vec4 v000002615962f100_0, 0, 32;
    %jmp T_4.33;
T_4.9 ;
    %load/vec4 v000002615962d9e0_0;
    %parti/s 23, 0, 2;
    %concati/vec4 0, 0, 9;
    %store/vec4 v000002615962f100_0, 0, 32;
    %jmp T_4.33;
T_4.10 ;
    %load/vec4 v000002615962d9e0_0;
    %parti/s 22, 0, 2;
    %concati/vec4 0, 0, 10;
    %store/vec4 v000002615962f100_0, 0, 32;
    %jmp T_4.33;
T_4.11 ;
    %load/vec4 v000002615962d9e0_0;
    %parti/s 21, 0, 2;
    %concati/vec4 0, 0, 11;
    %store/vec4 v000002615962f100_0, 0, 32;
    %jmp T_4.33;
T_4.12 ;
    %load/vec4 v000002615962d9e0_0;
    %parti/s 20, 0, 2;
    %concati/vec4 0, 0, 12;
    %store/vec4 v000002615962f100_0, 0, 32;
    %jmp T_4.33;
T_4.13 ;
    %load/vec4 v000002615962d9e0_0;
    %parti/s 19, 0, 2;
    %concati/vec4 0, 0, 13;
    %store/vec4 v000002615962f100_0, 0, 32;
    %jmp T_4.33;
T_4.14 ;
    %load/vec4 v000002615962d9e0_0;
    %parti/s 18, 0, 2;
    %concati/vec4 0, 0, 14;
    %store/vec4 v000002615962f100_0, 0, 32;
    %jmp T_4.33;
T_4.15 ;
    %load/vec4 v000002615962d9e0_0;
    %parti/s 17, 0, 2;
    %concati/vec4 0, 0, 15;
    %store/vec4 v000002615962f100_0, 0, 32;
    %jmp T_4.33;
T_4.16 ;
    %load/vec4 v000002615962d9e0_0;
    %parti/s 16, 0, 2;
    %concati/vec4 0, 0, 16;
    %store/vec4 v000002615962f100_0, 0, 32;
    %jmp T_4.33;
T_4.17 ;
    %load/vec4 v000002615962d9e0_0;
    %parti/s 15, 0, 2;
    %concati/vec4 0, 0, 17;
    %store/vec4 v000002615962f100_0, 0, 32;
    %jmp T_4.33;
T_4.18 ;
    %load/vec4 v000002615962d9e0_0;
    %parti/s 14, 0, 2;
    %concati/vec4 0, 0, 18;
    %store/vec4 v000002615962f100_0, 0, 32;
    %jmp T_4.33;
T_4.19 ;
    %load/vec4 v000002615962d9e0_0;
    %parti/s 13, 0, 2;
    %concati/vec4 0, 0, 19;
    %store/vec4 v000002615962f100_0, 0, 32;
    %jmp T_4.33;
T_4.20 ;
    %load/vec4 v000002615962d9e0_0;
    %parti/s 12, 0, 2;
    %concati/vec4 0, 0, 20;
    %store/vec4 v000002615962f100_0, 0, 32;
    %jmp T_4.33;
T_4.21 ;
    %load/vec4 v000002615962d9e0_0;
    %parti/s 11, 0, 2;
    %concati/vec4 0, 0, 21;
    %store/vec4 v000002615962f100_0, 0, 32;
    %jmp T_4.33;
T_4.22 ;
    %load/vec4 v000002615962d9e0_0;
    %parti/s 10, 0, 2;
    %concati/vec4 0, 0, 22;
    %store/vec4 v000002615962f100_0, 0, 32;
    %jmp T_4.33;
T_4.23 ;
    %load/vec4 v000002615962d9e0_0;
    %parti/s 9, 0, 2;
    %concati/vec4 0, 0, 23;
    %store/vec4 v000002615962f100_0, 0, 32;
    %jmp T_4.33;
T_4.24 ;
    %load/vec4 v000002615962d9e0_0;
    %parti/s 8, 0, 2;
    %concati/vec4 0, 0, 24;
    %store/vec4 v000002615962f100_0, 0, 32;
    %jmp T_4.33;
T_4.25 ;
    %load/vec4 v000002615962d9e0_0;
    %parti/s 7, 0, 2;
    %concati/vec4 0, 0, 25;
    %store/vec4 v000002615962f100_0, 0, 32;
    %jmp T_4.33;
T_4.26 ;
    %load/vec4 v000002615962d9e0_0;
    %parti/s 6, 0, 2;
    %concati/vec4 0, 0, 26;
    %store/vec4 v000002615962f100_0, 0, 32;
    %jmp T_4.33;
T_4.27 ;
    %load/vec4 v000002615962d9e0_0;
    %parti/s 5, 0, 2;
    %concati/vec4 0, 0, 27;
    %store/vec4 v000002615962f100_0, 0, 32;
    %jmp T_4.33;
T_4.28 ;
    %load/vec4 v000002615962d9e0_0;
    %parti/s 4, 0, 2;
    %concati/vec4 0, 0, 28;
    %store/vec4 v000002615962f100_0, 0, 32;
    %jmp T_4.33;
T_4.29 ;
    %load/vec4 v000002615962d9e0_0;
    %parti/s 3, 0, 2;
    %concati/vec4 0, 0, 29;
    %store/vec4 v000002615962f100_0, 0, 32;
    %jmp T_4.33;
T_4.30 ;
    %load/vec4 v000002615962d9e0_0;
    %parti/s 2, 0, 2;
    %concati/vec4 0, 0, 30;
    %store/vec4 v000002615962f100_0, 0, 32;
    %jmp T_4.33;
T_4.31 ;
    %load/vec4 v000002615962d9e0_0;
    %parti/s 1, 0, 2;
    %concati/vec4 0, 0, 31;
    %store/vec4 v000002615962f100_0, 0, 32;
    %jmp T_4.33;
T_4.33 ;
    %pop/vec4 1;
    %jmp T_4;
    .thread T_4, $push;
    .scope S_0000026159265c40;
T_5 ;
    %wait E_00000261595209f0;
    %load/vec4 v000002615962fce0_0;
    %dup/vec4;
    %pushi/vec4 0, 0, 5;
    %cmp/u;
    %jmp/1 T_5.0, 6;
    %dup/vec4;
    %pushi/vec4 1, 0, 5;
    %cmp/u;
    %jmp/1 T_5.1, 6;
    %dup/vec4;
    %pushi/vec4 2, 0, 5;
    %cmp/u;
    %jmp/1 T_5.2, 6;
    %dup/vec4;
    %pushi/vec4 3, 0, 5;
    %cmp/u;
    %jmp/1 T_5.3, 6;
    %dup/vec4;
    %pushi/vec4 4, 0, 5;
    %cmp/u;
    %jmp/1 T_5.4, 6;
    %dup/vec4;
    %pushi/vec4 5, 0, 5;
    %cmp/u;
    %jmp/1 T_5.5, 6;
    %dup/vec4;
    %pushi/vec4 6, 0, 5;
    %cmp/u;
    %jmp/1 T_5.6, 6;
    %dup/vec4;
    %pushi/vec4 7, 0, 5;
    %cmp/u;
    %jmp/1 T_5.7, 6;
    %dup/vec4;
    %pushi/vec4 8, 0, 5;
    %cmp/u;
    %jmp/1 T_5.8, 6;
    %dup/vec4;
    %pushi/vec4 9, 0, 5;
    %cmp/u;
    %jmp/1 T_5.9, 6;
    %dup/vec4;
    %pushi/vec4 10, 0, 5;
    %cmp/u;
    %jmp/1 T_5.10, 6;
    %dup/vec4;
    %pushi/vec4 11, 0, 5;
    %cmp/u;
    %jmp/1 T_5.11, 6;
    %dup/vec4;
    %pushi/vec4 12, 0, 5;
    %cmp/u;
    %jmp/1 T_5.12, 6;
    %dup/vec4;
    %pushi/vec4 13, 0, 5;
    %cmp/u;
    %jmp/1 T_5.13, 6;
    %dup/vec4;
    %pushi/vec4 14, 0, 5;
    %cmp/u;
    %jmp/1 T_5.14, 6;
    %dup/vec4;
    %pushi/vec4 15, 0, 5;
    %cmp/u;
    %jmp/1 T_5.15, 6;
    %dup/vec4;
    %pushi/vec4 16, 0, 5;
    %cmp/u;
    %jmp/1 T_5.16, 6;
    %dup/vec4;
    %pushi/vec4 17, 0, 5;
    %cmp/u;
    %jmp/1 T_5.17, 6;
    %dup/vec4;
    %pushi/vec4 18, 0, 5;
    %cmp/u;
    %jmp/1 T_5.18, 6;
    %dup/vec4;
    %pushi/vec4 19, 0, 5;
    %cmp/u;
    %jmp/1 T_5.19, 6;
    %dup/vec4;
    %pushi/vec4 20, 0, 5;
    %cmp/u;
    %jmp/1 T_5.20, 6;
    %dup/vec4;
    %pushi/vec4 21, 0, 5;
    %cmp/u;
    %jmp/1 T_5.21, 6;
    %dup/vec4;
    %pushi/vec4 22, 0, 5;
    %cmp/u;
    %jmp/1 T_5.22, 6;
    %dup/vec4;
    %pushi/vec4 23, 0, 5;
    %cmp/u;
    %jmp/1 T_5.23, 6;
    %dup/vec4;
    %pushi/vec4 24, 0, 5;
    %cmp/u;
    %jmp/1 T_5.24, 6;
    %dup/vec4;
    %pushi/vec4 25, 0, 5;
    %cmp/u;
    %jmp/1 T_5.25, 6;
    %dup/vec4;
    %pushi/vec4 26, 0, 5;
    %cmp/u;
    %jmp/1 T_5.26, 6;
    %dup/vec4;
    %pushi/vec4 27, 0, 5;
    %cmp/u;
    %jmp/1 T_5.27, 6;
    %dup/vec4;
    %pushi/vec4 28, 0, 5;
    %cmp/u;
    %jmp/1 T_5.28, 6;
    %dup/vec4;
    %pushi/vec4 29, 0, 5;
    %cmp/u;
    %jmp/1 T_5.29, 6;
    %dup/vec4;
    %pushi/vec4 30, 0, 5;
    %cmp/u;
    %jmp/1 T_5.30, 6;
    %dup/vec4;
    %pushi/vec4 31, 0, 5;
    %cmp/u;
    %jmp/1 T_5.31, 6;
    %pushi/vec4 0, 0, 32;
    %store/vec4 v000002615962ea20_0, 0, 32;
    %jmp T_5.33;
T_5.0 ;
    %load/vec4 v000002615962d9e0_0;
    %store/vec4 v000002615962ea20_0, 0, 32;
    %jmp T_5.33;
T_5.1 ;
    %pushi/vec4 0, 0, 1;
    %load/vec4 v000002615962d9e0_0;
    %parti/s 31, 1, 2;
    %concat/vec4; draw_concat_vec4
    %store/vec4 v000002615962ea20_0, 0, 32;
    %jmp T_5.33;
T_5.2 ;
    %pushi/vec4 0, 0, 2;
    %load/vec4 v000002615962d9e0_0;
    %parti/s 30, 2, 3;
    %concat/vec4; draw_concat_vec4
    %store/vec4 v000002615962ea20_0, 0, 32;
    %jmp T_5.33;
T_5.3 ;
    %pushi/vec4 0, 0, 3;
    %load/vec4 v000002615962d9e0_0;
    %parti/s 29, 3, 3;
    %concat/vec4; draw_concat_vec4
    %store/vec4 v000002615962ea20_0, 0, 32;
    %jmp T_5.33;
T_5.4 ;
    %pushi/vec4 0, 0, 4;
    %load/vec4 v000002615962d9e0_0;
    %parti/s 28, 4, 4;
    %concat/vec4; draw_concat_vec4
    %store/vec4 v000002615962ea20_0, 0, 32;
    %jmp T_5.33;
T_5.5 ;
    %pushi/vec4 0, 0, 5;
    %load/vec4 v000002615962d9e0_0;
    %parti/s 27, 5, 4;
    %concat/vec4; draw_concat_vec4
    %store/vec4 v000002615962ea20_0, 0, 32;
    %jmp T_5.33;
T_5.6 ;
    %pushi/vec4 0, 0, 6;
    %load/vec4 v000002615962d9e0_0;
    %parti/s 26, 6, 4;
    %concat/vec4; draw_concat_vec4
    %store/vec4 v000002615962ea20_0, 0, 32;
    %jmp T_5.33;
T_5.7 ;
    %pushi/vec4 0, 0, 7;
    %load/vec4 v000002615962d9e0_0;
    %parti/s 25, 7, 4;
    %concat/vec4; draw_concat_vec4
    %store/vec4 v000002615962ea20_0, 0, 32;
    %jmp T_5.33;
T_5.8 ;
    %pushi/vec4 0, 0, 8;
    %load/vec4 v000002615962d9e0_0;
    %parti/s 24, 8, 5;
    %concat/vec4; draw_concat_vec4
    %store/vec4 v000002615962ea20_0, 0, 32;
    %jmp T_5.33;
T_5.9 ;
    %pushi/vec4 0, 0, 9;
    %load/vec4 v000002615962d9e0_0;
    %parti/s 23, 9, 5;
    %concat/vec4; draw_concat_vec4
    %store/vec4 v000002615962ea20_0, 0, 32;
    %jmp T_5.33;
T_5.10 ;
    %pushi/vec4 0, 0, 10;
    %load/vec4 v000002615962d9e0_0;
    %parti/s 22, 10, 5;
    %concat/vec4; draw_concat_vec4
    %store/vec4 v000002615962ea20_0, 0, 32;
    %jmp T_5.33;
T_5.11 ;
    %pushi/vec4 0, 0, 11;
    %load/vec4 v000002615962d9e0_0;
    %parti/s 21, 11, 5;
    %concat/vec4; draw_concat_vec4
    %store/vec4 v000002615962ea20_0, 0, 32;
    %jmp T_5.33;
T_5.12 ;
    %pushi/vec4 0, 0, 12;
    %load/vec4 v000002615962d9e0_0;
    %parti/s 20, 12, 5;
    %concat/vec4; draw_concat_vec4
    %store/vec4 v000002615962ea20_0, 0, 32;
    %jmp T_5.33;
T_5.13 ;
    %pushi/vec4 0, 0, 13;
    %load/vec4 v000002615962d9e0_0;
    %parti/s 19, 13, 5;
    %concat/vec4; draw_concat_vec4
    %store/vec4 v000002615962ea20_0, 0, 32;
    %jmp T_5.33;
T_5.14 ;
    %pushi/vec4 0, 0, 14;
    %load/vec4 v000002615962d9e0_0;
    %parti/s 18, 14, 5;
    %concat/vec4; draw_concat_vec4
    %store/vec4 v000002615962ea20_0, 0, 32;
    %jmp T_5.33;
T_5.15 ;
    %pushi/vec4 0, 0, 15;
    %load/vec4 v000002615962d9e0_0;
    %parti/s 17, 15, 5;
    %concat/vec4; draw_concat_vec4
    %store/vec4 v000002615962ea20_0, 0, 32;
    %jmp T_5.33;
T_5.16 ;
    %pushi/vec4 0, 0, 16;
    %load/vec4 v000002615962d9e0_0;
    %parti/s 16, 16, 6;
    %concat/vec4; draw_concat_vec4
    %store/vec4 v000002615962ea20_0, 0, 32;
    %jmp T_5.33;
T_5.17 ;
    %pushi/vec4 0, 0, 17;
    %load/vec4 v000002615962d9e0_0;
    %parti/s 15, 17, 6;
    %concat/vec4; draw_concat_vec4
    %store/vec4 v000002615962ea20_0, 0, 32;
    %jmp T_5.33;
T_5.18 ;
    %pushi/vec4 0, 0, 18;
    %load/vec4 v000002615962d9e0_0;
    %parti/s 14, 18, 6;
    %concat/vec4; draw_concat_vec4
    %store/vec4 v000002615962ea20_0, 0, 32;
    %jmp T_5.33;
T_5.19 ;
    %pushi/vec4 0, 0, 19;
    %load/vec4 v000002615962d9e0_0;
    %parti/s 13, 19, 6;
    %concat/vec4; draw_concat_vec4
    %store/vec4 v000002615962ea20_0, 0, 32;
    %jmp T_5.33;
T_5.20 ;
    %pushi/vec4 0, 0, 20;
    %load/vec4 v000002615962d9e0_0;
    %parti/s 12, 20, 6;
    %concat/vec4; draw_concat_vec4
    %store/vec4 v000002615962ea20_0, 0, 32;
    %jmp T_5.33;
T_5.21 ;
    %pushi/vec4 0, 0, 21;
    %load/vec4 v000002615962d9e0_0;
    %parti/s 11, 21, 6;
    %concat/vec4; draw_concat_vec4
    %store/vec4 v000002615962ea20_0, 0, 32;
    %jmp T_5.33;
T_5.22 ;
    %pushi/vec4 0, 0, 22;
    %load/vec4 v000002615962d9e0_0;
    %parti/s 10, 22, 6;
    %concat/vec4; draw_concat_vec4
    %store/vec4 v000002615962ea20_0, 0, 32;
    %jmp T_5.33;
T_5.23 ;
    %pushi/vec4 0, 0, 23;
    %load/vec4 v000002615962d9e0_0;
    %parti/s 9, 23, 6;
    %concat/vec4; draw_concat_vec4
    %store/vec4 v000002615962ea20_0, 0, 32;
    %jmp T_5.33;
T_5.24 ;
    %pushi/vec4 0, 0, 24;
    %load/vec4 v000002615962d9e0_0;
    %parti/s 8, 24, 6;
    %concat/vec4; draw_concat_vec4
    %store/vec4 v000002615962ea20_0, 0, 32;
    %jmp T_5.33;
T_5.25 ;
    %pushi/vec4 0, 0, 25;
    %load/vec4 v000002615962d9e0_0;
    %parti/s 7, 25, 6;
    %concat/vec4; draw_concat_vec4
    %store/vec4 v000002615962ea20_0, 0, 32;
    %jmp T_5.33;
T_5.26 ;
    %pushi/vec4 0, 0, 26;
    %load/vec4 v000002615962d9e0_0;
    %parti/s 6, 26, 6;
    %concat/vec4; draw_concat_vec4
    %store/vec4 v000002615962ea20_0, 0, 32;
    %jmp T_5.33;
T_5.27 ;
    %pushi/vec4 0, 0, 27;
    %load/vec4 v000002615962d9e0_0;
    %parti/s 5, 27, 6;
    %concat/vec4; draw_concat_vec4
    %store/vec4 v000002615962ea20_0, 0, 32;
    %jmp T_5.33;
T_5.28 ;
    %pushi/vec4 0, 0, 28;
    %load/vec4 v000002615962d9e0_0;
    %parti/s 4, 28, 6;
    %concat/vec4; draw_concat_vec4
    %store/vec4 v000002615962ea20_0, 0, 32;
    %jmp T_5.33;
T_5.29 ;
    %pushi/vec4 0, 0, 29;
    %load/vec4 v000002615962d9e0_0;
    %parti/s 3, 29, 6;
    %concat/vec4; draw_concat_vec4
    %store/vec4 v000002615962ea20_0, 0, 32;
    %jmp T_5.33;
T_5.30 ;
    %pushi/vec4 0, 0, 30;
    %load/vec4 v000002615962d9e0_0;
    %parti/s 2, 30, 6;
    %concat/vec4; draw_concat_vec4
    %store/vec4 v000002615962ea20_0, 0, 32;
    %jmp T_5.33;
T_5.31 ;
    %pushi/vec4 0, 0, 31;
    %load/vec4 v000002615962d9e0_0;
    %parti/s 1, 31, 6;
    %concat/vec4; draw_concat_vec4
    %store/vec4 v000002615962ea20_0, 0, 32;
    %jmp T_5.33;
T_5.33 ;
    %pop/vec4 1;
    %jmp T_5;
    .thread T_5, $push;
    .scope S_0000026159265c40;
T_6 ;
    %wait E_00000261595209f0;
    %load/vec4 v000002615962fce0_0;
    %dup/vec4;
    %pushi/vec4 0, 0, 5;
    %cmp/u;
    %jmp/1 T_6.0, 6;
    %dup/vec4;
    %pushi/vec4 1, 0, 5;
    %cmp/u;
    %jmp/1 T_6.1, 6;
    %dup/vec4;
    %pushi/vec4 2, 0, 5;
    %cmp/u;
    %jmp/1 T_6.2, 6;
    %dup/vec4;
    %pushi/vec4 3, 0, 5;
    %cmp/u;
    %jmp/1 T_6.3, 6;
    %dup/vec4;
    %pushi/vec4 4, 0, 5;
    %cmp/u;
    %jmp/1 T_6.4, 6;
    %dup/vec4;
    %pushi/vec4 5, 0, 5;
    %cmp/u;
    %jmp/1 T_6.5, 6;
    %dup/vec4;
    %pushi/vec4 6, 0, 5;
    %cmp/u;
    %jmp/1 T_6.6, 6;
    %dup/vec4;
    %pushi/vec4 7, 0, 5;
    %cmp/u;
    %jmp/1 T_6.7, 6;
    %dup/vec4;
    %pushi/vec4 8, 0, 5;
    %cmp/u;
    %jmp/1 T_6.8, 6;
    %dup/vec4;
    %pushi/vec4 9, 0, 5;
    %cmp/u;
    %jmp/1 T_6.9, 6;
    %dup/vec4;
    %pushi/vec4 10, 0, 5;
    %cmp/u;
    %jmp/1 T_6.10, 6;
    %dup/vec4;
    %pushi/vec4 11, 0, 5;
    %cmp/u;
    %jmp/1 T_6.11, 6;
    %dup/vec4;
    %pushi/vec4 12, 0, 5;
    %cmp/u;
    %jmp/1 T_6.12, 6;
    %dup/vec4;
    %pushi/vec4 13, 0, 5;
    %cmp/u;
    %jmp/1 T_6.13, 6;
    %dup/vec4;
    %pushi/vec4 14, 0, 5;
    %cmp/u;
    %jmp/1 T_6.14, 6;
    %dup/vec4;
    %pushi/vec4 15, 0, 5;
    %cmp/u;
    %jmp/1 T_6.15, 6;
    %dup/vec4;
    %pushi/vec4 16, 0, 5;
    %cmp/u;
    %jmp/1 T_6.16, 6;
    %dup/vec4;
    %pushi/vec4 17, 0, 5;
    %cmp/u;
    %jmp/1 T_6.17, 6;
    %dup/vec4;
    %pushi/vec4 18, 0, 5;
    %cmp/u;
    %jmp/1 T_6.18, 6;
    %dup/vec4;
    %pushi/vec4 19, 0, 5;
    %cmp/u;
    %jmp/1 T_6.19, 6;
    %dup/vec4;
    %pushi/vec4 20, 0, 5;
    %cmp/u;
    %jmp/1 T_6.20, 6;
    %dup/vec4;
    %pushi/vec4 21, 0, 5;
    %cmp/u;
    %jmp/1 T_6.21, 6;
    %dup/vec4;
    %pushi/vec4 22, 0, 5;
    %cmp/u;
    %jmp/1 T_6.22, 6;
    %dup/vec4;
    %pushi/vec4 23, 0, 5;
    %cmp/u;
    %jmp/1 T_6.23, 6;
    %dup/vec4;
    %pushi/vec4 24, 0, 5;
    %cmp/u;
    %jmp/1 T_6.24, 6;
    %dup/vec4;
    %pushi/vec4 25, 0, 5;
    %cmp/u;
    %jmp/1 T_6.25, 6;
    %dup/vec4;
    %pushi/vec4 26, 0, 5;
    %cmp/u;
    %jmp/1 T_6.26, 6;
    %dup/vec4;
    %pushi/vec4 27, 0, 5;
    %cmp/u;
    %jmp/1 T_6.27, 6;
    %dup/vec4;
    %pushi/vec4 28, 0, 5;
    %cmp/u;
    %jmp/1 T_6.28, 6;
    %dup/vec4;
    %pushi/vec4 29, 0, 5;
    %cmp/u;
    %jmp/1 T_6.29, 6;
    %dup/vec4;
    %pushi/vec4 30, 0, 5;
    %cmp/u;
    %jmp/1 T_6.30, 6;
    %dup/vec4;
    %pushi/vec4 31, 0, 5;
    %cmp/u;
    %jmp/1 T_6.31, 6;
    %pushi/vec4 0, 0, 32;
    %store/vec4 v000002615962e3e0_0, 0, 32;
    %jmp T_6.33;
T_6.0 ;
    %load/vec4 v000002615962d9e0_0;
    %store/vec4 v000002615962e3e0_0, 0, 32;
    %jmp T_6.33;
T_6.1 ;
    %load/vec4 v000002615962d9e0_0;
    %parti/s 1, 31, 6;
    %load/vec4 v000002615962d9e0_0;
    %parti/s 31, 1, 2;
    %concat/vec4; draw_concat_vec4
    %store/vec4 v000002615962e3e0_0, 0, 32;
    %jmp T_6.33;
T_6.2 ;
    %load/vec4 v000002615962d9e0_0;
    %parti/s 1, 31, 6;
    %replicate 2;
    %load/vec4 v000002615962d9e0_0;
    %parti/s 30, 2, 3;
    %concat/vec4; draw_concat_vec4
    %store/vec4 v000002615962e3e0_0, 0, 32;
    %jmp T_6.33;
T_6.3 ;
    %load/vec4 v000002615962d9e0_0;
    %parti/s 1, 31, 6;
    %replicate 3;
    %load/vec4 v000002615962d9e0_0;
    %parti/s 29, 3, 3;
    %concat/vec4; draw_concat_vec4
    %store/vec4 v000002615962e3e0_0, 0, 32;
    %jmp T_6.33;
T_6.4 ;
    %load/vec4 v000002615962d9e0_0;
    %parti/s 1, 31, 6;
    %replicate 4;
    %load/vec4 v000002615962d9e0_0;
    %parti/s 28, 4, 4;
    %concat/vec4; draw_concat_vec4
    %store/vec4 v000002615962e3e0_0, 0, 32;
    %jmp T_6.33;
T_6.5 ;
    %load/vec4 v000002615962d9e0_0;
    %parti/s 1, 31, 6;
    %replicate 5;
    %load/vec4 v000002615962d9e0_0;
    %parti/s 27, 5, 4;
    %concat/vec4; draw_concat_vec4
    %store/vec4 v000002615962e3e0_0, 0, 32;
    %jmp T_6.33;
T_6.6 ;
    %load/vec4 v000002615962d9e0_0;
    %parti/s 1, 31, 6;
    %replicate 6;
    %load/vec4 v000002615962d9e0_0;
    %parti/s 26, 6, 4;
    %concat/vec4; draw_concat_vec4
    %store/vec4 v000002615962e3e0_0, 0, 32;
    %jmp T_6.33;
T_6.7 ;
    %load/vec4 v000002615962d9e0_0;
    %parti/s 1, 31, 6;
    %replicate 7;
    %load/vec4 v000002615962d9e0_0;
    %parti/s 25, 7, 4;
    %concat/vec4; draw_concat_vec4
    %store/vec4 v000002615962e3e0_0, 0, 32;
    %jmp T_6.33;
T_6.8 ;
    %load/vec4 v000002615962d9e0_0;
    %parti/s 1, 31, 6;
    %replicate 8;
    %load/vec4 v000002615962d9e0_0;
    %parti/s 24, 8, 5;
    %concat/vec4; draw_concat_vec4
    %store/vec4 v000002615962e3e0_0, 0, 32;
    %jmp T_6.33;
T_6.9 ;
    %load/vec4 v000002615962d9e0_0;
    %parti/s 1, 31, 6;
    %replicate 9;
    %load/vec4 v000002615962d9e0_0;
    %parti/s 23, 9, 5;
    %concat/vec4; draw_concat_vec4
    %store/vec4 v000002615962e3e0_0, 0, 32;
    %jmp T_6.33;
T_6.10 ;
    %load/vec4 v000002615962d9e0_0;
    %parti/s 1, 31, 6;
    %replicate 10;
    %load/vec4 v000002615962d9e0_0;
    %parti/s 22, 10, 5;
    %concat/vec4; draw_concat_vec4
    %store/vec4 v000002615962e3e0_0, 0, 32;
    %jmp T_6.33;
T_6.11 ;
    %load/vec4 v000002615962d9e0_0;
    %parti/s 1, 31, 6;
    %replicate 11;
    %load/vec4 v000002615962d9e0_0;
    %parti/s 21, 11, 5;
    %concat/vec4; draw_concat_vec4
    %store/vec4 v000002615962e3e0_0, 0, 32;
    %jmp T_6.33;
T_6.12 ;
    %load/vec4 v000002615962d9e0_0;
    %parti/s 1, 31, 6;
    %replicate 12;
    %load/vec4 v000002615962d9e0_0;
    %parti/s 20, 12, 5;
    %concat/vec4; draw_concat_vec4
    %store/vec4 v000002615962e3e0_0, 0, 32;
    %jmp T_6.33;
T_6.13 ;
    %load/vec4 v000002615962d9e0_0;
    %parti/s 1, 31, 6;
    %replicate 13;
    %load/vec4 v000002615962d9e0_0;
    %parti/s 19, 13, 5;
    %concat/vec4; draw_concat_vec4
    %store/vec4 v000002615962e3e0_0, 0, 32;
    %jmp T_6.33;
T_6.14 ;
    %load/vec4 v000002615962d9e0_0;
    %parti/s 1, 31, 6;
    %replicate 14;
    %load/vec4 v000002615962d9e0_0;
    %parti/s 18, 14, 5;
    %concat/vec4; draw_concat_vec4
    %store/vec4 v000002615962e3e0_0, 0, 32;
    %jmp T_6.33;
T_6.15 ;
    %load/vec4 v000002615962d9e0_0;
    %parti/s 1, 31, 6;
    %replicate 15;
    %load/vec4 v000002615962d9e0_0;
    %parti/s 17, 15, 5;
    %concat/vec4; draw_concat_vec4
    %store/vec4 v000002615962e3e0_0, 0, 32;
    %jmp T_6.33;
T_6.16 ;
    %load/vec4 v000002615962d9e0_0;
    %parti/s 1, 31, 6;
    %replicate 16;
    %load/vec4 v000002615962d9e0_0;
    %parti/s 16, 16, 6;
    %concat/vec4; draw_concat_vec4
    %store/vec4 v000002615962e3e0_0, 0, 32;
    %jmp T_6.33;
T_6.17 ;
    %load/vec4 v000002615962d9e0_0;
    %parti/s 1, 31, 6;
    %replicate 17;
    %load/vec4 v000002615962d9e0_0;
    %parti/s 15, 17, 6;
    %concat/vec4; draw_concat_vec4
    %store/vec4 v000002615962e3e0_0, 0, 32;
    %jmp T_6.33;
T_6.18 ;
    %load/vec4 v000002615962d9e0_0;
    %parti/s 1, 31, 6;
    %replicate 18;
    %load/vec4 v000002615962d9e0_0;
    %parti/s 14, 18, 6;
    %concat/vec4; draw_concat_vec4
    %store/vec4 v000002615962e3e0_0, 0, 32;
    %jmp T_6.33;
T_6.19 ;
    %load/vec4 v000002615962d9e0_0;
    %parti/s 1, 31, 6;
    %replicate 19;
    %load/vec4 v000002615962d9e0_0;
    %parti/s 13, 19, 6;
    %concat/vec4; draw_concat_vec4
    %store/vec4 v000002615962e3e0_0, 0, 32;
    %jmp T_6.33;
T_6.20 ;
    %load/vec4 v000002615962d9e0_0;
    %parti/s 1, 31, 6;
    %replicate 20;
    %load/vec4 v000002615962d9e0_0;
    %parti/s 12, 20, 6;
    %concat/vec4; draw_concat_vec4
    %store/vec4 v000002615962e3e0_0, 0, 32;
    %jmp T_6.33;
T_6.21 ;
    %load/vec4 v000002615962d9e0_0;
    %parti/s 1, 31, 6;
    %replicate 21;
    %load/vec4 v000002615962d9e0_0;
    %parti/s 11, 21, 6;
    %concat/vec4; draw_concat_vec4
    %store/vec4 v000002615962e3e0_0, 0, 32;
    %jmp T_6.33;
T_6.22 ;
    %load/vec4 v000002615962d9e0_0;
    %parti/s 1, 31, 6;
    %replicate 22;
    %load/vec4 v000002615962d9e0_0;
    %parti/s 10, 22, 6;
    %concat/vec4; draw_concat_vec4
    %store/vec4 v000002615962e3e0_0, 0, 32;
    %jmp T_6.33;
T_6.23 ;
    %load/vec4 v000002615962d9e0_0;
    %parti/s 1, 31, 6;
    %replicate 23;
    %load/vec4 v000002615962d9e0_0;
    %parti/s 9, 23, 6;
    %concat/vec4; draw_concat_vec4
    %store/vec4 v000002615962e3e0_0, 0, 32;
    %jmp T_6.33;
T_6.24 ;
    %load/vec4 v000002615962d9e0_0;
    %parti/s 1, 31, 6;
    %replicate 24;
    %load/vec4 v000002615962d9e0_0;
    %parti/s 8, 24, 6;
    %concat/vec4; draw_concat_vec4
    %store/vec4 v000002615962e3e0_0, 0, 32;
    %jmp T_6.33;
T_6.25 ;
    %load/vec4 v000002615962d9e0_0;
    %parti/s 1, 31, 6;
    %replicate 25;
    %load/vec4 v000002615962d9e0_0;
    %parti/s 7, 25, 6;
    %concat/vec4; draw_concat_vec4
    %store/vec4 v000002615962e3e0_0, 0, 32;
    %jmp T_6.33;
T_6.26 ;
    %load/vec4 v000002615962d9e0_0;
    %parti/s 1, 31, 6;
    %replicate 26;
    %load/vec4 v000002615962d9e0_0;
    %parti/s 6, 26, 6;
    %concat/vec4; draw_concat_vec4
    %store/vec4 v000002615962e3e0_0, 0, 32;
    %jmp T_6.33;
T_6.27 ;
    %load/vec4 v000002615962d9e0_0;
    %parti/s 1, 31, 6;
    %replicate 27;
    %load/vec4 v000002615962d9e0_0;
    %parti/s 5, 27, 6;
    %concat/vec4; draw_concat_vec4
    %store/vec4 v000002615962e3e0_0, 0, 32;
    %jmp T_6.33;
T_6.28 ;
    %load/vec4 v000002615962d9e0_0;
    %parti/s 1, 31, 6;
    %replicate 28;
    %load/vec4 v000002615962d9e0_0;
    %parti/s 4, 28, 6;
    %concat/vec4; draw_concat_vec4
    %store/vec4 v000002615962e3e0_0, 0, 32;
    %jmp T_6.33;
T_6.29 ;
    %load/vec4 v000002615962d9e0_0;
    %parti/s 1, 31, 6;
    %replicate 29;
    %load/vec4 v000002615962d9e0_0;
    %parti/s 3, 29, 6;
    %concat/vec4; draw_concat_vec4
    %store/vec4 v000002615962e3e0_0, 0, 32;
    %jmp T_6.33;
T_6.30 ;
    %load/vec4 v000002615962d9e0_0;
    %parti/s 1, 31, 6;
    %replicate 30;
    %load/vec4 v000002615962d9e0_0;
    %parti/s 2, 30, 6;
    %concat/vec4; draw_concat_vec4
    %store/vec4 v000002615962e3e0_0, 0, 32;
    %jmp T_6.33;
T_6.31 ;
    %load/vec4 v000002615962d9e0_0;
    %parti/s 1, 31, 6;
    %replicate 31;
    %load/vec4 v000002615962d9e0_0;
    %parti/s 1, 31, 6;
    %concat/vec4; draw_concat_vec4
    %store/vec4 v000002615962e3e0_0, 0, 32;
    %jmp T_6.33;
T_6.33 ;
    %pop/vec4 1;
    %jmp T_6;
    .thread T_6, $push;
    .scope S_0000026159265c40;
T_7 ;
    %wait E_0000026159520db0;
    %load/vec4 v000002615962e340_0;
    %dup/vec4;
    %pushi/vec4 0, 0, 3;
    %cmp/u;
    %jmp/1 T_7.0, 6;
    %dup/vec4;
    %pushi/vec4 1, 0, 3;
    %cmp/u;
    %jmp/1 T_7.1, 6;
    %dup/vec4;
    %pushi/vec4 2, 0, 3;
    %cmp/u;
    %jmp/1 T_7.2, 6;
    %dup/vec4;
    %pushi/vec4 3, 0, 3;
    %cmp/u;
    %jmp/1 T_7.3, 6;
    %dup/vec4;
    %pushi/vec4 4, 0, 3;
    %cmp/u;
    %jmp/1 T_7.4, 6;
    %dup/vec4;
    %pushi/vec4 5, 0, 3;
    %cmp/u;
    %jmp/1 T_7.5, 6;
    %dup/vec4;
    %pushi/vec4 6, 0, 3;
    %cmp/u;
    %jmp/1 T_7.6, 6;
    %dup/vec4;
    %pushi/vec4 7, 0, 3;
    %cmp/u;
    %jmp/1 T_7.7, 6;
    %pushi/vec4 0, 0, 32;
    %store/vec4 v000002615962e520_0, 0, 32;
    %jmp T_7.9;
T_7.0 ;
    %load/vec4 v000002615962f240_0;
    %dup/vec4;
    %pushi/vec4 0, 0, 1;
    %cmp/u;
    %jmp/1 T_7.10, 6;
    %dup/vec4;
    %pushi/vec4 1, 0, 1;
    %cmp/u;
    %jmp/1 T_7.11, 6;
    %pushi/vec4 0, 0, 32;
    %store/vec4 v000002615962e520_0, 0, 32;
    %jmp T_7.13;
T_7.10 ;
    %load/vec4 v000002615962d9e0_0;
    %load/vec4 v000002615962fc40_0;
    %add;
    %store/vec4 v000002615962e520_0, 0, 32;
    %jmp T_7.13;
T_7.11 ;
    %load/vec4 v000002615962d9e0_0;
    %load/vec4 v000002615962fc40_0;
    %sub;
    %store/vec4 v000002615962e520_0, 0, 32;
    %jmp T_7.13;
T_7.13 ;
    %pop/vec4 1;
    %jmp T_7.9;
T_7.1 ;
    %load/vec4 v000002615962f100_0;
    %store/vec4 v000002615962e520_0, 0, 32;
    %jmp T_7.9;
T_7.2 ;
    %pushi/vec4 0, 0, 31;
    %load/vec4 v000002615962de40_0;
    %concat/vec4; draw_concat_vec4
    %store/vec4 v000002615962e520_0, 0, 32;
    %jmp T_7.9;
T_7.3 ;
    %pushi/vec4 0, 0, 31;
    %load/vec4 v000002615962de40_0;
    %concat/vec4; draw_concat_vec4
    %store/vec4 v000002615962e520_0, 0, 32;
    %jmp T_7.9;
T_7.4 ;
    %load/vec4 v000002615962d9e0_0;
    %load/vec4 v000002615962fc40_0;
    %xor;
    %store/vec4 v000002615962e520_0, 0, 32;
    %jmp T_7.9;
T_7.5 ;
    %load/vec4 v000002615962e840_0;
    %dup/vec4;
    %pushi/vec4 0, 0, 1;
    %cmp/u;
    %jmp/1 T_7.14, 6;
    %dup/vec4;
    %pushi/vec4 1, 0, 1;
    %cmp/u;
    %jmp/1 T_7.15, 6;
    %pushi/vec4 0, 0, 32;
    %store/vec4 v000002615962e520_0, 0, 32;
    %jmp T_7.17;
T_7.14 ;
    %load/vec4 v000002615962ea20_0;
    %store/vec4 v000002615962e520_0, 0, 32;
    %jmp T_7.17;
T_7.15 ;
    %load/vec4 v000002615962e3e0_0;
    %store/vec4 v000002615962e520_0, 0, 32;
    %jmp T_7.17;
T_7.17 ;
    %pop/vec4 1;
    %jmp T_7.9;
T_7.6 ;
    %load/vec4 v000002615962d9e0_0;
    %load/vec4 v000002615962fc40_0;
    %or;
    %store/vec4 v000002615962e520_0, 0, 32;
    %jmp T_7.9;
T_7.7 ;
    %load/vec4 v000002615962d9e0_0;
    %load/vec4 v000002615962fc40_0;
    %and;
    %store/vec4 v000002615962e520_0, 0, 32;
    %jmp T_7.9;
T_7.9 ;
    %pop/vec4 1;
    %jmp T_7;
    .thread T_7, $push;
    .scope S_000002615920dc70;
T_8 ;
    %wait E_0000026159520ab0;
    %load/vec4 v000002615964c770_0;
    %dup/vec4;
    %pushi/vec4 0, 0, 3;
    %cmp/u;
    %jmp/1 T_8.0, 6;
    %dup/vec4;
    %pushi/vec4 4, 0, 3;
    %cmp/u;
    %jmp/1 T_8.1, 6;
    %dup/vec4;
    %pushi/vec4 1, 0, 3;
    %cmp/u;
    %jmp/1 T_8.2, 6;
    %dup/vec4;
    %pushi/vec4 5, 0, 3;
    %cmp/u;
    %jmp/1 T_8.3, 6;
    %dup/vec4;
    %pushi/vec4 2, 0, 3;
    %cmp/u;
    %jmp/1 T_8.4, 6;
    %pushi/vec4 0, 0, 4;
    %store/vec4 v000002615964da30_0, 0, 4;
    %jmp T_8.6;
T_8.0 ;
    %load/vec4 v000002615964ea70_0;
    %dup/vec4;
    %pushi/vec4 0, 0, 2;
    %cmp/u;
    %jmp/1 T_8.7, 6;
    %dup/vec4;
    %pushi/vec4 1, 0, 2;
    %cmp/u;
    %jmp/1 T_8.8, 6;
    %dup/vec4;
    %pushi/vec4 2, 0, 2;
    %cmp/u;
    %jmp/1 T_8.9, 6;
    %dup/vec4;
    %pushi/vec4 3, 0, 2;
    %cmp/u;
    %jmp/1 T_8.10, 6;
    %pushi/vec4 0, 0, 4;
    %store/vec4 v000002615964da30_0, 0, 4;
    %jmp T_8.12;
T_8.7 ;
    %pushi/vec4 1, 0, 4;
    %store/vec4 v000002615964da30_0, 0, 4;
    %jmp T_8.12;
T_8.8 ;
    %pushi/vec4 2, 0, 4;
    %store/vec4 v000002615964da30_0, 0, 4;
    %jmp T_8.12;
T_8.9 ;
    %pushi/vec4 4, 0, 4;
    %store/vec4 v000002615964da30_0, 0, 4;
    %jmp T_8.12;
T_8.10 ;
    %pushi/vec4 8, 0, 4;
    %store/vec4 v000002615964da30_0, 0, 4;
    %jmp T_8.12;
T_8.12 ;
    %pop/vec4 1;
    %jmp T_8.6;
T_8.1 ;
    %load/vec4 v000002615964ea70_0;
    %dup/vec4;
    %pushi/vec4 0, 0, 2;
    %cmp/u;
    %jmp/1 T_8.13, 6;
    %dup/vec4;
    %pushi/vec4 1, 0, 2;
    %cmp/u;
    %jmp/1 T_8.14, 6;
    %dup/vec4;
    %pushi/vec4 2, 0, 2;
    %cmp/u;
    %jmp/1 T_8.15, 6;
    %dup/vec4;
    %pushi/vec4 3, 0, 2;
    %cmp/u;
    %jmp/1 T_8.16, 6;
    %pushi/vec4 0, 0, 4;
    %store/vec4 v000002615964da30_0, 0, 4;
    %jmp T_8.18;
T_8.13 ;
    %pushi/vec4 1, 0, 4;
    %store/vec4 v000002615964da30_0, 0, 4;
    %jmp T_8.18;
T_8.14 ;
    %pushi/vec4 2, 0, 4;
    %store/vec4 v000002615964da30_0, 0, 4;
    %jmp T_8.18;
T_8.15 ;
    %pushi/vec4 4, 0, 4;
    %store/vec4 v000002615964da30_0, 0, 4;
    %jmp T_8.18;
T_8.16 ;
    %pushi/vec4 8, 0, 4;
    %store/vec4 v000002615964da30_0, 0, 4;
    %jmp T_8.18;
T_8.18 ;
    %pop/vec4 1;
    %jmp T_8.6;
T_8.2 ;
    %load/vec4 v000002615964ea70_0;
    %parti/s 1, 1, 2;
    %dup/vec4;
    %pushi/vec4 0, 0, 1;
    %cmp/u;
    %jmp/1 T_8.19, 6;
    %dup/vec4;
    %pushi/vec4 1, 0, 1;
    %cmp/u;
    %jmp/1 T_8.20, 6;
    %pushi/vec4 0, 0, 4;
    %store/vec4 v000002615964da30_0, 0, 4;
    %jmp T_8.22;
T_8.19 ;
    %pushi/vec4 3, 0, 4;
    %store/vec4 v000002615964da30_0, 0, 4;
    %jmp T_8.22;
T_8.20 ;
    %pushi/vec4 12, 0, 4;
    %store/vec4 v000002615964da30_0, 0, 4;
    %jmp T_8.22;
T_8.22 ;
    %pop/vec4 1;
    %jmp T_8.6;
T_8.3 ;
    %load/vec4 v000002615964ea70_0;
    %parti/s 1, 1, 2;
    %dup/vec4;
    %pushi/vec4 0, 0, 1;
    %cmp/u;
    %jmp/1 T_8.23, 6;
    %dup/vec4;
    %pushi/vec4 1, 0, 1;
    %cmp/u;
    %jmp/1 T_8.24, 6;
    %pushi/vec4 0, 0, 4;
    %store/vec4 v000002615964da30_0, 0, 4;
    %jmp T_8.26;
T_8.23 ;
    %pushi/vec4 3, 0, 4;
    %store/vec4 v000002615964da30_0, 0, 4;
    %jmp T_8.26;
T_8.24 ;
    %pushi/vec4 12, 0, 4;
    %store/vec4 v000002615964da30_0, 0, 4;
    %jmp T_8.26;
T_8.26 ;
    %pop/vec4 1;
    %jmp T_8.6;
T_8.4 ;
    %pushi/vec4 15, 0, 4;
    %store/vec4 v000002615964da30_0, 0, 4;
    %jmp T_8.6;
T_8.6 ;
    %pop/vec4 1;
    %jmp T_8;
    .thread T_8, $push;
    .scope S_000002615920dc70;
T_9 ;
    %wait E_0000026159520cf0;
    %load/vec4 v000002615964ea70_0;
    %dup/vec4;
    %pushi/vec4 0, 0, 2;
    %cmp/u;
    %jmp/1 T_9.0, 6;
    %dup/vec4;
    %pushi/vec4 1, 0, 2;
    %cmp/u;
    %jmp/1 T_9.1, 6;
    %dup/vec4;
    %pushi/vec4 2, 0, 2;
    %cmp/u;
    %jmp/1 T_9.2, 6;
    %dup/vec4;
    %pushi/vec4 3, 0, 2;
    %cmp/u;
    %jmp/1 T_9.3, 6;
    %pushi/vec4 0, 0, 32;
    %store/vec4 v000002615964db70_0, 0, 32;
    %jmp T_9.5;
T_9.0 ;
    %load/vec4 v000002615964ad30_0;
    %store/vec4 v000002615964db70_0, 0, 32;
    %jmp T_9.5;
T_9.1 ;
    %load/vec4 v000002615964ad30_0;
    %parti/s 24, 0, 2;
    %concati/vec4 0, 0, 8;
    %store/vec4 v000002615964db70_0, 0, 32;
    %jmp T_9.5;
T_9.2 ;
    %load/vec4 v000002615964ad30_0;
    %parti/s 16, 0, 2;
    %concati/vec4 0, 0, 16;
    %store/vec4 v000002615964db70_0, 0, 32;
    %jmp T_9.5;
T_9.3 ;
    %load/vec4 v000002615964ad30_0;
    %parti/s 8, 0, 2;
    %concati/vec4 0, 0, 24;
    %store/vec4 v000002615964db70_0, 0, 32;
    %jmp T_9.5;
T_9.5 ;
    %pop/vec4 1;
    %jmp T_9;
    .thread T_9, $push;
    .scope S_000002615920dc70;
T_10 ;
    %wait E_0000026159520cf0;
    %load/vec4 v000002615964ea70_0;
    %parti/s 1, 1, 2;
    %dup/vec4;
    %pushi/vec4 0, 0, 1;
    %cmp/u;
    %jmp/1 T_10.0, 6;
    %dup/vec4;
    %pushi/vec4 1, 0, 1;
    %cmp/u;
    %jmp/1 T_10.1, 6;
    %pushi/vec4 0, 0, 32;
    %store/vec4 v000002615964f1f0_0, 0, 32;
    %jmp T_10.3;
T_10.0 ;
    %load/vec4 v000002615964ad30_0;
    %store/vec4 v000002615964f1f0_0, 0, 32;
    %jmp T_10.3;
T_10.1 ;
    %load/vec4 v000002615964ad30_0;
    %parti/s 16, 0, 2;
    %concati/vec4 0, 0, 16;
    %store/vec4 v000002615964f1f0_0, 0, 32;
    %jmp T_10.3;
T_10.3 ;
    %pop/vec4 1;
    %jmp T_10;
    .thread T_10, $push;
    .scope S_000002615920dc70;
T_11 ;
    %wait E_0000026159520830;
    %load/vec4 v000002615964c770_0;
    %dup/vec4;
    %pushi/vec4 0, 0, 3;
    %cmp/u;
    %jmp/1 T_11.0, 6;
    %dup/vec4;
    %pushi/vec4 1, 0, 3;
    %cmp/u;
    %jmp/1 T_11.1, 6;
    %dup/vec4;
    %pushi/vec4 2, 0, 3;
    %cmp/u;
    %jmp/1 T_11.2, 6;
    %pushi/vec4 0, 0, 32;
    %store/vec4 v000002615964eb10_0, 0, 32;
    %jmp T_11.4;
T_11.0 ;
    %load/vec4 v000002615964db70_0;
    %store/vec4 v000002615964eb10_0, 0, 32;
    %jmp T_11.4;
T_11.1 ;
    %load/vec4 v000002615964f1f0_0;
    %store/vec4 v000002615964eb10_0, 0, 32;
    %jmp T_11.4;
T_11.2 ;
    %load/vec4 v000002615964ad30_0;
    %store/vec4 v000002615964eb10_0, 0, 32;
    %jmp T_11.4;
T_11.4 ;
    %pop/vec4 1;
    %jmp T_11;
    .thread T_11, $push;
    .scope S_000002615920dc70;
T_12 ;
    %wait E_0000026159521430;
    %load/vec4 v000002615964ea70_0;
    %dup/vec4;
    %pushi/vec4 0, 0, 2;
    %cmp/u;
    %jmp/1 T_12.0, 6;
    %dup/vec4;
    %pushi/vec4 1, 0, 2;
    %cmp/u;
    %jmp/1 T_12.1, 6;
    %dup/vec4;
    %pushi/vec4 2, 0, 2;
    %cmp/u;
    %jmp/1 T_12.2, 6;
    %dup/vec4;
    %pushi/vec4 3, 0, 2;
    %cmp/u;
    %jmp/1 T_12.3, 6;
    %pushi/vec4 0, 0, 32;
    %store/vec4 v000002615964ec50_0, 0, 32;
    %jmp T_12.5;
T_12.0 ;
    %load/vec4 v000002615964e110_0;
    %store/vec4 v000002615964ec50_0, 0, 32;
    %jmp T_12.5;
T_12.1 ;
    %pushi/vec4 0, 0, 8;
    %load/vec4 v000002615964e110_0;
    %parti/s 24, 8, 5;
    %concat/vec4; draw_concat_vec4
    %store/vec4 v000002615964ec50_0, 0, 32;
    %jmp T_12.5;
T_12.2 ;
    %pushi/vec4 0, 0, 16;
    %load/vec4 v000002615964e110_0;
    %parti/s 16, 16, 6;
    %concat/vec4; draw_concat_vec4
    %store/vec4 v000002615964ec50_0, 0, 32;
    %jmp T_12.5;
T_12.3 ;
    %pushi/vec4 0, 0, 24;
    %load/vec4 v000002615964e110_0;
    %parti/s 8, 24, 6;
    %concat/vec4; draw_concat_vec4
    %store/vec4 v000002615964ec50_0, 0, 32;
    %jmp T_12.5;
T_12.5 ;
    %pop/vec4 1;
    %jmp T_12;
    .thread T_12, $push;
    .scope S_000002615920dc70;
T_13 ;
    %wait E_0000026159521070;
    %load/vec4 v000002615964c770_0;
    %dup/vec4;
    %pushi/vec4 0, 0, 3;
    %cmp/u;
    %jmp/1 T_13.0, 6;
    %dup/vec4;
    %pushi/vec4 4, 0, 3;
    %cmp/u;
    %jmp/1 T_13.1, 6;
    %dup/vec4;
    %pushi/vec4 1, 0, 3;
    %cmp/u;
    %jmp/1 T_13.2, 6;
    %dup/vec4;
    %pushi/vec4 5, 0, 3;
    %cmp/u;
    %jmp/1 T_13.3, 6;
    %dup/vec4;
    %pushi/vec4 2, 0, 3;
    %cmp/u;
    %jmp/1 T_13.4, 6;
    %pushi/vec4 0, 0, 32;
    %store/vec4 v000002615964e2f0_0, 0, 32;
    %jmp T_13.6;
T_13.0 ;
    %load/vec4 v000002615964f830_0;
    %parti/s 1, 7, 4;
    %replicate 24;
    %load/vec4 v000002615964f830_0;
    %concat/vec4; draw_concat_vec4
    %store/vec4 v000002615964e2f0_0, 0, 32;
    %jmp T_13.6;
T_13.1 ;
    %pushi/vec4 0, 0, 24;
    %load/vec4 v000002615964f830_0;
    %concat/vec4; draw_concat_vec4
    %store/vec4 v000002615964e2f0_0, 0, 32;
    %jmp T_13.6;
T_13.2 ;
    %load/vec4 v000002615964f5b0_0;
    %parti/s 1, 15, 5;
    %replicate 16;
    %load/vec4 v000002615964f5b0_0;
    %concat/vec4; draw_concat_vec4
    %store/vec4 v000002615964e2f0_0, 0, 32;
    %jmp T_13.6;
T_13.3 ;
    %pushi/vec4 0, 0, 16;
    %load/vec4 v000002615964f5b0_0;
    %concat/vec4; draw_concat_vec4
    %store/vec4 v000002615964e2f0_0, 0, 32;
    %jmp T_13.6;
T_13.4 ;
    %load/vec4 v000002615964ec50_0;
    %store/vec4 v000002615964e2f0_0, 0, 32;
    %jmp T_13.6;
T_13.6 ;
    %pop/vec4 1;
    %jmp T_13;
    .thread T_13, $push;
    .scope S_00000261595b4470;
T_14 ;
    %wait E_00000261595208f0;
    %load/vec4 v000002615966b780_0;
    %flag_set/vec4 8;
    %jmp/0xz  T_14.0, 8;
    %pushi/vec4 0, 0, 32;
    %assign/vec4 v00000261596785c0_0, 0;
    %pushi/vec4 0, 0, 1;
    %assign/vec4 v000002615966b5a0_0, 0;
    %pushi/vec4 0, 0, 1;
    %assign/vec4 v0000026159674740_0, 0;
    %pushi/vec4 0, 0, 1;
    %assign/vec4 v0000026159672620_0, 0;
    %pushi/vec4 0, 0, 32;
    %assign/vec4 v00000261596737a0_0, 0;
    %pushi/vec4 0, 0, 1;
    %assign/vec4 v00000261596724e0_0, 0;
    %pushi/vec4 0, 0, 32;
    %assign/vec4 v00000261596746a0_0, 0;
    %pushi/vec4 0, 0, 128;
    %assign/vec4 v0000026159665d80_0, 0;
    %pushi/vec4 0, 0, 128;
    %assign/vec4 v00000261596698e0_0, 0;
    %pushi/vec4 0, 0, 128;
    %assign/vec4 v0000026159666780_0, 0;
    %pushi/vec4 0, 0, 1024;
    %assign/vec4 v00000261596666e0_0, 0;
    %pushi/vec4 0, 0, 10;
    %assign/vec4 v0000026159666820_0, 0;
    %pushi/vec4 0, 0, 3;
    %assign/vec4 v0000026159677f80_0, 0;
    %pushi/vec4 0, 0, 1;
    %assign/vec4 v0000026159678ac0_0, 0;
    %pushi/vec4 0, 0, 1;
    %assign/vec4 v000002615966fe20_0, 0;
    %pushi/vec4 0, 0, 32;
    %assign/vec4 v0000026159670140_0, 0;
    %pushi/vec4 0, 0, 32;
    %assign/vec4 v0000026159670820_0, 0;
    %pushi/vec4 0, 0, 32;
    %assign/vec4 v00000261596706e0_0, 0;
    %pushi/vec4 0, 0, 1;
    %assign/vec4 v000002615966fd80_0, 0;
    %pushi/vec4 0, 0, 32;
    %assign/vec4 v0000026159670be0_0, 0;
    %pushi/vec4 0, 0, 10;
    %assign/vec4 v000002615966fce0_0, 0;
    %pushi/vec4 0, 0, 1;
    %assign/vec4 v000002615966dd00_0, 0;
    %pushi/vec4 0, 0, 32;
    %assign/vec4 v000002615966ef20_0, 0;
    %pushi/vec4 0, 0, 32;
    %assign/vec4 v000002615966d940_0, 0;
    %pushi/vec4 0, 0, 32;
    %assign/vec4 v000002615966ede0_0, 0;
    %pushi/vec4 0, 0, 5;
    %assign/vec4 v000002615966d3a0_0, 0;
    %pushi/vec4 0, 0, 5;
    %assign/vec4 v000002615966d120_0, 0;
    %pushi/vec4 0, 0, 5;
    %assign/vec4 v000002615966d260_0, 0;
    %pushi/vec4 0, 0, 32;
    %assign/vec4 v000002615966eb60_0, 0;
    %pushi/vec4 0, 0, 32;
    %assign/vec4 v000002615966d440_0, 0;
    %pushi/vec4 0, 0, 32;
    %assign/vec4 v000002615966f7e0_0, 0;
    %pushi/vec4 0, 0, 7;
    %assign/vec4 v000002615966e8e0_0, 0;
    %pushi/vec4 0, 0, 3;
    %assign/vec4 v000002615966c860_0, 0;
    %pushi/vec4 0, 0, 7;
    %assign/vec4 v000002615966a9c0_0, 0;
    %pushi/vec4 0, 0, 1;
    %assign/vec4 v000002615966dda0_0, 0;
    %pushi/vec4 0, 0, 1;
    %assign/vec4 v000002615966df80_0, 0;
    %pushi/vec4 0, 0, 3;
    %assign/vec4 v000002615966b1e0_0, 0;
    %pushi/vec4 0, 0, 1;
    %assign/vec4 v000002615966d1c0_0, 0;
    %pushi/vec4 0, 0, 1;
    %assign/vec4 v000002615966f100_0, 0;
    %pushi/vec4 0, 0, 1;
    %assign/vec4 v000002615966f380_0, 0;
    %pushi/vec4 0, 0, 1;
    %assign/vec4 v000002615966aec0_0, 0;
    %pushi/vec4 0, 0, 1;
    %assign/vec4 v000002615966af60_0, 0;
    %pushi/vec4 0, 0, 1;
    %assign/vec4 v000002615966db20_0, 0;
    %pushi/vec4 0, 0, 1;
    %assign/vec4 v000002615966f600_0, 0;
    %pushi/vec4 0, 0, 1;
    %assign/vec4 v000002615966c400_0, 0;
    %pushi/vec4 0, 0, 1;
    %assign/vec4 v000002615966bbe0_0, 0;
    %pushi/vec4 0, 0, 1;
    %assign/vec4 v000002615966bb40_0, 0;
    %pushi/vec4 0, 0, 1;
    %assign/vec4 v000002615966ea20_0, 0;
    %pushi/vec4 0, 0, 32;
    %assign/vec4 v000002615966d9e0_0, 0;
    %pushi/vec4 0, 0, 10;
    %assign/vec4 v000002615966e2a0_0, 0;
    %pushi/vec4 0, 0, 1;
    %assign/vec4 v000002615966c540_0, 0;
    %pushi/vec4 0, 0, 32;
    %assign/vec4 v0000026159668580_0, 0;
    %pushi/vec4 0, 0, 32;
    %assign/vec4 v00000261596690c0_0, 0;
    %pushi/vec4 0, 0, 32;
    %assign/vec4 v0000026159668760_0, 0;
    %pushi/vec4 0, 0, 32;
    %assign/vec4 v000002615966a600_0, 0;
    %pushi/vec4 0, 0, 5;
    %assign/vec4 v0000026159669980_0, 0;
    %pushi/vec4 0, 0, 5;
    %assign/vec4 v000002615966ac40_0, 0;
    %pushi/vec4 0, 0, 5;
    %assign/vec4 v0000026159669200_0, 0;
    %pushi/vec4 0, 0, 32;
    %assign/vec4 v000002615966c5e0_0, 0;
    %pushi/vec4 0, 0, 32;
    %assign/vec4 v000002615966ccc0_0, 0;
    %pushi/vec4 0, 0, 32;
    %assign/vec4 v00000261596688a0_0, 0;
    %pushi/vec4 0, 0, 32;
    %assign/vec4 v0000026159669f20_0, 0;
    %pushi/vec4 0, 0, 32;
    %assign/vec4 v000002615966ca40_0, 0;
    %pushi/vec4 0, 0, 3;
    %assign/vec4 v000002615966a6a0_0, 0;
    %pushi/vec4 0, 0, 1;
    %assign/vec4 v0000026159668a80_0, 0;
    %pushi/vec4 0, 0, 1;
    %assign/vec4 v000002615966a100_0, 0;
    %pushi/vec4 0, 0, 1;
    %assign/vec4 v00000261596681c0_0, 0;
    %pushi/vec4 0, 0, 1;
    %assign/vec4 v0000026159669fc0_0, 0;
    %pushi/vec4 0, 0, 1;
    %assign/vec4 v000002615966a740_0, 0;
    %pushi/vec4 0, 0, 1;
    %assign/vec4 v0000026159669520_0, 0;
    %pushi/vec4 0, 0, 1;
    %assign/vec4 v00000261596686c0_0, 0;
    %pushi/vec4 0, 0, 1;
    %assign/vec4 v0000026159668bc0_0, 0;
    %pushi/vec4 0, 0, 1;
    %assign/vec4 v0000026159668b20_0, 0;
    %pushi/vec4 0, 0, 1;
    %assign/vec4 v0000026159668940_0, 0;
    %pushi/vec4 0, 0, 1;
    %assign/vec4 v0000026159676fe0_0, 0;
    %pushi/vec4 0, 0, 32;
    %assign/vec4 v0000026159676180_0, 0;
    %pushi/vec4 0, 0, 32;
    %assign/vec4 v0000026159676540_0, 0;
    %pushi/vec4 0, 0, 32;
    %assign/vec4 v00000261596753c0_0, 0;
    %pushi/vec4 0, 0, 32;
    %assign/vec4 v0000026159676720_0, 0;
    %pushi/vec4 0, 0, 5;
    %assign/vec4 v0000026159676e00_0, 0;
    %pushi/vec4 0, 0, 5;
    %assign/vec4 v0000026159676900_0, 0;
    %pushi/vec4 0, 0, 5;
    %assign/vec4 v00000261596765e0_0, 0;
    %pushi/vec4 0, 0, 32;
    %assign/vec4 v0000026159676a40_0, 0;
    %pushi/vec4 0, 0, 32;
    %assign/vec4 v0000026159675960_0, 0;
    %pushi/vec4 0, 0, 32;
    %assign/vec4 v0000026159676b80_0, 0;
    %pushi/vec4 0, 0, 32;
    %assign/vec4 v0000026159672ee0_0, 0;
    %pushi/vec4 0, 0, 32;
    %assign/vec4 v00000261596756e0_0, 0;
    %pushi/vec4 0, 0, 32;
    %assign/vec4 v0000026159674420_0, 0;
    %pushi/vec4 0, 0, 1;
    %assign/vec4 v0000026159674380_0, 0;
    %pushi/vec4 0, 0, 1;
    %assign/vec4 v0000026159676360_0, 0;
    %pushi/vec4 0, 0, 4;
    %assign/vec4 v00000261596742e0_0, 0;
    %pushi/vec4 0, 0, 32;
    %assign/vec4 v00000261596721c0_0, 0;
    %pushi/vec4 0, 0, 32;
    %assign/vec4 v0000026159673fc0_0, 0;
    %pushi/vec4 0, 0, 1;
    %assign/vec4 v0000026159676860_0, 0;
    %pushi/vec4 0, 0, 1;
    %assign/vec4 v00000261596758c0_0, 0;
    %pushi/vec4 0, 0, 1;
    %assign/vec4 v0000026159675be0_0, 0;
    %pushi/vec4 0, 0, 1;
    %assign/vec4 v0000026159674ce0_0, 0;
    %pushi/vec4 0, 0, 1;
    %assign/vec4 v0000026159675d20_0, 0;
    %pushi/vec4 0, 0, 1;
    %assign/vec4 v00000261596767c0_0, 0;
    %pushi/vec4 0, 0, 1;
    %assign/vec4 v0000026159675140_0, 0;
    %pushi/vec4 0, 0, 1;
    %assign/vec4 v0000026159674c40_0, 0;
    %jmp T_14.1;
T_14.0 ;
    %load/vec4 v0000026159678ca0_0;
    %flag_set/vec4 8;
    %jmp/0xz  T_14.2, 8;
    %pushi/vec4 1, 0, 1;
    %assign/vec4 v000002615966b5a0_0, 0;
    %pushi/vec4 0, 0, 1;
    %assign/vec4 v0000026159674740_0, 0;
    %pushi/vec4 0, 0, 1;
    %assign/vec4 v0000026159672620_0, 0;
    %pushi/vec4 0, 0, 32;
    %assign/vec4 v00000261596737a0_0, 0;
    %pushi/vec4 0, 0, 1;
    %assign/vec4 v00000261596724e0_0, 0;
    %pushi/vec4 0, 0, 32;
    %assign/vec4 v00000261596746a0_0, 0;
    %pushi/vec4 0, 0, 1;
    %assign/vec4 v000002615966fe20_0, 0;
    %pushi/vec4 0, 0, 32;
    %assign/vec4 v0000026159670140_0, 0;
    %pushi/vec4 0, 0, 32;
    %assign/vec4 v0000026159670820_0, 0;
    %pushi/vec4 0, 0, 32;
    %assign/vec4 v00000261596706e0_0, 0;
    %pushi/vec4 0, 0, 1;
    %assign/vec4 v000002615966fd80_0, 0;
    %pushi/vec4 0, 0, 32;
    %assign/vec4 v0000026159670be0_0, 0;
    %pushi/vec4 0, 0, 10;
    %assign/vec4 v000002615966fce0_0, 0;
    %pushi/vec4 0, 0, 1;
    %assign/vec4 v000002615966dd00_0, 0;
    %pushi/vec4 0, 0, 32;
    %assign/vec4 v000002615966ef20_0, 0;
    %pushi/vec4 0, 0, 32;
    %assign/vec4 v000002615966d940_0, 0;
    %pushi/vec4 0, 0, 32;
    %assign/vec4 v000002615966ede0_0, 0;
    %pushi/vec4 0, 0, 5;
    %assign/vec4 v000002615966d3a0_0, 0;
    %pushi/vec4 0, 0, 5;
    %assign/vec4 v000002615966d120_0, 0;
    %pushi/vec4 0, 0, 5;
    %assign/vec4 v000002615966d260_0, 0;
    %pushi/vec4 0, 0, 32;
    %assign/vec4 v000002615966eb60_0, 0;
    %pushi/vec4 0, 0, 32;
    %assign/vec4 v000002615966d440_0, 0;
    %pushi/vec4 0, 0, 32;
    %assign/vec4 v000002615966f7e0_0, 0;
    %pushi/vec4 0, 0, 7;
    %assign/vec4 v000002615966e8e0_0, 0;
    %pushi/vec4 0, 0, 3;
    %assign/vec4 v000002615966c860_0, 0;
    %pushi/vec4 0, 0, 7;
    %assign/vec4 v000002615966a9c0_0, 0;
    %pushi/vec4 0, 0, 1;
    %assign/vec4 v000002615966dda0_0, 0;
    %pushi/vec4 0, 0, 1;
    %assign/vec4 v000002615966df80_0, 0;
    %pushi/vec4 0, 0, 3;
    %assign/vec4 v000002615966b1e0_0, 0;
    %pushi/vec4 0, 0, 1;
    %assign/vec4 v000002615966d1c0_0, 0;
    %pushi/vec4 0, 0, 1;
    %assign/vec4 v000002615966f100_0, 0;
    %pushi/vec4 0, 0, 1;
    %assign/vec4 v000002615966f380_0, 0;
    %pushi/vec4 0, 0, 1;
    %assign/vec4 v000002615966aec0_0, 0;
    %pushi/vec4 0, 0, 1;
    %assign/vec4 v000002615966af60_0, 0;
    %pushi/vec4 0, 0, 1;
    %assign/vec4 v000002615966db20_0, 0;
    %pushi/vec4 0, 0, 1;
    %assign/vec4 v000002615966f600_0, 0;
    %pushi/vec4 0, 0, 1;
    %assign/vec4 v000002615966c400_0, 0;
    %pushi/vec4 0, 0, 1;
    %assign/vec4 v000002615966bbe0_0, 0;
    %pushi/vec4 0, 0, 1;
    %assign/vec4 v000002615966bb40_0, 0;
    %pushi/vec4 0, 0, 1;
    %assign/vec4 v000002615966ea20_0, 0;
    %pushi/vec4 0, 0, 32;
    %assign/vec4 v000002615966d9e0_0, 0;
    %pushi/vec4 0, 0, 10;
    %assign/vec4 v000002615966e2a0_0, 0;
    %pushi/vec4 0, 0, 1;
    %assign/vec4 v000002615966c540_0, 0;
    %pushi/vec4 0, 0, 32;
    %assign/vec4 v0000026159668580_0, 0;
    %pushi/vec4 0, 0, 32;
    %assign/vec4 v00000261596690c0_0, 0;
    %pushi/vec4 0, 0, 32;
    %assign/vec4 v0000026159668760_0, 0;
    %pushi/vec4 0, 0, 32;
    %assign/vec4 v000002615966a600_0, 0;
    %pushi/vec4 0, 0, 5;
    %assign/vec4 v0000026159669980_0, 0;
    %pushi/vec4 0, 0, 5;
    %assign/vec4 v000002615966ac40_0, 0;
    %pushi/vec4 0, 0, 5;
    %assign/vec4 v0000026159669200_0, 0;
    %pushi/vec4 0, 0, 32;
    %assign/vec4 v000002615966c5e0_0, 0;
    %pushi/vec4 0, 0, 32;
    %assign/vec4 v000002615966ccc0_0, 0;
    %pushi/vec4 0, 0, 32;
    %assign/vec4 v00000261596688a0_0, 0;
    %pushi/vec4 0, 0, 32;
    %assign/vec4 v0000026159669f20_0, 0;
    %pushi/vec4 0, 0, 32;
    %assign/vec4 v000002615966ca40_0, 0;
    %pushi/vec4 0, 0, 3;
    %assign/vec4 v000002615966a6a0_0, 0;
    %pushi/vec4 0, 0, 1;
    %assign/vec4 v0000026159668a80_0, 0;
    %pushi/vec4 0, 0, 1;
    %assign/vec4 v000002615966a100_0, 0;
    %pushi/vec4 0, 0, 1;
    %assign/vec4 v00000261596681c0_0, 0;
    %pushi/vec4 0, 0, 1;
    %assign/vec4 v0000026159669fc0_0, 0;
    %pushi/vec4 0, 0, 1;
    %assign/vec4 v000002615966a740_0, 0;
    %pushi/vec4 0, 0, 1;
    %assign/vec4 v0000026159669520_0, 0;
    %pushi/vec4 0, 0, 1;
    %assign/vec4 v00000261596686c0_0, 0;
    %pushi/vec4 0, 0, 1;
    %assign/vec4 v0000026159668bc0_0, 0;
    %pushi/vec4 0, 0, 1;
    %assign/vec4 v0000026159668b20_0, 0;
    %pushi/vec4 0, 0, 1;
    %assign/vec4 v0000026159668940_0, 0;
    %pushi/vec4 0, 0, 1;
    %assign/vec4 v0000026159676fe0_0, 0;
    %pushi/vec4 0, 0, 32;
    %assign/vec4 v0000026159676180_0, 0;
    %pushi/vec4 0, 0, 32;
    %assign/vec4 v0000026159676540_0, 0;
    %pushi/vec4 0, 0, 32;
    %assign/vec4 v00000261596753c0_0, 0;
    %pushi/vec4 0, 0, 32;
    %assign/vec4 v0000026159676720_0, 0;
    %pushi/vec4 0, 0, 5;
    %assign/vec4 v0000026159676e00_0, 0;
    %pushi/vec4 0, 0, 5;
    %assign/vec4 v0000026159676900_0, 0;
    %pushi/vec4 0, 0, 5;
    %assign/vec4 v00000261596765e0_0, 0;
    %pushi/vec4 0, 0, 32;
    %assign/vec4 v0000026159676a40_0, 0;
    %pushi/vec4 0, 0, 32;
    %assign/vec4 v0000026159675960_0, 0;
    %pushi/vec4 0, 0, 32;
    %assign/vec4 v0000026159676b80_0, 0;
    %pushi/vec4 0, 0, 32;
    %assign/vec4 v0000026159672ee0_0, 0;
    %pushi/vec4 0, 0, 32;
    %assign/vec4 v00000261596756e0_0, 0;
    %pushi/vec4 0, 0, 32;
    %assign/vec4 v0000026159674420_0, 0;
    %pushi/vec4 0, 0, 1;
    %assign/vec4 v0000026159674380_0, 0;
    %pushi/vec4 0, 0, 1;
    %assign/vec4 v0000026159676360_0, 0;
    %pushi/vec4 0, 0, 4;
    %assign/vec4 v00000261596742e0_0, 0;
    %pushi/vec4 0, 0, 32;
    %assign/vec4 v00000261596721c0_0, 0;
    %pushi/vec4 0, 0, 32;
    %assign/vec4 v0000026159673fc0_0, 0;
    %pushi/vec4 0, 0, 1;
    %assign/vec4 v0000026159676860_0, 0;
    %pushi/vec4 0, 0, 1;
    %assign/vec4 v00000261596758c0_0, 0;
    %pushi/vec4 0, 0, 1;
    %assign/vec4 v0000026159675be0_0, 0;
    %pushi/vec4 0, 0, 1;
    %assign/vec4 v0000026159674ce0_0, 0;
    %pushi/vec4 0, 0, 1;
    %assign/vec4 v0000026159675d20_0, 0;
    %pushi/vec4 0, 0, 1;
    %assign/vec4 v00000261596767c0_0, 0;
    %pushi/vec4 0, 0, 1;
    %assign/vec4 v0000026159675140_0, 0;
    %pushi/vec4 0, 0, 1;
    %assign/vec4 v0000026159674c40_0, 0;
    %jmp T_14.3;
T_14.2 ;
    %load/vec4 v000002615966b5a0_0;
    %inv;
    %flag_set/vec4 8;
    %jmp/0xz  T_14.4, 8;
    %load/vec4 v0000026159678020_0;
    %flag_set/vec4 8;
    %jmp/0xz  T_14.6, 8;
    %load/vec4 v0000026159672940_0;
    %addi 4, 0, 32;
    %load/vec4 v0000026159677f80_0;
    %pad/u 5;
    %ix/vec4 3;
    %ix/load 4, 0, 0; Constant delay
    %assign/vec4/a/d v00000261596783e0, 0, 4;
    %load/vec4 v0000026159677f80_0;
    %addi 1, 0, 3;
    %assign/vec4 v0000026159677f80_0, 0;
    %pushi/vec4 1, 0, 1;
    %assign/vec4 v0000026159678ac0_0, 0;
    %jmp T_14.7;
T_14.6 ;
    %load/vec4 v00000261596776c0_0;
    %flag_set/vec4 8;
    %jmp/0xz  T_14.8, 8;
    %load/vec4 v0000026159677f80_0;
    %subi 1, 0, 3;
    %assign/vec4 v0000026159677f80_0, 0;
    %load/vec4 v0000026159677f80_0;
    %cmpi/e 1, 0, 3;
    %jmp/0xz  T_14.10, 4;
    %pushi/vec4 0, 0, 1;
    %assign/vec4 v0000026159678ac0_0, 0;
T_14.10 ;
T_14.8 ;
T_14.7 ;
    %load/vec4 v0000026159666a00_0;
    %flag_set/vec4 8;
    %jmp/0xz  T_14.12, 8;
    %load/vec4 v0000026159666b40_0;
    %inv;
    %ix/load 5, 0, 0;
    %ix/getv 4, v0000026159666aa0_0;
    %assign/vec4/off/d v0000026159666780_0, 4, 5;
    %load/vec4 v0000026159666b40_0;
    %inv;
    %flag_set/vec4 8;
    %jmp/0xz  T_14.14, 8;
    %pushi/vec4 1, 0, 1;
    %ix/load 5, 0, 0;
    %ix/getv 4, v0000026159666aa0_0;
    %assign/vec4/off/d v0000026159665d80_0, 4, 5;
    %load/vec4 v0000026159665a60_0;
    %load/vec4 v0000026159666aa0_0;
    %pad/u 9;
    %ix/vec4 3;
    %ix/load 4, 0, 0; Constant delay
    %assign/vec4/a/d v00000261596668c0, 0, 4;
    %load/vec4 v0000026159668800_0;
    %load/vec4 v0000026159666aa0_0;
    %pad/u 9;
    %ix/vec4 3;
    %ix/load 4, 0, 0; Constant delay
    %assign/vec4/a/d v0000026159668080, 0, 4;
    %load/vec4 v0000026159665c40_0;
    %inv;
    %flag_set/vec4 8;
    %jmp/0xz  T_14.16, 8;
    %load/vec4 v0000026159667720_0;
    %flag_set/vec4 8;
    %jmp/0 T_14.18, 8;
    %pushi/vec4 2, 0, 2;
    %jmp/1 T_14.19, 8;
T_14.18 ; End of true expr.
    %pushi/vec4 1, 0, 2;
    %jmp/0 T_14.19, 8;
 ; End of false expr.
    %blend;
T_14.19;
    %load/vec4 v0000026159666aa0_0;
    %pad/u 9;
    %ix/vec4 3;
    %ix/load 4, 0, 0; Constant delay
    %assign/vec4/a/d v0000026159667ae0, 0, 4;
    %jmp T_14.17;
T_14.16 ;
    %load/vec4 v0000026159667720_0;
    %flag_set/vec4 8;
    %jmp/0xz  T_14.20, 8;
    %load/vec4 v0000026159666aa0_0;
    %pad/u 9;
    %ix/vec4 4;
    %load/vec4a v0000026159667ae0, 4;
    %cmpi/ne 3, 0, 2;
    %jmp/0xz  T_14.22, 4;
    %load/vec4 v0000026159666aa0_0;
    %pad/u 9;
    %ix/vec4 4;
    %load/vec4a v0000026159667ae0, 4;
    %addi 1, 0, 2;
    %load/vec4 v0000026159666aa0_0;
    %pad/u 9;
    %ix/vec4 3;
    %ix/load 4, 0, 0; Constant delay
    %assign/vec4/a/d v0000026159667ae0, 0, 4;
T_14.22 ;
    %jmp T_14.21;
T_14.20 ;
    %load/vec4 v0000026159666aa0_0;
    %pad/u 9;
    %ix/vec4 4;
    %load/vec4a v0000026159667ae0, 4;
    %cmpi/ne 0, 0, 2;
    %jmp/0xz  T_14.24, 4;
    %load/vec4 v0000026159666aa0_0;
    %pad/u 9;
    %ix/vec4 4;
    %load/vec4a v0000026159667ae0, 4;
    %subi 1, 0, 2;
    %load/vec4 v0000026159666aa0_0;
    %pad/u 9;
    %ix/vec4 3;
    %ix/load 4, 0, 0; Constant delay
    %assign/vec4/a/d v0000026159667ae0, 0, 4;
T_14.24 ;
T_14.21 ;
T_14.17 ;
    %jmp T_14.15;
T_14.14 ;
    %pushi/vec4 1, 0, 1;
    %ix/load 5, 0, 0;
    %ix/getv 4, v0000026159666aa0_0;
    %assign/vec4/off/d v00000261596698e0_0, 4, 5;
    %load/vec4 v0000026159665a60_0;
    %load/vec4 v0000026159666aa0_0;
    %pad/u 9;
    %ix/vec4 3;
    %ix/load 4, 0, 0; Constant delay
    %assign/vec4/a/d v0000026159666960, 0, 4;
    %load/vec4 v0000026159668800_0;
    %load/vec4 v0000026159666aa0_0;
    %pad/u 9;
    %ix/vec4 3;
    %ix/load 4, 0, 0; Constant delay
    %assign/vec4/a/d v00000261596659c0, 0, 4;
    %load/vec4 v0000026159665ce0_0;
    %inv;
    %flag_set/vec4 8;
    %jmp/0xz  T_14.26, 8;
    %load/vec4 v0000026159667720_0;
    %flag_set/vec4 8;
    %jmp/0 T_14.28, 8;
    %pushi/vec4 2, 0, 2;
    %jmp/1 T_14.29, 8;
T_14.28 ; End of true expr.
    %pushi/vec4 1, 0, 2;
    %jmp/0 T_14.29, 8;
 ; End of false expr.
    %blend;
T_14.29;
    %load/vec4 v0000026159666aa0_0;
    %pad/u 9;
    %ix/vec4 3;
    %ix/load 4, 0, 0; Constant delay
    %assign/vec4/a/d v0000026159667e00, 0, 4;
    %jmp T_14.27;
T_14.26 ;
    %load/vec4 v0000026159667720_0;
    %flag_set/vec4 8;
    %jmp/0xz  T_14.30, 8;
    %load/vec4 v0000026159666aa0_0;
    %pad/u 9;
    %ix/vec4 4;
    %load/vec4a v0000026159667e00, 4;
    %cmpi/ne 3, 0, 2;
    %jmp/0xz  T_14.32, 4;
    %load/vec4 v0000026159666aa0_0;
    %pad/u 9;
    %ix/vec4 4;
    %load/vec4a v0000026159667e00, 4;
    %addi 1, 0, 2;
    %load/vec4 v0000026159666aa0_0;
    %pad/u 9;
    %ix/vec4 3;
    %ix/load 4, 0, 0; Constant delay
    %assign/vec4/a/d v0000026159667e00, 0, 4;
T_14.32 ;
    %jmp T_14.31;
T_14.30 ;
    %load/vec4 v0000026159666aa0_0;
    %pad/u 9;
    %ix/vec4 4;
    %load/vec4a v0000026159667e00, 4;
    %cmpi/ne 0, 0, 2;
    %jmp/0xz  T_14.34, 4;
    %load/vec4 v0000026159666aa0_0;
    %pad/u 9;
    %ix/vec4 4;
    %load/vec4a v0000026159667e00, 4;
    %subi 1, 0, 2;
    %load/vec4 v0000026159666aa0_0;
    %pad/u 9;
    %ix/vec4 3;
    %ix/load 4, 0, 0; Constant delay
    %assign/vec4/a/d v0000026159667e00, 0, 4;
T_14.34 ;
T_14.31 ;
T_14.27 ;
T_14.15 ;
    %load/vec4 v000002615966c400_0;
    %flag_set/vec4 8;
    %jmp/0xz  T_14.36, 8;
    %pushi/vec4 1, 0, 1;
    %ix/load 5, 0, 0;
    %ix/getv 4, v000002615966e2a0_0;
    %assign/vec4/off/d v00000261596666e0_0, 4, 5;
    %load/vec4 v0000026159667720_0;
    %flag_set/vec4 8;
    %jmp/0xz  T_14.38, 8;
    %load/vec4 v00000261596666e0_0;
    %load/vec4 v000002615966e2a0_0;
    %part/u 1;
    %inv;
    %flag_set/vec4 8;
    %jmp/0xz  T_14.40, 8;
    %pushi/vec4 2, 0, 2;
    %load/vec4 v000002615966e2a0_0;
    %pad/u 12;
    %ix/vec4 3;
    %ix/load 4, 0, 0; Constant delay
    %assign/vec4/a/d v0000026159667a40, 0, 4;
    %jmp T_14.41;
T_14.40 ;
    %load/vec4 v000002615966e2a0_0;
    %pad/u 12;
    %ix/vec4 4;
    %load/vec4a v0000026159667a40, 4;
    %cmpi/ne 3, 0, 2;
    %jmp/0xz  T_14.42, 4;
    %load/vec4 v000002615966e2a0_0;
    %pad/u 12;
    %ix/vec4 4;
    %load/vec4a v0000026159667a40, 4;
    %addi 1, 0, 2;
    %load/vec4 v000002615966e2a0_0;
    %pad/u 12;
    %ix/vec4 3;
    %ix/load 4, 0, 0; Constant delay
    %assign/vec4/a/d v0000026159667a40, 0, 4;
T_14.42 ;
T_14.41 ;
    %jmp T_14.39;
T_14.38 ;
    %load/vec4 v00000261596666e0_0;
    %load/vec4 v000002615966e2a0_0;
    %part/u 1;
    %inv;
    %flag_set/vec4 8;
    %jmp/0xz  T_14.44, 8;
    %pushi/vec4 0, 0, 2;
    %load/vec4 v000002615966e2a0_0;
    %pad/u 12;
    %ix/vec4 3;
    %ix/load 4, 0, 0; Constant delay
    %assign/vec4/a/d v0000026159667a40, 0, 4;
    %jmp T_14.45;
T_14.44 ;
    %load/vec4 v000002615966e2a0_0;
    %pad/u 12;
    %ix/vec4 4;
    %load/vec4a v0000026159667a40, 4;
    %cmpi/ne 0, 0, 2;
    %jmp/0xz  T_14.46, 4;
    %load/vec4 v000002615966e2a0_0;
    %pad/u 12;
    %ix/vec4 4;
    %load/vec4a v0000026159667a40, 4;
    %subi 1, 0, 2;
    %load/vec4 v000002615966e2a0_0;
    %pad/u 12;
    %ix/vec4 3;
    %ix/load 4, 0, 0; Constant delay
    %assign/vec4/a/d v0000026159667a40, 0, 4;
T_14.46 ;
T_14.45 ;
T_14.39 ;
    %load/vec4 v0000026159666820_0;
    %parti/s 9, 0, 2;
    %load/vec4 v0000026159667720_0;
    %concat/vec4; draw_concat_vec4
    %assign/vec4 v0000026159666820_0, 0;
T_14.36 ;
T_14.12 ;
    %load/vec4 v000002615966c720_0;
    %flag_set/vec4 8;
    %jmp/0xz  T_14.48, 8;
    %load/vec4 v0000026159677da0_0;
    %assign/vec4 v00000261596785c0_0, 0;
    %jmp T_14.49;
T_14.48 ;
    %load/vec4 v0000026159671b80_0;
    %flag_set/vec4 8;
    %jmp/0xz  T_14.50, 8;
    %load/vec4 v0000026159677da0_0;
    %assign/vec4 v00000261596785c0_0, 0;
    %jmp T_14.51;
T_14.50 ;
    %load/vec4 v0000026159673c00_0;
    %flag_set/vec4 8;
    %jmp/0xz  T_14.52, 8;
    %load/vec4 v0000026159672760_0;
    %assign/vec4 v00000261596785c0_0, 0;
    %jmp T_14.53;
T_14.52 ;
    %load/vec4 v0000026159672da0_0;
    %flag_set/vec4 8;
    %jmp/0xz  T_14.54, 8;
    %load/vec4 v0000026159677da0_0;
    %assign/vec4 v00000261596785c0_0, 0;
T_14.54 ;
T_14.53 ;
T_14.51 ;
T_14.49 ;
    %load/vec4 v0000026159672800_0;
    %flag_set/vec4 8;
    %jmp/0xz  T_14.56, 8;
    %pushi/vec4 0, 0, 1;
    %assign/vec4 v0000026159674740_0, 0;
    %pushi/vec4 0, 0, 1;
    %assign/vec4 v0000026159672620_0, 0;
    %pushi/vec4 0, 0, 32;
    %assign/vec4 v00000261596737a0_0, 0;
    %pushi/vec4 0, 0, 1;
    %assign/vec4 v00000261596724e0_0, 0;
    %pushi/vec4 0, 0, 32;
    %assign/vec4 v00000261596746a0_0, 0;
    %jmp T_14.57;
T_14.56 ;
    %load/vec4 v0000026159672da0_0;
    %load/vec4 v0000026159673980_0;
    %and;
    %flag_set/vec4 8;
    %jmp/0xz  T_14.58, 8;
    %pushi/vec4 1, 0, 1;
    %assign/vec4 v0000026159674740_0, 0;
    %pushi/vec4 0, 0, 1;
    %assign/vec4 v0000026159672620_0, 0;
    %load/vec4 v00000261596715e0_0;
    %assign/vec4 v00000261596737a0_0, 0;
    %load/vec4 v00000261596723a0_0;
    %assign/vec4 v00000261596724e0_0, 0;
    %load/vec4 v0000026159673ac0_0;
    %assign/vec4 v00000261596746a0_0, 0;
    %jmp T_14.59;
T_14.58 ;
    %load/vec4 v000002615966c720_0;
    %load/vec4 v0000026159671b80_0;
    %or;
    %flag_set/vec4 9;
    %flag_get/vec4 9;
    %jmp/0 T_14.62, 9;
    %load/vec4 v0000026159674740_0;
    %and;
T_14.62;
    %flag_set/vec4 8;
    %jmp/0xz  T_14.60, 8;
    %pushi/vec4 1, 0, 1;
    %assign/vec4 v0000026159672620_0, 0;
T_14.60 ;
T_14.59 ;
T_14.57 ;
    %load/vec4 v000002615966c720_0;
    %flag_set/vec4 8;
    %jmp/0xz  T_14.63, 8;
    %pushi/vec4 0, 0, 1;
    %assign/vec4 v000002615966fe20_0, 0;
    %pushi/vec4 0, 0, 32;
    %assign/vec4 v0000026159670140_0, 0;
    %pushi/vec4 0, 0, 32;
    %assign/vec4 v0000026159670820_0, 0;
    %pushi/vec4 0, 0, 32;
    %assign/vec4 v00000261596706e0_0, 0;
    %pushi/vec4 0, 0, 1;
    %assign/vec4 v000002615966fd80_0, 0;
    %pushi/vec4 0, 0, 32;
    %assign/vec4 v0000026159670be0_0, 0;
    %pushi/vec4 0, 0, 10;
    %assign/vec4 v000002615966fce0_0, 0;
    %pushi/vec4 0, 0, 1;
    %assign/vec4 v000002615966dd00_0, 0;
    %pushi/vec4 0, 0, 32;
    %assign/vec4 v000002615966ef20_0, 0;
    %pushi/vec4 0, 0, 32;
    %assign/vec4 v000002615966d940_0, 0;
    %pushi/vec4 0, 0, 32;
    %assign/vec4 v000002615966ede0_0, 0;
    %pushi/vec4 0, 0, 5;
    %assign/vec4 v000002615966d3a0_0, 0;
    %pushi/vec4 0, 0, 5;
    %assign/vec4 v000002615966d120_0, 0;
    %pushi/vec4 0, 0, 5;
    %assign/vec4 v000002615966d260_0, 0;
    %pushi/vec4 0, 0, 32;
    %assign/vec4 v000002615966eb60_0, 0;
    %pushi/vec4 0, 0, 32;
    %assign/vec4 v000002615966d440_0, 0;
    %pushi/vec4 0, 0, 32;
    %assign/vec4 v000002615966f7e0_0, 0;
    %pushi/vec4 0, 0, 7;
    %assign/vec4 v000002615966e8e0_0, 0;
    %pushi/vec4 0, 0, 3;
    %assign/vec4 v000002615966c860_0, 0;
    %pushi/vec4 0, 0, 7;
    %assign/vec4 v000002615966a9c0_0, 0;
    %pushi/vec4 0, 0, 1;
    %assign/vec4 v000002615966dda0_0, 0;
    %pushi/vec4 0, 0, 1;
    %assign/vec4 v000002615966df80_0, 0;
    %pushi/vec4 0, 0, 3;
    %assign/vec4 v000002615966b1e0_0, 0;
    %pushi/vec4 0, 0, 1;
    %assign/vec4 v000002615966d1c0_0, 0;
    %pushi/vec4 0, 0, 1;
    %assign/vec4 v000002615966f100_0, 0;
    %pushi/vec4 0, 0, 1;
    %assign/vec4 v000002615966f380_0, 0;
    %pushi/vec4 0, 0, 1;
    %assign/vec4 v000002615966aec0_0, 0;
    %pushi/vec4 0, 0, 1;
    %assign/vec4 v000002615966af60_0, 0;
    %pushi/vec4 0, 0, 1;
    %assign/vec4 v000002615966db20_0, 0;
    %pushi/vec4 0, 0, 1;
    %assign/vec4 v000002615966f600_0, 0;
    %pushi/vec4 0, 0, 1;
    %assign/vec4 v000002615966c400_0, 0;
    %pushi/vec4 0, 0, 1;
    %assign/vec4 v000002615966bbe0_0, 0;
    %pushi/vec4 0, 0, 1;
    %assign/vec4 v000002615966bb40_0, 0;
    %pushi/vec4 0, 0, 1;
    %assign/vec4 v000002615966ea20_0, 0;
    %pushi/vec4 0, 0, 32;
    %assign/vec4 v000002615966d9e0_0, 0;
    %pushi/vec4 0, 0, 10;
    %assign/vec4 v000002615966e2a0_0, 0;
    %jmp T_14.64;
T_14.63 ;
    %load/vec4 v0000026159671b80_0;
    %flag_set/vec4 8;
    %jmp/0xz  T_14.65, 8;
    %pushi/vec4 0, 0, 1;
    %assign/vec4 v000002615966fe20_0, 0;
    %pushi/vec4 0, 0, 32;
    %assign/vec4 v0000026159670140_0, 0;
    %pushi/vec4 0, 0, 32;
    %assign/vec4 v0000026159670820_0, 0;
    %pushi/vec4 0, 0, 32;
    %assign/vec4 v00000261596706e0_0, 0;
    %pushi/vec4 0, 0, 1;
    %assign/vec4 v000002615966fd80_0, 0;
    %pushi/vec4 0, 0, 32;
    %assign/vec4 v0000026159670be0_0, 0;
    %pushi/vec4 0, 0, 10;
    %assign/vec4 v000002615966fce0_0, 0;
    %load/vec4 v000002615966eca0_0;
    %assign/vec4 v000002615966dd00_0, 0;
    %load/vec4 v000002615966d300_0;
    %assign/vec4 v000002615966ef20_0, 0;
    %load/vec4 v000002615966f060_0;
    %assign/vec4 v000002615966d940_0, 0;
    %load/vec4 v000002615966e7a0_0;
    %assign/vec4 v000002615966ede0_0, 0;
    %load/vec4 v000002615966e700_0;
    %assign/vec4 v000002615966d3a0_0, 0;
    %load/vec4 v000002615966de40_0;
    %assign/vec4 v000002615966d120_0, 0;
    %load/vec4 v000002615966f560_0;
    %assign/vec4 v000002615966d260_0, 0;
    %load/vec4 v000002615966e0c0_0;
    %assign/vec4 v000002615966eb60_0, 0;
    %load/vec4 v000002615966e480_0;
    %assign/vec4 v000002615966d440_0, 0;
    %load/vec4 v000002615966f740_0;
    %assign/vec4 v000002615966f7e0_0, 0;
    %load/vec4 v000002615966f420_0;
    %assign/vec4 v000002615966e8e0_0, 0;
    %load/vec4 v000002615966c900_0;
    %assign/vec4 v000002615966c860_0, 0;
    %load/vec4 v000002615966aa60_0;
    %assign/vec4 v000002615966a9c0_0, 0;
    %load/vec4 v000002615966f240_0;
    %assign/vec4 v000002615966dda0_0, 0;
    %load/vec4 v000002615966dee0_0;
    %assign/vec4 v000002615966df80_0, 0;
    %load/vec4 v000002615966b3c0_0;
    %assign/vec4 v000002615966b1e0_0, 0;
    %load/vec4 v000002615966d620_0;
    %assign/vec4 v000002615966d1c0_0, 0;
    %load/vec4 v000002615966f2e0_0;
    %assign/vec4 v000002615966f100_0, 0;
    %load/vec4 v000002615966e200_0;
    %assign/vec4 v000002615966f380_0, 0;
    %load/vec4 v000002615966c9a0_0;
    %assign/vec4 v000002615966aec0_0, 0;
    %load/vec4 v000002615966c2c0_0;
    %assign/vec4 v000002615966af60_0, 0;
    %load/vec4 v000002615966f880_0;
    %assign/vec4 v000002615966db20_0, 0;
    %load/vec4 v000002615966dc60_0;
    %assign/vec4 v000002615966f600_0, 0;
    %load/vec4 v000002615966c220_0;
    %assign/vec4 v000002615966c400_0, 0;
    %load/vec4 v000002615966f1a0_0;
    %assign/vec4 v000002615966bbe0_0, 0;
    %load/vec4 v000002615966ba00_0;
    %assign/vec4 v000002615966bb40_0, 0;
    %load/vec4 v000002615966bd20_0;
    %assign/vec4 v000002615966ea20_0, 0;
    %load/vec4 v0000026159671f40_0;
    %assign/vec4 v000002615966d9e0_0, 0;
    %load/vec4 v000002615966fce0_0;
    %assign/vec4 v000002615966e2a0_0, 0;
    %jmp T_14.66;
T_14.65 ;
    %load/vec4 v00000261596738e0_0;
    %flag_set/vec4 8;
    %jmp/0xz  T_14.67, 8;
    %load/vec4 v0000026159674240_0;
    %flag_set/vec4 8;
    %jmp/0xz  T_14.69, 8;
    %load/vec4 v000002615966fec0_0;
    %assign/vec4 v000002615966fe20_0, 0;
    %load/vec4 v00000261596701e0_0;
    %assign/vec4 v0000026159670140_0, 0;
    %load/vec4 v0000026159671180_0;
    %assign/vec4 v0000026159670820_0, 0;
    %load/vec4 v0000026159670500_0;
    %assign/vec4 v00000261596706e0_0, 0;
    %load/vec4 v00000261596710e0_0;
    %assign/vec4 v000002615966fd80_0, 0;
    %load/vec4 v00000261596712c0_0;
    %assign/vec4 v0000026159670be0_0, 0;
    %load/vec4 v0000026159671220_0;
    %assign/vec4 v000002615966fce0_0, 0;
T_14.69 ;
    %load/vec4 v000002615966b320_0;
    %assign/vec4 v000002615966eb60_0, 0;
    %load/vec4 v000002615966b140_0;
    %assign/vec4 v000002615966d440_0, 0;
    %jmp T_14.68;
T_14.67 ;
    %load/vec4 v000002615966cd60_0;
    %flag_set/vec4 8;
    %jmp/0xz  T_14.71, 8;
    %pushi/vec4 0, 0, 1;
    %assign/vec4 v000002615966dd00_0, 0;
    %pushi/vec4 0, 0, 32;
    %assign/vec4 v000002615966ef20_0, 0;
    %pushi/vec4 0, 0, 32;
    %assign/vec4 v000002615966d940_0, 0;
    %pushi/vec4 0, 0, 32;
    %assign/vec4 v000002615966ede0_0, 0;
    %pushi/vec4 0, 0, 5;
    %assign/vec4 v000002615966d3a0_0, 0;
    %pushi/vec4 0, 0, 5;
    %assign/vec4 v000002615966d120_0, 0;
    %pushi/vec4 0, 0, 5;
    %assign/vec4 v000002615966d260_0, 0;
    %pushi/vec4 0, 0, 32;
    %assign/vec4 v000002615966eb60_0, 0;
    %pushi/vec4 0, 0, 32;
    %assign/vec4 v000002615966d440_0, 0;
    %pushi/vec4 0, 0, 32;
    %assign/vec4 v000002615966f7e0_0, 0;
    %pushi/vec4 0, 0, 7;
    %assign/vec4 v000002615966e8e0_0, 0;
    %pushi/vec4 0, 0, 3;
    %assign/vec4 v000002615966c860_0, 0;
    %pushi/vec4 0, 0, 7;
    %assign/vec4 v000002615966a9c0_0, 0;
    %pushi/vec4 0, 0, 1;
    %assign/vec4 v000002615966dda0_0, 0;
    %pushi/vec4 0, 0, 1;
    %assign/vec4 v000002615966df80_0, 0;
    %pushi/vec4 0, 0, 3;
    %assign/vec4 v000002615966b1e0_0, 0;
    %pushi/vec4 0, 0, 1;
    %assign/vec4 v000002615966d1c0_0, 0;
    %pushi/vec4 0, 0, 1;
    %assign/vec4 v000002615966f100_0, 0;
    %pushi/vec4 0, 0, 1;
    %assign/vec4 v000002615966f380_0, 0;
    %pushi/vec4 0, 0, 1;
    %assign/vec4 v000002615966aec0_0, 0;
    %pushi/vec4 0, 0, 1;
    %assign/vec4 v000002615966af60_0, 0;
    %pushi/vec4 0, 0, 1;
    %assign/vec4 v000002615966db20_0, 0;
    %pushi/vec4 0, 0, 1;
    %assign/vec4 v000002615966f600_0, 0;
    %pushi/vec4 0, 0, 1;
    %assign/vec4 v000002615966c400_0, 0;
    %pushi/vec4 0, 0, 1;
    %assign/vec4 v000002615966bbe0_0, 0;
    %pushi/vec4 0, 0, 1;
    %assign/vec4 v000002615966bb40_0, 0;
    %pushi/vec4 0, 0, 1;
    %assign/vec4 v000002615966ea20_0, 0;
    %pushi/vec4 0, 0, 32;
    %assign/vec4 v000002615966d9e0_0, 0;
    %pushi/vec4 0, 0, 10;
    %assign/vec4 v000002615966e2a0_0, 0;
    %jmp T_14.72;
T_14.71 ;
    %load/vec4 v000002615966fec0_0;
    %assign/vec4 v000002615966fe20_0, 0;
    %load/vec4 v00000261596701e0_0;
    %assign/vec4 v0000026159670140_0, 0;
    %load/vec4 v0000026159671180_0;
    %assign/vec4 v0000026159670820_0, 0;
    %load/vec4 v0000026159670500_0;
    %assign/vec4 v00000261596706e0_0, 0;
    %load/vec4 v00000261596710e0_0;
    %assign/vec4 v000002615966fd80_0, 0;
    %load/vec4 v00000261596712c0_0;
    %assign/vec4 v0000026159670be0_0, 0;
    %load/vec4 v0000026159671220_0;
    %assign/vec4 v000002615966fce0_0, 0;
    %load/vec4 v000002615966eca0_0;
    %assign/vec4 v000002615966dd00_0, 0;
    %load/vec4 v000002615966d300_0;
    %assign/vec4 v000002615966ef20_0, 0;
    %load/vec4 v000002615966f060_0;
    %assign/vec4 v000002615966d940_0, 0;
    %load/vec4 v000002615966e7a0_0;
    %assign/vec4 v000002615966ede0_0, 0;
    %load/vec4 v000002615966e700_0;
    %assign/vec4 v000002615966d3a0_0, 0;
    %load/vec4 v000002615966de40_0;
    %assign/vec4 v000002615966d120_0, 0;
    %load/vec4 v000002615966f560_0;
    %assign/vec4 v000002615966d260_0, 0;
    %load/vec4 v000002615966dbc0_0;
    %assign/vec4 v000002615966eb60_0, 0;
    %load/vec4 v000002615966e840_0;
    %assign/vec4 v000002615966d440_0, 0;
    %load/vec4 v000002615966f740_0;
    %assign/vec4 v000002615966f7e0_0, 0;
    %load/vec4 v000002615966f420_0;
    %assign/vec4 v000002615966e8e0_0, 0;
    %load/vec4 v000002615966c900_0;
    %assign/vec4 v000002615966c860_0, 0;
    %load/vec4 v000002615966aa60_0;
    %assign/vec4 v000002615966a9c0_0, 0;
    %load/vec4 v000002615966f240_0;
    %assign/vec4 v000002615966dda0_0, 0;
    %load/vec4 v000002615966dee0_0;
    %assign/vec4 v000002615966df80_0, 0;
    %load/vec4 v000002615966b3c0_0;
    %assign/vec4 v000002615966b1e0_0, 0;
    %load/vec4 v000002615966d620_0;
    %assign/vec4 v000002615966d1c0_0, 0;
    %load/vec4 v000002615966f2e0_0;
    %assign/vec4 v000002615966f100_0, 0;
    %load/vec4 v000002615966e200_0;
    %assign/vec4 v000002615966f380_0, 0;
    %load/vec4 v000002615966c9a0_0;
    %assign/vec4 v000002615966aec0_0, 0;
    %load/vec4 v000002615966c2c0_0;
    %assign/vec4 v000002615966af60_0, 0;
    %load/vec4 v000002615966f880_0;
    %assign/vec4 v000002615966db20_0, 0;
    %load/vec4 v000002615966dc60_0;
    %assign/vec4 v000002615966f600_0, 0;
    %load/vec4 v000002615966c220_0;
    %assign/vec4 v000002615966c400_0, 0;
    %load/vec4 v000002615966f1a0_0;
    %assign/vec4 v000002615966bbe0_0, 0;
    %load/vec4 v000002615966ba00_0;
    %assign/vec4 v000002615966bb40_0, 0;
    %load/vec4 v000002615966f4c0_0;
    %assign/vec4 v000002615966ea20_0, 0;
    %load/vec4 v000002615966da80_0;
    %assign/vec4 v000002615966d9e0_0, 0;
    %load/vec4 v000002615966e980_0;
    %assign/vec4 v000002615966e2a0_0, 0;
T_14.72 ;
T_14.68 ;
T_14.66 ;
T_14.64 ;
    %load/vec4 v00000261596738e0_0;
    %flag_set/vec4 8;
    %jmp/0xz  T_14.73, 8;
    %load/vec4 v0000026159668940_0;
    %load/vec4 v00000261596697a0_0;
    %or;
    %assign/vec4 v0000026159668940_0, 0;
    %jmp T_14.74;
T_14.73 ;
    %load/vec4 v000002615966b000_0;
    %assign/vec4 v000002615966c540_0, 0;
    %load/vec4 v00000261596695c0_0;
    %assign/vec4 v0000026159668580_0, 0;
    %load/vec4 v0000026159669480_0;
    %assign/vec4 v00000261596690c0_0, 0;
    %load/vec4 v0000026159668440_0;
    %assign/vec4 v0000026159668760_0, 0;
    %load/vec4 v0000026159668ee0_0;
    %assign/vec4 v000002615966a600_0, 0;
    %load/vec4 v000002615966ab00_0;
    %assign/vec4 v0000026159669980_0, 0;
    %load/vec4 v000002615966b460_0;
    %assign/vec4 v000002615966ac40_0, 0;
    %load/vec4 v00000261596693e0_0;
    %assign/vec4 v0000026159669200_0, 0;
    %load/vec4 v000002615966cc20_0;
    %assign/vec4 v000002615966c5e0_0, 0;
    %load/vec4 v000002615966c4a0_0;
    %assign/vec4 v000002615966ccc0_0, 0;
    %load/vec4 v00000261596684e0_0;
    %assign/vec4 v00000261596688a0_0, 0;
    %load/vec4 v0000026159668300_0;
    %assign/vec4 v0000026159669f20_0, 0;
    %load/vec4 v000002615966b500_0;
    %assign/vec4 v000002615966ca40_0, 0;
    %load/vec4 v0000026159669340_0;
    %assign/vec4 v000002615966a6a0_0, 0;
    %load/vec4 v00000261596683a0_0;
    %assign/vec4 v0000026159668a80_0, 0;
    %load/vec4 v0000026159669700_0;
    %assign/vec4 v000002615966a100_0, 0;
    %load/vec4 v0000026159668260_0;
    %assign/vec4 v00000261596681c0_0, 0;
    %load/vec4 v000002615966a060_0;
    %assign/vec4 v0000026159669fc0_0, 0;
    %load/vec4 v000002615966a880_0;
    %assign/vec4 v000002615966a740_0, 0;
    %load/vec4 v0000026159669660_0;
    %assign/vec4 v0000026159669520_0, 0;
    %load/vec4 v0000026159669c00_0;
    %assign/vec4 v00000261596686c0_0, 0;
    %load/vec4 v0000026159668d00_0;
    %assign/vec4 v0000026159668bc0_0, 0;
    %load/vec4 v0000026159669e80_0;
    %assign/vec4 v0000026159668b20_0, 0;
    %pushi/vec4 0, 0, 1;
    %assign/vec4 v0000026159668940_0, 0;
T_14.74 ;
    %load/vec4 v00000261596769a0_0;
    %assign/vec4 v0000026159676fe0_0, 0;
    %load/vec4 v0000026159674d80_0;
    %assign/vec4 v0000026159676180_0, 0;
    %load/vec4 v0000026159676220_0;
    %assign/vec4 v0000026159676540_0, 0;
    %load/vec4 v00000261596760e0_0;
    %assign/vec4 v00000261596753c0_0, 0;
    %load/vec4 v0000026159676ae0_0;
    %assign/vec4 v0000026159676720_0, 0;
    %load/vec4 v0000026159675460_0;
    %assign/vec4 v0000026159676e00_0, 0;
    %load/vec4 v0000026159675a00_0;
    %assign/vec4 v0000026159676900_0, 0;
    %load/vec4 v0000026159675fa0_0;
    %assign/vec4 v00000261596765e0_0, 0;
    %load/vec4 v00000261596762c0_0;
    %assign/vec4 v0000026159676a40_0, 0;
    %load/vec4 v0000026159676400_0;
    %assign/vec4 v0000026159675960_0, 0;
    %load/vec4 v0000026159675dc0_0;
    %assign/vec4 v0000026159676b80_0, 0;
    %load/vec4 v0000026159672f80_0;
    %assign/vec4 v0000026159672ee0_0, 0;
    %load/vec4 v0000026159675500_0;
    %assign/vec4 v00000261596756e0_0, 0;
    %load/vec4 v0000026159673f20_0;
    %assign/vec4 v0000026159674420_0, 0;
    %load/vec4 v0000026159672120_0;
    %assign/vec4 v0000026159674380_0, 0;
    %load/vec4 v0000026159674f60_0;
    %assign/vec4 v0000026159676360_0, 0;
    %load/vec4 v0000026159673020_0;
    %assign/vec4 v00000261596742e0_0, 0;
    %load/vec4 v0000026159672260_0;
    %assign/vec4 v00000261596721c0_0, 0;
    %load/vec4 v0000026159673a20_0;
    %assign/vec4 v0000026159673fc0_0, 0;
    %load/vec4 v00000261596764a0_0;
    %assign/vec4 v0000026159676860_0, 0;
    %load/vec4 v00000261596750a0_0;
    %assign/vec4 v00000261596758c0_0, 0;
    %load/vec4 v0000026159675c80_0;
    %assign/vec4 v0000026159675be0_0, 0;
    %load/vec4 v0000026159676ea0_0;
    %assign/vec4 v0000026159674ce0_0, 0;
    %load/vec4 v0000026159674a60_0;
    %assign/vec4 v0000026159675d20_0, 0;
    %load/vec4 v0000026159676680_0;
    %assign/vec4 v00000261596767c0_0, 0;
    %load/vec4 v00000261596755a0_0;
    %assign/vec4 v0000026159675140_0, 0;
    %load/vec4 v0000026159674b00_0;
    %assign/vec4 v0000026159674c40_0, 0;
T_14.4 ;
T_14.3 ;
T_14.1 ;
    %jmp T_14;
    .thread T_14;
    .scope S_0000026159658560;
T_15 ;
    %wait E_00000261595208f0;
    %load/vec4 v0000026159659440_0;
    %flag_set/vec4 8;
    %jmp/0xz  T_15.0, 8;
    %pushi/vec4 0, 0, 1;
    %ix/load 3, 1, 0;
    %flag_set/imm 4, 0;
    %ix/load 4, 0, 0; Constant delay
    %assign/vec4/a/d v00000261596599e0, 0, 4;
    %pushi/vec4 0, 0, 1;
    %ix/load 3, 1, 0;
    %flag_set/imm 4, 0;
    %ix/load 4, 0, 0; Constant delay
    %assign/vec4/a/d v000002615965b560, 0, 4;
    %jmp T_15.1;
T_15.0 ;
    %ix/load 4, 0, 0;
    %flag_set/imm 4, 0;
    %load/vec4a v0000026159659bc0, 4;
    %ix/load 3, 1, 0;
    %flag_set/imm 4, 0;
    %ix/load 4, 0, 0; Constant delay
    %assign/vec4/a/d v0000026159659bc0, 0, 4;
    %ix/load 4, 0, 0;
    %flag_set/imm 4, 0;
    %load/vec4a v00000261596599e0, 4;
    %ix/load 3, 1, 0;
    %flag_set/imm 4, 0;
    %ix/load 4, 0, 0; Constant delay
    %assign/vec4/a/d v00000261596599e0, 0, 4;
    %ix/load 4, 0, 0;
    %flag_set/imm 4, 0;
    %load/vec4a v000002615965b560, 4;
    %ix/load 3, 1, 0;
    %flag_set/imm 4, 0;
    %ix/load 4, 0, 0; Constant delay
    %assign/vec4/a/d v000002615965b560, 0, 4;
    %ix/load 4, 0, 0;
    %flag_set/imm 4, 0;
    %load/vec4a v000002615965b240, 4;
    %ix/load 3, 1, 0;
    %flag_set/imm 4, 0;
    %ix/load 4, 0, 0; Constant delay
    %assign/vec4/a/d v000002615965b240, 0, 4;
    %ix/load 4, 0, 0;
    %flag_set/imm 4, 0;
    %load/vec4a v000002615965a340, 4;
    %ix/load 3, 1, 0;
    %flag_set/imm 4, 0;
    %ix/load 4, 0, 0; Constant delay
    %assign/vec4/a/d v000002615965a340, 0, 4;
T_15.1 ;
    %jmp T_15;
    .thread T_15;
    .scope S_0000026159658880;
T_16 ;
    %wait E_00000261595208f0;
    %load/vec4 v0000026159659440_0;
    %flag_set/vec4 8;
    %jmp/0xz  T_16.0, 8;
    %pushi/vec4 0, 0, 1;
    %ix/load 3, 2, 0;
    %flag_set/imm 4, 0;
    %ix/load 4, 0, 0; Constant delay
    %assign/vec4/a/d v00000261596599e0, 0, 4;
    %pushi/vec4 0, 0, 1;
    %ix/load 3, 2, 0;
    %flag_set/imm 4, 0;
    %ix/load 4, 0, 0; Constant delay
    %assign/vec4/a/d v000002615965b560, 0, 4;
    %jmp T_16.1;
T_16.0 ;
    %ix/load 4, 1, 0;
    %flag_set/imm 4, 0;
    %load/vec4a v0000026159659bc0, 4;
    %ix/load 3, 2, 0;
    %flag_set/imm 4, 0;
    %ix/load 4, 0, 0; Constant delay
    %assign/vec4/a/d v0000026159659bc0, 0, 4;
    %ix/load 4, 1, 0;
    %flag_set/imm 4, 0;
    %load/vec4a v00000261596599e0, 4;
    %ix/load 3, 2, 0;
    %flag_set/imm 4, 0;
    %ix/load 4, 0, 0; Constant delay
    %assign/vec4/a/d v00000261596599e0, 0, 4;
    %ix/load 4, 1, 0;
    %flag_set/imm 4, 0;
    %load/vec4a v000002615965b560, 4;
    %ix/load 3, 2, 0;
    %flag_set/imm 4, 0;
    %ix/load 4, 0, 0; Constant delay
    %assign/vec4/a/d v000002615965b560, 0, 4;
    %ix/load 4, 1, 0;
    %flag_set/imm 4, 0;
    %load/vec4a v000002615965b240, 4;
    %ix/load 3, 2, 0;
    %flag_set/imm 4, 0;
    %ix/load 4, 0, 0; Constant delay
    %assign/vec4/a/d v000002615965b240, 0, 4;
    %ix/load 4, 1, 0;
    %flag_set/imm 4, 0;
    %load/vec4a v000002615965a340, 4;
    %ix/load 3, 2, 0;
    %flag_set/imm 4, 0;
    %ix/load 4, 0, 0; Constant delay
    %assign/vec4/a/d v000002615965a340, 0, 4;
T_16.1 ;
    %jmp T_16;
    .thread T_16;
    .scope S_0000026159658a10;
T_17 ;
    %wait E_00000261595208f0;
    %load/vec4 v0000026159659440_0;
    %flag_set/vec4 8;
    %jmp/0xz  T_17.0, 8;
    %pushi/vec4 0, 0, 1;
    %ix/load 3, 3, 0;
    %flag_set/imm 4, 0;
    %ix/load 4, 0, 0; Constant delay
    %assign/vec4/a/d v00000261596599e0, 0, 4;
    %pushi/vec4 0, 0, 1;
    %ix/load 3, 3, 0;
    %flag_set/imm 4, 0;
    %ix/load 4, 0, 0; Constant delay
    %assign/vec4/a/d v000002615965b560, 0, 4;
    %jmp T_17.1;
T_17.0 ;
    %ix/load 4, 2, 0;
    %flag_set/imm 4, 0;
    %load/vec4a v0000026159659bc0, 4;
    %ix/load 3, 3, 0;
    %flag_set/imm 4, 0;
    %ix/load 4, 0, 0; Constant delay
    %assign/vec4/a/d v0000026159659bc0, 0, 4;
    %ix/load 4, 2, 0;
    %flag_set/imm 4, 0;
    %load/vec4a v00000261596599e0, 4;
    %ix/load 3, 3, 0;
    %flag_set/imm 4, 0;
    %ix/load 4, 0, 0; Constant delay
    %assign/vec4/a/d v00000261596599e0, 0, 4;
    %ix/load 4, 2, 0;
    %flag_set/imm 4, 0;
    %load/vec4a v000002615965b560, 4;
    %ix/load 3, 3, 0;
    %flag_set/imm 4, 0;
    %ix/load 4, 0, 0; Constant delay
    %assign/vec4/a/d v000002615965b560, 0, 4;
    %ix/load 4, 2, 0;
    %flag_set/imm 4, 0;
    %load/vec4a v000002615965b240, 4;
    %ix/load 3, 3, 0;
    %flag_set/imm 4, 0;
    %ix/load 4, 0, 0; Constant delay
    %assign/vec4/a/d v000002615965b240, 0, 4;
    %ix/load 4, 2, 0;
    %flag_set/imm 4, 0;
    %load/vec4a v000002615965a340, 4;
    %ix/load 3, 3, 0;
    %flag_set/imm 4, 0;
    %ix/load 4, 0, 0; Constant delay
    %assign/vec4/a/d v000002615965a340, 0, 4;
T_17.1 ;
    %jmp T_17;
    .thread T_17;
    .scope S_0000026159245050;
T_18 ;
    %wait E_00000261595208f0;
    %load/vec4 v0000026159659440_0;
    %flag_set/vec4 8;
    %jmp/0xz  T_18.0, 8;
    %pushi/vec4 0, 0, 1;
    %assign/vec4 v000002615965b420_0, 0;
    %jmp T_18.1;
T_18.0 ;
    %load/vec4 v000002615965b420_0;
    %pad/u 32;
    %cmpi/e 1, 0, 32;
    %jmp/0xz  T_18.2, 4;
    %pushi/vec4 0, 0, 1;
    %assign/vec4 v000002615965b420_0, 0;
    %jmp T_18.3;
T_18.2 ;
    %load/vec4 v0000026159659800_0;
    %nor/r;
    %load/vec4 v0000026159659b20_0;
    %or;
    %load/vec4 v00000261596598a0_0;
    %or;
    %flag_set/vec4 8;
    %jmp/0xz  T_18.4, 8;
    %load/vec4 v000002615965b420_0;
    %pad/u 2;
    %addi 1, 0, 2;
    %pad/u 1;
    %assign/vec4 v000002615965b420_0, 0;
T_18.4 ;
T_18.3 ;
T_18.1 ;
    %jmp T_18;
    .thread T_18;
    .scope S_0000026159245050;
T_19 ;
    %wait E_00000261595208f0;
    %load/vec4 v0000026159659440_0;
    %flag_set/vec4 8;
    %jmp/0xz  T_19.0, 8;
    %pushi/vec4 0, 0, 1;
    %ix/load 3, 0, 0;
    %flag_set/imm 4, 0;
    %ix/load 4, 0, 0; Constant delay
    %assign/vec4/a/d v00000261596599e0, 0, 4;
    %pushi/vec4 0, 0, 1;
    %ix/load 3, 0, 0;
    %flag_set/imm 4, 0;
    %ix/load 4, 0, 0; Constant delay
    %assign/vec4/a/d v000002615965b560, 0, 4;
    %jmp T_19.1;
T_19.0 ;
    %load/vec4 v00000261596593a0_0;
    %ix/load 3, 0, 0;
    %flag_set/imm 4, 0;
    %ix/load 4, 0, 0; Constant delay
    %assign/vec4/a/d v0000026159659bc0, 0, 4;
    %load/vec4 v0000026159659800_0;
    %load/vec4 v0000026159659b20_0;
    %and;
    %ix/load 3, 0, 0;
    %flag_set/imm 4, 0;
    %ix/load 4, 0, 0; Constant delay
    %assign/vec4/a/d v00000261596599e0, 0, 4;
    %load/vec4 v0000026159659800_0;
    %load/vec4 v00000261596598a0_0;
    %and;
    %ix/load 3, 0, 0;
    %flag_set/imm 4, 0;
    %ix/load 4, 0, 0; Constant delay
    %assign/vec4/a/d v000002615965b560, 0, 4;
    %load/vec4 v0000026159659e40_0;
    %ix/load 3, 0, 0;
    %flag_set/imm 4, 0;
    %ix/load 4, 0, 0; Constant delay
    %assign/vec4/a/d v000002615965b240, 0, 4;
    %load/vec4 v0000026159659940_0;
    %ix/load 3, 0, 0;
    %flag_set/imm 4, 0;
    %ix/load 4, 0, 0; Constant delay
    %assign/vec4/a/d v000002615965a340, 0, 4;
T_19.1 ;
    %jmp T_19;
    .thread T_19;
    .scope S_0000026159245050;
T_20 ;
    %wait E_00000261595208f0;
    %load/vec4 v000002615965b100_0;
    %load/vec4 v000002615965af20_0;
    %parti/s 1, 0, 2;
    %and;
    %flag_set/vec4 8;
    %jmp/0xz  T_20.0, 8;
    %load/vec4 v0000026159659f80_0;
    %parti/s 8, 0, 2;
    %load/vec4 v000002615965a200_0;
    %addi 0, 0, 32;
    %ix/vec4 3;
    %ix/load 4, 0, 0; Constant delay
    %assign/vec4/a/d v000002615965b380, 0, 4;
T_20.0 ;
    %load/vec4 v000002615965b100_0;
    %load/vec4 v000002615965af20_0;
    %parti/s 1, 1, 2;
    %and;
    %flag_set/vec4 8;
    %jmp/0xz  T_20.2, 8;
    %load/vec4 v0000026159659f80_0;
    %parti/s 8, 8, 5;
    %load/vec4 v000002615965a200_0;
    %addi 1, 0, 32;
    %ix/vec4 3;
    %ix/load 4, 0, 0; Constant delay
    %assign/vec4/a/d v000002615965b380, 0, 4;
T_20.2 ;
    %load/vec4 v000002615965b100_0;
    %load/vec4 v000002615965af20_0;
    %parti/s 1, 2, 3;
    %and;
    %flag_set/vec4 8;
    %jmp/0xz  T_20.4, 8;
    %load/vec4 v0000026159659f80_0;
    %parti/s 8, 16, 6;
    %load/vec4 v000002615965a200_0;
    %addi 2, 0, 32;
    %ix/vec4 3;
    %ix/load 4, 0, 0; Constant delay
    %assign/vec4/a/d v000002615965b380, 0, 4;
T_20.4 ;
    %load/vec4 v000002615965b100_0;
    %load/vec4 v000002615965af20_0;
    %parti/s 1, 3, 3;
    %and;
    %flag_set/vec4 8;
    %jmp/0xz  T_20.6, 8;
    %load/vec4 v0000026159659f80_0;
    %parti/s 8, 24, 6;
    %load/vec4 v000002615965a200_0;
    %addi 3, 0, 32;
    %ix/vec4 3;
    %ix/load 4, 0, 0; Constant delay
    %assign/vec4/a/d v000002615965b380, 0, 4;
T_20.6 ;
    %jmp T_20;
    .thread T_20;
    .scope S_00000261595b5d20;
T_21 ;
    %wait E_00000261595208f0;
    %load/vec4 v00000261596779e0_0;
    %flag_set/vec4 8;
    %jmp/0xz  T_21.0, 8;
    %pushi/vec4 0, 0, 1;
    %ix/load 3, 1, 0;
    %flag_set/imm 4, 0;
    %ix/load 4, 0, 0; Constant delay
    %assign/vec4/a/d v000002615965a7a0, 0, 4;
    %pushi/vec4 0, 0, 1;
    %ix/load 3, 1, 0;
    %flag_set/imm 4, 0;
    %ix/load 4, 0, 0; Constant delay
    %assign/vec4/a/d v000002615965a0c0, 0, 4;
    %jmp T_21.1;
T_21.0 ;
    %ix/load 4, 0, 0;
    %flag_set/imm 4, 0;
    %load/vec4a v0000026159678200, 4;
    %ix/load 3, 1, 0;
    %flag_set/imm 4, 0;
    %ix/load 4, 0, 0; Constant delay
    %assign/vec4/a/d v0000026159678200, 0, 4;
    %ix/load 4, 0, 0;
    %flag_set/imm 4, 0;
    %load/vec4a v000002615965a7a0, 4;
    %ix/load 3, 1, 0;
    %flag_set/imm 4, 0;
    %ix/load 4, 0, 0; Constant delay
    %assign/vec4/a/d v000002615965a7a0, 0, 4;
    %ix/load 4, 0, 0;
    %flag_set/imm 4, 0;
    %load/vec4a v000002615965a0c0, 4;
    %ix/load 3, 1, 0;
    %flag_set/imm 4, 0;
    %ix/load 4, 0, 0; Constant delay
    %assign/vec4/a/d v000002615965a0c0, 0, 4;
    %ix/load 4, 0, 0;
    %flag_set/imm 4, 0;
    %load/vec4a v0000026159677120, 4;
    %ix/load 3, 1, 0;
    %flag_set/imm 4, 0;
    %ix/load 4, 0, 0; Constant delay
    %assign/vec4/a/d v0000026159677120, 0, 4;
    %ix/load 4, 0, 0;
    %flag_set/imm 4, 0;
    %load/vec4a v0000026159659260, 4;
    %ix/load 3, 1, 0;
    %flag_set/imm 4, 0;
    %ix/load 4, 0, 0; Constant delay
    %assign/vec4/a/d v0000026159659260, 0, 4;
T_21.1 ;
    %jmp T_21;
    .thread T_21;
    .scope S_00000261595b5eb0;
T_22 ;
    %wait E_00000261595208f0;
    %load/vec4 v00000261596779e0_0;
    %flag_set/vec4 8;
    %jmp/0xz  T_22.0, 8;
    %pushi/vec4 0, 0, 1;
    %ix/load 3, 2, 0;
    %flag_set/imm 4, 0;
    %ix/load 4, 0, 0; Constant delay
    %assign/vec4/a/d v000002615965a7a0, 0, 4;
    %pushi/vec4 0, 0, 1;
    %ix/load 3, 2, 0;
    %flag_set/imm 4, 0;
    %ix/load 4, 0, 0; Constant delay
    %assign/vec4/a/d v000002615965a0c0, 0, 4;
    %jmp T_22.1;
T_22.0 ;
    %ix/load 4, 1, 0;
    %flag_set/imm 4, 0;
    %load/vec4a v0000026159678200, 4;
    %ix/load 3, 2, 0;
    %flag_set/imm 4, 0;
    %ix/load 4, 0, 0; Constant delay
    %assign/vec4/a/d v0000026159678200, 0, 4;
    %ix/load 4, 1, 0;
    %flag_set/imm 4, 0;
    %load/vec4a v000002615965a7a0, 4;
    %ix/load 3, 2, 0;
    %flag_set/imm 4, 0;
    %ix/load 4, 0, 0; Constant delay
    %assign/vec4/a/d v000002615965a7a0, 0, 4;
    %ix/load 4, 1, 0;
    %flag_set/imm 4, 0;
    %load/vec4a v000002615965a0c0, 4;
    %ix/load 3, 2, 0;
    %flag_set/imm 4, 0;
    %ix/load 4, 0, 0; Constant delay
    %assign/vec4/a/d v000002615965a0c0, 0, 4;
    %ix/load 4, 1, 0;
    %flag_set/imm 4, 0;
    %load/vec4a v0000026159677120, 4;
    %ix/load 3, 2, 0;
    %flag_set/imm 4, 0;
    %ix/load 4, 0, 0; Constant delay
    %assign/vec4/a/d v0000026159677120, 0, 4;
    %ix/load 4, 1, 0;
    %flag_set/imm 4, 0;
    %load/vec4a v0000026159659260, 4;
    %ix/load 3, 2, 0;
    %flag_set/imm 4, 0;
    %ix/load 4, 0, 0; Constant delay
    %assign/vec4/a/d v0000026159659260, 0, 4;
T_22.1 ;
    %jmp T_22;
    .thread T_22;
    .scope S_0000026159244cb0;
T_23 ;
    %wait E_00000261595208f0;
    %load/vec4 v00000261596779e0_0;
    %flag_set/vec4 8;
    %jmp/0xz  T_23.0, 8;
    %pushi/vec4 0, 0, 1;
    %ix/load 3, 3, 0;
    %flag_set/imm 4, 0;
    %ix/load 4, 0, 0; Constant delay
    %assign/vec4/a/d v000002615965a7a0, 0, 4;
    %pushi/vec4 0, 0, 1;
    %ix/load 3, 3, 0;
    %flag_set/imm 4, 0;
    %ix/load 4, 0, 0; Constant delay
    %assign/vec4/a/d v000002615965a0c0, 0, 4;
    %jmp T_23.1;
T_23.0 ;
    %ix/load 4, 2, 0;
    %flag_set/imm 4, 0;
    %load/vec4a v0000026159678200, 4;
    %ix/load 3, 3, 0;
    %flag_set/imm 4, 0;
    %ix/load 4, 0, 0; Constant delay
    %assign/vec4/a/d v0000026159678200, 0, 4;
    %ix/load 4, 2, 0;
    %flag_set/imm 4, 0;
    %load/vec4a v000002615965a7a0, 4;
    %ix/load 3, 3, 0;
    %flag_set/imm 4, 0;
    %ix/load 4, 0, 0; Constant delay
    %assign/vec4/a/d v000002615965a7a0, 0, 4;
    %ix/load 4, 2, 0;
    %flag_set/imm 4, 0;
    %load/vec4a v000002615965a0c0, 4;
    %ix/load 3, 3, 0;
    %flag_set/imm 4, 0;
    %ix/load 4, 0, 0; Constant delay
    %assign/vec4/a/d v000002615965a0c0, 0, 4;
    %ix/load 4, 2, 0;
    %flag_set/imm 4, 0;
    %load/vec4a v0000026159677120, 4;
    %ix/load 3, 3, 0;
    %flag_set/imm 4, 0;
    %ix/load 4, 0, 0; Constant delay
    %assign/vec4/a/d v0000026159677120, 0, 4;
    %ix/load 4, 2, 0;
    %flag_set/imm 4, 0;
    %load/vec4a v0000026159659260, 4;
    %ix/load 3, 3, 0;
    %flag_set/imm 4, 0;
    %ix/load 4, 0, 0; Constant delay
    %assign/vec4/a/d v0000026159659260, 0, 4;
T_23.1 ;
    %jmp T_23;
    .thread T_23;
    .scope S_00000261595b5b90;
T_24 ;
    %wait E_00000261595208f0;
    %load/vec4 v00000261596779e0_0;
    %flag_set/vec4 8;
    %jmp/0xz  T_24.0, 8;
    %pushi/vec4 0, 0, 1;
    %assign/vec4 v00000261596774e0_0, 0;
    %jmp T_24.1;
T_24.0 ;
    %load/vec4 v00000261596774e0_0;
    %pad/u 32;
    %cmpi/e 1, 0, 32;
    %jmp/0xz  T_24.2, 4;
    %pushi/vec4 0, 0, 1;
    %assign/vec4 v00000261596774e0_0, 0;
    %jmp T_24.3;
T_24.2 ;
    %load/vec4 v000002615965a480_0;
    %nor/r;
    %load/vec4 v0000026159677440_0;
    %or;
    %load/vec4 v0000026159678fc0_0;
    %or;
    %flag_set/vec4 8;
    %jmp/0xz  T_24.4, 8;
    %load/vec4 v00000261596774e0_0;
    %pad/u 2;
    %addi 1, 0, 2;
    %pad/u 1;
    %assign/vec4 v00000261596774e0_0, 0;
T_24.4 ;
T_24.3 ;
T_24.1 ;
    %jmp T_24;
    .thread T_24;
    .scope S_00000261595b5b90;
T_25 ;
    %wait E_00000261595208f0;
    %load/vec4 v00000261596779e0_0;
    %flag_set/vec4 8;
    %jmp/0xz  T_25.0, 8;
    %pushi/vec4 0, 0, 1;
    %ix/load 3, 0, 0;
    %flag_set/imm 4, 0;
    %ix/load 4, 0, 0; Constant delay
    %assign/vec4/a/d v000002615965a7a0, 0, 4;
    %pushi/vec4 0, 0, 1;
    %ix/load 3, 0, 0;
    %flag_set/imm 4, 0;
    %ix/load 4, 0, 0; Constant delay
    %assign/vec4/a/d v000002615965a0c0, 0, 4;
    %jmp T_25.1;
T_25.0 ;
    %load/vec4 v00000261596782a0_0;
    %ix/load 3, 0, 0;
    %flag_set/imm 4, 0;
    %ix/load 4, 0, 0; Constant delay
    %assign/vec4/a/d v0000026159678200, 0, 4;
    %load/vec4 v000002615965a480_0;
    %load/vec4 v0000026159677440_0;
    %and;
    %ix/load 3, 0, 0;
    %flag_set/imm 4, 0;
    %ix/load 4, 0, 0; Constant delay
    %assign/vec4/a/d v000002615965a7a0, 0, 4;
    %load/vec4 v000002615965a480_0;
    %load/vec4 v0000026159678fc0_0;
    %and;
    %ix/load 3, 0, 0;
    %flag_set/imm 4, 0;
    %ix/load 4, 0, 0; Constant delay
    %assign/vec4/a/d v000002615965a0c0, 0, 4;
    %load/vec4 v0000026159678480_0;
    %ix/load 3, 0, 0;
    %flag_set/imm 4, 0;
    %ix/load 4, 0, 0; Constant delay
    %assign/vec4/a/d v0000026159677120, 0, 4;
    %load/vec4 v0000026159677b20_0;
    %ix/load 3, 0, 0;
    %flag_set/imm 4, 0;
    %ix/load 4, 0, 0; Constant delay
    %assign/vec4/a/d v0000026159659260, 0, 4;
T_25.1 ;
    %jmp T_25;
    .thread T_25;
    .scope S_00000261595b5b90;
T_26 ;
    %wait E_00000261595208f0;
    %load/vec4 v000002615965a020_0;
    %load/vec4 v00000261596787a0_0;
    %parti/s 1, 0, 2;
    %and;
    %flag_set/vec4 8;
    %jmp/0xz  T_26.0, 8;
    %load/vec4 v000002615965a2a0_0;
    %parti/s 8, 0, 2;
    %load/vec4 v0000026159659c60_0;
    %addi 0, 0, 32;
    %ix/vec4 3;
    %ix/load 4, 0, 0; Constant delay
    %assign/vec4/a/d v0000026159677a80, 0, 4;
T_26.0 ;
    %load/vec4 v000002615965a020_0;
    %load/vec4 v00000261596787a0_0;
    %parti/s 1, 1, 2;
    %and;
    %flag_set/vec4 8;
    %jmp/0xz  T_26.2, 8;
    %load/vec4 v000002615965a2a0_0;
    %parti/s 8, 8, 5;
    %load/vec4 v0000026159659c60_0;
    %addi 1, 0, 32;
    %ix/vec4 3;
    %ix/load 4, 0, 0; Constant delay
    %assign/vec4/a/d v0000026159677a80, 0, 4;
T_26.2 ;
    %load/vec4 v000002615965a020_0;
    %load/vec4 v00000261596787a0_0;
    %parti/s 1, 2, 3;
    %and;
    %flag_set/vec4 8;
    %jmp/0xz  T_26.4, 8;
    %load/vec4 v000002615965a2a0_0;
    %parti/s 8, 16, 6;
    %load/vec4 v0000026159659c60_0;
    %addi 2, 0, 32;
    %ix/vec4 3;
    %ix/load 4, 0, 0; Constant delay
    %assign/vec4/a/d v0000026159677a80, 0, 4;
T_26.4 ;
    %load/vec4 v000002615965a020_0;
    %load/vec4 v00000261596787a0_0;
    %parti/s 1, 3, 3;
    %and;
    %flag_set/vec4 8;
    %jmp/0xz  T_26.6, 8;
    %load/vec4 v000002615965a2a0_0;
    %parti/s 8, 24, 6;
    %load/vec4 v0000026159659c60_0;
    %addi 3, 0, 32;
    %ix/vec4 3;
    %ix/load 4, 0, 0; Constant delay
    %assign/vec4/a/d v0000026159677a80, 0, 4;
T_26.6 ;
    %jmp T_26;
    .thread T_26;
    .scope S_0000026159540f40;
T_27 ;
    %pushi/vec4 1, 0, 1;
    %store/vec4 v000002615965b600_0, 0, 1;
    %pushi/vec4 0, 0, 1;
    %store/vec4 v000002615965ce60_0, 0, 1;
    %vpi_call 2 125 "$display", "Loading program." {0 0 0};
    %pushi/vec4 0, 0, 32;
    %store/vec4 v000002615965cb40_0, 0, 32;
T_27.0 ;
    %load/vec4 v000002615965cb40_0;
    %cmpi/s 1024, 0, 32;
    %jmp/0xz T_27.1, 5;
    %pushi/vec4 0, 0, 8;
    %ix/getv/s 4, v000002615965cb40_0;
    %store/vec4a v000002615965b380, 4, 0;
    %pushi/vec4 0, 0, 8;
    %ix/getv/s 4, v000002615965cb40_0;
    %store/vec4a v0000026159677a80, 4, 0;
    %load/vec4 v000002615965cb40_0;
    %addi 1, 0, 32;
    %store/vec4 v000002615965cb40_0, 0, 32;
    %jmp T_27.0;
T_27.1 ;
    %vpi_call 2 130 "$readmemh", "program.mem", v000002615965b380 {0 0 0};
    %vpi_call 2 133 "$display", "Resetting hart." {0 0 0};
    %wait E_00000261595208b0;
    %pushi/vec4 1, 0, 1;
    %store/vec4 v000002615965ce60_0, 0, 1;
    %wait E_00000261595208b0;
    %wait E_00000261595208b0;
    %wait E_00000261595208b0;
    %pushi/vec4 0, 0, 1;
    %store/vec4 v000002615965ce60_0, 0, 1;
    %vpi_call 2 139 "$display", "%-10s %-8s %-14s %-14s %s", "PC", "Inst", "rs1", "rs2", "[rd, load, store]" {0 0 0};
    %pushi/vec4 0, 0, 32;
    %store/vec4 v000002615965b880_0, 0, 32;
    %pushi/vec4 1, 0, 32;
    %store/vec4 v000002615965cfa0_0, 0, 32;
    %pushi/vec4 0, 0, 32;
    %store/vec4 v000002615965c3c0_0, 0, 32;
T_27.2 ;
    %load/vec4 v000002615965cfa0_0;
    %or/r;
    %flag_set/vec4 8;
    %jmp/0xz T_27.3, 8;
    %wait E_00000261595208f0;
    %load/vec4 v000002615965b880_0;
    %addi 1, 0, 32;
    %store/vec4 v000002615965b880_0, 0, 32;
    %load/vec4 v000002615965b9c0_0;
    %flag_set/vec4 8;
    %jmp/0xz  T_27.4, 8;
    %load/vec4 v000002615965c3c0_0;
    %addi 1, 0, 32;
    %store/vec4 v000002615965c3c0_0, 0, 32;
    %load/vec4 v000002615965c280_0;
    %parti/s 4, 0, 2;
    %cmpi/e 7, 0, 4;
    %jmp/1 T_27.9, 4;
    %flag_mov 8, 4;
    %load/vec4 v000002615965c280_0;
    %parti/s 7, 0, 2;
    %cmpi/e 115, 0, 7;
    %flag_or 4, 8;
T_27.9;
    %jmp/1 T_27.8, 4;
    %flag_mov 8, 4;
    %load/vec4 v000002615965c280_0;
    %parti/s 7, 0, 2;
    %cmpi/e 111, 0, 7;
    %flag_or 4, 8;
T_27.8;
    %jmp/0xz  T_27.6, 4;
    %vpi_call 2 152 "$write", "[%08h] %08h r[--]=-------- r[--]=--------", v000002615965df40_0, v000002615965c280_0 {0 0 0};
    %jmp T_27.7;
T_27.6 ;
    %load/vec4 v000002615965c280_0;
    %parti/s 7, 0, 2;
    %cmpi/e 19, 0, 7;
    %jmp/1 T_27.13, 4;
    %flag_mov 8, 4;
    %load/vec4 v000002615965c280_0;
    %parti/s 7, 0, 2;
    %cmpi/e 3, 0, 7;
    %flag_or 4, 8;
T_27.13;
    %jmp/1 T_27.12, 4;
    %flag_mov 8, 4;
    %load/vec4 v000002615965c280_0;
    %parti/s 7, 0, 2;
    %cmpi/e 103, 0, 7;
    %flag_or 4, 8;
T_27.12;
    %jmp/0xz  T_27.10, 4;
    %vpi_call 2 155 "$write", "[%08h] %08h r[%d]=%08h r[--]=--------", v000002615965df40_0, v000002615965c280_0, v000002615965dc20_0, v000002615965c640_0 {0 0 0};
    %jmp T_27.11;
T_27.10 ;
    %vpi_call 2 157 "$write", "[%08h] %08h r[%d]=%08h r[%d]=%08h", v000002615965df40_0, v000002615965c280_0, v000002615965dc20_0, v000002615965c640_0, v000002615965d4a0_0, v000002615965cd20_0 {0 0 0};
T_27.11 ;
T_27.7 ;
    %load/vec4 v000002615965c1e0_0;
    %cmpi/ne 0, 0, 5;
    %jmp/0xz  T_27.14, 4;
    %vpi_call 2 161 "$write", " w[%d]=%08h", v000002615965c1e0_0, v000002615965cc80_0 {0 0 0};
T_27.14 ;
    %load/vec4 v000002615965cf00_0;
    %flag_set/vec4 8;
    %jmp/0xz  T_27.16, 8;
    %vpi_call 2 164 "$write", " l[%08h,%04b]=%08h", v000002615965d720_0, v000002615965c320_0, v000002615965c0a0_0 {0 0 0};
T_27.16 ;
    %load/vec4 v000002615965d180_0;
    %flag_set/vec4 8;
    %jmp/0xz  T_27.18, 8;
    %vpi_call 2 166 "$write", " s[%08h,%04b]=%08h", v000002615965d720_0, v000002615965c320_0, v000002615965c500_0 {0 0 0};
T_27.18 ;
    %load/vec4 v000002615965bec0_0;
    %flag_set/vec4 8;
    %jmp/0xz  T_27.20, 8;
    %vpi_call 2 169 "$write", " TRAP" {0 0 0};
T_27.20 ;
    %vpi_call 2 170 "$display" {0 0 0};
    %load/vec4 v000002615965da40_0;
    %flag_set/vec4 8;
    %jmp/0xz  T_27.22, 8;
    %pushi/vec4 0, 0, 32;
    %store/vec4 v000002615965cfa0_0, 0, 32;
T_27.22 ;
T_27.4 ;
    %load/vec4 v000002615965b880_0;
    %cmpi/s 40000, 0, 32;
    %flag_or 5, 4; GT is !LE
    %flag_inv 5;
    %jmp/0xz  T_27.24, 5;
    %vpi_call 2 177 "$display", "Program did not halt after 40000 cycles, aborting." {0 0 0};
    %pushi/vec4 0, 0, 32;
    %store/vec4 v000002615965cfa0_0, 0, 32;
T_27.24 ;
    %jmp T_27.2;
T_27.3 ;
    %vpi_call 2 182 "$display", "Program halted after %d cycles.", v000002615965b880_0 {0 0 0};
    %vpi_call 2 183 "$display", "Total instructions retired: %d", v000002615965c3c0_0 {0 0 0};
    %load/vec4 v000002615965c3c0_0;
    %cmpi/e 0, 0, 32;
    %jmp/0xz  T_27.26, 4;
    %vpi_call 2 185 "$display", "CPI: invalid (no instructions retired)" {0 0 0};
    %jmp T_27.27;
T_27.26 ;
    %load/vec4 v000002615965b880_0;
    %cvt/rv/s;
    %pushi/real 1073741824, 4066; load=1.00000
    %load/vec4 v000002615965c3c0_0;
    %cvt/rv/s;
    %mul/wr;
    %div/wr;
    %vpi_call 2 187 "$display", "CPI: %f", W<0,r> {0 1 0};
T_27.27 ;
    %vpi_call 2 188 "$finish" {0 0 0};
    %end;
    .thread T_27;
    .scope S_0000026159540f40;
T_28 ;
    %pushi/vec4 0, 0, 32;
    %store/vec4 v000002615965cbe0_0, 0, 32;
T_28.0 ;
    %load/vec4 v000002615965cbe0_0;
    %cmpi/s 40000, 0, 32;
    %jmp/0xz T_28.1, 5;
    %wait E_00000261595208f0;
    %load/vec4 v000002615965cbe0_0;
    %addi 1, 0, 32;
    %store/vec4 v000002615965cbe0_0, 0, 32;
    %jmp T_28.0;
T_28.1 ;
    %vpi_call 2 197 "$finish" {0 0 0};
    %end;
    .thread T_28;
    .scope S_0000026159540f40;
T_29 ;
    %delay 5000, 0;
    %load/vec4 v000002615965b600_0;
    %inv;
    %store/vec4 v000002615965b600_0, 0, 1;
    %jmp T_29;
    .thread T_29;
# The file index is used to find the file name in the following table.
:file_names 14;
    "N/A";
    "<interactive>";
    "tb\tb.v";
    "rtl\hart.v";
    "rtl\cache.v";
    "rtl\decode.v";
    "lib\imm.v";
    "lib\rf.v";
    "rtl\execute.v";
    "lib\alu.v";
    "lib\alu_control_unit.v";
    "rtl\memory.v";
    "rtl\writeback.v";
    "rtl\tb_memory.v";
