#! /c/Source/iverilog-install/bin/vvp
:ivl_version "12.0 (devel)" "(s20150603-1539-g2693dd32b)";
:ivl_delay_selection "TYPICAL";
:vpi_time_precision - 12;
:vpi_module "D:\iverilog\lib\ivl\system.vpi";
:vpi_module "D:\iverilog\lib\ivl\vhdl_sys.vpi";
:vpi_module "D:\iverilog\lib\ivl\vhdl_textio.vpi";
:vpi_module "D:\iverilog\lib\ivl\v2005_math.vpi";
:vpi_module "D:\iverilog\lib\ivl\va_math.vpi";
S_000002d9e9484e30 .scope module, "hart_tb" "hart_tb" 2 2;
 .timescale -9 -12;
P_000002d9e9ab9490 .param/l "DEBUG" 0 2 3, +C4<00000000000000000000000000000000>;
v000002d9e9b8ae80_0 .var "clk", 0 0;
v000002d9e9b8c6e0_0 .var/i "cycles", 31 0;
v000002d9e9b8caa0_0 .net "dmem_addr", 31 0, L_000002d9e9c20770;  1 drivers
v000002d9e9b8b380_0 .net "dmem_mask", 3 0, L_000002d9e9b9f390;  1 drivers
v000002d9e9b8af20_0 .net "dmem_rdata", 31 0, L_000002d9e9a93420;  1 drivers
v000002d9e9b8c5a0_0 .net "dmem_ready", 0 0, L_000002d9e9a92460;  1 drivers
v000002d9e9b8b920_0 .net "dmem_ren", 0 0, L_000002d9e9c202a0;  1 drivers
v000002d9e9b8aca0_0 .net "dmem_valid", 0 0, L_000002d9e9a93730;  1 drivers
v000002d9e9b8b9c0_0 .net "dmem_wdata", 31 0, L_000002d9e9c20c40;  1 drivers
v000002d9e9b8ba60_0 .net "dmem_wen", 0 0, L_000002d9e9c20930;  1 drivers
v000002d9e9b8bce0_0 .net "halt", 0 0, L_000002d9e9c20fc0;  1 drivers
v000002d9e9b8bd80_0 .net "imem_raddr", 31 0, L_000002d9e9c17b60;  1 drivers
v000002d9e9b8be20_0 .net "imem_rdata", 31 0, L_000002d9e9a93260;  1 drivers
v000002d9e9b8c1e0_0 .net "imem_ready", 0 0, L_000002d9e9a935e0;  1 drivers
v000002d9e9b8c280_0 .net "imem_ren", 0 0, L_000002d9e9c166d0;  1 drivers
v000002d9e9ba1af0_0 .net "imem_valid", 0 0, L_000002d9e9a928c0;  1 drivers
v000002d9e9ba2590_0 .net "inst", 31 0, L_000002d9e9c20700;  1 drivers
v000002d9e9ba2270_0 .net "next_pc", 31 0, L_000002d9e9c21260;  1 drivers
v000002d9e9ba1a50_0 .var/i "num_instructions", 31 0;
v000002d9e9ba35d0_0 .net "pc", 31 0, L_000002d9e9c20850;  1 drivers
v000002d9e9ba15f0_0 .net "rd_waddr", 4 0, L_000002d9e9c38df0;  1 drivers
v000002d9e9ba1f50_0 .net "rd_wdata", 31 0, L_000002d9e9c21030;  1 drivers
v000002d9e9ba1e10_0 .net "retire_dmem_addr", 31 0, L_000002d9e9c1fa50;  1 drivers
v000002d9e9ba2310_0 .net "retire_dmem_mask", 3 0, L_000002d9e9c207e0;  1 drivers
v000002d9e9ba33f0_0 .net "retire_dmem_rdata", 31 0, L_000002d9e9c211f0;  1 drivers
v000002d9e9ba1b90_0 .net "retire_dmem_ren", 0 0, L_000002d9e9c20070;  1 drivers
v000002d9e9ba3c10_0 .net "retire_dmem_wdata", 31 0, L_000002d9e9c1fac0;  1 drivers
v000002d9e9ba1730_0 .net "retire_dmem_wen", 0 0, L_000002d9e9c21180;  1 drivers
v000002d9e9ba26d0_0 .net "rs1_raddr", 4 0, L_000002d9e9c20000;  1 drivers
v000002d9e9ba24f0_0 .net "rs1_rdata", 31 0, L_000002d9e9c1fdd0;  1 drivers
v000002d9e9ba3490_0 .net "rs2_raddr", 4 0, L_000002d9e9c20310;  1 drivers
v000002d9e9ba3cb0_0 .net "rs2_rdata", 31 0, L_000002d9e9c21110;  1 drivers
v000002d9e9ba1ff0_0 .var "rst", 0 0;
v000002d9e9ba3530_0 .var/i "run", 31 0;
v000002d9e9ba2810_0 .net "trap", 0 0, L_000002d9e9c209a0;  1 drivers
v000002d9e9ba3b70_0 .net "valid", 0 0, L_000002d9e9c20380;  1 drivers
v000002d9e9ba1550_0 .var/i "watchdog", 31 0;
E_000002d9e9ab9750 .event negedge, v000002d9e9a7a5a0_0;
S_000002d9e9a7ed40 .scope module, "dmem" "memory" 2 54, 3 8 0, S_000002d9e9484e30;
 .timescale -9 -12;
    .port_info 0 /INPUT 1 "i_clk";
    .port_info 1 /INPUT 1 "i_rst";
    .port_info 2 /OUTPUT 1 "o_ready";
    .port_info 3 /INPUT 32 "i_addr";
    .port_info 4 /INPUT 1 "i_ren";
    .port_info 5 /INPUT 1 "i_wen";
    .port_info 6 /INPUT 4 "i_mask";
    .port_info 7 /INPUT 32 "i_wdata";
    .port_info 8 /OUTPUT 1 "o_valid";
    .port_info 9 /OUTPUT 32 "o_addr";
    .port_info 10 /OUTPUT 1 "o_wdone";
    .port_info 11 /OUTPUT 32 "o_rdata";
P_000002d9e98d80e0 .param/l "INTERVAL" 0 3 14, +C4<00000000000000000000000000000010>;
P_000002d9e98d8118 .param/l "LATENCY" 0 3 12, +C4<00000000000000000000000000000100>;
P_000002d9e98d8150 .param/l "SIZE" 0 3 10, +C4<00000000000000000000010000000000>;
L_000002d9e9a93500 .functor NOT 1, v000002d9e9ba1ff0_0, C4<0>, C4<0>, C4<0>;
L_000002d9e9a92000 .functor AND 1, L_000002d9e9a93500, L_000002d9e9ba1690, C4<1>, C4<1>;
v000002d9e998aa10_2 .array/port v000002d9e998aa10, 2;
L_000002d9e9a93340 .functor BUFZ 32, v000002d9e998aa10_2, C4<00000000000000000000000000000000>, C4<00000000000000000000000000000000>, C4<00000000000000000000000000000000>;
v000002d9e9b62bb0_2 .array/port v000002d9e9b62bb0, 2;
L_000002d9e9a92230 .functor BUFZ 4, v000002d9e9b62bb0_2, C4<0000>, C4<0000>, C4<0000>;
v000002d9e9b62430_2 .array/port v000002d9e9b62430, 2;
L_000002d9e9a92310 .functor BUFZ 32, v000002d9e9b62430_2, C4<00000000000000000000000000000000>, C4<00000000000000000000000000000000>, C4<00000000000000000000000000000000>;
v000002d9e998aa10_3 .array/port v000002d9e998aa10, 3;
L_000002d9e9a92380 .functor BUFZ 32, v000002d9e998aa10_3, C4<00000000000000000000000000000000>, C4<00000000000000000000000000000000>, C4<00000000000000000000000000000000>;
v000002d9e9b645f0_3 .array/port v000002d9e9b645f0, 3;
L_000002d9e9a923f0 .functor BUFZ 1, v000002d9e9b645f0_3, C4<0>, C4<0>, C4<0>;
v000002d9e9b62e30_2 .array/port v000002d9e9b62e30, 2;
L_000002d9e9a929a0 .functor BUFZ 1, v000002d9e9b62e30_2, C4<0>, C4<0>, C4<0>;
L_000002d9e9a93420 .functor BUFZ 32, L_000002d9e9ba2450, C4<00000000000000000000000000000000>, C4<00000000000000000000000000000000>, C4<00000000000000000000000000000000>;
L_000002d9e9a927e0 .functor BUFZ 32, L_000002d9e9a92380, C4<00000000000000000000000000000000>, C4<00000000000000000000000000000000>, C4<00000000000000000000000000000000>;
L_000002d9e9a93730 .functor BUFZ 1, L_000002d9e9a923f0, C4<0>, C4<0>, C4<0>;
L_000002d9e9a937a0 .functor BUFZ 1, L_000002d9e9a929a0, C4<0>, C4<0>, C4<0>;
L_000002d9e9a92460 .functor BUFZ 1, L_000002d9e9a92000, C4<0>, C4<0>, C4<0>;
v000002d9e9ad6890_0 .net *"_ivl_0", 0 0, L_000002d9e9a93500;  1 drivers
v000002d9e9ad6b10_0 .net *"_ivl_2", 31 0, L_000002d9e9ba38f0;  1 drivers
v000002d9e9ad6c50_0 .net *"_ivl_32", 7 0, L_000002d9e9ba1c30;  1 drivers
L_000002d9e9baa000 .functor BUFT 1, C4<00000000000000000000000000000011>, C4<0>, C4<0>, C4<0>;
v000002d9e9ad7010_0 .net/2u *"_ivl_34", 31 0, L_000002d9e9baa000;  1 drivers
v000002d9e9ad71f0_0 .net *"_ivl_36", 31 0, L_000002d9e9ba1cd0;  1 drivers
v000002d9e9ad6cf0_0 .net *"_ivl_38", 7 0, L_000002d9e9ba2770;  1 drivers
L_000002d9e9baa048 .functor BUFT 1, C4<00000000000000000000000000000010>, C4<0>, C4<0>, C4<0>;
v000002d9e9ad7830_0 .net/2u *"_ivl_40", 31 0, L_000002d9e9baa048;  1 drivers
v000002d9e9ad6d90_0 .net *"_ivl_42", 31 0, L_000002d9e9ba37b0;  1 drivers
v000002d9e9ad6e30_0 .net *"_ivl_44", 7 0, L_000002d9e9ba1d70;  1 drivers
L_000002d9e9baa090 .functor BUFT 1, C4<00000000000000000000000000000001>, C4<0>, C4<0>, C4<0>;
v000002d9e9ad78d0_0 .net/2u *"_ivl_46", 31 0, L_000002d9e9baa090;  1 drivers
v000002d9e998a470_0 .net *"_ivl_48", 31 0, L_000002d9e9ba21d0;  1 drivers
L_000002d9e9ba9f70 .functor BUFT 1, C4<0000000000000000000000000000000>, C4<0>, C4<0>, C4<0>;
v000002d9e998a650_0 .net *"_ivl_5", 30 0, L_000002d9e9ba9f70;  1 drivers
v000002d9e998a790_0 .net *"_ivl_50", 7 0, L_000002d9e9ba3a30;  1 drivers
L_000002d9e9baa0d8 .functor BUFT 1, C4<00000000000000000000000000000000>, C4<0>, C4<0>, C4<0>;
v000002d9e998a830_0 .net/2u *"_ivl_52", 31 0, L_000002d9e9baa0d8;  1 drivers
v000002d9e998afb0_0 .net *"_ivl_54", 31 0, L_000002d9e9ba3170;  1 drivers
L_000002d9e9ba9fb8 .functor BUFT 1, C4<00000000000000000000000000000000>, C4<0>, C4<0>, C4<0>;
v000002d9e998b0f0_0 .net/2u *"_ivl_6", 31 0, L_000002d9e9ba9fb8;  1 drivers
v000002d9e998a8d0_0 .net *"_ivl_8", 0 0, L_000002d9e9ba1690;  1 drivers
v000002d9e998aa10 .array "addrs", 3 0, 31 0;
v000002d9e9a7a820_0 .net "i_addr", 31 0, L_000002d9e9c20770;  alias, 1 drivers
v000002d9e9a7a5a0_0 .net "i_clk", 0 0, v000002d9e9b8ae80_0;  1 drivers
v000002d9e9a78520_0 .net "i_mask", 3 0, L_000002d9e9b9f390;  alias, 1 drivers
v000002d9e9a030a0_0 .net "i_ren", 0 0, L_000002d9e9c202a0;  alias, 1 drivers
v000002d9e9a33a70_0 .net "i_rst", 0 0, v000002d9e9ba1ff0_0;  1 drivers
v000002d9e99d0a20_0 .net "i_wdata", 31 0, L_000002d9e9c20c40;  alias, 1 drivers
v000002d9e9b62570_0 .net "i_wen", 0 0, L_000002d9e9c20930;  alias, 1 drivers
v000002d9e9b62250_0 .var "interval_counter", 0 0;
v000002d9e9b642d0_0 .net "mask", 3 0, L_000002d9e9a92230;  1 drivers
v000002d9e9b62bb0 .array "masks", 3 0, 3 0;
v000002d9e9b63510 .array "mem", 1023 0, 7 0;
v000002d9e9b640f0_0 .net "o_addr", 31 0, L_000002d9e9a927e0;  1 drivers
v000002d9e9b62070_0 .net "o_rdata", 31 0, L_000002d9e9a93420;  alias, 1 drivers
v000002d9e9b64370_0 .net "o_ready", 0 0, L_000002d9e9a92460;  alias, 1 drivers
v000002d9e9b624d0_0 .net "o_valid", 0 0, L_000002d9e9a93730;  alias, 1 drivers
v000002d9e9b630b0_0 .net "o_wdone", 0 0, L_000002d9e9a937a0;  1 drivers
v000002d9e9b64190_0 .net "raddr", 31 0, v000002d9e998aa10_3;  1 drivers
v000002d9e9b62110_0 .net "ready", 0 0, L_000002d9e9a92000;  1 drivers
v000002d9e9b62390_0 .net "ren", 0 0, v000002d9e9b645f0_3;  1 drivers
v000002d9e9b645f0 .array "rens", 3 0, 0 0;
v000002d9e9b63650_0 .net "res_addr", 31 0, L_000002d9e9a92380;  1 drivers
v000002d9e9b62f70_0 .net "res_rdata", 31 0, L_000002d9e9ba2450;  1 drivers
v000002d9e9b63150_0 .net "res_valid", 0 0, L_000002d9e9a923f0;  1 drivers
v000002d9e9b635b0_0 .net "res_wdone", 0 0, L_000002d9e9a929a0;  1 drivers
v000002d9e9b622f0_0 .net "waddr", 31 0, L_000002d9e9a93340;  1 drivers
v000002d9e9b62a70_0 .net "wdata", 31 0, L_000002d9e9a92310;  1 drivers
v000002d9e9b62430 .array "wdatas", 3 0, 31 0;
v000002d9e9b626b0_0 .net "wen", 0 0, v000002d9e9b62e30_2;  1 drivers
v000002d9e9b62e30 .array "wens", 3 0, 0 0;
L_000002d9e9ba38f0 .concat [ 1 31 0 0], v000002d9e9b62250_0, L_000002d9e9ba9f70;
L_000002d9e9ba1690 .cmp/eq 32, L_000002d9e9ba38f0, L_000002d9e9ba9fb8;
L_000002d9e9ba1c30 .array/port v000002d9e9b63510, L_000002d9e9ba1cd0;
L_000002d9e9ba1cd0 .arith/sum 32, v000002d9e998aa10_3, L_000002d9e9baa000;
L_000002d9e9ba2770 .array/port v000002d9e9b63510, L_000002d9e9ba37b0;
L_000002d9e9ba37b0 .arith/sum 32, v000002d9e998aa10_3, L_000002d9e9baa048;
L_000002d9e9ba1d70 .array/port v000002d9e9b63510, L_000002d9e9ba21d0;
L_000002d9e9ba21d0 .arith/sum 32, v000002d9e998aa10_3, L_000002d9e9baa090;
L_000002d9e9ba3a30 .array/port v000002d9e9b63510, L_000002d9e9ba3170;
L_000002d9e9ba3170 .arith/sum 32, v000002d9e998aa10_3, L_000002d9e9baa0d8;
L_000002d9e9ba2450 .concat [ 8 8 8 8], L_000002d9e9ba3a30, L_000002d9e9ba1d70, L_000002d9e9ba2770, L_000002d9e9ba1c30;
S_000002d9e98dbbe0 .scope generate, "genblk1[1]" "genblk1[1]" 3 102, 3 102 0, S_000002d9e9a7ed40;
 .timescale -9 -12;
P_000002d9e9ab9a50 .param/l "i" 0 3 102, +C4<01>;
E_000002d9e9ab9450 .event posedge, v000002d9e9a7a5a0_0;
S_000002d9e98dbd70 .scope generate, "genblk1[2]" "genblk1[2]" 3 102, 3 102 0, S_000002d9e9a7ed40;
 .timescale -9 -12;
P_000002d9e9ab9890 .param/l "i" 0 3 102, +C4<010>;
S_000002d9e991f0f0 .scope generate, "genblk1[3]" "genblk1[3]" 3 102, 3 102 0, S_000002d9e9a7ed40;
 .timescale -9 -12;
P_000002d9e9aba150 .param/l "i" 0 3 102, +C4<011>;
S_000002d9e949c4e0 .scope module, "dut" "hart" 2 69, 4 3 0, S_000002d9e9484e30;
 .timescale -9 -12;
    .port_info 0 /INPUT 1 "i_clk";
    .port_info 1 /INPUT 1 "i_rst";
    .port_info 2 /INPUT 1 "i_imem_ready";
    .port_info 3 /OUTPUT 32 "o_imem_raddr";
    .port_info 4 /OUTPUT 1 "o_imem_ren";
    .port_info 5 /INPUT 1 "i_imem_valid";
    .port_info 6 /INPUT 32 "i_imem_rdata";
    .port_info 7 /INPUT 1 "i_dmem_ready";
    .port_info 8 /OUTPUT 32 "o_dmem_addr";
    .port_info 9 /OUTPUT 1 "o_dmem_ren";
    .port_info 10 /OUTPUT 1 "o_dmem_wen";
    .port_info 11 /OUTPUT 32 "o_dmem_wdata";
    .port_info 12 /OUTPUT 4 "o_dmem_mask";
    .port_info 13 /INPUT 1 "i_dmem_valid";
    .port_info 14 /INPUT 32 "i_dmem_rdata";
    .port_info 15 /OUTPUT 1 "o_retire_valid";
    .port_info 16 /OUTPUT 32 "o_retire_inst";
    .port_info 17 /OUTPUT 1 "o_retire_trap";
    .port_info 18 /OUTPUT 1 "o_retire_halt";
    .port_info 19 /OUTPUT 5 "o_retire_rs1_raddr";
    .port_info 20 /OUTPUT 5 "o_retire_rs2_raddr";
    .port_info 21 /OUTPUT 32 "o_retire_rs1_rdata";
    .port_info 22 /OUTPUT 32 "o_retire_rs2_rdata";
    .port_info 23 /OUTPUT 5 "o_retire_rd_waddr";
    .port_info 24 /OUTPUT 32 "o_retire_rd_wdata";
    .port_info 25 /OUTPUT 32 "o_retire_dmem_addr";
    .port_info 26 /OUTPUT 4 "o_retire_dmem_mask";
    .port_info 27 /OUTPUT 1 "o_retire_dmem_ren";
    .port_info 28 /OUTPUT 1 "o_retire_dmem_wen";
    .port_info 29 /OUTPUT 32 "o_retire_dmem_rdata";
    .port_info 30 /OUTPUT 32 "o_retire_dmem_wdata";
    .port_info 31 /OUTPUT 32 "o_retire_pc";
    .port_info 32 /OUTPUT 32 "o_retire_next_pc";
P_000002d9e9ab9f10 .param/l "RESET_ADDR" 0 4 6, C4<00000000000000000000000000000000>;
L_000002d9e9c15a90 .functor BUFZ 32, v000002d9e9b88400_0, C4<00000000000000000000000000000000>, C4<00000000000000000000000000000000>, C4<00000000000000000000000000000000>;
L_000002d9e9c16190 .functor BUFZ 32, L_000002d9e991caa0, C4<00000000000000000000000000000000>, C4<00000000000000000000000000000000>, C4<00000000000000000000000000000000>;
L_000002d9e9c14ec0 .functor NOT 1, L_000002d9e9c18420, C4<0>, C4<0>, C4<0>;
L_000002d9e9c16200 .functor AND 1, v000002d9e9b94840_0, L_000002d9e9c14ec0, C4<1>, C4<1>;
L_000002d9e9c14c20 .functor NOT 1, L_000002d9e9c1fe40, C4<0>, C4<0>, C4<0>;
L_000002d9e9c15b00 .functor AND 1, L_000002d9e9c16200, L_000002d9e9c14c20, C4<1>, C4<1>;
L_000002d9e9c148a0 .functor NOT 1, L_000002d9e9c1eb70, C4<0>, C4<0>, C4<0>;
L_000002d9e9c162e0 .functor AND 1, L_000002d9e9c15b00, L_000002d9e9c148a0, C4<1>, C4<1>;
L_000002d9e9c14910 .functor NOT 1, v000002d9e9b94840_0, C4<0>, C4<0>, C4<0>;
L_000002d9e9c15b70 .functor OR 1, L_000002d9e9c14910, L_000002d9e9c162e0, C4<0>, C4<0>;
L_000002d9e9c16040 .functor NOT 1, v000002d9e9b906a0_0, C4<0>, C4<0>, C4<0>;
L_000002d9e9c15c50 .functor NOT 1, v000002d9e9b959c0_0, C4<0>, C4<0>, C4<0>;
L_000002d9e9c15fd0 .functor AND 1, L_000002d9e9c16040, L_000002d9e9c15c50, C4<1>, C4<1>;
L_000002d9e9c14750 .functor AND 1, L_000002d9e9c15fd0, L_000002d9e9c15b70, C4<1>, C4<1>;
L_000002d9e9c14c90 .functor NOT 1, L_000002d9e9c1eb70, C4<0>, C4<0>, C4<0>;
L_000002d9e9c14d70 .functor AND 1, L_000002d9e9c14750, L_000002d9e9c14c90, C4<1>, C4<1>;
L_000002d9e9c14980 .functor NOT 1, L_000002d9e991ca30, C4<0>, C4<0>, C4<0>;
L_000002d9e9c15f60 .functor AND 1, v000002d9e9b959c0_0, L_000002d9e9c14980, C4<1>, C4<1>;
L_000002d9e9c14ad0 .functor NOT 1, L_000002d9e991ca30, C4<0>, C4<0>, C4<0>;
L_000002d9e9c14de0 .functor AND 1, L_000002d9e9c14d70, L_000002d9e9c14ad0, C4<1>, C4<1>;
L_000002d9e9c14e50 .functor NOT 1, v000002d9e9b95100_0, C4<0>, C4<0>, C4<0>;
L_000002d9e9c16430 .functor AND 1, L_000002d9e9c15f60, L_000002d9e9c14e50, C4<1>, C4<1>;
L_000002d9e9c16a50 .functor NOT 1, L_000002d9e9c1eb70, C4<0>, C4<0>, C4<0>;
L_000002d9e9c17e70 .functor AND 1, L_000002d9e9c16430, L_000002d9e9c16a50, C4<1>, C4<1>;
L_000002d9e9c17af0 .functor OR 1, L_000002d9e9c14de0, L_000002d9e9c17e70, C4<0>, C4<0>;
L_000002d9e9c17b60 .functor BUFZ 32, L_000002d9e9ba6f50, C4<00000000000000000000000000000000>, C4<00000000000000000000000000000000>, C4<00000000000000000000000000000000>;
L_000002d9e9c166d0 .functor BUFZ 1, L_000002d9e991bd10, C4<0>, C4<0>, C4<0>;
L_000002d9e9c16970 .functor BUFZ 1, L_000002d9e9c17af0, C4<0>, C4<0>, C4<0>;
L_000002d9e9c17d20 .functor BUFZ 32, L_000002d9e9b9a1b0, C4<00000000000000000000000000000000>, C4<00000000000000000000000000000000>, C4<00000000000000000000000000000000>;
L_000002d9e9c17d90 .functor BUFZ 32, L_000002d9e9c16190, C4<00000000000000000000000000000000>, C4<00000000000000000000000000000000>, C4<00000000000000000000000000000000>;
L_000002d9e9c16e40 .functor OR 1, L_000002d9e9b9ca50, L_000002d9e9b9c690, C4<0>, C4<0>;
L_000002d9e9c16f90 .functor OR 1, L_000002d9e9c16e40, L_000002d9e9b9dbd0, C4<0>, C4<0>;
L_000002d9e9c170e0 .functor OR 1, L_000002d9e9c16f90, L_000002d9e9b9def0, C4<0>, C4<0>;
L_000002d9e9c17930 .functor OR 1, L_000002d9e9c170e0, L_000002d9e9b9ec10, C4<0>, C4<0>;
L_000002d9e9c17460 .functor OR 1, L_000002d9e9c17930, L_000002d9e9b9df90, C4<0>, C4<0>;
L_000002d9e9c17620 .functor OR 1, L_000002d9e9b9e170, L_000002d9e9b9d770, C4<0>, C4<0>;
L_000002d9e9c17770 .functor OR 1, L_000002d9e9c17620, L_000002d9e9b9e850, C4<0>, C4<0>;
L_000002d9e9c17150 .functor OR 1, L_000002d9e9b9c730, L_000002d9e9b9ecb0, C4<0>, C4<0>;
L_000002d9e9c18110 .functor AND 1, v000002d9e9b94840_0, v000002d9e9b95d80_0, C4<1>, C4<1>;
L_000002d9e9c18570 .functor AND 1, L_000002d9e9c18110, v000002d9e9b931c0_0, C4<1>, C4<1>;
L_000002d9e9c17fc0 .functor AND 1, L_000002d9e9c18570, L_000002d9e9b9ead0, C4<1>, C4<1>;
L_000002d9e9c18180 .functor AND 1, L_000002d9e9c17460, L_000002d9e9b9e530, C4<1>, C4<1>;
L_000002d9e9c185e0 .functor AND 1, L_000002d9e9c17150, L_000002d9e9b9c7d0, C4<1>, C4<1>;
L_000002d9e9c18260 .functor OR 1, L_000002d9e9c18180, L_000002d9e9c185e0, C4<0>, C4<0>;
L_000002d9e9c18650 .functor AND 1, L_000002d9e9c17fc0, L_000002d9e9c18260, C4<1>, C4<1>;
L_000002d9e9bacbe0 .functor BUFT 1, C4<0>, C4<0>, C4<0>, C4<0>;
L_000002d9e9c17f50 .functor OR 1, L_000002d9e9c18650, L_000002d9e9bacbe0, C4<0>, C4<0>;
L_000002d9e9bacc28 .functor BUFT 1, C4<0>, C4<0>, C4<0>, C4<0>;
L_000002d9e9c18420 .functor OR 1, L_000002d9e9c17f50, L_000002d9e9bacc28, C4<0>, C4<0>;
L_000002d9e9c18030 .functor BUFZ 1, v000002d9e9b94840_0, C4<0>, C4<0>, C4<0>;
L_000002d9e9c182d0 .functor BUFZ 32, v000002d9e9b95b00_0, C4<00000000000000000000000000000000>, C4<00000000000000000000000000000000>, C4<00000000000000000000000000000000>;
L_000002d9e9c180a0 .functor BUFZ 32, v000002d9e9b94660_0, C4<00000000000000000000000000000000>, C4<00000000000000000000000000000000>, C4<00000000000000000000000000000000>;
L_000002d9e9c18340 .functor BUFZ 32, v000002d9e9b96320_0, C4<00000000000000000000000000000000>, C4<00000000000000000000000000000000>, C4<00000000000000000000000000000000>;
L_000002d9e9c181f0 .functor BUFZ 5, L_000002d9e9c16ac0, C4<00000>, C4<00000>, C4<00000>;
L_000002d9e9c183b0 .functor BUFZ 5, L_000002d9e9c172a0, C4<00000>, C4<00000>, C4<00000>;
L_000002d9e9c18490 .functor BUFZ 5, L_000002d9e9b9a430, C4<00000>, C4<00000>, C4<00000>;
L_000002d9e9c18500 .functor BUFZ 32, L_000002d9e9c16d60, C4<00000000000000000000000000000000>, C4<00000000000000000000000000000000>, C4<00000000000000000000000000000000>;
L_000002d9e9c1c640 .functor BUFZ 32, L_000002d9e9c16ba0, C4<00000000000000000000000000000000>, C4<00000000000000000000000000000000>, C4<00000000000000000000000000000000>;
L_000002d9e9c1dbb0 .functor BUFZ 32, L_000002d9e9b9e710, C4<00000000000000000000000000000000>, C4<00000000000000000000000000000000>, C4<00000000000000000000000000000000>;
L_000002d9e9c1cb80 .functor BUFZ 1, L_000002d9e9c17ee0, C4<0>, C4<0>, C4<0>;
L_000002d9e9c1cf00 .functor BUFZ 1, L_000002d9e9c16740, C4<0>, C4<0>, C4<0>;
L_000002d9e9c1d8a0 .functor BUFZ 3, L_000002d9e9b9b470, C4<000>, C4<000>, C4<000>;
L_000002d9e9c1cf70 .functor BUFZ 1, L_000002d9e9c17cb0, C4<0>, C4<0>, C4<0>;
L_000002d9e9c1d280 .functor BUFZ 1, L_000002d9e9c16510, C4<0>, C4<0>, C4<0>;
L_000002d9e9c1cdb0 .functor BUFZ 1, L_000002d9e9c16350, C4<0>, C4<0>, C4<0>;
L_000002d9e9c1caa0 .functor BUFZ 1, L_000002d9e9c16580, C4<0>, C4<0>, C4<0>;
L_000002d9e9c1d130 .functor BUFZ 1, L_000002d9e9c175b0, C4<0>, C4<0>, C4<0>;
L_000002d9e9c1d0c0 .functor BUFZ 1, L_000002d9e9c167b0, C4<0>, C4<0>, C4<0>;
L_000002d9e9c1c2c0 .functor BUFZ 1, L_000002d9e9c16820, C4<0>, C4<0>, C4<0>;
L_000002d9e9c1c950 .functor BUFZ 1, L_000002d9e9c16890, C4<0>, C4<0>, C4<0>;
L_000002d9e9c1c870 .functor BUFZ 1, L_000002d9e9c17310, C4<0>, C4<0>, C4<0>;
L_000002d9e9c1d1a0 .functor BUFZ 1, L_000002d9e9c16b30, C4<0>, C4<0>, C4<0>;
L_000002d9e9c1c480 .functor BUFZ 32, L_000002d9e9c39110, C4<00000000000000000000000000000000>, C4<00000000000000000000000000000000>, C4<00000000000000000000000000000000>;
L_000002d9e9c1cc60 .functor AND 1, v000002d9e9b95d80_0, v000002d9e9b90240_0, C4<1>, C4<1>;
L_000002d9e9c1c9c0 .functor AND 1, L_000002d9e9c1cc60, v000002d9e9b90060_0, C4<1>, C4<1>;
L_000002d9e9c1d910 .functor NOT 1, v000002d9e9b90f60_0, C4<0>, C4<0>, C4<0>;
L_000002d9e9c1ca30 .functor AND 1, L_000002d9e9c1c9c0, L_000002d9e9c1d910, C4<1>, C4<1>;
L_000002d9e9c1d600 .functor AND 1, L_000002d9e9c1ca30, L_000002d9e9b9ccd0, C4<1>, C4<1>;
L_000002d9e9c1c4f0 .functor AND 1, L_000002d9e9c1d600, L_000002d9e9b9ceb0, C4<1>, C4<1>;
L_000002d9e9c1d7c0 .functor AND 1, v000002d9e9b95d80_0, v000002d9e9b90240_0, C4<1>, C4<1>;
L_000002d9e9c1dd70 .functor AND 1, L_000002d9e9c1d7c0, v000002d9e9b90060_0, C4<1>, C4<1>;
L_000002d9e9c1dc20 .functor NOT 1, v000002d9e9b90f60_0, C4<0>, C4<0>, C4<0>;
L_000002d9e9c1ccd0 .functor AND 1, L_000002d9e9c1dd70, L_000002d9e9c1dc20, C4<1>, C4<1>;
L_000002d9e9c1cd40 .functor AND 1, L_000002d9e9c1ccd0, L_000002d9e9b9cf50, C4<1>, C4<1>;
L_000002d9e9c1c8e0 .functor AND 1, L_000002d9e9c1cd40, L_000002d9e9b9cff0, C4<1>, C4<1>;
L_000002d9e9c1dde0 .functor AND 1, v000002d9e9b95d80_0, v000002d9e9b8a480_0, C4<1>, C4<1>;
L_000002d9e9c1d670 .functor AND 1, L_000002d9e9c1dde0, v000002d9e9b891c0_0, C4<1>, C4<1>;
L_000002d9e9c1d590 .functor AND 1, L_000002d9e9c1d670, L_000002d9e9b9d090, C4<1>, C4<1>;
L_000002d9e9c1d980 .functor NOT 1, L_000002d9e9c1c4f0, C4<0>, C4<0>, C4<0>;
L_000002d9e9c1d050 .functor AND 1, L_000002d9e9c1d590, L_000002d9e9c1d980, C4<1>, C4<1>;
L_000002d9e9c1c6b0 .functor AND 1, L_000002d9e9c1d050, L_000002d9e9b9d270, C4<1>, C4<1>;
L_000002d9e9c1c250 .functor AND 1, v000002d9e9b95d80_0, v000002d9e9b8a480_0, C4<1>, C4<1>;
L_000002d9e9c1c790 .functor AND 1, L_000002d9e9c1c250, v000002d9e9b891c0_0, C4<1>, C4<1>;
L_000002d9e9c1c330 .functor AND 1, L_000002d9e9c1c790, L_000002d9e9b9e210, C4<1>, C4<1>;
L_000002d9e9c1d4b0 .functor NOT 1, L_000002d9e9c1c8e0, C4<0>, C4<0>, C4<0>;
L_000002d9e9c1c720 .functor AND 1, L_000002d9e9c1c330, L_000002d9e9c1d4b0, C4<1>, C4<1>;
L_000002d9e9c1dc90 .functor AND 1, L_000002d9e9c1c720, L_000002d9e9b9d6d0, C4<1>, C4<1>;
L_000002d9e9c1c3a0 .functor BUFZ 32, L_000002d9e9b9f9d0, C4<00000000000000000000000000000000>, C4<00000000000000000000000000000000>, C4<00000000000000000000000000000000>;
L_000002d9e9c1d3d0 .functor NOT 1, L_000002d9e9c1fe40, C4<0>, C4<0>, C4<0>;
L_000002d9e9c1d210 .functor AND 1, v000002d9e9b95d80_0, L_000002d9e9c1d3d0, C4<1>, C4<1>;
L_000002d9e9c1c560 .functor AND 1, L_000002d9e9c1d210, v000002d9e9b924a0_0, C4<1>, C4<1>;
L_000002d9e9c1c5d0 .functor NOT 1, L_000002d9e9ba14b0, C4<0>, C4<0>, C4<0>;
L_000002d9e9c1d9f0 .functor NOT 1, L_000002d9e9c1d6e0, C4<0>, C4<0>, C4<0>;
L_000002d9e9c1d750 .functor NOT 1, L_000002d9e9c1d6e0, C4<0>, C4<0>, C4<0>;
L_000002d9e9c1c800 .functor AND 1, L_000002d9e9c1c560, L_000002d9e9ba01f0, C4<1>, C4<1>;
L_000002d9e9c1d2f0 .functor NOT 1, L_000002d9e9c1fe40, C4<0>, C4<0>, C4<0>;
L_000002d9e9c1d440 .functor AND 1, v000002d9e9b95d80_0, L_000002d9e9c1d2f0, C4<1>, C4<1>;
L_000002d9e9c1d830 .functor AND 1, L_000002d9e9c1d440, v000002d9e9b92900_0, C4<1>, C4<1>;
L_000002d9e9c1da60 .functor OR 1, L_000002d9e9c1c800, L_000002d9e9c1d830, C4<0>, C4<0>;
L_000002d9e9c1dad0 .functor AND 1, L_000002d9e9c1da60, L_000002d9e9b9ef30, C4<1>, C4<1>;
L_000002d9e9c1e780 .functor NOT 1, L_000002d9e9c1dad0, C4<0>, C4<0>, C4<0>;
L_000002d9e9c1eb70 .functor AND 1, L_000002d9e9c1da60, L_000002d9e9c1e780, C4<1>, C4<1>;
L_000002d9e9c1e550 .functor BUFZ 1, v000002d9e9b95d80_0, C4<0>, C4<0>, C4<0>;
L_000002d9e9c1f3c0 .functor BUFZ 32, v000002d9e9b92180_0, C4<00000000000000000000000000000000>, C4<00000000000000000000000000000000>, C4<00000000000000000000000000000000>;
L_000002d9e9c1f9e0 .functor BUFZ 32, v000002d9e9b91f00_0, C4<00000000000000000000000000000000>, C4<00000000000000000000000000000000>, C4<00000000000000000000000000000000>;
L_000002d9e9c1e2b0 .functor BUFZ 32, L_000002d9e9ba0dd0, C4<00000000000000000000000000000000>, C4<00000000000000000000000000000000>, C4<00000000000000000000000000000000>;
L_000002d9e9c1f510 .functor BUFZ 32, v000002d9e9b920e0_0, C4<00000000000000000000000000000000>, C4<00000000000000000000000000000000>, C4<00000000000000000000000000000000>;
L_000002d9e9c1e5c0 .functor BUFZ 5, v000002d9e9b93620_0, C4<00000>, C4<00000>, C4<00000>;
L_000002d9e9c1e080 .functor BUFZ 5, v000002d9e9b92c20_0, C4<00000>, C4<00000>, C4<00000>;
L_000002d9e9c1e860 .functor BUFZ 5, v000002d9e9b92360_0, C4<00000>, C4<00000>, C4<00000>;
L_000002d9e9c1ee10 .functor BUFZ 32, L_000002d9e9b9e030, C4<00000000000000000000000000000000>, C4<00000000000000000000000000000000>, C4<00000000000000000000000000000000>;
L_000002d9e9c1e8d0 .functor BUFZ 32, L_000002d9e9b9f9d0, C4<00000000000000000000000000000000>, C4<00000000000000000000000000000000>, C4<00000000000000000000000000000000>;
L_000002d9e9c1f900 .functor BUFZ 32, v000002d9e9b94480_0, C4<00000000000000000000000000000000>, C4<00000000000000000000000000000000>, C4<00000000000000000000000000000000>;
L_000002d9e9c1e630 .functor BUFZ 32, v000002d9e9b6f520_0, C4<00000000000000000000000000000000>, C4<00000000000000000000000000000000>, C4<00000000000000000000000000000000>;
L_000002d9e9c1f580 .functor BUFZ 32, L_000002d9e9c1c3a0, C4<00000000000000000000000000000000>, C4<00000000000000000000000000000000>, C4<00000000000000000000000000000000>;
L_000002d9e9c1f190 .functor BUFZ 3, v000002d9e9b94020_0, C4<000>, C4<000>, C4<000>;
L_000002d9e9c1e6a0 .functor BUFZ 1, v000002d9e9b92400_0, C4<0>, C4<0>, C4<0>;
L_000002d9e9c1f7b0 .functor BUFZ 1, v000002d9e9b931c0_0, C4<0>, C4<0>, C4<0>;
L_000002d9e9c1e0f0 .functor BUFZ 1, v000002d9e9b93ee0_0, C4<0>, C4<0>, C4<0>;
L_000002d9e9c1f430 .functor BUFZ 1, v000002d9e9b93120_0, C4<0>, C4<0>, C4<0>;
L_000002d9e9c1e160 .functor BUFZ 1, v000002d9e9b92900_0, C4<0>, C4<0>, C4<0>;
L_000002d9e9c1ee80 .functor BUFZ 1, v000002d9e9b92540_0, C4<0>, C4<0>, C4<0>;
L_000002d9e9c1ed30 .functor BUFZ 1, v000002d9e9b92ea0_0, C4<0>, C4<0>, C4<0>;
L_000002d9e9c1f6d0 .functor BUFZ 1, L_000002d9e9c1dad0, C4<0>, C4<0>, C4<0>;
L_000002d9e9c1f0b0 .functor BUFZ 1, v000002d9e9b93260_0, C4<0>, C4<0>, C4<0>;
L_000002d9e9c1eb00 .functor AND 1, v000002d9e9b90240_0, v000002d9e9b913c0_0, C4<1>, C4<1>;
L_000002d9e9c1eef0 .functor AND 1, v000002d9e9b90240_0, v000002d9e9b8f7a0_0, C4<1>, C4<1>;
L_000002d9e9c1e1d0 .functor AND 1, v000002d9e9b8a480_0, v000002d9e9b89800_0, C4<1>, C4<1>;
L_000002d9e9c1ebe0 .functor AND 1, L_000002d9e9c1e1d0, v000002d9e9b90240_0, C4<1>, C4<1>;
L_000002d9e9c1e710 .functor AND 1, L_000002d9e9c1ebe0, v000002d9e9b8f7a0_0, C4<1>, C4<1>;
L_000002d9e9c1e7f0 .functor AND 1, L_000002d9e9c1e710, L_000002d9e9ba03d0, C4<1>, C4<1>;
L_000002d9e9c1e940 .functor AND 1, L_000002d9e9c1e7f0, L_000002d9e9b9f430, C4<1>, C4<1>;
L_000002d9e9c1f040 .functor OR 1, v000002d9e9b913c0_0, v000002d9e9b8f7a0_0, C4<0>, C4<0>;
L_000002d9e9c1e400 .functor AND 1, v000002d9e9b90240_0, L_000002d9e9c1f040, C4<1>, C4<1>;
L_000002d9e9c1e470 .functor NOT 1, L_000002d9e9c1ec50, C4<0>, C4<0>, C4<0>;
L_000002d9e9c1df30 .functor AND 1, L_000002d9e9c1e400, L_000002d9e9c1e470, C4<1>, C4<1>;
L_000002d9e9c1f2e0 .functor NOT 1, v000002d9e9b90920_0, C4<0>, C4<0>, C4<0>;
L_000002d9e9c1e4e0 .functor AND 1, L_000002d9e9c1df30, L_000002d9e9c1f2e0, C4<1>, C4<1>;
L_000002d9e9c1dfa0 .functor AND 1, v000002d9e9b90240_0, v000002d9e9b913c0_0, C4<1>, C4<1>;
L_000002d9e9c1f970 .functor NOT 1, L_000002d9e9c1ec50, C4<0>, C4<0>, C4<0>;
L_000002d9e9c1f5f0 .functor AND 1, L_000002d9e9c1dfa0, L_000002d9e9c1f970, C4<1>, C4<1>;
L_000002d9e9c1f350 .functor OR 1, v000002d9e9b90920_0, L_000002d9e9c1e4e0, C4<0>, C4<0>;
L_000002d9e9c1dec0 .functor AND 1, L_000002d9e9c1f5f0, L_000002d9e9c1f350, C4<1>, C4<1>;
L_000002d9e9c1ea20 .functor NOT 1, L_000002d9e9c158d0, C4<0>, C4<0>, C4<0>;
L_000002d9e9c1de50 .functor AND 1, L_000002d9e9c1dec0, L_000002d9e9c1ea20, C4<1>, C4<1>;
L_000002d9e9c1f890 .functor NOT 1, L_000002d9e9c1df30, C4<0>, C4<0>, C4<0>;
L_000002d9e9c1f660 .functor NOT 1, L_000002d9e9c158d0, C4<0>, C4<0>, C4<0>;
L_000002d9e9c1f740 .functor OR 1, L_000002d9e9c1f890, L_000002d9e9c1f660, C4<0>, C4<0>;
L_000002d9e9c1e010 .functor AND 1, v000002d9e9b90240_0, L_000002d9e9c1f740, C4<1>, C4<1>;
L_000002d9e9c1f820 .functor NOT 1, L_000002d9e9c1e010, C4<0>, C4<0>, C4<0>;
L_000002d9e9c1fe40 .functor AND 1, v000002d9e9b90240_0, L_000002d9e9c1f820, C4<1>, C4<1>;
L_000002d9e9c21490 .functor AND 1, L_000002d9e9c1f120, L_000002d9e9c1e4e0, C4<1>, C4<1>;
L_000002d9e9c20460 .functor AND 1, L_000002d9e9c1eda0, L_000002d9e9c1e4e0, C4<1>, C4<1>;
L_000002d9e9c21500 .functor BUFZ 1, L_000002d9e9c21490, C4<0>, C4<0>, C4<0>;
L_000002d9e9c21570 .functor BUFZ 1, L_000002d9e9c20460, C4<0>, C4<0>, C4<0>;
L_000002d9e9c20770 .functor BUFZ 32, L_000002d9e9b9bbf0, C4<00000000000000000000000000000000>, C4<00000000000000000000000000000000>, C4<00000000000000000000000000000000>;
L_000002d9e9c210a0 .functor OR 1, L_000002d9e9c157f0, L_000002d9e9c16270, C4<0>, C4<0>;
L_000002d9e9c20c40 .functor BUFZ 32, L_000002d9e9b9c410, C4<00000000000000000000000000000000>, C4<00000000000000000000000000000000>, C4<00000000000000000000000000000000>;
L_000002d9e9c202a0 .functor BUFZ 1, L_000002d9e9c157f0, C4<0>, C4<0>, C4<0>;
L_000002d9e9c20930 .functor BUFZ 1, L_000002d9e9c16270, C4<0>, C4<0>, C4<0>;
L_000002d9e9c208c0 .functor BUFZ 1, L_000002d9e9c1e010, C4<0>, C4<0>, C4<0>;
L_000002d9e9c203f0 .functor OR 1, v000002d9e9b97400_0, v000002d9e9b89080_0, C4<0>, C4<0>;
L_000002d9e9c1fba0 .functor OR 1, L_000002d9e9c203f0, v000002d9e9b887c0_0, C4<0>, C4<0>;
L_000002d9e9c1feb0 .functor AND 1, v000002d9e9b8a480_0, v000002d9e9b891c0_0, C4<1>, C4<1>;
L_000002d9e9c1ff20 .functor NOT 1, L_000002d9e9c1fba0, C4<0>, C4<0>, C4<0>;
L_000002d9e9c215e0 .functor AND 1, L_000002d9e9c1feb0, L_000002d9e9c1ff20, C4<1>, C4<1>;
L_000002d9e9c1ff90 .functor AND 1, v000002d9e9b8a480_0, v000002d9e9b96fa0_0, C4<1>, C4<1>;
L_000002d9e9c20380 .functor BUFZ 1, v000002d9e9b8a480_0, C4<0>, C4<0>, C4<0>;
L_000002d9e9c20700 .functor BUFZ 32, v000002d9e9b96e60_0, C4<00000000000000000000000000000000>, C4<00000000000000000000000000000000>, C4<00000000000000000000000000000000>;
L_000002d9e9c209a0 .functor AND 1, v000002d9e9b8a480_0, L_000002d9e9c1fba0, C4<1>, C4<1>;
L_000002d9e9c20fc0 .functor BUFZ 1, L_000002d9e9c1ff90, C4<0>, C4<0>, C4<0>;
L_000002d9e9c20000 .functor BUFZ 5, v000002d9e9b89260_0, C4<00000>, C4<00000>, C4<00000>;
L_000002d9e9c20310 .functor BUFZ 5, v000002d9e9b8a340_0, C4<00000>, C4<00000>, C4<00000>;
L_000002d9e9c1fdd0 .functor BUFZ 32, v000002d9e9b880e0_0, C4<00000000000000000000000000000000>, C4<00000000000000000000000000000000>, C4<00000000000000000000000000000000>;
L_000002d9e9c21110 .functor BUFZ 32, v000002d9e9b88900_0, C4<00000000000000000000000000000000>, C4<00000000000000000000000000000000>, C4<00000000000000000000000000000000>;
L_000002d9e9c21030 .functor BUFZ 32, L_000002d9e9c39110, C4<00000000000000000000000000000000>, C4<00000000000000000000000000000000>, C4<00000000000000000000000000000000>;
L_000002d9e9c1fa50 .functor BUFZ 32, v000002d9e9b975e0_0, C4<00000000000000000000000000000000>, C4<00000000000000000000000000000000>, C4<00000000000000000000000000000000>;
L_000002d9e9c20070 .functor BUFZ 1, v000002d9e9b97b80_0, C4<0>, C4<0>, C4<0>;
L_000002d9e9c21180 .functor BUFZ 1, v000002d9e9b97220_0, C4<0>, C4<0>, C4<0>;
L_000002d9e9c207e0 .functor BUFZ 4, v000002d9e9b96f00_0, C4<0000>, C4<0000>, C4<0000>;
L_000002d9e9c1fac0 .functor BUFZ 32, v000002d9e9b97ae0_0, C4<00000000000000000000000000000000>, C4<00000000000000000000000000000000>, C4<00000000000000000000000000000000>;
L_000002d9e9c211f0 .functor BUFZ 32, v000002d9e9b979a0_0, C4<00000000000000000000000000000000>, C4<00000000000000000000000000000000>, C4<00000000000000000000000000000000>;
L_000002d9e9c20850 .functor BUFZ 32, v000002d9e9b89300_0, C4<00000000000000000000000000000000>, C4<00000000000000000000000000000000>, C4<00000000000000000000000000000000>;
L_000002d9e9c21260 .functor BUFZ 32, v000002d9e9b884a0_0, C4<00000000000000000000000000000000>, C4<00000000000000000000000000000000>, C4<00000000000000000000000000000000>;
v000002d9e9b80e30_0 .net *"_ivl_100", 0 0, L_000002d9e9b9def0;  1 drivers
v000002d9e9b80570_0 .net *"_ivl_102", 0 0, L_000002d9e9c170e0;  1 drivers
L_000002d9e9bac9a0 .functor BUFT 1, C4<1100011>, C4<0>, C4<0>, C4<0>;
v000002d9e9b80890_0 .net/2u *"_ivl_104", 6 0, L_000002d9e9bac9a0;  1 drivers
v000002d9e9b80ed0_0 .net *"_ivl_106", 0 0, L_000002d9e9b9ec10;  1 drivers
v000002d9e9b7f5d0_0 .net *"_ivl_108", 0 0, L_000002d9e9c17930;  1 drivers
L_000002d9e9bac9e8 .functor BUFT 1, C4<1100111>, C4<0>, C4<0>, C4<0>;
v000002d9e9b80930_0 .net/2u *"_ivl_110", 6 0, L_000002d9e9bac9e8;  1 drivers
v000002d9e9b810b0_0 .net *"_ivl_112", 0 0, L_000002d9e9b9df90;  1 drivers
L_000002d9e9baca30 .functor BUFT 1, C4<0110011>, C4<0>, C4<0>, C4<0>;
v000002d9e9b7f670_0 .net/2u *"_ivl_116", 6 0, L_000002d9e9baca30;  1 drivers
v000002d9e9b7f990_0 .net *"_ivl_118", 0 0, L_000002d9e9b9e170;  1 drivers
L_000002d9e9baca78 .functor BUFT 1, C4<0100011>, C4<0>, C4<0>, C4<0>;
v000002d9e9b80110_0 .net/2u *"_ivl_120", 6 0, L_000002d9e9baca78;  1 drivers
v000002d9e9b809d0_0 .net *"_ivl_122", 0 0, L_000002d9e9b9d770;  1 drivers
v000002d9e9b80070_0 .net *"_ivl_124", 0 0, L_000002d9e9c17620;  1 drivers
L_000002d9e9bacac0 .functor BUFT 1, C4<1100011>, C4<0>, C4<0>, C4<0>;
v000002d9e9b7f710_0 .net/2u *"_ivl_126", 6 0, L_000002d9e9bacac0;  1 drivers
v000002d9e9b811f0_0 .net *"_ivl_128", 0 0, L_000002d9e9b9e850;  1 drivers
L_000002d9e9bacb08 .functor BUFT 1, C4<0110011>, C4<0>, C4<0>, C4<0>;
v000002d9e9b80cf0_0 .net/2u *"_ivl_132", 6 0, L_000002d9e9bacb08;  1 drivers
v000002d9e9b7f7b0_0 .net *"_ivl_134", 0 0, L_000002d9e9b9c730;  1 drivers
L_000002d9e9bacb50 .functor BUFT 1, C4<1100011>, C4<0>, C4<0>, C4<0>;
v000002d9e9b7f850_0 .net/2u *"_ivl_136", 6 0, L_000002d9e9bacb50;  1 drivers
v000002d9e9b80a70_0 .net *"_ivl_138", 0 0, L_000002d9e9b9ecb0;  1 drivers
v000002d9e9b7fa30_0 .net *"_ivl_142", 0 0, L_000002d9e9c18110;  1 drivers
v000002d9e9b827d0_0 .net *"_ivl_144", 0 0, L_000002d9e9c18570;  1 drivers
L_000002d9e9bacb98 .functor BUFT 1, C4<00000>, C4<0>, C4<0>, C4<0>;
v000002d9e9b82910_0 .net/2u *"_ivl_146", 4 0, L_000002d9e9bacb98;  1 drivers
v000002d9e9b83950_0 .net *"_ivl_148", 0 0, L_000002d9e9b9ead0;  1 drivers
v000002d9e9b83270_0 .net *"_ivl_150", 0 0, L_000002d9e9c17fc0;  1 drivers
v000002d9e9b83310_0 .net *"_ivl_152", 0 0, L_000002d9e9b9e530;  1 drivers
v000002d9e9b81bf0_0 .net *"_ivl_154", 0 0, L_000002d9e9c18180;  1 drivers
v000002d9e9b83f90_0 .net *"_ivl_156", 0 0, L_000002d9e9b9c7d0;  1 drivers
v000002d9e9b83d10_0 .net *"_ivl_158", 0 0, L_000002d9e9c185e0;  1 drivers
v000002d9e9b83bd0_0 .net *"_ivl_16", 0 0, L_000002d9e9c14ec0;  1 drivers
v000002d9e9b82eb0_0 .net *"_ivl_160", 0 0, L_000002d9e9c18260;  1 drivers
v000002d9e9b83ef0_0 .net *"_ivl_168", 0 0, L_000002d9e9c17f50;  1 drivers
v000002d9e9b82410_0 .net *"_ivl_18", 0 0, L_000002d9e9c16200;  1 drivers
v000002d9e9b82550_0 .net *"_ivl_20", 0 0, L_000002d9e9c14c20;  1 drivers
v000002d9e9b83c70_0 .net *"_ivl_22", 0 0, L_000002d9e9c15b00;  1 drivers
v000002d9e9b825f0_0 .net *"_ivl_224", 31 0, L_000002d9e9b9da90;  1 drivers
v000002d9e9b82690_0 .net *"_ivl_230", 0 0, L_000002d9e9c1cc60;  1 drivers
v000002d9e9b83db0_0 .net *"_ivl_232", 0 0, L_000002d9e9c1c9c0;  1 drivers
v000002d9e9b839f0_0 .net *"_ivl_234", 0 0, L_000002d9e9c1d910;  1 drivers
v000002d9e9b82f50_0 .net *"_ivl_236", 0 0, L_000002d9e9c1ca30;  1 drivers
L_000002d9e9bacc70 .functor BUFT 1, C4<00000>, C4<0>, C4<0>, C4<0>;
v000002d9e9b83770_0 .net/2u *"_ivl_238", 4 0, L_000002d9e9bacc70;  1 drivers
v000002d9e9b81c90_0 .net *"_ivl_24", 0 0, L_000002d9e9c148a0;  1 drivers
v000002d9e9b82ff0_0 .net *"_ivl_240", 0 0, L_000002d9e9b9ccd0;  1 drivers
v000002d9e9b81970_0 .net *"_ivl_242", 0 0, L_000002d9e9c1d600;  1 drivers
v000002d9e9b84030_0 .net *"_ivl_244", 0 0, L_000002d9e9b9ceb0;  1 drivers
v000002d9e9b82730_0 .net *"_ivl_248", 0 0, L_000002d9e9c1d7c0;  1 drivers
v000002d9e9b83e50_0 .net *"_ivl_250", 0 0, L_000002d9e9c1dd70;  1 drivers
v000002d9e9b82cd0_0 .net *"_ivl_252", 0 0, L_000002d9e9c1dc20;  1 drivers
v000002d9e9b83630_0 .net *"_ivl_254", 0 0, L_000002d9e9c1ccd0;  1 drivers
L_000002d9e9baccb8 .functor BUFT 1, C4<00000>, C4<0>, C4<0>, C4<0>;
v000002d9e9b81a10_0 .net/2u *"_ivl_256", 4 0, L_000002d9e9baccb8;  1 drivers
v000002d9e9b81e70_0 .net *"_ivl_258", 0 0, L_000002d9e9b9cf50;  1 drivers
v000002d9e9b81fb0_0 .net *"_ivl_260", 0 0, L_000002d9e9c1cd40;  1 drivers
v000002d9e9b82e10_0 .net *"_ivl_262", 0 0, L_000002d9e9b9cff0;  1 drivers
v000002d9e9b81b50_0 .net *"_ivl_266", 0 0, L_000002d9e9c1dde0;  1 drivers
v000002d9e9b83a90_0 .net *"_ivl_268", 0 0, L_000002d9e9c1d670;  1 drivers
L_000002d9e9bacd00 .functor BUFT 1, C4<00000>, C4<0>, C4<0>, C4<0>;
v000002d9e9b83090_0 .net/2u *"_ivl_270", 4 0, L_000002d9e9bacd00;  1 drivers
v000002d9e9b83810_0 .net *"_ivl_272", 0 0, L_000002d9e9b9d090;  1 drivers
v000002d9e9b818d0_0 .net *"_ivl_274", 0 0, L_000002d9e9c1d590;  1 drivers
v000002d9e9b81dd0_0 .net *"_ivl_276", 0 0, L_000002d9e9c1d980;  1 drivers
v000002d9e9b81ab0_0 .net *"_ivl_278", 0 0, L_000002d9e9c1d050;  1 drivers
v000002d9e9b83590_0 .net *"_ivl_28", 0 0, L_000002d9e9c14910;  1 drivers
v000002d9e9b82370_0 .net *"_ivl_280", 0 0, L_000002d9e9b9d270;  1 drivers
v000002d9e9b82d70_0 .net *"_ivl_284", 0 0, L_000002d9e9c1c250;  1 drivers
v000002d9e9b82870_0 .net *"_ivl_286", 0 0, L_000002d9e9c1c790;  1 drivers
L_000002d9e9bacd48 .functor BUFT 1, C4<00000>, C4<0>, C4<0>, C4<0>;
v000002d9e9b83b30_0 .net/2u *"_ivl_288", 4 0, L_000002d9e9bacd48;  1 drivers
v000002d9e9b81d30_0 .net *"_ivl_290", 0 0, L_000002d9e9b9e210;  1 drivers
v000002d9e9b82050_0 .net *"_ivl_292", 0 0, L_000002d9e9c1c330;  1 drivers
v000002d9e9b82af0_0 .net *"_ivl_294", 0 0, L_000002d9e9c1d4b0;  1 drivers
v000002d9e9b838b0_0 .net *"_ivl_296", 0 0, L_000002d9e9c1c720;  1 drivers
v000002d9e9b81f10_0 .net *"_ivl_298", 0 0, L_000002d9e9b9d6d0;  1 drivers
L_000002d9e9bacd90 .functor BUFT 1, C4<10>, C4<0>, C4<0>, C4<0>;
v000002d9e9b820f0_0 .net/2u *"_ivl_302", 1 0, L_000002d9e9bacd90;  1 drivers
L_000002d9e9bacdd8 .functor BUFT 1, C4<01>, C4<0>, C4<0>, C4<0>;
v000002d9e9b829b0_0 .net/2u *"_ivl_304", 1 0, L_000002d9e9bacdd8;  1 drivers
L_000002d9e9bace20 .functor BUFT 1, C4<00>, C4<0>, C4<0>, C4<0>;
v000002d9e9b82b90_0 .net/2u *"_ivl_306", 1 0, L_000002d9e9bace20;  1 drivers
v000002d9e9b82190_0 .net *"_ivl_308", 1 0, L_000002d9e9b9d810;  1 drivers
L_000002d9e9bace68 .functor BUFT 1, C4<10>, C4<0>, C4<0>, C4<0>;
v000002d9e9b82c30_0 .net/2u *"_ivl_312", 1 0, L_000002d9e9bace68;  1 drivers
L_000002d9e9baceb0 .functor BUFT 1, C4<01>, C4<0>, C4<0>, C4<0>;
v000002d9e9b82230_0 .net/2u *"_ivl_314", 1 0, L_000002d9e9baceb0;  1 drivers
L_000002d9e9bacef8 .functor BUFT 1, C4<00>, C4<0>, C4<0>, C4<0>;
v000002d9e9b833b0_0 .net/2u *"_ivl_316", 1 0, L_000002d9e9bacef8;  1 drivers
v000002d9e9b822d0_0 .net *"_ivl_318", 1 0, L_000002d9e9b9d950;  1 drivers
v000002d9e9b824b0_0 .net *"_ivl_32", 0 0, L_000002d9e9c16040;  1 drivers
L_000002d9e9bacf40 .functor BUFT 1, C4<11>, C4<0>, C4<0>, C4<0>;
v000002d9e9b83130_0 .net/2u *"_ivl_322", 1 0, L_000002d9e9bacf40;  1 drivers
L_000002d9e9bacf88 .functor BUFT 1, C4<11>, C4<0>, C4<0>, C4<0>;
v000002d9e9b82a50_0 .net/2u *"_ivl_326", 1 0, L_000002d9e9bacf88;  1 drivers
L_000002d9e9bacfd0 .functor BUFT 1, C4<10>, C4<0>, C4<0>, C4<0>;
v000002d9e9b831d0_0 .net/2u *"_ivl_330", 1 0, L_000002d9e9bacfd0;  1 drivers
v000002d9e9b83450_0 .net *"_ivl_332", 0 0, L_000002d9e9b9e3f0;  1 drivers
L_000002d9e9bad018 .functor BUFT 1, C4<01>, C4<0>, C4<0>, C4<0>;
v000002d9e9b834f0_0 .net/2u *"_ivl_334", 1 0, L_000002d9e9bad018;  1 drivers
v000002d9e9b836d0_0 .net *"_ivl_336", 0 0, L_000002d9e9b9ddb0;  1 drivers
v000002d9e9b843f0_0 .net *"_ivl_338", 31 0, L_000002d9e9b9de50;  1 drivers
v000002d9e9b86790_0 .net *"_ivl_34", 0 0, L_000002d9e9c15c50;  1 drivers
L_000002d9e9bad060 .functor BUFT 1, C4<10>, C4<0>, C4<0>, C4<0>;
v000002d9e9b86290_0 .net/2u *"_ivl_342", 1 0, L_000002d9e9bad060;  1 drivers
v000002d9e9b84e90_0 .net *"_ivl_344", 0 0, L_000002d9e9b9e350;  1 drivers
L_000002d9e9bad0a8 .functor BUFT 1, C4<01>, C4<0>, C4<0>, C4<0>;
v000002d9e9b856b0_0 .net/2u *"_ivl_346", 1 0, L_000002d9e9bad0a8;  1 drivers
v000002d9e9b866f0_0 .net *"_ivl_348", 0 0, L_000002d9e9ba0330;  1 drivers
v000002d9e9b84a30_0 .net *"_ivl_350", 31 0, L_000002d9e9ba0790;  1 drivers
L_000002d9e9bad0f0 .functor BUFT 1, C4<11>, C4<0>, C4<0>, C4<0>;
v000002d9e9b86830_0 .net/2u *"_ivl_354", 1 0, L_000002d9e9bad0f0;  1 drivers
v000002d9e9b861f0_0 .net *"_ivl_356", 0 0, L_000002d9e9b9fa70;  1 drivers
v000002d9e9b865b0_0 .net *"_ivl_36", 0 0, L_000002d9e9c15fd0;  1 drivers
L_000002d9e9bad138 .functor BUFT 1, C4<11>, C4<0>, C4<0>, C4<0>;
v000002d9e9b85cf0_0 .net/2u *"_ivl_360", 1 0, L_000002d9e9bad138;  1 drivers
v000002d9e9b85b10_0 .net *"_ivl_362", 0 0, L_000002d9e9b9f110;  1 drivers
v000002d9e9b86510_0 .net *"_ivl_370", 31 0, L_000002d9e9b9ff70;  1 drivers
v000002d9e9b86150_0 .net *"_ivl_372", 31 0, L_000002d9e9b9fb10;  1 drivers
v000002d9e9b85750_0 .net *"_ivl_377", 30 0, L_000002d9e9ba0470;  1 drivers
L_000002d9e9bad180 .functor BUFT 1, C4<0>, C4<0>, C4<0>, C4<0>;
v000002d9e9b85f70_0 .net/2u *"_ivl_378", 0 0, L_000002d9e9bad180;  1 drivers
v000002d9e9b84490_0 .net *"_ivl_38", 0 0, L_000002d9e9c14750;  1 drivers
v000002d9e9b857f0_0 .net *"_ivl_380", 31 0, L_000002d9e9ba1370;  1 drivers
v000002d9e9b86650_0 .net *"_ivl_386", 0 0, L_000002d9e9c1d3d0;  1 drivers
v000002d9e9b84df0_0 .net *"_ivl_388", 0 0, L_000002d9e9c1d210;  1 drivers
v000002d9e9b85bb0_0 .net *"_ivl_390", 0 0, L_000002d9e9c1c560;  1 drivers
L_000002d9e9bad1c8 .functor BUFT 1, C4<000>, C4<0>, C4<0>, C4<0>;
v000002d9e9b840d0_0 .net/2u *"_ivl_392", 2 0, L_000002d9e9bad1c8;  1 drivers
v000002d9e9b85930_0 .net *"_ivl_394", 0 0, L_000002d9e9ba0fb0;  1 drivers
L_000002d9e9bad210 .functor BUFT 1, C4<001>, C4<0>, C4<0>, C4<0>;
v000002d9e9b848f0_0 .net/2u *"_ivl_396", 2 0, L_000002d9e9bad210;  1 drivers
v000002d9e9b85c50_0 .net *"_ivl_398", 0 0, L_000002d9e9b9f610;  1 drivers
v000002d9e9b85610_0 .net *"_ivl_40", 0 0, L_000002d9e9c14c90;  1 drivers
v000002d9e9b84670_0 .net *"_ivl_400", 0 0, L_000002d9e9c1c5d0;  1 drivers
L_000002d9e9bad258 .functor BUFT 1, C4<100>, C4<0>, C4<0>, C4<0>;
v000002d9e9b86330_0 .net/2u *"_ivl_402", 2 0, L_000002d9e9bad258;  1 drivers
v000002d9e9b85d90_0 .net *"_ivl_404", 0 0, L_000002d9e9ba0ab0;  1 drivers
L_000002d9e9bad2a0 .functor BUFT 1, C4<101>, C4<0>, C4<0>, C4<0>;
v000002d9e9b852f0_0 .net/2u *"_ivl_406", 2 0, L_000002d9e9bad2a0;  1 drivers
v000002d9e9b84210_0 .net *"_ivl_408", 0 0, L_000002d9e9b9edf0;  1 drivers
v000002d9e9b851b0_0 .net *"_ivl_410", 0 0, L_000002d9e9c1d9f0;  1 drivers
L_000002d9e9bad2e8 .functor BUFT 1, C4<110>, C4<0>, C4<0>, C4<0>;
v000002d9e9b84170_0 .net/2u *"_ivl_412", 2 0, L_000002d9e9bad2e8;  1 drivers
v000002d9e9b842b0_0 .net *"_ivl_414", 0 0, L_000002d9e9ba00b0;  1 drivers
L_000002d9e9bad330 .functor BUFT 1, C4<111>, C4<0>, C4<0>, C4<0>;
v000002d9e9b84530_0 .net/2u *"_ivl_416", 2 0, L_000002d9e9bad330;  1 drivers
v000002d9e9b85e30_0 .net *"_ivl_418", 0 0, L_000002d9e9b9fe30;  1 drivers
v000002d9e9b84fd0_0 .net *"_ivl_420", 0 0, L_000002d9e9c1d750;  1 drivers
L_000002d9e9bad378 .functor BUFT 1, C4<0>, C4<0>, C4<0>, C4<0>;
v000002d9e9b863d0_0 .net/2u *"_ivl_422", 0 0, L_000002d9e9bad378;  1 drivers
v000002d9e9b859d0_0 .net *"_ivl_424", 0 0, L_000002d9e9b9ee90;  1 drivers
v000002d9e9b86470_0 .net *"_ivl_426", 0 0, L_000002d9e9ba0b50;  1 drivers
v000002d9e9b85890_0 .net *"_ivl_428", 0 0, L_000002d9e9b9f890;  1 drivers
v000002d9e9b85070_0 .net *"_ivl_430", 0 0, L_000002d9e9ba0c90;  1 drivers
v000002d9e9b85110_0 .net *"_ivl_432", 0 0, L_000002d9e9ba0d30;  1 drivers
v000002d9e9b847b0_0 .net *"_ivl_434", 0 0, L_000002d9e9ba01f0;  1 drivers
v000002d9e9b84990_0 .net *"_ivl_438", 0 0, L_000002d9e9c1d2f0;  1 drivers
v000002d9e9b85430_0 .net *"_ivl_440", 0 0, L_000002d9e9c1d440;  1 drivers
v000002d9e9b84350_0 .net *"_ivl_447", 1 0, L_000002d9e9ba0290;  1 drivers
v000002d9e9b85250_0 .net *"_ivl_449", 0 0, L_000002d9e9b9ef30;  1 drivers
v000002d9e9b845d0_0 .net *"_ivl_452", 0 0, L_000002d9e9c1e780;  1 drivers
v000002d9e9b84710_0 .net *"_ivl_46", 0 0, L_000002d9e9c14980;  1 drivers
v000002d9e9b84850_0 .net *"_ivl_50", 0 0, L_000002d9e9c14ad0;  1 drivers
v000002d9e9b84ad0_0 .net *"_ivl_508", 0 0, L_000002d9e9c1e1d0;  1 drivers
v000002d9e9b85ed0_0 .net *"_ivl_510", 0 0, L_000002d9e9c1ebe0;  1 drivers
v000002d9e9b84b70_0 .net *"_ivl_512", 0 0, L_000002d9e9c1e710;  1 drivers
L_000002d9e9bad3c0 .functor BUFT 1, C4<00000>, C4<0>, C4<0>, C4<0>;
v000002d9e9b85390_0 .net/2u *"_ivl_514", 4 0, L_000002d9e9bad3c0;  1 drivers
v000002d9e9b854d0_0 .net *"_ivl_516", 0 0, L_000002d9e9ba03d0;  1 drivers
v000002d9e9b84c10_0 .net *"_ivl_518", 0 0, L_000002d9e9c1e7f0;  1 drivers
v000002d9e9b84cb0_0 .net *"_ivl_52", 0 0, L_000002d9e9c14de0;  1 drivers
v000002d9e9b84d50_0 .net *"_ivl_520", 0 0, L_000002d9e9b9f430;  1 drivers
v000002d9e9b85570_0 .net *"_ivl_526", 0 0, L_000002d9e9c1f040;  1 drivers
v000002d9e9b84f30_0 .net *"_ivl_528", 0 0, L_000002d9e9c1e400;  1 drivers
v000002d9e9b85a70_0 .net *"_ivl_530", 0 0, L_000002d9e9c1e470;  1 drivers
v000002d9e9b86010_0 .net *"_ivl_534", 0 0, L_000002d9e9c1f2e0;  1 drivers
v000002d9e9b860b0_0 .net *"_ivl_538", 0 0, L_000002d9e9c1dfa0;  1 drivers
v000002d9e9b86970_0 .net *"_ivl_54", 0 0, L_000002d9e9c14e50;  1 drivers
v000002d9e9b86d30_0 .net *"_ivl_540", 0 0, L_000002d9e9c1f970;  1 drivers
v000002d9e9b86a10_0 .net *"_ivl_542", 0 0, L_000002d9e9c1f5f0;  1 drivers
v000002d9e9b868d0_0 .net *"_ivl_544", 0 0, L_000002d9e9c1f350;  1 drivers
v000002d9e9b86ab0_0 .net *"_ivl_546", 0 0, L_000002d9e9c1dec0;  1 drivers
v000002d9e9b86b50_0 .net *"_ivl_548", 0 0, L_000002d9e9c1ea20;  1 drivers
v000002d9e9b86bf0_0 .net *"_ivl_552", 0 0, L_000002d9e9c1f890;  1 drivers
v000002d9e9b86dd0_0 .net *"_ivl_554", 0 0, L_000002d9e9c1f660;  1 drivers
v000002d9e9b86c90_0 .net *"_ivl_556", 0 0, L_000002d9e9c1f740;  1 drivers
v000002d9e9b86e70_0 .net *"_ivl_56", 0 0, L_000002d9e9c16430;  1 drivers
v000002d9e9b86f10_0 .net *"_ivl_560", 0 0, L_000002d9e9c1f820;  1 drivers
v000002d9e9b86fb0_0 .net *"_ivl_574", 0 0, L_000002d9e9c210a0;  1 drivers
L_000002d9e9bad648 .functor BUFT 1, C4<1111>, C4<0>, C4<0>, C4<0>;
v000002d9e9b8db80_0 .net/2u *"_ivl_576", 3 0, L_000002d9e9bad648;  1 drivers
L_000002d9e9bad690 .functor BUFT 1, C4<0000>, C4<0>, C4<0>, C4<0>;
v000002d9e9b8f340_0 .net/2u *"_ivl_578", 3 0, L_000002d9e9bad690;  1 drivers
v000002d9e9b8da40_0 .net *"_ivl_58", 0 0, L_000002d9e9c16a50;  1 drivers
L_000002d9e9bad6d8 .functor BUFT 1, C4<00000000000000000000000000000000>, C4<0>, C4<0>, C4<0>;
v000002d9e9b8df40_0 .net/2u *"_ivl_590", 31 0, L_000002d9e9bad6d8;  1 drivers
L_000002d9e9bad720 .functor BUFT 1, C4<00000000000000000000000000000000>, C4<0>, C4<0>, C4<0>;
v000002d9e9b8ed00_0 .net/2u *"_ivl_594", 31 0, L_000002d9e9bad720;  1 drivers
L_000002d9e9bad768 .functor BUFT 1, C4<00000000000000000000000000000000>, C4<0>, C4<0>, C4<0>;
v000002d9e9b8eda0_0 .net/2u *"_ivl_598", 31 0, L_000002d9e9bad768;  1 drivers
v000002d9e9b8d4a0_0 .net *"_ivl_60", 0 0, L_000002d9e9c17e70;  1 drivers
L_000002d9e9bad7b0 .functor BUFT 1, C4<00000000000000000000000000000000>, C4<0>, C4<0>, C4<0>;
v000002d9e9b8ebc0_0 .net/2u *"_ivl_602", 31 0, L_000002d9e9bad7b0;  1 drivers
L_000002d9e9bad7f8 .functor BUFT 1, C4<00000>, C4<0>, C4<0>, C4<0>;
v000002d9e9b8d900_0 .net/2u *"_ivl_606", 4 0, L_000002d9e9bad7f8;  1 drivers
L_000002d9e9bad840 .functor BUFT 1, C4<00000>, C4<0>, C4<0>, C4<0>;
v000002d9e9b8e260_0 .net/2u *"_ivl_610", 4 0, L_000002d9e9bad840;  1 drivers
L_000002d9e9bad888 .functor BUFT 1, C4<00000>, C4<0>, C4<0>, C4<0>;
v000002d9e9b8e1c0_0 .net/2u *"_ivl_614", 4 0, L_000002d9e9bad888;  1 drivers
L_000002d9e9bad8d0 .functor BUFT 1, C4<00000000000000000000000000000000>, C4<0>, C4<0>, C4<0>;
v000002d9e9b8e800_0 .net/2u *"_ivl_618", 31 0, L_000002d9e9bad8d0;  1 drivers
L_000002d9e9bad918 .functor BUFT 1, C4<00000000000000000000000000000000>, C4<0>, C4<0>, C4<0>;
v000002d9e9b8d040_0 .net/2u *"_ivl_622", 31 0, L_000002d9e9bad918;  1 drivers
L_000002d9e9bad960 .functor BUFT 1, C4<00000000000000000000000000000000>, C4<0>, C4<0>, C4<0>;
v000002d9e9b8e9e0_0 .net/2u *"_ivl_626", 31 0, L_000002d9e9bad960;  1 drivers
L_000002d9e9bad9a8 .functor BUFT 1, C4<00000000000000000000000000000000>, C4<0>, C4<0>, C4<0>;
v000002d9e9b8d860_0 .net/2u *"_ivl_630", 31 0, L_000002d9e9bad9a8;  1 drivers
L_000002d9e9bad9f0 .functor BUFT 1, C4<00000000000000000000000000000000>, C4<0>, C4<0>, C4<0>;
v000002d9e9b8f480_0 .net/2u *"_ivl_634", 31 0, L_000002d9e9bad9f0;  1 drivers
L_000002d9e9bada38 .functor BUFT 1, C4<00000000000000000000000000000000>, C4<0>, C4<0>, C4<0>;
v000002d9e9b8e300_0 .net/2u *"_ivl_638", 31 0, L_000002d9e9bada38;  1 drivers
L_000002d9e9bada80 .functor BUFT 1, C4<0>, C4<0>, C4<0>, C4<0>;
v000002d9e9b8f3e0_0 .net/2u *"_ivl_642", 0 0, L_000002d9e9bada80;  1 drivers
L_000002d9e9badac8 .functor BUFT 1, C4<0>, C4<0>, C4<0>, C4<0>;
v000002d9e9b8cf00_0 .net/2u *"_ivl_646", 0 0, L_000002d9e9badac8;  1 drivers
L_000002d9e9badb10 .functor BUFT 1, C4<0000>, C4<0>, C4<0>, C4<0>;
v000002d9e9b8d720_0 .net/2u *"_ivl_650", 3 0, L_000002d9e9badb10;  1 drivers
L_000002d9e9badb58 .functor BUFT 1, C4<00000000000000000000000000000000>, C4<0>, C4<0>, C4<0>;
v000002d9e9b8d0e0_0 .net/2u *"_ivl_654", 31 0, L_000002d9e9badb58;  1 drivers
L_000002d9e9badba0 .functor BUFT 1, C4<00000000000000000000000000000000>, C4<0>, C4<0>, C4<0>;
v000002d9e9b8cd20_0 .net/2u *"_ivl_658", 31 0, L_000002d9e9badba0;  1 drivers
L_000002d9e9badbe8 .functor BUFT 1, C4<0>, C4<0>, C4<0>, C4<0>;
v000002d9e9b8eee0_0 .net/2u *"_ivl_662", 0 0, L_000002d9e9badbe8;  1 drivers
L_000002d9e9badc30 .functor BUFT 1, C4<0>, C4<0>, C4<0>, C4<0>;
v000002d9e9b8dae0_0 .net/2u *"_ivl_666", 0 0, L_000002d9e9badc30;  1 drivers
L_000002d9e9badc78 .functor BUFT 1, C4<0>, C4<0>, C4<0>, C4<0>;
v000002d9e9b8dfe0_0 .net/2u *"_ivl_670", 0 0, L_000002d9e9badc78;  1 drivers
L_000002d9e9badcc0 .functor BUFT 1, C4<0>, C4<0>, C4<0>, C4<0>;
v000002d9e9b8e760_0 .net/2u *"_ivl_674", 0 0, L_000002d9e9badcc0;  1 drivers
L_000002d9e9badd08 .functor BUFT 1, C4<0>, C4<0>, C4<0>, C4<0>;
v000002d9e9b8ce60_0 .net/2u *"_ivl_678", 0 0, L_000002d9e9badd08;  1 drivers
L_000002d9e9badd50 .functor BUFT 1, C4<0>, C4<0>, C4<0>, C4<0>;
v000002d9e9b8ee40_0 .net/2u *"_ivl_682", 0 0, L_000002d9e9badd50;  1 drivers
L_000002d9e9badd98 .functor BUFT 1, C4<0>, C4<0>, C4<0>, C4<0>;
v000002d9e9b8f200_0 .net/2u *"_ivl_686", 0 0, L_000002d9e9badd98;  1 drivers
L_000002d9e9badde0 .functor BUFT 1, C4<0>, C4<0>, C4<0>, C4<0>;
v000002d9e9b8e940_0 .net/2u *"_ivl_690", 0 0, L_000002d9e9badde0;  1 drivers
v000002d9e9b8e8a0_0 .net *"_ivl_694", 0 0, L_000002d9e9c203f0;  1 drivers
v000002d9e9b8d2c0_0 .net *"_ivl_698", 0 0, L_000002d9e9c1feb0;  1 drivers
v000002d9e9b8d180_0 .net *"_ivl_700", 0 0, L_000002d9e9c1ff20;  1 drivers
L_000002d9e9bade28 .functor BUFT 1, C4<00000>, C4<0>, C4<0>, C4<0>;
v000002d9e9b8ec60_0 .net/2u *"_ivl_722", 4 0, L_000002d9e9bade28;  1 drivers
L_000002d9e9babe60 .functor BUFT 1, C4<00000000000000000000000000000100>, C4<0>, C4<0>, C4<0>;
v000002d9e9b8e6c0_0 .net/2u *"_ivl_74", 31 0, L_000002d9e9babe60;  1 drivers
L_000002d9e9babe18 .functor BUFT 1, C4<00000000000000000000000000000100>, C4<0>, C4<0>, C4<0>;
v000002d9e9b8cdc0_0 .net/2u *"_ivl_8", 31 0, L_000002d9e9babe18;  1 drivers
L_000002d9e9bac880 .functor BUFT 1, C4<0110011>, C4<0>, C4<0>, C4<0>;
v000002d9e9b8e120_0 .net/2u *"_ivl_82", 6 0, L_000002d9e9bac880;  1 drivers
v000002d9e9b8d360_0 .net *"_ivl_84", 0 0, L_000002d9e9b9ca50;  1 drivers
L_000002d9e9bac8c8 .functor BUFT 1, C4<0010011>, C4<0>, C4<0>, C4<0>;
v000002d9e9b8dc20_0 .net/2u *"_ivl_86", 6 0, L_000002d9e9bac8c8;  1 drivers
v000002d9e9b8ea80_0 .net *"_ivl_88", 0 0, L_000002d9e9b9c690;  1 drivers
v000002d9e9b8cfa0_0 .net *"_ivl_90", 0 0, L_000002d9e9c16e40;  1 drivers
L_000002d9e9bac910 .functor BUFT 1, C4<0000011>, C4<0>, C4<0>, C4<0>;
v000002d9e9b8d7c0_0 .net/2u *"_ivl_92", 6 0, L_000002d9e9bac910;  1 drivers
v000002d9e9b8d540_0 .net *"_ivl_94", 0 0, L_000002d9e9b9dbd0;  1 drivers
v000002d9e9b8f160_0 .net *"_ivl_96", 0 0, L_000002d9e9c16f90;  1 drivers
L_000002d9e9bac958 .functor BUFT 1, C4<0100011>, C4<0>, C4<0>, C4<0>;
v000002d9e9b8e3a0_0 .net/2u *"_ivl_98", 6 0, L_000002d9e9bac958;  1 drivers
v000002d9e9b8d400_0 .net "dmem_cache_busy_cur", 0 0, L_000002d9e9c158d0;  1 drivers
v000002d9e9b8dcc0_0 .net "dmem_cache_mem_addr_cur", 31 0, L_000002d9e9b9bbf0;  1 drivers
v000002d9e9b8e440_0 .net "dmem_cache_mem_ren_cur", 0 0, L_000002d9e9c157f0;  1 drivers
v000002d9e9b8de00_0 .net "dmem_cache_mem_wdata_cur", 31 0, L_000002d9e9b9c410;  1 drivers
v000002d9e9b8e080_0 .net "dmem_cache_mem_wen_cur", 0 0, L_000002d9e9c16270;  1 drivers
v000002d9e9b8e4e0_0 .net "dmem_cache_rdata_cur", 31 0, L_000002d9e9c149f0;  1 drivers
v000002d9e9b8eb20_0 .net "dmem_req_fire_cur", 0 0, L_000002d9e9c1e4e0;  1 drivers
v000002d9e9b8d220_0 .net "dmem_resp_fire_cur", 0 0, L_000002d9e9c1de50;  1 drivers
v000002d9e9b8f2a0_0 .net "ex_alu_eq_cur", 0 0, L_000002d9e9ba14b0;  1 drivers
v000002d9e9b8d5e0_0 .net "ex_alu_result_cur", 31 0, v000002d9e9b6f520_0;  1 drivers
v000002d9e9b8ef80_0 .net "ex_alu_slt_cur", 0 0, L_000002d9e9c1d6e0;  1 drivers
v000002d9e9b8dd60_0 .net "ex_branch_taken_cur", 0 0, L_000002d9e9c1c800;  1 drivers
v000002d9e9b8d680_0 .net "ex_branch_target_cur", 31 0, L_000002d9e9b9f4d0;  1 drivers
v000002d9e9b8e580_0 .net "ex_control_taken_cur", 0 0, L_000002d9e9c1da60;  1 drivers
v000002d9e9b8f0c0_0 .net "ex_control_target_cur", 31 0, L_000002d9e9b9ed50;  1 drivers
v000002d9e9b8dea0_0 .net "ex_ex_match_rs1_cur", 0 0, L_000002d9e9c1c4f0;  1 drivers
v000002d9e9b8e620_0 .net "ex_ex_match_rs2_cur", 0 0, L_000002d9e9c1c8e0;  1 drivers
v000002d9e9b8d9a0_0 .net "ex_forward_a_sel_cur", 1 0, L_000002d9e9b9e5d0;  1 drivers
v000002d9e9b8f020_0 .net "ex_forward_b_sel_cur", 1 0, L_000002d9e9b9dd10;  1 drivers
v000002d9e9b91780_0 .net "ex_jump_taken_cur", 0 0, L_000002d9e9c1d830;  1 drivers
v000002d9e9b8fa20_0 .net "ex_jump_target_cur", 31 0, L_000002d9e9ba0010;  1 drivers
v000002d9e9b90880_0 .net "ex_jump_target_raw_cur", 31 0, L_000002d9e9ba0a10;  1 drivers
v000002d9e9b91a00_0 .var "ex_mem_alu_result_cur", 31 0;
v000002d9e9b8fac0_0 .net "ex_mem_alu_result_next", 31 0, L_000002d9e9c1e630;  1 drivers
v000002d9e9b90920_0 .var "ex_mem_dmem_req_sent_cur", 0 0;
v000002d9e9b909c0_0 .var "ex_mem_ebreak_cur", 0 0;
v000002d9e9b91be0_0 .net "ex_mem_ebreak_next", 0 0, L_000002d9e9c1f0b0;  1 drivers
v000002d9e9b91820_0 .net "ex_mem_forward_data_cur", 31 0, L_000002d9e9b9cb90;  1 drivers
v000002d9e9b911e0_0 .var "ex_mem_func3_cur", 2 0;
v000002d9e9b8f980_0 .net "ex_mem_func3_next", 2 0, L_000002d9e9c1f190;  1 drivers
v000002d9e9b91c80_0 .net "ex_mem_has_dmem_req_cur", 0 0, L_000002d9e9c1df30;  1 drivers
v000002d9e9b8f700_0 .var "ex_mem_illegal_inst_cur", 0 0;
v000002d9e9b91aa0_0 .net "ex_mem_illegal_inst_next", 0 0, L_000002d9e9c1ed30;  1 drivers
v000002d9e9b90a60_0 .var "ex_mem_inst_cur", 31 0;
v000002d9e9b918c0_0 .net "ex_mem_inst_next", 31 0, L_000002d9e9c1f510;  1 drivers
v000002d9e9b90b00_0 .var "ex_mem_jump_cur", 0 0;
v000002d9e9b91280_0 .net "ex_mem_jump_next", 0 0, L_000002d9e9c1e160;  1 drivers
v000002d9e9b90380_0 .var "ex_mem_lui_cur", 0 0;
v000002d9e9b8f5c0_0 .net "ex_mem_lui_next", 0 0, L_000002d9e9c1f430;  1 drivers
v000002d9e9b913c0_0 .var "ex_mem_mem_read_cur", 0 0;
v000002d9e9b902e0_0 .net "ex_mem_mem_read_next", 0 0, L_000002d9e9c1f7b0;  1 drivers
v000002d9e9b90f60_0 .var "ex_mem_mem_to_reg_cur", 0 0;
v000002d9e9b90ba0_0 .net "ex_mem_mem_to_reg_next", 0 0, L_000002d9e9c1e0f0;  1 drivers
v000002d9e9b8f7a0_0 .var "ex_mem_mem_write_cur", 0 0;
v000002d9e9b8f840_0 .net "ex_mem_mem_write_next", 0 0, L_000002d9e9c1e6a0;  1 drivers
v000002d9e9b8f660_0 .var "ex_mem_next_pc_cur", 31 0;
v000002d9e9b910a0_0 .net "ex_mem_next_pc_next", 31 0, L_000002d9e9c1e2b0;  1 drivers
v000002d9e9b90420_0 .var "ex_mem_offset_cur", 31 0;
v000002d9e9b8fe80_0 .net "ex_mem_offset_next", 31 0, L_000002d9e9c1f900;  1 drivers
v000002d9e9b8f8e0_0 .var "ex_mem_pc_cur", 31 0;
v000002d9e9b91960_0 .var "ex_mem_pc_misalign_trap_cur", 0 0;
v000002d9e9b90100_0 .net "ex_mem_pc_misalign_trap_next", 0 0, L_000002d9e9c1f6d0;  1 drivers
v000002d9e9b8ffc0_0 .net "ex_mem_pc_next", 31 0, L_000002d9e9c1f3c0;  1 drivers
v000002d9e9b8ff20_0 .var "ex_mem_pc_plus4_cur", 31 0;
v000002d9e9b91460_0 .net "ex_mem_pc_plus4_next", 31 0, L_000002d9e9c1f9e0;  1 drivers
v000002d9e9b8fb60_0 .var "ex_mem_rd_waddr_cur", 4 0;
v000002d9e9b90ec0_0 .net "ex_mem_rd_waddr_next", 4 0, L_000002d9e9c1e860;  1 drivers
v000002d9e9b90060_0 .var "ex_mem_reg_write_cur", 0 0;
v000002d9e9b907e0_0 .net "ex_mem_reg_write_next", 0 0, L_000002d9e9c1ee80;  1 drivers
v000002d9e9b91500_0 .var "ex_mem_rs1_raddr_cur", 4 0;
v000002d9e9b915a0_0 .net "ex_mem_rs1_raddr_next", 4 0, L_000002d9e9c1e5c0;  1 drivers
v000002d9e9b8fca0_0 .var "ex_mem_rs1_rdata_cur", 31 0;
v000002d9e9b91640_0 .net "ex_mem_rs1_rdata_next", 31 0, L_000002d9e9c1ee10;  1 drivers
v000002d9e9b901a0_0 .var "ex_mem_rs2_raddr_cur", 4 0;
v000002d9e9b90c40_0 .net "ex_mem_rs2_raddr_next", 4 0, L_000002d9e9c1e080;  1 drivers
v000002d9e9b90ce0_0 .var "ex_mem_rs2_rdata_cur", 31 0;
v000002d9e9b91000_0 .net "ex_mem_rs2_rdata_next", 31 0, L_000002d9e9c1e8d0;  1 drivers
v000002d9e9b8fc00_0 .var "ex_mem_store_data_cur", 31 0;
v000002d9e9b91320_0 .net "ex_mem_store_data_next", 31 0, L_000002d9e9c1f580;  1 drivers
v000002d9e9b90240_0 .var "ex_mem_valid_cur", 0 0;
v000002d9e9b90d80_0 .net "ex_mem_valid_next", 0 0, L_000002d9e9c1e550;  1 drivers
v000002d9e9b916e0_0 .net "ex_next_pc_cur", 31 0, L_000002d9e9ba0dd0;  1 drivers
v000002d9e9b8fd40_0 .net "ex_operand1_cur", 31 0, L_000002d9e9ba0830;  1 drivers
v000002d9e9b90e20_0 .net "ex_operand1_sel_cur", 1 0, L_000002d9e9b9e670;  1 drivers
v000002d9e9b91140_0 .net "ex_operand2_cur", 31 0, L_000002d9e9ba0bf0;  1 drivers
v000002d9e9b91b40_0 .net "ex_operand2_sel_cur", 1 0, L_000002d9e9b9e2b0;  1 drivers
v000002d9e9b8f520_0 .net "ex_pc_misalign_trap_cur", 0 0, L_000002d9e9c1dad0;  1 drivers
v000002d9e9b8fde0_0 .net "ex_redirect_cur", 0 0, L_000002d9e9c1eb70;  1 drivers
v000002d9e9b904c0_0 .net "ex_rs1_value_cur", 31 0, L_000002d9e9b9e030;  1 drivers
v000002d9e9b90560_0 .net "ex_rs2_value_cur", 31 0, L_000002d9e9b9f9d0;  1 drivers
v000002d9e9b90600_0 .net "ex_store_data_cur", 31 0, L_000002d9e9c1c3a0;  1 drivers
v000002d9e9b906a0_0 .var "halted_cur", 0 0;
v000002d9e9b90740_0 .net "hazard_ex_cur", 0 0, L_000002d9e9c18650;  1 drivers
v000002d9e9b91e60_0 .net "hazard_mem_cur", 0 0, L_000002d9e9bacbe0;  1 drivers
v000002d9e9b929a0_0 .net "hazard_stall_cur", 0 0, L_000002d9e9c18420;  1 drivers
v000002d9e9b93e40_0 .net "hazard_wb_cur", 0 0, L_000002d9e9bacc28;  1 drivers
v000002d9e9b94200_0 .net "i_clk", 0 0, v000002d9e9b8ae80_0;  alias, 1 drivers
v000002d9e9b938a0_0 .net "i_dmem_rdata", 31 0, L_000002d9e9a93420;  alias, 1 drivers
v000002d9e9b92860_0 .net "i_dmem_ready", 0 0, L_000002d9e9a92460;  alias, 1 drivers
v000002d9e9b93760_0 .net "i_dmem_valid", 0 0, L_000002d9e9a93730;  alias, 1 drivers
v000002d9e9b94160_0 .net "i_imem_rdata", 31 0, L_000002d9e9a93260;  alias, 1 drivers
v000002d9e9b93da0_0 .net "i_imem_ready", 0 0, L_000002d9e9a935e0;  alias, 1 drivers
v000002d9e9b93940_0 .net "i_imem_valid", 0 0, L_000002d9e9a928c0;  alias, 1 drivers
v000002d9e9b93bc0_0 .net "i_rst", 0 0, v000002d9e9ba1ff0_0;  alias, 1 drivers
v000002d9e9b93c60_0 .net "id_alu_op_cur", 2 0, L_000002d9e9b9b470;  1 drivers
v000002d9e9b92fe0_0 .net "id_alu_src1_cur", 0 0, L_000002d9e9c16580;  1 drivers
v000002d9e9b943e0_0 .net "id_alu_src2_cur", 0 0, L_000002d9e9c175b0;  1 drivers
v000002d9e9b93440_0 .net "id_branch_cur", 0 0, L_000002d9e9c16890;  1 drivers
v000002d9e9b91dc0_0 .net "id_ebreak_cur", 0 0, L_000002d9e9c16b30;  1 drivers
v000002d9e9b922c0_0 .var "id_ex_alu_op_cur", 2 0;
v000002d9e9b92b80_0 .net "id_ex_alu_op_next", 2 0, L_000002d9e9c1d8a0;  1 drivers
v000002d9e9b93800_0 .var "id_ex_alu_src1_cur", 0 0;
v000002d9e9b942a0_0 .net "id_ex_alu_src1_next", 0 0, L_000002d9e9c1caa0;  1 drivers
v000002d9e9b927c0_0 .var "id_ex_alu_src2_cur", 0 0;
v000002d9e9b92f40_0 .net "id_ex_alu_src2_next", 0 0, L_000002d9e9c1d130;  1 drivers
v000002d9e9b924a0_0 .var "id_ex_branch_cur", 0 0;
v000002d9e9b939e0_0 .net "id_ex_branch_next", 0 0, L_000002d9e9c1c950;  1 drivers
v000002d9e9b93260_0 .var "id_ex_ebreak_cur", 0 0;
v000002d9e9b92720_0 .net "id_ex_ebreak_next", 0 0, L_000002d9e9c1d1a0;  1 drivers
v000002d9e9b94020_0 .var "id_ex_func3_cur", 2 0;
v000002d9e9b93a80_0 .net "id_ex_func3_next", 2 0, L_000002d9e9b9d4f0;  1 drivers
v000002d9e9b92e00_0 .var "id_ex_func7_cur", 6 0;
v000002d9e9b93080_0 .net "id_ex_func7_next", 6 0, L_000002d9e9b9caf0;  1 drivers
v000002d9e9b92ea0_0 .var "id_ex_illegal_inst_cur", 0 0;
v000002d9e9b93b20_0 .net "id_ex_illegal_inst_next", 0 0, L_000002d9e9c1c870;  1 drivers
v000002d9e9b920e0_0 .var "id_ex_inst_cur", 31 0;
v000002d9e9b93300_0 .net "id_ex_inst_next", 31 0, L_000002d9e9c18340;  1 drivers
v000002d9e9b92900_0 .var "id_ex_jump_cur", 0 0;
v000002d9e9b940c0_0 .net "id_ex_jump_next", 0 0, L_000002d9e9c1c2c0;  1 drivers
v000002d9e9b93120_0 .var "id_ex_lui_cur", 0 0;
v000002d9e9b93f80_0 .net "id_ex_lui_next", 0 0, L_000002d9e9c1cb80;  1 drivers
v000002d9e9b931c0_0 .var "id_ex_mem_read_cur", 0 0;
v000002d9e9b94340_0 .net "id_ex_mem_read_next", 0 0, L_000002d9e9c1d280;  1 drivers
v000002d9e9b93ee0_0 .var "id_ex_mem_to_reg_cur", 0 0;
v000002d9e9b91fa0_0 .net "id_ex_mem_to_reg_next", 0 0, L_000002d9e9c1cdb0;  1 drivers
v000002d9e9b92400_0 .var "id_ex_mem_write_cur", 0 0;
v000002d9e9b92cc0_0 .net "id_ex_mem_write_next", 0 0, L_000002d9e9c1cf70;  1 drivers
v000002d9e9b94480_0 .var "id_ex_offset_cur", 31 0;
v000002d9e9b91d20_0 .net "id_ex_offset_next", 31 0, L_000002d9e9c1dbb0;  1 drivers
v000002d9e9b933a0_0 .var "id_ex_opcode_cur", 6 0;
v000002d9e9b93d00_0 .net "id_ex_opcode_next", 6 0, L_000002d9e9b9c870;  1 drivers
v000002d9e9b92180_0 .var "id_ex_pc_cur", 31 0;
v000002d9e9b934e0_0 .net "id_ex_pc_next", 31 0, L_000002d9e9c182d0;  1 drivers
v000002d9e9b91f00_0 .var "id_ex_pc_plus4_cur", 31 0;
v000002d9e9b92a40_0 .net "id_ex_pc_plus4_next", 31 0, L_000002d9e9c180a0;  1 drivers
v000002d9e9b92040_0 .var "id_ex_pc_src_cur", 0 0;
v000002d9e9b92220_0 .net "id_ex_pc_src_next", 0 0, L_000002d9e9c1cf00;  1 drivers
v000002d9e9b92360_0 .var "id_ex_rd_waddr_cur", 4 0;
v000002d9e9b93580_0 .net "id_ex_rd_waddr_next", 4 0, L_000002d9e9c18490;  1 drivers
v000002d9e9b92540_0 .var "id_ex_reg_write_cur", 0 0;
v000002d9e9b925e0_0 .net "id_ex_reg_write_next", 0 0, L_000002d9e9c1d0c0;  1 drivers
v000002d9e9b93620_0 .var "id_ex_rs1_raddr_cur", 4 0;
v000002d9e9b92680_0 .net "id_ex_rs1_raddr_next", 4 0, L_000002d9e9c181f0;  1 drivers
v000002d9e9b92ae0_0 .var "id_ex_rs1_rdata_cur", 31 0;
v000002d9e9b936c0_0 .net "id_ex_rs1_rdata_next", 31 0, L_000002d9e9c18500;  1 drivers
v000002d9e9b92c20_0 .var "id_ex_rs2_raddr_cur", 4 0;
v000002d9e9b92d60_0 .net "id_ex_rs2_raddr_next", 4 0, L_000002d9e9c183b0;  1 drivers
v000002d9e9b96b40_0 .var "id_ex_rs2_rdata_cur", 31 0;
v000002d9e9b96a00_0 .net "id_ex_rs2_rdata_next", 31 0, L_000002d9e9c1c640;  1 drivers
v000002d9e9b95d80_0 .var "id_ex_valid_cur", 0 0;
v000002d9e9b960a0_0 .net "id_ex_valid_next", 0 0, L_000002d9e9c18030;  1 drivers
v000002d9e9b95420_0 .net "id_illegal_inst_cur", 0 0, L_000002d9e9c17310;  1 drivers
v000002d9e9b945c0_0 .net "id_jump_cur", 0 0, L_000002d9e9c16820;  1 drivers
v000002d9e9b96be0_0 .net "id_lui_cur", 0 0, L_000002d9e9c17ee0;  1 drivers
v000002d9e9b95e20_0 .net "id_mem_read_cur", 0 0, L_000002d9e9c16510;  1 drivers
v000002d9e9b95060_0 .net "id_mem_to_reg_cur", 0 0, L_000002d9e9c16350;  1 drivers
v000002d9e9b95600_0 .net "id_mem_write_cur", 0 0, L_000002d9e9c17cb0;  1 drivers
v000002d9e9b95ba0_0 .net "id_offset_cur", 31 0, L_000002d9e9b9e710;  1 drivers
v000002d9e9b954c0_0 .net "id_opcode_cur", 6 0, L_000002d9e9b9d130;  1 drivers
v000002d9e9b95560_0 .net "id_pc_src_cur", 0 0, L_000002d9e9c16740;  1 drivers
v000002d9e9b96780_0 .net "id_rd_waddr_cur", 4 0, L_000002d9e9b9a430;  1 drivers
v000002d9e9b94fc0_0 .net "id_reg_write_cur", 0 0, L_000002d9e9c167b0;  1 drivers
v000002d9e9b95880_0 .net "id_rs1_raddr_cur", 4 0, L_000002d9e9c16ac0;  1 drivers
v000002d9e9b96aa0_0 .net "id_rs1_rdata_cur", 31 0, L_000002d9e9c16d60;  1 drivers
v000002d9e9b96820_0 .net "id_rs1_used_cur", 0 0, L_000002d9e9c17460;  1 drivers
v000002d9e9b956a0_0 .net "id_rs2_ex_used_cur", 0 0, L_000002d9e9c17150;  1 drivers
v000002d9e9b94700_0 .net "id_rs2_raddr_cur", 4 0, L_000002d9e9c172a0;  1 drivers
v000002d9e9b96c80_0 .net "id_rs2_rdata_cur", 31 0, L_000002d9e9c16ba0;  1 drivers
v000002d9e9b965a0_0 .net "id_rs2_used_cur", 0 0, L_000002d9e9c17770;  1 drivers
v000002d9e9b96140_0 .net "if_id_buffer_available_cur", 0 0, L_000002d9e9c15b70;  1 drivers
v000002d9e9b94520_0 .net "if_id_consumed_cur", 0 0, L_000002d9e9c162e0;  1 drivers
v000002d9e9b96320_0 .var "if_id_inst_cur", 31 0;
v000002d9e9b95740_0 .net "if_id_inst_next", 31 0, L_000002d9e9c17d90;  1 drivers
v000002d9e9b95b00_0 .var "if_id_pc_cur", 31 0;
v000002d9e9b95380_0 .net "if_id_pc_next", 31 0, L_000002d9e9c17d20;  1 drivers
v000002d9e9b94660_0 .var "if_id_pc_plus4_cur", 31 0;
v000002d9e9b952e0_0 .net "if_id_pc_plus4_next", 31 0, L_000002d9e9b9ae30;  1 drivers
v000002d9e9b94840_0 .var "if_id_valid_cur", 0 0;
v000002d9e9b948e0_0 .net "if_id_valid_next", 0 0, L_000002d9e9c16970;  1 drivers
v000002d9e9b96460_0 .net "if_inst_cur", 31 0, L_000002d9e9c16190;  1 drivers
v000002d9e9b947a0_0 .net "if_pc_cur", 31 0, L_000002d9e9c15a90;  1 drivers
v000002d9e9b961e0_0 .net "if_pc_plus4_cur", 31 0, L_000002d9e9b9a110;  1 drivers
v000002d9e9b957e0_0 .net "imem_cache_busy_cur", 0 0, L_000002d9e991ca30;  1 drivers
v000002d9e9b96280_0 .net "imem_cache_mem_addr_cur", 31 0, L_000002d9e9ba6f50;  1 drivers
v000002d9e9b966e0_0 .net "imem_cache_mem_ren_cur", 0 0, L_000002d9e991bd10;  1 drivers
v000002d9e9b968c0_0 .net "imem_cache_mem_wdata_cur", 31 0, L_000002d9e9ba8990;  1 drivers
v000002d9e9b963c0_0 .net "imem_cache_mem_wen_cur", 0 0, L_000002d9e991bf40;  1 drivers
v000002d9e9b96500_0 .net "imem_cache_rdata_cur", 31 0, L_000002d9e991caa0;  1 drivers
v000002d9e9b959c0_0 .var "imem_pending_cur", 0 0;
v000002d9e9b95100_0 .var "imem_pending_kill_cur", 0 0;
v000002d9e9b96640_0 .var "imem_pending_pc_cur", 31 0;
v000002d9e9b94ac0_0 .net "imem_req_addr_cur", 31 0, L_000002d9e9b9a2f0;  1 drivers
v000002d9e9b95ec0_0 .net "imem_req_fire_cur", 0 0, L_000002d9e9c14d70;  1 drivers
v000002d9e9b94980_0 .net "imem_resp_accept_cur", 0 0, L_000002d9e9c17af0;  1 drivers
v000002d9e9b95920_0 .net "imem_resp_fire_cur", 0 0, L_000002d9e9c15f60;  1 drivers
v000002d9e9b96960_0 .net "imem_resp_pc_cur", 31 0, L_000002d9e9b9a1b0;  1 drivers
v000002d9e9b94a20_0 .net "mem_dcache_req_ren_cur", 0 0, L_000002d9e9c21490;  1 drivers
v000002d9e9b94b60_0 .net "mem_dcache_req_wen_cur", 0 0, L_000002d9e9c20460;  1 drivers
v000002d9e9b94ca0_0 .net "mem_dmem_addr_cur", 31 0, L_000002d9e9b9efd0;  1 drivers
v000002d9e9b94c00_0 .net "mem_dmem_mask_cur", 3 0, L_000002d9e9c1e390;  1 drivers
v000002d9e9b951a0_0 .net "mem_dmem_ren_cur", 0 0, L_000002d9e9c21500;  1 drivers
v000002d9e9b94d40_0 .net "mem_dmem_ren_raw_cur", 0 0, L_000002d9e9c1f120;  1 drivers
v000002d9e9b94de0_0 .net "mem_dmem_wdata_cur", 31 0, L_000002d9e9c1efd0;  1 drivers
v000002d9e9b94e80_0 .net "mem_dmem_wen_cur", 0 0, L_000002d9e9c21570;  1 drivers
v000002d9e9b96000_0 .net "mem_dmem_wen_raw_cur", 0 0, L_000002d9e9c1eda0;  1 drivers
v000002d9e9b95f60_0 .net "mem_ex_match_rs1_cur", 0 0, L_000002d9e9c1c6b0;  1 drivers
v000002d9e9b94f20_0 .net "mem_ex_match_rs2_cur", 0 0, L_000002d9e9c1dc90;  1 drivers
v000002d9e9b95240_0 .net "mem_load_data_cur", 31 0, L_000002d9e9c1f4a0;  1 drivers
v000002d9e9b95a60_0 .net "mem_misalign_trap_cur", 0 0, L_000002d9e9c1ec50;  1 drivers
v000002d9e9b95c40_0 .net "mem_read_en_cur", 0 0, L_000002d9e9c1eb00;  1 drivers
v000002d9e9b95ce0_0 .net "mem_stage_complete_cur", 0 0, L_000002d9e9c1e010;  1 drivers
v000002d9e9b974a0_0 .net "mem_stage_stall_cur", 0 0, L_000002d9e9c1fe40;  1 drivers
v000002d9e9b972c0_0 .net "mem_store_data_cur", 31 0, L_000002d9e9b9f570;  1 drivers
v000002d9e9b97900_0 .net "mem_store_data_fwd_cur", 0 0, L_000002d9e9c1e940;  1 drivers
v000002d9e9b97680_0 .var "mem_wb_alu_result_cur", 31 0;
v000002d9e9b97720_0 .net "mem_wb_alu_result_next", 31 0, L_000002d9e9c38710;  1 drivers
v000002d9e9b975e0_0 .var "mem_wb_dmem_addr_cur", 31 0;
v000002d9e9b97040_0 .net "mem_wb_dmem_addr_next", 31 0, L_000002d9e9c39a70;  1 drivers
v000002d9e9b96f00_0 .var "mem_wb_dmem_mask_cur", 3 0;
v000002d9e9b97860_0 .net "mem_wb_dmem_mask_next", 3 0, L_000002d9e9c38ad0;  1 drivers
v000002d9e9b979a0_0 .var "mem_wb_dmem_rdata_cur", 31 0;
v000002d9e9b970e0_0 .net "mem_wb_dmem_rdata_next", 31 0, L_000002d9e9c39e30;  1 drivers
v000002d9e9b97b80_0 .var "mem_wb_dmem_ren_cur", 0 0;
v000002d9e9b97a40_0 .net "mem_wb_dmem_ren_next", 0 0, L_000002d9e9c39070;  1 drivers
v000002d9e9b97ae0_0 .var "mem_wb_dmem_wdata_cur", 31 0;
v000002d9e9b97180_0 .net "mem_wb_dmem_wdata_next", 31 0, L_000002d9e9c38d50;  1 drivers
v000002d9e9b97220_0 .var "mem_wb_dmem_wen_cur", 0 0;
v000002d9e9b977c0_0 .net "mem_wb_dmem_wen_next", 0 0, L_000002d9e9c3a8d0;  1 drivers
v000002d9e9b96fa0_0 .var "mem_wb_ebreak_cur", 0 0;
v000002d9e9b97360_0 .net "mem_wb_ebreak_next", 0 0, L_000002d9e9c38c10;  1 drivers
v000002d9e9b96d20_0 .net "mem_wb_forward_data_cur", 31 0, L_000002d9e9c1c480;  1 drivers
v000002d9e9b97400_0 .var "mem_wb_illegal_inst_cur", 0 0;
v000002d9e9b96dc0_0 .net "mem_wb_illegal_inst_next", 0 0, L_000002d9e9c39bb0;  1 drivers
v000002d9e9b96e60_0 .var "mem_wb_inst_cur", 31 0;
v000002d9e9b97540_0 .net "mem_wb_inst_next", 31 0, L_000002d9e9ba8350;  1 drivers
v000002d9e9b88fe0_0 .var "mem_wb_jump_cur", 0 0;
v000002d9e9b8a3e0_0 .net "mem_wb_jump_next", 0 0, L_000002d9e9c396b0;  1 drivers
v000002d9e9b89440_0 .var "mem_wb_load_data_cur", 31 0;
v000002d9e9b8a200_0 .net "mem_wb_load_data_next", 31 0, L_000002d9e9c3a1f0;  1 drivers
v000002d9e9b88a40_0 .var "mem_wb_lui_cur", 0 0;
v000002d9e9b882c0_0 .net "mem_wb_lui_next", 0 0, L_000002d9e9c39ed0;  1 drivers
v000002d9e9b89800_0 .var "mem_wb_mem_to_reg_cur", 0 0;
v000002d9e9b8a2a0_0 .net "mem_wb_mem_to_reg_next", 0 0, L_000002d9e9c39610;  1 drivers
v000002d9e9b887c0_0 .var "mem_wb_misalign_trap_cur", 0 0;
v000002d9e9b88f40_0 .net "mem_wb_misalign_trap_next", 0 0, L_000002d9e9c39250;  1 drivers
v000002d9e9b884a0_0 .var "mem_wb_next_pc_cur", 31 0;
v000002d9e9b87fa0_0 .net "mem_wb_next_pc_next", 31 0, L_000002d9e9b9f7f0;  1 drivers
v000002d9e9b88720_0 .var "mem_wb_offset_cur", 31 0;
v000002d9e9b88ae0_0 .net "mem_wb_offset_next", 31 0, L_000002d9e9c39d90;  1 drivers
v000002d9e9b89300_0 .var "mem_wb_pc_cur", 31 0;
v000002d9e9b89080_0 .var "mem_wb_pc_misalign_trap_cur", 0 0;
v000002d9e9b89120_0 .net "mem_wb_pc_misalign_trap_next", 0 0, L_000002d9e9c399d0;  1 drivers
v000002d9e9b894e0_0 .net "mem_wb_pc_next", 31 0, L_000002d9e9b9f6b0;  1 drivers
v000002d9e9b898a0_0 .var "mem_wb_pc_plus4_cur", 31 0;
v000002d9e9b889a0_0 .net "mem_wb_pc_plus4_next", 31 0, L_000002d9e9b9f750;  1 drivers
v000002d9e9b88040_0 .var "mem_wb_rd_waddr_cur", 4 0;
v000002d9e9b89940_0 .net "mem_wb_rd_waddr_next", 4 0, L_000002d9e9c3a330;  1 drivers
v000002d9e9b891c0_0 .var "mem_wb_reg_write_cur", 0 0;
v000002d9e9b89f80_0 .net "mem_wb_reg_write_next", 0 0, L_000002d9e9c39570;  1 drivers
v000002d9e9b89260_0 .var "mem_wb_rs1_raddr_cur", 4 0;
v000002d9e9b88860_0 .net "mem_wb_rs1_raddr_next", 4 0, L_000002d9e9c38670;  1 drivers
v000002d9e9b880e0_0 .var "mem_wb_rs1_rdata_cur", 31 0;
v000002d9e9b88180_0 .net "mem_wb_rs1_rdata_next", 31 0, L_000002d9e9c38490;  1 drivers
v000002d9e9b8a340_0 .var "mem_wb_rs2_raddr_cur", 4 0;
v000002d9e9b8a020_0 .net "mem_wb_rs2_raddr_next", 4 0, L_000002d9e9c391b0;  1 drivers
v000002d9e9b88900_0 .var "mem_wb_rs2_rdata_cur", 31 0;
v000002d9e9b88b80_0 .net "mem_wb_rs2_rdata_next", 31 0, L_000002d9e9c3a830;  1 drivers
v000002d9e9b8a480_0 .var "mem_wb_valid_cur", 0 0;
v000002d9e9b8a0c0_0 .net "mem_wb_valid_next", 0 0, L_000002d9e9c208c0;  1 drivers
v000002d9e9b88e00_0 .net "mem_write_en_cur", 0 0, L_000002d9e9c1eef0;  1 drivers
v000002d9e9b87f00_0 .net "o_dmem_addr", 31 0, L_000002d9e9c20770;  alias, 1 drivers
v000002d9e9b87d20_0 .net "o_dmem_mask", 3 0, L_000002d9e9b9f390;  alias, 1 drivers
v000002d9e9b89da0_0 .net "o_dmem_ren", 0 0, L_000002d9e9c202a0;  alias, 1 drivers
v000002d9e9b899e0_0 .net "o_dmem_wdata", 31 0, L_000002d9e9c20c40;  alias, 1 drivers
v000002d9e9b893a0_0 .net "o_dmem_wen", 0 0, L_000002d9e9c20930;  alias, 1 drivers
v000002d9e9b89e40_0 .net "o_imem_raddr", 31 0, L_000002d9e9c17b60;  alias, 1 drivers
v000002d9e9b88ea0_0 .net "o_imem_ren", 0 0, L_000002d9e9c166d0;  alias, 1 drivers
v000002d9e9b89580_0 .net "o_retire_dmem_addr", 31 0, L_000002d9e9c1fa50;  alias, 1 drivers
v000002d9e9b88c20_0 .net "o_retire_dmem_mask", 3 0, L_000002d9e9c207e0;  alias, 1 drivers
v000002d9e9b87dc0_0 .net "o_retire_dmem_rdata", 31 0, L_000002d9e9c211f0;  alias, 1 drivers
v000002d9e9b88cc0_0 .net "o_retire_dmem_ren", 0 0, L_000002d9e9c20070;  alias, 1 drivers
v000002d9e9b89760_0 .net "o_retire_dmem_wdata", 31 0, L_000002d9e9c1fac0;  alias, 1 drivers
v000002d9e9b88220_0 .net "o_retire_dmem_wen", 0 0, L_000002d9e9c21180;  alias, 1 drivers
v000002d9e9b89c60_0 .net "o_retire_halt", 0 0, L_000002d9e9c20fc0;  alias, 1 drivers
v000002d9e9b89ee0_0 .net "o_retire_inst", 31 0, L_000002d9e9c20700;  alias, 1 drivers
v000002d9e9b89620_0 .net "o_retire_next_pc", 31 0, L_000002d9e9c21260;  alias, 1 drivers
v000002d9e9b89d00_0 .net "o_retire_pc", 31 0, L_000002d9e9c20850;  alias, 1 drivers
v000002d9e9b89a80_0 .net "o_retire_rd_waddr", 4 0, L_000002d9e9c38df0;  alias, 1 drivers
v000002d9e9b8a160_0 .net "o_retire_rd_wdata", 31 0, L_000002d9e9c21030;  alias, 1 drivers
v000002d9e9b88d60_0 .net "o_retire_rs1_raddr", 4 0, L_000002d9e9c20000;  alias, 1 drivers
v000002d9e9b896c0_0 .net "o_retire_rs1_rdata", 31 0, L_000002d9e9c1fdd0;  alias, 1 drivers
v000002d9e9b89b20_0 .net "o_retire_rs2_raddr", 4 0, L_000002d9e9c20310;  alias, 1 drivers
v000002d9e9b89bc0_0 .net "o_retire_rs2_rdata", 31 0, L_000002d9e9c21110;  alias, 1 drivers
v000002d9e9b87e60_0 .net "o_retire_trap", 0 0, L_000002d9e9c209a0;  alias, 1 drivers
v000002d9e9b88360_0 .net "o_retire_valid", 0 0, L_000002d9e9c20380;  alias, 1 drivers
v000002d9e9b88400_0 .var "pc_cur", 31 0;
v000002d9e9b88540_0 .net "pc_next", 31 0, L_000002d9e9b9abb0;  1 drivers
v000002d9e9b885e0_0 .net "retire_halt_cur", 0 0, L_000002d9e9c1ff90;  1 drivers
v000002d9e9b88680_0 .net "wb_trap_cur", 0 0, L_000002d9e9c1fba0;  1 drivers
v000002d9e9b8a660_0 .net "wb_write_data_cur", 31 0, L_000002d9e9c39110;  1 drivers
v000002d9e9b8c460_0 .net "wb_write_enable_cur", 0 0, L_000002d9e9c215e0;  1 drivers
L_000002d9e9b9a110 .arith/sum 32, v000002d9e9b88400_0, L_000002d9e9babe18;
L_000002d9e9b9abb0 .functor MUXZ 32, L_000002d9e9b9a110, L_000002d9e9b9ed50, L_000002d9e9c1eb70, C4<>;
L_000002d9e9b9a2f0 .functor MUXZ 32, L_000002d9e9c15a90, v000002d9e9b96640_0, v000002d9e9b959c0_0, C4<>;
L_000002d9e9b9a1b0 .functor MUXZ 32, L_000002d9e9c15a90, v000002d9e9b96640_0, v000002d9e9b959c0_0, C4<>;
L_000002d9e9b9ae30 .arith/sum 32, L_000002d9e9b9a1b0, L_000002d9e9babe60;
L_000002d9e9b9d130 .part v000002d9e9b96320_0, 0, 7;
L_000002d9e9b9ca50 .cmp/eq 7, L_000002d9e9b9d130, L_000002d9e9bac880;
L_000002d9e9b9c690 .cmp/eq 7, L_000002d9e9b9d130, L_000002d9e9bac8c8;
L_000002d9e9b9dbd0 .cmp/eq 7, L_000002d9e9b9d130, L_000002d9e9bac910;
L_000002d9e9b9def0 .cmp/eq 7, L_000002d9e9b9d130, L_000002d9e9bac958;
L_000002d9e9b9ec10 .cmp/eq 7, L_000002d9e9b9d130, L_000002d9e9bac9a0;
L_000002d9e9b9df90 .cmp/eq 7, L_000002d9e9b9d130, L_000002d9e9bac9e8;
L_000002d9e9b9e170 .cmp/eq 7, L_000002d9e9b9d130, L_000002d9e9baca30;
L_000002d9e9b9d770 .cmp/eq 7, L_000002d9e9b9d130, L_000002d9e9baca78;
L_000002d9e9b9e850 .cmp/eq 7, L_000002d9e9b9d130, L_000002d9e9bacac0;
L_000002d9e9b9c730 .cmp/eq 7, L_000002d9e9b9d130, L_000002d9e9bacb08;
L_000002d9e9b9ecb0 .cmp/eq 7, L_000002d9e9b9d130, L_000002d9e9bacb50;
L_000002d9e9b9ead0 .cmp/ne 5, v000002d9e9b92360_0, L_000002d9e9bacb98;
L_000002d9e9b9e530 .cmp/eq 5, L_000002d9e9c16ac0, v000002d9e9b92360_0;
L_000002d9e9b9c7d0 .cmp/eq 5, L_000002d9e9c172a0, v000002d9e9b92360_0;
L_000002d9e9b9c870 .part v000002d9e9b96320_0, 0, 7;
L_000002d9e9b9d4f0 .part v000002d9e9b96320_0, 12, 3;
L_000002d9e9b9caf0 .part v000002d9e9b96320_0, 25, 7;
L_000002d9e9b9da90 .functor MUXZ 32, v000002d9e9b91a00_0, v000002d9e9b90420_0, v000002d9e9b90380_0, C4<>;
L_000002d9e9b9cb90 .functor MUXZ 32, L_000002d9e9b9da90, v000002d9e9b8ff20_0, v000002d9e9b90b00_0, C4<>;
L_000002d9e9b9ccd0 .cmp/ne 5, v000002d9e9b8fb60_0, L_000002d9e9bacc70;
L_000002d9e9b9ceb0 .cmp/eq 5, v000002d9e9b8fb60_0, v000002d9e9b93620_0;
L_000002d9e9b9cf50 .cmp/ne 5, v000002d9e9b8fb60_0, L_000002d9e9baccb8;
L_000002d9e9b9cff0 .cmp/eq 5, v000002d9e9b8fb60_0, v000002d9e9b92c20_0;
L_000002d9e9b9d090 .cmp/ne 5, v000002d9e9b88040_0, L_000002d9e9bacd00;
L_000002d9e9b9d270 .cmp/eq 5, v000002d9e9b88040_0, v000002d9e9b93620_0;
L_000002d9e9b9e210 .cmp/ne 5, v000002d9e9b88040_0, L_000002d9e9bacd48;
L_000002d9e9b9d6d0 .cmp/eq 5, v000002d9e9b88040_0, v000002d9e9b92c20_0;
L_000002d9e9b9d810 .functor MUXZ 2, L_000002d9e9bace20, L_000002d9e9bacdd8, L_000002d9e9c1c6b0, C4<>;
L_000002d9e9b9e5d0 .functor MUXZ 2, L_000002d9e9b9d810, L_000002d9e9bacd90, L_000002d9e9c1c4f0, C4<>;
L_000002d9e9b9d950 .functor MUXZ 2, L_000002d9e9bacef8, L_000002d9e9baceb0, L_000002d9e9c1dc90, C4<>;
L_000002d9e9b9dd10 .functor MUXZ 2, L_000002d9e9b9d950, L_000002d9e9bace68, L_000002d9e9c1c8e0, C4<>;
L_000002d9e9b9e670 .functor MUXZ 2, L_000002d9e9b9e5d0, L_000002d9e9bacf40, v000002d9e9b93800_0, C4<>;
L_000002d9e9b9e2b0 .functor MUXZ 2, L_000002d9e9b9dd10, L_000002d9e9bacf88, v000002d9e9b927c0_0, C4<>;
L_000002d9e9b9e3f0 .cmp/eq 2, L_000002d9e9b9e5d0, L_000002d9e9bacfd0;
L_000002d9e9b9ddb0 .cmp/eq 2, L_000002d9e9b9e5d0, L_000002d9e9bad018;
L_000002d9e9b9de50 .functor MUXZ 32, v000002d9e9b92ae0_0, L_000002d9e9c1c480, L_000002d9e9b9ddb0, C4<>;
L_000002d9e9b9e030 .functor MUXZ 32, L_000002d9e9b9de50, L_000002d9e9b9cb90, L_000002d9e9b9e3f0, C4<>;
L_000002d9e9b9e350 .cmp/eq 2, L_000002d9e9b9dd10, L_000002d9e9bad060;
L_000002d9e9ba0330 .cmp/eq 2, L_000002d9e9b9dd10, L_000002d9e9bad0a8;
L_000002d9e9ba0790 .functor MUXZ 32, v000002d9e9b96b40_0, L_000002d9e9c1c480, L_000002d9e9ba0330, C4<>;
L_000002d9e9b9f9d0 .functor MUXZ 32, L_000002d9e9ba0790, L_000002d9e9b9cb90, L_000002d9e9b9e350, C4<>;
L_000002d9e9b9fa70 .cmp/eq 2, L_000002d9e9b9e670, L_000002d9e9bad0f0;
L_000002d9e9ba0830 .functor MUXZ 32, L_000002d9e9b9e030, v000002d9e9b92180_0, L_000002d9e9b9fa70, C4<>;
L_000002d9e9b9f110 .cmp/eq 2, L_000002d9e9b9e2b0, L_000002d9e9bad138;
L_000002d9e9ba0bf0 .functor MUXZ 32, L_000002d9e9b9f9d0, v000002d9e9b94480_0, L_000002d9e9b9f110, C4<>;
L_000002d9e9b9f4d0 .arith/sum 32, v000002d9e9b92180_0, v000002d9e9b94480_0;
L_000002d9e9b9ff70 .arith/sum 32, L_000002d9e9ba0830, v000002d9e9b94480_0;
L_000002d9e9b9fb10 .arith/sum 32, v000002d9e9b92180_0, v000002d9e9b94480_0;
L_000002d9e9ba0a10 .functor MUXZ 32, L_000002d9e9b9fb10, L_000002d9e9b9ff70, v000002d9e9b92040_0, C4<>;
L_000002d9e9ba0470 .part L_000002d9e9ba0a10, 1, 31;
L_000002d9e9ba1370 .concat [ 1 31 0 0], L_000002d9e9bad180, L_000002d9e9ba0470;
L_000002d9e9ba0010 .functor MUXZ 32, L_000002d9e9ba0a10, L_000002d9e9ba1370, v000002d9e9b92040_0, C4<>;
L_000002d9e9b9ed50 .functor MUXZ 32, L_000002d9e9b9f4d0, L_000002d9e9ba0010, v000002d9e9b92900_0, C4<>;
L_000002d9e9ba0fb0 .cmp/eq 3, v000002d9e9b94020_0, L_000002d9e9bad1c8;
L_000002d9e9b9f610 .cmp/eq 3, v000002d9e9b94020_0, L_000002d9e9bad210;
L_000002d9e9ba0ab0 .cmp/eq 3, v000002d9e9b94020_0, L_000002d9e9bad258;
L_000002d9e9b9edf0 .cmp/eq 3, v000002d9e9b94020_0, L_000002d9e9bad2a0;
L_000002d9e9ba00b0 .cmp/eq 3, v000002d9e9b94020_0, L_000002d9e9bad2e8;
L_000002d9e9b9fe30 .cmp/eq 3, v000002d9e9b94020_0, L_000002d9e9bad330;
L_000002d9e9b9ee90 .functor MUXZ 1, L_000002d9e9bad378, L_000002d9e9c1d750, L_000002d9e9b9fe30, C4<>;
L_000002d9e9ba0b50 .functor MUXZ 1, L_000002d9e9b9ee90, L_000002d9e9c1d6e0, L_000002d9e9ba00b0, C4<>;
L_000002d9e9b9f890 .functor MUXZ 1, L_000002d9e9ba0b50, L_000002d9e9c1d9f0, L_000002d9e9b9edf0, C4<>;
L_000002d9e9ba0c90 .functor MUXZ 1, L_000002d9e9b9f890, L_000002d9e9c1d6e0, L_000002d9e9ba0ab0, C4<>;
L_000002d9e9ba0d30 .functor MUXZ 1, L_000002d9e9ba0c90, L_000002d9e9c1c5d0, L_000002d9e9b9f610, C4<>;
L_000002d9e9ba01f0 .functor MUXZ 1, L_000002d9e9ba0d30, L_000002d9e9ba14b0, L_000002d9e9ba0fb0, C4<>;
L_000002d9e9ba0290 .part L_000002d9e9b9ed50, 0, 2;
L_000002d9e9b9ef30 .reduce/or L_000002d9e9ba0290;
L_000002d9e9ba0dd0 .functor MUXZ 32, v000002d9e9b91f00_0, L_000002d9e9b9ed50, L_000002d9e9c1eb70, C4<>;
L_000002d9e9ba03d0 .cmp/ne 5, v000002d9e9b88040_0, L_000002d9e9bad3c0;
L_000002d9e9b9f430 .cmp/eq 5, v000002d9e9b88040_0, v000002d9e9b901a0_0;
L_000002d9e9b9f570 .functor MUXZ 32, v000002d9e9b8fc00_0, v000002d9e9b89440_0, L_000002d9e9c1e940, C4<>;
L_000002d9e9b9f390 .functor MUXZ 4, L_000002d9e9bad690, L_000002d9e9bad648, L_000002d9e9c210a0, C4<>;
L_000002d9e9b9f6b0 .functor MUXZ 32, L_000002d9e9bad6d8, v000002d9e9b8f8e0_0, L_000002d9e9c1e010, C4<>;
L_000002d9e9b9f750 .functor MUXZ 32, L_000002d9e9bad720, v000002d9e9b8ff20_0, L_000002d9e9c1e010, C4<>;
L_000002d9e9b9f7f0 .functor MUXZ 32, L_000002d9e9bad768, v000002d9e9b8f660_0, L_000002d9e9c1e010, C4<>;
L_000002d9e9ba8350 .functor MUXZ 32, L_000002d9e9bad7b0, v000002d9e9b90a60_0, L_000002d9e9c1e010, C4<>;
L_000002d9e9c38670 .functor MUXZ 5, L_000002d9e9bad7f8, v000002d9e9b91500_0, L_000002d9e9c1e010, C4<>;
L_000002d9e9c391b0 .functor MUXZ 5, L_000002d9e9bad840, v000002d9e9b901a0_0, L_000002d9e9c1e010, C4<>;
L_000002d9e9c3a330 .functor MUXZ 5, L_000002d9e9bad888, v000002d9e9b8fb60_0, L_000002d9e9c1e010, C4<>;
L_000002d9e9c38490 .functor MUXZ 32, L_000002d9e9bad8d0, v000002d9e9b8fca0_0, L_000002d9e9c1e010, C4<>;
L_000002d9e9c3a830 .functor MUXZ 32, L_000002d9e9bad918, v000002d9e9b90ce0_0, L_000002d9e9c1e010, C4<>;
L_000002d9e9c39d90 .functor MUXZ 32, L_000002d9e9bad960, v000002d9e9b90420_0, L_000002d9e9c1e010, C4<>;
L_000002d9e9c38710 .functor MUXZ 32, L_000002d9e9bad9a8, v000002d9e9b91a00_0, L_000002d9e9c1e010, C4<>;
L_000002d9e9c3a1f0 .functor MUXZ 32, L_000002d9e9bad9f0, L_000002d9e9c1f4a0, L_000002d9e9c1de50, C4<>;
L_000002d9e9c39a70 .functor MUXZ 32, L_000002d9e9bada38, L_000002d9e9b9efd0, L_000002d9e9c1e010, C4<>;
L_000002d9e9c39070 .functor MUXZ 1, L_000002d9e9bada80, L_000002d9e9c1f120, L_000002d9e9c1e010, C4<>;
L_000002d9e9c3a8d0 .functor MUXZ 1, L_000002d9e9badac8, L_000002d9e9c1eda0, L_000002d9e9c1e010, C4<>;
L_000002d9e9c38ad0 .functor MUXZ 4, L_000002d9e9badb10, L_000002d9e9c1e390, L_000002d9e9c1e010, C4<>;
L_000002d9e9c38d50 .functor MUXZ 32, L_000002d9e9badb58, L_000002d9e9c1efd0, L_000002d9e9c1e010, C4<>;
L_000002d9e9c39e30 .functor MUXZ 32, L_000002d9e9badba0, L_000002d9e9c149f0, L_000002d9e9c1de50, C4<>;
L_000002d9e9c39610 .functor MUXZ 1, L_000002d9e9badbe8, v000002d9e9b90f60_0, L_000002d9e9c1e010, C4<>;
L_000002d9e9c39ed0 .functor MUXZ 1, L_000002d9e9badc30, v000002d9e9b90380_0, L_000002d9e9c1e010, C4<>;
L_000002d9e9c396b0 .functor MUXZ 1, L_000002d9e9badc78, v000002d9e9b90b00_0, L_000002d9e9c1e010, C4<>;
L_000002d9e9c39570 .functor MUXZ 1, L_000002d9e9badcc0, v000002d9e9b90060_0, L_000002d9e9c1e010, C4<>;
L_000002d9e9c39bb0 .functor MUXZ 1, L_000002d9e9badd08, v000002d9e9b8f700_0, L_000002d9e9c1e010, C4<>;
L_000002d9e9c399d0 .functor MUXZ 1, L_000002d9e9badd50, v000002d9e9b91960_0, L_000002d9e9c1e010, C4<>;
L_000002d9e9c39250 .functor MUXZ 1, L_000002d9e9badd98, L_000002d9e9c1ec50, L_000002d9e9c1e010, C4<>;
L_000002d9e9c38c10 .functor MUXZ 1, L_000002d9e9badde0, v000002d9e9b909c0_0, L_000002d9e9c1e010, C4<>;
L_000002d9e9c38df0 .functor MUXZ 5, L_000002d9e9bade28, v000002d9e9b88040_0, L_000002d9e9c215e0, C4<>;
S_000002d9e991ac60 .scope module, "u_dcache" "cache" 4 487, 5 3 0, S_000002d9e949c4e0;
 .timescale -9 -12;
    .port_info 0 /INPUT 1 "i_clk";
    .port_info 1 /INPUT 1 "i_rst";
    .port_info 2 /INPUT 1 "i_mem_ready";
    .port_info 3 /OUTPUT 32 "o_mem_addr";
    .port_info 4 /OUTPUT 1 "o_mem_ren";
    .port_info 5 /OUTPUT 1 "o_mem_wen";
    .port_info 6 /OUTPUT 32 "o_mem_wdata";
    .port_info 7 /INPUT 32 "i_mem_rdata";
    .port_info 8 /INPUT 1 "i_mem_valid";
    .port_info 9 /OUTPUT 1 "o_busy";
    .port_info 10 /INPUT 32 "i_req_addr";
    .port_info 11 /INPUT 1 "i_req_ren";
    .port_info 12 /INPUT 1 "i_req_wen";
    .port_info 13 /INPUT 4 "i_req_mask";
    .port_info 14 /INPUT 32 "i_req_wdata";
    .port_info 15 /OUTPUT 32 "o_res_rdata";
P_000002d9e94e19a0 .param/l "D" 1 5 25, +C4<00000000000000000000000000000100>;
P_000002d9e94e19d8 .param/l "DEPTH" 1 5 23, +C4<00000000000000000000000000100000>;
P_000002d9e94e1a10 .param/l "O" 1 5 21, +C4<00000000000000000000000000000100>;
P_000002d9e94e1a48 .param/l "REFILL_LAST_WORD" 1 5 37, C4<11>;
P_000002d9e94e1a80 .param/l "S" 1 5 22, +C4<00000000000000000000000000000101>;
P_000002d9e94e1ab8 .param/l "STATE_IDLE" 1 5 27, C4<00>;
P_000002d9e94e1af0 .param/l "STATE_REFILL_REQ" 1 5 28, C4<01>;
P_000002d9e94e1b28 .param/l "STATE_REFILL_WAIT" 1 5 29, C4<10>;
P_000002d9e94e1b60 .param/l "STATE_WRITE_REQ" 1 5 30, C4<11>;
P_000002d9e94e1b98 .param/l "T" 1 5 24, +C4<00000000000000000000000000010111>;
P_000002d9e94e1bd0 .param/l "WB_COUNT_FULL" 1 5 36, C4<1000>;
P_000002d9e94e1c08 .param/l "WB_COUNT_W" 1 5 34, +C4<00000000000000000000000000000100>;
P_000002d9e94e1c40 .param/l "WB_COUNT_ZERO" 1 5 35, C4<0000>;
P_000002d9e94e1c78 .param/l "WB_DEPTH" 1 5 32, +C4<00000000000000000000000000001000>;
P_000002d9e94e1cb0 .param/l "WB_PTR_W" 1 5 33, +C4<00000000000000000000000000000011>;
L_000002d9e991dc20 .functor AND 1, L_000002d9e9ba8210, L_000002d9e9ba8710, C4<1>, C4<1>;
L_000002d9e99f4360 .functor AND 1, L_000002d9e9ba7bd0, L_000002d9e9ba7810, C4<1>, C4<1>;
L_000002d9e99f3aa0 .functor OR 1, L_000002d9e991dc20, L_000002d9e99f4360, C4<0>, C4<0>;
L_000002d9e98d3f40 .functor BUFZ 32, L_000002d9e9ba8ad0, C4<00000000000000000000000000000000>, C4<00000000000000000000000000000000>, C4<00000000000000000000000000000000>;
L_000002d9e99f5c50 .functor BUFZ 32, L_000002d9e9ba7310, C4<00000000000000000000000000000000>, C4<00000000000000000000000000000000>, C4<00000000000000000000000000000000>;
L_000002d9e9496270 .functor NOT 1, L_000002d9e99f3aa0, C4<0>, C4<0>, C4<0>;
L_000002d9e9c14d00 .functor AND 1, L_000002d9e9c21490, L_000002d9e9496270, C4<1>, C4<1>;
L_000002d9e9c15010 .functor NOT 1, L_000002d9e99f3aa0, C4<0>, C4<0>, C4<0>;
L_000002d9e9c160b0 .functor AND 1, L_000002d9e9c20460, L_000002d9e9c15010, C4<1>, C4<1>;
L_000002d9e9c15d30 .functor NOT 1, L_000002d9e9ba8210, C4<0>, C4<0>, C4<0>;
L_000002d9e9c14b40 .functor NOT 1, L_000002d9e9ba7bd0, C4<0>, C4<0>, C4<0>;
L_000002d9e9c15080 .functor BUFZ 1, L_000002d9e99f4360, C4<0>, C4<0>, C4<0>;
L_000002d9e9c15ef0 .functor NOT 32, L_000002d9e9ba74f0, C4<00000000000000000000000000000000>, C4<00000000000000000000000000000000>, C4<00000000000000000000000000000000>;
L_000002d9e9c14fa0 .functor AND 32, L_000002d9e9ba6a50, L_000002d9e9c15ef0, C4<11111111111111111111111111111111>, C4<11111111111111111111111111111111>;
L_000002d9e9c155c0 .functor AND 32, L_000002d9e9c1efd0, L_000002d9e9ba74f0, C4<11111111111111111111111111111111>, C4<11111111111111111111111111111111>;
L_000002d9e9c147c0 .functor OR 32, L_000002d9e9c14fa0, L_000002d9e9c155c0, C4<00000000000000000000000000000000>, C4<00000000000000000000000000000000>;
L_000002d9e9c15940 .functor OR 32, L_000002d9e9ba8490, L_000002d9e9ba6c30, C4<00000000000000000000000000000000>, C4<00000000000000000000000000000000>;
L_000002d9e9bab5f0 .functor BUFT 1, C4<0>, C4<0>, C4<0>, C4<0>;
L_000002d9e9c151d0 .functor XNOR 1, v000002d9e9b684c0_0, L_000002d9e9bab5f0, C4<0>, C4<0>;
L_000002d9e9c15320 .functor NOT 32, L_000002d9e9ba9390, C4<00000000000000000000000000000000>, C4<00000000000000000000000000000000>, C4<00000000000000000000000000000000>;
L_000002d9e9c15be0 .functor AND 32, L_000002d9e9ba8df0, L_000002d9e9c15320, C4<11111111111111111111111111111111>, C4<11111111111111111111111111111111>;
L_000002d9e9c14bb0 .functor AND 32, v000002d9e9b66260_0, L_000002d9e9ba9390, C4<11111111111111111111111111111111>, C4<11111111111111111111111111111111>;
L_000002d9e9c15630 .functor OR 32, L_000002d9e9c15be0, L_000002d9e9c14bb0, C4<00000000000000000000000000000000>, C4<00000000000000000000000000000000>;
L_000002d9e9c150f0 .functor OR 1, L_000002d9e9c14d00, L_000002d9e9c160b0, C4<0>, C4<0>;
L_000002d9e9c15da0 .functor AND 1, L_000002d9e9ba9430, L_000002d9e9c150f0, C4<1>, C4<1>;
L_000002d9e9c15470 .functor NOT 1, v000002d9e9b66620_0, C4<0>, C4<0>, C4<0>;
L_000002d9e9c15160 .functor AND 1, L_000002d9e9ba9a70, L_000002d9e9c15470, C4<1>, C4<1>;
L_000002d9e9c159b0 .functor AND 1, L_000002d9e9c15160, L_000002d9e9a92460, C4<1>, C4<1>;
L_000002d9e9c15240 .functor AND 1, L_000002d9e9ba9610, L_000002d9e9ba9890, C4<1>, C4<1>;
L_000002d9e9c16120 .functor AND 1, L_000002d9e9c15240, L_000002d9e9ba99d0, C4<1>, C4<1>;
L_000002d9e9c15390 .functor AND 1, L_000002d9e9c16120, L_000002d9e9a92460, C4<1>, C4<1>;
L_000002d9e9c14a60 .functor NOT 1, L_000002d9e9c15da0, C4<0>, C4<0>, C4<0>;
L_000002d9e9c15e10 .functor AND 1, L_000002d9e9c15390, L_000002d9e9c14a60, C4<1>, C4<1>;
L_000002d9e9c15400 .functor OR 1, L_000002d9e9ba96b0, L_000002d9e9c15e10, C4<0>, C4<0>;
L_000002d9e9c15cc0 .functor AND 1, L_000002d9e9ba9bb0, L_000002d9e9c20460, C4<1>, C4<1>;
L_000002d9e9c15a20 .functor AND 1, L_000002d9e9c15cc0, L_000002d9e99f3aa0, C4<1>, C4<1>;
L_000002d9e9c14f30 .functor AND 1, L_000002d9e9c15a20, L_000002d9e9c15400, C4<1>, C4<1>;
L_000002d9e9c152b0 .functor AND 1, L_000002d9e9ba9750, L_000002d9e9c20460, C4<1>, C4<1>;
L_000002d9e9c154e0 .functor AND 1, L_000002d9e9c152b0, L_000002d9e99f3aa0, C4<1>, C4<1>;
L_000002d9e9c15550 .functor NOT 1, L_000002d9e9c15400, C4<0>, C4<0>, C4<0>;
L_000002d9e9c156a0 .functor AND 1, L_000002d9e9c154e0, L_000002d9e9c15550, C4<1>, C4<1>;
L_000002d9e9c15710 .functor AND 1, L_000002d9e9ba9930, L_000002d9e9c15400, C4<1>, C4<1>;
L_000002d9e9c15780 .functor OR 1, L_000002d9e9c14f30, L_000002d9e9c15710, C4<0>, C4<0>;
L_000002d9e9c157f0 .functor BUFZ 1, L_000002d9e9c159b0, C4<0>, C4<0>, C4<0>;
L_000002d9e9c16270 .functor BUFZ 1, L_000002d9e9c15e10, C4<0>, C4<0>, C4<0>;
L_000002d9e9c14830 .functor OR 1, L_000002d9e9c14d00, L_000002d9e9c160b0, C4<0>, C4<0>;
L_000002d9e9c15e80 .functor OR 1, L_000002d9e9c14830, L_000002d9e9c156a0, C4<0>, C4<0>;
L_000002d9e9c15860 .functor AND 1, L_000002d9e9b9b8d0, L_000002d9e9c15e80, C4<1>, C4<1>;
L_000002d9e9c158d0 .functor OR 1, L_000002d9e9b9b330, L_000002d9e9c15860, C4<0>, C4<0>;
L_000002d9e9c149f0 .functor BUFZ 32, L_000002d9e9ba6a50, C4<00000000000000000000000000000000>, C4<00000000000000000000000000000000>, C4<00000000000000000000000000000000>;
v000002d9e9b63790_0 .net *"_ivl_10", 22 0, L_000002d9e9ba7c70;  1 drivers
v000002d9e9b64690_0 .net *"_ivl_102", 0 0, L_000002d9e9c15010;  1 drivers
v000002d9e9b636f0_0 .net *"_ivl_106", 0 0, L_000002d9e9c15d30;  1 drivers
L_000002d9e9bab440 .functor BUFT 1, C4<0>, C4<0>, C4<0>, C4<0>;
v000002d9e9b63bf0_0 .net/2u *"_ivl_108", 0 0, L_000002d9e9bab440;  1 drivers
v000002d9e9b63290_0 .net *"_ivl_110", 0 0, L_000002d9e9c14b40;  1 drivers
L_000002d9e9bab488 .functor BUFT 1, C4<1>, C4<0>, C4<0>, C4<0>;
v000002d9e9b63330_0 .net/2u *"_ivl_112", 0 0, L_000002d9e9bab488;  1 drivers
v000002d9e9b62c50_0 .net *"_ivl_115", 0 0, L_000002d9e9ba79f0;  1 drivers
v000002d9e9b62610_0 .net *"_ivl_116", 0 0, L_000002d9e9ba7db0;  1 drivers
v000002d9e9b62750_0 .net *"_ivl_12", 6 0, L_000002d9e9ba7f90;  1 drivers
v000002d9e9b63010_0 .net *"_ivl_123", 0 0, L_000002d9e9ba7e50;  1 drivers
v000002d9e9b627f0_0 .net *"_ivl_124", 7 0, L_000002d9e9ba8530;  1 drivers
v000002d9e9b62930_0 .net *"_ivl_127", 0 0, L_000002d9e9ba8b70;  1 drivers
v000002d9e9b633d0_0 .net *"_ivl_128", 7 0, L_000002d9e9ba83f0;  1 drivers
v000002d9e9b64410_0 .net *"_ivl_131", 0 0, L_000002d9e9ba7450;  1 drivers
v000002d9e9b631f0_0 .net *"_ivl_132", 7 0, L_000002d9e9ba6b90;  1 drivers
v000002d9e9b63470_0 .net *"_ivl_135", 0 0, L_000002d9e9ba8030;  1 drivers
v000002d9e9b63a10_0 .net *"_ivl_136", 7 0, L_000002d9e9ba71d0;  1 drivers
v000002d9e9b63c90_0 .net *"_ivl_140", 31 0, L_000002d9e9c15ef0;  1 drivers
v000002d9e9b63830_0 .net *"_ivl_142", 31 0, L_000002d9e9c14fa0;  1 drivers
v000002d9e9b644b0_0 .net *"_ivl_144", 31 0, L_000002d9e9c155c0;  1 drivers
L_000002d9e9bab4d0 .functor BUFT 1, C4<0000>, C4<0>, C4<0>, C4<0>;
v000002d9e9b638d0_0 .net/2u *"_ivl_148", 3 0, L_000002d9e9bab4d0;  1 drivers
L_000002d9e9bab008 .functor BUFT 1, C4<00>, C4<0>, C4<0>, C4<0>;
v000002d9e9b63dd0_0 .net *"_ivl_15", 1 0, L_000002d9e9bab008;  1 drivers
L_000002d9e9bab518 .functor BUFT 1, C4<0000000000000000000000000000>, C4<0>, C4<0>, C4<0>;
v000002d9e9b621b0_0 .net/2u *"_ivl_152", 27 0, L_000002d9e9bab518;  1 drivers
L_000002d9e9bab560 .functor BUFT 1, C4<00>, C4<0>, C4<0>, C4<0>;
v000002d9e9b62890_0 .net/2u *"_ivl_154", 1 0, L_000002d9e9bab560;  1 drivers
v000002d9e9b63ab0_0 .net *"_ivl_156", 31 0, L_000002d9e9ba6c30;  1 drivers
v000002d9e9b629d0_0 .net *"_ivl_16", 0 0, L_000002d9e9ba8710;  1 drivers
L_000002d9e9bab5a8 .functor BUFT 1, C4<00>, C4<0>, C4<0>, C4<0>;
v000002d9e9b63fb0_0 .net/2u *"_ivl_160", 1 0, L_000002d9e9bab5a8;  1 drivers
v000002d9e9b62b10_0 .net/2u *"_ivl_164", 0 0, L_000002d9e9bab5f0;  1 drivers
v000002d9e9b63d30_0 .net *"_ivl_166", 0 0, L_000002d9e9c151d0;  1 drivers
v000002d9e9b64050_0 .net *"_ivl_168", 31 0, L_000002d9e9ba6eb0;  1 drivers
v000002d9e9b63e70_0 .net *"_ivl_170", 9 0, L_000002d9e9ba8c10;  1 drivers
L_000002d9e9bab638 .functor BUFT 1, C4<00000>, C4<0>, C4<0>, C4<0>;
v000002d9e9b64230_0 .net *"_ivl_173", 4 0, L_000002d9e9bab638;  1 drivers
v000002d9e9b63970_0 .net *"_ivl_174", 11 0, L_000002d9e9ba8cb0;  1 drivers
L_000002d9e9bab680 .functor BUFT 1, C4<00>, C4<0>, C4<0>, C4<0>;
v000002d9e9b64550_0 .net *"_ivl_177", 1 0, L_000002d9e9bab680;  1 drivers
L_000002d9e9bab6c8 .functor BUFT 1, C4<000000000100>, C4<0>, C4<0>, C4<0>;
v000002d9e9b62cf0_0 .net/2u *"_ivl_178", 11 0, L_000002d9e9bab6c8;  1 drivers
v000002d9e9b64730_0 .net *"_ivl_181", 11 0, L_000002d9e9ba6550;  1 drivers
v000002d9e9b62d90_0 .net *"_ivl_182", 3 0, L_000002d9e9ba65f0;  1 drivers
L_000002d9e9bab710 .functor BUFT 1, C4<00>, C4<0>, C4<0>, C4<0>;
v000002d9e9b63f10_0 .net *"_ivl_185", 1 0, L_000002d9e9bab710;  1 drivers
L_000002d9e9bab758 .functor BUFT 1, C4<0>, C4<0>, C4<0>, C4<0>;
v000002d9e9b62ed0_0 .net *"_ivl_188", 0 0, L_000002d9e9bab758;  1 drivers
v000002d9e9b63b50_0 .net *"_ivl_189", 12 0, L_000002d9e9ba6690;  1 drivers
L_000002d9e9bab7a0 .functor BUFT 1, C4<000000000>, C4<0>, C4<0>, C4<0>;
v000002d9e9b647d0_0 .net *"_ivl_192", 8 0, L_000002d9e9bab7a0;  1 drivers
v000002d9e9b64c30_0 .net *"_ivl_193", 12 0, L_000002d9e9ba6cd0;  1 drivers
v000002d9e9b653b0_0 .net *"_ivl_194", 12 0, L_000002d9e9ba7270;  1 drivers
v000002d9e9b65ef0_0 .net *"_ivl_196", 31 0, L_000002d9e9ba6d70;  1 drivers
v000002d9e9b65450_0 .net *"_ivl_198", 9 0, L_000002d9e9ba7590;  1 drivers
v000002d9e9b64eb0_0 .net *"_ivl_20", 22 0, L_000002d9e9ba6af0;  1 drivers
L_000002d9e9bab7e8 .functor BUFT 1, C4<00000>, C4<0>, C4<0>, C4<0>;
v000002d9e9b65130_0 .net *"_ivl_201", 4 0, L_000002d9e9bab7e8;  1 drivers
v000002d9e9b65c70_0 .net *"_ivl_202", 11 0, L_000002d9e9ba6e10;  1 drivers
L_000002d9e9bab830 .functor BUFT 1, C4<00>, C4<0>, C4<0>, C4<0>;
v000002d9e9b65630_0 .net *"_ivl_205", 1 0, L_000002d9e9bab830;  1 drivers
L_000002d9e9bab878 .functor BUFT 1, C4<000000000100>, C4<0>, C4<0>, C4<0>;
v000002d9e9b65bd0_0 .net/2u *"_ivl_206", 11 0, L_000002d9e9bab878;  1 drivers
v000002d9e9b65590_0 .net *"_ivl_209", 11 0, L_000002d9e9ba76d0;  1 drivers
v000002d9e9b651d0_0 .net *"_ivl_210", 3 0, L_000002d9e9ba97f0;  1 drivers
L_000002d9e9bab8c0 .functor BUFT 1, C4<00>, C4<0>, C4<0>, C4<0>;
v000002d9e9b65270_0 .net *"_ivl_213", 1 0, L_000002d9e9bab8c0;  1 drivers
L_000002d9e9bab908 .functor BUFT 1, C4<0>, C4<0>, C4<0>, C4<0>;
v000002d9e9b64cd0_0 .net *"_ivl_216", 0 0, L_000002d9e9bab908;  1 drivers
v000002d9e9b64d70_0 .net *"_ivl_217", 12 0, L_000002d9e9ba8d50;  1 drivers
v000002d9e9b654f0_0 .net *"_ivl_22", 6 0, L_000002d9e9ba8170;  1 drivers
L_000002d9e9bab950 .functor BUFT 1, C4<000000000>, C4<0>, C4<0>, C4<0>;
v000002d9e9b65d10_0 .net *"_ivl_220", 8 0, L_000002d9e9bab950;  1 drivers
v000002d9e9b65310_0 .net *"_ivl_221", 12 0, L_000002d9e9ba8f30;  1 drivers
v000002d9e9b656d0_0 .net *"_ivl_222", 12 0, L_000002d9e9ba9110;  1 drivers
v000002d9e9b65770_0 .net *"_ivl_227", 0 0, L_000002d9e9ba9250;  1 drivers
v000002d9e9b64910_0 .net *"_ivl_228", 7 0, L_000002d9e9ba8fd0;  1 drivers
v000002d9e9b65e50_0 .net *"_ivl_231", 0 0, L_000002d9e9ba8e90;  1 drivers
v000002d9e9b65b30_0 .net *"_ivl_232", 7 0, L_000002d9e9ba9070;  1 drivers
v000002d9e9b65810_0 .net *"_ivl_235", 0 0, L_000002d9e9ba9570;  1 drivers
v000002d9e9b65950_0 .net *"_ivl_236", 7 0, L_000002d9e9ba91b0;  1 drivers
v000002d9e9b64f50_0 .net *"_ivl_239", 0 0, L_000002d9e9ba92f0;  1 drivers
v000002d9e9b659f0_0 .net *"_ivl_240", 7 0, L_000002d9e9ba94d0;  1 drivers
v000002d9e9b64e10_0 .net *"_ivl_244", 31 0, L_000002d9e9c15320;  1 drivers
v000002d9e9b658b0_0 .net *"_ivl_246", 31 0, L_000002d9e9c15be0;  1 drivers
v000002d9e9b65a90_0 .net *"_ivl_248", 31 0, L_000002d9e9c14bb0;  1 drivers
L_000002d9e9bab050 .functor BUFT 1, C4<00>, C4<0>, C4<0>, C4<0>;
v000002d9e9b64870_0 .net *"_ivl_25", 1 0, L_000002d9e9bab050;  1 drivers
L_000002d9e9bab998 .functor BUFT 1, C4<00>, C4<0>, C4<0>, C4<0>;
v000002d9e9b65db0_0 .net/2u *"_ivl_252", 1 0, L_000002d9e9bab998;  1 drivers
v000002d9e9b649b0_0 .net *"_ivl_254", 0 0, L_000002d9e9ba9430;  1 drivers
v000002d9e9b64a50_0 .net *"_ivl_256", 0 0, L_000002d9e9c150f0;  1 drivers
v000002d9e9b64af0_0 .net *"_ivl_26", 0 0, L_000002d9e9ba7810;  1 drivers
L_000002d9e9bab9e0 .functor BUFT 1, C4<01>, C4<0>, C4<0>, C4<0>;
v000002d9e9b64b90_0 .net/2u *"_ivl_260", 1 0, L_000002d9e9bab9e0;  1 drivers
v000002d9e9b64ff0_0 .net *"_ivl_262", 0 0, L_000002d9e9ba9a70;  1 drivers
v000002d9e9b65090_0 .net *"_ivl_264", 0 0, L_000002d9e9c15470;  1 drivers
v000002d9e9b6b9e0_0 .net *"_ivl_266", 0 0, L_000002d9e9c15160;  1 drivers
L_000002d9e9baba28 .functor BUFT 1, C4<01>, C4<0>, C4<0>, C4<0>;
v000002d9e9b6c520_0 .net/2u *"_ivl_270", 1 0, L_000002d9e9baba28;  1 drivers
v000002d9e9b6bc60_0 .net *"_ivl_272", 0 0, L_000002d9e9ba9610;  1 drivers
L_000002d9e9baba70 .functor BUFT 1, C4<10>, C4<0>, C4<0>, C4<0>;
v000002d9e9b6b080_0 .net/2u *"_ivl_274", 1 0, L_000002d9e9baba70;  1 drivers
v000002d9e9b6d6a0_0 .net *"_ivl_276", 0 0, L_000002d9e9ba9890;  1 drivers
v000002d9e9b6c2a0_0 .net *"_ivl_278", 0 0, L_000002d9e9c15240;  1 drivers
L_000002d9e9babab8 .functor BUFT 1, C4<0000>, C4<0>, C4<0>, C4<0>;
v000002d9e9b6d060_0 .net/2u *"_ivl_280", 3 0, L_000002d9e9babab8;  1 drivers
v000002d9e9b6b760_0 .net *"_ivl_282", 0 0, L_000002d9e9ba99d0;  1 drivers
v000002d9e9b6b260_0 .net *"_ivl_284", 0 0, L_000002d9e9c16120;  1 drivers
v000002d9e9b6d600_0 .net *"_ivl_286", 0 0, L_000002d9e9c15390;  1 drivers
v000002d9e9b6cca0_0 .net *"_ivl_288", 0 0, L_000002d9e9c14a60;  1 drivers
L_000002d9e9babb00 .functor BUFT 1, C4<1000>, C4<0>, C4<0>, C4<0>;
v000002d9e9b6b3a0_0 .net/2u *"_ivl_292", 3 0, L_000002d9e9babb00;  1 drivers
v000002d9e9b6c0c0_0 .net *"_ivl_294", 0 0, L_000002d9e9ba96b0;  1 drivers
L_000002d9e9babb48 .functor BUFT 1, C4<00>, C4<0>, C4<0>, C4<0>;
v000002d9e9b6d100_0 .net/2u *"_ivl_298", 1 0, L_000002d9e9babb48;  1 drivers
v000002d9e9b6b120_0 .net *"_ivl_300", 0 0, L_000002d9e9ba9bb0;  1 drivers
v000002d9e9b6b440_0 .net *"_ivl_302", 0 0, L_000002d9e9c15cc0;  1 drivers
v000002d9e9b6cd40_0 .net *"_ivl_304", 0 0, L_000002d9e9c15a20;  1 drivers
L_000002d9e9babb90 .functor BUFT 1, C4<00>, C4<0>, C4<0>, C4<0>;
v000002d9e9b6bbc0_0 .net/2u *"_ivl_308", 1 0, L_000002d9e9babb90;  1 drivers
v000002d9e9b6d7e0_0 .net *"_ivl_310", 0 0, L_000002d9e9ba9750;  1 drivers
v000002d9e9b6bf80_0 .net *"_ivl_312", 0 0, L_000002d9e9c152b0;  1 drivers
v000002d9e9b6c160_0 .net *"_ivl_314", 0 0, L_000002d9e9c154e0;  1 drivers
v000002d9e9b6d1a0_0 .net *"_ivl_316", 0 0, L_000002d9e9c15550;  1 drivers
v000002d9e9b6c200_0 .net *"_ivl_32", 31 0, L_000002d9e9ba8ad0;  1 drivers
L_000002d9e9babbd8 .functor BUFT 1, C4<11>, C4<0>, C4<0>, C4<0>;
v000002d9e9b6c020_0 .net/2u *"_ivl_320", 1 0, L_000002d9e9babbd8;  1 drivers
v000002d9e9b6cfc0_0 .net *"_ivl_322", 0 0, L_000002d9e9ba9930;  1 drivers
L_000002d9e9babc20 .functor BUFT 1, C4<01>, C4<0>, C4<0>, C4<0>;
v000002d9e9b6b940_0 .net/2u *"_ivl_332", 1 0, L_000002d9e9babc20;  1 drivers
v000002d9e9b6b6c0_0 .net *"_ivl_334", 0 0, L_000002d9e9b9b6f0;  1 drivers
v000002d9e9b6be40_0 .net *"_ivl_336", 31 0, L_000002d9e9b9c370;  1 drivers
v000002d9e9b6ba80_0 .net *"_ivl_338", 4 0, L_000002d9e9b9b0b0;  1 drivers
v000002d9e9b6d420_0 .net *"_ivl_34", 9 0, L_000002d9e9ba7770;  1 drivers
L_000002d9e9babc68 .functor BUFT 1, C4<00>, C4<0>, C4<0>, C4<0>;
v000002d9e9b6c340_0 .net *"_ivl_341", 1 0, L_000002d9e9babc68;  1 drivers
L_000002d9e9babcb0 .functor BUFT 1, C4<00000000000000000000000000000000>, C4<0>, C4<0>, C4<0>;
v000002d9e9b6d240_0 .net/2u *"_ivl_342", 31 0, L_000002d9e9babcb0;  1 drivers
v000002d9e9b6d560_0 .net *"_ivl_344", 31 0, L_000002d9e9b9a070;  1 drivers
v000002d9e9b6cde0_0 .net *"_ivl_352", 31 0, L_000002d9e9b9b790;  1 drivers
v000002d9e9b6cac0_0 .net *"_ivl_354", 4 0, L_000002d9e9b9b830;  1 drivers
L_000002d9e9babcf8 .functor BUFT 1, C4<00>, C4<0>, C4<0>, C4<0>;
v000002d9e9b6b620_0 .net *"_ivl_357", 1 0, L_000002d9e9babcf8;  1 drivers
L_000002d9e9babd40 .functor BUFT 1, C4<00000000000000000000000000000000>, C4<0>, C4<0>, C4<0>;
v000002d9e9b6b4e0_0 .net/2u *"_ivl_358", 31 0, L_000002d9e9babd40;  1 drivers
L_000002d9e9babd88 .functor BUFT 1, C4<00>, C4<0>, C4<0>, C4<0>;
v000002d9e9b6cf20_0 .net/2u *"_ivl_362", 1 0, L_000002d9e9babd88;  1 drivers
v000002d9e9b6ca20_0 .net *"_ivl_364", 0 0, L_000002d9e9b9b330;  1 drivers
L_000002d9e9babdd0 .functor BUFT 1, C4<00>, C4<0>, C4<0>, C4<0>;
v000002d9e9b6b580_0 .net/2u *"_ivl_366", 1 0, L_000002d9e9babdd0;  1 drivers
v000002d9e9b6c7a0_0 .net *"_ivl_368", 0 0, L_000002d9e9b9b8d0;  1 drivers
L_000002d9e9bab098 .functor BUFT 1, C4<00000>, C4<0>, C4<0>, C4<0>;
v000002d9e9b6b1c0_0 .net *"_ivl_37", 4 0, L_000002d9e9bab098;  1 drivers
v000002d9e9b6d740_0 .net *"_ivl_370", 0 0, L_000002d9e9c14830;  1 drivers
v000002d9e9b6b800_0 .net *"_ivl_372", 0 0, L_000002d9e9c15e80;  1 drivers
v000002d9e9b6b300_0 .net *"_ivl_374", 0 0, L_000002d9e9c15860;  1 drivers
v000002d9e9b6bb20_0 .net *"_ivl_38", 11 0, L_000002d9e9ba7a90;  1 drivers
L_000002d9e9bab0e0 .functor BUFT 1, C4<00>, C4<0>, C4<0>, C4<0>;
v000002d9e9b6b8a0_0 .net *"_ivl_41", 1 0, L_000002d9e9bab0e0;  1 drivers
L_000002d9e9bab128 .functor BUFT 1, C4<000000000100>, C4<0>, C4<0>, C4<0>;
v000002d9e9b6cb60_0 .net/2u *"_ivl_42", 11 0, L_000002d9e9bab128;  1 drivers
v000002d9e9b6c3e0_0 .net *"_ivl_45", 11 0, L_000002d9e9ba7d10;  1 drivers
v000002d9e9b6d380_0 .net *"_ivl_46", 3 0, L_000002d9e9ba78b0;  1 drivers
L_000002d9e9bab170 .functor BUFT 1, C4<00>, C4<0>, C4<0>, C4<0>;
v000002d9e9b6cc00_0 .net *"_ivl_49", 1 0, L_000002d9e9bab170;  1 drivers
L_000002d9e9bab1b8 .functor BUFT 1, C4<0>, C4<0>, C4<0>, C4<0>;
v000002d9e9b6c480_0 .net *"_ivl_52", 0 0, L_000002d9e9bab1b8;  1 drivers
v000002d9e9b6c5c0_0 .net *"_ivl_53", 12 0, L_000002d9e9ba6910;  1 drivers
L_000002d9e9bab200 .functor BUFT 1, C4<000000000>, C4<0>, C4<0>, C4<0>;
v000002d9e9b6c660_0 .net *"_ivl_56", 8 0, L_000002d9e9bab200;  1 drivers
v000002d9e9b6bd00_0 .net *"_ivl_57", 12 0, L_000002d9e9ba7090;  1 drivers
v000002d9e9b6bda0_0 .net *"_ivl_58", 12 0, L_000002d9e9ba7950;  1 drivers
v000002d9e9b6ce80_0 .net *"_ivl_62", 31 0, L_000002d9e9ba7310;  1 drivers
v000002d9e9b6d2e0_0 .net *"_ivl_64", 9 0, L_000002d9e9ba8850;  1 drivers
L_000002d9e9bab248 .functor BUFT 1, C4<00000>, C4<0>, C4<0>, C4<0>;
v000002d9e9b6bee0_0 .net *"_ivl_67", 4 0, L_000002d9e9bab248;  1 drivers
v000002d9e9b6d4c0_0 .net *"_ivl_68", 11 0, L_000002d9e9ba7130;  1 drivers
L_000002d9e9bab290 .functor BUFT 1, C4<00>, C4<0>, C4<0>, C4<0>;
v000002d9e9b6c700_0 .net *"_ivl_71", 1 0, L_000002d9e9bab290;  1 drivers
L_000002d9e9bab2d8 .functor BUFT 1, C4<000000000100>, C4<0>, C4<0>, C4<0>;
v000002d9e9b6c840_0 .net/2u *"_ivl_72", 11 0, L_000002d9e9bab2d8;  1 drivers
v000002d9e9b6c8e0_0 .net *"_ivl_75", 11 0, L_000002d9e9ba7630;  1 drivers
v000002d9e9b6c980_0 .net *"_ivl_76", 3 0, L_000002d9e9ba69b0;  1 drivers
L_000002d9e9bab320 .functor BUFT 1, C4<00>, C4<0>, C4<0>, C4<0>;
v000002d9e9b6dc40_0 .net *"_ivl_79", 1 0, L_000002d9e9bab320;  1 drivers
L_000002d9e9bab368 .functor BUFT 1, C4<0>, C4<0>, C4<0>, C4<0>;
v000002d9e9b6de20_0 .net *"_ivl_82", 0 0, L_000002d9e9bab368;  1 drivers
v000002d9e9b6d920_0 .net *"_ivl_83", 12 0, L_000002d9e9ba6730;  1 drivers
L_000002d9e9bab3b0 .functor BUFT 1, C4<000000000>, C4<0>, C4<0>, C4<0>;
v000002d9e9b6dce0_0 .net *"_ivl_86", 8 0, L_000002d9e9bab3b0;  1 drivers
v000002d9e9b6df60_0 .net *"_ivl_87", 12 0, L_000002d9e9ba88f0;  1 drivers
v000002d9e9b6db00_0 .net *"_ivl_88", 12 0, L_000002d9e9ba82b0;  1 drivers
L_000002d9e9bab3f8 .functor BUFT 1, C4<00000000000000000000000000000000>, C4<0>, C4<0>, C4<0>;
v000002d9e9b6dd80_0 .net/2u *"_ivl_92", 31 0, L_000002d9e9bab3f8;  1 drivers
v000002d9e9b6d880_0 .net *"_ivl_94", 31 0, L_000002d9e9ba6870;  1 drivers
v000002d9e9b6dec0_0 .net *"_ivl_98", 0 0, L_000002d9e9496270;  1 drivers
v000002d9e9b6dba0_0 .net "cpu_miss_req_cur", 0 0, L_000002d9e9c15da0;  1 drivers
v000002d9e9b6d9c0 .array "datas0", 127 0, 31 0;
v000002d9e9b6da60 .array "datas1", 127 0, 31 0;
v000002d9e9b66a80_0 .net "hit", 0 0, L_000002d9e99f3aa0;  1 drivers
v000002d9e9b68380_0 .net "hit_rword", 31 0, L_000002d9e9ba6a50;  1 drivers
v000002d9e9b67ac0_0 .net "hit_way", 0 0, L_000002d9e9c15080;  1 drivers
v000002d9e9b67d40_0 .net "i_clk", 0 0, v000002d9e9b8ae80_0;  alias, 1 drivers
v000002d9e9b672a0_0 .net "i_mem_rdata", 31 0, L_000002d9e9a93420;  alias, 1 drivers
v000002d9e9b661c0_0 .net "i_mem_ready", 0 0, L_000002d9e9a92460;  alias, 1 drivers
v000002d9e9b67160_0 .net "i_mem_valid", 0 0, L_000002d9e9a93730;  alias, 1 drivers
v000002d9e9b67b60_0 .net "i_req_addr", 31 0, L_000002d9e9b9efd0;  alias, 1 drivers
v000002d9e9b66d00_0 .net "i_req_mask", 3 0, L_000002d9e9c1e390;  alias, 1 drivers
v000002d9e9b663a0_0 .net "i_req_ren", 0 0, L_000002d9e9c21490;  alias, 1 drivers
v000002d9e9b66bc0_0 .net "i_req_wdata", 31 0, L_000002d9e9c1efd0;  alias, 1 drivers
v000002d9e9b66f80_0 .net "i_req_wen", 0 0, L_000002d9e9c20460;  alias, 1 drivers
v000002d9e9b66120_0 .net "i_rst", 0 0, v000002d9e9ba1ff0_0;  alias, 1 drivers
v000002d9e9b68740_0 .var "lru", 31 0;
v000002d9e9b68420_0 .net "merged_write_word", 31 0, L_000002d9e9c147c0;  1 drivers
v000002d9e9b67200_0 .net "miss_byte_mask", 31 0, L_000002d9e9ba9390;  1 drivers
v000002d9e9b66760_0 .var "miss_is_write_cur", 0 0;
v000002d9e9b67020_0 .net "miss_line_addr", 31 0, L_000002d9e9ba8490;  1 drivers
v000002d9e9b670c0_0 .var "miss_mask_cur", 3 0;
v000002d9e9b66800_0 .net "miss_merged_write_word", 31 0, L_000002d9e9c15630;  1 drivers
v000002d9e9b66940_0 .var "miss_set_cur", 4 0;
v000002d9e9b673e0_0 .var "miss_tag_cur", 22 0;
v000002d9e9b684c0_0 .var "miss_way_cur", 0 0;
v000002d9e9b66c60_0 .net "miss_way_rword", 31 0, L_000002d9e9ba8df0;  1 drivers
v000002d9e9b66260_0 .var "miss_wdata_cur", 31 0;
v000002d9e9b68600_0 .net "miss_word_addr", 31 0, L_000002d9e9ba85d0;  1 drivers
v000002d9e9b68100_0 .var "miss_word_cur", 1 0;
v000002d9e9b686a0_0 .net "o_busy", 0 0, L_000002d9e9c158d0;  alias, 1 drivers
v000002d9e9b67480_0 .net "o_mem_addr", 31 0, L_000002d9e9b9bbf0;  alias, 1 drivers
v000002d9e9b68560_0 .net "o_mem_ren", 0 0, L_000002d9e9c157f0;  alias, 1 drivers
v000002d9e9b67340_0 .net "o_mem_wdata", 31 0, L_000002d9e9b9c410;  alias, 1 drivers
v000002d9e9b67de0_0 .net "o_mem_wen", 0 0, L_000002d9e9c16270;  alias, 1 drivers
v000002d9e9b66ee0_0 .net "o_res_rdata", 31 0, L_000002d9e9c149f0;  alias, 1 drivers
v000002d9e9b66300_0 .net "read_miss", 0 0, L_000002d9e9c14d00;  1 drivers
v000002d9e9b66620_0 .var "refill_req_done_cur", 0 0;
v000002d9e9b668a0_0 .net "refill_req_fire_cur", 0 0, L_000002d9e9c159b0;  1 drivers
v000002d9e9b66440_0 .var "refill_req_word_cur", 1 0;
v000002d9e9b664e0_0 .var "refill_rsp_word_cur", 1 0;
v000002d9e9b681a0_0 .net "refill_word_addr", 31 0, L_000002d9e9c15940;  1 drivers
v000002d9e9b677a0_0 .net "req_byte_mask", 31 0, L_000002d9e9ba74f0;  1 drivers
v000002d9e9b67fc0_0 .net "req_set", 4 0, L_000002d9e9ba6ff0;  1 drivers
v000002d9e9b67c00_0 .net "req_tag", 22 0, L_000002d9e9ba67d0;  1 drivers
v000002d9e9b68240_0 .net "req_word", 1 0, L_000002d9e9ba87b0;  1 drivers
v000002d9e9b67520_0 .var "state_cur", 1 0;
v000002d9e9b66da0 .array "tags0", 0 31, 22 0;
v000002d9e9b66b20 .array "tags1", 0 31, 22 0;
v000002d9e9b675c0_0 .var "valid0", 31 0;
v000002d9e9b66e40_0 .var "valid1", 31 0;
v000002d9e9b682e0_0 .net "victim_way", 0 0, L_000002d9e9ba8a30;  1 drivers
v000002d9e9b67e80_0 .net "way0_hit", 0 0, L_000002d9e991dc20;  1 drivers
v000002d9e9b66580_0 .net "way0_rword", 31 0, L_000002d9e98d3f40;  1 drivers
v000002d9e9b67660_0 .net "way0_valid", 0 0, L_000002d9e9ba8210;  1 drivers
v000002d9e9b67700_0 .net "way1_hit", 0 0, L_000002d9e99f4360;  1 drivers
v000002d9e9b68060_0 .net "way1_rword", 31 0, L_000002d9e99f5c50;  1 drivers
v000002d9e9b669e0_0 .net "way1_valid", 0 0, L_000002d9e9ba7bd0;  1 drivers
v000002d9e9b666c0 .array "wb_addrs", 0 7, 31 0;
v000002d9e9b67840_0 .var "wb_count_cur", 3 0;
v000002d9e9b66080 .array "wb_datas", 0 7, 31 0;
v000002d9e9b678e0_0 .net "wb_has_push_space_cur", 0 0, L_000002d9e9c15400;  1 drivers
v000002d9e9b67980_0 .var "wb_head_cur", 2 0;
v000002d9e9b67a20_0 .net "wb_push_addr_cur", 31 0, L_000002d9e9ba9b10;  1 drivers
v000002d9e9b687e0_0 .net "wb_push_cur", 0 0, L_000002d9e9c15780;  1 drivers
v000002d9e9b67ca0_0 .net "wb_push_data_cur", 31 0, L_000002d9e9b9b010;  1 drivers
v000002d9e9b67f20_0 .net "wb_send_cur", 0 0, L_000002d9e9c15e10;  1 drivers
v000002d9e9b6a540_0 .var "wb_tail_cur", 2 0;
v000002d9e9b693c0_0 .net "write_hit_accept_cur", 0 0, L_000002d9e9c14f30;  1 drivers
v000002d9e9b69e60_0 .net "write_hit_block_cur", 0 0, L_000002d9e9c156a0;  1 drivers
v000002d9e9b6a720_0 .net "write_miss", 0 0, L_000002d9e9c160b0;  1 drivers
v000002d9e9b69dc0_0 .net "write_req_commit_cur", 0 0, L_000002d9e9c15710;  1 drivers
L_000002d9e9ba67d0 .part L_000002d9e9b9efd0, 9, 23;
L_000002d9e9ba6ff0 .part L_000002d9e9b9efd0, 4, 5;
L_000002d9e9ba87b0 .part L_000002d9e9b9efd0, 2, 2;
L_000002d9e9ba8210 .part/v v000002d9e9b675c0_0, L_000002d9e9ba6ff0, 1;
L_000002d9e9ba7bd0 .part/v v000002d9e9b66e40_0, L_000002d9e9ba6ff0, 1;
L_000002d9e9ba7c70 .array/port v000002d9e9b66da0, L_000002d9e9ba7f90;
L_000002d9e9ba7f90 .concat [ 5 2 0 0], L_000002d9e9ba6ff0, L_000002d9e9bab008;
L_000002d9e9ba8710 .cmp/eq 23, L_000002d9e9ba7c70, L_000002d9e9ba67d0;
L_000002d9e9ba6af0 .array/port v000002d9e9b66b20, L_000002d9e9ba8170;
L_000002d9e9ba8170 .concat [ 5 2 0 0], L_000002d9e9ba6ff0, L_000002d9e9bab050;
L_000002d9e9ba7810 .cmp/eq 23, L_000002d9e9ba6af0, L_000002d9e9ba67d0;
L_000002d9e9ba8ad0 .array/port v000002d9e9b6d9c0, L_000002d9e9ba7950;
L_000002d9e9ba7770 .concat [ 5 5 0 0], L_000002d9e9ba6ff0, L_000002d9e9bab098;
L_000002d9e9ba7a90 .concat [ 10 2 0 0], L_000002d9e9ba7770, L_000002d9e9bab0e0;
L_000002d9e9ba7d10 .arith/mult 12, L_000002d9e9ba7a90, L_000002d9e9bab128;
L_000002d9e9ba78b0 .concat [ 2 2 0 0], L_000002d9e9ba87b0, L_000002d9e9bab170;
L_000002d9e9ba6910 .concat [ 12 1 0 0], L_000002d9e9ba7d10, L_000002d9e9bab1b8;
L_000002d9e9ba7090 .concat [ 4 9 0 0], L_000002d9e9ba78b0, L_000002d9e9bab200;
L_000002d9e9ba7950 .arith/sum 13, L_000002d9e9ba6910, L_000002d9e9ba7090;
L_000002d9e9ba7310 .array/port v000002d9e9b6da60, L_000002d9e9ba82b0;
L_000002d9e9ba8850 .concat [ 5 5 0 0], L_000002d9e9ba6ff0, L_000002d9e9bab248;
L_000002d9e9ba7130 .concat [ 10 2 0 0], L_000002d9e9ba8850, L_000002d9e9bab290;
L_000002d9e9ba7630 .arith/mult 12, L_000002d9e9ba7130, L_000002d9e9bab2d8;
L_000002d9e9ba69b0 .concat [ 2 2 0 0], L_000002d9e9ba87b0, L_000002d9e9bab320;
L_000002d9e9ba6730 .concat [ 12 1 0 0], L_000002d9e9ba7630, L_000002d9e9bab368;
L_000002d9e9ba88f0 .concat [ 4 9 0 0], L_000002d9e9ba69b0, L_000002d9e9bab3b0;
L_000002d9e9ba82b0 .arith/sum 13, L_000002d9e9ba6730, L_000002d9e9ba88f0;
L_000002d9e9ba6870 .functor MUXZ 32, L_000002d9e9bab3f8, L_000002d9e99f5c50, L_000002d9e99f4360, C4<>;
L_000002d9e9ba6a50 .functor MUXZ 32, L_000002d9e9ba6870, L_000002d9e98d3f40, L_000002d9e991dc20, C4<>;
L_000002d9e9ba79f0 .part/v v000002d9e9b68740_0, L_000002d9e9ba6ff0, 1;
L_000002d9e9ba7db0 .functor MUXZ 1, L_000002d9e9ba79f0, L_000002d9e9bab488, L_000002d9e9c14b40, C4<>;
L_000002d9e9ba8a30 .functor MUXZ 1, L_000002d9e9ba7db0, L_000002d9e9bab440, L_000002d9e9c15d30, C4<>;
L_000002d9e9ba7e50 .part L_000002d9e9c1e390, 3, 1;
LS_000002d9e9ba8530_0_0 .concat [ 1 1 1 1], L_000002d9e9ba7e50, L_000002d9e9ba7e50, L_000002d9e9ba7e50, L_000002d9e9ba7e50;
LS_000002d9e9ba8530_0_4 .concat [ 1 1 1 1], L_000002d9e9ba7e50, L_000002d9e9ba7e50, L_000002d9e9ba7e50, L_000002d9e9ba7e50;
L_000002d9e9ba8530 .concat [ 4 4 0 0], LS_000002d9e9ba8530_0_0, LS_000002d9e9ba8530_0_4;
L_000002d9e9ba8b70 .part L_000002d9e9c1e390, 2, 1;
LS_000002d9e9ba83f0_0_0 .concat [ 1 1 1 1], L_000002d9e9ba8b70, L_000002d9e9ba8b70, L_000002d9e9ba8b70, L_000002d9e9ba8b70;
LS_000002d9e9ba83f0_0_4 .concat [ 1 1 1 1], L_000002d9e9ba8b70, L_000002d9e9ba8b70, L_000002d9e9ba8b70, L_000002d9e9ba8b70;
L_000002d9e9ba83f0 .concat [ 4 4 0 0], LS_000002d9e9ba83f0_0_0, LS_000002d9e9ba83f0_0_4;
L_000002d9e9ba7450 .part L_000002d9e9c1e390, 1, 1;
LS_000002d9e9ba6b90_0_0 .concat [ 1 1 1 1], L_000002d9e9ba7450, L_000002d9e9ba7450, L_000002d9e9ba7450, L_000002d9e9ba7450;
LS_000002d9e9ba6b90_0_4 .concat [ 1 1 1 1], L_000002d9e9ba7450, L_000002d9e9ba7450, L_000002d9e9ba7450, L_000002d9e9ba7450;
L_000002d9e9ba6b90 .concat [ 4 4 0 0], LS_000002d9e9ba6b90_0_0, LS_000002d9e9ba6b90_0_4;
L_000002d9e9ba8030 .part L_000002d9e9c1e390, 0, 1;
LS_000002d9e9ba71d0_0_0 .concat [ 1 1 1 1], L_000002d9e9ba8030, L_000002d9e9ba8030, L_000002d9e9ba8030, L_000002d9e9ba8030;
LS_000002d9e9ba71d0_0_4 .concat [ 1 1 1 1], L_000002d9e9ba8030, L_000002d9e9ba8030, L_000002d9e9ba8030, L_000002d9e9ba8030;
L_000002d9e9ba71d0 .concat [ 4 4 0 0], LS_000002d9e9ba71d0_0_0, LS_000002d9e9ba71d0_0_4;
L_000002d9e9ba74f0 .concat [ 8 8 8 8], L_000002d9e9ba71d0, L_000002d9e9ba6b90, L_000002d9e9ba83f0, L_000002d9e9ba8530;
L_000002d9e9ba8490 .concat [ 4 5 23 0], L_000002d9e9bab4d0, v000002d9e9b66940_0, v000002d9e9b673e0_0;
L_000002d9e9ba6c30 .concat [ 2 2 28 0], L_000002d9e9bab560, v000002d9e9b66440_0, L_000002d9e9bab518;
L_000002d9e9ba85d0 .concat [ 2 2 5 23], L_000002d9e9bab5a8, v000002d9e9b68100_0, v000002d9e9b66940_0, v000002d9e9b673e0_0;
L_000002d9e9ba6eb0 .array/port v000002d9e9b6d9c0, L_000002d9e9ba7270;
L_000002d9e9ba8c10 .concat [ 5 5 0 0], v000002d9e9b66940_0, L_000002d9e9bab638;
L_000002d9e9ba8cb0 .concat [ 10 2 0 0], L_000002d9e9ba8c10, L_000002d9e9bab680;
L_000002d9e9ba6550 .arith/mult 12, L_000002d9e9ba8cb0, L_000002d9e9bab6c8;
L_000002d9e9ba65f0 .concat [ 2 2 0 0], v000002d9e9b68100_0, L_000002d9e9bab710;
L_000002d9e9ba6690 .concat [ 12 1 0 0], L_000002d9e9ba6550, L_000002d9e9bab758;
L_000002d9e9ba6cd0 .concat [ 4 9 0 0], L_000002d9e9ba65f0, L_000002d9e9bab7a0;
L_000002d9e9ba7270 .arith/sum 13, L_000002d9e9ba6690, L_000002d9e9ba6cd0;
L_000002d9e9ba6d70 .array/port v000002d9e9b6da60, L_000002d9e9ba9110;
L_000002d9e9ba7590 .concat [ 5 5 0 0], v000002d9e9b66940_0, L_000002d9e9bab7e8;
L_000002d9e9ba6e10 .concat [ 10 2 0 0], L_000002d9e9ba7590, L_000002d9e9bab830;
L_000002d9e9ba76d0 .arith/mult 12, L_000002d9e9ba6e10, L_000002d9e9bab878;
L_000002d9e9ba97f0 .concat [ 2 2 0 0], v000002d9e9b68100_0, L_000002d9e9bab8c0;
L_000002d9e9ba8d50 .concat [ 12 1 0 0], L_000002d9e9ba76d0, L_000002d9e9bab908;
L_000002d9e9ba8f30 .concat [ 4 9 0 0], L_000002d9e9ba97f0, L_000002d9e9bab950;
L_000002d9e9ba9110 .arith/sum 13, L_000002d9e9ba8d50, L_000002d9e9ba8f30;
L_000002d9e9ba8df0 .functor MUXZ 32, L_000002d9e9ba6d70, L_000002d9e9ba6eb0, L_000002d9e9c151d0, C4<>;
L_000002d9e9ba9250 .part v000002d9e9b670c0_0, 3, 1;
LS_000002d9e9ba8fd0_0_0 .concat [ 1 1 1 1], L_000002d9e9ba9250, L_000002d9e9ba9250, L_000002d9e9ba9250, L_000002d9e9ba9250;
LS_000002d9e9ba8fd0_0_4 .concat [ 1 1 1 1], L_000002d9e9ba9250, L_000002d9e9ba9250, L_000002d9e9ba9250, L_000002d9e9ba9250;
L_000002d9e9ba8fd0 .concat [ 4 4 0 0], LS_000002d9e9ba8fd0_0_0, LS_000002d9e9ba8fd0_0_4;
L_000002d9e9ba8e90 .part v000002d9e9b670c0_0, 2, 1;
LS_000002d9e9ba9070_0_0 .concat [ 1 1 1 1], L_000002d9e9ba8e90, L_000002d9e9ba8e90, L_000002d9e9ba8e90, L_000002d9e9ba8e90;
LS_000002d9e9ba9070_0_4 .concat [ 1 1 1 1], L_000002d9e9ba8e90, L_000002d9e9ba8e90, L_000002d9e9ba8e90, L_000002d9e9ba8e90;
L_000002d9e9ba9070 .concat [ 4 4 0 0], LS_000002d9e9ba9070_0_0, LS_000002d9e9ba9070_0_4;
L_000002d9e9ba9570 .part v000002d9e9b670c0_0, 1, 1;
LS_000002d9e9ba91b0_0_0 .concat [ 1 1 1 1], L_000002d9e9ba9570, L_000002d9e9ba9570, L_000002d9e9ba9570, L_000002d9e9ba9570;
LS_000002d9e9ba91b0_0_4 .concat [ 1 1 1 1], L_000002d9e9ba9570, L_000002d9e9ba9570, L_000002d9e9ba9570, L_000002d9e9ba9570;
L_000002d9e9ba91b0 .concat [ 4 4 0 0], LS_000002d9e9ba91b0_0_0, LS_000002d9e9ba91b0_0_4;
L_000002d9e9ba92f0 .part v000002d9e9b670c0_0, 0, 1;
LS_000002d9e9ba94d0_0_0 .concat [ 1 1 1 1], L_000002d9e9ba92f0, L_000002d9e9ba92f0, L_000002d9e9ba92f0, L_000002d9e9ba92f0;
LS_000002d9e9ba94d0_0_4 .concat [ 1 1 1 1], L_000002d9e9ba92f0, L_000002d9e9ba92f0, L_000002d9e9ba92f0, L_000002d9e9ba92f0;
L_000002d9e9ba94d0 .concat [ 4 4 0 0], LS_000002d9e9ba94d0_0_0, LS_000002d9e9ba94d0_0_4;
L_000002d9e9ba9390 .concat [ 8 8 8 8], L_000002d9e9ba94d0, L_000002d9e9ba91b0, L_000002d9e9ba9070, L_000002d9e9ba8fd0;
L_000002d9e9ba9430 .cmp/eq 2, v000002d9e9b67520_0, L_000002d9e9bab998;
L_000002d9e9ba9a70 .cmp/eq 2, v000002d9e9b67520_0, L_000002d9e9bab9e0;
L_000002d9e9ba9610 .cmp/ne 2, v000002d9e9b67520_0, L_000002d9e9baba28;
L_000002d9e9ba9890 .cmp/ne 2, v000002d9e9b67520_0, L_000002d9e9baba70;
L_000002d9e9ba99d0 .cmp/ne 4, v000002d9e9b67840_0, L_000002d9e9babab8;
L_000002d9e9ba96b0 .cmp/ne 4, v000002d9e9b67840_0, L_000002d9e9babb00;
L_000002d9e9ba9bb0 .cmp/eq 2, v000002d9e9b67520_0, L_000002d9e9babb48;
L_000002d9e9ba9750 .cmp/eq 2, v000002d9e9b67520_0, L_000002d9e9babb90;
L_000002d9e9ba9930 .cmp/eq 2, v000002d9e9b67520_0, L_000002d9e9babbd8;
L_000002d9e9ba9b10 .functor MUXZ 32, L_000002d9e9ba85d0, L_000002d9e9b9efd0, L_000002d9e9c14f30, C4<>;
L_000002d9e9b9b010 .functor MUXZ 32, L_000002d9e9c15630, L_000002d9e9c147c0, L_000002d9e9c14f30, C4<>;
L_000002d9e9b9b6f0 .cmp/eq 2, v000002d9e9b67520_0, L_000002d9e9babc20;
L_000002d9e9b9c370 .array/port v000002d9e9b666c0, L_000002d9e9b9b0b0;
L_000002d9e9b9b0b0 .concat [ 3 2 0 0], v000002d9e9b67980_0, L_000002d9e9babc68;
L_000002d9e9b9a070 .functor MUXZ 32, L_000002d9e9babcb0, L_000002d9e9b9c370, L_000002d9e9c15e10, C4<>;
L_000002d9e9b9bbf0 .functor MUXZ 32, L_000002d9e9b9a070, L_000002d9e9c15940, L_000002d9e9b9b6f0, C4<>;
L_000002d9e9b9b790 .array/port v000002d9e9b66080, L_000002d9e9b9b830;
L_000002d9e9b9b830 .concat [ 3 2 0 0], v000002d9e9b67980_0, L_000002d9e9babcf8;
L_000002d9e9b9c410 .functor MUXZ 32, L_000002d9e9babd40, L_000002d9e9b9b790, L_000002d9e9c15e10, C4<>;
L_000002d9e9b9b330 .cmp/ne 2, v000002d9e9b67520_0, L_000002d9e9babd88;
L_000002d9e9b9b8d0 .cmp/eq 2, v000002d9e9b67520_0, L_000002d9e9babdd0;
S_000002d9e991adf0 .scope module, "u_decode" "decode" 4 534, 6 1 0, S_000002d9e949c4e0;
 .timescale -9 -12;
    .port_info 0 /INPUT 1 "i_clk";
    .port_info 1 /INPUT 1 "i_rst";
    .port_info 2 /INPUT 32 "Inst";
    .port_info 3 /INPUT 32 "WriteData";
    .port_info 4 /INPUT 5 "WriteAddr";
    .port_info 5 /INPUT 1 "WriteEn";
    .port_info 6 /OUTPUT 1 "lui";
    .port_info 7 /OUTPUT 1 "PcSrc";
    .port_info 8 /OUTPUT 3 "AluOp";
    .port_info 9 /OUTPUT 1 "MemWrite";
    .port_info 10 /OUTPUT 1 "MemRead";
    .port_info 11 /OUTPUT 1 "MemToReg";
    .port_info 12 /OUTPUT 1 "AluSrc1";
    .port_info 13 /OUTPUT 1 "AluSrc2";
    .port_info 14 /OUTPUT 1 "RegWrite";
    .port_info 15 /OUTPUT 1 "Jump";
    .port_info 16 /OUTPUT 1 "Branch";
    .port_info 17 /OUTPUT 32 "Offset";
    .port_info 18 /OUTPUT 5 "o_retire_rs1_raddr";
    .port_info 19 /OUTPUT 5 "o_retire_rs2_raddr";
    .port_info 20 /OUTPUT 5 "o_retire_rd_waddr";
    .port_info 21 /OUTPUT 32 "o_retire_rs1_rdata";
    .port_info 22 /OUTPUT 32 "o_retire_rs2_rdata";
    .port_info 23 /OUTPUT 1 "IllegalInst";
    .port_info 24 /OUTPUT 1 "EBreak";
P_000002d9e9ab9b90 .param/l "BYPASS_EN" 0 6 2, +C4<00000000000000000000000000000001>;
L_000002d9e9c179a0 .functor OR 1, L_000002d9e9b9ab10, L_000002d9e9b9bc90, C4<0>, C4<0>;
L_000002d9e9c163c0 .functor OR 1, L_000002d9e9c179a0, L_000002d9e9b9aed0, C4<0>, C4<0>;
L_000002d9e9c17e00 .functor OR 1, L_000002d9e9b9ad90, L_000002d9e9b9a890, C4<0>, C4<0>;
L_000002d9e9c16b30 .functor BUFZ 1, L_000002d9e9b9aa70, C4<0>, C4<0>, C4<0>;
L_000002d9e9c17a80 .functor OR 1, L_000002d9e9b9ac50, L_000002d9e9b9ab10, C4<0>, C4<0>;
L_000002d9e9c16c10 .functor OR 1, L_000002d9e9c17a80, L_000002d9e9b9bc90, C4<0>, C4<0>;
L_000002d9e9c174d0 .functor OR 1, L_000002d9e9c16c10, L_000002d9e9b9bd30, C4<0>, C4<0>;
L_000002d9e9c17000 .functor OR 1, L_000002d9e9c174d0, L_000002d9e9b9acf0, C4<0>, C4<0>;
L_000002d9e9c16f20 .functor OR 1, L_000002d9e9c17000, L_000002d9e9b9ad90, C4<0>, C4<0>;
L_000002d9e9c16c80 .functor OR 1, L_000002d9e9c16f20, L_000002d9e9b9a890, C4<0>, C4<0>;
L_000002d9e9c169e0 .functor OR 1, L_000002d9e9c16c80, L_000002d9e9b9b1f0, C4<0>, C4<0>;
L_000002d9e9c164a0 .functor OR 1, L_000002d9e9c169e0, L_000002d9e9b9aed0, C4<0>, C4<0>;
L_000002d9e9c17c40 .functor OR 1, L_000002d9e9c164a0, L_000002d9e9b9aa70, C4<0>, C4<0>;
L_000002d9e9c17310 .functor NOT 1, L_000002d9e9c17c40, C4<0>, C4<0>, C4<0>;
L_000002d9e9c17ee0 .functor BUFZ 1, L_000002d9e9b9ad90, C4<0>, C4<0>, C4<0>;
L_000002d9e9c16740 .functor BUFZ 1, L_000002d9e9b9aed0, C4<0>, C4<0>, C4<0>;
L_000002d9e9c17cb0 .functor BUFZ 1, L_000002d9e9b9bd30, C4<0>, C4<0>, C4<0>;
L_000002d9e9c16510 .functor BUFZ 1, L_000002d9e9b9bc90, C4<0>, C4<0>, C4<0>;
L_000002d9e9c16350 .functor BUFZ 1, L_000002d9e9b9bc90, C4<0>, C4<0>, C4<0>;
L_000002d9e9c16580 .functor BUFZ 1, L_000002d9e9b9a890, C4<0>, C4<0>, C4<0>;
L_000002d9e9c165f0 .functor OR 1, L_000002d9e9b9ab10, L_000002d9e9b9bc90, C4<0>, C4<0>;
L_000002d9e9c177e0 .functor OR 1, L_000002d9e9c165f0, L_000002d9e9b9bd30, C4<0>, C4<0>;
L_000002d9e9c16660 .functor OR 1, L_000002d9e9c177e0, L_000002d9e9b9a890, C4<0>, C4<0>;
L_000002d9e9c175b0 .functor OR 1, L_000002d9e9c16660, L_000002d9e9b9aed0, C4<0>, C4<0>;
L_000002d9e9c173f0 .functor OR 1, L_000002d9e9b9ac50, L_000002d9e9b9ab10, C4<0>, C4<0>;
L_000002d9e9c16cf0 .functor OR 1, L_000002d9e9c173f0, L_000002d9e9b9bc90, C4<0>, C4<0>;
L_000002d9e9c17690 .functor OR 1, L_000002d9e9c16cf0, L_000002d9e9b9ad90, C4<0>, C4<0>;
L_000002d9e9c17700 .functor OR 1, L_000002d9e9c17690, L_000002d9e9b9a890, C4<0>, C4<0>;
L_000002d9e9c17a10 .functor OR 1, L_000002d9e9c17700, L_000002d9e9b9b1f0, C4<0>, C4<0>;
L_000002d9e9c167b0 .functor OR 1, L_000002d9e9c17a10, L_000002d9e9b9aed0, C4<0>, C4<0>;
L_000002d9e9c16820 .functor OR 1, L_000002d9e9b9b1f0, L_000002d9e9b9aed0, C4<0>, C4<0>;
L_000002d9e9c16890 .functor BUFZ 1, L_000002d9e9b9acf0, C4<0>, C4<0>, C4<0>;
L_000002d9e9c16ac0 .functor BUFZ 5, L_000002d9e9b9c0f0, C4<00000>, C4<00000>, C4<00000>;
L_000002d9e9c16d60 .functor BUFZ 32, L_000002d9e9b9a9d0, C4<00000000000000000000000000000000>, C4<00000000000000000000000000000000>, C4<00000000000000000000000000000000>;
L_000002d9e9c172a0 .functor BUFZ 5, L_000002d9e9b9b150, C4<00000>, C4<00000>, C4<00000>;
L_000002d9e9c16ba0 .functor BUFZ 32, L_000002d9e9b9a4d0, C4<00000000000000000000000000000000>, C4<00000000000000000000000000000000>, C4<00000000000000000000000000000000>;
L_000002d9e9c17bd0 .functor NOT 1, L_000002d9e9c17310, C4<0>, C4<0>, C4<0>;
L_000002d9e9c17380 .functor AND 1, L_000002d9e9c167b0, L_000002d9e9c17bd0, C4<1>, C4<1>;
L_000002d9e9c17540 .functor NOT 1, L_000002d9e9c16b30, C4<0>, C4<0>, C4<0>;
L_000002d9e9c16dd0 .functor AND 1, L_000002d9e9c17380, L_000002d9e9c17540, C4<1>, C4<1>;
v000002d9e9b71280_0 .net "AluOp", 2 0, L_000002d9e9b9b470;  alias, 1 drivers
v000002d9e9b72c20_0 .net "AluSrc1", 0 0, L_000002d9e9c16580;  alias, 1 drivers
v000002d9e9b71320_0 .net "AluSrc2", 0 0, L_000002d9e9c175b0;  alias, 1 drivers
v000002d9e9b736c0_0 .net "Branch", 0 0, L_000002d9e9c16890;  alias, 1 drivers
v000002d9e9b72ea0_0 .net "EBreak", 0 0, L_000002d9e9c16b30;  alias, 1 drivers
v000002d9e9b72180_0 .net "IllegalInst", 0 0, L_000002d9e9c17310;  alias, 1 drivers
v000002d9e9b724a0_0 .net "Inst", 31 0, v000002d9e9b96320_0;  1 drivers
v000002d9e9b72e00_0 .net "Jump", 0 0, L_000002d9e9c16820;  alias, 1 drivers
v000002d9e9b71be0_0 .net "MemRead", 0 0, L_000002d9e9c16510;  alias, 1 drivers
v000002d9e9b731c0_0 .net "MemToReg", 0 0, L_000002d9e9c16350;  alias, 1 drivers
v000002d9e9b71f00_0 .net "MemWrite", 0 0, L_000002d9e9c17cb0;  alias, 1 drivers
v000002d9e9b72cc0_0 .net "Offset", 31 0, L_000002d9e9b9e710;  alias, 1 drivers
v000002d9e9b71640_0 .net "PcSrc", 0 0, L_000002d9e9c16740;  alias, 1 drivers
v000002d9e9b73260_0 .net "RegWrite", 0 0, L_000002d9e9c167b0;  alias, 1 drivers
v000002d9e9b73300_0 .net "WriteAddr", 4 0, v000002d9e9b88040_0;  1 drivers
v000002d9e9b727c0_0 .net "WriteData", 31 0, L_000002d9e9c39110;  alias, 1 drivers
v000002d9e9b73440_0 .net "WriteEn", 0 0, L_000002d9e9c215e0;  alias, 1 drivers
v000002d9e9b72d60_0 .net *"_ivl_116", 0 0, L_000002d9e9c165f0;  1 drivers
v000002d9e9b73760_0 .net *"_ivl_118", 0 0, L_000002d9e9c177e0;  1 drivers
L_000002d9e9babef0 .functor BUFT 1, C4<0010011>, C4<0>, C4<0>, C4<0>;
v000002d9e9b72220_0 .net/2u *"_ivl_12", 6 0, L_000002d9e9babef0;  1 drivers
v000002d9e9b71c80_0 .net *"_ivl_120", 0 0, L_000002d9e9c16660;  1 drivers
v000002d9e9b71d20_0 .net *"_ivl_124", 0 0, L_000002d9e9c173f0;  1 drivers
v000002d9e9b71dc0_0 .net *"_ivl_126", 0 0, L_000002d9e9c16cf0;  1 drivers
v000002d9e9b71820_0 .net *"_ivl_128", 0 0, L_000002d9e9c17690;  1 drivers
v000002d9e9b710a0_0 .net *"_ivl_130", 0 0, L_000002d9e9c17700;  1 drivers
v000002d9e9b718c0_0 .net *"_ivl_132", 0 0, L_000002d9e9c17a10;  1 drivers
v000002d9e9b722c0_0 .net *"_ivl_148", 0 0, L_000002d9e9c17bd0;  1 drivers
v000002d9e9b711e0_0 .net *"_ivl_150", 0 0, L_000002d9e9c17380;  1 drivers
v000002d9e9b71960_0 .net *"_ivl_152", 0 0, L_000002d9e9c17540;  1 drivers
v000002d9e9b71a00_0 .net *"_ivl_154", 0 0, L_000002d9e9c16dd0;  1 drivers
L_000002d9e9bac6d0 .functor BUFT 1, C4<00000>, C4<0>, C4<0>, C4<0>;
v000002d9e9b71aa0_0 .net/2u *"_ivl_156", 4 0, L_000002d9e9bac6d0;  1 drivers
L_000002d9e9babf38 .functor BUFT 1, C4<0000011>, C4<0>, C4<0>, C4<0>;
v000002d9e9b72360_0 .net/2u *"_ivl_16", 6 0, L_000002d9e9babf38;  1 drivers
L_000002d9e9babf80 .functor BUFT 1, C4<0100011>, C4<0>, C4<0>, C4<0>;
v000002d9e9b72400_0 .net/2u *"_ivl_20", 6 0, L_000002d9e9babf80;  1 drivers
L_000002d9e9babfc8 .functor BUFT 1, C4<1100011>, C4<0>, C4<0>, C4<0>;
v000002d9e9b72540_0 .net/2u *"_ivl_24", 6 0, L_000002d9e9babfc8;  1 drivers
L_000002d9e9bac010 .functor BUFT 1, C4<0110111>, C4<0>, C4<0>, C4<0>;
v000002d9e9b72720_0 .net/2u *"_ivl_28", 6 0, L_000002d9e9bac010;  1 drivers
L_000002d9e9bac058 .functor BUFT 1, C4<0010111>, C4<0>, C4<0>, C4<0>;
v000002d9e9b72860_0 .net/2u *"_ivl_32", 6 0, L_000002d9e9bac058;  1 drivers
L_000002d9e9bac0a0 .functor BUFT 1, C4<1101111>, C4<0>, C4<0>, C4<0>;
v000002d9e9b72900_0 .net/2u *"_ivl_36", 6 0, L_000002d9e9bac0a0;  1 drivers
L_000002d9e9bac0e8 .functor BUFT 1, C4<1100111>, C4<0>, C4<0>, C4<0>;
v000002d9e9b729a0_0 .net/2u *"_ivl_40", 6 0, L_000002d9e9bac0e8;  1 drivers
L_000002d9e9bac130 .functor BUFT 1, C4<00000000000100000000000001110011>, C4<0>, C4<0>, C4<0>;
v000002d9e9b76000_0 .net/2u *"_ivl_44", 31 0, L_000002d9e9bac130;  1 drivers
L_000002d9e9bac178 .functor BUFT 1, C4<000001>, C4<0>, C4<0>, C4<0>;
v000002d9e9b74de0_0 .net/2u *"_ivl_48", 5 0, L_000002d9e9bac178;  1 drivers
v000002d9e9b75f60_0 .net *"_ivl_50", 0 0, L_000002d9e9c179a0;  1 drivers
v000002d9e9b73a80_0 .net *"_ivl_52", 0 0, L_000002d9e9c163c0;  1 drivers
L_000002d9e9bac1c0 .functor BUFT 1, C4<000010>, C4<0>, C4<0>, C4<0>;
v000002d9e9b742a0_0 .net/2u *"_ivl_54", 5 0, L_000002d9e9bac1c0;  1 drivers
L_000002d9e9bac208 .functor BUFT 1, C4<000100>, C4<0>, C4<0>, C4<0>;
v000002d9e9b73bc0_0 .net/2u *"_ivl_56", 5 0, L_000002d9e9bac208;  1 drivers
L_000002d9e9bac250 .functor BUFT 1, C4<001000>, C4<0>, C4<0>, C4<0>;
v000002d9e9b738a0_0 .net/2u *"_ivl_58", 5 0, L_000002d9e9bac250;  1 drivers
v000002d9e9b75a60_0 .net *"_ivl_60", 0 0, L_000002d9e9c17e00;  1 drivers
L_000002d9e9bac298 .functor BUFT 1, C4<010000>, C4<0>, C4<0>, C4<0>;
v000002d9e9b74660_0 .net/2u *"_ivl_62", 5 0, L_000002d9e9bac298;  1 drivers
L_000002d9e9bac2e0 .functor BUFT 1, C4<100000>, C4<0>, C4<0>, C4<0>;
v000002d9e9b74160_0 .net/2u *"_ivl_64", 5 0, L_000002d9e9bac2e0;  1 drivers
L_000002d9e9bac328 .functor BUFT 1, C4<000000>, C4<0>, C4<0>, C4<0>;
v000002d9e9b75c40_0 .net/2u *"_ivl_66", 5 0, L_000002d9e9bac328;  1 drivers
v000002d9e9b74840_0 .net *"_ivl_68", 5 0, L_000002d9e9b9b970;  1 drivers
v000002d9e9b759c0_0 .net *"_ivl_70", 5 0, L_000002d9e9b9a930;  1 drivers
v000002d9e9b75d80_0 .net *"_ivl_72", 5 0, L_000002d9e9b9a390;  1 drivers
v000002d9e9b754c0_0 .net *"_ivl_74", 5 0, L_000002d9e9b9af70;  1 drivers
v000002d9e9b752e0_0 .net *"_ivl_76", 5 0, L_000002d9e9b9b290;  1 drivers
L_000002d9e9babea8 .functor BUFT 1, C4<0110011>, C4<0>, C4<0>, C4<0>;
v000002d9e9b73e40_0 .net/2u *"_ivl_8", 6 0, L_000002d9e9babea8;  1 drivers
v000002d9e9b73c60_0 .net *"_ivl_82", 0 0, L_000002d9e9c17a80;  1 drivers
v000002d9e9b75740_0 .net *"_ivl_84", 0 0, L_000002d9e9c16c10;  1 drivers
v000002d9e9b75240_0 .net *"_ivl_86", 0 0, L_000002d9e9c174d0;  1 drivers
v000002d9e9b73940_0 .net *"_ivl_88", 0 0, L_000002d9e9c17000;  1 drivers
v000002d9e9b74ca0_0 .net *"_ivl_90", 0 0, L_000002d9e9c16f20;  1 drivers
v000002d9e9b73ee0_0 .net *"_ivl_92", 0 0, L_000002d9e9c16c80;  1 drivers
v000002d9e9b74700_0 .net *"_ivl_94", 0 0, L_000002d9e9c169e0;  1 drivers
v000002d9e9b75380_0 .net *"_ivl_96", 0 0, L_000002d9e9c164a0;  1 drivers
v000002d9e9b73f80_0 .net *"_ivl_98", 0 0, L_000002d9e9c17c40;  1 drivers
v000002d9e9b74ac0_0 .net "i_clk", 0 0, v000002d9e9b8ae80_0;  alias, 1 drivers
v000002d9e9b740c0_0 .net "i_format", 5 0, L_000002d9e9b9b3d0;  1 drivers
v000002d9e9b75420_0 .net "i_rst", 0 0, v000002d9e9ba1ff0_0;  alias, 1 drivers
v000002d9e9b73b20_0 .net "is_auipc", 0 0, L_000002d9e9b9a890;  1 drivers
v000002d9e9b74b60_0 .net "is_branch", 0 0, L_000002d9e9b9acf0;  1 drivers
v000002d9e9b74020_0 .net "is_ebreak", 0 0, L_000002d9e9b9aa70;  1 drivers
v000002d9e9b745c0_0 .net "is_itype_alu", 0 0, L_000002d9e9b9ab10;  1 drivers
v000002d9e9b75560_0 .net "is_jal", 0 0, L_000002d9e9b9b1f0;  1 drivers
v000002d9e9b75600_0 .net "is_jalr", 0 0, L_000002d9e9b9aed0;  1 drivers
v000002d9e9b74c00_0 .net "is_load", 0 0, L_000002d9e9b9bc90;  1 drivers
v000002d9e9b74d40_0 .net "is_lui", 0 0, L_000002d9e9b9ad90;  1 drivers
v000002d9e9b74fc0_0 .net "is_rtype", 0 0, L_000002d9e9b9ac50;  1 drivers
v000002d9e9b74200_0 .net "is_store", 0 0, L_000002d9e9b9bd30;  1 drivers
v000002d9e9b75ec0_0 .net "lui", 0 0, L_000002d9e9c17ee0;  alias, 1 drivers
v000002d9e9b74520_0 .net "o_retire_rd_waddr", 4 0, L_000002d9e9b9a430;  alias, 1 drivers
v000002d9e9b73d00_0 .net "o_retire_rs1_raddr", 4 0, L_000002d9e9c16ac0;  alias, 1 drivers
v000002d9e9b756a0_0 .net "o_retire_rs1_rdata", 31 0, L_000002d9e9c16d60;  alias, 1 drivers
v000002d9e9b74e80_0 .net "o_retire_rs2_raddr", 4 0, L_000002d9e9c172a0;  alias, 1 drivers
v000002d9e9b739e0_0 .net "o_retire_rs2_rdata", 31 0, L_000002d9e9c16ba0;  alias, 1 drivers
v000002d9e9b75ce0_0 .net "opcode", 6 0, L_000002d9e9b99f30;  1 drivers
v000002d9e9b74980_0 .net "rd_waddr_raw", 4 0, L_000002d9e9b9c4b0;  1 drivers
v000002d9e9b74340_0 .net "rs1_raddr_raw", 4 0, L_000002d9e9b9c0f0;  1 drivers
v000002d9e9b747a0_0 .net "rs1_rdata_raw", 31 0, L_000002d9e9b9a9d0;  1 drivers
v000002d9e9b73da0_0 .net "rs2_raddr_raw", 4 0, L_000002d9e9b9b150;  1 drivers
v000002d9e9b743e0_0 .net "rs2_rdata_raw", 31 0, L_000002d9e9b9a4d0;  1 drivers
L_000002d9e9b99f30 .part v000002d9e9b96320_0, 0, 7;
L_000002d9e9b9c4b0 .part v000002d9e9b96320_0, 7, 5;
L_000002d9e9b9c0f0 .part v000002d9e9b96320_0, 15, 5;
L_000002d9e9b9b150 .part v000002d9e9b96320_0, 20, 5;
L_000002d9e9b9ac50 .cmp/eq 7, L_000002d9e9b99f30, L_000002d9e9babea8;
L_000002d9e9b9ab10 .cmp/eq 7, L_000002d9e9b99f30, L_000002d9e9babef0;
L_000002d9e9b9bc90 .cmp/eq 7, L_000002d9e9b99f30, L_000002d9e9babf38;
L_000002d9e9b9bd30 .cmp/eq 7, L_000002d9e9b99f30, L_000002d9e9babf80;
L_000002d9e9b9acf0 .cmp/eq 7, L_000002d9e9b99f30, L_000002d9e9babfc8;
L_000002d9e9b9ad90 .cmp/eq 7, L_000002d9e9b99f30, L_000002d9e9bac010;
L_000002d9e9b9a890 .cmp/eq 7, L_000002d9e9b99f30, L_000002d9e9bac058;
L_000002d9e9b9b1f0 .cmp/eq 7, L_000002d9e9b99f30, L_000002d9e9bac0a0;
L_000002d9e9b9aed0 .cmp/eq 7, L_000002d9e9b99f30, L_000002d9e9bac0e8;
L_000002d9e9b9aa70 .cmp/eq 32, v000002d9e9b96320_0, L_000002d9e9bac130;
L_000002d9e9b9b970 .functor MUXZ 6, L_000002d9e9bac328, L_000002d9e9bac2e0, L_000002d9e9b9b1f0, C4<>;
L_000002d9e9b9a930 .functor MUXZ 6, L_000002d9e9b9b970, L_000002d9e9bac298, L_000002d9e9c17e00, C4<>;
L_000002d9e9b9a390 .functor MUXZ 6, L_000002d9e9b9a930, L_000002d9e9bac250, L_000002d9e9b9acf0, C4<>;
L_000002d9e9b9af70 .functor MUXZ 6, L_000002d9e9b9a390, L_000002d9e9bac208, L_000002d9e9b9bd30, C4<>;
L_000002d9e9b9b290 .functor MUXZ 6, L_000002d9e9b9af70, L_000002d9e9bac1c0, L_000002d9e9c163c0, C4<>;
L_000002d9e9b9b3d0 .functor MUXZ 6, L_000002d9e9b9b290, L_000002d9e9bac178, L_000002d9e9b9ac50, C4<>;
L_000002d9e9b9b470 .part L_000002d9e9b99f30, 4, 3;
L_000002d9e9b9a430 .functor MUXZ 5, L_000002d9e9bac6d0, L_000002d9e9b9c4b0, L_000002d9e9c16dd0, C4<>;
S_000002d9e98d1a70 .scope module, "imm_gen" "imm" 6 107, 7 6 0, S_000002d9e991adf0;
 .timescale -9 -12;
    .port_info 0 /INPUT 32 "i_inst";
    .port_info 1 /INPUT 6 "i_format";
    .port_info 2 /OUTPUT 32 "o_immediate";
v000002d9e9b6a400_0 .net *"_ivl_11", 0 0, L_000002d9e9b9bdd0;  1 drivers
v000002d9e9b69500_0 .net *"_ivl_12", 20 0, L_000002d9e9b9bfb0;  1 drivers
v000002d9e9b68e20_0 .net *"_ivl_15", 5 0, L_000002d9e9b9a570;  1 drivers
v000002d9e9b6a4a0_0 .net *"_ivl_17", 4 0, L_000002d9e9b9a610;  1 drivers
v000002d9e9b6a7c0_0 .net *"_ivl_21", 0 0, L_000002d9e9b9c230;  1 drivers
v000002d9e9b68c40_0 .net *"_ivl_22", 19 0, L_000002d9e9b9e8f0;  1 drivers
v000002d9e9b69fa0_0 .net *"_ivl_25", 0 0, L_000002d9e9b9c910;  1 drivers
v000002d9e9b6ad60_0 .net *"_ivl_27", 5 0, L_000002d9e9b9ea30;  1 drivers
v000002d9e9b695a0_0 .net *"_ivl_29", 3 0, L_000002d9e9b9e7b0;  1 drivers
v000002d9e9b6a360_0 .net *"_ivl_3", 0 0, L_000002d9e9b9c2d0;  1 drivers
L_000002d9e9bac760 .functor BUFT 1, C4<0>, C4<0>, C4<0>, C4<0>;
v000002d9e9b68ec0_0 .net/2u *"_ivl_30", 0 0, L_000002d9e9bac760;  1 drivers
v000002d9e9b69aa0_0 .net *"_ivl_35", 19 0, L_000002d9e9b9d630;  1 drivers
L_000002d9e9bac7a8 .functor BUFT 1, C4<000000000000>, C4<0>, C4<0>, C4<0>;
v000002d9e9b6acc0_0 .net/2u *"_ivl_36", 11 0, L_000002d9e9bac7a8;  1 drivers
v000002d9e9b69f00_0 .net *"_ivl_4", 20 0, L_000002d9e9b9b650;  1 drivers
v000002d9e9b68f60_0 .net *"_ivl_41", 0 0, L_000002d9e9b9e0d0;  1 drivers
v000002d9e9b6aae0_0 .net *"_ivl_42", 11 0, L_000002d9e9b9d8b0;  1 drivers
v000002d9e9b6a5e0_0 .net *"_ivl_45", 7 0, L_000002d9e9b9db30;  1 drivers
v000002d9e9b69b40_0 .net *"_ivl_47", 0 0, L_000002d9e9b9d3b0;  1 drivers
v000002d9e9b69960_0 .net *"_ivl_49", 9 0, L_000002d9e9b9c5f0;  1 drivers
L_000002d9e9bac7f0 .functor BUFT 1, C4<0>, C4<0>, C4<0>, C4<0>;
v000002d9e9b6aea0_0 .net/2u *"_ivl_50", 0 0, L_000002d9e9bac7f0;  1 drivers
v000002d9e9b6ae00_0 .net *"_ivl_55", 0 0, L_000002d9e9b9d310;  1 drivers
v000002d9e9b6a0e0_0 .net *"_ivl_57", 0 0, L_000002d9e9b9dc70;  1 drivers
v000002d9e9b6ab80_0 .net *"_ivl_59", 0 0, L_000002d9e9b9e490;  1 drivers
v000002d9e9b68920_0 .net *"_ivl_61", 0 0, L_000002d9e9b9c550;  1 drivers
v000002d9e9b69be0_0 .net *"_ivl_63", 0 0, L_000002d9e9b9cd70;  1 drivers
v000002d9e9b69460_0 .net *"_ivl_65", 0 0, L_000002d9e9b9d590;  1 drivers
L_000002d9e9bac838 .functor BUFT 1, C4<00000000000000000000000000000000>, C4<0>, C4<0>, C4<0>;
v000002d9e9b68b00_0 .net/2u *"_ivl_66", 31 0, L_000002d9e9bac838;  1 drivers
v000002d9e9b68ce0_0 .net *"_ivl_68", 31 0, L_000002d9e9b9d1d0;  1 drivers
v000002d9e9b6af40_0 .net *"_ivl_7", 10 0, L_000002d9e9b9bb50;  1 drivers
v000002d9e9b6ac20_0 .net *"_ivl_70", 31 0, L_000002d9e9b9e990;  1 drivers
v000002d9e9b69320_0 .net *"_ivl_72", 31 0, L_000002d9e9b9d450;  1 drivers
v000002d9e9b69640_0 .net *"_ivl_74", 31 0, L_000002d9e9b9eb70;  1 drivers
v000002d9e9b6afe0_0 .net *"_ivl_76", 31 0, L_000002d9e9b9d9f0;  1 drivers
v000002d9e9b696e0_0 .net "i_format", 5 0, L_000002d9e9b9b3d0;  alias, 1 drivers
v000002d9e9b68a60_0 .net "i_inst", 31 0, v000002d9e9b96320_0;  alias, 1 drivers
v000002d9e9b68880_0 .net "imm_b", 31 0, L_000002d9e9b9ce10;  1 drivers
v000002d9e9b6a900_0 .net "imm_i", 31 0, L_000002d9e9b9c050;  1 drivers
v000002d9e9b689c0_0 .net "imm_j", 31 0, L_000002d9e9b9cc30;  1 drivers
L_000002d9e9bac718 .functor BUFT 1, C4<xxxxxxxxxxxxxxxxxxxxxxxxxxxxxxxx>, C4<0>, C4<0>, C4<0>;
v000002d9e9b6a680_0 .net "imm_r", 31 0, L_000002d9e9bac718;  1 drivers
v000002d9e9b69a00_0 .net "imm_s", 31 0, L_000002d9e9b9a6b0;  1 drivers
v000002d9e9b6a040_0 .net "imm_u", 31 0, L_000002d9e9b9c9b0;  1 drivers
v000002d9e9b69780_0 .net "o_immediate", 31 0, L_000002d9e9b9e710;  alias, 1 drivers
L_000002d9e9b9c2d0 .part v000002d9e9b96320_0, 31, 1;
LS_000002d9e9b9b650_0_0 .concat [ 1 1 1 1], L_000002d9e9b9c2d0, L_000002d9e9b9c2d0, L_000002d9e9b9c2d0, L_000002d9e9b9c2d0;
LS_000002d9e9b9b650_0_4 .concat [ 1 1 1 1], L_000002d9e9b9c2d0, L_000002d9e9b9c2d0, L_000002d9e9b9c2d0, L_000002d9e9b9c2d0;
LS_000002d9e9b9b650_0_8 .concat [ 1 1 1 1], L_000002d9e9b9c2d0, L_000002d9e9b9c2d0, L_000002d9e9b9c2d0, L_000002d9e9b9c2d0;
LS_000002d9e9b9b650_0_12 .concat [ 1 1 1 1], L_000002d9e9b9c2d0, L_000002d9e9b9c2d0, L_000002d9e9b9c2d0, L_000002d9e9b9c2d0;
LS_000002d9e9b9b650_0_16 .concat [ 1 1 1 1], L_000002d9e9b9c2d0, L_000002d9e9b9c2d0, L_000002d9e9b9c2d0, L_000002d9e9b9c2d0;
LS_000002d9e9b9b650_0_20 .concat [ 1 0 0 0], L_000002d9e9b9c2d0;
LS_000002d9e9b9b650_1_0 .concat [ 4 4 4 4], LS_000002d9e9b9b650_0_0, LS_000002d9e9b9b650_0_4, LS_000002d9e9b9b650_0_8, LS_000002d9e9b9b650_0_12;
LS_000002d9e9b9b650_1_4 .concat [ 4 1 0 0], LS_000002d9e9b9b650_0_16, LS_000002d9e9b9b650_0_20;
L_000002d9e9b9b650 .concat [ 16 5 0 0], LS_000002d9e9b9b650_1_0, LS_000002d9e9b9b650_1_4;
L_000002d9e9b9bb50 .part v000002d9e9b96320_0, 20, 11;
L_000002d9e9b9c050 .concat [ 11 21 0 0], L_000002d9e9b9bb50, L_000002d9e9b9b650;
L_000002d9e9b9bdd0 .part v000002d9e9b96320_0, 31, 1;
LS_000002d9e9b9bfb0_0_0 .concat [ 1 1 1 1], L_000002d9e9b9bdd0, L_000002d9e9b9bdd0, L_000002d9e9b9bdd0, L_000002d9e9b9bdd0;
LS_000002d9e9b9bfb0_0_4 .concat [ 1 1 1 1], L_000002d9e9b9bdd0, L_000002d9e9b9bdd0, L_000002d9e9b9bdd0, L_000002d9e9b9bdd0;
LS_000002d9e9b9bfb0_0_8 .concat [ 1 1 1 1], L_000002d9e9b9bdd0, L_000002d9e9b9bdd0, L_000002d9e9b9bdd0, L_000002d9e9b9bdd0;
LS_000002d9e9b9bfb0_0_12 .concat [ 1 1 1 1], L_000002d9e9b9bdd0, L_000002d9e9b9bdd0, L_000002d9e9b9bdd0, L_000002d9e9b9bdd0;
LS_000002d9e9b9bfb0_0_16 .concat [ 1 1 1 1], L_000002d9e9b9bdd0, L_000002d9e9b9bdd0, L_000002d9e9b9bdd0, L_000002d9e9b9bdd0;
LS_000002d9e9b9bfb0_0_20 .concat [ 1 0 0 0], L_000002d9e9b9bdd0;
LS_000002d9e9b9bfb0_1_0 .concat [ 4 4 4 4], LS_000002d9e9b9bfb0_0_0, LS_000002d9e9b9bfb0_0_4, LS_000002d9e9b9bfb0_0_8, LS_000002d9e9b9bfb0_0_12;
LS_000002d9e9b9bfb0_1_4 .concat [ 4 1 0 0], LS_000002d9e9b9bfb0_0_16, LS_000002d9e9b9bfb0_0_20;
L_000002d9e9b9bfb0 .concat [ 16 5 0 0], LS_000002d9e9b9bfb0_1_0, LS_000002d9e9b9bfb0_1_4;
L_000002d9e9b9a570 .part v000002d9e9b96320_0, 25, 6;
L_000002d9e9b9a610 .part v000002d9e9b96320_0, 7, 5;
L_000002d9e9b9a6b0 .concat [ 5 6 21 0], L_000002d9e9b9a610, L_000002d9e9b9a570, L_000002d9e9b9bfb0;
L_000002d9e9b9c230 .part v000002d9e9b96320_0, 31, 1;
LS_000002d9e9b9e8f0_0_0 .concat [ 1 1 1 1], L_000002d9e9b9c230, L_000002d9e9b9c230, L_000002d9e9b9c230, L_000002d9e9b9c230;
LS_000002d9e9b9e8f0_0_4 .concat [ 1 1 1 1], L_000002d9e9b9c230, L_000002d9e9b9c230, L_000002d9e9b9c230, L_000002d9e9b9c230;
LS_000002d9e9b9e8f0_0_8 .concat [ 1 1 1 1], L_000002d9e9b9c230, L_000002d9e9b9c230, L_000002d9e9b9c230, L_000002d9e9b9c230;
LS_000002d9e9b9e8f0_0_12 .concat [ 1 1 1 1], L_000002d9e9b9c230, L_000002d9e9b9c230, L_000002d9e9b9c230, L_000002d9e9b9c230;
LS_000002d9e9b9e8f0_0_16 .concat [ 1 1 1 1], L_000002d9e9b9c230, L_000002d9e9b9c230, L_000002d9e9b9c230, L_000002d9e9b9c230;
LS_000002d9e9b9e8f0_1_0 .concat [ 4 4 4 4], LS_000002d9e9b9e8f0_0_0, LS_000002d9e9b9e8f0_0_4, LS_000002d9e9b9e8f0_0_8, LS_000002d9e9b9e8f0_0_12;
LS_000002d9e9b9e8f0_1_4 .concat [ 4 0 0 0], LS_000002d9e9b9e8f0_0_16;
L_000002d9e9b9e8f0 .concat [ 16 4 0 0], LS_000002d9e9b9e8f0_1_0, LS_000002d9e9b9e8f0_1_4;
L_000002d9e9b9c910 .part v000002d9e9b96320_0, 7, 1;
L_000002d9e9b9ea30 .part v000002d9e9b96320_0, 25, 6;
L_000002d9e9b9e7b0 .part v000002d9e9b96320_0, 8, 4;
LS_000002d9e9b9ce10_0_0 .concat [ 1 4 6 1], L_000002d9e9bac760, L_000002d9e9b9e7b0, L_000002d9e9b9ea30, L_000002d9e9b9c910;
LS_000002d9e9b9ce10_0_4 .concat [ 20 0 0 0], L_000002d9e9b9e8f0;
L_000002d9e9b9ce10 .concat [ 12 20 0 0], LS_000002d9e9b9ce10_0_0, LS_000002d9e9b9ce10_0_4;
L_000002d9e9b9d630 .part v000002d9e9b96320_0, 12, 20;
L_000002d9e9b9c9b0 .concat [ 12 20 0 0], L_000002d9e9bac7a8, L_000002d9e9b9d630;
L_000002d9e9b9e0d0 .part v000002d9e9b96320_0, 31, 1;
LS_000002d9e9b9d8b0_0_0 .concat [ 1 1 1 1], L_000002d9e9b9e0d0, L_000002d9e9b9e0d0, L_000002d9e9b9e0d0, L_000002d9e9b9e0d0;
LS_000002d9e9b9d8b0_0_4 .concat [ 1 1 1 1], L_000002d9e9b9e0d0, L_000002d9e9b9e0d0, L_000002d9e9b9e0d0, L_000002d9e9b9e0d0;
LS_000002d9e9b9d8b0_0_8 .concat [ 1 1 1 1], L_000002d9e9b9e0d0, L_000002d9e9b9e0d0, L_000002d9e9b9e0d0, L_000002d9e9b9e0d0;
L_000002d9e9b9d8b0 .concat [ 4 4 4 0], LS_000002d9e9b9d8b0_0_0, LS_000002d9e9b9d8b0_0_4, LS_000002d9e9b9d8b0_0_8;
L_000002d9e9b9db30 .part v000002d9e9b96320_0, 12, 8;
L_000002d9e9b9d3b0 .part v000002d9e9b96320_0, 20, 1;
L_000002d9e9b9c5f0 .part v000002d9e9b96320_0, 21, 10;
LS_000002d9e9b9cc30_0_0 .concat [ 1 10 1 8], L_000002d9e9bac7f0, L_000002d9e9b9c5f0, L_000002d9e9b9d3b0, L_000002d9e9b9db30;
LS_000002d9e9b9cc30_0_4 .concat [ 12 0 0 0], L_000002d9e9b9d8b0;
L_000002d9e9b9cc30 .concat [ 20 12 0 0], LS_000002d9e9b9cc30_0_0, LS_000002d9e9b9cc30_0_4;
L_000002d9e9b9d310 .part L_000002d9e9b9b3d0, 0, 1;
L_000002d9e9b9dc70 .part L_000002d9e9b9b3d0, 1, 1;
L_000002d9e9b9e490 .part L_000002d9e9b9b3d0, 2, 1;
L_000002d9e9b9c550 .part L_000002d9e9b9b3d0, 3, 1;
L_000002d9e9b9cd70 .part L_000002d9e9b9b3d0, 4, 1;
L_000002d9e9b9d590 .part L_000002d9e9b9b3d0, 5, 1;
L_000002d9e9b9d1d0 .functor MUXZ 32, L_000002d9e9bac838, L_000002d9e9b9cc30, L_000002d9e9b9d590, C4<>;
L_000002d9e9b9e990 .functor MUXZ 32, L_000002d9e9b9d1d0, L_000002d9e9b9c9b0, L_000002d9e9b9cd70, C4<>;
L_000002d9e9b9d450 .functor MUXZ 32, L_000002d9e9b9e990, L_000002d9e9b9ce10, L_000002d9e9b9c550, C4<>;
L_000002d9e9b9eb70 .functor MUXZ 32, L_000002d9e9b9d450, L_000002d9e9b9a6b0, L_000002d9e9b9e490, C4<>;
L_000002d9e9b9d9f0 .functor MUXZ 32, L_000002d9e9b9eb70, L_000002d9e9b9c050, L_000002d9e9b9dc70, C4<>;
L_000002d9e9b9e710 .functor MUXZ 32, L_000002d9e9b9d9f0, L_000002d9e9bac718, L_000002d9e9b9d310, C4<>;
S_000002d9e98d3820 .scope module, "rf_rw" "rf" 6 88, 8 8 0, S_000002d9e991adf0;
 .timescale -9 -12;
    .port_info 0 /INPUT 1 "i_clk";
    .port_info 1 /INPUT 1 "i_rst";
    .port_info 2 /INPUT 5 "i_rs1_raddr";
    .port_info 3 /OUTPUT 32 "o_rs1_rdata";
    .port_info 4 /INPUT 5 "i_rs2_raddr";
    .port_info 5 /OUTPUT 32 "o_rs2_rdata";
    .port_info 6 /INPUT 1 "i_rd_wen";
    .port_info 7 /INPUT 5 "i_rd_waddr";
    .port_info 8 /INPUT 32 "i_rd_wdata";
P_000002d9e9ab9590 .param/l "BYPASS_EN" 0 8 17, +C4<00000000000000000000000000000001>;
L_000002d9e9bac370 .functor BUFT 1, C4<1>, C4<0>, C4<0>, C4<0>;
L_000002d9e9c16900 .functor AND 1, L_000002d9e9bac370, L_000002d9e9c215e0, C4<1>, C4<1>;
L_000002d9e9c171c0 .functor AND 1, L_000002d9e9c16900, L_000002d9e9b9b510, C4<1>, C4<1>;
L_000002d9e9c17070 .functor AND 1, L_000002d9e9c171c0, L_000002d9e9b9bf10, C4<1>, C4<1>;
L_000002d9e9bac400 .functor BUFT 1, C4<1>, C4<0>, C4<0>, C4<0>;
L_000002d9e9c17230 .functor AND 1, L_000002d9e9bac400, L_000002d9e9c215e0, C4<1>, C4<1>;
L_000002d9e9c178c0 .functor AND 1, L_000002d9e9c17230, L_000002d9e9b9a750, C4<1>, C4<1>;
L_000002d9e9c16eb0 .functor AND 1, L_000002d9e9c178c0, L_000002d9e9b9b5b0, C4<1>, C4<1>;
v000002d9e9b6a9a0_0 .net/2u *"_ivl_0", 0 0, L_000002d9e9bac370;  1 drivers
v000002d9e9b6a860_0 .net *"_ivl_10", 0 0, L_000002d9e9b9bf10;  1 drivers
v000002d9e9b69820_0 .net/2u *"_ivl_14", 0 0, L_000002d9e9bac400;  1 drivers
v000002d9e9b68d80_0 .net *"_ivl_17", 0 0, L_000002d9e9c17230;  1 drivers
L_000002d9e9bac448 .functor BUFT 1, C4<00000>, C4<0>, C4<0>, C4<0>;
v000002d9e9b69000_0 .net/2u *"_ivl_18", 4 0, L_000002d9e9bac448;  1 drivers
v000002d9e9b6aa40_0 .net *"_ivl_20", 0 0, L_000002d9e9b9a750;  1 drivers
v000002d9e9b690a0_0 .net *"_ivl_23", 0 0, L_000002d9e9c178c0;  1 drivers
v000002d9e9b698c0_0 .net *"_ivl_24", 0 0, L_000002d9e9b9b5b0;  1 drivers
L_000002d9e9bac490 .functor BUFT 1, C4<00000000000000000000000000000000>, C4<0>, C4<0>, C4<0>;
v000002d9e9b691e0_0 .net/2u *"_ivl_28", 31 0, L_000002d9e9bac490;  1 drivers
v000002d9e9b69140_0 .net *"_ivl_3", 0 0, L_000002d9e9c16900;  1 drivers
L_000002d9e9bac4d8 .functor BUFT 1, C4<00000>, C4<0>, C4<0>, C4<0>;
v000002d9e9b69c80_0 .net/2u *"_ivl_30", 4 0, L_000002d9e9bac4d8;  1 drivers
v000002d9e9b69280_0 .net *"_ivl_32", 0 0, L_000002d9e9b9ba10;  1 drivers
L_000002d9e9bac520 .functor BUFT 1, C4<00000000000000000000000000000000>, C4<0>, C4<0>, C4<0>;
v000002d9e9b69d20_0 .net/2u *"_ivl_34", 31 0, L_000002d9e9bac520;  1 drivers
v000002d9e9b6a180_0 .net *"_ivl_36", 31 0, L_000002d9e9b99e90;  1 drivers
v000002d9e9b6a220_0 .net *"_ivl_38", 6 0, L_000002d9e9b9a7f0;  1 drivers
L_000002d9e9bac3b8 .functor BUFT 1, C4<00000>, C4<0>, C4<0>, C4<0>;
v000002d9e9b6a2c0_0 .net/2u *"_ivl_4", 4 0, L_000002d9e9bac3b8;  1 drivers
L_000002d9e9bac568 .functor BUFT 1, C4<00>, C4<0>, C4<0>, C4<0>;
v000002d9e9b720e0_0 .net *"_ivl_41", 1 0, L_000002d9e9bac568;  1 drivers
v000002d9e9b715a0_0 .net *"_ivl_42", 31 0, L_000002d9e9b99d50;  1 drivers
v000002d9e9b71500_0 .net *"_ivl_44", 31 0, L_000002d9e9b9be70;  1 drivers
L_000002d9e9bac5b0 .functor BUFT 1, C4<00000000000000000000000000000000>, C4<0>, C4<0>, C4<0>;
v000002d9e9b71140_0 .net/2u *"_ivl_48", 31 0, L_000002d9e9bac5b0;  1 drivers
L_000002d9e9bac5f8 .functor BUFT 1, C4<00000>, C4<0>, C4<0>, C4<0>;
v000002d9e9b72b80_0 .net/2u *"_ivl_50", 4 0, L_000002d9e9bac5f8;  1 drivers
v000002d9e9b713c0_0 .net *"_ivl_52", 0 0, L_000002d9e9b9a250;  1 drivers
L_000002d9e9bac640 .functor BUFT 1, C4<00000000000000000000000000000000>, C4<0>, C4<0>, C4<0>;
v000002d9e9b73620_0 .net/2u *"_ivl_54", 31 0, L_000002d9e9bac640;  1 drivers
v000002d9e9b72f40_0 .net *"_ivl_56", 31 0, L_000002d9e9b9bab0;  1 drivers
v000002d9e9b72680_0 .net *"_ivl_58", 6 0, L_000002d9e9b9c190;  1 drivers
v000002d9e9b71fa0_0 .net *"_ivl_6", 0 0, L_000002d9e9b9b510;  1 drivers
L_000002d9e9bac688 .functor BUFT 1, C4<00>, C4<0>, C4<0>, C4<0>;
v000002d9e9b716e0_0 .net *"_ivl_61", 1 0, L_000002d9e9bac688;  1 drivers
v000002d9e9b725e0_0 .net *"_ivl_62", 31 0, L_000002d9e9b99df0;  1 drivers
v000002d9e9b72a40_0 .net *"_ivl_64", 31 0, L_000002d9e9b99fd0;  1 drivers
v000002d9e9b72ae0_0 .net *"_ivl_9", 0 0, L_000002d9e9c171c0;  1 drivers
v000002d9e9b71460_0 .net "i_clk", 0 0, v000002d9e9b8ae80_0;  alias, 1 drivers
v000002d9e9b72fe0_0 .net "i_rd_waddr", 4 0, v000002d9e9b88040_0;  alias, 1 drivers
v000002d9e9b734e0_0 .net "i_rd_wdata", 31 0, L_000002d9e9c39110;  alias, 1 drivers
v000002d9e9b733a0_0 .net "i_rd_wen", 0 0, L_000002d9e9c215e0;  alias, 1 drivers
v000002d9e9b73080_0 .net "i_rs1_raddr", 4 0, L_000002d9e9b9c0f0;  alias, 1 drivers
v000002d9e9b73800_0 .net "i_rs2_raddr", 4 0, L_000002d9e9b9b150;  alias, 1 drivers
v000002d9e9b73580_0 .net "i_rst", 0 0, v000002d9e9ba1ff0_0;  alias, 1 drivers
v000002d9e9b72040_0 .net "o_rs1_rdata", 31 0, L_000002d9e9b9a9d0;  alias, 1 drivers
v000002d9e9b71e60_0 .net "o_rs2_rdata", 31 0, L_000002d9e9b9a4d0;  alias, 1 drivers
v000002d9e9b73120 .array "regs", 31 0, 31 0;
v000002d9e9b71780_0 .net "rs1_bypass_hit", 0 0, L_000002d9e9c17070;  1 drivers
v000002d9e9b71b40_0 .net "rs2_bypass_hit", 0 0, L_000002d9e9c16eb0;  1 drivers
L_000002d9e9b9b510 .cmp/ne 5, v000002d9e9b88040_0, L_000002d9e9bac3b8;
L_000002d9e9b9bf10 .cmp/eq 5, L_000002d9e9b9c0f0, v000002d9e9b88040_0;
L_000002d9e9b9a750 .cmp/ne 5, v000002d9e9b88040_0, L_000002d9e9bac448;
L_000002d9e9b9b5b0 .cmp/eq 5, L_000002d9e9b9b150, v000002d9e9b88040_0;
L_000002d9e9b9ba10 .cmp/eq 5, L_000002d9e9b9c0f0, L_000002d9e9bac4d8;
L_000002d9e9b99e90 .array/port v000002d9e9b73120, L_000002d9e9b9a7f0;
L_000002d9e9b9a7f0 .concat [ 5 2 0 0], L_000002d9e9b9c0f0, L_000002d9e9bac568;
L_000002d9e9b99d50 .functor MUXZ 32, L_000002d9e9b99e90, L_000002d9e9c39110, L_000002d9e9c17070, C4<>;
L_000002d9e9b9be70 .functor MUXZ 32, L_000002d9e9b99d50, L_000002d9e9bac520, L_000002d9e9b9ba10, C4<>;
L_000002d9e9b9a9d0 .functor MUXZ 32, L_000002d9e9b9be70, L_000002d9e9bac490, v000002d9e9ba1ff0_0, C4<>;
L_000002d9e9b9a250 .cmp/eq 5, L_000002d9e9b9b150, L_000002d9e9bac5f8;
L_000002d9e9b9bab0 .array/port v000002d9e9b73120, L_000002d9e9b9c190;
L_000002d9e9b9c190 .concat [ 5 2 0 0], L_000002d9e9b9b150, L_000002d9e9bac688;
L_000002d9e9b99df0 .functor MUXZ 32, L_000002d9e9b9bab0, L_000002d9e9c39110, L_000002d9e9c16eb0, C4<>;
L_000002d9e9b99fd0 .functor MUXZ 32, L_000002d9e9b99df0, L_000002d9e9bac640, L_000002d9e9b9a250, C4<>;
L_000002d9e9b9a4d0 .functor MUXZ 32, L_000002d9e9b99fd0, L_000002d9e9bac5b0, v000002d9e9ba1ff0_0, C4<>;
S_000002d9e98af100 .scope module, "u_execute" "execute" 4 675, 9 1 0, S_000002d9e949c4e0;
 .timescale -9 -12;
    .port_info 0 /INPUT 3 "AluOp";
    .port_info 1 /INPUT 3 "Func3";
    .port_info 2 /INPUT 7 "Func7";
    .port_info 3 /INPUT 7 "opcode";
    .port_info 4 /INPUT 32 "Operand1";
    .port_info 5 /INPUT 32 "Operand2";
    .port_info 6 /OUTPUT 32 "AluResult";
    .port_info 7 /OUTPUT 1 "ALUeq";
    .port_info 8 /OUTPUT 1 "ALUslt";
v000002d9e9b6f020_0 .net "ALUeq", 0 0, L_000002d9e9ba14b0;  alias, 1 drivers
v000002d9e9b6ec60_0 .net "ALUslt", 0 0, L_000002d9e9c1d6e0;  alias, 1 drivers
v000002d9e9b6fde0_0 .net "AluControl_arith", 0 0, v000002d9e9b70f60_0;  1 drivers
v000002d9e9b6f3e0_0 .net "AluControl_opsel", 2 0, v000002d9e9b6ee40_0;  1 drivers
v000002d9e9b6f7a0_0 .net "AluControl_sub", 0 0, v000002d9e9b70e20_0;  1 drivers
v000002d9e9b70b00_0 .net "AluControl_unsigned", 0 0, v000002d9e9b70100_0;  1 drivers
v000002d9e9b6fb60_0 .net "AluOp", 2 0, v000002d9e9b922c0_0;  1 drivers
v000002d9e9b6f480_0 .net "AluResult", 31 0, v000002d9e9b6f520_0;  alias, 1 drivers
v000002d9e9b6ebc0_0 .net "Func3", 2 0, v000002d9e9b94020_0;  1 drivers
v000002d9e9b6f840_0 .net "Func7", 6 0, v000002d9e9b92e00_0;  1 drivers
v000002d9e9b6f8e0_0 .net "Operand1", 31 0, L_000002d9e9ba0830;  alias, 1 drivers
v000002d9e9b6ef80_0 .net "Operand2", 31 0, L_000002d9e9ba0bf0;  alias, 1 drivers
v000002d9e9b6f160_0 .net "opcode", 6 0, v000002d9e9b933a0_0;  1 drivers
S_000002d9e99127c0 .scope module, "u_alu" "alu" 9 42, 10 8 0, S_000002d9e98af100;
 .timescale -9 -12;
    .port_info 0 /INPUT 3 "i_opsel";
    .port_info 1 /INPUT 1 "i_sub";
    .port_info 2 /INPUT 1 "i_unsigned";
    .port_info 3 /INPUT 1 "i_arith";
    .port_info 4 /INPUT 32 "i_op1";
    .port_info 5 /INPUT 32 "i_op2";
    .port_info 6 /OUTPUT 32 "o_result";
    .port_info 7 /OUTPUT 1 "o_eq";
    .port_info 8 /OUTPUT 1 "o_slt";
L_000002d9e9c1d360 .functor NOT 1, L_000002d9e9ba12d0, C4<0>, C4<0>, C4<0>;
L_000002d9e9c1d520 .functor AND 1, L_000002d9e9ba08d0, L_000002d9e9c1d360, C4<1>, C4<1>;
L_000002d9e9c1ce20 .functor XOR 1, L_000002d9e9ba1050, L_000002d9e9ba0970, C4<0>, C4<0>;
L_000002d9e9c1ce90 .functor NOT 1, L_000002d9e9c1ce20, C4<0>, C4<0>, C4<0>;
L_000002d9e9c1cb10 .functor AND 1, L_000002d9e9c1ce90, L_000002d9e9ba1410, C4<1>, C4<1>;
L_000002d9e9c1cbf0 .functor OR 1, L_000002d9e9c1d520, L_000002d9e9c1cb10, C4<0>, C4<0>;
L_000002d9e9c1db40 .functor AND 1, v000002d9e9b70100_0, L_000002d9e9ba1410, C4<1>, C4<1>;
L_000002d9e9c1c410 .functor NOT 1, v000002d9e9b70100_0, C4<0>, C4<0>, C4<0>;
L_000002d9e9c1dd00 .functor AND 1, L_000002d9e9c1c410, L_000002d9e9c1cbf0, C4<1>, C4<1>;
L_000002d9e9c1d6e0 .functor OR 1, L_000002d9e9c1db40, L_000002d9e9c1dd00, C4<0>, C4<0>;
v000002d9e9b75880_0 .net *"_ivl_10", 0 0, L_000002d9e9c1d520;  1 drivers
v000002d9e9b757e0_0 .net *"_ivl_13", 0 0, L_000002d9e9ba1050;  1 drivers
v000002d9e9b748e0_0 .net *"_ivl_15", 0 0, L_000002d9e9ba0970;  1 drivers
v000002d9e9b74a20_0 .net *"_ivl_16", 0 0, L_000002d9e9c1ce20;  1 drivers
v000002d9e9b74f20_0 .net *"_ivl_18", 0 0, L_000002d9e9c1ce90;  1 drivers
v000002d9e9b75b00_0 .net *"_ivl_20", 0 0, L_000002d9e9c1cb10;  1 drivers
v000002d9e9b75060_0 .net *"_ivl_26", 0 0, L_000002d9e9c1db40;  1 drivers
v000002d9e9b75100_0 .net *"_ivl_28", 0 0, L_000002d9e9c1c410;  1 drivers
v000002d9e9b751a0_0 .net *"_ivl_30", 0 0, L_000002d9e9c1dd00;  1 drivers
v000002d9e9b75ba0_0 .net *"_ivl_5", 0 0, L_000002d9e9ba08d0;  1 drivers
v000002d9e9b75e20_0 .net *"_ivl_7", 0 0, L_000002d9e9ba12d0;  1 drivers
v000002d9e9b76320_0 .net *"_ivl_8", 0 0, L_000002d9e9c1d360;  1 drivers
v000002d9e9b76640_0 .net "i_arith", 0 0, v000002d9e9b70f60_0;  alias, 1 drivers
v000002d9e9b76500_0 .net "i_op1", 31 0, L_000002d9e9ba0830;  alias, 1 drivers
v000002d9e9b765a0_0 .net "i_op2", 31 0, L_000002d9e9ba0bf0;  alias, 1 drivers
v000002d9e9b766e0_0 .net "i_opsel", 2 0, v000002d9e9b6ee40_0;  alias, 1 drivers
v000002d9e9b761e0_0 .net "i_sub", 0 0, v000002d9e9b70e20_0;  alias, 1 drivers
v000002d9e9b76140_0 .net "i_unsigned", 0 0, v000002d9e9b70100_0;  alias, 1 drivers
v000002d9e9b763c0_0 .net "lt_signed", 0 0, L_000002d9e9c1cbf0;  1 drivers
v000002d9e9b76780_0 .net "lt_unsigned", 0 0, L_000002d9e9ba1410;  1 drivers
v000002d9e9b760a0_0 .net "o_eq", 0 0, L_000002d9e9ba14b0;  alias, 1 drivers
v000002d9e9b76280_0 .net "o_result", 31 0, v000002d9e9b6f520_0;  alias, 1 drivers
v000002d9e9b76460_0 .net "o_slt", 0 0, L_000002d9e9c1d6e0;  alias, 1 drivers
v000002d9e9b6f520_0 .var "result", 31 0;
v000002d9e9b70c40_0 .net "shamt", 4 0, L_000002d9e9ba0150;  1 drivers
v000002d9e9b6f5c0_0 .var "sll_result", 31 0;
v000002d9e9b6f660_0 .var "sra_result", 31 0;
v000002d9e9b70ce0_0 .var "srl_result", 31 0;
E_000002d9e9ab9790/0 .event anyedge, v000002d9e9b766e0_0, v000002d9e9b761e0_0, v000002d9e9b76500_0, v000002d9e9b765a0_0;
E_000002d9e9ab9790/1 .event anyedge, v000002d9e9b6f5c0_0, v000002d9e9b76460_0, v000002d9e9b76640_0, v000002d9e9b70ce0_0;
E_000002d9e9ab9790/2 .event anyedge, v000002d9e9b6f660_0;
E_000002d9e9ab9790 .event/or E_000002d9e9ab9790/0, E_000002d9e9ab9790/1, E_000002d9e9ab9790/2;
E_000002d9e9ab9d10 .event anyedge, v000002d9e9b70c40_0, v000002d9e9b76500_0;
L_000002d9e9ba0150 .part L_000002d9e9ba0bf0, 0, 5;
L_000002d9e9ba1410 .cmp/gt 32, L_000002d9e9ba0bf0, L_000002d9e9ba0830;
L_000002d9e9ba08d0 .part L_000002d9e9ba0830, 31, 1;
L_000002d9e9ba12d0 .part L_000002d9e9ba0bf0, 31, 1;
L_000002d9e9ba1050 .part L_000002d9e9ba0830, 31, 1;
L_000002d9e9ba0970 .part L_000002d9e9ba0bf0, 31, 1;
L_000002d9e9ba14b0 .cmp/eq 32, L_000002d9e9ba0830, L_000002d9e9ba0bf0;
S_000002d9e9912950 .scope module, "u_alu_control_unit" "alu_control_unit" 9 28, 11 1 0, S_000002d9e98af100;
 .timescale -9 -12;
    .port_info 0 /INPUT 3 "AluOp";
    .port_info 1 /INPUT 3 "Func3";
    .port_info 2 /INPUT 7 "Func7";
    .port_info 3 /INPUT 7 "opcode";
    .port_info 4 /OUTPUT 3 "AluControl_opsel";
    .port_info 5 /OUTPUT 1 "AluControl_sub";
    .port_info 6 /OUTPUT 1 "AluControl_unsigned";
    .port_info 7 /OUTPUT 1 "AluControl_arith";
v000002d9e9b70f60_0 .var "AluControl_arith", 0 0;
v000002d9e9b6ee40_0 .var "AluControl_opsel", 2 0;
v000002d9e9b70e20_0 .var "AluControl_sub", 0 0;
v000002d9e9b70100_0 .var "AluControl_unsigned", 0 0;
v000002d9e9b6f0c0_0 .net "AluOp", 2 0, v000002d9e9b922c0_0;  alias, 1 drivers
v000002d9e9b6eb20_0 .net "Func3", 2 0, v000002d9e9b94020_0;  alias, 1 drivers
v000002d9e9b6f2a0_0 .net "Func7", 6 0, v000002d9e9b92e00_0;  alias, 1 drivers
v000002d9e9b6f700_0 .net "opcode", 6 0, v000002d9e9b933a0_0;  alias, 1 drivers
E_000002d9e9ab9650 .event anyedge, v000002d9e9b6f0c0_0, v000002d9e9b6f700_0, v000002d9e9b6eb20_0, v000002d9e9b6f2a0_0;
S_000002d9e98e0070 .scope module, "u_icache" "cache" 4 468, 5 3 0, S_000002d9e949c4e0;
 .timescale -9 -12;
    .port_info 0 /INPUT 1 "i_clk";
    .port_info 1 /INPUT 1 "i_rst";
    .port_info 2 /INPUT 1 "i_mem_ready";
    .port_info 3 /OUTPUT 32 "o_mem_addr";
    .port_info 4 /OUTPUT 1 "o_mem_ren";
    .port_info 5 /OUTPUT 1 "o_mem_wen";
    .port_info 6 /OUTPUT 32 "o_mem_wdata";
    .port_info 7 /INPUT 32 "i_mem_rdata";
    .port_info 8 /INPUT 1 "i_mem_valid";
    .port_info 9 /OUTPUT 1 "o_busy";
    .port_info 10 /INPUT 32 "i_req_addr";
    .port_info 11 /INPUT 1 "i_req_ren";
    .port_info 12 /INPUT 1 "i_req_wen";
    .port_info 13 /INPUT 4 "i_req_mask";
    .port_info 14 /INPUT 32 "i_req_wdata";
    .port_info 15 /OUTPUT 32 "o_res_rdata";
P_000002d9e93664a0 .param/l "D" 1 5 25, +C4<00000000000000000000000000000100>;
P_000002d9e93664d8 .param/l "DEPTH" 1 5 23, +C4<00000000000000000000000000100000>;
P_000002d9e9366510 .param/l "O" 1 5 21, +C4<00000000000000000000000000000100>;
P_000002d9e9366548 .param/l "REFILL_LAST_WORD" 1 5 37, C4<11>;
P_000002d9e9366580 .param/l "S" 1 5 22, +C4<00000000000000000000000000000101>;
P_000002d9e93665b8 .param/l "STATE_IDLE" 1 5 27, C4<00>;
P_000002d9e93665f0 .param/l "STATE_REFILL_REQ" 1 5 28, C4<01>;
P_000002d9e9366628 .param/l "STATE_REFILL_WAIT" 1 5 29, C4<10>;
P_000002d9e9366660 .param/l "STATE_WRITE_REQ" 1 5 30, C4<11>;
P_000002d9e9366698 .param/l "T" 1 5 24, +C4<00000000000000000000000000010111>;
P_000002d9e93666d0 .param/l "WB_COUNT_FULL" 1 5 36, C4<1000>;
P_000002d9e9366708 .param/l "WB_COUNT_W" 1 5 34, +C4<00000000000000000000000000000100>;
P_000002d9e9366740 .param/l "WB_COUNT_ZERO" 1 5 35, C4<0000>;
P_000002d9e9366778 .param/l "WB_DEPTH" 1 5 32, +C4<00000000000000000000000000001000>;
P_000002d9e93667b0 .param/l "WB_PTR_W" 1 5 33, +C4<00000000000000000000000000000011>;
L_000002d9e9a924d0 .functor AND 1, L_000002d9e9ba29f0, L_000002d9e9ba2d10, C4<1>, C4<1>;
L_000002d9e9a925b0 .functor AND 1, L_000002d9e9ba2f90, L_000002d9e9ba1870, C4<1>, C4<1>;
L_000002d9e9a93030 .functor OR 1, L_000002d9e9a924d0, L_000002d9e9a925b0, C4<0>, C4<0>;
L_000002d9e9a92930 .functor BUFZ 32, L_000002d9e9ba3030, C4<00000000000000000000000000000000>, C4<00000000000000000000000000000000>, C4<00000000000000000000000000000000>;
L_000002d9e9a92620 .functor BUFZ 32, L_000002d9e9ba3710, C4<00000000000000000000000000000000>, C4<00000000000000000000000000000000>, C4<00000000000000000000000000000000>;
L_000002d9e9a92690 .functor NOT 1, L_000002d9e9a93030, C4<0>, C4<0>, C4<0>;
L_000002d9e9a92700 .functor AND 1, L_000002d9e9c14d70, L_000002d9e9a92690, C4<1>, C4<1>;
L_000002d9e9a92850 .functor NOT 1, L_000002d9e9a93030, C4<0>, C4<0>, C4<0>;
L_000002d9e9baaf30 .functor BUFT 1, C4<0>, C4<0>, C4<0>, C4<0>;
L_000002d9e9a92a10 .functor AND 1, L_000002d9e9baaf30, L_000002d9e9a92850, C4<1>, C4<1>;
L_000002d9e9a92a80 .functor NOT 1, L_000002d9e9ba29f0, C4<0>, C4<0>, C4<0>;
L_000002d9e9a92b60 .functor NOT 1, L_000002d9e9ba2f90, C4<0>, C4<0>, C4<0>;
L_000002d9e9a92bd0 .functor BUFZ 1, L_000002d9e9a925b0, C4<0>, C4<0>, C4<0>;
L_000002d9e9a92d90 .functor NOT 32, L_000002d9e9ba4610, C4<00000000000000000000000000000000>, C4<00000000000000000000000000000000>, C4<00000000000000000000000000000000>;
L_000002d9e9a92ee0 .functor AND 32, L_000002d9e9ba5010, L_000002d9e9a92d90, C4<11111111111111111111111111111111>, C4<11111111111111111111111111111111>;
L_000002d9e9baafc0 .functor BUFT 1, C4<00000000000000000000000000000000>, C4<0>, C4<0>, C4<0>;
L_000002d9e9a92d20 .functor AND 32, L_000002d9e9baafc0, L_000002d9e9ba4610, C4<11111111111111111111111111111111>, C4<11111111111111111111111111111111>;
L_000002d9e9a92e70 .functor OR 32, L_000002d9e9a92ee0, L_000002d9e9a92d20, C4<00000000000000000000000000000000>, C4<00000000000000000000000000000000>;
L_000002d9e9a92f50 .functor OR 32, L_000002d9e9ba4c50, L_000002d9e9ba4070, C4<00000000000000000000000000000000>, C4<00000000000000000000000000000000>;
L_000002d9e9baa708 .functor BUFT 1, C4<0>, C4<0>, C4<0>, C4<0>;
L_000002d9e9a93110 .functor XNOR 1, v000002d9e9b7d750_0, L_000002d9e9baa708, C4<0>, C4<0>;
L_000002d9e9a93e30 .functor NOT 32, L_000002d9e9ba4390, C4<00000000000000000000000000000000>, C4<00000000000000000000000000000000>, C4<00000000000000000000000000000000>;
L_000002d9e9a93ea0 .functor AND 32, L_000002d9e9ba60f0, L_000002d9e9a93e30, C4<11111111111111111111111111111111>, C4<11111111111111111111111111111111>;
L_000002d9e9a93b20 .functor AND 32, v000002d9e9b7d390_0, L_000002d9e9ba4390, C4<11111111111111111111111111111111>, C4<11111111111111111111111111111111>;
L_000002d9e9a93d50 .functor OR 32, L_000002d9e9a93ea0, L_000002d9e9a93b20, C4<00000000000000000000000000000000>, C4<00000000000000000000000000000000>;
L_000002d9e9a93dc0 .functor OR 1, L_000002d9e9a92700, L_000002d9e9a92a10, C4<0>, C4<0>;
L_000002d9e9a93c70 .functor AND 1, L_000002d9e9ba3d50, L_000002d9e9a93dc0, C4<1>, C4<1>;
L_000002d9e9a93f10 .functor NOT 1, v000002d9e9b7da70_0, C4<0>, C4<0>, C4<0>;
L_000002d9e9a93f80 .functor AND 1, L_000002d9e9ba5d30, L_000002d9e9a93f10, C4<1>, C4<1>;
L_000002d9e9a93ff0 .functor AND 1, L_000002d9e9a93f80, L_000002d9e9a935e0, C4<1>, C4<1>;
L_000002d9e9a93b90 .functor AND 1, L_000002d9e9ba44d0, L_000002d9e9ba6230, C4<1>, C4<1>;
L_000002d9e9a94140 .functor AND 1, L_000002d9e9a93b90, L_000002d9e9ba4e30, C4<1>, C4<1>;
L_000002d9e9a941b0 .functor AND 1, L_000002d9e9a94140, L_000002d9e9a935e0, C4<1>, C4<1>;
L_000002d9e9a940d0 .functor NOT 1, L_000002d9e9a93c70, C4<0>, C4<0>, C4<0>;
L_000002d9e9a93ce0 .functor AND 1, L_000002d9e9a941b0, L_000002d9e9a940d0, C4<1>, C4<1>;
L_000002d9e9a94060 .functor OR 1, L_000002d9e9ba55b0, L_000002d9e9a93ce0, C4<0>, C4<0>;
L_000002d9e9a94220 .functor AND 1, L_000002d9e9ba4110, L_000002d9e9baaf30, C4<1>, C4<1>;
L_000002d9e9a93c00 .functor AND 1, L_000002d9e9a94220, L_000002d9e9a93030, C4<1>, C4<1>;
L_000002d9e9a90da0 .functor AND 1, L_000002d9e9a93c00, L_000002d9e9a94060, C4<1>, C4<1>;
L_000002d9e9a90ef0 .functor AND 1, L_000002d9e9ba58d0, L_000002d9e9baaf30, C4<1>, C4<1>;
L_000002d9e9a90f60 .functor AND 1, L_000002d9e9a90ef0, L_000002d9e9a93030, C4<1>, C4<1>;
L_000002d9e991c870 .functor NOT 1, L_000002d9e9a94060, C4<0>, C4<0>, C4<0>;
L_000002d9e991c950 .functor AND 1, L_000002d9e9a90f60, L_000002d9e991c870, C4<1>, C4<1>;
L_000002d9e991b4c0 .functor AND 1, L_000002d9e9ba4d90, L_000002d9e9a94060, C4<1>, C4<1>;
L_000002d9e991c410 .functor OR 1, L_000002d9e9a90da0, L_000002d9e991b4c0, C4<0>, C4<0>;
L_000002d9e991bd10 .functor BUFZ 1, L_000002d9e9a93ff0, C4<0>, C4<0>, C4<0>;
L_000002d9e991bf40 .functor BUFZ 1, L_000002d9e9a93ce0, C4<0>, C4<0>, C4<0>;
L_000002d9e991c3a0 .functor OR 1, L_000002d9e9a92700, L_000002d9e9a92a10, C4<0>, C4<0>;
L_000002d9e991c560 .functor OR 1, L_000002d9e991c3a0, L_000002d9e991c950, C4<0>, C4<0>;
L_000002d9e991c5d0 .functor AND 1, L_000002d9e9ba7ef0, L_000002d9e991c560, C4<1>, C4<1>;
L_000002d9e991ca30 .functor OR 1, L_000002d9e9ba7b30, L_000002d9e991c5d0, C4<0>, C4<0>;
L_000002d9e991caa0 .functor BUFZ 32, L_000002d9e9ba5010, C4<00000000000000000000000000000000>, C4<00000000000000000000000000000000>, C4<00000000000000000000000000000000>;
v000002d9e9b6fca0_0 .net *"_ivl_10", 22 0, L_000002d9e9ba2a90;  1 drivers
v000002d9e9b6f980_0 .net *"_ivl_102", 0 0, L_000002d9e9a92850;  1 drivers
v000002d9e9b70740_0 .net *"_ivl_106", 0 0, L_000002d9e9a92a80;  1 drivers
L_000002d9e9baa558 .functor BUFT 1, C4<0>, C4<0>, C4<0>, C4<0>;
v000002d9e9b702e0_0 .net/2u *"_ivl_108", 0 0, L_000002d9e9baa558;  1 drivers
v000002d9e9b6ed00_0 .net *"_ivl_110", 0 0, L_000002d9e9a92b60;  1 drivers
L_000002d9e9baa5a0 .functor BUFT 1, C4<1>, C4<0>, C4<0>, C4<0>;
v000002d9e9b70920_0 .net/2u *"_ivl_112", 0 0, L_000002d9e9baa5a0;  1 drivers
v000002d9e9b6ffc0_0 .net *"_ivl_115", 0 0, L_000002d9e9ba46b0;  1 drivers
v000002d9e9b707e0_0 .net *"_ivl_116", 0 0, L_000002d9e9ba6050;  1 drivers
v000002d9e9b70420_0 .net *"_ivl_12", 6 0, L_000002d9e9ba2b30;  1 drivers
v000002d9e9b6ea80_0 .net *"_ivl_123", 0 0, L_000002d9e9ba56f0;  1 drivers
v000002d9e9b70ba0_0 .net *"_ivl_124", 7 0, L_000002d9e9ba4890;  1 drivers
v000002d9e9b70600_0 .net *"_ivl_127", 0 0, L_000002d9e9ba3e90;  1 drivers
v000002d9e9b6fd40_0 .net *"_ivl_128", 7 0, L_000002d9e9ba3df0;  1 drivers
v000002d9e9b6fa20_0 .net *"_ivl_131", 0 0, L_000002d9e9ba50b0;  1 drivers
v000002d9e9b709c0_0 .net *"_ivl_132", 7 0, L_000002d9e9ba4a70;  1 drivers
v000002d9e9b6e8a0_0 .net *"_ivl_135", 0 0, L_000002d9e9ba5e70;  1 drivers
v000002d9e9b70ec0_0 .net *"_ivl_136", 7 0, L_000002d9e9ba3fd0;  1 drivers
v000002d9e9b70880_0 .net *"_ivl_140", 31 0, L_000002d9e9a92d90;  1 drivers
v000002d9e9b6e9e0_0 .net *"_ivl_142", 31 0, L_000002d9e9a92ee0;  1 drivers
v000002d9e9b6f200_0 .net *"_ivl_144", 31 0, L_000002d9e9a92d20;  1 drivers
L_000002d9e9baa5e8 .functor BUFT 1, C4<0000>, C4<0>, C4<0>, C4<0>;
v000002d9e9b6fac0_0 .net/2u *"_ivl_148", 3 0, L_000002d9e9baa5e8;  1 drivers
L_000002d9e9baa120 .functor BUFT 1, C4<00>, C4<0>, C4<0>, C4<0>;
v000002d9e9b704c0_0 .net *"_ivl_15", 1 0, L_000002d9e9baa120;  1 drivers
L_000002d9e9baa630 .functor BUFT 1, C4<0000000000000000000000000000>, C4<0>, C4<0>, C4<0>;
v000002d9e9b6eda0_0 .net/2u *"_ivl_152", 27 0, L_000002d9e9baa630;  1 drivers
L_000002d9e9baa678 .functor BUFT 1, C4<00>, C4<0>, C4<0>, C4<0>;
v000002d9e9b6fc00_0 .net/2u *"_ivl_154", 1 0, L_000002d9e9baa678;  1 drivers
v000002d9e9b70a60_0 .net *"_ivl_156", 31 0, L_000002d9e9ba4070;  1 drivers
v000002d9e9b70240_0 .net *"_ivl_16", 0 0, L_000002d9e9ba2d10;  1 drivers
L_000002d9e9baa6c0 .functor BUFT 1, C4<00>, C4<0>, C4<0>, C4<0>;
v000002d9e9b6f340_0 .net/2u *"_ivl_160", 1 0, L_000002d9e9baa6c0;  1 drivers
v000002d9e9b6fe80_0 .net/2u *"_ivl_164", 0 0, L_000002d9e9baa708;  1 drivers
v000002d9e9b6ff20_0 .net *"_ivl_166", 0 0, L_000002d9e9a93110;  1 drivers
v000002d9e9b71000_0 .net *"_ivl_168", 31 0, L_000002d9e9ba6410;  1 drivers
v000002d9e9b70060_0 .net *"_ivl_170", 9 0, L_000002d9e9ba5150;  1 drivers
L_000002d9e9baa750 .functor BUFT 1, C4<00000>, C4<0>, C4<0>, C4<0>;
v000002d9e9b6e940_0 .net *"_ivl_173", 4 0, L_000002d9e9baa750;  1 drivers
v000002d9e9b6eee0_0 .net *"_ivl_174", 11 0, L_000002d9e9ba4b10;  1 drivers
L_000002d9e9baa798 .functor BUFT 1, C4<00>, C4<0>, C4<0>, C4<0>;
v000002d9e9b701a0_0 .net *"_ivl_177", 1 0, L_000002d9e9baa798;  1 drivers
L_000002d9e9baa7e0 .functor BUFT 1, C4<000000000100>, C4<0>, C4<0>, C4<0>;
v000002d9e9b70380_0 .net/2u *"_ivl_178", 11 0, L_000002d9e9baa7e0;  1 drivers
v000002d9e9b70560_0 .net *"_ivl_181", 11 0, L_000002d9e9ba42f0;  1 drivers
v000002d9e9b70d80_0 .net *"_ivl_182", 3 0, L_000002d9e9ba4570;  1 drivers
L_000002d9e9baa828 .functor BUFT 1, C4<00>, C4<0>, C4<0>, C4<0>;
v000002d9e9b706a0_0 .net *"_ivl_185", 1 0, L_000002d9e9baa828;  1 drivers
L_000002d9e9baa870 .functor BUFT 1, C4<0>, C4<0>, C4<0>, C4<0>;
v000002d9e9b78890_0 .net *"_ivl_188", 0 0, L_000002d9e9baa870;  1 drivers
v000002d9e9b77210_0 .net *"_ivl_189", 12 0, L_000002d9e9ba4f70;  1 drivers
L_000002d9e9baa8b8 .functor BUFT 1, C4<000000000>, C4<0>, C4<0>, C4<0>;
v000002d9e9b78f70_0 .net *"_ivl_192", 8 0, L_000002d9e9baa8b8;  1 drivers
v000002d9e9b789d0_0 .net *"_ivl_193", 12 0, L_000002d9e9ba5790;  1 drivers
v000002d9e9b78430_0 .net *"_ivl_194", 12 0, L_000002d9e9ba5290;  1 drivers
v000002d9e9b773f0_0 .net *"_ivl_196", 31 0, L_000002d9e9ba5830;  1 drivers
v000002d9e9b781b0_0 .net *"_ivl_198", 9 0, L_000002d9e9ba49d0;  1 drivers
v000002d9e9b78d90_0 .net *"_ivl_20", 22 0, L_000002d9e9ba2db0;  1 drivers
L_000002d9e9baa900 .functor BUFT 1, C4<00000>, C4<0>, C4<0>, C4<0>;
v000002d9e9b784d0_0 .net *"_ivl_201", 4 0, L_000002d9e9baa900;  1 drivers
v000002d9e9b78750_0 .net *"_ivl_202", 11 0, L_000002d9e9ba4750;  1 drivers
L_000002d9e9baa948 .functor BUFT 1, C4<00>, C4<0>, C4<0>, C4<0>;
v000002d9e9b77b70_0 .net *"_ivl_205", 1 0, L_000002d9e9baa948;  1 drivers
L_000002d9e9baa990 .functor BUFT 1, C4<000000000100>, C4<0>, C4<0>, C4<0>;
v000002d9e9b78cf0_0 .net/2u *"_ivl_206", 11 0, L_000002d9e9baa990;  1 drivers
v000002d9e9b76950_0 .net *"_ivl_209", 11 0, L_000002d9e9ba5330;  1 drivers
v000002d9e9b79010_0 .net *"_ivl_210", 3 0, L_000002d9e9ba5f10;  1 drivers
L_000002d9e9baa9d8 .functor BUFT 1, C4<00>, C4<0>, C4<0>, C4<0>;
v000002d9e9b76e50_0 .net *"_ivl_213", 1 0, L_000002d9e9baa9d8;  1 drivers
L_000002d9e9baaa20 .functor BUFT 1, C4<0>, C4<0>, C4<0>, C4<0>;
v000002d9e9b769f0_0 .net *"_ivl_216", 0 0, L_000002d9e9baaa20;  1 drivers
v000002d9e9b77350_0 .net *"_ivl_217", 12 0, L_000002d9e9ba41b0;  1 drivers
v000002d9e9b770d0_0 .net *"_ivl_22", 6 0, L_000002d9e9ba2e50;  1 drivers
L_000002d9e9baaa68 .functor BUFT 1, C4<000000000>, C4<0>, C4<0>, C4<0>;
v000002d9e9b782f0_0 .net *"_ivl_220", 8 0, L_000002d9e9baaa68;  1 drivers
v000002d9e9b77ad0_0 .net *"_ivl_221", 12 0, L_000002d9e9ba5fb0;  1 drivers
v000002d9e9b78bb0_0 .net *"_ivl_222", 12 0, L_000002d9e9ba4930;  1 drivers
v000002d9e9b78390_0 .net *"_ivl_227", 0 0, L_000002d9e9ba4250;  1 drivers
v000002d9e9b77990_0 .net *"_ivl_228", 7 0, L_000002d9e9ba64b0;  1 drivers
v000002d9e9b77c10_0 .net *"_ivl_231", 0 0, L_000002d9e9ba53d0;  1 drivers
v000002d9e9b77a30_0 .net *"_ivl_232", 7 0, L_000002d9e9ba6190;  1 drivers
v000002d9e9b78ed0_0 .net *"_ivl_235", 0 0, L_000002d9e9ba5ab0;  1 drivers
v000002d9e9b78e30_0 .net *"_ivl_236", 7 0, L_000002d9e9ba4cf0;  1 drivers
v000002d9e9b78110_0 .net *"_ivl_239", 0 0, L_000002d9e9ba4430;  1 drivers
v000002d9e9b78c50_0 .net *"_ivl_240", 7 0, L_000002d9e9ba5510;  1 drivers
v000002d9e9b76a90_0 .net *"_ivl_244", 31 0, L_000002d9e9a93e30;  1 drivers
v000002d9e9b77cb0_0 .net *"_ivl_246", 31 0, L_000002d9e9a93ea0;  1 drivers
v000002d9e9b77490_0 .net *"_ivl_248", 31 0, L_000002d9e9a93b20;  1 drivers
L_000002d9e9baa168 .functor BUFT 1, C4<00>, C4<0>, C4<0>, C4<0>;
v000002d9e9b76b30_0 .net *"_ivl_25", 1 0, L_000002d9e9baa168;  1 drivers
L_000002d9e9baaab0 .functor BUFT 1, C4<00>, C4<0>, C4<0>, C4<0>;
v000002d9e9b76c70_0 .net/2u *"_ivl_252", 1 0, L_000002d9e9baaab0;  1 drivers
v000002d9e9b768b0_0 .net *"_ivl_254", 0 0, L_000002d9e9ba3d50;  1 drivers
v000002d9e9b78930_0 .net *"_ivl_256", 0 0, L_000002d9e9a93dc0;  1 drivers
v000002d9e9b76db0_0 .net *"_ivl_26", 0 0, L_000002d9e9ba1870;  1 drivers
L_000002d9e9baaaf8 .functor BUFT 1, C4<01>, C4<0>, C4<0>, C4<0>;
v000002d9e9b77170_0 .net/2u *"_ivl_260", 1 0, L_000002d9e9baaaf8;  1 drivers
v000002d9e9b77d50_0 .net *"_ivl_262", 0 0, L_000002d9e9ba5d30;  1 drivers
v000002d9e9b77670_0 .net *"_ivl_264", 0 0, L_000002d9e9a93f10;  1 drivers
v000002d9e9b77df0_0 .net *"_ivl_266", 0 0, L_000002d9e9a93f80;  1 drivers
L_000002d9e9baab40 .functor BUFT 1, C4<01>, C4<0>, C4<0>, C4<0>;
v000002d9e9b78570_0 .net/2u *"_ivl_270", 1 0, L_000002d9e9baab40;  1 drivers
v000002d9e9b76bd0_0 .net *"_ivl_272", 0 0, L_000002d9e9ba44d0;  1 drivers
L_000002d9e9baab88 .functor BUFT 1, C4<10>, C4<0>, C4<0>, C4<0>;
v000002d9e9b77530_0 .net/2u *"_ivl_274", 1 0, L_000002d9e9baab88;  1 drivers
v000002d9e9b76d10_0 .net *"_ivl_276", 0 0, L_000002d9e9ba6230;  1 drivers
v000002d9e9b78610_0 .net *"_ivl_278", 0 0, L_000002d9e9a93b90;  1 drivers
L_000002d9e9baabd0 .functor BUFT 1, C4<0000>, C4<0>, C4<0>, C4<0>;
v000002d9e9b775d0_0 .net/2u *"_ivl_280", 3 0, L_000002d9e9baabd0;  1 drivers
v000002d9e9b78250_0 .net *"_ivl_282", 0 0, L_000002d9e9ba4e30;  1 drivers
v000002d9e9b76ef0_0 .net *"_ivl_284", 0 0, L_000002d9e9a94140;  1 drivers
v000002d9e9b76f90_0 .net *"_ivl_286", 0 0, L_000002d9e9a941b0;  1 drivers
v000002d9e9b787f0_0 .net *"_ivl_288", 0 0, L_000002d9e9a940d0;  1 drivers
L_000002d9e9baac18 .functor BUFT 1, C4<1000>, C4<0>, C4<0>, C4<0>;
v000002d9e9b786b0_0 .net/2u *"_ivl_292", 3 0, L_000002d9e9baac18;  1 drivers
v000002d9e9b77030_0 .net *"_ivl_294", 0 0, L_000002d9e9ba55b0;  1 drivers
L_000002d9e9baac60 .functor BUFT 1, C4<00>, C4<0>, C4<0>, C4<0>;
v000002d9e9b77fd0_0 .net/2u *"_ivl_298", 1 0, L_000002d9e9baac60;  1 drivers
v000002d9e9b772b0_0 .net *"_ivl_300", 0 0, L_000002d9e9ba4110;  1 drivers
v000002d9e9b77710_0 .net *"_ivl_302", 0 0, L_000002d9e9a94220;  1 drivers
v000002d9e9b777b0_0 .net *"_ivl_304", 0 0, L_000002d9e9a93c00;  1 drivers
L_000002d9e9baaca8 .functor BUFT 1, C4<00>, C4<0>, C4<0>, C4<0>;
v000002d9e9b77850_0 .net/2u *"_ivl_308", 1 0, L_000002d9e9baaca8;  1 drivers
v000002d9e9b778f0_0 .net *"_ivl_310", 0 0, L_000002d9e9ba58d0;  1 drivers
v000002d9e9b77e90_0 .net *"_ivl_312", 0 0, L_000002d9e9a90ef0;  1 drivers
v000002d9e9b77f30_0 .net *"_ivl_314", 0 0, L_000002d9e9a90f60;  1 drivers
v000002d9e9b78070_0 .net *"_ivl_316", 0 0, L_000002d9e991c870;  1 drivers
v000002d9e9b78a70_0 .net *"_ivl_32", 31 0, L_000002d9e9ba3030;  1 drivers
L_000002d9e9baacf0 .functor BUFT 1, C4<11>, C4<0>, C4<0>, C4<0>;
v000002d9e9b78b10_0 .net/2u *"_ivl_320", 1 0, L_000002d9e9baacf0;  1 drivers
v000002d9e9b7ad70_0 .net *"_ivl_322", 0 0, L_000002d9e9ba4d90;  1 drivers
L_000002d9e9baad38 .functor BUFT 1, C4<01>, C4<0>, C4<0>, C4<0>;
v000002d9e9b7a2d0_0 .net/2u *"_ivl_332", 1 0, L_000002d9e9baad38;  1 drivers
v000002d9e9b791f0_0 .net *"_ivl_334", 0 0, L_000002d9e9ba5970;  1 drivers
v000002d9e9b7a190_0 .net *"_ivl_336", 31 0, L_000002d9e9ba5b50;  1 drivers
v000002d9e9b7b6d0_0 .net *"_ivl_338", 4 0, L_000002d9e9ba5bf0;  1 drivers
v000002d9e9b7b590_0 .net *"_ivl_34", 9 0, L_000002d9e9ba3210;  1 drivers
L_000002d9e9baad80 .functor BUFT 1, C4<00>, C4<0>, C4<0>, C4<0>;
v000002d9e9b7a910_0 .net *"_ivl_341", 1 0, L_000002d9e9baad80;  1 drivers
L_000002d9e9baadc8 .functor BUFT 1, C4<00000000000000000000000000000000>, C4<0>, C4<0>, C4<0>;
v000002d9e9b7b3b0_0 .net/2u *"_ivl_342", 31 0, L_000002d9e9baadc8;  1 drivers
v000002d9e9b79150_0 .net *"_ivl_344", 31 0, L_000002d9e9ba73b0;  1 drivers
v000002d9e9b7a370_0 .net *"_ivl_352", 31 0, L_000002d9e9ba8670;  1 drivers
v000002d9e9b79bf0_0 .net *"_ivl_354", 4 0, L_000002d9e9ba80d0;  1 drivers
L_000002d9e9baae10 .functor BUFT 1, C4<00>, C4<0>, C4<0>, C4<0>;
v000002d9e9b79330_0 .net *"_ivl_357", 1 0, L_000002d9e9baae10;  1 drivers
L_000002d9e9baae58 .functor BUFT 1, C4<00000000000000000000000000000000>, C4<0>, C4<0>, C4<0>;
v000002d9e9b79470_0 .net/2u *"_ivl_358", 31 0, L_000002d9e9baae58;  1 drivers
L_000002d9e9baaea0 .functor BUFT 1, C4<00>, C4<0>, C4<0>, C4<0>;
v000002d9e9b7b630_0 .net/2u *"_ivl_362", 1 0, L_000002d9e9baaea0;  1 drivers
v000002d9e9b7b310_0 .net *"_ivl_364", 0 0, L_000002d9e9ba7b30;  1 drivers
L_000002d9e9baaee8 .functor BUFT 1, C4<00>, C4<0>, C4<0>, C4<0>;
v000002d9e9b795b0_0 .net/2u *"_ivl_366", 1 0, L_000002d9e9baaee8;  1 drivers
v000002d9e9b7a410_0 .net *"_ivl_368", 0 0, L_000002d9e9ba7ef0;  1 drivers
L_000002d9e9baa1b0 .functor BUFT 1, C4<00000>, C4<0>, C4<0>, C4<0>;
v000002d9e9b7a4b0_0 .net *"_ivl_37", 4 0, L_000002d9e9baa1b0;  1 drivers
v000002d9e9b7b450_0 .net *"_ivl_370", 0 0, L_000002d9e991c3a0;  1 drivers
v000002d9e9b7a230_0 .net *"_ivl_372", 0 0, L_000002d9e991c560;  1 drivers
v000002d9e9b7a550_0 .net *"_ivl_374", 0 0, L_000002d9e991c5d0;  1 drivers
v000002d9e9b7aa50_0 .net *"_ivl_38", 11 0, L_000002d9e9ba32b0;  1 drivers
L_000002d9e9baa1f8 .functor BUFT 1, C4<00>, C4<0>, C4<0>, C4<0>;
v000002d9e9b79290_0 .net *"_ivl_41", 1 0, L_000002d9e9baa1f8;  1 drivers
L_000002d9e9baa240 .functor BUFT 1, C4<000000000100>, C4<0>, C4<0>, C4<0>;
v000002d9e9b7b770_0 .net/2u *"_ivl_42", 11 0, L_000002d9e9baa240;  1 drivers
v000002d9e9b7b1d0_0 .net *"_ivl_45", 11 0, L_000002d9e9ba3990;  1 drivers
v000002d9e9b7a5f0_0 .net *"_ivl_46", 3 0, L_000002d9e9ba19b0;  1 drivers
L_000002d9e9baa288 .functor BUFT 1, C4<00>, C4<0>, C4<0>, C4<0>;
v000002d9e9b7ae10_0 .net *"_ivl_49", 1 0, L_000002d9e9baa288;  1 drivers
L_000002d9e9baa2d0 .functor BUFT 1, C4<0>, C4<0>, C4<0>, C4<0>;
v000002d9e9b79c90_0 .net *"_ivl_52", 0 0, L_000002d9e9baa2d0;  1 drivers
v000002d9e9b7af50_0 .net *"_ivl_53", 12 0, L_000002d9e9ba3350;  1 drivers
L_000002d9e9baa318 .functor BUFT 1, C4<000000000>, C4<0>, C4<0>, C4<0>;
v000002d9e9b79790_0 .net *"_ivl_56", 8 0, L_000002d9e9baa318;  1 drivers
v000002d9e9b7a690_0 .net *"_ivl_57", 12 0, L_000002d9e9ba3ad0;  1 drivers
v000002d9e9b7aff0_0 .net *"_ivl_58", 12 0, L_000002d9e9ba3850;  1 drivers
v000002d9e9b793d0_0 .net *"_ivl_62", 31 0, L_000002d9e9ba3710;  1 drivers
v000002d9e9b7ac30_0 .net *"_ivl_64", 9 0, L_000002d9e9ba5dd0;  1 drivers
L_000002d9e9baa360 .functor BUFT 1, C4<00000>, C4<0>, C4<0>, C4<0>;
v000002d9e9b79e70_0 .net *"_ivl_67", 4 0, L_000002d9e9baa360;  1 drivers
v000002d9e9b79a10_0 .net *"_ivl_68", 11 0, L_000002d9e9ba5c90;  1 drivers
L_000002d9e9baa3a8 .functor BUFT 1, C4<00>, C4<0>, C4<0>, C4<0>;
v000002d9e9b79510_0 .net *"_ivl_71", 1 0, L_000002d9e9baa3a8;  1 drivers
L_000002d9e9baa3f0 .functor BUFT 1, C4<000000000100>, C4<0>, C4<0>, C4<0>;
v000002d9e9b7b4f0_0 .net/2u *"_ivl_72", 11 0, L_000002d9e9baa3f0;  1 drivers
v000002d9e9b7aeb0_0 .net *"_ivl_75", 11 0, L_000002d9e9ba3f30;  1 drivers
v000002d9e9b7a730_0 .net *"_ivl_76", 3 0, L_000002d9e9ba5a10;  1 drivers
L_000002d9e9baa438 .functor BUFT 1, C4<00>, C4<0>, C4<0>, C4<0>;
v000002d9e9b79dd0_0 .net *"_ivl_79", 1 0, L_000002d9e9baa438;  1 drivers
L_000002d9e9baa480 .functor BUFT 1, C4<0>, C4<0>, C4<0>, C4<0>;
v000002d9e9b7b130_0 .net *"_ivl_82", 0 0, L_000002d9e9baa480;  1 drivers
v000002d9e9b790b0_0 .net *"_ivl_83", 12 0, L_000002d9e9ba51f0;  1 drivers
L_000002d9e9baa4c8 .functor BUFT 1, C4<000000000>, C4<0>, C4<0>, C4<0>;
v000002d9e9b7b810_0 .net *"_ivl_86", 8 0, L_000002d9e9baa4c8;  1 drivers
v000002d9e9b7a7d0_0 .net *"_ivl_87", 12 0, L_000002d9e9ba4bb0;  1 drivers
v000002d9e9b7a870_0 .net *"_ivl_88", 12 0, L_000002d9e9ba6370;  1 drivers
L_000002d9e9baa510 .functor BUFT 1, C4<00000000000000000000000000000000>, C4<0>, C4<0>, C4<0>;
v000002d9e9b7b090_0 .net/2u *"_ivl_92", 31 0, L_000002d9e9baa510;  1 drivers
v000002d9e9b7b270_0 .net *"_ivl_94", 31 0, L_000002d9e9ba5470;  1 drivers
v000002d9e9b79650_0 .net *"_ivl_98", 0 0, L_000002d9e9a92690;  1 drivers
v000002d9e9b796f0_0 .net "cpu_miss_req_cur", 0 0, L_000002d9e9a93c70;  1 drivers
v000002d9e9b79830 .array "datas0", 127 0, 31 0;
v000002d9e9b7a0f0 .array "datas1", 127 0, 31 0;
v000002d9e9b798d0_0 .net "hit", 0 0, L_000002d9e9a93030;  1 drivers
v000002d9e9b7ab90_0 .net "hit_rword", 31 0, L_000002d9e9ba5010;  1 drivers
v000002d9e9b79970_0 .net "hit_way", 0 0, L_000002d9e9a92bd0;  1 drivers
v000002d9e9b79ab0_0 .net "i_clk", 0 0, v000002d9e9b8ae80_0;  alias, 1 drivers
v000002d9e9b79b50_0 .net "i_mem_rdata", 31 0, L_000002d9e9a93260;  alias, 1 drivers
v000002d9e9b79f10_0 .net "i_mem_ready", 0 0, L_000002d9e9a935e0;  alias, 1 drivers
v000002d9e9b79d30_0 .net "i_mem_valid", 0 0, L_000002d9e9a928c0;  alias, 1 drivers
v000002d9e9b79fb0_0 .net "i_req_addr", 31 0, L_000002d9e9b9a2f0;  alias, 1 drivers
L_000002d9e9baaf78 .functor BUFT 1, C4<1111>, C4<0>, C4<0>, C4<0>;
v000002d9e9b7a9b0_0 .net "i_req_mask", 3 0, L_000002d9e9baaf78;  1 drivers
v000002d9e9b7a050_0 .net "i_req_ren", 0 0, L_000002d9e9c14d70;  alias, 1 drivers
v000002d9e9b7aaf0_0 .net "i_req_wdata", 31 0, L_000002d9e9baafc0;  1 drivers
v000002d9e9b7acd0_0 .net "i_req_wen", 0 0, L_000002d9e9baaf30;  1 drivers
v000002d9e9b7bbd0_0 .net "i_rst", 0 0, v000002d9e9ba1ff0_0;  alias, 1 drivers
v000002d9e9b7d7f0_0 .var "lru", 31 0;
v000002d9e9b7dcf0_0 .net "merged_write_word", 31 0, L_000002d9e9a92e70;  1 drivers
v000002d9e9b7c8f0_0 .net "miss_byte_mask", 31 0, L_000002d9e9ba4390;  1 drivers
v000002d9e9b7d930_0 .var "miss_is_write_cur", 0 0;
v000002d9e9b7d250_0 .net "miss_line_addr", 31 0, L_000002d9e9ba4c50;  1 drivers
v000002d9e9b7d2f0_0 .var "miss_mask_cur", 3 0;
v000002d9e9b7d070_0 .net "miss_merged_write_word", 31 0, L_000002d9e9a93d50;  1 drivers
v000002d9e9b7c170_0 .var "miss_set_cur", 4 0;
v000002d9e9b7bef0_0 .var "miss_tag_cur", 22 0;
v000002d9e9b7d750_0 .var "miss_way_cur", 0 0;
v000002d9e9b7cb70_0 .net "miss_way_rword", 31 0, L_000002d9e9ba60f0;  1 drivers
v000002d9e9b7d390_0 .var "miss_wdata_cur", 31 0;
v000002d9e9b7b9f0_0 .net "miss_word_addr", 31 0, L_000002d9e9ba5650;  1 drivers
v000002d9e9b7d9d0_0 .var "miss_word_cur", 1 0;
v000002d9e9b7dd90_0 .net "o_busy", 0 0, L_000002d9e991ca30;  alias, 1 drivers
v000002d9e9b7c530_0 .net "o_mem_addr", 31 0, L_000002d9e9ba6f50;  alias, 1 drivers
v000002d9e9b7c5d0_0 .net "o_mem_ren", 0 0, L_000002d9e991bd10;  alias, 1 drivers
v000002d9e9b7d1b0_0 .net "o_mem_wdata", 31 0, L_000002d9e9ba8990;  alias, 1 drivers
v000002d9e9b7de30_0 .net "o_mem_wen", 0 0, L_000002d9e991bf40;  alias, 1 drivers
v000002d9e9b7bc70_0 .net "o_res_rdata", 31 0, L_000002d9e991caa0;  alias, 1 drivers
v000002d9e9b7d890_0 .net "read_miss", 0 0, L_000002d9e9a92700;  1 drivers
v000002d9e9b7da70_0 .var "refill_req_done_cur", 0 0;
v000002d9e9b7cc10_0 .net "refill_req_fire_cur", 0 0, L_000002d9e9a93ff0;  1 drivers
v000002d9e9b7df70_0 .var "refill_req_word_cur", 1 0;
v000002d9e9b7ccb0_0 .var "refill_rsp_word_cur", 1 0;
v000002d9e9b7be50_0 .net "refill_word_addr", 31 0, L_000002d9e9a92f50;  1 drivers
v000002d9e9b7c710_0 .net "req_byte_mask", 31 0, L_000002d9e9ba4610;  1 drivers
v000002d9e9b7d430_0 .net "req_set", 4 0, L_000002d9e9ba1910;  1 drivers
v000002d9e9b7bf90_0 .net "req_tag", 22 0, L_000002d9e9ba3670;  1 drivers
v000002d9e9b7cad0_0 .net "req_word", 1 0, L_000002d9e9ba2c70;  1 drivers
v000002d9e9b7ded0_0 .var "state_cur", 1 0;
v000002d9e9b7cdf0 .array "tags0", 0 31, 22 0;
v000002d9e9b7c2b0 .array "tags1", 0 31, 22 0;
v000002d9e9b7dbb0_0 .var "valid0", 31 0;
v000002d9e9b7d4d0_0 .var "valid1", 31 0;
v000002d9e9b7c990_0 .net "victim_way", 0 0, L_000002d9e9ba47f0;  1 drivers
v000002d9e9b7c030_0 .net "way0_hit", 0 0, L_000002d9e9a924d0;  1 drivers
v000002d9e9b7ba90_0 .net "way0_rword", 31 0, L_000002d9e9a92930;  1 drivers
v000002d9e9b7c0d0_0 .net "way0_valid", 0 0, L_000002d9e9ba29f0;  1 drivers
v000002d9e9b7e010_0 .net "way1_hit", 0 0, L_000002d9e9a925b0;  1 drivers
v000002d9e9b7c670_0 .net "way1_rword", 31 0, L_000002d9e9a92620;  1 drivers
v000002d9e9b7bd10_0 .net "way1_valid", 0 0, L_000002d9e9ba2f90;  1 drivers
v000002d9e9b7c3f0 .array "wb_addrs", 0 7, 31 0;
v000002d9e9b7dc50_0 .var "wb_count_cur", 3 0;
v000002d9e9b7b950 .array "wb_datas", 0 7, 31 0;
v000002d9e9b7b8b0_0 .net "wb_has_push_space_cur", 0 0, L_000002d9e9a94060;  1 drivers
v000002d9e9b7d110_0 .var "wb_head_cur", 2 0;
v000002d9e9b7db10_0 .net "wb_push_addr_cur", 31 0, L_000002d9e9ba62d0;  1 drivers
v000002d9e9b7cf30_0 .net "wb_push_cur", 0 0, L_000002d9e991c410;  1 drivers
v000002d9e9b7bdb0_0 .net "wb_push_data_cur", 31 0, L_000002d9e9ba4ed0;  1 drivers
v000002d9e9b7bb30_0 .net "wb_send_cur", 0 0, L_000002d9e9a93ce0;  1 drivers
v000002d9e9b7c210_0 .var "wb_tail_cur", 2 0;
v000002d9e9b7c350_0 .net "write_hit_accept_cur", 0 0, L_000002d9e9a90da0;  1 drivers
v000002d9e9b7c490_0 .net "write_hit_block_cur", 0 0, L_000002d9e991c950;  1 drivers
v000002d9e9b7c7b0_0 .net "write_miss", 0 0, L_000002d9e9a92a10;  1 drivers
v000002d9e9b7c850_0 .net "write_req_commit_cur", 0 0, L_000002d9e991b4c0;  1 drivers
L_000002d9e9ba3670 .part L_000002d9e9b9a2f0, 9, 23;
L_000002d9e9ba1910 .part L_000002d9e9b9a2f0, 4, 5;
L_000002d9e9ba2c70 .part L_000002d9e9b9a2f0, 2, 2;
L_000002d9e9ba29f0 .part/v v000002d9e9b7dbb0_0, L_000002d9e9ba1910, 1;
L_000002d9e9ba2f90 .part/v v000002d9e9b7d4d0_0, L_000002d9e9ba1910, 1;
L_000002d9e9ba2a90 .array/port v000002d9e9b7cdf0, L_000002d9e9ba2b30;
L_000002d9e9ba2b30 .concat [ 5 2 0 0], L_000002d9e9ba1910, L_000002d9e9baa120;
L_000002d9e9ba2d10 .cmp/eq 23, L_000002d9e9ba2a90, L_000002d9e9ba3670;
L_000002d9e9ba2db0 .array/port v000002d9e9b7c2b0, L_000002d9e9ba2e50;
L_000002d9e9ba2e50 .concat [ 5 2 0 0], L_000002d9e9ba1910, L_000002d9e9baa168;
L_000002d9e9ba1870 .cmp/eq 23, L_000002d9e9ba2db0, L_000002d9e9ba3670;
L_000002d9e9ba3030 .array/port v000002d9e9b79830, L_000002d9e9ba3850;
L_000002d9e9ba3210 .concat [ 5 5 0 0], L_000002d9e9ba1910, L_000002d9e9baa1b0;
L_000002d9e9ba32b0 .concat [ 10 2 0 0], L_000002d9e9ba3210, L_000002d9e9baa1f8;
L_000002d9e9ba3990 .arith/mult 12, L_000002d9e9ba32b0, L_000002d9e9baa240;
L_000002d9e9ba19b0 .concat [ 2 2 0 0], L_000002d9e9ba2c70, L_000002d9e9baa288;
L_000002d9e9ba3350 .concat [ 12 1 0 0], L_000002d9e9ba3990, L_000002d9e9baa2d0;
L_000002d9e9ba3ad0 .concat [ 4 9 0 0], L_000002d9e9ba19b0, L_000002d9e9baa318;
L_000002d9e9ba3850 .arith/sum 13, L_000002d9e9ba3350, L_000002d9e9ba3ad0;
L_000002d9e9ba3710 .array/port v000002d9e9b7a0f0, L_000002d9e9ba6370;
L_000002d9e9ba5dd0 .concat [ 5 5 0 0], L_000002d9e9ba1910, L_000002d9e9baa360;
L_000002d9e9ba5c90 .concat [ 10 2 0 0], L_000002d9e9ba5dd0, L_000002d9e9baa3a8;
L_000002d9e9ba3f30 .arith/mult 12, L_000002d9e9ba5c90, L_000002d9e9baa3f0;
L_000002d9e9ba5a10 .concat [ 2 2 0 0], L_000002d9e9ba2c70, L_000002d9e9baa438;
L_000002d9e9ba51f0 .concat [ 12 1 0 0], L_000002d9e9ba3f30, L_000002d9e9baa480;
L_000002d9e9ba4bb0 .concat [ 4 9 0 0], L_000002d9e9ba5a10, L_000002d9e9baa4c8;
L_000002d9e9ba6370 .arith/sum 13, L_000002d9e9ba51f0, L_000002d9e9ba4bb0;
L_000002d9e9ba5470 .functor MUXZ 32, L_000002d9e9baa510, L_000002d9e9a92620, L_000002d9e9a925b0, C4<>;
L_000002d9e9ba5010 .functor MUXZ 32, L_000002d9e9ba5470, L_000002d9e9a92930, L_000002d9e9a924d0, C4<>;
L_000002d9e9ba46b0 .part/v v000002d9e9b7d7f0_0, L_000002d9e9ba1910, 1;
L_000002d9e9ba6050 .functor MUXZ 1, L_000002d9e9ba46b0, L_000002d9e9baa5a0, L_000002d9e9a92b60, C4<>;
L_000002d9e9ba47f0 .functor MUXZ 1, L_000002d9e9ba6050, L_000002d9e9baa558, L_000002d9e9a92a80, C4<>;
L_000002d9e9ba56f0 .part L_000002d9e9baaf78, 3, 1;
LS_000002d9e9ba4890_0_0 .concat [ 1 1 1 1], L_000002d9e9ba56f0, L_000002d9e9ba56f0, L_000002d9e9ba56f0, L_000002d9e9ba56f0;
LS_000002d9e9ba4890_0_4 .concat [ 1 1 1 1], L_000002d9e9ba56f0, L_000002d9e9ba56f0, L_000002d9e9ba56f0, L_000002d9e9ba56f0;
L_000002d9e9ba4890 .concat [ 4 4 0 0], LS_000002d9e9ba4890_0_0, LS_000002d9e9ba4890_0_4;
L_000002d9e9ba3e90 .part L_000002d9e9baaf78, 2, 1;
LS_000002d9e9ba3df0_0_0 .concat [ 1 1 1 1], L_000002d9e9ba3e90, L_000002d9e9ba3e90, L_000002d9e9ba3e90, L_000002d9e9ba3e90;
LS_000002d9e9ba3df0_0_4 .concat [ 1 1 1 1], L_000002d9e9ba3e90, L_000002d9e9ba3e90, L_000002d9e9ba3e90, L_000002d9e9ba3e90;
L_000002d9e9ba3df0 .concat [ 4 4 0 0], LS_000002d9e9ba3df0_0_0, LS_000002d9e9ba3df0_0_4;
L_000002d9e9ba50b0 .part L_000002d9e9baaf78, 1, 1;
LS_000002d9e9ba4a70_0_0 .concat [ 1 1 1 1], L_000002d9e9ba50b0, L_000002d9e9ba50b0, L_000002d9e9ba50b0, L_000002d9e9ba50b0;
LS_000002d9e9ba4a70_0_4 .concat [ 1 1 1 1], L_000002d9e9ba50b0, L_000002d9e9ba50b0, L_000002d9e9ba50b0, L_000002d9e9ba50b0;
L_000002d9e9ba4a70 .concat [ 4 4 0 0], LS_000002d9e9ba4a70_0_0, LS_000002d9e9ba4a70_0_4;
L_000002d9e9ba5e70 .part L_000002d9e9baaf78, 0, 1;
LS_000002d9e9ba3fd0_0_0 .concat [ 1 1 1 1], L_000002d9e9ba5e70, L_000002d9e9ba5e70, L_000002d9e9ba5e70, L_000002d9e9ba5e70;
LS_000002d9e9ba3fd0_0_4 .concat [ 1 1 1 1], L_000002d9e9ba5e70, L_000002d9e9ba5e70, L_000002d9e9ba5e70, L_000002d9e9ba5e70;
L_000002d9e9ba3fd0 .concat [ 4 4 0 0], LS_000002d9e9ba3fd0_0_0, LS_000002d9e9ba3fd0_0_4;
L_000002d9e9ba4610 .concat [ 8 8 8 8], L_000002d9e9ba3fd0, L_000002d9e9ba4a70, L_000002d9e9ba3df0, L_000002d9e9ba4890;
L_000002d9e9ba4c50 .concat [ 4 5 23 0], L_000002d9e9baa5e8, v000002d9e9b7c170_0, v000002d9e9b7bef0_0;
L_000002d9e9ba4070 .concat [ 2 2 28 0], L_000002d9e9baa678, v000002d9e9b7df70_0, L_000002d9e9baa630;
L_000002d9e9ba5650 .concat [ 2 2 5 23], L_000002d9e9baa6c0, v000002d9e9b7d9d0_0, v000002d9e9b7c170_0, v000002d9e9b7bef0_0;
L_000002d9e9ba6410 .array/port v000002d9e9b79830, L_000002d9e9ba5290;
L_000002d9e9ba5150 .concat [ 5 5 0 0], v000002d9e9b7c170_0, L_000002d9e9baa750;
L_000002d9e9ba4b10 .concat [ 10 2 0 0], L_000002d9e9ba5150, L_000002d9e9baa798;
L_000002d9e9ba42f0 .arith/mult 12, L_000002d9e9ba4b10, L_000002d9e9baa7e0;
L_000002d9e9ba4570 .concat [ 2 2 0 0], v000002d9e9b7d9d0_0, L_000002d9e9baa828;
L_000002d9e9ba4f70 .concat [ 12 1 0 0], L_000002d9e9ba42f0, L_000002d9e9baa870;
L_000002d9e9ba5790 .concat [ 4 9 0 0], L_000002d9e9ba4570, L_000002d9e9baa8b8;
L_000002d9e9ba5290 .arith/sum 13, L_000002d9e9ba4f70, L_000002d9e9ba5790;
L_000002d9e9ba5830 .array/port v000002d9e9b7a0f0, L_000002d9e9ba4930;
L_000002d9e9ba49d0 .concat [ 5 5 0 0], v000002d9e9b7c170_0, L_000002d9e9baa900;
L_000002d9e9ba4750 .concat [ 10 2 0 0], L_000002d9e9ba49d0, L_000002d9e9baa948;
L_000002d9e9ba5330 .arith/mult 12, L_000002d9e9ba4750, L_000002d9e9baa990;
L_000002d9e9ba5f10 .concat [ 2 2 0 0], v000002d9e9b7d9d0_0, L_000002d9e9baa9d8;
L_000002d9e9ba41b0 .concat [ 12 1 0 0], L_000002d9e9ba5330, L_000002d9e9baaa20;
L_000002d9e9ba5fb0 .concat [ 4 9 0 0], L_000002d9e9ba5f10, L_000002d9e9baaa68;
L_000002d9e9ba4930 .arith/sum 13, L_000002d9e9ba41b0, L_000002d9e9ba5fb0;
L_000002d9e9ba60f0 .functor MUXZ 32, L_000002d9e9ba5830, L_000002d9e9ba6410, L_000002d9e9a93110, C4<>;
L_000002d9e9ba4250 .part v000002d9e9b7d2f0_0, 3, 1;
LS_000002d9e9ba64b0_0_0 .concat [ 1 1 1 1], L_000002d9e9ba4250, L_000002d9e9ba4250, L_000002d9e9ba4250, L_000002d9e9ba4250;
LS_000002d9e9ba64b0_0_4 .concat [ 1 1 1 1], L_000002d9e9ba4250, L_000002d9e9ba4250, L_000002d9e9ba4250, L_000002d9e9ba4250;
L_000002d9e9ba64b0 .concat [ 4 4 0 0], LS_000002d9e9ba64b0_0_0, LS_000002d9e9ba64b0_0_4;
L_000002d9e9ba53d0 .part v000002d9e9b7d2f0_0, 2, 1;
LS_000002d9e9ba6190_0_0 .concat [ 1 1 1 1], L_000002d9e9ba53d0, L_000002d9e9ba53d0, L_000002d9e9ba53d0, L_000002d9e9ba53d0;
LS_000002d9e9ba6190_0_4 .concat [ 1 1 1 1], L_000002d9e9ba53d0, L_000002d9e9ba53d0, L_000002d9e9ba53d0, L_000002d9e9ba53d0;
L_000002d9e9ba6190 .concat [ 4 4 0 0], LS_000002d9e9ba6190_0_0, LS_000002d9e9ba6190_0_4;
L_000002d9e9ba5ab0 .part v000002d9e9b7d2f0_0, 1, 1;
LS_000002d9e9ba4cf0_0_0 .concat [ 1 1 1 1], L_000002d9e9ba5ab0, L_000002d9e9ba5ab0, L_000002d9e9ba5ab0, L_000002d9e9ba5ab0;
LS_000002d9e9ba4cf0_0_4 .concat [ 1 1 1 1], L_000002d9e9ba5ab0, L_000002d9e9ba5ab0, L_000002d9e9ba5ab0, L_000002d9e9ba5ab0;
L_000002d9e9ba4cf0 .concat [ 4 4 0 0], LS_000002d9e9ba4cf0_0_0, LS_000002d9e9ba4cf0_0_4;
L_000002d9e9ba4430 .part v000002d9e9b7d2f0_0, 0, 1;
LS_000002d9e9ba5510_0_0 .concat [ 1 1 1 1], L_000002d9e9ba4430, L_000002d9e9ba4430, L_000002d9e9ba4430, L_000002d9e9ba4430;
LS_000002d9e9ba5510_0_4 .concat [ 1 1 1 1], L_000002d9e9ba4430, L_000002d9e9ba4430, L_000002d9e9ba4430, L_000002d9e9ba4430;
L_000002d9e9ba5510 .concat [ 4 4 0 0], LS_000002d9e9ba5510_0_0, LS_000002d9e9ba5510_0_4;
L_000002d9e9ba4390 .concat [ 8 8 8 8], L_000002d9e9ba5510, L_000002d9e9ba4cf0, L_000002d9e9ba6190, L_000002d9e9ba64b0;
L_000002d9e9ba3d50 .cmp/eq 2, v000002d9e9b7ded0_0, L_000002d9e9baaab0;
L_000002d9e9ba5d30 .cmp/eq 2, v000002d9e9b7ded0_0, L_000002d9e9baaaf8;
L_000002d9e9ba44d0 .cmp/ne 2, v000002d9e9b7ded0_0, L_000002d9e9baab40;
L_000002d9e9ba6230 .cmp/ne 2, v000002d9e9b7ded0_0, L_000002d9e9baab88;
L_000002d9e9ba4e30 .cmp/ne 4, v000002d9e9b7dc50_0, L_000002d9e9baabd0;
L_000002d9e9ba55b0 .cmp/ne 4, v000002d9e9b7dc50_0, L_000002d9e9baac18;
L_000002d9e9ba4110 .cmp/eq 2, v000002d9e9b7ded0_0, L_000002d9e9baac60;
L_000002d9e9ba58d0 .cmp/eq 2, v000002d9e9b7ded0_0, L_000002d9e9baaca8;
L_000002d9e9ba4d90 .cmp/eq 2, v000002d9e9b7ded0_0, L_000002d9e9baacf0;
L_000002d9e9ba62d0 .functor MUXZ 32, L_000002d9e9ba5650, L_000002d9e9b9a2f0, L_000002d9e9a90da0, C4<>;
L_000002d9e9ba4ed0 .functor MUXZ 32, L_000002d9e9a93d50, L_000002d9e9a92e70, L_000002d9e9a90da0, C4<>;
L_000002d9e9ba5970 .cmp/eq 2, v000002d9e9b7ded0_0, L_000002d9e9baad38;
L_000002d9e9ba5b50 .array/port v000002d9e9b7c3f0, L_000002d9e9ba5bf0;
L_000002d9e9ba5bf0 .concat [ 3 2 0 0], v000002d9e9b7d110_0, L_000002d9e9baad80;
L_000002d9e9ba73b0 .functor MUXZ 32, L_000002d9e9baadc8, L_000002d9e9ba5b50, L_000002d9e9a93ce0, C4<>;
L_000002d9e9ba6f50 .functor MUXZ 32, L_000002d9e9ba73b0, L_000002d9e9a92f50, L_000002d9e9ba5970, C4<>;
L_000002d9e9ba8670 .array/port v000002d9e9b7b950, L_000002d9e9ba80d0;
L_000002d9e9ba80d0 .concat [ 3 2 0 0], v000002d9e9b7d110_0, L_000002d9e9baae10;
L_000002d9e9ba8990 .functor MUXZ 32, L_000002d9e9baae58, L_000002d9e9ba8670, L_000002d9e9a93ce0, C4<>;
L_000002d9e9ba7b30 .cmp/ne 2, v000002d9e9b7ded0_0, L_000002d9e9baaea0;
L_000002d9e9ba7ef0 .cmp/eq 2, v000002d9e9b7ded0_0, L_000002d9e9baaee8;
S_000002d9e98e0200 .scope module, "u_memory" "dmem_access" 4 747, 12 1 0, S_000002d9e949c4e0;
 .timescale -9 -12;
    .port_info 0 /INPUT 32 "EffAddr";
    .port_info 1 /INPUT 32 "StoreData";
    .port_info 2 /INPUT 3 "Func3";
    .port_info 3 /INPUT 1 "MemRead";
    .port_info 4 /INPUT 1 "MemWrite";
    .port_info 5 /INPUT 32 "i_dmem_rdata";
    .port_info 6 /OUTPUT 32 "o_dmem_addr";
    .port_info 7 /OUTPUT 4 "o_dmem_mask";
    .port_info 8 /OUTPUT 32 "o_dmem_wdata";
    .port_info 9 /OUTPUT 1 "o_dmem_ren";
    .port_info 10 /OUTPUT 1 "o_dmem_wen";
    .port_info 11 /OUTPUT 32 "LoadData";
    .port_info 12 /OUTPUT 1 "MisalignTrap";
L_000002d9e9c1e240 .functor OR 1, L_000002d9e9b9fed0, L_000002d9e9b9f930, C4<0>, C4<0>;
L_000002d9e9c1e320 .functor AND 1, L_000002d9e9c1eb00, L_000002d9e9ba0f10, C4<1>, C4<1>;
L_000002d9e9c1ef60 .functor AND 1, L_000002d9e9c1eef0, L_000002d9e9ba1190, C4<1>, C4<1>;
L_000002d9e9c1ec50 .functor OR 1, L_000002d9e9c1e320, L_000002d9e9c1ef60, C4<0>, C4<0>;
L_000002d9e9c1ecc0 .functor NOT 1, L_000002d9e9c1ec50, C4<0>, C4<0>, C4<0>;
L_000002d9e9c1f120 .functor AND 1, L_000002d9e9c1eb00, L_000002d9e9c1ecc0, C4<1>, C4<1>;
L_000002d9e9c1f270 .functor NOT 1, L_000002d9e9c1ec50, C4<0>, C4<0>, C4<0>;
L_000002d9e9c1eda0 .functor AND 1, L_000002d9e9c1eef0, L_000002d9e9c1f270, C4<1>, C4<1>;
L_000002d9e9c1e9b0 .functor OR 1, L_000002d9e9c1eb00, L_000002d9e9c1eef0, C4<0>, C4<0>;
L_000002d9e9c1e390 .functor AND 4, L_000002d9e9b9f1b0, v000002d9e9b81790_0, C4<1111>, C4<1111>;
L_000002d9e9c1efd0 .functor AND 32, L_000002d9e9b9f250, v000002d9e9b7f2b0_0, C4<11111111111111111111111111111111>, C4<11111111111111111111111111111111>;
L_000002d9e9c1f200 .functor NOT 1, L_000002d9e9c1ec50, C4<0>, C4<0>, C4<0>;
L_000002d9e9c1ea90 .functor AND 1, L_000002d9e9c1eb00, L_000002d9e9c1f200, C4<1>, C4<1>;
L_000002d9e9c1f4a0 .functor AND 32, L_000002d9e9ba1230, v000002d9e9b80250_0, C4<11111111111111111111111111111111>, C4<11111111111111111111111111111111>;
v000002d9e9b7ce90_0 .net "EffAddr", 31 0, v000002d9e9b91a00_0;  1 drivers
v000002d9e9b7ca30_0 .net "Func3", 2 0, v000002d9e9b911e0_0;  1 drivers
v000002d9e9b7cfd0_0 .net "LoadData", 31 0, L_000002d9e9c1f4a0;  alias, 1 drivers
v000002d9e9b7cd50_0 .net "MemRead", 0 0, L_000002d9e9c1eb00;  alias, 1 drivers
v000002d9e9b7d570_0 .net "MemWrite", 0 0, L_000002d9e9c1eef0;  alias, 1 drivers
v000002d9e9b7d610_0 .net "MisalignTrap", 0 0, L_000002d9e9c1ec50;  alias, 1 drivers
v000002d9e9b7d6b0_0 .net "StoreData", 31 0, L_000002d9e9b9f570;  alias, 1 drivers
v000002d9e9b7e5b0_0 .net *"_ivl_11", 1 0, L_000002d9e9ba0e70;  1 drivers
L_000002d9e9bad450 .functor BUFT 1, C4<001>, C4<0>, C4<0>, C4<0>;
v000002d9e9b7e290_0 .net/2u *"_ivl_14", 2 0, L_000002d9e9bad450;  1 drivers
v000002d9e9b7e330_0 .net *"_ivl_16", 0 0, L_000002d9e9b9fed0;  1 drivers
L_000002d9e9bad498 .functor BUFT 1, C4<101>, C4<0>, C4<0>, C4<0>;
v000002d9e9b7e470_0 .net/2u *"_ivl_18", 2 0, L_000002d9e9bad498;  1 drivers
v000002d9e9b7e3d0_0 .net *"_ivl_20", 0 0, L_000002d9e9b9f930;  1 drivers
v000002d9e9b7e0b0_0 .net *"_ivl_22", 0 0, L_000002d9e9c1e240;  1 drivers
L_000002d9e9bad4e0 .functor BUFT 1, C4<010>, C4<0>, C4<0>, C4<0>;
v000002d9e9b7e150_0 .net/2u *"_ivl_24", 2 0, L_000002d9e9bad4e0;  1 drivers
v000002d9e9b7e510_0 .net *"_ivl_26", 0 0, L_000002d9e9ba0650;  1 drivers
L_000002d9e9bad528 .functor BUFT 1, C4<0>, C4<0>, C4<0>, C4<0>;
v000002d9e9b7e790_0 .net/2u *"_ivl_28", 0 0, L_000002d9e9bad528;  1 drivers
v000002d9e9b7e1f0_0 .net *"_ivl_3", 29 0, L_000002d9e9b9fd90;  1 drivers
v000002d9e9b7e650_0 .net *"_ivl_30", 0 0, L_000002d9e9ba06f0;  1 drivers
v000002d9e9b7e6f0_0 .net *"_ivl_32", 0 0, L_000002d9e9ba0f10;  1 drivers
L_000002d9e9bad570 .functor BUFT 1, C4<001>, C4<0>, C4<0>, C4<0>;
v000002d9e9b816f0_0 .net/2u *"_ivl_36", 2 0, L_000002d9e9bad570;  1 drivers
v000002d9e9b80390_0 .net *"_ivl_38", 0 0, L_000002d9e9ba10f0;  1 drivers
L_000002d9e9bad408 .functor BUFT 1, C4<00>, C4<0>, C4<0>, C4<0>;
v000002d9e9b81150_0 .net/2u *"_ivl_4", 1 0, L_000002d9e9bad408;  1 drivers
L_000002d9e9bad5b8 .functor BUFT 1, C4<010>, C4<0>, C4<0>, C4<0>;
v000002d9e9b7f170_0 .net/2u *"_ivl_40", 2 0, L_000002d9e9bad5b8;  1 drivers
v000002d9e9b7fad0_0 .net *"_ivl_42", 0 0, L_000002d9e9b9fbb0;  1 drivers
L_000002d9e9bad600 .functor BUFT 1, C4<0>, C4<0>, C4<0>, C4<0>;
v000002d9e9b80d90_0 .net/2u *"_ivl_44", 0 0, L_000002d9e9bad600;  1 drivers
v000002d9e9b7fc10_0 .net *"_ivl_46", 0 0, L_000002d9e9b9fc50;  1 drivers
v000002d9e9b81830_0 .net *"_ivl_48", 0 0, L_000002d9e9ba1190;  1 drivers
v000002d9e9b80610_0 .net *"_ivl_54", 0 0, L_000002d9e9c1ecc0;  1 drivers
v000002d9e9b7f210_0 .net *"_ivl_58", 0 0, L_000002d9e9c1f270;  1 drivers
v000002d9e9b7fb70_0 .net *"_ivl_62", 0 0, L_000002d9e9c1e9b0;  1 drivers
v000002d9e9b7f8f0_0 .net *"_ivl_64", 3 0, L_000002d9e9b9f1b0;  1 drivers
v000002d9e9b80b10_0 .net *"_ivl_68", 31 0, L_000002d9e9b9f250;  1 drivers
v000002d9e9b802f0_0 .net *"_ivl_76", 0 0, L_000002d9e9c1f200;  1 drivers
v000002d9e9b813d0_0 .net *"_ivl_78", 0 0, L_000002d9e9c1ea90;  1 drivers
v000002d9e9b80bb0_0 .net *"_ivl_80", 31 0, L_000002d9e9ba1230;  1 drivers
v000002d9e9b801b0_0 .net "byte_offset", 1 0, L_000002d9e9ba05b0;  1 drivers
v000002d9e9b80430_0 .net "i_dmem_rdata", 31 0, L_000002d9e9c149f0;  alias, 1 drivers
v000002d9e9b80250_0 .var "loaddata_dec", 31 0;
v000002d9e9b81790_0 .var "mask_dec", 3 0;
v000002d9e9b815b0_0 .net "misalign_half", 0 0, L_000002d9e9b9f070;  1 drivers
v000002d9e9b7f3f0_0 .net "misalign_load", 0 0, L_000002d9e9c1e320;  1 drivers
v000002d9e9b7fcb0_0 .net "misalign_store", 0 0, L_000002d9e9c1ef60;  1 drivers
v000002d9e9b81470_0 .net "misalign_word", 0 0, L_000002d9e9ba0510;  1 drivers
v000002d9e9b804d0_0 .net "o_dmem_addr", 31 0, L_000002d9e9b9efd0;  alias, 1 drivers
v000002d9e9b7f0d0_0 .net "o_dmem_mask", 3 0, L_000002d9e9c1e390;  alias, 1 drivers
v000002d9e9b81510_0 .net "o_dmem_ren", 0 0, L_000002d9e9c1f120;  alias, 1 drivers
v000002d9e9b81290_0 .net "o_dmem_wdata", 31 0, L_000002d9e9c1efd0;  alias, 1 drivers
v000002d9e9b80750_0 .net "o_dmem_wen", 0 0, L_000002d9e9c1eda0;  alias, 1 drivers
v000002d9e9b7f490_0 .net "rbyte", 7 0, L_000002d9e9b9fcf0;  1 drivers
v000002d9e9b81650_0 .var "rdata_shifted", 31 0;
v000002d9e9b81330_0 .net "rhalf", 15 0, L_000002d9e9b9f2f0;  1 drivers
v000002d9e9b7fd50_0 .var "sb_data", 31 0;
v000002d9e9b7fdf0_0 .var "sh_data", 31 0;
v000002d9e9b7f2b0_0 .var "store_data_dec", 31 0;
E_000002d9e9ab9d90 .event anyedge, v000002d9e9b7ca30_0, v000002d9e9b7f490_0, v000002d9e9b81330_0, v000002d9e9b81650_0;
E_000002d9e9aba010 .event anyedge, v000002d9e9b801b0_0, v000002d9e9b66ee0_0;
E_000002d9e9ab9f50 .event anyedge, v000002d9e9b7ca30_0, v000002d9e9b7fd50_0, v000002d9e9b7fdf0_0, v000002d9e9b7d6b0_0;
E_000002d9e9aba090 .event anyedge, v000002d9e9b801b0_0, v000002d9e9b7d6b0_0;
E_000002d9e9ab9f90 .event anyedge, v000002d9e9b7ca30_0, v000002d9e9b801b0_0;
L_000002d9e9ba05b0 .part v000002d9e9b91a00_0, 0, 2;
L_000002d9e9b9fd90 .part v000002d9e9b91a00_0, 2, 30;
L_000002d9e9b9efd0 .concat [ 2 30 0 0], L_000002d9e9bad408, L_000002d9e9b9fd90;
L_000002d9e9b9f070 .part v000002d9e9b91a00_0, 0, 1;
L_000002d9e9ba0e70 .part v000002d9e9b91a00_0, 0, 2;
L_000002d9e9ba0510 .reduce/or L_000002d9e9ba0e70;
L_000002d9e9b9fed0 .cmp/eq 3, v000002d9e9b911e0_0, L_000002d9e9bad450;
L_000002d9e9b9f930 .cmp/eq 3, v000002d9e9b911e0_0, L_000002d9e9bad498;
L_000002d9e9ba0650 .cmp/eq 3, v000002d9e9b911e0_0, L_000002d9e9bad4e0;
L_000002d9e9ba06f0 .functor MUXZ 1, L_000002d9e9bad528, L_000002d9e9ba0510, L_000002d9e9ba0650, C4<>;
L_000002d9e9ba0f10 .functor MUXZ 1, L_000002d9e9ba06f0, L_000002d9e9b9f070, L_000002d9e9c1e240, C4<>;
L_000002d9e9ba10f0 .cmp/eq 3, v000002d9e9b911e0_0, L_000002d9e9bad570;
L_000002d9e9b9fbb0 .cmp/eq 3, v000002d9e9b911e0_0, L_000002d9e9bad5b8;
L_000002d9e9b9fc50 .functor MUXZ 1, L_000002d9e9bad600, L_000002d9e9ba0510, L_000002d9e9b9fbb0, C4<>;
L_000002d9e9ba1190 .functor MUXZ 1, L_000002d9e9b9fc50, L_000002d9e9b9f070, L_000002d9e9ba10f0, C4<>;
L_000002d9e9b9f1b0 .concat [ 1 1 1 1], L_000002d9e9c1e9b0, L_000002d9e9c1e9b0, L_000002d9e9c1e9b0, L_000002d9e9c1e9b0;
LS_000002d9e9b9f250_0_0 .concat [ 1 1 1 1], L_000002d9e9c1eef0, L_000002d9e9c1eef0, L_000002d9e9c1eef0, L_000002d9e9c1eef0;
LS_000002d9e9b9f250_0_4 .concat [ 1 1 1 1], L_000002d9e9c1eef0, L_000002d9e9c1eef0, L_000002d9e9c1eef0, L_000002d9e9c1eef0;
LS_000002d9e9b9f250_0_8 .concat [ 1 1 1 1], L_000002d9e9c1eef0, L_000002d9e9c1eef0, L_000002d9e9c1eef0, L_000002d9e9c1eef0;
LS_000002d9e9b9f250_0_12 .concat [ 1 1 1 1], L_000002d9e9c1eef0, L_000002d9e9c1eef0, L_000002d9e9c1eef0, L_000002d9e9c1eef0;
LS_000002d9e9b9f250_0_16 .concat [ 1 1 1 1], L_000002d9e9c1eef0, L_000002d9e9c1eef0, L_000002d9e9c1eef0, L_000002d9e9c1eef0;
LS_000002d9e9b9f250_0_20 .concat [ 1 1 1 1], L_000002d9e9c1eef0, L_000002d9e9c1eef0, L_000002d9e9c1eef0, L_000002d9e9c1eef0;
LS_000002d9e9b9f250_0_24 .concat [ 1 1 1 1], L_000002d9e9c1eef0, L_000002d9e9c1eef0, L_000002d9e9c1eef0, L_000002d9e9c1eef0;
LS_000002d9e9b9f250_0_28 .concat [ 1 1 1 1], L_000002d9e9c1eef0, L_000002d9e9c1eef0, L_000002d9e9c1eef0, L_000002d9e9c1eef0;
LS_000002d9e9b9f250_1_0 .concat [ 4 4 4 4], LS_000002d9e9b9f250_0_0, LS_000002d9e9b9f250_0_4, LS_000002d9e9b9f250_0_8, LS_000002d9e9b9f250_0_12;
LS_000002d9e9b9f250_1_4 .concat [ 4 4 4 4], LS_000002d9e9b9f250_0_16, LS_000002d9e9b9f250_0_20, LS_000002d9e9b9f250_0_24, LS_000002d9e9b9f250_0_28;
L_000002d9e9b9f250 .concat [ 16 16 0 0], LS_000002d9e9b9f250_1_0, LS_000002d9e9b9f250_1_4;
L_000002d9e9b9fcf0 .part v000002d9e9b81650_0, 0, 8;
L_000002d9e9b9f2f0 .part v000002d9e9b81650_0, 0, 16;
LS_000002d9e9ba1230_0_0 .concat [ 1 1 1 1], L_000002d9e9c1ea90, L_000002d9e9c1ea90, L_000002d9e9c1ea90, L_000002d9e9c1ea90;
LS_000002d9e9ba1230_0_4 .concat [ 1 1 1 1], L_000002d9e9c1ea90, L_000002d9e9c1ea90, L_000002d9e9c1ea90, L_000002d9e9c1ea90;
LS_000002d9e9ba1230_0_8 .concat [ 1 1 1 1], L_000002d9e9c1ea90, L_000002d9e9c1ea90, L_000002d9e9c1ea90, L_000002d9e9c1ea90;
LS_000002d9e9ba1230_0_12 .concat [ 1 1 1 1], L_000002d9e9c1ea90, L_000002d9e9c1ea90, L_000002d9e9c1ea90, L_000002d9e9c1ea90;
LS_000002d9e9ba1230_0_16 .concat [ 1 1 1 1], L_000002d9e9c1ea90, L_000002d9e9c1ea90, L_000002d9e9c1ea90, L_000002d9e9c1ea90;
LS_000002d9e9ba1230_0_20 .concat [ 1 1 1 1], L_000002d9e9c1ea90, L_000002d9e9c1ea90, L_000002d9e9c1ea90, L_000002d9e9c1ea90;
LS_000002d9e9ba1230_0_24 .concat [ 1 1 1 1], L_000002d9e9c1ea90, L_000002d9e9c1ea90, L_000002d9e9c1ea90, L_000002d9e9c1ea90;
LS_000002d9e9ba1230_0_28 .concat [ 1 1 1 1], L_000002d9e9c1ea90, L_000002d9e9c1ea90, L_000002d9e9c1ea90, L_000002d9e9c1ea90;
LS_000002d9e9ba1230_1_0 .concat [ 4 4 4 4], LS_000002d9e9ba1230_0_0, LS_000002d9e9ba1230_0_4, LS_000002d9e9ba1230_0_8, LS_000002d9e9ba1230_0_12;
LS_000002d9e9ba1230_1_4 .concat [ 4 4 4 4], LS_000002d9e9ba1230_0_16, LS_000002d9e9ba1230_0_20, LS_000002d9e9ba1230_0_24, LS_000002d9e9ba1230_0_28;
L_000002d9e9ba1230 .concat [ 16 16 0 0], LS_000002d9e9ba1230_1_0, LS_000002d9e9ba1230_1_4;
S_000002d9e9b06970 .scope module, "u_writeback" "writeback" 4 820, 13 1 0, S_000002d9e949c4e0;
 .timescale -9 -12;
    .port_info 0 /INPUT 32 "AluResult";
    .port_info 1 /INPUT 32 "LoadData";
    .port_info 2 /INPUT 32 "pc_plus4";
    .port_info 3 /INPUT 32 "Offset";
    .port_info 4 /INPUT 1 "MemToReg";
    .port_info 5 /INPUT 1 "lui";
    .port_info 6 /INPUT 1 "Jump";
    .port_info 7 /OUTPUT 32 "WriteData";
v000002d9e9b7f350_0 .net "AluResult", 31 0, v000002d9e9b97680_0;  1 drivers
v000002d9e9b806b0_0 .net "Jump", 0 0, v000002d9e9b88fe0_0;  1 drivers
v000002d9e9b7ff30_0 .net "LoadData", 31 0, v000002d9e9b89440_0;  1 drivers
v000002d9e9b80f70_0 .net "MemToReg", 0 0, v000002d9e9b89800_0;  1 drivers
v000002d9e9b7fe90_0 .net "Offset", 31 0, v000002d9e9b88720_0;  1 drivers
v000002d9e9b807f0_0 .net "WriteData", 31 0, L_000002d9e9c39110;  alias, 1 drivers
v000002d9e9b81010_0 .net *"_ivl_0", 31 0, L_000002d9e9c38e90;  1 drivers
v000002d9e9b7f530_0 .net *"_ivl_2", 31 0, L_000002d9e9c3a010;  1 drivers
v000002d9e9b80c50_0 .net "lui", 0 0, v000002d9e9b88a40_0;  1 drivers
v000002d9e9b7ffd0_0 .net "pc_plus4", 31 0, v000002d9e9b898a0_0;  1 drivers
L_000002d9e9c38e90 .functor MUXZ 32, v000002d9e9b97680_0, v000002d9e9b89440_0, v000002d9e9b89800_0, C4<>;
L_000002d9e9c3a010 .functor MUXZ 32, L_000002d9e9c38e90, v000002d9e9b88720_0, v000002d9e9b88a40_0, C4<>;
L_000002d9e9c39110 .functor MUXZ 32, L_000002d9e9c3a010, v000002d9e9b898a0_0, v000002d9e9b88fe0_0, C4<>;
S_000002d9e9b06b00 .scope module, "imem" "memory" 2 35, 3 8 0, S_000002d9e9484e30;
 .timescale -9 -12;
    .port_info 0 /INPUT 1 "i_clk";
    .port_info 1 /INPUT 1 "i_rst";
    .port_info 2 /OUTPUT 1 "o_ready";
    .port_info 3 /INPUT 32 "i_addr";
    .port_info 4 /INPUT 1 "i_ren";
    .port_info 5 /INPUT 1 "i_wen";
    .port_info 6 /INPUT 4 "i_mask";
    .port_info 7 /INPUT 32 "i_wdata";
    .port_info 8 /OUTPUT 1 "o_valid";
    .port_info 9 /OUTPUT 32 "o_addr";
    .port_info 10 /OUTPUT 1 "o_wdone";
    .port_info 11 /OUTPUT 32 "o_rdata";
P_000002d9e98d7f80 .param/l "INTERVAL" 0 3 14, +C4<00000000000000000000000000000010>;
P_000002d9e98d7fb8 .param/l "LATENCY" 0 3 12, +C4<00000000000000000000000000000100>;
P_000002d9e98d7ff0 .param/l "SIZE" 0 3 10, +C4<00000000000000000000010000000000>;
L_000002d9e9a938f0 .functor NOT 1, v000002d9e9ba1ff0_0, C4<0>, C4<0>, C4<0>;
L_000002d9e9a93a40 .functor AND 1, L_000002d9e9a938f0, L_000002d9e9ba1eb0, C4<1>, C4<1>;
v000002d9e9b8c820_2 .array/port v000002d9e9b8c820, 2;
L_000002d9e9a93ab0 .functor BUFZ 32, v000002d9e9b8c820_2, C4<00000000000000000000000000000000>, C4<00000000000000000000000000000000>, C4<00000000000000000000000000000000>;
v000002d9e9b8c780_2 .array/port v000002d9e9b8c780, 2;
L_000002d9e9a933b0 .functor BUFZ 4, v000002d9e9b8c780_2, C4<0000>, C4<0000>, C4<0000>;
v000002d9e9b8bb00_2 .array/port v000002d9e9b8bb00, 2;
L_000002d9e9a93490 .functor BUFZ 32, v000002d9e9b8bb00_2, C4<00000000000000000000000000000000>, C4<00000000000000000000000000000000>, C4<00000000000000000000000000000000>;
v000002d9e9b8c820_3 .array/port v000002d9e9b8c820, 3;
L_000002d9e9a921c0 .functor BUFZ 32, v000002d9e9b8c820_3, C4<00000000000000000000000000000000>, C4<00000000000000000000000000000000>, C4<00000000000000000000000000000000>;
v000002d9e9b8ca00_3 .array/port v000002d9e9b8ca00, 3;
L_000002d9e9a92c40 .functor BUFZ 1, v000002d9e9b8ca00_3, C4<0>, C4<0>, C4<0>;
v000002d9e9b8b2e0_2 .array/port v000002d9e9b8b2e0, 2;
L_000002d9e9a922a0 .functor BUFZ 1, v000002d9e9b8b2e0_2, C4<0>, C4<0>, C4<0>;
L_000002d9e9a93260 .functor BUFZ 32, L_000002d9e9ba2950, C4<00000000000000000000000000000000>, C4<00000000000000000000000000000000>, C4<00000000000000000000000000000000>;
L_000002d9e9a91f90 .functor BUFZ 32, L_000002d9e9a921c0, C4<00000000000000000000000000000000>, C4<00000000000000000000000000000000>, C4<00000000000000000000000000000000>;
L_000002d9e9a928c0 .functor BUFZ 1, L_000002d9e9a92c40, C4<0>, C4<0>, C4<0>;
L_000002d9e9a92e00 .functor BUFZ 1, L_000002d9e9a922a0, C4<0>, C4<0>, C4<0>;
L_000002d9e9a935e0 .functor BUFZ 1, L_000002d9e9a93a40, C4<0>, C4<0>, C4<0>;
v000002d9e9b8b060_0 .net *"_ivl_0", 0 0, L_000002d9e9a938f0;  1 drivers
v000002d9e9b8c640_0 .net *"_ivl_2", 31 0, L_000002d9e9ba2bd0;  1 drivers
v000002d9e9b8c0a0_0 .net *"_ivl_32", 7 0, L_000002d9e9ba17d0;  1 drivers
L_000002d9e9ba9d78 .functor BUFT 1, C4<00000000000000000000000000000011>, C4<0>, C4<0>, C4<0>;
v000002d9e9b8b1a0_0 .net/2u *"_ivl_34", 31 0, L_000002d9e9ba9d78;  1 drivers
v000002d9e9b8c960_0 .net *"_ivl_36", 31 0, L_000002d9e9ba30d0;  1 drivers
v000002d9e9b8a8e0_0 .net *"_ivl_38", 7 0, L_000002d9e9ba2090;  1 drivers
L_000002d9e9ba9dc0 .functor BUFT 1, C4<00000000000000000000000000000010>, C4<0>, C4<0>, C4<0>;
v000002d9e9b8c3c0_0 .net/2u *"_ivl_40", 31 0, L_000002d9e9ba9dc0;  1 drivers
v000002d9e9b8bec0_0 .net *"_ivl_42", 31 0, L_000002d9e9ba2630;  1 drivers
v000002d9e9b8cbe0_0 .net *"_ivl_44", 7 0, L_000002d9e9ba2130;  1 drivers
L_000002d9e9ba9e08 .functor BUFT 1, C4<00000000000000000000000000000001>, C4<0>, C4<0>, C4<0>;
v000002d9e9b8a5c0_0 .net/2u *"_ivl_46", 31 0, L_000002d9e9ba9e08;  1 drivers
v000002d9e9b8cc80_0 .net *"_ivl_48", 31 0, L_000002d9e9ba23b0;  1 drivers
L_000002d9e9ba9ce8 .functor BUFT 1, C4<0000000000000000000000000000000>, C4<0>, C4<0>, C4<0>;
v000002d9e9b8aac0_0 .net *"_ivl_5", 30 0, L_000002d9e9ba9ce8;  1 drivers
v000002d9e9b8a700_0 .net *"_ivl_50", 7 0, L_000002d9e9ba2ef0;  1 drivers
L_000002d9e9ba9e50 .functor BUFT 1, C4<00000000000000000000000000000000>, C4<0>, C4<0>, C4<0>;
v000002d9e9b8afc0_0 .net/2u *"_ivl_52", 31 0, L_000002d9e9ba9e50;  1 drivers
v000002d9e9b8ad40_0 .net *"_ivl_54", 31 0, L_000002d9e9ba28b0;  1 drivers
L_000002d9e9ba9d30 .functor BUFT 1, C4<00000000000000000000000000000000>, C4<0>, C4<0>, C4<0>;
v000002d9e9b8bf60_0 .net/2u *"_ivl_6", 31 0, L_000002d9e9ba9d30;  1 drivers
v000002d9e9b8b740_0 .net *"_ivl_8", 0 0, L_000002d9e9ba1eb0;  1 drivers
v000002d9e9b8c820 .array "addrs", 3 0, 31 0;
v000002d9e9b8b7e0_0 .net "i_addr", 31 0, L_000002d9e9c17b60;  alias, 1 drivers
v000002d9e9b8a7a0_0 .net "i_clk", 0 0, v000002d9e9b8ae80_0;  alias, 1 drivers
L_000002d9e9ba9ee0 .functor BUFT 1, C4<1111>, C4<0>, C4<0>, C4<0>;
v000002d9e9b8bc40_0 .net "i_mask", 3 0, L_000002d9e9ba9ee0;  1 drivers
v000002d9e9b8c000_0 .net "i_ren", 0 0, L_000002d9e9c166d0;  alias, 1 drivers
v000002d9e9b8a980_0 .net "i_rst", 0 0, v000002d9e9ba1ff0_0;  alias, 1 drivers
L_000002d9e9ba9f28 .functor BUFT 1, C4<xxxxxxxxxxxxxxxxxxxxxxxxxxxxxxxx>, C4<0>, C4<0>, C4<0>;
v000002d9e9b8b240_0 .net "i_wdata", 31 0, L_000002d9e9ba9f28;  1 drivers
L_000002d9e9ba9e98 .functor BUFT 1, C4<0>, C4<0>, C4<0>, C4<0>;
v000002d9e9b8a840_0 .net "i_wen", 0 0, L_000002d9e9ba9e98;  1 drivers
v000002d9e9b8b100_0 .var "interval_counter", 0 0;
v000002d9e9b8b420_0 .net "mask", 3 0, L_000002d9e9a933b0;  1 drivers
v000002d9e9b8c780 .array "masks", 3 0, 3 0;
v000002d9e9b8b600 .array "mem", 1023 0, 7 0;
v000002d9e9b8bba0_0 .net "o_addr", 31 0, L_000002d9e9a91f90;  1 drivers
v000002d9e9b8b4c0_0 .net "o_rdata", 31 0, L_000002d9e9a93260;  alias, 1 drivers
v000002d9e9b8b560_0 .net "o_ready", 0 0, L_000002d9e9a935e0;  alias, 1 drivers
v000002d9e9b8c8c0_0 .net "o_valid", 0 0, L_000002d9e9a928c0;  alias, 1 drivers
v000002d9e9b8aa20_0 .net "o_wdone", 0 0, L_000002d9e9a92e00;  1 drivers
v000002d9e9b8ade0_0 .net "raddr", 31 0, v000002d9e9b8c820_3;  1 drivers
v000002d9e9b8b880_0 .net "ready", 0 0, L_000002d9e9a93a40;  1 drivers
v000002d9e9b8a520_0 .net "ren", 0 0, v000002d9e9b8ca00_3;  1 drivers
v000002d9e9b8ca00 .array "rens", 3 0, 0 0;
v000002d9e9b8ab60_0 .net "res_addr", 31 0, L_000002d9e9a921c0;  1 drivers
v000002d9e9b8ac00_0 .net "res_rdata", 31 0, L_000002d9e9ba2950;  1 drivers
v000002d9e9b8c140_0 .net "res_valid", 0 0, L_000002d9e9a92c40;  1 drivers
v000002d9e9b8cb40_0 .net "res_wdone", 0 0, L_000002d9e9a922a0;  1 drivers
v000002d9e9b8c320_0 .net "waddr", 31 0, L_000002d9e9a93ab0;  1 drivers
v000002d9e9b8b6a0_0 .net "wdata", 31 0, L_000002d9e9a93490;  1 drivers
v000002d9e9b8bb00 .array "wdatas", 3 0, 31 0;
v000002d9e9b8c500_0 .net "wen", 0 0, v000002d9e9b8b2e0_2;  1 drivers
v000002d9e9b8b2e0 .array "wens", 3 0, 0 0;
L_000002d9e9ba2bd0 .concat [ 1 31 0 0], v000002d9e9b8b100_0, L_000002d9e9ba9ce8;
L_000002d9e9ba1eb0 .cmp/eq 32, L_000002d9e9ba2bd0, L_000002d9e9ba9d30;
L_000002d9e9ba17d0 .array/port v000002d9e9b8b600, L_000002d9e9ba30d0;
L_000002d9e9ba30d0 .arith/sum 32, v000002d9e9b8c820_3, L_000002d9e9ba9d78;
L_000002d9e9ba2090 .array/port v000002d9e9b8b600, L_000002d9e9ba2630;
L_000002d9e9ba2630 .arith/sum 32, v000002d9e9b8c820_3, L_000002d9e9ba9dc0;
L_000002d9e9ba2130 .array/port v000002d9e9b8b600, L_000002d9e9ba23b0;
L_000002d9e9ba23b0 .arith/sum 32, v000002d9e9b8c820_3, L_000002d9e9ba9e08;
L_000002d9e9ba2ef0 .array/port v000002d9e9b8b600, L_000002d9e9ba28b0;
L_000002d9e9ba28b0 .arith/sum 32, v000002d9e9b8c820_3, L_000002d9e9ba9e50;
L_000002d9e9ba2950 .concat [ 8 8 8 8], L_000002d9e9ba2ef0, L_000002d9e9ba2130, L_000002d9e9ba2090, L_000002d9e9ba17d0;
S_000002d9e9b99990 .scope generate, "genblk1[1]" "genblk1[1]" 3 102, 3 102 0, S_000002d9e9b06b00;
 .timescale -9 -12;
P_000002d9e9aba0d0 .param/l "i" 0 3 102, +C4<01>;
S_000002d9e9b99b20 .scope generate, "genblk1[2]" "genblk1[2]" 3 102, 3 102 0, S_000002d9e9b06b00;
 .timescale -9 -12;
P_000002d9e9abd850 .param/l "i" 0 3 102, +C4<010>;
S_000002d9e9b98d10 .scope generate, "genblk1[3]" "genblk1[3]" 3 102, 3 102 0, S_000002d9e9b06b00;
 .timescale -9 -12;
P_000002d9e9abe950 .param/l "i" 0 3 102, +C4<011>;
    .scope S_000002d9e9b99990;
T_0 ;
    %wait E_000002d9e9ab9450;
    %load/vec4 v000002d9e9b8a980_0;
    %flag_set/vec4 8;
    %jmp/0xz  T_0.0, 8;
    %pushi/vec4 0, 0, 1;
    %ix/load 3, 1, 0;
    %flag_set/imm 4, 0;
    %ix/load 4, 0, 0; Constant delay
    %assign/vec4/a/d v000002d9e9b8ca00, 0, 4;
    %pushi/vec4 0, 0, 1;
    %ix/load 3, 1, 0;
    %flag_set/imm 4, 0;
    %ix/load 4, 0, 0; Constant delay
    %assign/vec4/a/d v000002d9e9b8b2e0, 0, 4;
    %jmp T_0.1;
T_0.0 ;
    %ix/load 4, 0, 0;
    %flag_set/imm 4, 0;
    %load/vec4a v000002d9e9b8c820, 4;
    %ix/load 3, 1, 0;
    %flag_set/imm 4, 0;
    %ix/load 4, 0, 0; Constant delay
    %assign/vec4/a/d v000002d9e9b8c820, 0, 4;
    %ix/load 4, 0, 0;
    %flag_set/imm 4, 0;
    %load/vec4a v000002d9e9b8ca00, 4;
    %ix/load 3, 1, 0;
    %flag_set/imm 4, 0;
    %ix/load 4, 0, 0; Constant delay
    %assign/vec4/a/d v000002d9e9b8ca00, 0, 4;
    %ix/load 4, 0, 0;
    %flag_set/imm 4, 0;
    %load/vec4a v000002d9e9b8b2e0, 4;
    %ix/load 3, 1, 0;
    %flag_set/imm 4, 0;
    %ix/load 4, 0, 0; Constant delay
    %assign/vec4/a/d v000002d9e9b8b2e0, 0, 4;
    %ix/load 4, 0, 0;
    %flag_set/imm 4, 0;
    %load/vec4a v000002d9e9b8c780, 4;
    %ix/load 3, 1, 0;
    %flag_set/imm 4, 0;
    %ix/load 4, 0, 0; Constant delay
    %assign/vec4/a/d v000002d9e9b8c780, 0, 4;
    %ix/load 4, 0, 0;
    %flag_set/imm 4, 0;
    %load/vec4a v000002d9e9b8bb00, 4;
    %ix/load 3, 1, 0;
    %flag_set/imm 4, 0;
    %ix/load 4, 0, 0; Constant delay
    %assign/vec4/a/d v000002d9e9b8bb00, 0, 4;
T_0.1 ;
    %jmp T_0;
    .thread T_0;
    .scope S_000002d9e9b99b20;
T_1 ;
    %wait E_000002d9e9ab9450;
    %load/vec4 v000002d9e9b8a980_0;
    %flag_set/vec4 8;
    %jmp/0xz  T_1.0, 8;
    %pushi/vec4 0, 0, 1;
    %ix/load 3, 2, 0;
    %flag_set/imm 4, 0;
    %ix/load 4, 0, 0; Constant delay
    %assign/vec4/a/d v000002d9e9b8ca00, 0, 4;
    %pushi/vec4 0, 0, 1;
    %ix/load 3, 2, 0;
    %flag_set/imm 4, 0;
    %ix/load 4, 0, 0; Constant delay
    %assign/vec4/a/d v000002d9e9b8b2e0, 0, 4;
    %jmp T_1.1;
T_1.0 ;
    %ix/load 4, 1, 0;
    %flag_set/imm 4, 0;
    %load/vec4a v000002d9e9b8c820, 4;
    %ix/load 3, 2, 0;
    %flag_set/imm 4, 0;
    %ix/load 4, 0, 0; Constant delay
    %assign/vec4/a/d v000002d9e9b8c820, 0, 4;
    %ix/load 4, 1, 0;
    %flag_set/imm 4, 0;
    %load/vec4a v000002d9e9b8ca00, 4;
    %ix/load 3, 2, 0;
    %flag_set/imm 4, 0;
    %ix/load 4, 0, 0; Constant delay
    %assign/vec4/a/d v000002d9e9b8ca00, 0, 4;
    %ix/load 4, 1, 0;
    %flag_set/imm 4, 0;
    %load/vec4a v000002d9e9b8b2e0, 4;
    %ix/load 3, 2, 0;
    %flag_set/imm 4, 0;
    %ix/load 4, 0, 0; Constant delay
    %assign/vec4/a/d v000002d9e9b8b2e0, 0, 4;
    %ix/load 4, 1, 0;
    %flag_set/imm 4, 0;
    %load/vec4a v000002d9e9b8c780, 4;
    %ix/load 3, 2, 0;
    %flag_set/imm 4, 0;
    %ix/load 4, 0, 0; Constant delay
    %assign/vec4/a/d v000002d9e9b8c780, 0, 4;
    %ix/load 4, 1, 0;
    %flag_set/imm 4, 0;
    %load/vec4a v000002d9e9b8bb00, 4;
    %ix/load 3, 2, 0;
    %flag_set/imm 4, 0;
    %ix/load 4, 0, 0; Constant delay
    %assign/vec4/a/d v000002d9e9b8bb00, 0, 4;
T_1.1 ;
    %jmp T_1;
    .thread T_1;
    .scope S_000002d9e9b98d10;
T_2 ;
    %wait E_000002d9e9ab9450;
    %load/vec4 v000002d9e9b8a980_0;
    %flag_set/vec4 8;
    %jmp/0xz  T_2.0, 8;
    %pushi/vec4 0, 0, 1;
    %ix/load 3, 3, 0;
    %flag_set/imm 4, 0;
    %ix/load 4, 0, 0; Constant delay
    %assign/vec4/a/d v000002d9e9b8ca00, 0, 4;
    %pushi/vec4 0, 0, 1;
    %ix/load 3, 3, 0;
    %flag_set/imm 4, 0;
    %ix/load 4, 0, 0; Constant delay
    %assign/vec4/a/d v000002d9e9b8b2e0, 0, 4;
    %jmp T_2.1;
T_2.0 ;
    %ix/load 4, 2, 0;
    %flag_set/imm 4, 0;
    %load/vec4a v000002d9e9b8c820, 4;
    %ix/load 3, 3, 0;
    %flag_set/imm 4, 0;
    %ix/load 4, 0, 0; Constant delay
    %assign/vec4/a/d v000002d9e9b8c820, 0, 4;
    %ix/load 4, 2, 0;
    %flag_set/imm 4, 0;
    %load/vec4a v000002d9e9b8ca00, 4;
    %ix/load 3, 3, 0;
    %flag_set/imm 4, 0;
    %ix/load 4, 0, 0; Constant delay
    %assign/vec4/a/d v000002d9e9b8ca00, 0, 4;
    %ix/load 4, 2, 0;
    %flag_set/imm 4, 0;
    %load/vec4a v000002d9e9b8b2e0, 4;
    %ix/load 3, 3, 0;
    %flag_set/imm 4, 0;
    %ix/load 4, 0, 0; Constant delay
    %assign/vec4/a/d v000002d9e9b8b2e0, 0, 4;
    %ix/load 4, 2, 0;
    %flag_set/imm 4, 0;
    %load/vec4a v000002d9e9b8c780, 4;
    %ix/load 3, 3, 0;
    %flag_set/imm 4, 0;
    %ix/load 4, 0, 0; Constant delay
    %assign/vec4/a/d v000002d9e9b8c780, 0, 4;
    %ix/load 4, 2, 0;
    %flag_set/imm 4, 0;
    %load/vec4a v000002d9e9b8bb00, 4;
    %ix/load 3, 3, 0;
    %flag_set/imm 4, 0;
    %ix/load 4, 0, 0; Constant delay
    %assign/vec4/a/d v000002d9e9b8bb00, 0, 4;
T_2.1 ;
    %jmp T_2;
    .thread T_2;
    .scope S_000002d9e9b06b00;
T_3 ;
    %wait E_000002d9e9ab9450;
    %load/vec4 v000002d9e9b8a980_0;
    %flag_set/vec4 8;
    %jmp/0xz  T_3.0, 8;
    %pushi/vec4 0, 0, 1;
    %assign/vec4 v000002d9e9b8b100_0, 0;
    %jmp T_3.1;
T_3.0 ;
    %load/vec4 v000002d9e9b8b100_0;
    %pad/u 32;
    %cmpi/e 1, 0, 32;
    %jmp/0xz  T_3.2, 4;
    %pushi/vec4 0, 0, 1;
    %assign/vec4 v000002d9e9b8b100_0, 0;
    %jmp T_3.3;
T_3.2 ;
    %load/vec4 v000002d9e9b8b880_0;
    %nor/r;
    %load/vec4 v000002d9e9b8c000_0;
    %or;
    %load/vec4 v000002d9e9b8a840_0;
    %or;
    %flag_set/vec4 8;
    %jmp/0xz  T_3.4, 8;
    %load/vec4 v000002d9e9b8b100_0;
    %pad/u 2;
    %addi 1, 0, 2;
    %pad/u 1;
    %assign/vec4 v000002d9e9b8b100_0, 0;
T_3.4 ;
T_3.3 ;
T_3.1 ;
    %jmp T_3;
    .thread T_3;
    .scope S_000002d9e9b06b00;
T_4 ;
    %wait E_000002d9e9ab9450;
    %load/vec4 v000002d9e9b8a980_0;
    %flag_set/vec4 8;
    %jmp/0xz  T_4.0, 8;
    %pushi/vec4 0, 0, 1;
    %ix/load 3, 0, 0;
    %flag_set/imm 4, 0;
    %ix/load 4, 0, 0; Constant delay
    %assign/vec4/a/d v000002d9e9b8ca00, 0, 4;
    %pushi/vec4 0, 0, 1;
    %ix/load 3, 0, 0;
    %flag_set/imm 4, 0;
    %ix/load 4, 0, 0; Constant delay
    %assign/vec4/a/d v000002d9e9b8b2e0, 0, 4;
    %jmp T_4.1;
T_4.0 ;
    %load/vec4 v000002d9e9b8b7e0_0;
    %ix/load 3, 0, 0;
    %flag_set/imm 4, 0;
    %ix/load 4, 0, 0; Constant delay
    %assign/vec4/a/d v000002d9e9b8c820, 0, 4;
    %load/vec4 v000002d9e9b8b880_0;
    %load/vec4 v000002d9e9b8c000_0;
    %and;
    %ix/load 3, 0, 0;
    %flag_set/imm 4, 0;
    %ix/load 4, 0, 0; Constant delay
    %assign/vec4/a/d v000002d9e9b8ca00, 0, 4;
    %load/vec4 v000002d9e9b8b880_0;
    %load/vec4 v000002d9e9b8a840_0;
    %and;
    %ix/load 3, 0, 0;
    %flag_set/imm 4, 0;
    %ix/load 4, 0, 0; Constant delay
    %assign/vec4/a/d v000002d9e9b8b2e0, 0, 4;
    %load/vec4 v000002d9e9b8bc40_0;
    %ix/load 3, 0, 0;
    %flag_set/imm 4, 0;
    %ix/load 4, 0, 0; Constant delay
    %assign/vec4/a/d v000002d9e9b8c780, 0, 4;
    %load/vec4 v000002d9e9b8b240_0;
    %ix/load 3, 0, 0;
    %flag_set/imm 4, 0;
    %ix/load 4, 0, 0; Constant delay
    %assign/vec4/a/d v000002d9e9b8bb00, 0, 4;
T_4.1 ;
    %jmp T_4;
    .thread T_4;
    .scope S_000002d9e9b06b00;
T_5 ;
    %wait E_000002d9e9ab9450;
    %load/vec4 v000002d9e9b8c500_0;
    %load/vec4 v000002d9e9b8b420_0;
    %parti/s 1, 0, 2;
    %and;
    %flag_set/vec4 8;
    %jmp/0xz  T_5.0, 8;
    %load/vec4 v000002d9e9b8b6a0_0;
    %parti/s 8, 0, 2;
    %load/vec4 v000002d9e9b8c320_0;
    %addi 0, 0, 32;
    %ix/vec4 3;
    %ix/load 4, 0, 0; Constant delay
    %assign/vec4/a/d v000002d9e9b8b600, 0, 4;
T_5.0 ;
    %load/vec4 v000002d9e9b8c500_0;
    %load/vec4 v000002d9e9b8b420_0;
    %parti/s 1, 1, 2;
    %and;
    %flag_set/vec4 8;
    %jmp/0xz  T_5.2, 8;
    %load/vec4 v000002d9e9b8b6a0_0;
    %parti/s 8, 8, 5;
    %load/vec4 v000002d9e9b8c320_0;
    %addi 1, 0, 32;
    %ix/vec4 3;
    %ix/load 4, 0, 0; Constant delay
    %assign/vec4/a/d v000002d9e9b8b600, 0, 4;
T_5.2 ;
    %load/vec4 v000002d9e9b8c500_0;
    %load/vec4 v000002d9e9b8b420_0;
    %parti/s 1, 2, 3;
    %and;
    %flag_set/vec4 8;
    %jmp/0xz  T_5.4, 8;
    %load/vec4 v000002d9e9b8b6a0_0;
    %parti/s 8, 16, 6;
    %load/vec4 v000002d9e9b8c320_0;
    %addi 2, 0, 32;
    %ix/vec4 3;
    %ix/load 4, 0, 0; Constant delay
    %assign/vec4/a/d v000002d9e9b8b600, 0, 4;
T_5.4 ;
    %load/vec4 v000002d9e9b8c500_0;
    %load/vec4 v000002d9e9b8b420_0;
    %parti/s 1, 3, 3;
    %and;
    %flag_set/vec4 8;
    %jmp/0xz  T_5.6, 8;
    %load/vec4 v000002d9e9b8b6a0_0;
    %parti/s 8, 24, 6;
    %load/vec4 v000002d9e9b8c320_0;
    %addi 3, 0, 32;
    %ix/vec4 3;
    %ix/load 4, 0, 0; Constant delay
    %assign/vec4/a/d v000002d9e9b8b600, 0, 4;
T_5.6 ;
    %jmp T_5;
    .thread T_5;
    .scope S_000002d9e98dbbe0;
T_6 ;
    %wait E_000002d9e9ab9450;
    %load/vec4 v000002d9e9a33a70_0;
    %flag_set/vec4 8;
    %jmp/0xz  T_6.0, 8;
    %pushi/vec4 0, 0, 1;
    %ix/load 3, 1, 0;
    %flag_set/imm 4, 0;
    %ix/load 4, 0, 0; Constant delay
    %assign/vec4/a/d v000002d9e9b645f0, 0, 4;
    %pushi/vec4 0, 0, 1;
    %ix/load 3, 1, 0;
    %flag_set/imm 4, 0;
    %ix/load 4, 0, 0; Constant delay
    %assign/vec4/a/d v000002d9e9b62e30, 0, 4;
    %jmp T_6.1;
T_6.0 ;
    %ix/load 4, 0, 0;
    %flag_set/imm 4, 0;
    %load/vec4a v000002d9e998aa10, 4;
    %ix/load 3, 1, 0;
    %flag_set/imm 4, 0;
    %ix/load 4, 0, 0; Constant delay
    %assign/vec4/a/d v000002d9e998aa10, 0, 4;
    %ix/load 4, 0, 0;
    %flag_set/imm 4, 0;
    %load/vec4a v000002d9e9b645f0, 4;
    %ix/load 3, 1, 0;
    %flag_set/imm 4, 0;
    %ix/load 4, 0, 0; Constant delay
    %assign/vec4/a/d v000002d9e9b645f0, 0, 4;
    %ix/load 4, 0, 0;
    %flag_set/imm 4, 0;
    %load/vec4a v000002d9e9b62e30, 4;
    %ix/load 3, 1, 0;
    %flag_set/imm 4, 0;
    %ix/load 4, 0, 0; Constant delay
    %assign/vec4/a/d v000002d9e9b62e30, 0, 4;
    %ix/load 4, 0, 0;
    %flag_set/imm 4, 0;
    %load/vec4a v000002d9e9b62bb0, 4;
    %ix/load 3, 1, 0;
    %flag_set/imm 4, 0;
    %ix/load 4, 0, 0; Constant delay
    %assign/vec4/a/d v000002d9e9b62bb0, 0, 4;
    %ix/load 4, 0, 0;
    %flag_set/imm 4, 0;
    %load/vec4a v000002d9e9b62430, 4;
    %ix/load 3, 1, 0;
    %flag_set/imm 4, 0;
    %ix/load 4, 0, 0; Constant delay
    %assign/vec4/a/d v000002d9e9b62430, 0, 4;
T_6.1 ;
    %jmp T_6;
    .thread T_6;
    .scope S_000002d9e98dbd70;
T_7 ;
    %wait E_000002d9e9ab9450;
    %load/vec4 v000002d9e9a33a70_0;
    %flag_set/vec4 8;
    %jmp/0xz  T_7.0, 8;
    %pushi/vec4 0, 0, 1;
    %ix/load 3, 2, 0;
    %flag_set/imm 4, 0;
    %ix/load 4, 0, 0; Constant delay
    %assign/vec4/a/d v000002d9e9b645f0, 0, 4;
    %pushi/vec4 0, 0, 1;
    %ix/load 3, 2, 0;
    %flag_set/imm 4, 0;
    %ix/load 4, 0, 0; Constant delay
    %assign/vec4/a/d v000002d9e9b62e30, 0, 4;
    %jmp T_7.1;
T_7.0 ;
    %ix/load 4, 1, 0;
    %flag_set/imm 4, 0;
    %load/vec4a v000002d9e998aa10, 4;
    %ix/load 3, 2, 0;
    %flag_set/imm 4, 0;
    %ix/load 4, 0, 0; Constant delay
    %assign/vec4/a/d v000002d9e998aa10, 0, 4;
    %ix/load 4, 1, 0;
    %flag_set/imm 4, 0;
    %load/vec4a v000002d9e9b645f0, 4;
    %ix/load 3, 2, 0;
    %flag_set/imm 4, 0;
    %ix/load 4, 0, 0; Constant delay
    %assign/vec4/a/d v000002d9e9b645f0, 0, 4;
    %ix/load 4, 1, 0;
    %flag_set/imm 4, 0;
    %load/vec4a v000002d9e9b62e30, 4;
    %ix/load 3, 2, 0;
    %flag_set/imm 4, 0;
    %ix/load 4, 0, 0; Constant delay
    %assign/vec4/a/d v000002d9e9b62e30, 0, 4;
    %ix/load 4, 1, 0;
    %flag_set/imm 4, 0;
    %load/vec4a v000002d9e9b62bb0, 4;
    %ix/load 3, 2, 0;
    %flag_set/imm 4, 0;
    %ix/load 4, 0, 0; Constant delay
    %assign/vec4/a/d v000002d9e9b62bb0, 0, 4;
    %ix/load 4, 1, 0;
    %flag_set/imm 4, 0;
    %load/vec4a v000002d9e9b62430, 4;
    %ix/load 3, 2, 0;
    %flag_set/imm 4, 0;
    %ix/load 4, 0, 0; Constant delay
    %assign/vec4/a/d v000002d9e9b62430, 0, 4;
T_7.1 ;
    %jmp T_7;
    .thread T_7;
    .scope S_000002d9e991f0f0;
T_8 ;
    %wait E_000002d9e9ab9450;
    %load/vec4 v000002d9e9a33a70_0;
    %flag_set/vec4 8;
    %jmp/0xz  T_8.0, 8;
    %pushi/vec4 0, 0, 1;
    %ix/load 3, 3, 0;
    %flag_set/imm 4, 0;
    %ix/load 4, 0, 0; Constant delay
    %assign/vec4/a/d v000002d9e9b645f0, 0, 4;
    %pushi/vec4 0, 0, 1;
    %ix/load 3, 3, 0;
    %flag_set/imm 4, 0;
    %ix/load 4, 0, 0; Constant delay
    %assign/vec4/a/d v000002d9e9b62e30, 0, 4;
    %jmp T_8.1;
T_8.0 ;
    %ix/load 4, 2, 0;
    %flag_set/imm 4, 0;
    %load/vec4a v000002d9e998aa10, 4;
    %ix/load 3, 3, 0;
    %flag_set/imm 4, 0;
    %ix/load 4, 0, 0; Constant delay
    %assign/vec4/a/d v000002d9e998aa10, 0, 4;
    %ix/load 4, 2, 0;
    %flag_set/imm 4, 0;
    %load/vec4a v000002d9e9b645f0, 4;
    %ix/load 3, 3, 0;
    %flag_set/imm 4, 0;
    %ix/load 4, 0, 0; Constant delay
    %assign/vec4/a/d v000002d9e9b645f0, 0, 4;
    %ix/load 4, 2, 0;
    %flag_set/imm 4, 0;
    %load/vec4a v000002d9e9b62e30, 4;
    %ix/load 3, 3, 0;
    %flag_set/imm 4, 0;
    %ix/load 4, 0, 0; Constant delay
    %assign/vec4/a/d v000002d9e9b62e30, 0, 4;
    %ix/load 4, 2, 0;
    %flag_set/imm 4, 0;
    %load/vec4a v000002d9e9b62bb0, 4;
    %ix/load 3, 3, 0;
    %flag_set/imm 4, 0;
    %ix/load 4, 0, 0; Constant delay
    %assign/vec4/a/d v000002d9e9b62bb0, 0, 4;
    %ix/load 4, 2, 0;
    %flag_set/imm 4, 0;
    %load/vec4a v000002d9e9b62430, 4;
    %ix/load 3, 3, 0;
    %flag_set/imm 4, 0;
    %ix/load 4, 0, 0; Constant delay
    %assign/vec4/a/d v000002d9e9b62430, 0, 4;
T_8.1 ;
    %jmp T_8;
    .thread T_8;
    .scope S_000002d9e9a7ed40;
T_9 ;
    %wait E_000002d9e9ab9450;
    %load/vec4 v000002d9e9a33a70_0;
    %flag_set/vec4 8;
    %jmp/0xz  T_9.0, 8;
    %pushi/vec4 0, 0, 1;
    %assign/vec4 v000002d9e9b62250_0, 0;
    %jmp T_9.1;
T_9.0 ;
    %load/vec4 v000002d9e9b62250_0;
    %pad/u 32;
    %cmpi/e 1, 0, 32;
    %jmp/0xz  T_9.2, 4;
    %pushi/vec4 0, 0, 1;
    %assign/vec4 v000002d9e9b62250_0, 0;
    %jmp T_9.3;
T_9.2 ;
    %load/vec4 v000002d9e9b62110_0;
    %nor/r;
    %load/vec4 v000002d9e9a030a0_0;
    %or;
    %load/vec4 v000002d9e9b62570_0;
    %or;
    %flag_set/vec4 8;
    %jmp/0xz  T_9.4, 8;
    %load/vec4 v000002d9e9b62250_0;
    %pad/u 2;
    %addi 1, 0, 2;
    %pad/u 1;
    %assign/vec4 v000002d9e9b62250_0, 0;
T_9.4 ;
T_9.3 ;
T_9.1 ;
    %jmp T_9;
    .thread T_9;
    .scope S_000002d9e9a7ed40;
T_10 ;
    %wait E_000002d9e9ab9450;
    %load/vec4 v000002d9e9a33a70_0;
    %flag_set/vec4 8;
    %jmp/0xz  T_10.0, 8;
    %pushi/vec4 0, 0, 1;
    %ix/load 3, 0, 0;
    %flag_set/imm 4, 0;
    %ix/load 4, 0, 0; Constant delay
    %assign/vec4/a/d v000002d9e9b645f0, 0, 4;
    %pushi/vec4 0, 0, 1;
    %ix/load 3, 0, 0;
    %flag_set/imm 4, 0;
    %ix/load 4, 0, 0; Constant delay
    %assign/vec4/a/d v000002d9e9b62e30, 0, 4;
    %jmp T_10.1;
T_10.0 ;
    %load/vec4 v000002d9e9a7a820_0;
    %ix/load 3, 0, 0;
    %flag_set/imm 4, 0;
    %ix/load 4, 0, 0; Constant delay
    %assign/vec4/a/d v000002d9e998aa10, 0, 4;
    %load/vec4 v000002d9e9b62110_0;
    %load/vec4 v000002d9e9a030a0_0;
    %and;
    %ix/load 3, 0, 0;
    %flag_set/imm 4, 0;
    %ix/load 4, 0, 0; Constant delay
    %assign/vec4/a/d v000002d9e9b645f0, 0, 4;
    %load/vec4 v000002d9e9b62110_0;
    %load/vec4 v000002d9e9b62570_0;
    %and;
    %ix/load 3, 0, 0;
    %flag_set/imm 4, 0;
    %ix/load 4, 0, 0; Constant delay
    %assign/vec4/a/d v000002d9e9b62e30, 0, 4;
    %load/vec4 v000002d9e9a78520_0;
    %ix/load 3, 0, 0;
    %flag_set/imm 4, 0;
    %ix/load 4, 0, 0; Constant delay
    %assign/vec4/a/d v000002d9e9b62bb0, 0, 4;
    %load/vec4 v000002d9e99d0a20_0;
    %ix/load 3, 0, 0;
    %flag_set/imm 4, 0;
    %ix/load 4, 0, 0; Constant delay
    %assign/vec4/a/d v000002d9e9b62430, 0, 4;
T_10.1 ;
    %jmp T_10;
    .thread T_10;
    .scope S_000002d9e9a7ed40;
T_11 ;
    %wait E_000002d9e9ab9450;
    %load/vec4 v000002d9e9b626b0_0;
    %load/vec4 v000002d9e9b642d0_0;
    %parti/s 1, 0, 2;
    %and;
    %flag_set/vec4 8;
    %jmp/0xz  T_11.0, 8;
    %load/vec4 v000002d9e9b62a70_0;
    %parti/s 8, 0, 2;
    %load/vec4 v000002d9e9b622f0_0;
    %addi 0, 0, 32;
    %ix/vec4 3;
    %ix/load 4, 0, 0; Constant delay
    %assign/vec4/a/d v000002d9e9b63510, 0, 4;
T_11.0 ;
    %load/vec4 v000002d9e9b626b0_0;
    %load/vec4 v000002d9e9b642d0_0;
    %parti/s 1, 1, 2;
    %and;
    %flag_set/vec4 8;
    %jmp/0xz  T_11.2, 8;
    %load/vec4 v000002d9e9b62a70_0;
    %parti/s 8, 8, 5;
    %load/vec4 v000002d9e9b622f0_0;
    %addi 1, 0, 32;
    %ix/vec4 3;
    %ix/load 4, 0, 0; Constant delay
    %assign/vec4/a/d v000002d9e9b63510, 0, 4;
T_11.2 ;
    %load/vec4 v000002d9e9b626b0_0;
    %load/vec4 v000002d9e9b642d0_0;
    %parti/s 1, 2, 3;
    %and;
    %flag_set/vec4 8;
    %jmp/0xz  T_11.4, 8;
    %load/vec4 v000002d9e9b62a70_0;
    %parti/s 8, 16, 6;
    %load/vec4 v000002d9e9b622f0_0;
    %addi 2, 0, 32;
    %ix/vec4 3;
    %ix/load 4, 0, 0; Constant delay
    %assign/vec4/a/d v000002d9e9b63510, 0, 4;
T_11.4 ;
    %load/vec4 v000002d9e9b626b0_0;
    %load/vec4 v000002d9e9b642d0_0;
    %parti/s 1, 3, 3;
    %and;
    %flag_set/vec4 8;
    %jmp/0xz  T_11.6, 8;
    %load/vec4 v000002d9e9b62a70_0;
    %parti/s 8, 24, 6;
    %load/vec4 v000002d9e9b622f0_0;
    %addi 3, 0, 32;
    %ix/vec4 3;
    %ix/load 4, 0, 0; Constant delay
    %assign/vec4/a/d v000002d9e9b63510, 0, 4;
T_11.6 ;
    %jmp T_11;
    .thread T_11;
    .scope S_000002d9e98e0070;
T_12 ;
    %wait E_000002d9e9ab9450;
    %load/vec4 v000002d9e9b7bbd0_0;
    %flag_set/vec4 8;
    %jmp/0xz  T_12.0, 8;
    %pushi/vec4 0, 0, 2;
    %assign/vec4 v000002d9e9b7ded0_0, 0;
    %pushi/vec4 0, 0, 23;
    %assign/vec4 v000002d9e9b7bef0_0, 0;
    %pushi/vec4 0, 0, 5;
    %assign/vec4 v000002d9e9b7c170_0, 0;
    %pushi/vec4 0, 0, 2;
    %assign/vec4 v000002d9e9b7d9d0_0, 0;
    %pushi/vec4 0, 0, 1;
    %assign/vec4 v000002d9e9b7d750_0, 0;
    %pushi/vec4 0, 0, 1;
    %assign/vec4 v000002d9e9b7d930_0, 0;
    %pushi/vec4 0, 0, 4;
    %assign/vec4 v000002d9e9b7d2f0_0, 0;
    %pushi/vec4 0, 0, 32;
    %assign/vec4 v000002d9e9b7d390_0, 0;
    %pushi/vec4 0, 0, 2;
    %assign/vec4 v000002d9e9b7df70_0, 0;
    %pushi/vec4 0, 0, 2;
    %assign/vec4 v000002d9e9b7ccb0_0, 0;
    %pushi/vec4 0, 0, 1;
    %assign/vec4 v000002d9e9b7da70_0, 0;
    %pushi/vec4 0, 0, 3;
    %assign/vec4 v000002d9e9b7d110_0, 0;
    %pushi/vec4 0, 0, 3;
    %assign/vec4 v000002d9e9b7c210_0, 0;
    %pushi/vec4 0, 0, 4;
    %assign/vec4 v000002d9e9b7dc50_0, 0;
    %pushi/vec4 0, 0, 32;
    %assign/vec4 v000002d9e9b7dbb0_0, 0;
    %pushi/vec4 0, 0, 32;
    %assign/vec4 v000002d9e9b7d4d0_0, 0;
    %pushi/vec4 0, 0, 32;
    %assign/vec4 v000002d9e9b7d7f0_0, 0;
    %jmp T_12.1;
T_12.0 ;
    %load/vec4 v000002d9e9b7cf30_0;
    %flag_set/vec4 8;
    %jmp/0xz  T_12.2, 8;
    %load/vec4 v000002d9e9b7db10_0;
    %load/vec4 v000002d9e9b7c210_0;
    %pad/u 5;
    %ix/vec4 3;
    %ix/load 4, 0, 0; Constant delay
    %assign/vec4/a/d v000002d9e9b7c3f0, 0, 4;
    %load/vec4 v000002d9e9b7bdb0_0;
    %load/vec4 v000002d9e9b7c210_0;
    %pad/u 5;
    %ix/vec4 3;
    %ix/load 4, 0, 0; Constant delay
    %assign/vec4/a/d v000002d9e9b7b950, 0, 4;
T_12.2 ;
    %load/vec4 v000002d9e9b7bb30_0;
    %flag_set/vec4 8;
    %jmp/0xz  T_12.4, 8;
    %load/vec4 v000002d9e9b7d110_0;
    %addi 1, 0, 3;
    %assign/vec4 v000002d9e9b7d110_0, 0;
T_12.4 ;
    %load/vec4 v000002d9e9b7cf30_0;
    %flag_set/vec4 8;
    %jmp/0xz  T_12.6, 8;
    %load/vec4 v000002d9e9b7c210_0;
    %addi 1, 0, 3;
    %assign/vec4 v000002d9e9b7c210_0, 0;
T_12.6 ;
    %load/vec4 v000002d9e9b7cf30_0;
    %load/vec4 v000002d9e9b7bb30_0;
    %concat/vec4; draw_concat_vec4
    %dup/vec4;
    %pushi/vec4 2, 0, 2;
    %cmp/u;
    %jmp/1 T_12.8, 6;
    %dup/vec4;
    %pushi/vec4 1, 0, 2;
    %cmp/u;
    %jmp/1 T_12.9, 6;
    %load/vec4 v000002d9e9b7dc50_0;
    %assign/vec4 v000002d9e9b7dc50_0, 0;
    %jmp T_12.11;
T_12.8 ;
    %load/vec4 v000002d9e9b7dc50_0;
    %addi 1, 0, 4;
    %assign/vec4 v000002d9e9b7dc50_0, 0;
    %jmp T_12.11;
T_12.9 ;
    %load/vec4 v000002d9e9b7dc50_0;
    %subi 1, 0, 4;
    %assign/vec4 v000002d9e9b7dc50_0, 0;
    %jmp T_12.11;
T_12.11 ;
    %pop/vec4 1;
    %load/vec4 v000002d9e9b7ded0_0;
    %dup/vec4;
    %pushi/vec4 0, 0, 2;
    %cmp/u;
    %jmp/1 T_12.12, 6;
    %dup/vec4;
    %pushi/vec4 1, 0, 2;
    %cmp/u;
    %jmp/1 T_12.13, 6;
    %dup/vec4;
    %pushi/vec4 2, 0, 2;
    %cmp/u;
    %jmp/1 T_12.14, 6;
    %dup/vec4;
    %pushi/vec4 3, 0, 2;
    %cmp/u;
    %jmp/1 T_12.15, 6;
    %pushi/vec4 0, 0, 2;
    %assign/vec4 v000002d9e9b7ded0_0, 0;
    %jmp T_12.17;
T_12.12 ;
    %load/vec4 v000002d9e9b7a050_0;
    %load/vec4 v000002d9e9b798d0_0;
    %and;
    %flag_set/vec4 8;
    %jmp/0xz  T_12.18, 8;
    %load/vec4 v000002d9e9b7c030_0;
    %flag_set/vec4 8;
    %jmp/0xz  T_12.20, 8;
    %pushi/vec4 1, 0, 1;
    %ix/load 5, 0, 0;
    %ix/getv 4, v000002d9e9b7d430_0;
    %assign/vec4/off/d v000002d9e9b7d7f0_0, 4, 5;
    %jmp T_12.21;
T_12.20 ;
    %load/vec4 v000002d9e9b7e010_0;
    %flag_set/vec4 8;
    %jmp/0xz  T_12.22, 8;
    %pushi/vec4 0, 0, 1;
    %ix/load 5, 0, 0;
    %ix/getv 4, v000002d9e9b7d430_0;
    %assign/vec4/off/d v000002d9e9b7d7f0_0, 4, 5;
T_12.22 ;
T_12.21 ;
    %jmp T_12.19;
T_12.18 ;
    %load/vec4 v000002d9e9b7c350_0;
    %flag_set/vec4 8;
    %jmp/0xz  T_12.24, 8;
    %load/vec4 v000002d9e9b7c030_0;
    %flag_set/vec4 8;
    %jmp/0xz  T_12.26, 8;
    %load/vec4 v000002d9e9b7dcf0_0;
    %load/vec4 v000002d9e9b7d430_0;
    %pad/u 10;
    %pad/u 12;
    %muli 4, 0, 12;
    %pad/u 13;
    %load/vec4 v000002d9e9b7cad0_0;
    %pad/u 4;
    %pad/u 13;
    %add;
    %ix/vec4 3;
    %ix/load 4, 0, 0; Constant delay
    %assign/vec4/a/d v000002d9e9b79830, 0, 4;
    %jmp T_12.27;
T_12.26 ;
    %load/vec4 v000002d9e9b7dcf0_0;
    %load/vec4 v000002d9e9b7d430_0;
    %pad/u 10;
    %pad/u 12;
    %muli 4, 0, 12;
    %pad/u 13;
    %load/vec4 v000002d9e9b7cad0_0;
    %pad/u 4;
    %pad/u 13;
    %add;
    %ix/vec4 3;
    %ix/load 4, 0, 0; Constant delay
    %assign/vec4/a/d v000002d9e9b7a0f0, 0, 4;
T_12.27 ;
    %load/vec4 v000002d9e9b7c030_0;
    %flag_set/vec4 8;
    %jmp/0xz  T_12.28, 8;
    %pushi/vec4 1, 0, 1;
    %ix/load 5, 0, 0;
    %ix/getv 4, v000002d9e9b7d430_0;
    %assign/vec4/off/d v000002d9e9b7d7f0_0, 4, 5;
    %jmp T_12.29;
T_12.28 ;
    %load/vec4 v000002d9e9b7e010_0;
    %flag_set/vec4 8;
    %jmp/0xz  T_12.30, 8;
    %pushi/vec4 0, 0, 1;
    %ix/load 5, 0, 0;
    %ix/getv 4, v000002d9e9b7d430_0;
    %assign/vec4/off/d v000002d9e9b7d7f0_0, 4, 5;
T_12.30 ;
T_12.29 ;
    %jmp T_12.25;
T_12.24 ;
    %load/vec4 v000002d9e9b7c490_0;
    %flag_set/vec4 8;
    %jmp/0xz  T_12.32, 8;
    %load/vec4 v000002d9e9b7bf90_0;
    %assign/vec4 v000002d9e9b7bef0_0, 0;
    %load/vec4 v000002d9e9b7d430_0;
    %assign/vec4 v000002d9e9b7c170_0, 0;
    %load/vec4 v000002d9e9b7cad0_0;
    %assign/vec4 v000002d9e9b7d9d0_0, 0;
    %load/vec4 v000002d9e9b79970_0;
    %assign/vec4 v000002d9e9b7d750_0, 0;
    %pushi/vec4 1, 0, 1;
    %assign/vec4 v000002d9e9b7d930_0, 0;
    %load/vec4 v000002d9e9b7a9b0_0;
    %assign/vec4 v000002d9e9b7d2f0_0, 0;
    %load/vec4 v000002d9e9b7aaf0_0;
    %assign/vec4 v000002d9e9b7d390_0, 0;
    %pushi/vec4 3, 0, 2;
    %assign/vec4 v000002d9e9b7ded0_0, 0;
    %jmp T_12.33;
T_12.32 ;
    %load/vec4 v000002d9e9b7d890_0;
    %load/vec4 v000002d9e9b7c7b0_0;
    %or;
    %flag_set/vec4 8;
    %jmp/0xz  T_12.34, 8;
    %load/vec4 v000002d9e9b7bf90_0;
    %assign/vec4 v000002d9e9b7bef0_0, 0;
    %load/vec4 v000002d9e9b7d430_0;
    %assign/vec4 v000002d9e9b7c170_0, 0;
    %load/vec4 v000002d9e9b7cad0_0;
    %assign/vec4 v000002d9e9b7d9d0_0, 0;
    %load/vec4 v000002d9e9b7c990_0;
    %assign/vec4 v000002d9e9b7d750_0, 0;
    %load/vec4 v000002d9e9b7acd0_0;
    %assign/vec4 v000002d9e9b7d930_0, 0;
    %load/vec4 v000002d9e9b7a9b0_0;
    %assign/vec4 v000002d9e9b7d2f0_0, 0;
    %load/vec4 v000002d9e9b7aaf0_0;
    %assign/vec4 v000002d9e9b7d390_0, 0;
    %pushi/vec4 0, 0, 2;
    %assign/vec4 v000002d9e9b7df70_0, 0;
    %pushi/vec4 0, 0, 2;
    %assign/vec4 v000002d9e9b7ccb0_0, 0;
    %pushi/vec4 0, 0, 1;
    %assign/vec4 v000002d9e9b7da70_0, 0;
    %pushi/vec4 1, 0, 2;
    %assign/vec4 v000002d9e9b7ded0_0, 0;
T_12.34 ;
T_12.33 ;
T_12.25 ;
T_12.19 ;
    %jmp T_12.17;
T_12.13 ;
    %load/vec4 v000002d9e9b7cc10_0;
    %flag_set/vec4 8;
    %jmp/0xz  T_12.36, 8;
    %load/vec4 v000002d9e9b7df70_0;
    %cmpi/e 3, 0, 2;
    %jmp/0xz  T_12.38, 4;
    %pushi/vec4 1, 0, 1;
    %assign/vec4 v000002d9e9b7da70_0, 0;
    %jmp T_12.39;
T_12.38 ;
    %load/vec4 v000002d9e9b7df70_0;
    %addi 1, 0, 2;
    %assign/vec4 v000002d9e9b7df70_0, 0;
T_12.39 ;
T_12.36 ;
    %load/vec4 v000002d9e9b79d30_0;
    %flag_set/vec4 8;
    %jmp/0xz  T_12.40, 8;
    %load/vec4 v000002d9e9b7d750_0;
    %cmpi/e 0, 0, 1;
    %jmp/0xz  T_12.42, 4;
    %load/vec4 v000002d9e9b79b50_0;
    %load/vec4 v000002d9e9b7c170_0;
    %pad/u 10;
    %pad/u 12;
    %muli 4, 0, 12;
    %pad/u 13;
    %load/vec4 v000002d9e9b7ccb0_0;
    %pad/u 4;
    %pad/u 13;
    %add;
    %ix/vec4 3;
    %ix/load 4, 0, 0; Constant delay
    %assign/vec4/a/d v000002d9e9b79830, 0, 4;
    %jmp T_12.43;
T_12.42 ;
    %load/vec4 v000002d9e9b79b50_0;
    %load/vec4 v000002d9e9b7c170_0;
    %pad/u 10;
    %pad/u 12;
    %muli 4, 0, 12;
    %pad/u 13;
    %load/vec4 v000002d9e9b7ccb0_0;
    %pad/u 4;
    %pad/u 13;
    %add;
    %ix/vec4 3;
    %ix/load 4, 0, 0; Constant delay
    %assign/vec4/a/d v000002d9e9b7a0f0, 0, 4;
T_12.43 ;
    %load/vec4 v000002d9e9b7ccb0_0;
    %cmpi/e 3, 0, 2;
    %jmp/0xz  T_12.44, 4;
    %load/vec4 v000002d9e9b7d750_0;
    %cmpi/e 0, 0, 1;
    %jmp/0xz  T_12.46, 4;
    %load/vec4 v000002d9e9b7bef0_0;
    %load/vec4 v000002d9e9b7c170_0;
    %pad/u 7;
    %ix/vec4 3;
    %ix/load 4, 0, 0; Constant delay
    %assign/vec4/a/d v000002d9e9b7cdf0, 0, 4;
    %pushi/vec4 1, 0, 1;
    %ix/load 5, 0, 0;
    %ix/getv 4, v000002d9e9b7c170_0;
    %assign/vec4/off/d v000002d9e9b7dbb0_0, 4, 5;
    %jmp T_12.47;
T_12.46 ;
    %load/vec4 v000002d9e9b7bef0_0;
    %load/vec4 v000002d9e9b7c170_0;
    %pad/u 7;
    %ix/vec4 3;
    %ix/load 4, 0, 0; Constant delay
    %assign/vec4/a/d v000002d9e9b7c2b0, 0, 4;
    %pushi/vec4 1, 0, 1;
    %ix/load 5, 0, 0;
    %ix/getv 4, v000002d9e9b7c170_0;
    %assign/vec4/off/d v000002d9e9b7d4d0_0, 4, 5;
T_12.47 ;
    %load/vec4 v000002d9e9b7d930_0;
    %flag_set/vec4 8;
    %jmp/0xz  T_12.48, 8;
    %pushi/vec4 3, 0, 2;
    %assign/vec4 v000002d9e9b7ded0_0, 0;
    %jmp T_12.49;
T_12.48 ;
    %load/vec4 v000002d9e9b7d750_0;
    %inv;
    %ix/load 5, 0, 0;
    %ix/getv 4, v000002d9e9b7c170_0;
    %assign/vec4/off/d v000002d9e9b7d7f0_0, 4, 5;
    %pushi/vec4 0, 0, 2;
    %assign/vec4 v000002d9e9b7ded0_0, 0;
T_12.49 ;
    %jmp T_12.45;
T_12.44 ;
    %load/vec4 v000002d9e9b7ccb0_0;
    %addi 1, 0, 2;
    %assign/vec4 v000002d9e9b7ccb0_0, 0;
T_12.45 ;
T_12.40 ;
    %jmp T_12.17;
T_12.14 ;
    %pushi/vec4 0, 0, 2;
    %assign/vec4 v000002d9e9b7ded0_0, 0;
    %jmp T_12.17;
T_12.15 ;
    %load/vec4 v000002d9e9b7c850_0;
    %flag_set/vec4 8;
    %jmp/0xz  T_12.50, 8;
    %load/vec4 v000002d9e9b7d750_0;
    %cmpi/e 0, 0, 1;
    %jmp/0xz  T_12.52, 4;
    %load/vec4 v000002d9e9b7d070_0;
    %load/vec4 v000002d9e9b7c170_0;
    %pad/u 10;
    %pad/u 12;
    %muli 4, 0, 12;
    %pad/u 13;
    %load/vec4 v000002d9e9b7d9d0_0;
    %pad/u 4;
    %pad/u 13;
    %add;
    %ix/vec4 3;
    %ix/load 4, 0, 0; Constant delay
    %assign/vec4/a/d v000002d9e9b79830, 0, 4;
    %jmp T_12.53;
T_12.52 ;
    %load/vec4 v000002d9e9b7d070_0;
    %load/vec4 v000002d9e9b7c170_0;
    %pad/u 10;
    %pad/u 12;
    %muli 4, 0, 12;
    %pad/u 13;
    %load/vec4 v000002d9e9b7d9d0_0;
    %pad/u 4;
    %pad/u 13;
    %add;
    %ix/vec4 3;
    %ix/load 4, 0, 0; Constant delay
    %assign/vec4/a/d v000002d9e9b7a0f0, 0, 4;
T_12.53 ;
    %load/vec4 v000002d9e9b7d750_0;
    %inv;
    %ix/load 5, 0, 0;
    %ix/getv 4, v000002d9e9b7c170_0;
    %assign/vec4/off/d v000002d9e9b7d7f0_0, 4, 5;
    %pushi/vec4 0, 0, 2;
    %assign/vec4 v000002d9e9b7ded0_0, 0;
T_12.50 ;
    %jmp T_12.17;
T_12.17 ;
    %pop/vec4 1;
T_12.1 ;
    %jmp T_12;
    .thread T_12;
    .scope S_000002d9e991ac60;
T_13 ;
    %wait E_000002d9e9ab9450;
    %load/vec4 v000002d9e9b66120_0;
    %flag_set/vec4 8;
    %jmp/0xz  T_13.0, 8;
    %pushi/vec4 0, 0, 2;
    %assign/vec4 v000002d9e9b67520_0, 0;
    %pushi/vec4 0, 0, 23;
    %assign/vec4 v000002d9e9b673e0_0, 0;
    %pushi/vec4 0, 0, 5;
    %assign/vec4 v000002d9e9b66940_0, 0;
    %pushi/vec4 0, 0, 2;
    %assign/vec4 v000002d9e9b68100_0, 0;
    %pushi/vec4 0, 0, 1;
    %assign/vec4 v000002d9e9b684c0_0, 0;
    %pushi/vec4 0, 0, 1;
    %assign/vec4 v000002d9e9b66760_0, 0;
    %pushi/vec4 0, 0, 4;
    %assign/vec4 v000002d9e9b670c0_0, 0;
    %pushi/vec4 0, 0, 32;
    %assign/vec4 v000002d9e9b66260_0, 0;
    %pushi/vec4 0, 0, 2;
    %assign/vec4 v000002d9e9b66440_0, 0;
    %pushi/vec4 0, 0, 2;
    %assign/vec4 v000002d9e9b664e0_0, 0;
    %pushi/vec4 0, 0, 1;
    %assign/vec4 v000002d9e9b66620_0, 0;
    %pushi/vec4 0, 0, 3;
    %assign/vec4 v000002d9e9b67980_0, 0;
    %pushi/vec4 0, 0, 3;
    %assign/vec4 v000002d9e9b6a540_0, 0;
    %pushi/vec4 0, 0, 4;
    %assign/vec4 v000002d9e9b67840_0, 0;
    %pushi/vec4 0, 0, 32;
    %assign/vec4 v000002d9e9b675c0_0, 0;
    %pushi/vec4 0, 0, 32;
    %assign/vec4 v000002d9e9b66e40_0, 0;
    %pushi/vec4 0, 0, 32;
    %assign/vec4 v000002d9e9b68740_0, 0;
    %jmp T_13.1;
T_13.0 ;
    %load/vec4 v000002d9e9b687e0_0;
    %flag_set/vec4 8;
    %jmp/0xz  T_13.2, 8;
    %load/vec4 v000002d9e9b67a20_0;
    %load/vec4 v000002d9e9b6a540_0;
    %pad/u 5;
    %ix/vec4 3;
    %ix/load 4, 0, 0; Constant delay
    %assign/vec4/a/d v000002d9e9b666c0, 0, 4;
    %load/vec4 v000002d9e9b67ca0_0;
    %load/vec4 v000002d9e9b6a540_0;
    %pad/u 5;
    %ix/vec4 3;
    %ix/load 4, 0, 0; Constant delay
    %assign/vec4/a/d v000002d9e9b66080, 0, 4;
T_13.2 ;
    %load/vec4 v000002d9e9b67f20_0;
    %flag_set/vec4 8;
    %jmp/0xz  T_13.4, 8;
    %load/vec4 v000002d9e9b67980_0;
    %addi 1, 0, 3;
    %assign/vec4 v000002d9e9b67980_0, 0;
T_13.4 ;
    %load/vec4 v000002d9e9b687e0_0;
    %flag_set/vec4 8;
    %jmp/0xz  T_13.6, 8;
    %load/vec4 v000002d9e9b6a540_0;
    %addi 1, 0, 3;
    %assign/vec4 v000002d9e9b6a540_0, 0;
T_13.6 ;
    %load/vec4 v000002d9e9b687e0_0;
    %load/vec4 v000002d9e9b67f20_0;
    %concat/vec4; draw_concat_vec4
    %dup/vec4;
    %pushi/vec4 2, 0, 2;
    %cmp/u;
    %jmp/1 T_13.8, 6;
    %dup/vec4;
    %pushi/vec4 1, 0, 2;
    %cmp/u;
    %jmp/1 T_13.9, 6;
    %load/vec4 v000002d9e9b67840_0;
    %assign/vec4 v000002d9e9b67840_0, 0;
    %jmp T_13.11;
T_13.8 ;
    %load/vec4 v000002d9e9b67840_0;
    %addi 1, 0, 4;
    %assign/vec4 v000002d9e9b67840_0, 0;
    %jmp T_13.11;
T_13.9 ;
    %load/vec4 v000002d9e9b67840_0;
    %subi 1, 0, 4;
    %assign/vec4 v000002d9e9b67840_0, 0;
    %jmp T_13.11;
T_13.11 ;
    %pop/vec4 1;
    %load/vec4 v000002d9e9b67520_0;
    %dup/vec4;
    %pushi/vec4 0, 0, 2;
    %cmp/u;
    %jmp/1 T_13.12, 6;
    %dup/vec4;
    %pushi/vec4 1, 0, 2;
    %cmp/u;
    %jmp/1 T_13.13, 6;
    %dup/vec4;
    %pushi/vec4 2, 0, 2;
    %cmp/u;
    %jmp/1 T_13.14, 6;
    %dup/vec4;
    %pushi/vec4 3, 0, 2;
    %cmp/u;
    %jmp/1 T_13.15, 6;
    %pushi/vec4 0, 0, 2;
    %assign/vec4 v000002d9e9b67520_0, 0;
    %jmp T_13.17;
T_13.12 ;
    %load/vec4 v000002d9e9b663a0_0;
    %load/vec4 v000002d9e9b66a80_0;
    %and;
    %flag_set/vec4 8;
    %jmp/0xz  T_13.18, 8;
    %load/vec4 v000002d9e9b67e80_0;
    %flag_set/vec4 8;
    %jmp/0xz  T_13.20, 8;
    %pushi/vec4 1, 0, 1;
    %ix/load 5, 0, 0;
    %ix/getv 4, v000002d9e9b67fc0_0;
    %assign/vec4/off/d v000002d9e9b68740_0, 4, 5;
    %jmp T_13.21;
T_13.20 ;
    %load/vec4 v000002d9e9b67700_0;
    %flag_set/vec4 8;
    %jmp/0xz  T_13.22, 8;
    %pushi/vec4 0, 0, 1;
    %ix/load 5, 0, 0;
    %ix/getv 4, v000002d9e9b67fc0_0;
    %assign/vec4/off/d v000002d9e9b68740_0, 4, 5;
T_13.22 ;
T_13.21 ;
    %jmp T_13.19;
T_13.18 ;
    %load/vec4 v000002d9e9b693c0_0;
    %flag_set/vec4 8;
    %jmp/0xz  T_13.24, 8;
    %load/vec4 v000002d9e9b67e80_0;
    %flag_set/vec4 8;
    %jmp/0xz  T_13.26, 8;
    %load/vec4 v000002d9e9b68420_0;
    %load/vec4 v000002d9e9b67fc0_0;
    %pad/u 10;
    %pad/u 12;
    %muli 4, 0, 12;
    %pad/u 13;
    %load/vec4 v000002d9e9b68240_0;
    %pad/u 4;
    %pad/u 13;
    %add;
    %ix/vec4 3;
    %ix/load 4, 0, 0; Constant delay
    %assign/vec4/a/d v000002d9e9b6d9c0, 0, 4;
    %jmp T_13.27;
T_13.26 ;
    %load/vec4 v000002d9e9b68420_0;
    %load/vec4 v000002d9e9b67fc0_0;
    %pad/u 10;
    %pad/u 12;
    %muli 4, 0, 12;
    %pad/u 13;
    %load/vec4 v000002d9e9b68240_0;
    %pad/u 4;
    %pad/u 13;
    %add;
    %ix/vec4 3;
    %ix/load 4, 0, 0; Constant delay
    %assign/vec4/a/d v000002d9e9b6da60, 0, 4;
T_13.27 ;
    %load/vec4 v000002d9e9b67e80_0;
    %flag_set/vec4 8;
    %jmp/0xz  T_13.28, 8;
    %pushi/vec4 1, 0, 1;
    %ix/load 5, 0, 0;
    %ix/getv 4, v000002d9e9b67fc0_0;
    %assign/vec4/off/d v000002d9e9b68740_0, 4, 5;
    %jmp T_13.29;
T_13.28 ;
    %load/vec4 v000002d9e9b67700_0;
    %flag_set/vec4 8;
    %jmp/0xz  T_13.30, 8;
    %pushi/vec4 0, 0, 1;
    %ix/load 5, 0, 0;
    %ix/getv 4, v000002d9e9b67fc0_0;
    %assign/vec4/off/d v000002d9e9b68740_0, 4, 5;
T_13.30 ;
T_13.29 ;
    %jmp T_13.25;
T_13.24 ;
    %load/vec4 v000002d9e9b69e60_0;
    %flag_set/vec4 8;
    %jmp/0xz  T_13.32, 8;
    %load/vec4 v000002d9e9b67c00_0;
    %assign/vec4 v000002d9e9b673e0_0, 0;
    %load/vec4 v000002d9e9b67fc0_0;
    %assign/vec4 v000002d9e9b66940_0, 0;
    %load/vec4 v000002d9e9b68240_0;
    %assign/vec4 v000002d9e9b68100_0, 0;
    %load/vec4 v000002d9e9b67ac0_0;
    %assign/vec4 v000002d9e9b684c0_0, 0;
    %pushi/vec4 1, 0, 1;
    %assign/vec4 v000002d9e9b66760_0, 0;
    %load/vec4 v000002d9e9b66d00_0;
    %assign/vec4 v000002d9e9b670c0_0, 0;
    %load/vec4 v000002d9e9b66bc0_0;
    %assign/vec4 v000002d9e9b66260_0, 0;
    %pushi/vec4 3, 0, 2;
    %assign/vec4 v000002d9e9b67520_0, 0;
    %jmp T_13.33;
T_13.32 ;
    %load/vec4 v000002d9e9b66300_0;
    %load/vec4 v000002d9e9b6a720_0;
    %or;
    %flag_set/vec4 8;
    %jmp/0xz  T_13.34, 8;
    %load/vec4 v000002d9e9b67c00_0;
    %assign/vec4 v000002d9e9b673e0_0, 0;
    %load/vec4 v000002d9e9b67fc0_0;
    %assign/vec4 v000002d9e9b66940_0, 0;
    %load/vec4 v000002d9e9b68240_0;
    %assign/vec4 v000002d9e9b68100_0, 0;
    %load/vec4 v000002d9e9b682e0_0;
    %assign/vec4 v000002d9e9b684c0_0, 0;
    %load/vec4 v000002d9e9b66f80_0;
    %assign/vec4 v000002d9e9b66760_0, 0;
    %load/vec4 v000002d9e9b66d00_0;
    %assign/vec4 v000002d9e9b670c0_0, 0;
    %load/vec4 v000002d9e9b66bc0_0;
    %assign/vec4 v000002d9e9b66260_0, 0;
    %pushi/vec4 0, 0, 2;
    %assign/vec4 v000002d9e9b66440_0, 0;
    %pushi/vec4 0, 0, 2;
    %assign/vec4 v000002d9e9b664e0_0, 0;
    %pushi/vec4 0, 0, 1;
    %assign/vec4 v000002d9e9b66620_0, 0;
    %pushi/vec4 1, 0, 2;
    %assign/vec4 v000002d9e9b67520_0, 0;
T_13.34 ;
T_13.33 ;
T_13.25 ;
T_13.19 ;
    %jmp T_13.17;
T_13.13 ;
    %load/vec4 v000002d9e9b668a0_0;
    %flag_set/vec4 8;
    %jmp/0xz  T_13.36, 8;
    %load/vec4 v000002d9e9b66440_0;
    %cmpi/e 3, 0, 2;
    %jmp/0xz  T_13.38, 4;
    %pushi/vec4 1, 0, 1;
    %assign/vec4 v000002d9e9b66620_0, 0;
    %jmp T_13.39;
T_13.38 ;
    %load/vec4 v000002d9e9b66440_0;
    %addi 1, 0, 2;
    %assign/vec4 v000002d9e9b66440_0, 0;
T_13.39 ;
T_13.36 ;
    %load/vec4 v000002d9e9b67160_0;
    %flag_set/vec4 8;
    %jmp/0xz  T_13.40, 8;
    %load/vec4 v000002d9e9b684c0_0;
    %cmpi/e 0, 0, 1;
    %jmp/0xz  T_13.42, 4;
    %load/vec4 v000002d9e9b672a0_0;
    %load/vec4 v000002d9e9b66940_0;
    %pad/u 10;
    %pad/u 12;
    %muli 4, 0, 12;
    %pad/u 13;
    %load/vec4 v000002d9e9b664e0_0;
    %pad/u 4;
    %pad/u 13;
    %add;
    %ix/vec4 3;
    %ix/load 4, 0, 0; Constant delay
    %assign/vec4/a/d v000002d9e9b6d9c0, 0, 4;
    %jmp T_13.43;
T_13.42 ;
    %load/vec4 v000002d9e9b672a0_0;
    %load/vec4 v000002d9e9b66940_0;
    %pad/u 10;
    %pad/u 12;
    %muli 4, 0, 12;
    %pad/u 13;
    %load/vec4 v000002d9e9b664e0_0;
    %pad/u 4;
    %pad/u 13;
    %add;
    %ix/vec4 3;
    %ix/load 4, 0, 0; Constant delay
    %assign/vec4/a/d v000002d9e9b6da60, 0, 4;
T_13.43 ;
    %load/vec4 v000002d9e9b664e0_0;
    %cmpi/e 3, 0, 2;
    %jmp/0xz  T_13.44, 4;
    %load/vec4 v000002d9e9b684c0_0;
    %cmpi/e 0, 0, 1;
    %jmp/0xz  T_13.46, 4;
    %load/vec4 v000002d9e9b673e0_0;
    %load/vec4 v000002d9e9b66940_0;
    %pad/u 7;
    %ix/vec4 3;
    %ix/load 4, 0, 0; Constant delay
    %assign/vec4/a/d v000002d9e9b66da0, 0, 4;
    %pushi/vec4 1, 0, 1;
    %ix/load 5, 0, 0;
    %ix/getv 4, v000002d9e9b66940_0;
    %assign/vec4/off/d v000002d9e9b675c0_0, 4, 5;
    %jmp T_13.47;
T_13.46 ;
    %load/vec4 v000002d9e9b673e0_0;
    %load/vec4 v000002d9e9b66940_0;
    %pad/u 7;
    %ix/vec4 3;
    %ix/load 4, 0, 0; Constant delay
    %assign/vec4/a/d v000002d9e9b66b20, 0, 4;
    %pushi/vec4 1, 0, 1;
    %ix/load 5, 0, 0;
    %ix/getv 4, v000002d9e9b66940_0;
    %assign/vec4/off/d v000002d9e9b66e40_0, 4, 5;
T_13.47 ;
    %load/vec4 v000002d9e9b66760_0;
    %flag_set/vec4 8;
    %jmp/0xz  T_13.48, 8;
    %pushi/vec4 3, 0, 2;
    %assign/vec4 v000002d9e9b67520_0, 0;
    %jmp T_13.49;
T_13.48 ;
    %load/vec4 v000002d9e9b684c0_0;
    %inv;
    %ix/load 5, 0, 0;
    %ix/getv 4, v000002d9e9b66940_0;
    %assign/vec4/off/d v000002d9e9b68740_0, 4, 5;
    %pushi/vec4 0, 0, 2;
    %assign/vec4 v000002d9e9b67520_0, 0;
T_13.49 ;
    %jmp T_13.45;
T_13.44 ;
    %load/vec4 v000002d9e9b664e0_0;
    %addi 1, 0, 2;
    %assign/vec4 v000002d9e9b664e0_0, 0;
T_13.45 ;
T_13.40 ;
    %jmp T_13.17;
T_13.14 ;
    %pushi/vec4 0, 0, 2;
    %assign/vec4 v000002d9e9b67520_0, 0;
    %jmp T_13.17;
T_13.15 ;
    %load/vec4 v000002d9e9b69dc0_0;
    %flag_set/vec4 8;
    %jmp/0xz  T_13.50, 8;
    %load/vec4 v000002d9e9b684c0_0;
    %cmpi/e 0, 0, 1;
    %jmp/0xz  T_13.52, 4;
    %load/vec4 v000002d9e9b66800_0;
    %load/vec4 v000002d9e9b66940_0;
    %pad/u 10;
    %pad/u 12;
    %muli 4, 0, 12;
    %pad/u 13;
    %load/vec4 v000002d9e9b68100_0;
    %pad/u 4;
    %pad/u 13;
    %add;
    %ix/vec4 3;
    %ix/load 4, 0, 0; Constant delay
    %assign/vec4/a/d v000002d9e9b6d9c0, 0, 4;
    %jmp T_13.53;
T_13.52 ;
    %load/vec4 v000002d9e9b66800_0;
    %load/vec4 v000002d9e9b66940_0;
    %pad/u 10;
    %pad/u 12;
    %muli 4, 0, 12;
    %pad/u 13;
    %load/vec4 v000002d9e9b68100_0;
    %pad/u 4;
    %pad/u 13;
    %add;
    %ix/vec4 3;
    %ix/load 4, 0, 0; Constant delay
    %assign/vec4/a/d v000002d9e9b6da60, 0, 4;
T_13.53 ;
    %load/vec4 v000002d9e9b684c0_0;
    %inv;
    %ix/load 5, 0, 0;
    %ix/getv 4, v000002d9e9b66940_0;
    %assign/vec4/off/d v000002d9e9b68740_0, 4, 5;
    %pushi/vec4 0, 0, 2;
    %assign/vec4 v000002d9e9b67520_0, 0;
T_13.50 ;
    %jmp T_13.17;
T_13.17 ;
    %pop/vec4 1;
T_13.1 ;
    %jmp T_13;
    .thread T_13;
    .scope S_000002d9e98d3820;
T_14 ;
    %wait E_000002d9e9ab9450;
    %load/vec4 v000002d9e9b73580_0;
    %flag_set/vec4 8;
    %jmp/0xz  T_14.0, 8;
    %pushi/vec4 0, 0, 32;
    %ix/load 3, 0, 0;
    %flag_set/imm 4, 0;
    %ix/load 4, 0, 0; Constant delay
    %assign/vec4/a/d v000002d9e9b73120, 0, 4;
    %pushi/vec4 0, 0, 32;
    %ix/load 3, 1, 0;
    %flag_set/imm 4, 0;
    %ix/load 4, 0, 0; Constant delay
    %assign/vec4/a/d v000002d9e9b73120, 0, 4;
    %pushi/vec4 0, 0, 32;
    %ix/load 3, 2, 0;
    %flag_set/imm 4, 0;
    %ix/load 4, 0, 0; Constant delay
    %assign/vec4/a/d v000002d9e9b73120, 0, 4;
    %pushi/vec4 0, 0, 32;
    %ix/load 3, 3, 0;
    %flag_set/imm 4, 0;
    %ix/load 4, 0, 0; Constant delay
    %assign/vec4/a/d v000002d9e9b73120, 0, 4;
    %pushi/vec4 0, 0, 32;
    %ix/load 3, 4, 0;
    %flag_set/imm 4, 0;
    %ix/load 4, 0, 0; Constant delay
    %assign/vec4/a/d v000002d9e9b73120, 0, 4;
    %pushi/vec4 0, 0, 32;
    %ix/load 3, 5, 0;
    %flag_set/imm 4, 0;
    %ix/load 4, 0, 0; Constant delay
    %assign/vec4/a/d v000002d9e9b73120, 0, 4;
    %pushi/vec4 0, 0, 32;
    %ix/load 3, 6, 0;
    %flag_set/imm 4, 0;
    %ix/load 4, 0, 0; Constant delay
    %assign/vec4/a/d v000002d9e9b73120, 0, 4;
    %pushi/vec4 0, 0, 32;
    %ix/load 3, 7, 0;
    %flag_set/imm 4, 0;
    %ix/load 4, 0, 0; Constant delay
    %assign/vec4/a/d v000002d9e9b73120, 0, 4;
    %pushi/vec4 0, 0, 32;
    %ix/load 3, 8, 0;
    %flag_set/imm 4, 0;
    %ix/load 4, 0, 0; Constant delay
    %assign/vec4/a/d v000002d9e9b73120, 0, 4;
    %pushi/vec4 0, 0, 32;
    %ix/load 3, 9, 0;
    %flag_set/imm 4, 0;
    %ix/load 4, 0, 0; Constant delay
    %assign/vec4/a/d v000002d9e9b73120, 0, 4;
    %pushi/vec4 0, 0, 32;
    %ix/load 3, 10, 0;
    %flag_set/imm 4, 0;
    %ix/load 4, 0, 0; Constant delay
    %assign/vec4/a/d v000002d9e9b73120, 0, 4;
    %pushi/vec4 0, 0, 32;
    %ix/load 3, 11, 0;
    %flag_set/imm 4, 0;
    %ix/load 4, 0, 0; Constant delay
    %assign/vec4/a/d v000002d9e9b73120, 0, 4;
    %pushi/vec4 0, 0, 32;
    %ix/load 3, 12, 0;
    %flag_set/imm 4, 0;
    %ix/load 4, 0, 0; Constant delay
    %assign/vec4/a/d v000002d9e9b73120, 0, 4;
    %pushi/vec4 0, 0, 32;
    %ix/load 3, 13, 0;
    %flag_set/imm 4, 0;
    %ix/load 4, 0, 0; Constant delay
    %assign/vec4/a/d v000002d9e9b73120, 0, 4;
    %pushi/vec4 0, 0, 32;
    %ix/load 3, 14, 0;
    %flag_set/imm 4, 0;
    %ix/load 4, 0, 0; Constant delay
    %assign/vec4/a/d v000002d9e9b73120, 0, 4;
    %pushi/vec4 0, 0, 32;
    %ix/load 3, 15, 0;
    %flag_set/imm 4, 0;
    %ix/load 4, 0, 0; Constant delay
    %assign/vec4/a/d v000002d9e9b73120, 0, 4;
    %pushi/vec4 0, 0, 32;
    %ix/load 3, 16, 0;
    %flag_set/imm 4, 0;
    %ix/load 4, 0, 0; Constant delay
    %assign/vec4/a/d v000002d9e9b73120, 0, 4;
    %pushi/vec4 0, 0, 32;
    %ix/load 3, 17, 0;
    %flag_set/imm 4, 0;
    %ix/load 4, 0, 0; Constant delay
    %assign/vec4/a/d v000002d9e9b73120, 0, 4;
    %pushi/vec4 0, 0, 32;
    %ix/load 3, 18, 0;
    %flag_set/imm 4, 0;
    %ix/load 4, 0, 0; Constant delay
    %assign/vec4/a/d v000002d9e9b73120, 0, 4;
    %pushi/vec4 0, 0, 32;
    %ix/load 3, 19, 0;
    %flag_set/imm 4, 0;
    %ix/load 4, 0, 0; Constant delay
    %assign/vec4/a/d v000002d9e9b73120, 0, 4;
    %pushi/vec4 0, 0, 32;
    %ix/load 3, 20, 0;
    %flag_set/imm 4, 0;
    %ix/load 4, 0, 0; Constant delay
    %assign/vec4/a/d v000002d9e9b73120, 0, 4;
    %pushi/vec4 0, 0, 32;
    %ix/load 3, 21, 0;
    %flag_set/imm 4, 0;
    %ix/load 4, 0, 0; Constant delay
    %assign/vec4/a/d v000002d9e9b73120, 0, 4;
    %pushi/vec4 0, 0, 32;
    %ix/load 3, 22, 0;
    %flag_set/imm 4, 0;
    %ix/load 4, 0, 0; Constant delay
    %assign/vec4/a/d v000002d9e9b73120, 0, 4;
    %pushi/vec4 0, 0, 32;
    %ix/load 3, 23, 0;
    %flag_set/imm 4, 0;
    %ix/load 4, 0, 0; Constant delay
    %assign/vec4/a/d v000002d9e9b73120, 0, 4;
    %pushi/vec4 0, 0, 32;
    %ix/load 3, 24, 0;
    %flag_set/imm 4, 0;
    %ix/load 4, 0, 0; Constant delay
    %assign/vec4/a/d v000002d9e9b73120, 0, 4;
    %pushi/vec4 0, 0, 32;
    %ix/load 3, 25, 0;
    %flag_set/imm 4, 0;
    %ix/load 4, 0, 0; Constant delay
    %assign/vec4/a/d v000002d9e9b73120, 0, 4;
    %pushi/vec4 0, 0, 32;
    %ix/load 3, 26, 0;
    %flag_set/imm 4, 0;
    %ix/load 4, 0, 0; Constant delay
    %assign/vec4/a/d v000002d9e9b73120, 0, 4;
    %pushi/vec4 0, 0, 32;
    %ix/load 3, 27, 0;
    %flag_set/imm 4, 0;
    %ix/load 4, 0, 0; Constant delay
    %assign/vec4/a/d v000002d9e9b73120, 0, 4;
    %pushi/vec4 0, 0, 32;
    %ix/load 3, 28, 0;
    %flag_set/imm 4, 0;
    %ix/load 4, 0, 0; Constant delay
    %assign/vec4/a/d v000002d9e9b73120, 0, 4;
    %pushi/vec4 0, 0, 32;
    %ix/load 3, 29, 0;
    %flag_set/imm 4, 0;
    %ix/load 4, 0, 0; Constant delay
    %assign/vec4/a/d v000002d9e9b73120, 0, 4;
    %pushi/vec4 0, 0, 32;
    %ix/load 3, 30, 0;
    %flag_set/imm 4, 0;
    %ix/load 4, 0, 0; Constant delay
    %assign/vec4/a/d v000002d9e9b73120, 0, 4;
    %pushi/vec4 0, 0, 32;
    %ix/load 3, 31, 0;
    %flag_set/imm 4, 0;
    %ix/load 4, 0, 0; Constant delay
    %assign/vec4/a/d v000002d9e9b73120, 0, 4;
    %jmp T_14.1;
T_14.0 ;
    %load/vec4 v000002d9e9b733a0_0;
    %flag_set/vec4 9;
    %flag_get/vec4 9;
    %jmp/0 T_14.4, 9;
    %load/vec4 v000002d9e9b72fe0_0;
    %pushi/vec4 0, 0, 5;
    %cmp/ne;
    %flag_get/vec4 4;
    %and;
T_14.4;
    %flag_set/vec4 8;
    %jmp/0xz  T_14.2, 8;
    %load/vec4 v000002d9e9b734e0_0;
    %load/vec4 v000002d9e9b72fe0_0;
    %pad/u 7;
    %ix/vec4 3;
    %ix/load 4, 0, 0; Constant delay
    %assign/vec4/a/d v000002d9e9b73120, 0, 4;
T_14.2 ;
T_14.1 ;
    %jmp T_14;
    .thread T_14;
    .scope S_000002d9e9912950;
T_15 ;
    %wait E_000002d9e9ab9650;
    %pushi/vec4 0, 0, 3;
    %store/vec4 v000002d9e9b6ee40_0, 0, 3;
    %pushi/vec4 0, 0, 1;
    %store/vec4 v000002d9e9b70e20_0, 0, 1;
    %pushi/vec4 0, 0, 1;
    %store/vec4 v000002d9e9b70100_0, 0, 1;
    %pushi/vec4 0, 0, 1;
    %store/vec4 v000002d9e9b70f60_0, 0, 1;
    %load/vec4 v000002d9e9b6f0c0_0;
    %dup/vec4;
    %pushi/vec4 1, 2, 3;
    %cmp/z;
    %jmp/1 T_15.0, 4;
    %dup/vec4;
    %pushi/vec4 0, 2, 3;
    %cmp/z;
    %jmp/1 T_15.1, 4;
    %dup/vec4;
    %pushi/vec4 6, 0, 3;
    %cmp/z;
    %jmp/1 T_15.2, 4;
    %pushi/vec4 0, 0, 3;
    %store/vec4 v000002d9e9b6ee40_0, 0, 3;
    %pushi/vec4 0, 0, 1;
    %store/vec4 v000002d9e9b70e20_0, 0, 1;
    %pushi/vec4 0, 0, 1;
    %store/vec4 v000002d9e9b70100_0, 0, 1;
    %pushi/vec4 0, 0, 1;
    %store/vec4 v000002d9e9b70f60_0, 0, 1;
    %jmp T_15.4;
T_15.0 ;
    %load/vec4 v000002d9e9b6f700_0;
    %dup/vec4;
    %pushi/vec4 55, 0, 7;
    %cmp/u;
    %jmp/1 T_15.5, 6;
    %dup/vec4;
    %pushi/vec4 23, 0, 7;
    %cmp/u;
    %jmp/1 T_15.6, 6;
    %load/vec4 v000002d9e9b6eb20_0;
    %store/vec4 v000002d9e9b6ee40_0, 0, 3;
    %load/vec4 v000002d9e9b6f700_0;
    %pushi/vec4 51, 0, 7;
    %cmp/e;
    %flag_get/vec4 4;
    %load/vec4 v000002d9e9b6eb20_0;
    %pushi/vec4 0, 0, 3;
    %cmp/e;
    %flag_get/vec4 4;
    %and;
    %load/vec4 v000002d9e9b6f2a0_0;
    %parti/s 1, 5, 4;
    %and;
    %store/vec4 v000002d9e9b70e20_0, 0, 1;
    %load/vec4 v000002d9e9b6eb20_0;
    %pushi/vec4 3, 0, 3;
    %cmp/e;
    %flag_get/vec4 4;
    %store/vec4 v000002d9e9b70100_0, 0, 1;
    %load/vec4 v000002d9e9b6eb20_0;
    %pushi/vec4 5, 0, 3;
    %cmp/e;
    %flag_get/vec4 4;
    %load/vec4 v000002d9e9b6f2a0_0;
    %parti/s 1, 5, 4;
    %and;
    %store/vec4 v000002d9e9b70f60_0, 0, 1;
    %jmp T_15.8;
T_15.5 ;
    %pushi/vec4 0, 0, 3;
    %store/vec4 v000002d9e9b6ee40_0, 0, 3;
    %pushi/vec4 0, 0, 1;
    %store/vec4 v000002d9e9b70e20_0, 0, 1;
    %pushi/vec4 0, 0, 1;
    %store/vec4 v000002d9e9b70100_0, 0, 1;
    %pushi/vec4 0, 0, 1;
    %store/vec4 v000002d9e9b70f60_0, 0, 1;
    %jmp T_15.8;
T_15.6 ;
    %pushi/vec4 0, 0, 3;
    %store/vec4 v000002d9e9b6ee40_0, 0, 3;
    %pushi/vec4 0, 0, 1;
    %store/vec4 v000002d9e9b70e20_0, 0, 1;
    %pushi/vec4 0, 0, 1;
    %store/vec4 v000002d9e9b70100_0, 0, 1;
    %pushi/vec4 0, 0, 1;
    %store/vec4 v000002d9e9b70f60_0, 0, 1;
    %jmp T_15.8;
T_15.8 ;
    %pop/vec4 1;
    %jmp T_15.4;
T_15.1 ;
    %pushi/vec4 0, 0, 3;
    %store/vec4 v000002d9e9b6ee40_0, 0, 3;
    %pushi/vec4 0, 0, 1;
    %store/vec4 v000002d9e9b70e20_0, 0, 1;
    %pushi/vec4 0, 0, 1;
    %store/vec4 v000002d9e9b70100_0, 0, 1;
    %pushi/vec4 0, 0, 1;
    %store/vec4 v000002d9e9b70f60_0, 0, 1;
    %jmp T_15.4;
T_15.2 ;
    %pushi/vec4 0, 0, 3;
    %store/vec4 v000002d9e9b6ee40_0, 0, 3;
    %load/vec4 v000002d9e9b6f700_0;
    %pushi/vec4 99, 0, 7;
    %cmp/e;
    %flag_get/vec4 4;
    %store/vec4 v000002d9e9b70e20_0, 0, 1;
    %load/vec4 v000002d9e9b6f700_0;
    %pushi/vec4 99, 0, 7;
    %cmp/e;
    %flag_get/vec4 4;
    %load/vec4 v000002d9e9b6eb20_0;
    %parti/s 1, 1, 2;
    %and;
    %store/vec4 v000002d9e9b70100_0, 0, 1;
    %pushi/vec4 0, 0, 1;
    %store/vec4 v000002d9e9b70f60_0, 0, 1;
    %jmp T_15.4;
T_15.4 ;
    %pop/vec4 1;
    %jmp T_15;
    .thread T_15, $push;
    .scope S_000002d9e99127c0;
T_16 ;
    %wait E_000002d9e9ab9d10;
    %load/vec4 v000002d9e9b70c40_0;
    %dup/vec4;
    %pushi/vec4 0, 0, 5;
    %cmp/u;
    %jmp/1 T_16.0, 6;
    %dup/vec4;
    %pushi/vec4 1, 0, 5;
    %cmp/u;
    %jmp/1 T_16.1, 6;
    %dup/vec4;
    %pushi/vec4 2, 0, 5;
    %cmp/u;
    %jmp/1 T_16.2, 6;
    %dup/vec4;
    %pushi/vec4 3, 0, 5;
    %cmp/u;
    %jmp/1 T_16.3, 6;
    %dup/vec4;
    %pushi/vec4 4, 0, 5;
    %cmp/u;
    %jmp/1 T_16.4, 6;
    %dup/vec4;
    %pushi/vec4 5, 0, 5;
    %cmp/u;
    %jmp/1 T_16.5, 6;
    %dup/vec4;
    %pushi/vec4 6, 0, 5;
    %cmp/u;
    %jmp/1 T_16.6, 6;
    %dup/vec4;
    %pushi/vec4 7, 0, 5;
    %cmp/u;
    %jmp/1 T_16.7, 6;
    %dup/vec4;
    %pushi/vec4 8, 0, 5;
    %cmp/u;
    %jmp/1 T_16.8, 6;
    %dup/vec4;
    %pushi/vec4 9, 0, 5;
    %cmp/u;
    %jmp/1 T_16.9, 6;
    %dup/vec4;
    %pushi/vec4 10, 0, 5;
    %cmp/u;
    %jmp/1 T_16.10, 6;
    %dup/vec4;
    %pushi/vec4 11, 0, 5;
    %cmp/u;
    %jmp/1 T_16.11, 6;
    %dup/vec4;
    %pushi/vec4 12, 0, 5;
    %cmp/u;
    %jmp/1 T_16.12, 6;
    %dup/vec4;
    %pushi/vec4 13, 0, 5;
    %cmp/u;
    %jmp/1 T_16.13, 6;
    %dup/vec4;
    %pushi/vec4 14, 0, 5;
    %cmp/u;
    %jmp/1 T_16.14, 6;
    %dup/vec4;
    %pushi/vec4 15, 0, 5;
    %cmp/u;
    %jmp/1 T_16.15, 6;
    %dup/vec4;
    %pushi/vec4 16, 0, 5;
    %cmp/u;
    %jmp/1 T_16.16, 6;
    %dup/vec4;
    %pushi/vec4 17, 0, 5;
    %cmp/u;
    %jmp/1 T_16.17, 6;
    %dup/vec4;
    %pushi/vec4 18, 0, 5;
    %cmp/u;
    %jmp/1 T_16.18, 6;
    %dup/vec4;
    %pushi/vec4 19, 0, 5;
    %cmp/u;
    %jmp/1 T_16.19, 6;
    %dup/vec4;
    %pushi/vec4 20, 0, 5;
    %cmp/u;
    %jmp/1 T_16.20, 6;
    %dup/vec4;
    %pushi/vec4 21, 0, 5;
    %cmp/u;
    %jmp/1 T_16.21, 6;
    %dup/vec4;
    %pushi/vec4 22, 0, 5;
    %cmp/u;
    %jmp/1 T_16.22, 6;
    %dup/vec4;
    %pushi/vec4 23, 0, 5;
    %cmp/u;
    %jmp/1 T_16.23, 6;
    %dup/vec4;
    %pushi/vec4 24, 0, 5;
    %cmp/u;
    %jmp/1 T_16.24, 6;
    %dup/vec4;
    %pushi/vec4 25, 0, 5;
    %cmp/u;
    %jmp/1 T_16.25, 6;
    %dup/vec4;
    %pushi/vec4 26, 0, 5;
    %cmp/u;
    %jmp/1 T_16.26, 6;
    %dup/vec4;
    %pushi/vec4 27, 0, 5;
    %cmp/u;
    %jmp/1 T_16.27, 6;
    %dup/vec4;
    %pushi/vec4 28, 0, 5;
    %cmp/u;
    %jmp/1 T_16.28, 6;
    %dup/vec4;
    %pushi/vec4 29, 0, 5;
    %cmp/u;
    %jmp/1 T_16.29, 6;
    %dup/vec4;
    %pushi/vec4 30, 0, 5;
    %cmp/u;
    %jmp/1 T_16.30, 6;
    %dup/vec4;
    %pushi/vec4 31, 0, 5;
    %cmp/u;
    %jmp/1 T_16.31, 6;
    %pushi/vec4 0, 0, 32;
    %store/vec4 v000002d9e9b6f5c0_0, 0, 32;
    %jmp T_16.33;
T_16.0 ;
    %load/vec4 v000002d9e9b76500_0;
    %store/vec4 v000002d9e9b6f5c0_0, 0, 32;
    %jmp T_16.33;
T_16.1 ;
    %load/vec4 v000002d9e9b76500_0;
    %parti/s 31, 0, 2;
    %concati/vec4 0, 0, 1;
    %store/vec4 v000002d9e9b6f5c0_0, 0, 32;
    %jmp T_16.33;
T_16.2 ;
    %load/vec4 v000002d9e9b76500_0;
    %parti/s 30, 0, 2;
    %concati/vec4 0, 0, 2;
    %store/vec4 v000002d9e9b6f5c0_0, 0, 32;
    %jmp T_16.33;
T_16.3 ;
    %load/vec4 v000002d9e9b76500_0;
    %parti/s 29, 0, 2;
    %concati/vec4 0, 0, 3;
    %store/vec4 v000002d9e9b6f5c0_0, 0, 32;
    %jmp T_16.33;
T_16.4 ;
    %load/vec4 v000002d9e9b76500_0;
    %parti/s 28, 0, 2;
    %concati/vec4 0, 0, 4;
    %store/vec4 v000002d9e9b6f5c0_0, 0, 32;
    %jmp T_16.33;
T_16.5 ;
    %load/vec4 v000002d9e9b76500_0;
    %parti/s 27, 0, 2;
    %concati/vec4 0, 0, 5;
    %store/vec4 v000002d9e9b6f5c0_0, 0, 32;
    %jmp T_16.33;
T_16.6 ;
    %load/vec4 v000002d9e9b76500_0;
    %parti/s 26, 0, 2;
    %concati/vec4 0, 0, 6;
    %store/vec4 v000002d9e9b6f5c0_0, 0, 32;
    %jmp T_16.33;
T_16.7 ;
    %load/vec4 v000002d9e9b76500_0;
    %parti/s 25, 0, 2;
    %concati/vec4 0, 0, 7;
    %store/vec4 v000002d9e9b6f5c0_0, 0, 32;
    %jmp T_16.33;
T_16.8 ;
    %load/vec4 v000002d9e9b76500_0;
    %parti/s 24, 0, 2;
    %concati/vec4 0, 0, 8;
    %store/vec4 v000002d9e9b6f5c0_0, 0, 32;
    %jmp T_16.33;
T_16.9 ;
    %load/vec4 v000002d9e9b76500_0;
    %parti/s 23, 0, 2;
    %concati/vec4 0, 0, 9;
    %store/vec4 v000002d9e9b6f5c0_0, 0, 32;
    %jmp T_16.33;
T_16.10 ;
    %load/vec4 v000002d9e9b76500_0;
    %parti/s 22, 0, 2;
    %concati/vec4 0, 0, 10;
    %store/vec4 v000002d9e9b6f5c0_0, 0, 32;
    %jmp T_16.33;
T_16.11 ;
    %load/vec4 v000002d9e9b76500_0;
    %parti/s 21, 0, 2;
    %concati/vec4 0, 0, 11;
    %store/vec4 v000002d9e9b6f5c0_0, 0, 32;
    %jmp T_16.33;
T_16.12 ;
    %load/vec4 v000002d9e9b76500_0;
    %parti/s 20, 0, 2;
    %concati/vec4 0, 0, 12;
    %store/vec4 v000002d9e9b6f5c0_0, 0, 32;
    %jmp T_16.33;
T_16.13 ;
    %load/vec4 v000002d9e9b76500_0;
    %parti/s 19, 0, 2;
    %concati/vec4 0, 0, 13;
    %store/vec4 v000002d9e9b6f5c0_0, 0, 32;
    %jmp T_16.33;
T_16.14 ;
    %load/vec4 v000002d9e9b76500_0;
    %parti/s 18, 0, 2;
    %concati/vec4 0, 0, 14;
    %store/vec4 v000002d9e9b6f5c0_0, 0, 32;
    %jmp T_16.33;
T_16.15 ;
    %load/vec4 v000002d9e9b76500_0;
    %parti/s 17, 0, 2;
    %concati/vec4 0, 0, 15;
    %store/vec4 v000002d9e9b6f5c0_0, 0, 32;
    %jmp T_16.33;
T_16.16 ;
    %load/vec4 v000002d9e9b76500_0;
    %parti/s 16, 0, 2;
    %concati/vec4 0, 0, 16;
    %store/vec4 v000002d9e9b6f5c0_0, 0, 32;
    %jmp T_16.33;
T_16.17 ;
    %load/vec4 v000002d9e9b76500_0;
    %parti/s 15, 0, 2;
    %concati/vec4 0, 0, 17;
    %store/vec4 v000002d9e9b6f5c0_0, 0, 32;
    %jmp T_16.33;
T_16.18 ;
    %load/vec4 v000002d9e9b76500_0;
    %parti/s 14, 0, 2;
    %concati/vec4 0, 0, 18;
    %store/vec4 v000002d9e9b6f5c0_0, 0, 32;
    %jmp T_16.33;
T_16.19 ;
    %load/vec4 v000002d9e9b76500_0;
    %parti/s 13, 0, 2;
    %concati/vec4 0, 0, 19;
    %store/vec4 v000002d9e9b6f5c0_0, 0, 32;
    %jmp T_16.33;
T_16.20 ;
    %load/vec4 v000002d9e9b76500_0;
    %parti/s 12, 0, 2;
    %concati/vec4 0, 0, 20;
    %store/vec4 v000002d9e9b6f5c0_0, 0, 32;
    %jmp T_16.33;
T_16.21 ;
    %load/vec4 v000002d9e9b76500_0;
    %parti/s 11, 0, 2;
    %concati/vec4 0, 0, 21;
    %store/vec4 v000002d9e9b6f5c0_0, 0, 32;
    %jmp T_16.33;
T_16.22 ;
    %load/vec4 v000002d9e9b76500_0;
    %parti/s 10, 0, 2;
    %concati/vec4 0, 0, 22;
    %store/vec4 v000002d9e9b6f5c0_0, 0, 32;
    %jmp T_16.33;
T_16.23 ;
    %load/vec4 v000002d9e9b76500_0;
    %parti/s 9, 0, 2;
    %concati/vec4 0, 0, 23;
    %store/vec4 v000002d9e9b6f5c0_0, 0, 32;
    %jmp T_16.33;
T_16.24 ;
    %load/vec4 v000002d9e9b76500_0;
    %parti/s 8, 0, 2;
    %concati/vec4 0, 0, 24;
    %store/vec4 v000002d9e9b6f5c0_0, 0, 32;
    %jmp T_16.33;
T_16.25 ;
    %load/vec4 v000002d9e9b76500_0;
    %parti/s 7, 0, 2;
    %concati/vec4 0, 0, 25;
    %store/vec4 v000002d9e9b6f5c0_0, 0, 32;
    %jmp T_16.33;
T_16.26 ;
    %load/vec4 v000002d9e9b76500_0;
    %parti/s 6, 0, 2;
    %concati/vec4 0, 0, 26;
    %store/vec4 v000002d9e9b6f5c0_0, 0, 32;
    %jmp T_16.33;
T_16.27 ;
    %load/vec4 v000002d9e9b76500_0;
    %parti/s 5, 0, 2;
    %concati/vec4 0, 0, 27;
    %store/vec4 v000002d9e9b6f5c0_0, 0, 32;
    %jmp T_16.33;
T_16.28 ;
    %load/vec4 v000002d9e9b76500_0;
    %parti/s 4, 0, 2;
    %concati/vec4 0, 0, 28;
    %store/vec4 v000002d9e9b6f5c0_0, 0, 32;
    %jmp T_16.33;
T_16.29 ;
    %load/vec4 v000002d9e9b76500_0;
    %parti/s 3, 0, 2;
    %concati/vec4 0, 0, 29;
    %store/vec4 v000002d9e9b6f5c0_0, 0, 32;
    %jmp T_16.33;
T_16.30 ;
    %load/vec4 v000002d9e9b76500_0;
    %parti/s 2, 0, 2;
    %concati/vec4 0, 0, 30;
    %store/vec4 v000002d9e9b6f5c0_0, 0, 32;
    %jmp T_16.33;
T_16.31 ;
    %load/vec4 v000002d9e9b76500_0;
    %parti/s 1, 0, 2;
    %concati/vec4 0, 0, 31;
    %store/vec4 v000002d9e9b6f5c0_0, 0, 32;
    %jmp T_16.33;
T_16.33 ;
    %pop/vec4 1;
    %jmp T_16;
    .thread T_16, $push;
    .scope S_000002d9e99127c0;
T_17 ;
    %wait E_000002d9e9ab9d10;
    %load/vec4 v000002d9e9b70c40_0;
    %dup/vec4;
    %pushi/vec4 0, 0, 5;
    %cmp/u;
    %jmp/1 T_17.0, 6;
    %dup/vec4;
    %pushi/vec4 1, 0, 5;
    %cmp/u;
    %jmp/1 T_17.1, 6;
    %dup/vec4;
    %pushi/vec4 2, 0, 5;
    %cmp/u;
    %jmp/1 T_17.2, 6;
    %dup/vec4;
    %pushi/vec4 3, 0, 5;
    %cmp/u;
    %jmp/1 T_17.3, 6;
    %dup/vec4;
    %pushi/vec4 4, 0, 5;
    %cmp/u;
    %jmp/1 T_17.4, 6;
    %dup/vec4;
    %pushi/vec4 5, 0, 5;
    %cmp/u;
    %jmp/1 T_17.5, 6;
    %dup/vec4;
    %pushi/vec4 6, 0, 5;
    %cmp/u;
    %jmp/1 T_17.6, 6;
    %dup/vec4;
    %pushi/vec4 7, 0, 5;
    %cmp/u;
    %jmp/1 T_17.7, 6;
    %dup/vec4;
    %pushi/vec4 8, 0, 5;
    %cmp/u;
    %jmp/1 T_17.8, 6;
    %dup/vec4;
    %pushi/vec4 9, 0, 5;
    %cmp/u;
    %jmp/1 T_17.9, 6;
    %dup/vec4;
    %pushi/vec4 10, 0, 5;
    %cmp/u;
    %jmp/1 T_17.10, 6;
    %dup/vec4;
    %pushi/vec4 11, 0, 5;
    %cmp/u;
    %jmp/1 T_17.11, 6;
    %dup/vec4;
    %pushi/vec4 12, 0, 5;
    %cmp/u;
    %jmp/1 T_17.12, 6;
    %dup/vec4;
    %pushi/vec4 13, 0, 5;
    %cmp/u;
    %jmp/1 T_17.13, 6;
    %dup/vec4;
    %pushi/vec4 14, 0, 5;
    %cmp/u;
    %jmp/1 T_17.14, 6;
    %dup/vec4;
    %pushi/vec4 15, 0, 5;
    %cmp/u;
    %jmp/1 T_17.15, 6;
    %dup/vec4;
    %pushi/vec4 16, 0, 5;
    %cmp/u;
    %jmp/1 T_17.16, 6;
    %dup/vec4;
    %pushi/vec4 17, 0, 5;
    %cmp/u;
    %jmp/1 T_17.17, 6;
    %dup/vec4;
    %pushi/vec4 18, 0, 5;
    %cmp/u;
    %jmp/1 T_17.18, 6;
    %dup/vec4;
    %pushi/vec4 19, 0, 5;
    %cmp/u;
    %jmp/1 T_17.19, 6;
    %dup/vec4;
    %pushi/vec4 20, 0, 5;
    %cmp/u;
    %jmp/1 T_17.20, 6;
    %dup/vec4;
    %pushi/vec4 21, 0, 5;
    %cmp/u;
    %jmp/1 T_17.21, 6;
    %dup/vec4;
    %pushi/vec4 22, 0, 5;
    %cmp/u;
    %jmp/1 T_17.22, 6;
    %dup/vec4;
    %pushi/vec4 23, 0, 5;
    %cmp/u;
    %jmp/1 T_17.23, 6;
    %dup/vec4;
    %pushi/vec4 24, 0, 5;
    %cmp/u;
    %jmp/1 T_17.24, 6;
    %dup/vec4;
    %pushi/vec4 25, 0, 5;
    %cmp/u;
    %jmp/1 T_17.25, 6;
    %dup/vec4;
    %pushi/vec4 26, 0, 5;
    %cmp/u;
    %jmp/1 T_17.26, 6;
    %dup/vec4;
    %pushi/vec4 27, 0, 5;
    %cmp/u;
    %jmp/1 T_17.27, 6;
    %dup/vec4;
    %pushi/vec4 28, 0, 5;
    %cmp/u;
    %jmp/1 T_17.28, 6;
    %dup/vec4;
    %pushi/vec4 29, 0, 5;
    %cmp/u;
    %jmp/1 T_17.29, 6;
    %dup/vec4;
    %pushi/vec4 30, 0, 5;
    %cmp/u;
    %jmp/1 T_17.30, 6;
    %dup/vec4;
    %pushi/vec4 31, 0, 5;
    %cmp/u;
    %jmp/1 T_17.31, 6;
    %pushi/vec4 0, 0, 32;
    %store/vec4 v000002d9e9b70ce0_0, 0, 32;
    %jmp T_17.33;
T_17.0 ;
    %load/vec4 v000002d9e9b76500_0;
    %store/vec4 v000002d9e9b70ce0_0, 0, 32;
    %jmp T_17.33;
T_17.1 ;
    %pushi/vec4 0, 0, 1;
    %load/vec4 v000002d9e9b76500_0;
    %parti/s 31, 1, 2;
    %concat/vec4; draw_concat_vec4
    %store/vec4 v000002d9e9b70ce0_0, 0, 32;
    %jmp T_17.33;
T_17.2 ;
    %pushi/vec4 0, 0, 2;
    %load/vec4 v000002d9e9b76500_0;
    %parti/s 30, 2, 3;
    %concat/vec4; draw_concat_vec4
    %store/vec4 v000002d9e9b70ce0_0, 0, 32;
    %jmp T_17.33;
T_17.3 ;
    %pushi/vec4 0, 0, 3;
    %load/vec4 v000002d9e9b76500_0;
    %parti/s 29, 3, 3;
    %concat/vec4; draw_concat_vec4
    %store/vec4 v000002d9e9b70ce0_0, 0, 32;
    %jmp T_17.33;
T_17.4 ;
    %pushi/vec4 0, 0, 4;
    %load/vec4 v000002d9e9b76500_0;
    %parti/s 28, 4, 4;
    %concat/vec4; draw_concat_vec4
    %store/vec4 v000002d9e9b70ce0_0, 0, 32;
    %jmp T_17.33;
T_17.5 ;
    %pushi/vec4 0, 0, 5;
    %load/vec4 v000002d9e9b76500_0;
    %parti/s 27, 5, 4;
    %concat/vec4; draw_concat_vec4
    %store/vec4 v000002d9e9b70ce0_0, 0, 32;
    %jmp T_17.33;
T_17.6 ;
    %pushi/vec4 0, 0, 6;
    %load/vec4 v000002d9e9b76500_0;
    %parti/s 26, 6, 4;
    %concat/vec4; draw_concat_vec4
    %store/vec4 v000002d9e9b70ce0_0, 0, 32;
    %jmp T_17.33;
T_17.7 ;
    %pushi/vec4 0, 0, 7;
    %load/vec4 v000002d9e9b76500_0;
    %parti/s 25, 7, 4;
    %concat/vec4; draw_concat_vec4
    %store/vec4 v000002d9e9b70ce0_0, 0, 32;
    %jmp T_17.33;
T_17.8 ;
    %pushi/vec4 0, 0, 8;
    %load/vec4 v000002d9e9b76500_0;
    %parti/s 24, 8, 5;
    %concat/vec4; draw_concat_vec4
    %store/vec4 v000002d9e9b70ce0_0, 0, 32;
    %jmp T_17.33;
T_17.9 ;
    %pushi/vec4 0, 0, 9;
    %load/vec4 v000002d9e9b76500_0;
    %parti/s 23, 9, 5;
    %concat/vec4; draw_concat_vec4
    %store/vec4 v000002d9e9b70ce0_0, 0, 32;
    %jmp T_17.33;
T_17.10 ;
    %pushi/vec4 0, 0, 10;
    %load/vec4 v000002d9e9b76500_0;
    %parti/s 22, 10, 5;
    %concat/vec4; draw_concat_vec4
    %store/vec4 v000002d9e9b70ce0_0, 0, 32;
    %jmp T_17.33;
T_17.11 ;
    %pushi/vec4 0, 0, 11;
    %load/vec4 v000002d9e9b76500_0;
    %parti/s 21, 11, 5;
    %concat/vec4; draw_concat_vec4
    %store/vec4 v000002d9e9b70ce0_0, 0, 32;
    %jmp T_17.33;
T_17.12 ;
    %pushi/vec4 0, 0, 12;
    %load/vec4 v000002d9e9b76500_0;
    %parti/s 20, 12, 5;
    %concat/vec4; draw_concat_vec4
    %store/vec4 v000002d9e9b70ce0_0, 0, 32;
    %jmp T_17.33;
T_17.13 ;
    %pushi/vec4 0, 0, 13;
    %load/vec4 v000002d9e9b76500_0;
    %parti/s 19, 13, 5;
    %concat/vec4; draw_concat_vec4
    %store/vec4 v000002d9e9b70ce0_0, 0, 32;
    %jmp T_17.33;
T_17.14 ;
    %pushi/vec4 0, 0, 14;
    %load/vec4 v000002d9e9b76500_0;
    %parti/s 18, 14, 5;
    %concat/vec4; draw_concat_vec4
    %store/vec4 v000002d9e9b70ce0_0, 0, 32;
    %jmp T_17.33;
T_17.15 ;
    %pushi/vec4 0, 0, 15;
    %load/vec4 v000002d9e9b76500_0;
    %parti/s 17, 15, 5;
    %concat/vec4; draw_concat_vec4
    %store/vec4 v000002d9e9b70ce0_0, 0, 32;
    %jmp T_17.33;
T_17.16 ;
    %pushi/vec4 0, 0, 16;
    %load/vec4 v000002d9e9b76500_0;
    %parti/s 16, 16, 6;
    %concat/vec4; draw_concat_vec4
    %store/vec4 v000002d9e9b70ce0_0, 0, 32;
    %jmp T_17.33;
T_17.17 ;
    %pushi/vec4 0, 0, 17;
    %load/vec4 v000002d9e9b76500_0;
    %parti/s 15, 17, 6;
    %concat/vec4; draw_concat_vec4
    %store/vec4 v000002d9e9b70ce0_0, 0, 32;
    %jmp T_17.33;
T_17.18 ;
    %pushi/vec4 0, 0, 18;
    %load/vec4 v000002d9e9b76500_0;
    %parti/s 14, 18, 6;
    %concat/vec4; draw_concat_vec4
    %store/vec4 v000002d9e9b70ce0_0, 0, 32;
    %jmp T_17.33;
T_17.19 ;
    %pushi/vec4 0, 0, 19;
    %load/vec4 v000002d9e9b76500_0;
    %parti/s 13, 19, 6;
    %concat/vec4; draw_concat_vec4
    %store/vec4 v000002d9e9b70ce0_0, 0, 32;
    %jmp T_17.33;
T_17.20 ;
    %pushi/vec4 0, 0, 20;
    %load/vec4 v000002d9e9b76500_0;
    %parti/s 12, 20, 6;
    %concat/vec4; draw_concat_vec4
    %store/vec4 v000002d9e9b70ce0_0, 0, 32;
    %jmp T_17.33;
T_17.21 ;
    %pushi/vec4 0, 0, 21;
    %load/vec4 v000002d9e9b76500_0;
    %parti/s 11, 21, 6;
    %concat/vec4; draw_concat_vec4
    %store/vec4 v000002d9e9b70ce0_0, 0, 32;
    %jmp T_17.33;
T_17.22 ;
    %pushi/vec4 0, 0, 22;
    %load/vec4 v000002d9e9b76500_0;
    %parti/s 10, 22, 6;
    %concat/vec4; draw_concat_vec4
    %store/vec4 v000002d9e9b70ce0_0, 0, 32;
    %jmp T_17.33;
T_17.23 ;
    %pushi/vec4 0, 0, 23;
    %load/vec4 v000002d9e9b76500_0;
    %parti/s 9, 23, 6;
    %concat/vec4; draw_concat_vec4
    %store/vec4 v000002d9e9b70ce0_0, 0, 32;
    %jmp T_17.33;
T_17.24 ;
    %pushi/vec4 0, 0, 24;
    %load/vec4 v000002d9e9b76500_0;
    %parti/s 8, 24, 6;
    %concat/vec4; draw_concat_vec4
    %store/vec4 v000002d9e9b70ce0_0, 0, 32;
    %jmp T_17.33;
T_17.25 ;
    %pushi/vec4 0, 0, 25;
    %load/vec4 v000002d9e9b76500_0;
    %parti/s 7, 25, 6;
    %concat/vec4; draw_concat_vec4
    %store/vec4 v000002d9e9b70ce0_0, 0, 32;
    %jmp T_17.33;
T_17.26 ;
    %pushi/vec4 0, 0, 26;
    %load/vec4 v000002d9e9b76500_0;
    %parti/s 6, 26, 6;
    %concat/vec4; draw_concat_vec4
    %store/vec4 v000002d9e9b70ce0_0, 0, 32;
    %jmp T_17.33;
T_17.27 ;
    %pushi/vec4 0, 0, 27;
    %load/vec4 v000002d9e9b76500_0;
    %parti/s 5, 27, 6;
    %concat/vec4; draw_concat_vec4
    %store/vec4 v000002d9e9b70ce0_0, 0, 32;
    %jmp T_17.33;
T_17.28 ;
    %pushi/vec4 0, 0, 28;
    %load/vec4 v000002d9e9b76500_0;
    %parti/s 4, 28, 6;
    %concat/vec4; draw_concat_vec4
    %store/vec4 v000002d9e9b70ce0_0, 0, 32;
    %jmp T_17.33;
T_17.29 ;
    %pushi/vec4 0, 0, 29;
    %load/vec4 v000002d9e9b76500_0;
    %parti/s 3, 29, 6;
    %concat/vec4; draw_concat_vec4
    %store/vec4 v000002d9e9b70ce0_0, 0, 32;
    %jmp T_17.33;
T_17.30 ;
    %pushi/vec4 0, 0, 30;
    %load/vec4 v000002d9e9b76500_0;
    %parti/s 2, 30, 6;
    %concat/vec4; draw_concat_vec4
    %store/vec4 v000002d9e9b70ce0_0, 0, 32;
    %jmp T_17.33;
T_17.31 ;
    %pushi/vec4 0, 0, 31;
    %load/vec4 v000002d9e9b76500_0;
    %parti/s 1, 31, 6;
    %concat/vec4; draw_concat_vec4
    %store/vec4 v000002d9e9b70ce0_0, 0, 32;
    %jmp T_17.33;
T_17.33 ;
    %pop/vec4 1;
    %jmp T_17;
    .thread T_17, $push;
    .scope S_000002d9e99127c0;
T_18 ;
    %wait E_000002d9e9ab9d10;
    %load/vec4 v000002d9e9b70c40_0;
    %dup/vec4;
    %pushi/vec4 0, 0, 5;
    %cmp/u;
    %jmp/1 T_18.0, 6;
    %dup/vec4;
    %pushi/vec4 1, 0, 5;
    %cmp/u;
    %jmp/1 T_18.1, 6;
    %dup/vec4;
    %pushi/vec4 2, 0, 5;
    %cmp/u;
    %jmp/1 T_18.2, 6;
    %dup/vec4;
    %pushi/vec4 3, 0, 5;
    %cmp/u;
    %jmp/1 T_18.3, 6;
    %dup/vec4;
    %pushi/vec4 4, 0, 5;
    %cmp/u;
    %jmp/1 T_18.4, 6;
    %dup/vec4;
    %pushi/vec4 5, 0, 5;
    %cmp/u;
    %jmp/1 T_18.5, 6;
    %dup/vec4;
    %pushi/vec4 6, 0, 5;
    %cmp/u;
    %jmp/1 T_18.6, 6;
    %dup/vec4;
    %pushi/vec4 7, 0, 5;
    %cmp/u;
    %jmp/1 T_18.7, 6;
    %dup/vec4;
    %pushi/vec4 8, 0, 5;
    %cmp/u;
    %jmp/1 T_18.8, 6;
    %dup/vec4;
    %pushi/vec4 9, 0, 5;
    %cmp/u;
    %jmp/1 T_18.9, 6;
    %dup/vec4;
    %pushi/vec4 10, 0, 5;
    %cmp/u;
    %jmp/1 T_18.10, 6;
    %dup/vec4;
    %pushi/vec4 11, 0, 5;
    %cmp/u;
    %jmp/1 T_18.11, 6;
    %dup/vec4;
    %pushi/vec4 12, 0, 5;
    %cmp/u;
    %jmp/1 T_18.12, 6;
    %dup/vec4;
    %pushi/vec4 13, 0, 5;
    %cmp/u;
    %jmp/1 T_18.13, 6;
    %dup/vec4;
    %pushi/vec4 14, 0, 5;
    %cmp/u;
    %jmp/1 T_18.14, 6;
    %dup/vec4;
    %pushi/vec4 15, 0, 5;
    %cmp/u;
    %jmp/1 T_18.15, 6;
    %dup/vec4;
    %pushi/vec4 16, 0, 5;
    %cmp/u;
    %jmp/1 T_18.16, 6;
    %dup/vec4;
    %pushi/vec4 17, 0, 5;
    %cmp/u;
    %jmp/1 T_18.17, 6;
    %dup/vec4;
    %pushi/vec4 18, 0, 5;
    %cmp/u;
    %jmp/1 T_18.18, 6;
    %dup/vec4;
    %pushi/vec4 19, 0, 5;
    %cmp/u;
    %jmp/1 T_18.19, 6;
    %dup/vec4;
    %pushi/vec4 20, 0, 5;
    %cmp/u;
    %jmp/1 T_18.20, 6;
    %dup/vec4;
    %pushi/vec4 21, 0, 5;
    %cmp/u;
    %jmp/1 T_18.21, 6;
    %dup/vec4;
    %pushi/vec4 22, 0, 5;
    %cmp/u;
    %jmp/1 T_18.22, 6;
    %dup/vec4;
    %pushi/vec4 23, 0, 5;
    %cmp/u;
    %jmp/1 T_18.23, 6;
    %dup/vec4;
    %pushi/vec4 24, 0, 5;
    %cmp/u;
    %jmp/1 T_18.24, 6;
    %dup/vec4;
    %pushi/vec4 25, 0, 5;
    %cmp/u;
    %jmp/1 T_18.25, 6;
    %dup/vec4;
    %pushi/vec4 26, 0, 5;
    %cmp/u;
    %jmp/1 T_18.26, 6;
    %dup/vec4;
    %pushi/vec4 27, 0, 5;
    %cmp/u;
    %jmp/1 T_18.27, 6;
    %dup/vec4;
    %pushi/vec4 28, 0, 5;
    %cmp/u;
    %jmp/1 T_18.28, 6;
    %dup/vec4;
    %pushi/vec4 29, 0, 5;
    %cmp/u;
    %jmp/1 T_18.29, 6;
    %dup/vec4;
    %pushi/vec4 30, 0, 5;
    %cmp/u;
    %jmp/1 T_18.30, 6;
    %dup/vec4;
    %pushi/vec4 31, 0, 5;
    %cmp/u;
    %jmp/1 T_18.31, 6;
    %pushi/vec4 0, 0, 32;
    %store/vec4 v000002d9e9b6f660_0, 0, 32;
    %jmp T_18.33;
T_18.0 ;
    %load/vec4 v000002d9e9b76500_0;
    %store/vec4 v000002d9e9b6f660_0, 0, 32;
    %jmp T_18.33;
T_18.1 ;
    %load/vec4 v000002d9e9b76500_0;
    %parti/s 1, 31, 6;
    %load/vec4 v000002d9e9b76500_0;
    %parti/s 31, 1, 2;
    %concat/vec4; draw_concat_vec4
    %store/vec4 v000002d9e9b6f660_0, 0, 32;
    %jmp T_18.33;
T_18.2 ;
    %load/vec4 v000002d9e9b76500_0;
    %parti/s 1, 31, 6;
    %replicate 2;
    %load/vec4 v000002d9e9b76500_0;
    %parti/s 30, 2, 3;
    %concat/vec4; draw_concat_vec4
    %store/vec4 v000002d9e9b6f660_0, 0, 32;
    %jmp T_18.33;
T_18.3 ;
    %load/vec4 v000002d9e9b76500_0;
    %parti/s 1, 31, 6;
    %replicate 3;
    %load/vec4 v000002d9e9b76500_0;
    %parti/s 29, 3, 3;
    %concat/vec4; draw_concat_vec4
    %store/vec4 v000002d9e9b6f660_0, 0, 32;
    %jmp T_18.33;
T_18.4 ;
    %load/vec4 v000002d9e9b76500_0;
    %parti/s 1, 31, 6;
    %replicate 4;
    %load/vec4 v000002d9e9b76500_0;
    %parti/s 28, 4, 4;
    %concat/vec4; draw_concat_vec4
    %store/vec4 v000002d9e9b6f660_0, 0, 32;
    %jmp T_18.33;
T_18.5 ;
    %load/vec4 v000002d9e9b76500_0;
    %parti/s 1, 31, 6;
    %replicate 5;
    %load/vec4 v000002d9e9b76500_0;
    %parti/s 27, 5, 4;
    %concat/vec4; draw_concat_vec4
    %store/vec4 v000002d9e9b6f660_0, 0, 32;
    %jmp T_18.33;
T_18.6 ;
    %load/vec4 v000002d9e9b76500_0;
    %parti/s 1, 31, 6;
    %replicate 6;
    %load/vec4 v000002d9e9b76500_0;
    %parti/s 26, 6, 4;
    %concat/vec4; draw_concat_vec4
    %store/vec4 v000002d9e9b6f660_0, 0, 32;
    %jmp T_18.33;
T_18.7 ;
    %load/vec4 v000002d9e9b76500_0;
    %parti/s 1, 31, 6;
    %replicate 7;
    %load/vec4 v000002d9e9b76500_0;
    %parti/s 25, 7, 4;
    %concat/vec4; draw_concat_vec4
    %store/vec4 v000002d9e9b6f660_0, 0, 32;
    %jmp T_18.33;
T_18.8 ;
    %load/vec4 v000002d9e9b76500_0;
    %parti/s 1, 31, 6;
    %replicate 8;
    %load/vec4 v000002d9e9b76500_0;
    %parti/s 24, 8, 5;
    %concat/vec4; draw_concat_vec4
    %store/vec4 v000002d9e9b6f660_0, 0, 32;
    %jmp T_18.33;
T_18.9 ;
    %load/vec4 v000002d9e9b76500_0;
    %parti/s 1, 31, 6;
    %replicate 9;
    %load/vec4 v000002d9e9b76500_0;
    %parti/s 23, 9, 5;
    %concat/vec4; draw_concat_vec4
    %store/vec4 v000002d9e9b6f660_0, 0, 32;
    %jmp T_18.33;
T_18.10 ;
    %load/vec4 v000002d9e9b76500_0;
    %parti/s 1, 31, 6;
    %replicate 10;
    %load/vec4 v000002d9e9b76500_0;
    %parti/s 22, 10, 5;
    %concat/vec4; draw_concat_vec4
    %store/vec4 v000002d9e9b6f660_0, 0, 32;
    %jmp T_18.33;
T_18.11 ;
    %load/vec4 v000002d9e9b76500_0;
    %parti/s 1, 31, 6;
    %replicate 11;
    %load/vec4 v000002d9e9b76500_0;
    %parti/s 21, 11, 5;
    %concat/vec4; draw_concat_vec4
    %store/vec4 v000002d9e9b6f660_0, 0, 32;
    %jmp T_18.33;
T_18.12 ;
    %load/vec4 v000002d9e9b76500_0;
    %parti/s 1, 31, 6;
    %replicate 12;
    %load/vec4 v000002d9e9b76500_0;
    %parti/s 20, 12, 5;
    %concat/vec4; draw_concat_vec4
    %store/vec4 v000002d9e9b6f660_0, 0, 32;
    %jmp T_18.33;
T_18.13 ;
    %load/vec4 v000002d9e9b76500_0;
    %parti/s 1, 31, 6;
    %replicate 13;
    %load/vec4 v000002d9e9b76500_0;
    %parti/s 19, 13, 5;
    %concat/vec4; draw_concat_vec4
    %store/vec4 v000002d9e9b6f660_0, 0, 32;
    %jmp T_18.33;
T_18.14 ;
    %load/vec4 v000002d9e9b76500_0;
    %parti/s 1, 31, 6;
    %replicate 14;
    %load/vec4 v000002d9e9b76500_0;
    %parti/s 18, 14, 5;
    %concat/vec4; draw_concat_vec4
    %store/vec4 v000002d9e9b6f660_0, 0, 32;
    %jmp T_18.33;
T_18.15 ;
    %load/vec4 v000002d9e9b76500_0;
    %parti/s 1, 31, 6;
    %replicate 15;
    %load/vec4 v000002d9e9b76500_0;
    %parti/s 17, 15, 5;
    %concat/vec4; draw_concat_vec4
    %store/vec4 v000002d9e9b6f660_0, 0, 32;
    %jmp T_18.33;
T_18.16 ;
    %load/vec4 v000002d9e9b76500_0;
    %parti/s 1, 31, 6;
    %replicate 16;
    %load/vec4 v000002d9e9b76500_0;
    %parti/s 16, 16, 6;
    %concat/vec4; draw_concat_vec4
    %store/vec4 v000002d9e9b6f660_0, 0, 32;
    %jmp T_18.33;
T_18.17 ;
    %load/vec4 v000002d9e9b76500_0;
    %parti/s 1, 31, 6;
    %replicate 17;
    %load/vec4 v000002d9e9b76500_0;
    %parti/s 15, 17, 6;
    %concat/vec4; draw_concat_vec4
    %store/vec4 v000002d9e9b6f660_0, 0, 32;
    %jmp T_18.33;
T_18.18 ;
    %load/vec4 v000002d9e9b76500_0;
    %parti/s 1, 31, 6;
    %replicate 18;
    %load/vec4 v000002d9e9b76500_0;
    %parti/s 14, 18, 6;
    %concat/vec4; draw_concat_vec4
    %store/vec4 v000002d9e9b6f660_0, 0, 32;
    %jmp T_18.33;
T_18.19 ;
    %load/vec4 v000002d9e9b76500_0;
    %parti/s 1, 31, 6;
    %replicate 19;
    %load/vec4 v000002d9e9b76500_0;
    %parti/s 13, 19, 6;
    %concat/vec4; draw_concat_vec4
    %store/vec4 v000002d9e9b6f660_0, 0, 32;
    %jmp T_18.33;
T_18.20 ;
    %load/vec4 v000002d9e9b76500_0;
    %parti/s 1, 31, 6;
    %replicate 20;
    %load/vec4 v000002d9e9b76500_0;
    %parti/s 12, 20, 6;
    %concat/vec4; draw_concat_vec4
    %store/vec4 v000002d9e9b6f660_0, 0, 32;
    %jmp T_18.33;
T_18.21 ;
    %load/vec4 v000002d9e9b76500_0;
    %parti/s 1, 31, 6;
    %replicate 21;
    %load/vec4 v000002d9e9b76500_0;
    %parti/s 11, 21, 6;
    %concat/vec4; draw_concat_vec4
    %store/vec4 v000002d9e9b6f660_0, 0, 32;
    %jmp T_18.33;
T_18.22 ;
    %load/vec4 v000002d9e9b76500_0;
    %parti/s 1, 31, 6;
    %replicate 22;
    %load/vec4 v000002d9e9b76500_0;
    %parti/s 10, 22, 6;
    %concat/vec4; draw_concat_vec4
    %store/vec4 v000002d9e9b6f660_0, 0, 32;
    %jmp T_18.33;
T_18.23 ;
    %load/vec4 v000002d9e9b76500_0;
    %parti/s 1, 31, 6;
    %replicate 23;
    %load/vec4 v000002d9e9b76500_0;
    %parti/s 9, 23, 6;
    %concat/vec4; draw_concat_vec4
    %store/vec4 v000002d9e9b6f660_0, 0, 32;
    %jmp T_18.33;
T_18.24 ;
    %load/vec4 v000002d9e9b76500_0;
    %parti/s 1, 31, 6;
    %replicate 24;
    %load/vec4 v000002d9e9b76500_0;
    %parti/s 8, 24, 6;
    %concat/vec4; draw_concat_vec4
    %store/vec4 v000002d9e9b6f660_0, 0, 32;
    %jmp T_18.33;
T_18.25 ;
    %load/vec4 v000002d9e9b76500_0;
    %parti/s 1, 31, 6;
    %replicate 25;
    %load/vec4 v000002d9e9b76500_0;
    %parti/s 7, 25, 6;
    %concat/vec4; draw_concat_vec4
    %store/vec4 v000002d9e9b6f660_0, 0, 32;
    %jmp T_18.33;
T_18.26 ;
    %load/vec4 v000002d9e9b76500_0;
    %parti/s 1, 31, 6;
    %replicate 26;
    %load/vec4 v000002d9e9b76500_0;
    %parti/s 6, 26, 6;
    %concat/vec4; draw_concat_vec4
    %store/vec4 v000002d9e9b6f660_0, 0, 32;
    %jmp T_18.33;
T_18.27 ;
    %load/vec4 v000002d9e9b76500_0;
    %parti/s 1, 31, 6;
    %replicate 27;
    %load/vec4 v000002d9e9b76500_0;
    %parti/s 5, 27, 6;
    %concat/vec4; draw_concat_vec4
    %store/vec4 v000002d9e9b6f660_0, 0, 32;
    %jmp T_18.33;
T_18.28 ;
    %load/vec4 v000002d9e9b76500_0;
    %parti/s 1, 31, 6;
    %replicate 28;
    %load/vec4 v000002d9e9b76500_0;
    %parti/s 4, 28, 6;
    %concat/vec4; draw_concat_vec4
    %store/vec4 v000002d9e9b6f660_0, 0, 32;
    %jmp T_18.33;
T_18.29 ;
    %load/vec4 v000002d9e9b76500_0;
    %parti/s 1, 31, 6;
    %replicate 29;
    %load/vec4 v000002d9e9b76500_0;
    %parti/s 3, 29, 6;
    %concat/vec4; draw_concat_vec4
    %store/vec4 v000002d9e9b6f660_0, 0, 32;
    %jmp T_18.33;
T_18.30 ;
    %load/vec4 v000002d9e9b76500_0;
    %parti/s 1, 31, 6;
    %replicate 30;
    %load/vec4 v000002d9e9b76500_0;
    %parti/s 2, 30, 6;
    %concat/vec4; draw_concat_vec4
    %store/vec4 v000002d9e9b6f660_0, 0, 32;
    %jmp T_18.33;
T_18.31 ;
    %load/vec4 v000002d9e9b76500_0;
    %parti/s 1, 31, 6;
    %replicate 31;
    %load/vec4 v000002d9e9b76500_0;
    %parti/s 1, 31, 6;
    %concat/vec4; draw_concat_vec4
    %store/vec4 v000002d9e9b6f660_0, 0, 32;
    %jmp T_18.33;
T_18.33 ;
    %pop/vec4 1;
    %jmp T_18;
    .thread T_18, $push;
    .scope S_000002d9e99127c0;
T_19 ;
    %wait E_000002d9e9ab9790;
    %load/vec4 v000002d9e9b766e0_0;
    %dup/vec4;
    %pushi/vec4 0, 0, 3;
    %cmp/u;
    %jmp/1 T_19.0, 6;
    %dup/vec4;
    %pushi/vec4 1, 0, 3;
    %cmp/u;
    %jmp/1 T_19.1, 6;
    %dup/vec4;
    %pushi/vec4 2, 0, 3;
    %cmp/u;
    %jmp/1 T_19.2, 6;
    %dup/vec4;
    %pushi/vec4 3, 0, 3;
    %cmp/u;
    %jmp/1 T_19.3, 6;
    %dup/vec4;
    %pushi/vec4 4, 0, 3;
    %cmp/u;
    %jmp/1 T_19.4, 6;
    %dup/vec4;
    %pushi/vec4 5, 0, 3;
    %cmp/u;
    %jmp/1 T_19.5, 6;
    %dup/vec4;
    %pushi/vec4 6, 0, 3;
    %cmp/u;
    %jmp/1 T_19.6, 6;
    %dup/vec4;
    %pushi/vec4 7, 0, 3;
    %cmp/u;
    %jmp/1 T_19.7, 6;
    %pushi/vec4 0, 0, 32;
    %store/vec4 v000002d9e9b6f520_0, 0, 32;
    %jmp T_19.9;
T_19.0 ;
    %load/vec4 v000002d9e9b761e0_0;
    %dup/vec4;
    %pushi/vec4 0, 0, 1;
    %cmp/u;
    %jmp/1 T_19.10, 6;
    %dup/vec4;
    %pushi/vec4 1, 0, 1;
    %cmp/u;
    %jmp/1 T_19.11, 6;
    %pushi/vec4 0, 0, 32;
    %store/vec4 v000002d9e9b6f520_0, 0, 32;
    %jmp T_19.13;
T_19.10 ;
    %load/vec4 v000002d9e9b76500_0;
    %load/vec4 v000002d9e9b765a0_0;
    %add;
    %store/vec4 v000002d9e9b6f520_0, 0, 32;
    %jmp T_19.13;
T_19.11 ;
    %load/vec4 v000002d9e9b76500_0;
    %load/vec4 v000002d9e9b765a0_0;
    %sub;
    %store/vec4 v000002d9e9b6f520_0, 0, 32;
    %jmp T_19.13;
T_19.13 ;
    %pop/vec4 1;
    %jmp T_19.9;
T_19.1 ;
    %load/vec4 v000002d9e9b6f5c0_0;
    %store/vec4 v000002d9e9b6f520_0, 0, 32;
    %jmp T_19.9;
T_19.2 ;
    %pushi/vec4 0, 0, 31;
    %load/vec4 v000002d9e9b76460_0;
    %concat/vec4; draw_concat_vec4
    %store/vec4 v000002d9e9b6f520_0, 0, 32;
    %jmp T_19.9;
T_19.3 ;
    %pushi/vec4 0, 0, 31;
    %load/vec4 v000002d9e9b76460_0;
    %concat/vec4; draw_concat_vec4
    %store/vec4 v000002d9e9b6f520_0, 0, 32;
    %jmp T_19.9;
T_19.4 ;
    %load/vec4 v000002d9e9b76500_0;
    %load/vec4 v000002d9e9b765a0_0;
    %xor;
    %store/vec4 v000002d9e9b6f520_0, 0, 32;
    %jmp T_19.9;
T_19.5 ;
    %load/vec4 v000002d9e9b76640_0;
    %dup/vec4;
    %pushi/vec4 0, 0, 1;
    %cmp/u;
    %jmp/1 T_19.14, 6;
    %dup/vec4;
    %pushi/vec4 1, 0, 1;
    %cmp/u;
    %jmp/1 T_19.15, 6;
    %pushi/vec4 0, 0, 32;
    %store/vec4 v000002d9e9b6f520_0, 0, 32;
    %jmp T_19.17;
T_19.14 ;
    %load/vec4 v000002d9e9b70ce0_0;
    %store/vec4 v000002d9e9b6f520_0, 0, 32;
    %jmp T_19.17;
T_19.15 ;
    %load/vec4 v000002d9e9b6f660_0;
    %store/vec4 v000002d9e9b6f520_0, 0, 32;
    %jmp T_19.17;
T_19.17 ;
    %pop/vec4 1;
    %jmp T_19.9;
T_19.6 ;
    %load/vec4 v000002d9e9b76500_0;
    %load/vec4 v000002d9e9b765a0_0;
    %or;
    %store/vec4 v000002d9e9b6f520_0, 0, 32;
    %jmp T_19.9;
T_19.7 ;
    %load/vec4 v000002d9e9b76500_0;
    %load/vec4 v000002d9e9b765a0_0;
    %and;
    %store/vec4 v000002d9e9b6f520_0, 0, 32;
    %jmp T_19.9;
T_19.9 ;
    %pop/vec4 1;
    %jmp T_19;
    .thread T_19, $push;
    .scope S_000002d9e98e0200;
T_20 ;
    %wait E_000002d9e9ab9f90;
    %load/vec4 v000002d9e9b7ca30_0;
    %dup/vec4;
    %pushi/vec4 0, 0, 3;
    %cmp/u;
    %jmp/1 T_20.0, 6;
    %dup/vec4;
    %pushi/vec4 4, 0, 3;
    %cmp/u;
    %jmp/1 T_20.1, 6;
    %dup/vec4;
    %pushi/vec4 1, 0, 3;
    %cmp/u;
    %jmp/1 T_20.2, 6;
    %dup/vec4;
    %pushi/vec4 5, 0, 3;
    %cmp/u;
    %jmp/1 T_20.3, 6;
    %dup/vec4;
    %pushi/vec4 2, 0, 3;
    %cmp/u;
    %jmp/1 T_20.4, 6;
    %pushi/vec4 0, 0, 4;
    %store/vec4 v000002d9e9b81790_0, 0, 4;
    %jmp T_20.6;
T_20.0 ;
    %load/vec4 v000002d9e9b801b0_0;
    %dup/vec4;
    %pushi/vec4 0, 0, 2;
    %cmp/u;
    %jmp/1 T_20.7, 6;
    %dup/vec4;
    %pushi/vec4 1, 0, 2;
    %cmp/u;
    %jmp/1 T_20.8, 6;
    %dup/vec4;
    %pushi/vec4 2, 0, 2;
    %cmp/u;
    %jmp/1 T_20.9, 6;
    %dup/vec4;
    %pushi/vec4 3, 0, 2;
    %cmp/u;
    %jmp/1 T_20.10, 6;
    %pushi/vec4 0, 0, 4;
    %store/vec4 v000002d9e9b81790_0, 0, 4;
    %jmp T_20.12;
T_20.7 ;
    %pushi/vec4 1, 0, 4;
    %store/vec4 v000002d9e9b81790_0, 0, 4;
    %jmp T_20.12;
T_20.8 ;
    %pushi/vec4 2, 0, 4;
    %store/vec4 v000002d9e9b81790_0, 0, 4;
    %jmp T_20.12;
T_20.9 ;
    %pushi/vec4 4, 0, 4;
    %store/vec4 v000002d9e9b81790_0, 0, 4;
    %jmp T_20.12;
T_20.10 ;
    %pushi/vec4 8, 0, 4;
    %store/vec4 v000002d9e9b81790_0, 0, 4;
    %jmp T_20.12;
T_20.12 ;
    %pop/vec4 1;
    %jmp T_20.6;
T_20.1 ;
    %load/vec4 v000002d9e9b801b0_0;
    %dup/vec4;
    %pushi/vec4 0, 0, 2;
    %cmp/u;
    %jmp/1 T_20.13, 6;
    %dup/vec4;
    %pushi/vec4 1, 0, 2;
    %cmp/u;
    %jmp/1 T_20.14, 6;
    %dup/vec4;
    %pushi/vec4 2, 0, 2;
    %cmp/u;
    %jmp/1 T_20.15, 6;
    %dup/vec4;
    %pushi/vec4 3, 0, 2;
    %cmp/u;
    %jmp/1 T_20.16, 6;
    %pushi/vec4 0, 0, 4;
    %store/vec4 v000002d9e9b81790_0, 0, 4;
    %jmp T_20.18;
T_20.13 ;
    %pushi/vec4 1, 0, 4;
    %store/vec4 v000002d9e9b81790_0, 0, 4;
    %jmp T_20.18;
T_20.14 ;
    %pushi/vec4 2, 0, 4;
    %store/vec4 v000002d9e9b81790_0, 0, 4;
    %jmp T_20.18;
T_20.15 ;
    %pushi/vec4 4, 0, 4;
    %store/vec4 v000002d9e9b81790_0, 0, 4;
    %jmp T_20.18;
T_20.16 ;
    %pushi/vec4 8, 0, 4;
    %store/vec4 v000002d9e9b81790_0, 0, 4;
    %jmp T_20.18;
T_20.18 ;
    %pop/vec4 1;
    %jmp T_20.6;
T_20.2 ;
    %load/vec4 v000002d9e9b801b0_0;
    %parti/s 1, 1, 2;
    %dup/vec4;
    %pushi/vec4 0, 0, 1;
    %cmp/u;
    %jmp/1 T_20.19, 6;
    %dup/vec4;
    %pushi/vec4 1, 0, 1;
    %cmp/u;
    %jmp/1 T_20.20, 6;
    %pushi/vec4 0, 0, 4;
    %store/vec4 v000002d9e9b81790_0, 0, 4;
    %jmp T_20.22;
T_20.19 ;
    %pushi/vec4 3, 0, 4;
    %store/vec4 v000002d9e9b81790_0, 0, 4;
    %jmp T_20.22;
T_20.20 ;
    %pushi/vec4 12, 0, 4;
    %store/vec4 v000002d9e9b81790_0, 0, 4;
    %jmp T_20.22;
T_20.22 ;
    %pop/vec4 1;
    %jmp T_20.6;
T_20.3 ;
    %load/vec4 v000002d9e9b801b0_0;
    %parti/s 1, 1, 2;
    %dup/vec4;
    %pushi/vec4 0, 0, 1;
    %cmp/u;
    %jmp/1 T_20.23, 6;
    %dup/vec4;
    %pushi/vec4 1, 0, 1;
    %cmp/u;
    %jmp/1 T_20.24, 6;
    %pushi/vec4 0, 0, 4;
    %store/vec4 v000002d9e9b81790_0, 0, 4;
    %jmp T_20.26;
T_20.23 ;
    %pushi/vec4 3, 0, 4;
    %store/vec4 v000002d9e9b81790_0, 0, 4;
    %jmp T_20.26;
T_20.24 ;
    %pushi/vec4 12, 0, 4;
    %store/vec4 v000002d9e9b81790_0, 0, 4;
    %jmp T_20.26;
T_20.26 ;
    %pop/vec4 1;
    %jmp T_20.6;
T_20.4 ;
    %pushi/vec4 15, 0, 4;
    %store/vec4 v000002d9e9b81790_0, 0, 4;
    %jmp T_20.6;
T_20.6 ;
    %pop/vec4 1;
    %jmp T_20;
    .thread T_20, $push;
    .scope S_000002d9e98e0200;
T_21 ;
    %wait E_000002d9e9aba090;
    %load/vec4 v000002d9e9b801b0_0;
    %dup/vec4;
    %pushi/vec4 0, 0, 2;
    %cmp/u;
    %jmp/1 T_21.0, 6;
    %dup/vec4;
    %pushi/vec4 1, 0, 2;
    %cmp/u;
    %jmp/1 T_21.1, 6;
    %dup/vec4;
    %pushi/vec4 2, 0, 2;
    %cmp/u;
    %jmp/1 T_21.2, 6;
    %dup/vec4;
    %pushi/vec4 3, 0, 2;
    %cmp/u;
    %jmp/1 T_21.3, 6;
    %pushi/vec4 0, 0, 32;
    %store/vec4 v000002d9e9b7fd50_0, 0, 32;
    %jmp T_21.5;
T_21.0 ;
    %load/vec4 v000002d9e9b7d6b0_0;
    %store/vec4 v000002d9e9b7fd50_0, 0, 32;
    %jmp T_21.5;
T_21.1 ;
    %load/vec4 v000002d9e9b7d6b0_0;
    %parti/s 24, 0, 2;
    %concati/vec4 0, 0, 8;
    %store/vec4 v000002d9e9b7fd50_0, 0, 32;
    %jmp T_21.5;
T_21.2 ;
    %load/vec4 v000002d9e9b7d6b0_0;
    %parti/s 16, 0, 2;
    %concati/vec4 0, 0, 16;
    %store/vec4 v000002d9e9b7fd50_0, 0, 32;
    %jmp T_21.5;
T_21.3 ;
    %load/vec4 v000002d9e9b7d6b0_0;
    %parti/s 8, 0, 2;
    %concati/vec4 0, 0, 24;
    %store/vec4 v000002d9e9b7fd50_0, 0, 32;
    %jmp T_21.5;
T_21.5 ;
    %pop/vec4 1;
    %jmp T_21;
    .thread T_21, $push;
    .scope S_000002d9e98e0200;
T_22 ;
    %wait E_000002d9e9aba090;
    %load/vec4 v000002d9e9b801b0_0;
    %parti/s 1, 1, 2;
    %dup/vec4;
    %pushi/vec4 0, 0, 1;
    %cmp/u;
    %jmp/1 T_22.0, 6;
    %dup/vec4;
    %pushi/vec4 1, 0, 1;
    %cmp/u;
    %jmp/1 T_22.1, 6;
    %pushi/vec4 0, 0, 32;
    %store/vec4 v000002d9e9b7fdf0_0, 0, 32;
    %jmp T_22.3;
T_22.0 ;
    %load/vec4 v000002d9e9b7d6b0_0;
    %store/vec4 v000002d9e9b7fdf0_0, 0, 32;
    %jmp T_22.3;
T_22.1 ;
    %load/vec4 v000002d9e9b7d6b0_0;
    %parti/s 16, 0, 2;
    %concati/vec4 0, 0, 16;
    %store/vec4 v000002d9e9b7fdf0_0, 0, 32;
    %jmp T_22.3;
T_22.3 ;
    %pop/vec4 1;
    %jmp T_22;
    .thread T_22, $push;
    .scope S_000002d9e98e0200;
T_23 ;
    %wait E_000002d9e9ab9f50;
    %load/vec4 v000002d9e9b7ca30_0;
    %dup/vec4;
    %pushi/vec4 0, 0, 3;
    %cmp/u;
    %jmp/1 T_23.0, 6;
    %dup/vec4;
    %pushi/vec4 1, 0, 3;
    %cmp/u;
    %jmp/1 T_23.1, 6;
    %dup/vec4;
    %pushi/vec4 2, 0, 3;
    %cmp/u;
    %jmp/1 T_23.2, 6;
    %pushi/vec4 0, 0, 32;
    %store/vec4 v000002d9e9b7f2b0_0, 0, 32;
    %jmp T_23.4;
T_23.0 ;
    %load/vec4 v000002d9e9b7fd50_0;
    %store/vec4 v000002d9e9b7f2b0_0, 0, 32;
    %jmp T_23.4;
T_23.1 ;
    %load/vec4 v000002d9e9b7fdf0_0;
    %store/vec4 v000002d9e9b7f2b0_0, 0, 32;
    %jmp T_23.4;
T_23.2 ;
    %load/vec4 v000002d9e9b7d6b0_0;
    %store/vec4 v000002d9e9b7f2b0_0, 0, 32;
    %jmp T_23.4;
T_23.4 ;
    %pop/vec4 1;
    %jmp T_23;
    .thread T_23, $push;
    .scope S_000002d9e98e0200;
T_24 ;
    %wait E_000002d9e9aba010;
    %load/vec4 v000002d9e9b801b0_0;
    %dup/vec4;
    %pushi/vec4 0, 0, 2;
    %cmp/u;
    %jmp/1 T_24.0, 6;
    %dup/vec4;
    %pushi/vec4 1, 0, 2;
    %cmp/u;
    %jmp/1 T_24.1, 6;
    %dup/vec4;
    %pushi/vec4 2, 0, 2;
    %cmp/u;
    %jmp/1 T_24.2, 6;
    %dup/vec4;
    %pushi/vec4 3, 0, 2;
    %cmp/u;
    %jmp/1 T_24.3, 6;
    %pushi/vec4 0, 0, 32;
    %store/vec4 v000002d9e9b81650_0, 0, 32;
    %jmp T_24.5;
T_24.0 ;
    %load/vec4 v000002d9e9b80430_0;
    %store/vec4 v000002d9e9b81650_0, 0, 32;
    %jmp T_24.5;
T_24.1 ;
    %pushi/vec4 0, 0, 8;
    %load/vec4 v000002d9e9b80430_0;
    %parti/s 24, 8, 5;
    %concat/vec4; draw_concat_vec4
    %store/vec4 v000002d9e9b81650_0, 0, 32;
    %jmp T_24.5;
T_24.2 ;
    %pushi/vec4 0, 0, 16;
    %load/vec4 v000002d9e9b80430_0;
    %parti/s 16, 16, 6;
    %concat/vec4; draw_concat_vec4
    %store/vec4 v000002d9e9b81650_0, 0, 32;
    %jmp T_24.5;
T_24.3 ;
    %pushi/vec4 0, 0, 24;
    %load/vec4 v000002d9e9b80430_0;
    %parti/s 8, 24, 6;
    %concat/vec4; draw_concat_vec4
    %store/vec4 v000002d9e9b81650_0, 0, 32;
    %jmp T_24.5;
T_24.5 ;
    %pop/vec4 1;
    %jmp T_24;
    .thread T_24, $push;
    .scope S_000002d9e98e0200;
T_25 ;
    %wait E_000002d9e9ab9d90;
    %load/vec4 v000002d9e9b7ca30_0;
    %dup/vec4;
    %pushi/vec4 0, 0, 3;
    %cmp/u;
    %jmp/1 T_25.0, 6;
    %dup/vec4;
    %pushi/vec4 4, 0, 3;
    %cmp/u;
    %jmp/1 T_25.1, 6;
    %dup/vec4;
    %pushi/vec4 1, 0, 3;
    %cmp/u;
    %jmp/1 T_25.2, 6;
    %dup/vec4;
    %pushi/vec4 5, 0, 3;
    %cmp/u;
    %jmp/1 T_25.3, 6;
    %dup/vec4;
    %pushi/vec4 2, 0, 3;
    %cmp/u;
    %jmp/1 T_25.4, 6;
    %pushi/vec4 0, 0, 32;
    %store/vec4 v000002d9e9b80250_0, 0, 32;
    %jmp T_25.6;
T_25.0 ;
    %load/vec4 v000002d9e9b7f490_0;
    %parti/s 1, 7, 4;
    %replicate 24;
    %load/vec4 v000002d9e9b7f490_0;
    %concat/vec4; draw_concat_vec4
    %store/vec4 v000002d9e9b80250_0, 0, 32;
    %jmp T_25.6;
T_25.1 ;
    %pushi/vec4 0, 0, 24;
    %load/vec4 v000002d9e9b7f490_0;
    %concat/vec4; draw_concat_vec4
    %store/vec4 v000002d9e9b80250_0, 0, 32;
    %jmp T_25.6;
T_25.2 ;
    %load/vec4 v000002d9e9b81330_0;
    %parti/s 1, 15, 5;
    %replicate 16;
    %load/vec4 v000002d9e9b81330_0;
    %concat/vec4; draw_concat_vec4
    %store/vec4 v000002d9e9b80250_0, 0, 32;
    %jmp T_25.6;
T_25.3 ;
    %pushi/vec4 0, 0, 16;
    %load/vec4 v000002d9e9b81330_0;
    %concat/vec4; draw_concat_vec4
    %store/vec4 v000002d9e9b80250_0, 0, 32;
    %jmp T_25.6;
T_25.4 ;
    %load/vec4 v000002d9e9b81650_0;
    %store/vec4 v000002d9e9b80250_0, 0, 32;
    %jmp T_25.6;
T_25.6 ;
    %pop/vec4 1;
    %jmp T_25;
    .thread T_25, $push;
    .scope S_000002d9e949c4e0;
T_26 ;
    %wait E_000002d9e9ab9450;
    %load/vec4 v000002d9e9b93bc0_0;
    %flag_set/vec4 8;
    %jmp/0xz  T_26.0, 8;
    %pushi/vec4 0, 0, 32;
    %assign/vec4 v000002d9e9b88400_0, 0;
    %pushi/vec4 0, 0, 1;
    %assign/vec4 v000002d9e9b906a0_0, 0;
    %pushi/vec4 0, 0, 1;
    %assign/vec4 v000002d9e9b959c0_0, 0;
    %pushi/vec4 0, 0, 1;
    %assign/vec4 v000002d9e9b95100_0, 0;
    %pushi/vec4 0, 0, 32;
    %assign/vec4 v000002d9e9b96640_0, 0;
    %pushi/vec4 0, 0, 1;
    %assign/vec4 v000002d9e9b94840_0, 0;
    %pushi/vec4 0, 0, 32;
    %assign/vec4 v000002d9e9b95b00_0, 0;
    %pushi/vec4 0, 0, 32;
    %assign/vec4 v000002d9e9b94660_0, 0;
    %pushi/vec4 0, 0, 32;
    %assign/vec4 v000002d9e9b96320_0, 0;
    %pushi/vec4 0, 0, 1;
    %assign/vec4 v000002d9e9b95d80_0, 0;
    %pushi/vec4 0, 0, 32;
    %assign/vec4 v000002d9e9b92180_0, 0;
    %pushi/vec4 0, 0, 32;
    %assign/vec4 v000002d9e9b91f00_0, 0;
    %pushi/vec4 0, 0, 32;
    %assign/vec4 v000002d9e9b920e0_0, 0;
    %pushi/vec4 0, 0, 5;
    %assign/vec4 v000002d9e9b93620_0, 0;
    %pushi/vec4 0, 0, 5;
    %assign/vec4 v000002d9e9b92c20_0, 0;
    %pushi/vec4 0, 0, 5;
    %assign/vec4 v000002d9e9b92360_0, 0;
    %pushi/vec4 0, 0, 32;
    %assign/vec4 v000002d9e9b92ae0_0, 0;
    %pushi/vec4 0, 0, 32;
    %assign/vec4 v000002d9e9b96b40_0, 0;
    %pushi/vec4 0, 0, 32;
    %assign/vec4 v000002d9e9b94480_0, 0;
    %pushi/vec4 0, 0, 7;
    %assign/vec4 v000002d9e9b933a0_0, 0;
    %pushi/vec4 0, 0, 3;
    %assign/vec4 v000002d9e9b94020_0, 0;
    %pushi/vec4 0, 0, 7;
    %assign/vec4 v000002d9e9b92e00_0, 0;
    %pushi/vec4 0, 0, 1;
    %assign/vec4 v000002d9e9b93120_0, 0;
    %pushi/vec4 0, 0, 1;
    %assign/vec4 v000002d9e9b92040_0, 0;
    %pushi/vec4 0, 0, 3;
    %assign/vec4 v000002d9e9b922c0_0, 0;
    %pushi/vec4 0, 0, 1;
    %assign/vec4 v000002d9e9b92400_0, 0;
    %pushi/vec4 0, 0, 1;
    %assign/vec4 v000002d9e9b931c0_0, 0;
    %pushi/vec4 0, 0, 1;
    %assign/vec4 v000002d9e9b93ee0_0, 0;
    %pushi/vec4 0, 0, 1;
    %assign/vec4 v000002d9e9b93800_0, 0;
    %pushi/vec4 0, 0, 1;
    %assign/vec4 v000002d9e9b927c0_0, 0;
    %pushi/vec4 0, 0, 1;
    %assign/vec4 v000002d9e9b92540_0, 0;
    %pushi/vec4 0, 0, 1;
    %assign/vec4 v000002d9e9b92900_0, 0;
    %pushi/vec4 0, 0, 1;
    %assign/vec4 v000002d9e9b924a0_0, 0;
    %pushi/vec4 0, 0, 1;
    %assign/vec4 v000002d9e9b92ea0_0, 0;
    %pushi/vec4 0, 0, 1;
    %assign/vec4 v000002d9e9b93260_0, 0;
    %pushi/vec4 0, 0, 1;
    %assign/vec4 v000002d9e9b90240_0, 0;
    %pushi/vec4 0, 0, 32;
    %assign/vec4 v000002d9e9b8f8e0_0, 0;
    %pushi/vec4 0, 0, 32;
    %assign/vec4 v000002d9e9b8ff20_0, 0;
    %pushi/vec4 0, 0, 32;
    %assign/vec4 v000002d9e9b8f660_0, 0;
    %pushi/vec4 0, 0, 32;
    %assign/vec4 v000002d9e9b90a60_0, 0;
    %pushi/vec4 0, 0, 5;
    %assign/vec4 v000002d9e9b91500_0, 0;
    %pushi/vec4 0, 0, 5;
    %assign/vec4 v000002d9e9b901a0_0, 0;
    %pushi/vec4 0, 0, 5;
    %assign/vec4 v000002d9e9b8fb60_0, 0;
    %pushi/vec4 0, 0, 32;
    %assign/vec4 v000002d9e9b8fca0_0, 0;
    %pushi/vec4 0, 0, 32;
    %assign/vec4 v000002d9e9b90ce0_0, 0;
    %pushi/vec4 0, 0, 32;
    %assign/vec4 v000002d9e9b90420_0, 0;
    %pushi/vec4 0, 0, 32;
    %assign/vec4 v000002d9e9b91a00_0, 0;
    %pushi/vec4 0, 0, 32;
    %assign/vec4 v000002d9e9b8fc00_0, 0;
    %pushi/vec4 0, 0, 3;
    %assign/vec4 v000002d9e9b911e0_0, 0;
    %pushi/vec4 0, 0, 1;
    %assign/vec4 v000002d9e9b8f7a0_0, 0;
    %pushi/vec4 0, 0, 1;
    %assign/vec4 v000002d9e9b913c0_0, 0;
    %pushi/vec4 0, 0, 1;
    %assign/vec4 v000002d9e9b90f60_0, 0;
    %pushi/vec4 0, 0, 1;
    %assign/vec4 v000002d9e9b90380_0, 0;
    %pushi/vec4 0, 0, 1;
    %assign/vec4 v000002d9e9b90b00_0, 0;
    %pushi/vec4 0, 0, 1;
    %assign/vec4 v000002d9e9b90060_0, 0;
    %pushi/vec4 0, 0, 1;
    %assign/vec4 v000002d9e9b8f700_0, 0;
    %pushi/vec4 0, 0, 1;
    %assign/vec4 v000002d9e9b91960_0, 0;
    %pushi/vec4 0, 0, 1;
    %assign/vec4 v000002d9e9b909c0_0, 0;
    %pushi/vec4 0, 0, 1;
    %assign/vec4 v000002d9e9b90920_0, 0;
    %pushi/vec4 0, 0, 1;
    %assign/vec4 v000002d9e9b8a480_0, 0;
    %pushi/vec4 0, 0, 32;
    %assign/vec4 v000002d9e9b89300_0, 0;
    %pushi/vec4 0, 0, 32;
    %assign/vec4 v000002d9e9b898a0_0, 0;
    %pushi/vec4 0, 0, 32;
    %assign/vec4 v000002d9e9b884a0_0, 0;
    %pushi/vec4 0, 0, 32;
    %assign/vec4 v000002d9e9b96e60_0, 0;
    %pushi/vec4 0, 0, 5;
    %assign/vec4 v000002d9e9b89260_0, 0;
    %pushi/vec4 0, 0, 5;
    %assign/vec4 v000002d9e9b8a340_0, 0;
    %pushi/vec4 0, 0, 5;
    %assign/vec4 v000002d9e9b88040_0, 0;
    %pushi/vec4 0, 0, 32;
    %assign/vec4 v000002d9e9b880e0_0, 0;
    %pushi/vec4 0, 0, 32;
    %assign/vec4 v000002d9e9b88900_0, 0;
    %pushi/vec4 0, 0, 32;
    %assign/vec4 v000002d9e9b88720_0, 0;
    %pushi/vec4 0, 0, 32;
    %assign/vec4 v000002d9e9b97680_0, 0;
    %pushi/vec4 0, 0, 32;
    %assign/vec4 v000002d9e9b89440_0, 0;
    %pushi/vec4 0, 0, 32;
    %assign/vec4 v000002d9e9b975e0_0, 0;
    %pushi/vec4 0, 0, 1;
    %assign/vec4 v000002d9e9b97b80_0, 0;
    %pushi/vec4 0, 0, 1;
    %assign/vec4 v000002d9e9b97220_0, 0;
    %pushi/vec4 0, 0, 4;
    %assign/vec4 v000002d9e9b96f00_0, 0;
    %pushi/vec4 0, 0, 32;
    %assign/vec4 v000002d9e9b97ae0_0, 0;
    %pushi/vec4 0, 0, 32;
    %assign/vec4 v000002d9e9b979a0_0, 0;
    %pushi/vec4 0, 0, 1;
    %assign/vec4 v000002d9e9b89800_0, 0;
    %pushi/vec4 0, 0, 1;
    %assign/vec4 v000002d9e9b88a40_0, 0;
    %pushi/vec4 0, 0, 1;
    %assign/vec4 v000002d9e9b88fe0_0, 0;
    %pushi/vec4 0, 0, 1;
    %assign/vec4 v000002d9e9b891c0_0, 0;
    %pushi/vec4 0, 0, 1;
    %assign/vec4 v000002d9e9b97400_0, 0;
    %pushi/vec4 0, 0, 1;
    %assign/vec4 v000002d9e9b89080_0, 0;
    %pushi/vec4 0, 0, 1;
    %assign/vec4 v000002d9e9b887c0_0, 0;
    %pushi/vec4 0, 0, 1;
    %assign/vec4 v000002d9e9b96fa0_0, 0;
    %jmp T_26.1;
T_26.0 ;
    %load/vec4 v000002d9e9b885e0_0;
    %flag_set/vec4 8;
    %jmp/0xz  T_26.2, 8;
    %pushi/vec4 1, 0, 1;
    %assign/vec4 v000002d9e9b906a0_0, 0;
    %pushi/vec4 0, 0, 1;
    %assign/vec4 v000002d9e9b959c0_0, 0;
    %pushi/vec4 0, 0, 1;
    %assign/vec4 v000002d9e9b95100_0, 0;
    %pushi/vec4 0, 0, 32;
    %assign/vec4 v000002d9e9b96640_0, 0;
    %pushi/vec4 0, 0, 1;
    %assign/vec4 v000002d9e9b94840_0, 0;
    %pushi/vec4 0, 0, 32;
    %assign/vec4 v000002d9e9b95b00_0, 0;
    %pushi/vec4 0, 0, 32;
    %assign/vec4 v000002d9e9b94660_0, 0;
    %pushi/vec4 0, 0, 32;
    %assign/vec4 v000002d9e9b96320_0, 0;
    %pushi/vec4 0, 0, 1;
    %assign/vec4 v000002d9e9b95d80_0, 0;
    %pushi/vec4 0, 0, 32;
    %assign/vec4 v000002d9e9b92180_0, 0;
    %pushi/vec4 0, 0, 32;
    %assign/vec4 v000002d9e9b91f00_0, 0;
    %pushi/vec4 0, 0, 32;
    %assign/vec4 v000002d9e9b920e0_0, 0;
    %pushi/vec4 0, 0, 5;
    %assign/vec4 v000002d9e9b93620_0, 0;
    %pushi/vec4 0, 0, 5;
    %assign/vec4 v000002d9e9b92c20_0, 0;
    %pushi/vec4 0, 0, 5;
    %assign/vec4 v000002d9e9b92360_0, 0;
    %pushi/vec4 0, 0, 32;
    %assign/vec4 v000002d9e9b92ae0_0, 0;
    %pushi/vec4 0, 0, 32;
    %assign/vec4 v000002d9e9b96b40_0, 0;
    %pushi/vec4 0, 0, 32;
    %assign/vec4 v000002d9e9b94480_0, 0;
    %pushi/vec4 0, 0, 7;
    %assign/vec4 v000002d9e9b933a0_0, 0;
    %pushi/vec4 0, 0, 3;
    %assign/vec4 v000002d9e9b94020_0, 0;
    %pushi/vec4 0, 0, 7;
    %assign/vec4 v000002d9e9b92e00_0, 0;
    %pushi/vec4 0, 0, 1;
    %assign/vec4 v000002d9e9b93120_0, 0;
    %pushi/vec4 0, 0, 1;
    %assign/vec4 v000002d9e9b92040_0, 0;
    %pushi/vec4 0, 0, 3;
    %assign/vec4 v000002d9e9b922c0_0, 0;
    %pushi/vec4 0, 0, 1;
    %assign/vec4 v000002d9e9b92400_0, 0;
    %pushi/vec4 0, 0, 1;
    %assign/vec4 v000002d9e9b931c0_0, 0;
    %pushi/vec4 0, 0, 1;
    %assign/vec4 v000002d9e9b93ee0_0, 0;
    %pushi/vec4 0, 0, 1;
    %assign/vec4 v000002d9e9b93800_0, 0;
    %pushi/vec4 0, 0, 1;
    %assign/vec4 v000002d9e9b927c0_0, 0;
    %pushi/vec4 0, 0, 1;
    %assign/vec4 v000002d9e9b92540_0, 0;
    %pushi/vec4 0, 0, 1;
    %assign/vec4 v000002d9e9b92900_0, 0;
    %pushi/vec4 0, 0, 1;
    %assign/vec4 v000002d9e9b924a0_0, 0;
    %pushi/vec4 0, 0, 1;
    %assign/vec4 v000002d9e9b92ea0_0, 0;
    %pushi/vec4 0, 0, 1;
    %assign/vec4 v000002d9e9b93260_0, 0;
    %pushi/vec4 0, 0, 1;
    %assign/vec4 v000002d9e9b90240_0, 0;
    %pushi/vec4 0, 0, 32;
    %assign/vec4 v000002d9e9b8f8e0_0, 0;
    %pushi/vec4 0, 0, 32;
    %assign/vec4 v000002d9e9b8ff20_0, 0;
    %pushi/vec4 0, 0, 32;
    %assign/vec4 v000002d9e9b8f660_0, 0;
    %pushi/vec4 0, 0, 32;
    %assign/vec4 v000002d9e9b90a60_0, 0;
    %pushi/vec4 0, 0, 5;
    %assign/vec4 v000002d9e9b91500_0, 0;
    %pushi/vec4 0, 0, 5;
    %assign/vec4 v000002d9e9b901a0_0, 0;
    %pushi/vec4 0, 0, 5;
    %assign/vec4 v000002d9e9b8fb60_0, 0;
    %pushi/vec4 0, 0, 32;
    %assign/vec4 v000002d9e9b8fca0_0, 0;
    %pushi/vec4 0, 0, 32;
    %assign/vec4 v000002d9e9b90ce0_0, 0;
    %pushi/vec4 0, 0, 32;
    %assign/vec4 v000002d9e9b90420_0, 0;
    %pushi/vec4 0, 0, 32;
    %assign/vec4 v000002d9e9b91a00_0, 0;
    %pushi/vec4 0, 0, 32;
    %assign/vec4 v000002d9e9b8fc00_0, 0;
    %pushi/vec4 0, 0, 3;
    %assign/vec4 v000002d9e9b911e0_0, 0;
    %pushi/vec4 0, 0, 1;
    %assign/vec4 v000002d9e9b8f7a0_0, 0;
    %pushi/vec4 0, 0, 1;
    %assign/vec4 v000002d9e9b913c0_0, 0;
    %pushi/vec4 0, 0, 1;
    %assign/vec4 v000002d9e9b90f60_0, 0;
    %pushi/vec4 0, 0, 1;
    %assign/vec4 v000002d9e9b90380_0, 0;
    %pushi/vec4 0, 0, 1;
    %assign/vec4 v000002d9e9b90b00_0, 0;
    %pushi/vec4 0, 0, 1;
    %assign/vec4 v000002d9e9b90060_0, 0;
    %pushi/vec4 0, 0, 1;
    %assign/vec4 v000002d9e9b8f700_0, 0;
    %pushi/vec4 0, 0, 1;
    %assign/vec4 v000002d9e9b91960_0, 0;
    %pushi/vec4 0, 0, 1;
    %assign/vec4 v000002d9e9b909c0_0, 0;
    %pushi/vec4 0, 0, 1;
    %assign/vec4 v000002d9e9b90920_0, 0;
    %pushi/vec4 0, 0, 1;
    %assign/vec4 v000002d9e9b8a480_0, 0;
    %pushi/vec4 0, 0, 32;
    %assign/vec4 v000002d9e9b89300_0, 0;
    %pushi/vec4 0, 0, 32;
    %assign/vec4 v000002d9e9b898a0_0, 0;
    %pushi/vec4 0, 0, 32;
    %assign/vec4 v000002d9e9b884a0_0, 0;
    %pushi/vec4 0, 0, 32;
    %assign/vec4 v000002d9e9b96e60_0, 0;
    %pushi/vec4 0, 0, 5;
    %assign/vec4 v000002d9e9b89260_0, 0;
    %pushi/vec4 0, 0, 5;
    %assign/vec4 v000002d9e9b8a340_0, 0;
    %pushi/vec4 0, 0, 5;
    %assign/vec4 v000002d9e9b88040_0, 0;
    %pushi/vec4 0, 0, 32;
    %assign/vec4 v000002d9e9b880e0_0, 0;
    %pushi/vec4 0, 0, 32;
    %assign/vec4 v000002d9e9b88900_0, 0;
    %pushi/vec4 0, 0, 32;
    %assign/vec4 v000002d9e9b88720_0, 0;
    %pushi/vec4 0, 0, 32;
    %assign/vec4 v000002d9e9b97680_0, 0;
    %pushi/vec4 0, 0, 32;
    %assign/vec4 v000002d9e9b89440_0, 0;
    %pushi/vec4 0, 0, 32;
    %assign/vec4 v000002d9e9b975e0_0, 0;
    %pushi/vec4 0, 0, 1;
    %assign/vec4 v000002d9e9b97b80_0, 0;
    %pushi/vec4 0, 0, 1;
    %assign/vec4 v000002d9e9b97220_0, 0;
    %pushi/vec4 0, 0, 4;
    %assign/vec4 v000002d9e9b96f00_0, 0;
    %pushi/vec4 0, 0, 32;
    %assign/vec4 v000002d9e9b97ae0_0, 0;
    %pushi/vec4 0, 0, 32;
    %assign/vec4 v000002d9e9b979a0_0, 0;
    %pushi/vec4 0, 0, 1;
    %assign/vec4 v000002d9e9b89800_0, 0;
    %pushi/vec4 0, 0, 1;
    %assign/vec4 v000002d9e9b88a40_0, 0;
    %pushi/vec4 0, 0, 1;
    %assign/vec4 v000002d9e9b88fe0_0, 0;
    %pushi/vec4 0, 0, 1;
    %assign/vec4 v000002d9e9b891c0_0, 0;
    %pushi/vec4 0, 0, 1;
    %assign/vec4 v000002d9e9b97400_0, 0;
    %pushi/vec4 0, 0, 1;
    %assign/vec4 v000002d9e9b89080_0, 0;
    %pushi/vec4 0, 0, 1;
    %assign/vec4 v000002d9e9b887c0_0, 0;
    %pushi/vec4 0, 0, 1;
    %assign/vec4 v000002d9e9b96fa0_0, 0;
    %jmp T_26.3;
T_26.2 ;
    %load/vec4 v000002d9e9b906a0_0;
    %inv;
    %flag_set/vec4 8;
    %jmp/0xz  T_26.4, 8;
    %load/vec4 v000002d9e9b8fde0_0;
    %flag_set/vec4 8;
    %jmp/0xz  T_26.6, 8;
    %load/vec4 v000002d9e9b88540_0;
    %assign/vec4 v000002d9e9b88400_0, 0;
    %jmp T_26.7;
T_26.6 ;
    %load/vec4 v000002d9e9b95ec0_0;
    %flag_set/vec4 8;
    %jmp/0xz  T_26.8, 8;
    %load/vec4 v000002d9e9b88540_0;
    %assign/vec4 v000002d9e9b88400_0, 0;
T_26.8 ;
T_26.7 ;
    %load/vec4 v000002d9e9b95920_0;
    %flag_set/vec4 8;
    %jmp/0xz  T_26.10, 8;
    %pushi/vec4 0, 0, 1;
    %assign/vec4 v000002d9e9b959c0_0, 0;
    %pushi/vec4 0, 0, 1;
    %assign/vec4 v000002d9e9b95100_0, 0;
    %pushi/vec4 0, 0, 32;
    %assign/vec4 v000002d9e9b96640_0, 0;
    %jmp T_26.11;
T_26.10 ;
    %load/vec4 v000002d9e9b95ec0_0;
    %load/vec4 v000002d9e9b957e0_0;
    %and;
    %flag_set/vec4 8;
    %jmp/0xz  T_26.12, 8;
    %pushi/vec4 1, 0, 1;
    %assign/vec4 v000002d9e9b959c0_0, 0;
    %pushi/vec4 0, 0, 1;
    %assign/vec4 v000002d9e9b95100_0, 0;
    %load/vec4 v000002d9e9b947a0_0;
    %assign/vec4 v000002d9e9b96640_0, 0;
    %jmp T_26.13;
T_26.12 ;
    %load/vec4 v000002d9e9b8fde0_0;
    %flag_set/vec4 9;
    %flag_get/vec4 9;
    %jmp/0 T_26.16, 9;
    %load/vec4 v000002d9e9b959c0_0;
    %and;
T_26.16;
    %flag_set/vec4 8;
    %jmp/0xz  T_26.14, 8;
    %pushi/vec4 1, 0, 1;
    %assign/vec4 v000002d9e9b95100_0, 0;
T_26.14 ;
T_26.13 ;
T_26.11 ;
    %load/vec4 v000002d9e9b8fde0_0;
    %flag_set/vec4 8;
    %jmp/0xz  T_26.17, 8;
    %pushi/vec4 0, 0, 1;
    %assign/vec4 v000002d9e9b94840_0, 0;
    %pushi/vec4 0, 0, 32;
    %assign/vec4 v000002d9e9b95b00_0, 0;
    %pushi/vec4 0, 0, 32;
    %assign/vec4 v000002d9e9b94660_0, 0;
    %pushi/vec4 0, 0, 32;
    %assign/vec4 v000002d9e9b96320_0, 0;
    %pushi/vec4 0, 0, 1;
    %assign/vec4 v000002d9e9b95d80_0, 0;
    %pushi/vec4 0, 0, 32;
    %assign/vec4 v000002d9e9b92180_0, 0;
    %pushi/vec4 0, 0, 32;
    %assign/vec4 v000002d9e9b91f00_0, 0;
    %pushi/vec4 0, 0, 32;
    %assign/vec4 v000002d9e9b920e0_0, 0;
    %pushi/vec4 0, 0, 5;
    %assign/vec4 v000002d9e9b93620_0, 0;
    %pushi/vec4 0, 0, 5;
    %assign/vec4 v000002d9e9b92c20_0, 0;
    %pushi/vec4 0, 0, 5;
    %assign/vec4 v000002d9e9b92360_0, 0;
    %pushi/vec4 0, 0, 32;
    %assign/vec4 v000002d9e9b92ae0_0, 0;
    %pushi/vec4 0, 0, 32;
    %assign/vec4 v000002d9e9b96b40_0, 0;
    %pushi/vec4 0, 0, 32;
    %assign/vec4 v000002d9e9b94480_0, 0;
    %pushi/vec4 0, 0, 7;
    %assign/vec4 v000002d9e9b933a0_0, 0;
    %pushi/vec4 0, 0, 3;
    %assign/vec4 v000002d9e9b94020_0, 0;
    %pushi/vec4 0, 0, 7;
    %assign/vec4 v000002d9e9b92e00_0, 0;
    %pushi/vec4 0, 0, 1;
    %assign/vec4 v000002d9e9b93120_0, 0;
    %pushi/vec4 0, 0, 1;
    %assign/vec4 v000002d9e9b92040_0, 0;
    %pushi/vec4 0, 0, 3;
    %assign/vec4 v000002d9e9b922c0_0, 0;
    %pushi/vec4 0, 0, 1;
    %assign/vec4 v000002d9e9b92400_0, 0;
    %pushi/vec4 0, 0, 1;
    %assign/vec4 v000002d9e9b931c0_0, 0;
    %pushi/vec4 0, 0, 1;
    %assign/vec4 v000002d9e9b93ee0_0, 0;
    %pushi/vec4 0, 0, 1;
    %assign/vec4 v000002d9e9b93800_0, 0;
    %pushi/vec4 0, 0, 1;
    %assign/vec4 v000002d9e9b927c0_0, 0;
    %pushi/vec4 0, 0, 1;
    %assign/vec4 v000002d9e9b92540_0, 0;
    %pushi/vec4 0, 0, 1;
    %assign/vec4 v000002d9e9b92900_0, 0;
    %pushi/vec4 0, 0, 1;
    %assign/vec4 v000002d9e9b924a0_0, 0;
    %pushi/vec4 0, 0, 1;
    %assign/vec4 v000002d9e9b92ea0_0, 0;
    %pushi/vec4 0, 0, 1;
    %assign/vec4 v000002d9e9b93260_0, 0;
    %jmp T_26.18;
T_26.17 ;
    %load/vec4 v000002d9e9b974a0_0;
    %flag_set/vec4 8;
    %jmp/0xz  T_26.19, 8;
    %load/vec4 v000002d9e9b94980_0;
    %flag_set/vec4 8;
    %jmp/0xz  T_26.21, 8;
    %load/vec4 v000002d9e9b948e0_0;
    %assign/vec4 v000002d9e9b94840_0, 0;
    %load/vec4 v000002d9e9b95380_0;
    %assign/vec4 v000002d9e9b95b00_0, 0;
    %load/vec4 v000002d9e9b952e0_0;
    %assign/vec4 v000002d9e9b94660_0, 0;
    %load/vec4 v000002d9e9b95740_0;
    %assign/vec4 v000002d9e9b96320_0, 0;
T_26.21 ;
    %jmp T_26.20;
T_26.19 ;
    %load/vec4 v000002d9e9b929a0_0;
    %flag_set/vec4 8;
    %jmp/0xz  T_26.23, 8;
    %pushi/vec4 0, 0, 1;
    %assign/vec4 v000002d9e9b95d80_0, 0;
    %pushi/vec4 0, 0, 32;
    %assign/vec4 v000002d9e9b92180_0, 0;
    %pushi/vec4 0, 0, 32;
    %assign/vec4 v000002d9e9b91f00_0, 0;
    %pushi/vec4 0, 0, 32;
    %assign/vec4 v000002d9e9b920e0_0, 0;
    %pushi/vec4 0, 0, 5;
    %assign/vec4 v000002d9e9b93620_0, 0;
    %pushi/vec4 0, 0, 5;
    %assign/vec4 v000002d9e9b92c20_0, 0;
    %pushi/vec4 0, 0, 5;
    %assign/vec4 v000002d9e9b92360_0, 0;
    %pushi/vec4 0, 0, 32;
    %assign/vec4 v000002d9e9b92ae0_0, 0;
    %pushi/vec4 0, 0, 32;
    %assign/vec4 v000002d9e9b96b40_0, 0;
    %pushi/vec4 0, 0, 32;
    %assign/vec4 v000002d9e9b94480_0, 0;
    %pushi/vec4 0, 0, 7;
    %assign/vec4 v000002d9e9b933a0_0, 0;
    %pushi/vec4 0, 0, 3;
    %assign/vec4 v000002d9e9b94020_0, 0;
    %pushi/vec4 0, 0, 7;
    %assign/vec4 v000002d9e9b92e00_0, 0;
    %pushi/vec4 0, 0, 1;
    %assign/vec4 v000002d9e9b93120_0, 0;
    %pushi/vec4 0, 0, 1;
    %assign/vec4 v000002d9e9b92040_0, 0;
    %pushi/vec4 0, 0, 3;
    %assign/vec4 v000002d9e9b922c0_0, 0;
    %pushi/vec4 0, 0, 1;
    %assign/vec4 v000002d9e9b92400_0, 0;
    %pushi/vec4 0, 0, 1;
    %assign/vec4 v000002d9e9b931c0_0, 0;
    %pushi/vec4 0, 0, 1;
    %assign/vec4 v000002d9e9b93ee0_0, 0;
    %pushi/vec4 0, 0, 1;
    %assign/vec4 v000002d9e9b93800_0, 0;
    %pushi/vec4 0, 0, 1;
    %assign/vec4 v000002d9e9b927c0_0, 0;
    %pushi/vec4 0, 0, 1;
    %assign/vec4 v000002d9e9b92540_0, 0;
    %pushi/vec4 0, 0, 1;
    %assign/vec4 v000002d9e9b92900_0, 0;
    %pushi/vec4 0, 0, 1;
    %assign/vec4 v000002d9e9b924a0_0, 0;
    %pushi/vec4 0, 0, 1;
    %assign/vec4 v000002d9e9b92ea0_0, 0;
    %pushi/vec4 0, 0, 1;
    %assign/vec4 v000002d9e9b93260_0, 0;
    %jmp T_26.24;
T_26.23 ;
    %load/vec4 v000002d9e9b948e0_0;
    %assign/vec4 v000002d9e9b94840_0, 0;
    %load/vec4 v000002d9e9b95380_0;
    %assign/vec4 v000002d9e9b95b00_0, 0;
    %load/vec4 v000002d9e9b952e0_0;
    %assign/vec4 v000002d9e9b94660_0, 0;
    %load/vec4 v000002d9e9b95740_0;
    %assign/vec4 v000002d9e9b96320_0, 0;
    %load/vec4 v000002d9e9b960a0_0;
    %assign/vec4 v000002d9e9b95d80_0, 0;
    %load/vec4 v000002d9e9b934e0_0;
    %assign/vec4 v000002d9e9b92180_0, 0;
    %load/vec4 v000002d9e9b92a40_0;
    %assign/vec4 v000002d9e9b91f00_0, 0;
    %load/vec4 v000002d9e9b93300_0;
    %assign/vec4 v000002d9e9b920e0_0, 0;
    %load/vec4 v000002d9e9b92680_0;
    %assign/vec4 v000002d9e9b93620_0, 0;
    %load/vec4 v000002d9e9b92d60_0;
    %assign/vec4 v000002d9e9b92c20_0, 0;
    %load/vec4 v000002d9e9b93580_0;
    %assign/vec4 v000002d9e9b92360_0, 0;
    %load/vec4 v000002d9e9b936c0_0;
    %assign/vec4 v000002d9e9b92ae0_0, 0;
    %load/vec4 v000002d9e9b96a00_0;
    %assign/vec4 v000002d9e9b96b40_0, 0;
    %load/vec4 v000002d9e9b91d20_0;
    %assign/vec4 v000002d9e9b94480_0, 0;
    %load/vec4 v000002d9e9b93d00_0;
    %assign/vec4 v000002d9e9b933a0_0, 0;
    %load/vec4 v000002d9e9b93a80_0;
    %assign/vec4 v000002d9e9b94020_0, 0;
    %load/vec4 v000002d9e9b93080_0;
    %assign/vec4 v000002d9e9b92e00_0, 0;
    %load/vec4 v000002d9e9b93f80_0;
    %assign/vec4 v000002d9e9b93120_0, 0;
    %load/vec4 v000002d9e9b92220_0;
    %assign/vec4 v000002d9e9b92040_0, 0;
    %load/vec4 v000002d9e9b92b80_0;
    %assign/vec4 v000002d9e9b922c0_0, 0;
    %load/vec4 v000002d9e9b92cc0_0;
    %assign/vec4 v000002d9e9b92400_0, 0;
    %load/vec4 v000002d9e9b94340_0;
    %assign/vec4 v000002d9e9b931c0_0, 0;
    %load/vec4 v000002d9e9b91fa0_0;
    %assign/vec4 v000002d9e9b93ee0_0, 0;
    %load/vec4 v000002d9e9b942a0_0;
    %assign/vec4 v000002d9e9b93800_0, 0;
    %load/vec4 v000002d9e9b92f40_0;
    %assign/vec4 v000002d9e9b927c0_0, 0;
    %load/vec4 v000002d9e9b925e0_0;
    %assign/vec4 v000002d9e9b92540_0, 0;
    %load/vec4 v000002d9e9b940c0_0;
    %assign/vec4 v000002d9e9b92900_0, 0;
    %load/vec4 v000002d9e9b939e0_0;
    %assign/vec4 v000002d9e9b924a0_0, 0;
    %load/vec4 v000002d9e9b93b20_0;
    %assign/vec4 v000002d9e9b92ea0_0, 0;
    %load/vec4 v000002d9e9b92720_0;
    %assign/vec4 v000002d9e9b93260_0, 0;
T_26.24 ;
T_26.20 ;
T_26.18 ;
    %load/vec4 v000002d9e9b974a0_0;
    %flag_set/vec4 8;
    %jmp/0xz  T_26.25, 8;
    %load/vec4 v000002d9e9b90920_0;
    %load/vec4 v000002d9e9b8eb20_0;
    %or;
    %assign/vec4 v000002d9e9b90920_0, 0;
    %jmp T_26.26;
T_26.25 ;
    %load/vec4 v000002d9e9b90d80_0;
    %assign/vec4 v000002d9e9b90240_0, 0;
    %load/vec4 v000002d9e9b8ffc0_0;
    %assign/vec4 v000002d9e9b8f8e0_0, 0;
    %load/vec4 v000002d9e9b91460_0;
    %assign/vec4 v000002d9e9b8ff20_0, 0;
    %load/vec4 v000002d9e9b910a0_0;
    %assign/vec4 v000002d9e9b8f660_0, 0;
    %load/vec4 v000002d9e9b918c0_0;
    %assign/vec4 v000002d9e9b90a60_0, 0;
    %load/vec4 v000002d9e9b915a0_0;
    %assign/vec4 v000002d9e9b91500_0, 0;
    %load/vec4 v000002d9e9b90c40_0;
    %assign/vec4 v000002d9e9b901a0_0, 0;
    %load/vec4 v000002d9e9b90ec0_0;
    %assign/vec4 v000002d9e9b8fb60_0, 0;
    %load/vec4 v000002d9e9b91640_0;
    %assign/vec4 v000002d9e9b8fca0_0, 0;
    %load/vec4 v000002d9e9b91000_0;
    %assign/vec4 v000002d9e9b90ce0_0, 0;
    %load/vec4 v000002d9e9b8fe80_0;
    %assign/vec4 v000002d9e9b90420_0, 0;
    %load/vec4 v000002d9e9b8fac0_0;
    %assign/vec4 v000002d9e9b91a00_0, 0;
    %load/vec4 v000002d9e9b91320_0;
    %assign/vec4 v000002d9e9b8fc00_0, 0;
    %load/vec4 v000002d9e9b8f980_0;
    %assign/vec4 v000002d9e9b911e0_0, 0;
    %load/vec4 v000002d9e9b8f840_0;
    %assign/vec4 v000002d9e9b8f7a0_0, 0;
    %load/vec4 v000002d9e9b902e0_0;
    %assign/vec4 v000002d9e9b913c0_0, 0;
    %load/vec4 v000002d9e9b90ba0_0;
    %assign/vec4 v000002d9e9b90f60_0, 0;
    %load/vec4 v000002d9e9b8f5c0_0;
    %assign/vec4 v000002d9e9b90380_0, 0;
    %load/vec4 v000002d9e9b91280_0;
    %assign/vec4 v000002d9e9b90b00_0, 0;
    %load/vec4 v000002d9e9b907e0_0;
    %assign/vec4 v000002d9e9b90060_0, 0;
    %load/vec4 v000002d9e9b91aa0_0;
    %assign/vec4 v000002d9e9b8f700_0, 0;
    %load/vec4 v000002d9e9b90100_0;
    %assign/vec4 v000002d9e9b91960_0, 0;
    %load/vec4 v000002d9e9b91be0_0;
    %assign/vec4 v000002d9e9b909c0_0, 0;
    %pushi/vec4 0, 0, 1;
    %assign/vec4 v000002d9e9b90920_0, 0;
T_26.26 ;
    %load/vec4 v000002d9e9b8a0c0_0;
    %assign/vec4 v000002d9e9b8a480_0, 0;
    %load/vec4 v000002d9e9b894e0_0;
    %assign/vec4 v000002d9e9b89300_0, 0;
    %load/vec4 v000002d9e9b889a0_0;
    %assign/vec4 v000002d9e9b898a0_0, 0;
    %load/vec4 v000002d9e9b87fa0_0;
    %assign/vec4 v000002d9e9b884a0_0, 0;
    %load/vec4 v000002d9e9b97540_0;
    %assign/vec4 v000002d9e9b96e60_0, 0;
    %load/vec4 v000002d9e9b88860_0;
    %assign/vec4 v000002d9e9b89260_0, 0;
    %load/vec4 v000002d9e9b8a020_0;
    %assign/vec4 v000002d9e9b8a340_0, 0;
    %load/vec4 v000002d9e9b89940_0;
    %assign/vec4 v000002d9e9b88040_0, 0;
    %load/vec4 v000002d9e9b88180_0;
    %assign/vec4 v000002d9e9b880e0_0, 0;
    %load/vec4 v000002d9e9b88b80_0;
    %assign/vec4 v000002d9e9b88900_0, 0;
    %load/vec4 v000002d9e9b88ae0_0;
    %assign/vec4 v000002d9e9b88720_0, 0;
    %load/vec4 v000002d9e9b97720_0;
    %assign/vec4 v000002d9e9b97680_0, 0;
    %load/vec4 v000002d9e9b8a200_0;
    %assign/vec4 v000002d9e9b89440_0, 0;
    %load/vec4 v000002d9e9b97040_0;
    %assign/vec4 v000002d9e9b975e0_0, 0;
    %load/vec4 v000002d9e9b97a40_0;
    %assign/vec4 v000002d9e9b97b80_0, 0;
    %load/vec4 v000002d9e9b977c0_0;
    %assign/vec4 v000002d9e9b97220_0, 0;
    %load/vec4 v000002d9e9b97860_0;
    %assign/vec4 v000002d9e9b96f00_0, 0;
    %load/vec4 v000002d9e9b97180_0;
    %assign/vec4 v000002d9e9b97ae0_0, 0;
    %load/vec4 v000002d9e9b970e0_0;
    %assign/vec4 v000002d9e9b979a0_0, 0;
    %load/vec4 v000002d9e9b8a2a0_0;
    %assign/vec4 v000002d9e9b89800_0, 0;
    %load/vec4 v000002d9e9b882c0_0;
    %assign/vec4 v000002d9e9b88a40_0, 0;
    %load/vec4 v000002d9e9b8a3e0_0;
    %assign/vec4 v000002d9e9b88fe0_0, 0;
    %load/vec4 v000002d9e9b89f80_0;
    %assign/vec4 v000002d9e9b891c0_0, 0;
    %load/vec4 v000002d9e9b96dc0_0;
    %assign/vec4 v000002d9e9b97400_0, 0;
    %load/vec4 v000002d9e9b89120_0;
    %assign/vec4 v000002d9e9b89080_0, 0;
    %load/vec4 v000002d9e9b88f40_0;
    %assign/vec4 v000002d9e9b887c0_0, 0;
    %load/vec4 v000002d9e9b97360_0;
    %assign/vec4 v000002d9e9b96fa0_0, 0;
T_26.4 ;
T_26.3 ;
T_26.1 ;
    %jmp T_26;
    .thread T_26;
    .scope S_000002d9e9484e30;
T_27 ;
    %pushi/vec4 1, 0, 1;
    %store/vec4 v000002d9e9b8ae80_0, 0, 1;
    %pushi/vec4 0, 0, 1;
    %store/vec4 v000002d9e9ba1ff0_0, 0, 1;
    %vpi_call 2 118 "$display", "Loading program." {0 0 0};
    %vpi_call 2 119 "$readmemh", "program.mem", v000002d9e9b8b600 {0 0 0};
    %vpi_call 2 122 "$display", "Resetting hart." {0 0 0};
    %wait E_000002d9e9ab9750;
    %pushi/vec4 1, 0, 1;
    %store/vec4 v000002d9e9ba1ff0_0, 0, 1;
    %wait E_000002d9e9ab9750;
    %wait E_000002d9e9ab9750;
    %wait E_000002d9e9ab9750;
    %pushi/vec4 0, 0, 1;
    %store/vec4 v000002d9e9ba1ff0_0, 0, 1;
    %vpi_call 2 128 "$display", "%-10s %-8s %-14s %-14s %s", "PC", "Inst", "rs1", "rs2", "[rd, load, store]" {0 0 0};
    %pushi/vec4 0, 0, 32;
    %store/vec4 v000002d9e9b8c6e0_0, 0, 32;
    %pushi/vec4 1, 0, 32;
    %store/vec4 v000002d9e9ba3530_0, 0, 32;
    %pushi/vec4 0, 0, 32;
    %store/vec4 v000002d9e9ba1a50_0, 0, 32;
T_27.0 ;
    %load/vec4 v000002d9e9ba3530_0;
    %or/r;
    %flag_set/vec4 8;
    %jmp/0xz T_27.1, 8;
    %wait E_000002d9e9ab9450;
    %load/vec4 v000002d9e9b8c6e0_0;
    %addi 1, 0, 32;
    %store/vec4 v000002d9e9b8c6e0_0, 0, 32;
    %load/vec4 v000002d9e9ba3b70_0;
    %flag_set/vec4 8;
    %jmp/0xz  T_27.2, 8;
    %load/vec4 v000002d9e9ba1a50_0;
    %addi 1, 0, 32;
    %store/vec4 v000002d9e9ba1a50_0, 0, 32;
    %load/vec4 v000002d9e9ba2590_0;
    %parti/s 4, 0, 2;
    %cmpi/e 7, 0, 4;
    %jmp/1 T_27.7, 4;
    %flag_mov 8, 4;
    %load/vec4 v000002d9e9ba2590_0;
    %parti/s 7, 0, 2;
    %cmpi/e 115, 0, 7;
    %flag_or 4, 8;
T_27.7;
    %jmp/1 T_27.6, 4;
    %flag_mov 8, 4;
    %load/vec4 v000002d9e9ba2590_0;
    %parti/s 7, 0, 2;
    %cmpi/e 111, 0, 7;
    %flag_or 4, 8;
T_27.6;
    %jmp/0xz  T_27.4, 4;
    %vpi_call 2 141 "$write", "[%08h] %08h r[--]=-------- r[--]=--------", v000002d9e9ba35d0_0, v000002d9e9ba2590_0 {0 0 0};
    %jmp T_27.5;
T_27.4 ;
    %load/vec4 v000002d9e9ba2590_0;
    %parti/s 7, 0, 2;
    %cmpi/e 19, 0, 7;
    %jmp/1 T_27.11, 4;
    %flag_mov 8, 4;
    %load/vec4 v000002d9e9ba2590_0;
    %parti/s 7, 0, 2;
    %cmpi/e 3, 0, 7;
    %flag_or 4, 8;
T_27.11;
    %jmp/1 T_27.10, 4;
    %flag_mov 8, 4;
    %load/vec4 v000002d9e9ba2590_0;
    %parti/s 7, 0, 2;
    %cmpi/e 103, 0, 7;
    %flag_or 4, 8;
T_27.10;
    %jmp/0xz  T_27.8, 4;
    %vpi_call 2 144 "$write", "[%08h] %08h r[%d]=%08h r[--]=--------", v000002d9e9ba35d0_0, v000002d9e9ba2590_0, v000002d9e9ba26d0_0, v000002d9e9ba24f0_0 {0 0 0};
    %jmp T_27.9;
T_27.8 ;
    %vpi_call 2 146 "$write", "[%08h] %08h r[%d]=%08h r[%d]=%08h", v000002d9e9ba35d0_0, v000002d9e9ba2590_0, v000002d9e9ba26d0_0, v000002d9e9ba24f0_0, v000002d9e9ba3490_0, v000002d9e9ba3cb0_0 {0 0 0};
T_27.9 ;
T_27.5 ;
    %load/vec4 v000002d9e9ba15f0_0;
    %cmpi/ne 0, 0, 5;
    %jmp/0xz  T_27.12, 4;
    %vpi_call 2 150 "$write", " w[%d]=%08h", v000002d9e9ba15f0_0, v000002d9e9ba1f50_0 {0 0 0};
T_27.12 ;
    %load/vec4 v000002d9e9ba1b90_0;
    %flag_set/vec4 8;
    %jmp/0xz  T_27.14, 8;
    %vpi_call 2 153 "$write", " l[%08h,%04b]=", v000002d9e9ba1e10_0, v000002d9e9ba2310_0 {0 0 0};
    %load/vec4 v000002d9e9ba2310_0;
    %parti/s 1, 3, 3;
    %flag_set/vec4 8;
    %jmp/0xz  T_27.16, 8;
    %vpi_call 2 155 "$write", "%02h", &PV<v000002d9e9ba33f0_0, 24, 8> {0 0 0};
    %jmp T_27.17;
T_27.16 ;
    %vpi_call 2 157 "$write", "--" {0 0 0};
T_27.17 ;
    %load/vec4 v000002d9e9ba2310_0;
    %parti/s 1, 2, 3;
    %flag_set/vec4 8;
    %jmp/0xz  T_27.18, 8;
    %vpi_call 2 159 "$write", "%02h", &PV<v000002d9e9ba33f0_0, 16, 8> {0 0 0};
    %jmp T_27.19;
T_27.18 ;
    %vpi_call 2 161 "$write", "--" {0 0 0};
T_27.19 ;
    %load/vec4 v000002d9e9ba2310_0;
    %parti/s 1, 1, 2;
    %flag_set/vec4 8;
    %jmp/0xz  T_27.20, 8;
    %vpi_call 2 163 "$write", "%02h", &PV<v000002d9e9ba33f0_0, 8, 8> {0 0 0};
    %jmp T_27.21;
T_27.20 ;
    %vpi_call 2 165 "$write", "--" {0 0 0};
T_27.21 ;
    %load/vec4 v000002d9e9ba2310_0;
    %parti/s 1, 0, 2;
    %flag_set/vec4 8;
    %jmp/0xz  T_27.22, 8;
    %vpi_call 2 167 "$write", "%02h", &PV<v000002d9e9ba33f0_0, 0, 8> {0 0 0};
    %jmp T_27.23;
T_27.22 ;
    %vpi_call 2 169 "$write", "--" {0 0 0};
T_27.23 ;
T_27.14 ;
    %load/vec4 v000002d9e9ba1730_0;
    %flag_set/vec4 8;
    %jmp/0xz  T_27.24, 8;
    %vpi_call 2 172 "$write", " s[%08h,%04b]=%08h", v000002d9e9ba1e10_0, v000002d9e9ba2310_0, v000002d9e9ba3c10_0 {0 0 0};
T_27.24 ;
    %load/vec4 v000002d9e9ba2810_0;
    %flag_set/vec4 8;
    %jmp/0xz  T_27.26, 8;
    %vpi_call 2 175 "$write", " TRAP" {0 0 0};
T_27.26 ;
    %vpi_call 2 176 "$display" {0 0 0};
    %load/vec4 v000002d9e9b8bce0_0;
    %flag_set/vec4 8;
    %jmp/0xz  T_27.28, 8;
    %pushi/vec4 0, 0, 32;
    %store/vec4 v000002d9e9ba3530_0, 0, 32;
T_27.28 ;
T_27.2 ;
    %load/vec4 v000002d9e9b8c6e0_0;
    %cmpi/s 40000, 0, 32;
    %flag_or 5, 4; GT is !LE
    %flag_inv 5;
    %jmp/0xz  T_27.30, 5;
    %vpi_call 2 183 "$display", "Program did not halt after 40000 cycles, aborting." {0 0 0};
    %pushi/vec4 0, 0, 32;
    %store/vec4 v000002d9e9ba3530_0, 0, 32;
T_27.30 ;
    %jmp T_27.0;
T_27.1 ;
    %vpi_call 2 188 "$display", "Program halted after %d cycles.", v000002d9e9b8c6e0_0 {0 0 0};
    %vpi_call 2 189 "$display", "Total instructions retired: %d", v000002d9e9ba1a50_0 {0 0 0};
    %load/vec4 v000002d9e9ba1a50_0;
    %cmpi/e 0, 0, 32;
    %jmp/0xz  T_27.32, 4;
    %vpi_call 2 191 "$display", "CPI: invalid (no instructions retired)" {0 0 0};
    %jmp T_27.33;
T_27.32 ;
    %load/vec4 v000002d9e9b8c6e0_0;
    %cvt/rv/s;
    %pushi/real 1073741824, 4066; load=1.00000
    %load/vec4 v000002d9e9ba1a50_0;
    %cvt/rv/s;
    %mul/wr;
    %div/wr;
    %vpi_call 2 193 "$display", "CPI: %f", W<0,r> {0 1 0};
T_27.33 ;
    %vpi_call 2 194 "$finish" {0 0 0};
    %end;
    .thread T_27;
    .scope S_000002d9e9484e30;
T_28 ;
    %pushi/vec4 0, 0, 32;
    %store/vec4 v000002d9e9ba1550_0, 0, 32;
T_28.0 ;
    %load/vec4 v000002d9e9ba1550_0;
    %cmpi/s 40000, 0, 32;
    %jmp/0xz T_28.1, 5;
    %wait E_000002d9e9ab9450;
    %load/vec4 v000002d9e9ba1550_0;
    %addi 1, 0, 32;
    %store/vec4 v000002d9e9ba1550_0, 0, 32;
    %jmp T_28.0;
T_28.1 ;
    %vpi_call 2 203 "$finish" {0 0 0};
    %end;
    .thread T_28;
    .scope S_000002d9e9484e30;
T_29 ;
    %delay 5000, 0;
    %load/vec4 v000002d9e9b8ae80_0;
    %inv;
    %store/vec4 v000002d9e9b8ae80_0, 0, 1;
    %jmp T_29;
    .thread T_29;
# The file index is used to find the file name in the following table.
:file_names 14;
    "N/A";
    "<interactive>";
    "tb\stall_mem_tb.v";
    "rtl\tb_memory.v";
    "rtl\hart.v";
    "rtl\cache.v";
    "rtl\decode.v";
    "lib\imm.v";
    "lib\rf.v";
    "rtl\execute.v";
    "lib\alu.v";
    "lib\alu_control_unit.v";
    "rtl\memory.v";
    "rtl\writeback.v";
