#! /c/Source/iverilog-install/bin/vvp
:ivl_version "12.0 (devel)" "(s20150603-1539-g2693dd32b)";
:ivl_delay_selection "TYPICAL";
:vpi_time_precision - 12;
:vpi_module "D:\iverilog\lib\ivl\system.vpi";
:vpi_module "D:\iverilog\lib\ivl\vhdl_sys.vpi";
:vpi_module "D:\iverilog\lib\ivl\vhdl_textio.vpi";
:vpi_module "D:\iverilog\lib\ivl\v2005_math.vpi";
:vpi_module "D:\iverilog\lib\ivl\va_math.vpi";
S_000001aad1d49f00 .scope module, "hart_tb" "hart_tb" 2 2;
 .timescale -9 -12;
P_000001aad1d0e340 .param/l "DEBUG" 0 2 3, +C4<00000000000000000000000000000000>;
L_000001aad1efb180 .functor BUFZ 1, L_000001aad1efb570, C4<0>, C4<0>, C4<0>;
v000001aad1e2fae0_0 .var "clk", 0 0;
v000001aad1e32ce0_0 .var/i "cycles", 31 0;
v000001aad1e331e0_0 .net "dmem_addr", 31 0, L_000001aad1ef9f20;  1 drivers
v000001aad1e31de0_0 .net "dmem_mask", 3 0, L_000001aad1eb3bb0;  1 drivers
v000001aad1e32f60_0 .net "dmem_rdata", 31 0, L_000001aad1efa8c0;  1 drivers
v000001aad1e31e80_0 .net "dmem_ready", 0 0, L_000001aad1efa310;  1 drivers
v000001aad1e32740_0 .net "dmem_ren", 0 0, L_000001aad1ef8cc0;  1 drivers
v000001aad1e333c0_0 .net "dmem_rvalid", 0 0, L_000001aad1efb570;  1 drivers
v000001aad1e336e0_0 .net "dmem_valid", 0 0, L_000001aad1efb180;  1 drivers
v000001aad1e329c0_0 .net "dmem_wdata", 31 0, L_000001aad1ef9200;  1 drivers
v000001aad1e32600_0 .net "dmem_wdone", 0 0, L_000001aad1efb110;  1 drivers
v000001aad1e31ac0_0 .net "dmem_wen", 0 0, L_000001aad1ef9f90;  1 drivers
v000001aad1e33280_0 .net "halt", 0 0, L_000001aad1ef8940;  1 drivers
v000001aad1e31fc0_0 .var/i "i", 31 0;
v000001aad1e33320_0 .net "imem_raddr", 31 0, L_000001aad1ed1140;  1 drivers
v000001aad1e32a60_0 .net "imem_rdata", 31 0, L_000001aad1efaee0;  1 drivers
v000001aad1e32c40_0 .net "imem_ready", 0 0, L_000001aad1efaf50;  1 drivers
v000001aad1e33780_0 .net "imem_ren", 0 0, L_000001aad1ed1290;  1 drivers
v000001aad1e31200_0 .net "imem_valid", 0 0, L_000001aad1efa620;  1 drivers
v000001aad1e31c00_0 .net "inst", 31 0, L_000001aad1ef8d30;  1 drivers
v000001aad1e31700_0 .net "next_pc", 31 0, L_000001aad1efacb0;  1 drivers
v000001aad1e317a0_0 .var/i "num_instructions", 31 0;
v000001aad1e33460_0 .net "pc", 31 0, L_000001aad1efa230;  1 drivers
v000001aad1e32240_0 .net "rd_waddr", 4 0, L_000001aad1eb46f0;  1 drivers
v000001aad1e322e0_0 .net "rd_wdata", 31 0, L_000001aad1efa4d0;  1 drivers
v000001aad1e324c0_0 .net "retire_dmem_addr", 31 0, L_000001aad1efa5b0;  1 drivers
v000001aad1e327e0_0 .net "retire_dmem_mask", 3 0, L_000001aad1efae00;  1 drivers
v000001aad1e31160_0 .net "retire_dmem_rdata", 31 0, L_000001aad1efb8f0;  1 drivers
v000001aad1e312a0_0 .net "retire_dmem_ren", 0 0, L_000001aad1efa1c0;  1 drivers
v000001aad1e31480_0 .net "retire_dmem_wdata", 31 0, L_000001aad1efa9a0;  1 drivers
v000001aad1e31d40_0 .net "retire_dmem_wen", 0 0, L_000001aad1efb420;  1 drivers
v000001aad1e31f20_0 .net "rs1_raddr", 4 0, L_000001aad1ef8da0;  1 drivers
v000001aad1e31340_0 .net "rs1_rdata", 31 0, L_000001aad1ef95f0;  1 drivers
v000001aad1e32380_0 .net "rs2_raddr", 4 0, L_000001aad1ef93c0;  1 drivers
v000001aad1e32d80_0 .net "rs2_rdata", 31 0, L_000001aad1ef96d0;  1 drivers
v000001aad1e32e20_0 .var "rst", 0 0;
v000001aad1e32ec0_0 .var/i "run", 31 0;
v000001aad1e32880_0 .net "trap", 0 0, L_000001aad1ef88d0;  1 drivers
v000001aad1e33500_0 .net "valid", 0 0, L_000001aad1ef9510;  1 drivers
v000001aad1e33000_0 .var/i "watchdog", 31 0;
E_000001aad1d0f6c0 .event negedge, v000001aad1dbe160_0;
S_000001aad155a220 .scope module, "dut" "hart" 2 34, 3 3 0, S_000001aad1d49f00;
 .timescale -9 -12;
    .port_info 0 /INPUT 1 "i_clk";
    .port_info 1 /INPUT 1 "i_rst";
    .port_info 2 /INPUT 1 "i_imem_ready";
    .port_info 3 /OUTPUT 32 "o_imem_raddr";
    .port_info 4 /OUTPUT 1 "o_imem_ren";
    .port_info 5 /INPUT 1 "i_imem_valid";
    .port_info 6 /INPUT 32 "i_imem_rdata";
    .port_info 7 /INPUT 1 "i_dmem_ready";
    .port_info 8 /OUTPUT 32 "o_dmem_addr";
    .port_info 9 /OUTPUT 1 "o_dmem_ren";
    .port_info 10 /OUTPUT 1 "o_dmem_wen";
    .port_info 11 /OUTPUT 32 "o_dmem_wdata";
    .port_info 12 /OUTPUT 4 "o_dmem_mask";
    .port_info 13 /INPUT 1 "i_dmem_valid";
    .port_info 14 /INPUT 32 "i_dmem_rdata";
    .port_info 15 /OUTPUT 1 "o_retire_valid";
    .port_info 16 /OUTPUT 32 "o_retire_inst";
    .port_info 17 /OUTPUT 1 "o_retire_trap";
    .port_info 18 /OUTPUT 1 "o_retire_halt";
    .port_info 19 /OUTPUT 5 "o_retire_rs1_raddr";
    .port_info 20 /OUTPUT 5 "o_retire_rs2_raddr";
    .port_info 21 /OUTPUT 32 "o_retire_rs1_rdata";
    .port_info 22 /OUTPUT 32 "o_retire_rs2_rdata";
    .port_info 23 /OUTPUT 5 "o_retire_rd_waddr";
    .port_info 24 /OUTPUT 32 "o_retire_rd_wdata";
    .port_info 25 /OUTPUT 32 "o_retire_dmem_addr";
    .port_info 26 /OUTPUT 4 "o_retire_dmem_mask";
    .port_info 27 /OUTPUT 1 "o_retire_dmem_ren";
    .port_info 28 /OUTPUT 1 "o_retire_dmem_wen";
    .port_info 29 /OUTPUT 32 "o_retire_dmem_rdata";
    .port_info 30 /OUTPUT 32 "o_retire_dmem_wdata";
    .port_info 31 /OUTPUT 32 "o_retire_pc";
    .port_info 32 /OUTPUT 32 "o_retire_next_pc";
P_000001aad1cbd770 .param/l "BP_ENTRIES" 1 3 188, +C4<00000000000000000000000010000000>;
P_000001aad1cbd7a8 .param/l "BP_INDEX_W" 1 3 189, +C4<00000000000000000000000000000111>;
P_000001aad1cbd7e0 .param/l "BP_TAG_W" 1 3 190, +C4<00000000000000000000000000010111>;
P_000001aad1cbd818 .param/l "RAS_DEPTH" 1 3 201, +C4<00000000000000000000000000001000>;
P_000001aad1cbd850 .param/l "RESET_ADDR" 0 3 6, C4<00000000000000000000000000000000>;
L_000001aad1cf7050 .functor BUFZ 32, v000001aad1e2c840_0, C4<00000000000000000000000000000000>, C4<00000000000000000000000000000000>, C4<00000000000000000000000000000000>;
L_000001aad1cf7600 .functor BUFZ 32, L_000001aad1efb1f0, C4<00000000000000000000000000000000>, C4<00000000000000000000000000000000>, C4<00000000000000000000000000000000>;
L_000001aad1cf70c0 .functor AND 1, L_000001aad1ea7bd0, L_000001aad1ea7db0, C4<1>, C4<1>;
L_000001aad1cf6e90 .functor NOT 1, L_000001aad1cf38c0, C4<0>, C4<0>, C4<0>;
L_000001aad1cf77c0 .functor AND 1, L_000001aad1ed0d50, L_000001aad1cf6e90, C4<1>, C4<1>;
L_000001aad1cf73d0 .functor NOT 1, L_000001aad1cf70c0, C4<0>, C4<0>, C4<0>;
L_000001aad1cf7750 .functor AND 1, L_000001aad1cf73d0, L_000001aad1cf77c0, C4<1>, C4<1>;
L_000001aad1cf7210 .functor AND 1, L_000001aad1ea71d0, L_000001aad1ea8170, C4<1>, C4<1>;
L_000001aad1cf69c0 .functor OR 1, L_000001aad1ea88f0, L_000001aad1cf7210, C4<0>, C4<0>;
L_000001aad1cf6a30 .functor AND 1, L_000001aad1cf7750, L_000001aad1cf69c0, C4<1>, C4<1>;
L_000001aad1cf7440 .functor OR 1, L_000001aad1cf77c0, L_000001aad1ed11b0, C4<0>, C4<0>;
L_000001aad1cf6cd0 .functor AND 1, L_000001aad1cf7440, L_000001aad1ea88f0, C4<1>, C4<1>;
L_000001aad1cf6b80 .functor OR 1, L_000001aad1ea97f0, L_000001aad1ea9110, C4<0>, C4<0>;
L_000001aad1cf6d40 .functor AND 1, L_000001aad1cf6cd0, L_000001aad1cf6b80, C4<1>, C4<1>;
L_000001aad1cf76e0 .functor AND 1, L_000001aad1cf7440, L_000001aad1ea8df0, C4<1>, C4<1>;
L_000001aad1cf7520 .functor OR 1, L_000001aad1eab370, L_000001aad1ea9e30, C4<0>, C4<0>;
L_000001aad1cf7280 .functor AND 1, L_000001aad1cf76e0, L_000001aad1cf7520, C4<1>, C4<1>;
L_000001aad1cf7590 .functor OR 1, L_000001aad1ea8d50, L_000001aad1ea9430, C4<0>, C4<0>;
L_000001aad1cf7670 .functor AND 1, L_000001aad1cf7280, L_000001aad1cf7590, C4<1>, C4<1>;
L_000001aad1cf6db0 .functor BUFZ 32, L_000001aad1eaadd0, C4<00000000000000000000000000000000>, C4<00000000000000000000000000000000>, C4<00000000000000000000000000000000>;
L_000001aad1cf6f70 .functor AND 1, L_000001aad1cf7670, v000001aad1e2dd80_0, C4<1>, C4<1>;
L_000001aad1cf7130 .functor OR 1, L_000001aad1cf6f70, L_000001aad1eaaab0, C4<0>, C4<0>;
L_000001aad1cf71a0 .functor AND 1, L_000001aad1cf7670, v000001aad1e2dd80_0, C4<1>, C4<1>;
L_000001aad1cf7360 .functor BUFZ 32, L_000001aad1eaa650, C4<00000000000000000000000000000000>, C4<00000000000000000000000000000000>, C4<00000000000000000000000000000000>;
L_000001aad1bb5420 .functor NOT 1, L_000001aad1ed3980, C4<0>, C4<0>, C4<0>;
L_000001aad1bb5dc0 .functor AND 1, v000001aad1e281a0_0, L_000001aad1bb5420, C4<1>, C4<1>;
L_000001aad1bb0100 .functor NOT 1, L_000001aad1ef8fd0, C4<0>, C4<0>, C4<0>;
L_000001aad1bb3660 .functor AND 1, L_000001aad1bb5dc0, L_000001aad1bb0100, C4<1>, C4<1>;
L_000001aad1bb44d0 .functor NOT 1, L_000001aad1ece7b0, C4<0>, C4<0>, C4<0>;
L_000001aad19604d0 .functor AND 1, L_000001aad1bb3660, L_000001aad1bb44d0, C4<1>, C4<1>;
L_000001aad1556740 .functor NOT 1, v000001aad1e281a0_0, C4<0>, C4<0>, C4<0>;
L_000001aad1b16ac0 .functor OR 1, L_000001aad1556740, L_000001aad19604d0, C4<0>, C4<0>;
L_000001aad1ecfbd0 .functor NOT 1, v000001aad1e1fe60_0, C4<0>, C4<0>, C4<0>;
L_000001aad1ecf9a0 .functor NOT 1, v000001aad1e286a0_0, C4<0>, C4<0>, C4<0>;
L_000001aad1ecfc40 .functor AND 1, L_000001aad1ecfbd0, L_000001aad1ecf9a0, C4<1>, C4<1>;
L_000001aad1ecf7e0 .functor AND 1, L_000001aad1ecfc40, L_000001aad1b16ac0, C4<1>, C4<1>;
L_000001aad1ed0c00 .functor NOT 1, L_000001aad1ece7b0, C4<0>, C4<0>, C4<0>;
L_000001aad1ed0d50 .functor AND 1, L_000001aad1ecf7e0, L_000001aad1ed0c00, C4<1>, C4<1>;
L_000001aad1ed0ce0 .functor NOT 1, L_000001aad1cf38c0, C4<0>, C4<0>, C4<0>;
L_000001aad1ed11b0 .functor AND 1, v000001aad1e286a0_0, L_000001aad1ed0ce0, C4<1>, C4<1>;
L_000001aad1ed03b0 .functor NOT 1, L_000001aad1cf38c0, C4<0>, C4<0>, C4<0>;
L_000001aad1ed0dc0 .functor AND 1, L_000001aad1ed0d50, L_000001aad1ed03b0, C4<1>, C4<1>;
L_000001aad1ecfcb0 .functor NOT 1, v000001aad1e272a0_0, C4<0>, C4<0>, C4<0>;
L_000001aad1ed0c70 .functor AND 1, L_000001aad1ed11b0, L_000001aad1ecfcb0, C4<1>, C4<1>;
L_000001aad1ed0f80 .functor NOT 1, L_000001aad1ece7b0, C4<0>, C4<0>, C4<0>;
L_000001aad1ecfd20 .functor AND 1, L_000001aad1ed0c70, L_000001aad1ed0f80, C4<1>, C4<1>;
L_000001aad1ecfaf0 .functor OR 1, L_000001aad1ed0dc0, L_000001aad1ecfd20, C4<0>, C4<0>;
L_000001aad1ecff50 .functor NOT 1, v000001aad1e27480_0, C4<0>, C4<0>, C4<0>;
L_000001aad1ecfe00 .functor AND 1, v000001aad1e286a0_0, L_000001aad1ecff50, C4<1>, C4<1>;
L_000001aad1ed07a0 .functor AND 1, L_000001aad1ea9750, L_000001aad1eaa150, C4<1>, C4<1>;
L_000001aad1ecfa80 .functor OR 1, L_000001aad1eab050, L_000001aad1ed07a0, C4<0>, C4<0>;
L_000001aad1ed06c0 .functor AND 1, L_000001aad1ecfe00, L_000001aad1ecfa80, C4<1>, C4<1>;
L_000001aad1ecfb60 .functor OR 1, v000001aad1e27480_0, L_000001aad1ed06c0, C4<0>, C4<0>;
L_000001aad1ed02d0 .functor AND 1, L_000001aad1ecfaf0, v000001aad1e286a0_0, C4<1>, C4<1>;
L_000001aad1ed0500 .functor AND 1, L_000001aad1ed02d0, L_000001aad1ed06c0, C4<1>, C4<1>;
L_000001aad1ed1300 .functor AND 1, L_000001aad1ecfaf0, L_000001aad1cf6d40, C4<1>, C4<1>;
L_000001aad1ed0ea0 .functor NOT 1, L_000001aad1ece7b0, C4<0>, C4<0>, C4<0>;
L_000001aad1ed0490 .functor AND 1, L_000001aad1ed1300, L_000001aad1ed0ea0, C4<1>, C4<1>;
L_000001aad1ed0420 .functor AND 1, L_000001aad1ecfaf0, L_000001aad1cf7670, C4<1>, C4<1>;
L_000001aad1ecf850 .functor NOT 1, L_000001aad1ece7b0, C4<0>, C4<0>, C4<0>;
L_000001aad1ed08f0 .functor AND 1, L_000001aad1ed0420, L_000001aad1ecf850, C4<1>, C4<1>;
L_000001aad1ed0880 .functor AND 1, L_000001aad1ed08f0, v000001aad1e2dd80_0, C4<1>, C4<1>;
L_000001aad1ed1140 .functor BUFZ 32, L_000001aad1e1bf40, C4<00000000000000000000000000000000>, C4<00000000000000000000000000000000>, C4<00000000000000000000000000000000>;
L_000001aad1ed1290 .functor BUFZ 1, L_000001aad1cf3620, C4<0>, C4<0>, C4<0>;
L_000001aad1ed0570 .functor BUFZ 1, L_000001aad1ecfaf0, C4<0>, C4<0>, C4<0>;
L_000001aad1ed0340 .functor BUFZ 32, L_000001aad1eaad30, C4<00000000000000000000000000000000>, C4<00000000000000000000000000000000>, C4<00000000000000000000000000000000>;
L_000001aad1ed0f10 .functor BUFZ 32, L_000001aad1cf7600, C4<00000000000000000000000000000000>, C4<00000000000000000000000000000000>, C4<00000000000000000000000000000000>;
L_000001aad1ecfd90 .functor BUFZ 1, L_000001aad1ea9890, C4<0>, C4<0>, C4<0>;
L_000001aad1ed0b20 .functor BUFZ 32, L_000001aad1ea9070, C4<00000000000000000000000000000000>, C4<00000000000000000000000000000000>, C4<00000000000000000000000000000000>;
L_000001aad1ed2790 .functor OR 1, L_000001aad1eae4d0, L_000001aad1eb0410, C4<0>, C4<0>;
L_000001aad1ed23a0 .functor OR 1, L_000001aad1ed2790, L_000001aad1eade90, C4<0>, C4<0>;
L_000001aad1ed14c0 .functor OR 1, L_000001aad1ed23a0, L_000001aad1eaf290, C4<0>, C4<0>;
L_000001aad1ed21e0 .functor OR 1, L_000001aad1ed14c0, L_000001aad1eae9d0, C4<0>, C4<0>;
L_000001aad1ed1d80 .functor OR 1, L_000001aad1ed21e0, L_000001aad1eaea70, C4<0>, C4<0>;
L_000001aad1ed1920 .functor OR 1, L_000001aad1eb02d0, L_000001aad1eaeb10, C4<0>, C4<0>;
L_000001aad1ed2330 .functor OR 1, L_000001aad1ed1920, L_000001aad1eafe70, C4<0>, C4<0>;
L_000001aad1ed2950 .functor OR 1, L_000001aad1eae570, L_000001aad1eaebb0, C4<0>, C4<0>;
L_000001aad1ed2db0 .functor BUFZ 32, v000001aad1e25ae0_0, C4<00000000000000000000000000000000>, C4<00000000000000000000000000000000>, C4<00000000000000000000000000000000>;
L_000001aad1ed1530 .functor BUFZ 32, v000001aad1e29500_0, C4<00000000000000000000000000000000>, C4<00000000000000000000000000000000>, C4<00000000000000000000000000000000>;
L_000001aad1ed1680 .functor AND 1, v000001aad1e200e0_0, v000001aad1e204a0_0, C4<1>, C4<1>;
L_000001aad1ed2250 .functor NOT 1, v000001aad1e216c0_0, C4<0>, C4<0>, C4<0>;
L_000001aad1ed2c60 .functor AND 1, L_000001aad1ed1680, L_000001aad1ed2250, C4<1>, C4<1>;
L_000001aad1ed2870 .functor AND 1, L_000001aad1ed2c60, L_000001aad1eafa10, C4<1>, C4<1>;
L_000001aad1ed16f0 .functor AND 1, L_000001aad1ed2870, L_000001aad1eb0190, C4<1>, C4<1>;
L_000001aad1ed22c0 .functor AND 1, v000001aad1e200e0_0, v000001aad1e204a0_0, C4<1>, C4<1>;
L_000001aad1ed28e0 .functor NOT 1, v000001aad1e216c0_0, C4<0>, C4<0>, C4<0>;
L_000001aad1ed1bc0 .functor AND 1, L_000001aad1ed22c0, L_000001aad1ed28e0, C4<1>, C4<1>;
L_000001aad1ed2a30 .functor AND 1, L_000001aad1ed1bc0, L_000001aad1eaf010, C4<1>, C4<1>;
L_000001aad1ed1ca0 .functor AND 1, L_000001aad1ed2a30, L_000001aad1eae070, C4<1>, C4<1>;
L_000001aad1ed1ed0 .functor AND 1, v000001aad1e29dc0_0, v000001aad1e2a860_0, C4<1>, C4<1>;
L_000001aad1ed17d0 .functor NOT 1, L_000001aad1ed16f0, C4<0>, C4<0>, C4<0>;
L_000001aad1ed29c0 .functor AND 1, L_000001aad1ed1ed0, L_000001aad1ed17d0, C4<1>, C4<1>;
L_000001aad1ed2410 .functor AND 1, L_000001aad1ed29c0, L_000001aad1eafc90, C4<1>, C4<1>;
L_000001aad1ed2560 .functor AND 1, L_000001aad1ed2410, L_000001aad1eb04b0, C4<1>, C4<1>;
L_000001aad1ed2480 .functor AND 1, v000001aad1e29dc0_0, v000001aad1e2a860_0, C4<1>, C4<1>;
L_000001aad1ed2f00 .functor NOT 1, L_000001aad1ed1ca0, C4<0>, C4<0>, C4<0>;
L_000001aad1ed2aa0 .functor AND 1, L_000001aad1ed2480, L_000001aad1ed2f00, C4<1>, C4<1>;
L_000001aad1ed1760 .functor AND 1, L_000001aad1ed2aa0, L_000001aad1eae110, C4<1>, C4<1>;
L_000001aad1ed18b0 .functor AND 1, L_000001aad1ed1760, L_000001aad1eae1b0, C4<1>, C4<1>;
L_000001aad1ed2e20 .functor AND 1, v000001aad1e26620_0, v000001aad1e25f40_0, C4<1>, C4<1>;
L_000001aad1ed1990 .functor AND 1, L_000001aad1ed2e20, L_000001aad1eaf970, C4<1>, C4<1>;
L_000001aad1ed1a00 .functor AND 1, L_000001aad1ed1990, L_000001aad1eb0230, C4<1>, C4<1>;
L_000001aad1ed1a70 .functor AND 1, v000001aad1e26620_0, v000001aad1e25f40_0, C4<1>, C4<1>;
L_000001aad1ed1c30 .functor AND 1, L_000001aad1ed1a70, L_000001aad1eaf8d0, C4<1>, C4<1>;
L_000001aad1ed1d10 .functor AND 1, L_000001aad1ed1c30, L_000001aad1eae250, C4<1>, C4<1>;
L_000001aad1ed1df0 .functor AND 1, v000001aad1e281a0_0, L_000001aad1eaddf0, C4<1>, C4<1>;
L_000001aad1ed1e60 .functor AND 1, L_000001aad1ed1d80, L_000001aad1ed1a00, C4<1>, C4<1>;
L_000001aad1ed2020 .functor AND 1, L_000001aad1ed2950, L_000001aad1ed1d10, C4<1>, C4<1>;
L_000001aad1ed2090 .functor OR 1, L_000001aad1ed1e60, L_000001aad1ed2020, C4<0>, C4<0>;
L_000001aad1ed3910 .functor AND 1, L_000001aad1ed1df0, L_000001aad1ed2090, C4<1>, C4<1>;
L_000001aad1ed37c0 .functor XOR 1, L_000001aad1eaf1f0, L_000001aad1eae610, C4<0>, C4<0>;
L_000001aad1ed31a0 .functor NOT 1, L_000001aad1ed3910, C4<0>, C4<0>, C4<0>;
L_000001aad1ed3ad0 .functor AND 1, v000001aad1e281a0_0, L_000001aad1ed31a0, C4<1>, C4<1>;
L_000001aad1ed3c20 .functor NOT 1, L_000001aad1ef8fd0, C4<0>, C4<0>, C4<0>;
L_000001aad1ed36e0 .functor AND 1, L_000001aad1ed3ad0, L_000001aad1ed3c20, C4<1>, C4<1>;
L_000001aad1ed3750 .functor AND 1, L_000001aad1ed36e0, L_000001aad1eaddf0, C4<1>, C4<1>;
L_000001aad1ed3590 .functor NOT 1, L_000001aad1eaff10, C4<0>, C4<0>, C4<0>;
L_000001aad1ed32f0 .functor NOT 1, L_000001aad1eafab0, C4<0>, C4<0>, C4<0>;
L_000001aad1ed3d00 .functor NOT 1, L_000001aad1eaec50, C4<0>, C4<0>, C4<0>;
L_000001aad1ed38a0 .functor AND 1, L_000001aad1ed3750, L_000001aad1eaf3d0, C4<1>, C4<1>;
L_000001aad1ed2f70 .functor NOT 1, L_000001aad1ef8fd0, C4<0>, C4<0>, C4<0>;
L_000001aad1ed3830 .functor AND 1, v000001aad1e281a0_0, L_000001aad1ed2f70, C4<1>, C4<1>;
L_000001aad1ed3a60 .functor AND 1, L_000001aad1ed3830, L_000001aad1eaf830, C4<1>, C4<1>;
L_000001aad1ed3280 .functor OR 1, L_000001aad1ed38a0, L_000001aad1ed3a60, C4<0>, C4<0>;
L_000001aad1ed3210 .functor AND 1, L_000001aad1ed3280, L_000001aad1eaf470, C4<1>, C4<1>;
L_000001aad1ed3b40 .functor NOT 1, L_000001aad1ed3910, C4<0>, C4<0>, C4<0>;
L_000001aad1ed34b0 .functor AND 1, v000001aad1e281a0_0, L_000001aad1ed3b40, C4<1>, C4<1>;
L_000001aad1ed3e50 .functor NOT 1, L_000001aad1ef8fd0, C4<0>, C4<0>, C4<0>;
L_000001aad1ed3520 .functor AND 1, L_000001aad1ed34b0, L_000001aad1ed3e50, C4<1>, C4<1>;
L_000001aad1ed3670 .functor OR 1, L_000001aad1eaddf0, L_000001aad1eaf830, C4<0>, C4<0>;
L_000001aad1ed3360 .functor AND 1, L_000001aad1ed3520, L_000001aad1ed3670, C4<1>, C4<1>;
L_000001aad1ed3c90 .functor NOT 1, L_000001aad1ed3210, C4<0>, C4<0>, C4<0>;
L_000001aad1ed2fe0 .functor AND 1, L_000001aad1ed3360, L_000001aad1ed3c90, C4<1>, C4<1>;
L_000001aad1ed33d0 .functor AND 1, L_000001aad1ed2fe0, L_000001aad1eaf5b0, C4<1>, C4<1>;
L_000001aad1e40800 .functor BUFT 1, C4<0>, C4<0>, C4<0>, C4<0>;
L_000001aad1e40848 .functor BUFT 1, C4<0>, C4<0>, C4<0>, C4<0>;
L_000001aad1ed3440 .functor OR 1, L_000001aad1e40800, L_000001aad1e40848, C4<0>, C4<0>;
L_000001aad1e40890 .functor BUFT 1, C4<0>, C4<0>, C4<0>, C4<0>;
L_000001aad1ed3050 .functor OR 1, L_000001aad1ed3440, L_000001aad1e40890, C4<0>, C4<0>;
L_000001aad1ed3980 .functor OR 1, L_000001aad1ed3050, L_000001aad1ed3910, C4<0>, C4<0>;
L_000001aad1ed30c0 .functor BUFZ 1, v000001aad1e281a0_0, C4<0>, C4<0>, C4<0>;
L_000001aad1ed3de0 .functor BUFZ 32, v000001aad1e25ae0_0, C4<00000000000000000000000000000000>, C4<00000000000000000000000000000000>, C4<00000000000000000000000000000000>;
L_000001aad1ed3130 .functor BUFZ 32, v000001aad1e29500_0, C4<00000000000000000000000000000000>, C4<00000000000000000000000000000000>, C4<00000000000000000000000000000000>;
L_000001aad1ed3d70 .functor BUFZ 32, v000001aad1e259a0_0, C4<00000000000000000000000000000000>, C4<00000000000000000000000000000000>, C4<00000000000000000000000000000000>;
L_000001aad1ed3bb0 .functor BUFZ 5, L_000001aad1ead3f0, C4<00000>, C4<00000>, C4<00000>;
L_000001aad1ed3600 .functor BUFZ 5, L_000001aad1eac810, C4<00000>, C4<00000>, C4<00000>;
L_000001aad1ed39f0 .functor BUFZ 5, L_000001aad1eac6d0, C4<00000>, C4<00000>, C4<00000>;
L_000001aad1ecd390 .functor BUFZ 32, L_000001aad1eab7d0, C4<00000000000000000000000000000000>, C4<00000000000000000000000000000000>, C4<00000000000000000000000000000000>;
L_000001aad1ecd400 .functor BUFZ 32, L_000001aad1eac630, C4<00000000000000000000000000000000>, C4<00000000000000000000000000000000>, C4<00000000000000000000000000000000>;
L_000001aad1ecd240 .functor BUFZ 32, L_000001aad1eaeed0, C4<00000000000000000000000000000000>, C4<00000000000000000000000000000000>, C4<00000000000000000000000000000000>;
L_000001aad1eccec0 .functor BUFZ 1, L_000001aad1ed0110, C4<0>, C4<0>, C4<0>;
L_000001aad1ecd710 .functor BUFZ 1, L_000001aad1ecfa10, C4<0>, C4<0>, C4<0>;
L_000001aad1ecc6e0 .functor BUFZ 3, L_000001aad1eac130, C4<000>, C4<000>, C4<000>;
L_000001aad1ecc750 .functor BUFZ 1, L_000001aad1ed0180, C4<0>, C4<0>, C4<0>;
L_000001aad1ecd6a0 .functor BUFZ 1, L_000001aad1ed01f0, C4<0>, C4<0>, C4<0>;
L_000001aad1eccc90 .functor BUFZ 1, L_000001aad1ed0260, C4<0>, C4<0>, C4<0>;
L_000001aad1ecd630 .functor BUFZ 1, L_000001aad1ed1ae0, C4<0>, C4<0>, C4<0>;
L_000001aad1ecc440 .functor BUFZ 1, L_000001aad1ed24f0, C4<0>, C4<0>, C4<0>;
L_000001aad1ecc520 .functor BUFZ 1, L_000001aad1ed2b10, C4<0>, C4<0>, C4<0>;
L_000001aad1ecd2b0 .functor BUFZ 1, L_000001aad1ed26b0, C4<0>, C4<0>, C4<0>;
L_000001aad1eccad0 .functor BUFZ 1, L_000001aad1ed2800, C4<0>, C4<0>, C4<0>;
L_000001aad1ecd080 .functor BUFZ 1, L_000001aad1ed0030, C4<0>, C4<0>, C4<0>;
L_000001aad1ecc590 .functor BUFZ 1, L_000001aad1ed0730, C4<0>, C4<0>, C4<0>;
L_000001aad1eccde0 .functor BUFZ 1, v000001aad1e282e0_0, C4<0>, C4<0>, C4<0>;
L_000001aad1ecd550 .functor BUFZ 32, v000001aad1e28420_0, C4<00000000000000000000000000000000>, C4<00000000000000000000000000000000>, C4<00000000000000000000000000000000>;
L_000001aad1eccd00 .functor BUFZ 32, L_000001aad1eb4650, C4<00000000000000000000000000000000>, C4<00000000000000000000000000000000>, C4<00000000000000000000000000000000>;
L_000001aad1eccd70 .functor AND 1, v000001aad1e200e0_0, v000001aad1e21bc0_0, C4<1>, C4<1>;
L_000001aad1ecdb00 .functor NOT 1, L_000001aad1ef89b0, C4<0>, C4<0>, C4<0>;
L_000001aad1ecbfe0 .functor AND 1, L_000001aad1eccd70, L_000001aad1ecdb00, C4<1>, C4<1>;
L_000001aad1ecc0c0 .functor OR 1, v000001aad1e20c20_0, L_000001aad1ef9430, C4<0>, C4<0>;
L_000001aad1ecd8d0 .functor AND 1, L_000001aad1ecbfe0, L_000001aad1ecc0c0, C4<1>, C4<1>;
L_000001aad1ecc7c0 .functor NOT 1, L_000001aad1cf72f0, C4<0>, C4<0>, C4<0>;
L_000001aad1eccf30 .functor AND 1, L_000001aad1ecd8d0, L_000001aad1ecc7c0, C4<1>, C4<1>;
L_000001aad1ecd1d0 .functor AND 1, v000001aad1e26620_0, v000001aad1e200e0_0, C4<1>, C4<1>;
L_000001aad1ecd7f0 .functor AND 1, L_000001aad1ecd1d0, v000001aad1e204a0_0, C4<1>, C4<1>;
L_000001aad1ecc4b0 .functor NOT 1, v000001aad1e216c0_0, C4<0>, C4<0>, C4<0>;
L_000001aad1eccc20 .functor AND 1, L_000001aad1ecd7f0, L_000001aad1ecc4b0, C4<1>, C4<1>;
L_000001aad1eccfa0 .functor AND 1, L_000001aad1eccc20, L_000001aad1eb1e50, C4<1>, C4<1>;
L_000001aad1ecda20 .functor AND 1, L_000001aad1eccfa0, L_000001aad1eb1810, C4<1>, C4<1>;
L_000001aad1eccb40 .functor AND 1, v000001aad1e26620_0, v000001aad1e200e0_0, C4<1>, C4<1>;
L_000001aad1ecd320 .functor AND 1, L_000001aad1eccb40, v000001aad1e204a0_0, C4<1>, C4<1>;
L_000001aad1ecd780 .functor NOT 1, v000001aad1e216c0_0, C4<0>, C4<0>, C4<0>;
L_000001aad1ecd470 .functor AND 1, L_000001aad1ecd320, L_000001aad1ecd780, C4<1>, C4<1>;
L_000001aad1ecd4e0 .functor AND 1, L_000001aad1ecd470, L_000001aad1eb2210, C4<1>, C4<1>;
L_000001aad1ecda90 .functor AND 1, L_000001aad1ecd4e0, L_000001aad1eb0cd0, C4<1>, C4<1>;
L_000001aad1ecc600 .functor AND 1, v000001aad1e26620_0, L_000001aad1eccf30, C4<1>, C4<1>;
L_000001aad1ecc050 .functor AND 1, L_000001aad1ecc600, v000001aad1e204a0_0, C4<1>, C4<1>;
L_000001aad1ecd010 .functor AND 1, L_000001aad1ecc050, v000001aad1e216c0_0, C4<1>, C4<1>;
L_000001aad1ecc830 .functor AND 1, L_000001aad1ecd010, L_000001aad1eb0e10, C4<1>, C4<1>;
L_000001aad1ecd160 .functor AND 1, L_000001aad1ecc830, L_000001aad1eb1db0, C4<1>, C4<1>;
L_000001aad1ecd5c0 .functor AND 1, v000001aad1e26620_0, L_000001aad1eccf30, C4<1>, C4<1>;
L_000001aad1ecc8a0 .functor AND 1, L_000001aad1ecd5c0, v000001aad1e204a0_0, C4<1>, C4<1>;
L_000001aad1ecd9b0 .functor AND 1, L_000001aad1ecc8a0, v000001aad1e216c0_0, C4<1>, C4<1>;
L_000001aad1ecd860 .functor AND 1, L_000001aad1ecd9b0, L_000001aad1eb2ad0, C4<1>, C4<1>;
L_000001aad1ecc670 .functor AND 1, L_000001aad1ecd860, L_000001aad1eb0d70, C4<1>, C4<1>;
L_000001aad1ecc9f0 .functor AND 1, v000001aad1e26620_0, v000001aad1e29dc0_0, C4<1>, C4<1>;
L_000001aad1ecd940 .functor AND 1, L_000001aad1ecc9f0, v000001aad1e2a860_0, C4<1>, C4<1>;
L_000001aad1ecc910 .functor AND 1, L_000001aad1ecd940, L_000001aad1eb1770, C4<1>, C4<1>;
L_000001aad1ecc3d0 .functor NOT 1, L_000001aad1ecda20, C4<0>, C4<0>, C4<0>;
L_000001aad1ecc130 .functor AND 1, L_000001aad1ecc910, L_000001aad1ecc3d0, C4<1>, C4<1>;
L_000001aad1eccbb0 .functor NOT 1, L_000001aad1ecd160, C4<0>, C4<0>, C4<0>;
L_000001aad1ecbf70 .functor AND 1, L_000001aad1ecc130, L_000001aad1eccbb0, C4<1>, C4<1>;
L_000001aad1ecc1a0 .functor AND 1, L_000001aad1ecbf70, L_000001aad1eb1bd0, C4<1>, C4<1>;
L_000001aad1ecc280 .functor AND 1, v000001aad1e26620_0, v000001aad1e29dc0_0, C4<1>, C4<1>;
L_000001aad1ecce50 .functor AND 1, L_000001aad1ecc280, v000001aad1e2a860_0, C4<1>, C4<1>;
L_000001aad1ecd0f0 .functor AND 1, L_000001aad1ecce50, L_000001aad1eb18b0, C4<1>, C4<1>;
L_000001aad1ecc210 .functor NOT 1, L_000001aad1ecda90, C4<0>, C4<0>, C4<0>;
L_000001aad1ecc2f0 .functor AND 1, L_000001aad1ecd0f0, L_000001aad1ecc210, C4<1>, C4<1>;
L_000001aad1ecc360 .functor NOT 1, L_000001aad1ecc670, C4<0>, C4<0>, C4<0>;
L_000001aad1ecc980 .functor AND 1, L_000001aad1ecc2f0, L_000001aad1ecc360, C4<1>, C4<1>;
L_000001aad1ecca60 .functor AND 1, L_000001aad1ecc980, L_000001aad1eb2350, C4<1>, C4<1>;
L_000001aad1ece4a0 .functor BUFZ 32, L_000001aad1eb1630, C4<00000000000000000000000000000000>, C4<00000000000000000000000000000000>, C4<00000000000000000000000000000000>;
L_000001aad1ecdef0 .functor NOT 1, L_000001aad1ef8fd0, C4<0>, C4<0>, C4<0>;
L_000001aad1ecf5b0 .functor AND 1, v000001aad1e26620_0, L_000001aad1ecdef0, C4<1>, C4<1>;
L_000001aad1ecec80 .functor AND 1, L_000001aad1ecf5b0, v000001aad1e22fc0_0, C4<1>, C4<1>;
L_000001aad1ece510 .functor NOT 1, L_000001aad1eb1ef0, C4<0>, C4<0>, C4<0>;
L_000001aad1ecf620 .functor NOT 1, L_000001aad1ece890, C4<0>, C4<0>, C4<0>;
L_000001aad1eceb30 .functor NOT 1, L_000001aad1ece890, C4<0>, C4<0>, C4<0>;
L_000001aad1ecf690 .functor AND 1, L_000001aad1ecec80, L_000001aad1eb0a50, C4<1>, C4<1>;
L_000001aad1ece580 .functor NOT 1, L_000001aad1ef8fd0, C4<0>, C4<0>, C4<0>;
L_000001aad1ece120 .functor AND 1, v000001aad1e26620_0, L_000001aad1ece580, C4<1>, C4<1>;
L_000001aad1ece270 .functor AND 1, L_000001aad1ece120, v000001aad1e222a0_0, C4<1>, C4<1>;
L_000001aad1eceba0 .functor OR 1, L_000001aad1ecf690, L_000001aad1ece270, C4<0>, C4<0>;
L_000001aad1ecdf60 .functor AND 1, L_000001aad1eceba0, L_000001aad1eb4470, C4<1>, C4<1>;
L_000001aad1ecf150 .functor NOT 1, L_000001aad1ecdf60, C4<0>, C4<0>, C4<0>;
L_000001aad1ecf3f0 .functor AND 1, L_000001aad1eceba0, L_000001aad1ecf150, C4<1>, C4<1>;
L_000001aad1ecf380 .functor NOT 1, L_000001aad1ef8fd0, C4<0>, C4<0>, C4<0>;
L_000001aad1ecdb70 .functor AND 1, v000001aad1e26620_0, L_000001aad1ecf380, C4<1>, C4<1>;
L_000001aad1ecdfd0 .functor NOT 1, L_000001aad1ecdf60, C4<0>, C4<0>, C4<0>;
L_000001aad1eceac0 .functor AND 1, L_000001aad1ecdb70, L_000001aad1ecdfd0, C4<1>, C4<1>;
L_000001aad1ece7b0 .functor AND 1, L_000001aad1eceac0, L_000001aad1eb3f70, C4<1>, C4<1>;
L_000001aad1ecf230 .functor NOT 1, L_000001aad1ef8fd0, C4<0>, C4<0>, C4<0>;
L_000001aad1ecee40 .functor AND 1, v000001aad1e26620_0, L_000001aad1ecf230, C4<1>, C4<1>;
L_000001aad1ece5f0 .functor OR 1, v000001aad1e22fc0_0, v000001aad1e222a0_0, C4<0>, C4<0>;
L_000001aad1ecf1c0 .functor AND 1, L_000001aad1ecee40, L_000001aad1ece5f0, C4<1>, C4<1>;
L_000001aad1ecec10 .functor NOT 1, v000001aad1e24000_0, C4<0>, C4<0>, C4<0>;
L_000001aad1ece2e0 .functor AND 1, L_000001aad1ecf1c0, L_000001aad1ecec10, C4<1>, C4<1>;
L_000001aad1ecdc50 .functor NOT 1, v000001aad1e24640_0, C4<0>, C4<0>, C4<0>;
L_000001aad1ece900 .functor AND 1, L_000001aad1ece2e0, L_000001aad1ecdc50, C4<1>, C4<1>;
L_000001aad1ece660 .functor NOT 1, L_000001aad1ecdf60, C4<0>, C4<0>, C4<0>;
L_000001aad1ece190 .functor AND 1, L_000001aad1ece900, L_000001aad1ece660, C4<1>, C4<1>;
L_000001aad1ececf0 .functor BUFZ 1, v000001aad1e26620_0, C4<0>, C4<0>, C4<0>;
L_000001aad1ecde10 .functor BUFZ 32, v000001aad1e23e20_0, C4<00000000000000000000000000000000>, C4<00000000000000000000000000000000>, C4<00000000000000000000000000000000>;
L_000001aad1ecedd0 .functor BUFZ 32, v000001aad1e24780_0, C4<00000000000000000000000000000000>, C4<00000000000000000000000000000000>, C4<00000000000000000000000000000000>;
L_000001aad1ece6d0 .functor BUFZ 32, L_000001aad1eb3ed0, C4<00000000000000000000000000000000>, C4<00000000000000000000000000000000>, C4<00000000000000000000000000000000>;
L_000001aad1ece3c0 .functor BUFZ 32, v000001aad1e22ac0_0, C4<00000000000000000000000000000000>, C4<00000000000000000000000000000000>, C4<00000000000000000000000000000000>;
L_000001aad1ece0b0 .functor BUFZ 5, v000001aad1e26440_0, C4<00000>, C4<00000>, C4<00000>;
L_000001aad1ece350 .functor BUFZ 5, v000001aad1e26760_0, C4<00000>, C4<00000>, C4<00000>;
L_000001aad1ece740 .functor BUFZ 5, v000001aad1e24fa0_0, C4<00000>, C4<00000>, C4<00000>;
L_000001aad1ecdcc0 .functor BUFZ 32, L_000001aad1eb20d0, C4<00000000000000000000000000000000>, C4<00000000000000000000000000000000>, C4<00000000000000000000000000000000>;
L_000001aad1ecf460 .functor BUFZ 32, L_000001aad1eb1630, C4<00000000000000000000000000000000>, C4<00000000000000000000000000000000>, C4<00000000000000000000000000000000>;
L_000001aad1ecef90 .functor BUFZ 32, v000001aad1e23a60_0, C4<00000000000000000000000000000000>, C4<00000000000000000000000000000000>, C4<00000000000000000000000000000000>;
L_000001aad1eceeb0 .functor BUFZ 32, v000001aad1de2250_0, C4<00000000000000000000000000000000>, C4<00000000000000000000000000000000>, C4<00000000000000000000000000000000>;
L_000001aad1ece970 .functor BUFZ 32, L_000001aad1ece4a0, C4<00000000000000000000000000000000>, C4<00000000000000000000000000000000>, C4<00000000000000000000000000000000>;
L_000001aad1ecf700 .functor BUFZ 3, v000001aad1e23920_0, C4<000>, C4<000>, C4<000>;
L_000001aad1ecf540 .functor BUFZ 1, v000001aad1e22660_0, C4<0>, C4<0>, C4<0>;
L_000001aad1eced60 .functor BUFZ 1, v000001aad1e23420_0, C4<0>, C4<0>, C4<0>;
L_000001aad1ecef20 .functor BUFZ 1, v000001aad1e225c0_0, C4<0>, C4<0>, C4<0>;
L_000001aad1ecdd30 .functor BUFZ 1, v000001aad1e246e0_0, C4<0>, C4<0>, C4<0>;
L_000001aad1ecf4d0 .functor BUFZ 1, v000001aad1e222a0_0, C4<0>, C4<0>, C4<0>;
L_000001aad1ecf000 .functor BUFZ 1, v000001aad1e25f40_0, C4<0>, C4<0>, C4<0>;
L_000001aad1ecf2a0 .functor BUFZ 1, v000001aad1e24000_0, C4<0>, C4<0>, C4<0>;
L_000001aad1ecdda0 .functor BUFZ 1, L_000001aad1ecdf60, C4<0>, C4<0>, C4<0>;
L_000001aad1ece040 .functor BUFZ 1, v000001aad1e24640_0, C4<0>, C4<0>, C4<0>;
L_000001aad1ef8780 .functor AND 1, v000001aad1e200e0_0, v000001aad1e21bc0_0, C4<1>, C4<1>;
L_000001aad1ef9ac0 .functor AND 1, v000001aad1e200e0_0, v000001aad1e219e0_0, C4<1>, C4<1>;
L_000001aad1ef8a20 .functor AND 1, v000001aad1e29dc0_0, v000001aad1e2bd00_0, C4<1>, C4<1>;
L_000001aad1ef8630 .functor AND 1, L_000001aad1ef8a20, v000001aad1e200e0_0, C4<1>, C4<1>;
L_000001aad1ef9c80 .functor AND 1, L_000001aad1ef8630, v000001aad1e219e0_0, C4<1>, C4<1>;
L_000001aad1ef9900 .functor AND 1, L_000001aad1ef9c80, L_000001aad1eb3390, C4<1>, C4<1>;
L_000001aad1ef92e0 .functor AND 1, L_000001aad1ef9900, L_000001aad1eb39d0, C4<1>, C4<1>;
L_000001aad1efa070 .functor OR 1, v000001aad1e21bc0_0, v000001aad1e219e0_0, C4<0>, C4<0>;
L_000001aad1ef9970 .functor AND 1, v000001aad1e200e0_0, L_000001aad1efa070, C4<1>, C4<1>;
L_000001aad1ef97b0 .functor NOT 1, L_000001aad1ef89b0, C4<0>, C4<0>, C4<0>;
L_000001aad1ef87f0 .functor AND 1, L_000001aad1ef9970, L_000001aad1ef97b0, C4<1>, C4<1>;
L_000001aad1ef9120 .functor NOT 1, v000001aad1e20c20_0, C4<0>, C4<0>, C4<0>;
L_000001aad1ef9430 .functor AND 1, L_000001aad1ef87f0, L_000001aad1ef9120, C4<1>, C4<1>;
L_000001aad1ef94a0 .functor AND 1, v000001aad1e200e0_0, v000001aad1e21bc0_0, C4<1>, C4<1>;
L_000001aad1ef8e10 .functor NOT 1, L_000001aad1ef89b0, C4<0>, C4<0>, C4<0>;
L_000001aad1ef8860 .functor AND 1, L_000001aad1ef94a0, L_000001aad1ef8e10, C4<1>, C4<1>;
L_000001aad1ef8e80 .functor OR 1, v000001aad1e20c20_0, L_000001aad1ef9430, C4<0>, C4<0>;
L_000001aad1ef8f60 .functor AND 1, L_000001aad1ef8860, L_000001aad1ef8e80, C4<1>, C4<1>;
L_000001aad1ef8ef0 .functor NOT 1, L_000001aad1cf72f0, C4<0>, C4<0>, C4<0>;
L_000001aad1ef9d60 .functor AND 1, L_000001aad1ef8f60, L_000001aad1ef8ef0, C4<1>, C4<1>;
L_000001aad1ef8b00 .functor NOT 1, L_000001aad1ef87f0, C4<0>, C4<0>, C4<0>;
L_000001aad1ef8b70 .functor NOT 1, L_000001aad1cf72f0, C4<0>, C4<0>, C4<0>;
L_000001aad1ef9e40 .functor OR 1, L_000001aad1ef8b00, L_000001aad1ef8b70, C4<0>, C4<0>;
L_000001aad1ef9eb0 .functor AND 1, v000001aad1e200e0_0, L_000001aad1ef9e40, C4<1>, C4<1>;
L_000001aad1ef8be0 .functor NOT 1, L_000001aad1ef9eb0, C4<0>, C4<0>, C4<0>;
L_000001aad1ef8fd0 .functor AND 1, v000001aad1e200e0_0, L_000001aad1ef8be0, C4<1>, C4<1>;
L_000001aad1ef9ba0 .functor AND 1, L_000001aad1ef9b30, L_000001aad1ef9430, C4<1>, C4<1>;
L_000001aad1ef9040 .functor AND 1, L_000001aad1ef86a0, L_000001aad1ef9430, C4<1>, C4<1>;
L_000001aad1ef9660 .functor BUFZ 1, L_000001aad1ef9ba0, C4<0>, C4<0>, C4<0>;
L_000001aad1ef8c50 .functor BUFZ 1, L_000001aad1ef9040, C4<0>, C4<0>, C4<0>;
L_000001aad1ef9f20 .functor BUFZ 32, L_000001aad1ea8350, C4<00000000000000000000000000000000>, C4<00000000000000000000000000000000>, C4<00000000000000000000000000000000>;
L_000001aad1ef9190 .functor OR 1, L_000001aad1cf4ea0, L_000001aad1cf5760, C4<0>, C4<0>;
L_000001aad1ef9200 .functor BUFZ 32, L_000001aad1ea65f0, C4<00000000000000000000000000000000>, C4<00000000000000000000000000000000>, C4<00000000000000000000000000000000>;
L_000001aad1ef8cc0 .functor BUFZ 1, L_000001aad1cf4ea0, C4<0>, C4<0>, C4<0>;
L_000001aad1ef9f90 .functor BUFZ 1, L_000001aad1cf5760, C4<0>, C4<0>, C4<0>;
L_000001aad1ef9270 .functor BUFZ 1, L_000001aad1ef9eb0, C4<0>, C4<0>, C4<0>;
L_000001aad1ef8550 .functor OR 1, v000001aad1e2b3a0_0, v000001aad1e29f00_0, C4<0>, C4<0>;
L_000001aad1ef9350 .functor OR 1, L_000001aad1ef8550, v000001aad1e2b620_0, C4<0>, C4<0>;
L_000001aad1ef99e0 .functor AND 1, v000001aad1e29dc0_0, v000001aad1e2a860_0, C4<1>, C4<1>;
L_000001aad1ef9580 .functor NOT 1, L_000001aad1ef9350, C4<0>, C4<0>, C4<0>;
L_000001aad1ef85c0 .functor AND 1, L_000001aad1ef99e0, L_000001aad1ef9580, C4<1>, C4<1>;
L_000001aad1ef9820 .functor AND 1, v000001aad1e29dc0_0, v000001aad1e2aae0_0, C4<1>, C4<1>;
L_000001aad1ef9510 .functor BUFZ 1, v000001aad1e29dc0_0, C4<0>, C4<0>, C4<0>;
L_000001aad1ef8d30 .functor BUFZ 32, v000001aad1e2bc60_0, C4<00000000000000000000000000000000>, C4<00000000000000000000000000000000>, C4<00000000000000000000000000000000>;
L_000001aad1ef88d0 .functor AND 1, v000001aad1e29dc0_0, L_000001aad1ef9350, C4<1>, C4<1>;
L_000001aad1ef8940 .functor BUFZ 1, L_000001aad1ef9820, C4<0>, C4<0>, C4<0>;
L_000001aad1ef8da0 .functor BUFZ 5, v000001aad1e2b760_0, C4<00000>, C4<00000>, C4<00000>;
L_000001aad1ef93c0 .functor BUFZ 5, v000001aad1e29fa0_0, C4<00000>, C4<00000>, C4<00000>;
L_000001aad1ef95f0 .functor BUFZ 32, v000001aad1e2b8a0_0, C4<00000000000000000000000000000000>, C4<00000000000000000000000000000000>, C4<00000000000000000000000000000000>;
L_000001aad1ef96d0 .functor BUFZ 32, v000001aad1e29be0_0, C4<00000000000000000000000000000000>, C4<00000000000000000000000000000000>, C4<00000000000000000000000000000000>;
L_000001aad1efa4d0 .functor BUFZ 32, L_000001aad1eb4650, C4<00000000000000000000000000000000>, C4<00000000000000000000000000000000>, C4<00000000000000000000000000000000>;
L_000001aad1efa5b0 .functor BUFZ 32, v000001aad1e2a040_0, C4<00000000000000000000000000000000>, C4<00000000000000000000000000000000>, C4<00000000000000000000000000000000>;
L_000001aad1efa1c0 .functor BUFZ 1, v000001aad1e2b580_0, C4<0>, C4<0>, C4<0>;
L_000001aad1efb420 .functor BUFZ 1, v000001aad1e2bda0_0, C4<0>, C4<0>, C4<0>;
L_000001aad1efae00 .functor BUFZ 4, v000001aad1e2ab80_0, C4<0000>, C4<0000>, C4<0000>;
L_000001aad1efa9a0 .functor BUFZ 32, v000001aad1e2afe0_0, C4<00000000000000000000000000000000>, C4<00000000000000000000000000000000>, C4<00000000000000000000000000000000>;
L_000001aad1efb8f0 .functor BUFZ 32, v000001aad1e2c020_0, C4<00000000000000000000000000000000>, C4<00000000000000000000000000000000>, C4<00000000000000000000000000000000>;
L_000001aad1efa230 .functor BUFZ 32, v000001aad1e2acc0_0, C4<00000000000000000000000000000000>, C4<00000000000000000000000000000000>, C4<00000000000000000000000000000000>;
L_000001aad1efacb0 .functor BUFZ 32, v000001aad1e2a180_0, C4<00000000000000000000000000000000>, C4<00000000000000000000000000000000>, C4<00000000000000000000000000000000>;
v000001aad1df2f50_0 .net *"_ivl_1003", 1 0, L_000001aad1eb0af0;  1 drivers
v000001aad1df1970_0 .net *"_ivl_1005", 0 0, L_000001aad1eb4470;  1 drivers
v000001aad1df13d0_0 .net *"_ivl_1008", 0 0, L_000001aad1ecf150;  1 drivers
v000001aad1df16f0_0 .net *"_ivl_1016", 0 0, L_000001aad1ecf380;  1 drivers
v000001aad1df2eb0_0 .net *"_ivl_1018", 0 0, L_000001aad1ecdb70;  1 drivers
v000001aad1df2ff0_0 .net *"_ivl_1020", 0 0, L_000001aad1ecdfd0;  1 drivers
v000001aad1df2370_0 .net *"_ivl_1022", 0 0, L_000001aad1eceac0;  1 drivers
v000001aad1df1e70_0 .net *"_ivl_1024", 0 0, L_000001aad1eb3f70;  1 drivers
v000001aad1df31d0_0 .net *"_ivl_1028", 0 0, L_000001aad1ecf230;  1 drivers
v000001aad1df1dd0_0 .net *"_ivl_1030", 0 0, L_000001aad1ecee40;  1 drivers
v000001aad1df3090_0 .net *"_ivl_1032", 0 0, L_000001aad1ece5f0;  1 drivers
v000001aad1df1f10_0 .net *"_ivl_1034", 0 0, L_000001aad1ecf1c0;  1 drivers
v000001aad1df3770_0 .net *"_ivl_1036", 0 0, L_000001aad1ecec10;  1 drivers
v000001aad1df1ab0_0 .net *"_ivl_1038", 0 0, L_000001aad1ece2e0;  1 drivers
v000001aad1df18d0_0 .net *"_ivl_104", 0 0, L_000001aad1cf6cd0;  1 drivers
v000001aad1df27d0_0 .net *"_ivl_1040", 0 0, L_000001aad1ecdc50;  1 drivers
v000001aad1df3590_0 .net *"_ivl_1042", 0 0, L_000001aad1ece900;  1 drivers
v000001aad1df3130_0 .net *"_ivl_1044", 0 0, L_000001aad1ece660;  1 drivers
L_000001aad1e3f138 .functor BUFT 1, C4<00001>, C4<0>, C4<0>, C4<0>;
v000001aad1df2190_0 .net/2u *"_ivl_106", 4 0, L_000001aad1e3f138;  1 drivers
v000001aad1df3270_0 .net *"_ivl_108", 0 0, L_000001aad1ea97f0;  1 drivers
L_000001aad1e3f180 .functor BUFT 1, C4<00101>, C4<0>, C4<0>, C4<0>;
v000001aad1df1830_0 .net/2u *"_ivl_110", 4 0, L_000001aad1e3f180;  1 drivers
v000001aad1df22d0_0 .net *"_ivl_1102", 0 0, L_000001aad1ef8a20;  1 drivers
v000001aad1df2230_0 .net *"_ivl_1104", 0 0, L_000001aad1ef8630;  1 drivers
v000001aad1df2870_0 .net *"_ivl_1106", 0 0, L_000001aad1ef9c80;  1 drivers
L_000001aad1e410b8 .functor BUFT 1, C4<00000>, C4<0>, C4<0>, C4<0>;
v000001aad1df1fb0_0 .net/2u *"_ivl_1108", 4 0, L_000001aad1e410b8;  1 drivers
v000001aad1df1510_0 .net *"_ivl_1110", 0 0, L_000001aad1eb3390;  1 drivers
v000001aad1df2050_0 .net *"_ivl_1112", 0 0, L_000001aad1ef9900;  1 drivers
v000001aad1df3310_0 .net *"_ivl_1114", 0 0, L_000001aad1eb39d0;  1 drivers
v000001aad1df20f0_0 .net *"_ivl_112", 0 0, L_000001aad1ea9110;  1 drivers
v000001aad1df1a10_0 .net *"_ivl_1120", 0 0, L_000001aad1efa070;  1 drivers
v000001aad1df1d30_0 .net *"_ivl_1122", 0 0, L_000001aad1ef9970;  1 drivers
v000001aad1df2a50_0 .net *"_ivl_1124", 0 0, L_000001aad1ef97b0;  1 drivers
v000001aad1df34f0_0 .net *"_ivl_1128", 0 0, L_000001aad1ef9120;  1 drivers
v000001aad1df24b0_0 .net *"_ivl_1132", 0 0, L_000001aad1ef94a0;  1 drivers
v000001aad1df1b50_0 .net *"_ivl_1134", 0 0, L_000001aad1ef8e10;  1 drivers
v000001aad1df3630_0 .net *"_ivl_1136", 0 0, L_000001aad1ef8860;  1 drivers
v000001aad1df2af0_0 .net *"_ivl_1138", 0 0, L_000001aad1ef8e80;  1 drivers
v000001aad1df2b90_0 .net *"_ivl_114", 0 0, L_000001aad1cf6b80;  1 drivers
v000001aad1df2410_0 .net *"_ivl_1140", 0 0, L_000001aad1ef8f60;  1 drivers
v000001aad1df3810_0 .net *"_ivl_1142", 0 0, L_000001aad1ef8ef0;  1 drivers
v000001aad1df2550_0 .net *"_ivl_1146", 0 0, L_000001aad1ef8b00;  1 drivers
v000001aad1df10b0_0 .net *"_ivl_1148", 0 0, L_000001aad1ef8b70;  1 drivers
v000001aad1df1150_0 .net *"_ivl_1150", 0 0, L_000001aad1ef9e40;  1 drivers
v000001aad1df2c30_0 .net *"_ivl_1154", 0 0, L_000001aad1ef8be0;  1 drivers
v000001aad1df11f0_0 .net *"_ivl_1168", 0 0, L_000001aad1ef9190;  1 drivers
L_000001aad1e41340 .functor BUFT 1, C4<1111>, C4<0>, C4<0>, C4<0>;
v000001aad1df1290_0 .net/2u *"_ivl_1170", 3 0, L_000001aad1e41340;  1 drivers
L_000001aad1e41388 .functor BUFT 1, C4<0000>, C4<0>, C4<0>, C4<0>;
v000001aad1df25f0_0 .net/2u *"_ivl_1172", 3 0, L_000001aad1e41388;  1 drivers
v000001aad1df2730_0 .net *"_ivl_118", 0 0, L_000001aad1cf76e0;  1 drivers
L_000001aad1e413d0 .functor BUFT 1, C4<00000000000000000000000000000000>, C4<0>, C4<0>, C4<0>;
v000001aad1df1330_0 .net/2u *"_ivl_1184", 31 0, L_000001aad1e413d0;  1 drivers
L_000001aad1e41418 .functor BUFT 1, C4<00000000000000000000000000000000>, C4<0>, C4<0>, C4<0>;
v000001aad1df1470_0 .net/2u *"_ivl_1188", 31 0, L_000001aad1e41418;  1 drivers
L_000001aad1e41460 .functor BUFT 1, C4<00000000000000000000000000000000>, C4<0>, C4<0>, C4<0>;
v000001aad1df15b0_0 .net/2u *"_ivl_1192", 31 0, L_000001aad1e41460;  1 drivers
L_000001aad1e414a8 .functor BUFT 1, C4<00000000000000000000000000000000>, C4<0>, C4<0>, C4<0>;
v000001aad1df1650_0 .net/2u *"_ivl_1196", 31 0, L_000001aad1e414a8;  1 drivers
L_000001aad1e3f1c8 .functor BUFT 1, C4<00001>, C4<0>, C4<0>, C4<0>;
v000001aad1df1bf0_0 .net/2u *"_ivl_120", 4 0, L_000001aad1e3f1c8;  1 drivers
L_000001aad1e414f0 .functor BUFT 1, C4<00000>, C4<0>, C4<0>, C4<0>;
v000001aad1df1c90_0 .net/2u *"_ivl_1200", 4 0, L_000001aad1e414f0;  1 drivers
L_000001aad1e41538 .functor BUFT 1, C4<00000>, C4<0>, C4<0>, C4<0>;
v000001aad1e07c70_0 .net/2u *"_ivl_1204", 4 0, L_000001aad1e41538;  1 drivers
L_000001aad1e41580 .functor BUFT 1, C4<00000>, C4<0>, C4<0>, C4<0>;
v000001aad1e069b0_0 .net/2u *"_ivl_1208", 4 0, L_000001aad1e41580;  1 drivers
L_000001aad1e415c8 .functor BUFT 1, C4<00000000000000000000000000000000>, C4<0>, C4<0>, C4<0>;
v000001aad1e06a50_0 .net/2u *"_ivl_1212", 31 0, L_000001aad1e415c8;  1 drivers
L_000001aad1e41610 .functor BUFT 1, C4<00000000000000000000000000000000>, C4<0>, C4<0>, C4<0>;
v000001aad1e06af0_0 .net/2u *"_ivl_1216", 31 0, L_000001aad1e41610;  1 drivers
v000001aad1e06cd0_0 .net *"_ivl_122", 0 0, L_000001aad1eab370;  1 drivers
L_000001aad1e41658 .functor BUFT 1, C4<00000000000000000000000000000000>, C4<0>, C4<0>, C4<0>;
v000001aad1e07e50_0 .net/2u *"_ivl_1220", 31 0, L_000001aad1e41658;  1 drivers
L_000001aad1e416a0 .functor BUFT 1, C4<00000000000000000000000000000000>, C4<0>, C4<0>, C4<0>;
v000001aad1e07a90_0 .net/2u *"_ivl_1224", 31 0, L_000001aad1e416a0;  1 drivers
L_000001aad1e416e8 .functor BUFT 1, C4<00000000000000000000000000000000>, C4<0>, C4<0>, C4<0>;
v000001aad1e058d0_0 .net/2u *"_ivl_1228", 31 0, L_000001aad1e416e8;  1 drivers
L_000001aad1e41730 .functor BUFT 1, C4<00000000000000000000000000000000>, C4<0>, C4<0>, C4<0>;
v000001aad1e05c90_0 .net/2u *"_ivl_1232", 31 0, L_000001aad1e41730;  1 drivers
L_000001aad1e41778 .functor BUFT 1, C4<0>, C4<0>, C4<0>, C4<0>;
v000001aad1e06550_0 .net/2u *"_ivl_1236", 0 0, L_000001aad1e41778;  1 drivers
L_000001aad1e3f210 .functor BUFT 1, C4<00101>, C4<0>, C4<0>, C4<0>;
v000001aad1e065f0_0 .net/2u *"_ivl_124", 4 0, L_000001aad1e3f210;  1 drivers
L_000001aad1e417c0 .functor BUFT 1, C4<0>, C4<0>, C4<0>, C4<0>;
v000001aad1e05ab0_0 .net/2u *"_ivl_1240", 0 0, L_000001aad1e417c0;  1 drivers
L_000001aad1e41808 .functor BUFT 1, C4<0000>, C4<0>, C4<0>, C4<0>;
v000001aad1e078b0_0 .net/2u *"_ivl_1244", 3 0, L_000001aad1e41808;  1 drivers
L_000001aad1e41850 .functor BUFT 1, C4<00000000000000000000000000000000>, C4<0>, C4<0>, C4<0>;
v000001aad1e06230_0 .net/2u *"_ivl_1248", 31 0, L_000001aad1e41850;  1 drivers
L_000001aad1e41898 .functor BUFT 1, C4<00000000000000000000000000000000>, C4<0>, C4<0>, C4<0>;
v000001aad1e07590_0 .net/2u *"_ivl_1252", 31 0, L_000001aad1e41898;  1 drivers
L_000001aad1e418e0 .functor BUFT 1, C4<0>, C4<0>, C4<0>, C4<0>;
v000001aad1e06ff0_0 .net/2u *"_ivl_1256", 0 0, L_000001aad1e418e0;  1 drivers
v000001aad1e06690_0 .net *"_ivl_126", 0 0, L_000001aad1ea9e30;  1 drivers
L_000001aad1e41928 .functor BUFT 1, C4<0>, C4<0>, C4<0>, C4<0>;
v000001aad1e05d30_0 .net/2u *"_ivl_1260", 0 0, L_000001aad1e41928;  1 drivers
L_000001aad1e41970 .functor BUFT 1, C4<0>, C4<0>, C4<0>, C4<0>;
v000001aad1e07310_0 .net/2u *"_ivl_1264", 0 0, L_000001aad1e41970;  1 drivers
L_000001aad1e419b8 .functor BUFT 1, C4<0>, C4<0>, C4<0>, C4<0>;
v000001aad1e060f0_0 .net/2u *"_ivl_1268", 0 0, L_000001aad1e419b8;  1 drivers
L_000001aad1e41a00 .functor BUFT 1, C4<0>, C4<0>, C4<0>, C4<0>;
v000001aad1e06eb0_0 .net/2u *"_ivl_1272", 0 0, L_000001aad1e41a00;  1 drivers
L_000001aad1e41a48 .functor BUFT 1, C4<0>, C4<0>, C4<0>, C4<0>;
v000001aad1e062d0_0 .net/2u *"_ivl_1276", 0 0, L_000001aad1e41a48;  1 drivers
v000001aad1e07bd0_0 .net *"_ivl_128", 0 0, L_000001aad1cf7520;  1 drivers
L_000001aad1e41a90 .functor BUFT 1, C4<0>, C4<0>, C4<0>, C4<0>;
v000001aad1e07b30_0 .net/2u *"_ivl_1280", 0 0, L_000001aad1e41a90;  1 drivers
L_000001aad1e41ad8 .functor BUFT 1, C4<0>, C4<0>, C4<0>, C4<0>;
v000001aad1e07d10_0 .net/2u *"_ivl_1284", 0 0, L_000001aad1e41ad8;  1 drivers
v000001aad1e05e70_0 .net *"_ivl_1288", 0 0, L_000001aad1ef8550;  1 drivers
v000001aad1e06f50_0 .net *"_ivl_1292", 0 0, L_000001aad1ef99e0;  1 drivers
v000001aad1e07770_0 .net *"_ivl_1294", 0 0, L_000001aad1ef9580;  1 drivers
v000001aad1e073b0_0 .net *"_ivl_130", 0 0, L_000001aad1cf7280;  1 drivers
L_000001aad1e41b20 .functor BUFT 1, C4<00000>, C4<0>, C4<0>, C4<0>;
v000001aad1e06910_0 .net/2u *"_ivl_1316", 4 0, L_000001aad1e41b20;  1 drivers
L_000001aad1e3f258 .functor BUFT 1, C4<00000>, C4<0>, C4<0>, C4<0>;
v000001aad1e07130_0 .net/2u *"_ivl_132", 4 0, L_000001aad1e3f258;  1 drivers
v000001aad1e05dd0_0 .net *"_ivl_134", 0 0, L_000001aad1ea8d50;  1 drivers
v000001aad1e05970_0 .net *"_ivl_136", 0 0, L_000001aad1ea9430;  1 drivers
v000001aad1e076d0_0 .net *"_ivl_138", 0 0, L_000001aad1cf7590;  1 drivers
v000001aad1e07270_0 .net *"_ivl_142", 31 0, L_000001aad1eaadd0;  1 drivers
L_000001aad1e3f2a0 .functor BUFT 1, C4<001>, C4<0>, C4<0>, C4<0>;
v000001aad1e05b50_0 .net/2u *"_ivl_144", 2 0, L_000001aad1e3f2a0;  1 drivers
v000001aad1e06370_0 .net *"_ivl_146", 2 0, L_000001aad1eaa830;  1 drivers
v000001aad1e06b90_0 .net *"_ivl_148", 4 0, L_000001aad1eaa970;  1 drivers
L_000001aad1e3f2e8 .functor BUFT 1, C4<00>, C4<0>, C4<0>, C4<0>;
v000001aad1e05a10_0 .net *"_ivl_151", 1 0, L_000001aad1e3f2e8;  1 drivers
v000001aad1e06410_0 .net *"_ivl_154", 1 0, L_000001aad1eaab50;  1 drivers
v000001aad1e05bf0_0 .net *"_ivl_156", 8 0, L_000001aad1eaa290;  1 drivers
L_000001aad1e3f330 .functor BUFT 1, C4<00>, C4<0>, C4<0>, C4<0>;
v000001aad1e07db0_0 .net *"_ivl_159", 1 0, L_000001aad1e3f330;  1 drivers
v000001aad1e06c30_0 .net *"_ivl_161", 0 0, L_000001aad1eaaf10;  1 drivers
v000001aad1e05f10_0 .net *"_ivl_164", 1 0, L_000001aad1eaa330;  1 drivers
v000001aad1e071d0_0 .net *"_ivl_166", 8 0, L_000001aad1eaabf0;  1 drivers
L_000001aad1e3f378 .functor BUFT 1, C4<00>, C4<0>, C4<0>, C4<0>;
v000001aad1e07090_0 .net *"_ivl_169", 1 0, L_000001aad1e3f378;  1 drivers
v000001aad1e08030_0 .net *"_ivl_171", 0 0, L_000001aad1eab2d0;  1 drivers
v000001aad1e07ef0_0 .net *"_ivl_172", 31 0, L_000001aad1ea9250;  1 drivers
v000001aad1e05fb0_0 .net *"_ivl_174", 8 0, L_000001aad1ea94d0;  1 drivers
L_000001aad1e3f3c0 .functor BUFT 1, C4<00>, C4<0>, C4<0>, C4<0>;
v000001aad1e07450_0 .net *"_ivl_177", 1 0, L_000001aad1e3f3c0;  1 drivers
v000001aad1e06d70_0 .net *"_ivl_178", 31 0, L_000001aad1eaac90;  1 drivers
v000001aad1e07810_0 .net *"_ivl_180", 31 0, L_000001aad1eaa3d0;  1 drivers
v000001aad1e074f0_0 .net *"_ivl_184", 0 0, L_000001aad1cf6f70;  1 drivers
v000001aad1e064b0_0 .net *"_ivl_188", 0 0, L_000001aad1cf71a0;  1 drivers
v000001aad1e06050_0 .net *"_ivl_19", 0 0, L_000001aad1ea7bd0;  1 drivers
v000001aad1e079f0_0 .net *"_ivl_194", 31 0, L_000001aad1eaae70;  1 drivers
v000001aad1e06e10_0 .net *"_ivl_198", 0 0, L_000001aad1bb5420;  1 drivers
v000001aad1e06190_0 .net *"_ivl_20", 22 0, L_000001aad1ea6870;  1 drivers
v000001aad1e06730_0 .net *"_ivl_200", 0 0, L_000001aad1bb5dc0;  1 drivers
v000001aad1e067d0_0 .net *"_ivl_202", 0 0, L_000001aad1bb0100;  1 drivers
v000001aad1e07630_0 .net *"_ivl_204", 0 0, L_000001aad1bb3660;  1 drivers
v000001aad1e06870_0 .net *"_ivl_206", 0 0, L_000001aad1bb44d0;  1 drivers
v000001aad1e07950_0 .net *"_ivl_210", 0 0, L_000001aad1556740;  1 drivers
v000001aad1e07f90_0 .net *"_ivl_214", 0 0, L_000001aad1ecfbd0;  1 drivers
v000001aad1e0a6f0_0 .net *"_ivl_216", 0 0, L_000001aad1ecf9a0;  1 drivers
v000001aad1e092f0_0 .net *"_ivl_218", 0 0, L_000001aad1ecfc40;  1 drivers
v000001aad1e082b0_0 .net *"_ivl_22", 8 0, L_000001aad1ea6ff0;  1 drivers
v000001aad1e0a0b0_0 .net *"_ivl_220", 0 0, L_000001aad1ecf7e0;  1 drivers
v000001aad1e091b0_0 .net *"_ivl_222", 0 0, L_000001aad1ed0c00;  1 drivers
v000001aad1e09e30_0 .net *"_ivl_228", 0 0, L_000001aad1ed0ce0;  1 drivers
v000001aad1e09b10_0 .net *"_ivl_232", 0 0, L_000001aad1ed03b0;  1 drivers
v000001aad1e09cf0_0 .net *"_ivl_234", 0 0, L_000001aad1ed0dc0;  1 drivers
v000001aad1e09d90_0 .net *"_ivl_236", 0 0, L_000001aad1ecfcb0;  1 drivers
v000001aad1e09930_0 .net *"_ivl_238", 0 0, L_000001aad1ed0c70;  1 drivers
v000001aad1e0a790_0 .net *"_ivl_240", 0 0, L_000001aad1ed0f80;  1 drivers
v000001aad1e0a470_0 .net *"_ivl_242", 0 0, L_000001aad1ecfd20;  1 drivers
v000001aad1e09f70_0 .net *"_ivl_249", 6 0, L_000001aad1eaafb0;  1 drivers
L_000001aad1e3ef88 .functor BUFT 1, C4<00>, C4<0>, C4<0>, C4<0>;
v000001aad1e08df0_0 .net *"_ivl_25", 1 0, L_000001aad1e3ef88;  1 drivers
L_000001aad1e3f408 .functor BUFT 1, C4<1100011>, C4<0>, C4<0>, C4<0>;
v000001aad1e09430_0 .net/2u *"_ivl_250", 6 0, L_000001aad1e3f408;  1 drivers
v000001aad1e0a010_0 .net *"_ivl_255", 6 0, L_000001aad1ea9c50;  1 drivers
L_000001aad1e3f450 .functor BUFT 1, C4<1101111>, C4<0>, C4<0>, C4<0>;
v000001aad1e087b0_0 .net/2u *"_ivl_256", 6 0, L_000001aad1e3f450;  1 drivers
v000001aad1e09250_0 .net *"_ivl_26", 0 0, L_000001aad1ea7db0;  1 drivers
v000001aad1e094d0_0 .net *"_ivl_261", 0 0, L_000001aad1ea9610;  1 drivers
v000001aad1e08710_0 .net *"_ivl_262", 19 0, L_000001aad1eaa470;  1 drivers
v000001aad1e09ed0_0 .net *"_ivl_265", 0 0, L_000001aad1eab410;  1 drivers
v000001aad1e099d0_0 .net *"_ivl_267", 5 0, L_000001aad1eab0f0;  1 drivers
v000001aad1e09a70_0 .net *"_ivl_269", 3 0, L_000001aad1ea96b0;  1 drivers
L_000001aad1e3f498 .functor BUFT 1, C4<0>, C4<0>, C4<0>, C4<0>;
v000001aad1e09070_0 .net/2u *"_ivl_270", 0 0, L_000001aad1e3f498;  1 drivers
v000001aad1e0a1f0_0 .net *"_ivl_275", 0 0, L_000001aad1eab230;  1 drivers
v000001aad1e09110_0 .net *"_ivl_276", 11 0, L_000001aad1ea9930;  1 drivers
v000001aad1e0a650_0 .net *"_ivl_279", 7 0, L_000001aad1ea9bb0;  1 drivers
v000001aad1e0a290_0 .net *"_ivl_281", 0 0, L_000001aad1ea8e90;  1 drivers
v000001aad1e09bb0_0 .net *"_ivl_283", 9 0, L_000001aad1ea91b0;  1 drivers
L_000001aad1e3f4e0 .functor BUFT 1, C4<0>, C4<0>, C4<0>, C4<0>;
v000001aad1e08170_0 .net/2u *"_ivl_284", 0 0, L_000001aad1e3f4e0;  1 drivers
v000001aad1e0a830_0 .net *"_ivl_288", 0 0, L_000001aad1ecff50;  1 drivers
v000001aad1e09610_0 .net *"_ivl_290", 0 0, L_000001aad1ecfe00;  1 drivers
v000001aad1e09390_0 .net *"_ivl_293", 0 0, L_000001aad1eaa150;  1 drivers
v000001aad1e08fd0_0 .net *"_ivl_294", 0 0, L_000001aad1ed07a0;  1 drivers
v000001aad1e0a330_0 .net *"_ivl_296", 0 0, L_000001aad1ecfa80;  1 drivers
v000001aad1e09c50_0 .net *"_ivl_30", 0 0, L_000001aad1cf6e90;  1 drivers
v000001aad1e08350_0 .net *"_ivl_300", 31 0, L_000001aad1eab4b0;  1 drivers
v000001aad1e08210_0 .net *"_ivl_302", 31 0, L_000001aad1ea8f30;  1 drivers
v000001aad1e080d0_0 .net *"_ivl_306", 0 0, L_000001aad1ecfb60;  1 drivers
v000001aad1e09570_0 .net *"_ivl_310", 31 0, L_000001aad1eaa0b0;  1 drivers
v000001aad1e0a510_0 .net *"_ivl_312", 31 0, L_000001aad1eaa5b0;  1 drivers
v000001aad1e0a150_0 .net *"_ivl_316", 0 0, L_000001aad1ed02d0;  1 drivers
v000001aad1e083f0_0 .net *"_ivl_320", 0 0, L_000001aad1ed1300;  1 drivers
v000001aad1e0a3d0_0 .net *"_ivl_322", 0 0, L_000001aad1ed0ea0;  1 drivers
v000001aad1e08490_0 .net *"_ivl_326", 0 0, L_000001aad1ed0420;  1 drivers
v000001aad1e0a5b0_0 .net *"_ivl_328", 0 0, L_000001aad1ecf850;  1 drivers
v000001aad1e08530_0 .net *"_ivl_330", 0 0, L_000001aad1ed08f0;  1 drivers
L_000001aad1e3f528 .functor BUFT 1, C4<00000000000000000000000000000100>, C4<0>, C4<0>, C4<0>;
v000001aad1e085d0_0 .net/2u *"_ivl_342", 31 0, L_000001aad1e3f528;  1 drivers
v000001aad1e08d50_0 .net *"_ivl_35", 6 0, L_000001aad1ea69b0;  1 drivers
L_000001aad1e40068 .functor BUFT 1, C4<0110011>, C4<0>, C4<0>, C4<0>;
v000001aad1e08e90_0 .net/2u *"_ivl_354", 6 0, L_000001aad1e40068;  1 drivers
v000001aad1e08670_0 .net *"_ivl_356", 0 0, L_000001aad1eae4d0;  1 drivers
L_000001aad1e400b0 .functor BUFT 1, C4<0010011>, C4<0>, C4<0>, C4<0>;
v000001aad1e096b0_0 .net/2u *"_ivl_358", 6 0, L_000001aad1e400b0;  1 drivers
L_000001aad1e3efd0 .functor BUFT 1, C4<1100011>, C4<0>, C4<0>, C4<0>;
v000001aad1e08850_0 .net/2u *"_ivl_36", 6 0, L_000001aad1e3efd0;  1 drivers
v000001aad1e088f0_0 .net *"_ivl_360", 0 0, L_000001aad1eb0410;  1 drivers
v000001aad1e09750_0 .net *"_ivl_362", 0 0, L_000001aad1ed2790;  1 drivers
L_000001aad1e400f8 .functor BUFT 1, C4<0000011>, C4<0>, C4<0>, C4<0>;
v000001aad1e08990_0 .net/2u *"_ivl_364", 6 0, L_000001aad1e400f8;  1 drivers
v000001aad1e08a30_0 .net *"_ivl_366", 0 0, L_000001aad1eade90;  1 drivers
v000001aad1e08ad0_0 .net *"_ivl_368", 0 0, L_000001aad1ed23a0;  1 drivers
L_000001aad1e40140 .functor BUFT 1, C4<0100011>, C4<0>, C4<0>, C4<0>;
v000001aad1e097f0_0 .net/2u *"_ivl_370", 6 0, L_000001aad1e40140;  1 drivers
v000001aad1e09890_0 .net *"_ivl_372", 0 0, L_000001aad1eaf290;  1 drivers
v000001aad1e08b70_0 .net *"_ivl_374", 0 0, L_000001aad1ed14c0;  1 drivers
L_000001aad1e40188 .functor BUFT 1, C4<1100011>, C4<0>, C4<0>, C4<0>;
v000001aad1e08c10_0 .net/2u *"_ivl_376", 6 0, L_000001aad1e40188;  1 drivers
v000001aad1e08cb0_0 .net *"_ivl_378", 0 0, L_000001aad1eae9d0;  1 drivers
v000001aad1e08f30_0 .net *"_ivl_380", 0 0, L_000001aad1ed21e0;  1 drivers
L_000001aad1e401d0 .functor BUFT 1, C4<1100111>, C4<0>, C4<0>, C4<0>;
v000001aad1e0bb90_0 .net/2u *"_ivl_382", 6 0, L_000001aad1e401d0;  1 drivers
v000001aad1e0c950_0 .net *"_ivl_384", 0 0, L_000001aad1eaea70;  1 drivers
L_000001aad1e40218 .functor BUFT 1, C4<0110011>, C4<0>, C4<0>, C4<0>;
v000001aad1e0b5f0_0 .net/2u *"_ivl_388", 6 0, L_000001aad1e40218;  1 drivers
v000001aad1e0abf0_0 .net *"_ivl_390", 0 0, L_000001aad1eb02d0;  1 drivers
L_000001aad1e40260 .functor BUFT 1, C4<0100011>, C4<0>, C4<0>, C4<0>;
v000001aad1e0c770_0 .net/2u *"_ivl_392", 6 0, L_000001aad1e40260;  1 drivers
v000001aad1e0c3b0_0 .net *"_ivl_394", 0 0, L_000001aad1eaeb10;  1 drivers
v000001aad1e0ce50_0 .net *"_ivl_396", 0 0, L_000001aad1ed1920;  1 drivers
L_000001aad1e402a8 .functor BUFT 1, C4<1100011>, C4<0>, C4<0>, C4<0>;
v000001aad1e0add0_0 .net/2u *"_ivl_398", 6 0, L_000001aad1e402a8;  1 drivers
v000001aad1e0c310_0 .net *"_ivl_400", 0 0, L_000001aad1eafe70;  1 drivers
L_000001aad1e402f0 .functor BUFT 1, C4<0110011>, C4<0>, C4<0>, C4<0>;
v000001aad1e0cef0_0 .net/2u *"_ivl_404", 6 0, L_000001aad1e402f0;  1 drivers
v000001aad1e0b2d0_0 .net *"_ivl_406", 0 0, L_000001aad1eae570;  1 drivers
L_000001aad1e40338 .functor BUFT 1, C4<1100011>, C4<0>, C4<0>, C4<0>;
v000001aad1e0cf90_0 .net/2u *"_ivl_408", 6 0, L_000001aad1e40338;  1 drivers
v000001aad1e0be10_0 .net *"_ivl_41", 6 0, L_000001aad1ea7d10;  1 drivers
v000001aad1e0bc30_0 .net *"_ivl_410", 0 0, L_000001aad1eaebb0;  1 drivers
L_000001aad1e40380 .functor BUFT 1, C4<1100011>, C4<0>, C4<0>, C4<0>;
v000001aad1e0c6d0_0 .net/2u *"_ivl_414", 6 0, L_000001aad1e40380;  1 drivers
L_000001aad1e403c8 .functor BUFT 1, C4<1101111>, C4<0>, C4<0>, C4<0>;
v000001aad1e0a970_0 .net/2u *"_ivl_418", 6 0, L_000001aad1e403c8;  1 drivers
L_000001aad1e3f018 .functor BUFT 1, C4<1101111>, C4<0>, C4<0>, C4<0>;
v000001aad1e0c450_0 .net/2u *"_ivl_42", 6 0, L_000001aad1e3f018;  1 drivers
L_000001aad1e40410 .functor BUFT 1, C4<1100111>, C4<0>, C4<0>, C4<0>;
v000001aad1e0c4f0_0 .net/2u *"_ivl_422", 6 0, L_000001aad1e40410;  1 drivers
v000001aad1e0cd10_0 .net *"_ivl_432", 0 0, L_000001aad1ed1680;  1 drivers
v000001aad1e0aab0_0 .net *"_ivl_434", 0 0, L_000001aad1ed2250;  1 drivers
v000001aad1e0c810_0 .net *"_ivl_436", 0 0, L_000001aad1ed2c60;  1 drivers
L_000001aad1e40458 .functor BUFT 1, C4<00000>, C4<0>, C4<0>, C4<0>;
v000001aad1e0c590_0 .net/2u *"_ivl_438", 4 0, L_000001aad1e40458;  1 drivers
v000001aad1e0ac90_0 .net *"_ivl_440", 0 0, L_000001aad1eafa10;  1 drivers
v000001aad1e0ba50_0 .net *"_ivl_442", 0 0, L_000001aad1ed2870;  1 drivers
v000001aad1e0baf0_0 .net *"_ivl_444", 0 0, L_000001aad1eb0190;  1 drivers
v000001aad1e0c8b0_0 .net *"_ivl_448", 0 0, L_000001aad1ed22c0;  1 drivers
v000001aad1e0d030_0 .net *"_ivl_450", 0 0, L_000001aad1ed28e0;  1 drivers
v000001aad1e0ca90_0 .net *"_ivl_452", 0 0, L_000001aad1ed1bc0;  1 drivers
L_000001aad1e404a0 .functor BUFT 1, C4<00000>, C4<0>, C4<0>, C4<0>;
v000001aad1e0a8d0_0 .net/2u *"_ivl_454", 4 0, L_000001aad1e404a0;  1 drivers
v000001aad1e0ad30_0 .net *"_ivl_456", 0 0, L_000001aad1eaf010;  1 drivers
v000001aad1e0b910_0 .net *"_ivl_458", 0 0, L_000001aad1ed2a30;  1 drivers
v000001aad1e0b550_0 .net *"_ivl_460", 0 0, L_000001aad1eae070;  1 drivers
v000001aad1e0c9f0_0 .net *"_ivl_464", 0 0, L_000001aad1ed1ed0;  1 drivers
v000001aad1e0bff0_0 .net *"_ivl_466", 0 0, L_000001aad1ed17d0;  1 drivers
v000001aad1e0c270_0 .net *"_ivl_468", 0 0, L_000001aad1ed29c0;  1 drivers
v000001aad1e0cb30_0 .net *"_ivl_47", 0 0, L_000001aad1ea8a30;  1 drivers
L_000001aad1e404e8 .functor BUFT 1, C4<00000>, C4<0>, C4<0>, C4<0>;
v000001aad1e0bcd0_0 .net/2u *"_ivl_470", 4 0, L_000001aad1e404e8;  1 drivers
v000001aad1e0c630_0 .net *"_ivl_472", 0 0, L_000001aad1eafc90;  1 drivers
v000001aad1e0b690_0 .net *"_ivl_474", 0 0, L_000001aad1ed2410;  1 drivers
v000001aad1e0cc70_0 .net *"_ivl_476", 0 0, L_000001aad1eb04b0;  1 drivers
v000001aad1e0cbd0_0 .net *"_ivl_48", 19 0, L_000001aad1ea7270;  1 drivers
v000001aad1e0b0f0_0 .net *"_ivl_480", 0 0, L_000001aad1ed2480;  1 drivers
v000001aad1e0beb0_0 .net *"_ivl_482", 0 0, L_000001aad1ed2f00;  1 drivers
v000001aad1e0b230_0 .net *"_ivl_484", 0 0, L_000001aad1ed2aa0;  1 drivers
L_000001aad1e40530 .functor BUFT 1, C4<00000>, C4<0>, C4<0>, C4<0>;
v000001aad1e0cdb0_0 .net/2u *"_ivl_486", 4 0, L_000001aad1e40530;  1 drivers
v000001aad1e0aa10_0 .net *"_ivl_488", 0 0, L_000001aad1eae110;  1 drivers
v000001aad1e0bd70_0 .net *"_ivl_490", 0 0, L_000001aad1ed1760;  1 drivers
v000001aad1e0ab50_0 .net *"_ivl_492", 0 0, L_000001aad1eae1b0;  1 drivers
v000001aad1e0b730_0 .net *"_ivl_496", 31 0, L_000001aad1eadd50;  1 drivers
v000001aad1e0ae70_0 .net *"_ivl_500", 31 0, L_000001aad1eaf0b0;  1 drivers
v000001aad1e0b7d0_0 .net *"_ivl_504", 0 0, L_000001aad1ed2e20;  1 drivers
L_000001aad1e40578 .functor BUFT 1, C4<00000>, C4<0>, C4<0>, C4<0>;
v000001aad1e0bf50_0 .net/2u *"_ivl_506", 4 0, L_000001aad1e40578;  1 drivers
v000001aad1e0b870_0 .net *"_ivl_508", 0 0, L_000001aad1eaf970;  1 drivers
v000001aad1e0c130_0 .net *"_ivl_51", 0 0, L_000001aad1ea6a50;  1 drivers
v000001aad1e0af10_0 .net *"_ivl_510", 0 0, L_000001aad1ed1990;  1 drivers
v000001aad1e0afb0_0 .net *"_ivl_512", 0 0, L_000001aad1eb0230;  1 drivers
v000001aad1e0c090_0 .net *"_ivl_516", 0 0, L_000001aad1ed1a70;  1 drivers
L_000001aad1e405c0 .functor BUFT 1, C4<00000>, C4<0>, C4<0>, C4<0>;
v000001aad1e0b050_0 .net/2u *"_ivl_518", 4 0, L_000001aad1e405c0;  1 drivers
v000001aad1e0b190_0 .net *"_ivl_520", 0 0, L_000001aad1eaf8d0;  1 drivers
v000001aad1e0b370_0 .net *"_ivl_522", 0 0, L_000001aad1ed1c30;  1 drivers
v000001aad1e0c1d0_0 .net *"_ivl_524", 0 0, L_000001aad1eae250;  1 drivers
v000001aad1e0b410_0 .net *"_ivl_528", 0 0, L_000001aad1ed1df0;  1 drivers
v000001aad1e0b4b0_0 .net *"_ivl_53", 5 0, L_000001aad1ea7310;  1 drivers
v000001aad1e0b9b0_0 .net *"_ivl_530", 0 0, L_000001aad1ed1e60;  1 drivers
v000001aad1e0d210_0 .net *"_ivl_532", 0 0, L_000001aad1ed2020;  1 drivers
v000001aad1e0df30_0 .net *"_ivl_534", 0 0, L_000001aad1ed2090;  1 drivers
v000001aad1e0d0d0_0 .net *"_ivl_541", 0 0, L_000001aad1eaf1f0;  1 drivers
v000001aad1e0dc10_0 .net *"_ivl_543", 0 0, L_000001aad1eae610;  1 drivers
v000001aad1e0d2b0_0 .net *"_ivl_544", 0 0, L_000001aad1ed37c0;  1 drivers
v000001aad1e0dad0_0 .net *"_ivl_547", 0 0, L_000001aad1eafb50;  1 drivers
v000001aad1e0de90_0 .net *"_ivl_548", 0 0, L_000001aad1eadfd0;  1 drivers
v000001aad1e0d170_0 .net *"_ivl_55", 3 0, L_000001aad1ea73b0;  1 drivers
v000001aad1e0d710_0 .net *"_ivl_554", 0 0, L_000001aad1ed31a0;  1 drivers
v000001aad1e0db70_0 .net *"_ivl_556", 0 0, L_000001aad1ed3ad0;  1 drivers
v000001aad1e0d530_0 .net *"_ivl_558", 0 0, L_000001aad1ed3c20;  1 drivers
L_000001aad1e3f060 .functor BUFT 1, C4<0>, C4<0>, C4<0>, C4<0>;
v000001aad1e0d350_0 .net/2u *"_ivl_56", 0 0, L_000001aad1e3f060;  1 drivers
v000001aad1e0d3f0_0 .net *"_ivl_560", 0 0, L_000001aad1ed36e0;  1 drivers
v000001aad1e0d990_0 .net *"_ivl_562", 0 0, L_000001aad1ed3750;  1 drivers
L_000001aad1e40608 .functor BUFT 1, C4<000>, C4<0>, C4<0>, C4<0>;
v000001aad1e0d490_0 .net/2u *"_ivl_564", 2 0, L_000001aad1e40608;  1 drivers
v000001aad1e0d5d0_0 .net *"_ivl_566", 0 0, L_000001aad1eaffb0;  1 drivers
L_000001aad1e40650 .functor BUFT 1, C4<001>, C4<0>, C4<0>, C4<0>;
v000001aad1e0d670_0 .net/2u *"_ivl_568", 2 0, L_000001aad1e40650;  1 drivers
v000001aad1e0d7b0_0 .net *"_ivl_570", 0 0, L_000001aad1eae2f0;  1 drivers
v000001aad1e0dd50_0 .net *"_ivl_572", 0 0, L_000001aad1ed3590;  1 drivers
L_000001aad1e40698 .functor BUFT 1, C4<100>, C4<0>, C4<0>, C4<0>;
v000001aad1e0da30_0 .net/2u *"_ivl_574", 2 0, L_000001aad1e40698;  1 drivers
v000001aad1e0d850_0 .net *"_ivl_576", 0 0, L_000001aad1eaf6f0;  1 drivers
L_000001aad1e406e0 .functor BUFT 1, C4<101>, C4<0>, C4<0>, C4<0>;
v000001aad1e0d8f0_0 .net/2u *"_ivl_578", 2 0, L_000001aad1e406e0;  1 drivers
v000001aad1e0dcb0_0 .net *"_ivl_580", 0 0, L_000001aad1eaf330;  1 drivers
v000001aad1e0ddf0_0 .net *"_ivl_582", 0 0, L_000001aad1ed32f0;  1 drivers
L_000001aad1e40728 .functor BUFT 1, C4<110>, C4<0>, C4<0>, C4<0>;
v000001aad1dfff70_0 .net/2u *"_ivl_584", 2 0, L_000001aad1e40728;  1 drivers
v000001aad1dfe7b0_0 .net *"_ivl_586", 0 0, L_000001aad1eafbf0;  1 drivers
L_000001aad1e40770 .functor BUFT 1, C4<111>, C4<0>, C4<0>, C4<0>;
v000001aad1e001f0_0 .net/2u *"_ivl_588", 2 0, L_000001aad1e40770;  1 drivers
v000001aad1dff4d0_0 .net *"_ivl_590", 0 0, L_000001aad1eaecf0;  1 drivers
v000001aad1dff610_0 .net *"_ivl_592", 0 0, L_000001aad1ed3d00;  1 drivers
L_000001aad1e407b8 .functor BUFT 1, C4<0>, C4<0>, C4<0>, C4<0>;
v000001aad1dfe0d0_0 .net/2u *"_ivl_594", 0 0, L_000001aad1e407b8;  1 drivers
v000001aad1dfe170_0 .net *"_ivl_596", 0 0, L_000001aad1eae6b0;  1 drivers
v000001aad1dfed50_0 .net *"_ivl_598", 0 0, L_000001aad1eae750;  1 drivers
v000001aad1dffcf0_0 .net *"_ivl_600", 0 0, L_000001aad1eb00f0;  1 drivers
v000001aad1dfef30_0 .net *"_ivl_602", 0 0, L_000001aad1eafdd0;  1 drivers
v000001aad1dff6b0_0 .net *"_ivl_604", 0 0, L_000001aad1eae390;  1 drivers
v000001aad1dfefd0_0 .net *"_ivl_606", 0 0, L_000001aad1eaf3d0;  1 drivers
v000001aad1dff9d0_0 .net *"_ivl_61", 0 0, L_000001aad1ea7f90;  1 drivers
v000001aad1dff070_0 .net *"_ivl_610", 0 0, L_000001aad1ed2f70;  1 drivers
v000001aad1e00650_0 .net *"_ivl_612", 0 0, L_000001aad1ed3830;  1 drivers
v000001aad1e00290_0 .net *"_ivl_62", 11 0, L_000001aad1ea74f0;  1 drivers
v000001aad1dffb10_0 .net *"_ivl_625", 1 0, L_000001aad1eae930;  1 drivers
v000001aad1dfe210_0 .net *"_ivl_627", 0 0, L_000001aad1eaf470;  1 drivers
v000001aad1dfe530_0 .net *"_ivl_634", 0 0, L_000001aad1ed3b40;  1 drivers
v000001aad1dfe850_0 .net *"_ivl_636", 0 0, L_000001aad1ed34b0;  1 drivers
v000001aad1dfead0_0 .net *"_ivl_638", 0 0, L_000001aad1ed3e50;  1 drivers
v000001aad1dffed0_0 .net *"_ivl_640", 0 0, L_000001aad1ed3520;  1 drivers
v000001aad1dfe2b0_0 .net *"_ivl_642", 0 0, L_000001aad1ed3670;  1 drivers
v000001aad1dffc50_0 .net *"_ivl_644", 0 0, L_000001aad1ed3360;  1 drivers
v000001aad1dffd90_0 .net *"_ivl_646", 0 0, L_000001aad1ed3c90;  1 drivers
v000001aad1e00510_0 .net *"_ivl_648", 0 0, L_000001aad1ed2fe0;  1 drivers
v000001aad1dfe350_0 .net *"_ivl_65", 7 0, L_000001aad1ea7450;  1 drivers
v000001aad1e00010_0 .net *"_ivl_650", 0 0, L_000001aad1eaf5b0;  1 drivers
v000001aad1e00470_0 .net *"_ivl_660", 0 0, L_000001aad1ed3440;  1 drivers
v000001aad1dff1b0_0 .net *"_ivl_662", 0 0, L_000001aad1ed3050;  1 drivers
v000001aad1dff250_0 .net *"_ivl_67", 0 0, L_000001aad1ea7630;  1 drivers
v000001aad1dff2f0_0 .net *"_ivl_69", 9 0, L_000001aad1ea8030;  1 drivers
L_000001aad1e3f0a8 .functor BUFT 1, C4<0>, C4<0>, C4<0>, C4<0>;
v000001aad1dff570_0 .net/2u *"_ivl_70", 0 0, L_000001aad1e3f0a8;  1 drivers
v000001aad1dff750_0 .net *"_ivl_722", 31 0, L_000001aad1eb0f50;  1 drivers
v000001aad1dfe3f0_0 .net *"_ivl_728", 0 0, L_000001aad1eccd70;  1 drivers
v000001aad1dfe490_0 .net *"_ivl_730", 0 0, L_000001aad1ecdb00;  1 drivers
v000001aad1dfe710_0 .net *"_ivl_732", 0 0, L_000001aad1ecbfe0;  1 drivers
v000001aad1dff7f0_0 .net *"_ivl_734", 0 0, L_000001aad1ecc0c0;  1 drivers
v000001aad1e00330_0 .net *"_ivl_736", 0 0, L_000001aad1ecd8d0;  1 drivers
v000001aad1dff890_0 .net *"_ivl_738", 0 0, L_000001aad1ecc7c0;  1 drivers
v000001aad1dffa70_0 .net *"_ivl_74", 0 0, L_000001aad1cf73d0;  1 drivers
v000001aad1e00150_0 .net *"_ivl_742", 0 0, L_000001aad1ecd1d0;  1 drivers
v000001aad1dff930_0 .net *"_ivl_744", 0 0, L_000001aad1ecd7f0;  1 drivers
v000001aad1dffbb0_0 .net *"_ivl_746", 0 0, L_000001aad1ecc4b0;  1 drivers
v000001aad1dffe30_0 .net *"_ivl_748", 0 0, L_000001aad1eccc20;  1 drivers
L_000001aad1e408d8 .functor BUFT 1, C4<00000>, C4<0>, C4<0>, C4<0>;
v000001aad1e000b0_0 .net/2u *"_ivl_750", 4 0, L_000001aad1e408d8;  1 drivers
v000001aad1e003d0_0 .net *"_ivl_752", 0 0, L_000001aad1eb1e50;  1 drivers
v000001aad1e005b0_0 .net *"_ivl_754", 0 0, L_000001aad1eccfa0;  1 drivers
v000001aad1e006f0_0 .net *"_ivl_756", 0 0, L_000001aad1eb1810;  1 drivers
v000001aad1dfea30_0 .net *"_ivl_76", 0 0, L_000001aad1cf7750;  1 drivers
v000001aad1e00790_0 .net *"_ivl_760", 0 0, L_000001aad1eccb40;  1 drivers
v000001aad1e00830_0 .net *"_ivl_762", 0 0, L_000001aad1ecd320;  1 drivers
v000001aad1dfe5d0_0 .net *"_ivl_764", 0 0, L_000001aad1ecd780;  1 drivers
v000001aad1dfe670_0 .net *"_ivl_766", 0 0, L_000001aad1ecd470;  1 drivers
L_000001aad1e40920 .functor BUFT 1, C4<00000>, C4<0>, C4<0>, C4<0>;
v000001aad1dfe8f0_0 .net/2u *"_ivl_768", 4 0, L_000001aad1e40920;  1 drivers
v000001aad1dfe990_0 .net *"_ivl_770", 0 0, L_000001aad1eb2210;  1 drivers
v000001aad1dfeb70_0 .net *"_ivl_772", 0 0, L_000001aad1ecd4e0;  1 drivers
v000001aad1dfec10_0 .net *"_ivl_774", 0 0, L_000001aad1eb0cd0;  1 drivers
v000001aad1dfedf0_0 .net *"_ivl_778", 0 0, L_000001aad1ecc600;  1 drivers
v000001aad1dfecb0_0 .net *"_ivl_780", 0 0, L_000001aad1ecc050;  1 drivers
v000001aad1dfee90_0 .net *"_ivl_782", 0 0, L_000001aad1ecd010;  1 drivers
L_000001aad1e40968 .functor BUFT 1, C4<00000>, C4<0>, C4<0>, C4<0>;
v000001aad1dff110_0 .net/2u *"_ivl_784", 4 0, L_000001aad1e40968;  1 drivers
v000001aad1dff390_0 .net *"_ivl_786", 0 0, L_000001aad1eb0e10;  1 drivers
v000001aad1dff430_0 .net *"_ivl_788", 0 0, L_000001aad1ecc830;  1 drivers
v000001aad1e01f50_0 .net *"_ivl_79", 0 0, L_000001aad1ea8170;  1 drivers
v000001aad1e012d0_0 .net *"_ivl_790", 0 0, L_000001aad1eb1db0;  1 drivers
v000001aad1e02e50_0 .net *"_ivl_794", 0 0, L_000001aad1ecd5c0;  1 drivers
v000001aad1e01870_0 .net *"_ivl_796", 0 0, L_000001aad1ecc8a0;  1 drivers
v000001aad1e02ef0_0 .net *"_ivl_798", 0 0, L_000001aad1ecd9b0;  1 drivers
L_000001aad1e3ef40 .functor BUFT 1, C4<00000000000000000000000000000100>, C4<0>, C4<0>, C4<0>;
v000001aad1e01c30_0 .net/2u *"_ivl_8", 31 0, L_000001aad1e3ef40;  1 drivers
v000001aad1e01a50_0 .net *"_ivl_80", 0 0, L_000001aad1cf7210;  1 drivers
L_000001aad1e409b0 .functor BUFT 1, C4<00000>, C4<0>, C4<0>, C4<0>;
v000001aad1e02590_0 .net/2u *"_ivl_800", 4 0, L_000001aad1e409b0;  1 drivers
v000001aad1e00bf0_0 .net *"_ivl_802", 0 0, L_000001aad1eb2ad0;  1 drivers
v000001aad1e021d0_0 .net *"_ivl_804", 0 0, L_000001aad1ecd860;  1 drivers
v000001aad1e01ff0_0 .net *"_ivl_806", 0 0, L_000001aad1eb0d70;  1 drivers
v000001aad1e02130_0 .net *"_ivl_810", 0 0, L_000001aad1ecc9f0;  1 drivers
v000001aad1e01b90_0 .net *"_ivl_812", 0 0, L_000001aad1ecd940;  1 drivers
L_000001aad1e409f8 .functor BUFT 1, C4<00000>, C4<0>, C4<0>, C4<0>;
v000001aad1e02f90_0 .net/2u *"_ivl_814", 4 0, L_000001aad1e409f8;  1 drivers
v000001aad1e01af0_0 .net *"_ivl_816", 0 0, L_000001aad1eb1770;  1 drivers
v000001aad1e02db0_0 .net *"_ivl_818", 0 0, L_000001aad1ecc910;  1 drivers
v000001aad1e02270_0 .net *"_ivl_82", 0 0, L_000001aad1cf69c0;  1 drivers
v000001aad1e02bd0_0 .net *"_ivl_820", 0 0, L_000001aad1ecc3d0;  1 drivers
v000001aad1e02a90_0 .net *"_ivl_822", 0 0, L_000001aad1ecc130;  1 drivers
v000001aad1e00fb0_0 .net *"_ivl_824", 0 0, L_000001aad1eccbb0;  1 drivers
v000001aad1e01cd0_0 .net *"_ivl_826", 0 0, L_000001aad1ecbf70;  1 drivers
v000001aad1e01d70_0 .net *"_ivl_828", 0 0, L_000001aad1eb1bd0;  1 drivers
v000001aad1e00b50_0 .net *"_ivl_832", 0 0, L_000001aad1ecc280;  1 drivers
v000001aad1e00ab0_0 .net *"_ivl_834", 0 0, L_000001aad1ecce50;  1 drivers
L_000001aad1e40a40 .functor BUFT 1, C4<00000>, C4<0>, C4<0>, C4<0>;
v000001aad1e01eb0_0 .net/2u *"_ivl_836", 4 0, L_000001aad1e40a40;  1 drivers
v000001aad1e01730_0 .net *"_ivl_838", 0 0, L_000001aad1eb18b0;  1 drivers
v000001aad1e02770_0 .net *"_ivl_840", 0 0, L_000001aad1ecd0f0;  1 drivers
v000001aad1e015f0_0 .net *"_ivl_842", 0 0, L_000001aad1ecc210;  1 drivers
v000001aad1e01e10_0 .net *"_ivl_844", 0 0, L_000001aad1ecc2f0;  1 drivers
v000001aad1e02810_0 .net *"_ivl_846", 0 0, L_000001aad1ecc360;  1 drivers
v000001aad1e01050_0 .net *"_ivl_848", 0 0, L_000001aad1ecc980;  1 drivers
v000001aad1e019b0_0 .net *"_ivl_850", 0 0, L_000001aad1eb2350;  1 drivers
L_000001aad1e40a88 .functor BUFT 1, C4<10>, C4<0>, C4<0>, C4<0>;
v000001aad1e02090_0 .net/2u *"_ivl_854", 1 0, L_000001aad1e40a88;  1 drivers
L_000001aad1e40ad0 .functor BUFT 1, C4<01>, C4<0>, C4<0>, C4<0>;
v000001aad1e00f10_0 .net/2u *"_ivl_856", 1 0, L_000001aad1e40ad0;  1 drivers
L_000001aad1e40b18 .functor BUFT 1, C4<00>, C4<0>, C4<0>, C4<0>;
v000001aad1e024f0_0 .net/2u *"_ivl_858", 1 0, L_000001aad1e40b18;  1 drivers
v000001aad1e02310_0 .net *"_ivl_86", 31 0, L_000001aad1ea83f0;  1 drivers
v000001aad1e023b0_0 .net *"_ivl_860", 1 0, L_000001aad1eb1950;  1 drivers
L_000001aad1e40b60 .functor BUFT 1, C4<10>, C4<0>, C4<0>, C4<0>;
v000001aad1e01910_0 .net/2u *"_ivl_864", 1 0, L_000001aad1e40b60;  1 drivers
L_000001aad1e40ba8 .functor BUFT 1, C4<01>, C4<0>, C4<0>, C4<0>;
v000001aad1e029f0_0 .net/2u *"_ivl_866", 1 0, L_000001aad1e40ba8;  1 drivers
L_000001aad1e40bf0 .functor BUFT 1, C4<00>, C4<0>, C4<0>, C4<0>;
v000001aad1e02630_0 .net/2u *"_ivl_868", 1 0, L_000001aad1e40bf0;  1 drivers
v000001aad1e02450_0 .net *"_ivl_870", 1 0, L_000001aad1eb19f0;  1 drivers
L_000001aad1e40c38 .functor BUFT 1, C4<11>, C4<0>, C4<0>, C4<0>;
v000001aad1e03030_0 .net/2u *"_ivl_874", 1 0, L_000001aad1e40c38;  1 drivers
L_000001aad1e40c80 .functor BUFT 1, C4<11>, C4<0>, C4<0>, C4<0>;
v000001aad1e02c70_0 .net/2u *"_ivl_878", 1 0, L_000001aad1e40c80;  1 drivers
v000001aad1e028b0_0 .net *"_ivl_88", 31 0, L_000001aad1ea8490;  1 drivers
L_000001aad1e40cc8 .functor BUFT 1, C4<10>, C4<0>, C4<0>, C4<0>;
v000001aad1e01690_0 .net/2u *"_ivl_882", 1 0, L_000001aad1e40cc8;  1 drivers
v000001aad1e026d0_0 .net *"_ivl_884", 0 0, L_000001aad1eb0eb0;  1 drivers
L_000001aad1e40d10 .functor BUFT 1, C4<01>, C4<0>, C4<0>, C4<0>;
v000001aad1e01550_0 .net/2u *"_ivl_886", 1 0, L_000001aad1e40d10;  1 drivers
v000001aad1e02950_0 .net *"_ivl_888", 0 0, L_000001aad1eb0ff0;  1 drivers
v000001aad1e01190_0 .net *"_ivl_890", 31 0, L_000001aad1eb1a90;  1 drivers
v000001aad1e00c90_0 .net *"_ivl_892", 31 0, L_000001aad1eb22b0;  1 drivers
L_000001aad1e40d58 .functor BUFT 1, C4<10>, C4<0>, C4<0>, C4<0>;
v000001aad1e02b30_0 .net/2u *"_ivl_896", 1 0, L_000001aad1e40d58;  1 drivers
v000001aad1e008d0_0 .net *"_ivl_898", 0 0, L_000001aad1eb1090;  1 drivers
L_000001aad1e40da0 .functor BUFT 1, C4<01>, C4<0>, C4<0>, C4<0>;
v000001aad1e02d10_0 .net/2u *"_ivl_900", 1 0, L_000001aad1e40da0;  1 drivers
v000001aad1e00970_0 .net *"_ivl_902", 0 0, L_000001aad1eb2490;  1 drivers
v000001aad1e00a10_0 .net *"_ivl_904", 31 0, L_000001aad1eb1130;  1 drivers
v000001aad1e00d30_0 .net *"_ivl_906", 31 0, L_000001aad1eb0870;  1 drivers
L_000001aad1e40de8 .functor BUFT 1, C4<11>, C4<0>, C4<0>, C4<0>;
v000001aad1e00dd0_0 .net/2u *"_ivl_910", 1 0, L_000001aad1e40de8;  1 drivers
v000001aad1e00e70_0 .net *"_ivl_912", 0 0, L_000001aad1eb0b90;  1 drivers
L_000001aad1e40e30 .functor BUFT 1, C4<11>, C4<0>, C4<0>, C4<0>;
v000001aad1e017d0_0 .net/2u *"_ivl_916", 1 0, L_000001aad1e40e30;  1 drivers
v000001aad1e010f0_0 .net *"_ivl_918", 0 0, L_000001aad1eb2530;  1 drivers
v000001aad1e01230_0 .net *"_ivl_926", 31 0, L_000001aad1eb13b0;  1 drivers
v000001aad1e01370_0 .net *"_ivl_928", 31 0, L_000001aad1eb27b0;  1 drivers
v000001aad1e01410_0 .net *"_ivl_93", 6 0, L_000001aad1ea9390;  1 drivers
v000001aad1e014b0_0 .net *"_ivl_933", 30 0, L_000001aad1eb1270;  1 drivers
L_000001aad1e40e78 .functor BUFT 1, C4<0>, C4<0>, C4<0>, C4<0>;
v000001aad1e03ad0_0 .net/2u *"_ivl_934", 0 0, L_000001aad1e40e78;  1 drivers
v000001aad1e04ed0_0 .net *"_ivl_936", 31 0, L_000001aad1eb0730;  1 drivers
L_000001aad1e3f0f0 .functor BUFT 1, C4<1100111>, C4<0>, C4<0>, C4<0>;
v000001aad1e03170_0 .net/2u *"_ivl_94", 6 0, L_000001aad1e3f0f0;  1 drivers
v000001aad1e04c50_0 .net *"_ivl_942", 0 0, L_000001aad1ecdef0;  1 drivers
v000001aad1e04cf0_0 .net *"_ivl_944", 0 0, L_000001aad1ecf5b0;  1 drivers
v000001aad1e05510_0 .net *"_ivl_946", 0 0, L_000001aad1ecec80;  1 drivers
L_000001aad1e40ec0 .functor BUFT 1, C4<000>, C4<0>, C4<0>, C4<0>;
v000001aad1e032b0_0 .net/2u *"_ivl_948", 2 0, L_000001aad1e40ec0;  1 drivers
v000001aad1e04f70_0 .net *"_ivl_950", 0 0, L_000001aad1eb2850;  1 drivers
L_000001aad1e40f08 .functor BUFT 1, C4<001>, C4<0>, C4<0>, C4<0>;
v000001aad1e05470_0 .net/2u *"_ivl_952", 2 0, L_000001aad1e40f08;  1 drivers
v000001aad1e041b0_0 .net *"_ivl_954", 0 0, L_000001aad1eb2a30;  1 drivers
v000001aad1e04bb0_0 .net *"_ivl_956", 0 0, L_000001aad1ece510;  1 drivers
L_000001aad1e40f50 .functor BUFT 1, C4<100>, C4<0>, C4<0>, C4<0>;
v000001aad1e03210_0 .net/2u *"_ivl_958", 2 0, L_000001aad1e40f50;  1 drivers
v000001aad1e05010_0 .net *"_ivl_960", 0 0, L_000001aad1eb14f0;  1 drivers
L_000001aad1e40f98 .functor BUFT 1, C4<101>, C4<0>, C4<0>, C4<0>;
v000001aad1e03cb0_0 .net/2u *"_ivl_962", 2 0, L_000001aad1e40f98;  1 drivers
v000001aad1e04250_0 .net *"_ivl_964", 0 0, L_000001aad1eb1590;  1 drivers
v000001aad1e03350_0 .net *"_ivl_966", 0 0, L_000001aad1ecf620;  1 drivers
L_000001aad1e40fe0 .functor BUFT 1, C4<110>, C4<0>, C4<0>, C4<0>;
v000001aad1e033f0_0 .net/2u *"_ivl_968", 2 0, L_000001aad1e40fe0;  1 drivers
v000001aad1e03710_0 .net *"_ivl_970", 0 0, L_000001aad1eb2c10;  1 drivers
L_000001aad1e41028 .functor BUFT 1, C4<111>, C4<0>, C4<0>, C4<0>;
v000001aad1e03d50_0 .net/2u *"_ivl_972", 2 0, L_000001aad1e41028;  1 drivers
v000001aad1e03df0_0 .net *"_ivl_974", 0 0, L_000001aad1eb2cb0;  1 drivers
v000001aad1e03490_0 .net *"_ivl_976", 0 0, L_000001aad1eceb30;  1 drivers
L_000001aad1e41070 .functor BUFT 1, C4<0>, C4<0>, C4<0>, C4<0>;
v000001aad1e042f0_0 .net/2u *"_ivl_978", 0 0, L_000001aad1e41070;  1 drivers
v000001aad1e04d90_0 .net *"_ivl_980", 0 0, L_000001aad1eb0550;  1 drivers
v000001aad1e04e30_0 .net *"_ivl_982", 0 0, L_000001aad1eb05f0;  1 drivers
v000001aad1e050b0_0 .net *"_ivl_984", 0 0, L_000001aad1eb07d0;  1 drivers
v000001aad1e055b0_0 .net *"_ivl_986", 0 0, L_000001aad1eb0910;  1 drivers
v000001aad1e03530_0 .net *"_ivl_988", 0 0, L_000001aad1eb09b0;  1 drivers
v000001aad1e04b10_0 .net *"_ivl_990", 0 0, L_000001aad1eb0a50;  1 drivers
v000001aad1e038f0_0 .net *"_ivl_994", 0 0, L_000001aad1ece580;  1 drivers
v000001aad1e046b0_0 .net *"_ivl_996", 0 0, L_000001aad1ece120;  1 drivers
v000001aad1e03a30_0 .net "bp_actual_taken_cur", 0 0, L_000001aad1ecf3f0;  1 drivers
v000001aad1e03b70 .array "bp_counters_cur", 0 127, 1 0;
v000001aad1e035d0 .array "bp_tags_cur", 0 127, 22 0;
v000001aad1e05290 .array "bp_targets_cur", 0 127, 31 0;
v000001aad1e04390_0 .net "bp_update_cur", 0 0, L_000001aad1ece190;  1 drivers
v000001aad1e05150_0 .net "bp_update_index_cur", 6 0, L_000001aad1eb40b0;  1 drivers
v000001aad1e03e90_0 .net "bp_update_tag_cur", 22 0, L_000001aad1eb3a70;  1 drivers
v000001aad1e03670_0 .var "bp_valid_cur", 127 0;
v000001aad1e03f30_0 .net "dmem_cache_busy_cur", 0 0, L_000001aad1cf72f0;  1 drivers
v000001aad1e051f0_0 .net "dmem_cache_mem_addr_cur", 31 0, L_000001aad1ea8350;  1 drivers
v000001aad1e04110_0 .net "dmem_cache_mem_ren_cur", 0 0, L_000001aad1cf4ea0;  1 drivers
v000001aad1e037b0_0 .net "dmem_cache_mem_wdata_cur", 31 0, L_000001aad1ea65f0;  1 drivers
v000001aad1e03850_0 .net "dmem_cache_mem_wen_cur", 0 0, L_000001aad1cf5760;  1 drivers
v000001aad1e03990_0 .net "dmem_cache_rdata_cur", 31 0, L_000001aad1efa2a0;  1 drivers
v000001aad1e05330_0 .net "dmem_req_fire_cur", 0 0, L_000001aad1ef9430;  1 drivers
v000001aad1e04430_0 .net "dmem_resp_fire_cur", 0 0, L_000001aad1ef9d60;  1 drivers
v000001aad1e03c10_0 .net "ex_alu_eq_cur", 0 0, L_000001aad1eb1ef0;  1 drivers
v000001aad1e03fd0_0 .net "ex_alu_result_cur", 31 0, v000001aad1de2250_0;  1 drivers
v000001aad1e04070_0 .net "ex_alu_slt_cur", 0 0, L_000001aad1ece890;  1 drivers
v000001aad1e044d0_0 .net "ex_branch_taken_cur", 0 0, L_000001aad1ecf690;  1 drivers
v000001aad1e05650_0 .net "ex_branch_target_cur", 31 0, L_000001aad1eb2030;  1 drivers
v000001aad1e04570_0 .net "ex_control_taken_cur", 0 0, L_000001aad1eceba0;  1 drivers
v000001aad1e04610_0 .net "ex_control_target_cur", 31 0, L_000001aad1eb1450;  1 drivers
v000001aad1e04750_0 .net "ex_ex_match_rs1_cur", 0 0, L_000001aad1ecda20;  1 drivers
v000001aad1e047f0_0 .net "ex_ex_match_rs2_cur", 0 0, L_000001aad1ecda90;  1 drivers
v000001aad1e04890_0 .net "ex_forward_a_sel_cur", 1 0, L_000001aad1eb0c30;  1 drivers
v000001aad1e053d0_0 .net "ex_forward_b_sel_cur", 1 0, L_000001aad1eb1b30;  1 drivers
v000001aad1e04930_0 .net "ex_jump_taken_cur", 0 0, L_000001aad1ece270;  1 drivers
v000001aad1e049d0_0 .net "ex_jump_target_cur", 31 0, L_000001aad1eb2990;  1 drivers
v000001aad1e04a70_0 .net "ex_jump_target_raw_cur", 31 0, L_000001aad1eb11d0;  1 drivers
v000001aad1e05830_0 .net "ex_load_match_rs1_cur", 0 0, L_000001aad1ecd160;  1 drivers
v000001aad1e056f0_0 .net "ex_load_match_rs2_cur", 0 0, L_000001aad1ecc670;  1 drivers
v000001aad1e05790_0 .var "ex_mem_alu_result_cur", 31 0;
v000001aad1e030d0_0 .net "ex_mem_alu_result_next", 31 0, L_000001aad1eceeb0;  1 drivers
v000001aad1e20c20_0 .var "ex_mem_dmem_req_sent_cur", 0 0;
v000001aad1e21940_0 .var "ex_mem_ebreak_cur", 0 0;
v000001aad1e1f960_0 .net "ex_mem_ebreak_next", 0 0, L_000001aad1ece040;  1 drivers
v000001aad1e209a0_0 .net "ex_mem_forward_data_cur", 31 0, L_000001aad1eb0690;  1 drivers
v000001aad1e21620_0 .var "ex_mem_func3_cur", 2 0;
v000001aad1e21300_0 .net "ex_mem_func3_next", 2 0, L_000001aad1ecf700;  1 drivers
v000001aad1e214e0_0 .net "ex_mem_has_dmem_req_cur", 0 0, L_000001aad1ef87f0;  1 drivers
v000001aad1e20a40_0 .var "ex_mem_illegal_inst_cur", 0 0;
v000001aad1e213a0_0 .net "ex_mem_illegal_inst_next", 0 0, L_000001aad1ecf2a0;  1 drivers
v000001aad1e22020_0 .var "ex_mem_inst_cur", 31 0;
v000001aad1e21da0_0 .net "ex_mem_inst_next", 31 0, L_000001aad1ece3c0;  1 drivers
v000001aad1e20400_0 .var "ex_mem_jump_cur", 0 0;
v000001aad1e20900_0 .net "ex_mem_jump_next", 0 0, L_000001aad1ecf4d0;  1 drivers
v000001aad1e20ae0_0 .net "ex_mem_load_live_cur", 0 0, L_000001aad1eccf30;  1 drivers
v000001aad1e20cc0_0 .var "ex_mem_lui_cur", 0 0;
v000001aad1e21440_0 .net "ex_mem_lui_next", 0 0, L_000001aad1ecdd30;  1 drivers
v000001aad1e21bc0_0 .var "ex_mem_mem_read_cur", 0 0;
v000001aad1e21c60_0 .net "ex_mem_mem_read_next", 0 0, L_000001aad1eced60;  1 drivers
v000001aad1e216c0_0 .var "ex_mem_mem_to_reg_cur", 0 0;
v000001aad1e1ffa0_0 .net "ex_mem_mem_to_reg_next", 0 0, L_000001aad1ecef20;  1 drivers
v000001aad1e219e0_0 .var "ex_mem_mem_write_cur", 0 0;
v000001aad1e21580_0 .net "ex_mem_mem_write_next", 0 0, L_000001aad1ecf540;  1 drivers
v000001aad1e20b80_0 .var "ex_mem_next_pc_cur", 31 0;
v000001aad1e21080_0 .net "ex_mem_next_pc_next", 31 0, L_000001aad1ece6d0;  1 drivers
v000001aad1e20680_0 .var "ex_mem_offset_cur", 31 0;
v000001aad1e1fd20_0 .net "ex_mem_offset_next", 31 0, L_000001aad1ecef90;  1 drivers
v000001aad1e21b20_0 .var "ex_mem_pc_cur", 31 0;
v000001aad1e20d60_0 .var "ex_mem_pc_misalign_trap_cur", 0 0;
v000001aad1e21760_0 .net "ex_mem_pc_misalign_trap_next", 0 0, L_000001aad1ecdda0;  1 drivers
v000001aad1e20e00_0 .net "ex_mem_pc_next", 31 0, L_000001aad1ecde10;  1 drivers
v000001aad1e21800_0 .var "ex_mem_pc_plus4_cur", 31 0;
v000001aad1e20040_0 .net "ex_mem_pc_plus4_next", 31 0, L_000001aad1ecedd0;  1 drivers
v000001aad1e20ea0_0 .var "ex_mem_rd_waddr_cur", 4 0;
v000001aad1e20180_0 .net "ex_mem_rd_waddr_next", 4 0, L_000001aad1ece740;  1 drivers
v000001aad1e204a0_0 .var "ex_mem_reg_write_cur", 0 0;
v000001aad1e218a0_0 .net "ex_mem_reg_write_next", 0 0, L_000001aad1ecf000;  1 drivers
v000001aad1e1fa00_0 .var "ex_mem_rs1_raddr_cur", 4 0;
v000001aad1e20540_0 .net "ex_mem_rs1_raddr_next", 4 0, L_000001aad1ece0b0;  1 drivers
v000001aad1e21a80_0 .var "ex_mem_rs1_rdata_cur", 31 0;
v000001aad1e20720_0 .net "ex_mem_rs1_rdata_next", 31 0, L_000001aad1ecdcc0;  1 drivers
v000001aad1e20f40_0 .var "ex_mem_rs2_raddr_cur", 4 0;
v000001aad1e207c0_0 .net "ex_mem_rs2_raddr_next", 4 0, L_000001aad1ece350;  1 drivers
v000001aad1e211c0_0 .var "ex_mem_rs2_rdata_cur", 31 0;
v000001aad1e20fe0_0 .net "ex_mem_rs2_rdata_next", 31 0, L_000001aad1ecf460;  1 drivers
v000001aad1e21d00_0 .var "ex_mem_store_data_cur", 31 0;
v000001aad1e20860_0 .net "ex_mem_store_data_next", 31 0, L_000001aad1ece970;  1 drivers
v000001aad1e200e0_0 .var "ex_mem_valid_cur", 0 0;
v000001aad1e20220_0 .net "ex_mem_valid_next", 0 0, L_000001aad1ececf0;  1 drivers
v000001aad1e21120_0 .net "ex_next_pc_cur", 31 0, L_000001aad1eb3ed0;  1 drivers
v000001aad1e21260_0 .net "ex_operand1_cur", 31 0, L_000001aad1eb1c70;  1 drivers
v000001aad1e21e40_0 .net "ex_operand1_sel_cur", 1 0, L_000001aad1eb23f0;  1 drivers
v000001aad1e21ee0_0 .net "ex_operand2_cur", 31 0, L_000001aad1eb2170;  1 drivers
v000001aad1e1faa0_0 .net "ex_operand2_sel_cur", 1 0, L_000001aad1eb1310;  1 drivers
v000001aad1e1fb40_0 .net "ex_pc_misalign_trap_cur", 0 0, L_000001aad1ecdf60;  1 drivers
v000001aad1e1fbe0_0 .net "ex_pred_next_pc_cur", 31 0, L_000001aad1eb4b50;  1 drivers
v000001aad1e21f80_0 .net "ex_redirect_cur", 0 0, L_000001aad1ece7b0;  1 drivers
v000001aad1e1f8c0_0 .net "ex_rs1_value_cur", 31 0, L_000001aad1eb20d0;  1 drivers
v000001aad1e1fc80_0 .net "ex_rs2_value_cur", 31 0, L_000001aad1eb1630;  1 drivers
v000001aad1e1fdc0_0 .net "ex_store_data_cur", 31 0, L_000001aad1ece4a0;  1 drivers
v000001aad1e1fe60_0 .var "halted_cur", 0 0;
v000001aad1e1ff00_0 .net "hazard_ex_cur", 0 0, L_000001aad1e40800;  1 drivers
v000001aad1e205e0_0 .net "hazard_mem_cur", 0 0, L_000001aad1e40848;  1 drivers
v000001aad1e202c0_0 .net "hazard_stall_cur", 0 0, L_000001aad1ed3980;  1 drivers
v000001aad1e20360_0 .net "hazard_wb_cur", 0 0, L_000001aad1e40890;  1 drivers
v000001aad1e22f20_0 .net "i_clk", 0 0, v000001aad1e2fae0_0;  1 drivers
v000001aad1e22160_0 .net "i_dmem_rdata", 31 0, L_000001aad1efa8c0;  alias, 1 drivers
v000001aad1e22700_0 .net "i_dmem_ready", 0 0, L_000001aad1efa310;  alias, 1 drivers
v000001aad1e22d40_0 .net "i_dmem_valid", 0 0, L_000001aad1efb180;  alias, 1 drivers
v000001aad1e22de0_0 .net "i_imem_rdata", 31 0, L_000001aad1efaee0;  alias, 1 drivers
v000001aad1e22200_0 .net "i_imem_ready", 0 0, L_000001aad1efaf50;  alias, 1 drivers
v000001aad1e237e0_0 .net "i_imem_valid", 0 0, L_000001aad1efa620;  alias, 1 drivers
v000001aad1e240a0_0 .net "i_rst", 0 0, v000001aad1e32e20_0;  1 drivers
v000001aad1e23d80_0 .net "id_alu_eq_cur", 0 0, L_000001aad1eaff10;  1 drivers
v000001aad1e24140_0 .net "id_alu_op_cur", 2 0, L_000001aad1eac130;  1 drivers
v000001aad1e234c0_0 .net "id_alu_slt_cur", 0 0, L_000001aad1eafab0;  1 drivers
v000001aad1e23880_0 .net "id_alu_sltu_cur", 0 0, L_000001aad1eaec50;  1 drivers
v000001aad1e24500_0 .net "id_alu_src1_cur", 0 0, L_000001aad1ed1ae0;  1 drivers
v000001aad1e23ce0_0 .net "id_alu_src2_cur", 0 0, L_000001aad1ed24f0;  1 drivers
v000001aad1e24460_0 .net "id_branch_cur", 0 0, L_000001aad1ed2800;  1 drivers
v000001aad1e23b00_0 .net "id_branch_stall_cur", 0 0, L_000001aad1ed3910;  1 drivers
v000001aad1e236a0_0 .net "id_branch_taken_cur", 0 0, L_000001aad1ed38a0;  1 drivers
v000001aad1e23600_0 .net "id_branch_target_cur", 31 0, L_000001aad1eafd30;  1 drivers
v000001aad1e23ec0_0 .net "id_control_taken_cur", 0 0, L_000001aad1ed3280;  1 drivers
v000001aad1e22a20_0 .net "id_control_target_cur", 31 0, L_000001aad1eae890;  1 drivers
v000001aad1e243c0_0 .net "id_ebreak_cur", 0 0, L_000001aad1ed0730;  1 drivers
v000001aad1e241e0_0 .var "id_ex_alu_op_cur", 2 0;
v000001aad1e23380_0 .net "id_ex_alu_op_next", 2 0, L_000001aad1ecc6e0;  1 drivers
v000001aad1e24280_0 .var "id_ex_alu_src1_cur", 0 0;
v000001aad1e22e80_0 .net "id_ex_alu_src1_next", 0 0, L_000001aad1ecd630;  1 drivers
v000001aad1e23740_0 .var "id_ex_alu_src2_cur", 0 0;
v000001aad1e228e0_0 .net "id_ex_alu_src2_next", 0 0, L_000001aad1ecc440;  1 drivers
v000001aad1e22fc0_0 .var "id_ex_branch_cur", 0 0;
v000001aad1e23ba0_0 .net "id_ex_branch_next", 0 0, L_000001aad1eccad0;  1 drivers
v000001aad1e24640_0 .var "id_ex_ebreak_cur", 0 0;
v000001aad1e23060_0 .net "id_ex_ebreak_next", 0 0, L_000001aad1ecc590;  1 drivers
v000001aad1e23920_0 .var "id_ex_func3_cur", 2 0;
v000001aad1e22480_0 .net "id_ex_func3_next", 2 0, L_000001aad1eb28f0;  1 drivers
v000001aad1e23c40_0 .var "id_ex_func7_cur", 6 0;
v000001aad1e23100_0 .net "id_ex_func7_next", 6 0, L_000001aad1eb1f90;  1 drivers
v000001aad1e24000_0 .var "id_ex_illegal_inst_cur", 0 0;
v000001aad1e24320_0 .net "id_ex_illegal_inst_next", 0 0, L_000001aad1ecd080;  1 drivers
v000001aad1e22ac0_0 .var "id_ex_inst_cur", 31 0;
v000001aad1e23240_0 .net "id_ex_inst_next", 31 0, L_000001aad1ed3d70;  1 drivers
v000001aad1e222a0_0 .var "id_ex_jump_cur", 0 0;
v000001aad1e245a0_0 .net "id_ex_jump_next", 0 0, L_000001aad1ecd2b0;  1 drivers
v000001aad1e246e0_0 .var "id_ex_lui_cur", 0 0;
v000001aad1e22340_0 .net "id_ex_lui_next", 0 0, L_000001aad1eccec0;  1 drivers
v000001aad1e22520_0 .net "id_ex_match_rs1_cur", 0 0, L_000001aad1ed16f0;  1 drivers
v000001aad1e232e0_0 .net "id_ex_match_rs2_cur", 0 0, L_000001aad1ed1ca0;  1 drivers
v000001aad1e23420_0 .var "id_ex_mem_read_cur", 0 0;
v000001aad1e223e0_0 .net "id_ex_mem_read_next", 0 0, L_000001aad1ecd6a0;  1 drivers
v000001aad1e225c0_0 .var "id_ex_mem_to_reg_cur", 0 0;
v000001aad1e239c0_0 .net "id_ex_mem_to_reg_next", 0 0, L_000001aad1eccc90;  1 drivers
v000001aad1e22660_0 .var "id_ex_mem_write_cur", 0 0;
v000001aad1e23560_0 .net "id_ex_mem_write_next", 0 0, L_000001aad1ecc750;  1 drivers
v000001aad1e23a60_0 .var "id_ex_offset_cur", 31 0;
v000001aad1e220c0_0 .net "id_ex_offset_next", 31 0, L_000001aad1ecd240;  1 drivers
v000001aad1e227a0_0 .var "id_ex_opcode_cur", 6 0;
v000001aad1e231a0_0 .net "id_ex_opcode_next", 6 0, L_000001aad1eaf650;  1 drivers
v000001aad1e23e20_0 .var "id_ex_pc_cur", 31 0;
v000001aad1e23f60_0 .net "id_ex_pc_next", 31 0, L_000001aad1ed3de0;  1 drivers
v000001aad1e24780_0 .var "id_ex_pc_plus4_cur", 31 0;
v000001aad1e24820_0 .net "id_ex_pc_plus4_next", 31 0, L_000001aad1ed3130;  1 drivers
v000001aad1e22840_0 .var "id_ex_pc_src_cur", 0 0;
v000001aad1e22980_0 .net "id_ex_pc_src_next", 0 0, L_000001aad1ecd710;  1 drivers
v000001aad1e22b60_0 .var "id_ex_pred_taken_cur", 0 0;
v000001aad1e22c00_0 .net "id_ex_pred_taken_next", 0 0, L_000001aad1eccde0;  1 drivers
v000001aad1e22ca0_0 .var "id_ex_pred_target_cur", 31 0;
v000001aad1e250e0_0 .net "id_ex_pred_target_next", 31 0, L_000001aad1ecd550;  1 drivers
v000001aad1e24fa0_0 .var "id_ex_rd_waddr_cur", 4 0;
v000001aad1e269e0_0 .net "id_ex_rd_waddr_next", 4 0, L_000001aad1ed39f0;  1 drivers
v000001aad1e25f40_0 .var "id_ex_reg_write_cur", 0 0;
v000001aad1e26b20_0 .net "id_ex_reg_write_next", 0 0, L_000001aad1ecc520;  1 drivers
v000001aad1e26440_0 .var "id_ex_rs1_raddr_cur", 4 0;
v000001aad1e264e0_0 .net "id_ex_rs1_raddr_next", 4 0, L_000001aad1ed3bb0;  1 drivers
v000001aad1e26d00_0 .var "id_ex_rs1_rdata_cur", 31 0;
v000001aad1e24aa0_0 .net "id_ex_rs1_rdata_next", 31 0, L_000001aad1ecd390;  1 drivers
v000001aad1e26760_0 .var "id_ex_rs2_raddr_cur", 4 0;
v000001aad1e26580_0 .net "id_ex_rs2_raddr_next", 4 0, L_000001aad1ed3600;  1 drivers
v000001aad1e24be0_0 .var "id_ex_rs2_rdata_cur", 31 0;
v000001aad1e25c20_0 .net "id_ex_rs2_rdata_next", 31 0, L_000001aad1ecd400;  1 drivers
v000001aad1e26620_0 .var "id_ex_valid_cur", 0 0;
v000001aad1e25cc0_0 .net "id_ex_valid_next", 0 0, L_000001aad1ed30c0;  1 drivers
v000001aad1e26e40_0 .net "id_func3_cur", 2 0, L_000001aad1eaf150;  1 drivers
v000001aad1e26a80_0 .net "id_fwd_rs1_cur", 31 0, L_000001aad1eb0370;  1 drivers
v000001aad1e248c0_0 .net "id_fwd_rs2_cur", 31 0, L_000001aad1eadf30;  1 drivers
v000001aad1e24c80_0 .net "id_has_producer_ahead_rs1_cur", 0 0, L_000001aad1ed1a00;  1 drivers
v000001aad1e25900_0 .net "id_has_producer_ahead_rs2_cur", 0 0, L_000001aad1ed1d10;  1 drivers
v000001aad1e25d60_0 .net "id_illegal_inst_cur", 0 0, L_000001aad1ed0030;  1 drivers
v000001aad1e25540_0 .net "id_is_branch_cur", 0 0, L_000001aad1eaddf0;  1 drivers
v000001aad1e24a00_0 .net "id_is_jal_cur", 0 0, L_000001aad1eaf830;  1 drivers
v000001aad1e25fe0_0 .net "id_is_jalr_cur", 0 0, L_000001aad1eaef70;  1 drivers
v000001aad1e268a0_0 .net "id_jal_taken_cur", 0 0, L_000001aad1ed3a60;  1 drivers
v000001aad1e266c0_0 .net "id_jal_target_cur", 31 0, L_000001aad1eae7f0;  1 drivers
v000001aad1e26800_0 .net "id_jump_cur", 0 0, L_000001aad1ed26b0;  1 drivers
v000001aad1e25e00_0 .net "id_lui_cur", 0 0, L_000001aad1ed0110;  1 drivers
v000001aad1e26080_0 .net "id_mem_match_rs1_cur", 0 0, L_000001aad1ed2560;  1 drivers
v000001aad1e26da0_0 .net "id_mem_match_rs2_cur", 0 0, L_000001aad1ed18b0;  1 drivers
v000001aad1e26940_0 .net "id_mem_read_cur", 0 0, L_000001aad1ed01f0;  1 drivers
v000001aad1e26c60_0 .net "id_mem_to_reg_cur", 0 0, L_000001aad1ed0260;  1 drivers
v000001aad1e26300_0 .net "id_mem_write_cur", 0 0, L_000001aad1ed0180;  1 drivers
v000001aad1e25ea0_0 .net "id_next_pc_cur", 31 0, L_000001aad1eaed90;  1 drivers
v000001aad1e26bc0_0 .net "id_offset_cur", 31 0, L_000001aad1eaeed0;  1 drivers
v000001aad1e25360_0 .net "id_opcode_cur", 6 0, L_000001aad1eaf510;  1 drivers
v000001aad1e25400_0 .net "id_pc_cur_w", 31 0, L_000001aad1ed2db0;  1 drivers
v000001aad1e26ee0_0 .net "id_pc_misalign_trap_cur", 0 0, L_000001aad1ed3210;  1 drivers
v000001aad1e26f80_0 .net "id_pc_plus4_cur_w", 31 0, L_000001aad1ed1530;  1 drivers
v000001aad1e27020_0 .net "id_pc_src_cur", 0 0, L_000001aad1ecfa10;  1 drivers
v000001aad1e24e60_0 .net "id_pred_next_pc_cur", 31 0, L_000001aad1eaf790;  1 drivers
v000001aad1e26120_0 .net "id_rd_waddr_cur", 4 0, L_000001aad1eac6d0;  1 drivers
v000001aad1e24960_0 .net "id_redirect_cur", 0 0, L_000001aad1ed33d0;  1 drivers
v000001aad1e24dc0_0 .net "id_reg_write_cur", 0 0, L_000001aad1ed2b10;  1 drivers
v000001aad1e261c0_0 .net "id_rs1_raddr_cur", 4 0, L_000001aad1ead3f0;  1 drivers
v000001aad1e255e0_0 .net "id_rs1_rdata_cur", 31 0, L_000001aad1eab7d0;  1 drivers
v000001aad1e26260_0 .net "id_rs1_used_cur", 0 0, L_000001aad1ed1d80;  1 drivers
v000001aad1e24d20_0 .net "id_rs2_ex_used_cur", 0 0, L_000001aad1ed2950;  1 drivers
v000001aad1e24b40_0 .net "id_rs2_raddr_cur", 4 0, L_000001aad1eac810;  1 drivers
v000001aad1e263a0_0 .net "id_rs2_rdata_cur", 31 0, L_000001aad1eac630;  1 drivers
v000001aad1e24f00_0 .net "id_rs2_used_cur", 0 0, L_000001aad1ed2330;  1 drivers
v000001aad1e25040_0 .net "if_base_pred_taken_cur", 0 0, L_000001aad1eaaab0;  1 drivers
v000001aad1e25180_0 .net "if_base_pred_target_cur", 31 0, L_000001aad1ea9570;  1 drivers
v000001aad1e252c0_0 .net "if_bp_hit_cur", 0 0, L_000001aad1cf70c0;  1 drivers
v000001aad1e25220_0 .net "if_bp_index_cur", 6 0, L_000001aad1ea6730;  1 drivers
v000001aad1e25860_0 .net "if_bp_tag_cur", 22 0, L_000001aad1ea6f50;  1 drivers
v000001aad1e254a0_0 .net "if_branch_offset_cur", 31 0, L_000001aad1ea76d0;  1 drivers
v000001aad1e25680_0 .net "if_cache_hit_cur", 0 0, L_000001aad1cf77c0;  1 drivers
v000001aad1e25720_0 .net "if_id_buffer_available_cur", 0 0, L_000001aad1b16ac0;  1 drivers
v000001aad1e257c0_0 .net "if_id_consumed_cur", 0 0, L_000001aad19604d0;  1 drivers
v000001aad1e259a0_0 .var "if_id_inst_cur", 31 0;
v000001aad1e25a40_0 .net "if_id_inst_next", 31 0, L_000001aad1ed0f10;  1 drivers
v000001aad1e25ae0_0 .var "if_id_pc_cur", 31 0;
v000001aad1e25b80_0 .net "if_id_pc_next", 31 0, L_000001aad1ed0340;  1 drivers
v000001aad1e29500_0 .var "if_id_pc_plus4_cur", 31 0;
v000001aad1e29140_0 .net "if_id_pc_plus4_next", 31 0, L_000001aad1ea9a70;  1 drivers
v000001aad1e282e0_0 .var "if_id_pred_taken_cur", 0 0;
v000001aad1e28740_0 .net "if_id_pred_taken_next", 0 0, L_000001aad1ecfd90;  1 drivers
v000001aad1e28420_0 .var "if_id_pred_target_cur", 31 0;
v000001aad1e28b00_0 .net "if_id_pred_target_next", 31 0, L_000001aad1ed0b20;  1 drivers
v000001aad1e281a0_0 .var "if_id_valid_cur", 0 0;
v000001aad1e29280_0 .net "if_id_valid_next", 0 0, L_000001aad1ed0570;  1 drivers
v000001aad1e27f20_0 .net "if_inst_branch_cur", 0 0, L_000001aad1ea71d0;  1 drivers
v000001aad1e28ba0_0 .net "if_inst_cur", 31 0, L_000001aad1cf7600;  1 drivers
v000001aad1e28ce0_0 .net "if_inst_jal_cur", 0 0, L_000001aad1ea88f0;  1 drivers
v000001aad1e28240_0 .net "if_inst_jalr_cur", 0 0, L_000001aad1ea8df0;  1 drivers
v000001aad1e27340_0 .net "if_inst_present_cur", 0 0, L_000001aad1cf7440;  1 drivers
v000001aad1e28920_0 .net "if_inst_rd_cur", 4 0, L_000001aad1ea9d90;  1 drivers
v000001aad1e296e0_0 .net "if_inst_rs1_cur", 4 0, L_000001aad1ea92f0;  1 drivers
v000001aad1e29460_0 .net "if_is_ras_pop_cur", 0 0, L_000001aad1cf7670;  1 drivers
v000001aad1e29320_0 .net "if_is_ras_push_cur", 0 0, L_000001aad1cf6d40;  1 drivers
v000001aad1e28d80_0 .net "if_jal_offset_cur", 31 0, L_000001aad1ea80d0;  1 drivers
v000001aad1e28e20_0 .net "if_pc_cur", 31 0, L_000001aad1cf7050;  1 drivers
v000001aad1e284c0_0 .net "if_pc_plus4_cur", 31 0, L_000001aad1ea7130;  1 drivers
v000001aad1e28c40_0 .net "if_pred_next_pc_cur", 31 0, L_000001aad1cf7360;  1 drivers
v000001aad1e27980_0 .net "if_pred_taken_cur", 0 0, L_000001aad1cf7130;  1 drivers
v000001aad1e28380_0 .net "if_pred_target_cur", 31 0, L_000001aad1eaa650;  1 drivers
v000001aad1e27200_0 .net "if_ras_pred_target_cur", 31 0, L_000001aad1cf6db0;  1 drivers
v000001aad1e29780_0 .net "if_static_pred_taken_cur", 0 0, L_000001aad1cf6a30;  1 drivers
v000001aad1e28f60_0 .net "if_static_pred_target_cur", 31 0, L_000001aad1ea8530;  1 drivers
v000001aad1e28ec0_0 .net "imem_cache_busy_cur", 0 0, L_000001aad1cf38c0;  1 drivers
v000001aad1e28560_0 .net "imem_cache_mem_addr_cur", 31 0, L_000001aad1e1bf40;  1 drivers
v000001aad1e28600_0 .net "imem_cache_mem_ren_cur", 0 0, L_000001aad1cf3620;  1 drivers
v000001aad1e27160_0 .net "imem_cache_mem_wdata_cur", 31 0, L_000001aad1e1c620;  1 drivers
v000001aad1e29000_0 .net "imem_cache_mem_wen_cur", 0 0, L_000001aad1cf3850;  1 drivers
v000001aad1e27ca0_0 .net "imem_cache_rdata_cur", 31 0, L_000001aad1efb1f0;  1 drivers
v000001aad1e286a0_0 .var "imem_pending_cur", 0 0;
v000001aad1e272a0_0 .var "imem_pending_kill_cur", 0 0;
v000001aad1e270c0_0 .var "imem_pending_pc_cur", 31 0;
v000001aad1e27480_0 .var "imem_pending_pred_taken_cur", 0 0;
v000001aad1e28100_0 .var "imem_pending_pred_target_cur", 31 0;
v000001aad1e27d40_0 .net "imem_req_addr_cur", 31 0, L_000001aad1ea9cf0;  1 drivers
v000001aad1e273e0_0 .net "imem_req_fire_cur", 0 0, L_000001aad1ed0d50;  1 drivers
v000001aad1e287e0_0 .net "imem_resp_accept_cur", 0 0, L_000001aad1ecfaf0;  1 drivers
v000001aad1e290a0_0 .net "imem_resp_branch_offset_cur", 31 0, L_000001aad1eab190;  1 drivers
v000001aad1e27a20_0 .net "imem_resp_fire_cur", 0 0, L_000001aad1ed11b0;  1 drivers
v000001aad1e291e0_0 .net "imem_resp_inst_branch_cur", 0 0, L_000001aad1ea9750;  1 drivers
v000001aad1e28880_0 .net "imem_resp_inst_jal_cur", 0 0, L_000001aad1eab050;  1 drivers
v000001aad1e289c0_0 .net "imem_resp_jal_offset_cur", 31 0, L_000001aad1ea99d0;  1 drivers
v000001aad1e27e80_0 .net "imem_resp_late_redirect_cur", 0 0, L_000001aad1ed0500;  1 drivers
v000001aad1e27520_0 .net "imem_resp_pc_cur", 31 0, L_000001aad1eaad30;  1 drivers
v000001aad1e293c0_0 .net "imem_resp_pred_taken_cur", 0 0, L_000001aad1ea9890;  1 drivers
v000001aad1e28a60_0 .net "imem_resp_pred_target_cur", 31 0, L_000001aad1ea9070;  1 drivers
v000001aad1e295a0_0 .net "imem_resp_static_pred_taken_cur", 0 0, L_000001aad1ed06c0;  1 drivers
v000001aad1e29640_0 .net "imem_resp_static_pred_target_cur", 31 0, L_000001aad1ea8fd0;  1 drivers
v000001aad1e29820_0 .net "mem_dcache_req_ren_cur", 0 0, L_000001aad1ef9ba0;  1 drivers
v000001aad1e275c0_0 .net "mem_dcache_req_wen_cur", 0 0, L_000001aad1ef9040;  1 drivers
v000001aad1e27660_0 .net "mem_dmem_addr_cur", 31 0, L_000001aad1eb2d50;  1 drivers
v000001aad1e27700_0 .net "mem_dmem_mask_cur", 3 0, L_000001aad1ef9890;  1 drivers
v000001aad1e277a0_0 .net "mem_dmem_ren_cur", 0 0, L_000001aad1ef9660;  1 drivers
v000001aad1e27de0_0 .net "mem_dmem_ren_raw_cur", 0 0, L_000001aad1ef9b30;  1 drivers
v000001aad1e27840_0 .net "mem_dmem_wdata_cur", 31 0, L_000001aad1efa0e0;  1 drivers
v000001aad1e278e0_0 .net "mem_dmem_wen_cur", 0 0, L_000001aad1ef8c50;  1 drivers
v000001aad1e27ac0_0 .net "mem_dmem_wen_raw_cur", 0 0, L_000001aad1ef86a0;  1 drivers
v000001aad1e27b60_0 .net "mem_ex_match_rs1_cur", 0 0, L_000001aad1ecc1a0;  1 drivers
v000001aad1e27c00_0 .net "mem_ex_match_rs2_cur", 0 0, L_000001aad1ecca60;  1 drivers
v000001aad1e27fc0_0 .net "mem_load_data_cur", 31 0, L_000001aad1ef9c10;  1 drivers
v000001aad1e28060_0 .net "mem_misalign_trap_cur", 0 0, L_000001aad1ef89b0;  1 drivers
v000001aad1e2a0e0_0 .net "mem_read_en_cur", 0 0, L_000001aad1ef8780;  1 drivers
v000001aad1e2b300_0 .net "mem_stage_complete_cur", 0 0, L_000001aad1ef9eb0;  1 drivers
v000001aad1e2ad60_0 .net "mem_stage_stall_cur", 0 0, L_000001aad1ef8fd0;  1 drivers
v000001aad1e2b260_0 .net "mem_store_data_cur", 31 0, L_000001aad1eb3890;  1 drivers
v000001aad1e29aa0_0 .net "mem_store_data_fwd_cur", 0 0, L_000001aad1ef92e0;  1 drivers
v000001aad1e2af40_0 .var "mem_wb_alu_result_cur", 31 0;
v000001aad1e2a2c0_0 .net "mem_wb_alu_result_next", 31 0, L_000001aad1eb34d0;  1 drivers
v000001aad1e2a040_0 .var "mem_wb_dmem_addr_cur", 31 0;
v000001aad1e2b9e0_0 .net "mem_wb_dmem_addr_next", 31 0, L_000001aad1eb31b0;  1 drivers
v000001aad1e2ab80_0 .var "mem_wb_dmem_mask_cur", 3 0;
v000001aad1e29c80_0 .net "mem_wb_dmem_mask_next", 3 0, L_000001aad1eb4d30;  1 drivers
v000001aad1e2c020_0 .var "mem_wb_dmem_rdata_cur", 31 0;
v000001aad1e29960_0 .net "mem_wb_dmem_rdata_next", 31 0, L_000001aad1eb3d90;  1 drivers
v000001aad1e2b580_0 .var "mem_wb_dmem_ren_cur", 0 0;
v000001aad1e29a00_0 .net "mem_wb_dmem_ren_next", 0 0, L_000001aad1eb2e90;  1 drivers
v000001aad1e2afe0_0 .var "mem_wb_dmem_wdata_cur", 31 0;
v000001aad1e298c0_0 .net "mem_wb_dmem_wdata_next", 31 0, L_000001aad1eb3cf0;  1 drivers
v000001aad1e2bda0_0 .var "mem_wb_dmem_wen_cur", 0 0;
v000001aad1e2bee0_0 .net "mem_wb_dmem_wen_next", 0 0, L_000001aad1eb3c50;  1 drivers
v000001aad1e2aae0_0 .var "mem_wb_ebreak_cur", 0 0;
v000001aad1e2b080_0 .net "mem_wb_ebreak_next", 0 0, L_000001aad1eb2f30;  1 drivers
v000001aad1e2ac20_0 .net "mem_wb_forward_data_cur", 31 0, L_000001aad1eccd00;  1 drivers
v000001aad1e2b3a0_0 .var "mem_wb_illegal_inst_cur", 0 0;
v000001aad1e2bbc0_0 .net "mem_wb_illegal_inst_next", 0 0, L_000001aad1eb3250;  1 drivers
v000001aad1e2bc60_0 .var "mem_wb_inst_cur", 31 0;
v000001aad1e2a720_0 .net "mem_wb_inst_next", 31 0, L_000001aad1eb54b0;  1 drivers
v000001aad1e2b940_0 .var "mem_wb_jump_cur", 0 0;
v000001aad1e2b4e0_0 .net "mem_wb_jump_next", 0 0, L_000001aad1eb4fb0;  1 drivers
v000001aad1e2aa40_0 .var "mem_wb_load_data_cur", 31 0;
v000001aad1e2b120_0 .net "mem_wb_load_data_next", 31 0, L_000001aad1eb3110;  1 drivers
v000001aad1e2a680_0 .var "mem_wb_lui_cur", 0 0;
v000001aad1e2aea0_0 .net "mem_wb_lui_next", 0 0, L_000001aad1eb3570;  1 drivers
v000001aad1e2bd00_0 .var "mem_wb_mem_to_reg_cur", 0 0;
v000001aad1e2bb20_0 .net "mem_wb_mem_to_reg_next", 0 0, L_000001aad1eb45b0;  1 drivers
v000001aad1e2b620_0 .var "mem_wb_misalign_trap_cur", 0 0;
v000001aad1e2a5e0_0 .net "mem_wb_misalign_trap_next", 0 0, L_000001aad1eb5230;  1 drivers
v000001aad1e2a180_0 .var "mem_wb_next_pc_cur", 31 0;
v000001aad1e2a540_0 .net "mem_wb_next_pc_next", 31 0, L_000001aad1eb3750;  1 drivers
v000001aad1e2b1c0_0 .var "mem_wb_offset_cur", 31 0;
v000001aad1e2ba80_0 .net "mem_wb_offset_next", 31 0, L_000001aad1eb4e70;  1 drivers
v000001aad1e2acc0_0 .var "mem_wb_pc_cur", 31 0;
v000001aad1e29f00_0 .var "mem_wb_pc_misalign_trap_cur", 0 0;
v000001aad1e29b40_0 .net "mem_wb_pc_misalign_trap_next", 0 0, L_000001aad1eb3610;  1 drivers
v000001aad1e2ae00_0 .net "mem_wb_pc_next", 31 0, L_000001aad1eb5190;  1 drivers
v000001aad1e2b6c0_0 .var "mem_wb_pc_plus4_cur", 31 0;
v000001aad1e2b440_0 .net "mem_wb_pc_plus4_next", 31 0, L_000001aad1eb48d0;  1 drivers
v000001aad1e2a7c0_0 .var "mem_wb_rd_waddr_cur", 4 0;
v000001aad1e2bf80_0 .net "mem_wb_rd_waddr_next", 4 0, L_000001aad1eb4970;  1 drivers
v000001aad1e2a860_0 .var "mem_wb_reg_write_cur", 0 0;
v000001aad1e2be40_0 .net "mem_wb_reg_write_next", 0 0, L_000001aad1eb5050;  1 drivers
v000001aad1e2b760_0 .var "mem_wb_rs1_raddr_cur", 4 0;
v000001aad1e2b800_0 .net "mem_wb_rs1_raddr_next", 4 0, L_000001aad1eb4290;  1 drivers
v000001aad1e2b8a0_0 .var "mem_wb_rs1_rdata_cur", 31 0;
v000001aad1e2a900_0 .net "mem_wb_rs1_rdata_next", 31 0, L_000001aad1eb4510;  1 drivers
v000001aad1e29fa0_0 .var "mem_wb_rs2_raddr_cur", 4 0;
v000001aad1e2a360_0 .net "mem_wb_rs2_raddr_next", 4 0, L_000001aad1eb4330;  1 drivers
v000001aad1e29be0_0 .var "mem_wb_rs2_rdata_cur", 31 0;
v000001aad1e29d20_0 .net "mem_wb_rs2_rdata_next", 31 0, L_000001aad1eb4dd0;  1 drivers
v000001aad1e29dc0_0 .var "mem_wb_valid_cur", 0 0;
v000001aad1e2a220_0 .net "mem_wb_valid_next", 0 0, L_000001aad1ef9270;  1 drivers
v000001aad1e29e60_0 .net "mem_write_en_cur", 0 0, L_000001aad1ef9ac0;  1 drivers
v000001aad1e2a400_0 .net "o_dmem_addr", 31 0, L_000001aad1ef9f20;  alias, 1 drivers
v000001aad1e2a4a0_0 .net "o_dmem_mask", 3 0, L_000001aad1eb3bb0;  alias, 1 drivers
v000001aad1e2a9a0_0 .net "o_dmem_ren", 0 0, L_000001aad1ef8cc0;  alias, 1 drivers
v000001aad1e2d9c0_0 .net "o_dmem_wdata", 31 0, L_000001aad1ef9200;  alias, 1 drivers
v000001aad1e2d7e0_0 .net "o_dmem_wen", 0 0, L_000001aad1ef9f90;  alias, 1 drivers
v000001aad1e2d920_0 .net "o_imem_raddr", 31 0, L_000001aad1ed1140;  alias, 1 drivers
v000001aad1e2d380_0 .net "o_imem_ren", 0 0, L_000001aad1ed1290;  alias, 1 drivers
v000001aad1e2e140_0 .net "o_retire_dmem_addr", 31 0, L_000001aad1efa5b0;  alias, 1 drivers
v000001aad1e2d2e0_0 .net "o_retire_dmem_mask", 3 0, L_000001aad1efae00;  alias, 1 drivers
v000001aad1e2d1a0_0 .net "o_retire_dmem_rdata", 31 0, L_000001aad1efb8f0;  alias, 1 drivers
v000001aad1e2e1e0_0 .net "o_retire_dmem_ren", 0 0, L_000001aad1efa1c0;  alias, 1 drivers
v000001aad1e2c160_0 .net "o_retire_dmem_wdata", 31 0, L_000001aad1efa9a0;  alias, 1 drivers
v000001aad1e2e3c0_0 .net "o_retire_dmem_wen", 0 0, L_000001aad1efb420;  alias, 1 drivers
v000001aad1e2de20_0 .net "o_retire_halt", 0 0, L_000001aad1ef8940;  alias, 1 drivers
v000001aad1e2c7a0_0 .net "o_retire_inst", 31 0, L_000001aad1ef8d30;  alias, 1 drivers
v000001aad1e2d420_0 .net "o_retire_next_pc", 31 0, L_000001aad1efacb0;  alias, 1 drivers
v000001aad1e2d240_0 .net "o_retire_pc", 31 0, L_000001aad1efa230;  alias, 1 drivers
v000001aad1e2d880_0 .net "o_retire_rd_waddr", 4 0, L_000001aad1eb46f0;  alias, 1 drivers
v000001aad1e2ce80_0 .net "o_retire_rd_wdata", 31 0, L_000001aad1efa4d0;  alias, 1 drivers
v000001aad1e2c520_0 .net "o_retire_rs1_raddr", 4 0, L_000001aad1ef8da0;  alias, 1 drivers
v000001aad1e2e320_0 .net "o_retire_rs1_rdata", 31 0, L_000001aad1ef95f0;  alias, 1 drivers
v000001aad1e2d4c0_0 .net "o_retire_rs2_raddr", 4 0, L_000001aad1ef93c0;  alias, 1 drivers
v000001aad1e2c980_0 .net "o_retire_rs2_rdata", 31 0, L_000001aad1ef96d0;  alias, 1 drivers
v000001aad1e2cd40_0 .net "o_retire_trap", 0 0, L_000001aad1ef88d0;  alias, 1 drivers
v000001aad1e2db00_0 .net "o_retire_valid", 0 0, L_000001aad1ef9510;  alias, 1 drivers
v000001aad1e2c840_0 .var "pc_cur", 31 0;
v000001aad1e2d560_0 .net "pc_next", 31 0, L_000001aad1ea9ed0;  1 drivers
v000001aad1e2ca20_0 .var "ras_head_cur", 2 0;
v000001aad1e2cc00_0 .net "ras_pop_fire_cur", 0 0, L_000001aad1ed0880;  1 drivers
v000001aad1e2dce0_0 .net "ras_push_fire_cur", 0 0, L_000001aad1ed0490;  1 drivers
v000001aad1e2c200 .array "ras_stack_cur", 0 7, 31 0;
v000001aad1e2dd80_0 .var "ras_valid_cur", 0 0;
v000001aad1e2da60_0 .net "retire_halt_cur", 0 0, L_000001aad1ef9820;  1 drivers
v000001aad1e2dec0_0 .net "wb_trap_cur", 0 0, L_000001aad1ef9350;  1 drivers
v000001aad1e2cf20_0 .net "wb_write_data_cur", 31 0, L_000001aad1eb4650;  1 drivers
v000001aad1e2e280_0 .net "wb_write_enable_cur", 0 0, L_000001aad1ef85c0;  1 drivers
L_000001aad1ea7130 .arith/sum 32, v000001aad1e2c840_0, L_000001aad1e3ef40;
L_000001aad1ea6730 .part L_000001aad1cf7050, 2, 7;
L_000001aad1ea6f50 .part L_000001aad1cf7050, 9, 23;
L_000001aad1ea7bd0 .part/v v000001aad1e03670_0, L_000001aad1ea6730, 1;
L_000001aad1ea6870 .array/port v000001aad1e035d0, L_000001aad1ea6ff0;
L_000001aad1ea6ff0 .concat [ 7 2 0 0], L_000001aad1ea6730, L_000001aad1e3ef88;
L_000001aad1ea7db0 .cmp/eq 23, L_000001aad1ea6870, L_000001aad1ea6f50;
L_000001aad1ea69b0 .part L_000001aad1cf7600, 0, 7;
L_000001aad1ea71d0 .cmp/eq 7, L_000001aad1ea69b0, L_000001aad1e3efd0;
L_000001aad1ea7d10 .part L_000001aad1cf7600, 0, 7;
L_000001aad1ea88f0 .cmp/eq 7, L_000001aad1ea7d10, L_000001aad1e3f018;
L_000001aad1ea8a30 .part L_000001aad1cf7600, 31, 1;
LS_000001aad1ea7270_0_0 .concat [ 1 1 1 1], L_000001aad1ea8a30, L_000001aad1ea8a30, L_000001aad1ea8a30, L_000001aad1ea8a30;
LS_000001aad1ea7270_0_4 .concat [ 1 1 1 1], L_000001aad1ea8a30, L_000001aad1ea8a30, L_000001aad1ea8a30, L_000001aad1ea8a30;
LS_000001aad1ea7270_0_8 .concat [ 1 1 1 1], L_000001aad1ea8a30, L_000001aad1ea8a30, L_000001aad1ea8a30, L_000001aad1ea8a30;
LS_000001aad1ea7270_0_12 .concat [ 1 1 1 1], L_000001aad1ea8a30, L_000001aad1ea8a30, L_000001aad1ea8a30, L_000001aad1ea8a30;
LS_000001aad1ea7270_0_16 .concat [ 1 1 1 1], L_000001aad1ea8a30, L_000001aad1ea8a30, L_000001aad1ea8a30, L_000001aad1ea8a30;
LS_000001aad1ea7270_1_0 .concat [ 4 4 4 4], LS_000001aad1ea7270_0_0, LS_000001aad1ea7270_0_4, LS_000001aad1ea7270_0_8, LS_000001aad1ea7270_0_12;
LS_000001aad1ea7270_1_4 .concat [ 4 0 0 0], LS_000001aad1ea7270_0_16;
L_000001aad1ea7270 .concat [ 16 4 0 0], LS_000001aad1ea7270_1_0, LS_000001aad1ea7270_1_4;
L_000001aad1ea6a50 .part L_000001aad1cf7600, 7, 1;
L_000001aad1ea7310 .part L_000001aad1cf7600, 25, 6;
L_000001aad1ea73b0 .part L_000001aad1cf7600, 8, 4;
LS_000001aad1ea76d0_0_0 .concat [ 1 4 6 1], L_000001aad1e3f060, L_000001aad1ea73b0, L_000001aad1ea7310, L_000001aad1ea6a50;
LS_000001aad1ea76d0_0_4 .concat [ 20 0 0 0], L_000001aad1ea7270;
L_000001aad1ea76d0 .concat [ 12 20 0 0], LS_000001aad1ea76d0_0_0, LS_000001aad1ea76d0_0_4;
L_000001aad1ea7f90 .part L_000001aad1cf7600, 31, 1;
LS_000001aad1ea74f0_0_0 .concat [ 1 1 1 1], L_000001aad1ea7f90, L_000001aad1ea7f90, L_000001aad1ea7f90, L_000001aad1ea7f90;
LS_000001aad1ea74f0_0_4 .concat [ 1 1 1 1], L_000001aad1ea7f90, L_000001aad1ea7f90, L_000001aad1ea7f90, L_000001aad1ea7f90;
LS_000001aad1ea74f0_0_8 .concat [ 1 1 1 1], L_000001aad1ea7f90, L_000001aad1ea7f90, L_000001aad1ea7f90, L_000001aad1ea7f90;
L_000001aad1ea74f0 .concat [ 4 4 4 0], LS_000001aad1ea74f0_0_0, LS_000001aad1ea74f0_0_4, LS_000001aad1ea74f0_0_8;
L_000001aad1ea7450 .part L_000001aad1cf7600, 12, 8;
L_000001aad1ea7630 .part L_000001aad1cf7600, 20, 1;
L_000001aad1ea8030 .part L_000001aad1cf7600, 21, 10;
LS_000001aad1ea80d0_0_0 .concat [ 1 10 1 8], L_000001aad1e3f0a8, L_000001aad1ea8030, L_000001aad1ea7630, L_000001aad1ea7450;
LS_000001aad1ea80d0_0_4 .concat [ 12 0 0 0], L_000001aad1ea74f0;
L_000001aad1ea80d0 .concat [ 20 12 0 0], LS_000001aad1ea80d0_0_0, LS_000001aad1ea80d0_0_4;
L_000001aad1ea8170 .part L_000001aad1cf7600, 31, 1;
L_000001aad1ea83f0 .arith/sum 32, L_000001aad1cf7050, L_000001aad1ea80d0;
L_000001aad1ea8490 .arith/sum 32, L_000001aad1cf7050, L_000001aad1ea76d0;
L_000001aad1ea8530 .functor MUXZ 32, L_000001aad1ea8490, L_000001aad1ea83f0, L_000001aad1ea88f0, C4<>;
L_000001aad1ea9390 .part L_000001aad1cf7600, 0, 7;
L_000001aad1ea8df0 .cmp/eq 7, L_000001aad1ea9390, L_000001aad1e3f0f0;
L_000001aad1ea9d90 .part L_000001aad1cf7600, 7, 5;
L_000001aad1ea92f0 .part L_000001aad1cf7600, 15, 5;
L_000001aad1ea97f0 .cmp/eq 5, L_000001aad1ea9d90, L_000001aad1e3f138;
L_000001aad1ea9110 .cmp/eq 5, L_000001aad1ea9d90, L_000001aad1e3f180;
L_000001aad1eab370 .cmp/eq 5, L_000001aad1ea92f0, L_000001aad1e3f1c8;
L_000001aad1ea9e30 .cmp/eq 5, L_000001aad1ea92f0, L_000001aad1e3f210;
L_000001aad1ea8d50 .cmp/eq 5, L_000001aad1ea9d90, L_000001aad1e3f258;
L_000001aad1ea9430 .cmp/ne 5, L_000001aad1ea9d90, L_000001aad1ea92f0;
L_000001aad1eaadd0 .array/port v000001aad1e2c200, L_000001aad1eaa970;
L_000001aad1eaa830 .arith/sub 3, v000001aad1e2ca20_0, L_000001aad1e3f2a0;
L_000001aad1eaa970 .concat [ 3 2 0 0], L_000001aad1eaa830, L_000001aad1e3f2e8;
L_000001aad1eaab50 .array/port v000001aad1e03b70, L_000001aad1eaa290;
L_000001aad1eaa290 .concat [ 7 2 0 0], L_000001aad1ea6730, L_000001aad1e3f330;
L_000001aad1eaaf10 .part L_000001aad1eaab50, 1, 1;
L_000001aad1eaaab0 .functor MUXZ 1, L_000001aad1cf6a30, L_000001aad1eaaf10, L_000001aad1cf70c0, C4<>;
L_000001aad1eaa330 .array/port v000001aad1e03b70, L_000001aad1eaabf0;
L_000001aad1eaabf0 .concat [ 7 2 0 0], L_000001aad1ea6730, L_000001aad1e3f378;
L_000001aad1eab2d0 .part L_000001aad1eaa330, 1, 1;
L_000001aad1ea9250 .array/port v000001aad1e05290, L_000001aad1ea94d0;
L_000001aad1ea94d0 .concat [ 7 2 0 0], L_000001aad1ea6730, L_000001aad1e3f3c0;
L_000001aad1eaac90 .functor MUXZ 32, L_000001aad1ea7130, L_000001aad1ea9250, L_000001aad1eab2d0, C4<>;
L_000001aad1eaa3d0 .functor MUXZ 32, L_000001aad1ea7130, L_000001aad1ea8530, L_000001aad1cf6a30, C4<>;
L_000001aad1ea9570 .functor MUXZ 32, L_000001aad1eaa3d0, L_000001aad1eaac90, L_000001aad1cf70c0, C4<>;
L_000001aad1eaa650 .functor MUXZ 32, L_000001aad1ea9570, L_000001aad1cf6db0, L_000001aad1cf71a0, C4<>;
L_000001aad1eaae70 .functor MUXZ 32, L_000001aad1cf7360, L_000001aad1eaed90, L_000001aad1ed33d0, C4<>;
L_000001aad1ea9ed0 .functor MUXZ 32, L_000001aad1eaae70, L_000001aad1eb3ed0, L_000001aad1ece7b0, C4<>;
L_000001aad1ea9cf0 .functor MUXZ 32, L_000001aad1cf7050, v000001aad1e270c0_0, v000001aad1e286a0_0, C4<>;
L_000001aad1eaad30 .functor MUXZ 32, L_000001aad1cf7050, v000001aad1e270c0_0, v000001aad1e286a0_0, C4<>;
L_000001aad1eaafb0 .part L_000001aad1cf7600, 0, 7;
L_000001aad1ea9750 .cmp/eq 7, L_000001aad1eaafb0, L_000001aad1e3f408;
L_000001aad1ea9c50 .part L_000001aad1cf7600, 0, 7;
L_000001aad1eab050 .cmp/eq 7, L_000001aad1ea9c50, L_000001aad1e3f450;
L_000001aad1ea9610 .part L_000001aad1cf7600, 31, 1;
LS_000001aad1eaa470_0_0 .concat [ 1 1 1 1], L_000001aad1ea9610, L_000001aad1ea9610, L_000001aad1ea9610, L_000001aad1ea9610;
LS_000001aad1eaa470_0_4 .concat [ 1 1 1 1], L_000001aad1ea9610, L_000001aad1ea9610, L_000001aad1ea9610, L_000001aad1ea9610;
LS_000001aad1eaa470_0_8 .concat [ 1 1 1 1], L_000001aad1ea9610, L_000001aad1ea9610, L_000001aad1ea9610, L_000001aad1ea9610;
LS_000001aad1eaa470_0_12 .concat [ 1 1 1 1], L_000001aad1ea9610, L_000001aad1ea9610, L_000001aad1ea9610, L_000001aad1ea9610;
LS_000001aad1eaa470_0_16 .concat [ 1 1 1 1], L_000001aad1ea9610, L_000001aad1ea9610, L_000001aad1ea9610, L_000001aad1ea9610;
LS_000001aad1eaa470_1_0 .concat [ 4 4 4 4], LS_000001aad1eaa470_0_0, LS_000001aad1eaa470_0_4, LS_000001aad1eaa470_0_8, LS_000001aad1eaa470_0_12;
LS_000001aad1eaa470_1_4 .concat [ 4 0 0 0], LS_000001aad1eaa470_0_16;
L_000001aad1eaa470 .concat [ 16 4 0 0], LS_000001aad1eaa470_1_0, LS_000001aad1eaa470_1_4;
L_000001aad1eab410 .part L_000001aad1cf7600, 7, 1;
L_000001aad1eab0f0 .part L_000001aad1cf7600, 25, 6;
L_000001aad1ea96b0 .part L_000001aad1cf7600, 8, 4;
LS_000001aad1eab190_0_0 .concat [ 1 4 6 1], L_000001aad1e3f498, L_000001aad1ea96b0, L_000001aad1eab0f0, L_000001aad1eab410;
LS_000001aad1eab190_0_4 .concat [ 20 0 0 0], L_000001aad1eaa470;
L_000001aad1eab190 .concat [ 12 20 0 0], LS_000001aad1eab190_0_0, LS_000001aad1eab190_0_4;
L_000001aad1eab230 .part L_000001aad1cf7600, 31, 1;
LS_000001aad1ea9930_0_0 .concat [ 1 1 1 1], L_000001aad1eab230, L_000001aad1eab230, L_000001aad1eab230, L_000001aad1eab230;
LS_000001aad1ea9930_0_4 .concat [ 1 1 1 1], L_000001aad1eab230, L_000001aad1eab230, L_000001aad1eab230, L_000001aad1eab230;
LS_000001aad1ea9930_0_8 .concat [ 1 1 1 1], L_000001aad1eab230, L_000001aad1eab230, L_000001aad1eab230, L_000001aad1eab230;
L_000001aad1ea9930 .concat [ 4 4 4 0], LS_000001aad1ea9930_0_0, LS_000001aad1ea9930_0_4, LS_000001aad1ea9930_0_8;
L_000001aad1ea9bb0 .part L_000001aad1cf7600, 12, 8;
L_000001aad1ea8e90 .part L_000001aad1cf7600, 20, 1;
L_000001aad1ea91b0 .part L_000001aad1cf7600, 21, 10;
LS_000001aad1ea99d0_0_0 .concat [ 1 10 1 8], L_000001aad1e3f4e0, L_000001aad1ea91b0, L_000001aad1ea8e90, L_000001aad1ea9bb0;
LS_000001aad1ea99d0_0_4 .concat [ 12 0 0 0], L_000001aad1ea9930;
L_000001aad1ea99d0 .concat [ 20 12 0 0], LS_000001aad1ea99d0_0_0, LS_000001aad1ea99d0_0_4;
L_000001aad1eaa150 .part L_000001aad1cf7600, 31, 1;
L_000001aad1eab4b0 .arith/sum 32, L_000001aad1eaad30, L_000001aad1ea99d0;
L_000001aad1ea8f30 .arith/sum 32, L_000001aad1eaad30, L_000001aad1eab190;
L_000001aad1ea8fd0 .functor MUXZ 32, L_000001aad1ea8f30, L_000001aad1eab4b0, L_000001aad1eab050, C4<>;
L_000001aad1ea9890 .functor MUXZ 1, L_000001aad1cf7130, L_000001aad1ecfb60, v000001aad1e286a0_0, C4<>;
L_000001aad1eaa0b0 .functor MUXZ 32, v000001aad1e28100_0, L_000001aad1ea8fd0, L_000001aad1ed06c0, C4<>;
L_000001aad1eaa5b0 .functor MUXZ 32, L_000001aad1eaa0b0, v000001aad1e28100_0, v000001aad1e27480_0, C4<>;
L_000001aad1ea9070 .functor MUXZ 32, L_000001aad1eaa650, L_000001aad1eaa5b0, v000001aad1e286a0_0, C4<>;
L_000001aad1ea9a70 .arith/sum 32, L_000001aad1eaad30, L_000001aad1e3f528;
L_000001aad1eaf510 .part v000001aad1e259a0_0, 0, 7;
L_000001aad1eae4d0 .cmp/eq 7, L_000001aad1eaf510, L_000001aad1e40068;
L_000001aad1eb0410 .cmp/eq 7, L_000001aad1eaf510, L_000001aad1e400b0;
L_000001aad1eade90 .cmp/eq 7, L_000001aad1eaf510, L_000001aad1e400f8;
L_000001aad1eaf290 .cmp/eq 7, L_000001aad1eaf510, L_000001aad1e40140;
L_000001aad1eae9d0 .cmp/eq 7, L_000001aad1eaf510, L_000001aad1e40188;
L_000001aad1eaea70 .cmp/eq 7, L_000001aad1eaf510, L_000001aad1e401d0;
L_000001aad1eb02d0 .cmp/eq 7, L_000001aad1eaf510, L_000001aad1e40218;
L_000001aad1eaeb10 .cmp/eq 7, L_000001aad1eaf510, L_000001aad1e40260;
L_000001aad1eafe70 .cmp/eq 7, L_000001aad1eaf510, L_000001aad1e402a8;
L_000001aad1eae570 .cmp/eq 7, L_000001aad1eaf510, L_000001aad1e402f0;
L_000001aad1eaebb0 .cmp/eq 7, L_000001aad1eaf510, L_000001aad1e40338;
L_000001aad1eaddf0 .cmp/eq 7, L_000001aad1eaf510, L_000001aad1e40380;
L_000001aad1eaf830 .cmp/eq 7, L_000001aad1eaf510, L_000001aad1e403c8;
L_000001aad1eaef70 .cmp/eq 7, L_000001aad1eaf510, L_000001aad1e40410;
L_000001aad1eaf150 .part v000001aad1e259a0_0, 12, 3;
L_000001aad1eafa10 .cmp/ne 5, v000001aad1e20ea0_0, L_000001aad1e40458;
L_000001aad1eb0190 .cmp/eq 5, v000001aad1e20ea0_0, L_000001aad1ead3f0;
L_000001aad1eaf010 .cmp/ne 5, v000001aad1e20ea0_0, L_000001aad1e404a0;
L_000001aad1eae070 .cmp/eq 5, v000001aad1e20ea0_0, L_000001aad1eac810;
L_000001aad1eafc90 .cmp/ne 5, v000001aad1e2a7c0_0, L_000001aad1e404e8;
L_000001aad1eb04b0 .cmp/eq 5, v000001aad1e2a7c0_0, L_000001aad1ead3f0;
L_000001aad1eae110 .cmp/ne 5, v000001aad1e2a7c0_0, L_000001aad1e40530;
L_000001aad1eae1b0 .cmp/eq 5, v000001aad1e2a7c0_0, L_000001aad1eac810;
L_000001aad1eadd50 .functor MUXZ 32, L_000001aad1eab7d0, L_000001aad1eccd00, L_000001aad1ed2560, C4<>;
L_000001aad1eb0370 .functor MUXZ 32, L_000001aad1eadd50, L_000001aad1eb0690, L_000001aad1ed16f0, C4<>;
L_000001aad1eaf0b0 .functor MUXZ 32, L_000001aad1eac630, L_000001aad1eccd00, L_000001aad1ed18b0, C4<>;
L_000001aad1eadf30 .functor MUXZ 32, L_000001aad1eaf0b0, L_000001aad1eb0690, L_000001aad1ed1ca0, C4<>;
L_000001aad1eaf970 .cmp/ne 5, v000001aad1e24fa0_0, L_000001aad1e40578;
L_000001aad1eb0230 .cmp/eq 5, v000001aad1e24fa0_0, L_000001aad1ead3f0;
L_000001aad1eaf8d0 .cmp/ne 5, v000001aad1e24fa0_0, L_000001aad1e405c0;
L_000001aad1eae250 .cmp/eq 5, v000001aad1e24fa0_0, L_000001aad1eac810;
L_000001aad1eaff10 .cmp/eq 32, L_000001aad1eb0370, L_000001aad1eadf30;
L_000001aad1eaf1f0 .part L_000001aad1eb0370, 31, 1;
L_000001aad1eae610 .part L_000001aad1eadf30, 31, 1;
L_000001aad1eafb50 .part L_000001aad1eb0370, 31, 1;
L_000001aad1eadfd0 .cmp/gt 32, L_000001aad1eadf30, L_000001aad1eb0370;
L_000001aad1eafab0 .functor MUXZ 1, L_000001aad1eadfd0, L_000001aad1eafb50, L_000001aad1ed37c0, C4<>;
L_000001aad1eaec50 .cmp/gt 32, L_000001aad1eadf30, L_000001aad1eb0370;
L_000001aad1eaffb0 .cmp/eq 3, L_000001aad1eaf150, L_000001aad1e40608;
L_000001aad1eae2f0 .cmp/eq 3, L_000001aad1eaf150, L_000001aad1e40650;
L_000001aad1eaf6f0 .cmp/eq 3, L_000001aad1eaf150, L_000001aad1e40698;
L_000001aad1eaf330 .cmp/eq 3, L_000001aad1eaf150, L_000001aad1e406e0;
L_000001aad1eafbf0 .cmp/eq 3, L_000001aad1eaf150, L_000001aad1e40728;
L_000001aad1eaecf0 .cmp/eq 3, L_000001aad1eaf150, L_000001aad1e40770;
L_000001aad1eae6b0 .functor MUXZ 1, L_000001aad1e407b8, L_000001aad1ed3d00, L_000001aad1eaecf0, C4<>;
L_000001aad1eae750 .functor MUXZ 1, L_000001aad1eae6b0, L_000001aad1eaec50, L_000001aad1eafbf0, C4<>;
L_000001aad1eb00f0 .functor MUXZ 1, L_000001aad1eae750, L_000001aad1ed32f0, L_000001aad1eaf330, C4<>;
L_000001aad1eafdd0 .functor MUXZ 1, L_000001aad1eb00f0, L_000001aad1eafab0, L_000001aad1eaf6f0, C4<>;
L_000001aad1eae390 .functor MUXZ 1, L_000001aad1eafdd0, L_000001aad1ed3590, L_000001aad1eae2f0, C4<>;
L_000001aad1eaf3d0 .functor MUXZ 1, L_000001aad1eae390, L_000001aad1eaff10, L_000001aad1eaffb0, C4<>;
L_000001aad1eafd30 .arith/sum 32, L_000001aad1ed2db0, L_000001aad1eaeed0;
L_000001aad1eae7f0 .arith/sum 32, L_000001aad1ed2db0, L_000001aad1eaeed0;
L_000001aad1eae890 .functor MUXZ 32, L_000001aad1eafd30, L_000001aad1eae7f0, L_000001aad1eaf830, C4<>;
L_000001aad1eae930 .part L_000001aad1eae890, 0, 2;
L_000001aad1eaf470 .reduce/or L_000001aad1eae930;
L_000001aad1eaed90 .functor MUXZ 32, L_000001aad1ed1530, L_000001aad1eae890, L_000001aad1ed3280, C4<>;
L_000001aad1eaf790 .functor MUXZ 32, L_000001aad1ed1530, v000001aad1e28420_0, v000001aad1e282e0_0, C4<>;
L_000001aad1eaf5b0 .cmp/ne 32, L_000001aad1eaed90, L_000001aad1eaf790;
L_000001aad1eaf650 .part v000001aad1e259a0_0, 0, 7;
L_000001aad1eb28f0 .part v000001aad1e259a0_0, 12, 3;
L_000001aad1eb1f90 .part v000001aad1e259a0_0, 25, 7;
L_000001aad1eb0f50 .functor MUXZ 32, v000001aad1e05790_0, v000001aad1e20680_0, v000001aad1e20cc0_0, C4<>;
L_000001aad1eb0690 .functor MUXZ 32, L_000001aad1eb0f50, v000001aad1e21800_0, v000001aad1e20400_0, C4<>;
L_000001aad1eb1e50 .cmp/ne 5, v000001aad1e20ea0_0, L_000001aad1e408d8;
L_000001aad1eb1810 .cmp/eq 5, v000001aad1e20ea0_0, v000001aad1e26440_0;
L_000001aad1eb2210 .cmp/ne 5, v000001aad1e20ea0_0, L_000001aad1e40920;
L_000001aad1eb0cd0 .cmp/eq 5, v000001aad1e20ea0_0, v000001aad1e26760_0;
L_000001aad1eb0e10 .cmp/ne 5, v000001aad1e20ea0_0, L_000001aad1e40968;
L_000001aad1eb1db0 .cmp/eq 5, v000001aad1e20ea0_0, v000001aad1e26440_0;
L_000001aad1eb2ad0 .cmp/ne 5, v000001aad1e20ea0_0, L_000001aad1e409b0;
L_000001aad1eb0d70 .cmp/eq 5, v000001aad1e20ea0_0, v000001aad1e26760_0;
L_000001aad1eb1770 .cmp/ne 5, v000001aad1e2a7c0_0, L_000001aad1e409f8;
L_000001aad1eb1bd0 .cmp/eq 5, v000001aad1e2a7c0_0, v000001aad1e26440_0;
L_000001aad1eb18b0 .cmp/ne 5, v000001aad1e2a7c0_0, L_000001aad1e40a40;
L_000001aad1eb2350 .cmp/eq 5, v000001aad1e2a7c0_0, v000001aad1e26760_0;
L_000001aad1eb1950 .functor MUXZ 2, L_000001aad1e40b18, L_000001aad1e40ad0, L_000001aad1ecc1a0, C4<>;
L_000001aad1eb0c30 .functor MUXZ 2, L_000001aad1eb1950, L_000001aad1e40a88, L_000001aad1ecda20, C4<>;
L_000001aad1eb19f0 .functor MUXZ 2, L_000001aad1e40bf0, L_000001aad1e40ba8, L_000001aad1ecca60, C4<>;
L_000001aad1eb1b30 .functor MUXZ 2, L_000001aad1eb19f0, L_000001aad1e40b60, L_000001aad1ecda90, C4<>;
L_000001aad1eb23f0 .functor MUXZ 2, L_000001aad1eb0c30, L_000001aad1e40c38, v000001aad1e24280_0, C4<>;
L_000001aad1eb1310 .functor MUXZ 2, L_000001aad1eb1b30, L_000001aad1e40c80, v000001aad1e23740_0, C4<>;
L_000001aad1eb0eb0 .cmp/eq 2, L_000001aad1eb0c30, L_000001aad1e40cc8;
L_000001aad1eb0ff0 .cmp/eq 2, L_000001aad1eb0c30, L_000001aad1e40d10;
L_000001aad1eb1a90 .functor MUXZ 32, v000001aad1e26d00_0, L_000001aad1eccd00, L_000001aad1eb0ff0, C4<>;
L_000001aad1eb22b0 .functor MUXZ 32, L_000001aad1eb1a90, L_000001aad1eb0690, L_000001aad1eb0eb0, C4<>;
L_000001aad1eb20d0 .functor MUXZ 32, L_000001aad1eb22b0, L_000001aad1ef9c10, L_000001aad1ecd160, C4<>;
L_000001aad1eb1090 .cmp/eq 2, L_000001aad1eb1b30, L_000001aad1e40d58;
L_000001aad1eb2490 .cmp/eq 2, L_000001aad1eb1b30, L_000001aad1e40da0;
L_000001aad1eb1130 .functor MUXZ 32, v000001aad1e24be0_0, L_000001aad1eccd00, L_000001aad1eb2490, C4<>;
L_000001aad1eb0870 .functor MUXZ 32, L_000001aad1eb1130, L_000001aad1eb0690, L_000001aad1eb1090, C4<>;
L_000001aad1eb1630 .functor MUXZ 32, L_000001aad1eb0870, L_000001aad1ef9c10, L_000001aad1ecc670, C4<>;
L_000001aad1eb0b90 .cmp/eq 2, L_000001aad1eb23f0, L_000001aad1e40de8;
L_000001aad1eb1c70 .functor MUXZ 32, L_000001aad1eb20d0, v000001aad1e23e20_0, L_000001aad1eb0b90, C4<>;
L_000001aad1eb2530 .cmp/eq 2, L_000001aad1eb1310, L_000001aad1e40e30;
L_000001aad1eb2170 .functor MUXZ 32, L_000001aad1eb1630, v000001aad1e23a60_0, L_000001aad1eb2530, C4<>;
L_000001aad1eb2030 .arith/sum 32, v000001aad1e23e20_0, v000001aad1e23a60_0;
L_000001aad1eb13b0 .arith/sum 32, L_000001aad1eb1c70, v000001aad1e23a60_0;
L_000001aad1eb27b0 .arith/sum 32, v000001aad1e23e20_0, v000001aad1e23a60_0;
L_000001aad1eb11d0 .functor MUXZ 32, L_000001aad1eb27b0, L_000001aad1eb13b0, v000001aad1e22840_0, C4<>;
L_000001aad1eb1270 .part L_000001aad1eb11d0, 1, 31;
L_000001aad1eb0730 .concat [ 1 31 0 0], L_000001aad1e40e78, L_000001aad1eb1270;
L_000001aad1eb2990 .functor MUXZ 32, L_000001aad1eb11d0, L_000001aad1eb0730, v000001aad1e22840_0, C4<>;
L_000001aad1eb1450 .functor MUXZ 32, L_000001aad1eb2030, L_000001aad1eb2990, v000001aad1e222a0_0, C4<>;
L_000001aad1eb2850 .cmp/eq 3, v000001aad1e23920_0, L_000001aad1e40ec0;
L_000001aad1eb2a30 .cmp/eq 3, v000001aad1e23920_0, L_000001aad1e40f08;
L_000001aad1eb14f0 .cmp/eq 3, v000001aad1e23920_0, L_000001aad1e40f50;
L_000001aad1eb1590 .cmp/eq 3, v000001aad1e23920_0, L_000001aad1e40f98;
L_000001aad1eb2c10 .cmp/eq 3, v000001aad1e23920_0, L_000001aad1e40fe0;
L_000001aad1eb2cb0 .cmp/eq 3, v000001aad1e23920_0, L_000001aad1e41028;
L_000001aad1eb0550 .functor MUXZ 1, L_000001aad1e41070, L_000001aad1eceb30, L_000001aad1eb2cb0, C4<>;
L_000001aad1eb05f0 .functor MUXZ 1, L_000001aad1eb0550, L_000001aad1ece890, L_000001aad1eb2c10, C4<>;
L_000001aad1eb07d0 .functor MUXZ 1, L_000001aad1eb05f0, L_000001aad1ecf620, L_000001aad1eb1590, C4<>;
L_000001aad1eb0910 .functor MUXZ 1, L_000001aad1eb07d0, L_000001aad1ece890, L_000001aad1eb14f0, C4<>;
L_000001aad1eb09b0 .functor MUXZ 1, L_000001aad1eb0910, L_000001aad1ece510, L_000001aad1eb2a30, C4<>;
L_000001aad1eb0a50 .functor MUXZ 1, L_000001aad1eb09b0, L_000001aad1eb1ef0, L_000001aad1eb2850, C4<>;
L_000001aad1eb0af0 .part L_000001aad1eb1450, 0, 2;
L_000001aad1eb4470 .reduce/or L_000001aad1eb0af0;
L_000001aad1eb3ed0 .functor MUXZ 32, v000001aad1e24780_0, L_000001aad1eb1450, L_000001aad1ecf3f0, C4<>;
L_000001aad1eb4b50 .functor MUXZ 32, v000001aad1e24780_0, v000001aad1e22ca0_0, v000001aad1e22b60_0, C4<>;
L_000001aad1eb3f70 .cmp/ne 32, L_000001aad1eb3ed0, L_000001aad1eb4b50;
L_000001aad1eb40b0 .part v000001aad1e23e20_0, 2, 7;
L_000001aad1eb3a70 .part v000001aad1e23e20_0, 9, 23;
L_000001aad1eb3390 .cmp/ne 5, v000001aad1e2a7c0_0, L_000001aad1e410b8;
L_000001aad1eb39d0 .cmp/eq 5, v000001aad1e2a7c0_0, v000001aad1e20f40_0;
L_000001aad1eb3890 .functor MUXZ 32, v000001aad1e21d00_0, v000001aad1e2aa40_0, L_000001aad1ef92e0, C4<>;
L_000001aad1eb3bb0 .functor MUXZ 4, L_000001aad1e41388, L_000001aad1e41340, L_000001aad1ef9190, C4<>;
L_000001aad1eb5190 .functor MUXZ 32, L_000001aad1e413d0, v000001aad1e21b20_0, L_000001aad1ef9eb0, C4<>;
L_000001aad1eb48d0 .functor MUXZ 32, L_000001aad1e41418, v000001aad1e21800_0, L_000001aad1ef9eb0, C4<>;
L_000001aad1eb3750 .functor MUXZ 32, L_000001aad1e41460, v000001aad1e20b80_0, L_000001aad1ef9eb0, C4<>;
L_000001aad1eb54b0 .functor MUXZ 32, L_000001aad1e414a8, v000001aad1e22020_0, L_000001aad1ef9eb0, C4<>;
L_000001aad1eb4290 .functor MUXZ 5, L_000001aad1e414f0, v000001aad1e1fa00_0, L_000001aad1ef9eb0, C4<>;
L_000001aad1eb4330 .functor MUXZ 5, L_000001aad1e41538, v000001aad1e20f40_0, L_000001aad1ef9eb0, C4<>;
L_000001aad1eb4970 .functor MUXZ 5, L_000001aad1e41580, v000001aad1e20ea0_0, L_000001aad1ef9eb0, C4<>;
L_000001aad1eb4510 .functor MUXZ 32, L_000001aad1e415c8, v000001aad1e21a80_0, L_000001aad1ef9eb0, C4<>;
L_000001aad1eb4dd0 .functor MUXZ 32, L_000001aad1e41610, v000001aad1e211c0_0, L_000001aad1ef9eb0, C4<>;
L_000001aad1eb4e70 .functor MUXZ 32, L_000001aad1e41658, v000001aad1e20680_0, L_000001aad1ef9eb0, C4<>;
L_000001aad1eb34d0 .functor MUXZ 32, L_000001aad1e416a0, v000001aad1e05790_0, L_000001aad1ef9eb0, C4<>;
L_000001aad1eb3110 .functor MUXZ 32, L_000001aad1e416e8, L_000001aad1ef9c10, L_000001aad1ef9d60, C4<>;
L_000001aad1eb31b0 .functor MUXZ 32, L_000001aad1e41730, L_000001aad1eb2d50, L_000001aad1ef9eb0, C4<>;
L_000001aad1eb2e90 .functor MUXZ 1, L_000001aad1e41778, L_000001aad1ef9b30, L_000001aad1ef9eb0, C4<>;
L_000001aad1eb3c50 .functor MUXZ 1, L_000001aad1e417c0, L_000001aad1ef86a0, L_000001aad1ef9eb0, C4<>;
L_000001aad1eb4d30 .functor MUXZ 4, L_000001aad1e41808, L_000001aad1ef9890, L_000001aad1ef9eb0, C4<>;
L_000001aad1eb3cf0 .functor MUXZ 32, L_000001aad1e41850, L_000001aad1efa0e0, L_000001aad1ef9eb0, C4<>;
L_000001aad1eb3d90 .functor MUXZ 32, L_000001aad1e41898, L_000001aad1efa2a0, L_000001aad1ef9d60, C4<>;
L_000001aad1eb45b0 .functor MUXZ 1, L_000001aad1e418e0, v000001aad1e216c0_0, L_000001aad1ef9eb0, C4<>;
L_000001aad1eb3570 .functor MUXZ 1, L_000001aad1e41928, v000001aad1e20cc0_0, L_000001aad1ef9eb0, C4<>;
L_000001aad1eb4fb0 .functor MUXZ 1, L_000001aad1e41970, v000001aad1e20400_0, L_000001aad1ef9eb0, C4<>;
L_000001aad1eb5050 .functor MUXZ 1, L_000001aad1e419b8, v000001aad1e204a0_0, L_000001aad1ef9eb0, C4<>;
L_000001aad1eb3250 .functor MUXZ 1, L_000001aad1e41a00, v000001aad1e20a40_0, L_000001aad1ef9eb0, C4<>;
L_000001aad1eb3610 .functor MUXZ 1, L_000001aad1e41a48, v000001aad1e20d60_0, L_000001aad1ef9eb0, C4<>;
L_000001aad1eb5230 .functor MUXZ 1, L_000001aad1e41a90, L_000001aad1ef89b0, L_000001aad1ef9eb0, C4<>;
L_000001aad1eb2f30 .functor MUXZ 1, L_000001aad1e41ad8, v000001aad1e21940_0, L_000001aad1ef9eb0, C4<>;
L_000001aad1eb46f0 .functor MUXZ 5, L_000001aad1e41b20, v000001aad1e2a7c0_0, L_000001aad1ef85c0, C4<>;
S_000001aad1512d20 .scope module, "u_dcache" "cache" 3 555, 4 3 0, S_000001aad155a220;
 .timescale -9 -12;
    .port_info 0 /INPUT 1 "i_clk";
    .port_info 1 /INPUT 1 "i_rst";
    .port_info 2 /INPUT 1 "i_mem_ready";
    .port_info 3 /OUTPUT 32 "o_mem_addr";
    .port_info 4 /OUTPUT 1 "o_mem_ren";
    .port_info 5 /OUTPUT 1 "o_mem_wen";
    .port_info 6 /OUTPUT 32 "o_mem_wdata";
    .port_info 7 /INPUT 32 "i_mem_rdata";
    .port_info 8 /INPUT 1 "i_mem_valid";
    .port_info 9 /OUTPUT 1 "o_busy";
    .port_info 10 /INPUT 32 "i_req_addr";
    .port_info 11 /INPUT 1 "i_req_ren";
    .port_info 12 /INPUT 1 "i_req_wen";
    .port_info 13 /INPUT 4 "i_req_mask";
    .port_info 14 /INPUT 32 "i_req_wdata";
    .port_info 15 /OUTPUT 32 "o_res_rdata";
P_000001aad15d5e10 .param/l "D" 1 4 37, +C4<00000000000000000000000000000100>;
P_000001aad15d5e48 .param/l "DEPTH" 1 4 35, +C4<00000000000000000000000001000000>;
P_000001aad15d5e80 .param/l "LINE_WIDE" 0 4 9, +C4<00000000000000000000000000000000>;
P_000001aad15d5eb8 .param/l "O" 1 4 33, +C4<00000000000000000000000000000100>;
P_000001aad15d5ef0 .param/l "PREFETCH_EN" 0 4 4, +C4<00000000000000000000000000000000>;
P_000001aad15d5f28 .param/l "REFILL_LAST_WORD" 1 4 48, C4<0011>;
P_000001aad15d5f60 .param/l "S" 1 4 34, +C4<00000000000000000000000000000110>;
P_000001aad15d5f98 .param/l "STATE_IDLE" 1 4 39, C4<00>;
P_000001aad15d5fd0 .param/l "STATE_REFILL_REQ" 1 4 40, C4<01>;
P_000001aad15d6008 .param/l "STATE_WRITE_REQ" 1 4 41, C4<10>;
P_000001aad15d6040 .param/l "T" 1 4 36, +C4<0000000000000000000000000000010110>;
P_000001aad15d6078 .param/l "WB_COUNT_FULL" 1 4 47, C4<100000>;
P_000001aad15d60b0 .param/l "WB_COUNT_W" 1 4 45, +C4<00000000000000000000000000000110>;
P_000001aad15d60e8 .param/l "WB_COUNT_ZERO" 1 4 46, C4<000000>;
P_000001aad15d6120 .param/l "WB_DEPTH" 1 4 43, +C4<00000000000000000000000000100000>;
P_000001aad15d6158 .param/l "WB_PTR_W" 1 4 44, +C4<00000000000000000000000000000101>;
L_000001aad1cf4570 .functor AND 1, L_000001aad1e1b040, L_000001aad1e1a8c0, C4<1>, C4<1>;
L_000001aad1cf3690 .functor AND 1, L_000001aad1e1c4e0, L_000001aad1e1f320, C4<1>, C4<1>;
L_000001aad1cf4730 .functor AND 1, L_000001aad1e1aa00, L_000001aad1e1eba0, C4<1>, C4<1>;
L_000001aad1cf3d90 .functor AND 1, L_000001aad1e1c6c0, L_000001aad1e1dd40, C4<1>, C4<1>;
L_000001aad1cf4810 .functor OR 1, L_000001aad1cf4570, L_000001aad1cf3690, C4<0>, C4<0>;
L_000001aad1cf43b0 .functor OR 1, L_000001aad1cf4810, L_000001aad1cf4730, C4<0>, C4<0>;
L_000001aad1cf3460 .functor OR 1, L_000001aad1cf43b0, L_000001aad1cf3d90, C4<0>, C4<0>;
L_000001aad1cf3a80 .functor BUFZ 32, L_000001aad1e1e7e0, C4<00000000000000000000000000000000>, C4<00000000000000000000000000000000>, C4<00000000000000000000000000000000>;
L_000001aad1cf3ee0 .functor BUFZ 32, L_000001aad1e1e100, C4<00000000000000000000000000000000>, C4<00000000000000000000000000000000>, C4<00000000000000000000000000000000>;
L_000001aad1cf4880 .functor BUFZ 32, L_000001aad1e1d340, C4<00000000000000000000000000000000>, C4<00000000000000000000000000000000>, C4<00000000000000000000000000000000>;
L_000001aad1cf41f0 .functor BUFZ 32, L_000001aad1e1ec40, C4<00000000000000000000000000000000>, C4<00000000000000000000000000000000>, C4<00000000000000000000000000000000>;
L_000001aad1cf35b0 .functor NOT 1, L_000001aad1e1b040, C4<0>, C4<0>, C4<0>;
L_000001aad1cf48f0 .functor NOT 1, L_000001aad1e1c4e0, C4<0>, C4<0>, C4<0>;
L_000001aad1cf4a40 .functor NOT 1, L_000001aad1e1aa00, C4<0>, C4<0>, C4<0>;
L_000001aad1cf4420 .functor NOT 1, L_000001aad1e1c6c0, C4<0>, C4<0>, C4<0>;
L_000001aad1cf4030 .functor AND 1, v000001aad1dc1900_0, L_000001aad1e1dfc0, C4<1>, C4<1>;
L_000001aad1cf42d0 .functor AND 1, L_000001aad1cf4030, L_000001aad1e1f5a0, C4<1>, C4<1>;
L_000001aad1cf3cb0 .functor AND 1, v000001aad1dc1900_0, L_000001aad1e1ee20, C4<1>, C4<1>;
L_000001aad1cf4c70 .functor AND 1, L_000001aad1cf3cb0, L_000001aad1e1f780, C4<1>, C4<1>;
L_000001aad1cf30e0 .functor AND 1, v000001aad1dc1900_0, L_000001aad1e1e6a0, C4<1>, C4<1>;
L_000001aad1cf3150 .functor AND 1, L_000001aad1cf30e0, L_000001aad1e1d980, C4<1>, C4<1>;
L_000001aad1cf3700 .functor AND 1, v000001aad1dc1900_0, L_000001aad1e1e880, C4<1>, C4<1>;
L_000001aad1cf3230 .functor AND 1, L_000001aad1cf3700, L_000001aad1e1e740, C4<1>, C4<1>;
L_000001aad1cf32a0 .functor OR 1, L_000001aad1cf42d0, L_000001aad1cf4c70, C4<0>, C4<0>;
L_000001aad1cf3af0 .functor OR 1, L_000001aad1cf32a0, L_000001aad1cf3150, C4<0>, C4<0>;
L_000001aad1cf3540 .functor OR 1, L_000001aad1cf3af0, L_000001aad1cf3230, C4<0>, C4<0>;
L_000001aad1cf3380 .functor NOT 1, L_000001aad1ea19b0, C4<0>, C4<0>, C4<0>;
L_000001aad1cf40a0 .functor NOT 1, L_000001aad1ea2a90, C4<0>, C4<0>, C4<0>;
L_000001aad1cf3770 .functor NOT 1, L_000001aad1ea1ff0, C4<0>, C4<0>, C4<0>;
L_000001aad1cf37e0 .functor NOT 1, L_000001aad1ea38f0, C4<0>, C4<0>, C4<0>;
L_000001aad1cf3930 .functor NOT 32, L_000001aad1ea2770, C4<00000000000000000000000000000000>, C4<00000000000000000000000000000000>, C4<00000000000000000000000000000000>;
L_000001aad1cf39a0 .functor AND 32, L_000001aad1e1f6e0, L_000001aad1cf3930, C4<11111111111111111111111111111111>, C4<11111111111111111111111111111111>;
L_000001aad1cf3b60 .functor AND 32, L_000001aad1efa0e0, L_000001aad1ea2770, C4<11111111111111111111111111111111>, C4<11111111111111111111111111111111>;
L_000001aad1cf3bd0 .functor OR 32, L_000001aad1cf39a0, L_000001aad1cf3b60, C4<00000000000000000000000000000000>, C4<00000000000000000000000000000000>;
L_000001aad1cf3f50 .functor OR 32, L_000001aad1ea2d10, L_000001aad1ea3350, C4<00000000000000000000000000000000>, C4<00000000000000000000000000000000>;
L_000001aad1cf3fc0 .functor OR 32, L_000001aad1ea2d10, L_000001aad1ea1550, C4<00000000000000000000000000000000>, C4<00000000000000000000000000000000>;
L_000001aad1cf4110 .functor AND 1, L_000001aad1ea3b70, L_000001aad1ea3030, C4<1>, C4<1>;
L_000001aad1cf4180 .functor AND 1, L_000001aad1ea1690, L_000001aad1ea3210, C4<1>, C4<1>;
L_000001aad1cf5370 .functor OR 1, L_000001aad1cf4110, L_000001aad1cf4180, C4<0>, C4<0>;
L_000001aad1cf6250 .functor AND 1, L_000001aad1ea1730, L_000001aad1ea1c30, C4<1>, C4<1>;
L_000001aad1cf6720 .functor OR 1, L_000001aad1cf5370, L_000001aad1cf6250, C4<0>, C4<0>;
L_000001aad1cf62c0 .functor AND 1, L_000001aad1ea2b30, L_000001aad1ea3490, C4<1>, C4<1>;
L_000001aad1cf4f10 .functor OR 1, L_000001aad1cf6720, L_000001aad1cf62c0, C4<0>, C4<0>;
L_000001aad1cf57d0 .functor NOT 1, L_000001aad1ea3b70, C4<0>, C4<0>, C4<0>;
L_000001aad1cf5a00 .functor NOT 1, L_000001aad1ea1690, C4<0>, C4<0>, C4<0>;
L_000001aad1cf65d0 .functor NOT 1, L_000001aad1ea1730, C4<0>, C4<0>, C4<0>;
L_000001aad1cf6100 .functor NOT 1, L_000001aad1ea2b30, C4<0>, C4<0>, C4<0>;
L_000001aad1cf5220 .functor NOT 32, L_000001aad1ea4b10, C4<00000000000000000000000000000000>, C4<00000000000000000000000000000000>, C4<00000000000000000000000000000000>;
L_000001aad1cf5450 .functor AND 32, L_000001aad1ea46b0, L_000001aad1cf5220, C4<11111111111111111111111111111111>, C4<11111111111111111111111111111111>;
L_000001aad1cf4f80 .functor AND 32, v000001aad1dc1b80_0, L_000001aad1ea4b10, C4<11111111111111111111111111111111>, C4<11111111111111111111111111111111>;
L_000001aad1cf5a70 .functor OR 32, L_000001aad1cf5450, L_000001aad1cf4f80, C4<00000000000000000000000000000000>, C4<00000000000000000000000000000000>;
L_000001aad1cf6090 .functor NOT 1, L_000001aad1cf3460, C4<0>, C4<0>, C4<0>;
L_000001aad1cf5f40 .functor AND 1, L_000001aad1ef9ba0, L_000001aad1cf6090, C4<1>, C4<1>;
L_000001aad1e3e298 .functor BUFT 1, C4<0>, C4<0>, C4<0>, C4<0>;
L_000001aad1cf6480 .functor NOT 1, L_000001aad1e3e298, C4<0>, C4<0>, C4<0>;
L_000001aad1cf53e0 .functor AND 1, L_000001aad1cf5f40, L_000001aad1cf6480, C4<1>, C4<1>;
L_000001aad1e3e328 .functor BUFT 1, C4<0>, C4<0>, C4<0>, C4<0>;
L_000001aad1cf6410 .functor NOT 1, L_000001aad1e3e328, C4<0>, C4<0>, C4<0>;
L_000001aad1cf6640 .functor AND 1, L_000001aad1cf53e0, L_000001aad1cf6410, C4<1>, C4<1>;
L_000001aad1cf51b0 .functor NOT 1, L_000001aad1cf3460, C4<0>, C4<0>, C4<0>;
L_000001aad1cf5290 .functor AND 1, L_000001aad1ef9040, L_000001aad1cf51b0, C4<1>, C4<1>;
L_000001aad1cf5ae0 .functor NOT 1, L_000001aad1cf3540, C4<0>, C4<0>, C4<0>;
L_000001aad1cf5060 .functor AND 1, v000001aad1dc1900_0, L_000001aad1cf5ae0, C4<1>, C4<1>;
L_000001aad1cf5b50 .functor OR 1, L_000001aad1cf5060, L_000001aad1cf6640, C4<0>, C4<0>;
L_000001aad1cf5c30 .functor OR 1, L_000001aad1cf5b50, L_000001aad1cf5290, C4<0>, C4<0>;
L_000001aad1cf4ff0 .functor AND 1, L_000001aad1ea6d70, L_000001aad1cf5c30, C4<1>, C4<1>;
L_000001aad1cf4e30 .functor NOT 1, v000001aad1dc01e0_0, C4<0>, C4<0>, C4<0>;
L_000001aad1cf5920 .functor AND 1, L_000001aad1ea8670, L_000001aad1cf4e30, C4<1>, C4<1>;
L_000001aad1cf4d50 .functor AND 1, L_000001aad1cf5920, L_000001aad1efa310, C4<1>, C4<1>;
L_000001aad1cf6790 .functor AND 1, L_000001aad1ea7c70, L_000001aad1ea8990, C4<1>, C4<1>;
L_000001aad1cf58b0 .functor AND 1, L_000001aad1cf6790, L_000001aad1efa310, C4<1>, C4<1>;
L_000001aad1cf5fb0 .functor NOT 1, L_000001aad1cf4ff0, C4<0>, C4<0>, C4<0>;
L_000001aad1cf6560 .functor AND 1, L_000001aad1cf58b0, L_000001aad1cf5fb0, C4<1>, C4<1>;
L_000001aad1cf5990 .functor OR 1, L_000001aad1ea85d0, L_000001aad1cf6560, C4<0>, C4<0>;
L_000001aad1cf5840 .functor NOT 1, v000001aad1dc1900_0, C4<0>, C4<0>, C4<0>;
L_000001aad1cf6800 .functor AND 1, L_000001aad1ea67d0, L_000001aad1cf5840, C4<1>, C4<1>;
L_000001aad1cf66b0 .functor AND 1, L_000001aad1cf6800, L_000001aad1ef9040, C4<1>, C4<1>;
L_000001aad1cf6170 .functor AND 1, L_000001aad1cf66b0, L_000001aad1cf3460, C4<1>, C4<1>;
L_000001aad1cf5e60 .functor AND 1, L_000001aad1cf6170, L_000001aad1cf5990, C4<1>, C4<1>;
L_000001aad1cf6870 .functor NOT 1, v000001aad1dc1900_0, C4<0>, C4<0>, C4<0>;
L_000001aad1cf54c0 .functor AND 1, L_000001aad1ea8cb0, L_000001aad1cf6870, C4<1>, C4<1>;
L_000001aad1cf5bc0 .functor AND 1, L_000001aad1cf54c0, L_000001aad1ef9040, C4<1>, C4<1>;
L_000001aad1cf4ce0 .functor AND 1, L_000001aad1cf5bc0, L_000001aad1cf3460, C4<1>, C4<1>;
L_000001aad1cf61e0 .functor NOT 1, L_000001aad1cf5990, C4<0>, C4<0>, C4<0>;
L_000001aad1cf6020 .functor AND 1, L_000001aad1cf4ce0, L_000001aad1cf61e0, C4<1>, C4<1>;
L_000001aad1cf6330 .functor AND 1, L_000001aad1ea82b0, L_000001aad1cf5990, C4<1>, C4<1>;
L_000001aad1cf4dc0 .functor AND 1, L_000001aad1ea6cd0, v000001aad1dc1220_0, C4<1>, C4<1>;
L_000001aad1cf5300 .functor OR 1, L_000001aad1cf6640, L_000001aad1cf5290, C4<0>, C4<0>;
L_000001aad1cf5530 .functor AND 1, L_000001aad1cf4dc0, L_000001aad1cf5300, C4<1>, C4<1>;
L_000001aad1cf55a0 .functor AND 1, L_000001aad1ea87b0, v000001aad1dc1220_0, C4<1>, C4<1>;
L_000001aad1cf63a0 .functor AND 1, L_000001aad1cf55a0, L_000001aad1ef9040, C4<1>, C4<1>;
L_000001aad1cf64f0 .functor OR 1, L_000001aad1cf5e60, L_000001aad1cf6330, C4<0>, C4<0>;
L_000001aad1cf4ea0 .functor BUFZ 1, L_000001aad1cf4d50, C4<0>, C4<0>, C4<0>;
L_000001aad1cf5760 .functor BUFZ 1, L_000001aad1cf6560, C4<0>, C4<0>, C4<0>;
L_000001aad1cf50d0 .functor AND 1, L_000001aad1ea7770, L_000001aad1ea79f0, C4<1>, C4<1>;
L_000001aad1cf5140 .functor NOT 1, v000001aad1dc1540_0, C4<0>, C4<0>, C4<0>;
L_000001aad1cf5ca0 .functor AND 1, L_000001aad1ea6690, L_000001aad1cf5140, C4<1>, C4<1>;
L_000001aad1cf5d10 .functor OR 1, L_000001aad1cf5ca0, L_000001aad1ea78b0, C4<0>, C4<0>;
L_000001aad1cf5610 .functor AND 1, L_000001aad1ea7b30, v000001aad1dc1540_0, C4<1>, C4<1>;
L_000001aad1cf5680 .functor OR 1, L_000001aad1cf5530, L_000001aad1cf63a0, C4<0>, C4<0>;
L_000001aad1cf56f0 .functor OR 1, L_000001aad1cf5680, L_000001aad1cf50d0, C4<0>, C4<0>;
L_000001aad1cf5d80 .functor AND 1, L_000001aad1cf5610, L_000001aad1cf56f0, C4<1>, C4<1>;
L_000001aad1cf5df0 .functor OR 1, L_000001aad1cf5d10, L_000001aad1cf5d80, C4<0>, C4<0>;
L_000001aad1cf5ed0 .functor NOT 1, L_000001aad1cf3540, C4<0>, C4<0>, C4<0>;
L_000001aad1cf6b10 .functor AND 1, v000001aad1dc1900_0, L_000001aad1cf5ed0, C4<1>, C4<1>;
L_000001aad1cf6bf0 .functor OR 1, L_000001aad1cf5df0, L_000001aad1cf6b10, C4<0>, C4<0>;
L_000001aad1cf6aa0 .functor OR 1, L_000001aad1cf6640, L_000001aad1cf5290, C4<0>, C4<0>;
L_000001aad1cf6c60 .functor OR 1, L_000001aad1cf6aa0, L_000001aad1cf6020, C4<0>, C4<0>;
L_000001aad1cf6f00 .functor AND 1, L_000001aad1ea8c10, L_000001aad1cf6c60, C4<1>, C4<1>;
L_000001aad1cf6e20 .functor OR 1, L_000001aad1cf6bf0, L_000001aad1cf6f00, C4<0>, C4<0>;
L_000001aad1cf6fe0 .functor NOT 1, L_000001aad1e3e298, C4<0>, C4<0>, C4<0>;
L_000001aad1cf68e0 .functor AND 1, L_000001aad1cf6e20, L_000001aad1cf6fe0, C4<1>, C4<1>;
L_000001aad1cf74b0 .functor NOT 1, L_000001aad1e3e328, C4<0>, C4<0>, C4<0>;
L_000001aad1cf72f0 .functor AND 1, L_000001aad1cf68e0, L_000001aad1cf74b0, C4<1>, C4<1>;
L_000001aad1efb2d0 .functor BUFT 32, L_000001aad1e1f6e0, C4<00000000000000000000000000000000>, C4<00000000000000000000000000000000>, C4<00000000000000000000000000000000>;
L_000001aad1efa2a0 .functor BUFT 32, L_000001aad1efb2d0, C4<00000000000000000000000000000000>, C4<00000000000000000000000000000000>, C4<00000000000000000000000000000000>;
v000001aad1cda300_0 .net *"_ivl_100", 13 0, L_000001aad1e1d7a0;  1 drivers
v000001aad1cd8dc0_0 .net *"_ivl_104", 31 0, L_000001aad1e1e100;  1 drivers
v000001aad1cda6c0_0 .net *"_ivl_106", 10 0, L_000001aad1e1e920;  1 drivers
L_000001aad1e3cdc8 .functor BUFT 1, C4<00000>, C4<0>, C4<0>, C4<0>;
v000001aad1cda4e0_0 .net *"_ivl_109", 4 0, L_000001aad1e3cdc8;  1 drivers
v000001aad1cda440_0 .net *"_ivl_110", 12 0, L_000001aad1e1d160;  1 drivers
L_000001aad1e3ce10 .functor BUFT 1, C4<00>, C4<0>, C4<0>, C4<0>;
v000001aad1cd8a00_0 .net *"_ivl_113", 1 0, L_000001aad1e3ce10;  1 drivers
L_000001aad1e3ce58 .functor BUFT 1, C4<0000000000100>, C4<0>, C4<0>, C4<0>;
v000001aad1cd8be0_0 .net/2u *"_ivl_114", 12 0, L_000001aad1e3ce58;  1 drivers
v000001aad1cd88c0_0 .net *"_ivl_117", 12 0, L_000001aad1e1f0a0;  1 drivers
L_000001aad1e3cea0 .functor BUFT 1, C4<0>, C4<0>, C4<0>, C4<0>;
v000001aad1cda9e0_0 .net *"_ivl_120", 0 0, L_000001aad1e3cea0;  1 drivers
v000001aad1cd9b80_0 .net *"_ivl_121", 13 0, L_000001aad1e1dac0;  1 drivers
L_000001aad1e3cee8 .functor BUFT 1, C4<0000000000>, C4<0>, C4<0>, C4<0>;
v000001aad1cd86e0_0 .net *"_ivl_124", 9 0, L_000001aad1e3cee8;  1 drivers
v000001aad1cd9d60_0 .net *"_ivl_125", 13 0, L_000001aad1e1d2a0;  1 drivers
v000001aad1cd94a0_0 .net *"_ivl_126", 13 0, L_000001aad1e1e420;  1 drivers
v000001aad1cd8320_0 .net *"_ivl_130", 31 0, L_000001aad1e1d340;  1 drivers
v000001aad1cd9ae0_0 .net *"_ivl_132", 10 0, L_000001aad1e1e9c0;  1 drivers
L_000001aad1e3cf30 .functor BUFT 1, C4<00000>, C4<0>, C4<0>, C4<0>;
v000001aad1cd8d20_0 .net *"_ivl_135", 4 0, L_000001aad1e3cf30;  1 drivers
v000001aad1cd8e60_0 .net *"_ivl_136", 12 0, L_000001aad1e1ea60;  1 drivers
L_000001aad1e3cf78 .functor BUFT 1, C4<00>, C4<0>, C4<0>, C4<0>;
v000001aad1cd8fa0_0 .net *"_ivl_139", 1 0, L_000001aad1e3cf78;  1 drivers
L_000001aad1e3cfc0 .functor BUFT 1, C4<0000000000100>, C4<0>, C4<0>, C4<0>;
v000001aad1cd8500_0 .net/2u *"_ivl_140", 12 0, L_000001aad1e3cfc0;  1 drivers
v000001aad1cd83c0_0 .net *"_ivl_143", 12 0, L_000001aad1e1dca0;  1 drivers
L_000001aad1e3d008 .functor BUFT 1, C4<0>, C4<0>, C4<0>, C4<0>;
v000001aad1cd9680_0 .net *"_ivl_146", 0 0, L_000001aad1e3d008;  1 drivers
v000001aad1cd8640_0 .net *"_ivl_147", 13 0, L_000001aad1e1e1a0;  1 drivers
L_000001aad1e3d050 .functor BUFT 1, C4<0000000000>, C4<0>, C4<0>, C4<0>;
v000001aad1cd9c20_0 .net *"_ivl_150", 9 0, L_000001aad1e3d050;  1 drivers
v000001aad1cd9ea0_0 .net *"_ivl_151", 13 0, L_000001aad1e1f3c0;  1 drivers
v000001aad1cd8780_0 .net *"_ivl_152", 13 0, L_000001aad1e1d840;  1 drivers
v000001aad1cd9040_0 .net *"_ivl_156", 31 0, L_000001aad1e1ec40;  1 drivers
v000001aad1cd90e0_0 .net *"_ivl_158", 10 0, L_000001aad1e1f500;  1 drivers
L_000001aad1e3d098 .functor BUFT 1, C4<00000>, C4<0>, C4<0>, C4<0>;
v000001aad1cd9f40_0 .net *"_ivl_161", 4 0, L_000001aad1e3d098;  1 drivers
v000001aad1cd9220_0 .net *"_ivl_162", 12 0, L_000001aad1e1f1e0;  1 drivers
L_000001aad1e3d0e0 .functor BUFT 1, C4<00>, C4<0>, C4<0>, C4<0>;
v000001aad1cd9540_0 .net *"_ivl_165", 1 0, L_000001aad1e3d0e0;  1 drivers
L_000001aad1e3d128 .functor BUFT 1, C4<0000000000100>, C4<0>, C4<0>, C4<0>;
v000001aad1cd9fe0_0 .net/2u *"_ivl_166", 12 0, L_000001aad1e3d128;  1 drivers
v000001aad1cd95e0_0 .net *"_ivl_169", 12 0, L_000001aad1e1ece0;  1 drivers
L_000001aad1e3d170 .functor BUFT 1, C4<0>, C4<0>, C4<0>, C4<0>;
v000001aad1cd9720_0 .net *"_ivl_172", 0 0, L_000001aad1e3d170;  1 drivers
v000001aad1cd97c0_0 .net *"_ivl_173", 13 0, L_000001aad1e1ed80;  1 drivers
L_000001aad1e3d1b8 .functor BUFT 1, C4<0000000000>, C4<0>, C4<0>, C4<0>;
v000001aad1cd9860_0 .net *"_ivl_176", 9 0, L_000001aad1e3d1b8;  1 drivers
v000001aad1cdbd40_0 .net *"_ivl_177", 13 0, L_000001aad1e1d3e0;  1 drivers
v000001aad1b3b3e0_0 .net *"_ivl_178", 13 0, L_000001aad1e1dde0;  1 drivers
v000001aad1b3a120_0 .net *"_ivl_18", 21 0, L_000001aad1e1c760;  1 drivers
L_000001aad1e3d200 .functor BUFT 1, C4<00000000000000000000000000000000>, C4<0>, C4<0>, C4<0>;
v000001aad1b3a940_0 .net/2u *"_ivl_182", 31 0, L_000001aad1e3d200;  1 drivers
v000001aad1bad6f0_0 .net *"_ivl_184", 31 0, L_000001aad1e1d480;  1 drivers
v000001aad1badbf0_0 .net *"_ivl_186", 31 0, L_000001aad1e1e060;  1 drivers
v000001aad1c82890_0 .net *"_ivl_188", 31 0, L_000001aad1e1f280;  1 drivers
v000001aad1c82cf0_0 .net *"_ivl_192", 0 0, L_000001aad1cf35b0;  1 drivers
L_000001aad1e3d248 .functor BUFT 1, C4<00>, C4<0>, C4<0>, C4<0>;
v000001aad1c09bd0_0 .net/2u *"_ivl_194", 1 0, L_000001aad1e3d248;  1 drivers
v000001aad1dae6b0_0 .net *"_ivl_196", 0 0, L_000001aad1cf48f0;  1 drivers
L_000001aad1e3d290 .functor BUFT 1, C4<01>, C4<0>, C4<0>, C4<0>;
v000001aad1dafc90_0 .net/2u *"_ivl_198", 1 0, L_000001aad1e3d290;  1 drivers
v000001aad1daf8d0_0 .net *"_ivl_20", 7 0, L_000001aad1e1c800;  1 drivers
v000001aad1dafa10_0 .net *"_ivl_200", 0 0, L_000001aad1cf4a40;  1 drivers
L_000001aad1e3d2d8 .functor BUFT 1, C4<10>, C4<0>, C4<0>, C4<0>;
v000001aad1daf010_0 .net/2u *"_ivl_202", 1 0, L_000001aad1e3d2d8;  1 drivers
v000001aad1db0190_0 .net *"_ivl_204", 0 0, L_000001aad1cf4420;  1 drivers
L_000001aad1e3d320 .functor BUFT 1, C4<11>, C4<0>, C4<0>, C4<0>;
v000001aad1daf0b0_0 .net/2u *"_ivl_206", 1 0, L_000001aad1e3d320;  1 drivers
v000001aad1db05f0_0 .net *"_ivl_208", 1 0, L_000001aad1e1df20;  1 drivers
v000001aad1db0230_0 .net *"_ivl_210", 7 0, L_000001aad1e1d700;  1 drivers
L_000001aad1e3d368 .functor BUFT 1, C4<00>, C4<0>, C4<0>, C4<0>;
v000001aad1dafab0_0 .net *"_ivl_213", 1 0, L_000001aad1e3d368;  1 drivers
v000001aad1dae110_0 .net *"_ivl_214", 1 0, L_000001aad1e1f460;  1 drivers
v000001aad1db0730_0 .net *"_ivl_216", 1 0, L_000001aad1e1d520;  1 drivers
v000001aad1daf5b0_0 .net *"_ivl_218", 1 0, L_000001aad1e1f640;  1 drivers
v000001aad1daf330_0 .net *"_ivl_223", 0 0, L_000001aad1e1dfc0;  1 drivers
v000001aad1db0050_0 .net *"_ivl_224", 0 0, L_000001aad1cf4030;  1 drivers
v000001aad1daf150_0 .net *"_ivl_226", 21 0, L_000001aad1e1e2e0;  1 drivers
v000001aad1daf1f0_0 .net *"_ivl_228", 7 0, L_000001aad1e1d8e0;  1 drivers
L_000001aad1e3ca20 .functor BUFT 1, C4<00>, C4<0>, C4<0>, C4<0>;
v000001aad1dae250_0 .net *"_ivl_23", 1 0, L_000001aad1e3ca20;  1 drivers
L_000001aad1e3d3b0 .functor BUFT 1, C4<00>, C4<0>, C4<0>, C4<0>;
v000001aad1dae1b0_0 .net *"_ivl_231", 1 0, L_000001aad1e3d3b0;  1 drivers
v000001aad1db0690_0 .net *"_ivl_232", 0 0, L_000001aad1e1f5a0;  1 drivers
v000001aad1daf650_0 .net *"_ivl_237", 0 0, L_000001aad1e1ee20;  1 drivers
v000001aad1daf3d0_0 .net *"_ivl_238", 0 0, L_000001aad1cf3cb0;  1 drivers
v000001aad1daf830_0 .net *"_ivl_24", 0 0, L_000001aad1e1a8c0;  1 drivers
v000001aad1daf290_0 .net *"_ivl_240", 21 0, L_000001aad1e1e4c0;  1 drivers
v000001aad1daf470_0 .net *"_ivl_242", 7 0, L_000001aad1e1e600;  1 drivers
L_000001aad1e3d3f8 .functor BUFT 1, C4<00>, C4<0>, C4<0>, C4<0>;
v000001aad1daf510_0 .net *"_ivl_245", 1 0, L_000001aad1e3d3f8;  1 drivers
v000001aad1daf6f0_0 .net *"_ivl_246", 0 0, L_000001aad1e1f780;  1 drivers
v000001aad1db02d0_0 .net *"_ivl_251", 0 0, L_000001aad1e1e6a0;  1 drivers
v000001aad1dae750_0 .net *"_ivl_252", 0 0, L_000001aad1cf30e0;  1 drivers
v000001aad1daea70_0 .net *"_ivl_254", 21 0, L_000001aad1e1f820;  1 drivers
v000001aad1dafe70_0 .net *"_ivl_256", 7 0, L_000001aad1e1e560;  1 drivers
L_000001aad1e3d440 .functor BUFT 1, C4<00>, C4<0>, C4<0>, C4<0>;
v000001aad1daf790_0 .net *"_ivl_259", 1 0, L_000001aad1e3d440;  1 drivers
v000001aad1daf970_0 .net *"_ivl_260", 0 0, L_000001aad1e1d980;  1 drivers
v000001aad1dafb50_0 .net *"_ivl_265", 0 0, L_000001aad1e1e880;  1 drivers
v000001aad1db07d0_0 .net *"_ivl_266", 0 0, L_000001aad1cf3700;  1 drivers
v000001aad1daebb0_0 .net *"_ivl_268", 21 0, L_000001aad1e1d660;  1 drivers
v000001aad1dae070_0 .net *"_ivl_270", 7 0, L_000001aad1e1da20;  1 drivers
L_000001aad1e3d488 .functor BUFT 1, C4<00>, C4<0>, C4<0>, C4<0>;
v000001aad1dafbf0_0 .net *"_ivl_273", 1 0, L_000001aad1e3d488;  1 drivers
v000001aad1dafd30_0 .net *"_ivl_274", 0 0, L_000001aad1e1e740;  1 drivers
v000001aad1dafdd0_0 .net *"_ivl_278", 0 0, L_000001aad1cf32a0;  1 drivers
v000001aad1dae2f0_0 .net *"_ivl_28", 21 0, L_000001aad1e1c8a0;  1 drivers
v000001aad1daff10_0 .net *"_ivl_280", 0 0, L_000001aad1cf3af0;  1 drivers
L_000001aad1e3d4d0 .functor BUFT 1, C4<11>, C4<0>, C4<0>, C4<0>;
v000001aad1dae390_0 .net/2u *"_ivl_284", 1 0, L_000001aad1e3d4d0;  1 drivers
L_000001aad1e3d518 .functor BUFT 1, C4<10>, C4<0>, C4<0>, C4<0>;
v000001aad1db0370_0 .net/2u *"_ivl_286", 1 0, L_000001aad1e3d518;  1 drivers
L_000001aad1e3d560 .functor BUFT 1, C4<01>, C4<0>, C4<0>, C4<0>;
v000001aad1dae430_0 .net/2u *"_ivl_288", 1 0, L_000001aad1e3d560;  1 drivers
L_000001aad1e3d5a8 .functor BUFT 1, C4<00>, C4<0>, C4<0>, C4<0>;
v000001aad1dae4d0_0 .net/2u *"_ivl_290", 1 0, L_000001aad1e3d5a8;  1 drivers
v000001aad1daecf0_0 .net *"_ivl_292", 1 0, L_000001aad1ea2090;  1 drivers
v000001aad1dae570_0 .net *"_ivl_294", 1 0, L_000001aad1ea35d0;  1 drivers
v000001aad1daffb0_0 .net *"_ivl_299", 0 0, L_000001aad1ea19b0;  1 drivers
v000001aad1dae610_0 .net *"_ivl_30", 7 0, L_000001aad1e1c940;  1 drivers
v000001aad1dae9d0_0 .net *"_ivl_300", 0 0, L_000001aad1cf3380;  1 drivers
L_000001aad1e3d5f0 .functor BUFT 1, C4<00>, C4<0>, C4<0>, C4<0>;
v000001aad1db00f0_0 .net/2u *"_ivl_302", 1 0, L_000001aad1e3d5f0;  1 drivers
v000001aad1db0410_0 .net *"_ivl_305", 0 0, L_000001aad1ea2a90;  1 drivers
v000001aad1daee30_0 .net *"_ivl_306", 0 0, L_000001aad1cf40a0;  1 drivers
L_000001aad1e3d638 .functor BUFT 1, C4<01>, C4<0>, C4<0>, C4<0>;
v000001aad1db04b0_0 .net/2u *"_ivl_308", 1 0, L_000001aad1e3d638;  1 drivers
v000001aad1db0550_0 .net *"_ivl_311", 0 0, L_000001aad1ea1ff0;  1 drivers
v000001aad1dae7f0_0 .net *"_ivl_312", 0 0, L_000001aad1cf3770;  1 drivers
L_000001aad1e3d680 .functor BUFT 1, C4<10>, C4<0>, C4<0>, C4<0>;
v000001aad1dae890_0 .net/2u *"_ivl_314", 1 0, L_000001aad1e3d680;  1 drivers
v000001aad1dae930_0 .net *"_ivl_317", 0 0, L_000001aad1ea38f0;  1 drivers
v000001aad1daeb10_0 .net *"_ivl_318", 0 0, L_000001aad1cf37e0;  1 drivers
L_000001aad1e3d6c8 .functor BUFT 1, C4<11>, C4<0>, C4<0>, C4<0>;
v000001aad1daec50_0 .net/2u *"_ivl_320", 1 0, L_000001aad1e3d6c8;  1 drivers
v000001aad1daed90_0 .net *"_ivl_322", 1 0, L_000001aad1ea1870;  1 drivers
v000001aad1daeed0_0 .net *"_ivl_324", 7 0, L_000001aad1ea2270;  1 drivers
L_000001aad1e3d710 .functor BUFT 1, C4<00>, C4<0>, C4<0>, C4<0>;
v000001aad1daef70_0 .net *"_ivl_327", 1 0, L_000001aad1e3d710;  1 drivers
v000001aad1db1590_0 .net *"_ivl_328", 1 0, L_000001aad1ea2590;  1 drivers
L_000001aad1e3ca68 .functor BUFT 1, C4<00>, C4<0>, C4<0>, C4<0>;
v000001aad1db1bd0_0 .net *"_ivl_33", 1 0, L_000001aad1e3ca68;  1 drivers
v000001aad1db1630_0 .net *"_ivl_330", 1 0, L_000001aad1ea1910;  1 drivers
v000001aad1db1e50_0 .net *"_ivl_332", 1 0, L_000001aad1ea2630;  1 drivers
v000001aad1db1090_0 .net *"_ivl_337", 0 0, L_000001aad1ea1cd0;  1 drivers
v000001aad1db2670_0 .net *"_ivl_338", 7 0, L_000001aad1ea24f0;  1 drivers
v000001aad1db2210_0 .net *"_ivl_34", 0 0, L_000001aad1e1f320;  1 drivers
v000001aad1db27b0_0 .net *"_ivl_341", 0 0, L_000001aad1ea28b0;  1 drivers
v000001aad1db1ef0_0 .net *"_ivl_342", 7 0, L_000001aad1ea26d0;  1 drivers
v000001aad1db1270_0 .net *"_ivl_345", 0 0, L_000001aad1ea1a50;  1 drivers
v000001aad1db0ff0_0 .net *"_ivl_346", 7 0, L_000001aad1ea2e50;  1 drivers
v000001aad1db2990_0 .net *"_ivl_349", 0 0, L_000001aad1ea3cb0;  1 drivers
v000001aad1db1b30_0 .net *"_ivl_350", 7 0, L_000001aad1ea2810;  1 drivers
v000001aad1db0c30_0 .net *"_ivl_354", 31 0, L_000001aad1cf3930;  1 drivers
v000001aad1db2fd0_0 .net *"_ivl_356", 31 0, L_000001aad1cf39a0;  1 drivers
v000001aad1db0910_0 .net *"_ivl_358", 31 0, L_000001aad1cf3b60;  1 drivers
L_000001aad1e3d758 .functor BUFT 1, C4<0000>, C4<0>, C4<0>, C4<0>;
v000001aad1db2530_0 .net/2u *"_ivl_362", 3 0, L_000001aad1e3d758;  1 drivers
L_000001aad1e3d7a0 .functor BUFT 1, C4<00>, C4<0>, C4<0>, C4<0>;
v000001aad1db0a50_0 .net/2u *"_ivl_366", 1 0, L_000001aad1e3d7a0;  1 drivers
v000001aad1db20d0_0 .net *"_ivl_369", 1 0, L_000001aad1ea2db0;  1 drivers
v000001aad1db1c70_0 .net *"_ivl_371", 1 0, L_000001aad1ea2ef0;  1 drivers
v000001aad1db2e90_0 .net *"_ivl_372", 1 0, L_000001aad1ea1af0;  1 drivers
L_000001aad1e3d7e8 .functor BUFT 1, C4<00>, C4<0>, C4<0>, C4<0>;
v000001aad1db1a90_0 .net/2u *"_ivl_376", 1 0, L_000001aad1e3d7e8;  1 drivers
v000001aad1db0af0_0 .net *"_ivl_379", 1 0, L_000001aad1ea2f90;  1 drivers
v000001aad1db2850_0 .net *"_ivl_38", 21 0, L_000001aad1e1dc00;  1 drivers
v000001aad1db25d0_0 .net *"_ivl_381", 1 0, L_000001aad1ea3ad0;  1 drivers
v000001aad1db2ad0_0 .net *"_ivl_382", 1 0, L_000001aad1ea3670;  1 drivers
L_000001aad1e3d830 .functor BUFT 1, C4<00000000000000000000000000>, C4<0>, C4<0>, C4<0>;
v000001aad1db22b0_0 .net/2u *"_ivl_386", 25 0, L_000001aad1e3d830;  1 drivers
L_000001aad1e3d878 .functor BUFT 1, C4<00>, C4<0>, C4<0>, C4<0>;
v000001aad1db2490_0 .net/2u *"_ivl_388", 1 0, L_000001aad1e3d878;  1 drivers
v000001aad1db2710_0 .net *"_ivl_390", 31 0, L_000001aad1ea3350;  1 drivers
L_000001aad1e3d8c0 .functor BUFT 1, C4<00000000000000000000000000>, C4<0>, C4<0>, C4<0>;
v000001aad1db2170_0 .net/2u *"_ivl_394", 25 0, L_000001aad1e3d8c0;  1 drivers
L_000001aad1e3d908 .functor BUFT 1, C4<00>, C4<0>, C4<0>, C4<0>;
v000001aad1db2f30_0 .net/2u *"_ivl_396", 1 0, L_000001aad1e3d908;  1 drivers
v000001aad1db2c10_0 .net *"_ivl_398", 31 0, L_000001aad1ea1550;  1 drivers
L_000001aad1e3c9d8 .functor BUFT 1, C4<00>, C4<0>, C4<0>, C4<0>;
v000001aad1db28f0_0 .net/2u *"_ivl_4", 1 0, L_000001aad1e3c9d8;  1 drivers
v000001aad1db16d0_0 .net *"_ivl_40", 7 0, L_000001aad1e1ef60;  1 drivers
L_000001aad1e3d950 .functor BUFT 1, C4<00000000000000000000000000010000>, C4<0>, C4<0>, C4<0>;
v000001aad1db0870_0 .net/2u *"_ivl_402", 31 0, L_000001aad1e3d950;  1 drivers
v000001aad1db11d0_0 .net *"_ivl_418", 21 0, L_000001aad1ea21d0;  1 drivers
v000001aad1db1770_0 .net *"_ivl_420", 7 0, L_000001aad1ea3710;  1 drivers
L_000001aad1e3d998 .functor BUFT 1, C4<00>, C4<0>, C4<0>, C4<0>;
v000001aad1db1950_0 .net *"_ivl_423", 1 0, L_000001aad1e3d998;  1 drivers
v000001aad1db1130_0 .net *"_ivl_424", 0 0, L_000001aad1ea3030;  1 drivers
v000001aad1db0eb0_0 .net *"_ivl_426", 0 0, L_000001aad1cf4110;  1 drivers
v000001aad1db2a30_0 .net *"_ivl_428", 21 0, L_000001aad1ea30d0;  1 drivers
L_000001aad1e3cab0 .functor BUFT 1, C4<00>, C4<0>, C4<0>, C4<0>;
v000001aad1db2350_0 .net *"_ivl_43", 1 0, L_000001aad1e3cab0;  1 drivers
v000001aad1db23f0_0 .net *"_ivl_430", 7 0, L_000001aad1ea3170;  1 drivers
L_000001aad1e3d9e0 .functor BUFT 1, C4<00>, C4<0>, C4<0>, C4<0>;
v000001aad1db1810_0 .net *"_ivl_433", 1 0, L_000001aad1e3d9e0;  1 drivers
v000001aad1db2b70_0 .net *"_ivl_434", 0 0, L_000001aad1ea3210;  1 drivers
v000001aad1db1f90_0 .net *"_ivl_436", 0 0, L_000001aad1cf4180;  1 drivers
v000001aad1db18b0_0 .net *"_ivl_438", 0 0, L_000001aad1cf5370;  1 drivers
v000001aad1db2cb0_0 .net *"_ivl_44", 0 0, L_000001aad1e1eba0;  1 drivers
v000001aad1db19f0_0 .net *"_ivl_440", 21 0, L_000001aad1ea37b0;  1 drivers
v000001aad1db09b0_0 .net *"_ivl_442", 7 0, L_000001aad1ea32b0;  1 drivers
L_000001aad1e3da28 .functor BUFT 1, C4<00>, C4<0>, C4<0>, C4<0>;
v000001aad1db1310_0 .net *"_ivl_445", 1 0, L_000001aad1e3da28;  1 drivers
v000001aad1db2d50_0 .net *"_ivl_446", 0 0, L_000001aad1ea1c30;  1 drivers
v000001aad1db2df0_0 .net *"_ivl_448", 0 0, L_000001aad1cf6250;  1 drivers
v000001aad1db1d10_0 .net *"_ivl_450", 0 0, L_000001aad1cf6720;  1 drivers
v000001aad1db1db0_0 .net *"_ivl_452", 21 0, L_000001aad1ea33f0;  1 drivers
v000001aad1db0b90_0 .net *"_ivl_454", 7 0, L_000001aad1ea1e10;  1 drivers
L_000001aad1e3da70 .functor BUFT 1, C4<00>, C4<0>, C4<0>, C4<0>;
v000001aad1db0cd0_0 .net *"_ivl_457", 1 0, L_000001aad1e3da70;  1 drivers
v000001aad1db0d70_0 .net *"_ivl_458", 0 0, L_000001aad1ea3490;  1 drivers
v000001aad1db2030_0 .net *"_ivl_460", 0 0, L_000001aad1cf62c0;  1 drivers
v000001aad1db0e10_0 .net *"_ivl_464", 0 0, L_000001aad1cf57d0;  1 drivers
L_000001aad1e3dab8 .functor BUFT 1, C4<00>, C4<0>, C4<0>, C4<0>;
v000001aad1db0f50_0 .net/2u *"_ivl_466", 1 0, L_000001aad1e3dab8;  1 drivers
v000001aad1db13b0_0 .net *"_ivl_468", 0 0, L_000001aad1cf5a00;  1 drivers
L_000001aad1e3db00 .functor BUFT 1, C4<01>, C4<0>, C4<0>, C4<0>;
v000001aad1db1450_0 .net/2u *"_ivl_470", 1 0, L_000001aad1e3db00;  1 drivers
v000001aad1db14f0_0 .net *"_ivl_472", 0 0, L_000001aad1cf65d0;  1 drivers
L_000001aad1e3db48 .functor BUFT 1, C4<10>, C4<0>, C4<0>, C4<0>;
v000001aad1db41f0_0 .net/2u *"_ivl_474", 1 0, L_000001aad1e3db48;  1 drivers
v000001aad1db3ed0_0 .net *"_ivl_476", 0 0, L_000001aad1cf6100;  1 drivers
L_000001aad1e3db90 .functor BUFT 1, C4<11>, C4<0>, C4<0>, C4<0>;
v000001aad1db34d0_0 .net/2u *"_ivl_478", 1 0, L_000001aad1e3db90;  1 drivers
v000001aad1db40b0_0 .net *"_ivl_48", 21 0, L_000001aad1e1e240;  1 drivers
v000001aad1db3cf0_0 .net *"_ivl_480", 1 0, L_000001aad1ea3530;  1 drivers
v000001aad1db4b50_0 .net *"_ivl_482", 7 0, L_000001aad1ea17d0;  1 drivers
L_000001aad1e3dbd8 .functor BUFT 1, C4<00>, C4<0>, C4<0>, C4<0>;
v000001aad1db3430_0 .net *"_ivl_485", 1 0, L_000001aad1e3dbd8;  1 drivers
v000001aad1db4d30_0 .net *"_ivl_486", 1 0, L_000001aad1ea3990;  1 drivers
v000001aad1db4bf0_0 .net *"_ivl_488", 1 0, L_000001aad1ea3850;  1 drivers
v000001aad1db4c90_0 .net *"_ivl_490", 1 0, L_000001aad1ea3a30;  1 drivers
L_000001aad1e3dc20 .functor BUFT 1, C4<00>, C4<0>, C4<0>, C4<0>;
v000001aad1db54b0_0 .net/2u *"_ivl_494", 1 0, L_000001aad1e3dc20;  1 drivers
v000001aad1db3570_0 .net *"_ivl_496", 0 0, L_000001aad1ea1b90;  1 drivers
v000001aad1db5050_0 .net *"_ivl_498", 31 0, L_000001aad1ea1eb0;  1 drivers
v000001aad1db4650_0 .net *"_ivl_50", 7 0, L_000001aad1e1d0c0;  1 drivers
v000001aad1db5230_0 .net *"_ivl_500", 10 0, L_000001aad1ea1f50;  1 drivers
L_000001aad1e3dc68 .functor BUFT 1, C4<00000>, C4<0>, C4<0>, C4<0>;
v000001aad1db3b10_0 .net *"_ivl_503", 4 0, L_000001aad1e3dc68;  1 drivers
v000001aad1db3bb0_0 .net *"_ivl_504", 12 0, L_000001aad1ea2130;  1 drivers
L_000001aad1e3dcb0 .functor BUFT 1, C4<00>, C4<0>, C4<0>, C4<0>;
v000001aad1db5190_0 .net *"_ivl_507", 1 0, L_000001aad1e3dcb0;  1 drivers
L_000001aad1e3dcf8 .functor BUFT 1, C4<0000000000100>, C4<0>, C4<0>, C4<0>;
v000001aad1db4330_0 .net/2u *"_ivl_508", 12 0, L_000001aad1e3dcf8;  1 drivers
v000001aad1db50f0_0 .net *"_ivl_511", 12 0, L_000001aad1ea23b0;  1 drivers
L_000001aad1e3dd40 .functor BUFT 1, C4<0>, C4<0>, C4<0>, C4<0>;
v000001aad1db3750_0 .net *"_ivl_514", 0 0, L_000001aad1e3dd40;  1 drivers
v000001aad1db3890_0 .net *"_ivl_515", 13 0, L_000001aad1ea2450;  1 drivers
L_000001aad1e3dd88 .functor BUFT 1, C4<0000000000>, C4<0>, C4<0>, C4<0>;
v000001aad1db3610_0 .net *"_ivl_518", 9 0, L_000001aad1e3dd88;  1 drivers
v000001aad1db55f0_0 .net *"_ivl_519", 13 0, L_000001aad1ea4e30;  1 drivers
v000001aad1db36b0_0 .net *"_ivl_520", 13 0, L_000001aad1ea3f30;  1 drivers
L_000001aad1e3ddd0 .functor BUFT 1, C4<01>, C4<0>, C4<0>, C4<0>;
v000001aad1db37f0_0 .net/2u *"_ivl_522", 1 0, L_000001aad1e3ddd0;  1 drivers
v000001aad1db3110_0 .net *"_ivl_524", 0 0, L_000001aad1ea4ed0;  1 drivers
v000001aad1db4e70_0 .net *"_ivl_526", 31 0, L_000001aad1ea5290;  1 drivers
v000001aad1db4a10_0 .net *"_ivl_528", 10 0, L_000001aad1ea3d50;  1 drivers
L_000001aad1e3caf8 .functor BUFT 1, C4<00>, C4<0>, C4<0>, C4<0>;
v000001aad1db3250_0 .net *"_ivl_53", 1 0, L_000001aad1e3caf8;  1 drivers
L_000001aad1e3de18 .functor BUFT 1, C4<00000>, C4<0>, C4<0>, C4<0>;
v000001aad1db3a70_0 .net *"_ivl_531", 4 0, L_000001aad1e3de18;  1 drivers
v000001aad1db4290_0 .net *"_ivl_532", 12 0, L_000001aad1ea5a10;  1 drivers
L_000001aad1e3de60 .functor BUFT 1, C4<00>, C4<0>, C4<0>, C4<0>;
v000001aad1db31b0_0 .net *"_ivl_535", 1 0, L_000001aad1e3de60;  1 drivers
L_000001aad1e3dea8 .functor BUFT 1, C4<0000000000100>, C4<0>, C4<0>, C4<0>;
v000001aad1db3c50_0 .net/2u *"_ivl_536", 12 0, L_000001aad1e3dea8;  1 drivers
v000001aad1db32f0_0 .net *"_ivl_539", 12 0, L_000001aad1ea58d0;  1 drivers
v000001aad1db5410_0 .net *"_ivl_54", 0 0, L_000001aad1e1dd40;  1 drivers
L_000001aad1e3def0 .functor BUFT 1, C4<0>, C4<0>, C4<0>, C4<0>;
v000001aad1db57d0_0 .net *"_ivl_542", 0 0, L_000001aad1e3def0;  1 drivers
v000001aad1db3390_0 .net *"_ivl_543", 13 0, L_000001aad1ea4cf0;  1 drivers
L_000001aad1e3df38 .functor BUFT 1, C4<0000000000>, C4<0>, C4<0>, C4<0>;
v000001aad1db4dd0_0 .net *"_ivl_546", 9 0, L_000001aad1e3df38;  1 drivers
v000001aad1db3930_0 .net *"_ivl_547", 13 0, L_000001aad1ea5e70;  1 drivers
v000001aad1db48d0_0 .net *"_ivl_548", 13 0, L_000001aad1ea4f70;  1 drivers
L_000001aad1e3df80 .functor BUFT 1, C4<10>, C4<0>, C4<0>, C4<0>;
v000001aad1db43d0_0 .net/2u *"_ivl_550", 1 0, L_000001aad1e3df80;  1 drivers
v000001aad1db5690_0 .net *"_ivl_552", 0 0, L_000001aad1ea5330;  1 drivers
v000001aad1db4790_0 .net *"_ivl_554", 31 0, L_000001aad1ea5010;  1 drivers
v000001aad1db5550_0 .net *"_ivl_556", 10 0, L_000001aad1ea4c50;  1 drivers
L_000001aad1e3dfc8 .functor BUFT 1, C4<00000>, C4<0>, C4<0>, C4<0>;
v000001aad1db4970_0 .net *"_ivl_559", 4 0, L_000001aad1e3dfc8;  1 drivers
v000001aad1db5730_0 .net *"_ivl_560", 12 0, L_000001aad1ea5650;  1 drivers
L_000001aad1e3e010 .functor BUFT 1, C4<00>, C4<0>, C4<0>, C4<0>;
v000001aad1db39d0_0 .net *"_ivl_563", 1 0, L_000001aad1e3e010;  1 drivers
L_000001aad1e3e058 .functor BUFT 1, C4<0000000000100>, C4<0>, C4<0>, C4<0>;
v000001aad1db3d90_0 .net/2u *"_ivl_564", 12 0, L_000001aad1e3e058;  1 drivers
v000001aad1db4470_0 .net *"_ivl_567", 12 0, L_000001aad1ea42f0;  1 drivers
L_000001aad1e3e0a0 .functor BUFT 1, C4<0>, C4<0>, C4<0>, C4<0>;
v000001aad1db4510_0 .net *"_ivl_570", 0 0, L_000001aad1e3e0a0;  1 drivers
v000001aad1db4830_0 .net *"_ivl_571", 13 0, L_000001aad1ea5bf0;  1 drivers
L_000001aad1e3e0e8 .functor BUFT 1, C4<0000000000>, C4<0>, C4<0>, C4<0>;
v000001aad1db3e30_0 .net *"_ivl_574", 9 0, L_000001aad1e3e0e8;  1 drivers
v000001aad1db3f70_0 .net *"_ivl_575", 13 0, L_000001aad1ea3df0;  1 drivers
v000001aad1db52d0_0 .net *"_ivl_576", 13 0, L_000001aad1ea50b0;  1 drivers
v000001aad1db45b0_0 .net *"_ivl_578", 31 0, L_000001aad1ea62d0;  1 drivers
v000001aad1db4010_0 .net *"_ivl_58", 0 0, L_000001aad1cf4810;  1 drivers
v000001aad1db4150_0 .net *"_ivl_580", 10 0, L_000001aad1ea5f10;  1 drivers
L_000001aad1e3e130 .functor BUFT 1, C4<00000>, C4<0>, C4<0>, C4<0>;
v000001aad1db46f0_0 .net *"_ivl_583", 4 0, L_000001aad1e3e130;  1 drivers
v000001aad1db5370_0 .net *"_ivl_584", 12 0, L_000001aad1ea41b0;  1 drivers
L_000001aad1e3e178 .functor BUFT 1, C4<00>, C4<0>, C4<0>, C4<0>;
v000001aad1db4ab0_0 .net *"_ivl_587", 1 0, L_000001aad1e3e178;  1 drivers
L_000001aad1e3e1c0 .functor BUFT 1, C4<0000000000100>, C4<0>, C4<0>, C4<0>;
v000001aad1db4f10_0 .net/2u *"_ivl_588", 12 0, L_000001aad1e3e1c0;  1 drivers
v000001aad1db4fb0_0 .net *"_ivl_591", 12 0, L_000001aad1ea6370;  1 drivers
L_000001aad1e3e208 .functor BUFT 1, C4<0>, C4<0>, C4<0>, C4<0>;
v000001aad1db3070_0 .net *"_ivl_594", 0 0, L_000001aad1e3e208;  1 drivers
v000001aad1db5cd0_0 .net *"_ivl_595", 13 0, L_000001aad1ea5150;  1 drivers
L_000001aad1e3e250 .functor BUFT 1, C4<0000000000>, C4<0>, C4<0>, C4<0>;
v000001aad1db5af0_0 .net *"_ivl_598", 9 0, L_000001aad1e3e250;  1 drivers
v000001aad1db5eb0_0 .net *"_ivl_599", 13 0, L_000001aad1ea5dd0;  1 drivers
v000001aad1db5b90_0 .net *"_ivl_60", 0 0, L_000001aad1cf43b0;  1 drivers
v000001aad1db5f50_0 .net *"_ivl_600", 13 0, L_000001aad1ea5470;  1 drivers
v000001aad1db5870_0 .net *"_ivl_602", 31 0, L_000001aad1ea4250;  1 drivers
v000001aad1db5e10_0 .net *"_ivl_604", 31 0, L_000001aad1ea4570;  1 drivers
v000001aad1db5910_0 .net *"_ivl_609", 0 0, L_000001aad1ea5fb0;  1 drivers
v000001aad1db59b0_0 .net *"_ivl_610", 7 0, L_000001aad1ea60f0;  1 drivers
v000001aad1db5a50_0 .net *"_ivl_613", 0 0, L_000001aad1ea53d0;  1 drivers
v000001aad1db5c30_0 .net *"_ivl_614", 7 0, L_000001aad1ea5c90;  1 drivers
v000001aad1db5d70_0 .net *"_ivl_617", 0 0, L_000001aad1ea4d90;  1 drivers
v000001aad1db90c0_0 .net *"_ivl_618", 7 0, L_000001aad1ea4390;  1 drivers
v000001aad1dbaf60_0 .net *"_ivl_621", 0 0, L_000001aad1ea3e90;  1 drivers
v000001aad1db93e0_0 .net *"_ivl_622", 7 0, L_000001aad1ea51f0;  1 drivers
v000001aad1dbb000_0 .net *"_ivl_626", 31 0, L_000001aad1cf5220;  1 drivers
v000001aad1db9de0_0 .net *"_ivl_628", 31 0, L_000001aad1cf5450;  1 drivers
v000001aad1dba1a0_0 .net *"_ivl_630", 31 0, L_000001aad1cf4f80;  1 drivers
L_000001aad1e3e2e0 .functor BUFT 1, C4<00>, C4<0>, C4<0>, C4<0>;
v000001aad1db9a20_0 .net/2u *"_ivl_636", 1 0, L_000001aad1e3e2e0;  1 drivers
v000001aad1db9ac0_0 .net *"_ivl_639", 1 0, L_000001aad1ea3fd0;  1 drivers
L_000001aad1e3cb40 .functor BUFT 1, C4<11>, C4<0>, C4<0>, C4<0>;
v000001aad1db9ca0_0 .net/2u *"_ivl_64", 1 0, L_000001aad1e3cb40;  1 drivers
v000001aad1db9f20_0 .net *"_ivl_641", 1 0, L_000001aad1ea5510;  1 drivers
v000001aad1db8940_0 .net *"_ivl_642", 1 0, L_000001aad1ea64b0;  1 drivers
L_000001aad1e3e370 .functor BUFT 1, C4<00>, C4<0>, C4<0>, C4<0>;
v000001aad1db89e0_0 .net/2u *"_ivl_648", 1 0, L_000001aad1e3e370;  1 drivers
v000001aad1db8ee0_0 .net *"_ivl_650", 0 0, L_000001aad1ea55b0;  1 drivers
v000001aad1db9520_0 .net *"_ivl_652", 31 0, L_000001aad1ea6050;  1 drivers
v000001aad1db8bc0_0 .net *"_ivl_654", 10 0, L_000001aad1ea6190;  1 drivers
L_000001aad1e3e3b8 .functor BUFT 1, C4<00000>, C4<0>, C4<0>, C4<0>;
v000001aad1db9e80_0 .net *"_ivl_657", 4 0, L_000001aad1e3e3b8;  1 drivers
v000001aad1db8d00_0 .net *"_ivl_658", 12 0, L_000001aad1ea56f0;  1 drivers
L_000001aad1e3cb88 .functor BUFT 1, C4<10>, C4<0>, C4<0>, C4<0>;
v000001aad1db9200_0 .net/2u *"_ivl_66", 1 0, L_000001aad1e3cb88;  1 drivers
L_000001aad1e3e400 .functor BUFT 1, C4<00>, C4<0>, C4<0>, C4<0>;
v000001aad1dba560_0 .net *"_ivl_661", 1 0, L_000001aad1e3e400;  1 drivers
L_000001aad1e3e448 .functor BUFT 1, C4<0000000000100>, C4<0>, C4<0>, C4<0>;
v000001aad1db9fc0_0 .net/2u *"_ivl_662", 12 0, L_000001aad1e3e448;  1 drivers
v000001aad1db9660_0 .net *"_ivl_665", 12 0, L_000001aad1ea5970;  1 drivers
L_000001aad1e3e490 .functor BUFT 1, C4<0>, C4<0>, C4<0>, C4<0>;
v000001aad1dbac40_0 .net *"_ivl_668", 0 0, L_000001aad1e3e490;  1 drivers
v000001aad1db9c00_0 .net *"_ivl_669", 13 0, L_000001aad1ea44d0;  1 drivers
L_000001aad1e3e4d8 .functor BUFT 1, C4<0000000000>, C4<0>, C4<0>, C4<0>;
v000001aad1dba060_0 .net *"_ivl_672", 9 0, L_000001aad1e3e4d8;  1 drivers
v000001aad1dba6a0_0 .net *"_ivl_673", 13 0, L_000001aad1ea5d30;  1 drivers
v000001aad1dba100_0 .net *"_ivl_674", 13 0, L_000001aad1ea5790;  1 drivers
L_000001aad1e3e520 .functor BUFT 1, C4<01>, C4<0>, C4<0>, C4<0>;
v000001aad1db8a80_0 .net/2u *"_ivl_676", 1 0, L_000001aad1e3e520;  1 drivers
v000001aad1dbaa60_0 .net *"_ivl_678", 0 0, L_000001aad1ea4610;  1 drivers
L_000001aad1e3cbd0 .functor BUFT 1, C4<01>, C4<0>, C4<0>, C4<0>;
v000001aad1dbace0_0 .net/2u *"_ivl_68", 1 0, L_000001aad1e3cbd0;  1 drivers
v000001aad1db8e40_0 .net *"_ivl_680", 31 0, L_000001aad1ea6230;  1 drivers
v000001aad1dba240_0 .net *"_ivl_682", 10 0, L_000001aad1ea4070;  1 drivers
L_000001aad1e3e568 .functor BUFT 1, C4<00000>, C4<0>, C4<0>, C4<0>;
v000001aad1dba740_0 .net *"_ivl_685", 4 0, L_000001aad1e3e568;  1 drivers
v000001aad1dba380_0 .net *"_ivl_686", 12 0, L_000001aad1ea4750;  1 drivers
L_000001aad1e3e5b0 .functor BUFT 1, C4<00>, C4<0>, C4<0>, C4<0>;
v000001aad1db98e0_0 .net *"_ivl_689", 1 0, L_000001aad1e3e5b0;  1 drivers
L_000001aad1e3e5f8 .functor BUFT 1, C4<0000000000100>, C4<0>, C4<0>, C4<0>;
v000001aad1dba2e0_0 .net/2u *"_ivl_690", 12 0, L_000001aad1e3e5f8;  1 drivers
v000001aad1db8c60_0 .net *"_ivl_693", 12 0, L_000001aad1ea5830;  1 drivers
L_000001aad1e3e640 .functor BUFT 1, C4<0>, C4<0>, C4<0>, C4<0>;
v000001aad1dba420_0 .net *"_ivl_696", 0 0, L_000001aad1e3e640;  1 drivers
v000001aad1db9980_0 .net *"_ivl_697", 13 0, L_000001aad1ea5ab0;  1 drivers
v000001aad1dba7e0_0 .net *"_ivl_7", 1 0, L_000001aad1e1c3a0;  1 drivers
L_000001aad1e3cc18 .functor BUFT 1, C4<00>, C4<0>, C4<0>, C4<0>;
v000001aad1dba4c0_0 .net/2u *"_ivl_70", 1 0, L_000001aad1e3cc18;  1 drivers
L_000001aad1e3e688 .functor BUFT 1, C4<0000000000>, C4<0>, C4<0>, C4<0>;
v000001aad1db92a0_0 .net *"_ivl_700", 9 0, L_000001aad1e3e688;  1 drivers
v000001aad1db9020_0 .net *"_ivl_701", 13 0, L_000001aad1ea4110;  1 drivers
v000001aad1dba9c0_0 .net *"_ivl_702", 13 0, L_000001aad1ea5b50;  1 drivers
L_000001aad1e3e6d0 .functor BUFT 1, C4<10>, C4<0>, C4<0>, C4<0>;
v000001aad1db9b60_0 .net/2u *"_ivl_704", 1 0, L_000001aad1e3e6d0;  1 drivers
v000001aad1db8da0_0 .net *"_ivl_706", 0 0, L_000001aad1ea4a70;  1 drivers
v000001aad1db9d40_0 .net *"_ivl_708", 31 0, L_000001aad1ea4bb0;  1 drivers
v000001aad1dba600_0 .net *"_ivl_710", 10 0, L_000001aad1ea4430;  1 drivers
L_000001aad1e3e718 .functor BUFT 1, C4<00000>, C4<0>, C4<0>, C4<0>;
v000001aad1db8f80_0 .net *"_ivl_713", 4 0, L_000001aad1e3e718;  1 drivers
v000001aad1db8b20_0 .net *"_ivl_714", 12 0, L_000001aad1ea47f0;  1 drivers
L_000001aad1e3e760 .functor BUFT 1, C4<00>, C4<0>, C4<0>, C4<0>;
v000001aad1dba880_0 .net *"_ivl_717", 1 0, L_000001aad1e3e760;  1 drivers
L_000001aad1e3e7a8 .functor BUFT 1, C4<0000000000100>, C4<0>, C4<0>, C4<0>;
v000001aad1dbad80_0 .net/2u *"_ivl_718", 12 0, L_000001aad1e3e7a8;  1 drivers
v000001aad1dba920_0 .net *"_ivl_72", 1 0, L_000001aad1e1eec0;  1 drivers
v000001aad1dbab00_0 .net *"_ivl_721", 12 0, L_000001aad1ea4890;  1 drivers
L_000001aad1e3e7f0 .functor BUFT 1, C4<0>, C4<0>, C4<0>, C4<0>;
v000001aad1dbae20_0 .net *"_ivl_724", 0 0, L_000001aad1e3e7f0;  1 drivers
v000001aad1dbaba0_0 .net *"_ivl_725", 13 0, L_000001aad1ea4930;  1 drivers
L_000001aad1e3e838 .functor BUFT 1, C4<0000000000>, C4<0>, C4<0>, C4<0>;
v000001aad1dbaec0_0 .net *"_ivl_728", 9 0, L_000001aad1e3e838;  1 drivers
v000001aad1db9340_0 .net *"_ivl_729", 13 0, L_000001aad1ea49d0;  1 drivers
v000001aad1db9160_0 .net *"_ivl_730", 13 0, L_000001aad1ea6b90;  1 drivers
v000001aad1db88a0_0 .net *"_ivl_732", 31 0, L_000001aad1ea6af0;  1 drivers
v000001aad1db9480_0 .net *"_ivl_734", 10 0, L_000001aad1ea6c30;  1 drivers
L_000001aad1e3e880 .functor BUFT 1, C4<00000>, C4<0>, C4<0>, C4<0>;
v000001aad1db95c0_0 .net *"_ivl_737", 4 0, L_000001aad1e3e880;  1 drivers
v000001aad1db9700_0 .net *"_ivl_738", 12 0, L_000001aad1ea8710;  1 drivers
v000001aad1db97a0_0 .net *"_ivl_74", 1 0, L_000001aad1e1d200;  1 drivers
L_000001aad1e3e8c8 .functor BUFT 1, C4<00>, C4<0>, C4<0>, C4<0>;
v000001aad1db9840_0 .net *"_ivl_741", 1 0, L_000001aad1e3e8c8;  1 drivers
L_000001aad1e3e910 .functor BUFT 1, C4<0000000000100>, C4<0>, C4<0>, C4<0>;
v000001aad1dbc400_0 .net/2u *"_ivl_742", 12 0, L_000001aad1e3e910;  1 drivers
v000001aad1dbb960_0 .net *"_ivl_745", 12 0, L_000001aad1ea8210;  1 drivers
L_000001aad1e3e958 .functor BUFT 1, C4<0>, C4<0>, C4<0>, C4<0>;
v000001aad1dbb640_0 .net *"_ivl_748", 0 0, L_000001aad1e3e958;  1 drivers
v000001aad1dbc720_0 .net *"_ivl_749", 13 0, L_000001aad1ea8ad0;  1 drivers
L_000001aad1e3e9a0 .functor BUFT 1, C4<0000000000>, C4<0>, C4<0>, C4<0>;
v000001aad1dbd1c0_0 .net *"_ivl_752", 9 0, L_000001aad1e3e9a0;  1 drivers
v000001aad1dbc4a0_0 .net *"_ivl_753", 13 0, L_000001aad1ea6550;  1 drivers
v000001aad1dbb6e0_0 .net *"_ivl_754", 13 0, L_000001aad1ea7590;  1 drivers
v000001aad1dbccc0_0 .net *"_ivl_756", 31 0, L_000001aad1ea7ef0;  1 drivers
v000001aad1dbc900_0 .net *"_ivl_758", 31 0, L_000001aad1ea7810;  1 drivers
v000001aad1dbca40_0 .net *"_ivl_762", 0 0, L_000001aad1cf6090;  1 drivers
v000001aad1dbc040_0 .net *"_ivl_764", 0 0, L_000001aad1cf5f40;  1 drivers
v000001aad1dbd260_0 .net *"_ivl_766", 0 0, L_000001aad1cf6480;  1 drivers
v000001aad1dbc0e0_0 .net *"_ivl_768", 0 0, L_000001aad1cf53e0;  1 drivers
v000001aad1dbd620_0 .net *"_ivl_770", 0 0, L_000001aad1cf6410;  1 drivers
v000001aad1dbd300_0 .net *"_ivl_774", 0 0, L_000001aad1cf51b0;  1 drivers
v000001aad1dbcae0_0 .net *"_ivl_778", 0 0, L_000001aad1cf5ae0;  1 drivers
v000001aad1dbb140_0 .net *"_ivl_78", 31 0, L_000001aad1e1e7e0;  1 drivers
L_000001aad1e3e9e8 .functor BUFT 1, C4<00>, C4<0>, C4<0>, C4<0>;
v000001aad1dbd760_0 .net/2u *"_ivl_782", 1 0, L_000001aad1e3e9e8;  1 drivers
v000001aad1dbc5e0_0 .net *"_ivl_784", 0 0, L_000001aad1ea6d70;  1 drivers
v000001aad1dbbaa0_0 .net *"_ivl_786", 0 0, L_000001aad1cf5b50;  1 drivers
v000001aad1dbcea0_0 .net *"_ivl_788", 0 0, L_000001aad1cf5c30;  1 drivers
L_000001aad1e3ea30 .functor BUFT 1, C4<01>, C4<0>, C4<0>, C4<0>;
v000001aad1dbc7c0_0 .net/2u *"_ivl_792", 1 0, L_000001aad1e3ea30;  1 drivers
v000001aad1dbbe60_0 .net *"_ivl_794", 0 0, L_000001aad1ea8670;  1 drivers
v000001aad1dbb500_0 .net *"_ivl_796", 0 0, L_000001aad1cf4e30;  1 drivers
v000001aad1dbcb80_0 .net *"_ivl_798", 0 0, L_000001aad1cf5920;  1 drivers
v000001aad1dbb8c0_0 .net *"_ivl_80", 10 0, L_000001aad1e1de80;  1 drivers
L_000001aad1e3ea78 .functor BUFT 1, C4<00>, C4<0>, C4<0>, C4<0>;
v000001aad1dbc680_0 .net/2u *"_ivl_802", 1 0, L_000001aad1e3ea78;  1 drivers
v000001aad1dbba00_0 .net *"_ivl_804", 0 0, L_000001aad1ea7c70;  1 drivers
L_000001aad1e3eac0 .functor BUFT 1, C4<000000>, C4<0>, C4<0>, C4<0>;
v000001aad1dbbb40_0 .net/2u *"_ivl_806", 5 0, L_000001aad1e3eac0;  1 drivers
v000001aad1dbd3a0_0 .net *"_ivl_808", 0 0, L_000001aad1ea8990;  1 drivers
v000001aad1dbd440_0 .net *"_ivl_810", 0 0, L_000001aad1cf6790;  1 drivers
v000001aad1dbce00_0 .net *"_ivl_812", 0 0, L_000001aad1cf58b0;  1 drivers
v000001aad1dbbdc0_0 .net *"_ivl_814", 0 0, L_000001aad1cf5fb0;  1 drivers
L_000001aad1e3eb08 .functor BUFT 1, C4<100000>, C4<0>, C4<0>, C4<0>;
v000001aad1dbb3c0_0 .net/2u *"_ivl_818", 5 0, L_000001aad1e3eb08;  1 drivers
v000001aad1dbbf00_0 .net *"_ivl_820", 0 0, L_000001aad1ea85d0;  1 drivers
L_000001aad1e3eb50 .functor BUFT 1, C4<00>, C4<0>, C4<0>, C4<0>;
v000001aad1dbcc20_0 .net/2u *"_ivl_824", 1 0, L_000001aad1e3eb50;  1 drivers
v000001aad1dbc180_0 .net *"_ivl_826", 0 0, L_000001aad1ea67d0;  1 drivers
v000001aad1dbb5a0_0 .net *"_ivl_828", 0 0, L_000001aad1cf5840;  1 drivers
L_000001aad1e3cc60 .functor BUFT 1, C4<00000>, C4<0>, C4<0>, C4<0>;
v000001aad1dbb780_0 .net *"_ivl_83", 4 0, L_000001aad1e3cc60;  1 drivers
v000001aad1dbb1e0_0 .net *"_ivl_830", 0 0, L_000001aad1cf6800;  1 drivers
v000001aad1dbc540_0 .net *"_ivl_832", 0 0, L_000001aad1cf66b0;  1 drivers
v000001aad1dbb820_0 .net *"_ivl_834", 0 0, L_000001aad1cf6170;  1 drivers
L_000001aad1e3eb98 .functor BUFT 1, C4<00>, C4<0>, C4<0>, C4<0>;
v000001aad1dbd4e0_0 .net/2u *"_ivl_838", 1 0, L_000001aad1e3eb98;  1 drivers
v000001aad1dbd580_0 .net *"_ivl_84", 12 0, L_000001aad1e1eb00;  1 drivers
v000001aad1dbd6c0_0 .net *"_ivl_840", 0 0, L_000001aad1ea8cb0;  1 drivers
v000001aad1dbb280_0 .net *"_ivl_842", 0 0, L_000001aad1cf6870;  1 drivers
v000001aad1dbbbe0_0 .net *"_ivl_844", 0 0, L_000001aad1cf54c0;  1 drivers
v000001aad1dbb320_0 .net *"_ivl_846", 0 0, L_000001aad1cf5bc0;  1 drivers
v000001aad1dbd800_0 .net *"_ivl_848", 0 0, L_000001aad1cf4ce0;  1 drivers
v000001aad1dbc860_0 .net *"_ivl_850", 0 0, L_000001aad1cf61e0;  1 drivers
L_000001aad1e3ebe0 .functor BUFT 1, C4<10>, C4<0>, C4<0>, C4<0>;
v000001aad1dbb460_0 .net/2u *"_ivl_854", 1 0, L_000001aad1e3ebe0;  1 drivers
v000001aad1dbc9a0_0 .net *"_ivl_856", 0 0, L_000001aad1ea82b0;  1 drivers
L_000001aad1e3ec28 .functor BUFT 1, C4<01>, C4<0>, C4<0>, C4<0>;
v000001aad1dbbc80_0 .net/2u *"_ivl_860", 1 0, L_000001aad1e3ec28;  1 drivers
v000001aad1dbcd60_0 .net *"_ivl_862", 0 0, L_000001aad1ea6cd0;  1 drivers
v000001aad1dbb0a0_0 .net *"_ivl_864", 0 0, L_000001aad1cf4dc0;  1 drivers
v000001aad1dbd120_0 .net *"_ivl_866", 0 0, L_000001aad1cf5300;  1 drivers
L_000001aad1e3cca8 .functor BUFT 1, C4<00>, C4<0>, C4<0>, C4<0>;
v000001aad1dbcf40_0 .net *"_ivl_87", 1 0, L_000001aad1e3cca8;  1 drivers
L_000001aad1e3ec70 .functor BUFT 1, C4<01>, C4<0>, C4<0>, C4<0>;
v000001aad1dbbd20_0 .net/2u *"_ivl_870", 1 0, L_000001aad1e3ec70;  1 drivers
v000001aad1dbcfe0_0 .net *"_ivl_872", 0 0, L_000001aad1ea87b0;  1 drivers
v000001aad1dbbfa0_0 .net *"_ivl_874", 0 0, L_000001aad1cf55a0;  1 drivers
L_000001aad1e3ccf0 .functor BUFT 1, C4<0000000000100>, C4<0>, C4<0>, C4<0>;
v000001aad1dbd080_0 .net/2u *"_ivl_88", 12 0, L_000001aad1e3ccf0;  1 drivers
L_000001aad1e3ecb8 .functor BUFT 1, C4<01>, C4<0>, C4<0>, C4<0>;
v000001aad1dbc220_0 .net/2u *"_ivl_884", 1 0, L_000001aad1e3ecb8;  1 drivers
v000001aad1dbc2c0_0 .net *"_ivl_886", 0 0, L_000001aad1ea7e50;  1 drivers
v000001aad1dbc360_0 .net *"_ivl_888", 31 0, L_000001aad1ea8b70;  1 drivers
v000001aad1dbf560_0 .net *"_ivl_890", 6 0, L_000001aad1ea8850;  1 drivers
L_000001aad1e3ed00 .functor BUFT 1, C4<00>, C4<0>, C4<0>, C4<0>;
v000001aad1dbf100_0 .net *"_ivl_893", 1 0, L_000001aad1e3ed00;  1 drivers
L_000001aad1e3ed48 .functor BUFT 1, C4<00000000000000000000000000000000>, C4<0>, C4<0>, C4<0>;
v000001aad1dbfec0_0 .net/2u *"_ivl_894", 31 0, L_000001aad1e3ed48;  1 drivers
v000001aad1dbfc40_0 .net *"_ivl_896", 31 0, L_000001aad1ea7a90;  1 drivers
v000001aad1dbf740_0 .net *"_ivl_904", 31 0, L_000001aad1ea6e10;  1 drivers
v000001aad1dbe5c0_0 .net *"_ivl_906", 6 0, L_000001aad1ea6eb0;  1 drivers
L_000001aad1e3ed90 .functor BUFT 1, C4<00>, C4<0>, C4<0>, C4<0>;
v000001aad1dbff60_0 .net *"_ivl_909", 1 0, L_000001aad1e3ed90;  1 drivers
v000001aad1dbe200_0 .net *"_ivl_91", 12 0, L_000001aad1e1f000;  1 drivers
L_000001aad1e3edd8 .functor BUFT 1, C4<00000000000000000000000000000000>, C4<0>, C4<0>, C4<0>;
v000001aad1dbe660_0 .net/2u *"_ivl_910", 31 0, L_000001aad1e3edd8;  1 drivers
v000001aad1dbe980_0 .net *"_ivl_914", 0 0, L_000001aad1ea7770;  1 drivers
v000001aad1dbeca0_0 .net *"_ivl_916", 0 0, L_000001aad1ea79f0;  1 drivers
L_000001aad1e3ee20 .functor BUFT 1, C4<01>, C4<0>, C4<0>, C4<0>;
v000001aad1dbede0_0 .net/2u *"_ivl_920", 1 0, L_000001aad1e3ee20;  1 drivers
v000001aad1dbd8a0_0 .net *"_ivl_922", 0 0, L_000001aad1ea6690;  1 drivers
v000001aad1dbee80_0 .net *"_ivl_924", 0 0, L_000001aad1cf5140;  1 drivers
v000001aad1dbf600_0 .net *"_ivl_926", 0 0, L_000001aad1cf5ca0;  1 drivers
L_000001aad1e3ee68 .functor BUFT 1, C4<10>, C4<0>, C4<0>, C4<0>;
v000001aad1dbeb60_0 .net/2u *"_ivl_928", 1 0, L_000001aad1e3ee68;  1 drivers
v000001aad1dbe700_0 .net *"_ivl_930", 0 0, L_000001aad1ea78b0;  1 drivers
v000001aad1dbf9c0_0 .net *"_ivl_932", 0 0, L_000001aad1cf5d10;  1 drivers
L_000001aad1e3eeb0 .functor BUFT 1, C4<01>, C4<0>, C4<0>, C4<0>;
v000001aad1dbe840_0 .net/2u *"_ivl_934", 1 0, L_000001aad1e3eeb0;  1 drivers
v000001aad1dbfe20_0 .net *"_ivl_936", 0 0, L_000001aad1ea7b30;  1 drivers
v000001aad1dbf1a0_0 .net *"_ivl_938", 0 0, L_000001aad1cf5610;  1 drivers
L_000001aad1e3cd38 .functor BUFT 1, C4<0>, C4<0>, C4<0>, C4<0>;
v000001aad1dbf2e0_0 .net *"_ivl_94", 0 0, L_000001aad1e3cd38;  1 drivers
v000001aad1dbfb00_0 .net *"_ivl_940", 0 0, L_000001aad1cf5680;  1 drivers
v000001aad1dbdd00_0 .net *"_ivl_942", 0 0, L_000001aad1cf56f0;  1 drivers
v000001aad1dbdf80_0 .net *"_ivl_944", 0 0, L_000001aad1cf5d80;  1 drivers
v000001aad1dbe2a0_0 .net *"_ivl_946", 0 0, L_000001aad1cf5df0;  1 drivers
v000001aad1dbf6a0_0 .net *"_ivl_948", 0 0, L_000001aad1cf5ed0;  1 drivers
v000001aad1dbd940_0 .net *"_ivl_95", 13 0, L_000001aad1e1db60;  1 drivers
v000001aad1dbf420_0 .net *"_ivl_950", 0 0, L_000001aad1cf6b10;  1 drivers
v000001aad1dbf4c0_0 .net *"_ivl_952", 0 0, L_000001aad1cf6bf0;  1 drivers
L_000001aad1e3eef8 .functor BUFT 1, C4<00>, C4<0>, C4<0>, C4<0>;
v000001aad1dbfce0_0 .net/2u *"_ivl_954", 1 0, L_000001aad1e3eef8;  1 drivers
v000001aad1dbda80_0 .net *"_ivl_956", 0 0, L_000001aad1ea8c10;  1 drivers
v000001aad1dc0000_0 .net *"_ivl_958", 0 0, L_000001aad1cf6aa0;  1 drivers
v000001aad1dbef20_0 .net *"_ivl_960", 0 0, L_000001aad1cf6c60;  1 drivers
v000001aad1dbf240_0 .net *"_ivl_962", 0 0, L_000001aad1cf6f00;  1 drivers
v000001aad1dbea20_0 .net *"_ivl_964", 0 0, L_000001aad1cf6e20;  1 drivers
v000001aad1dbeac0_0 .net *"_ivl_966", 0 0, L_000001aad1cf6fe0;  1 drivers
v000001aad1dbed40_0 .net *"_ivl_968", 0 0, L_000001aad1cf68e0;  1 drivers
v000001aad1dbefc0_0 .net *"_ivl_970", 0 0, L_000001aad1cf74b0;  1 drivers
v000001aad1dbd9e0_0 .net *"_ivl_974", 31 0, L_000001aad1efb2d0;  1 drivers
L_000001aad1e3cd80 .functor BUFT 1, C4<0000000000>, C4<0>, C4<0>, C4<0>;
v000001aad1dbdb20_0 .net *"_ivl_98", 9 0, L_000001aad1e3cd80;  1 drivers
v000001aad1dbdee0_0 .net *"_ivl_99", 13 0, L_000001aad1e1e380;  1 drivers
v000001aad1dbf060_0 .var "chained_pending_cur", 0 0;
v000001aad1dbdbc0_0 .net "cpu_miss_req_cur", 0 0, L_000001aad1cf4ff0;  1 drivers
v000001aad1dbf380 .array "datas0", 255 0, 31 0;
v000001aad1dbe020 .array "datas1", 255 0, 31 0;
v000001aad1dbdda0 .array "datas2", 255 0, 31 0;
v000001aad1dbf7e0 .array "datas3", 255 0, 31 0;
v000001aad1dbf920_0 .var "early_restart_data_cur", 31 0;
v000001aad1dbe7a0_0 .net "early_restart_match_cur", 0 0, L_000001aad1e3e298;  1 drivers
v000001aad1dbf880_0 .var "early_restart_valid_cur", 0 0;
v000001aad1dbfba0_0 .net "hit", 0 0, L_000001aad1cf3460;  1 drivers
v000001aad1dbe340_0 .net "hit_rword", 31 0, L_000001aad1e1f6e0;  1 drivers
v000001aad1dbe0c0_0 .net "hit_way", 1 0, L_000001aad1e1f140;  1 drivers
v000001aad1dbe160_0 .net "i_clk", 0 0, v000001aad1e2fae0_0;  alias, 1 drivers
v000001aad1dbec00_0 .net "i_mem_rdata", 31 0, L_000001aad1efa8c0;  alias, 1 drivers
v000001aad1dbe8e0_0 .net "i_mem_ready", 0 0, L_000001aad1efa310;  alias, 1 drivers
v000001aad1dbdc60_0 .net "i_mem_valid", 0 0, L_000001aad1efb180;  alias, 1 drivers
v000001aad1dbfa60_0 .net "i_req_addr", 31 0, L_000001aad1eb2d50;  alias, 1 drivers
v000001aad1dbe3e0_0 .net "i_req_mask", 3 0, L_000001aad1ef9890;  alias, 1 drivers
v000001aad1dbde40_0 .net "i_req_ren", 0 0, L_000001aad1ef9ba0;  alias, 1 drivers
v000001aad1dbe480_0 .net "i_req_wdata", 31 0, L_000001aad1efa0e0;  alias, 1 drivers
v000001aad1dbe520_0 .net "i_req_wen", 0 0, L_000001aad1ef9040;  alias, 1 drivers
v000001aad1dbfd80_0 .net "i_rst", 0 0, v000001aad1e32e20_0;  alias, 1 drivers
v000001aad1dc15e0_0 .net "merged_write_word", 31 0, L_000001aad1cf3bd0;  1 drivers
v000001aad1dc19a0_0 .net "miss_byte_mask", 31 0, L_000001aad1ea4b10;  1 drivers
v000001aad1dc1220_0 .var "miss_is_prefetch_cur", 0 0;
v000001aad1dc0140_0 .var "miss_is_write_cur", 0 0;
v000001aad1dc1d60_0 .net "miss_line_addr", 31 0, L_000001aad1ea2d10;  1 drivers
v000001aad1dc0c80_0 .var "miss_mask_cur", 3 0;
v000001aad1dc12c0_0 .net "miss_merged_write_word", 31 0, L_000001aad1cf5a70;  1 drivers
v000001aad1dc0f00_0 .var "miss_set_cur", 5 0;
v000001aad1dc0500_0 .var "miss_tag_cur", 21 0;
v000001aad1dc10e0_0 .var "miss_way_cur", 1 0;
v000001aad1dc0d20_0 .net "miss_way_rword", 31 0, L_000001aad1ea46b0;  1 drivers
v000001aad1dc1b80_0 .var "miss_wdata_cur", 31 0;
v000001aad1dc0460_0 .net "miss_word_addr", 31 0, L_000001aad1cf3fc0;  1 drivers
v000001aad1dc1e00_0 .var "miss_word_cur", 3 0;
v000001aad1dc1c20_0 .net "next_line_addr", 31 0, L_000001aad1ea15f0;  1 drivers
v000001aad1dc1cc0_0 .net "next_line_hit", 0 0, L_000001aad1cf4f10;  1 drivers
v000001aad1dc1ea0_0 .net "next_line_set", 5 0, L_000001aad1ea29f0;  1 drivers
v000001aad1dc1f40_0 .net "next_line_tag", 21 0, L_000001aad1ea2950;  1 drivers
v000001aad1dc2080_0 .net "next_victim_way", 1 0, L_000001aad1ea3c10;  1 drivers
v000001aad1dc1680_0 .net "next_way0_valid", 0 0, L_000001aad1ea3b70;  1 drivers
v000001aad1dc1720_0 .net "next_way1_valid", 0 0, L_000001aad1ea1690;  1 drivers
v000001aad1dc17c0_0 .net "next_way2_valid", 0 0, L_000001aad1ea1730;  1 drivers
v000001aad1dc0b40_0 .net "next_way3_valid", 0 0, L_000001aad1ea2b30;  1 drivers
v000001aad1dc1860_0 .net "o_busy", 0 0, L_000001aad1cf72f0;  alias, 1 drivers
v000001aad1dc23a0_0 .net "o_mem_addr", 31 0, L_000001aad1ea8350;  alias, 1 drivers
v000001aad1dc2260_0 .net "o_mem_ren", 0 0, L_000001aad1cf4ea0;  alias, 1 drivers
v000001aad1dc1360_0 .net "o_mem_wdata", 31 0, L_000001aad1ea65f0;  alias, 1 drivers
v000001aad1dc2120_0 .net "o_mem_wen", 0 0, L_000001aad1cf5760;  alias, 1 drivers
v000001aad1dc0dc0_0 .net "o_res_rdata", 31 0, L_000001aad1efa2a0;  alias, 1 drivers
v000001aad1dc03c0_0 .net "pending_hit", 0 0, L_000001aad1cf3540;  1 drivers
v000001aad1dc1fe0_0 .net "pending_hit_way", 1 0, L_000001aad1ea2c70;  1 drivers
v000001aad1dc21c0_0 .var "pending_is_write_cur", 0 0;
v000001aad1dc2620_0 .var "pending_mask_cur", 3 0;
v000001aad1dc05a0_0 .net "pending_needs_refill", 0 0, L_000001aad1cf5060;  1 drivers
v000001aad1dc1900_0 .var "pending_req_cur", 0 0;
v000001aad1dc0640_0 .var "pending_set_cur", 5 0;
v000001aad1dc1ae0_0 .var "pending_tag_cur", 21 0;
v000001aad1dc1180_0 .net "pending_victim_way", 1 0, L_000001aad1ea2bd0;  1 drivers
v000001aad1dc2300_0 .net "pending_way0_hit", 0 0, L_000001aad1cf42d0;  1 drivers
v000001aad1dc2440_0 .net "pending_way1_hit", 0 0, L_000001aad1cf4c70;  1 drivers
v000001aad1dc0aa0_0 .net "pending_way2_hit", 0 0, L_000001aad1cf3150;  1 drivers
v000001aad1dc0be0_0 .net "pending_way3_hit", 0 0, L_000001aad1cf3230;  1 drivers
v000001aad1dc26c0_0 .var "pending_wdata_cur", 31 0;
v000001aad1dc1040_0 .var "pending_word_cur", 3 0;
v000001aad1dc2760_0 .net "prefetch_cpu_miss_cur", 0 0, L_000001aad1cf5530;  1 drivers
v000001aad1dc0280_0 .net "prefetch_cpu_write_cur", 0 0, L_000001aad1cf63a0;  1 drivers
v000001aad1dc06e0_0 .net "read_miss", 0 0, L_000001aad1cf6640;  1 drivers
v000001aad1dc1400_0 .net "refill_partial_data_cur", 31 0, L_000001aad1ea7950;  1 drivers
v000001aad1dc24e0_0 .net "refill_partial_hit_cur", 0 0, L_000001aad1e3e328;  1 drivers
v000001aad1dc01e0_0 .var "refill_req_done_cur", 0 0;
v000001aad1dc2580_0 .net "refill_req_fire_cur", 0 0, L_000001aad1cf4d50;  1 drivers
v000001aad1dc0320_0 .net "refill_req_word_abs", 3 0, L_000001aad1ea2310;  1 drivers
v000001aad1dc2800_0 .var "refill_req_word_cur", 3 0;
v000001aad1dc00a0_0 .net "refill_rsp_word_abs", 3 0, L_000001aad1ea1d70;  1 drivers
v000001aad1dc0780_0 .var "refill_rsp_word_cur", 3 0;
v000001aad1dc1a40_0 .net "refill_word_addr", 31 0, L_000001aad1cf3f50;  1 drivers
v000001aad1dc0820 .array "repl_way", 0 63, 1 0;
v000001aad1dc08c0_0 .net "req_byte_mask", 31 0, L_000001aad1ea2770;  1 drivers
v000001aad1dc0960_0 .net "req_matches_rsp_cur", 0 0, L_000001aad1cf50d0;  1 drivers
v000001aad1dc0a00_0 .net "req_set", 5 0, L_000001aad1e1ce40;  1 drivers
v000001aad1dc0e60_0 .net "req_tag", 21 0, L_000001aad1e1cda0;  1 drivers
v000001aad1dc0fa0_0 .net "req_word", 3 0, L_000001aad1e1c440;  1 drivers
v000001aad1dc14a0_0 .net "req_word_pos_cur", 3 0, L_000001aad1ea6410;  1 drivers
v000001aad1dc1540_0 .var "rsp_is_prefetch_cur", 0 0;
v000001aad1dc4060_0 .var "rsp_is_write_cur", 0 0;
v000001aad1dc2a80_0 .var "rsp_mask_cur", 3 0;
v000001aad1dc3e80_0 .var "rsp_set_cur", 5 0;
v000001aad1dc3700_0 .var "rsp_tag_cur", 21 0;
v000001aad1dc44c0_0 .var "rsp_way_cur", 1 0;
v000001aad1dc4560_0 .var "rsp_wdata_cur", 31 0;
v000001aad1dc42e0_0 .var "rsp_word_cur", 3 0;
v000001aad1dc3f20_0 .var "state_cur", 1 0;
v000001aad1dc49c0 .array "tags0", 0 63, 21 0;
v000001aad1dc3980 .array "tags1", 0 63, 21 0;
v000001aad1dc3ca0 .array "tags2", 0 63, 21 0;
v000001aad1dc3de0 .array "tags3", 0 63, 21 0;
v000001aad1dc33e0_0 .var "valid0", 63 0;
v000001aad1dc3fc0_0 .var "valid1", 63 0;
v000001aad1dc4600_0 .var "valid2", 63 0;
v000001aad1dc3b60_0 .var "valid3", 63 0;
v000001aad1dc3660_0 .net "victim_way", 1 0, L_000001aad1e1d5c0;  1 drivers
v000001aad1dc4ec0_0 .net "way0_hit", 0 0, L_000001aad1cf4570;  1 drivers
v000001aad1dc3840_0 .net "way0_rword", 31 0, L_000001aad1cf3a80;  1 drivers
v000001aad1dc4e20_0 .net "way0_valid", 0 0, L_000001aad1e1b040;  1 drivers
v000001aad1dc41a0_0 .net "way1_hit", 0 0, L_000001aad1cf3690;  1 drivers
v000001aad1dc3020_0 .net "way1_rword", 31 0, L_000001aad1cf3ee0;  1 drivers
v000001aad1dc3ac0_0 .net "way1_valid", 0 0, L_000001aad1e1c4e0;  1 drivers
v000001aad1dc46a0_0 .net "way2_hit", 0 0, L_000001aad1cf4730;  1 drivers
v000001aad1dc4740_0 .net "way2_rword", 31 0, L_000001aad1cf4880;  1 drivers
v000001aad1dc4100_0 .net "way2_valid", 0 0, L_000001aad1e1aa00;  1 drivers
v000001aad1dc37a0_0 .net "way3_hit", 0 0, L_000001aad1cf3d90;  1 drivers
v000001aad1dc4240_0 .net "way3_rword", 31 0, L_000001aad1cf41f0;  1 drivers
v000001aad1dc38e0_0 .net "way3_valid", 0 0, L_000001aad1e1c6c0;  1 drivers
v000001aad1dc47e0 .array "wb_addrs", 0 31, 31 0;
v000001aad1dc3c00_0 .var "wb_count_cur", 5 0;
v000001aad1dc3160 .array "wb_datas", 0 31, 31 0;
v000001aad1dc4380_0 .net "wb_has_push_space_cur", 0 0, L_000001aad1cf5990;  1 drivers
v000001aad1dc4420_0 .var "wb_head_cur", 4 0;
v000001aad1dc3200_0 .net "wb_push_addr_cur", 31 0, L_000001aad1ea6910;  1 drivers
v000001aad1dc2bc0_0 .net "wb_push_cur", 0 0, L_000001aad1cf64f0;  1 drivers
v000001aad1dc32a0_0 .net "wb_push_data_cur", 31 0, L_000001aad1ea7090;  1 drivers
v000001aad1dc3480_0 .net "wb_send_cur", 0 0, L_000001aad1cf6560;  1 drivers
v000001aad1dc4880_0 .var "wb_tail_cur", 4 0;
v000001aad1dc4920_0 .net "write_hit_accept_cur", 0 0, L_000001aad1cf5e60;  1 drivers
v000001aad1dc3520_0 .net "write_hit_block_cur", 0 0, L_000001aad1cf6020;  1 drivers
v000001aad1dc3d40_0 .net "write_miss", 0 0, L_000001aad1cf5290;  1 drivers
v000001aad1dc3a20_0 .net "write_req_commit_cur", 0 0, L_000001aad1cf6330;  1 drivers
E_000001aad1d0f380 .event posedge, v000001aad1dbe160_0;
L_000001aad1e1cda0 .part L_000001aad1eb2d50, 10, 22;
L_000001aad1e1ce40 .part L_000001aad1eb2d50, 4, 6;
L_000001aad1e1c3a0 .part L_000001aad1eb2d50, 2, 2;
L_000001aad1e1c440 .concat [ 2 2 0 0], L_000001aad1e1c3a0, L_000001aad1e3c9d8;
L_000001aad1e1b040 .part/v v000001aad1dc33e0_0, L_000001aad1e1ce40, 1;
L_000001aad1e1c4e0 .part/v v000001aad1dc3fc0_0, L_000001aad1e1ce40, 1;
L_000001aad1e1aa00 .part/v v000001aad1dc4600_0, L_000001aad1e1ce40, 1;
L_000001aad1e1c6c0 .part/v v000001aad1dc3b60_0, L_000001aad1e1ce40, 1;
L_000001aad1e1c760 .array/port v000001aad1dc49c0, L_000001aad1e1c800;
L_000001aad1e1c800 .concat [ 6 2 0 0], L_000001aad1e1ce40, L_000001aad1e3ca20;
L_000001aad1e1a8c0 .cmp/eq 22, L_000001aad1e1c760, L_000001aad1e1cda0;
L_000001aad1e1c8a0 .array/port v000001aad1dc3980, L_000001aad1e1c940;
L_000001aad1e1c940 .concat [ 6 2 0 0], L_000001aad1e1ce40, L_000001aad1e3ca68;
L_000001aad1e1f320 .cmp/eq 22, L_000001aad1e1c8a0, L_000001aad1e1cda0;
L_000001aad1e1dc00 .array/port v000001aad1dc3ca0, L_000001aad1e1ef60;
L_000001aad1e1ef60 .concat [ 6 2 0 0], L_000001aad1e1ce40, L_000001aad1e3cab0;
L_000001aad1e1eba0 .cmp/eq 22, L_000001aad1e1dc00, L_000001aad1e1cda0;
L_000001aad1e1e240 .array/port v000001aad1dc3de0, L_000001aad1e1d0c0;
L_000001aad1e1d0c0 .concat [ 6 2 0 0], L_000001aad1e1ce40, L_000001aad1e3caf8;
L_000001aad1e1dd40 .cmp/eq 22, L_000001aad1e1e240, L_000001aad1e1cda0;
L_000001aad1e1eec0 .functor MUXZ 2, L_000001aad1e3cc18, L_000001aad1e3cbd0, L_000001aad1cf3690, C4<>;
L_000001aad1e1d200 .functor MUXZ 2, L_000001aad1e1eec0, L_000001aad1e3cb88, L_000001aad1cf4730, C4<>;
L_000001aad1e1f140 .functor MUXZ 2, L_000001aad1e1d200, L_000001aad1e3cb40, L_000001aad1cf3d90, C4<>;
L_000001aad1e1e7e0 .array/port v000001aad1dbf380, L_000001aad1e1d7a0;
L_000001aad1e1de80 .concat [ 6 5 0 0], L_000001aad1e1ce40, L_000001aad1e3cc60;
L_000001aad1e1eb00 .concat [ 11 2 0 0], L_000001aad1e1de80, L_000001aad1e3cca8;
L_000001aad1e1f000 .arith/mult 13, L_000001aad1e1eb00, L_000001aad1e3ccf0;
L_000001aad1e1db60 .concat [ 13 1 0 0], L_000001aad1e1f000, L_000001aad1e3cd38;
L_000001aad1e1e380 .concat [ 4 10 0 0], L_000001aad1e1c440, L_000001aad1e3cd80;
L_000001aad1e1d7a0 .arith/sum 14, L_000001aad1e1db60, L_000001aad1e1e380;
L_000001aad1e1e100 .array/port v000001aad1dbe020, L_000001aad1e1e420;
L_000001aad1e1e920 .concat [ 6 5 0 0], L_000001aad1e1ce40, L_000001aad1e3cdc8;
L_000001aad1e1d160 .concat [ 11 2 0 0], L_000001aad1e1e920, L_000001aad1e3ce10;
L_000001aad1e1f0a0 .arith/mult 13, L_000001aad1e1d160, L_000001aad1e3ce58;
L_000001aad1e1dac0 .concat [ 13 1 0 0], L_000001aad1e1f0a0, L_000001aad1e3cea0;
L_000001aad1e1d2a0 .concat [ 4 10 0 0], L_000001aad1e1c440, L_000001aad1e3cee8;
L_000001aad1e1e420 .arith/sum 14, L_000001aad1e1dac0, L_000001aad1e1d2a0;
L_000001aad1e1d340 .array/port v000001aad1dbdda0, L_000001aad1e1d840;
L_000001aad1e1e9c0 .concat [ 6 5 0 0], L_000001aad1e1ce40, L_000001aad1e3cf30;
L_000001aad1e1ea60 .concat [ 11 2 0 0], L_000001aad1e1e9c0, L_000001aad1e3cf78;
L_000001aad1e1dca0 .arith/mult 13, L_000001aad1e1ea60, L_000001aad1e3cfc0;
L_000001aad1e1e1a0 .concat [ 13 1 0 0], L_000001aad1e1dca0, L_000001aad1e3d008;
L_000001aad1e1f3c0 .concat [ 4 10 0 0], L_000001aad1e1c440, L_000001aad1e3d050;
L_000001aad1e1d840 .arith/sum 14, L_000001aad1e1e1a0, L_000001aad1e1f3c0;
L_000001aad1e1ec40 .array/port v000001aad1dbf7e0, L_000001aad1e1dde0;
L_000001aad1e1f500 .concat [ 6 5 0 0], L_000001aad1e1ce40, L_000001aad1e3d098;
L_000001aad1e1f1e0 .concat [ 11 2 0 0], L_000001aad1e1f500, L_000001aad1e3d0e0;
L_000001aad1e1ece0 .arith/mult 13, L_000001aad1e1f1e0, L_000001aad1e3d128;
L_000001aad1e1ed80 .concat [ 13 1 0 0], L_000001aad1e1ece0, L_000001aad1e3d170;
L_000001aad1e1d3e0 .concat [ 4 10 0 0], L_000001aad1e1c440, L_000001aad1e3d1b8;
L_000001aad1e1dde0 .arith/sum 14, L_000001aad1e1ed80, L_000001aad1e1d3e0;
L_000001aad1e1d480 .functor MUXZ 32, L_000001aad1e3d200, L_000001aad1cf41f0, L_000001aad1cf3d90, C4<>;
L_000001aad1e1e060 .functor MUXZ 32, L_000001aad1e1d480, L_000001aad1cf4880, L_000001aad1cf4730, C4<>;
L_000001aad1e1f280 .functor MUXZ 32, L_000001aad1e1e060, L_000001aad1cf3ee0, L_000001aad1cf3690, C4<>;
L_000001aad1e1f6e0 .functor MUXZ 32, L_000001aad1e1f280, L_000001aad1cf3a80, L_000001aad1cf4570, C4<>;
L_000001aad1e1df20 .array/port v000001aad1dc0820, L_000001aad1e1d700;
L_000001aad1e1d700 .concat [ 6 2 0 0], L_000001aad1e1ce40, L_000001aad1e3d368;
L_000001aad1e1f460 .functor MUXZ 2, L_000001aad1e1df20, L_000001aad1e3d320, L_000001aad1cf4420, C4<>;
L_000001aad1e1d520 .functor MUXZ 2, L_000001aad1e1f460, L_000001aad1e3d2d8, L_000001aad1cf4a40, C4<>;
L_000001aad1e1f640 .functor MUXZ 2, L_000001aad1e1d520, L_000001aad1e3d290, L_000001aad1cf48f0, C4<>;
L_000001aad1e1d5c0 .functor MUXZ 2, L_000001aad1e1f640, L_000001aad1e3d248, L_000001aad1cf35b0, C4<>;
L_000001aad1e1dfc0 .part/v v000001aad1dc33e0_0, v000001aad1dc0640_0, 1;
L_000001aad1e1e2e0 .array/port v000001aad1dc49c0, L_000001aad1e1d8e0;
L_000001aad1e1d8e0 .concat [ 6 2 0 0], v000001aad1dc0640_0, L_000001aad1e3d3b0;
L_000001aad1e1f5a0 .cmp/eq 22, L_000001aad1e1e2e0, v000001aad1dc1ae0_0;
L_000001aad1e1ee20 .part/v v000001aad1dc3fc0_0, v000001aad1dc0640_0, 1;
L_000001aad1e1e4c0 .array/port v000001aad1dc3980, L_000001aad1e1e600;
L_000001aad1e1e600 .concat [ 6 2 0 0], v000001aad1dc0640_0, L_000001aad1e3d3f8;
L_000001aad1e1f780 .cmp/eq 22, L_000001aad1e1e4c0, v000001aad1dc1ae0_0;
L_000001aad1e1e6a0 .part/v v000001aad1dc4600_0, v000001aad1dc0640_0, 1;
L_000001aad1e1f820 .array/port v000001aad1dc3ca0, L_000001aad1e1e560;
L_000001aad1e1e560 .concat [ 6 2 0 0], v000001aad1dc0640_0, L_000001aad1e3d440;
L_000001aad1e1d980 .cmp/eq 22, L_000001aad1e1f820, v000001aad1dc1ae0_0;
L_000001aad1e1e880 .part/v v000001aad1dc3b60_0, v000001aad1dc0640_0, 1;
L_000001aad1e1d660 .array/port v000001aad1dc3de0, L_000001aad1e1da20;
L_000001aad1e1da20 .concat [ 6 2 0 0], v000001aad1dc0640_0, L_000001aad1e3d488;
L_000001aad1e1e740 .cmp/eq 22, L_000001aad1e1d660, v000001aad1dc1ae0_0;
L_000001aad1ea2090 .functor MUXZ 2, L_000001aad1e3d5a8, L_000001aad1e3d560, L_000001aad1cf4c70, C4<>;
L_000001aad1ea35d0 .functor MUXZ 2, L_000001aad1ea2090, L_000001aad1e3d518, L_000001aad1cf3150, C4<>;
L_000001aad1ea2c70 .functor MUXZ 2, L_000001aad1ea35d0, L_000001aad1e3d4d0, L_000001aad1cf3230, C4<>;
L_000001aad1ea19b0 .part/v v000001aad1dc33e0_0, v000001aad1dc0640_0, 1;
L_000001aad1ea2a90 .part/v v000001aad1dc3fc0_0, v000001aad1dc0640_0, 1;
L_000001aad1ea1ff0 .part/v v000001aad1dc4600_0, v000001aad1dc0640_0, 1;
L_000001aad1ea38f0 .part/v v000001aad1dc3b60_0, v000001aad1dc0640_0, 1;
L_000001aad1ea1870 .array/port v000001aad1dc0820, L_000001aad1ea2270;
L_000001aad1ea2270 .concat [ 6 2 0 0], v000001aad1dc0640_0, L_000001aad1e3d710;
L_000001aad1ea2590 .functor MUXZ 2, L_000001aad1ea1870, L_000001aad1e3d6c8, L_000001aad1cf37e0, C4<>;
L_000001aad1ea1910 .functor MUXZ 2, L_000001aad1ea2590, L_000001aad1e3d680, L_000001aad1cf3770, C4<>;
L_000001aad1ea2630 .functor MUXZ 2, L_000001aad1ea1910, L_000001aad1e3d638, L_000001aad1cf40a0, C4<>;
L_000001aad1ea2bd0 .functor MUXZ 2, L_000001aad1ea2630, L_000001aad1e3d5f0, L_000001aad1cf3380, C4<>;
L_000001aad1ea1cd0 .part L_000001aad1ef9890, 3, 1;
LS_000001aad1ea24f0_0_0 .concat [ 1 1 1 1], L_000001aad1ea1cd0, L_000001aad1ea1cd0, L_000001aad1ea1cd0, L_000001aad1ea1cd0;
LS_000001aad1ea24f0_0_4 .concat [ 1 1 1 1], L_000001aad1ea1cd0, L_000001aad1ea1cd0, L_000001aad1ea1cd0, L_000001aad1ea1cd0;
L_000001aad1ea24f0 .concat [ 4 4 0 0], LS_000001aad1ea24f0_0_0, LS_000001aad1ea24f0_0_4;
L_000001aad1ea28b0 .part L_000001aad1ef9890, 2, 1;
LS_000001aad1ea26d0_0_0 .concat [ 1 1 1 1], L_000001aad1ea28b0, L_000001aad1ea28b0, L_000001aad1ea28b0, L_000001aad1ea28b0;
LS_000001aad1ea26d0_0_4 .concat [ 1 1 1 1], L_000001aad1ea28b0, L_000001aad1ea28b0, L_000001aad1ea28b0, L_000001aad1ea28b0;
L_000001aad1ea26d0 .concat [ 4 4 0 0], LS_000001aad1ea26d0_0_0, LS_000001aad1ea26d0_0_4;
L_000001aad1ea1a50 .part L_000001aad1ef9890, 1, 1;
LS_000001aad1ea2e50_0_0 .concat [ 1 1 1 1], L_000001aad1ea1a50, L_000001aad1ea1a50, L_000001aad1ea1a50, L_000001aad1ea1a50;
LS_000001aad1ea2e50_0_4 .concat [ 1 1 1 1], L_000001aad1ea1a50, L_000001aad1ea1a50, L_000001aad1ea1a50, L_000001aad1ea1a50;
L_000001aad1ea2e50 .concat [ 4 4 0 0], LS_000001aad1ea2e50_0_0, LS_000001aad1ea2e50_0_4;
L_000001aad1ea3cb0 .part L_000001aad1ef9890, 0, 1;
LS_000001aad1ea2810_0_0 .concat [ 1 1 1 1], L_000001aad1ea3cb0, L_000001aad1ea3cb0, L_000001aad1ea3cb0, L_000001aad1ea3cb0;
LS_000001aad1ea2810_0_4 .concat [ 1 1 1 1], L_000001aad1ea3cb0, L_000001aad1ea3cb0, L_000001aad1ea3cb0, L_000001aad1ea3cb0;
L_000001aad1ea2810 .concat [ 4 4 0 0], LS_000001aad1ea2810_0_0, LS_000001aad1ea2810_0_4;
L_000001aad1ea2770 .concat [ 8 8 8 8], L_000001aad1ea2810, L_000001aad1ea2e50, L_000001aad1ea26d0, L_000001aad1ea24f0;
L_000001aad1ea2d10 .concat [ 4 6 22 0], L_000001aad1e3d758, v000001aad1dc0f00_0, v000001aad1dc0500_0;
L_000001aad1ea2db0 .part v000001aad1dc1e00_0, 0, 2;
L_000001aad1ea2ef0 .part v000001aad1dc2800_0, 0, 2;
L_000001aad1ea1af0 .arith/sum 2, L_000001aad1ea2db0, L_000001aad1ea2ef0;
L_000001aad1ea2310 .concat [ 2 2 0 0], L_000001aad1ea1af0, L_000001aad1e3d7a0;
L_000001aad1ea2f90 .part v000001aad1dc42e0_0, 0, 2;
L_000001aad1ea3ad0 .part v000001aad1dc0780_0, 0, 2;
L_000001aad1ea3670 .arith/sum 2, L_000001aad1ea2f90, L_000001aad1ea3ad0;
L_000001aad1ea1d70 .concat [ 2 2 0 0], L_000001aad1ea3670, L_000001aad1e3d7e8;
L_000001aad1ea3350 .concat [ 2 4 26 0], L_000001aad1e3d878, L_000001aad1ea2310, L_000001aad1e3d830;
L_000001aad1ea1550 .concat [ 2 4 26 0], L_000001aad1e3d908, v000001aad1dc1e00_0, L_000001aad1e3d8c0;
L_000001aad1ea15f0 .arith/sum 32, L_000001aad1ea2d10, L_000001aad1e3d950;
L_000001aad1ea2950 .part L_000001aad1ea15f0, 10, 22;
L_000001aad1ea29f0 .part L_000001aad1ea15f0, 4, 6;
L_000001aad1ea3b70 .part/v v000001aad1dc33e0_0, L_000001aad1ea29f0, 1;
L_000001aad1ea1690 .part/v v000001aad1dc3fc0_0, L_000001aad1ea29f0, 1;
L_000001aad1ea1730 .part/v v000001aad1dc4600_0, L_000001aad1ea29f0, 1;
L_000001aad1ea2b30 .part/v v000001aad1dc3b60_0, L_000001aad1ea29f0, 1;
L_000001aad1ea21d0 .array/port v000001aad1dc49c0, L_000001aad1ea3710;
L_000001aad1ea3710 .concat [ 6 2 0 0], L_000001aad1ea29f0, L_000001aad1e3d998;
L_000001aad1ea3030 .cmp/eq 22, L_000001aad1ea21d0, L_000001aad1ea2950;
L_000001aad1ea30d0 .array/port v000001aad1dc3980, L_000001aad1ea3170;
L_000001aad1ea3170 .concat [ 6 2 0 0], L_000001aad1ea29f0, L_000001aad1e3d9e0;
L_000001aad1ea3210 .cmp/eq 22, L_000001aad1ea30d0, L_000001aad1ea2950;
L_000001aad1ea37b0 .array/port v000001aad1dc3ca0, L_000001aad1ea32b0;
L_000001aad1ea32b0 .concat [ 6 2 0 0], L_000001aad1ea29f0, L_000001aad1e3da28;
L_000001aad1ea1c30 .cmp/eq 22, L_000001aad1ea37b0, L_000001aad1ea2950;
L_000001aad1ea33f0 .array/port v000001aad1dc3de0, L_000001aad1ea1e10;
L_000001aad1ea1e10 .concat [ 6 2 0 0], L_000001aad1ea29f0, L_000001aad1e3da70;
L_000001aad1ea3490 .cmp/eq 22, L_000001aad1ea33f0, L_000001aad1ea2950;
L_000001aad1ea3530 .array/port v000001aad1dc0820, L_000001aad1ea17d0;
L_000001aad1ea17d0 .concat [ 6 2 0 0], L_000001aad1ea29f0, L_000001aad1e3dbd8;
L_000001aad1ea3990 .functor MUXZ 2, L_000001aad1ea3530, L_000001aad1e3db90, L_000001aad1cf6100, C4<>;
L_000001aad1ea3850 .functor MUXZ 2, L_000001aad1ea3990, L_000001aad1e3db48, L_000001aad1cf65d0, C4<>;
L_000001aad1ea3a30 .functor MUXZ 2, L_000001aad1ea3850, L_000001aad1e3db00, L_000001aad1cf5a00, C4<>;
L_000001aad1ea3c10 .functor MUXZ 2, L_000001aad1ea3a30, L_000001aad1e3dab8, L_000001aad1cf57d0, C4<>;
L_000001aad1ea1b90 .cmp/eq 2, v000001aad1dc10e0_0, L_000001aad1e3dc20;
L_000001aad1ea1eb0 .array/port v000001aad1dbf380, L_000001aad1ea3f30;
L_000001aad1ea1f50 .concat [ 6 5 0 0], v000001aad1dc0f00_0, L_000001aad1e3dc68;
L_000001aad1ea2130 .concat [ 11 2 0 0], L_000001aad1ea1f50, L_000001aad1e3dcb0;
L_000001aad1ea23b0 .arith/mult 13, L_000001aad1ea2130, L_000001aad1e3dcf8;
L_000001aad1ea2450 .concat [ 13 1 0 0], L_000001aad1ea23b0, L_000001aad1e3dd40;
L_000001aad1ea4e30 .concat [ 4 10 0 0], v000001aad1dc1e00_0, L_000001aad1e3dd88;
L_000001aad1ea3f30 .arith/sum 14, L_000001aad1ea2450, L_000001aad1ea4e30;
L_000001aad1ea4ed0 .cmp/eq 2, v000001aad1dc10e0_0, L_000001aad1e3ddd0;
L_000001aad1ea5290 .array/port v000001aad1dbe020, L_000001aad1ea4f70;
L_000001aad1ea3d50 .concat [ 6 5 0 0], v000001aad1dc0f00_0, L_000001aad1e3de18;
L_000001aad1ea5a10 .concat [ 11 2 0 0], L_000001aad1ea3d50, L_000001aad1e3de60;
L_000001aad1ea58d0 .arith/mult 13, L_000001aad1ea5a10, L_000001aad1e3dea8;
L_000001aad1ea4cf0 .concat [ 13 1 0 0], L_000001aad1ea58d0, L_000001aad1e3def0;
L_000001aad1ea5e70 .concat [ 4 10 0 0], v000001aad1dc1e00_0, L_000001aad1e3df38;
L_000001aad1ea4f70 .arith/sum 14, L_000001aad1ea4cf0, L_000001aad1ea5e70;
L_000001aad1ea5330 .cmp/eq 2, v000001aad1dc10e0_0, L_000001aad1e3df80;
L_000001aad1ea5010 .array/port v000001aad1dbdda0, L_000001aad1ea50b0;
L_000001aad1ea4c50 .concat [ 6 5 0 0], v000001aad1dc0f00_0, L_000001aad1e3dfc8;
L_000001aad1ea5650 .concat [ 11 2 0 0], L_000001aad1ea4c50, L_000001aad1e3e010;
L_000001aad1ea42f0 .arith/mult 13, L_000001aad1ea5650, L_000001aad1e3e058;
L_000001aad1ea5bf0 .concat [ 13 1 0 0], L_000001aad1ea42f0, L_000001aad1e3e0a0;
L_000001aad1ea3df0 .concat [ 4 10 0 0], v000001aad1dc1e00_0, L_000001aad1e3e0e8;
L_000001aad1ea50b0 .arith/sum 14, L_000001aad1ea5bf0, L_000001aad1ea3df0;
L_000001aad1ea62d0 .array/port v000001aad1dbf7e0, L_000001aad1ea5470;
L_000001aad1ea5f10 .concat [ 6 5 0 0], v000001aad1dc0f00_0, L_000001aad1e3e130;
L_000001aad1ea41b0 .concat [ 11 2 0 0], L_000001aad1ea5f10, L_000001aad1e3e178;
L_000001aad1ea6370 .arith/mult 13, L_000001aad1ea41b0, L_000001aad1e3e1c0;
L_000001aad1ea5150 .concat [ 13 1 0 0], L_000001aad1ea6370, L_000001aad1e3e208;
L_000001aad1ea5dd0 .concat [ 4 10 0 0], v000001aad1dc1e00_0, L_000001aad1e3e250;
L_000001aad1ea5470 .arith/sum 14, L_000001aad1ea5150, L_000001aad1ea5dd0;
L_000001aad1ea4250 .functor MUXZ 32, L_000001aad1ea62d0, L_000001aad1ea5010, L_000001aad1ea5330, C4<>;
L_000001aad1ea4570 .functor MUXZ 32, L_000001aad1ea4250, L_000001aad1ea5290, L_000001aad1ea4ed0, C4<>;
L_000001aad1ea46b0 .functor MUXZ 32, L_000001aad1ea4570, L_000001aad1ea1eb0, L_000001aad1ea1b90, C4<>;
L_000001aad1ea5fb0 .part v000001aad1dc0c80_0, 3, 1;
LS_000001aad1ea60f0_0_0 .concat [ 1 1 1 1], L_000001aad1ea5fb0, L_000001aad1ea5fb0, L_000001aad1ea5fb0, L_000001aad1ea5fb0;
LS_000001aad1ea60f0_0_4 .concat [ 1 1 1 1], L_000001aad1ea5fb0, L_000001aad1ea5fb0, L_000001aad1ea5fb0, L_000001aad1ea5fb0;
L_000001aad1ea60f0 .concat [ 4 4 0 0], LS_000001aad1ea60f0_0_0, LS_000001aad1ea60f0_0_4;
L_000001aad1ea53d0 .part v000001aad1dc0c80_0, 2, 1;
LS_000001aad1ea5c90_0_0 .concat [ 1 1 1 1], L_000001aad1ea53d0, L_000001aad1ea53d0, L_000001aad1ea53d0, L_000001aad1ea53d0;
LS_000001aad1ea5c90_0_4 .concat [ 1 1 1 1], L_000001aad1ea53d0, L_000001aad1ea53d0, L_000001aad1ea53d0, L_000001aad1ea53d0;
L_000001aad1ea5c90 .concat [ 4 4 0 0], LS_000001aad1ea5c90_0_0, LS_000001aad1ea5c90_0_4;
L_000001aad1ea4d90 .part v000001aad1dc0c80_0, 1, 1;
LS_000001aad1ea4390_0_0 .concat [ 1 1 1 1], L_000001aad1ea4d90, L_000001aad1ea4d90, L_000001aad1ea4d90, L_000001aad1ea4d90;
LS_000001aad1ea4390_0_4 .concat [ 1 1 1 1], L_000001aad1ea4d90, L_000001aad1ea4d90, L_000001aad1ea4d90, L_000001aad1ea4d90;
L_000001aad1ea4390 .concat [ 4 4 0 0], LS_000001aad1ea4390_0_0, LS_000001aad1ea4390_0_4;
L_000001aad1ea3e90 .part v000001aad1dc0c80_0, 0, 1;
LS_000001aad1ea51f0_0_0 .concat [ 1 1 1 1], L_000001aad1ea3e90, L_000001aad1ea3e90, L_000001aad1ea3e90, L_000001aad1ea3e90;
LS_000001aad1ea51f0_0_4 .concat [ 1 1 1 1], L_000001aad1ea3e90, L_000001aad1ea3e90, L_000001aad1ea3e90, L_000001aad1ea3e90;
L_000001aad1ea51f0 .concat [ 4 4 0 0], LS_000001aad1ea51f0_0_0, LS_000001aad1ea51f0_0_4;
L_000001aad1ea4b10 .concat [ 8 8 8 8], L_000001aad1ea51f0, L_000001aad1ea4390, L_000001aad1ea5c90, L_000001aad1ea60f0;
L_000001aad1ea3fd0 .part L_000001aad1e1c440, 0, 2;
L_000001aad1ea5510 .part v000001aad1dc42e0_0, 0, 2;
L_000001aad1ea64b0 .arith/sub 2, L_000001aad1ea3fd0, L_000001aad1ea5510;
L_000001aad1ea6410 .concat [ 2 2 0 0], L_000001aad1ea64b0, L_000001aad1e3e2e0;
L_000001aad1ea55b0 .cmp/eq 2, v000001aad1dc44c0_0, L_000001aad1e3e370;
L_000001aad1ea6050 .array/port v000001aad1dbf380, L_000001aad1ea5790;
L_000001aad1ea6190 .concat [ 6 5 0 0], v000001aad1dc3e80_0, L_000001aad1e3e3b8;
L_000001aad1ea56f0 .concat [ 11 2 0 0], L_000001aad1ea6190, L_000001aad1e3e400;
L_000001aad1ea5970 .arith/mult 13, L_000001aad1ea56f0, L_000001aad1e3e448;
L_000001aad1ea44d0 .concat [ 13 1 0 0], L_000001aad1ea5970, L_000001aad1e3e490;
L_000001aad1ea5d30 .concat [ 4 10 0 0], L_000001aad1e1c440, L_000001aad1e3e4d8;
L_000001aad1ea5790 .arith/sum 14, L_000001aad1ea44d0, L_000001aad1ea5d30;
L_000001aad1ea4610 .cmp/eq 2, v000001aad1dc44c0_0, L_000001aad1e3e520;
L_000001aad1ea6230 .array/port v000001aad1dbe020, L_000001aad1ea5b50;
L_000001aad1ea4070 .concat [ 6 5 0 0], v000001aad1dc3e80_0, L_000001aad1e3e568;
L_000001aad1ea4750 .concat [ 11 2 0 0], L_000001aad1ea4070, L_000001aad1e3e5b0;
L_000001aad1ea5830 .arith/mult 13, L_000001aad1ea4750, L_000001aad1e3e5f8;
L_000001aad1ea5ab0 .concat [ 13 1 0 0], L_000001aad1ea5830, L_000001aad1e3e640;
L_000001aad1ea4110 .concat [ 4 10 0 0], L_000001aad1e1c440, L_000001aad1e3e688;
L_000001aad1ea5b50 .arith/sum 14, L_000001aad1ea5ab0, L_000001aad1ea4110;
L_000001aad1ea4a70 .cmp/eq 2, v000001aad1dc44c0_0, L_000001aad1e3e6d0;
L_000001aad1ea4bb0 .array/port v000001aad1dbdda0, L_000001aad1ea6b90;
L_000001aad1ea4430 .concat [ 6 5 0 0], v000001aad1dc3e80_0, L_000001aad1e3e718;
L_000001aad1ea47f0 .concat [ 11 2 0 0], L_000001aad1ea4430, L_000001aad1e3e760;
L_000001aad1ea4890 .arith/mult 13, L_000001aad1ea47f0, L_000001aad1e3e7a8;
L_000001aad1ea4930 .concat [ 13 1 0 0], L_000001aad1ea4890, L_000001aad1e3e7f0;
L_000001aad1ea49d0 .concat [ 4 10 0 0], L_000001aad1e1c440, L_000001aad1e3e838;
L_000001aad1ea6b90 .arith/sum 14, L_000001aad1ea4930, L_000001aad1ea49d0;
L_000001aad1ea6af0 .array/port v000001aad1dbf7e0, L_000001aad1ea7590;
L_000001aad1ea6c30 .concat [ 6 5 0 0], v000001aad1dc3e80_0, L_000001aad1e3e880;
L_000001aad1ea8710 .concat [ 11 2 0 0], L_000001aad1ea6c30, L_000001aad1e3e8c8;
L_000001aad1ea8210 .arith/mult 13, L_000001aad1ea8710, L_000001aad1e3e910;
L_000001aad1ea8ad0 .concat [ 13 1 0 0], L_000001aad1ea8210, L_000001aad1e3e958;
L_000001aad1ea6550 .concat [ 4 10 0 0], L_000001aad1e1c440, L_000001aad1e3e9a0;
L_000001aad1ea7590 .arith/sum 14, L_000001aad1ea8ad0, L_000001aad1ea6550;
L_000001aad1ea7ef0 .functor MUXZ 32, L_000001aad1ea6af0, L_000001aad1ea4bb0, L_000001aad1ea4a70, C4<>;
L_000001aad1ea7810 .functor MUXZ 32, L_000001aad1ea7ef0, L_000001aad1ea6230, L_000001aad1ea4610, C4<>;
L_000001aad1ea7950 .functor MUXZ 32, L_000001aad1ea7810, L_000001aad1ea6050, L_000001aad1ea55b0, C4<>;
L_000001aad1ea6d70 .cmp/eq 2, v000001aad1dc3f20_0, L_000001aad1e3e9e8;
L_000001aad1ea8670 .cmp/eq 2, v000001aad1dc3f20_0, L_000001aad1e3ea30;
L_000001aad1ea7c70 .cmp/eq 2, v000001aad1dc3f20_0, L_000001aad1e3ea78;
L_000001aad1ea8990 .cmp/ne 6, v000001aad1dc3c00_0, L_000001aad1e3eac0;
L_000001aad1ea85d0 .cmp/ne 6, v000001aad1dc3c00_0, L_000001aad1e3eb08;
L_000001aad1ea67d0 .cmp/eq 2, v000001aad1dc3f20_0, L_000001aad1e3eb50;
L_000001aad1ea8cb0 .cmp/eq 2, v000001aad1dc3f20_0, L_000001aad1e3eb98;
L_000001aad1ea82b0 .cmp/eq 2, v000001aad1dc3f20_0, L_000001aad1e3ebe0;
L_000001aad1ea6cd0 .cmp/eq 2, v000001aad1dc3f20_0, L_000001aad1e3ec28;
L_000001aad1ea87b0 .cmp/eq 2, v000001aad1dc3f20_0, L_000001aad1e3ec70;
L_000001aad1ea6910 .functor MUXZ 32, L_000001aad1cf3fc0, L_000001aad1eb2d50, L_000001aad1cf5e60, C4<>;
L_000001aad1ea7090 .functor MUXZ 32, L_000001aad1cf5a70, L_000001aad1cf3bd0, L_000001aad1cf5e60, C4<>;
L_000001aad1ea7e50 .cmp/eq 2, v000001aad1dc3f20_0, L_000001aad1e3ecb8;
L_000001aad1ea8b70 .array/port v000001aad1dc47e0, L_000001aad1ea8850;
L_000001aad1ea8850 .concat [ 5 2 0 0], v000001aad1dc4420_0, L_000001aad1e3ed00;
L_000001aad1ea7a90 .functor MUXZ 32, L_000001aad1e3ed48, L_000001aad1ea8b70, L_000001aad1cf6560, C4<>;
L_000001aad1ea8350 .functor MUXZ 32, L_000001aad1ea7a90, L_000001aad1cf3f50, L_000001aad1ea7e50, C4<>;
L_000001aad1ea6e10 .array/port v000001aad1dc3160, L_000001aad1ea6eb0;
L_000001aad1ea6eb0 .concat [ 5 2 0 0], v000001aad1dc4420_0, L_000001aad1e3ed90;
L_000001aad1ea65f0 .functor MUXZ 32, L_000001aad1e3edd8, L_000001aad1ea6e10, L_000001aad1cf6560, C4<>;
L_000001aad1ea7770 .cmp/eq 22, L_000001aad1e1cda0, v000001aad1dc3700_0;
L_000001aad1ea79f0 .cmp/eq 6, L_000001aad1e1ce40, v000001aad1dc3e80_0;
L_000001aad1ea6690 .cmp/eq 2, v000001aad1dc3f20_0, L_000001aad1e3ee20;
L_000001aad1ea78b0 .cmp/eq 2, v000001aad1dc3f20_0, L_000001aad1e3ee68;
L_000001aad1ea7b30 .cmp/eq 2, v000001aad1dc3f20_0, L_000001aad1e3eeb0;
L_000001aad1ea8c10 .cmp/eq 2, v000001aad1dc3f20_0, L_000001aad1e3eef8;
S_000001aad1512eb0 .scope module, "u_decode" "decode" 3 694, 5 1 0, S_000001aad155a220;
 .timescale -9 -12;
    .port_info 0 /INPUT 1 "i_clk";
    .port_info 1 /INPUT 1 "i_rst";
    .port_info 2 /INPUT 32 "Inst";
    .port_info 3 /INPUT 32 "WriteData";
    .port_info 4 /INPUT 5 "WriteAddr";
    .port_info 5 /INPUT 1 "WriteEn";
    .port_info 6 /OUTPUT 1 "lui";
    .port_info 7 /OUTPUT 1 "PcSrc";
    .port_info 8 /OUTPUT 3 "AluOp";
    .port_info 9 /OUTPUT 1 "MemWrite";
    .port_info 10 /OUTPUT 1 "MemRead";
    .port_info 11 /OUTPUT 1 "MemToReg";
    .port_info 12 /OUTPUT 1 "AluSrc1";
    .port_info 13 /OUTPUT 1 "AluSrc2";
    .port_info 14 /OUTPUT 1 "RegWrite";
    .port_info 15 /OUTPUT 1 "Jump";
    .port_info 16 /OUTPUT 1 "Branch";
    .port_info 17 /OUTPUT 32 "Offset";
    .port_info 18 /OUTPUT 5 "o_retire_rs1_raddr";
    .port_info 19 /OUTPUT 5 "o_retire_rs2_raddr";
    .port_info 20 /OUTPUT 5 "o_retire_rd_waddr";
    .port_info 21 /OUTPUT 32 "o_retire_rs1_rdata";
    .port_info 22 /OUTPUT 32 "o_retire_rs2_rdata";
    .port_info 23 /OUTPUT 1 "IllegalInst";
    .port_info 24 /OUTPUT 1 "EBreak";
P_000001aad1d0fdc0 .param/l "BYPASS_EN" 0 5 2, +C4<00000000000000000000000000000001>;
L_000001aad1ecfe70 .functor OR 1, L_000001aad1eaaa10, L_000001aad1eaa1f0, C4<0>, C4<0>;
L_000001aad1ed0650 .functor OR 1, L_000001aad1ecfe70, L_000001aad1eaa6f0, C4<0>, C4<0>;
L_000001aad1ecf8c0 .functor OR 1, L_000001aad1ed0650, L_000001aad1eaa790, C4<0>, C4<0>;
L_000001aad1ed05e0 .functor OR 1, L_000001aad1ecf8c0, L_000001aad1eaa8d0, C4<0>, C4<0>;
L_000001aad1ed00a0 .functor OR 1, L_000001aad1ed05e0, L_000001aad1eadc10, C4<0>, C4<0>;
L_000001aad1ed0960 .functor OR 1, L_000001aad1eaaa10, L_000001aad1eaa790, C4<0>, C4<0>;
L_000001aad1ed09d0 .functor OR 1, L_000001aad1ed0960, L_000001aad1eaa8d0, C4<0>, C4<0>;
L_000001aad1ed0e30 .functor OR 1, L_000001aad1eaa1f0, L_000001aad1eaa6f0, C4<0>, C4<0>;
L_000001aad1ecfee0 .functor OR 1, L_000001aad1ed0e30, L_000001aad1eadc10, C4<0>, C4<0>;
L_000001aad1ed0ff0 .functor OR 1, L_000001aad1ead2b0, L_000001aad1eadb70, C4<0>, C4<0>;
L_000001aad1ed0730 .functor BUFZ 1, L_000001aad1eac1d0, C4<0>, C4<0>, C4<0>;
L_000001aad1ed0ab0 .functor OR 1, L_000001aad1eaaa10, L_000001aad1eaa1f0, C4<0>, C4<0>;
L_000001aad1ed0a40 .functor OR 1, L_000001aad1ed0ab0, L_000001aad1eaa6f0, C4<0>, C4<0>;
L_000001aad1ed10d0 .functor OR 1, L_000001aad1ed0a40, L_000001aad1eaa790, C4<0>, C4<0>;
L_000001aad1ed0810 .functor OR 1, L_000001aad1ed10d0, L_000001aad1eaa8d0, C4<0>, C4<0>;
L_000001aad1ecffc0 .functor OR 1, L_000001aad1ed0810, L_000001aad1ead2b0, C4<0>, C4<0>;
L_000001aad1ed1060 .functor OR 1, L_000001aad1ecffc0, L_000001aad1eadb70, C4<0>, C4<0>;
L_000001aad1ecf770 .functor OR 1, L_000001aad1ed1060, L_000001aad1eadad0, C4<0>, C4<0>;
L_000001aad1ed0b90 .functor OR 1, L_000001aad1ecf770, L_000001aad1eadc10, C4<0>, C4<0>;
L_000001aad1ecf930 .functor OR 1, L_000001aad1ed0b90, L_000001aad1eac1d0, C4<0>, C4<0>;
L_000001aad1ed0030 .functor NOT 1, L_000001aad1ecf930, C4<0>, C4<0>, C4<0>;
L_000001aad1ed0110 .functor BUFZ 1, L_000001aad1ead2b0, C4<0>, C4<0>, C4<0>;
L_000001aad1ecfa10 .functor BUFZ 1, L_000001aad1eadc10, C4<0>, C4<0>, C4<0>;
L_000001aad1ed0180 .functor BUFZ 1, L_000001aad1eaa790, C4<0>, C4<0>, C4<0>;
L_000001aad1ed01f0 .functor BUFZ 1, L_000001aad1eaa6f0, C4<0>, C4<0>, C4<0>;
L_000001aad1ed0260 .functor BUFZ 1, L_000001aad1eaa6f0, C4<0>, C4<0>, C4<0>;
L_000001aad1ed1ae0 .functor BUFZ 1, L_000001aad1eadb70, C4<0>, C4<0>, C4<0>;
L_000001aad1ed2100 .functor OR 1, L_000001aad1eaa1f0, L_000001aad1eaa6f0, C4<0>, C4<0>;
L_000001aad1ed1fb0 .functor OR 1, L_000001aad1ed2100, L_000001aad1eaa790, C4<0>, C4<0>;
L_000001aad1ed13e0 .functor OR 1, L_000001aad1ed1fb0, L_000001aad1eadb70, C4<0>, C4<0>;
L_000001aad1ed24f0 .functor OR 1, L_000001aad1ed13e0, L_000001aad1eadc10, C4<0>, C4<0>;
L_000001aad1ed25d0 .functor OR 1, L_000001aad1eaaa10, L_000001aad1eaa1f0, C4<0>, C4<0>;
L_000001aad1ed2cd0 .functor OR 1, L_000001aad1ed25d0, L_000001aad1eaa6f0, C4<0>, C4<0>;
L_000001aad1ed1b50 .functor OR 1, L_000001aad1ed2cd0, L_000001aad1ead2b0, C4<0>, C4<0>;
L_000001aad1ed1f40 .functor OR 1, L_000001aad1ed1b50, L_000001aad1eadb70, C4<0>, C4<0>;
L_000001aad1ed2640 .functor OR 1, L_000001aad1ed1f40, L_000001aad1eadad0, C4<0>, C4<0>;
L_000001aad1ed2b10 .functor OR 1, L_000001aad1ed2640, L_000001aad1eadc10, C4<0>, C4<0>;
L_000001aad1ed26b0 .functor OR 1, L_000001aad1eadad0, L_000001aad1eadc10, C4<0>, C4<0>;
L_000001aad1ed2800 .functor BUFZ 1, L_000001aad1eaa8d0, C4<0>, C4<0>, C4<0>;
L_000001aad1ed2170 .functor NOT 1, L_000001aad1ed0030, C4<0>, C4<0>, C4<0>;
L_000001aad1ed1450 .functor AND 1, L_000001aad1ed2b10, L_000001aad1ed2170, C4<1>, C4<1>;
L_000001aad1ed2bf0 .functor NOT 1, L_000001aad1ed0730, C4<0>, C4<0>, C4<0>;
L_000001aad1ed1840 .functor AND 1, L_000001aad1ed1450, L_000001aad1ed2bf0, C4<1>, C4<1>;
v000001aad1db7fe0_0 .net "AluOp", 2 0, L_000001aad1eac130;  alias, 1 drivers
v000001aad1db81c0_0 .net "AluSrc1", 0 0, L_000001aad1ed1ae0;  alias, 1 drivers
v000001aad1db65a0_0 .net "AluSrc2", 0 0, L_000001aad1ed24f0;  alias, 1 drivers
v000001aad1db8760_0 .net "Branch", 0 0, L_000001aad1ed2800;  alias, 1 drivers
v000001aad1db6780_0 .net "EBreak", 0 0, L_000001aad1ed0730;  alias, 1 drivers
v000001aad1db6b40_0 .net "IllegalInst", 0 0, L_000001aad1ed0030;  alias, 1 drivers
v000001aad1db8260_0 .net "Inst", 31 0, v000001aad1e259a0_0;  1 drivers
v000001aad1db83a0_0 .net "Jump", 0 0, L_000001aad1ed26b0;  alias, 1 drivers
v000001aad1db8440_0 .net "MemRead", 0 0, L_000001aad1ed01f0;  alias, 1 drivers
v000001aad1db86c0_0 .net "MemToReg", 0 0, L_000001aad1ed0260;  alias, 1 drivers
v000001aad1db8800_0 .net "MemWrite", 0 0, L_000001aad1ed0180;  alias, 1 drivers
v000001aad1db60a0_0 .net "Offset", 31 0, L_000001aad1eaeed0;  alias, 1 drivers
v000001aad1db6c80_0 .net "PcSrc", 0 0, L_000001aad1ecfa10;  alias, 1 drivers
v000001aad1db6640_0 .net "RegWrite", 0 0, L_000001aad1ed2b10;  alias, 1 drivers
v000001aad1db66e0_0 .net "WriteAddr", 4 0, v000001aad1e2a7c0_0;  1 drivers
v000001aad1db7400_0 .net "WriteData", 31 0, L_000001aad1eb4650;  alias, 1 drivers
v000001aad1db68c0_0 .net "WriteEn", 0 0, L_000001aad1ef85c0;  alias, 1 drivers
v000001aad1db74a0_0 .net *"_ivl_100", 0 0, L_000001aad1ed10d0;  1 drivers
v000001aad1db6e60_0 .net *"_ivl_102", 0 0, L_000001aad1ed0810;  1 drivers
v000001aad1db6fa0_0 .net *"_ivl_104", 0 0, L_000001aad1ecffc0;  1 drivers
v000001aad1db7540_0 .net *"_ivl_106", 0 0, L_000001aad1ed1060;  1 drivers
v000001aad1db7040_0 .net *"_ivl_108", 0 0, L_000001aad1ecf770;  1 drivers
v000001aad1db70e0_0 .net *"_ivl_110", 0 0, L_000001aad1ed0b90;  1 drivers
v000001aad1db7180_0 .net *"_ivl_112", 0 0, L_000001aad1ecf930;  1 drivers
L_000001aad1e3f5b8 .functor BUFT 1, C4<0010011>, C4<0>, C4<0>, C4<0>;
v000001aad1dde510_0 .net/2u *"_ivl_12", 6 0, L_000001aad1e3f5b8;  1 drivers
v000001aad1ddda70_0 .net *"_ivl_130", 0 0, L_000001aad1ed2100;  1 drivers
v000001aad1ddf870_0 .net *"_ivl_132", 0 0, L_000001aad1ed1fb0;  1 drivers
v000001aad1dde1f0_0 .net *"_ivl_134", 0 0, L_000001aad1ed13e0;  1 drivers
v000001aad1ddf550_0 .net *"_ivl_138", 0 0, L_000001aad1ed25d0;  1 drivers
v000001aad1ddefb0_0 .net *"_ivl_140", 0 0, L_000001aad1ed2cd0;  1 drivers
v000001aad1dde650_0 .net *"_ivl_142", 0 0, L_000001aad1ed1b50;  1 drivers
v000001aad1ddfc30_0 .net *"_ivl_144", 0 0, L_000001aad1ed1f40;  1 drivers
v000001aad1ddebf0_0 .net *"_ivl_146", 0 0, L_000001aad1ed2640;  1 drivers
L_000001aad1e3fd98 .functor BUFT 1, C4<00000>, C4<0>, C4<0>, C4<0>;
v000001aad1ddedd0_0 .net/2u *"_ivl_154", 4 0, L_000001aad1e3fd98;  1 drivers
L_000001aad1e3fde0 .functor BUFT 1, C4<00000000000000000000000000000000>, C4<0>, C4<0>, C4<0>;
v000001aad1ddf690_0 .net/2u *"_ivl_158", 31 0, L_000001aad1e3fde0;  1 drivers
L_000001aad1e3f600 .functor BUFT 1, C4<0000011>, C4<0>, C4<0>, C4<0>;
v000001aad1ddee70_0 .net/2u *"_ivl_16", 6 0, L_000001aad1e3f600;  1 drivers
L_000001aad1e3fe28 .functor BUFT 1, C4<00000>, C4<0>, C4<0>, C4<0>;
v000001aad1ddd9d0_0 .net/2u *"_ivl_162", 4 0, L_000001aad1e3fe28;  1 drivers
L_000001aad1e3fe70 .functor BUFT 1, C4<00000000000000000000000000000000>, C4<0>, C4<0>, C4<0>;
v000001aad1ddfa50_0 .net/2u *"_ivl_166", 31 0, L_000001aad1e3fe70;  1 drivers
v000001aad1ddf5f0_0 .net *"_ivl_170", 0 0, L_000001aad1ed2170;  1 drivers
v000001aad1dde5b0_0 .net *"_ivl_172", 0 0, L_000001aad1ed1450;  1 drivers
v000001aad1dddbb0_0 .net *"_ivl_174", 0 0, L_000001aad1ed2bf0;  1 drivers
v000001aad1dde6f0_0 .net *"_ivl_176", 0 0, L_000001aad1ed1840;  1 drivers
L_000001aad1e3feb8 .functor BUFT 1, C4<00000>, C4<0>, C4<0>, C4<0>;
v000001aad1ddec90_0 .net/2u *"_ivl_178", 4 0, L_000001aad1e3feb8;  1 drivers
L_000001aad1e3f648 .functor BUFT 1, C4<0100011>, C4<0>, C4<0>, C4<0>;
v000001aad1dde790_0 .net/2u *"_ivl_20", 6 0, L_000001aad1e3f648;  1 drivers
L_000001aad1e3f690 .functor BUFT 1, C4<1100011>, C4<0>, C4<0>, C4<0>;
v000001aad1ddef10_0 .net/2u *"_ivl_24", 6 0, L_000001aad1e3f690;  1 drivers
L_000001aad1e3f6d8 .functor BUFT 1, C4<0110111>, C4<0>, C4<0>, C4<0>;
v000001aad1dde0b0_0 .net/2u *"_ivl_28", 6 0, L_000001aad1e3f6d8;  1 drivers
L_000001aad1e3f720 .functor BUFT 1, C4<0010111>, C4<0>, C4<0>, C4<0>;
v000001aad1ddf730_0 .net/2u *"_ivl_32", 6 0, L_000001aad1e3f720;  1 drivers
L_000001aad1e3f768 .functor BUFT 1, C4<1101111>, C4<0>, C4<0>, C4<0>;
v000001aad1ddf230_0 .net/2u *"_ivl_36", 6 0, L_000001aad1e3f768;  1 drivers
L_000001aad1e3f7b0 .functor BUFT 1, C4<1100111>, C4<0>, C4<0>, C4<0>;
v000001aad1dddb10_0 .net/2u *"_ivl_40", 6 0, L_000001aad1e3f7b0;  1 drivers
L_000001aad1e3f7f8 .functor BUFT 1, C4<00000000000100000000000001110011>, C4<0>, C4<0>, C4<0>;
v000001aad1dde290_0 .net/2u *"_ivl_44", 31 0, L_000001aad1e3f7f8;  1 drivers
v000001aad1ddea10_0 .net *"_ivl_48", 0 0, L_000001aad1ecfe70;  1 drivers
v000001aad1dddc50_0 .net *"_ivl_50", 0 0, L_000001aad1ed0650;  1 drivers
v000001aad1dde330_0 .net *"_ivl_52", 0 0, L_000001aad1ecf8c0;  1 drivers
v000001aad1dddcf0_0 .net *"_ivl_54", 0 0, L_000001aad1ed05e0;  1 drivers
v000001aad1ddfcd0_0 .net *"_ivl_58", 0 0, L_000001aad1ed0960;  1 drivers
L_000001aad1e3f840 .functor BUFT 1, C4<000001>, C4<0>, C4<0>, C4<0>;
v000001aad1dded30_0 .net/2u *"_ivl_62", 5 0, L_000001aad1e3f840;  1 drivers
v000001aad1ddf050_0 .net *"_ivl_64", 0 0, L_000001aad1ed0e30;  1 drivers
v000001aad1ddded0_0 .net *"_ivl_66", 0 0, L_000001aad1ecfee0;  1 drivers
L_000001aad1e3f888 .functor BUFT 1, C4<000010>, C4<0>, C4<0>, C4<0>;
v000001aad1ddf4b0_0 .net/2u *"_ivl_68", 5 0, L_000001aad1e3f888;  1 drivers
L_000001aad1e3f8d0 .functor BUFT 1, C4<000100>, C4<0>, C4<0>, C4<0>;
v000001aad1ddf0f0_0 .net/2u *"_ivl_70", 5 0, L_000001aad1e3f8d0;  1 drivers
L_000001aad1e3f918 .functor BUFT 1, C4<001000>, C4<0>, C4<0>, C4<0>;
v000001aad1ddf2d0_0 .net/2u *"_ivl_72", 5 0, L_000001aad1e3f918;  1 drivers
v000001aad1dde830_0 .net *"_ivl_74", 0 0, L_000001aad1ed0ff0;  1 drivers
L_000001aad1e3f960 .functor BUFT 1, C4<010000>, C4<0>, C4<0>, C4<0>;
v000001aad1ddf9b0_0 .net/2u *"_ivl_76", 5 0, L_000001aad1e3f960;  1 drivers
L_000001aad1e3f9a8 .functor BUFT 1, C4<100000>, C4<0>, C4<0>, C4<0>;
v000001aad1dde8d0_0 .net/2u *"_ivl_78", 5 0, L_000001aad1e3f9a8;  1 drivers
L_000001aad1e3f570 .functor BUFT 1, C4<0110011>, C4<0>, C4<0>, C4<0>;
v000001aad1ddfe10_0 .net/2u *"_ivl_8", 6 0, L_000001aad1e3f570;  1 drivers
L_000001aad1e3f9f0 .functor BUFT 1, C4<000000>, C4<0>, C4<0>, C4<0>;
v000001aad1ddfaf0_0 .net/2u *"_ivl_80", 5 0, L_000001aad1e3f9f0;  1 drivers
v000001aad1ddf370_0 .net *"_ivl_82", 5 0, L_000001aad1eaba50;  1 drivers
v000001aad1ddd930_0 .net *"_ivl_84", 5 0, L_000001aad1eabb90;  1 drivers
v000001aad1ddff50_0 .net *"_ivl_86", 5 0, L_000001aad1eac8b0;  1 drivers
v000001aad1ddf190_0 .net *"_ivl_88", 5 0, L_000001aad1eadcb0;  1 drivers
v000001aad1ddeb50_0 .net *"_ivl_90", 5 0, L_000001aad1eab5f0;  1 drivers
v000001aad1dde970_0 .net *"_ivl_96", 0 0, L_000001aad1ed0ab0;  1 drivers
v000001aad1ddfb90_0 .net *"_ivl_98", 0 0, L_000001aad1ed0a40;  1 drivers
v000001aad1ddf410_0 .net "i_clk", 0 0, v000001aad1e2fae0_0;  alias, 1 drivers
v000001aad1ddf7d0_0 .net "i_format", 5 0, L_000001aad1eac270;  1 drivers
v000001aad1ddfd70_0 .net "i_rst", 0 0, v000001aad1e32e20_0;  alias, 1 drivers
v000001aad1dde3d0_0 .net "is_auipc", 0 0, L_000001aad1eadb70;  1 drivers
v000001aad1ddfeb0_0 .net "is_branch", 0 0, L_000001aad1eaa8d0;  1 drivers
v000001aad1ddf910_0 .net "is_ebreak", 0 0, L_000001aad1eac1d0;  1 drivers
v000001aad1ddfff0_0 .net "is_itype_alu", 0 0, L_000001aad1eaa1f0;  1 drivers
v000001aad1dde470_0 .net "is_jal", 0 0, L_000001aad1eadad0;  1 drivers
v000001aad1ddd890_0 .net "is_jalr", 0 0, L_000001aad1eadc10;  1 drivers
v000001aad1ddeab0_0 .net "is_load", 0 0, L_000001aad1eaa6f0;  1 drivers
v000001aad1dddd90_0 .net "is_lui", 0 0, L_000001aad1ead2b0;  1 drivers
v000001aad1ddde30_0 .net "is_rtype", 0 0, L_000001aad1eaaa10;  1 drivers
v000001aad1dddf70_0 .net "is_store", 0 0, L_000001aad1eaa790;  1 drivers
v000001aad1dde010_0 .net "lui", 0 0, L_000001aad1ed0110;  alias, 1 drivers
v000001aad1dde150_0 .net "o_retire_rd_waddr", 4 0, L_000001aad1eac6d0;  alias, 1 drivers
v000001aad1de0ef0_0 .net "o_retire_rs1_raddr", 4 0, L_000001aad1ead3f0;  alias, 1 drivers
v000001aad1de04f0_0 .net "o_retire_rs1_rdata", 31 0, L_000001aad1eab7d0;  alias, 1 drivers
v000001aad1de10d0_0 .net "o_retire_rs2_raddr", 4 0, L_000001aad1eac810;  alias, 1 drivers
v000001aad1de0d10_0 .net "o_retire_rs2_rdata", 31 0, L_000001aad1eac630;  alias, 1 drivers
v000001aad1de01d0_0 .net "opcode", 6 0, L_000001aad1ea9b10;  1 drivers
v000001aad1de1210_0 .net "rd_waddr_raw", 4 0, L_000001aad1eaa510;  1 drivers
v000001aad1de1d50_0 .net "rs1_raddr_raw", 4 0, L_000001aad1ea9f70;  1 drivers
v000001aad1de1c10_0 .net "rs1_rdata_raw", 31 0, L_000001aad1eabd70;  1 drivers
v000001aad1de1b70_0 .net "rs1_used", 0 0, L_000001aad1ed00a0;  1 drivers
v000001aad1de1cb0_0 .net "rs2_raddr_raw", 4 0, L_000001aad1eaa010;  1 drivers
v000001aad1de1df0_0 .net "rs2_rdata_raw", 31 0, L_000001aad1eab730;  1 drivers
v000001aad1de2070_0 .net "rs2_used", 0 0, L_000001aad1ed09d0;  1 drivers
L_000001aad1ea9b10 .part v000001aad1e259a0_0, 0, 7;
L_000001aad1eaa510 .part v000001aad1e259a0_0, 7, 5;
L_000001aad1ea9f70 .part v000001aad1e259a0_0, 15, 5;
L_000001aad1eaa010 .part v000001aad1e259a0_0, 20, 5;
L_000001aad1eaaa10 .cmp/eq 7, L_000001aad1ea9b10, L_000001aad1e3f570;
L_000001aad1eaa1f0 .cmp/eq 7, L_000001aad1ea9b10, L_000001aad1e3f5b8;
L_000001aad1eaa6f0 .cmp/eq 7, L_000001aad1ea9b10, L_000001aad1e3f600;
L_000001aad1eaa790 .cmp/eq 7, L_000001aad1ea9b10, L_000001aad1e3f648;
L_000001aad1eaa8d0 .cmp/eq 7, L_000001aad1ea9b10, L_000001aad1e3f690;
L_000001aad1ead2b0 .cmp/eq 7, L_000001aad1ea9b10, L_000001aad1e3f6d8;
L_000001aad1eadb70 .cmp/eq 7, L_000001aad1ea9b10, L_000001aad1e3f720;
L_000001aad1eadad0 .cmp/eq 7, L_000001aad1ea9b10, L_000001aad1e3f768;
L_000001aad1eadc10 .cmp/eq 7, L_000001aad1ea9b10, L_000001aad1e3f7b0;
L_000001aad1eac1d0 .cmp/eq 32, v000001aad1e259a0_0, L_000001aad1e3f7f8;
L_000001aad1eaba50 .functor MUXZ 6, L_000001aad1e3f9f0, L_000001aad1e3f9a8, L_000001aad1eadad0, C4<>;
L_000001aad1eabb90 .functor MUXZ 6, L_000001aad1eaba50, L_000001aad1e3f960, L_000001aad1ed0ff0, C4<>;
L_000001aad1eac8b0 .functor MUXZ 6, L_000001aad1eabb90, L_000001aad1e3f918, L_000001aad1eaa8d0, C4<>;
L_000001aad1eadcb0 .functor MUXZ 6, L_000001aad1eac8b0, L_000001aad1e3f8d0, L_000001aad1eaa790, C4<>;
L_000001aad1eab5f0 .functor MUXZ 6, L_000001aad1eadcb0, L_000001aad1e3f888, L_000001aad1ecfee0, C4<>;
L_000001aad1eac270 .functor MUXZ 6, L_000001aad1eab5f0, L_000001aad1e3f840, L_000001aad1eaaa10, C4<>;
L_000001aad1eac130 .part L_000001aad1ea9b10, 4, 3;
L_000001aad1ead3f0 .functor MUXZ 5, L_000001aad1e3fd98, L_000001aad1ea9f70, L_000001aad1ed00a0, C4<>;
L_000001aad1eab7d0 .functor MUXZ 32, L_000001aad1e3fde0, L_000001aad1eabd70, L_000001aad1ed00a0, C4<>;
L_000001aad1eac810 .functor MUXZ 5, L_000001aad1e3fe28, L_000001aad1eaa010, L_000001aad1ed09d0, C4<>;
L_000001aad1eac630 .functor MUXZ 32, L_000001aad1e3fe70, L_000001aad1eab730, L_000001aad1ed09d0, C4<>;
L_000001aad1eac6d0 .functor MUXZ 5, L_000001aad1e3feb8, L_000001aad1eaa510, L_000001aad1ed1840, C4<>;
S_000001aad1a013c0 .scope module, "imm_gen" "imm" 5 109, 6 6 0, S_000001aad1512eb0;
 .timescale -9 -12;
    .port_info 0 /INPUT 32 "i_inst";
    .port_info 1 /INPUT 6 "i_format";
    .port_info 2 /OUTPUT 32 "o_immediate";
v000001aad1dc4a60_0 .net *"_ivl_11", 0 0, L_000001aad1ead670;  1 drivers
v000001aad1dc4b00_0 .net *"_ivl_12", 20 0, L_000001aad1eaca90;  1 drivers
v000001aad1dc30c0_0 .net *"_ivl_15", 5 0, L_000001aad1eacc70;  1 drivers
v000001aad1dc4ce0_0 .net *"_ivl_17", 4 0, L_000001aad1ead490;  1 drivers
v000001aad1dc2b20_0 .net *"_ivl_21", 0 0, L_000001aad1eac310;  1 drivers
v000001aad1dc4f60_0 .net *"_ivl_22", 19 0, L_000001aad1eac3b0;  1 drivers
v000001aad1dc3340_0 .net *"_ivl_25", 0 0, L_000001aad1eacf90;  1 drivers
v000001aad1dc4ba0_0 .net *"_ivl_27", 5 0, L_000001aad1eac770;  1 drivers
v000001aad1dc2940_0 .net *"_ivl_29", 3 0, L_000001aad1ead5d0;  1 drivers
v000001aad1dc4c40_0 .net *"_ivl_3", 0 0, L_000001aad1ead990;  1 drivers
L_000001aad1e3ff48 .functor BUFT 1, C4<0>, C4<0>, C4<0>, C4<0>;
v000001aad1dc4d80_0 .net/2u *"_ivl_30", 0 0, L_000001aad1e3ff48;  1 drivers
v000001aad1dc29e0_0 .net *"_ivl_35", 19 0, L_000001aad1eacd10;  1 drivers
L_000001aad1e3ff90 .functor BUFT 1, C4<000000000000>, C4<0>, C4<0>, C4<0>;
v000001aad1dc2c60_0 .net/2u *"_ivl_36", 11 0, L_000001aad1e3ff90;  1 drivers
v000001aad1dc2ee0_0 .net *"_ivl_4", 20 0, L_000001aad1eabeb0;  1 drivers
v000001aad1dc5000_0 .net *"_ivl_41", 0 0, L_000001aad1ead710;  1 drivers
v000001aad1dc28a0_0 .net *"_ivl_42", 11 0, L_000001aad1ead7b0;  1 drivers
v000001aad1dc35c0_0 .net *"_ivl_45", 7 0, L_000001aad1ead030;  1 drivers
v000001aad1dc2d00_0 .net *"_ivl_47", 0 0, L_000001aad1eab870;  1 drivers
v000001aad1dc2da0_0 .net *"_ivl_49", 9 0, L_000001aad1ead8f0;  1 drivers
L_000001aad1e3ffd8 .functor BUFT 1, C4<0>, C4<0>, C4<0>, C4<0>;
v000001aad1dc2e40_0 .net/2u *"_ivl_50", 0 0, L_000001aad1e3ffd8;  1 drivers
v000001aad1dc2f80_0 .net *"_ivl_55", 0 0, L_000001aad1eacef0;  1 drivers
v000001aad1dc51e0_0 .net *"_ivl_57", 0 0, L_000001aad1eada30;  1 drivers
v000001aad1dc5a00_0 .net *"_ivl_59", 0 0, L_000001aad1eab550;  1 drivers
v000001aad1dc53c0_0 .net *"_ivl_61", 0 0, L_000001aad1eab9b0;  1 drivers
v000001aad1dc58c0_0 .net *"_ivl_63", 0 0, L_000001aad1eabff0;  1 drivers
v000001aad1dc5460_0 .net *"_ivl_65", 0 0, L_000001aad1eac090;  1 drivers
L_000001aad1e40020 .functor BUFT 1, C4<00000000000000000000000000000000>, C4<0>, C4<0>, C4<0>;
v000001aad1dc5dc0_0 .net/2u *"_ivl_66", 31 0, L_000001aad1e40020;  1 drivers
v000001aad1dc5d20_0 .net *"_ivl_68", 31 0, L_000001aad1eac450;  1 drivers
v000001aad1dc5e60_0 .net *"_ivl_7", 10 0, L_000001aad1eabc30;  1 drivers
v000001aad1dc5280_0 .net *"_ivl_70", 31 0, L_000001aad1eac4f0;  1 drivers
v000001aad1dc5960_0 .net *"_ivl_72", 31 0, L_000001aad1eaee30;  1 drivers
v000001aad1dc5be0_0 .net *"_ivl_74", 31 0, L_000001aad1eb0050;  1 drivers
v000001aad1dc5aa0_0 .net *"_ivl_76", 31 0, L_000001aad1eae430;  1 drivers
v000001aad1dc56e0_0 .net "i_format", 5 0, L_000001aad1eac270;  alias, 1 drivers
v000001aad1dc5b40_0 .net "i_inst", 31 0, v000001aad1e259a0_0;  alias, 1 drivers
v000001aad1dc5320_0 .net "imm_b", 31 0, L_000001aad1eabf50;  1 drivers
v000001aad1dc5c80_0 .net "imm_i", 31 0, L_000001aad1ead0d0;  1 drivers
v000001aad1dc5640_0 .net "imm_j", 31 0, L_000001aad1eace50;  1 drivers
L_000001aad1e3ff00 .functor BUFT 1, C4<xxxxxxxxxxxxxxxxxxxxxxxxxxxxxxxx>, C4<0>, C4<0>, C4<0>;
v000001aad1dc5f00_0 .net "imm_r", 31 0, L_000001aad1e3ff00;  1 drivers
v000001aad1dc50a0_0 .net "imm_s", 31 0, L_000001aad1ead530;  1 drivers
v000001aad1dc5500_0 .net "imm_u", 31 0, L_000001aad1eacdb0;  1 drivers
v000001aad1dc55a0_0 .net "o_immediate", 31 0, L_000001aad1eaeed0;  alias, 1 drivers
L_000001aad1ead990 .part v000001aad1e259a0_0, 31, 1;
LS_000001aad1eabeb0_0_0 .concat [ 1 1 1 1], L_000001aad1ead990, L_000001aad1ead990, L_000001aad1ead990, L_000001aad1ead990;
LS_000001aad1eabeb0_0_4 .concat [ 1 1 1 1], L_000001aad1ead990, L_000001aad1ead990, L_000001aad1ead990, L_000001aad1ead990;
LS_000001aad1eabeb0_0_8 .concat [ 1 1 1 1], L_000001aad1ead990, L_000001aad1ead990, L_000001aad1ead990, L_000001aad1ead990;
LS_000001aad1eabeb0_0_12 .concat [ 1 1 1 1], L_000001aad1ead990, L_000001aad1ead990, L_000001aad1ead990, L_000001aad1ead990;
LS_000001aad1eabeb0_0_16 .concat [ 1 1 1 1], L_000001aad1ead990, L_000001aad1ead990, L_000001aad1ead990, L_000001aad1ead990;
LS_000001aad1eabeb0_0_20 .concat [ 1 0 0 0], L_000001aad1ead990;
LS_000001aad1eabeb0_1_0 .concat [ 4 4 4 4], LS_000001aad1eabeb0_0_0, LS_000001aad1eabeb0_0_4, LS_000001aad1eabeb0_0_8, LS_000001aad1eabeb0_0_12;
LS_000001aad1eabeb0_1_4 .concat [ 4 1 0 0], LS_000001aad1eabeb0_0_16, LS_000001aad1eabeb0_0_20;
L_000001aad1eabeb0 .concat [ 16 5 0 0], LS_000001aad1eabeb0_1_0, LS_000001aad1eabeb0_1_4;
L_000001aad1eabc30 .part v000001aad1e259a0_0, 20, 11;
L_000001aad1ead0d0 .concat [ 11 21 0 0], L_000001aad1eabc30, L_000001aad1eabeb0;
L_000001aad1ead670 .part v000001aad1e259a0_0, 31, 1;
LS_000001aad1eaca90_0_0 .concat [ 1 1 1 1], L_000001aad1ead670, L_000001aad1ead670, L_000001aad1ead670, L_000001aad1ead670;
LS_000001aad1eaca90_0_4 .concat [ 1 1 1 1], L_000001aad1ead670, L_000001aad1ead670, L_000001aad1ead670, L_000001aad1ead670;
LS_000001aad1eaca90_0_8 .concat [ 1 1 1 1], L_000001aad1ead670, L_000001aad1ead670, L_000001aad1ead670, L_000001aad1ead670;
LS_000001aad1eaca90_0_12 .concat [ 1 1 1 1], L_000001aad1ead670, L_000001aad1ead670, L_000001aad1ead670, L_000001aad1ead670;
LS_000001aad1eaca90_0_16 .concat [ 1 1 1 1], L_000001aad1ead670, L_000001aad1ead670, L_000001aad1ead670, L_000001aad1ead670;
LS_000001aad1eaca90_0_20 .concat [ 1 0 0 0], L_000001aad1ead670;
LS_000001aad1eaca90_1_0 .concat [ 4 4 4 4], LS_000001aad1eaca90_0_0, LS_000001aad1eaca90_0_4, LS_000001aad1eaca90_0_8, LS_000001aad1eaca90_0_12;
LS_000001aad1eaca90_1_4 .concat [ 4 1 0 0], LS_000001aad1eaca90_0_16, LS_000001aad1eaca90_0_20;
L_000001aad1eaca90 .concat [ 16 5 0 0], LS_000001aad1eaca90_1_0, LS_000001aad1eaca90_1_4;
L_000001aad1eacc70 .part v000001aad1e259a0_0, 25, 6;
L_000001aad1ead490 .part v000001aad1e259a0_0, 7, 5;
L_000001aad1ead530 .concat [ 5 6 21 0], L_000001aad1ead490, L_000001aad1eacc70, L_000001aad1eaca90;
L_000001aad1eac310 .part v000001aad1e259a0_0, 31, 1;
LS_000001aad1eac3b0_0_0 .concat [ 1 1 1 1], L_000001aad1eac310, L_000001aad1eac310, L_000001aad1eac310, L_000001aad1eac310;
LS_000001aad1eac3b0_0_4 .concat [ 1 1 1 1], L_000001aad1eac310, L_000001aad1eac310, L_000001aad1eac310, L_000001aad1eac310;
LS_000001aad1eac3b0_0_8 .concat [ 1 1 1 1], L_000001aad1eac310, L_000001aad1eac310, L_000001aad1eac310, L_000001aad1eac310;
LS_000001aad1eac3b0_0_12 .concat [ 1 1 1 1], L_000001aad1eac310, L_000001aad1eac310, L_000001aad1eac310, L_000001aad1eac310;
LS_000001aad1eac3b0_0_16 .concat [ 1 1 1 1], L_000001aad1eac310, L_000001aad1eac310, L_000001aad1eac310, L_000001aad1eac310;
LS_000001aad1eac3b0_1_0 .concat [ 4 4 4 4], LS_000001aad1eac3b0_0_0, LS_000001aad1eac3b0_0_4, LS_000001aad1eac3b0_0_8, LS_000001aad1eac3b0_0_12;
LS_000001aad1eac3b0_1_4 .concat [ 4 0 0 0], LS_000001aad1eac3b0_0_16;
L_000001aad1eac3b0 .concat [ 16 4 0 0], LS_000001aad1eac3b0_1_0, LS_000001aad1eac3b0_1_4;
L_000001aad1eacf90 .part v000001aad1e259a0_0, 7, 1;
L_000001aad1eac770 .part v000001aad1e259a0_0, 25, 6;
L_000001aad1ead5d0 .part v000001aad1e259a0_0, 8, 4;
LS_000001aad1eabf50_0_0 .concat [ 1 4 6 1], L_000001aad1e3ff48, L_000001aad1ead5d0, L_000001aad1eac770, L_000001aad1eacf90;
LS_000001aad1eabf50_0_4 .concat [ 20 0 0 0], L_000001aad1eac3b0;
L_000001aad1eabf50 .concat [ 12 20 0 0], LS_000001aad1eabf50_0_0, LS_000001aad1eabf50_0_4;
L_000001aad1eacd10 .part v000001aad1e259a0_0, 12, 20;
L_000001aad1eacdb0 .concat [ 12 20 0 0], L_000001aad1e3ff90, L_000001aad1eacd10;
L_000001aad1ead710 .part v000001aad1e259a0_0, 31, 1;
LS_000001aad1ead7b0_0_0 .concat [ 1 1 1 1], L_000001aad1ead710, L_000001aad1ead710, L_000001aad1ead710, L_000001aad1ead710;
LS_000001aad1ead7b0_0_4 .concat [ 1 1 1 1], L_000001aad1ead710, L_000001aad1ead710, L_000001aad1ead710, L_000001aad1ead710;
LS_000001aad1ead7b0_0_8 .concat [ 1 1 1 1], L_000001aad1ead710, L_000001aad1ead710, L_000001aad1ead710, L_000001aad1ead710;
L_000001aad1ead7b0 .concat [ 4 4 4 0], LS_000001aad1ead7b0_0_0, LS_000001aad1ead7b0_0_4, LS_000001aad1ead7b0_0_8;
L_000001aad1ead030 .part v000001aad1e259a0_0, 12, 8;
L_000001aad1eab870 .part v000001aad1e259a0_0, 20, 1;
L_000001aad1ead8f0 .part v000001aad1e259a0_0, 21, 10;
LS_000001aad1eace50_0_0 .concat [ 1 10 1 8], L_000001aad1e3ffd8, L_000001aad1ead8f0, L_000001aad1eab870, L_000001aad1ead030;
LS_000001aad1eace50_0_4 .concat [ 12 0 0 0], L_000001aad1ead7b0;
L_000001aad1eace50 .concat [ 20 12 0 0], LS_000001aad1eace50_0_0, LS_000001aad1eace50_0_4;
L_000001aad1eacef0 .part L_000001aad1eac270, 0, 1;
L_000001aad1eada30 .part L_000001aad1eac270, 1, 1;
L_000001aad1eab550 .part L_000001aad1eac270, 2, 1;
L_000001aad1eab9b0 .part L_000001aad1eac270, 3, 1;
L_000001aad1eabff0 .part L_000001aad1eac270, 4, 1;
L_000001aad1eac090 .part L_000001aad1eac270, 5, 1;
L_000001aad1eac450 .functor MUXZ 32, L_000001aad1e40020, L_000001aad1eace50, L_000001aad1eac090, C4<>;
L_000001aad1eac4f0 .functor MUXZ 32, L_000001aad1eac450, L_000001aad1eacdb0, L_000001aad1eabff0, C4<>;
L_000001aad1eaee30 .functor MUXZ 32, L_000001aad1eac4f0, L_000001aad1eabf50, L_000001aad1eab9b0, C4<>;
L_000001aad1eb0050 .functor MUXZ 32, L_000001aad1eaee30, L_000001aad1ead530, L_000001aad1eab550, C4<>;
L_000001aad1eae430 .functor MUXZ 32, L_000001aad1eb0050, L_000001aad1ead0d0, L_000001aad1eada30, C4<>;
L_000001aad1eaeed0 .functor MUXZ 32, L_000001aad1eae430, L_000001aad1e3ff00, L_000001aad1eacef0, C4<>;
S_000001aad19d9a10 .scope module, "rf_rw" "rf" 5 91, 7 8 0, S_000001aad1512eb0;
 .timescale -9 -12;
    .port_info 0 /INPUT 1 "i_clk";
    .port_info 1 /INPUT 1 "i_rst";
    .port_info 2 /INPUT 5 "i_rs1_raddr";
    .port_info 3 /OUTPUT 32 "o_rs1_rdata";
    .port_info 4 /INPUT 5 "i_rs2_raddr";
    .port_info 5 /OUTPUT 32 "o_rs2_rdata";
    .port_info 6 /INPUT 1 "i_rd_wen";
    .port_info 7 /INPUT 5 "i_rd_waddr";
    .port_info 8 /INPUT 32 "i_rd_wdata";
P_000001aad1d0ef80 .param/l "BYPASS_EN" 0 7 17, +C4<00000000000000000000000000000001>;
L_000001aad1e3fa38 .functor BUFT 1, C4<1>, C4<0>, C4<0>, C4<0>;
L_000001aad1ed2d40 .functor AND 1, L_000001aad1e3fa38, L_000001aad1ef85c0, C4<1>, C4<1>;
L_000001aad1ed2e90 .functor AND 1, L_000001aad1ed2d40, L_000001aad1eabcd0, C4<1>, C4<1>;
L_000001aad1ed15a0 .functor AND 1, L_000001aad1ed2e90, L_000001aad1eab910, C4<1>, C4<1>;
L_000001aad1e3fac8 .functor BUFT 1, C4<1>, C4<0>, C4<0>, C4<0>;
L_000001aad1ed1370 .functor AND 1, L_000001aad1e3fac8, L_000001aad1ef85c0, C4<1>, C4<1>;
L_000001aad1ed2b80 .functor AND 1, L_000001aad1ed1370, L_000001aad1eac9f0, C4<1>, C4<1>;
L_000001aad1ed2720 .functor AND 1, L_000001aad1ed2b80, L_000001aad1ead210, C4<1>, C4<1>;
v000001aad1dc5780_0 .net/2u *"_ivl_0", 0 0, L_000001aad1e3fa38;  1 drivers
v000001aad1dc5820_0 .net *"_ivl_10", 0 0, L_000001aad1eab910;  1 drivers
v000001aad1db77c0_0 .net/2u *"_ivl_14", 0 0, L_000001aad1e3fac8;  1 drivers
v000001aad1db84e0_0 .net *"_ivl_17", 0 0, L_000001aad1ed1370;  1 drivers
L_000001aad1e3fb10 .functor BUFT 1, C4<00000>, C4<0>, C4<0>, C4<0>;
v000001aad1db8580_0 .net/2u *"_ivl_18", 4 0, L_000001aad1e3fb10;  1 drivers
v000001aad1db7860_0 .net *"_ivl_20", 0 0, L_000001aad1eac9f0;  1 drivers
v000001aad1db7680_0 .net *"_ivl_23", 0 0, L_000001aad1ed2b80;  1 drivers
v000001aad1db6280_0 .net *"_ivl_24", 0 0, L_000001aad1ead210;  1 drivers
L_000001aad1e3fb58 .functor BUFT 1, C4<00000000000000000000000000000000>, C4<0>, C4<0>, C4<0>;
v000001aad1db7900_0 .net/2u *"_ivl_28", 31 0, L_000001aad1e3fb58;  1 drivers
v000001aad1db7e00_0 .net *"_ivl_3", 0 0, L_000001aad1ed2d40;  1 drivers
L_000001aad1e3fba0 .functor BUFT 1, C4<00000>, C4<0>, C4<0>, C4<0>;
v000001aad1db6a00_0 .net/2u *"_ivl_30", 4 0, L_000001aad1e3fba0;  1 drivers
v000001aad1db6140_0 .net *"_ivl_32", 0 0, L_000001aad1ead170;  1 drivers
L_000001aad1e3fbe8 .functor BUFT 1, C4<00000000000000000000000000000000>, C4<0>, C4<0>, C4<0>;
v000001aad1db63c0_0 .net/2u *"_ivl_34", 31 0, L_000001aad1e3fbe8;  1 drivers
v000001aad1db61e0_0 .net *"_ivl_36", 31 0, L_000001aad1eacb30;  1 drivers
v000001aad1db7ae0_0 .net *"_ivl_38", 6 0, L_000001aad1eacbd0;  1 drivers
L_000001aad1e3fa80 .functor BUFT 1, C4<00000>, C4<0>, C4<0>, C4<0>;
v000001aad1db8620_0 .net/2u *"_ivl_4", 4 0, L_000001aad1e3fa80;  1 drivers
L_000001aad1e3fc30 .functor BUFT 1, C4<00>, C4<0>, C4<0>, C4<0>;
v000001aad1db8120_0 .net *"_ivl_41", 1 0, L_000001aad1e3fc30;  1 drivers
v000001aad1db72c0_0 .net *"_ivl_42", 31 0, L_000001aad1ead850;  1 drivers
v000001aad1db6320_0 .net *"_ivl_44", 31 0, L_000001aad1ead350;  1 drivers
L_000001aad1e3fc78 .functor BUFT 1, C4<00000000000000000000000000000000>, C4<0>, C4<0>, C4<0>;
v000001aad1db8080_0 .net/2u *"_ivl_48", 31 0, L_000001aad1e3fc78;  1 drivers
L_000001aad1e3fcc0 .functor BUFT 1, C4<00000>, C4<0>, C4<0>, C4<0>;
v000001aad1db7ea0_0 .net/2u *"_ivl_50", 4 0, L_000001aad1e3fcc0;  1 drivers
v000001aad1db8300_0 .net *"_ivl_52", 0 0, L_000001aad1eabaf0;  1 drivers
L_000001aad1e3fd08 .functor BUFT 1, C4<00000000000000000000000000000000>, C4<0>, C4<0>, C4<0>;
v000001aad1db6820_0 .net/2u *"_ivl_54", 31 0, L_000001aad1e3fd08;  1 drivers
v000001aad1db7360_0 .net *"_ivl_56", 31 0, L_000001aad1eab690;  1 drivers
v000001aad1db7220_0 .net *"_ivl_58", 6 0, L_000001aad1eac590;  1 drivers
v000001aad1db79a0_0 .net *"_ivl_6", 0 0, L_000001aad1eabcd0;  1 drivers
L_000001aad1e3fd50 .functor BUFT 1, C4<00>, C4<0>, C4<0>, C4<0>;
v000001aad1db6460_0 .net *"_ivl_61", 1 0, L_000001aad1e3fd50;  1 drivers
v000001aad1db7720_0 .net *"_ivl_62", 31 0, L_000001aad1eac950;  1 drivers
v000001aad1db6f00_0 .net *"_ivl_64", 31 0, L_000001aad1eabe10;  1 drivers
v000001aad1db7cc0_0 .net *"_ivl_9", 0 0, L_000001aad1ed2e90;  1 drivers
v000001aad1db6dc0_0 .net "i_clk", 0 0, v000001aad1e2fae0_0;  alias, 1 drivers
v000001aad1db6960_0 .net "i_rd_waddr", 4 0, v000001aad1e2a7c0_0;  alias, 1 drivers
v000001aad1db6d20_0 .net "i_rd_wdata", 31 0, L_000001aad1eb4650;  alias, 1 drivers
v000001aad1db7a40_0 .net "i_rd_wen", 0 0, L_000001aad1ef85c0;  alias, 1 drivers
v000001aad1db6aa0_0 .net "i_rs1_raddr", 4 0, L_000001aad1ea9f70;  alias, 1 drivers
v000001aad1db6500_0 .net "i_rs2_raddr", 4 0, L_000001aad1eaa010;  alias, 1 drivers
v000001aad1db75e0_0 .net "i_rst", 0 0, v000001aad1e32e20_0;  alias, 1 drivers
v000001aad1db6be0_0 .net "o_rs1_rdata", 31 0, L_000001aad1eabd70;  alias, 1 drivers
v000001aad1db7b80_0 .net "o_rs2_rdata", 31 0, L_000001aad1eab730;  alias, 1 drivers
v000001aad1db7d60 .array "regs", 31 0, 31 0;
v000001aad1db7c20_0 .net "rs1_bypass_hit", 0 0, L_000001aad1ed15a0;  1 drivers
v000001aad1db7f40_0 .net "rs2_bypass_hit", 0 0, L_000001aad1ed2720;  1 drivers
L_000001aad1eabcd0 .cmp/ne 5, v000001aad1e2a7c0_0, L_000001aad1e3fa80;
L_000001aad1eab910 .cmp/eq 5, L_000001aad1ea9f70, v000001aad1e2a7c0_0;
L_000001aad1eac9f0 .cmp/ne 5, v000001aad1e2a7c0_0, L_000001aad1e3fb10;
L_000001aad1ead210 .cmp/eq 5, L_000001aad1eaa010, v000001aad1e2a7c0_0;
L_000001aad1ead170 .cmp/eq 5, L_000001aad1ea9f70, L_000001aad1e3fba0;
L_000001aad1eacb30 .array/port v000001aad1db7d60, L_000001aad1eacbd0;
L_000001aad1eacbd0 .concat [ 5 2 0 0], L_000001aad1ea9f70, L_000001aad1e3fc30;
L_000001aad1ead850 .functor MUXZ 32, L_000001aad1eacb30, L_000001aad1eb4650, L_000001aad1ed15a0, C4<>;
L_000001aad1ead350 .functor MUXZ 32, L_000001aad1ead850, L_000001aad1e3fbe8, L_000001aad1ead170, C4<>;
L_000001aad1eabd70 .functor MUXZ 32, L_000001aad1ead350, L_000001aad1e3fb58, v000001aad1e32e20_0, C4<>;
L_000001aad1eabaf0 .cmp/eq 5, L_000001aad1eaa010, L_000001aad1e3fcc0;
L_000001aad1eab690 .array/port v000001aad1db7d60, L_000001aad1eac590;
L_000001aad1eac590 .concat [ 5 2 0 0], L_000001aad1eaa010, L_000001aad1e3fd50;
L_000001aad1eac950 .functor MUXZ 32, L_000001aad1eab690, L_000001aad1eb4650, L_000001aad1ed2720, C4<>;
L_000001aad1eabe10 .functor MUXZ 32, L_000001aad1eac950, L_000001aad1e3fd08, L_000001aad1eabaf0, C4<>;
L_000001aad1eab730 .functor MUXZ 32, L_000001aad1eabe10, L_000001aad1e3fc78, v000001aad1e32e20_0, C4<>;
S_000001aad156cf40 .scope module, "u_execute" "execute" 3 983, 8 1 0, S_000001aad155a220;
 .timescale -9 -12;
    .port_info 0 /INPUT 3 "AluOp";
    .port_info 1 /INPUT 3 "Func3";
    .port_info 2 /INPUT 7 "Func7";
    .port_info 3 /INPUT 7 "opcode";
    .port_info 4 /INPUT 32 "Operand1";
    .port_info 5 /INPUT 32 "Operand2";
    .port_info 6 /OUTPUT 32 "AluResult";
    .port_info 7 /OUTPUT 1 "ALUeq";
    .port_info 8 /OUTPUT 1 "ALUslt";
v000001aad1de0c70_0 .net "ALUeq", 0 0, L_000001aad1eb1ef0;  alias, 1 drivers
v000001aad1de15d0_0 .net "ALUslt", 0 0, L_000001aad1ece890;  alias, 1 drivers
v000001aad1de0f90_0 .net "AluControl_arith", 0 0, v000001aad1de2750_0;  1 drivers
v000001aad1de0630_0 .net "AluControl_opsel", 2 0, v000001aad1de1850_0;  1 drivers
v000001aad1de1ad0_0 .net "AluControl_sub", 0 0, v000001aad1de27f0_0;  1 drivers
v000001aad1de0db0_0 .net "AluControl_unsigned", 0 0, v000001aad1de0090_0;  1 drivers
v000001aad1de0450_0 .net "AluOp", 2 0, v000001aad1e241e0_0;  1 drivers
v000001aad1de06d0_0 .net "AluResult", 31 0, v000001aad1de2250_0;  alias, 1 drivers
v000001aad1de0770_0 .net "Func3", 2 0, v000001aad1e23920_0;  1 drivers
v000001aad1de0810_0 .net "Func7", 6 0, v000001aad1e23c40_0;  1 drivers
v000001aad1de0950_0 .net "Operand1", 31 0, L_000001aad1eb1c70;  alias, 1 drivers
v000001aad1de0b30_0 .net "Operand2", 31 0, L_000001aad1eb2170;  alias, 1 drivers
v000001aad1de0bd0_0 .net "opcode", 6 0, v000001aad1e227a0_0;  1 drivers
S_000001aad1d4b490 .scope module, "u_alu" "alu" 8 42, 9 8 0, S_000001aad156cf40;
 .timescale -9 -12;
    .port_info 0 /INPUT 3 "i_opsel";
    .port_info 1 /INPUT 1 "i_sub";
    .port_info 2 /INPUT 1 "i_unsigned";
    .port_info 3 /INPUT 1 "i_arith";
    .port_info 4 /INPUT 32 "i_op1";
    .port_info 5 /INPUT 32 "i_op2";
    .port_info 6 /OUTPUT 32 "o_result";
    .port_info 7 /OUTPUT 1 "o_eq";
    .port_info 8 /OUTPUT 1 "o_slt";
L_000001aad1ecea50 .functor NOT 1, L_000001aad1eb2670, C4<0>, C4<0>, C4<0>;
L_000001aad1ecf070 .functor AND 1, L_000001aad1eb16d0, L_000001aad1ecea50, C4<1>, C4<1>;
L_000001aad1ece430 .functor XOR 1, L_000001aad1eb2710, L_000001aad1eb1d10, C4<0>, C4<0>;
L_000001aad1ecf0e0 .functor NOT 1, L_000001aad1ece430, C4<0>, C4<0>, C4<0>;
L_000001aad1ecf310 .functor AND 1, L_000001aad1ecf0e0, L_000001aad1eb2b70, C4<1>, C4<1>;
L_000001aad1ece820 .functor OR 1, L_000001aad1ecf070, L_000001aad1ecf310, C4<0>, C4<0>;
L_000001aad1ecdbe0 .functor AND 1, v000001aad1de0090_0, L_000001aad1eb2b70, C4<1>, C4<1>;
L_000001aad1ecde80 .functor NOT 1, v000001aad1de0090_0, C4<0>, C4<0>, C4<0>;
L_000001aad1ece9e0 .functor AND 1, L_000001aad1ecde80, L_000001aad1ece820, C4<1>, C4<1>;
L_000001aad1ece890 .functor OR 1, L_000001aad1ecdbe0, L_000001aad1ece9e0, C4<0>, C4<0>;
v000001aad1de08b0_0 .net *"_ivl_10", 0 0, L_000001aad1ecf070;  1 drivers
v000001aad1de1530_0 .net *"_ivl_13", 0 0, L_000001aad1eb2710;  1 drivers
v000001aad1de1fd0_0 .net *"_ivl_15", 0 0, L_000001aad1eb1d10;  1 drivers
v000001aad1de0a90_0 .net *"_ivl_16", 0 0, L_000001aad1ece430;  1 drivers
v000001aad1de12b0_0 .net *"_ivl_18", 0 0, L_000001aad1ecf0e0;  1 drivers
v000001aad1de1030_0 .net *"_ivl_20", 0 0, L_000001aad1ecf310;  1 drivers
v000001aad1de2610_0 .net *"_ivl_26", 0 0, L_000001aad1ecdbe0;  1 drivers
v000001aad1de13f0_0 .net *"_ivl_28", 0 0, L_000001aad1ecde80;  1 drivers
v000001aad1de1350_0 .net *"_ivl_30", 0 0, L_000001aad1ece9e0;  1 drivers
v000001aad1de0130_0 .net *"_ivl_5", 0 0, L_000001aad1eb16d0;  1 drivers
v000001aad1de1e90_0 .net *"_ivl_7", 0 0, L_000001aad1eb2670;  1 drivers
v000001aad1de0270_0 .net *"_ivl_8", 0 0, L_000001aad1ecea50;  1 drivers
v000001aad1de18f0_0 .net "i_arith", 0 0, v000001aad1de2750_0;  alias, 1 drivers
v000001aad1de24d0_0 .net "i_op1", 31 0, L_000001aad1eb1c70;  alias, 1 drivers
v000001aad1de2110_0 .net "i_op2", 31 0, L_000001aad1eb2170;  alias, 1 drivers
v000001aad1de17b0_0 .net "i_opsel", 2 0, v000001aad1de1850_0;  alias, 1 drivers
v000001aad1de2570_0 .net "i_sub", 0 0, v000001aad1de27f0_0;  alias, 1 drivers
v000001aad1de1990_0 .net "i_unsigned", 0 0, v000001aad1de0090_0;  alias, 1 drivers
v000001aad1de22f0_0 .net "lt_signed", 0 0, L_000001aad1ece820;  1 drivers
v000001aad1de1f30_0 .net "lt_unsigned", 0 0, L_000001aad1eb2b70;  1 drivers
v000001aad1de09f0_0 .net "o_eq", 0 0, L_000001aad1eb1ef0;  alias, 1 drivers
v000001aad1de1710_0 .net "o_result", 31 0, v000001aad1de2250_0;  alias, 1 drivers
v000001aad1de21b0_0 .net "o_slt", 0 0, L_000001aad1ece890;  alias, 1 drivers
v000001aad1de2250_0 .var "result", 31 0;
v000001aad1de2390_0 .net "shamt", 4 0, L_000001aad1eb25d0;  1 drivers
v000001aad1de1a30_0 .var "sll_result", 31 0;
v000001aad1de26b0_0 .var "sra_result", 31 0;
v000001aad1de2430_0 .var "srl_result", 31 0;
E_000001aad1d0f3c0/0 .event anyedge, v000001aad1de17b0_0, v000001aad1de2570_0, v000001aad1de24d0_0, v000001aad1de2110_0;
E_000001aad1d0f3c0/1 .event anyedge, v000001aad1de1a30_0, v000001aad1de21b0_0, v000001aad1de18f0_0, v000001aad1de2430_0;
E_000001aad1d0f3c0/2 .event anyedge, v000001aad1de26b0_0;
E_000001aad1d0f3c0 .event/or E_000001aad1d0f3c0/0, E_000001aad1d0f3c0/1, E_000001aad1d0f3c0/2;
E_000001aad1d0f700 .event anyedge, v000001aad1de2390_0, v000001aad1de24d0_0;
L_000001aad1eb25d0 .part L_000001aad1eb2170, 0, 5;
L_000001aad1eb2b70 .cmp/gt 32, L_000001aad1eb2170, L_000001aad1eb1c70;
L_000001aad1eb16d0 .part L_000001aad1eb1c70, 31, 1;
L_000001aad1eb2670 .part L_000001aad1eb2170, 31, 1;
L_000001aad1eb2710 .part L_000001aad1eb1c70, 31, 1;
L_000001aad1eb1d10 .part L_000001aad1eb2170, 31, 1;
L_000001aad1eb1ef0 .cmp/eq 32, L_000001aad1eb1c70, L_000001aad1eb2170;
S_000001aad1d4b620 .scope module, "u_alu_control_unit" "alu_control_unit" 8 28, 10 1 0, S_000001aad156cf40;
 .timescale -9 -12;
    .port_info 0 /INPUT 3 "AluOp";
    .port_info 1 /INPUT 3 "Func3";
    .port_info 2 /INPUT 7 "Func7";
    .port_info 3 /INPUT 7 "opcode";
    .port_info 4 /OUTPUT 3 "AluControl_opsel";
    .port_info 5 /OUTPUT 1 "AluControl_sub";
    .port_info 6 /OUTPUT 1 "AluControl_unsigned";
    .port_info 7 /OUTPUT 1 "AluControl_arith";
v000001aad1de2750_0 .var "AluControl_arith", 0 0;
v000001aad1de1850_0 .var "AluControl_opsel", 2 0;
v000001aad1de27f0_0 .var "AluControl_sub", 0 0;
v000001aad1de0090_0 .var "AluControl_unsigned", 0 0;
v000001aad1de0310_0 .net "AluOp", 2 0, v000001aad1e241e0_0;  alias, 1 drivers
v000001aad1de03b0_0 .net "Func3", 2 0, v000001aad1e23920_0;  alias, 1 drivers
v000001aad1de1670_0 .net "Func7", 6 0, v000001aad1e23c40_0;  alias, 1 drivers
v000001aad1de1490_0 .net "opcode", 6 0, v000001aad1e227a0_0;  alias, 1 drivers
E_000001aad1d0fc40 .event anyedge, v000001aad1de0310_0, v000001aad1de1490_0, v000001aad1de03b0_0, v000001aad1de1670_0;
S_000001aad1d4b7b0 .scope module, "u_icache" "cache" 3 536, 4 3 0, S_000001aad155a220;
 .timescale -9 -12;
    .port_info 0 /INPUT 1 "i_clk";
    .port_info 1 /INPUT 1 "i_rst";
    .port_info 2 /INPUT 1 "i_mem_ready";
    .port_info 3 /OUTPUT 32 "o_mem_addr";
    .port_info 4 /OUTPUT 1 "o_mem_ren";
    .port_info 5 /OUTPUT 1 "o_mem_wen";
    .port_info 6 /OUTPUT 32 "o_mem_wdata";
    .port_info 7 /INPUT 32 "i_mem_rdata";
    .port_info 8 /INPUT 1 "i_mem_valid";
    .port_info 9 /OUTPUT 1 "o_busy";
    .port_info 10 /INPUT 32 "i_req_addr";
    .port_info 11 /INPUT 1 "i_req_ren";
    .port_info 12 /INPUT 1 "i_req_wen";
    .port_info 13 /INPUT 4 "i_req_mask";
    .port_info 14 /INPUT 32 "i_req_wdata";
    .port_info 15 /OUTPUT 32 "o_res_rdata";
P_000001aad1a12c70 .param/l "D" 1 4 37, +C4<00000000000000000000000000001000>;
P_000001aad1a12ca8 .param/l "DEPTH" 1 4 35, +C4<00000000000000000000000000100000>;
P_000001aad1a12ce0 .param/l "LINE_WIDE" 0 4 9, +C4<00000000000000000000000000000001>;
P_000001aad1a12d18 .param/l "O" 1 4 33, +C4<00000000000000000000000000000101>;
P_000001aad1a12d50 .param/l "PREFETCH_EN" 0 4 4, +C4<00000000000000000000000000000001>;
P_000001aad1a12d88 .param/l "REFILL_LAST_WORD" 1 4 48, C4<0111>;
P_000001aad1a12dc0 .param/l "S" 1 4 34, +C4<00000000000000000000000000000101>;
P_000001aad1a12df8 .param/l "STATE_IDLE" 1 4 39, C4<00>;
P_000001aad1a12e30 .param/l "STATE_REFILL_REQ" 1 4 40, C4<01>;
P_000001aad1a12e68 .param/l "STATE_WRITE_REQ" 1 4 41, C4<10>;
P_000001aad1a12ea0 .param/l "T" 1 4 36, +C4<0000000000000000000000000000010110>;
P_000001aad1a12ed8 .param/l "WB_COUNT_FULL" 1 4 47, C4<100000>;
P_000001aad1a12f10 .param/l "WB_COUNT_W" 1 4 45, +C4<00000000000000000000000000000110>;
P_000001aad1a12f48 .param/l "WB_COUNT_ZERO" 1 4 46, C4<000000>;
P_000001aad1a12f80 .param/l "WB_DEPTH" 1 4 43, +C4<00000000000000000000000000100000>;
P_000001aad1a12fb8 .param/l "WB_PTR_W" 1 4 44, +C4<00000000000000000000000000000101>;
L_000001aad1cf0050 .functor AND 1, L_000001aad1e33640, L_000001aad1e31660, C4<1>, C4<1>;
L_000001aad1ceff70 .functor AND 1, L_000001aad1e31840, L_000001aad1e31520, C4<1>, C4<1>;
L_000001aad1cf0fa0 .functor AND 1, L_000001aad1e33140, L_000001aad1e32100, C4<1>, C4<1>;
L_000001aad1cf1240 .functor AND 1, L_000001aad1e33820, L_000001aad1e31ca0, C4<1>, C4<1>;
L_000001aad1cf0ec0 .functor OR 1, L_000001aad1cf0050, L_000001aad1ceff70, C4<0>, C4<0>;
L_000001aad1cf0750 .functor OR 1, L_000001aad1cf0ec0, L_000001aad1cf0fa0, C4<0>, C4<0>;
L_000001aad1cf0130 .functor OR 1, L_000001aad1cf0750, L_000001aad1cf1240, C4<0>, C4<0>;
L_000001aad1cf0f30 .functor BUFZ 32, L_000001aad1e32560, C4<00000000000000000000000000000000>, C4<00000000000000000000000000000000>, C4<00000000000000000000000000000000>;
L_000001aad1cf04b0 .functor BUFZ 32, L_000001aad1e35440, C4<00000000000000000000000000000000>, C4<00000000000000000000000000000000>, C4<00000000000000000000000000000000>;
L_000001aad1cf01a0 .functor BUFZ 32, L_000001aad1e345e0, C4<00000000000000000000000000000000>, C4<00000000000000000000000000000000>, C4<00000000000000000000000000000000>;
L_000001aad1cf1320 .functor BUFZ 32, L_000001aad1e353a0, C4<00000000000000000000000000000000>, C4<00000000000000000000000000000000>, C4<00000000000000000000000000000000>;
L_000001aad1cf09f0 .functor NOT 1, L_000001aad1e33640, C4<0>, C4<0>, C4<0>;
L_000001aad1cf0280 .functor NOT 1, L_000001aad1e31840, C4<0>, C4<0>, C4<0>;
L_000001aad1cf0590 .functor NOT 1, L_000001aad1e33140, C4<0>, C4<0>, C4<0>;
L_000001aad1cf07c0 .functor NOT 1, L_000001aad1e33820, C4<0>, C4<0>, C4<0>;
L_000001aad1cf0ad0 .functor AND 1, v000001aad1dec150_0, L_000001aad1e35c60, C4<1>, C4<1>;
L_000001aad1cef8e0 .functor AND 1, L_000001aad1cf0ad0, L_000001aad1e34fe0, C4<1>, C4<1>;
L_000001aad1cf0b40 .functor AND 1, v000001aad1dec150_0, L_000001aad1e34ae0, C4<1>, C4<1>;
L_000001aad1cf0d00 .functor AND 1, L_000001aad1cf0b40, L_000001aad1e34b80, C4<1>, C4<1>;
L_000001aad1cf0c20 .functor AND 1, v000001aad1dec150_0, L_000001aad1e35ee0, C4<1>, C4<1>;
L_000001aad1cf1160 .functor AND 1, L_000001aad1cf0c20, L_000001aad1e34f40, C4<1>, C4<1>;
L_000001aad1cf0c90 .functor AND 1, v000001aad1dec150_0, L_000001aad1e34040, C4<1>, C4<1>;
L_000001aad1cf2a50 .functor AND 1, L_000001aad1cf0c90, L_000001aad1e34860, C4<1>, C4<1>;
L_000001aad1cf1b70 .functor OR 1, L_000001aad1cef8e0, L_000001aad1cf0d00, C4<0>, C4<0>;
L_000001aad1cf1fd0 .functor OR 1, L_000001aad1cf1b70, L_000001aad1cf1160, C4<0>, C4<0>;
L_000001aad1cf19b0 .functor OR 1, L_000001aad1cf1fd0, L_000001aad1cf2a50, C4<0>, C4<0>;
L_000001aad1cf2d60 .functor NOT 1, L_000001aad1e34180, C4<0>, C4<0>, C4<0>;
L_000001aad1cf2190 .functor NOT 1, L_000001aad1e34720, C4<0>, C4<0>, C4<0>;
L_000001aad1cf2120 .functor NOT 1, L_000001aad1e347c0, C4<0>, C4<0>, C4<0>;
L_000001aad1cf1780 .functor NOT 1, L_000001aad1e34900, C4<0>, C4<0>, C4<0>;
L_000001aad1cf1550 .functor NOT 32, L_000001aad1e363e0, C4<00000000000000000000000000000000>, C4<00000000000000000000000000000000>, C4<00000000000000000000000000000000>;
L_000001aad1cf15c0 .functor AND 32, L_000001aad1e359e0, L_000001aad1cf1550, C4<11111111111111111111111111111111>, C4<11111111111111111111111111111111>;
L_000001aad1e3c990 .functor BUFT 1, C4<00000000000000000000000000000000>, C4<0>, C4<0>, C4<0>;
L_000001aad1cf3070 .functor AND 32, L_000001aad1e3c990, L_000001aad1e363e0, C4<11111111111111111111111111111111>, C4<11111111111111111111111111111111>;
L_000001aad1cf2ba0 .functor OR 32, L_000001aad1cf15c0, L_000001aad1cf3070, C4<00000000000000000000000000000000>, C4<00000000000000000000000000000000>;
L_000001aad1cf22e0 .functor OR 32, L_000001aad1e36de0, L_000001aad1e37240, C4<00000000000000000000000000000000>, C4<00000000000000000000000000000000>;
L_000001aad1cf2970 .functor OR 32, L_000001aad1e36de0, L_000001aad1e37100, C4<00000000000000000000000000000000>, C4<00000000000000000000000000000000>;
L_000001aad1cf1630 .functor AND 1, L_000001aad1e36b60, L_000001aad1e37600, C4<1>, C4<1>;
L_000001aad1cf2200 .functor AND 1, L_000001aad1e37740, L_000001aad1e37ba0, C4<1>, C4<1>;
L_000001aad1cf29e0 .functor OR 1, L_000001aad1cf1630, L_000001aad1cf2200, C4<0>, C4<0>;
L_000001aad1cf1da0 .functor AND 1, L_000001aad1e36ca0, L_000001aad1e37ce0, C4<1>, C4<1>;
L_000001aad1cf2270 .functor OR 1, L_000001aad1cf29e0, L_000001aad1cf1da0, C4<0>, C4<0>;
L_000001aad1cf2dd0 .functor AND 1, L_000001aad1e372e0, L_000001aad1e360c0, C4<1>, C4<1>;
L_000001aad1cf1a90 .functor OR 1, L_000001aad1cf2270, L_000001aad1cf2dd0, C4<0>, C4<0>;
L_000001aad1cf1c50 .functor NOT 1, L_000001aad1e36b60, C4<0>, C4<0>, C4<0>;
L_000001aad1cf2e40 .functor NOT 1, L_000001aad1e37740, C4<0>, C4<0>, C4<0>;
L_000001aad1cf2c80 .functor NOT 1, L_000001aad1e36ca0, C4<0>, C4<0>, C4<0>;
L_000001aad1cf2c10 .functor NOT 1, L_000001aad1e372e0, C4<0>, C4<0>, C4<0>;
L_000001aad1cf27b0 .functor NOT 32, L_000001aad1e1a640, C4<00000000000000000000000000000000>, C4<00000000000000000000000000000000>, C4<00000000000000000000000000000000>;
L_000001aad1cf1e80 .functor AND 32, L_000001aad1e183e0, L_000001aad1cf27b0, C4<11111111111111111111111111111111>, C4<11111111111111111111111111111111>;
L_000001aad1cf2740 .functor AND 32, v000001aad1dfbbf0_0, L_000001aad1e1a640, C4<11111111111111111111111111111111>, C4<11111111111111111111111111111111>;
L_000001aad1cf2ac0 .functor OR 32, L_000001aad1cf1e80, L_000001aad1cf2740, C4<00000000000000000000000000000000>, C4<00000000000000000000000000000000>;
L_000001aad1cf2cf0 .functor NOT 1, L_000001aad1cf0130, C4<0>, C4<0>, C4<0>;
L_000001aad1cf2b30 .functor AND 1, L_000001aad1ed0d50, L_000001aad1cf2cf0, C4<1>, C4<1>;
L_000001aad1e3bb38 .functor BUFT 1, C4<0>, C4<0>, C4<0>, C4<0>;
L_000001aad1cf2430 .functor NOT 1, L_000001aad1e3bb38, C4<0>, C4<0>, C4<0>;
L_000001aad1cf1e10 .functor AND 1, L_000001aad1cf2b30, L_000001aad1cf2430, C4<1>, C4<1>;
L_000001aad1e3bbc8 .functor BUFT 1, C4<0>, C4<0>, C4<0>, C4<0>;
L_000001aad1cf2040 .functor NOT 1, L_000001aad1e3bbc8, C4<0>, C4<0>, C4<0>;
L_000001aad1cf24a0 .functor AND 1, L_000001aad1cf1e10, L_000001aad1cf2040, C4<1>, C4<1>;
L_000001aad1cf2820 .functor NOT 1, L_000001aad1cf0130, C4<0>, C4<0>, C4<0>;
L_000001aad1e3c900 .functor BUFT 1, C4<0>, C4<0>, C4<0>, C4<0>;
L_000001aad1cf20b0 .functor AND 1, L_000001aad1e3c900, L_000001aad1cf2820, C4<1>, C4<1>;
L_000001aad1cf2350 .functor NOT 1, L_000001aad1cf19b0, C4<0>, C4<0>, C4<0>;
L_000001aad1cf2890 .functor AND 1, v000001aad1dec150_0, L_000001aad1cf2350, C4<1>, C4<1>;
L_000001aad1cf2900 .functor OR 1, L_000001aad1cf2890, L_000001aad1cf24a0, C4<0>, C4<0>;
L_000001aad1cf23c0 .functor OR 1, L_000001aad1cf2900, L_000001aad1cf20b0, C4<0>, C4<0>;
L_000001aad1cf2580 .functor AND 1, L_000001aad1e1ca80, L_000001aad1cf23c0, C4<1>, C4<1>;
L_000001aad1cf2eb0 .functor NOT 1, v000001aad1dedb90_0, C4<0>, C4<0>, C4<0>;
L_000001aad1cf2660 .functor AND 1, L_000001aad1e1b400, L_000001aad1cf2eb0, C4<1>, C4<1>;
L_000001aad1cf2510 .functor AND 1, L_000001aad1cf2660, L_000001aad1efaf50, C4<1>, C4<1>;
L_000001aad1cf16a0 .functor AND 1, L_000001aad1e1bcc0, L_000001aad1e1b4a0, C4<1>, C4<1>;
L_000001aad1cf2f20 .functor AND 1, L_000001aad1cf16a0, L_000001aad1efaf50, C4<1>, C4<1>;
L_000001aad1cf2f90 .functor NOT 1, L_000001aad1cf2580, C4<0>, C4<0>, C4<0>;
L_000001aad1cf25f0 .functor AND 1, L_000001aad1cf2f20, L_000001aad1cf2f90, C4<1>, C4<1>;
L_000001aad1cf3000 .functor OR 1, L_000001aad1e1cb20, L_000001aad1cf25f0, C4<0>, C4<0>;
L_000001aad1cf1be0 .functor NOT 1, v000001aad1dec150_0, C4<0>, C4<0>, C4<0>;
L_000001aad1cf14e0 .functor AND 1, L_000001aad1e1b180, L_000001aad1cf1be0, C4<1>, C4<1>;
L_000001aad1cf26d0 .functor AND 1, L_000001aad1cf14e0, L_000001aad1e3c900, C4<1>, C4<1>;
L_000001aad1cf1710 .functor AND 1, L_000001aad1cf26d0, L_000001aad1cf0130, C4<1>, C4<1>;
L_000001aad1cf17f0 .functor AND 1, L_000001aad1cf1710, L_000001aad1cf3000, C4<1>, C4<1>;
L_000001aad1cf1860 .functor NOT 1, v000001aad1dec150_0, C4<0>, C4<0>, C4<0>;
L_000001aad1cf18d0 .functor AND 1, L_000001aad1e1a960, L_000001aad1cf1860, C4<1>, C4<1>;
L_000001aad1cf1940 .functor AND 1, L_000001aad1cf18d0, L_000001aad1e3c900, C4<1>, C4<1>;
L_000001aad1cf1a20 .functor AND 1, L_000001aad1cf1940, L_000001aad1cf0130, C4<1>, C4<1>;
L_000001aad1cf1b00 .functor NOT 1, L_000001aad1cf3000, C4<0>, C4<0>, C4<0>;
L_000001aad1cf1cc0 .functor AND 1, L_000001aad1cf1a20, L_000001aad1cf1b00, C4<1>, C4<1>;
L_000001aad1cf1d30 .functor AND 1, L_000001aad1e1b540, L_000001aad1cf3000, C4<1>, C4<1>;
L_000001aad1cf1ef0 .functor AND 1, L_000001aad1e1b5e0, v000001aad1dfabb0_0, C4<1>, C4<1>;
L_000001aad1cf1f60 .functor OR 1, L_000001aad1cf24a0, L_000001aad1cf20b0, C4<0>, C4<0>;
L_000001aad1cf33f0 .functor AND 1, L_000001aad1cf1ef0, L_000001aad1cf1f60, C4<1>, C4<1>;
L_000001aad1cf45e0 .functor AND 1, L_000001aad1e1b680, v000001aad1dfabb0_0, C4<1>, C4<1>;
L_000001aad1cf4960 .functor AND 1, L_000001aad1cf45e0, L_000001aad1e3c900, C4<1>, C4<1>;
L_000001aad1cf3e00 .functor OR 1, L_000001aad1cf17f0, L_000001aad1cf1d30, C4<0>, C4<0>;
L_000001aad1cf3620 .functor BUFZ 1, L_000001aad1cf2510, C4<0>, C4<0>, C4<0>;
L_000001aad1cf3850 .functor BUFZ 1, L_000001aad1cf25f0, C4<0>, C4<0>, C4<0>;
L_000001aad1cf4ab0 .functor AND 1, L_000001aad1e1c300, L_000001aad1e1cd00, C4<1>, C4<1>;
L_000001aad1cf34d0 .functor NOT 1, v000001aad1dee770_0, C4<0>, C4<0>, C4<0>;
L_000001aad1cf3310 .functor AND 1, L_000001aad1e1cc60, L_000001aad1cf34d0, C4<1>, C4<1>;
L_000001aad1cf3a10 .functor OR 1, L_000001aad1cf3310, L_000001aad1e1bea0, C4<0>, C4<0>;
L_000001aad1cf4650 .functor AND 1, L_000001aad1e1bb80, v000001aad1dee770_0, C4<1>, C4<1>;
L_000001aad1cf46c0 .functor OR 1, L_000001aad1cf33f0, L_000001aad1cf4960, C4<0>, C4<0>;
L_000001aad1cf4b20 .functor OR 1, L_000001aad1cf46c0, L_000001aad1cf4ab0, C4<0>, C4<0>;
L_000001aad1cf31c0 .functor AND 1, L_000001aad1cf4650, L_000001aad1cf4b20, C4<1>, C4<1>;
L_000001aad1cf3e70 .functor OR 1, L_000001aad1cf3a10, L_000001aad1cf31c0, C4<0>, C4<0>;
L_000001aad1cf3d20 .functor NOT 1, L_000001aad1cf19b0, C4<0>, C4<0>, C4<0>;
L_000001aad1cf4500 .functor AND 1, v000001aad1dec150_0, L_000001aad1cf3d20, C4<1>, C4<1>;
L_000001aad1cf4260 .functor OR 1, L_000001aad1cf3e70, L_000001aad1cf4500, C4<0>, C4<0>;
L_000001aad1cf4b90 .functor OR 1, L_000001aad1cf24a0, L_000001aad1cf20b0, C4<0>, C4<0>;
L_000001aad1cf3c40 .functor OR 1, L_000001aad1cf4b90, L_000001aad1cf1cc0, C4<0>, C4<0>;
L_000001aad1cf47a0 .functor AND 1, L_000001aad1e1d020, L_000001aad1cf3c40, C4<1>, C4<1>;
L_000001aad1cf49d0 .functor OR 1, L_000001aad1cf4260, L_000001aad1cf47a0, C4<0>, C4<0>;
L_000001aad1cf4340 .functor NOT 1, L_000001aad1e3bb38, C4<0>, C4<0>, C4<0>;
L_000001aad1cf4490 .functor AND 1, L_000001aad1cf49d0, L_000001aad1cf4340, C4<1>, C4<1>;
L_000001aad1cf4c00 .functor NOT 1, L_000001aad1e3bbc8, C4<0>, C4<0>, C4<0>;
L_000001aad1cf38c0 .functor AND 1, L_000001aad1cf4490, L_000001aad1cf4c00, C4<1>, C4<1>;
L_000001aad1efa690 .functor BUFT 32, L_000001aad1e359e0, C4<00000000000000000000000000000000>, C4<00000000000000000000000000000000>, C4<00000000000000000000000000000000>;
L_000001aad1efb1f0 .functor BUFT 32, L_000001aad1efa690, C4<00000000000000000000000000000000>, C4<00000000000000000000000000000000>, C4<00000000000000000000000000000000>;
v000001aad1de0e50_0 .net *"_ivl_1000", 0 0, L_000001aad1cf4260;  1 drivers
L_000001aad1e3c8b8 .functor BUFT 1, C4<00>, C4<0>, C4<0>, C4<0>;
v000001aad1de3bf0_0 .net/2u *"_ivl_1002", 1 0, L_000001aad1e3c8b8;  1 drivers
v000001aad1de4ff0_0 .net *"_ivl_1004", 0 0, L_000001aad1e1d020;  1 drivers
v000001aad1de2930_0 .net *"_ivl_1006", 0 0, L_000001aad1cf4b90;  1 drivers
v000001aad1de4550_0 .net *"_ivl_1008", 0 0, L_000001aad1cf3c40;  1 drivers
v000001aad1de3fb0_0 .net *"_ivl_1010", 0 0, L_000001aad1cf47a0;  1 drivers
v000001aad1de2890_0 .net *"_ivl_1012", 0 0, L_000001aad1cf49d0;  1 drivers
v000001aad1de4d70_0 .net *"_ivl_1014", 0 0, L_000001aad1cf4340;  1 drivers
v000001aad1de33d0_0 .net *"_ivl_1016", 0 0, L_000001aad1cf4490;  1 drivers
v000001aad1de4e10_0 .net *"_ivl_1018", 0 0, L_000001aad1cf4c00;  1 drivers
L_000001aad1e3a428 .functor BUFT 1, C4<0000000000>, C4<0>, C4<0>, C4<0>;
v000001aad1de40f0_0 .net *"_ivl_102", 9 0, L_000001aad1e3a428;  1 drivers
v000001aad1de4eb0_0 .net *"_ivl_1022", 31 0, L_000001aad1efa690;  1 drivers
v000001aad1de31f0_0 .net *"_ivl_103", 14 0, L_000001aad1e35bc0;  1 drivers
v000001aad1de3010_0 .net *"_ivl_104", 14 0, L_000001aad1e33fa0;  1 drivers
v000001aad1de3ab0_0 .net *"_ivl_108", 31 0, L_000001aad1e35440;  1 drivers
v000001aad1de3a10_0 .net *"_ivl_110", 10 0, L_000001aad1e35d00;  1 drivers
L_000001aad1e3a470 .functor BUFT 1, C4<000000>, C4<0>, C4<0>, C4<0>;
v000001aad1de4050_0 .net *"_ivl_113", 5 0, L_000001aad1e3a470;  1 drivers
v000001aad1de4f50_0 .net *"_ivl_114", 13 0, L_000001aad1e35b20;  1 drivers
L_000001aad1e3a4b8 .functor BUFT 1, C4<000>, C4<0>, C4<0>, C4<0>;
v000001aad1de4c30_0 .net *"_ivl_117", 2 0, L_000001aad1e3a4b8;  1 drivers
L_000001aad1e3a500 .functor BUFT 1, C4<00000000001000>, C4<0>, C4<0>, C4<0>;
v000001aad1de4730_0 .net/2u *"_ivl_118", 13 0, L_000001aad1e3a500;  1 drivers
v000001aad1de35b0_0 .net *"_ivl_121", 13 0, L_000001aad1e34220;  1 drivers
v000001aad1de3c90_0 .net *"_ivl_122", 4 0, L_000001aad1e354e0;  1 drivers
L_000001aad1e3a548 .functor BUFT 1, C4<0>, C4<0>, C4<0>, C4<0>;
v000001aad1de47d0_0 .net *"_ivl_125", 0 0, L_000001aad1e3a548;  1 drivers
L_000001aad1e3a590 .functor BUFT 1, C4<0>, C4<0>, C4<0>, C4<0>;
v000001aad1de2f70_0 .net *"_ivl_128", 0 0, L_000001aad1e3a590;  1 drivers
v000001aad1de3970_0 .net *"_ivl_129", 14 0, L_000001aad1e34cc0;  1 drivers
L_000001aad1e3a5d8 .functor BUFT 1, C4<0000000000>, C4<0>, C4<0>, C4<0>;
v000001aad1de3150_0 .net *"_ivl_132", 9 0, L_000001aad1e3a5d8;  1 drivers
v000001aad1de3470_0 .net *"_ivl_133", 14 0, L_000001aad1e35580;  1 drivers
v000001aad1de3dd0_0 .net *"_ivl_134", 14 0, L_000001aad1e35260;  1 drivers
v000001aad1de45f0_0 .net *"_ivl_138", 31 0, L_000001aad1e345e0;  1 drivers
v000001aad1de3b50_0 .net *"_ivl_140", 10 0, L_000001aad1e35760;  1 drivers
L_000001aad1e3a620 .functor BUFT 1, C4<000000>, C4<0>, C4<0>, C4<0>;
v000001aad1de3650_0 .net *"_ivl_143", 5 0, L_000001aad1e3a620;  1 drivers
v000001aad1de29d0_0 .net *"_ivl_144", 13 0, L_000001aad1e342c0;  1 drivers
L_000001aad1e3a668 .functor BUFT 1, C4<000>, C4<0>, C4<0>, C4<0>;
v000001aad1de36f0_0 .net *"_ivl_147", 2 0, L_000001aad1e3a668;  1 drivers
L_000001aad1e3a6b0 .functor BUFT 1, C4<00000000001000>, C4<0>, C4<0>, C4<0>;
v000001aad1de4870_0 .net/2u *"_ivl_148", 13 0, L_000001aad1e3a6b0;  1 drivers
v000001aad1de3790_0 .net *"_ivl_151", 13 0, L_000001aad1e340e0;  1 drivers
v000001aad1de2a70_0 .net *"_ivl_152", 4 0, L_000001aad1e34360;  1 drivers
L_000001aad1e3a6f8 .functor BUFT 1, C4<0>, C4<0>, C4<0>, C4<0>;
v000001aad1de3290_0 .net *"_ivl_155", 0 0, L_000001aad1e3a6f8;  1 drivers
L_000001aad1e3a740 .functor BUFT 1, C4<0>, C4<0>, C4<0>, C4<0>;
v000001aad1de30b0_0 .net *"_ivl_158", 0 0, L_000001aad1e3a740;  1 drivers
v000001aad1de3330_0 .net *"_ivl_159", 14 0, L_000001aad1e33960;  1 drivers
L_000001aad1e3a788 .functor BUFT 1, C4<0000000000>, C4<0>, C4<0>, C4<0>;
v000001aad1de3e70_0 .net *"_ivl_162", 9 0, L_000001aad1e3a788;  1 drivers
v000001aad1de3830_0 .net *"_ivl_163", 14 0, L_000001aad1e35620;  1 drivers
v000001aad1de44b0_0 .net *"_ivl_164", 14 0, L_000001aad1e33aa0;  1 drivers
v000001aad1de4690_0 .net *"_ivl_168", 31 0, L_000001aad1e353a0;  1 drivers
v000001aad1de3d30_0 .net *"_ivl_170", 10 0, L_000001aad1e33a00;  1 drivers
L_000001aad1e3a7d0 .functor BUFT 1, C4<000000>, C4<0>, C4<0>, C4<0>;
v000001aad1de42d0_0 .net *"_ivl_173", 5 0, L_000001aad1e3a7d0;  1 drivers
v000001aad1de3510_0 .net *"_ivl_174", 13 0, L_000001aad1e344a0;  1 drivers
L_000001aad1e3a818 .functor BUFT 1, C4<000>, C4<0>, C4<0>, C4<0>;
v000001aad1de2bb0_0 .net *"_ivl_177", 2 0, L_000001aad1e3a818;  1 drivers
L_000001aad1e3a860 .functor BUFT 1, C4<00000000001000>, C4<0>, C4<0>, C4<0>;
v000001aad1de3f10_0 .net/2u *"_ivl_178", 13 0, L_000001aad1e3a860;  1 drivers
v000001aad1de2b10_0 .net *"_ivl_18", 21 0, L_000001aad1e32920;  1 drivers
v000001aad1de2c50_0 .net *"_ivl_181", 13 0, L_000001aad1e338c0;  1 drivers
v000001aad1de38d0_0 .net *"_ivl_182", 4 0, L_000001aad1e33f00;  1 drivers
L_000001aad1e3a8a8 .functor BUFT 1, C4<0>, C4<0>, C4<0>, C4<0>;
v000001aad1de4910_0 .net *"_ivl_185", 0 0, L_000001aad1e3a8a8;  1 drivers
L_000001aad1e3a8f0 .functor BUFT 1, C4<0>, C4<0>, C4<0>, C4<0>;
v000001aad1de4190_0 .net *"_ivl_188", 0 0, L_000001aad1e3a8f0;  1 drivers
v000001aad1de4230_0 .net *"_ivl_189", 14 0, L_000001aad1e34540;  1 drivers
L_000001aad1e3a938 .functor BUFT 1, C4<0000000000>, C4<0>, C4<0>, C4<0>;
v000001aad1de4370_0 .net *"_ivl_192", 9 0, L_000001aad1e3a938;  1 drivers
v000001aad1de4410_0 .net *"_ivl_193", 14 0, L_000001aad1e358a0;  1 drivers
v000001aad1de49b0_0 .net *"_ivl_194", 14 0, L_000001aad1e356c0;  1 drivers
L_000001aad1e3a980 .functor BUFT 1, C4<00000000000000000000000000000000>, C4<0>, C4<0>, C4<0>;
v000001aad1de4af0_0 .net/2u *"_ivl_198", 31 0, L_000001aad1e3a980;  1 drivers
v000001aad1de2cf0_0 .net *"_ivl_20", 6 0, L_000001aad1e31980;  1 drivers
v000001aad1de4a50_0 .net *"_ivl_200", 31 0, L_000001aad1e34c20;  1 drivers
v000001aad1de4b90_0 .net *"_ivl_202", 31 0, L_000001aad1e35800;  1 drivers
v000001aad1de4cd0_0 .net *"_ivl_204", 31 0, L_000001aad1e33b40;  1 drivers
v000001aad1de2d90_0 .net *"_ivl_208", 0 0, L_000001aad1cf09f0;  1 drivers
L_000001aad1e3a9c8 .functor BUFT 1, C4<00>, C4<0>, C4<0>, C4<0>;
v000001aad1de2e30_0 .net/2u *"_ivl_210", 1 0, L_000001aad1e3a9c8;  1 drivers
v000001aad1de2ed0_0 .net *"_ivl_212", 0 0, L_000001aad1cf0280;  1 drivers
L_000001aad1e3aa10 .functor BUFT 1, C4<01>, C4<0>, C4<0>, C4<0>;
v000001aad1de74d0_0 .net/2u *"_ivl_214", 1 0, L_000001aad1e3aa10;  1 drivers
v000001aad1de5270_0 .net *"_ivl_216", 0 0, L_000001aad1cf0590;  1 drivers
L_000001aad1e3aa58 .functor BUFT 1, C4<10>, C4<0>, C4<0>, C4<0>;
v000001aad1de6670_0 .net/2u *"_ivl_218", 1 0, L_000001aad1e3aa58;  1 drivers
v000001aad1de6350_0 .net *"_ivl_220", 0 0, L_000001aad1cf07c0;  1 drivers
L_000001aad1e3aaa0 .functor BUFT 1, C4<11>, C4<0>, C4<0>, C4<0>;
v000001aad1de6850_0 .net/2u *"_ivl_222", 1 0, L_000001aad1e3aaa0;  1 drivers
v000001aad1de63f0_0 .net *"_ivl_224", 1 0, L_000001aad1e34d60;  1 drivers
v000001aad1de6d50_0 .net *"_ivl_226", 6 0, L_000001aad1e34e00;  1 drivers
L_000001aad1e3aae8 .functor BUFT 1, C4<00>, C4<0>, C4<0>, C4<0>;
v000001aad1de5c70_0 .net *"_ivl_229", 1 0, L_000001aad1e3aae8;  1 drivers
L_000001aad1e3a080 .functor BUFT 1, C4<00>, C4<0>, C4<0>, C4<0>;
v000001aad1de6210_0 .net *"_ivl_23", 1 0, L_000001aad1e3a080;  1 drivers
v000001aad1de5ef0_0 .net *"_ivl_230", 1 0, L_000001aad1e35120;  1 drivers
v000001aad1de54f0_0 .net *"_ivl_232", 1 0, L_000001aad1e35300;  1 drivers
v000001aad1de60d0_0 .net *"_ivl_234", 1 0, L_000001aad1e35a80;  1 drivers
v000001aad1de5d10_0 .net *"_ivl_239", 0 0, L_000001aad1e35c60;  1 drivers
v000001aad1de51d0_0 .net *"_ivl_24", 0 0, L_000001aad1e31660;  1 drivers
v000001aad1de67b0_0 .net *"_ivl_240", 0 0, L_000001aad1cf0ad0;  1 drivers
v000001aad1de6a30_0 .net *"_ivl_242", 21 0, L_000001aad1e34ea0;  1 drivers
v000001aad1de7110_0 .net *"_ivl_244", 6 0, L_000001aad1e33c80;  1 drivers
L_000001aad1e3ab30 .functor BUFT 1, C4<00>, C4<0>, C4<0>, C4<0>;
v000001aad1de6490_0 .net *"_ivl_247", 1 0, L_000001aad1e3ab30;  1 drivers
v000001aad1de6b70_0 .net *"_ivl_248", 0 0, L_000001aad1e34fe0;  1 drivers
v000001aad1de5e50_0 .net *"_ivl_253", 0 0, L_000001aad1e34ae0;  1 drivers
v000001aad1de7430_0 .net *"_ivl_254", 0 0, L_000001aad1cf0b40;  1 drivers
v000001aad1de6530_0 .net *"_ivl_256", 21 0, L_000001aad1e35da0;  1 drivers
v000001aad1de65d0_0 .net *"_ivl_258", 6 0, L_000001aad1e35e40;  1 drivers
L_000001aad1e3ab78 .functor BUFT 1, C4<00>, C4<0>, C4<0>, C4<0>;
v000001aad1de6e90_0 .net *"_ivl_261", 1 0, L_000001aad1e3ab78;  1 drivers
v000001aad1de6710_0 .net *"_ivl_262", 0 0, L_000001aad1e34b80;  1 drivers
v000001aad1de7390_0 .net *"_ivl_267", 0 0, L_000001aad1e35ee0;  1 drivers
v000001aad1de7250_0 .net *"_ivl_268", 0 0, L_000001aad1cf0c20;  1 drivers
v000001aad1de7570_0 .net *"_ivl_270", 21 0, L_000001aad1e35f80;  1 drivers
v000001aad1de5630_0 .net *"_ivl_272", 6 0, L_000001aad1e351c0;  1 drivers
L_000001aad1e3abc0 .functor BUFT 1, C4<00>, C4<0>, C4<0>, C4<0>;
v000001aad1de68f0_0 .net *"_ivl_275", 1 0, L_000001aad1e3abc0;  1 drivers
v000001aad1de6f30_0 .net *"_ivl_276", 0 0, L_000001aad1e34f40;  1 drivers
v000001aad1de5590_0 .net *"_ivl_28", 21 0, L_000001aad1e313e0;  1 drivers
v000001aad1de7610_0 .net *"_ivl_281", 0 0, L_000001aad1e34040;  1 drivers
v000001aad1de56d0_0 .net *"_ivl_282", 0 0, L_000001aad1cf0c90;  1 drivers
v000001aad1de5770_0 .net *"_ivl_284", 21 0, L_000001aad1e34680;  1 drivers
v000001aad1de5130_0 .net *"_ivl_286", 6 0, L_000001aad1e33d20;  1 drivers
L_000001aad1e3ac08 .functor BUFT 1, C4<00>, C4<0>, C4<0>, C4<0>;
v000001aad1de6990_0 .net *"_ivl_289", 1 0, L_000001aad1e3ac08;  1 drivers
v000001aad1de5810_0 .net *"_ivl_290", 0 0, L_000001aad1e34860;  1 drivers
v000001aad1de5310_0 .net *"_ivl_294", 0 0, L_000001aad1cf1b70;  1 drivers
v000001aad1de5a90_0 .net *"_ivl_296", 0 0, L_000001aad1cf1fd0;  1 drivers
v000001aad1de62b0_0 .net *"_ivl_30", 6 0, L_000001aad1e310c0;  1 drivers
L_000001aad1e3ac50 .functor BUFT 1, C4<11>, C4<0>, C4<0>, C4<0>;
v000001aad1de53b0_0 .net/2u *"_ivl_300", 1 0, L_000001aad1e3ac50;  1 drivers
L_000001aad1e3ac98 .functor BUFT 1, C4<10>, C4<0>, C4<0>, C4<0>;
v000001aad1de5b30_0 .net/2u *"_ivl_302", 1 0, L_000001aad1e3ac98;  1 drivers
L_000001aad1e3ace0 .functor BUFT 1, C4<01>, C4<0>, C4<0>, C4<0>;
v000001aad1de5450_0 .net/2u *"_ivl_304", 1 0, L_000001aad1e3ace0;  1 drivers
L_000001aad1e3ad28 .functor BUFT 1, C4<00>, C4<0>, C4<0>, C4<0>;
v000001aad1de76b0_0 .net/2u *"_ivl_306", 1 0, L_000001aad1e3ad28;  1 drivers
v000001aad1de6ad0_0 .net *"_ivl_308", 1 0, L_000001aad1e35080;  1 drivers
v000001aad1de58b0_0 .net *"_ivl_310", 1 0, L_000001aad1e33dc0;  1 drivers
v000001aad1de6c10_0 .net *"_ivl_315", 0 0, L_000001aad1e34180;  1 drivers
v000001aad1de6cb0_0 .net *"_ivl_316", 0 0, L_000001aad1cf2d60;  1 drivers
L_000001aad1e3ad70 .functor BUFT 1, C4<00>, C4<0>, C4<0>, C4<0>;
v000001aad1de77f0_0 .net/2u *"_ivl_318", 1 0, L_000001aad1e3ad70;  1 drivers
v000001aad1de7750_0 .net *"_ivl_321", 0 0, L_000001aad1e34720;  1 drivers
v000001aad1de5bd0_0 .net *"_ivl_322", 0 0, L_000001aad1cf2190;  1 drivers
L_000001aad1e3adb8 .functor BUFT 1, C4<01>, C4<0>, C4<0>, C4<0>;
v000001aad1de6df0_0 .net/2u *"_ivl_324", 1 0, L_000001aad1e3adb8;  1 drivers
v000001aad1de5950_0 .net *"_ivl_327", 0 0, L_000001aad1e347c0;  1 drivers
v000001aad1de72f0_0 .net *"_ivl_328", 0 0, L_000001aad1cf2120;  1 drivers
L_000001aad1e3a0c8 .functor BUFT 1, C4<00>, C4<0>, C4<0>, C4<0>;
v000001aad1de6fd0_0 .net *"_ivl_33", 1 0, L_000001aad1e3a0c8;  1 drivers
L_000001aad1e3ae00 .functor BUFT 1, C4<10>, C4<0>, C4<0>, C4<0>;
v000001aad1de7070_0 .net/2u *"_ivl_330", 1 0, L_000001aad1e3ae00;  1 drivers
v000001aad1de71b0_0 .net *"_ivl_333", 0 0, L_000001aad1e34900;  1 drivers
v000001aad1de5090_0 .net *"_ivl_334", 0 0, L_000001aad1cf1780;  1 drivers
L_000001aad1e3ae48 .functor BUFT 1, C4<11>, C4<0>, C4<0>, C4<0>;
v000001aad1de59f0_0 .net/2u *"_ivl_336", 1 0, L_000001aad1e3ae48;  1 drivers
v000001aad1de5db0_0 .net *"_ivl_338", 1 0, L_000001aad1e34a40;  1 drivers
v000001aad1de5f90_0 .net *"_ivl_34", 0 0, L_000001aad1e31520;  1 drivers
v000001aad1de6030_0 .net *"_ivl_340", 6 0, L_000001aad1e36160;  1 drivers
L_000001aad1e3ae90 .functor BUFT 1, C4<00>, C4<0>, C4<0>, C4<0>;
v000001aad1de6170_0 .net *"_ivl_343", 1 0, L_000001aad1e3ae90;  1 drivers
v000001aad1de99b0_0 .net *"_ivl_344", 1 0, L_000001aad1e374c0;  1 drivers
v000001aad1de92d0_0 .net *"_ivl_346", 1 0, L_000001aad1e37060;  1 drivers
v000001aad1de7930_0 .net *"_ivl_348", 1 0, L_000001aad1e376a0;  1 drivers
v000001aad1de9f50_0 .net *"_ivl_353", 0 0, L_000001aad1e368e0;  1 drivers
v000001aad1de8dd0_0 .net *"_ivl_354", 7 0, L_000001aad1e36980;  1 drivers
v000001aad1de8b50_0 .net *"_ivl_357", 0 0, L_000001aad1e36fc0;  1 drivers
v000001aad1de8790_0 .net *"_ivl_358", 7 0, L_000001aad1e379c0;  1 drivers
v000001aad1de9af0_0 .net *"_ivl_361", 0 0, L_000001aad1e36700;  1 drivers
v000001aad1de9190_0 .net *"_ivl_362", 7 0, L_000001aad1e36ac0;  1 drivers
v000001aad1de7a70_0 .net *"_ivl_365", 0 0, L_000001aad1e36660;  1 drivers
v000001aad1de79d0_0 .net *"_ivl_366", 7 0, L_000001aad1e37a60;  1 drivers
v000001aad1de9eb0_0 .net *"_ivl_370", 31 0, L_000001aad1cf1550;  1 drivers
v000001aad1de9e10_0 .net *"_ivl_372", 31 0, L_000001aad1cf15c0;  1 drivers
v000001aad1de81f0_0 .net *"_ivl_374", 31 0, L_000001aad1cf3070;  1 drivers
L_000001aad1e3aed8 .functor BUFT 1, C4<00000>, C4<0>, C4<0>, C4<0>;
v000001aad1de9370_0 .net/2u *"_ivl_378", 4 0, L_000001aad1e3aed8;  1 drivers
v000001aad1de7b10_0 .net *"_ivl_38", 21 0, L_000001aad1e32b00;  1 drivers
L_000001aad1e3af20 .functor BUFT 1, C4<0>, C4<0>, C4<0>, C4<0>;
v000001aad1de9690_0 .net/2u *"_ivl_382", 0 0, L_000001aad1e3af20;  1 drivers
v000001aad1de9ff0_0 .net *"_ivl_385", 2 0, L_000001aad1e36e80;  1 drivers
v000001aad1de9a50_0 .net *"_ivl_387", 2 0, L_000001aad1e377e0;  1 drivers
v000001aad1de7890_0 .net *"_ivl_388", 2 0, L_000001aad1e37560;  1 drivers
L_000001aad1e3af68 .functor BUFT 1, C4<0>, C4<0>, C4<0>, C4<0>;
v000001aad1de7c50_0 .net/2u *"_ivl_392", 0 0, L_000001aad1e3af68;  1 drivers
v000001aad1de8510_0 .net *"_ivl_395", 2 0, L_000001aad1e36a20;  1 drivers
v000001aad1de85b0_0 .net *"_ivl_397", 2 0, L_000001aad1e367a0;  1 drivers
v000001aad1de7bb0_0 .net *"_ivl_398", 2 0, L_000001aad1e37b00;  1 drivers
L_000001aad1e3a038 .functor BUFT 1, C4<0>, C4<0>, C4<0>, C4<0>;
v000001aad1de9870_0 .net/2u *"_ivl_4", 0 0, L_000001aad1e3a038;  1 drivers
v000001aad1de8290_0 .net *"_ivl_40", 6 0, L_000001aad1e315c0;  1 drivers
L_000001aad1e3afb0 .functor BUFT 1, C4<00000000000000000000000000>, C4<0>, C4<0>, C4<0>;
v000001aad1de9550_0 .net/2u *"_ivl_402", 25 0, L_000001aad1e3afb0;  1 drivers
L_000001aad1e3aff8 .functor BUFT 1, C4<00>, C4<0>, C4<0>, C4<0>;
v000001aad1de8fb0_0 .net/2u *"_ivl_404", 1 0, L_000001aad1e3aff8;  1 drivers
v000001aad1de8650_0 .net *"_ivl_406", 31 0, L_000001aad1e37240;  1 drivers
L_000001aad1e3b040 .functor BUFT 1, C4<00000000000000000000000000>, C4<0>, C4<0>, C4<0>;
v000001aad1de9c30_0 .net/2u *"_ivl_410", 25 0, L_000001aad1e3b040;  1 drivers
L_000001aad1e3b088 .functor BUFT 1, C4<00>, C4<0>, C4<0>, C4<0>;
v000001aad1de8bf0_0 .net/2u *"_ivl_412", 1 0, L_000001aad1e3b088;  1 drivers
v000001aad1de8e70_0 .net *"_ivl_414", 31 0, L_000001aad1e37100;  1 drivers
L_000001aad1e3b0d0 .functor BUFT 1, C4<00000000000000000000000000100000>, C4<0>, C4<0>, C4<0>;
v000001aad1de9730_0 .net/2u *"_ivl_418", 31 0, L_000001aad1e3b0d0;  1 drivers
L_000001aad1e3a110 .functor BUFT 1, C4<00>, C4<0>, C4<0>, C4<0>;
v000001aad1de8f10_0 .net *"_ivl_43", 1 0, L_000001aad1e3a110;  1 drivers
v000001aad1de7cf0_0 .net *"_ivl_434", 21 0, L_000001aad1e37380;  1 drivers
v000001aad1de9b90_0 .net *"_ivl_436", 6 0, L_000001aad1e36d40;  1 drivers
L_000001aad1e3b118 .functor BUFT 1, C4<00>, C4<0>, C4<0>, C4<0>;
v000001aad1de95f0_0 .net *"_ivl_439", 1 0, L_000001aad1e3b118;  1 drivers
v000001aad1de86f0_0 .net *"_ivl_44", 0 0, L_000001aad1e32100;  1 drivers
v000001aad1de9050_0 .net *"_ivl_440", 0 0, L_000001aad1e37600;  1 drivers
v000001aad1de80b0_0 .net *"_ivl_442", 0 0, L_000001aad1cf1630;  1 drivers
v000001aad1de7d90_0 .net *"_ivl_444", 21 0, L_000001aad1e36200;  1 drivers
v000001aad1de7e30_0 .net *"_ivl_446", 6 0, L_000001aad1e37880;  1 drivers
L_000001aad1e3b160 .functor BUFT 1, C4<00>, C4<0>, C4<0>, C4<0>;
v000001aad1de7ed0_0 .net *"_ivl_449", 1 0, L_000001aad1e3b160;  1 drivers
v000001aad1de7f70_0 .net *"_ivl_450", 0 0, L_000001aad1e37ba0;  1 drivers
v000001aad1de8150_0 .net *"_ivl_452", 0 0, L_000001aad1cf2200;  1 drivers
v000001aad1de97d0_0 .net *"_ivl_454", 0 0, L_000001aad1cf29e0;  1 drivers
v000001aad1de9230_0 .net *"_ivl_456", 21 0, L_000001aad1e37920;  1 drivers
v000001aad1de8010_0 .net *"_ivl_458", 6 0, L_000001aad1e37c40;  1 drivers
L_000001aad1e3b1a8 .functor BUFT 1, C4<00>, C4<0>, C4<0>, C4<0>;
v000001aad1de8330_0 .net *"_ivl_461", 1 0, L_000001aad1e3b1a8;  1 drivers
v000001aad1de8a10_0 .net *"_ivl_462", 0 0, L_000001aad1e37ce0;  1 drivers
v000001aad1de83d0_0 .net *"_ivl_464", 0 0, L_000001aad1cf1da0;  1 drivers
v000001aad1de9cd0_0 .net *"_ivl_466", 0 0, L_000001aad1cf2270;  1 drivers
v000001aad1de8c90_0 .net *"_ivl_468", 21 0, L_000001aad1e37d80;  1 drivers
v000001aad1de8470_0 .net *"_ivl_470", 6 0, L_000001aad1e37e20;  1 drivers
L_000001aad1e3b1f0 .functor BUFT 1, C4<00>, C4<0>, C4<0>, C4<0>;
v000001aad1de8830_0 .net *"_ivl_473", 1 0, L_000001aad1e3b1f0;  1 drivers
v000001aad1de88d0_0 .net *"_ivl_474", 0 0, L_000001aad1e360c0;  1 drivers
v000001aad1de8970_0 .net *"_ivl_476", 0 0, L_000001aad1cf2dd0;  1 drivers
v000001aad1de8ab0_0 .net *"_ivl_48", 21 0, L_000001aad1e31a20;  1 drivers
v000001aad1de9410_0 .net *"_ivl_480", 0 0, L_000001aad1cf1c50;  1 drivers
L_000001aad1e3b238 .functor BUFT 1, C4<00>, C4<0>, C4<0>, C4<0>;
v000001aad1de9d70_0 .net/2u *"_ivl_482", 1 0, L_000001aad1e3b238;  1 drivers
v000001aad1de9910_0 .net *"_ivl_484", 0 0, L_000001aad1cf2e40;  1 drivers
L_000001aad1e3b280 .functor BUFT 1, C4<01>, C4<0>, C4<0>, C4<0>;
v000001aad1de90f0_0 .net/2u *"_ivl_486", 1 0, L_000001aad1e3b280;  1 drivers
v000001aad1de8d30_0 .net *"_ivl_488", 0 0, L_000001aad1cf2c80;  1 drivers
L_000001aad1e3b2c8 .functor BUFT 1, C4<10>, C4<0>, C4<0>, C4<0>;
v000001aad1de94b0_0 .net/2u *"_ivl_490", 1 0, L_000001aad1e3b2c8;  1 drivers
v000001aad1deae50_0 .net *"_ivl_492", 0 0, L_000001aad1cf2c10;  1 drivers
L_000001aad1e3b310 .functor BUFT 1, C4<11>, C4<0>, C4<0>, C4<0>;
v000001aad1dea3b0_0 .net/2u *"_ivl_494", 1 0, L_000001aad1e3b310;  1 drivers
v000001aad1dea310_0 .net *"_ivl_496", 1 0, L_000001aad1e362a0;  1 drivers
v000001aad1dea770_0 .net *"_ivl_498", 6 0, L_000001aad1e36340;  1 drivers
v000001aad1dea6d0_0 .net *"_ivl_50", 6 0, L_000001aad1e32ba0;  1 drivers
L_000001aad1e3b358 .functor BUFT 1, C4<00>, C4<0>, C4<0>, C4<0>;
v000001aad1dea950_0 .net *"_ivl_501", 1 0, L_000001aad1e3b358;  1 drivers
v000001aad1dea590_0 .net *"_ivl_502", 1 0, L_000001aad1e36480;  1 drivers
v000001aad1dea1d0_0 .net *"_ivl_504", 1 0, L_000001aad1e36520;  1 drivers
v000001aad1dead10_0 .net *"_ivl_506", 1 0, L_000001aad1e365c0;  1 drivers
L_000001aad1e3b3a0 .functor BUFT 1, C4<00>, C4<0>, C4<0>, C4<0>;
v000001aad1dea810_0 .net/2u *"_ivl_510", 1 0, L_000001aad1e3b3a0;  1 drivers
v000001aad1dea450_0 .net *"_ivl_512", 0 0, L_000001aad1e19ec0;  1 drivers
v000001aad1dea8b0_0 .net *"_ivl_514", 31 0, L_000001aad1e18b60;  1 drivers
v000001aad1deaa90_0 .net *"_ivl_516", 10 0, L_000001aad1e1a1e0;  1 drivers
L_000001aad1e3b3e8 .functor BUFT 1, C4<000000>, C4<0>, C4<0>, C4<0>;
v000001aad1dea4f0_0 .net *"_ivl_519", 5 0, L_000001aad1e3b3e8;  1 drivers
v000001aad1dea130_0 .net *"_ivl_520", 13 0, L_000001aad1e1a140;  1 drivers
L_000001aad1e3b430 .functor BUFT 1, C4<000>, C4<0>, C4<0>, C4<0>;
v000001aad1dea9f0_0 .net *"_ivl_523", 2 0, L_000001aad1e3b430;  1 drivers
L_000001aad1e3b478 .functor BUFT 1, C4<00000000001000>, C4<0>, C4<0>, C4<0>;
v000001aad1dea090_0 .net/2u *"_ivl_524", 13 0, L_000001aad1e3b478;  1 drivers
v000001aad1dea270_0 .net *"_ivl_527", 13 0, L_000001aad1e19f60;  1 drivers
v000001aad1deab30_0 .net *"_ivl_528", 4 0, L_000001aad1e19420;  1 drivers
L_000001aad1e3a158 .functor BUFT 1, C4<00>, C4<0>, C4<0>, C4<0>;
v000001aad1dea630_0 .net *"_ivl_53", 1 0, L_000001aad1e3a158;  1 drivers
L_000001aad1e3b4c0 .functor BUFT 1, C4<0>, C4<0>, C4<0>, C4<0>;
v000001aad1deabd0_0 .net *"_ivl_531", 0 0, L_000001aad1e3b4c0;  1 drivers
L_000001aad1e3b508 .functor BUFT 1, C4<0>, C4<0>, C4<0>, C4<0>;
v000001aad1deac70_0 .net *"_ivl_534", 0 0, L_000001aad1e3b508;  1 drivers
v000001aad1deadb0_0 .net *"_ivl_535", 14 0, L_000001aad1e19920;  1 drivers
L_000001aad1e3b550 .functor BUFT 1, C4<0000000000>, C4<0>, C4<0>, C4<0>;
v000001aad1deaef0_0 .net *"_ivl_538", 9 0, L_000001aad1e3b550;  1 drivers
v000001aad1ddcad0_0 .net *"_ivl_539", 14 0, L_000001aad1e19b00;  1 drivers
v000001aad1ddd2f0_0 .net *"_ivl_54", 0 0, L_000001aad1e31ca0;  1 drivers
v000001aad1ddba90_0 .net *"_ivl_540", 14 0, L_000001aad1e1a000;  1 drivers
L_000001aad1e3b598 .functor BUFT 1, C4<01>, C4<0>, C4<0>, C4<0>;
v000001aad1ddb8b0_0 .net/2u *"_ivl_542", 1 0, L_000001aad1e3b598;  1 drivers
v000001aad1ddb770_0 .net *"_ivl_544", 0 0, L_000001aad1e18ac0;  1 drivers
v000001aad1ddc350_0 .net *"_ivl_546", 31 0, L_000001aad1e18200;  1 drivers
v000001aad1ddbf90_0 .net *"_ivl_548", 10 0, L_000001aad1e18c00;  1 drivers
L_000001aad1e3b5e0 .functor BUFT 1, C4<000000>, C4<0>, C4<0>, C4<0>;
v000001aad1ddd390_0 .net *"_ivl_551", 5 0, L_000001aad1e3b5e0;  1 drivers
v000001aad1ddc990_0 .net *"_ivl_552", 13 0, L_000001aad1e18480;  1 drivers
L_000001aad1e3b628 .functor BUFT 1, C4<000>, C4<0>, C4<0>, C4<0>;
v000001aad1ddb270_0 .net *"_ivl_555", 2 0, L_000001aad1e3b628;  1 drivers
L_000001aad1e3b670 .functor BUFT 1, C4<00000000001000>, C4<0>, C4<0>, C4<0>;
v000001aad1ddb1d0_0 .net/2u *"_ivl_556", 13 0, L_000001aad1e3b670;  1 drivers
v000001aad1ddd6b0_0 .net *"_ivl_559", 13 0, L_000001aad1e18160;  1 drivers
v000001aad1ddd610_0 .net *"_ivl_560", 4 0, L_000001aad1e182a0;  1 drivers
L_000001aad1e3b6b8 .functor BUFT 1, C4<0>, C4<0>, C4<0>, C4<0>;
v000001aad1ddb9f0_0 .net *"_ivl_563", 0 0, L_000001aad1e3b6b8;  1 drivers
L_000001aad1e3b700 .functor BUFT 1, C4<0>, C4<0>, C4<0>, C4<0>;
v000001aad1ddcb70_0 .net *"_ivl_566", 0 0, L_000001aad1e3b700;  1 drivers
v000001aad1ddb130_0 .net *"_ivl_567", 14 0, L_000001aad1e1a500;  1 drivers
L_000001aad1e3b748 .functor BUFT 1, C4<0000000000>, C4<0>, C4<0>, C4<0>;
v000001aad1ddce90_0 .net *"_ivl_570", 9 0, L_000001aad1e3b748;  1 drivers
v000001aad1ddd750_0 .net *"_ivl_571", 14 0, L_000001aad1e192e0;  1 drivers
v000001aad1ddd250_0 .net *"_ivl_572", 14 0, L_000001aad1e1a280;  1 drivers
L_000001aad1e3b790 .functor BUFT 1, C4<10>, C4<0>, C4<0>, C4<0>;
v000001aad1ddb090_0 .net/2u *"_ivl_574", 1 0, L_000001aad1e3b790;  1 drivers
v000001aad1ddb450_0 .net *"_ivl_576", 0 0, L_000001aad1e1a320;  1 drivers
v000001aad1ddc0d0_0 .net *"_ivl_578", 31 0, L_000001aad1e187a0;  1 drivers
v000001aad1ddbd10_0 .net *"_ivl_58", 0 0, L_000001aad1cf0ec0;  1 drivers
v000001aad1ddb310_0 .net *"_ivl_580", 10 0, L_000001aad1e19380;  1 drivers
L_000001aad1e3b7d8 .functor BUFT 1, C4<000000>, C4<0>, C4<0>, C4<0>;
v000001aad1ddc210_0 .net *"_ivl_583", 5 0, L_000001aad1e3b7d8;  1 drivers
v000001aad1ddcd50_0 .net *"_ivl_584", 13 0, L_000001aad1e1a5a0;  1 drivers
L_000001aad1e3b820 .functor BUFT 1, C4<000>, C4<0>, C4<0>, C4<0>;
v000001aad1ddcc10_0 .net *"_ivl_587", 2 0, L_000001aad1e3b820;  1 drivers
L_000001aad1e3b868 .functor BUFT 1, C4<00000000001000>, C4<0>, C4<0>, C4<0>;
v000001aad1ddccb0_0 .net/2u *"_ivl_588", 13 0, L_000001aad1e3b868;  1 drivers
v000001aad1ddd4d0_0 .net *"_ivl_591", 13 0, L_000001aad1e18840;  1 drivers
v000001aad1ddb4f0_0 .net *"_ivl_592", 4 0, L_000001aad1e1a0a0;  1 drivers
L_000001aad1e3b8b0 .functor BUFT 1, C4<0>, C4<0>, C4<0>, C4<0>;
v000001aad1ddcdf0_0 .net *"_ivl_595", 0 0, L_000001aad1e3b8b0;  1 drivers
L_000001aad1e3b8f8 .functor BUFT 1, C4<0>, C4<0>, C4<0>, C4<0>;
v000001aad1ddb950_0 .net *"_ivl_598", 0 0, L_000001aad1e3b8f8;  1 drivers
v000001aad1ddc670_0 .net *"_ivl_599", 14 0, L_000001aad1e199c0;  1 drivers
v000001aad1ddbb30_0 .net *"_ivl_60", 0 0, L_000001aad1cf0750;  1 drivers
L_000001aad1e3b940 .functor BUFT 1, C4<0000000000>, C4<0>, C4<0>, C4<0>;
v000001aad1ddd430_0 .net *"_ivl_602", 9 0, L_000001aad1e3b940;  1 drivers
v000001aad1ddd570_0 .net *"_ivl_603", 14 0, L_000001aad1e19ce0;  1 drivers
v000001aad1ddd7f0_0 .net *"_ivl_604", 14 0, L_000001aad1e18980;  1 drivers
v000001aad1ddb630_0 .net *"_ivl_606", 31 0, L_000001aad1e19d80;  1 drivers
v000001aad1ddc710_0 .net *"_ivl_608", 10 0, L_000001aad1e19a60;  1 drivers
L_000001aad1e3b988 .functor BUFT 1, C4<000000>, C4<0>, C4<0>, C4<0>;
v000001aad1ddcf30_0 .net *"_ivl_611", 5 0, L_000001aad1e3b988;  1 drivers
v000001aad1ddcfd0_0 .net *"_ivl_612", 13 0, L_000001aad1e194c0;  1 drivers
L_000001aad1e3b9d0 .functor BUFT 1, C4<000>, C4<0>, C4<0>, C4<0>;
v000001aad1ddc170_0 .net *"_ivl_615", 2 0, L_000001aad1e3b9d0;  1 drivers
L_000001aad1e3ba18 .functor BUFT 1, C4<00000000001000>, C4<0>, C4<0>, C4<0>;
v000001aad1ddc8f0_0 .net/2u *"_ivl_616", 13 0, L_000001aad1e3ba18;  1 drivers
v000001aad1ddb590_0 .net *"_ivl_619", 13 0, L_000001aad1e19060;  1 drivers
v000001aad1ddd070_0 .net *"_ivl_620", 4 0, L_000001aad1e1a3c0;  1 drivers
L_000001aad1e3ba60 .functor BUFT 1, C4<0>, C4<0>, C4<0>, C4<0>;
v000001aad1ddc2b0_0 .net *"_ivl_623", 0 0, L_000001aad1e3ba60;  1 drivers
L_000001aad1e3baa8 .functor BUFT 1, C4<0>, C4<0>, C4<0>, C4<0>;
v000001aad1ddd110_0 .net *"_ivl_626", 0 0, L_000001aad1e3baa8;  1 drivers
v000001aad1ddc7b0_0 .net *"_ivl_627", 14 0, L_000001aad1e18a20;  1 drivers
L_000001aad1e3baf0 .functor BUFT 1, C4<0000000000>, C4<0>, C4<0>, C4<0>;
v000001aad1ddbbd0_0 .net *"_ivl_630", 9 0, L_000001aad1e3baf0;  1 drivers
v000001aad1ddb810_0 .net *"_ivl_631", 14 0, L_000001aad1e19ba0;  1 drivers
v000001aad1ddd1b0_0 .net *"_ivl_632", 14 0, L_000001aad1e19560;  1 drivers
v000001aad1ddc3f0_0 .net *"_ivl_634", 31 0, L_000001aad1e18340;  1 drivers
v000001aad1ddb6d0_0 .net *"_ivl_636", 31 0, L_000001aad1e19c40;  1 drivers
L_000001aad1e3a1a0 .functor BUFT 1, C4<11>, C4<0>, C4<0>, C4<0>;
v000001aad1ddb3b0_0 .net/2u *"_ivl_64", 1 0, L_000001aad1e3a1a0;  1 drivers
v000001aad1ddbc70_0 .net *"_ivl_641", 0 0, L_000001aad1e18520;  1 drivers
v000001aad1ddbdb0_0 .net *"_ivl_642", 7 0, L_000001aad1e180c0;  1 drivers
v000001aad1ddbe50_0 .net *"_ivl_645", 0 0, L_000001aad1e19e20;  1 drivers
v000001aad1ddca30_0 .net *"_ivl_646", 7 0, L_000001aad1e18ca0;  1 drivers
v000001aad1ddc490_0 .net *"_ivl_649", 0 0, L_000001aad1e18f20;  1 drivers
v000001aad1ddbef0_0 .net *"_ivl_650", 7 0, L_000001aad1e185c0;  1 drivers
v000001aad1ddc530_0 .net *"_ivl_653", 0 0, L_000001aad1e19600;  1 drivers
v000001aad1ddc030_0 .net *"_ivl_654", 7 0, L_000001aad1e1a460;  1 drivers
v000001aad1ddc5d0_0 .net *"_ivl_658", 31 0, L_000001aad1cf27b0;  1 drivers
L_000001aad1e3a1e8 .functor BUFT 1, C4<10>, C4<0>, C4<0>, C4<0>;
v000001aad1ddc850_0 .net/2u *"_ivl_66", 1 0, L_000001aad1e3a1e8;  1 drivers
v000001aad1df4710_0 .net *"_ivl_660", 31 0, L_000001aad1cf1e80;  1 drivers
v000001aad1df5930_0 .net *"_ivl_662", 31 0, L_000001aad1cf2740;  1 drivers
L_000001aad1e3bb80 .functor BUFT 1, C4<0>, C4<0>, C4<0>, C4<0>;
v000001aad1df5610_0 .net/2u *"_ivl_668", 0 0, L_000001aad1e3bb80;  1 drivers
v000001aad1df3b30_0 .net *"_ivl_671", 2 0, L_000001aad1e19240;  1 drivers
v000001aad1df3a90_0 .net *"_ivl_673", 2 0, L_000001aad1e188e0;  1 drivers
v000001aad1df4e90_0 .net *"_ivl_674", 2 0, L_000001aad1e1a6e0;  1 drivers
L_000001aad1e3a230 .functor BUFT 1, C4<01>, C4<0>, C4<0>, C4<0>;
v000001aad1df47b0_0 .net/2u *"_ivl_68", 1 0, L_000001aad1e3a230;  1 drivers
L_000001aad1e3bc10 .functor BUFT 1, C4<00>, C4<0>, C4<0>, C4<0>;
v000001aad1df54d0_0 .net/2u *"_ivl_680", 1 0, L_000001aad1e3bc10;  1 drivers
v000001aad1df5570_0 .net *"_ivl_682", 0 0, L_000001aad1e18660;  1 drivers
v000001aad1df4c10_0 .net *"_ivl_684", 31 0, L_000001aad1e1a780;  1 drivers
v000001aad1df5750_0 .net *"_ivl_686", 10 0, L_000001aad1e197e0;  1 drivers
L_000001aad1e3bc58 .functor BUFT 1, C4<000000>, C4<0>, C4<0>, C4<0>;
v000001aad1df3f90_0 .net *"_ivl_689", 5 0, L_000001aad1e3bc58;  1 drivers
v000001aad1df4990_0 .net *"_ivl_690", 13 0, L_000001aad1e1a820;  1 drivers
L_000001aad1e3bca0 .functor BUFT 1, C4<000>, C4<0>, C4<0>, C4<0>;
v000001aad1df4170_0 .net *"_ivl_693", 2 0, L_000001aad1e3bca0;  1 drivers
L_000001aad1e3bce8 .functor BUFT 1, C4<00000000001000>, C4<0>, C4<0>, C4<0>;
v000001aad1df43f0_0 .net/2u *"_ivl_694", 13 0, L_000001aad1e3bce8;  1 drivers
v000001aad1df4df0_0 .net *"_ivl_697", 13 0, L_000001aad1e191a0;  1 drivers
v000001aad1df56b0_0 .net *"_ivl_698", 4 0, L_000001aad1e18700;  1 drivers
v000001aad1df4b70_0 .net *"_ivl_7", 2 0, L_000001aad1e31b60;  1 drivers
L_000001aad1e3a278 .functor BUFT 1, C4<00>, C4<0>, C4<0>, C4<0>;
v000001aad1df4670_0 .net/2u *"_ivl_70", 1 0, L_000001aad1e3a278;  1 drivers
L_000001aad1e3bd30 .functor BUFT 1, C4<0>, C4<0>, C4<0>, C4<0>;
v000001aad1df57f0_0 .net *"_ivl_701", 0 0, L_000001aad1e3bd30;  1 drivers
L_000001aad1e3bd78 .functor BUFT 1, C4<0>, C4<0>, C4<0>, C4<0>;
v000001aad1df4cb0_0 .net *"_ivl_704", 0 0, L_000001aad1e3bd78;  1 drivers
v000001aad1df52f0_0 .net *"_ivl_705", 14 0, L_000001aad1e18d40;  1 drivers
L_000001aad1e3bdc0 .functor BUFT 1, C4<0000000000>, C4<0>, C4<0>, C4<0>;
v000001aad1df4210_0 .net *"_ivl_708", 9 0, L_000001aad1e3bdc0;  1 drivers
v000001aad1df3bd0_0 .net *"_ivl_709", 14 0, L_000001aad1e19740;  1 drivers
v000001aad1df4f30_0 .net *"_ivl_710", 14 0, L_000001aad1e18de0;  1 drivers
L_000001aad1e3be08 .functor BUFT 1, C4<01>, C4<0>, C4<0>, C4<0>;
v000001aad1df38b0_0 .net/2u *"_ivl_712", 1 0, L_000001aad1e3be08;  1 drivers
v000001aad1df3950_0 .net *"_ivl_714", 0 0, L_000001aad1e18e80;  1 drivers
v000001aad1df5890_0 .net *"_ivl_716", 31 0, L_000001aad1e18fc0;  1 drivers
v000001aad1df4d50_0 .net *"_ivl_718", 10 0, L_000001aad1e19100;  1 drivers
v000001aad1df4850_0 .net *"_ivl_72", 1 0, L_000001aad1e32060;  1 drivers
L_000001aad1e3be50 .functor BUFT 1, C4<000000>, C4<0>, C4<0>, C4<0>;
v000001aad1df5ed0_0 .net *"_ivl_721", 5 0, L_000001aad1e3be50;  1 drivers
v000001aad1df45d0_0 .net *"_ivl_722", 13 0, L_000001aad1e19880;  1 drivers
L_000001aad1e3be98 .functor BUFT 1, C4<000>, C4<0>, C4<0>, C4<0>;
v000001aad1df59d0_0 .net *"_ivl_725", 2 0, L_000001aad1e3be98;  1 drivers
L_000001aad1e3bee0 .functor BUFT 1, C4<00000000001000>, C4<0>, C4<0>, C4<0>;
v000001aad1df48f0_0 .net/2u *"_ivl_726", 13 0, L_000001aad1e3bee0;  1 drivers
v000001aad1df5f70_0 .net *"_ivl_729", 13 0, L_000001aad1e1abe0;  1 drivers
v000001aad1df42b0_0 .net *"_ivl_730", 4 0, L_000001aad1e1af00;  1 drivers
L_000001aad1e3bf28 .functor BUFT 1, C4<0>, C4<0>, C4<0>, C4<0>;
v000001aad1df40d0_0 .net *"_ivl_733", 0 0, L_000001aad1e3bf28;  1 drivers
L_000001aad1e3bf70 .functor BUFT 1, C4<0>, C4<0>, C4<0>, C4<0>;
v000001aad1df4030_0 .net *"_ivl_736", 0 0, L_000001aad1e3bf70;  1 drivers
v000001aad1df5a70_0 .net *"_ivl_737", 14 0, L_000001aad1e1c120;  1 drivers
v000001aad1df4fd0_0 .net *"_ivl_74", 1 0, L_000001aad1e321a0;  1 drivers
L_000001aad1e3bfb8 .functor BUFT 1, C4<0000000000>, C4<0>, C4<0>, C4<0>;
v000001aad1df5070_0 .net *"_ivl_740", 9 0, L_000001aad1e3bfb8;  1 drivers
v000001aad1df4350_0 .net *"_ivl_741", 14 0, L_000001aad1e1ac80;  1 drivers
v000001aad1df6010_0 .net *"_ivl_742", 14 0, L_000001aad1e1b860;  1 drivers
L_000001aad1e3c000 .functor BUFT 1, C4<10>, C4<0>, C4<0>, C4<0>;
v000001aad1df4490_0 .net/2u *"_ivl_744", 1 0, L_000001aad1e3c000;  1 drivers
v000001aad1df39f0_0 .net *"_ivl_746", 0 0, L_000001aad1e1c9e0;  1 drivers
v000001aad1df5e30_0 .net *"_ivl_748", 31 0, L_000001aad1e1b220;  1 drivers
v000001aad1df4530_0 .net *"_ivl_750", 10 0, L_000001aad1e1cee0;  1 drivers
L_000001aad1e3c048 .functor BUFT 1, C4<000000>, C4<0>, C4<0>, C4<0>;
v000001aad1df5390_0 .net *"_ivl_753", 5 0, L_000001aad1e3c048;  1 drivers
v000001aad1df3c70_0 .net *"_ivl_754", 13 0, L_000001aad1e1afa0;  1 drivers
L_000001aad1e3c090 .functor BUFT 1, C4<000>, C4<0>, C4<0>, C4<0>;
v000001aad1df5b10_0 .net *"_ivl_757", 2 0, L_000001aad1e3c090;  1 drivers
L_000001aad1e3c0d8 .functor BUFT 1, C4<00000000001000>, C4<0>, C4<0>, C4<0>;
v000001aad1df3d10_0 .net/2u *"_ivl_758", 13 0, L_000001aad1e3c0d8;  1 drivers
v000001aad1df5bb0_0 .net *"_ivl_761", 13 0, L_000001aad1e1b7c0;  1 drivers
v000001aad1df3db0_0 .net *"_ivl_762", 4 0, L_000001aad1e1c080;  1 drivers
L_000001aad1e3c120 .functor BUFT 1, C4<0>, C4<0>, C4<0>, C4<0>;
v000001aad1df3e50_0 .net *"_ivl_765", 0 0, L_000001aad1e3c120;  1 drivers
L_000001aad1e3c168 .functor BUFT 1, C4<0>, C4<0>, C4<0>, C4<0>;
v000001aad1df4a30_0 .net *"_ivl_768", 0 0, L_000001aad1e3c168;  1 drivers
v000001aad1df4ad0_0 .net *"_ivl_769", 14 0, L_000001aad1e1aaa0;  1 drivers
L_000001aad1e3c1b0 .functor BUFT 1, C4<0000000000>, C4<0>, C4<0>, C4<0>;
v000001aad1df3ef0_0 .net *"_ivl_772", 9 0, L_000001aad1e3c1b0;  1 drivers
v000001aad1df5c50_0 .net *"_ivl_773", 14 0, L_000001aad1e1cf80;  1 drivers
v000001aad1df5110_0 .net *"_ivl_774", 14 0, L_000001aad1e1cbc0;  1 drivers
v000001aad1df5cf0_0 .net *"_ivl_776", 31 0, L_000001aad1e1bc20;  1 drivers
v000001aad1df51b0_0 .net *"_ivl_778", 10 0, L_000001aad1e1c580;  1 drivers
v000001aad1df5250_0 .net *"_ivl_78", 31 0, L_000001aad1e32560;  1 drivers
L_000001aad1e3c1f8 .functor BUFT 1, C4<000000>, C4<0>, C4<0>, C4<0>;
v000001aad1df5d90_0 .net *"_ivl_781", 5 0, L_000001aad1e3c1f8;  1 drivers
v000001aad1df5430_0 .net *"_ivl_782", 13 0, L_000001aad1e1ba40;  1 drivers
L_000001aad1e3c240 .functor BUFT 1, C4<000>, C4<0>, C4<0>, C4<0>;
v000001aad1df75f0_0 .net *"_ivl_785", 2 0, L_000001aad1e3c240;  1 drivers
L_000001aad1e3c288 .functor BUFT 1, C4<00000000001000>, C4<0>, C4<0>, C4<0>;
v000001aad1df7eb0_0 .net/2u *"_ivl_786", 13 0, L_000001aad1e3c288;  1 drivers
v000001aad1df7690_0 .net *"_ivl_789", 13 0, L_000001aad1e1ad20;  1 drivers
v000001aad1df61f0_0 .net *"_ivl_790", 4 0, L_000001aad1e1bd60;  1 drivers
L_000001aad1e3c2d0 .functor BUFT 1, C4<0>, C4<0>, C4<0>, C4<0>;
v000001aad1df8270_0 .net *"_ivl_793", 0 0, L_000001aad1e3c2d0;  1 drivers
L_000001aad1e3c318 .functor BUFT 1, C4<0>, C4<0>, C4<0>, C4<0>;
v000001aad1df7e10_0 .net *"_ivl_796", 0 0, L_000001aad1e3c318;  1 drivers
v000001aad1df6dd0_0 .net *"_ivl_797", 14 0, L_000001aad1e1ab40;  1 drivers
v000001aad1df63d0_0 .net *"_ivl_80", 10 0, L_000001aad1e326a0;  1 drivers
L_000001aad1e3c360 .functor BUFT 1, C4<0000000000>, C4<0>, C4<0>, C4<0>;
v000001aad1df6e70_0 .net *"_ivl_800", 9 0, L_000001aad1e3c360;  1 drivers
v000001aad1df7410_0 .net *"_ivl_801", 14 0, L_000001aad1e1b2c0;  1 drivers
v000001aad1df6f10_0 .net *"_ivl_802", 14 0, L_000001aad1e1bfe0;  1 drivers
v000001aad1df7730_0 .net *"_ivl_804", 31 0, L_000001aad1e1adc0;  1 drivers
v000001aad1df68d0_0 .net *"_ivl_806", 31 0, L_000001aad1e1b0e0;  1 drivers
v000001aad1df7f50_0 .net *"_ivl_810", 0 0, L_000001aad1cf2cf0;  1 drivers
v000001aad1df7a50_0 .net *"_ivl_812", 0 0, L_000001aad1cf2b30;  1 drivers
v000001aad1df6290_0 .net *"_ivl_814", 0 0, L_000001aad1cf2430;  1 drivers
v000001aad1df6ab0_0 .net *"_ivl_816", 0 0, L_000001aad1cf1e10;  1 drivers
v000001aad1df7230_0 .net *"_ivl_818", 0 0, L_000001aad1cf2040;  1 drivers
v000001aad1df6330_0 .net *"_ivl_822", 0 0, L_000001aad1cf2820;  1 drivers
v000001aad1df6b50_0 .net *"_ivl_826", 0 0, L_000001aad1cf2350;  1 drivers
L_000001aad1e3a2c0 .functor BUFT 1, C4<000000>, C4<0>, C4<0>, C4<0>;
v000001aad1df6470_0 .net *"_ivl_83", 5 0, L_000001aad1e3a2c0;  1 drivers
L_000001aad1e3c3a8 .functor BUFT 1, C4<00>, C4<0>, C4<0>, C4<0>;
v000001aad1df8450_0 .net/2u *"_ivl_830", 1 0, L_000001aad1e3c3a8;  1 drivers
v000001aad1df74b0_0 .net *"_ivl_832", 0 0, L_000001aad1e1ca80;  1 drivers
v000001aad1df6150_0 .net *"_ivl_834", 0 0, L_000001aad1cf2900;  1 drivers
v000001aad1df7d70_0 .net *"_ivl_836", 0 0, L_000001aad1cf23c0;  1 drivers
v000001aad1df6510_0 .net *"_ivl_84", 13 0, L_000001aad1e33be0;  1 drivers
L_000001aad1e3c3f0 .functor BUFT 1, C4<01>, C4<0>, C4<0>, C4<0>;
v000001aad1df7910_0 .net/2u *"_ivl_840", 1 0, L_000001aad1e3c3f0;  1 drivers
v000001aad1df7370_0 .net *"_ivl_842", 0 0, L_000001aad1e1b400;  1 drivers
v000001aad1df8130_0 .net *"_ivl_844", 0 0, L_000001aad1cf2eb0;  1 drivers
v000001aad1df77d0_0 .net *"_ivl_846", 0 0, L_000001aad1cf2660;  1 drivers
L_000001aad1e3c438 .functor BUFT 1, C4<00>, C4<0>, C4<0>, C4<0>;
v000001aad1df8590_0 .net/2u *"_ivl_850", 1 0, L_000001aad1e3c438;  1 drivers
v000001aad1df79b0_0 .net *"_ivl_852", 0 0, L_000001aad1e1bcc0;  1 drivers
L_000001aad1e3c480 .functor BUFT 1, C4<000000>, C4<0>, C4<0>, C4<0>;
v000001aad1df65b0_0 .net/2u *"_ivl_854", 5 0, L_000001aad1e3c480;  1 drivers
v000001aad1df83b0_0 .net *"_ivl_856", 0 0, L_000001aad1e1b4a0;  1 drivers
v000001aad1df7ff0_0 .net *"_ivl_858", 0 0, L_000001aad1cf16a0;  1 drivers
v000001aad1df7af0_0 .net *"_ivl_860", 0 0, L_000001aad1cf2f20;  1 drivers
v000001aad1df7cd0_0 .net *"_ivl_862", 0 0, L_000001aad1cf2f90;  1 drivers
L_000001aad1e3c4c8 .functor BUFT 1, C4<100000>, C4<0>, C4<0>, C4<0>;
v000001aad1df8090_0 .net/2u *"_ivl_866", 5 0, L_000001aad1e3c4c8;  1 drivers
v000001aad1df7b90_0 .net *"_ivl_868", 0 0, L_000001aad1e1cb20;  1 drivers
L_000001aad1e3a308 .functor BUFT 1, C4<000>, C4<0>, C4<0>, C4<0>;
v000001aad1df6fb0_0 .net *"_ivl_87", 2 0, L_000001aad1e3a308;  1 drivers
L_000001aad1e3c510 .functor BUFT 1, C4<00>, C4<0>, C4<0>, C4<0>;
v000001aad1df6650_0 .net/2u *"_ivl_872", 1 0, L_000001aad1e3c510;  1 drivers
v000001aad1df8310_0 .net *"_ivl_874", 0 0, L_000001aad1e1b180;  1 drivers
v000001aad1df81d0_0 .net *"_ivl_876", 0 0, L_000001aad1cf1be0;  1 drivers
v000001aad1df7870_0 .net *"_ivl_878", 0 0, L_000001aad1cf14e0;  1 drivers
L_000001aad1e3a350 .functor BUFT 1, C4<00000000001000>, C4<0>, C4<0>, C4<0>;
v000001aad1df84f0_0 .net/2u *"_ivl_88", 13 0, L_000001aad1e3a350;  1 drivers
v000001aad1df7550_0 .net *"_ivl_880", 0 0, L_000001aad1cf26d0;  1 drivers
v000001aad1df7050_0 .net *"_ivl_882", 0 0, L_000001aad1cf1710;  1 drivers
L_000001aad1e3c558 .functor BUFT 1, C4<00>, C4<0>, C4<0>, C4<0>;
v000001aad1df86d0_0 .net/2u *"_ivl_886", 1 0, L_000001aad1e3c558;  1 drivers
v000001aad1df70f0_0 .net *"_ivl_888", 0 0, L_000001aad1e1a960;  1 drivers
v000001aad1df8630_0 .net *"_ivl_890", 0 0, L_000001aad1cf1860;  1 drivers
v000001aad1df8770_0 .net *"_ivl_892", 0 0, L_000001aad1cf18d0;  1 drivers
v000001aad1df7c30_0 .net *"_ivl_894", 0 0, L_000001aad1cf1940;  1 drivers
v000001aad1df66f0_0 .net *"_ivl_896", 0 0, L_000001aad1cf1a20;  1 drivers
v000001aad1df8810_0 .net *"_ivl_898", 0 0, L_000001aad1cf1b00;  1 drivers
L_000001aad1e3c5a0 .functor BUFT 1, C4<10>, C4<0>, C4<0>, C4<0>;
v000001aad1df60b0_0 .net/2u *"_ivl_902", 1 0, L_000001aad1e3c5a0;  1 drivers
v000001aad1df6790_0 .net *"_ivl_904", 0 0, L_000001aad1e1b540;  1 drivers
L_000001aad1e3c5e8 .functor BUFT 1, C4<01>, C4<0>, C4<0>, C4<0>;
v000001aad1df6830_0 .net/2u *"_ivl_908", 1 0, L_000001aad1e3c5e8;  1 drivers
v000001aad1df6970_0 .net *"_ivl_91", 13 0, L_000001aad1e36020;  1 drivers
v000001aad1df6a10_0 .net *"_ivl_910", 0 0, L_000001aad1e1b5e0;  1 drivers
v000001aad1df6bf0_0 .net *"_ivl_912", 0 0, L_000001aad1cf1ef0;  1 drivers
v000001aad1df6c90_0 .net *"_ivl_914", 0 0, L_000001aad1cf1f60;  1 drivers
L_000001aad1e3c630 .functor BUFT 1, C4<01>, C4<0>, C4<0>, C4<0>;
v000001aad1df6d30_0 .net/2u *"_ivl_918", 1 0, L_000001aad1e3c630;  1 drivers
v000001aad1df7190_0 .net *"_ivl_92", 4 0, L_000001aad1e35940;  1 drivers
v000001aad1df72d0_0 .net *"_ivl_920", 0 0, L_000001aad1e1b680;  1 drivers
v000001aad1df9210_0 .net *"_ivl_922", 0 0, L_000001aad1cf45e0;  1 drivers
L_000001aad1e3c678 .functor BUFT 1, C4<01>, C4<0>, C4<0>, C4<0>;
v000001aad1dfa390_0 .net/2u *"_ivl_932", 1 0, L_000001aad1e3c678;  1 drivers
v000001aad1df8950_0 .net *"_ivl_934", 0 0, L_000001aad1e1b9a0;  1 drivers
v000001aad1dfa570_0 .net *"_ivl_936", 31 0, L_000001aad1e1c1c0;  1 drivers
v000001aad1df9490_0 .net *"_ivl_938", 6 0, L_000001aad1e1ae60;  1 drivers
L_000001aad1e3c6c0 .functor BUFT 1, C4<00>, C4<0>, C4<0>, C4<0>;
v000001aad1df9a30_0 .net *"_ivl_941", 1 0, L_000001aad1e3c6c0;  1 drivers
L_000001aad1e3c708 .functor BUFT 1, C4<00000000000000000000000000000000>, C4<0>, C4<0>, C4<0>;
v000001aad1df9710_0 .net/2u *"_ivl_942", 31 0, L_000001aad1e3c708;  1 drivers
v000001aad1df8d10_0 .net *"_ivl_944", 31 0, L_000001aad1e1c260;  1 drivers
L_000001aad1e3a398 .functor BUFT 1, C4<0>, C4<0>, C4<0>, C4<0>;
v000001aad1df98f0_0 .net *"_ivl_95", 0 0, L_000001aad1e3a398;  1 drivers
v000001aad1df9530_0 .net *"_ivl_952", 31 0, L_000001aad1e1be00;  1 drivers
v000001aad1df89f0_0 .net *"_ivl_954", 6 0, L_000001aad1e1bae0;  1 drivers
L_000001aad1e3c750 .functor BUFT 1, C4<00>, C4<0>, C4<0>, C4<0>;
v000001aad1df9ad0_0 .net *"_ivl_957", 1 0, L_000001aad1e3c750;  1 drivers
L_000001aad1e3c798 .functor BUFT 1, C4<00000000000000000000000000000000>, C4<0>, C4<0>, C4<0>;
v000001aad1dfa610_0 .net/2u *"_ivl_958", 31 0, L_000001aad1e3c798;  1 drivers
v000001aad1dfa430_0 .net *"_ivl_962", 0 0, L_000001aad1e1c300;  1 drivers
v000001aad1df9cb0_0 .net *"_ivl_964", 0 0, L_000001aad1e1cd00;  1 drivers
L_000001aad1e3c7e0 .functor BUFT 1, C4<01>, C4<0>, C4<0>, C4<0>;
v000001aad1df9fd0_0 .net/2u *"_ivl_968", 1 0, L_000001aad1e3c7e0;  1 drivers
v000001aad1df9670_0 .net *"_ivl_970", 0 0, L_000001aad1e1cc60;  1 drivers
v000001aad1df8db0_0 .net *"_ivl_972", 0 0, L_000001aad1cf34d0;  1 drivers
v000001aad1dfa2f0_0 .net *"_ivl_974", 0 0, L_000001aad1cf3310;  1 drivers
L_000001aad1e3c828 .functor BUFT 1, C4<10>, C4<0>, C4<0>, C4<0>;
v000001aad1df90d0_0 .net/2u *"_ivl_976", 1 0, L_000001aad1e3c828;  1 drivers
v000001aad1df9e90_0 .net *"_ivl_978", 0 0, L_000001aad1e1bea0;  1 drivers
L_000001aad1e3a3e0 .functor BUFT 1, C4<0>, C4<0>, C4<0>, C4<0>;
v000001aad1df9350_0 .net *"_ivl_98", 0 0, L_000001aad1e3a3e0;  1 drivers
v000001aad1df93f0_0 .net *"_ivl_980", 0 0, L_000001aad1cf3a10;  1 drivers
L_000001aad1e3c870 .functor BUFT 1, C4<01>, C4<0>, C4<0>, C4<0>;
v000001aad1dfa9d0_0 .net/2u *"_ivl_982", 1 0, L_000001aad1e3c870;  1 drivers
v000001aad1df9b70_0 .net *"_ivl_984", 0 0, L_000001aad1e1bb80;  1 drivers
v000001aad1dfa6b0_0 .net *"_ivl_986", 0 0, L_000001aad1cf4650;  1 drivers
v000001aad1df95d0_0 .net *"_ivl_988", 0 0, L_000001aad1cf46c0;  1 drivers
v000001aad1df8bd0_0 .net *"_ivl_99", 14 0, L_000001aad1e349a0;  1 drivers
v000001aad1df97b0_0 .net *"_ivl_990", 0 0, L_000001aad1cf4b20;  1 drivers
v000001aad1df9c10_0 .net *"_ivl_992", 0 0, L_000001aad1cf31c0;  1 drivers
v000001aad1df9850_0 .net *"_ivl_994", 0 0, L_000001aad1cf3e70;  1 drivers
v000001aad1df9f30_0 .net *"_ivl_996", 0 0, L_000001aad1cf3d20;  1 drivers
v000001aad1df9170_0 .net *"_ivl_998", 0 0, L_000001aad1cf4500;  1 drivers
v000001aad1dfa750_0 .var "chained_pending_cur", 0 0;
v000001aad1df9990_0 .net "cpu_miss_req_cur", 0 0, L_000001aad1cf2580;  1 drivers
v000001aad1df8e50 .array "datas0", 255 0, 31 0;
v000001aad1df8a90 .array "datas1", 255 0, 31 0;
v000001aad1dfa070 .array "datas2", 255 0, 31 0;
v000001aad1dfad90 .array "datas3", 255 0, 31 0;
v000001aad1df9d50_0 .var "early_restart_data_cur", 31 0;
v000001aad1df8b30_0 .net "early_restart_match_cur", 0 0, L_000001aad1e3bb38;  1 drivers
v000001aad1dfaa70_0 .var "early_restart_valid_cur", 0 0;
v000001aad1dfae30_0 .net "hit", 0 0, L_000001aad1cf0130;  1 drivers
v000001aad1df8c70_0 .net "hit_rword", 31 0, L_000001aad1e359e0;  1 drivers
v000001aad1dfac50_0 .net "hit_way", 1 0, L_000001aad1e32420;  1 drivers
v000001aad1df9df0_0 .net "i_clk", 0 0, v000001aad1e2fae0_0;  alias, 1 drivers
v000001aad1dfa7f0_0 .net "i_mem_rdata", 31 0, L_000001aad1efaee0;  alias, 1 drivers
v000001aad1df8ef0_0 .net "i_mem_ready", 0 0, L_000001aad1efaf50;  alias, 1 drivers
v000001aad1dfa1b0_0 .net "i_mem_valid", 0 0, L_000001aad1efa620;  alias, 1 drivers
v000001aad1df8f90_0 .net "i_req_addr", 31 0, L_000001aad1ea9cf0;  alias, 1 drivers
L_000001aad1e3c948 .functor BUFT 1, C4<1111>, C4<0>, C4<0>, C4<0>;
v000001aad1dfa110_0 .net "i_req_mask", 3 0, L_000001aad1e3c948;  1 drivers
v000001aad1dfa250_0 .net "i_req_ren", 0 0, L_000001aad1ed0d50;  alias, 1 drivers
v000001aad1dfa930_0 .net "i_req_wdata", 31 0, L_000001aad1e3c990;  1 drivers
v000001aad1dfa4d0_0 .net "i_req_wen", 0 0, L_000001aad1e3c900;  1 drivers
v000001aad1dfa890_0 .net "i_rst", 0 0, v000001aad1e32e20_0;  alias, 1 drivers
v000001aad1dfaed0_0 .net "merged_write_word", 31 0, L_000001aad1cf2ba0;  1 drivers
v000001aad1dfab10_0 .net "miss_byte_mask", 31 0, L_000001aad1e1a640;  1 drivers
v000001aad1dfabb0_0 .var "miss_is_prefetch_cur", 0 0;
v000001aad1dfacf0_0 .var "miss_is_write_cur", 0 0;
v000001aad1dfaf70_0 .net "miss_line_addr", 31 0, L_000001aad1e36de0;  1 drivers
v000001aad1dfb010_0 .var "miss_mask_cur", 3 0;
v000001aad1df88b0_0 .net "miss_merged_write_word", 31 0, L_000001aad1cf2ac0;  1 drivers
v000001aad1df9030_0 .var "miss_set_cur", 4 0;
v000001aad1df92b0_0 .var "miss_tag_cur", 21 0;
v000001aad1dfbe70_0 .var "miss_way_cur", 1 0;
v000001aad1dfbdd0_0 .net "miss_way_rword", 31 0, L_000001aad1e183e0;  1 drivers
v000001aad1dfbbf0_0 .var "miss_wdata_cur", 31 0;
v000001aad1dfb510_0 .net "miss_word_addr", 31 0, L_000001aad1cf2970;  1 drivers
v000001aad1dfb790_0 .var "miss_word_cur", 3 0;
v000001aad1dfbc90_0 .net "next_line_addr", 31 0, L_000001aad1e37ec0;  1 drivers
v000001aad1dfb330_0 .net "next_line_hit", 0 0, L_000001aad1cf1a90;  1 drivers
v000001aad1dfbd30_0 .net "next_line_set", 4 0, L_000001aad1e37420;  1 drivers
v000001aad1dfb830_0 .net "next_line_tag", 21 0, L_000001aad1e36c00;  1 drivers
v000001aad1dfb290_0 .net "next_victim_way", 1 0, L_000001aad1e36840;  1 drivers
v000001aad1dfbf10_0 .net "next_way0_valid", 0 0, L_000001aad1e36b60;  1 drivers
v000001aad1dfb150_0 .net "next_way1_valid", 0 0, L_000001aad1e37740;  1 drivers
v000001aad1dfb1f0_0 .net "next_way2_valid", 0 0, L_000001aad1e36ca0;  1 drivers
v000001aad1dfb6f0_0 .net "next_way3_valid", 0 0, L_000001aad1e372e0;  1 drivers
v000001aad1dfb8d0_0 .net "o_busy", 0 0, L_000001aad1cf38c0;  alias, 1 drivers
v000001aad1dfb0b0_0 .net "o_mem_addr", 31 0, L_000001aad1e1bf40;  alias, 1 drivers
v000001aad1dfb3d0_0 .net "o_mem_ren", 0 0, L_000001aad1cf3620;  alias, 1 drivers
v000001aad1dfb470_0 .net "o_mem_wdata", 31 0, L_000001aad1e1c620;  alias, 1 drivers
v000001aad1dfb5b0_0 .net "o_mem_wen", 0 0, L_000001aad1cf3850;  alias, 1 drivers
v000001aad1dfb650_0 .net "o_res_rdata", 31 0, L_000001aad1efb1f0;  alias, 1 drivers
v000001aad1dfb970_0 .net "pending_hit", 0 0, L_000001aad1cf19b0;  1 drivers
v000001aad1dfba10_0 .net "pending_hit_way", 1 0, L_000001aad1e33e60;  1 drivers
v000001aad1dfbab0_0 .var "pending_is_write_cur", 0 0;
v000001aad1dfbb50_0 .var "pending_mask_cur", 3 0;
v000001aad1ded910_0 .net "pending_needs_refill", 0 0, L_000001aad1cf2890;  1 drivers
v000001aad1dec150_0 .var "pending_req_cur", 0 0;
v000001aad1ded190_0 .var "pending_set_cur", 4 0;
v000001aad1dede10_0 .var "pending_tag_cur", 21 0;
v000001aad1dedaf0_0 .net "pending_victim_way", 1 0, L_000001aad1e371a0;  1 drivers
v000001aad1dedcd0_0 .net "pending_way0_hit", 0 0, L_000001aad1cef8e0;  1 drivers
v000001aad1ded230_0 .net "pending_way1_hit", 0 0, L_000001aad1cf0d00;  1 drivers
v000001aad1dec330_0 .net "pending_way2_hit", 0 0, L_000001aad1cf1160;  1 drivers
v000001aad1ded9b0_0 .net "pending_way3_hit", 0 0, L_000001aad1cf2a50;  1 drivers
v000001aad1dece70_0 .var "pending_wdata_cur", 31 0;
v000001aad1dec510_0 .var "pending_word_cur", 3 0;
v000001aad1dee310_0 .net "prefetch_cpu_miss_cur", 0 0, L_000001aad1cf33f0;  1 drivers
v000001aad1dedd70_0 .net "prefetch_cpu_write_cur", 0 0, L_000001aad1cf4960;  1 drivers
v000001aad1decdd0_0 .net "read_miss", 0 0, L_000001aad1cf24a0;  1 drivers
v000001aad1dec970_0 .net "refill_partial_data_cur", 31 0, L_000001aad1e1b360;  1 drivers
v000001aad1decd30_0 .net "refill_partial_hit_cur", 0 0, L_000001aad1e3bbc8;  1 drivers
v000001aad1dedb90_0 .var "refill_req_done_cur", 0 0;
v000001aad1dec790_0 .net "refill_req_fire_cur", 0 0, L_000001aad1cf2510;  1 drivers
v000001aad1dee1d0_0 .net "refill_req_word_abs", 3 0, L_000001aad1e36f20;  1 drivers
v000001aad1ded4b0_0 .var "refill_req_word_cur", 3 0;
v000001aad1dec6f0_0 .net "refill_rsp_word_abs", 3 0, L_000001aad1e37f60;  1 drivers
v000001aad1dedeb0_0 .var "refill_rsp_word_cur", 3 0;
v000001aad1deda50_0 .net "refill_word_addr", 31 0, L_000001aad1cf22e0;  1 drivers
v000001aad1dedc30 .array "repl_way", 0 31, 1 0;
v000001aad1dedf50_0 .net "req_byte_mask", 31 0, L_000001aad1e363e0;  1 drivers
v000001aad1decf10_0 .net "req_matches_rsp_cur", 0 0, L_000001aad1cf4ab0;  1 drivers
v000001aad1dee6d0_0 .net "req_set", 4 0, L_000001aad1e318e0;  1 drivers
v000001aad1decfb0_0 .net "req_tag", 21 0, L_000001aad1e330a0;  1 drivers
v000001aad1dedff0_0 .net "req_word", 3 0, L_000001aad1e335a0;  1 drivers
v000001aad1ded050_0 .net "req_word_pos_cur", 3 0, L_000001aad1e196a0;  1 drivers
v000001aad1dee770_0 .var "rsp_is_prefetch_cur", 0 0;
v000001aad1dec1f0_0 .var "rsp_is_write_cur", 0 0;
v000001aad1dec5b0_0 .var "rsp_mask_cur", 3 0;
v000001aad1dec830_0 .var "rsp_set_cur", 4 0;
v000001aad1decab0_0 .var "rsp_tag_cur", 21 0;
v000001aad1dee090_0 .var "rsp_way_cur", 1 0;
v000001aad1dec290_0 .var "rsp_wdata_cur", 31 0;
v000001aad1dee130_0 .var "rsp_word_cur", 3 0;
v000001aad1dee270_0 .var "state_cur", 1 0;
v000001aad1dee4f0 .array "tags0", 0 31, 21 0;
v000001aad1decbf0 .array "tags1", 0 31, 21 0;
v000001aad1dee810 .array "tags2", 0 31, 21 0;
v000001aad1ded690 .array "tags3", 0 31, 21 0;
v000001aad1ded5f0_0 .var "valid0", 31 0;
v000001aad1dee3b0_0 .var "valid1", 31 0;
v000001aad1ded2d0_0 .var "valid2", 31 0;
v000001aad1ded370_0 .var "valid3", 31 0;
v000001aad1ded550_0 .net "victim_way", 1 0, L_000001aad1e34400;  1 drivers
v000001aad1ded730_0 .net "way0_hit", 0 0, L_000001aad1cf0050;  1 drivers
v000001aad1dee450_0 .net "way0_rword", 31 0, L_000001aad1cf0f30;  1 drivers
v000001aad1dec0b0_0 .net "way0_valid", 0 0, L_000001aad1e33640;  1 drivers
v000001aad1dec650_0 .net "way1_hit", 0 0, L_000001aad1ceff70;  1 drivers
v000001aad1dec8d0_0 .net "way1_rword", 31 0, L_000001aad1cf04b0;  1 drivers
v000001aad1ded7d0_0 .net "way1_valid", 0 0, L_000001aad1e31840;  1 drivers
v000001aad1ded0f0_0 .net "way2_hit", 0 0, L_000001aad1cf0fa0;  1 drivers
v000001aad1dec3d0_0 .net "way2_rword", 31 0, L_000001aad1cf01a0;  1 drivers
v000001aad1ded410_0 .net "way2_valid", 0 0, L_000001aad1e33140;  1 drivers
v000001aad1dee590_0 .net "way3_hit", 0 0, L_000001aad1cf1240;  1 drivers
v000001aad1deca10_0 .net "way3_rword", 31 0, L_000001aad1cf1320;  1 drivers
v000001aad1dee630_0 .net "way3_valid", 0 0, L_000001aad1e33820;  1 drivers
v000001aad1dec470 .array "wb_addrs", 0 31, 31 0;
v000001aad1decb50_0 .var "wb_count_cur", 5 0;
v000001aad1decc90 .array "wb_datas", 0 31, 31 0;
v000001aad1ded870_0 .net "wb_has_push_space_cur", 0 0, L_000001aad1cf3000;  1 drivers
v000001aad1df02f0_0 .var "wb_head_cur", 4 0;
v000001aad1def0d0_0 .net "wb_push_addr_cur", 31 0, L_000001aad1e1b720;  1 drivers
v000001aad1defe90_0 .net "wb_push_cur", 0 0, L_000001aad1cf3e00;  1 drivers
v000001aad1def350_0 .net "wb_push_data_cur", 31 0, L_000001aad1e1b900;  1 drivers
v000001aad1def3f0_0 .net "wb_send_cur", 0 0, L_000001aad1cf25f0;  1 drivers
v000001aad1dee9f0_0 .var "wb_tail_cur", 4 0;
v000001aad1df0a70_0 .net "write_hit_accept_cur", 0 0, L_000001aad1cf17f0;  1 drivers
v000001aad1df0c50_0 .net "write_hit_block_cur", 0 0, L_000001aad1cf1cc0;  1 drivers
v000001aad1df0930_0 .net "write_miss", 0 0, L_000001aad1cf20b0;  1 drivers
v000001aad1def5d0_0 .net "write_req_commit_cur", 0 0, L_000001aad1cf1d30;  1 drivers
L_000001aad1e330a0 .part L_000001aad1ea9cf0, 10, 22;
L_000001aad1e318e0 .part L_000001aad1ea9cf0, 5, 5;
L_000001aad1e31b60 .part L_000001aad1ea9cf0, 2, 3;
L_000001aad1e335a0 .concat [ 3 1 0 0], L_000001aad1e31b60, L_000001aad1e3a038;
L_000001aad1e33640 .part/v v000001aad1ded5f0_0, L_000001aad1e318e0, 1;
L_000001aad1e31840 .part/v v000001aad1dee3b0_0, L_000001aad1e318e0, 1;
L_000001aad1e33140 .part/v v000001aad1ded2d0_0, L_000001aad1e318e0, 1;
L_000001aad1e33820 .part/v v000001aad1ded370_0, L_000001aad1e318e0, 1;
L_000001aad1e32920 .array/port v000001aad1dee4f0, L_000001aad1e31980;
L_000001aad1e31980 .concat [ 5 2 0 0], L_000001aad1e318e0, L_000001aad1e3a080;
L_000001aad1e31660 .cmp/eq 22, L_000001aad1e32920, L_000001aad1e330a0;
L_000001aad1e313e0 .array/port v000001aad1decbf0, L_000001aad1e310c0;
L_000001aad1e310c0 .concat [ 5 2 0 0], L_000001aad1e318e0, L_000001aad1e3a0c8;
L_000001aad1e31520 .cmp/eq 22, L_000001aad1e313e0, L_000001aad1e330a0;
L_000001aad1e32b00 .array/port v000001aad1dee810, L_000001aad1e315c0;
L_000001aad1e315c0 .concat [ 5 2 0 0], L_000001aad1e318e0, L_000001aad1e3a110;
L_000001aad1e32100 .cmp/eq 22, L_000001aad1e32b00, L_000001aad1e330a0;
L_000001aad1e31a20 .array/port v000001aad1ded690, L_000001aad1e32ba0;
L_000001aad1e32ba0 .concat [ 5 2 0 0], L_000001aad1e318e0, L_000001aad1e3a158;
L_000001aad1e31ca0 .cmp/eq 22, L_000001aad1e31a20, L_000001aad1e330a0;
L_000001aad1e32060 .functor MUXZ 2, L_000001aad1e3a278, L_000001aad1e3a230, L_000001aad1ceff70, C4<>;
L_000001aad1e321a0 .functor MUXZ 2, L_000001aad1e32060, L_000001aad1e3a1e8, L_000001aad1cf0fa0, C4<>;
L_000001aad1e32420 .functor MUXZ 2, L_000001aad1e321a0, L_000001aad1e3a1a0, L_000001aad1cf1240, C4<>;
L_000001aad1e32560 .array/port v000001aad1df8e50, L_000001aad1e33fa0;
L_000001aad1e326a0 .concat [ 5 6 0 0], L_000001aad1e318e0, L_000001aad1e3a2c0;
L_000001aad1e33be0 .concat [ 11 3 0 0], L_000001aad1e326a0, L_000001aad1e3a308;
L_000001aad1e36020 .arith/mult 14, L_000001aad1e33be0, L_000001aad1e3a350;
L_000001aad1e35940 .concat [ 4 1 0 0], L_000001aad1e335a0, L_000001aad1e3a398;
L_000001aad1e349a0 .concat [ 14 1 0 0], L_000001aad1e36020, L_000001aad1e3a3e0;
L_000001aad1e35bc0 .concat [ 5 10 0 0], L_000001aad1e35940, L_000001aad1e3a428;
L_000001aad1e33fa0 .arith/sum 15, L_000001aad1e349a0, L_000001aad1e35bc0;
L_000001aad1e35440 .array/port v000001aad1df8a90, L_000001aad1e35260;
L_000001aad1e35d00 .concat [ 5 6 0 0], L_000001aad1e318e0, L_000001aad1e3a470;
L_000001aad1e35b20 .concat [ 11 3 0 0], L_000001aad1e35d00, L_000001aad1e3a4b8;
L_000001aad1e34220 .arith/mult 14, L_000001aad1e35b20, L_000001aad1e3a500;
L_000001aad1e354e0 .concat [ 4 1 0 0], L_000001aad1e335a0, L_000001aad1e3a548;
L_000001aad1e34cc0 .concat [ 14 1 0 0], L_000001aad1e34220, L_000001aad1e3a590;
L_000001aad1e35580 .concat [ 5 10 0 0], L_000001aad1e354e0, L_000001aad1e3a5d8;
L_000001aad1e35260 .arith/sum 15, L_000001aad1e34cc0, L_000001aad1e35580;
L_000001aad1e345e0 .array/port v000001aad1dfa070, L_000001aad1e33aa0;
L_000001aad1e35760 .concat [ 5 6 0 0], L_000001aad1e318e0, L_000001aad1e3a620;
L_000001aad1e342c0 .concat [ 11 3 0 0], L_000001aad1e35760, L_000001aad1e3a668;
L_000001aad1e340e0 .arith/mult 14, L_000001aad1e342c0, L_000001aad1e3a6b0;
L_000001aad1e34360 .concat [ 4 1 0 0], L_000001aad1e335a0, L_000001aad1e3a6f8;
L_000001aad1e33960 .concat [ 14 1 0 0], L_000001aad1e340e0, L_000001aad1e3a740;
L_000001aad1e35620 .concat [ 5 10 0 0], L_000001aad1e34360, L_000001aad1e3a788;
L_000001aad1e33aa0 .arith/sum 15, L_000001aad1e33960, L_000001aad1e35620;
L_000001aad1e353a0 .array/port v000001aad1dfad90, L_000001aad1e356c0;
L_000001aad1e33a00 .concat [ 5 6 0 0], L_000001aad1e318e0, L_000001aad1e3a7d0;
L_000001aad1e344a0 .concat [ 11 3 0 0], L_000001aad1e33a00, L_000001aad1e3a818;
L_000001aad1e338c0 .arith/mult 14, L_000001aad1e344a0, L_000001aad1e3a860;
L_000001aad1e33f00 .concat [ 4 1 0 0], L_000001aad1e335a0, L_000001aad1e3a8a8;
L_000001aad1e34540 .concat [ 14 1 0 0], L_000001aad1e338c0, L_000001aad1e3a8f0;
L_000001aad1e358a0 .concat [ 5 10 0 0], L_000001aad1e33f00, L_000001aad1e3a938;
L_000001aad1e356c0 .arith/sum 15, L_000001aad1e34540, L_000001aad1e358a0;
L_000001aad1e34c20 .functor MUXZ 32, L_000001aad1e3a980, L_000001aad1cf1320, L_000001aad1cf1240, C4<>;
L_000001aad1e35800 .functor MUXZ 32, L_000001aad1e34c20, L_000001aad1cf01a0, L_000001aad1cf0fa0, C4<>;
L_000001aad1e33b40 .functor MUXZ 32, L_000001aad1e35800, L_000001aad1cf04b0, L_000001aad1ceff70, C4<>;
L_000001aad1e359e0 .functor MUXZ 32, L_000001aad1e33b40, L_000001aad1cf0f30, L_000001aad1cf0050, C4<>;
L_000001aad1e34d60 .array/port v000001aad1dedc30, L_000001aad1e34e00;
L_000001aad1e34e00 .concat [ 5 2 0 0], L_000001aad1e318e0, L_000001aad1e3aae8;
L_000001aad1e35120 .functor MUXZ 2, L_000001aad1e34d60, L_000001aad1e3aaa0, L_000001aad1cf07c0, C4<>;
L_000001aad1e35300 .functor MUXZ 2, L_000001aad1e35120, L_000001aad1e3aa58, L_000001aad1cf0590, C4<>;
L_000001aad1e35a80 .functor MUXZ 2, L_000001aad1e35300, L_000001aad1e3aa10, L_000001aad1cf0280, C4<>;
L_000001aad1e34400 .functor MUXZ 2, L_000001aad1e35a80, L_000001aad1e3a9c8, L_000001aad1cf09f0, C4<>;
L_000001aad1e35c60 .part/v v000001aad1ded5f0_0, v000001aad1ded190_0, 1;
L_000001aad1e34ea0 .array/port v000001aad1dee4f0, L_000001aad1e33c80;
L_000001aad1e33c80 .concat [ 5 2 0 0], v000001aad1ded190_0, L_000001aad1e3ab30;
L_000001aad1e34fe0 .cmp/eq 22, L_000001aad1e34ea0, v000001aad1dede10_0;
L_000001aad1e34ae0 .part/v v000001aad1dee3b0_0, v000001aad1ded190_0, 1;
L_000001aad1e35da0 .array/port v000001aad1decbf0, L_000001aad1e35e40;
L_000001aad1e35e40 .concat [ 5 2 0 0], v000001aad1ded190_0, L_000001aad1e3ab78;
L_000001aad1e34b80 .cmp/eq 22, L_000001aad1e35da0, v000001aad1dede10_0;
L_000001aad1e35ee0 .part/v v000001aad1ded2d0_0, v000001aad1ded190_0, 1;
L_000001aad1e35f80 .array/port v000001aad1dee810, L_000001aad1e351c0;
L_000001aad1e351c0 .concat [ 5 2 0 0], v000001aad1ded190_0, L_000001aad1e3abc0;
L_000001aad1e34f40 .cmp/eq 22, L_000001aad1e35f80, v000001aad1dede10_0;
L_000001aad1e34040 .part/v v000001aad1ded370_0, v000001aad1ded190_0, 1;
L_000001aad1e34680 .array/port v000001aad1ded690, L_000001aad1e33d20;
L_000001aad1e33d20 .concat [ 5 2 0 0], v000001aad1ded190_0, L_000001aad1e3ac08;
L_000001aad1e34860 .cmp/eq 22, L_000001aad1e34680, v000001aad1dede10_0;
L_000001aad1e35080 .functor MUXZ 2, L_000001aad1e3ad28, L_000001aad1e3ace0, L_000001aad1cf0d00, C4<>;
L_000001aad1e33dc0 .functor MUXZ 2, L_000001aad1e35080, L_000001aad1e3ac98, L_000001aad1cf1160, C4<>;
L_000001aad1e33e60 .functor MUXZ 2, L_000001aad1e33dc0, L_000001aad1e3ac50, L_000001aad1cf2a50, C4<>;
L_000001aad1e34180 .part/v v000001aad1ded5f0_0, v000001aad1ded190_0, 1;
L_000001aad1e34720 .part/v v000001aad1dee3b0_0, v000001aad1ded190_0, 1;
L_000001aad1e347c0 .part/v v000001aad1ded2d0_0, v000001aad1ded190_0, 1;
L_000001aad1e34900 .part/v v000001aad1ded370_0, v000001aad1ded190_0, 1;
L_000001aad1e34a40 .array/port v000001aad1dedc30, L_000001aad1e36160;
L_000001aad1e36160 .concat [ 5 2 0 0], v000001aad1ded190_0, L_000001aad1e3ae90;
L_000001aad1e374c0 .functor MUXZ 2, L_000001aad1e34a40, L_000001aad1e3ae48, L_000001aad1cf1780, C4<>;
L_000001aad1e37060 .functor MUXZ 2, L_000001aad1e374c0, L_000001aad1e3ae00, L_000001aad1cf2120, C4<>;
L_000001aad1e376a0 .functor MUXZ 2, L_000001aad1e37060, L_000001aad1e3adb8, L_000001aad1cf2190, C4<>;
L_000001aad1e371a0 .functor MUXZ 2, L_000001aad1e376a0, L_000001aad1e3ad70, L_000001aad1cf2d60, C4<>;
L_000001aad1e368e0 .part L_000001aad1e3c948, 3, 1;
LS_000001aad1e36980_0_0 .concat [ 1 1 1 1], L_000001aad1e368e0, L_000001aad1e368e0, L_000001aad1e368e0, L_000001aad1e368e0;
LS_000001aad1e36980_0_4 .concat [ 1 1 1 1], L_000001aad1e368e0, L_000001aad1e368e0, L_000001aad1e368e0, L_000001aad1e368e0;
L_000001aad1e36980 .concat [ 4 4 0 0], LS_000001aad1e36980_0_0, LS_000001aad1e36980_0_4;
L_000001aad1e36fc0 .part L_000001aad1e3c948, 2, 1;
LS_000001aad1e379c0_0_0 .concat [ 1 1 1 1], L_000001aad1e36fc0, L_000001aad1e36fc0, L_000001aad1e36fc0, L_000001aad1e36fc0;
LS_000001aad1e379c0_0_4 .concat [ 1 1 1 1], L_000001aad1e36fc0, L_000001aad1e36fc0, L_000001aad1e36fc0, L_000001aad1e36fc0;
L_000001aad1e379c0 .concat [ 4 4 0 0], LS_000001aad1e379c0_0_0, LS_000001aad1e379c0_0_4;
L_000001aad1e36700 .part L_000001aad1e3c948, 1, 1;
LS_000001aad1e36ac0_0_0 .concat [ 1 1 1 1], L_000001aad1e36700, L_000001aad1e36700, L_000001aad1e36700, L_000001aad1e36700;
LS_000001aad1e36ac0_0_4 .concat [ 1 1 1 1], L_000001aad1e36700, L_000001aad1e36700, L_000001aad1e36700, L_000001aad1e36700;
L_000001aad1e36ac0 .concat [ 4 4 0 0], LS_000001aad1e36ac0_0_0, LS_000001aad1e36ac0_0_4;
L_000001aad1e36660 .part L_000001aad1e3c948, 0, 1;
LS_000001aad1e37a60_0_0 .concat [ 1 1 1 1], L_000001aad1e36660, L_000001aad1e36660, L_000001aad1e36660, L_000001aad1e36660;
LS_000001aad1e37a60_0_4 .concat [ 1 1 1 1], L_000001aad1e36660, L_000001aad1e36660, L_000001aad1e36660, L_000001aad1e36660;
L_000001aad1e37a60 .concat [ 4 4 0 0], LS_000001aad1e37a60_0_0, LS_000001aad1e37a60_0_4;
L_000001aad1e363e0 .concat [ 8 8 8 8], L_000001aad1e37a60, L_000001aad1e36ac0, L_000001aad1e379c0, L_000001aad1e36980;
L_000001aad1e36de0 .concat [ 5 5 22 0], L_000001aad1e3aed8, v000001aad1df9030_0, v000001aad1df92b0_0;
L_000001aad1e36e80 .part v000001aad1dfb790_0, 0, 3;
L_000001aad1e377e0 .part v000001aad1ded4b0_0, 0, 3;
L_000001aad1e37560 .arith/sum 3, L_000001aad1e36e80, L_000001aad1e377e0;
L_000001aad1e36f20 .concat [ 3 1 0 0], L_000001aad1e37560, L_000001aad1e3af20;
L_000001aad1e36a20 .part v000001aad1dee130_0, 0, 3;
L_000001aad1e367a0 .part v000001aad1dedeb0_0, 0, 3;
L_000001aad1e37b00 .arith/sum 3, L_000001aad1e36a20, L_000001aad1e367a0;
L_000001aad1e37f60 .concat [ 3 1 0 0], L_000001aad1e37b00, L_000001aad1e3af68;
L_000001aad1e37240 .concat [ 2 4 26 0], L_000001aad1e3aff8, L_000001aad1e36f20, L_000001aad1e3afb0;
L_000001aad1e37100 .concat [ 2 4 26 0], L_000001aad1e3b088, v000001aad1dfb790_0, L_000001aad1e3b040;
L_000001aad1e37ec0 .arith/sum 32, L_000001aad1e36de0, L_000001aad1e3b0d0;
L_000001aad1e36c00 .part L_000001aad1e37ec0, 10, 22;
L_000001aad1e37420 .part L_000001aad1e37ec0, 5, 5;
L_000001aad1e36b60 .part/v v000001aad1ded5f0_0, L_000001aad1e37420, 1;
L_000001aad1e37740 .part/v v000001aad1dee3b0_0, L_000001aad1e37420, 1;
L_000001aad1e36ca0 .part/v v000001aad1ded2d0_0, L_000001aad1e37420, 1;
L_000001aad1e372e0 .part/v v000001aad1ded370_0, L_000001aad1e37420, 1;
L_000001aad1e37380 .array/port v000001aad1dee4f0, L_000001aad1e36d40;
L_000001aad1e36d40 .concat [ 5 2 0 0], L_000001aad1e37420, L_000001aad1e3b118;
L_000001aad1e37600 .cmp/eq 22, L_000001aad1e37380, L_000001aad1e36c00;
L_000001aad1e36200 .array/port v000001aad1decbf0, L_000001aad1e37880;
L_000001aad1e37880 .concat [ 5 2 0 0], L_000001aad1e37420, L_000001aad1e3b160;
L_000001aad1e37ba0 .cmp/eq 22, L_000001aad1e36200, L_000001aad1e36c00;
L_000001aad1e37920 .array/port v000001aad1dee810, L_000001aad1e37c40;
L_000001aad1e37c40 .concat [ 5 2 0 0], L_000001aad1e37420, L_000001aad1e3b1a8;
L_000001aad1e37ce0 .cmp/eq 22, L_000001aad1e37920, L_000001aad1e36c00;
L_000001aad1e37d80 .array/port v000001aad1ded690, L_000001aad1e37e20;
L_000001aad1e37e20 .concat [ 5 2 0 0], L_000001aad1e37420, L_000001aad1e3b1f0;
L_000001aad1e360c0 .cmp/eq 22, L_000001aad1e37d80, L_000001aad1e36c00;
L_000001aad1e362a0 .array/port v000001aad1dedc30, L_000001aad1e36340;
L_000001aad1e36340 .concat [ 5 2 0 0], L_000001aad1e37420, L_000001aad1e3b358;
L_000001aad1e36480 .functor MUXZ 2, L_000001aad1e362a0, L_000001aad1e3b310, L_000001aad1cf2c10, C4<>;
L_000001aad1e36520 .functor MUXZ 2, L_000001aad1e36480, L_000001aad1e3b2c8, L_000001aad1cf2c80, C4<>;
L_000001aad1e365c0 .functor MUXZ 2, L_000001aad1e36520, L_000001aad1e3b280, L_000001aad1cf2e40, C4<>;
L_000001aad1e36840 .functor MUXZ 2, L_000001aad1e365c0, L_000001aad1e3b238, L_000001aad1cf1c50, C4<>;
L_000001aad1e19ec0 .cmp/eq 2, v000001aad1dfbe70_0, L_000001aad1e3b3a0;
L_000001aad1e18b60 .array/port v000001aad1df8e50, L_000001aad1e1a000;
L_000001aad1e1a1e0 .concat [ 5 6 0 0], v000001aad1df9030_0, L_000001aad1e3b3e8;
L_000001aad1e1a140 .concat [ 11 3 0 0], L_000001aad1e1a1e0, L_000001aad1e3b430;
L_000001aad1e19f60 .arith/mult 14, L_000001aad1e1a140, L_000001aad1e3b478;
L_000001aad1e19420 .concat [ 4 1 0 0], v000001aad1dfb790_0, L_000001aad1e3b4c0;
L_000001aad1e19920 .concat [ 14 1 0 0], L_000001aad1e19f60, L_000001aad1e3b508;
L_000001aad1e19b00 .concat [ 5 10 0 0], L_000001aad1e19420, L_000001aad1e3b550;
L_000001aad1e1a000 .arith/sum 15, L_000001aad1e19920, L_000001aad1e19b00;
L_000001aad1e18ac0 .cmp/eq 2, v000001aad1dfbe70_0, L_000001aad1e3b598;
L_000001aad1e18200 .array/port v000001aad1df8a90, L_000001aad1e1a280;
L_000001aad1e18c00 .concat [ 5 6 0 0], v000001aad1df9030_0, L_000001aad1e3b5e0;
L_000001aad1e18480 .concat [ 11 3 0 0], L_000001aad1e18c00, L_000001aad1e3b628;
L_000001aad1e18160 .arith/mult 14, L_000001aad1e18480, L_000001aad1e3b670;
L_000001aad1e182a0 .concat [ 4 1 0 0], v000001aad1dfb790_0, L_000001aad1e3b6b8;
L_000001aad1e1a500 .concat [ 14 1 0 0], L_000001aad1e18160, L_000001aad1e3b700;
L_000001aad1e192e0 .concat [ 5 10 0 0], L_000001aad1e182a0, L_000001aad1e3b748;
L_000001aad1e1a280 .arith/sum 15, L_000001aad1e1a500, L_000001aad1e192e0;
L_000001aad1e1a320 .cmp/eq 2, v000001aad1dfbe70_0, L_000001aad1e3b790;
L_000001aad1e187a0 .array/port v000001aad1dfa070, L_000001aad1e18980;
L_000001aad1e19380 .concat [ 5 6 0 0], v000001aad1df9030_0, L_000001aad1e3b7d8;
L_000001aad1e1a5a0 .concat [ 11 3 0 0], L_000001aad1e19380, L_000001aad1e3b820;
L_000001aad1e18840 .arith/mult 14, L_000001aad1e1a5a0, L_000001aad1e3b868;
L_000001aad1e1a0a0 .concat [ 4 1 0 0], v000001aad1dfb790_0, L_000001aad1e3b8b0;
L_000001aad1e199c0 .concat [ 14 1 0 0], L_000001aad1e18840, L_000001aad1e3b8f8;
L_000001aad1e19ce0 .concat [ 5 10 0 0], L_000001aad1e1a0a0, L_000001aad1e3b940;
L_000001aad1e18980 .arith/sum 15, L_000001aad1e199c0, L_000001aad1e19ce0;
L_000001aad1e19d80 .array/port v000001aad1dfad90, L_000001aad1e19560;
L_000001aad1e19a60 .concat [ 5 6 0 0], v000001aad1df9030_0, L_000001aad1e3b988;
L_000001aad1e194c0 .concat [ 11 3 0 0], L_000001aad1e19a60, L_000001aad1e3b9d0;
L_000001aad1e19060 .arith/mult 14, L_000001aad1e194c0, L_000001aad1e3ba18;
L_000001aad1e1a3c0 .concat [ 4 1 0 0], v000001aad1dfb790_0, L_000001aad1e3ba60;
L_000001aad1e18a20 .concat [ 14 1 0 0], L_000001aad1e19060, L_000001aad1e3baa8;
L_000001aad1e19ba0 .concat [ 5 10 0 0], L_000001aad1e1a3c0, L_000001aad1e3baf0;
L_000001aad1e19560 .arith/sum 15, L_000001aad1e18a20, L_000001aad1e19ba0;
L_000001aad1e18340 .functor MUXZ 32, L_000001aad1e19d80, L_000001aad1e187a0, L_000001aad1e1a320, C4<>;
L_000001aad1e19c40 .functor MUXZ 32, L_000001aad1e18340, L_000001aad1e18200, L_000001aad1e18ac0, C4<>;
L_000001aad1e183e0 .functor MUXZ 32, L_000001aad1e19c40, L_000001aad1e18b60, L_000001aad1e19ec0, C4<>;
L_000001aad1e18520 .part v000001aad1dfb010_0, 3, 1;
LS_000001aad1e180c0_0_0 .concat [ 1 1 1 1], L_000001aad1e18520, L_000001aad1e18520, L_000001aad1e18520, L_000001aad1e18520;
LS_000001aad1e180c0_0_4 .concat [ 1 1 1 1], L_000001aad1e18520, L_000001aad1e18520, L_000001aad1e18520, L_000001aad1e18520;
L_000001aad1e180c0 .concat [ 4 4 0 0], LS_000001aad1e180c0_0_0, LS_000001aad1e180c0_0_4;
L_000001aad1e19e20 .part v000001aad1dfb010_0, 2, 1;
LS_000001aad1e18ca0_0_0 .concat [ 1 1 1 1], L_000001aad1e19e20, L_000001aad1e19e20, L_000001aad1e19e20, L_000001aad1e19e20;
LS_000001aad1e18ca0_0_4 .concat [ 1 1 1 1], L_000001aad1e19e20, L_000001aad1e19e20, L_000001aad1e19e20, L_000001aad1e19e20;
L_000001aad1e18ca0 .concat [ 4 4 0 0], LS_000001aad1e18ca0_0_0, LS_000001aad1e18ca0_0_4;
L_000001aad1e18f20 .part v000001aad1dfb010_0, 1, 1;
LS_000001aad1e185c0_0_0 .concat [ 1 1 1 1], L_000001aad1e18f20, L_000001aad1e18f20, L_000001aad1e18f20, L_000001aad1e18f20;
LS_000001aad1e185c0_0_4 .concat [ 1 1 1 1], L_000001aad1e18f20, L_000001aad1e18f20, L_000001aad1e18f20, L_000001aad1e18f20;
L_000001aad1e185c0 .concat [ 4 4 0 0], LS_000001aad1e185c0_0_0, LS_000001aad1e185c0_0_4;
L_000001aad1e19600 .part v000001aad1dfb010_0, 0, 1;
LS_000001aad1e1a460_0_0 .concat [ 1 1 1 1], L_000001aad1e19600, L_000001aad1e19600, L_000001aad1e19600, L_000001aad1e19600;
LS_000001aad1e1a460_0_4 .concat [ 1 1 1 1], L_000001aad1e19600, L_000001aad1e19600, L_000001aad1e19600, L_000001aad1e19600;
L_000001aad1e1a460 .concat [ 4 4 0 0], LS_000001aad1e1a460_0_0, LS_000001aad1e1a460_0_4;
L_000001aad1e1a640 .concat [ 8 8 8 8], L_000001aad1e1a460, L_000001aad1e185c0, L_000001aad1e18ca0, L_000001aad1e180c0;
L_000001aad1e19240 .part L_000001aad1e335a0, 0, 3;
L_000001aad1e188e0 .part v000001aad1dee130_0, 0, 3;
L_000001aad1e1a6e0 .arith/sub 3, L_000001aad1e19240, L_000001aad1e188e0;
L_000001aad1e196a0 .concat [ 3 1 0 0], L_000001aad1e1a6e0, L_000001aad1e3bb80;
L_000001aad1e18660 .cmp/eq 2, v000001aad1dee090_0, L_000001aad1e3bc10;
L_000001aad1e1a780 .array/port v000001aad1df8e50, L_000001aad1e18de0;
L_000001aad1e197e0 .concat [ 5 6 0 0], v000001aad1dec830_0, L_000001aad1e3bc58;
L_000001aad1e1a820 .concat [ 11 3 0 0], L_000001aad1e197e0, L_000001aad1e3bca0;
L_000001aad1e191a0 .arith/mult 14, L_000001aad1e1a820, L_000001aad1e3bce8;
L_000001aad1e18700 .concat [ 4 1 0 0], L_000001aad1e335a0, L_000001aad1e3bd30;
L_000001aad1e18d40 .concat [ 14 1 0 0], L_000001aad1e191a0, L_000001aad1e3bd78;
L_000001aad1e19740 .concat [ 5 10 0 0], L_000001aad1e18700, L_000001aad1e3bdc0;
L_000001aad1e18de0 .arith/sum 15, L_000001aad1e18d40, L_000001aad1e19740;
L_000001aad1e18e80 .cmp/eq 2, v000001aad1dee090_0, L_000001aad1e3be08;
L_000001aad1e18fc0 .array/port v000001aad1df8a90, L_000001aad1e1b860;
L_000001aad1e19100 .concat [ 5 6 0 0], v000001aad1dec830_0, L_000001aad1e3be50;
L_000001aad1e19880 .concat [ 11 3 0 0], L_000001aad1e19100, L_000001aad1e3be98;
L_000001aad1e1abe0 .arith/mult 14, L_000001aad1e19880, L_000001aad1e3bee0;
L_000001aad1e1af00 .concat [ 4 1 0 0], L_000001aad1e335a0, L_000001aad1e3bf28;
L_000001aad1e1c120 .concat [ 14 1 0 0], L_000001aad1e1abe0, L_000001aad1e3bf70;
L_000001aad1e1ac80 .concat [ 5 10 0 0], L_000001aad1e1af00, L_000001aad1e3bfb8;
L_000001aad1e1b860 .arith/sum 15, L_000001aad1e1c120, L_000001aad1e1ac80;
L_000001aad1e1c9e0 .cmp/eq 2, v000001aad1dee090_0, L_000001aad1e3c000;
L_000001aad1e1b220 .array/port v000001aad1dfa070, L_000001aad1e1cbc0;
L_000001aad1e1cee0 .concat [ 5 6 0 0], v000001aad1dec830_0, L_000001aad1e3c048;
L_000001aad1e1afa0 .concat [ 11 3 0 0], L_000001aad1e1cee0, L_000001aad1e3c090;
L_000001aad1e1b7c0 .arith/mult 14, L_000001aad1e1afa0, L_000001aad1e3c0d8;
L_000001aad1e1c080 .concat [ 4 1 0 0], L_000001aad1e335a0, L_000001aad1e3c120;
L_000001aad1e1aaa0 .concat [ 14 1 0 0], L_000001aad1e1b7c0, L_000001aad1e3c168;
L_000001aad1e1cf80 .concat [ 5 10 0 0], L_000001aad1e1c080, L_000001aad1e3c1b0;
L_000001aad1e1cbc0 .arith/sum 15, L_000001aad1e1aaa0, L_000001aad1e1cf80;
L_000001aad1e1bc20 .array/port v000001aad1dfad90, L_000001aad1e1bfe0;
L_000001aad1e1c580 .concat [ 5 6 0 0], v000001aad1dec830_0, L_000001aad1e3c1f8;
L_000001aad1e1ba40 .concat [ 11 3 0 0], L_000001aad1e1c580, L_000001aad1e3c240;
L_000001aad1e1ad20 .arith/mult 14, L_000001aad1e1ba40, L_000001aad1e3c288;
L_000001aad1e1bd60 .concat [ 4 1 0 0], L_000001aad1e335a0, L_000001aad1e3c2d0;
L_000001aad1e1ab40 .concat [ 14 1 0 0], L_000001aad1e1ad20, L_000001aad1e3c318;
L_000001aad1e1b2c0 .concat [ 5 10 0 0], L_000001aad1e1bd60, L_000001aad1e3c360;
L_000001aad1e1bfe0 .arith/sum 15, L_000001aad1e1ab40, L_000001aad1e1b2c0;
L_000001aad1e1adc0 .functor MUXZ 32, L_000001aad1e1bc20, L_000001aad1e1b220, L_000001aad1e1c9e0, C4<>;
L_000001aad1e1b0e0 .functor MUXZ 32, L_000001aad1e1adc0, L_000001aad1e18fc0, L_000001aad1e18e80, C4<>;
L_000001aad1e1b360 .functor MUXZ 32, L_000001aad1e1b0e0, L_000001aad1e1a780, L_000001aad1e18660, C4<>;
L_000001aad1e1ca80 .cmp/eq 2, v000001aad1dee270_0, L_000001aad1e3c3a8;
L_000001aad1e1b400 .cmp/eq 2, v000001aad1dee270_0, L_000001aad1e3c3f0;
L_000001aad1e1bcc0 .cmp/eq 2, v000001aad1dee270_0, L_000001aad1e3c438;
L_000001aad1e1b4a0 .cmp/ne 6, v000001aad1decb50_0, L_000001aad1e3c480;
L_000001aad1e1cb20 .cmp/ne 6, v000001aad1decb50_0, L_000001aad1e3c4c8;
L_000001aad1e1b180 .cmp/eq 2, v000001aad1dee270_0, L_000001aad1e3c510;
L_000001aad1e1a960 .cmp/eq 2, v000001aad1dee270_0, L_000001aad1e3c558;
L_000001aad1e1b540 .cmp/eq 2, v000001aad1dee270_0, L_000001aad1e3c5a0;
L_000001aad1e1b5e0 .cmp/eq 2, v000001aad1dee270_0, L_000001aad1e3c5e8;
L_000001aad1e1b680 .cmp/eq 2, v000001aad1dee270_0, L_000001aad1e3c630;
L_000001aad1e1b720 .functor MUXZ 32, L_000001aad1cf2970, L_000001aad1ea9cf0, L_000001aad1cf17f0, C4<>;
L_000001aad1e1b900 .functor MUXZ 32, L_000001aad1cf2ac0, L_000001aad1cf2ba0, L_000001aad1cf17f0, C4<>;
L_000001aad1e1b9a0 .cmp/eq 2, v000001aad1dee270_0, L_000001aad1e3c678;
L_000001aad1e1c1c0 .array/port v000001aad1dec470, L_000001aad1e1ae60;
L_000001aad1e1ae60 .concat [ 5 2 0 0], v000001aad1df02f0_0, L_000001aad1e3c6c0;
L_000001aad1e1c260 .functor MUXZ 32, L_000001aad1e3c708, L_000001aad1e1c1c0, L_000001aad1cf25f0, C4<>;
L_000001aad1e1bf40 .functor MUXZ 32, L_000001aad1e1c260, L_000001aad1cf22e0, L_000001aad1e1b9a0, C4<>;
L_000001aad1e1be00 .array/port v000001aad1decc90, L_000001aad1e1bae0;
L_000001aad1e1bae0 .concat [ 5 2 0 0], v000001aad1df02f0_0, L_000001aad1e3c750;
L_000001aad1e1c620 .functor MUXZ 32, L_000001aad1e3c798, L_000001aad1e1be00, L_000001aad1cf25f0, C4<>;
L_000001aad1e1c300 .cmp/eq 22, L_000001aad1e330a0, v000001aad1decab0_0;
L_000001aad1e1cd00 .cmp/eq 5, L_000001aad1e318e0, v000001aad1dec830_0;
L_000001aad1e1cc60 .cmp/eq 2, v000001aad1dee270_0, L_000001aad1e3c7e0;
L_000001aad1e1bea0 .cmp/eq 2, v000001aad1dee270_0, L_000001aad1e3c828;
L_000001aad1e1bb80 .cmp/eq 2, v000001aad1dee270_0, L_000001aad1e3c870;
L_000001aad1e1d020 .cmp/eq 2, v000001aad1dee270_0, L_000001aad1e3c8b8;
S_000001aad1d4b940 .scope module, "u_memory" "dmem_access" 3 1066, 11 1 0, S_000001aad155a220;
 .timescale -9 -12;
    .port_info 0 /INPUT 32 "EffAddr";
    .port_info 1 /INPUT 32 "StoreData";
    .port_info 2 /INPUT 3 "Func3";
    .port_info 3 /INPUT 1 "MemRead";
    .port_info 4 /INPUT 1 "MemWrite";
    .port_info 5 /INPUT 32 "i_dmem_rdata";
    .port_info 6 /OUTPUT 32 "o_dmem_addr";
    .port_info 7 /OUTPUT 4 "o_dmem_mask";
    .port_info 8 /OUTPUT 32 "o_dmem_wdata";
    .port_info 9 /OUTPUT 1 "o_dmem_ren";
    .port_info 10 /OUTPUT 1 "o_dmem_wen";
    .port_info 11 /OUTPUT 32 "LoadData";
    .port_info 12 /OUTPUT 1 "MisalignTrap";
L_000001aad1ef9740 .functor OR 1, L_000001aad1eb2df0, L_000001aad1eb3b10, C4<0>, C4<0>;
L_000001aad1ef9cf0 .functor AND 1, L_000001aad1ef8780, L_000001aad1eb50f0, C4<1>, C4<1>;
L_000001aad1ef90b0 .functor AND 1, L_000001aad1ef9ac0, L_000001aad1eb4c90, C4<1>, C4<1>;
L_000001aad1ef89b0 .functor OR 1, L_000001aad1ef9cf0, L_000001aad1ef90b0, C4<0>, C4<0>;
L_000001aad1ef9a50 .functor NOT 1, L_000001aad1ef89b0, C4<0>, C4<0>, C4<0>;
L_000001aad1ef9b30 .functor AND 1, L_000001aad1ef8780, L_000001aad1ef9a50, C4<1>, C4<1>;
L_000001aad1efa000 .functor NOT 1, L_000001aad1ef89b0, C4<0>, C4<0>, C4<0>;
L_000001aad1ef86a0 .functor AND 1, L_000001aad1ef9ac0, L_000001aad1efa000, C4<1>, C4<1>;
L_000001aad1ef8710 .functor OR 1, L_000001aad1ef8780, L_000001aad1ef9ac0, C4<0>, C4<0>;
L_000001aad1ef9890 .functor AND 4, L_000001aad1eb41f0, v000001aad1df0ed0_0, C4<1111>, C4<1111>;
L_000001aad1efa0e0 .functor AND 32, L_000001aad1eb3430, v000001aad1def990_0, C4<11111111111111111111111111111111>, C4<11111111111111111111111111111111>;
L_000001aad1ef9dd0 .functor NOT 1, L_000001aad1ef89b0, C4<0>, C4<0>, C4<0>;
L_000001aad1ef8a90 .functor AND 1, L_000001aad1ef8780, L_000001aad1ef9dd0, C4<1>, C4<1>;
L_000001aad1ef9c10 .functor AND 32, L_000001aad1eb4ab0, v000001aad1deedb0_0, C4<11111111111111111111111111111111>, C4<11111111111111111111111111111111>;
v000001aad1df09d0_0 .net "EffAddr", 31 0, v000001aad1e05790_0;  1 drivers
v000001aad1deef90_0 .net "Func3", 2 0, v000001aad1e21620_0;  1 drivers
v000001aad1df06b0_0 .net "LoadData", 31 0, L_000001aad1ef9c10;  alias, 1 drivers
v000001aad1df0b10_0 .net "MemRead", 0 0, L_000001aad1ef8780;  alias, 1 drivers
v000001aad1df0430_0 .net "MemWrite", 0 0, L_000001aad1ef9ac0;  alias, 1 drivers
v000001aad1df04d0_0 .net "MisalignTrap", 0 0, L_000001aad1ef89b0;  alias, 1 drivers
v000001aad1df0f70_0 .net "StoreData", 31 0, L_000001aad1eb3890;  alias, 1 drivers
v000001aad1def490_0 .net *"_ivl_11", 1 0, L_000001aad1eb4150;  1 drivers
L_000001aad1e41148 .functor BUFT 1, C4<001>, C4<0>, C4<0>, C4<0>;
v000001aad1df1010_0 .net/2u *"_ivl_14", 2 0, L_000001aad1e41148;  1 drivers
v000001aad1defb70_0 .net *"_ivl_16", 0 0, L_000001aad1eb2df0;  1 drivers
L_000001aad1e41190 .functor BUFT 1, C4<101>, C4<0>, C4<0>, C4<0>;
v000001aad1df01b0_0 .net/2u *"_ivl_18", 2 0, L_000001aad1e41190;  1 drivers
v000001aad1defa30_0 .net *"_ivl_20", 0 0, L_000001aad1eb3b10;  1 drivers
v000001aad1dee950_0 .net *"_ivl_22", 0 0, L_000001aad1ef9740;  1 drivers
L_000001aad1e411d8 .functor BUFT 1, C4<010>, C4<0>, C4<0>, C4<0>;
v000001aad1df0750_0 .net/2u *"_ivl_24", 2 0, L_000001aad1e411d8;  1 drivers
v000001aad1df0e30_0 .net *"_ivl_26", 0 0, L_000001aad1eb4a10;  1 drivers
L_000001aad1e41220 .functor BUFT 1, C4<0>, C4<0>, C4<0>, C4<0>;
v000001aad1defad0_0 .net/2u *"_ivl_28", 0 0, L_000001aad1e41220;  1 drivers
v000001aad1def710_0 .net *"_ivl_3", 29 0, L_000001aad1eb3070;  1 drivers
v000001aad1deec70_0 .net *"_ivl_30", 0 0, L_000001aad1eb4830;  1 drivers
v000001aad1def530_0 .net *"_ivl_32", 0 0, L_000001aad1eb50f0;  1 drivers
L_000001aad1e41268 .functor BUFT 1, C4<001>, C4<0>, C4<0>, C4<0>;
v000001aad1def670_0 .net/2u *"_ivl_36", 2 0, L_000001aad1e41268;  1 drivers
v000001aad1deea90_0 .net *"_ivl_38", 0 0, L_000001aad1eb37f0;  1 drivers
L_000001aad1e41100 .functor BUFT 1, C4<00>, C4<0>, C4<0>, C4<0>;
v000001aad1defc10_0 .net/2u *"_ivl_4", 1 0, L_000001aad1e41100;  1 drivers
L_000001aad1e412b0 .functor BUFT 1, C4<010>, C4<0>, C4<0>, C4<0>;
v000001aad1df0570_0 .net/2u *"_ivl_40", 2 0, L_000001aad1e412b0;  1 drivers
v000001aad1df0610_0 .net *"_ivl_42", 0 0, L_000001aad1eb4f10;  1 drivers
L_000001aad1e412f8 .functor BUFT 1, C4<0>, C4<0>, C4<0>, C4<0>;
v000001aad1defcb0_0 .net/2u *"_ivl_44", 0 0, L_000001aad1e412f8;  1 drivers
v000001aad1df0390_0 .net *"_ivl_46", 0 0, L_000001aad1eb32f0;  1 drivers
v000001aad1df07f0_0 .net *"_ivl_48", 0 0, L_000001aad1eb4c90;  1 drivers
v000001aad1df0890_0 .net *"_ivl_54", 0 0, L_000001aad1ef9a50;  1 drivers
v000001aad1deff30_0 .net *"_ivl_58", 0 0, L_000001aad1efa000;  1 drivers
v000001aad1df0bb0_0 .net *"_ivl_62", 0 0, L_000001aad1ef8710;  1 drivers
v000001aad1def7b0_0 .net *"_ivl_64", 3 0, L_000001aad1eb41f0;  1 drivers
v000001aad1def850_0 .net *"_ivl_68", 31 0, L_000001aad1eb3430;  1 drivers
v000001aad1df0cf0_0 .net *"_ivl_76", 0 0, L_000001aad1ef9dd0;  1 drivers
v000001aad1defd50_0 .net *"_ivl_78", 0 0, L_000001aad1ef8a90;  1 drivers
v000001aad1df0d90_0 .net *"_ivl_80", 31 0, L_000001aad1eb4ab0;  1 drivers
v000001aad1def030_0 .net "byte_offset", 1 0, L_000001aad1eb4bf0;  1 drivers
v000001aad1def170_0 .net "i_dmem_rdata", 31 0, L_000001aad1efa2a0;  alias, 1 drivers
v000001aad1deedb0_0 .var "loaddata_dec", 31 0;
v000001aad1df0ed0_0 .var "mask_dec", 3 0;
v000001aad1deee50_0 .net "misalign_half", 0 0, L_000001aad1eb4010;  1 drivers
v000001aad1deffd0_0 .net "misalign_load", 0 0, L_000001aad1ef9cf0;  1 drivers
v000001aad1deed10_0 .net "misalign_store", 0 0, L_000001aad1ef90b0;  1 drivers
v000001aad1deeb30_0 .net "misalign_word", 0 0, L_000001aad1eb43d0;  1 drivers
v000001aad1dee8b0_0 .net "o_dmem_addr", 31 0, L_000001aad1eb2d50;  alias, 1 drivers
v000001aad1df0250_0 .net "o_dmem_mask", 3 0, L_000001aad1ef9890;  alias, 1 drivers
v000001aad1deebd0_0 .net "o_dmem_ren", 0 0, L_000001aad1ef9b30;  alias, 1 drivers
v000001aad1df0070_0 .net "o_dmem_wdata", 31 0, L_000001aad1efa0e0;  alias, 1 drivers
v000001aad1def2b0_0 .net "o_dmem_wen", 0 0, L_000001aad1ef86a0;  alias, 1 drivers
v000001aad1deeef0_0 .net "rbyte", 7 0, L_000001aad1eb3e30;  1 drivers
v000001aad1def8f0_0 .var "rdata_shifted", 31 0;
v000001aad1def210_0 .net "rhalf", 15 0, L_000001aad1eb4790;  1 drivers
v000001aad1defdf0_0 .var "sb_data", 31 0;
v000001aad1df0110_0 .var "sh_data", 31 0;
v000001aad1def990_0 .var "store_data_dec", 31 0;
E_000001aad1d0f740 .event anyedge, v000001aad1deef90_0, v000001aad1deeef0_0, v000001aad1def210_0, v000001aad1def8f0_0;
E_000001aad1d0fa80 .event anyedge, v000001aad1def030_0, v000001aad1dc0dc0_0;
E_000001aad1d0f7c0 .event anyedge, v000001aad1deef90_0, v000001aad1defdf0_0, v000001aad1df0110_0, v000001aad1df0f70_0;
E_000001aad1d0f400 .event anyedge, v000001aad1def030_0, v000001aad1df0f70_0;
E_000001aad1d0f100 .event anyedge, v000001aad1deef90_0, v000001aad1def030_0;
L_000001aad1eb4bf0 .part v000001aad1e05790_0, 0, 2;
L_000001aad1eb3070 .part v000001aad1e05790_0, 2, 30;
L_000001aad1eb2d50 .concat [ 2 30 0 0], L_000001aad1e41100, L_000001aad1eb3070;
L_000001aad1eb4010 .part v000001aad1e05790_0, 0, 1;
L_000001aad1eb4150 .part v000001aad1e05790_0, 0, 2;
L_000001aad1eb43d0 .reduce/or L_000001aad1eb4150;
L_000001aad1eb2df0 .cmp/eq 3, v000001aad1e21620_0, L_000001aad1e41148;
L_000001aad1eb3b10 .cmp/eq 3, v000001aad1e21620_0, L_000001aad1e41190;
L_000001aad1eb4a10 .cmp/eq 3, v000001aad1e21620_0, L_000001aad1e411d8;
L_000001aad1eb4830 .functor MUXZ 1, L_000001aad1e41220, L_000001aad1eb43d0, L_000001aad1eb4a10, C4<>;
L_000001aad1eb50f0 .functor MUXZ 1, L_000001aad1eb4830, L_000001aad1eb4010, L_000001aad1ef9740, C4<>;
L_000001aad1eb37f0 .cmp/eq 3, v000001aad1e21620_0, L_000001aad1e41268;
L_000001aad1eb4f10 .cmp/eq 3, v000001aad1e21620_0, L_000001aad1e412b0;
L_000001aad1eb32f0 .functor MUXZ 1, L_000001aad1e412f8, L_000001aad1eb43d0, L_000001aad1eb4f10, C4<>;
L_000001aad1eb4c90 .functor MUXZ 1, L_000001aad1eb32f0, L_000001aad1eb4010, L_000001aad1eb37f0, C4<>;
L_000001aad1eb41f0 .concat [ 1 1 1 1], L_000001aad1ef8710, L_000001aad1ef8710, L_000001aad1ef8710, L_000001aad1ef8710;
LS_000001aad1eb3430_0_0 .concat [ 1 1 1 1], L_000001aad1ef9ac0, L_000001aad1ef9ac0, L_000001aad1ef9ac0, L_000001aad1ef9ac0;
LS_000001aad1eb3430_0_4 .concat [ 1 1 1 1], L_000001aad1ef9ac0, L_000001aad1ef9ac0, L_000001aad1ef9ac0, L_000001aad1ef9ac0;
LS_000001aad1eb3430_0_8 .concat [ 1 1 1 1], L_000001aad1ef9ac0, L_000001aad1ef9ac0, L_000001aad1ef9ac0, L_000001aad1ef9ac0;
LS_000001aad1eb3430_0_12 .concat [ 1 1 1 1], L_000001aad1ef9ac0, L_000001aad1ef9ac0, L_000001aad1ef9ac0, L_000001aad1ef9ac0;
LS_000001aad1eb3430_0_16 .concat [ 1 1 1 1], L_000001aad1ef9ac0, L_000001aad1ef9ac0, L_000001aad1ef9ac0, L_000001aad1ef9ac0;
LS_000001aad1eb3430_0_20 .concat [ 1 1 1 1], L_000001aad1ef9ac0, L_000001aad1ef9ac0, L_000001aad1ef9ac0, L_000001aad1ef9ac0;
LS_000001aad1eb3430_0_24 .concat [ 1 1 1 1], L_000001aad1ef9ac0, L_000001aad1ef9ac0, L_000001aad1ef9ac0, L_000001aad1ef9ac0;
LS_000001aad1eb3430_0_28 .concat [ 1 1 1 1], L_000001aad1ef9ac0, L_000001aad1ef9ac0, L_000001aad1ef9ac0, L_000001aad1ef9ac0;
LS_000001aad1eb3430_1_0 .concat [ 4 4 4 4], LS_000001aad1eb3430_0_0, LS_000001aad1eb3430_0_4, LS_000001aad1eb3430_0_8, LS_000001aad1eb3430_0_12;
LS_000001aad1eb3430_1_4 .concat [ 4 4 4 4], LS_000001aad1eb3430_0_16, LS_000001aad1eb3430_0_20, LS_000001aad1eb3430_0_24, LS_000001aad1eb3430_0_28;
L_000001aad1eb3430 .concat [ 16 16 0 0], LS_000001aad1eb3430_1_0, LS_000001aad1eb3430_1_4;
L_000001aad1eb3e30 .part v000001aad1def8f0_0, 0, 8;
L_000001aad1eb4790 .part v000001aad1def8f0_0, 0, 16;
LS_000001aad1eb4ab0_0_0 .concat [ 1 1 1 1], L_000001aad1ef8a90, L_000001aad1ef8a90, L_000001aad1ef8a90, L_000001aad1ef8a90;
LS_000001aad1eb4ab0_0_4 .concat [ 1 1 1 1], L_000001aad1ef8a90, L_000001aad1ef8a90, L_000001aad1ef8a90, L_000001aad1ef8a90;
LS_000001aad1eb4ab0_0_8 .concat [ 1 1 1 1], L_000001aad1ef8a90, L_000001aad1ef8a90, L_000001aad1ef8a90, L_000001aad1ef8a90;
LS_000001aad1eb4ab0_0_12 .concat [ 1 1 1 1], L_000001aad1ef8a90, L_000001aad1ef8a90, L_000001aad1ef8a90, L_000001aad1ef8a90;
LS_000001aad1eb4ab0_0_16 .concat [ 1 1 1 1], L_000001aad1ef8a90, L_000001aad1ef8a90, L_000001aad1ef8a90, L_000001aad1ef8a90;
LS_000001aad1eb4ab0_0_20 .concat [ 1 1 1 1], L_000001aad1ef8a90, L_000001aad1ef8a90, L_000001aad1ef8a90, L_000001aad1ef8a90;
LS_000001aad1eb4ab0_0_24 .concat [ 1 1 1 1], L_000001aad1ef8a90, L_000001aad1ef8a90, L_000001aad1ef8a90, L_000001aad1ef8a90;
LS_000001aad1eb4ab0_0_28 .concat [ 1 1 1 1], L_000001aad1ef8a90, L_000001aad1ef8a90, L_000001aad1ef8a90, L_000001aad1ef8a90;
LS_000001aad1eb4ab0_1_0 .concat [ 4 4 4 4], LS_000001aad1eb4ab0_0_0, LS_000001aad1eb4ab0_0_4, LS_000001aad1eb4ab0_0_8, LS_000001aad1eb4ab0_0_12;
LS_000001aad1eb4ab0_1_4 .concat [ 4 4 4 4], LS_000001aad1eb4ab0_0_16, LS_000001aad1eb4ab0_0_20, LS_000001aad1eb4ab0_0_24, LS_000001aad1eb4ab0_0_28;
L_000001aad1eb4ab0 .concat [ 16 16 0 0], LS_000001aad1eb4ab0_1_0, LS_000001aad1eb4ab0_1_4;
S_000001aad1a13210 .scope module, "u_writeback" "writeback" 3 1139, 12 1 0, S_000001aad155a220;
 .timescale -9 -12;
    .port_info 0 /INPUT 32 "AluResult";
    .port_info 1 /INPUT 32 "LoadData";
    .port_info 2 /INPUT 32 "pc_plus4";
    .port_info 3 /INPUT 32 "Offset";
    .port_info 4 /INPUT 1 "MemToReg";
    .port_info 5 /INPUT 1 "lui";
    .port_info 6 /INPUT 1 "Jump";
    .port_info 7 /OUTPUT 32 "WriteData";
v000001aad1df2690_0 .net "AluResult", 31 0, v000001aad1e2af40_0;  1 drivers
v000001aad1df2910_0 .net "Jump", 0 0, v000001aad1e2b940_0;  1 drivers
v000001aad1df33b0_0 .net "LoadData", 31 0, v000001aad1e2aa40_0;  1 drivers
v000001aad1df2e10_0 .net "MemToReg", 0 0, v000001aad1e2bd00_0;  1 drivers
v000001aad1df1790_0 .net "Offset", 31 0, v000001aad1e2b1c0_0;  1 drivers
v000001aad1df2cd0_0 .net "WriteData", 31 0, L_000001aad1eb4650;  alias, 1 drivers
v000001aad1df2d70_0 .net *"_ivl_0", 31 0, L_000001aad1eb3930;  1 drivers
v000001aad1df29b0_0 .net *"_ivl_2", 31 0, L_000001aad1eb2fd0;  1 drivers
v000001aad1df36d0_0 .net "lui", 0 0, v000001aad1e2a680_0;  1 drivers
v000001aad1df3450_0 .net "pc_plus4", 31 0, v000001aad1e2b6c0_0;  1 drivers
L_000001aad1eb3930 .functor MUXZ 32, v000001aad1e2af40_0, v000001aad1e2aa40_0, v000001aad1e2bd00_0, C4<>;
L_000001aad1eb2fd0 .functor MUXZ 32, L_000001aad1eb3930, v000001aad1e2b1c0_0, v000001aad1e2a680_0, C4<>;
L_000001aad1eb4650 .functor MUXZ 32, L_000001aad1eb2fd0, v000001aad1e2b6c0_0, v000001aad1e2b940_0, C4<>;
S_000001aad1a133a0 .scope module, "u_dmem" "memory" 2 94, 13 8 0, S_000001aad1d49f00;
 .timescale -9 -12;
    .port_info 0 /INPUT 1 "i_clk";
    .port_info 1 /INPUT 1 "i_rst";
    .port_info 2 /OUTPUT 1 "o_ready";
    .port_info 3 /INPUT 32 "i_addr";
    .port_info 4 /INPUT 1 "i_ren";
    .port_info 5 /INPUT 1 "i_wen";
    .port_info 6 /INPUT 4 "i_mask";
    .port_info 7 /INPUT 32 "i_wdata";
    .port_info 8 /OUTPUT 1 "o_valid";
    .port_info 9 /OUTPUT 32 "o_addr";
    .port_info 10 /OUTPUT 1 "o_wdone";
    .port_info 11 /OUTPUT 32 "o_rdata";
P_000001aad1a00760 .param/l "INTERVAL" 0 13 14, +C4<00000000000000000000000000000010>;
P_000001aad1a00798 .param/l "LATENCY" 0 13 12, +C4<00000000000000000000000000000100>;
P_000001aad1a007d0 .param/l "SIZE" 0 13 10, +C4<00000000000000000000010000000000>;
L_000001aad1efa7e0 .functor NOT 1, v000001aad1e32e20_0, C4<0>, C4<0>, C4<0>;
L_000001aad1efad90 .functor AND 1, L_000001aad1efa7e0, L_000001aad1eb5870, C4<1>, C4<1>;
v000001aad1e2d060_2 .array/port v000001aad1e2d060, 2;
L_000001aad1efb260 .functor BUFZ 32, v000001aad1e2d060_2, C4<00000000000000000000000000000000>, C4<00000000000000000000000000000000>, C4<00000000000000000000000000000000>;
v000001aad1e2c0c0_2 .array/port v000001aad1e2c0c0, 2;
L_000001aad1efbb90 .functor BUFZ 4, v000001aad1e2c0c0_2, C4<0000>, C4<0000>, C4<0000>;
v000001aad1e2fea0_2 .array/port v000001aad1e2fea0, 2;
L_000001aad1efbc70 .functor BUFZ 32, v000001aad1e2fea0_2, C4<00000000000000000000000000000000>, C4<00000000000000000000000000000000>, C4<00000000000000000000000000000000>;
v000001aad1e2d060_3 .array/port v000001aad1e2d060, 3;
L_000001aad1efaa80 .functor BUFZ 32, v000001aad1e2d060_3, C4<00000000000000000000000000000000>, C4<00000000000000000000000000000000>, C4<00000000000000000000000000000000>;
v000001aad1e2f9a0_3 .array/port v000001aad1e2f9a0, 3;
L_000001aad1efb0a0 .functor BUFZ 1, v000001aad1e2f9a0_3, C4<0>, C4<0>, C4<0>;
v000001aad1e2ff40_2 .array/port v000001aad1e2ff40, 2;
L_000001aad1efbce0 .functor BUFZ 1, v000001aad1e2ff40_2, C4<0>, C4<0>, C4<0>;
L_000001aad1efa8c0 .functor BUFZ 32, L_000001aad1eb73f0, C4<00000000000000000000000000000000>, C4<00000000000000000000000000000000>, C4<00000000000000000000000000000000>;
L_000001aad1efa3f0 .functor BUFZ 32, L_000001aad1efaa80, C4<00000000000000000000000000000000>, C4<00000000000000000000000000000000>, C4<00000000000000000000000000000000>;
L_000001aad1efb570 .functor BUFZ 1, L_000001aad1efb0a0, C4<0>, C4<0>, C4<0>;
L_000001aad1efb110 .functor BUFZ 1, L_000001aad1efbce0, C4<0>, C4<0>, C4<0>;
L_000001aad1efa310 .functor BUFZ 1, L_000001aad1efad90, C4<0>, C4<0>, C4<0>;
v000001aad1e2c700_0 .net *"_ivl_0", 0 0, L_000001aad1efa7e0;  1 drivers
v000001aad1e2cde0_0 .net *"_ivl_2", 31 0, L_000001aad1eb7850;  1 drivers
v000001aad1e2c2a0_0 .net *"_ivl_32", 7 0, L_000001aad1eb6a90;  1 drivers
L_000001aad1e41e80 .functor BUFT 1, C4<00000000000000000000000000000011>, C4<0>, C4<0>, C4<0>;
v000001aad1e2dba0_0 .net/2u *"_ivl_34", 31 0, L_000001aad1e41e80;  1 drivers
v000001aad1e2e460_0 .net *"_ivl_36", 31 0, L_000001aad1eb7350;  1 drivers
v000001aad1e2dc40_0 .net *"_ivl_38", 7 0, L_000001aad1eb6d10;  1 drivers
L_000001aad1e41ec8 .functor BUFT 1, C4<00000000000000000000000000000010>, C4<0>, C4<0>, C4<0>;
v000001aad1e2e500_0 .net/2u *"_ivl_40", 31 0, L_000001aad1e41ec8;  1 drivers
v000001aad1e2c5c0_0 .net *"_ivl_42", 31 0, L_000001aad1eb6810;  1 drivers
v000001aad1e2df60_0 .net *"_ivl_44", 7 0, L_000001aad1eb5c30;  1 drivers
L_000001aad1e41f10 .functor BUFT 1, C4<00000000000000000000000000000001>, C4<0>, C4<0>, C4<0>;
v000001aad1e2d600_0 .net/2u *"_ivl_46", 31 0, L_000001aad1e41f10;  1 drivers
v000001aad1e2e000_0 .net *"_ivl_48", 31 0, L_000001aad1eb6270;  1 drivers
L_000001aad1e41df0 .functor BUFT 1, C4<0000000000000000000000000000000>, C4<0>, C4<0>, C4<0>;
v000001aad1e2d6a0_0 .net *"_ivl_5", 30 0, L_000001aad1e41df0;  1 drivers
v000001aad1e2c340_0 .net *"_ivl_50", 7 0, L_000001aad1eb6630;  1 drivers
L_000001aad1e41f58 .functor BUFT 1, C4<00000000000000000000000000000000>, C4<0>, C4<0>, C4<0>;
v000001aad1e2e5a0_0 .net/2u *"_ivl_52", 31 0, L_000001aad1e41f58;  1 drivers
v000001aad1e2e0a0_0 .net *"_ivl_54", 31 0, L_000001aad1eb5b90;  1 drivers
L_000001aad1e41e38 .functor BUFT 1, C4<00000000000000000000000000000000>, C4<0>, C4<0>, C4<0>;
v000001aad1e2cfc0_0 .net/2u *"_ivl_6", 31 0, L_000001aad1e41e38;  1 drivers
v000001aad1e2c3e0_0 .net *"_ivl_8", 0 0, L_000001aad1eb5870;  1 drivers
v000001aad1e2d060 .array "addrs", 3 0, 31 0;
v000001aad1e2c660_0 .net "i_addr", 31 0, L_000001aad1ef9f20;  alias, 1 drivers
v000001aad1e2c8e0_0 .net "i_clk", 0 0, v000001aad1e2fae0_0;  alias, 1 drivers
v000001aad1e2c480_0 .net "i_mask", 3 0, L_000001aad1eb3bb0;  alias, 1 drivers
v000001aad1e2e640_0 .net "i_ren", 0 0, L_000001aad1ef8cc0;  alias, 1 drivers
v000001aad1e2d740_0 .net "i_rst", 0 0, v000001aad1e32e20_0;  alias, 1 drivers
v000001aad1e2d100_0 .net "i_wdata", 31 0, L_000001aad1ef9200;  alias, 1 drivers
v000001aad1e2e6e0_0 .net "i_wen", 0 0, L_000001aad1ef9f90;  alias, 1 drivers
v000001aad1e2e780_0 .var "interval_counter", 0 0;
v000001aad1e2e820_0 .net "mask", 3 0, L_000001aad1efbb90;  1 drivers
v000001aad1e2c0c0 .array "masks", 3 0, 3 0;
v000001aad1e2cac0 .array "mem", 1023 0, 7 0;
v000001aad1e2cb60_0 .net "o_addr", 31 0, L_000001aad1efa3f0;  1 drivers
v000001aad1e2cca0_0 .net "o_rdata", 31 0, L_000001aad1efa8c0;  alias, 1 drivers
v000001aad1e2fc20_0 .net "o_ready", 0 0, L_000001aad1efa310;  alias, 1 drivers
v000001aad1e30580_0 .net "o_valid", 0 0, L_000001aad1efb570;  alias, 1 drivers
v000001aad1e2fcc0_0 .net "o_wdone", 0 0, L_000001aad1efb110;  alias, 1 drivers
v000001aad1e2f540_0 .net "raddr", 31 0, v000001aad1e2d060_3;  1 drivers
v000001aad1e30080_0 .net "ready", 0 0, L_000001aad1efad90;  1 drivers
v000001aad1e2f180_0 .net "ren", 0 0, v000001aad1e2f9a0_3;  1 drivers
v000001aad1e2f9a0 .array "rens", 3 0, 0 0;
v000001aad1e2f400_0 .net "res_addr", 31 0, L_000001aad1efaa80;  1 drivers
v000001aad1e2fe00_0 .net "res_rdata", 31 0, L_000001aad1eb73f0;  1 drivers
v000001aad1e30620_0 .net "res_valid", 0 0, L_000001aad1efb0a0;  1 drivers
v000001aad1e30260_0 .net "res_wdone", 0 0, L_000001aad1efbce0;  1 drivers
v000001aad1e304e0_0 .net "waddr", 31 0, L_000001aad1efb260;  1 drivers
v000001aad1e2f720_0 .net "wdata", 31 0, L_000001aad1efbc70;  1 drivers
v000001aad1e2fea0 .array "wdatas", 3 0, 31 0;
v000001aad1e309e0_0 .net "wen", 0 0, v000001aad1e2ff40_2;  1 drivers
v000001aad1e2ff40 .array "wens", 3 0, 0 0;
L_000001aad1eb7850 .concat [ 1 31 0 0], v000001aad1e2e780_0, L_000001aad1e41df0;
L_000001aad1eb5870 .cmp/eq 32, L_000001aad1eb7850, L_000001aad1e41e38;
L_000001aad1eb6a90 .array/port v000001aad1e2cac0, L_000001aad1eb7350;
L_000001aad1eb7350 .arith/sum 32, v000001aad1e2d060_3, L_000001aad1e41e80;
L_000001aad1eb6d10 .array/port v000001aad1e2cac0, L_000001aad1eb6810;
L_000001aad1eb6810 .arith/sum 32, v000001aad1e2d060_3, L_000001aad1e41ec8;
L_000001aad1eb5c30 .array/port v000001aad1e2cac0, L_000001aad1eb6270;
L_000001aad1eb6270 .arith/sum 32, v000001aad1e2d060_3, L_000001aad1e41f10;
L_000001aad1eb6630 .array/port v000001aad1e2cac0, L_000001aad1eb5b90;
L_000001aad1eb5b90 .arith/sum 32, v000001aad1e2d060_3, L_000001aad1e41f58;
L_000001aad1eb73f0 .concat [ 8 8 8 8], L_000001aad1eb6630, L_000001aad1eb5c30, L_000001aad1eb6d10, L_000001aad1eb6a90;
S_000001aad1a520b0 .scope generate, "genblk1[1]" "genblk1[1]" 13 102, 13 102 0, S_000001aad1a133a0;
 .timescale -9 -12;
P_000001aad1d0f800 .param/l "i" 0 13 102, +C4<01>;
S_000001aad1a52240 .scope generate, "genblk1[2]" "genblk1[2]" 13 102, 13 102 0, S_000001aad1a133a0;
 .timescale -9 -12;
P_000001aad1d0f840 .param/l "i" 0 13 102, +C4<010>;
S_000001aad1a523d0 .scope generate, "genblk1[3]" "genblk1[3]" 13 102, 13 102 0, S_000001aad1a133a0;
 .timescale -9 -12;
P_000001aad1d0f0c0 .param/l "i" 0 13 102, +C4<011>;
S_000001aad1a52770 .scope module, "u_imem" "memory" 2 75, 13 8 0, S_000001aad1d49f00;
 .timescale -9 -12;
    .port_info 0 /INPUT 1 "i_clk";
    .port_info 1 /INPUT 1 "i_rst";
    .port_info 2 /OUTPUT 1 "o_ready";
    .port_info 3 /INPUT 32 "i_addr";
    .port_info 4 /INPUT 1 "i_ren";
    .port_info 5 /INPUT 1 "i_wen";
    .port_info 6 /INPUT 4 "i_mask";
    .port_info 7 /INPUT 32 "i_wdata";
    .port_info 8 /OUTPUT 1 "o_valid";
    .port_info 9 /OUTPUT 32 "o_addr";
    .port_info 10 /OUTPUT 1 "o_wdone";
    .port_info 11 /OUTPUT 32 "o_rdata";
P_000001aad1a008c0 .param/l "INTERVAL" 0 13 14, +C4<00000000000000000000000000000010>;
P_000001aad1a008f8 .param/l "LATENCY" 0 13 12, +C4<00000000000000000000000000000100>;
P_000001aad1a00930 .param/l "SIZE" 0 13 10, +C4<00000000000000000000010000000000>;
L_000001aad1efbc00 .functor NOT 1, v000001aad1e32e20_0, C4<0>, C4<0>, C4<0>;
L_000001aad1efbab0 .functor AND 1, L_000001aad1efbc00, L_000001aad1eb5370, C4<1>, C4<1>;
v000001aad1e2f0e0_2 .array/port v000001aad1e2f0e0, 2;
L_000001aad1efb960 .functor BUFZ 32, v000001aad1e2f0e0_2, C4<00000000000000000000000000000000>, C4<00000000000000000000000000000000>, C4<00000000000000000000000000000000>;
v000001aad1e2f2c0_2 .array/port v000001aad1e2f2c0, 2;
L_000001aad1efb810 .functor BUFZ 4, v000001aad1e2f2c0_2, C4<0000>, C4<0000>, C4<0000>;
v000001aad1e2f040_2 .array/port v000001aad1e2f040, 2;
L_000001aad1efa380 .functor BUFZ 32, v000001aad1e2f040_2, C4<00000000000000000000000000000000>, C4<00000000000000000000000000000000>, C4<00000000000000000000000000000000>;
v000001aad1e2f0e0_3 .array/port v000001aad1e2f0e0, 3;
L_000001aad1efb490 .functor BUFZ 32, v000001aad1e2f0e0_3, C4<00000000000000000000000000000000>, C4<00000000000000000000000000000000>, C4<00000000000000000000000000000000>;
v000001aad1e2e8c0_3 .array/port v000001aad1e2e8c0, 3;
L_000001aad1efb340 .functor BUFZ 1, v000001aad1e2e8c0_3, C4<0>, C4<0>, C4<0>;
v000001aad1e2ef00_2 .array/port v000001aad1e2ef00, 2;
L_000001aad1efae70 .functor BUFZ 1, v000001aad1e2ef00_2, C4<0>, C4<0>, C4<0>;
L_000001aad1efaee0 .functor BUFZ 32, L_000001aad1eb6bd0, C4<00000000000000000000000000000000>, C4<00000000000000000000000000000000>, C4<00000000000000000000000000000000>;
L_000001aad1efad20 .functor BUFZ 32, L_000001aad1efb490, C4<00000000000000000000000000000000>, C4<00000000000000000000000000000000>, C4<00000000000000000000000000000000>;
L_000001aad1efa620 .functor BUFZ 1, L_000001aad1efb340, C4<0>, C4<0>, C4<0>;
L_000001aad1efb5e0 .functor BUFZ 1, L_000001aad1efae70, C4<0>, C4<0>, C4<0>;
L_000001aad1efaf50 .functor BUFZ 1, L_000001aad1efbab0, C4<0>, C4<0>, C4<0>;
v000001aad1e2ed20_0 .net *"_ivl_0", 0 0, L_000001aad1efbc00;  1 drivers
v000001aad1e2f5e0_0 .net *"_ivl_2", 31 0, L_000001aad1eb52d0;  1 drivers
v000001aad1e30a80_0 .net *"_ivl_32", 7 0, L_000001aad1eb36b0;  1 drivers
L_000001aad1e41bf8 .functor BUFT 1, C4<00000000000000000000000000000011>, C4<0>, C4<0>, C4<0>;
v000001aad1e2fa40_0 .net/2u *"_ivl_34", 31 0, L_000001aad1e41bf8;  1 drivers
v000001aad1e306c0_0 .net *"_ivl_36", 31 0, L_000001aad1eb5410;  1 drivers
v000001aad1e30760_0 .net *"_ivl_38", 7 0, L_000001aad1eb6590;  1 drivers
L_000001aad1e41c40 .functor BUFT 1, C4<00000000000000000000000000000010>, C4<0>, C4<0>, C4<0>;
v000001aad1e2ffe0_0 .net/2u *"_ivl_40", 31 0, L_000001aad1e41c40;  1 drivers
v000001aad1e2f680_0 .net *"_ivl_42", 31 0, L_000001aad1eb6310;  1 drivers
v000001aad1e30c60_0 .net *"_ivl_44", 7 0, L_000001aad1eb7cb0;  1 drivers
L_000001aad1e41c88 .functor BUFT 1, C4<00000000000000000000000000000001>, C4<0>, C4<0>, C4<0>;
v000001aad1e30120_0 .net/2u *"_ivl_46", 31 0, L_000001aad1e41c88;  1 drivers
v000001aad1e30b20_0 .net *"_ivl_48", 31 0, L_000001aad1eb5ff0;  1 drivers
L_000001aad1e41b68 .functor BUFT 1, C4<0000000000000000000000000000000>, C4<0>, C4<0>, C4<0>;
v000001aad1e2f360_0 .net *"_ivl_5", 30 0, L_000001aad1e41b68;  1 drivers
v000001aad1e2f4a0_0 .net *"_ivl_50", 7 0, L_000001aad1eb5910;  1 drivers
L_000001aad1e41cd0 .functor BUFT 1, C4<00000000000000000000000000000000>, C4<0>, C4<0>, C4<0>;
v000001aad1e30bc0_0 .net/2u *"_ivl_52", 31 0, L_000001aad1e41cd0;  1 drivers
v000001aad1e2fb80_0 .net *"_ivl_54", 31 0, L_000001aad1eb7210;  1 drivers
L_000001aad1e41bb0 .functor BUFT 1, C4<00000000000000000000000000000000>, C4<0>, C4<0>, C4<0>;
v000001aad1e30940_0 .net/2u *"_ivl_6", 31 0, L_000001aad1e41bb0;  1 drivers
v000001aad1e2efa0_0 .net *"_ivl_8", 0 0, L_000001aad1eb5370;  1 drivers
v000001aad1e2f0e0 .array "addrs", 3 0, 31 0;
v000001aad1e2f900_0 .net "i_addr", 31 0, L_000001aad1ed1140;  alias, 1 drivers
v000001aad1e301c0_0 .net "i_clk", 0 0, v000001aad1e2fae0_0;  alias, 1 drivers
L_000001aad1e41d60 .functor BUFT 1, C4<1111>, C4<0>, C4<0>, C4<0>;
v000001aad1e30300_0 .net "i_mask", 3 0, L_000001aad1e41d60;  1 drivers
v000001aad1e2f220_0 .net "i_ren", 0 0, L_000001aad1ed1290;  alias, 1 drivers
v000001aad1e303a0_0 .net "i_rst", 0 0, v000001aad1e32e20_0;  alias, 1 drivers
L_000001aad1e41da8 .functor BUFT 1, C4<00000000000000000000000000000000>, C4<0>, C4<0>, C4<0>;
v000001aad1e30800_0 .net "i_wdata", 31 0, L_000001aad1e41da8;  1 drivers
L_000001aad1e41d18 .functor BUFT 1, C4<0>, C4<0>, C4<0>, C4<0>;
v000001aad1e30440_0 .net "i_wen", 0 0, L_000001aad1e41d18;  1 drivers
v000001aad1e308a0_0 .var "interval_counter", 0 0;
v000001aad1e30d00_0 .net "mask", 3 0, L_000001aad1efb810;  1 drivers
v000001aad1e2f2c0 .array "masks", 3 0, 3 0;
v000001aad1e2f7c0 .array "mem", 1023 0, 7 0;
v000001aad1e2fd60_0 .net "o_addr", 31 0, L_000001aad1efad20;  1 drivers
v000001aad1e2ec80_0 .net "o_rdata", 31 0, L_000001aad1efaee0;  alias, 1 drivers
v000001aad1e31020_0 .net "o_ready", 0 0, L_000001aad1efaf50;  alias, 1 drivers
v000001aad1e30da0_0 .net "o_valid", 0 0, L_000001aad1efa620;  alias, 1 drivers
v000001aad1e2e960_0 .net "o_wdone", 0 0, L_000001aad1efb5e0;  1 drivers
v000001aad1e30e40_0 .net "raddr", 31 0, v000001aad1e2f0e0_3;  1 drivers
v000001aad1e2eaa0_0 .net "ready", 0 0, L_000001aad1efbab0;  1 drivers
v000001aad1e30ee0_0 .net "ren", 0 0, v000001aad1e2e8c0_3;  1 drivers
v000001aad1e2e8c0 .array "rens", 3 0, 0 0;
v000001aad1e2f860_0 .net "res_addr", 31 0, L_000001aad1efb490;  1 drivers
v000001aad1e30f80_0 .net "res_rdata", 31 0, L_000001aad1eb6bd0;  1 drivers
v000001aad1e2ea00_0 .net "res_valid", 0 0, L_000001aad1efb340;  1 drivers
v000001aad1e2eb40_0 .net "res_wdone", 0 0, L_000001aad1efae70;  1 drivers
v000001aad1e2ebe0_0 .net "waddr", 31 0, L_000001aad1efb960;  1 drivers
v000001aad1e2edc0_0 .net "wdata", 31 0, L_000001aad1efa380;  1 drivers
v000001aad1e2f040 .array "wdatas", 3 0, 31 0;
v000001aad1e2ee60_0 .net "wen", 0 0, v000001aad1e2ef00_2;  1 drivers
v000001aad1e2ef00 .array "wens", 3 0, 0 0;
L_000001aad1eb52d0 .concat [ 1 31 0 0], v000001aad1e308a0_0, L_000001aad1e41b68;
L_000001aad1eb5370 .cmp/eq 32, L_000001aad1eb52d0, L_000001aad1e41bb0;
L_000001aad1eb36b0 .array/port v000001aad1e2f7c0, L_000001aad1eb5410;
L_000001aad1eb5410 .arith/sum 32, v000001aad1e2f0e0_3, L_000001aad1e41bf8;
L_000001aad1eb6590 .array/port v000001aad1e2f7c0, L_000001aad1eb6310;
L_000001aad1eb6310 .arith/sum 32, v000001aad1e2f0e0_3, L_000001aad1e41c40;
L_000001aad1eb7cb0 .array/port v000001aad1e2f7c0, L_000001aad1eb5ff0;
L_000001aad1eb5ff0 .arith/sum 32, v000001aad1e2f0e0_3, L_000001aad1e41c88;
L_000001aad1eb5910 .array/port v000001aad1e2f7c0, L_000001aad1eb7210;
L_000001aad1eb7210 .arith/sum 32, v000001aad1e2f0e0_3, L_000001aad1e41cd0;
L_000001aad1eb6bd0 .concat [ 8 8 8 8], L_000001aad1eb5910, L_000001aad1eb7cb0, L_000001aad1eb6590, L_000001aad1eb36b0;
S_000001aad1dc6b70 .scope generate, "genblk1[1]" "genblk1[1]" 13 102, 13 102 0, S_000001aad1a52770;
 .timescale -9 -12;
P_000001aad1d0fc80 .param/l "i" 0 13 102, +C4<01>;
S_000001aad1dc66c0 .scope generate, "genblk1[2]" "genblk1[2]" 13 102, 13 102 0, S_000001aad1a52770;
 .timescale -9 -12;
P_000001aad1d0f9c0 .param/l "i" 0 13 102, +C4<010>;
S_000001aad1dc6e90 .scope generate, "genblk1[3]" "genblk1[3]" 13 102, 13 102 0, S_000001aad1a52770;
 .timescale -9 -12;
P_000001aad1d0f180 .param/l "i" 0 13 102, +C4<011>;
    .scope S_000001aad1d4b7b0;
T_0 ;
    %wait E_000001aad1d0f380;
    %load/vec4 v000001aad1dfa890_0;
    %flag_set/vec4 8;
    %jmp/0xz  T_0.0, 8;
    %pushi/vec4 0, 0, 2;
    %assign/vec4 v000001aad1dee270_0, 0;
    %pushi/vec4 0, 0, 22;
    %assign/vec4 v000001aad1df92b0_0, 0;
    %pushi/vec4 0, 0, 5;
    %assign/vec4 v000001aad1df9030_0, 0;
    %pushi/vec4 0, 0, 4;
    %assign/vec4 v000001aad1dfb790_0, 0;
    %pushi/vec4 0, 0, 2;
    %assign/vec4 v000001aad1dfbe70_0, 0;
    %pushi/vec4 0, 0, 1;
    %assign/vec4 v000001aad1dfacf0_0, 0;
    %pushi/vec4 0, 0, 1;
    %assign/vec4 v000001aad1dfabb0_0, 0;
    %pushi/vec4 0, 0, 4;
    %assign/vec4 v000001aad1dfb010_0, 0;
    %pushi/vec4 0, 0, 32;
    %assign/vec4 v000001aad1dfbbf0_0, 0;
    %pushi/vec4 0, 0, 4;
    %assign/vec4 v000001aad1ded4b0_0, 0;
    %pushi/vec4 0, 0, 4;
    %assign/vec4 v000001aad1dedeb0_0, 0;
    %pushi/vec4 0, 0, 1;
    %assign/vec4 v000001aad1dedb90_0, 0;
    %pushi/vec4 0, 0, 22;
    %assign/vec4 v000001aad1decab0_0, 0;
    %pushi/vec4 0, 0, 5;
    %assign/vec4 v000001aad1dec830_0, 0;
    %pushi/vec4 0, 0, 4;
    %assign/vec4 v000001aad1dee130_0, 0;
    %pushi/vec4 0, 0, 2;
    %assign/vec4 v000001aad1dee090_0, 0;
    %pushi/vec4 0, 0, 1;
    %assign/vec4 v000001aad1dec1f0_0, 0;
    %pushi/vec4 0, 0, 1;
    %assign/vec4 v000001aad1dee770_0, 0;
    %pushi/vec4 0, 0, 4;
    %assign/vec4 v000001aad1dec5b0_0, 0;
    %pushi/vec4 0, 0, 32;
    %assign/vec4 v000001aad1dec290_0, 0;
    %pushi/vec4 0, 0, 1;
    %assign/vec4 v000001aad1dfa750_0, 0;
    %pushi/vec4 0, 0, 1;
    %assign/vec4 v000001aad1dfaa70_0, 0;
    %pushi/vec4 0, 0, 32;
    %assign/vec4 v000001aad1df9d50_0, 0;
    %pushi/vec4 0, 0, 1;
    %assign/vec4 v000001aad1dec150_0, 0;
    %pushi/vec4 0, 0, 22;
    %assign/vec4 v000001aad1dede10_0, 0;
    %pushi/vec4 0, 0, 5;
    %assign/vec4 v000001aad1ded190_0, 0;
    %pushi/vec4 0, 0, 4;
    %assign/vec4 v000001aad1dec510_0, 0;
    %pushi/vec4 0, 0, 1;
    %assign/vec4 v000001aad1dfbab0_0, 0;
    %pushi/vec4 0, 0, 4;
    %assign/vec4 v000001aad1dfbb50_0, 0;
    %pushi/vec4 0, 0, 32;
    %assign/vec4 v000001aad1dece70_0, 0;
    %pushi/vec4 0, 0, 5;
    %assign/vec4 v000001aad1df02f0_0, 0;
    %pushi/vec4 0, 0, 5;
    %assign/vec4 v000001aad1dee9f0_0, 0;
    %pushi/vec4 0, 0, 6;
    %assign/vec4 v000001aad1decb50_0, 0;
    %pushi/vec4 0, 0, 32;
    %assign/vec4 v000001aad1ded5f0_0, 0;
    %pushi/vec4 0, 0, 32;
    %assign/vec4 v000001aad1dee3b0_0, 0;
    %pushi/vec4 0, 0, 32;
    %assign/vec4 v000001aad1ded2d0_0, 0;
    %pushi/vec4 0, 0, 32;
    %assign/vec4 v000001aad1ded370_0, 0;
    %jmp T_0.1;
T_0.0 ;
    %pushi/vec4 0, 0, 1;
    %assign/vec4 v000001aad1dfaa70_0, 0;
    %load/vec4 v000001aad1defe90_0;
    %flag_set/vec4 8;
    %jmp/0xz  T_0.2, 8;
    %load/vec4 v000001aad1def0d0_0;
    %load/vec4 v000001aad1dee9f0_0;
    %pad/u 7;
    %ix/vec4 3;
    %ix/load 4, 0, 0; Constant delay
    %assign/vec4/a/d v000001aad1dec470, 0, 4;
    %load/vec4 v000001aad1def350_0;
    %load/vec4 v000001aad1dee9f0_0;
    %pad/u 7;
    %ix/vec4 3;
    %ix/load 4, 0, 0; Constant delay
    %assign/vec4/a/d v000001aad1decc90, 0, 4;
T_0.2 ;
    %load/vec4 v000001aad1def3f0_0;
    %flag_set/vec4 8;
    %jmp/0xz  T_0.4, 8;
    %load/vec4 v000001aad1df02f0_0;
    %addi 1, 0, 5;
    %assign/vec4 v000001aad1df02f0_0, 0;
T_0.4 ;
    %load/vec4 v000001aad1defe90_0;
    %flag_set/vec4 8;
    %jmp/0xz  T_0.6, 8;
    %load/vec4 v000001aad1dee9f0_0;
    %addi 1, 0, 5;
    %assign/vec4 v000001aad1dee9f0_0, 0;
T_0.6 ;
    %load/vec4 v000001aad1defe90_0;
    %load/vec4 v000001aad1def3f0_0;
    %concat/vec4; draw_concat_vec4
    %dup/vec4;
    %pushi/vec4 2, 0, 2;
    %cmp/u;
    %jmp/1 T_0.8, 6;
    %dup/vec4;
    %pushi/vec4 1, 0, 2;
    %cmp/u;
    %jmp/1 T_0.9, 6;
    %load/vec4 v000001aad1decb50_0;
    %assign/vec4 v000001aad1decb50_0, 0;
    %jmp T_0.11;
T_0.8 ;
    %load/vec4 v000001aad1decb50_0;
    %addi 1, 0, 6;
    %assign/vec4 v000001aad1decb50_0, 0;
    %jmp T_0.11;
T_0.9 ;
    %load/vec4 v000001aad1decb50_0;
    %subi 1, 0, 6;
    %assign/vec4 v000001aad1decb50_0, 0;
    %jmp T_0.11;
T_0.11 ;
    %pop/vec4 1;
    %load/vec4 v000001aad1dee310_0;
    %load/vec4 v000001aad1dec150_0;
    %inv;
    %and;
    %flag_set/vec4 8;
    %jmp/0xz  T_0.12, 8;
    %pushi/vec4 1, 0, 1;
    %assign/vec4 v000001aad1dec150_0, 0;
    %load/vec4 v000001aad1decfb0_0;
    %assign/vec4 v000001aad1dede10_0, 0;
    %load/vec4 v000001aad1dee6d0_0;
    %assign/vec4 v000001aad1ded190_0, 0;
    %load/vec4 v000001aad1dedff0_0;
    %assign/vec4 v000001aad1dec510_0, 0;
    %load/vec4 v000001aad1dfa4d0_0;
    %assign/vec4 v000001aad1dfbab0_0, 0;
    %load/vec4 v000001aad1dfa110_0;
    %assign/vec4 v000001aad1dfbb50_0, 0;
    %load/vec4 v000001aad1dfa930_0;
    %assign/vec4 v000001aad1dece70_0, 0;
T_0.12 ;
    %load/vec4 v000001aad1dee270_0;
    %dup/vec4;
    %pushi/vec4 0, 0, 2;
    %cmp/u;
    %jmp/1 T_0.14, 6;
    %dup/vec4;
    %pushi/vec4 1, 0, 2;
    %cmp/u;
    %jmp/1 T_0.15, 6;
    %dup/vec4;
    %pushi/vec4 2, 0, 2;
    %cmp/u;
    %jmp/1 T_0.16, 6;
    %pushi/vec4 0, 0, 2;
    %assign/vec4 v000001aad1dee270_0, 0;
    %jmp T_0.18;
T_0.14 ;
    %load/vec4 v000001aad1dec150_0;
    %flag_set/vec4 8;
    %jmp/0xz  T_0.19, 8;
    %load/vec4 v000001aad1dfb970_0;
    %flag_set/vec4 8;
    %jmp/0xz  T_0.21, 8;
    %load/vec4 v000001aad1dfba10_0;
    %addi 1, 0, 2;
    %load/vec4 v000001aad1ded190_0;
    %pad/u 7;
    %ix/vec4 3;
    %ix/load 4, 0, 0; Constant delay
    %assign/vec4/a/d v000001aad1dedc30, 0, 4;
    %pushi/vec4 0, 0, 1;
    %assign/vec4 v000001aad1dec150_0, 0;
    %jmp T_0.22;
T_0.21 ;
    %load/vec4 v000001aad1dede10_0;
    %assign/vec4 v000001aad1df92b0_0, 0;
    %load/vec4 v000001aad1ded190_0;
    %assign/vec4 v000001aad1df9030_0, 0;
    %load/vec4 v000001aad1dec510_0;
    %assign/vec4 v000001aad1dfb790_0, 0;
    %load/vec4 v000001aad1dedaf0_0;
    %assign/vec4 v000001aad1dfbe70_0, 0;
    %load/vec4 v000001aad1dfbab0_0;
    %assign/vec4 v000001aad1dfacf0_0, 0;
    %pushi/vec4 0, 0, 1;
    %assign/vec4 v000001aad1dfabb0_0, 0;
    %load/vec4 v000001aad1dfbb50_0;
    %assign/vec4 v000001aad1dfb010_0, 0;
    %load/vec4 v000001aad1dece70_0;
    %assign/vec4 v000001aad1dfbbf0_0, 0;
    %pushi/vec4 0, 0, 4;
    %assign/vec4 v000001aad1ded4b0_0, 0;
    %pushi/vec4 0, 0, 1;
    %assign/vec4 v000001aad1dedb90_0, 0;
    %load/vec4 v000001aad1dede10_0;
    %assign/vec4 v000001aad1decab0_0, 0;
    %load/vec4 v000001aad1ded190_0;
    %assign/vec4 v000001aad1dec830_0, 0;
    %load/vec4 v000001aad1dec510_0;
    %assign/vec4 v000001aad1dee130_0, 0;
    %load/vec4 v000001aad1dedaf0_0;
    %assign/vec4 v000001aad1dee090_0, 0;
    %load/vec4 v000001aad1dfbab0_0;
    %assign/vec4 v000001aad1dec1f0_0, 0;
    %pushi/vec4 0, 0, 1;
    %assign/vec4 v000001aad1dee770_0, 0;
    %load/vec4 v000001aad1dfbb50_0;
    %assign/vec4 v000001aad1dec5b0_0, 0;
    %load/vec4 v000001aad1dece70_0;
    %assign/vec4 v000001aad1dec290_0, 0;
    %pushi/vec4 0, 0, 4;
    %assign/vec4 v000001aad1dedeb0_0, 0;
    %pushi/vec4 0, 0, 1;
    %assign/vec4 v000001aad1dfa750_0, 0;
    %pushi/vec4 0, 0, 1;
    %assign/vec4 v000001aad1dec150_0, 0;
    %pushi/vec4 1, 0, 2;
    %assign/vec4 v000001aad1dee270_0, 0;
T_0.22 ;
    %jmp T_0.20;
T_0.19 ;
    %load/vec4 v000001aad1dfa250_0;
    %load/vec4 v000001aad1dfae30_0;
    %and;
    %flag_set/vec4 8;
    %jmp/0xz  T_0.23, 8;
    %load/vec4 v000001aad1dfac50_0;
    %addi 1, 0, 2;
    %load/vec4 v000001aad1dee6d0_0;
    %pad/u 7;
    %ix/vec4 3;
    %ix/load 4, 0, 0; Constant delay
    %assign/vec4/a/d v000001aad1dedc30, 0, 4;
    %jmp T_0.24;
T_0.23 ;
    %load/vec4 v000001aad1df0a70_0;
    %flag_set/vec4 8;
    %jmp/0xz  T_0.25, 8;
    %load/vec4 v000001aad1dfac50_0;
    %dup/vec4;
    %pushi/vec4 0, 0, 2;
    %cmp/u;
    %jmp/1 T_0.27, 6;
    %dup/vec4;
    %pushi/vec4 1, 0, 2;
    %cmp/u;
    %jmp/1 T_0.28, 6;
    %dup/vec4;
    %pushi/vec4 2, 0, 2;
    %cmp/u;
    %jmp/1 T_0.29, 6;
    %load/vec4 v000001aad1dfaed0_0;
    %load/vec4 v000001aad1dee6d0_0;
    %pad/u 11;
    %pad/u 14;
    %muli 8, 0, 14;
    %pad/u 15;
    %load/vec4 v000001aad1dedff0_0;
    %pad/u 5;
    %pad/u 15;
    %add;
    %ix/vec4 3;
    %ix/load 4, 0, 0; Constant delay
    %assign/vec4/a/d v000001aad1dfad90, 0, 4;
    %jmp T_0.31;
T_0.27 ;
    %load/vec4 v000001aad1dfaed0_0;
    %load/vec4 v000001aad1dee6d0_0;
    %pad/u 11;
    %pad/u 14;
    %muli 8, 0, 14;
    %pad/u 15;
    %load/vec4 v000001aad1dedff0_0;
    %pad/u 5;
    %pad/u 15;
    %add;
    %ix/vec4 3;
    %ix/load 4, 0, 0; Constant delay
    %assign/vec4/a/d v000001aad1df8e50, 0, 4;
    %jmp T_0.31;
T_0.28 ;
    %load/vec4 v000001aad1dfaed0_0;
    %load/vec4 v000001aad1dee6d0_0;
    %pad/u 11;
    %pad/u 14;
    %muli 8, 0, 14;
    %pad/u 15;
    %load/vec4 v000001aad1dedff0_0;
    %pad/u 5;
    %pad/u 15;
    %add;
    %ix/vec4 3;
    %ix/load 4, 0, 0; Constant delay
    %assign/vec4/a/d v000001aad1df8a90, 0, 4;
    %jmp T_0.31;
T_0.29 ;
    %load/vec4 v000001aad1dfaed0_0;
    %load/vec4 v000001aad1dee6d0_0;
    %pad/u 11;
    %pad/u 14;
    %muli 8, 0, 14;
    %pad/u 15;
    %load/vec4 v000001aad1dedff0_0;
    %pad/u 5;
    %pad/u 15;
    %add;
    %ix/vec4 3;
    %ix/load 4, 0, 0; Constant delay
    %assign/vec4/a/d v000001aad1dfa070, 0, 4;
    %jmp T_0.31;
T_0.31 ;
    %pop/vec4 1;
    %load/vec4 v000001aad1dfac50_0;
    %addi 1, 0, 2;
    %load/vec4 v000001aad1dee6d0_0;
    %pad/u 7;
    %ix/vec4 3;
    %ix/load 4, 0, 0; Constant delay
    %assign/vec4/a/d v000001aad1dedc30, 0, 4;
    %jmp T_0.26;
T_0.25 ;
    %load/vec4 v000001aad1df0c50_0;
    %flag_set/vec4 8;
    %jmp/0xz  T_0.32, 8;
    %load/vec4 v000001aad1decfb0_0;
    %assign/vec4 v000001aad1df92b0_0, 0;
    %load/vec4 v000001aad1dee6d0_0;
    %assign/vec4 v000001aad1df9030_0, 0;
    %load/vec4 v000001aad1dedff0_0;
    %assign/vec4 v000001aad1dfb790_0, 0;
    %load/vec4 v000001aad1dfac50_0;
    %assign/vec4 v000001aad1dfbe70_0, 0;
    %pushi/vec4 1, 0, 1;
    %assign/vec4 v000001aad1dfacf0_0, 0;
    %pushi/vec4 0, 0, 1;
    %assign/vec4 v000001aad1dfabb0_0, 0;
    %load/vec4 v000001aad1dfa110_0;
    %assign/vec4 v000001aad1dfb010_0, 0;
    %load/vec4 v000001aad1dfa930_0;
    %assign/vec4 v000001aad1dfbbf0_0, 0;
    %load/vec4 v000001aad1decfb0_0;
    %assign/vec4 v000001aad1decab0_0, 0;
    %load/vec4 v000001aad1dee6d0_0;
    %assign/vec4 v000001aad1dec830_0, 0;
    %load/vec4 v000001aad1dedff0_0;
    %assign/vec4 v000001aad1dee130_0, 0;
    %load/vec4 v000001aad1dfac50_0;
    %assign/vec4 v000001aad1dee090_0, 0;
    %pushi/vec4 1, 0, 1;
    %assign/vec4 v000001aad1dec1f0_0, 0;
    %pushi/vec4 0, 0, 1;
    %assign/vec4 v000001aad1dee770_0, 0;
    %load/vec4 v000001aad1dfa110_0;
    %assign/vec4 v000001aad1dec5b0_0, 0;
    %load/vec4 v000001aad1dfa930_0;
    %assign/vec4 v000001aad1dec290_0, 0;
    %pushi/vec4 0, 0, 1;
    %assign/vec4 v000001aad1dfa750_0, 0;
    %pushi/vec4 2, 0, 2;
    %assign/vec4 v000001aad1dee270_0, 0;
    %jmp T_0.33;
T_0.32 ;
    %load/vec4 v000001aad1decdd0_0;
    %load/vec4 v000001aad1df0930_0;
    %or;
    %flag_set/vec4 8;
    %jmp/0xz  T_0.34, 8;
    %load/vec4 v000001aad1decfb0_0;
    %assign/vec4 v000001aad1df92b0_0, 0;
    %load/vec4 v000001aad1dee6d0_0;
    %assign/vec4 v000001aad1df9030_0, 0;
    %load/vec4 v000001aad1dedff0_0;
    %assign/vec4 v000001aad1dfb790_0, 0;
    %load/vec4 v000001aad1ded550_0;
    %assign/vec4 v000001aad1dfbe70_0, 0;
    %load/vec4 v000001aad1dfa4d0_0;
    %assign/vec4 v000001aad1dfacf0_0, 0;
    %pushi/vec4 0, 0, 1;
    %assign/vec4 v000001aad1dfabb0_0, 0;
    %load/vec4 v000001aad1dfa110_0;
    %assign/vec4 v000001aad1dfb010_0, 0;
    %load/vec4 v000001aad1dfa930_0;
    %assign/vec4 v000001aad1dfbbf0_0, 0;
    %pushi/vec4 0, 0, 4;
    %assign/vec4 v000001aad1ded4b0_0, 0;
    %pushi/vec4 0, 0, 1;
    %assign/vec4 v000001aad1dedb90_0, 0;
    %load/vec4 v000001aad1decfb0_0;
    %assign/vec4 v000001aad1decab0_0, 0;
    %load/vec4 v000001aad1dee6d0_0;
    %assign/vec4 v000001aad1dec830_0, 0;
    %load/vec4 v000001aad1dedff0_0;
    %assign/vec4 v000001aad1dee130_0, 0;
    %load/vec4 v000001aad1ded550_0;
    %assign/vec4 v000001aad1dee090_0, 0;
    %load/vec4 v000001aad1dfa4d0_0;
    %assign/vec4 v000001aad1dec1f0_0, 0;
    %pushi/vec4 0, 0, 1;
    %assign/vec4 v000001aad1dee770_0, 0;
    %load/vec4 v000001aad1dfa110_0;
    %assign/vec4 v000001aad1dec5b0_0, 0;
    %load/vec4 v000001aad1dfa930_0;
    %assign/vec4 v000001aad1dec290_0, 0;
    %pushi/vec4 0, 0, 4;
    %assign/vec4 v000001aad1dedeb0_0, 0;
    %pushi/vec4 0, 0, 1;
    %assign/vec4 v000001aad1dfa750_0, 0;
    %pushi/vec4 1, 0, 2;
    %assign/vec4 v000001aad1dee270_0, 0;
T_0.34 ;
T_0.33 ;
T_0.26 ;
T_0.24 ;
T_0.20 ;
    %jmp T_0.18;
T_0.15 ;
    %load/vec4 v000001aad1dec790_0;
    %flag_set/vec4 8;
    %jmp/0xz  T_0.36, 8;
    %load/vec4 v000001aad1ded4b0_0;
    %cmpi/e 7, 0, 4;
    %jmp/0xz  T_0.38, 4;
    %pushi/vec4 1, 0, 1;
    %assign/vec4 v000001aad1dedb90_0, 0;
    %jmp T_0.39;
T_0.38 ;
    %load/vec4 v000001aad1ded4b0_0;
    %addi 1, 0, 4;
    %assign/vec4 v000001aad1ded4b0_0, 0;
T_0.39 ;
T_0.36 ;
    %load/vec4 v000001aad1dfa1b0_0;
    %flag_set/vec4 8;
    %jmp/0xz  T_0.40, 8;
    %load/vec4 v000001aad1dee090_0;
    %dup/vec4;
    %pushi/vec4 0, 0, 2;
    %cmp/u;
    %jmp/1 T_0.42, 6;
    %dup/vec4;
    %pushi/vec4 1, 0, 2;
    %cmp/u;
    %jmp/1 T_0.43, 6;
    %dup/vec4;
    %pushi/vec4 2, 0, 2;
    %cmp/u;
    %jmp/1 T_0.44, 6;
    %load/vec4 v000001aad1dfa7f0_0;
    %load/vec4 v000001aad1dec830_0;
    %pad/u 11;
    %pad/u 14;
    %muli 8, 0, 14;
    %pad/u 15;
    %load/vec4 v000001aad1dec6f0_0;
    %pad/u 5;
    %pad/u 15;
    %add;
    %ix/vec4 3;
    %ix/load 4, 0, 0; Constant delay
    %assign/vec4/a/d v000001aad1dfad90, 0, 4;
    %jmp T_0.46;
T_0.42 ;
    %load/vec4 v000001aad1dfa7f0_0;
    %load/vec4 v000001aad1dec830_0;
    %pad/u 11;
    %pad/u 14;
    %muli 8, 0, 14;
    %pad/u 15;
    %load/vec4 v000001aad1dec6f0_0;
    %pad/u 5;
    %pad/u 15;
    %add;
    %ix/vec4 3;
    %ix/load 4, 0, 0; Constant delay
    %assign/vec4/a/d v000001aad1df8e50, 0, 4;
    %jmp T_0.46;
T_0.43 ;
    %load/vec4 v000001aad1dfa7f0_0;
    %load/vec4 v000001aad1dec830_0;
    %pad/u 11;
    %pad/u 14;
    %muli 8, 0, 14;
    %pad/u 15;
    %load/vec4 v000001aad1dec6f0_0;
    %pad/u 5;
    %pad/u 15;
    %add;
    %ix/vec4 3;
    %ix/load 4, 0, 0; Constant delay
    %assign/vec4/a/d v000001aad1df8a90, 0, 4;
    %jmp T_0.46;
T_0.44 ;
    %load/vec4 v000001aad1dfa7f0_0;
    %load/vec4 v000001aad1dec830_0;
    %pad/u 11;
    %pad/u 14;
    %muli 8, 0, 14;
    %pad/u 15;
    %load/vec4 v000001aad1dec6f0_0;
    %pad/u 5;
    %pad/u 15;
    %add;
    %ix/vec4 3;
    %ix/load 4, 0, 0; Constant delay
    %assign/vec4/a/d v000001aad1dfa070, 0, 4;
    %jmp T_0.46;
T_0.46 ;
    %pop/vec4 1;
    %load/vec4 v000001aad1dedeb0_0;
    %cmpi/e 0, 0, 4;
    %flag_get/vec4 4;
    %jmp/0 T_0.50, 4;
    %load/vec4 v000001aad1dee770_0;
    %inv;
    %and;
T_0.50;
    %flag_set/vec4 9;
    %flag_get/vec4 9;
    %jmp/0 T_0.49, 9;
    %load/vec4 v000001aad1dec1f0_0;
    %inv;
    %and;
T_0.49;
    %flag_set/vec4 8;
    %jmp/0xz  T_0.47, 8;
    %pushi/vec4 1, 0, 1;
    %assign/vec4 v000001aad1dfaa70_0, 0;
    %load/vec4 v000001aad1dfa7f0_0;
    %assign/vec4 v000001aad1df9d50_0, 0;
T_0.47 ;
    %load/vec4 v000001aad1dedeb0_0;
    %cmpi/e 7, 0, 4;
    %jmp/0xz  T_0.51, 4;
    %load/vec4 v000001aad1dee090_0;
    %dup/vec4;
    %pushi/vec4 0, 0, 2;
    %cmp/u;
    %jmp/1 T_0.53, 6;
    %dup/vec4;
    %pushi/vec4 1, 0, 2;
    %cmp/u;
    %jmp/1 T_0.54, 6;
    %dup/vec4;
    %pushi/vec4 2, 0, 2;
    %cmp/u;
    %jmp/1 T_0.55, 6;
    %load/vec4 v000001aad1decab0_0;
    %load/vec4 v000001aad1dec830_0;
    %pad/u 7;
    %ix/vec4 3;
    %ix/load 4, 0, 0; Constant delay
    %assign/vec4/a/d v000001aad1ded690, 0, 4;
    %pushi/vec4 1, 0, 1;
    %ix/load 5, 0, 0;
    %ix/getv 4, v000001aad1dec830_0;
    %assign/vec4/off/d v000001aad1ded370_0, 4, 5;
    %jmp T_0.57;
T_0.53 ;
    %load/vec4 v000001aad1decab0_0;
    %load/vec4 v000001aad1dec830_0;
    %pad/u 7;
    %ix/vec4 3;
    %ix/load 4, 0, 0; Constant delay
    %assign/vec4/a/d v000001aad1dee4f0, 0, 4;
    %pushi/vec4 1, 0, 1;
    %ix/load 5, 0, 0;
    %ix/getv 4, v000001aad1dec830_0;
    %assign/vec4/off/d v000001aad1ded5f0_0, 4, 5;
    %jmp T_0.57;
T_0.54 ;
    %load/vec4 v000001aad1decab0_0;
    %load/vec4 v000001aad1dec830_0;
    %pad/u 7;
    %ix/vec4 3;
    %ix/load 4, 0, 0; Constant delay
    %assign/vec4/a/d v000001aad1decbf0, 0, 4;
    %pushi/vec4 1, 0, 1;
    %ix/load 5, 0, 0;
    %ix/getv 4, v000001aad1dec830_0;
    %assign/vec4/off/d v000001aad1dee3b0_0, 4, 5;
    %jmp T_0.57;
T_0.55 ;
    %load/vec4 v000001aad1decab0_0;
    %load/vec4 v000001aad1dec830_0;
    %pad/u 7;
    %ix/vec4 3;
    %ix/load 4, 0, 0; Constant delay
    %assign/vec4/a/d v000001aad1dee810, 0, 4;
    %pushi/vec4 1, 0, 1;
    %ix/load 5, 0, 0;
    %ix/getv 4, v000001aad1dec830_0;
    %assign/vec4/off/d v000001aad1ded2d0_0, 4, 5;
    %jmp T_0.57;
T_0.57 ;
    %pop/vec4 1;
    %load/vec4 v000001aad1dee090_0;
    %addi 1, 0, 2;
    %load/vec4 v000001aad1dec830_0;
    %pad/u 7;
    %ix/vec4 3;
    %ix/load 4, 0, 0; Constant delay
    %assign/vec4/a/d v000001aad1dedc30, 0, 4;
    %load/vec4 v000001aad1dfa750_0;
    %flag_set/vec4 8;
    %jmp/0xz  T_0.58, 8;
    %load/vec4 v000001aad1df92b0_0;
    %assign/vec4 v000001aad1decab0_0, 0;
    %load/vec4 v000001aad1df9030_0;
    %assign/vec4 v000001aad1dec830_0, 0;
    %load/vec4 v000001aad1dfb790_0;
    %assign/vec4 v000001aad1dee130_0, 0;
    %load/vec4 v000001aad1dfbe70_0;
    %assign/vec4 v000001aad1dee090_0, 0;
    %load/vec4 v000001aad1dfabb0_0;
    %assign/vec4 v000001aad1dee770_0, 0;
    %load/vec4 v000001aad1dfacf0_0;
    %assign/vec4 v000001aad1dec1f0_0, 0;
    %load/vec4 v000001aad1dfb010_0;
    %assign/vec4 v000001aad1dec5b0_0, 0;
    %load/vec4 v000001aad1dfbbf0_0;
    %assign/vec4 v000001aad1dec290_0, 0;
    %pushi/vec4 0, 0, 4;
    %assign/vec4 v000001aad1dedeb0_0, 0;
    %pushi/vec4 0, 0, 1;
    %assign/vec4 v000001aad1dfa750_0, 0;
    %jmp T_0.59;
T_0.58 ;
    %load/vec4 v000001aad1dee770_0;
    %flag_set/vec4 8;
    %jmp/0xz  T_0.60, 8;
    %pushi/vec4 1, 0, 1;
    %flag_set/vec4 11;
    %flag_get/vec4 11;
    %jmp/0 T_0.66, 11;
    %load/vec4 v000001aad1dec150_0;
    %inv;
    %and;
T_0.66;
    %flag_set/vec4 10;
    %flag_get/vec4 10;
    %jmp/0 T_0.65, 10;
    %load/vec4 v000001aad1decdd0_0;
    %load/vec4 v000001aad1df0930_0;
    %or;
    %load/vec4 v000001aad1df0c50_0;
    %or;
    %inv;
    %and;
T_0.65;
    %flag_set/vec4 9;
    %flag_get/vec4 9;
    %jmp/0 T_0.64, 9;
    %load/vec4 v000001aad1dfb330_0;
    %inv;
    %and;
T_0.64;
    %flag_set/vec4 8;
    %jmp/0xz  T_0.62, 8;
    %load/vec4 v000001aad1dfb830_0;
    %assign/vec4 v000001aad1df92b0_0, 0;
    %load/vec4 v000001aad1dfbd30_0;
    %assign/vec4 v000001aad1df9030_0, 0;
    %pushi/vec4 0, 0, 4;
    %assign/vec4 v000001aad1dfb790_0, 0;
    %load/vec4 v000001aad1dfb290_0;
    %assign/vec4 v000001aad1dfbe70_0, 0;
    %pushi/vec4 0, 0, 1;
    %assign/vec4 v000001aad1dfacf0_0, 0;
    %pushi/vec4 1, 0, 1;
    %assign/vec4 v000001aad1dfabb0_0, 0;
    %pushi/vec4 0, 0, 4;
    %assign/vec4 v000001aad1dfb010_0, 0;
    %pushi/vec4 0, 0, 32;
    %assign/vec4 v000001aad1dfbbf0_0, 0;
    %pushi/vec4 0, 0, 4;
    %assign/vec4 v000001aad1ded4b0_0, 0;
    %pushi/vec4 0, 0, 1;
    %assign/vec4 v000001aad1dedb90_0, 0;
    %load/vec4 v000001aad1dfb830_0;
    %assign/vec4 v000001aad1decab0_0, 0;
    %load/vec4 v000001aad1dfbd30_0;
    %assign/vec4 v000001aad1dec830_0, 0;
    %pushi/vec4 0, 0, 4;
    %assign/vec4 v000001aad1dee130_0, 0;
    %load/vec4 v000001aad1dfb290_0;
    %assign/vec4 v000001aad1dee090_0, 0;
    %pushi/vec4 1, 0, 1;
    %assign/vec4 v000001aad1dee770_0, 0;
    %pushi/vec4 0, 0, 1;
    %assign/vec4 v000001aad1dec1f0_0, 0;
    %pushi/vec4 0, 0, 4;
    %assign/vec4 v000001aad1dec5b0_0, 0;
    %pushi/vec4 0, 0, 32;
    %assign/vec4 v000001aad1dec290_0, 0;
    %pushi/vec4 0, 0, 4;
    %assign/vec4 v000001aad1dedeb0_0, 0;
    %jmp T_0.63;
T_0.62 ;
    %pushi/vec4 0, 0, 1;
    %assign/vec4 v000001aad1dfabb0_0, 0;
    %pushi/vec4 0, 0, 1;
    %assign/vec4 v000001aad1dee770_0, 0;
    %pushi/vec4 0, 0, 2;
    %assign/vec4 v000001aad1dee270_0, 0;
T_0.63 ;
    %jmp T_0.61;
T_0.60 ;
    %load/vec4 v000001aad1dec1f0_0;
    %flag_set/vec4 8;
    %jmp/0xz  T_0.67, 8;
    %pushi/vec4 2, 0, 2;
    %assign/vec4 v000001aad1dee270_0, 0;
    %jmp T_0.68;
T_0.67 ;
    %pushi/vec4 1, 0, 1;
    %flag_set/vec4 10;
    %flag_get/vec4 10;
    %jmp/0 T_0.72, 10;
    %load/vec4 v000001aad1dec150_0;
    %inv;
    %and;
T_0.72;
    %flag_set/vec4 9;
    %flag_get/vec4 9;
    %jmp/0 T_0.71, 9;
    %load/vec4 v000001aad1dfb330_0;
    %inv;
    %and;
T_0.71;
    %flag_set/vec4 8;
    %jmp/0xz  T_0.69, 8;
    %load/vec4 v000001aad1dfb830_0;
    %assign/vec4 v000001aad1df92b0_0, 0;
    %load/vec4 v000001aad1dfbd30_0;
    %assign/vec4 v000001aad1df9030_0, 0;
    %pushi/vec4 0, 0, 4;
    %assign/vec4 v000001aad1dfb790_0, 0;
    %load/vec4 v000001aad1dfb290_0;
    %assign/vec4 v000001aad1dfbe70_0, 0;
    %pushi/vec4 0, 0, 1;
    %assign/vec4 v000001aad1dfacf0_0, 0;
    %pushi/vec4 1, 0, 1;
    %assign/vec4 v000001aad1dfabb0_0, 0;
    %pushi/vec4 0, 0, 4;
    %assign/vec4 v000001aad1dfb010_0, 0;
    %pushi/vec4 0, 0, 32;
    %assign/vec4 v000001aad1dfbbf0_0, 0;
    %pushi/vec4 0, 0, 4;
    %assign/vec4 v000001aad1ded4b0_0, 0;
    %pushi/vec4 0, 0, 1;
    %assign/vec4 v000001aad1dedb90_0, 0;
    %load/vec4 v000001aad1dfb830_0;
    %assign/vec4 v000001aad1decab0_0, 0;
    %load/vec4 v000001aad1dfbd30_0;
    %assign/vec4 v000001aad1dec830_0, 0;
    %pushi/vec4 0, 0, 4;
    %assign/vec4 v000001aad1dee130_0, 0;
    %load/vec4 v000001aad1dfb290_0;
    %assign/vec4 v000001aad1dee090_0, 0;
    %pushi/vec4 1, 0, 1;
    %assign/vec4 v000001aad1dee770_0, 0;
    %pushi/vec4 0, 0, 1;
    %assign/vec4 v000001aad1dec1f0_0, 0;
    %pushi/vec4 0, 0, 4;
    %assign/vec4 v000001aad1dec5b0_0, 0;
    %pushi/vec4 0, 0, 32;
    %assign/vec4 v000001aad1dec290_0, 0;
    %pushi/vec4 0, 0, 4;
    %assign/vec4 v000001aad1dedeb0_0, 0;
    %pushi/vec4 1, 0, 2;
    %assign/vec4 v000001aad1dee270_0, 0;
    %jmp T_0.70;
T_0.69 ;
    %pushi/vec4 0, 0, 2;
    %assign/vec4 v000001aad1dee270_0, 0;
T_0.70 ;
T_0.68 ;
T_0.61 ;
T_0.59 ;
    %jmp T_0.52;
T_0.51 ;
    %load/vec4 v000001aad1dedeb0_0;
    %addi 1, 0, 4;
    %assign/vec4 v000001aad1dedeb0_0, 0;
T_0.52 ;
T_0.40 ;
    %jmp T_0.18;
T_0.16 ;
    %load/vec4 v000001aad1def5d0_0;
    %flag_set/vec4 8;
    %jmp/0xz  T_0.73, 8;
    %load/vec4 v000001aad1dfbe70_0;
    %dup/vec4;
    %pushi/vec4 0, 0, 2;
    %cmp/u;
    %jmp/1 T_0.75, 6;
    %dup/vec4;
    %pushi/vec4 1, 0, 2;
    %cmp/u;
    %jmp/1 T_0.76, 6;
    %dup/vec4;
    %pushi/vec4 2, 0, 2;
    %cmp/u;
    %jmp/1 T_0.77, 6;
    %load/vec4 v000001aad1df88b0_0;
    %load/vec4 v000001aad1df9030_0;
    %pad/u 11;
    %pad/u 14;
    %muli 8, 0, 14;
    %pad/u 15;
    %load/vec4 v000001aad1dfb790_0;
    %pad/u 5;
    %pad/u 15;
    %add;
    %ix/vec4 3;
    %ix/load 4, 0, 0; Constant delay
    %assign/vec4/a/d v000001aad1dfad90, 0, 4;
    %jmp T_0.79;
T_0.75 ;
    %load/vec4 v000001aad1df88b0_0;
    %load/vec4 v000001aad1df9030_0;
    %pad/u 11;
    %pad/u 14;
    %muli 8, 0, 14;
    %pad/u 15;
    %load/vec4 v000001aad1dfb790_0;
    %pad/u 5;
    %pad/u 15;
    %add;
    %ix/vec4 3;
    %ix/load 4, 0, 0; Constant delay
    %assign/vec4/a/d v000001aad1df8e50, 0, 4;
    %jmp T_0.79;
T_0.76 ;
    %load/vec4 v000001aad1df88b0_0;
    %load/vec4 v000001aad1df9030_0;
    %pad/u 11;
    %pad/u 14;
    %muli 8, 0, 14;
    %pad/u 15;
    %load/vec4 v000001aad1dfb790_0;
    %pad/u 5;
    %pad/u 15;
    %add;
    %ix/vec4 3;
    %ix/load 4, 0, 0; Constant delay
    %assign/vec4/a/d v000001aad1df8a90, 0, 4;
    %jmp T_0.79;
T_0.77 ;
    %load/vec4 v000001aad1df88b0_0;
    %load/vec4 v000001aad1df9030_0;
    %pad/u 11;
    %pad/u 14;
    %muli 8, 0, 14;
    %pad/u 15;
    %load/vec4 v000001aad1dfb790_0;
    %pad/u 5;
    %pad/u 15;
    %add;
    %ix/vec4 3;
    %ix/load 4, 0, 0; Constant delay
    %assign/vec4/a/d v000001aad1dfa070, 0, 4;
    %jmp T_0.79;
T_0.79 ;
    %pop/vec4 1;
    %load/vec4 v000001aad1dfbe70_0;
    %addi 1, 0, 2;
    %load/vec4 v000001aad1df9030_0;
    %pad/u 7;
    %ix/vec4 3;
    %ix/load 4, 0, 0; Constant delay
    %assign/vec4/a/d v000001aad1dedc30, 0, 4;
    %pushi/vec4 0, 0, 2;
    %assign/vec4 v000001aad1dee270_0, 0;
T_0.73 ;
    %jmp T_0.18;
T_0.18 ;
    %pop/vec4 1;
T_0.1 ;
    %jmp T_0;
    .thread T_0;
    .scope S_000001aad1512d20;
T_1 ;
    %wait E_000001aad1d0f380;
    %load/vec4 v000001aad1dbfd80_0;
    %flag_set/vec4 8;
    %jmp/0xz  T_1.0, 8;
    %pushi/vec4 0, 0, 2;
    %assign/vec4 v000001aad1dc3f20_0, 0;
    %pushi/vec4 0, 0, 22;
    %assign/vec4 v000001aad1dc0500_0, 0;
    %pushi/vec4 0, 0, 6;
    %assign/vec4 v000001aad1dc0f00_0, 0;
    %pushi/vec4 0, 0, 4;
    %assign/vec4 v000001aad1dc1e00_0, 0;
    %pushi/vec4 0, 0, 2;
    %assign/vec4 v000001aad1dc10e0_0, 0;
    %pushi/vec4 0, 0, 1;
    %assign/vec4 v000001aad1dc0140_0, 0;
    %pushi/vec4 0, 0, 1;
    %assign/vec4 v000001aad1dc1220_0, 0;
    %pushi/vec4 0, 0, 4;
    %assign/vec4 v000001aad1dc0c80_0, 0;
    %pushi/vec4 0, 0, 32;
    %assign/vec4 v000001aad1dc1b80_0, 0;
    %pushi/vec4 0, 0, 4;
    %assign/vec4 v000001aad1dc2800_0, 0;
    %pushi/vec4 0, 0, 4;
    %assign/vec4 v000001aad1dc0780_0, 0;
    %pushi/vec4 0, 0, 1;
    %assign/vec4 v000001aad1dc01e0_0, 0;
    %pushi/vec4 0, 0, 22;
    %assign/vec4 v000001aad1dc3700_0, 0;
    %pushi/vec4 0, 0, 6;
    %assign/vec4 v000001aad1dc3e80_0, 0;
    %pushi/vec4 0, 0, 4;
    %assign/vec4 v000001aad1dc42e0_0, 0;
    %pushi/vec4 0, 0, 2;
    %assign/vec4 v000001aad1dc44c0_0, 0;
    %pushi/vec4 0, 0, 1;
    %assign/vec4 v000001aad1dc4060_0, 0;
    %pushi/vec4 0, 0, 1;
    %assign/vec4 v000001aad1dc1540_0, 0;
    %pushi/vec4 0, 0, 4;
    %assign/vec4 v000001aad1dc2a80_0, 0;
    %pushi/vec4 0, 0, 32;
    %assign/vec4 v000001aad1dc4560_0, 0;
    %pushi/vec4 0, 0, 1;
    %assign/vec4 v000001aad1dbf060_0, 0;
    %pushi/vec4 0, 0, 1;
    %assign/vec4 v000001aad1dbf880_0, 0;
    %pushi/vec4 0, 0, 32;
    %assign/vec4 v000001aad1dbf920_0, 0;
    %pushi/vec4 0, 0, 1;
    %assign/vec4 v000001aad1dc1900_0, 0;
    %pushi/vec4 0, 0, 22;
    %assign/vec4 v000001aad1dc1ae0_0, 0;
    %pushi/vec4 0, 0, 6;
    %assign/vec4 v000001aad1dc0640_0, 0;
    %pushi/vec4 0, 0, 4;
    %assign/vec4 v000001aad1dc1040_0, 0;
    %pushi/vec4 0, 0, 1;
    %assign/vec4 v000001aad1dc21c0_0, 0;
    %pushi/vec4 0, 0, 4;
    %assign/vec4 v000001aad1dc2620_0, 0;
    %pushi/vec4 0, 0, 32;
    %assign/vec4 v000001aad1dc26c0_0, 0;
    %pushi/vec4 0, 0, 5;
    %assign/vec4 v000001aad1dc4420_0, 0;
    %pushi/vec4 0, 0, 5;
    %assign/vec4 v000001aad1dc4880_0, 0;
    %pushi/vec4 0, 0, 6;
    %assign/vec4 v000001aad1dc3c00_0, 0;
    %pushi/vec4 0, 0, 64;
    %assign/vec4 v000001aad1dc33e0_0, 0;
    %pushi/vec4 0, 0, 64;
    %assign/vec4 v000001aad1dc3fc0_0, 0;
    %pushi/vec4 0, 0, 64;
    %assign/vec4 v000001aad1dc4600_0, 0;
    %pushi/vec4 0, 0, 64;
    %assign/vec4 v000001aad1dc3b60_0, 0;
    %jmp T_1.1;
T_1.0 ;
    %pushi/vec4 0, 0, 1;
    %assign/vec4 v000001aad1dbf880_0, 0;
    %load/vec4 v000001aad1dc2bc0_0;
    %flag_set/vec4 8;
    %jmp/0xz  T_1.2, 8;
    %load/vec4 v000001aad1dc3200_0;
    %load/vec4 v000001aad1dc4880_0;
    %pad/u 7;
    %ix/vec4 3;
    %ix/load 4, 0, 0; Constant delay
    %assign/vec4/a/d v000001aad1dc47e0, 0, 4;
    %load/vec4 v000001aad1dc32a0_0;
    %load/vec4 v000001aad1dc4880_0;
    %pad/u 7;
    %ix/vec4 3;
    %ix/load 4, 0, 0; Constant delay
    %assign/vec4/a/d v000001aad1dc3160, 0, 4;
T_1.2 ;
    %load/vec4 v000001aad1dc3480_0;
    %flag_set/vec4 8;
    %jmp/0xz  T_1.4, 8;
    %load/vec4 v000001aad1dc4420_0;
    %addi 1, 0, 5;
    %assign/vec4 v000001aad1dc4420_0, 0;
T_1.4 ;
    %load/vec4 v000001aad1dc2bc0_0;
    %flag_set/vec4 8;
    %jmp/0xz  T_1.6, 8;
    %load/vec4 v000001aad1dc4880_0;
    %addi 1, 0, 5;
    %assign/vec4 v000001aad1dc4880_0, 0;
T_1.6 ;
    %load/vec4 v000001aad1dc2bc0_0;
    %load/vec4 v000001aad1dc3480_0;
    %concat/vec4; draw_concat_vec4
    %dup/vec4;
    %pushi/vec4 2, 0, 2;
    %cmp/u;
    %jmp/1 T_1.8, 6;
    %dup/vec4;
    %pushi/vec4 1, 0, 2;
    %cmp/u;
    %jmp/1 T_1.9, 6;
    %load/vec4 v000001aad1dc3c00_0;
    %assign/vec4 v000001aad1dc3c00_0, 0;
    %jmp T_1.11;
T_1.8 ;
    %load/vec4 v000001aad1dc3c00_0;
    %addi 1, 0, 6;
    %assign/vec4 v000001aad1dc3c00_0, 0;
    %jmp T_1.11;
T_1.9 ;
    %load/vec4 v000001aad1dc3c00_0;
    %subi 1, 0, 6;
    %assign/vec4 v000001aad1dc3c00_0, 0;
    %jmp T_1.11;
T_1.11 ;
    %pop/vec4 1;
    %load/vec4 v000001aad1dc2760_0;
    %load/vec4 v000001aad1dc1900_0;
    %inv;
    %and;
    %flag_set/vec4 8;
    %jmp/0xz  T_1.12, 8;
    %pushi/vec4 1, 0, 1;
    %assign/vec4 v000001aad1dc1900_0, 0;
    %load/vec4 v000001aad1dc0e60_0;
    %assign/vec4 v000001aad1dc1ae0_0, 0;
    %load/vec4 v000001aad1dc0a00_0;
    %assign/vec4 v000001aad1dc0640_0, 0;
    %load/vec4 v000001aad1dc0fa0_0;
    %assign/vec4 v000001aad1dc1040_0, 0;
    %load/vec4 v000001aad1dbe520_0;
    %assign/vec4 v000001aad1dc21c0_0, 0;
    %load/vec4 v000001aad1dbe3e0_0;
    %assign/vec4 v000001aad1dc2620_0, 0;
    %load/vec4 v000001aad1dbe480_0;
    %assign/vec4 v000001aad1dc26c0_0, 0;
T_1.12 ;
    %load/vec4 v000001aad1dc3f20_0;
    %dup/vec4;
    %pushi/vec4 0, 0, 2;
    %cmp/u;
    %jmp/1 T_1.14, 6;
    %dup/vec4;
    %pushi/vec4 1, 0, 2;
    %cmp/u;
    %jmp/1 T_1.15, 6;
    %dup/vec4;
    %pushi/vec4 2, 0, 2;
    %cmp/u;
    %jmp/1 T_1.16, 6;
    %pushi/vec4 0, 0, 2;
    %assign/vec4 v000001aad1dc3f20_0, 0;
    %jmp T_1.18;
T_1.14 ;
    %load/vec4 v000001aad1dc1900_0;
    %flag_set/vec4 8;
    %jmp/0xz  T_1.19, 8;
    %load/vec4 v000001aad1dc03c0_0;
    %flag_set/vec4 8;
    %jmp/0xz  T_1.21, 8;
    %load/vec4 v000001aad1dc1fe0_0;
    %addi 1, 0, 2;
    %load/vec4 v000001aad1dc0640_0;
    %pad/u 8;
    %ix/vec4 3;
    %ix/load 4, 0, 0; Constant delay
    %assign/vec4/a/d v000001aad1dc0820, 0, 4;
    %pushi/vec4 0, 0, 1;
    %assign/vec4 v000001aad1dc1900_0, 0;
    %jmp T_1.22;
T_1.21 ;
    %load/vec4 v000001aad1dc1ae0_0;
    %assign/vec4 v000001aad1dc0500_0, 0;
    %load/vec4 v000001aad1dc0640_0;
    %assign/vec4 v000001aad1dc0f00_0, 0;
    %load/vec4 v000001aad1dc1040_0;
    %assign/vec4 v000001aad1dc1e00_0, 0;
    %load/vec4 v000001aad1dc1180_0;
    %assign/vec4 v000001aad1dc10e0_0, 0;
    %load/vec4 v000001aad1dc21c0_0;
    %assign/vec4 v000001aad1dc0140_0, 0;
    %pushi/vec4 0, 0, 1;
    %assign/vec4 v000001aad1dc1220_0, 0;
    %load/vec4 v000001aad1dc2620_0;
    %assign/vec4 v000001aad1dc0c80_0, 0;
    %load/vec4 v000001aad1dc26c0_0;
    %assign/vec4 v000001aad1dc1b80_0, 0;
    %pushi/vec4 0, 0, 4;
    %assign/vec4 v000001aad1dc2800_0, 0;
    %pushi/vec4 0, 0, 1;
    %assign/vec4 v000001aad1dc01e0_0, 0;
    %load/vec4 v000001aad1dc1ae0_0;
    %assign/vec4 v000001aad1dc3700_0, 0;
    %load/vec4 v000001aad1dc0640_0;
    %assign/vec4 v000001aad1dc3e80_0, 0;
    %load/vec4 v000001aad1dc1040_0;
    %assign/vec4 v000001aad1dc42e0_0, 0;
    %load/vec4 v000001aad1dc1180_0;
    %assign/vec4 v000001aad1dc44c0_0, 0;
    %load/vec4 v000001aad1dc21c0_0;
    %assign/vec4 v000001aad1dc4060_0, 0;
    %pushi/vec4 0, 0, 1;
    %assign/vec4 v000001aad1dc1540_0, 0;
    %load/vec4 v000001aad1dc2620_0;
    %assign/vec4 v000001aad1dc2a80_0, 0;
    %load/vec4 v000001aad1dc26c0_0;
    %assign/vec4 v000001aad1dc4560_0, 0;
    %pushi/vec4 0, 0, 4;
    %assign/vec4 v000001aad1dc0780_0, 0;
    %pushi/vec4 0, 0, 1;
    %assign/vec4 v000001aad1dbf060_0, 0;
    %pushi/vec4 0, 0, 1;
    %assign/vec4 v000001aad1dc1900_0, 0;
    %pushi/vec4 1, 0, 2;
    %assign/vec4 v000001aad1dc3f20_0, 0;
T_1.22 ;
    %jmp T_1.20;
T_1.19 ;
    %load/vec4 v000001aad1dbde40_0;
    %load/vec4 v000001aad1dbfba0_0;
    %and;
    %flag_set/vec4 8;
    %jmp/0xz  T_1.23, 8;
    %load/vec4 v000001aad1dbe0c0_0;
    %addi 1, 0, 2;
    %load/vec4 v000001aad1dc0a00_0;
    %pad/u 8;
    %ix/vec4 3;
    %ix/load 4, 0, 0; Constant delay
    %assign/vec4/a/d v000001aad1dc0820, 0, 4;
    %jmp T_1.24;
T_1.23 ;
    %load/vec4 v000001aad1dc4920_0;
    %flag_set/vec4 8;
    %jmp/0xz  T_1.25, 8;
    %load/vec4 v000001aad1dbe0c0_0;
    %dup/vec4;
    %pushi/vec4 0, 0, 2;
    %cmp/u;
    %jmp/1 T_1.27, 6;
    %dup/vec4;
    %pushi/vec4 1, 0, 2;
    %cmp/u;
    %jmp/1 T_1.28, 6;
    %dup/vec4;
    %pushi/vec4 2, 0, 2;
    %cmp/u;
    %jmp/1 T_1.29, 6;
    %load/vec4 v000001aad1dc15e0_0;
    %load/vec4 v000001aad1dc0a00_0;
    %pad/u 11;
    %pad/u 13;
    %muli 4, 0, 13;
    %pad/u 14;
    %load/vec4 v000001aad1dc0fa0_0;
    %pad/u 14;
    %add;
    %ix/vec4 3;
    %ix/load 4, 0, 0; Constant delay
    %assign/vec4/a/d v000001aad1dbf7e0, 0, 4;
    %jmp T_1.31;
T_1.27 ;
    %load/vec4 v000001aad1dc15e0_0;
    %load/vec4 v000001aad1dc0a00_0;
    %pad/u 11;
    %pad/u 13;
    %muli 4, 0, 13;
    %pad/u 14;
    %load/vec4 v000001aad1dc0fa0_0;
    %pad/u 14;
    %add;
    %ix/vec4 3;
    %ix/load 4, 0, 0; Constant delay
    %assign/vec4/a/d v000001aad1dbf380, 0, 4;
    %jmp T_1.31;
T_1.28 ;
    %load/vec4 v000001aad1dc15e0_0;
    %load/vec4 v000001aad1dc0a00_0;
    %pad/u 11;
    %pad/u 13;
    %muli 4, 0, 13;
    %pad/u 14;
    %load/vec4 v000001aad1dc0fa0_0;
    %pad/u 14;
    %add;
    %ix/vec4 3;
    %ix/load 4, 0, 0; Constant delay
    %assign/vec4/a/d v000001aad1dbe020, 0, 4;
    %jmp T_1.31;
T_1.29 ;
    %load/vec4 v000001aad1dc15e0_0;
    %load/vec4 v000001aad1dc0a00_0;
    %pad/u 11;
    %pad/u 13;
    %muli 4, 0, 13;
    %pad/u 14;
    %load/vec4 v000001aad1dc0fa0_0;
    %pad/u 14;
    %add;
    %ix/vec4 3;
    %ix/load 4, 0, 0; Constant delay
    %assign/vec4/a/d v000001aad1dbdda0, 0, 4;
    %jmp T_1.31;
T_1.31 ;
    %pop/vec4 1;
    %load/vec4 v000001aad1dbe0c0_0;
    %addi 1, 0, 2;
    %load/vec4 v000001aad1dc0a00_0;
    %pad/u 8;
    %ix/vec4 3;
    %ix/load 4, 0, 0; Constant delay
    %assign/vec4/a/d v000001aad1dc0820, 0, 4;
    %jmp T_1.26;
T_1.25 ;
    %load/vec4 v000001aad1dc3520_0;
    %flag_set/vec4 8;
    %jmp/0xz  T_1.32, 8;
    %load/vec4 v000001aad1dc0e60_0;
    %assign/vec4 v000001aad1dc0500_0, 0;
    %load/vec4 v000001aad1dc0a00_0;
    %assign/vec4 v000001aad1dc0f00_0, 0;
    %load/vec4 v000001aad1dc0fa0_0;
    %assign/vec4 v000001aad1dc1e00_0, 0;
    %load/vec4 v000001aad1dbe0c0_0;
    %assign/vec4 v000001aad1dc10e0_0, 0;
    %pushi/vec4 1, 0, 1;
    %assign/vec4 v000001aad1dc0140_0, 0;
    %pushi/vec4 0, 0, 1;
    %assign/vec4 v000001aad1dc1220_0, 0;
    %load/vec4 v000001aad1dbe3e0_0;
    %assign/vec4 v000001aad1dc0c80_0, 0;
    %load/vec4 v000001aad1dbe480_0;
    %assign/vec4 v000001aad1dc1b80_0, 0;
    %load/vec4 v000001aad1dc0e60_0;
    %assign/vec4 v000001aad1dc3700_0, 0;
    %load/vec4 v000001aad1dc0a00_0;
    %assign/vec4 v000001aad1dc3e80_0, 0;
    %load/vec4 v000001aad1dc0fa0_0;
    %assign/vec4 v000001aad1dc42e0_0, 0;
    %load/vec4 v000001aad1dbe0c0_0;
    %assign/vec4 v000001aad1dc44c0_0, 0;
    %pushi/vec4 1, 0, 1;
    %assign/vec4 v000001aad1dc4060_0, 0;
    %pushi/vec4 0, 0, 1;
    %assign/vec4 v000001aad1dc1540_0, 0;
    %load/vec4 v000001aad1dbe3e0_0;
    %assign/vec4 v000001aad1dc2a80_0, 0;
    %load/vec4 v000001aad1dbe480_0;
    %assign/vec4 v000001aad1dc4560_0, 0;
    %pushi/vec4 0, 0, 1;
    %assign/vec4 v000001aad1dbf060_0, 0;
    %pushi/vec4 2, 0, 2;
    %assign/vec4 v000001aad1dc3f20_0, 0;
    %jmp T_1.33;
T_1.32 ;
    %load/vec4 v000001aad1dc06e0_0;
    %load/vec4 v000001aad1dc3d40_0;
    %or;
    %flag_set/vec4 8;
    %jmp/0xz  T_1.34, 8;
    %load/vec4 v000001aad1dc0e60_0;
    %assign/vec4 v000001aad1dc0500_0, 0;
    %load/vec4 v000001aad1dc0a00_0;
    %assign/vec4 v000001aad1dc0f00_0, 0;
    %load/vec4 v000001aad1dc0fa0_0;
    %assign/vec4 v000001aad1dc1e00_0, 0;
    %load/vec4 v000001aad1dc3660_0;
    %assign/vec4 v000001aad1dc10e0_0, 0;
    %load/vec4 v000001aad1dbe520_0;
    %assign/vec4 v000001aad1dc0140_0, 0;
    %pushi/vec4 0, 0, 1;
    %assign/vec4 v000001aad1dc1220_0, 0;
    %load/vec4 v000001aad1dbe3e0_0;
    %assign/vec4 v000001aad1dc0c80_0, 0;
    %load/vec4 v000001aad1dbe480_0;
    %assign/vec4 v000001aad1dc1b80_0, 0;
    %pushi/vec4 0, 0, 4;
    %assign/vec4 v000001aad1dc2800_0, 0;
    %pushi/vec4 0, 0, 1;
    %assign/vec4 v000001aad1dc01e0_0, 0;
    %load/vec4 v000001aad1dc0e60_0;
    %assign/vec4 v000001aad1dc3700_0, 0;
    %load/vec4 v000001aad1dc0a00_0;
    %assign/vec4 v000001aad1dc3e80_0, 0;
    %load/vec4 v000001aad1dc0fa0_0;
    %assign/vec4 v000001aad1dc42e0_0, 0;
    %load/vec4 v000001aad1dc3660_0;
    %assign/vec4 v000001aad1dc44c0_0, 0;
    %load/vec4 v000001aad1dbe520_0;
    %assign/vec4 v000001aad1dc4060_0, 0;
    %pushi/vec4 0, 0, 1;
    %assign/vec4 v000001aad1dc1540_0, 0;
    %load/vec4 v000001aad1dbe3e0_0;
    %assign/vec4 v000001aad1dc2a80_0, 0;
    %load/vec4 v000001aad1dbe480_0;
    %assign/vec4 v000001aad1dc4560_0, 0;
    %pushi/vec4 0, 0, 4;
    %assign/vec4 v000001aad1dc0780_0, 0;
    %pushi/vec4 0, 0, 1;
    %assign/vec4 v000001aad1dbf060_0, 0;
    %pushi/vec4 1, 0, 2;
    %assign/vec4 v000001aad1dc3f20_0, 0;
T_1.34 ;
T_1.33 ;
T_1.26 ;
T_1.24 ;
T_1.20 ;
    %jmp T_1.18;
T_1.15 ;
    %load/vec4 v000001aad1dc2580_0;
    %flag_set/vec4 8;
    %jmp/0xz  T_1.36, 8;
    %load/vec4 v000001aad1dc2800_0;
    %cmpi/e 3, 0, 4;
    %jmp/0xz  T_1.38, 4;
    %pushi/vec4 1, 0, 1;
    %assign/vec4 v000001aad1dc01e0_0, 0;
    %jmp T_1.39;
T_1.38 ;
    %load/vec4 v000001aad1dc2800_0;
    %addi 1, 0, 4;
    %assign/vec4 v000001aad1dc2800_0, 0;
T_1.39 ;
T_1.36 ;
    %load/vec4 v000001aad1dbdc60_0;
    %flag_set/vec4 8;
    %jmp/0xz  T_1.40, 8;
    %load/vec4 v000001aad1dc44c0_0;
    %dup/vec4;
    %pushi/vec4 0, 0, 2;
    %cmp/u;
    %jmp/1 T_1.42, 6;
    %dup/vec4;
    %pushi/vec4 1, 0, 2;
    %cmp/u;
    %jmp/1 T_1.43, 6;
    %dup/vec4;
    %pushi/vec4 2, 0, 2;
    %cmp/u;
    %jmp/1 T_1.44, 6;
    %load/vec4 v000001aad1dbec00_0;
    %load/vec4 v000001aad1dc3e80_0;
    %pad/u 11;
    %pad/u 13;
    %muli 4, 0, 13;
    %pad/u 14;
    %load/vec4 v000001aad1dc00a0_0;
    %pad/u 14;
    %add;
    %ix/vec4 3;
    %ix/load 4, 0, 0; Constant delay
    %assign/vec4/a/d v000001aad1dbf7e0, 0, 4;
    %jmp T_1.46;
T_1.42 ;
    %load/vec4 v000001aad1dbec00_0;
    %load/vec4 v000001aad1dc3e80_0;
    %pad/u 11;
    %pad/u 13;
    %muli 4, 0, 13;
    %pad/u 14;
    %load/vec4 v000001aad1dc00a0_0;
    %pad/u 14;
    %add;
    %ix/vec4 3;
    %ix/load 4, 0, 0; Constant delay
    %assign/vec4/a/d v000001aad1dbf380, 0, 4;
    %jmp T_1.46;
T_1.43 ;
    %load/vec4 v000001aad1dbec00_0;
    %load/vec4 v000001aad1dc3e80_0;
    %pad/u 11;
    %pad/u 13;
    %muli 4, 0, 13;
    %pad/u 14;
    %load/vec4 v000001aad1dc00a0_0;
    %pad/u 14;
    %add;
    %ix/vec4 3;
    %ix/load 4, 0, 0; Constant delay
    %assign/vec4/a/d v000001aad1dbe020, 0, 4;
    %jmp T_1.46;
T_1.44 ;
    %load/vec4 v000001aad1dbec00_0;
    %load/vec4 v000001aad1dc3e80_0;
    %pad/u 11;
    %pad/u 13;
    %muli 4, 0, 13;
    %pad/u 14;
    %load/vec4 v000001aad1dc00a0_0;
    %pad/u 14;
    %add;
    %ix/vec4 3;
    %ix/load 4, 0, 0; Constant delay
    %assign/vec4/a/d v000001aad1dbdda0, 0, 4;
    %jmp T_1.46;
T_1.46 ;
    %pop/vec4 1;
    %load/vec4 v000001aad1dc0780_0;
    %cmpi/e 0, 0, 4;
    %flag_get/vec4 4;
    %jmp/0 T_1.50, 4;
    %load/vec4 v000001aad1dc1540_0;
    %inv;
    %and;
T_1.50;
    %flag_set/vec4 9;
    %flag_get/vec4 9;
    %jmp/0 T_1.49, 9;
    %load/vec4 v000001aad1dc4060_0;
    %inv;
    %and;
T_1.49;
    %flag_set/vec4 8;
    %jmp/0xz  T_1.47, 8;
    %pushi/vec4 1, 0, 1;
    %assign/vec4 v000001aad1dbf880_0, 0;
    %load/vec4 v000001aad1dbec00_0;
    %assign/vec4 v000001aad1dbf920_0, 0;
T_1.47 ;
    %load/vec4 v000001aad1dc0780_0;
    %cmpi/e 3, 0, 4;
    %jmp/0xz  T_1.51, 4;
    %load/vec4 v000001aad1dc44c0_0;
    %dup/vec4;
    %pushi/vec4 0, 0, 2;
    %cmp/u;
    %jmp/1 T_1.53, 6;
    %dup/vec4;
    %pushi/vec4 1, 0, 2;
    %cmp/u;
    %jmp/1 T_1.54, 6;
    %dup/vec4;
    %pushi/vec4 2, 0, 2;
    %cmp/u;
    %jmp/1 T_1.55, 6;
    %load/vec4 v000001aad1dc3700_0;
    %load/vec4 v000001aad1dc3e80_0;
    %pad/u 8;
    %ix/vec4 3;
    %ix/load 4, 0, 0; Constant delay
    %assign/vec4/a/d v000001aad1dc3de0, 0, 4;
    %pushi/vec4 1, 0, 1;
    %ix/load 5, 0, 0;
    %ix/getv 4, v000001aad1dc3e80_0;
    %assign/vec4/off/d v000001aad1dc3b60_0, 4, 5;
    %jmp T_1.57;
T_1.53 ;
    %load/vec4 v000001aad1dc3700_0;
    %load/vec4 v000001aad1dc3e80_0;
    %pad/u 8;
    %ix/vec4 3;
    %ix/load 4, 0, 0; Constant delay
    %assign/vec4/a/d v000001aad1dc49c0, 0, 4;
    %pushi/vec4 1, 0, 1;
    %ix/load 5, 0, 0;
    %ix/getv 4, v000001aad1dc3e80_0;
    %assign/vec4/off/d v000001aad1dc33e0_0, 4, 5;
    %jmp T_1.57;
T_1.54 ;
    %load/vec4 v000001aad1dc3700_0;
    %load/vec4 v000001aad1dc3e80_0;
    %pad/u 8;
    %ix/vec4 3;
    %ix/load 4, 0, 0; Constant delay
    %assign/vec4/a/d v000001aad1dc3980, 0, 4;
    %pushi/vec4 1, 0, 1;
    %ix/load 5, 0, 0;
    %ix/getv 4, v000001aad1dc3e80_0;
    %assign/vec4/off/d v000001aad1dc3fc0_0, 4, 5;
    %jmp T_1.57;
T_1.55 ;
    %load/vec4 v000001aad1dc3700_0;
    %load/vec4 v000001aad1dc3e80_0;
    %pad/u 8;
    %ix/vec4 3;
    %ix/load 4, 0, 0; Constant delay
    %assign/vec4/a/d v000001aad1dc3ca0, 0, 4;
    %pushi/vec4 1, 0, 1;
    %ix/load 5, 0, 0;
    %ix/getv 4, v000001aad1dc3e80_0;
    %assign/vec4/off/d v000001aad1dc4600_0, 4, 5;
    %jmp T_1.57;
T_1.57 ;
    %pop/vec4 1;
    %load/vec4 v000001aad1dc44c0_0;
    %addi 1, 0, 2;
    %load/vec4 v000001aad1dc3e80_0;
    %pad/u 8;
    %ix/vec4 3;
    %ix/load 4, 0, 0; Constant delay
    %assign/vec4/a/d v000001aad1dc0820, 0, 4;
    %load/vec4 v000001aad1dbf060_0;
    %flag_set/vec4 8;
    %jmp/0xz  T_1.58, 8;
    %load/vec4 v000001aad1dc0500_0;
    %assign/vec4 v000001aad1dc3700_0, 0;
    %load/vec4 v000001aad1dc0f00_0;
    %assign/vec4 v000001aad1dc3e80_0, 0;
    %load/vec4 v000001aad1dc1e00_0;
    %assign/vec4 v000001aad1dc42e0_0, 0;
    %load/vec4 v000001aad1dc10e0_0;
    %assign/vec4 v000001aad1dc44c0_0, 0;
    %load/vec4 v000001aad1dc1220_0;
    %assign/vec4 v000001aad1dc1540_0, 0;
    %load/vec4 v000001aad1dc0140_0;
    %assign/vec4 v000001aad1dc4060_0, 0;
    %load/vec4 v000001aad1dc0c80_0;
    %assign/vec4 v000001aad1dc2a80_0, 0;
    %load/vec4 v000001aad1dc1b80_0;
    %assign/vec4 v000001aad1dc4560_0, 0;
    %pushi/vec4 0, 0, 4;
    %assign/vec4 v000001aad1dc0780_0, 0;
    %pushi/vec4 0, 0, 1;
    %assign/vec4 v000001aad1dbf060_0, 0;
    %jmp T_1.59;
T_1.58 ;
    %load/vec4 v000001aad1dc1540_0;
    %flag_set/vec4 8;
    %jmp/0xz  T_1.60, 8;
    %pushi/vec4 0, 0, 1;
    %assign/vec4 v000001aad1dc1220_0, 0;
    %pushi/vec4 0, 0, 1;
    %assign/vec4 v000001aad1dc1540_0, 0;
    %pushi/vec4 0, 0, 2;
    %assign/vec4 v000001aad1dc3f20_0, 0;
    %jmp T_1.61;
T_1.60 ;
    %load/vec4 v000001aad1dc4060_0;
    %flag_set/vec4 8;
    %jmp/0xz  T_1.62, 8;
    %pushi/vec4 2, 0, 2;
    %assign/vec4 v000001aad1dc3f20_0, 0;
    %jmp T_1.63;
T_1.62 ;
    %pushi/vec4 0, 0, 2;
    %assign/vec4 v000001aad1dc3f20_0, 0;
T_1.63 ;
T_1.61 ;
T_1.59 ;
    %jmp T_1.52;
T_1.51 ;
    %load/vec4 v000001aad1dc0780_0;
    %addi 1, 0, 4;
    %assign/vec4 v000001aad1dc0780_0, 0;
T_1.52 ;
T_1.40 ;
    %jmp T_1.18;
T_1.16 ;
    %load/vec4 v000001aad1dc3a20_0;
    %flag_set/vec4 8;
    %jmp/0xz  T_1.64, 8;
    %load/vec4 v000001aad1dc10e0_0;
    %dup/vec4;
    %pushi/vec4 0, 0, 2;
    %cmp/u;
    %jmp/1 T_1.66, 6;
    %dup/vec4;
    %pushi/vec4 1, 0, 2;
    %cmp/u;
    %jmp/1 T_1.67, 6;
    %dup/vec4;
    %pushi/vec4 2, 0, 2;
    %cmp/u;
    %jmp/1 T_1.68, 6;
    %load/vec4 v000001aad1dc12c0_0;
    %load/vec4 v000001aad1dc0f00_0;
    %pad/u 11;
    %pad/u 13;
    %muli 4, 0, 13;
    %pad/u 14;
    %load/vec4 v000001aad1dc1e00_0;
    %pad/u 14;
    %add;
    %ix/vec4 3;
    %ix/load 4, 0, 0; Constant delay
    %assign/vec4/a/d v000001aad1dbf7e0, 0, 4;
    %jmp T_1.70;
T_1.66 ;
    %load/vec4 v000001aad1dc12c0_0;
    %load/vec4 v000001aad1dc0f00_0;
    %pad/u 11;
    %pad/u 13;
    %muli 4, 0, 13;
    %pad/u 14;
    %load/vec4 v000001aad1dc1e00_0;
    %pad/u 14;
    %add;
    %ix/vec4 3;
    %ix/load 4, 0, 0; Constant delay
    %assign/vec4/a/d v000001aad1dbf380, 0, 4;
    %jmp T_1.70;
T_1.67 ;
    %load/vec4 v000001aad1dc12c0_0;
    %load/vec4 v000001aad1dc0f00_0;
    %pad/u 11;
    %pad/u 13;
    %muli 4, 0, 13;
    %pad/u 14;
    %load/vec4 v000001aad1dc1e00_0;
    %pad/u 14;
    %add;
    %ix/vec4 3;
    %ix/load 4, 0, 0; Constant delay
    %assign/vec4/a/d v000001aad1dbe020, 0, 4;
    %jmp T_1.70;
T_1.68 ;
    %load/vec4 v000001aad1dc12c0_0;
    %load/vec4 v000001aad1dc0f00_0;
    %pad/u 11;
    %pad/u 13;
    %muli 4, 0, 13;
    %pad/u 14;
    %load/vec4 v000001aad1dc1e00_0;
    %pad/u 14;
    %add;
    %ix/vec4 3;
    %ix/load 4, 0, 0; Constant delay
    %assign/vec4/a/d v000001aad1dbdda0, 0, 4;
    %jmp T_1.70;
T_1.70 ;
    %pop/vec4 1;
    %load/vec4 v000001aad1dc10e0_0;
    %addi 1, 0, 2;
    %load/vec4 v000001aad1dc0f00_0;
    %pad/u 8;
    %ix/vec4 3;
    %ix/load 4, 0, 0; Constant delay
    %assign/vec4/a/d v000001aad1dc0820, 0, 4;
    %pushi/vec4 0, 0, 2;
    %assign/vec4 v000001aad1dc3f20_0, 0;
T_1.64 ;
    %jmp T_1.18;
T_1.18 ;
    %pop/vec4 1;
T_1.1 ;
    %jmp T_1;
    .thread T_1;
    .scope S_000001aad19d9a10;
T_2 ;
    %wait E_000001aad1d0f380;
    %load/vec4 v000001aad1db75e0_0;
    %flag_set/vec4 8;
    %jmp/0xz  T_2.0, 8;
    %pushi/vec4 0, 0, 32;
    %ix/load 3, 0, 0;
    %flag_set/imm 4, 0;
    %ix/load 4, 0, 0; Constant delay
    %assign/vec4/a/d v000001aad1db7d60, 0, 4;
    %pushi/vec4 0, 0, 32;
    %ix/load 3, 1, 0;
    %flag_set/imm 4, 0;
    %ix/load 4, 0, 0; Constant delay
    %assign/vec4/a/d v000001aad1db7d60, 0, 4;
    %pushi/vec4 0, 0, 32;
    %ix/load 3, 2, 0;
    %flag_set/imm 4, 0;
    %ix/load 4, 0, 0; Constant delay
    %assign/vec4/a/d v000001aad1db7d60, 0, 4;
    %pushi/vec4 0, 0, 32;
    %ix/load 3, 3, 0;
    %flag_set/imm 4, 0;
    %ix/load 4, 0, 0; Constant delay
    %assign/vec4/a/d v000001aad1db7d60, 0, 4;
    %pushi/vec4 0, 0, 32;
    %ix/load 3, 4, 0;
    %flag_set/imm 4, 0;
    %ix/load 4, 0, 0; Constant delay
    %assign/vec4/a/d v000001aad1db7d60, 0, 4;
    %pushi/vec4 0, 0, 32;
    %ix/load 3, 5, 0;
    %flag_set/imm 4, 0;
    %ix/load 4, 0, 0; Constant delay
    %assign/vec4/a/d v000001aad1db7d60, 0, 4;
    %pushi/vec4 0, 0, 32;
    %ix/load 3, 6, 0;
    %flag_set/imm 4, 0;
    %ix/load 4, 0, 0; Constant delay
    %assign/vec4/a/d v000001aad1db7d60, 0, 4;
    %pushi/vec4 0, 0, 32;
    %ix/load 3, 7, 0;
    %flag_set/imm 4, 0;
    %ix/load 4, 0, 0; Constant delay
    %assign/vec4/a/d v000001aad1db7d60, 0, 4;
    %pushi/vec4 0, 0, 32;
    %ix/load 3, 8, 0;
    %flag_set/imm 4, 0;
    %ix/load 4, 0, 0; Constant delay
    %assign/vec4/a/d v000001aad1db7d60, 0, 4;
    %pushi/vec4 0, 0, 32;
    %ix/load 3, 9, 0;
    %flag_set/imm 4, 0;
    %ix/load 4, 0, 0; Constant delay
    %assign/vec4/a/d v000001aad1db7d60, 0, 4;
    %pushi/vec4 0, 0, 32;
    %ix/load 3, 10, 0;
    %flag_set/imm 4, 0;
    %ix/load 4, 0, 0; Constant delay
    %assign/vec4/a/d v000001aad1db7d60, 0, 4;
    %pushi/vec4 0, 0, 32;
    %ix/load 3, 11, 0;
    %flag_set/imm 4, 0;
    %ix/load 4, 0, 0; Constant delay
    %assign/vec4/a/d v000001aad1db7d60, 0, 4;
    %pushi/vec4 0, 0, 32;
    %ix/load 3, 12, 0;
    %flag_set/imm 4, 0;
    %ix/load 4, 0, 0; Constant delay
    %assign/vec4/a/d v000001aad1db7d60, 0, 4;
    %pushi/vec4 0, 0, 32;
    %ix/load 3, 13, 0;
    %flag_set/imm 4, 0;
    %ix/load 4, 0, 0; Constant delay
    %assign/vec4/a/d v000001aad1db7d60, 0, 4;
    %pushi/vec4 0, 0, 32;
    %ix/load 3, 14, 0;
    %flag_set/imm 4, 0;
    %ix/load 4, 0, 0; Constant delay
    %assign/vec4/a/d v000001aad1db7d60, 0, 4;
    %pushi/vec4 0, 0, 32;
    %ix/load 3, 15, 0;
    %flag_set/imm 4, 0;
    %ix/load 4, 0, 0; Constant delay
    %assign/vec4/a/d v000001aad1db7d60, 0, 4;
    %pushi/vec4 0, 0, 32;
    %ix/load 3, 16, 0;
    %flag_set/imm 4, 0;
    %ix/load 4, 0, 0; Constant delay
    %assign/vec4/a/d v000001aad1db7d60, 0, 4;
    %pushi/vec4 0, 0, 32;
    %ix/load 3, 17, 0;
    %flag_set/imm 4, 0;
    %ix/load 4, 0, 0; Constant delay
    %assign/vec4/a/d v000001aad1db7d60, 0, 4;
    %pushi/vec4 0, 0, 32;
    %ix/load 3, 18, 0;
    %flag_set/imm 4, 0;
    %ix/load 4, 0, 0; Constant delay
    %assign/vec4/a/d v000001aad1db7d60, 0, 4;
    %pushi/vec4 0, 0, 32;
    %ix/load 3, 19, 0;
    %flag_set/imm 4, 0;
    %ix/load 4, 0, 0; Constant delay
    %assign/vec4/a/d v000001aad1db7d60, 0, 4;
    %pushi/vec4 0, 0, 32;
    %ix/load 3, 20, 0;
    %flag_set/imm 4, 0;
    %ix/load 4, 0, 0; Constant delay
    %assign/vec4/a/d v000001aad1db7d60, 0, 4;
    %pushi/vec4 0, 0, 32;
    %ix/load 3, 21, 0;
    %flag_set/imm 4, 0;
    %ix/load 4, 0, 0; Constant delay
    %assign/vec4/a/d v000001aad1db7d60, 0, 4;
    %pushi/vec4 0, 0, 32;
    %ix/load 3, 22, 0;
    %flag_set/imm 4, 0;
    %ix/load 4, 0, 0; Constant delay
    %assign/vec4/a/d v000001aad1db7d60, 0, 4;
    %pushi/vec4 0, 0, 32;
    %ix/load 3, 23, 0;
    %flag_set/imm 4, 0;
    %ix/load 4, 0, 0; Constant delay
    %assign/vec4/a/d v000001aad1db7d60, 0, 4;
    %pushi/vec4 0, 0, 32;
    %ix/load 3, 24, 0;
    %flag_set/imm 4, 0;
    %ix/load 4, 0, 0; Constant delay
    %assign/vec4/a/d v000001aad1db7d60, 0, 4;
    %pushi/vec4 0, 0, 32;
    %ix/load 3, 25, 0;
    %flag_set/imm 4, 0;
    %ix/load 4, 0, 0; Constant delay
    %assign/vec4/a/d v000001aad1db7d60, 0, 4;
    %pushi/vec4 0, 0, 32;
    %ix/load 3, 26, 0;
    %flag_set/imm 4, 0;
    %ix/load 4, 0, 0; Constant delay
    %assign/vec4/a/d v000001aad1db7d60, 0, 4;
    %pushi/vec4 0, 0, 32;
    %ix/load 3, 27, 0;
    %flag_set/imm 4, 0;
    %ix/load 4, 0, 0; Constant delay
    %assign/vec4/a/d v000001aad1db7d60, 0, 4;
    %pushi/vec4 0, 0, 32;
    %ix/load 3, 28, 0;
    %flag_set/imm 4, 0;
    %ix/load 4, 0, 0; Constant delay
    %assign/vec4/a/d v000001aad1db7d60, 0, 4;
    %pushi/vec4 0, 0, 32;
    %ix/load 3, 29, 0;
    %flag_set/imm 4, 0;
    %ix/load 4, 0, 0; Constant delay
    %assign/vec4/a/d v000001aad1db7d60, 0, 4;
    %pushi/vec4 0, 0, 32;
    %ix/load 3, 30, 0;
    %flag_set/imm 4, 0;
    %ix/load 4, 0, 0; Constant delay
    %assign/vec4/a/d v000001aad1db7d60, 0, 4;
    %pushi/vec4 0, 0, 32;
    %ix/load 3, 31, 0;
    %flag_set/imm 4, 0;
    %ix/load 4, 0, 0; Constant delay
    %assign/vec4/a/d v000001aad1db7d60, 0, 4;
    %jmp T_2.1;
T_2.0 ;
    %load/vec4 v000001aad1db7a40_0;
    %flag_set/vec4 9;
    %flag_get/vec4 9;
    %jmp/0 T_2.4, 9;
    %load/vec4 v000001aad1db6960_0;
    %pushi/vec4 0, 0, 5;
    %cmp/ne;
    %flag_get/vec4 4;
    %and;
T_2.4;
    %flag_set/vec4 8;
    %jmp/0xz  T_2.2, 8;
    %load/vec4 v000001aad1db6d20_0;
    %load/vec4 v000001aad1db6960_0;
    %pad/u 7;
    %ix/vec4 3;
    %ix/load 4, 0, 0; Constant delay
    %assign/vec4/a/d v000001aad1db7d60, 0, 4;
T_2.2 ;
T_2.1 ;
    %jmp T_2;
    .thread T_2;
    .scope S_000001aad1d4b620;
T_3 ;
    %wait E_000001aad1d0fc40;
    %pushi/vec4 0, 0, 3;
    %store/vec4 v000001aad1de1850_0, 0, 3;
    %pushi/vec4 0, 0, 1;
    %store/vec4 v000001aad1de27f0_0, 0, 1;
    %pushi/vec4 0, 0, 1;
    %store/vec4 v000001aad1de0090_0, 0, 1;
    %pushi/vec4 0, 0, 1;
    %store/vec4 v000001aad1de2750_0, 0, 1;
    %load/vec4 v000001aad1de0310_0;
    %dup/vec4;
    %pushi/vec4 1, 2, 3;
    %cmp/z;
    %jmp/1 T_3.0, 4;
    %dup/vec4;
    %pushi/vec4 0, 2, 3;
    %cmp/z;
    %jmp/1 T_3.1, 4;
    %dup/vec4;
    %pushi/vec4 6, 0, 3;
    %cmp/z;
    %jmp/1 T_3.2, 4;
    %pushi/vec4 0, 0, 3;
    %store/vec4 v000001aad1de1850_0, 0, 3;
    %pushi/vec4 0, 0, 1;
    %store/vec4 v000001aad1de27f0_0, 0, 1;
    %pushi/vec4 0, 0, 1;
    %store/vec4 v000001aad1de0090_0, 0, 1;
    %pushi/vec4 0, 0, 1;
    %store/vec4 v000001aad1de2750_0, 0, 1;
    %jmp T_3.4;
T_3.0 ;
    %load/vec4 v000001aad1de1490_0;
    %dup/vec4;
    %pushi/vec4 55, 0, 7;
    %cmp/u;
    %jmp/1 T_3.5, 6;
    %dup/vec4;
    %pushi/vec4 23, 0, 7;
    %cmp/u;
    %jmp/1 T_3.6, 6;
    %load/vec4 v000001aad1de03b0_0;
    %store/vec4 v000001aad1de1850_0, 0, 3;
    %load/vec4 v000001aad1de1490_0;
    %pushi/vec4 51, 0, 7;
    %cmp/e;
    %flag_get/vec4 4;
    %load/vec4 v000001aad1de03b0_0;
    %pushi/vec4 0, 0, 3;
    %cmp/e;
    %flag_get/vec4 4;
    %and;
    %load/vec4 v000001aad1de1670_0;
    %parti/s 1, 5, 4;
    %and;
    %store/vec4 v000001aad1de27f0_0, 0, 1;
    %load/vec4 v000001aad1de03b0_0;
    %pushi/vec4 3, 0, 3;
    %cmp/e;
    %flag_get/vec4 4;
    %store/vec4 v000001aad1de0090_0, 0, 1;
    %load/vec4 v000001aad1de03b0_0;
    %pushi/vec4 5, 0, 3;
    %cmp/e;
    %flag_get/vec4 4;
    %load/vec4 v000001aad1de1670_0;
    %parti/s 1, 5, 4;
    %and;
    %store/vec4 v000001aad1de2750_0, 0, 1;
    %jmp T_3.8;
T_3.5 ;
    %pushi/vec4 0, 0, 3;
    %store/vec4 v000001aad1de1850_0, 0, 3;
    %pushi/vec4 0, 0, 1;
    %store/vec4 v000001aad1de27f0_0, 0, 1;
    %pushi/vec4 0, 0, 1;
    %store/vec4 v000001aad1de0090_0, 0, 1;
    %pushi/vec4 0, 0, 1;
    %store/vec4 v000001aad1de2750_0, 0, 1;
    %jmp T_3.8;
T_3.6 ;
    %pushi/vec4 0, 0, 3;
    %store/vec4 v000001aad1de1850_0, 0, 3;
    %pushi/vec4 0, 0, 1;
    %store/vec4 v000001aad1de27f0_0, 0, 1;
    %pushi/vec4 0, 0, 1;
    %store/vec4 v000001aad1de0090_0, 0, 1;
    %pushi/vec4 0, 0, 1;
    %store/vec4 v000001aad1de2750_0, 0, 1;
    %jmp T_3.8;
T_3.8 ;
    %pop/vec4 1;
    %jmp T_3.4;
T_3.1 ;
    %pushi/vec4 0, 0, 3;
    %store/vec4 v000001aad1de1850_0, 0, 3;
    %pushi/vec4 0, 0, 1;
    %store/vec4 v000001aad1de27f0_0, 0, 1;
    %pushi/vec4 0, 0, 1;
    %store/vec4 v000001aad1de0090_0, 0, 1;
    %pushi/vec4 0, 0, 1;
    %store/vec4 v000001aad1de2750_0, 0, 1;
    %jmp T_3.4;
T_3.2 ;
    %pushi/vec4 0, 0, 3;
    %store/vec4 v000001aad1de1850_0, 0, 3;
    %load/vec4 v000001aad1de1490_0;
    %pushi/vec4 99, 0, 7;
    %cmp/e;
    %flag_get/vec4 4;
    %store/vec4 v000001aad1de27f0_0, 0, 1;
    %load/vec4 v000001aad1de1490_0;
    %pushi/vec4 99, 0, 7;
    %cmp/e;
    %flag_get/vec4 4;
    %load/vec4 v000001aad1de03b0_0;
    %parti/s 1, 1, 2;
    %and;
    %store/vec4 v000001aad1de0090_0, 0, 1;
    %pushi/vec4 0, 0, 1;
    %store/vec4 v000001aad1de2750_0, 0, 1;
    %jmp T_3.4;
T_3.4 ;
    %pop/vec4 1;
    %jmp T_3;
    .thread T_3, $push;
    .scope S_000001aad1d4b490;
T_4 ;
    %wait E_000001aad1d0f700;
    %load/vec4 v000001aad1de2390_0;
    %dup/vec4;
    %pushi/vec4 0, 0, 5;
    %cmp/u;
    %jmp/1 T_4.0, 6;
    %dup/vec4;
    %pushi/vec4 1, 0, 5;
    %cmp/u;
    %jmp/1 T_4.1, 6;
    %dup/vec4;
    %pushi/vec4 2, 0, 5;
    %cmp/u;
    %jmp/1 T_4.2, 6;
    %dup/vec4;
    %pushi/vec4 3, 0, 5;
    %cmp/u;
    %jmp/1 T_4.3, 6;
    %dup/vec4;
    %pushi/vec4 4, 0, 5;
    %cmp/u;
    %jmp/1 T_4.4, 6;
    %dup/vec4;
    %pushi/vec4 5, 0, 5;
    %cmp/u;
    %jmp/1 T_4.5, 6;
    %dup/vec4;
    %pushi/vec4 6, 0, 5;
    %cmp/u;
    %jmp/1 T_4.6, 6;
    %dup/vec4;
    %pushi/vec4 7, 0, 5;
    %cmp/u;
    %jmp/1 T_4.7, 6;
    %dup/vec4;
    %pushi/vec4 8, 0, 5;
    %cmp/u;
    %jmp/1 T_4.8, 6;
    %dup/vec4;
    %pushi/vec4 9, 0, 5;
    %cmp/u;
    %jmp/1 T_4.9, 6;
    %dup/vec4;
    %pushi/vec4 10, 0, 5;
    %cmp/u;
    %jmp/1 T_4.10, 6;
    %dup/vec4;
    %pushi/vec4 11, 0, 5;
    %cmp/u;
    %jmp/1 T_4.11, 6;
    %dup/vec4;
    %pushi/vec4 12, 0, 5;
    %cmp/u;
    %jmp/1 T_4.12, 6;
    %dup/vec4;
    %pushi/vec4 13, 0, 5;
    %cmp/u;
    %jmp/1 T_4.13, 6;
    %dup/vec4;
    %pushi/vec4 14, 0, 5;
    %cmp/u;
    %jmp/1 T_4.14, 6;
    %dup/vec4;
    %pushi/vec4 15, 0, 5;
    %cmp/u;
    %jmp/1 T_4.15, 6;
    %dup/vec4;
    %pushi/vec4 16, 0, 5;
    %cmp/u;
    %jmp/1 T_4.16, 6;
    %dup/vec4;
    %pushi/vec4 17, 0, 5;
    %cmp/u;
    %jmp/1 T_4.17, 6;
    %dup/vec4;
    %pushi/vec4 18, 0, 5;
    %cmp/u;
    %jmp/1 T_4.18, 6;
    %dup/vec4;
    %pushi/vec4 19, 0, 5;
    %cmp/u;
    %jmp/1 T_4.19, 6;
    %dup/vec4;
    %pushi/vec4 20, 0, 5;
    %cmp/u;
    %jmp/1 T_4.20, 6;
    %dup/vec4;
    %pushi/vec4 21, 0, 5;
    %cmp/u;
    %jmp/1 T_4.21, 6;
    %dup/vec4;
    %pushi/vec4 22, 0, 5;
    %cmp/u;
    %jmp/1 T_4.22, 6;
    %dup/vec4;
    %pushi/vec4 23, 0, 5;
    %cmp/u;
    %jmp/1 T_4.23, 6;
    %dup/vec4;
    %pushi/vec4 24, 0, 5;
    %cmp/u;
    %jmp/1 T_4.24, 6;
    %dup/vec4;
    %pushi/vec4 25, 0, 5;
    %cmp/u;
    %jmp/1 T_4.25, 6;
    %dup/vec4;
    %pushi/vec4 26, 0, 5;
    %cmp/u;
    %jmp/1 T_4.26, 6;
    %dup/vec4;
    %pushi/vec4 27, 0, 5;
    %cmp/u;
    %jmp/1 T_4.27, 6;
    %dup/vec4;
    %pushi/vec4 28, 0, 5;
    %cmp/u;
    %jmp/1 T_4.28, 6;
    %dup/vec4;
    %pushi/vec4 29, 0, 5;
    %cmp/u;
    %jmp/1 T_4.29, 6;
    %dup/vec4;
    %pushi/vec4 30, 0, 5;
    %cmp/u;
    %jmp/1 T_4.30, 6;
    %dup/vec4;
    %pushi/vec4 31, 0, 5;
    %cmp/u;
    %jmp/1 T_4.31, 6;
    %pushi/vec4 0, 0, 32;
    %store/vec4 v000001aad1de1a30_0, 0, 32;
    %jmp T_4.33;
T_4.0 ;
    %load/vec4 v000001aad1de24d0_0;
    %store/vec4 v000001aad1de1a30_0, 0, 32;
    %jmp T_4.33;
T_4.1 ;
    %load/vec4 v000001aad1de24d0_0;
    %parti/s 31, 0, 2;
    %concati/vec4 0, 0, 1;
    %store/vec4 v000001aad1de1a30_0, 0, 32;
    %jmp T_4.33;
T_4.2 ;
    %load/vec4 v000001aad1de24d0_0;
    %parti/s 30, 0, 2;
    %concati/vec4 0, 0, 2;
    %store/vec4 v000001aad1de1a30_0, 0, 32;
    %jmp T_4.33;
T_4.3 ;
    %load/vec4 v000001aad1de24d0_0;
    %parti/s 29, 0, 2;
    %concati/vec4 0, 0, 3;
    %store/vec4 v000001aad1de1a30_0, 0, 32;
    %jmp T_4.33;
T_4.4 ;
    %load/vec4 v000001aad1de24d0_0;
    %parti/s 28, 0, 2;
    %concati/vec4 0, 0, 4;
    %store/vec4 v000001aad1de1a30_0, 0, 32;
    %jmp T_4.33;
T_4.5 ;
    %load/vec4 v000001aad1de24d0_0;
    %parti/s 27, 0, 2;
    %concati/vec4 0, 0, 5;
    %store/vec4 v000001aad1de1a30_0, 0, 32;
    %jmp T_4.33;
T_4.6 ;
    %load/vec4 v000001aad1de24d0_0;
    %parti/s 26, 0, 2;
    %concati/vec4 0, 0, 6;
    %store/vec4 v000001aad1de1a30_0, 0, 32;
    %jmp T_4.33;
T_4.7 ;
    %load/vec4 v000001aad1de24d0_0;
    %parti/s 25, 0, 2;
    %concati/vec4 0, 0, 7;
    %store/vec4 v000001aad1de1a30_0, 0, 32;
    %jmp T_4.33;
T_4.8 ;
    %load/vec4 v000001aad1de24d0_0;
    %parti/s 24, 0, 2;
    %concati/vec4 0, 0, 8;
    %store/vec4 v000001aad1de1a30_0, 0, 32;
    %jmp T_4.33;
T_4.9 ;
    %load/vec4 v000001aad1de24d0_0;
    %parti/s 23, 0, 2;
    %concati/vec4 0, 0, 9;
    %store/vec4 v000001aad1de1a30_0, 0, 32;
    %jmp T_4.33;
T_4.10 ;
    %load/vec4 v000001aad1de24d0_0;
    %parti/s 22, 0, 2;
    %concati/vec4 0, 0, 10;
    %store/vec4 v000001aad1de1a30_0, 0, 32;
    %jmp T_4.33;
T_4.11 ;
    %load/vec4 v000001aad1de24d0_0;
    %parti/s 21, 0, 2;
    %concati/vec4 0, 0, 11;
    %store/vec4 v000001aad1de1a30_0, 0, 32;
    %jmp T_4.33;
T_4.12 ;
    %load/vec4 v000001aad1de24d0_0;
    %parti/s 20, 0, 2;
    %concati/vec4 0, 0, 12;
    %store/vec4 v000001aad1de1a30_0, 0, 32;
    %jmp T_4.33;
T_4.13 ;
    %load/vec4 v000001aad1de24d0_0;
    %parti/s 19, 0, 2;
    %concati/vec4 0, 0, 13;
    %store/vec4 v000001aad1de1a30_0, 0, 32;
    %jmp T_4.33;
T_4.14 ;
    %load/vec4 v000001aad1de24d0_0;
    %parti/s 18, 0, 2;
    %concati/vec4 0, 0, 14;
    %store/vec4 v000001aad1de1a30_0, 0, 32;
    %jmp T_4.33;
T_4.15 ;
    %load/vec4 v000001aad1de24d0_0;
    %parti/s 17, 0, 2;
    %concati/vec4 0, 0, 15;
    %store/vec4 v000001aad1de1a30_0, 0, 32;
    %jmp T_4.33;
T_4.16 ;
    %load/vec4 v000001aad1de24d0_0;
    %parti/s 16, 0, 2;
    %concati/vec4 0, 0, 16;
    %store/vec4 v000001aad1de1a30_0, 0, 32;
    %jmp T_4.33;
T_4.17 ;
    %load/vec4 v000001aad1de24d0_0;
    %parti/s 15, 0, 2;
    %concati/vec4 0, 0, 17;
    %store/vec4 v000001aad1de1a30_0, 0, 32;
    %jmp T_4.33;
T_4.18 ;
    %load/vec4 v000001aad1de24d0_0;
    %parti/s 14, 0, 2;
    %concati/vec4 0, 0, 18;
    %store/vec4 v000001aad1de1a30_0, 0, 32;
    %jmp T_4.33;
T_4.19 ;
    %load/vec4 v000001aad1de24d0_0;
    %parti/s 13, 0, 2;
    %concati/vec4 0, 0, 19;
    %store/vec4 v000001aad1de1a30_0, 0, 32;
    %jmp T_4.33;
T_4.20 ;
    %load/vec4 v000001aad1de24d0_0;
    %parti/s 12, 0, 2;
    %concati/vec4 0, 0, 20;
    %store/vec4 v000001aad1de1a30_0, 0, 32;
    %jmp T_4.33;
T_4.21 ;
    %load/vec4 v000001aad1de24d0_0;
    %parti/s 11, 0, 2;
    %concati/vec4 0, 0, 21;
    %store/vec4 v000001aad1de1a30_0, 0, 32;
    %jmp T_4.33;
T_4.22 ;
    %load/vec4 v000001aad1de24d0_0;
    %parti/s 10, 0, 2;
    %concati/vec4 0, 0, 22;
    %store/vec4 v000001aad1de1a30_0, 0, 32;
    %jmp T_4.33;
T_4.23 ;
    %load/vec4 v000001aad1de24d0_0;
    %parti/s 9, 0, 2;
    %concati/vec4 0, 0, 23;
    %store/vec4 v000001aad1de1a30_0, 0, 32;
    %jmp T_4.33;
T_4.24 ;
    %load/vec4 v000001aad1de24d0_0;
    %parti/s 8, 0, 2;
    %concati/vec4 0, 0, 24;
    %store/vec4 v000001aad1de1a30_0, 0, 32;
    %jmp T_4.33;
T_4.25 ;
    %load/vec4 v000001aad1de24d0_0;
    %parti/s 7, 0, 2;
    %concati/vec4 0, 0, 25;
    %store/vec4 v000001aad1de1a30_0, 0, 32;
    %jmp T_4.33;
T_4.26 ;
    %load/vec4 v000001aad1de24d0_0;
    %parti/s 6, 0, 2;
    %concati/vec4 0, 0, 26;
    %store/vec4 v000001aad1de1a30_0, 0, 32;
    %jmp T_4.33;
T_4.27 ;
    %load/vec4 v000001aad1de24d0_0;
    %parti/s 5, 0, 2;
    %concati/vec4 0, 0, 27;
    %store/vec4 v000001aad1de1a30_0, 0, 32;
    %jmp T_4.33;
T_4.28 ;
    %load/vec4 v000001aad1de24d0_0;
    %parti/s 4, 0, 2;
    %concati/vec4 0, 0, 28;
    %store/vec4 v000001aad1de1a30_0, 0, 32;
    %jmp T_4.33;
T_4.29 ;
    %load/vec4 v000001aad1de24d0_0;
    %parti/s 3, 0, 2;
    %concati/vec4 0, 0, 29;
    %store/vec4 v000001aad1de1a30_0, 0, 32;
    %jmp T_4.33;
T_4.30 ;
    %load/vec4 v000001aad1de24d0_0;
    %parti/s 2, 0, 2;
    %concati/vec4 0, 0, 30;
    %store/vec4 v000001aad1de1a30_0, 0, 32;
    %jmp T_4.33;
T_4.31 ;
    %load/vec4 v000001aad1de24d0_0;
    %parti/s 1, 0, 2;
    %concati/vec4 0, 0, 31;
    %store/vec4 v000001aad1de1a30_0, 0, 32;
    %jmp T_4.33;
T_4.33 ;
    %pop/vec4 1;
    %jmp T_4;
    .thread T_4, $push;
    .scope S_000001aad1d4b490;
T_5 ;
    %wait E_000001aad1d0f700;
    %load/vec4 v000001aad1de2390_0;
    %dup/vec4;
    %pushi/vec4 0, 0, 5;
    %cmp/u;
    %jmp/1 T_5.0, 6;
    %dup/vec4;
    %pushi/vec4 1, 0, 5;
    %cmp/u;
    %jmp/1 T_5.1, 6;
    %dup/vec4;
    %pushi/vec4 2, 0, 5;
    %cmp/u;
    %jmp/1 T_5.2, 6;
    %dup/vec4;
    %pushi/vec4 3, 0, 5;
    %cmp/u;
    %jmp/1 T_5.3, 6;
    %dup/vec4;
    %pushi/vec4 4, 0, 5;
    %cmp/u;
    %jmp/1 T_5.4, 6;
    %dup/vec4;
    %pushi/vec4 5, 0, 5;
    %cmp/u;
    %jmp/1 T_5.5, 6;
    %dup/vec4;
    %pushi/vec4 6, 0, 5;
    %cmp/u;
    %jmp/1 T_5.6, 6;
    %dup/vec4;
    %pushi/vec4 7, 0, 5;
    %cmp/u;
    %jmp/1 T_5.7, 6;
    %dup/vec4;
    %pushi/vec4 8, 0, 5;
    %cmp/u;
    %jmp/1 T_5.8, 6;
    %dup/vec4;
    %pushi/vec4 9, 0, 5;
    %cmp/u;
    %jmp/1 T_5.9, 6;
    %dup/vec4;
    %pushi/vec4 10, 0, 5;
    %cmp/u;
    %jmp/1 T_5.10, 6;
    %dup/vec4;
    %pushi/vec4 11, 0, 5;
    %cmp/u;
    %jmp/1 T_5.11, 6;
    %dup/vec4;
    %pushi/vec4 12, 0, 5;
    %cmp/u;
    %jmp/1 T_5.12, 6;
    %dup/vec4;
    %pushi/vec4 13, 0, 5;
    %cmp/u;
    %jmp/1 T_5.13, 6;
    %dup/vec4;
    %pushi/vec4 14, 0, 5;
    %cmp/u;
    %jmp/1 T_5.14, 6;
    %dup/vec4;
    %pushi/vec4 15, 0, 5;
    %cmp/u;
    %jmp/1 T_5.15, 6;
    %dup/vec4;
    %pushi/vec4 16, 0, 5;
    %cmp/u;
    %jmp/1 T_5.16, 6;
    %dup/vec4;
    %pushi/vec4 17, 0, 5;
    %cmp/u;
    %jmp/1 T_5.17, 6;
    %dup/vec4;
    %pushi/vec4 18, 0, 5;
    %cmp/u;
    %jmp/1 T_5.18, 6;
    %dup/vec4;
    %pushi/vec4 19, 0, 5;
    %cmp/u;
    %jmp/1 T_5.19, 6;
    %dup/vec4;
    %pushi/vec4 20, 0, 5;
    %cmp/u;
    %jmp/1 T_5.20, 6;
    %dup/vec4;
    %pushi/vec4 21, 0, 5;
    %cmp/u;
    %jmp/1 T_5.21, 6;
    %dup/vec4;
    %pushi/vec4 22, 0, 5;
    %cmp/u;
    %jmp/1 T_5.22, 6;
    %dup/vec4;
    %pushi/vec4 23, 0, 5;
    %cmp/u;
    %jmp/1 T_5.23, 6;
    %dup/vec4;
    %pushi/vec4 24, 0, 5;
    %cmp/u;
    %jmp/1 T_5.24, 6;
    %dup/vec4;
    %pushi/vec4 25, 0, 5;
    %cmp/u;
    %jmp/1 T_5.25, 6;
    %dup/vec4;
    %pushi/vec4 26, 0, 5;
    %cmp/u;
    %jmp/1 T_5.26, 6;
    %dup/vec4;
    %pushi/vec4 27, 0, 5;
    %cmp/u;
    %jmp/1 T_5.27, 6;
    %dup/vec4;
    %pushi/vec4 28, 0, 5;
    %cmp/u;
    %jmp/1 T_5.28, 6;
    %dup/vec4;
    %pushi/vec4 29, 0, 5;
    %cmp/u;
    %jmp/1 T_5.29, 6;
    %dup/vec4;
    %pushi/vec4 30, 0, 5;
    %cmp/u;
    %jmp/1 T_5.30, 6;
    %dup/vec4;
    %pushi/vec4 31, 0, 5;
    %cmp/u;
    %jmp/1 T_5.31, 6;
    %pushi/vec4 0, 0, 32;
    %store/vec4 v000001aad1de2430_0, 0, 32;
    %jmp T_5.33;
T_5.0 ;
    %load/vec4 v000001aad1de24d0_0;
    %store/vec4 v000001aad1de2430_0, 0, 32;
    %jmp T_5.33;
T_5.1 ;
    %pushi/vec4 0, 0, 1;
    %load/vec4 v000001aad1de24d0_0;
    %parti/s 31, 1, 2;
    %concat/vec4; draw_concat_vec4
    %store/vec4 v000001aad1de2430_0, 0, 32;
    %jmp T_5.33;
T_5.2 ;
    %pushi/vec4 0, 0, 2;
    %load/vec4 v000001aad1de24d0_0;
    %parti/s 30, 2, 3;
    %concat/vec4; draw_concat_vec4
    %store/vec4 v000001aad1de2430_0, 0, 32;
    %jmp T_5.33;
T_5.3 ;
    %pushi/vec4 0, 0, 3;
    %load/vec4 v000001aad1de24d0_0;
    %parti/s 29, 3, 3;
    %concat/vec4; draw_concat_vec4
    %store/vec4 v000001aad1de2430_0, 0, 32;
    %jmp T_5.33;
T_5.4 ;
    %pushi/vec4 0, 0, 4;
    %load/vec4 v000001aad1de24d0_0;
    %parti/s 28, 4, 4;
    %concat/vec4; draw_concat_vec4
    %store/vec4 v000001aad1de2430_0, 0, 32;
    %jmp T_5.33;
T_5.5 ;
    %pushi/vec4 0, 0, 5;
    %load/vec4 v000001aad1de24d0_0;
    %parti/s 27, 5, 4;
    %concat/vec4; draw_concat_vec4
    %store/vec4 v000001aad1de2430_0, 0, 32;
    %jmp T_5.33;
T_5.6 ;
    %pushi/vec4 0, 0, 6;
    %load/vec4 v000001aad1de24d0_0;
    %parti/s 26, 6, 4;
    %concat/vec4; draw_concat_vec4
    %store/vec4 v000001aad1de2430_0, 0, 32;
    %jmp T_5.33;
T_5.7 ;
    %pushi/vec4 0, 0, 7;
    %load/vec4 v000001aad1de24d0_0;
    %parti/s 25, 7, 4;
    %concat/vec4; draw_concat_vec4
    %store/vec4 v000001aad1de2430_0, 0, 32;
    %jmp T_5.33;
T_5.8 ;
    %pushi/vec4 0, 0, 8;
    %load/vec4 v000001aad1de24d0_0;
    %parti/s 24, 8, 5;
    %concat/vec4; draw_concat_vec4
    %store/vec4 v000001aad1de2430_0, 0, 32;
    %jmp T_5.33;
T_5.9 ;
    %pushi/vec4 0, 0, 9;
    %load/vec4 v000001aad1de24d0_0;
    %parti/s 23, 9, 5;
    %concat/vec4; draw_concat_vec4
    %store/vec4 v000001aad1de2430_0, 0, 32;
    %jmp T_5.33;
T_5.10 ;
    %pushi/vec4 0, 0, 10;
    %load/vec4 v000001aad1de24d0_0;
    %parti/s 22, 10, 5;
    %concat/vec4; draw_concat_vec4
    %store/vec4 v000001aad1de2430_0, 0, 32;
    %jmp T_5.33;
T_5.11 ;
    %pushi/vec4 0, 0, 11;
    %load/vec4 v000001aad1de24d0_0;
    %parti/s 21, 11, 5;
    %concat/vec4; draw_concat_vec4
    %store/vec4 v000001aad1de2430_0, 0, 32;
    %jmp T_5.33;
T_5.12 ;
    %pushi/vec4 0, 0, 12;
    %load/vec4 v000001aad1de24d0_0;
    %parti/s 20, 12, 5;
    %concat/vec4; draw_concat_vec4
    %store/vec4 v000001aad1de2430_0, 0, 32;
    %jmp T_5.33;
T_5.13 ;
    %pushi/vec4 0, 0, 13;
    %load/vec4 v000001aad1de24d0_0;
    %parti/s 19, 13, 5;
    %concat/vec4; draw_concat_vec4
    %store/vec4 v000001aad1de2430_0, 0, 32;
    %jmp T_5.33;
T_5.14 ;
    %pushi/vec4 0, 0, 14;
    %load/vec4 v000001aad1de24d0_0;
    %parti/s 18, 14, 5;
    %concat/vec4; draw_concat_vec4
    %store/vec4 v000001aad1de2430_0, 0, 32;
    %jmp T_5.33;
T_5.15 ;
    %pushi/vec4 0, 0, 15;
    %load/vec4 v000001aad1de24d0_0;
    %parti/s 17, 15, 5;
    %concat/vec4; draw_concat_vec4
    %store/vec4 v000001aad1de2430_0, 0, 32;
    %jmp T_5.33;
T_5.16 ;
    %pushi/vec4 0, 0, 16;
    %load/vec4 v000001aad1de24d0_0;
    %parti/s 16, 16, 6;
    %concat/vec4; draw_concat_vec4
    %store/vec4 v000001aad1de2430_0, 0, 32;
    %jmp T_5.33;
T_5.17 ;
    %pushi/vec4 0, 0, 17;
    %load/vec4 v000001aad1de24d0_0;
    %parti/s 15, 17, 6;
    %concat/vec4; draw_concat_vec4
    %store/vec4 v000001aad1de2430_0, 0, 32;
    %jmp T_5.33;
T_5.18 ;
    %pushi/vec4 0, 0, 18;
    %load/vec4 v000001aad1de24d0_0;
    %parti/s 14, 18, 6;
    %concat/vec4; draw_concat_vec4
    %store/vec4 v000001aad1de2430_0, 0, 32;
    %jmp T_5.33;
T_5.19 ;
    %pushi/vec4 0, 0, 19;
    %load/vec4 v000001aad1de24d0_0;
    %parti/s 13, 19, 6;
    %concat/vec4; draw_concat_vec4
    %store/vec4 v000001aad1de2430_0, 0, 32;
    %jmp T_5.33;
T_5.20 ;
    %pushi/vec4 0, 0, 20;
    %load/vec4 v000001aad1de24d0_0;
    %parti/s 12, 20, 6;
    %concat/vec4; draw_concat_vec4
    %store/vec4 v000001aad1de2430_0, 0, 32;
    %jmp T_5.33;
T_5.21 ;
    %pushi/vec4 0, 0, 21;
    %load/vec4 v000001aad1de24d0_0;
    %parti/s 11, 21, 6;
    %concat/vec4; draw_concat_vec4
    %store/vec4 v000001aad1de2430_0, 0, 32;
    %jmp T_5.33;
T_5.22 ;
    %pushi/vec4 0, 0, 22;
    %load/vec4 v000001aad1de24d0_0;
    %parti/s 10, 22, 6;
    %concat/vec4; draw_concat_vec4
    %store/vec4 v000001aad1de2430_0, 0, 32;
    %jmp T_5.33;
T_5.23 ;
    %pushi/vec4 0, 0, 23;
    %load/vec4 v000001aad1de24d0_0;
    %parti/s 9, 23, 6;
    %concat/vec4; draw_concat_vec4
    %store/vec4 v000001aad1de2430_0, 0, 32;
    %jmp T_5.33;
T_5.24 ;
    %pushi/vec4 0, 0, 24;
    %load/vec4 v000001aad1de24d0_0;
    %parti/s 8, 24, 6;
    %concat/vec4; draw_concat_vec4
    %store/vec4 v000001aad1de2430_0, 0, 32;
    %jmp T_5.33;
T_5.25 ;
    %pushi/vec4 0, 0, 25;
    %load/vec4 v000001aad1de24d0_0;
    %parti/s 7, 25, 6;
    %concat/vec4; draw_concat_vec4
    %store/vec4 v000001aad1de2430_0, 0, 32;
    %jmp T_5.33;
T_5.26 ;
    %pushi/vec4 0, 0, 26;
    %load/vec4 v000001aad1de24d0_0;
    %parti/s 6, 26, 6;
    %concat/vec4; draw_concat_vec4
    %store/vec4 v000001aad1de2430_0, 0, 32;
    %jmp T_5.33;
T_5.27 ;
    %pushi/vec4 0, 0, 27;
    %load/vec4 v000001aad1de24d0_0;
    %parti/s 5, 27, 6;
    %concat/vec4; draw_concat_vec4
    %store/vec4 v000001aad1de2430_0, 0, 32;
    %jmp T_5.33;
T_5.28 ;
    %pushi/vec4 0, 0, 28;
    %load/vec4 v000001aad1de24d0_0;
    %parti/s 4, 28, 6;
    %concat/vec4; draw_concat_vec4
    %store/vec4 v000001aad1de2430_0, 0, 32;
    %jmp T_5.33;
T_5.29 ;
    %pushi/vec4 0, 0, 29;
    %load/vec4 v000001aad1de24d0_0;
    %parti/s 3, 29, 6;
    %concat/vec4; draw_concat_vec4
    %store/vec4 v000001aad1de2430_0, 0, 32;
    %jmp T_5.33;
T_5.30 ;
    %pushi/vec4 0, 0, 30;
    %load/vec4 v000001aad1de24d0_0;
    %parti/s 2, 30, 6;
    %concat/vec4; draw_concat_vec4
    %store/vec4 v000001aad1de2430_0, 0, 32;
    %jmp T_5.33;
T_5.31 ;
    %pushi/vec4 0, 0, 31;
    %load/vec4 v000001aad1de24d0_0;
    %parti/s 1, 31, 6;
    %concat/vec4; draw_concat_vec4
    %store/vec4 v000001aad1de2430_0, 0, 32;
    %jmp T_5.33;
T_5.33 ;
    %pop/vec4 1;
    %jmp T_5;
    .thread T_5, $push;
    .scope S_000001aad1d4b490;
T_6 ;
    %wait E_000001aad1d0f700;
    %load/vec4 v000001aad1de2390_0;
    %dup/vec4;
    %pushi/vec4 0, 0, 5;
    %cmp/u;
    %jmp/1 T_6.0, 6;
    %dup/vec4;
    %pushi/vec4 1, 0, 5;
    %cmp/u;
    %jmp/1 T_6.1, 6;
    %dup/vec4;
    %pushi/vec4 2, 0, 5;
    %cmp/u;
    %jmp/1 T_6.2, 6;
    %dup/vec4;
    %pushi/vec4 3, 0, 5;
    %cmp/u;
    %jmp/1 T_6.3, 6;
    %dup/vec4;
    %pushi/vec4 4, 0, 5;
    %cmp/u;
    %jmp/1 T_6.4, 6;
    %dup/vec4;
    %pushi/vec4 5, 0, 5;
    %cmp/u;
    %jmp/1 T_6.5, 6;
    %dup/vec4;
    %pushi/vec4 6, 0, 5;
    %cmp/u;
    %jmp/1 T_6.6, 6;
    %dup/vec4;
    %pushi/vec4 7, 0, 5;
    %cmp/u;
    %jmp/1 T_6.7, 6;
    %dup/vec4;
    %pushi/vec4 8, 0, 5;
    %cmp/u;
    %jmp/1 T_6.8, 6;
    %dup/vec4;
    %pushi/vec4 9, 0, 5;
    %cmp/u;
    %jmp/1 T_6.9, 6;
    %dup/vec4;
    %pushi/vec4 10, 0, 5;
    %cmp/u;
    %jmp/1 T_6.10, 6;
    %dup/vec4;
    %pushi/vec4 11, 0, 5;
    %cmp/u;
    %jmp/1 T_6.11, 6;
    %dup/vec4;
    %pushi/vec4 12, 0, 5;
    %cmp/u;
    %jmp/1 T_6.12, 6;
    %dup/vec4;
    %pushi/vec4 13, 0, 5;
    %cmp/u;
    %jmp/1 T_6.13, 6;
    %dup/vec4;
    %pushi/vec4 14, 0, 5;
    %cmp/u;
    %jmp/1 T_6.14, 6;
    %dup/vec4;
    %pushi/vec4 15, 0, 5;
    %cmp/u;
    %jmp/1 T_6.15, 6;
    %dup/vec4;
    %pushi/vec4 16, 0, 5;
    %cmp/u;
    %jmp/1 T_6.16, 6;
    %dup/vec4;
    %pushi/vec4 17, 0, 5;
    %cmp/u;
    %jmp/1 T_6.17, 6;
    %dup/vec4;
    %pushi/vec4 18, 0, 5;
    %cmp/u;
    %jmp/1 T_6.18, 6;
    %dup/vec4;
    %pushi/vec4 19, 0, 5;
    %cmp/u;
    %jmp/1 T_6.19, 6;
    %dup/vec4;
    %pushi/vec4 20, 0, 5;
    %cmp/u;
    %jmp/1 T_6.20, 6;
    %dup/vec4;
    %pushi/vec4 21, 0, 5;
    %cmp/u;
    %jmp/1 T_6.21, 6;
    %dup/vec4;
    %pushi/vec4 22, 0, 5;
    %cmp/u;
    %jmp/1 T_6.22, 6;
    %dup/vec4;
    %pushi/vec4 23, 0, 5;
    %cmp/u;
    %jmp/1 T_6.23, 6;
    %dup/vec4;
    %pushi/vec4 24, 0, 5;
    %cmp/u;
    %jmp/1 T_6.24, 6;
    %dup/vec4;
    %pushi/vec4 25, 0, 5;
    %cmp/u;
    %jmp/1 T_6.25, 6;
    %dup/vec4;
    %pushi/vec4 26, 0, 5;
    %cmp/u;
    %jmp/1 T_6.26, 6;
    %dup/vec4;
    %pushi/vec4 27, 0, 5;
    %cmp/u;
    %jmp/1 T_6.27, 6;
    %dup/vec4;
    %pushi/vec4 28, 0, 5;
    %cmp/u;
    %jmp/1 T_6.28, 6;
    %dup/vec4;
    %pushi/vec4 29, 0, 5;
    %cmp/u;
    %jmp/1 T_6.29, 6;
    %dup/vec4;
    %pushi/vec4 30, 0, 5;
    %cmp/u;
    %jmp/1 T_6.30, 6;
    %dup/vec4;
    %pushi/vec4 31, 0, 5;
    %cmp/u;
    %jmp/1 T_6.31, 6;
    %pushi/vec4 0, 0, 32;
    %store/vec4 v000001aad1de26b0_0, 0, 32;
    %jmp T_6.33;
T_6.0 ;
    %load/vec4 v000001aad1de24d0_0;
    %store/vec4 v000001aad1de26b0_0, 0, 32;
    %jmp T_6.33;
T_6.1 ;
    %load/vec4 v000001aad1de24d0_0;
    %parti/s 1, 31, 6;
    %load/vec4 v000001aad1de24d0_0;
    %parti/s 31, 1, 2;
    %concat/vec4; draw_concat_vec4
    %store/vec4 v000001aad1de26b0_0, 0, 32;
    %jmp T_6.33;
T_6.2 ;
    %load/vec4 v000001aad1de24d0_0;
    %parti/s 1, 31, 6;
    %replicate 2;
    %load/vec4 v000001aad1de24d0_0;
    %parti/s 30, 2, 3;
    %concat/vec4; draw_concat_vec4
    %store/vec4 v000001aad1de26b0_0, 0, 32;
    %jmp T_6.33;
T_6.3 ;
    %load/vec4 v000001aad1de24d0_0;
    %parti/s 1, 31, 6;
    %replicate 3;
    %load/vec4 v000001aad1de24d0_0;
    %parti/s 29, 3, 3;
    %concat/vec4; draw_concat_vec4
    %store/vec4 v000001aad1de26b0_0, 0, 32;
    %jmp T_6.33;
T_6.4 ;
    %load/vec4 v000001aad1de24d0_0;
    %parti/s 1, 31, 6;
    %replicate 4;
    %load/vec4 v000001aad1de24d0_0;
    %parti/s 28, 4, 4;
    %concat/vec4; draw_concat_vec4
    %store/vec4 v000001aad1de26b0_0, 0, 32;
    %jmp T_6.33;
T_6.5 ;
    %load/vec4 v000001aad1de24d0_0;
    %parti/s 1, 31, 6;
    %replicate 5;
    %load/vec4 v000001aad1de24d0_0;
    %parti/s 27, 5, 4;
    %concat/vec4; draw_concat_vec4
    %store/vec4 v000001aad1de26b0_0, 0, 32;
    %jmp T_6.33;
T_6.6 ;
    %load/vec4 v000001aad1de24d0_0;
    %parti/s 1, 31, 6;
    %replicate 6;
    %load/vec4 v000001aad1de24d0_0;
    %parti/s 26, 6, 4;
    %concat/vec4; draw_concat_vec4
    %store/vec4 v000001aad1de26b0_0, 0, 32;
    %jmp T_6.33;
T_6.7 ;
    %load/vec4 v000001aad1de24d0_0;
    %parti/s 1, 31, 6;
    %replicate 7;
    %load/vec4 v000001aad1de24d0_0;
    %parti/s 25, 7, 4;
    %concat/vec4; draw_concat_vec4
    %store/vec4 v000001aad1de26b0_0, 0, 32;
    %jmp T_6.33;
T_6.8 ;
    %load/vec4 v000001aad1de24d0_0;
    %parti/s 1, 31, 6;
    %replicate 8;
    %load/vec4 v000001aad1de24d0_0;
    %parti/s 24, 8, 5;
    %concat/vec4; draw_concat_vec4
    %store/vec4 v000001aad1de26b0_0, 0, 32;
    %jmp T_6.33;
T_6.9 ;
    %load/vec4 v000001aad1de24d0_0;
    %parti/s 1, 31, 6;
    %replicate 9;
    %load/vec4 v000001aad1de24d0_0;
    %parti/s 23, 9, 5;
    %concat/vec4; draw_concat_vec4
    %store/vec4 v000001aad1de26b0_0, 0, 32;
    %jmp T_6.33;
T_6.10 ;
    %load/vec4 v000001aad1de24d0_0;
    %parti/s 1, 31, 6;
    %replicate 10;
    %load/vec4 v000001aad1de24d0_0;
    %parti/s 22, 10, 5;
    %concat/vec4; draw_concat_vec4
    %store/vec4 v000001aad1de26b0_0, 0, 32;
    %jmp T_6.33;
T_6.11 ;
    %load/vec4 v000001aad1de24d0_0;
    %parti/s 1, 31, 6;
    %replicate 11;
    %load/vec4 v000001aad1de24d0_0;
    %parti/s 21, 11, 5;
    %concat/vec4; draw_concat_vec4
    %store/vec4 v000001aad1de26b0_0, 0, 32;
    %jmp T_6.33;
T_6.12 ;
    %load/vec4 v000001aad1de24d0_0;
    %parti/s 1, 31, 6;
    %replicate 12;
    %load/vec4 v000001aad1de24d0_0;
    %parti/s 20, 12, 5;
    %concat/vec4; draw_concat_vec4
    %store/vec4 v000001aad1de26b0_0, 0, 32;
    %jmp T_6.33;
T_6.13 ;
    %load/vec4 v000001aad1de24d0_0;
    %parti/s 1, 31, 6;
    %replicate 13;
    %load/vec4 v000001aad1de24d0_0;
    %parti/s 19, 13, 5;
    %concat/vec4; draw_concat_vec4
    %store/vec4 v000001aad1de26b0_0, 0, 32;
    %jmp T_6.33;
T_6.14 ;
    %load/vec4 v000001aad1de24d0_0;
    %parti/s 1, 31, 6;
    %replicate 14;
    %load/vec4 v000001aad1de24d0_0;
    %parti/s 18, 14, 5;
    %concat/vec4; draw_concat_vec4
    %store/vec4 v000001aad1de26b0_0, 0, 32;
    %jmp T_6.33;
T_6.15 ;
    %load/vec4 v000001aad1de24d0_0;
    %parti/s 1, 31, 6;
    %replicate 15;
    %load/vec4 v000001aad1de24d0_0;
    %parti/s 17, 15, 5;
    %concat/vec4; draw_concat_vec4
    %store/vec4 v000001aad1de26b0_0, 0, 32;
    %jmp T_6.33;
T_6.16 ;
    %load/vec4 v000001aad1de24d0_0;
    %parti/s 1, 31, 6;
    %replicate 16;
    %load/vec4 v000001aad1de24d0_0;
    %parti/s 16, 16, 6;
    %concat/vec4; draw_concat_vec4
    %store/vec4 v000001aad1de26b0_0, 0, 32;
    %jmp T_6.33;
T_6.17 ;
    %load/vec4 v000001aad1de24d0_0;
    %parti/s 1, 31, 6;
    %replicate 17;
    %load/vec4 v000001aad1de24d0_0;
    %parti/s 15, 17, 6;
    %concat/vec4; draw_concat_vec4
    %store/vec4 v000001aad1de26b0_0, 0, 32;
    %jmp T_6.33;
T_6.18 ;
    %load/vec4 v000001aad1de24d0_0;
    %parti/s 1, 31, 6;
    %replicate 18;
    %load/vec4 v000001aad1de24d0_0;
    %parti/s 14, 18, 6;
    %concat/vec4; draw_concat_vec4
    %store/vec4 v000001aad1de26b0_0, 0, 32;
    %jmp T_6.33;
T_6.19 ;
    %load/vec4 v000001aad1de24d0_0;
    %parti/s 1, 31, 6;
    %replicate 19;
    %load/vec4 v000001aad1de24d0_0;
    %parti/s 13, 19, 6;
    %concat/vec4; draw_concat_vec4
    %store/vec4 v000001aad1de26b0_0, 0, 32;
    %jmp T_6.33;
T_6.20 ;
    %load/vec4 v000001aad1de24d0_0;
    %parti/s 1, 31, 6;
    %replicate 20;
    %load/vec4 v000001aad1de24d0_0;
    %parti/s 12, 20, 6;
    %concat/vec4; draw_concat_vec4
    %store/vec4 v000001aad1de26b0_0, 0, 32;
    %jmp T_6.33;
T_6.21 ;
    %load/vec4 v000001aad1de24d0_0;
    %parti/s 1, 31, 6;
    %replicate 21;
    %load/vec4 v000001aad1de24d0_0;
    %parti/s 11, 21, 6;
    %concat/vec4; draw_concat_vec4
    %store/vec4 v000001aad1de26b0_0, 0, 32;
    %jmp T_6.33;
T_6.22 ;
    %load/vec4 v000001aad1de24d0_0;
    %parti/s 1, 31, 6;
    %replicate 22;
    %load/vec4 v000001aad1de24d0_0;
    %parti/s 10, 22, 6;
    %concat/vec4; draw_concat_vec4
    %store/vec4 v000001aad1de26b0_0, 0, 32;
    %jmp T_6.33;
T_6.23 ;
    %load/vec4 v000001aad1de24d0_0;
    %parti/s 1, 31, 6;
    %replicate 23;
    %load/vec4 v000001aad1de24d0_0;
    %parti/s 9, 23, 6;
    %concat/vec4; draw_concat_vec4
    %store/vec4 v000001aad1de26b0_0, 0, 32;
    %jmp T_6.33;
T_6.24 ;
    %load/vec4 v000001aad1de24d0_0;
    %parti/s 1, 31, 6;
    %replicate 24;
    %load/vec4 v000001aad1de24d0_0;
    %parti/s 8, 24, 6;
    %concat/vec4; draw_concat_vec4
    %store/vec4 v000001aad1de26b0_0, 0, 32;
    %jmp T_6.33;
T_6.25 ;
    %load/vec4 v000001aad1de24d0_0;
    %parti/s 1, 31, 6;
    %replicate 25;
    %load/vec4 v000001aad1de24d0_0;
    %parti/s 7, 25, 6;
    %concat/vec4; draw_concat_vec4
    %store/vec4 v000001aad1de26b0_0, 0, 32;
    %jmp T_6.33;
T_6.26 ;
    %load/vec4 v000001aad1de24d0_0;
    %parti/s 1, 31, 6;
    %replicate 26;
    %load/vec4 v000001aad1de24d0_0;
    %parti/s 6, 26, 6;
    %concat/vec4; draw_concat_vec4
    %store/vec4 v000001aad1de26b0_0, 0, 32;
    %jmp T_6.33;
T_6.27 ;
    %load/vec4 v000001aad1de24d0_0;
    %parti/s 1, 31, 6;
    %replicate 27;
    %load/vec4 v000001aad1de24d0_0;
    %parti/s 5, 27, 6;
    %concat/vec4; draw_concat_vec4
    %store/vec4 v000001aad1de26b0_0, 0, 32;
    %jmp T_6.33;
T_6.28 ;
    %load/vec4 v000001aad1de24d0_0;
    %parti/s 1, 31, 6;
    %replicate 28;
    %load/vec4 v000001aad1de24d0_0;
    %parti/s 4, 28, 6;
    %concat/vec4; draw_concat_vec4
    %store/vec4 v000001aad1de26b0_0, 0, 32;
    %jmp T_6.33;
T_6.29 ;
    %load/vec4 v000001aad1de24d0_0;
    %parti/s 1, 31, 6;
    %replicate 29;
    %load/vec4 v000001aad1de24d0_0;
    %parti/s 3, 29, 6;
    %concat/vec4; draw_concat_vec4
    %store/vec4 v000001aad1de26b0_0, 0, 32;
    %jmp T_6.33;
T_6.30 ;
    %load/vec4 v000001aad1de24d0_0;
    %parti/s 1, 31, 6;
    %replicate 30;
    %load/vec4 v000001aad1de24d0_0;
    %parti/s 2, 30, 6;
    %concat/vec4; draw_concat_vec4
    %store/vec4 v000001aad1de26b0_0, 0, 32;
    %jmp T_6.33;
T_6.31 ;
    %load/vec4 v000001aad1de24d0_0;
    %parti/s 1, 31, 6;
    %replicate 31;
    %load/vec4 v000001aad1de24d0_0;
    %parti/s 1, 31, 6;
    %concat/vec4; draw_concat_vec4
    %store/vec4 v000001aad1de26b0_0, 0, 32;
    %jmp T_6.33;
T_6.33 ;
    %pop/vec4 1;
    %jmp T_6;
    .thread T_6, $push;
    .scope S_000001aad1d4b490;
T_7 ;
    %wait E_000001aad1d0f3c0;
    %load/vec4 v000001aad1de17b0_0;
    %dup/vec4;
    %pushi/vec4 0, 0, 3;
    %cmp/u;
    %jmp/1 T_7.0, 6;
    %dup/vec4;
    %pushi/vec4 1, 0, 3;
    %cmp/u;
    %jmp/1 T_7.1, 6;
    %dup/vec4;
    %pushi/vec4 2, 0, 3;
    %cmp/u;
    %jmp/1 T_7.2, 6;
    %dup/vec4;
    %pushi/vec4 3, 0, 3;
    %cmp/u;
    %jmp/1 T_7.3, 6;
    %dup/vec4;
    %pushi/vec4 4, 0, 3;
    %cmp/u;
    %jmp/1 T_7.4, 6;
    %dup/vec4;
    %pushi/vec4 5, 0, 3;
    %cmp/u;
    %jmp/1 T_7.5, 6;
    %dup/vec4;
    %pushi/vec4 6, 0, 3;
    %cmp/u;
    %jmp/1 T_7.6, 6;
    %dup/vec4;
    %pushi/vec4 7, 0, 3;
    %cmp/u;
    %jmp/1 T_7.7, 6;
    %pushi/vec4 0, 0, 32;
    %store/vec4 v000001aad1de2250_0, 0, 32;
    %jmp T_7.9;
T_7.0 ;
    %load/vec4 v000001aad1de2570_0;
    %dup/vec4;
    %pushi/vec4 0, 0, 1;
    %cmp/u;
    %jmp/1 T_7.10, 6;
    %dup/vec4;
    %pushi/vec4 1, 0, 1;
    %cmp/u;
    %jmp/1 T_7.11, 6;
    %pushi/vec4 0, 0, 32;
    %store/vec4 v000001aad1de2250_0, 0, 32;
    %jmp T_7.13;
T_7.10 ;
    %load/vec4 v000001aad1de24d0_0;
    %load/vec4 v000001aad1de2110_0;
    %add;
    %store/vec4 v000001aad1de2250_0, 0, 32;
    %jmp T_7.13;
T_7.11 ;
    %load/vec4 v000001aad1de24d0_0;
    %load/vec4 v000001aad1de2110_0;
    %sub;
    %store/vec4 v000001aad1de2250_0, 0, 32;
    %jmp T_7.13;
T_7.13 ;
    %pop/vec4 1;
    %jmp T_7.9;
T_7.1 ;
    %load/vec4 v000001aad1de1a30_0;
    %store/vec4 v000001aad1de2250_0, 0, 32;
    %jmp T_7.9;
T_7.2 ;
    %pushi/vec4 0, 0, 31;
    %load/vec4 v000001aad1de21b0_0;
    %concat/vec4; draw_concat_vec4
    %store/vec4 v000001aad1de2250_0, 0, 32;
    %jmp T_7.9;
T_7.3 ;
    %pushi/vec4 0, 0, 31;
    %load/vec4 v000001aad1de21b0_0;
    %concat/vec4; draw_concat_vec4
    %store/vec4 v000001aad1de2250_0, 0, 32;
    %jmp T_7.9;
T_7.4 ;
    %load/vec4 v000001aad1de24d0_0;
    %load/vec4 v000001aad1de2110_0;
    %xor;
    %store/vec4 v000001aad1de2250_0, 0, 32;
    %jmp T_7.9;
T_7.5 ;
    %load/vec4 v000001aad1de18f0_0;
    %dup/vec4;
    %pushi/vec4 0, 0, 1;
    %cmp/u;
    %jmp/1 T_7.14, 6;
    %dup/vec4;
    %pushi/vec4 1, 0, 1;
    %cmp/u;
    %jmp/1 T_7.15, 6;
    %pushi/vec4 0, 0, 32;
    %store/vec4 v000001aad1de2250_0, 0, 32;
    %jmp T_7.17;
T_7.14 ;
    %load/vec4 v000001aad1de2430_0;
    %store/vec4 v000001aad1de2250_0, 0, 32;
    %jmp T_7.17;
T_7.15 ;
    %load/vec4 v000001aad1de26b0_0;
    %store/vec4 v000001aad1de2250_0, 0, 32;
    %jmp T_7.17;
T_7.17 ;
    %pop/vec4 1;
    %jmp T_7.9;
T_7.6 ;
    %load/vec4 v000001aad1de24d0_0;
    %load/vec4 v000001aad1de2110_0;
    %or;
    %store/vec4 v000001aad1de2250_0, 0, 32;
    %jmp T_7.9;
T_7.7 ;
    %load/vec4 v000001aad1de24d0_0;
    %load/vec4 v000001aad1de2110_0;
    %and;
    %store/vec4 v000001aad1de2250_0, 0, 32;
    %jmp T_7.9;
T_7.9 ;
    %pop/vec4 1;
    %jmp T_7;
    .thread T_7, $push;
    .scope S_000001aad1d4b940;
T_8 ;
    %wait E_000001aad1d0f100;
    %load/vec4 v000001aad1deef90_0;
    %dup/vec4;
    %pushi/vec4 0, 0, 3;
    %cmp/u;
    %jmp/1 T_8.0, 6;
    %dup/vec4;
    %pushi/vec4 4, 0, 3;
    %cmp/u;
    %jmp/1 T_8.1, 6;
    %dup/vec4;
    %pushi/vec4 1, 0, 3;
    %cmp/u;
    %jmp/1 T_8.2, 6;
    %dup/vec4;
    %pushi/vec4 5, 0, 3;
    %cmp/u;
    %jmp/1 T_8.3, 6;
    %dup/vec4;
    %pushi/vec4 2, 0, 3;
    %cmp/u;
    %jmp/1 T_8.4, 6;
    %pushi/vec4 0, 0, 4;
    %store/vec4 v000001aad1df0ed0_0, 0, 4;
    %jmp T_8.6;
T_8.0 ;
    %load/vec4 v000001aad1def030_0;
    %dup/vec4;
    %pushi/vec4 0, 0, 2;
    %cmp/u;
    %jmp/1 T_8.7, 6;
    %dup/vec4;
    %pushi/vec4 1, 0, 2;
    %cmp/u;
    %jmp/1 T_8.8, 6;
    %dup/vec4;
    %pushi/vec4 2, 0, 2;
    %cmp/u;
    %jmp/1 T_8.9, 6;
    %dup/vec4;
    %pushi/vec4 3, 0, 2;
    %cmp/u;
    %jmp/1 T_8.10, 6;
    %pushi/vec4 0, 0, 4;
    %store/vec4 v000001aad1df0ed0_0, 0, 4;
    %jmp T_8.12;
T_8.7 ;
    %pushi/vec4 1, 0, 4;
    %store/vec4 v000001aad1df0ed0_0, 0, 4;
    %jmp T_8.12;
T_8.8 ;
    %pushi/vec4 2, 0, 4;
    %store/vec4 v000001aad1df0ed0_0, 0, 4;
    %jmp T_8.12;
T_8.9 ;
    %pushi/vec4 4, 0, 4;
    %store/vec4 v000001aad1df0ed0_0, 0, 4;
    %jmp T_8.12;
T_8.10 ;
    %pushi/vec4 8, 0, 4;
    %store/vec4 v000001aad1df0ed0_0, 0, 4;
    %jmp T_8.12;
T_8.12 ;
    %pop/vec4 1;
    %jmp T_8.6;
T_8.1 ;
    %load/vec4 v000001aad1def030_0;
    %dup/vec4;
    %pushi/vec4 0, 0, 2;
    %cmp/u;
    %jmp/1 T_8.13, 6;
    %dup/vec4;
    %pushi/vec4 1, 0, 2;
    %cmp/u;
    %jmp/1 T_8.14, 6;
    %dup/vec4;
    %pushi/vec4 2, 0, 2;
    %cmp/u;
    %jmp/1 T_8.15, 6;
    %dup/vec4;
    %pushi/vec4 3, 0, 2;
    %cmp/u;
    %jmp/1 T_8.16, 6;
    %pushi/vec4 0, 0, 4;
    %store/vec4 v000001aad1df0ed0_0, 0, 4;
    %jmp T_8.18;
T_8.13 ;
    %pushi/vec4 1, 0, 4;
    %store/vec4 v000001aad1df0ed0_0, 0, 4;
    %jmp T_8.18;
T_8.14 ;
    %pushi/vec4 2, 0, 4;
    %store/vec4 v000001aad1df0ed0_0, 0, 4;
    %jmp T_8.18;
T_8.15 ;
    %pushi/vec4 4, 0, 4;
    %store/vec4 v000001aad1df0ed0_0, 0, 4;
    %jmp T_8.18;
T_8.16 ;
    %pushi/vec4 8, 0, 4;
    %store/vec4 v000001aad1df0ed0_0, 0, 4;
    %jmp T_8.18;
T_8.18 ;
    %pop/vec4 1;
    %jmp T_8.6;
T_8.2 ;
    %load/vec4 v000001aad1def030_0;
    %parti/s 1, 1, 2;
    %dup/vec4;
    %pushi/vec4 0, 0, 1;
    %cmp/u;
    %jmp/1 T_8.19, 6;
    %dup/vec4;
    %pushi/vec4 1, 0, 1;
    %cmp/u;
    %jmp/1 T_8.20, 6;
    %pushi/vec4 0, 0, 4;
    %store/vec4 v000001aad1df0ed0_0, 0, 4;
    %jmp T_8.22;
T_8.19 ;
    %pushi/vec4 3, 0, 4;
    %store/vec4 v000001aad1df0ed0_0, 0, 4;
    %jmp T_8.22;
T_8.20 ;
    %pushi/vec4 12, 0, 4;
    %store/vec4 v000001aad1df0ed0_0, 0, 4;
    %jmp T_8.22;
T_8.22 ;
    %pop/vec4 1;
    %jmp T_8.6;
T_8.3 ;
    %load/vec4 v000001aad1def030_0;
    %parti/s 1, 1, 2;
    %dup/vec4;
    %pushi/vec4 0, 0, 1;
    %cmp/u;
    %jmp/1 T_8.23, 6;
    %dup/vec4;
    %pushi/vec4 1, 0, 1;
    %cmp/u;
    %jmp/1 T_8.24, 6;
    %pushi/vec4 0, 0, 4;
    %store/vec4 v000001aad1df0ed0_0, 0, 4;
    %jmp T_8.26;
T_8.23 ;
    %pushi/vec4 3, 0, 4;
    %store/vec4 v000001aad1df0ed0_0, 0, 4;
    %jmp T_8.26;
T_8.24 ;
    %pushi/vec4 12, 0, 4;
    %store/vec4 v000001aad1df0ed0_0, 0, 4;
    %jmp T_8.26;
T_8.26 ;
    %pop/vec4 1;
    %jmp T_8.6;
T_8.4 ;
    %pushi/vec4 15, 0, 4;
    %store/vec4 v000001aad1df0ed0_0, 0, 4;
    %jmp T_8.6;
T_8.6 ;
    %pop/vec4 1;
    %jmp T_8;
    .thread T_8, $push;
    .scope S_000001aad1d4b940;
T_9 ;
    %wait E_000001aad1d0f400;
    %load/vec4 v000001aad1def030_0;
    %dup/vec4;
    %pushi/vec4 0, 0, 2;
    %cmp/u;
    %jmp/1 T_9.0, 6;
    %dup/vec4;
    %pushi/vec4 1, 0, 2;
    %cmp/u;
    %jmp/1 T_9.1, 6;
    %dup/vec4;
    %pushi/vec4 2, 0, 2;
    %cmp/u;
    %jmp/1 T_9.2, 6;
    %dup/vec4;
    %pushi/vec4 3, 0, 2;
    %cmp/u;
    %jmp/1 T_9.3, 6;
    %pushi/vec4 0, 0, 32;
    %store/vec4 v000001aad1defdf0_0, 0, 32;
    %jmp T_9.5;
T_9.0 ;
    %load/vec4 v000001aad1df0f70_0;
    %store/vec4 v000001aad1defdf0_0, 0, 32;
    %jmp T_9.5;
T_9.1 ;
    %load/vec4 v000001aad1df0f70_0;
    %parti/s 24, 0, 2;
    %concati/vec4 0, 0, 8;
    %store/vec4 v000001aad1defdf0_0, 0, 32;
    %jmp T_9.5;
T_9.2 ;
    %load/vec4 v000001aad1df0f70_0;
    %parti/s 16, 0, 2;
    %concati/vec4 0, 0, 16;
    %store/vec4 v000001aad1defdf0_0, 0, 32;
    %jmp T_9.5;
T_9.3 ;
    %load/vec4 v000001aad1df0f70_0;
    %parti/s 8, 0, 2;
    %concati/vec4 0, 0, 24;
    %store/vec4 v000001aad1defdf0_0, 0, 32;
    %jmp T_9.5;
T_9.5 ;
    %pop/vec4 1;
    %jmp T_9;
    .thread T_9, $push;
    .scope S_000001aad1d4b940;
T_10 ;
    %wait E_000001aad1d0f400;
    %load/vec4 v000001aad1def030_0;
    %parti/s 1, 1, 2;
    %dup/vec4;
    %pushi/vec4 0, 0, 1;
    %cmp/u;
    %jmp/1 T_10.0, 6;
    %dup/vec4;
    %pushi/vec4 1, 0, 1;
    %cmp/u;
    %jmp/1 T_10.1, 6;
    %pushi/vec4 0, 0, 32;
    %store/vec4 v000001aad1df0110_0, 0, 32;
    %jmp T_10.3;
T_10.0 ;
    %load/vec4 v000001aad1df0f70_0;
    %store/vec4 v000001aad1df0110_0, 0, 32;
    %jmp T_10.3;
T_10.1 ;
    %load/vec4 v000001aad1df0f70_0;
    %parti/s 16, 0, 2;
    %concati/vec4 0, 0, 16;
    %store/vec4 v000001aad1df0110_0, 0, 32;
    %jmp T_10.3;
T_10.3 ;
    %pop/vec4 1;
    %jmp T_10;
    .thread T_10, $push;
    .scope S_000001aad1d4b940;
T_11 ;
    %wait E_000001aad1d0f7c0;
    %load/vec4 v000001aad1deef90_0;
    %dup/vec4;
    %pushi/vec4 0, 0, 3;
    %cmp/u;
    %jmp/1 T_11.0, 6;
    %dup/vec4;
    %pushi/vec4 1, 0, 3;
    %cmp/u;
    %jmp/1 T_11.1, 6;
    %dup/vec4;
    %pushi/vec4 2, 0, 3;
    %cmp/u;
    %jmp/1 T_11.2, 6;
    %pushi/vec4 0, 0, 32;
    %store/vec4 v000001aad1def990_0, 0, 32;
    %jmp T_11.4;
T_11.0 ;
    %load/vec4 v000001aad1defdf0_0;
    %store/vec4 v000001aad1def990_0, 0, 32;
    %jmp T_11.4;
T_11.1 ;
    %load/vec4 v000001aad1df0110_0;
    %store/vec4 v000001aad1def990_0, 0, 32;
    %jmp T_11.4;
T_11.2 ;
    %load/vec4 v000001aad1df0f70_0;
    %store/vec4 v000001aad1def990_0, 0, 32;
    %jmp T_11.4;
T_11.4 ;
    %pop/vec4 1;
    %jmp T_11;
    .thread T_11, $push;
    .scope S_000001aad1d4b940;
T_12 ;
    %wait E_000001aad1d0fa80;
    %load/vec4 v000001aad1def030_0;
    %dup/vec4;
    %pushi/vec4 0, 0, 2;
    %cmp/u;
    %jmp/1 T_12.0, 6;
    %dup/vec4;
    %pushi/vec4 1, 0, 2;
    %cmp/u;
    %jmp/1 T_12.1, 6;
    %dup/vec4;
    %pushi/vec4 2, 0, 2;
    %cmp/u;
    %jmp/1 T_12.2, 6;
    %dup/vec4;
    %pushi/vec4 3, 0, 2;
    %cmp/u;
    %jmp/1 T_12.3, 6;
    %pushi/vec4 0, 0, 32;
    %store/vec4 v000001aad1def8f0_0, 0, 32;
    %jmp T_12.5;
T_12.0 ;
    %load/vec4 v000001aad1def170_0;
    %store/vec4 v000001aad1def8f0_0, 0, 32;
    %jmp T_12.5;
T_12.1 ;
    %pushi/vec4 0, 0, 8;
    %load/vec4 v000001aad1def170_0;
    %parti/s 24, 8, 5;
    %concat/vec4; draw_concat_vec4
    %store/vec4 v000001aad1def8f0_0, 0, 32;
    %jmp T_12.5;
T_12.2 ;
    %pushi/vec4 0, 0, 16;
    %load/vec4 v000001aad1def170_0;
    %parti/s 16, 16, 6;
    %concat/vec4; draw_concat_vec4
    %store/vec4 v000001aad1def8f0_0, 0, 32;
    %jmp T_12.5;
T_12.3 ;
    %pushi/vec4 0, 0, 24;
    %load/vec4 v000001aad1def170_0;
    %parti/s 8, 24, 6;
    %concat/vec4; draw_concat_vec4
    %store/vec4 v000001aad1def8f0_0, 0, 32;
    %jmp T_12.5;
T_12.5 ;
    %pop/vec4 1;
    %jmp T_12;
    .thread T_12, $push;
    .scope S_000001aad1d4b940;
T_13 ;
    %wait E_000001aad1d0f740;
    %load/vec4 v000001aad1deef90_0;
    %dup/vec4;
    %pushi/vec4 0, 0, 3;
    %cmp/u;
    %jmp/1 T_13.0, 6;
    %dup/vec4;
    %pushi/vec4 4, 0, 3;
    %cmp/u;
    %jmp/1 T_13.1, 6;
    %dup/vec4;
    %pushi/vec4 1, 0, 3;
    %cmp/u;
    %jmp/1 T_13.2, 6;
    %dup/vec4;
    %pushi/vec4 5, 0, 3;
    %cmp/u;
    %jmp/1 T_13.3, 6;
    %dup/vec4;
    %pushi/vec4 2, 0, 3;
    %cmp/u;
    %jmp/1 T_13.4, 6;
    %pushi/vec4 0, 0, 32;
    %store/vec4 v000001aad1deedb0_0, 0, 32;
    %jmp T_13.6;
T_13.0 ;
    %load/vec4 v000001aad1deeef0_0;
    %parti/s 1, 7, 4;
    %replicate 24;
    %load/vec4 v000001aad1deeef0_0;
    %concat/vec4; draw_concat_vec4
    %store/vec4 v000001aad1deedb0_0, 0, 32;
    %jmp T_13.6;
T_13.1 ;
    %pushi/vec4 0, 0, 24;
    %load/vec4 v000001aad1deeef0_0;
    %concat/vec4; draw_concat_vec4
    %store/vec4 v000001aad1deedb0_0, 0, 32;
    %jmp T_13.6;
T_13.2 ;
    %load/vec4 v000001aad1def210_0;
    %parti/s 1, 15, 5;
    %replicate 16;
    %load/vec4 v000001aad1def210_0;
    %concat/vec4; draw_concat_vec4
    %store/vec4 v000001aad1deedb0_0, 0, 32;
    %jmp T_13.6;
T_13.3 ;
    %pushi/vec4 0, 0, 16;
    %load/vec4 v000001aad1def210_0;
    %concat/vec4; draw_concat_vec4
    %store/vec4 v000001aad1deedb0_0, 0, 32;
    %jmp T_13.6;
T_13.4 ;
    %load/vec4 v000001aad1def8f0_0;
    %store/vec4 v000001aad1deedb0_0, 0, 32;
    %jmp T_13.6;
T_13.6 ;
    %pop/vec4 1;
    %jmp T_13;
    .thread T_13, $push;
    .scope S_000001aad155a220;
T_14 ;
    %wait E_000001aad1d0f380;
    %load/vec4 v000001aad1e240a0_0;
    %flag_set/vec4 8;
    %jmp/0xz  T_14.0, 8;
    %pushi/vec4 0, 0, 32;
    %assign/vec4 v000001aad1e2c840_0, 0;
    %pushi/vec4 0, 0, 1;
    %assign/vec4 v000001aad1e1fe60_0, 0;
    %pushi/vec4 0, 0, 1;
    %assign/vec4 v000001aad1e286a0_0, 0;
    %pushi/vec4 0, 0, 1;
    %assign/vec4 v000001aad1e272a0_0, 0;
    %pushi/vec4 0, 0, 32;
    %assign/vec4 v000001aad1e270c0_0, 0;
    %pushi/vec4 0, 0, 1;
    %assign/vec4 v000001aad1e27480_0, 0;
    %pushi/vec4 0, 0, 32;
    %assign/vec4 v000001aad1e28100_0, 0;
    %pushi/vec4 0, 0, 128;
    %assign/vec4 v000001aad1e03670_0, 0;
    %pushi/vec4 0, 0, 3;
    %assign/vec4 v000001aad1e2ca20_0, 0;
    %pushi/vec4 0, 0, 1;
    %assign/vec4 v000001aad1e2dd80_0, 0;
    %pushi/vec4 0, 0, 1;
    %assign/vec4 v000001aad1e281a0_0, 0;
    %pushi/vec4 0, 0, 32;
    %assign/vec4 v000001aad1e25ae0_0, 0;
    %pushi/vec4 0, 0, 32;
    %assign/vec4 v000001aad1e29500_0, 0;
    %pushi/vec4 0, 0, 32;
    %assign/vec4 v000001aad1e259a0_0, 0;
    %pushi/vec4 0, 0, 1;
    %assign/vec4 v000001aad1e282e0_0, 0;
    %pushi/vec4 0, 0, 32;
    %assign/vec4 v000001aad1e28420_0, 0;
    %pushi/vec4 0, 0, 1;
    %assign/vec4 v000001aad1e26620_0, 0;
    %pushi/vec4 0, 0, 32;
    %assign/vec4 v000001aad1e23e20_0, 0;
    %pushi/vec4 0, 0, 32;
    %assign/vec4 v000001aad1e24780_0, 0;
    %pushi/vec4 0, 0, 32;
    %assign/vec4 v000001aad1e22ac0_0, 0;
    %pushi/vec4 0, 0, 5;
    %assign/vec4 v000001aad1e26440_0, 0;
    %pushi/vec4 0, 0, 5;
    %assign/vec4 v000001aad1e26760_0, 0;
    %pushi/vec4 0, 0, 5;
    %assign/vec4 v000001aad1e24fa0_0, 0;
    %pushi/vec4 0, 0, 32;
    %assign/vec4 v000001aad1e26d00_0, 0;
    %pushi/vec4 0, 0, 32;
    %assign/vec4 v000001aad1e24be0_0, 0;
    %pushi/vec4 0, 0, 32;
    %assign/vec4 v000001aad1e23a60_0, 0;
    %pushi/vec4 0, 0, 7;
    %assign/vec4 v000001aad1e227a0_0, 0;
    %pushi/vec4 0, 0, 3;
    %assign/vec4 v000001aad1e23920_0, 0;
    %pushi/vec4 0, 0, 7;
    %assign/vec4 v000001aad1e23c40_0, 0;
    %pushi/vec4 0, 0, 1;
    %assign/vec4 v000001aad1e246e0_0, 0;
    %pushi/vec4 0, 0, 1;
    %assign/vec4 v000001aad1e22840_0, 0;
    %pushi/vec4 0, 0, 3;
    %assign/vec4 v000001aad1e241e0_0, 0;
    %pushi/vec4 0, 0, 1;
    %assign/vec4 v000001aad1e22660_0, 0;
    %pushi/vec4 0, 0, 1;
    %assign/vec4 v000001aad1e23420_0, 0;
    %pushi/vec4 0, 0, 1;
    %assign/vec4 v000001aad1e225c0_0, 0;
    %pushi/vec4 0, 0, 1;
    %assign/vec4 v000001aad1e24280_0, 0;
    %pushi/vec4 0, 0, 1;
    %assign/vec4 v000001aad1e23740_0, 0;
    %pushi/vec4 0, 0, 1;
    %assign/vec4 v000001aad1e25f40_0, 0;
    %pushi/vec4 0, 0, 1;
    %assign/vec4 v000001aad1e222a0_0, 0;
    %pushi/vec4 0, 0, 1;
    %assign/vec4 v000001aad1e22fc0_0, 0;
    %pushi/vec4 0, 0, 1;
    %assign/vec4 v000001aad1e24000_0, 0;
    %pushi/vec4 0, 0, 1;
    %assign/vec4 v000001aad1e24640_0, 0;
    %pushi/vec4 0, 0, 1;
    %assign/vec4 v000001aad1e22b60_0, 0;
    %pushi/vec4 0, 0, 32;
    %assign/vec4 v000001aad1e22ca0_0, 0;
    %pushi/vec4 0, 0, 1;
    %assign/vec4 v000001aad1e200e0_0, 0;
    %pushi/vec4 0, 0, 32;
    %assign/vec4 v000001aad1e21b20_0, 0;
    %pushi/vec4 0, 0, 32;
    %assign/vec4 v000001aad1e21800_0, 0;
    %pushi/vec4 0, 0, 32;
    %assign/vec4 v000001aad1e20b80_0, 0;
    %pushi/vec4 0, 0, 32;
    %assign/vec4 v000001aad1e22020_0, 0;
    %pushi/vec4 0, 0, 5;
    %assign/vec4 v000001aad1e1fa00_0, 0;
    %pushi/vec4 0, 0, 5;
    %assign/vec4 v000001aad1e20f40_0, 0;
    %pushi/vec4 0, 0, 5;
    %assign/vec4 v000001aad1e20ea0_0, 0;
    %pushi/vec4 0, 0, 32;
    %assign/vec4 v000001aad1e21a80_0, 0;
    %pushi/vec4 0, 0, 32;
    %assign/vec4 v000001aad1e211c0_0, 0;
    %pushi/vec4 0, 0, 32;
    %assign/vec4 v000001aad1e20680_0, 0;
    %pushi/vec4 0, 0, 32;
    %assign/vec4 v000001aad1e05790_0, 0;
    %pushi/vec4 0, 0, 32;
    %assign/vec4 v000001aad1e21d00_0, 0;
    %pushi/vec4 0, 0, 3;
    %assign/vec4 v000001aad1e21620_0, 0;
    %pushi/vec4 0, 0, 1;
    %assign/vec4 v000001aad1e219e0_0, 0;
    %pushi/vec4 0, 0, 1;
    %assign/vec4 v000001aad1e21bc0_0, 0;
    %pushi/vec4 0, 0, 1;
    %assign/vec4 v000001aad1e216c0_0, 0;
    %pushi/vec4 0, 0, 1;
    %assign/vec4 v000001aad1e20cc0_0, 0;
    %pushi/vec4 0, 0, 1;
    %assign/vec4 v000001aad1e20400_0, 0;
    %pushi/vec4 0, 0, 1;
    %assign/vec4 v000001aad1e204a0_0, 0;
    %pushi/vec4 0, 0, 1;
    %assign/vec4 v000001aad1e20a40_0, 0;
    %pushi/vec4 0, 0, 1;
    %assign/vec4 v000001aad1e20d60_0, 0;
    %pushi/vec4 0, 0, 1;
    %assign/vec4 v000001aad1e21940_0, 0;
    %pushi/vec4 0, 0, 1;
    %assign/vec4 v000001aad1e20c20_0, 0;
    %pushi/vec4 0, 0, 1;
    %assign/vec4 v000001aad1e29dc0_0, 0;
    %pushi/vec4 0, 0, 32;
    %assign/vec4 v000001aad1e2acc0_0, 0;
    %pushi/vec4 0, 0, 32;
    %assign/vec4 v000001aad1e2b6c0_0, 0;
    %pushi/vec4 0, 0, 32;
    %assign/vec4 v000001aad1e2a180_0, 0;
    %pushi/vec4 0, 0, 32;
    %assign/vec4 v000001aad1e2bc60_0, 0;
    %pushi/vec4 0, 0, 5;
    %assign/vec4 v000001aad1e2b760_0, 0;
    %pushi/vec4 0, 0, 5;
    %assign/vec4 v000001aad1e29fa0_0, 0;
    %pushi/vec4 0, 0, 5;
    %assign/vec4 v000001aad1e2a7c0_0, 0;
    %pushi/vec4 0, 0, 32;
    %assign/vec4 v000001aad1e2b8a0_0, 0;
    %pushi/vec4 0, 0, 32;
    %assign/vec4 v000001aad1e29be0_0, 0;
    %pushi/vec4 0, 0, 32;
    %assign/vec4 v000001aad1e2b1c0_0, 0;
    %pushi/vec4 0, 0, 32;
    %assign/vec4 v000001aad1e2af40_0, 0;
    %pushi/vec4 0, 0, 32;
    %assign/vec4 v000001aad1e2aa40_0, 0;
    %pushi/vec4 0, 0, 32;
    %assign/vec4 v000001aad1e2a040_0, 0;
    %pushi/vec4 0, 0, 1;
    %assign/vec4 v000001aad1e2b580_0, 0;
    %pushi/vec4 0, 0, 1;
    %assign/vec4 v000001aad1e2bda0_0, 0;
    %pushi/vec4 0, 0, 4;
    %assign/vec4 v000001aad1e2ab80_0, 0;
    %pushi/vec4 0, 0, 32;
    %assign/vec4 v000001aad1e2afe0_0, 0;
    %pushi/vec4 0, 0, 32;
    %assign/vec4 v000001aad1e2c020_0, 0;
    %pushi/vec4 0, 0, 1;
    %assign/vec4 v000001aad1e2bd00_0, 0;
    %pushi/vec4 0, 0, 1;
    %assign/vec4 v000001aad1e2a680_0, 0;
    %pushi/vec4 0, 0, 1;
    %assign/vec4 v000001aad1e2b940_0, 0;
    %pushi/vec4 0, 0, 1;
    %assign/vec4 v000001aad1e2a860_0, 0;
    %pushi/vec4 0, 0, 1;
    %assign/vec4 v000001aad1e2b3a0_0, 0;
    %pushi/vec4 0, 0, 1;
    %assign/vec4 v000001aad1e29f00_0, 0;
    %pushi/vec4 0, 0, 1;
    %assign/vec4 v000001aad1e2b620_0, 0;
    %pushi/vec4 0, 0, 1;
    %assign/vec4 v000001aad1e2aae0_0, 0;
    %jmp T_14.1;
T_14.0 ;
    %load/vec4 v000001aad1e2da60_0;
    %flag_set/vec4 8;
    %jmp/0xz  T_14.2, 8;
    %pushi/vec4 1, 0, 1;
    %assign/vec4 v000001aad1e1fe60_0, 0;
    %pushi/vec4 0, 0, 1;
    %assign/vec4 v000001aad1e286a0_0, 0;
    %pushi/vec4 0, 0, 1;
    %assign/vec4 v000001aad1e272a0_0, 0;
    %pushi/vec4 0, 0, 32;
    %assign/vec4 v000001aad1e270c0_0, 0;
    %pushi/vec4 0, 0, 1;
    %assign/vec4 v000001aad1e27480_0, 0;
    %pushi/vec4 0, 0, 32;
    %assign/vec4 v000001aad1e28100_0, 0;
    %pushi/vec4 0, 0, 1;
    %assign/vec4 v000001aad1e281a0_0, 0;
    %pushi/vec4 0, 0, 32;
    %assign/vec4 v000001aad1e25ae0_0, 0;
    %pushi/vec4 0, 0, 32;
    %assign/vec4 v000001aad1e29500_0, 0;
    %pushi/vec4 0, 0, 32;
    %assign/vec4 v000001aad1e259a0_0, 0;
    %pushi/vec4 0, 0, 1;
    %assign/vec4 v000001aad1e282e0_0, 0;
    %pushi/vec4 0, 0, 32;
    %assign/vec4 v000001aad1e28420_0, 0;
    %pushi/vec4 0, 0, 1;
    %assign/vec4 v000001aad1e26620_0, 0;
    %pushi/vec4 0, 0, 32;
    %assign/vec4 v000001aad1e23e20_0, 0;
    %pushi/vec4 0, 0, 32;
    %assign/vec4 v000001aad1e24780_0, 0;
    %pushi/vec4 0, 0, 32;
    %assign/vec4 v000001aad1e22ac0_0, 0;
    %pushi/vec4 0, 0, 5;
    %assign/vec4 v000001aad1e26440_0, 0;
    %pushi/vec4 0, 0, 5;
    %assign/vec4 v000001aad1e26760_0, 0;
    %pushi/vec4 0, 0, 5;
    %assign/vec4 v000001aad1e24fa0_0, 0;
    %pushi/vec4 0, 0, 32;
    %assign/vec4 v000001aad1e26d00_0, 0;
    %pushi/vec4 0, 0, 32;
    %assign/vec4 v000001aad1e24be0_0, 0;
    %pushi/vec4 0, 0, 32;
    %assign/vec4 v000001aad1e23a60_0, 0;
    %pushi/vec4 0, 0, 7;
    %assign/vec4 v000001aad1e227a0_0, 0;
    %pushi/vec4 0, 0, 3;
    %assign/vec4 v000001aad1e23920_0, 0;
    %pushi/vec4 0, 0, 7;
    %assign/vec4 v000001aad1e23c40_0, 0;
    %pushi/vec4 0, 0, 1;
    %assign/vec4 v000001aad1e246e0_0, 0;
    %pushi/vec4 0, 0, 1;
    %assign/vec4 v000001aad1e22840_0, 0;
    %pushi/vec4 0, 0, 3;
    %assign/vec4 v000001aad1e241e0_0, 0;
    %pushi/vec4 0, 0, 1;
    %assign/vec4 v000001aad1e22660_0, 0;
    %pushi/vec4 0, 0, 1;
    %assign/vec4 v000001aad1e23420_0, 0;
    %pushi/vec4 0, 0, 1;
    %assign/vec4 v000001aad1e225c0_0, 0;
    %pushi/vec4 0, 0, 1;
    %assign/vec4 v000001aad1e24280_0, 0;
    %pushi/vec4 0, 0, 1;
    %assign/vec4 v000001aad1e23740_0, 0;
    %pushi/vec4 0, 0, 1;
    %assign/vec4 v000001aad1e25f40_0, 0;
    %pushi/vec4 0, 0, 1;
    %assign/vec4 v000001aad1e222a0_0, 0;
    %pushi/vec4 0, 0, 1;
    %assign/vec4 v000001aad1e22fc0_0, 0;
    %pushi/vec4 0, 0, 1;
    %assign/vec4 v000001aad1e24000_0, 0;
    %pushi/vec4 0, 0, 1;
    %assign/vec4 v000001aad1e24640_0, 0;
    %pushi/vec4 0, 0, 1;
    %assign/vec4 v000001aad1e22b60_0, 0;
    %pushi/vec4 0, 0, 32;
    %assign/vec4 v000001aad1e22ca0_0, 0;
    %pushi/vec4 0, 0, 1;
    %assign/vec4 v000001aad1e200e0_0, 0;
    %pushi/vec4 0, 0, 32;
    %assign/vec4 v000001aad1e21b20_0, 0;
    %pushi/vec4 0, 0, 32;
    %assign/vec4 v000001aad1e21800_0, 0;
    %pushi/vec4 0, 0, 32;
    %assign/vec4 v000001aad1e20b80_0, 0;
    %pushi/vec4 0, 0, 32;
    %assign/vec4 v000001aad1e22020_0, 0;
    %pushi/vec4 0, 0, 5;
    %assign/vec4 v000001aad1e1fa00_0, 0;
    %pushi/vec4 0, 0, 5;
    %assign/vec4 v000001aad1e20f40_0, 0;
    %pushi/vec4 0, 0, 5;
    %assign/vec4 v000001aad1e20ea0_0, 0;
    %pushi/vec4 0, 0, 32;
    %assign/vec4 v000001aad1e21a80_0, 0;
    %pushi/vec4 0, 0, 32;
    %assign/vec4 v000001aad1e211c0_0, 0;
    %pushi/vec4 0, 0, 32;
    %assign/vec4 v000001aad1e20680_0, 0;
    %pushi/vec4 0, 0, 32;
    %assign/vec4 v000001aad1e05790_0, 0;
    %pushi/vec4 0, 0, 32;
    %assign/vec4 v000001aad1e21d00_0, 0;
    %pushi/vec4 0, 0, 3;
    %assign/vec4 v000001aad1e21620_0, 0;
    %pushi/vec4 0, 0, 1;
    %assign/vec4 v000001aad1e219e0_0, 0;
    %pushi/vec4 0, 0, 1;
    %assign/vec4 v000001aad1e21bc0_0, 0;
    %pushi/vec4 0, 0, 1;
    %assign/vec4 v000001aad1e216c0_0, 0;
    %pushi/vec4 0, 0, 1;
    %assign/vec4 v000001aad1e20cc0_0, 0;
    %pushi/vec4 0, 0, 1;
    %assign/vec4 v000001aad1e20400_0, 0;
    %pushi/vec4 0, 0, 1;
    %assign/vec4 v000001aad1e204a0_0, 0;
    %pushi/vec4 0, 0, 1;
    %assign/vec4 v000001aad1e20a40_0, 0;
    %pushi/vec4 0, 0, 1;
    %assign/vec4 v000001aad1e20d60_0, 0;
    %pushi/vec4 0, 0, 1;
    %assign/vec4 v000001aad1e21940_0, 0;
    %pushi/vec4 0, 0, 1;
    %assign/vec4 v000001aad1e20c20_0, 0;
    %pushi/vec4 0, 0, 1;
    %assign/vec4 v000001aad1e29dc0_0, 0;
    %pushi/vec4 0, 0, 32;
    %assign/vec4 v000001aad1e2acc0_0, 0;
    %pushi/vec4 0, 0, 32;
    %assign/vec4 v000001aad1e2b6c0_0, 0;
    %pushi/vec4 0, 0, 32;
    %assign/vec4 v000001aad1e2a180_0, 0;
    %pushi/vec4 0, 0, 32;
    %assign/vec4 v000001aad1e2bc60_0, 0;
    %pushi/vec4 0, 0, 5;
    %assign/vec4 v000001aad1e2b760_0, 0;
    %pushi/vec4 0, 0, 5;
    %assign/vec4 v000001aad1e29fa0_0, 0;
    %pushi/vec4 0, 0, 5;
    %assign/vec4 v000001aad1e2a7c0_0, 0;
    %pushi/vec4 0, 0, 32;
    %assign/vec4 v000001aad1e2b8a0_0, 0;
    %pushi/vec4 0, 0, 32;
    %assign/vec4 v000001aad1e29be0_0, 0;
    %pushi/vec4 0, 0, 32;
    %assign/vec4 v000001aad1e2b1c0_0, 0;
    %pushi/vec4 0, 0, 32;
    %assign/vec4 v000001aad1e2af40_0, 0;
    %pushi/vec4 0, 0, 32;
    %assign/vec4 v000001aad1e2aa40_0, 0;
    %pushi/vec4 0, 0, 32;
    %assign/vec4 v000001aad1e2a040_0, 0;
    %pushi/vec4 0, 0, 1;
    %assign/vec4 v000001aad1e2b580_0, 0;
    %pushi/vec4 0, 0, 1;
    %assign/vec4 v000001aad1e2bda0_0, 0;
    %pushi/vec4 0, 0, 4;
    %assign/vec4 v000001aad1e2ab80_0, 0;
    %pushi/vec4 0, 0, 32;
    %assign/vec4 v000001aad1e2afe0_0, 0;
    %pushi/vec4 0, 0, 32;
    %assign/vec4 v000001aad1e2c020_0, 0;
    %pushi/vec4 0, 0, 1;
    %assign/vec4 v000001aad1e2bd00_0, 0;
    %pushi/vec4 0, 0, 1;
    %assign/vec4 v000001aad1e2a680_0, 0;
    %pushi/vec4 0, 0, 1;
    %assign/vec4 v000001aad1e2b940_0, 0;
    %pushi/vec4 0, 0, 1;
    %assign/vec4 v000001aad1e2a860_0, 0;
    %pushi/vec4 0, 0, 1;
    %assign/vec4 v000001aad1e2b3a0_0, 0;
    %pushi/vec4 0, 0, 1;
    %assign/vec4 v000001aad1e29f00_0, 0;
    %pushi/vec4 0, 0, 1;
    %assign/vec4 v000001aad1e2b620_0, 0;
    %pushi/vec4 0, 0, 1;
    %assign/vec4 v000001aad1e2aae0_0, 0;
    %jmp T_14.3;
T_14.2 ;
    %load/vec4 v000001aad1e1fe60_0;
    %inv;
    %flag_set/vec4 8;
    %jmp/0xz  T_14.4, 8;
    %load/vec4 v000001aad1e2dce0_0;
    %flag_set/vec4 8;
    %jmp/0xz  T_14.6, 8;
    %load/vec4 v000001aad1e27520_0;
    %addi 4, 0, 32;
    %load/vec4 v000001aad1e2ca20_0;
    %pad/u 5;
    %ix/vec4 3;
    %ix/load 4, 0, 0; Constant delay
    %assign/vec4/a/d v000001aad1e2c200, 0, 4;
    %load/vec4 v000001aad1e2ca20_0;
    %addi 1, 0, 3;
    %assign/vec4 v000001aad1e2ca20_0, 0;
    %pushi/vec4 1, 0, 1;
    %assign/vec4 v000001aad1e2dd80_0, 0;
    %jmp T_14.7;
T_14.6 ;
    %load/vec4 v000001aad1e2cc00_0;
    %flag_set/vec4 8;
    %jmp/0xz  T_14.8, 8;
    %load/vec4 v000001aad1e2ca20_0;
    %subi 1, 0, 3;
    %assign/vec4 v000001aad1e2ca20_0, 0;
    %load/vec4 v000001aad1e2ca20_0;
    %cmpi/e 1, 0, 3;
    %jmp/0xz  T_14.10, 4;
    %pushi/vec4 0, 0, 1;
    %assign/vec4 v000001aad1e2dd80_0, 0;
T_14.10 ;
T_14.8 ;
T_14.7 ;
    %load/vec4 v000001aad1e04390_0;
    %flag_set/vec4 8;
    %jmp/0xz  T_14.12, 8;
    %pushi/vec4 1, 0, 1;
    %ix/load 5, 0, 0;
    %ix/getv 4, v000001aad1e05150_0;
    %assign/vec4/off/d v000001aad1e03670_0, 4, 5;
    %load/vec4 v000001aad1e03e90_0;
    %load/vec4 v000001aad1e05150_0;
    %pad/u 9;
    %ix/vec4 3;
    %ix/load 4, 0, 0; Constant delay
    %assign/vec4/a/d v000001aad1e035d0, 0, 4;
    %load/vec4 v000001aad1e04610_0;
    %load/vec4 v000001aad1e05150_0;
    %pad/u 9;
    %ix/vec4 3;
    %ix/load 4, 0, 0; Constant delay
    %assign/vec4/a/d v000001aad1e05290, 0, 4;
    %load/vec4 v000001aad1e03670_0;
    %load/vec4 v000001aad1e05150_0;
    %part/u 1;
    %inv;
    %flag_set/vec4 8;
    %jmp/1 T_14.16, 8;
    %load/vec4 v000001aad1e05150_0;
    %pad/u 9;
    %ix/vec4 4;
    %load/vec4a v000001aad1e035d0, 4;
    %load/vec4 v000001aad1e03e90_0;
    %cmp/ne;
    %flag_or 8, 4;
T_14.16;
    %jmp/0xz  T_14.14, 8;
    %load/vec4 v000001aad1e03a30_0;
    %flag_set/vec4 8;
    %jmp/0 T_14.17, 8;
    %pushi/vec4 2, 0, 2;
    %jmp/1 T_14.18, 8;
T_14.17 ; End of true expr.
    %pushi/vec4 1, 0, 2;
    %jmp/0 T_14.18, 8;
 ; End of false expr.
    %blend;
T_14.18;
    %load/vec4 v000001aad1e05150_0;
    %pad/u 9;
    %ix/vec4 3;
    %ix/load 4, 0, 0; Constant delay
    %assign/vec4/a/d v000001aad1e03b70, 0, 4;
    %jmp T_14.15;
T_14.14 ;
    %load/vec4 v000001aad1e03a30_0;
    %flag_set/vec4 8;
    %jmp/0xz  T_14.19, 8;
    %load/vec4 v000001aad1e05150_0;
    %pad/u 9;
    %ix/vec4 4;
    %load/vec4a v000001aad1e03b70, 4;
    %cmpi/ne 3, 0, 2;
    %jmp/0xz  T_14.21, 4;
    %load/vec4 v000001aad1e05150_0;
    %pad/u 9;
    %ix/vec4 4;
    %load/vec4a v000001aad1e03b70, 4;
    %addi 1, 0, 2;
    %load/vec4 v000001aad1e05150_0;
    %pad/u 9;
    %ix/vec4 3;
    %ix/load 4, 0, 0; Constant delay
    %assign/vec4/a/d v000001aad1e03b70, 0, 4;
T_14.21 ;
    %jmp T_14.20;
T_14.19 ;
    %load/vec4 v000001aad1e05150_0;
    %pad/u 9;
    %ix/vec4 4;
    %load/vec4a v000001aad1e03b70, 4;
    %cmpi/ne 0, 0, 2;
    %jmp/0xz  T_14.23, 4;
    %load/vec4 v000001aad1e05150_0;
    %pad/u 9;
    %ix/vec4 4;
    %load/vec4a v000001aad1e03b70, 4;
    %subi 1, 0, 2;
    %load/vec4 v000001aad1e05150_0;
    %pad/u 9;
    %ix/vec4 3;
    %ix/load 4, 0, 0; Constant delay
    %assign/vec4/a/d v000001aad1e03b70, 0, 4;
T_14.23 ;
T_14.20 ;
T_14.15 ;
T_14.12 ;
    %load/vec4 v000001aad1e21f80_0;
    %flag_set/vec4 8;
    %jmp/0xz  T_14.25, 8;
    %load/vec4 v000001aad1e2d560_0;
    %assign/vec4 v000001aad1e2c840_0, 0;
    %jmp T_14.26;
T_14.25 ;
    %load/vec4 v000001aad1e24960_0;
    %flag_set/vec4 8;
    %jmp/0xz  T_14.27, 8;
    %load/vec4 v000001aad1e2d560_0;
    %assign/vec4 v000001aad1e2c840_0, 0;
    %jmp T_14.28;
T_14.27 ;
    %load/vec4 v000001aad1e27e80_0;
    %flag_set/vec4 8;
    %jmp/0xz  T_14.29, 8;
    %load/vec4 v000001aad1e29640_0;
    %assign/vec4 v000001aad1e2c840_0, 0;
    %jmp T_14.30;
T_14.29 ;
    %load/vec4 v000001aad1e273e0_0;
    %flag_set/vec4 8;
    %jmp/0xz  T_14.31, 8;
    %load/vec4 v000001aad1e2d560_0;
    %assign/vec4 v000001aad1e2c840_0, 0;
T_14.31 ;
T_14.30 ;
T_14.28 ;
T_14.26 ;
    %load/vec4 v000001aad1e27a20_0;
    %flag_set/vec4 8;
    %jmp/0xz  T_14.33, 8;
    %pushi/vec4 0, 0, 1;
    %assign/vec4 v000001aad1e286a0_0, 0;
    %pushi/vec4 0, 0, 1;
    %assign/vec4 v000001aad1e272a0_0, 0;
    %pushi/vec4 0, 0, 32;
    %assign/vec4 v000001aad1e270c0_0, 0;
    %pushi/vec4 0, 0, 1;
    %assign/vec4 v000001aad1e27480_0, 0;
    %pushi/vec4 0, 0, 32;
    %assign/vec4 v000001aad1e28100_0, 0;
    %jmp T_14.34;
T_14.33 ;
    %load/vec4 v000001aad1e273e0_0;
    %load/vec4 v000001aad1e28ec0_0;
    %and;
    %flag_set/vec4 8;
    %jmp/0xz  T_14.35, 8;
    %pushi/vec4 1, 0, 1;
    %assign/vec4 v000001aad1e286a0_0, 0;
    %pushi/vec4 0, 0, 1;
    %assign/vec4 v000001aad1e272a0_0, 0;
    %load/vec4 v000001aad1e28e20_0;
    %assign/vec4 v000001aad1e270c0_0, 0;
    %load/vec4 v000001aad1e27980_0;
    %assign/vec4 v000001aad1e27480_0, 0;
    %load/vec4 v000001aad1e28380_0;
    %assign/vec4 v000001aad1e28100_0, 0;
    %jmp T_14.36;
T_14.35 ;
    %load/vec4 v000001aad1e21f80_0;
    %load/vec4 v000001aad1e24960_0;
    %or;
    %flag_set/vec4 9;
    %flag_get/vec4 9;
    %jmp/0 T_14.39, 9;
    %load/vec4 v000001aad1e286a0_0;
    %and;
T_14.39;
    %flag_set/vec4 8;
    %jmp/0xz  T_14.37, 8;
    %pushi/vec4 1, 0, 1;
    %assign/vec4 v000001aad1e272a0_0, 0;
T_14.37 ;
T_14.36 ;
T_14.34 ;
    %load/vec4 v000001aad1e21f80_0;
    %flag_set/vec4 8;
    %jmp/0xz  T_14.40, 8;
    %pushi/vec4 0, 0, 1;
    %assign/vec4 v000001aad1e281a0_0, 0;
    %pushi/vec4 0, 0, 32;
    %assign/vec4 v000001aad1e25ae0_0, 0;
    %pushi/vec4 0, 0, 32;
    %assign/vec4 v000001aad1e29500_0, 0;
    %pushi/vec4 0, 0, 32;
    %assign/vec4 v000001aad1e259a0_0, 0;
    %pushi/vec4 0, 0, 1;
    %assign/vec4 v000001aad1e282e0_0, 0;
    %pushi/vec4 0, 0, 32;
    %assign/vec4 v000001aad1e28420_0, 0;
    %pushi/vec4 0, 0, 1;
    %assign/vec4 v000001aad1e26620_0, 0;
    %pushi/vec4 0, 0, 32;
    %assign/vec4 v000001aad1e23e20_0, 0;
    %pushi/vec4 0, 0, 32;
    %assign/vec4 v000001aad1e24780_0, 0;
    %pushi/vec4 0, 0, 32;
    %assign/vec4 v000001aad1e22ac0_0, 0;
    %pushi/vec4 0, 0, 5;
    %assign/vec4 v000001aad1e26440_0, 0;
    %pushi/vec4 0, 0, 5;
    %assign/vec4 v000001aad1e26760_0, 0;
    %pushi/vec4 0, 0, 5;
    %assign/vec4 v000001aad1e24fa0_0, 0;
    %pushi/vec4 0, 0, 32;
    %assign/vec4 v000001aad1e26d00_0, 0;
    %pushi/vec4 0, 0, 32;
    %assign/vec4 v000001aad1e24be0_0, 0;
    %pushi/vec4 0, 0, 32;
    %assign/vec4 v000001aad1e23a60_0, 0;
    %pushi/vec4 0, 0, 7;
    %assign/vec4 v000001aad1e227a0_0, 0;
    %pushi/vec4 0, 0, 3;
    %assign/vec4 v000001aad1e23920_0, 0;
    %pushi/vec4 0, 0, 7;
    %assign/vec4 v000001aad1e23c40_0, 0;
    %pushi/vec4 0, 0, 1;
    %assign/vec4 v000001aad1e246e0_0, 0;
    %pushi/vec4 0, 0, 1;
    %assign/vec4 v000001aad1e22840_0, 0;
    %pushi/vec4 0, 0, 3;
    %assign/vec4 v000001aad1e241e0_0, 0;
    %pushi/vec4 0, 0, 1;
    %assign/vec4 v000001aad1e22660_0, 0;
    %pushi/vec4 0, 0, 1;
    %assign/vec4 v000001aad1e23420_0, 0;
    %pushi/vec4 0, 0, 1;
    %assign/vec4 v000001aad1e225c0_0, 0;
    %pushi/vec4 0, 0, 1;
    %assign/vec4 v000001aad1e24280_0, 0;
    %pushi/vec4 0, 0, 1;
    %assign/vec4 v000001aad1e23740_0, 0;
    %pushi/vec4 0, 0, 1;
    %assign/vec4 v000001aad1e25f40_0, 0;
    %pushi/vec4 0, 0, 1;
    %assign/vec4 v000001aad1e222a0_0, 0;
    %pushi/vec4 0, 0, 1;
    %assign/vec4 v000001aad1e22fc0_0, 0;
    %pushi/vec4 0, 0, 1;
    %assign/vec4 v000001aad1e24000_0, 0;
    %pushi/vec4 0, 0, 1;
    %assign/vec4 v000001aad1e24640_0, 0;
    %pushi/vec4 0, 0, 1;
    %assign/vec4 v000001aad1e22b60_0, 0;
    %pushi/vec4 0, 0, 32;
    %assign/vec4 v000001aad1e22ca0_0, 0;
    %jmp T_14.41;
T_14.40 ;
    %load/vec4 v000001aad1e24960_0;
    %flag_set/vec4 8;
    %jmp/0xz  T_14.42, 8;
    %pushi/vec4 0, 0, 1;
    %assign/vec4 v000001aad1e281a0_0, 0;
    %pushi/vec4 0, 0, 32;
    %assign/vec4 v000001aad1e25ae0_0, 0;
    %pushi/vec4 0, 0, 32;
    %assign/vec4 v000001aad1e29500_0, 0;
    %pushi/vec4 0, 0, 32;
    %assign/vec4 v000001aad1e259a0_0, 0;
    %pushi/vec4 0, 0, 1;
    %assign/vec4 v000001aad1e282e0_0, 0;
    %pushi/vec4 0, 0, 32;
    %assign/vec4 v000001aad1e28420_0, 0;
    %load/vec4 v000001aad1e25cc0_0;
    %assign/vec4 v000001aad1e26620_0, 0;
    %load/vec4 v000001aad1e23f60_0;
    %assign/vec4 v000001aad1e23e20_0, 0;
    %load/vec4 v000001aad1e24820_0;
    %assign/vec4 v000001aad1e24780_0, 0;
    %load/vec4 v000001aad1e23240_0;
    %assign/vec4 v000001aad1e22ac0_0, 0;
    %load/vec4 v000001aad1e264e0_0;
    %assign/vec4 v000001aad1e26440_0, 0;
    %load/vec4 v000001aad1e26580_0;
    %assign/vec4 v000001aad1e26760_0, 0;
    %load/vec4 v000001aad1e269e0_0;
    %assign/vec4 v000001aad1e24fa0_0, 0;
    %load/vec4 v000001aad1e26a80_0;
    %assign/vec4 v000001aad1e26d00_0, 0;
    %load/vec4 v000001aad1e248c0_0;
    %assign/vec4 v000001aad1e24be0_0, 0;
    %load/vec4 v000001aad1e220c0_0;
    %assign/vec4 v000001aad1e23a60_0, 0;
    %load/vec4 v000001aad1e231a0_0;
    %assign/vec4 v000001aad1e227a0_0, 0;
    %load/vec4 v000001aad1e22480_0;
    %assign/vec4 v000001aad1e23920_0, 0;
    %load/vec4 v000001aad1e23100_0;
    %assign/vec4 v000001aad1e23c40_0, 0;
    %load/vec4 v000001aad1e22340_0;
    %assign/vec4 v000001aad1e246e0_0, 0;
    %load/vec4 v000001aad1e22980_0;
    %assign/vec4 v000001aad1e22840_0, 0;
    %load/vec4 v000001aad1e23380_0;
    %assign/vec4 v000001aad1e241e0_0, 0;
    %load/vec4 v000001aad1e23560_0;
    %assign/vec4 v000001aad1e22660_0, 0;
    %load/vec4 v000001aad1e223e0_0;
    %assign/vec4 v000001aad1e23420_0, 0;
    %load/vec4 v000001aad1e239c0_0;
    %assign/vec4 v000001aad1e225c0_0, 0;
    %load/vec4 v000001aad1e22e80_0;
    %assign/vec4 v000001aad1e24280_0, 0;
    %load/vec4 v000001aad1e228e0_0;
    %assign/vec4 v000001aad1e23740_0, 0;
    %load/vec4 v000001aad1e26b20_0;
    %assign/vec4 v000001aad1e25f40_0, 0;
    %load/vec4 v000001aad1e245a0_0;
    %assign/vec4 v000001aad1e222a0_0, 0;
    %load/vec4 v000001aad1e23ba0_0;
    %assign/vec4 v000001aad1e22fc0_0, 0;
    %load/vec4 v000001aad1e24320_0;
    %assign/vec4 v000001aad1e24000_0, 0;
    %load/vec4 v000001aad1e23060_0;
    %assign/vec4 v000001aad1e24640_0, 0;
    %load/vec4 v000001aad1e23ec0_0;
    %assign/vec4 v000001aad1e22b60_0, 0;
    %load/vec4 v000001aad1e25ea0_0;
    %assign/vec4 v000001aad1e22ca0_0, 0;
    %jmp T_14.43;
T_14.42 ;
    %load/vec4 v000001aad1e2ad60_0;
    %flag_set/vec4 8;
    %jmp/0xz  T_14.44, 8;
    %load/vec4 v000001aad1e287e0_0;
    %flag_set/vec4 8;
    %jmp/0xz  T_14.46, 8;
    %load/vec4 v000001aad1e29280_0;
    %assign/vec4 v000001aad1e281a0_0, 0;
    %load/vec4 v000001aad1e25b80_0;
    %assign/vec4 v000001aad1e25ae0_0, 0;
    %load/vec4 v000001aad1e29140_0;
    %assign/vec4 v000001aad1e29500_0, 0;
    %load/vec4 v000001aad1e25a40_0;
    %assign/vec4 v000001aad1e259a0_0, 0;
    %load/vec4 v000001aad1e28740_0;
    %assign/vec4 v000001aad1e282e0_0, 0;
    %load/vec4 v000001aad1e28b00_0;
    %assign/vec4 v000001aad1e28420_0, 0;
T_14.46 ;
    %load/vec4 v000001aad1e1f8c0_0;
    %assign/vec4 v000001aad1e26d00_0, 0;
    %load/vec4 v000001aad1e1fc80_0;
    %assign/vec4 v000001aad1e24be0_0, 0;
    %jmp T_14.45;
T_14.44 ;
    %load/vec4 v000001aad1e202c0_0;
    %flag_set/vec4 8;
    %jmp/0xz  T_14.48, 8;
    %pushi/vec4 0, 0, 1;
    %assign/vec4 v000001aad1e26620_0, 0;
    %pushi/vec4 0, 0, 32;
    %assign/vec4 v000001aad1e23e20_0, 0;
    %pushi/vec4 0, 0, 32;
    %assign/vec4 v000001aad1e24780_0, 0;
    %pushi/vec4 0, 0, 32;
    %assign/vec4 v000001aad1e22ac0_0, 0;
    %pushi/vec4 0, 0, 5;
    %assign/vec4 v000001aad1e26440_0, 0;
    %pushi/vec4 0, 0, 5;
    %assign/vec4 v000001aad1e26760_0, 0;
    %pushi/vec4 0, 0, 5;
    %assign/vec4 v000001aad1e24fa0_0, 0;
    %pushi/vec4 0, 0, 32;
    %assign/vec4 v000001aad1e26d00_0, 0;
    %pushi/vec4 0, 0, 32;
    %assign/vec4 v000001aad1e24be0_0, 0;
    %pushi/vec4 0, 0, 32;
    %assign/vec4 v000001aad1e23a60_0, 0;
    %pushi/vec4 0, 0, 7;
    %assign/vec4 v000001aad1e227a0_0, 0;
    %pushi/vec4 0, 0, 3;
    %assign/vec4 v000001aad1e23920_0, 0;
    %pushi/vec4 0, 0, 7;
    %assign/vec4 v000001aad1e23c40_0, 0;
    %pushi/vec4 0, 0, 1;
    %assign/vec4 v000001aad1e246e0_0, 0;
    %pushi/vec4 0, 0, 1;
    %assign/vec4 v000001aad1e22840_0, 0;
    %pushi/vec4 0, 0, 3;
    %assign/vec4 v000001aad1e241e0_0, 0;
    %pushi/vec4 0, 0, 1;
    %assign/vec4 v000001aad1e22660_0, 0;
    %pushi/vec4 0, 0, 1;
    %assign/vec4 v000001aad1e23420_0, 0;
    %pushi/vec4 0, 0, 1;
    %assign/vec4 v000001aad1e225c0_0, 0;
    %pushi/vec4 0, 0, 1;
    %assign/vec4 v000001aad1e24280_0, 0;
    %pushi/vec4 0, 0, 1;
    %assign/vec4 v000001aad1e23740_0, 0;
    %pushi/vec4 0, 0, 1;
    %assign/vec4 v000001aad1e25f40_0, 0;
    %pushi/vec4 0, 0, 1;
    %assign/vec4 v000001aad1e222a0_0, 0;
    %pushi/vec4 0, 0, 1;
    %assign/vec4 v000001aad1e22fc0_0, 0;
    %pushi/vec4 0, 0, 1;
    %assign/vec4 v000001aad1e24000_0, 0;
    %pushi/vec4 0, 0, 1;
    %assign/vec4 v000001aad1e24640_0, 0;
    %pushi/vec4 0, 0, 1;
    %assign/vec4 v000001aad1e22b60_0, 0;
    %pushi/vec4 0, 0, 32;
    %assign/vec4 v000001aad1e22ca0_0, 0;
    %jmp T_14.49;
T_14.48 ;
    %load/vec4 v000001aad1e29280_0;
    %assign/vec4 v000001aad1e281a0_0, 0;
    %load/vec4 v000001aad1e25b80_0;
    %assign/vec4 v000001aad1e25ae0_0, 0;
    %load/vec4 v000001aad1e29140_0;
    %assign/vec4 v000001aad1e29500_0, 0;
    %load/vec4 v000001aad1e25a40_0;
    %assign/vec4 v000001aad1e259a0_0, 0;
    %load/vec4 v000001aad1e28740_0;
    %assign/vec4 v000001aad1e282e0_0, 0;
    %load/vec4 v000001aad1e28b00_0;
    %assign/vec4 v000001aad1e28420_0, 0;
    %load/vec4 v000001aad1e25cc0_0;
    %assign/vec4 v000001aad1e26620_0, 0;
    %load/vec4 v000001aad1e23f60_0;
    %assign/vec4 v000001aad1e23e20_0, 0;
    %load/vec4 v000001aad1e24820_0;
    %assign/vec4 v000001aad1e24780_0, 0;
    %load/vec4 v000001aad1e23240_0;
    %assign/vec4 v000001aad1e22ac0_0, 0;
    %load/vec4 v000001aad1e264e0_0;
    %assign/vec4 v000001aad1e26440_0, 0;
    %load/vec4 v000001aad1e26580_0;
    %assign/vec4 v000001aad1e26760_0, 0;
    %load/vec4 v000001aad1e269e0_0;
    %assign/vec4 v000001aad1e24fa0_0, 0;
    %load/vec4 v000001aad1e24aa0_0;
    %assign/vec4 v000001aad1e26d00_0, 0;
    %load/vec4 v000001aad1e25c20_0;
    %assign/vec4 v000001aad1e24be0_0, 0;
    %load/vec4 v000001aad1e220c0_0;
    %assign/vec4 v000001aad1e23a60_0, 0;
    %load/vec4 v000001aad1e231a0_0;
    %assign/vec4 v000001aad1e227a0_0, 0;
    %load/vec4 v000001aad1e22480_0;
    %assign/vec4 v000001aad1e23920_0, 0;
    %load/vec4 v000001aad1e23100_0;
    %assign/vec4 v000001aad1e23c40_0, 0;
    %load/vec4 v000001aad1e22340_0;
    %assign/vec4 v000001aad1e246e0_0, 0;
    %load/vec4 v000001aad1e22980_0;
    %assign/vec4 v000001aad1e22840_0, 0;
    %load/vec4 v000001aad1e23380_0;
    %assign/vec4 v000001aad1e241e0_0, 0;
    %load/vec4 v000001aad1e23560_0;
    %assign/vec4 v000001aad1e22660_0, 0;
    %load/vec4 v000001aad1e223e0_0;
    %assign/vec4 v000001aad1e23420_0, 0;
    %load/vec4 v000001aad1e239c0_0;
    %assign/vec4 v000001aad1e225c0_0, 0;
    %load/vec4 v000001aad1e22e80_0;
    %assign/vec4 v000001aad1e24280_0, 0;
    %load/vec4 v000001aad1e228e0_0;
    %assign/vec4 v000001aad1e23740_0, 0;
    %load/vec4 v000001aad1e26b20_0;
    %assign/vec4 v000001aad1e25f40_0, 0;
    %load/vec4 v000001aad1e245a0_0;
    %assign/vec4 v000001aad1e222a0_0, 0;
    %load/vec4 v000001aad1e23ba0_0;
    %assign/vec4 v000001aad1e22fc0_0, 0;
    %load/vec4 v000001aad1e24320_0;
    %assign/vec4 v000001aad1e24000_0, 0;
    %load/vec4 v000001aad1e23060_0;
    %assign/vec4 v000001aad1e24640_0, 0;
    %load/vec4 v000001aad1e22c00_0;
    %assign/vec4 v000001aad1e22b60_0, 0;
    %load/vec4 v000001aad1e250e0_0;
    %assign/vec4 v000001aad1e22ca0_0, 0;
T_14.49 ;
T_14.45 ;
T_14.43 ;
T_14.41 ;
    %load/vec4 v000001aad1e2ad60_0;
    %flag_set/vec4 8;
    %jmp/0xz  T_14.50, 8;
    %load/vec4 v000001aad1e20c20_0;
    %load/vec4 v000001aad1e05330_0;
    %or;
    %assign/vec4 v000001aad1e20c20_0, 0;
    %jmp T_14.51;
T_14.50 ;
    %load/vec4 v000001aad1e20220_0;
    %assign/vec4 v000001aad1e200e0_0, 0;
    %load/vec4 v000001aad1e20e00_0;
    %assign/vec4 v000001aad1e21b20_0, 0;
    %load/vec4 v000001aad1e20040_0;
    %assign/vec4 v000001aad1e21800_0, 0;
    %load/vec4 v000001aad1e21080_0;
    %assign/vec4 v000001aad1e20b80_0, 0;
    %load/vec4 v000001aad1e21da0_0;
    %assign/vec4 v000001aad1e22020_0, 0;
    %load/vec4 v000001aad1e20540_0;
    %assign/vec4 v000001aad1e1fa00_0, 0;
    %load/vec4 v000001aad1e207c0_0;
    %assign/vec4 v000001aad1e20f40_0, 0;
    %load/vec4 v000001aad1e20180_0;
    %assign/vec4 v000001aad1e20ea0_0, 0;
    %load/vec4 v000001aad1e20720_0;
    %assign/vec4 v000001aad1e21a80_0, 0;
    %load/vec4 v000001aad1e20fe0_0;
    %assign/vec4 v000001aad1e211c0_0, 0;
    %load/vec4 v000001aad1e1fd20_0;
    %assign/vec4 v000001aad1e20680_0, 0;
    %load/vec4 v000001aad1e030d0_0;
    %assign/vec4 v000001aad1e05790_0, 0;
    %load/vec4 v000001aad1e20860_0;
    %assign/vec4 v000001aad1e21d00_0, 0;
    %load/vec4 v000001aad1e21300_0;
    %assign/vec4 v000001aad1e21620_0, 0;
    %load/vec4 v000001aad1e21580_0;
    %assign/vec4 v000001aad1e219e0_0, 0;
    %load/vec4 v000001aad1e21c60_0;
    %assign/vec4 v000001aad1e21bc0_0, 0;
    %load/vec4 v000001aad1e1ffa0_0;
    %assign/vec4 v000001aad1e216c0_0, 0;
    %load/vec4 v000001aad1e21440_0;
    %assign/vec4 v000001aad1e20cc0_0, 0;
    %load/vec4 v000001aad1e20900_0;
    %assign/vec4 v000001aad1e20400_0, 0;
    %load/vec4 v000001aad1e218a0_0;
    %assign/vec4 v000001aad1e204a0_0, 0;
    %load/vec4 v000001aad1e213a0_0;
    %assign/vec4 v000001aad1e20a40_0, 0;
    %load/vec4 v000001aad1e21760_0;
    %assign/vec4 v000001aad1e20d60_0, 0;
    %load/vec4 v000001aad1e1f960_0;
    %assign/vec4 v000001aad1e21940_0, 0;
    %pushi/vec4 0, 0, 1;
    %assign/vec4 v000001aad1e20c20_0, 0;
T_14.51 ;
    %load/vec4 v000001aad1e2a220_0;
    %assign/vec4 v000001aad1e29dc0_0, 0;
    %load/vec4 v000001aad1e2ae00_0;
    %assign/vec4 v000001aad1e2acc0_0, 0;
    %load/vec4 v000001aad1e2b440_0;
    %assign/vec4 v000001aad1e2b6c0_0, 0;
    %load/vec4 v000001aad1e2a540_0;
    %assign/vec4 v000001aad1e2a180_0, 0;
    %load/vec4 v000001aad1e2a720_0;
    %assign/vec4 v000001aad1e2bc60_0, 0;
    %load/vec4 v000001aad1e2b800_0;
    %assign/vec4 v000001aad1e2b760_0, 0;
    %load/vec4 v000001aad1e2a360_0;
    %assign/vec4 v000001aad1e29fa0_0, 0;
    %load/vec4 v000001aad1e2bf80_0;
    %assign/vec4 v000001aad1e2a7c0_0, 0;
    %load/vec4 v000001aad1e2a900_0;
    %assign/vec4 v000001aad1e2b8a0_0, 0;
    %load/vec4 v000001aad1e29d20_0;
    %assign/vec4 v000001aad1e29be0_0, 0;
    %load/vec4 v000001aad1e2ba80_0;
    %assign/vec4 v000001aad1e2b1c0_0, 0;
    %load/vec4 v000001aad1e2a2c0_0;
    %assign/vec4 v000001aad1e2af40_0, 0;
    %load/vec4 v000001aad1e2b120_0;
    %assign/vec4 v000001aad1e2aa40_0, 0;
    %load/vec4 v000001aad1e2b9e0_0;
    %assign/vec4 v000001aad1e2a040_0, 0;
    %load/vec4 v000001aad1e29a00_0;
    %assign/vec4 v000001aad1e2b580_0, 0;
    %load/vec4 v000001aad1e2bee0_0;
    %assign/vec4 v000001aad1e2bda0_0, 0;
    %load/vec4 v000001aad1e29c80_0;
    %assign/vec4 v000001aad1e2ab80_0, 0;
    %load/vec4 v000001aad1e298c0_0;
    %assign/vec4 v000001aad1e2afe0_0, 0;
    %load/vec4 v000001aad1e29960_0;
    %assign/vec4 v000001aad1e2c020_0, 0;
    %load/vec4 v000001aad1e2bb20_0;
    %assign/vec4 v000001aad1e2bd00_0, 0;
    %load/vec4 v000001aad1e2aea0_0;
    %assign/vec4 v000001aad1e2a680_0, 0;
    %load/vec4 v000001aad1e2b4e0_0;
    %assign/vec4 v000001aad1e2b940_0, 0;
    %load/vec4 v000001aad1e2be40_0;
    %assign/vec4 v000001aad1e2a860_0, 0;
    %load/vec4 v000001aad1e2bbc0_0;
    %assign/vec4 v000001aad1e2b3a0_0, 0;
    %load/vec4 v000001aad1e29b40_0;
    %assign/vec4 v000001aad1e29f00_0, 0;
    %load/vec4 v000001aad1e2a5e0_0;
    %assign/vec4 v000001aad1e2b620_0, 0;
    %load/vec4 v000001aad1e2b080_0;
    %assign/vec4 v000001aad1e2aae0_0, 0;
T_14.4 ;
T_14.3 ;
T_14.1 ;
    %jmp T_14;
    .thread T_14;
    .scope S_000001aad1dc6b70;
T_15 ;
    %wait E_000001aad1d0f380;
    %load/vec4 v000001aad1e303a0_0;
    %flag_set/vec4 8;
    %jmp/0xz  T_15.0, 8;
    %pushi/vec4 0, 0, 1;
    %ix/load 3, 1, 0;
    %flag_set/imm 4, 0;
    %ix/load 4, 0, 0; Constant delay
    %assign/vec4/a/d v000001aad1e2e8c0, 0, 4;
    %pushi/vec4 0, 0, 1;
    %ix/load 3, 1, 0;
    %flag_set/imm 4, 0;
    %ix/load 4, 0, 0; Constant delay
    %assign/vec4/a/d v000001aad1e2ef00, 0, 4;
    %jmp T_15.1;
T_15.0 ;
    %ix/load 4, 0, 0;
    %flag_set/imm 4, 0;
    %load/vec4a v000001aad1e2f0e0, 4;
    %ix/load 3, 1, 0;
    %flag_set/imm 4, 0;
    %ix/load 4, 0, 0; Constant delay
    %assign/vec4/a/d v000001aad1e2f0e0, 0, 4;
    %ix/load 4, 0, 0;
    %flag_set/imm 4, 0;
    %load/vec4a v000001aad1e2e8c0, 4;
    %ix/load 3, 1, 0;
    %flag_set/imm 4, 0;
    %ix/load 4, 0, 0; Constant delay
    %assign/vec4/a/d v000001aad1e2e8c0, 0, 4;
    %ix/load 4, 0, 0;
    %flag_set/imm 4, 0;
    %load/vec4a v000001aad1e2ef00, 4;
    %ix/load 3, 1, 0;
    %flag_set/imm 4, 0;
    %ix/load 4, 0, 0; Constant delay
    %assign/vec4/a/d v000001aad1e2ef00, 0, 4;
    %ix/load 4, 0, 0;
    %flag_set/imm 4, 0;
    %load/vec4a v000001aad1e2f2c0, 4;
    %ix/load 3, 1, 0;
    %flag_set/imm 4, 0;
    %ix/load 4, 0, 0; Constant delay
    %assign/vec4/a/d v000001aad1e2f2c0, 0, 4;
    %ix/load 4, 0, 0;
    %flag_set/imm 4, 0;
    %load/vec4a v000001aad1e2f040, 4;
    %ix/load 3, 1, 0;
    %flag_set/imm 4, 0;
    %ix/load 4, 0, 0; Constant delay
    %assign/vec4/a/d v000001aad1e2f040, 0, 4;
T_15.1 ;
    %jmp T_15;
    .thread T_15;
    .scope S_000001aad1dc66c0;
T_16 ;
    %wait E_000001aad1d0f380;
    %load/vec4 v000001aad1e303a0_0;
    %flag_set/vec4 8;
    %jmp/0xz  T_16.0, 8;
    %pushi/vec4 0, 0, 1;
    %ix/load 3, 2, 0;
    %flag_set/imm 4, 0;
    %ix/load 4, 0, 0; Constant delay
    %assign/vec4/a/d v000001aad1e2e8c0, 0, 4;
    %pushi/vec4 0, 0, 1;
    %ix/load 3, 2, 0;
    %flag_set/imm 4, 0;
    %ix/load 4, 0, 0; Constant delay
    %assign/vec4/a/d v000001aad1e2ef00, 0, 4;
    %jmp T_16.1;
T_16.0 ;
    %ix/load 4, 1, 0;
    %flag_set/imm 4, 0;
    %load/vec4a v000001aad1e2f0e0, 4;
    %ix/load 3, 2, 0;
    %flag_set/imm 4, 0;
    %ix/load 4, 0, 0; Constant delay
    %assign/vec4/a/d v000001aad1e2f0e0, 0, 4;
    %ix/load 4, 1, 0;
    %flag_set/imm 4, 0;
    %load/vec4a v000001aad1e2e8c0, 4;
    %ix/load 3, 2, 0;
    %flag_set/imm 4, 0;
    %ix/load 4, 0, 0; Constant delay
    %assign/vec4/a/d v000001aad1e2e8c0, 0, 4;
    %ix/load 4, 1, 0;
    %flag_set/imm 4, 0;
    %load/vec4a v000001aad1e2ef00, 4;
    %ix/load 3, 2, 0;
    %flag_set/imm 4, 0;
    %ix/load 4, 0, 0; Constant delay
    %assign/vec4/a/d v000001aad1e2ef00, 0, 4;
    %ix/load 4, 1, 0;
    %flag_set/imm 4, 0;
    %load/vec4a v000001aad1e2f2c0, 4;
    %ix/load 3, 2, 0;
    %flag_set/imm 4, 0;
    %ix/load 4, 0, 0; Constant delay
    %assign/vec4/a/d v000001aad1e2f2c0, 0, 4;
    %ix/load 4, 1, 0;
    %flag_set/imm 4, 0;
    %load/vec4a v000001aad1e2f040, 4;
    %ix/load 3, 2, 0;
    %flag_set/imm 4, 0;
    %ix/load 4, 0, 0; Constant delay
    %assign/vec4/a/d v000001aad1e2f040, 0, 4;
T_16.1 ;
    %jmp T_16;
    .thread T_16;
    .scope S_000001aad1dc6e90;
T_17 ;
    %wait E_000001aad1d0f380;
    %load/vec4 v000001aad1e303a0_0;
    %flag_set/vec4 8;
    %jmp/0xz  T_17.0, 8;
    %pushi/vec4 0, 0, 1;
    %ix/load 3, 3, 0;
    %flag_set/imm 4, 0;
    %ix/load 4, 0, 0; Constant delay
    %assign/vec4/a/d v000001aad1e2e8c0, 0, 4;
    %pushi/vec4 0, 0, 1;
    %ix/load 3, 3, 0;
    %flag_set/imm 4, 0;
    %ix/load 4, 0, 0; Constant delay
    %assign/vec4/a/d v000001aad1e2ef00, 0, 4;
    %jmp T_17.1;
T_17.0 ;
    %ix/load 4, 2, 0;
    %flag_set/imm 4, 0;
    %load/vec4a v000001aad1e2f0e0, 4;
    %ix/load 3, 3, 0;
    %flag_set/imm 4, 0;
    %ix/load 4, 0, 0; Constant delay
    %assign/vec4/a/d v000001aad1e2f0e0, 0, 4;
    %ix/load 4, 2, 0;
    %flag_set/imm 4, 0;
    %load/vec4a v000001aad1e2e8c0, 4;
    %ix/load 3, 3, 0;
    %flag_set/imm 4, 0;
    %ix/load 4, 0, 0; Constant delay
    %assign/vec4/a/d v000001aad1e2e8c0, 0, 4;
    %ix/load 4, 2, 0;
    %flag_set/imm 4, 0;
    %load/vec4a v000001aad1e2ef00, 4;
    %ix/load 3, 3, 0;
    %flag_set/imm 4, 0;
    %ix/load 4, 0, 0; Constant delay
    %assign/vec4/a/d v000001aad1e2ef00, 0, 4;
    %ix/load 4, 2, 0;
    %flag_set/imm 4, 0;
    %load/vec4a v000001aad1e2f2c0, 4;
    %ix/load 3, 3, 0;
    %flag_set/imm 4, 0;
    %ix/load 4, 0, 0; Constant delay
    %assign/vec4/a/d v000001aad1e2f2c0, 0, 4;
    %ix/load 4, 2, 0;
    %flag_set/imm 4, 0;
    %load/vec4a v000001aad1e2f040, 4;
    %ix/load 3, 3, 0;
    %flag_set/imm 4, 0;
    %ix/load 4, 0, 0; Constant delay
    %assign/vec4/a/d v000001aad1e2f040, 0, 4;
T_17.1 ;
    %jmp T_17;
    .thread T_17;
    .scope S_000001aad1a52770;
T_18 ;
    %wait E_000001aad1d0f380;
    %load/vec4 v000001aad1e303a0_0;
    %flag_set/vec4 8;
    %jmp/0xz  T_18.0, 8;
    %pushi/vec4 0, 0, 1;
    %assign/vec4 v000001aad1e308a0_0, 0;
    %jmp T_18.1;
T_18.0 ;
    %load/vec4 v000001aad1e308a0_0;
    %pad/u 32;
    %cmpi/e 1, 0, 32;
    %jmp/0xz  T_18.2, 4;
    %pushi/vec4 0, 0, 1;
    %assign/vec4 v000001aad1e308a0_0, 0;
    %jmp T_18.3;
T_18.2 ;
    %load/vec4 v000001aad1e2eaa0_0;
    %nor/r;
    %load/vec4 v000001aad1e2f220_0;
    %or;
    %load/vec4 v000001aad1e30440_0;
    %or;
    %flag_set/vec4 8;
    %jmp/0xz  T_18.4, 8;
    %load/vec4 v000001aad1e308a0_0;
    %pad/u 2;
    %addi 1, 0, 2;
    %pad/u 1;
    %assign/vec4 v000001aad1e308a0_0, 0;
T_18.4 ;
T_18.3 ;
T_18.1 ;
    %jmp T_18;
    .thread T_18;
    .scope S_000001aad1a52770;
T_19 ;
    %wait E_000001aad1d0f380;
    %load/vec4 v000001aad1e303a0_0;
    %flag_set/vec4 8;
    %jmp/0xz  T_19.0, 8;
    %pushi/vec4 0, 0, 1;
    %ix/load 3, 0, 0;
    %flag_set/imm 4, 0;
    %ix/load 4, 0, 0; Constant delay
    %assign/vec4/a/d v000001aad1e2e8c0, 0, 4;
    %pushi/vec4 0, 0, 1;
    %ix/load 3, 0, 0;
    %flag_set/imm 4, 0;
    %ix/load 4, 0, 0; Constant delay
    %assign/vec4/a/d v000001aad1e2ef00, 0, 4;
    %jmp T_19.1;
T_19.0 ;
    %load/vec4 v000001aad1e2f900_0;
    %ix/load 3, 0, 0;
    %flag_set/imm 4, 0;
    %ix/load 4, 0, 0; Constant delay
    %assign/vec4/a/d v000001aad1e2f0e0, 0, 4;
    %load/vec4 v000001aad1e2eaa0_0;
    %load/vec4 v000001aad1e2f220_0;
    %and;
    %ix/load 3, 0, 0;
    %flag_set/imm 4, 0;
    %ix/load 4, 0, 0; Constant delay
    %assign/vec4/a/d v000001aad1e2e8c0, 0, 4;
    %load/vec4 v000001aad1e2eaa0_0;
    %load/vec4 v000001aad1e30440_0;
    %and;
    %ix/load 3, 0, 0;
    %flag_set/imm 4, 0;
    %ix/load 4, 0, 0; Constant delay
    %assign/vec4/a/d v000001aad1e2ef00, 0, 4;
    %load/vec4 v000001aad1e30300_0;
    %ix/load 3, 0, 0;
    %flag_set/imm 4, 0;
    %ix/load 4, 0, 0; Constant delay
    %assign/vec4/a/d v000001aad1e2f2c0, 0, 4;
    %load/vec4 v000001aad1e30800_0;
    %ix/load 3, 0, 0;
    %flag_set/imm 4, 0;
    %ix/load 4, 0, 0; Constant delay
    %assign/vec4/a/d v000001aad1e2f040, 0, 4;
T_19.1 ;
    %jmp T_19;
    .thread T_19;
    .scope S_000001aad1a52770;
T_20 ;
    %wait E_000001aad1d0f380;
    %load/vec4 v000001aad1e2ee60_0;
    %load/vec4 v000001aad1e30d00_0;
    %parti/s 1, 0, 2;
    %and;
    %flag_set/vec4 8;
    %jmp/0xz  T_20.0, 8;
    %load/vec4 v000001aad1e2edc0_0;
    %parti/s 8, 0, 2;
    %load/vec4 v000001aad1e2ebe0_0;
    %addi 0, 0, 32;
    %ix/vec4 3;
    %ix/load 4, 0, 0; Constant delay
    %assign/vec4/a/d v000001aad1e2f7c0, 0, 4;
T_20.0 ;
    %load/vec4 v000001aad1e2ee60_0;
    %load/vec4 v000001aad1e30d00_0;
    %parti/s 1, 1, 2;
    %and;
    %flag_set/vec4 8;
    %jmp/0xz  T_20.2, 8;
    %load/vec4 v000001aad1e2edc0_0;
    %parti/s 8, 8, 5;
    %load/vec4 v000001aad1e2ebe0_0;
    %addi 1, 0, 32;
    %ix/vec4 3;
    %ix/load 4, 0, 0; Constant delay
    %assign/vec4/a/d v000001aad1e2f7c0, 0, 4;
T_20.2 ;
    %load/vec4 v000001aad1e2ee60_0;
    %load/vec4 v000001aad1e30d00_0;
    %parti/s 1, 2, 3;
    %and;
    %flag_set/vec4 8;
    %jmp/0xz  T_20.4, 8;
    %load/vec4 v000001aad1e2edc0_0;
    %parti/s 8, 16, 6;
    %load/vec4 v000001aad1e2ebe0_0;
    %addi 2, 0, 32;
    %ix/vec4 3;
    %ix/load 4, 0, 0; Constant delay
    %assign/vec4/a/d v000001aad1e2f7c0, 0, 4;
T_20.4 ;
    %load/vec4 v000001aad1e2ee60_0;
    %load/vec4 v000001aad1e30d00_0;
    %parti/s 1, 3, 3;
    %and;
    %flag_set/vec4 8;
    %jmp/0xz  T_20.6, 8;
    %load/vec4 v000001aad1e2edc0_0;
    %parti/s 8, 24, 6;
    %load/vec4 v000001aad1e2ebe0_0;
    %addi 3, 0, 32;
    %ix/vec4 3;
    %ix/load 4, 0, 0; Constant delay
    %assign/vec4/a/d v000001aad1e2f7c0, 0, 4;
T_20.6 ;
    %jmp T_20;
    .thread T_20;
    .scope S_000001aad1a520b0;
T_21 ;
    %wait E_000001aad1d0f380;
    %load/vec4 v000001aad1e2d740_0;
    %flag_set/vec4 8;
    %jmp/0xz  T_21.0, 8;
    %pushi/vec4 0, 0, 1;
    %ix/load 3, 1, 0;
    %flag_set/imm 4, 0;
    %ix/load 4, 0, 0; Constant delay
    %assign/vec4/a/d v000001aad1e2f9a0, 0, 4;
    %pushi/vec4 0, 0, 1;
    %ix/load 3, 1, 0;
    %flag_set/imm 4, 0;
    %ix/load 4, 0, 0; Constant delay
    %assign/vec4/a/d v000001aad1e2ff40, 0, 4;
    %jmp T_21.1;
T_21.0 ;
    %ix/load 4, 0, 0;
    %flag_set/imm 4, 0;
    %load/vec4a v000001aad1e2d060, 4;
    %ix/load 3, 1, 0;
    %flag_set/imm 4, 0;
    %ix/load 4, 0, 0; Constant delay
    %assign/vec4/a/d v000001aad1e2d060, 0, 4;
    %ix/load 4, 0, 0;
    %flag_set/imm 4, 0;
    %load/vec4a v000001aad1e2f9a0, 4;
    %ix/load 3, 1, 0;
    %flag_set/imm 4, 0;
    %ix/load 4, 0, 0; Constant delay
    %assign/vec4/a/d v000001aad1e2f9a0, 0, 4;
    %ix/load 4, 0, 0;
    %flag_set/imm 4, 0;
    %load/vec4a v000001aad1e2ff40, 4;
    %ix/load 3, 1, 0;
    %flag_set/imm 4, 0;
    %ix/load 4, 0, 0; Constant delay
    %assign/vec4/a/d v000001aad1e2ff40, 0, 4;
    %ix/load 4, 0, 0;
    %flag_set/imm 4, 0;
    %load/vec4a v000001aad1e2c0c0, 4;
    %ix/load 3, 1, 0;
    %flag_set/imm 4, 0;
    %ix/load 4, 0, 0; Constant delay
    %assign/vec4/a/d v000001aad1e2c0c0, 0, 4;
    %ix/load 4, 0, 0;
    %flag_set/imm 4, 0;
    %load/vec4a v000001aad1e2fea0, 4;
    %ix/load 3, 1, 0;
    %flag_set/imm 4, 0;
    %ix/load 4, 0, 0; Constant delay
    %assign/vec4/a/d v000001aad1e2fea0, 0, 4;
T_21.1 ;
    %jmp T_21;
    .thread T_21;
    .scope S_000001aad1a52240;
T_22 ;
    %wait E_000001aad1d0f380;
    %load/vec4 v000001aad1e2d740_0;
    %flag_set/vec4 8;
    %jmp/0xz  T_22.0, 8;
    %pushi/vec4 0, 0, 1;
    %ix/load 3, 2, 0;
    %flag_set/imm 4, 0;
    %ix/load 4, 0, 0; Constant delay
    %assign/vec4/a/d v000001aad1e2f9a0, 0, 4;
    %pushi/vec4 0, 0, 1;
    %ix/load 3, 2, 0;
    %flag_set/imm 4, 0;
    %ix/load 4, 0, 0; Constant delay
    %assign/vec4/a/d v000001aad1e2ff40, 0, 4;
    %jmp T_22.1;
T_22.0 ;
    %ix/load 4, 1, 0;
    %flag_set/imm 4, 0;
    %load/vec4a v000001aad1e2d060, 4;
    %ix/load 3, 2, 0;
    %flag_set/imm 4, 0;
    %ix/load 4, 0, 0; Constant delay
    %assign/vec4/a/d v000001aad1e2d060, 0, 4;
    %ix/load 4, 1, 0;
    %flag_set/imm 4, 0;
    %load/vec4a v000001aad1e2f9a0, 4;
    %ix/load 3, 2, 0;
    %flag_set/imm 4, 0;
    %ix/load 4, 0, 0; Constant delay
    %assign/vec4/a/d v000001aad1e2f9a0, 0, 4;
    %ix/load 4, 1, 0;
    %flag_set/imm 4, 0;
    %load/vec4a v000001aad1e2ff40, 4;
    %ix/load 3, 2, 0;
    %flag_set/imm 4, 0;
    %ix/load 4, 0, 0; Constant delay
    %assign/vec4/a/d v000001aad1e2ff40, 0, 4;
    %ix/load 4, 1, 0;
    %flag_set/imm 4, 0;
    %load/vec4a v000001aad1e2c0c0, 4;
    %ix/load 3, 2, 0;
    %flag_set/imm 4, 0;
    %ix/load 4, 0, 0; Constant delay
    %assign/vec4/a/d v000001aad1e2c0c0, 0, 4;
    %ix/load 4, 1, 0;
    %flag_set/imm 4, 0;
    %load/vec4a v000001aad1e2fea0, 4;
    %ix/load 3, 2, 0;
    %flag_set/imm 4, 0;
    %ix/load 4, 0, 0; Constant delay
    %assign/vec4/a/d v000001aad1e2fea0, 0, 4;
T_22.1 ;
    %jmp T_22;
    .thread T_22;
    .scope S_000001aad1a523d0;
T_23 ;
    %wait E_000001aad1d0f380;
    %load/vec4 v000001aad1e2d740_0;
    %flag_set/vec4 8;
    %jmp/0xz  T_23.0, 8;
    %pushi/vec4 0, 0, 1;
    %ix/load 3, 3, 0;
    %flag_set/imm 4, 0;
    %ix/load 4, 0, 0; Constant delay
    %assign/vec4/a/d v000001aad1e2f9a0, 0, 4;
    %pushi/vec4 0, 0, 1;
    %ix/load 3, 3, 0;
    %flag_set/imm 4, 0;
    %ix/load 4, 0, 0; Constant delay
    %assign/vec4/a/d v000001aad1e2ff40, 0, 4;
    %jmp T_23.1;
T_23.0 ;
    %ix/load 4, 2, 0;
    %flag_set/imm 4, 0;
    %load/vec4a v000001aad1e2d060, 4;
    %ix/load 3, 3, 0;
    %flag_set/imm 4, 0;
    %ix/load 4, 0, 0; Constant delay
    %assign/vec4/a/d v000001aad1e2d060, 0, 4;
    %ix/load 4, 2, 0;
    %flag_set/imm 4, 0;
    %load/vec4a v000001aad1e2f9a0, 4;
    %ix/load 3, 3, 0;
    %flag_set/imm 4, 0;
    %ix/load 4, 0, 0; Constant delay
    %assign/vec4/a/d v000001aad1e2f9a0, 0, 4;
    %ix/load 4, 2, 0;
    %flag_set/imm 4, 0;
    %load/vec4a v000001aad1e2ff40, 4;
    %ix/load 3, 3, 0;
    %flag_set/imm 4, 0;
    %ix/load 4, 0, 0; Constant delay
    %assign/vec4/a/d v000001aad1e2ff40, 0, 4;
    %ix/load 4, 2, 0;
    %flag_set/imm 4, 0;
    %load/vec4a v000001aad1e2c0c0, 4;
    %ix/load 3, 3, 0;
    %flag_set/imm 4, 0;
    %ix/load 4, 0, 0; Constant delay
    %assign/vec4/a/d v000001aad1e2c0c0, 0, 4;
    %ix/load 4, 2, 0;
    %flag_set/imm 4, 0;
    %load/vec4a v000001aad1e2fea0, 4;
    %ix/load 3, 3, 0;
    %flag_set/imm 4, 0;
    %ix/load 4, 0, 0; Constant delay
    %assign/vec4/a/d v000001aad1e2fea0, 0, 4;
T_23.1 ;
    %jmp T_23;
    .thread T_23;
    .scope S_000001aad1a133a0;
T_24 ;
    %wait E_000001aad1d0f380;
    %load/vec4 v000001aad1e2d740_0;
    %flag_set/vec4 8;
    %jmp/0xz  T_24.0, 8;
    %pushi/vec4 0, 0, 1;
    %assign/vec4 v000001aad1e2e780_0, 0;
    %jmp T_24.1;
T_24.0 ;
    %load/vec4 v000001aad1e2e780_0;
    %pad/u 32;
    %cmpi/e 1, 0, 32;
    %jmp/0xz  T_24.2, 4;
    %pushi/vec4 0, 0, 1;
    %assign/vec4 v000001aad1e2e780_0, 0;
    %jmp T_24.3;
T_24.2 ;
    %load/vec4 v000001aad1e30080_0;
    %nor/r;
    %load/vec4 v000001aad1e2e640_0;
    %or;
    %load/vec4 v000001aad1e2e6e0_0;
    %or;
    %flag_set/vec4 8;
    %jmp/0xz  T_24.4, 8;
    %load/vec4 v000001aad1e2e780_0;
    %pad/u 2;
    %addi 1, 0, 2;
    %pad/u 1;
    %assign/vec4 v000001aad1e2e780_0, 0;
T_24.4 ;
T_24.3 ;
T_24.1 ;
    %jmp T_24;
    .thread T_24;
    .scope S_000001aad1a133a0;
T_25 ;
    %wait E_000001aad1d0f380;
    %load/vec4 v000001aad1e2d740_0;
    %flag_set/vec4 8;
    %jmp/0xz  T_25.0, 8;
    %pushi/vec4 0, 0, 1;
    %ix/load 3, 0, 0;
    %flag_set/imm 4, 0;
    %ix/load 4, 0, 0; Constant delay
    %assign/vec4/a/d v000001aad1e2f9a0, 0, 4;
    %pushi/vec4 0, 0, 1;
    %ix/load 3, 0, 0;
    %flag_set/imm 4, 0;
    %ix/load 4, 0, 0; Constant delay
    %assign/vec4/a/d v000001aad1e2ff40, 0, 4;
    %jmp T_25.1;
T_25.0 ;
    %load/vec4 v000001aad1e2c660_0;
    %ix/load 3, 0, 0;
    %flag_set/imm 4, 0;
    %ix/load 4, 0, 0; Constant delay
    %assign/vec4/a/d v000001aad1e2d060, 0, 4;
    %load/vec4 v000001aad1e30080_0;
    %load/vec4 v000001aad1e2e640_0;
    %and;
    %ix/load 3, 0, 0;
    %flag_set/imm 4, 0;
    %ix/load 4, 0, 0; Constant delay
    %assign/vec4/a/d v000001aad1e2f9a0, 0, 4;
    %load/vec4 v000001aad1e30080_0;
    %load/vec4 v000001aad1e2e6e0_0;
    %and;
    %ix/load 3, 0, 0;
    %flag_set/imm 4, 0;
    %ix/load 4, 0, 0; Constant delay
    %assign/vec4/a/d v000001aad1e2ff40, 0, 4;
    %load/vec4 v000001aad1e2c480_0;
    %ix/load 3, 0, 0;
    %flag_set/imm 4, 0;
    %ix/load 4, 0, 0; Constant delay
    %assign/vec4/a/d v000001aad1e2c0c0, 0, 4;
    %load/vec4 v000001aad1e2d100_0;
    %ix/load 3, 0, 0;
    %flag_set/imm 4, 0;
    %ix/load 4, 0, 0; Constant delay
    %assign/vec4/a/d v000001aad1e2fea0, 0, 4;
T_25.1 ;
    %jmp T_25;
    .thread T_25;
    .scope S_000001aad1a133a0;
T_26 ;
    %wait E_000001aad1d0f380;
    %load/vec4 v000001aad1e309e0_0;
    %load/vec4 v000001aad1e2e820_0;
    %parti/s 1, 0, 2;
    %and;
    %flag_set/vec4 8;
    %jmp/0xz  T_26.0, 8;
    %load/vec4 v000001aad1e2f720_0;
    %parti/s 8, 0, 2;
    %load/vec4 v000001aad1e304e0_0;
    %addi 0, 0, 32;
    %ix/vec4 3;
    %ix/load 4, 0, 0; Constant delay
    %assign/vec4/a/d v000001aad1e2cac0, 0, 4;
T_26.0 ;
    %load/vec4 v000001aad1e309e0_0;
    %load/vec4 v000001aad1e2e820_0;
    %parti/s 1, 1, 2;
    %and;
    %flag_set/vec4 8;
    %jmp/0xz  T_26.2, 8;
    %load/vec4 v000001aad1e2f720_0;
    %parti/s 8, 8, 5;
    %load/vec4 v000001aad1e304e0_0;
    %addi 1, 0, 32;
    %ix/vec4 3;
    %ix/load 4, 0, 0; Constant delay
    %assign/vec4/a/d v000001aad1e2cac0, 0, 4;
T_26.2 ;
    %load/vec4 v000001aad1e309e0_0;
    %load/vec4 v000001aad1e2e820_0;
    %parti/s 1, 2, 3;
    %and;
    %flag_set/vec4 8;
    %jmp/0xz  T_26.4, 8;
    %load/vec4 v000001aad1e2f720_0;
    %parti/s 8, 16, 6;
    %load/vec4 v000001aad1e304e0_0;
    %addi 2, 0, 32;
    %ix/vec4 3;
    %ix/load 4, 0, 0; Constant delay
    %assign/vec4/a/d v000001aad1e2cac0, 0, 4;
T_26.4 ;
    %load/vec4 v000001aad1e309e0_0;
    %load/vec4 v000001aad1e2e820_0;
    %parti/s 1, 3, 3;
    %and;
    %flag_set/vec4 8;
    %jmp/0xz  T_26.6, 8;
    %load/vec4 v000001aad1e2f720_0;
    %parti/s 8, 24, 6;
    %load/vec4 v000001aad1e304e0_0;
    %addi 3, 0, 32;
    %ix/vec4 3;
    %ix/load 4, 0, 0; Constant delay
    %assign/vec4/a/d v000001aad1e2cac0, 0, 4;
T_26.6 ;
    %jmp T_26;
    .thread T_26;
    .scope S_000001aad1d49f00;
T_27 ;
    %pushi/vec4 1, 0, 1;
    %store/vec4 v000001aad1e2fae0_0, 0, 1;
    %pushi/vec4 0, 0, 1;
    %store/vec4 v000001aad1e32e20_0, 0, 1;
    %vpi_call 2 125 "$display", "Loading program." {0 0 0};
    %pushi/vec4 0, 0, 32;
    %store/vec4 v000001aad1e31fc0_0, 0, 32;
T_27.0 ;
    %load/vec4 v000001aad1e31fc0_0;
    %cmpi/s 1024, 0, 32;
    %jmp/0xz T_27.1, 5;
    %pushi/vec4 0, 0, 8;
    %ix/getv/s 4, v000001aad1e31fc0_0;
    %store/vec4a v000001aad1e2f7c0, 4, 0;
    %pushi/vec4 0, 0, 8;
    %ix/getv/s 4, v000001aad1e31fc0_0;
    %store/vec4a v000001aad1e2cac0, 4, 0;
    %load/vec4 v000001aad1e31fc0_0;
    %addi 1, 0, 32;
    %store/vec4 v000001aad1e31fc0_0, 0, 32;
    %jmp T_27.0;
T_27.1 ;
    %vpi_call 2 130 "$readmemh", "program.mem", v000001aad1e2f7c0 {0 0 0};
    %vpi_call 2 133 "$display", "Resetting hart." {0 0 0};
    %wait E_000001aad1d0f6c0;
    %pushi/vec4 1, 0, 1;
    %store/vec4 v000001aad1e32e20_0, 0, 1;
    %wait E_000001aad1d0f6c0;
    %wait E_000001aad1d0f6c0;
    %wait E_000001aad1d0f6c0;
    %pushi/vec4 0, 0, 1;
    %store/vec4 v000001aad1e32e20_0, 0, 1;
    %vpi_call 2 139 "$display", "%-10s %-8s %-14s %-14s %s", "PC", "Inst", "rs1", "rs2", "[rd, load, store]" {0 0 0};
    %pushi/vec4 0, 0, 32;
    %store/vec4 v000001aad1e32ce0_0, 0, 32;
    %pushi/vec4 1, 0, 32;
    %store/vec4 v000001aad1e32ec0_0, 0, 32;
    %pushi/vec4 0, 0, 32;
    %store/vec4 v000001aad1e317a0_0, 0, 32;
T_27.2 ;
    %load/vec4 v000001aad1e32ec0_0;
    %or/r;
    %flag_set/vec4 8;
    %jmp/0xz T_27.3, 8;
    %wait E_000001aad1d0f380;
    %load/vec4 v000001aad1e32ce0_0;
    %addi 1, 0, 32;
    %store/vec4 v000001aad1e32ce0_0, 0, 32;
    %load/vec4 v000001aad1e33500_0;
    %flag_set/vec4 8;
    %jmp/0xz  T_27.4, 8;
    %load/vec4 v000001aad1e317a0_0;
    %addi 1, 0, 32;
    %store/vec4 v000001aad1e317a0_0, 0, 32;
    %load/vec4 v000001aad1e31c00_0;
    %parti/s 4, 0, 2;
    %cmpi/e 7, 0, 4;
    %jmp/1 T_27.9, 4;
    %flag_mov 8, 4;
    %load/vec4 v000001aad1e31c00_0;
    %parti/s 7, 0, 2;
    %cmpi/e 115, 0, 7;
    %flag_or 4, 8;
T_27.9;
    %jmp/1 T_27.8, 4;
    %flag_mov 8, 4;
    %load/vec4 v000001aad1e31c00_0;
    %parti/s 7, 0, 2;
    %cmpi/e 111, 0, 7;
    %flag_or 4, 8;
T_27.8;
    %jmp/0xz  T_27.6, 4;
    %vpi_call 2 152 "$write", "[%08h] %08h r[--]=-------- r[--]=--------", v000001aad1e33460_0, v000001aad1e31c00_0 {0 0 0};
    %jmp T_27.7;
T_27.6 ;
    %load/vec4 v000001aad1e31c00_0;
    %parti/s 7, 0, 2;
    %cmpi/e 19, 0, 7;
    %jmp/1 T_27.13, 4;
    %flag_mov 8, 4;
    %load/vec4 v000001aad1e31c00_0;
    %parti/s 7, 0, 2;
    %cmpi/e 3, 0, 7;
    %flag_or 4, 8;
T_27.13;
    %jmp/1 T_27.12, 4;
    %flag_mov 8, 4;
    %load/vec4 v000001aad1e31c00_0;
    %parti/s 7, 0, 2;
    %cmpi/e 103, 0, 7;
    %flag_or 4, 8;
T_27.12;
    %jmp/0xz  T_27.10, 4;
    %vpi_call 2 155 "$write", "[%08h] %08h r[%d]=%08h r[--]=--------", v000001aad1e33460_0, v000001aad1e31c00_0, v000001aad1e31f20_0, v000001aad1e31340_0 {0 0 0};
    %jmp T_27.11;
T_27.10 ;
    %vpi_call 2 157 "$write", "[%08h] %08h r[%d]=%08h r[%d]=%08h", v000001aad1e33460_0, v000001aad1e31c00_0, v000001aad1e31f20_0, v000001aad1e31340_0, v000001aad1e32380_0, v000001aad1e32d80_0 {0 0 0};
T_27.11 ;
T_27.7 ;
    %load/vec4 v000001aad1e32240_0;
    %cmpi/ne 0, 0, 5;
    %jmp/0xz  T_27.14, 4;
    %vpi_call 2 161 "$write", " w[%d]=%08h", v000001aad1e32240_0, v000001aad1e322e0_0 {0 0 0};
T_27.14 ;
    %load/vec4 v000001aad1e312a0_0;
    %flag_set/vec4 8;
    %jmp/0xz  T_27.16, 8;
    %vpi_call 2 164 "$write", " l[%08h,%04b]=%08h", v000001aad1e324c0_0, v000001aad1e327e0_0, v000001aad1e31160_0 {0 0 0};
T_27.16 ;
    %load/vec4 v000001aad1e31d40_0;
    %flag_set/vec4 8;
    %jmp/0xz  T_27.18, 8;
    %vpi_call 2 166 "$write", " s[%08h,%04b]=%08h", v000001aad1e324c0_0, v000001aad1e327e0_0, v000001aad1e31480_0 {0 0 0};
T_27.18 ;
    %load/vec4 v000001aad1e32880_0;
    %flag_set/vec4 8;
    %jmp/0xz  T_27.20, 8;
    %vpi_call 2 169 "$write", " TRAP" {0 0 0};
T_27.20 ;
    %vpi_call 2 170 "$display" {0 0 0};
    %load/vec4 v000001aad1e33280_0;
    %flag_set/vec4 8;
    %jmp/0xz  T_27.22, 8;
    %pushi/vec4 0, 0, 32;
    %store/vec4 v000001aad1e32ec0_0, 0, 32;
T_27.22 ;
T_27.4 ;
    %load/vec4 v000001aad1e32ce0_0;
    %cmpi/s 40000, 0, 32;
    %flag_or 5, 4; GT is !LE
    %flag_inv 5;
    %jmp/0xz  T_27.24, 5;
    %vpi_call 2 177 "$display", "Program did not halt after 40000 cycles, aborting." {0 0 0};
    %pushi/vec4 0, 0, 32;
    %store/vec4 v000001aad1e32ec0_0, 0, 32;
T_27.24 ;
    %jmp T_27.2;
T_27.3 ;
    %vpi_call 2 182 "$display", "Program halted after %d cycles.", v000001aad1e32ce0_0 {0 0 0};
    %vpi_call 2 183 "$display", "Total instructions retired: %d", v000001aad1e317a0_0 {0 0 0};
    %load/vec4 v000001aad1e317a0_0;
    %cmpi/e 0, 0, 32;
    %jmp/0xz  T_27.26, 4;
    %vpi_call 2 185 "$display", "CPI: invalid (no instructions retired)" {0 0 0};
    %jmp T_27.27;
T_27.26 ;
    %load/vec4 v000001aad1e32ce0_0;
    %cvt/rv/s;
    %pushi/real 1073741824, 4066; load=1.00000
    %load/vec4 v000001aad1e317a0_0;
    %cvt/rv/s;
    %mul/wr;
    %div/wr;
    %vpi_call 2 187 "$display", "CPI: %f", W<0,r> {0 1 0};
T_27.27 ;
    %vpi_call 2 188 "$finish" {0 0 0};
    %end;
    .thread T_27;
    .scope S_000001aad1d49f00;
T_28 ;
    %pushi/vec4 0, 0, 32;
    %store/vec4 v000001aad1e33000_0, 0, 32;
T_28.0 ;
    %load/vec4 v000001aad1e33000_0;
    %cmpi/s 40000, 0, 32;
    %jmp/0xz T_28.1, 5;
    %wait E_000001aad1d0f380;
    %load/vec4 v000001aad1e33000_0;
    %addi 1, 0, 32;
    %store/vec4 v000001aad1e33000_0, 0, 32;
    %jmp T_28.0;
T_28.1 ;
    %vpi_call 2 197 "$finish" {0 0 0};
    %end;
    .thread T_28;
    .scope S_000001aad1d49f00;
T_29 ;
    %delay 5000, 0;
    %load/vec4 v000001aad1e2fae0_0;
    %inv;
    %store/vec4 v000001aad1e2fae0_0, 0, 1;
    %jmp T_29;
    .thread T_29;
# The file index is used to find the file name in the following table.
:file_names 14;
    "N/A";
    "<interactive>";
    "tb/tb.v";
    "rtl/hart.v";
    "rtl/cache.v";
    "rtl/decode.v";
    "lib/imm.v";
    "lib/rf.v";
    "rtl/execute.v";
    "lib/alu.v";
    "lib/alu_control_unit.v";
    "rtl/memory.v";
    "rtl/writeback.v";
    "rtl/tb_memory.v";
