#! /c/Source/iverilog-install/bin/vvp
:ivl_version "12.0 (devel)" "(s20150603-1539-g2693dd32b)";
:ivl_delay_selection "TYPICAL";
:vpi_time_precision - 12;
:vpi_module "D:\iverilog\lib\ivl\system.vpi";
:vpi_module "D:\iverilog\lib\ivl\vhdl_sys.vpi";
:vpi_module "D:\iverilog\lib\ivl\vhdl_textio.vpi";
:vpi_module "D:\iverilog\lib\ivl\v2005_math.vpi";
:vpi_module "D:\iverilog\lib\ivl\va_math.vpi";
S_000001bdf6447130 .scope module, "hart_tb" "hart_tb" 2 2;
 .timescale -9 -12;
P_000001bdf64004b0 .param/l "DEBUG" 0 2 3, +C4<00000000000000000000000000000000>;
L_000001bdf6560e00 .functor BUFZ 1, L_000001bdf6560c40, C4<0>, C4<0>, C4<0>;
v000001bdf64ce730_0 .var "clk", 0 0;
v000001bdf64cd3d0_0 .var/i "cycles", 31 0;
v000001bdf64cc930_0 .net "dmem_addr", 31 0, L_000001bdf655e550;  1 drivers
v000001bdf64cc9d0_0 .net "dmem_mask", 3 0, L_000001bdf64e26a0;  1 drivers
v000001bdf64cca70_0 .net "dmem_rdata", 31 0, L_000001bdf6560a80;  1 drivers
v000001bdf64cd470_0 .net "dmem_ready", 0 0, L_000001bdf65618f0;  1 drivers
v000001bdf64cd150_0 .net "dmem_ren", 0 0, L_000001bdf655f890;  1 drivers
v000001bdf64ccb10_0 .net "dmem_rvalid", 0 0, L_000001bdf6560c40;  1 drivers
v000001bdf64ccbb0_0 .net "dmem_valid", 0 0, L_000001bdf6560e00;  1 drivers
v000001bdf64cd650_0 .net "dmem_wdata", 31 0, L_000001bdf655e710;  1 drivers
v000001bdf64cd1f0_0 .net "dmem_wdone", 0 0, L_000001bdf65613b0;  1 drivers
v000001bdf64cd330_0 .net "dmem_wen", 0 0, L_000001bdf655feb0;  1 drivers
v000001bdf64cdb50_0 .net "halt", 0 0, L_000001bdf655ff20;  1 drivers
v000001bdf64cd830_0 .var/i "i", 31 0;
v000001bdf64cdab0_0 .net "imem_raddr", 31 0, L_000001bdf655a4e0;  1 drivers
v000001bdf64cdfb0_0 .net "imem_rdata", 31 0, L_000001bdf6561ab0;  1 drivers
v000001bdf64ce050_0 .net "imem_ready", 0 0, L_000001bdf6560150;  1 drivers
v000001bdf64ce190_0 .net "imem_ren", 0 0, L_000001bdf655ab00;  1 drivers
v000001bdf64e4040_0 .net "imem_valid", 0 0, L_000001bdf65603f0;  1 drivers
v000001bdf64e3640_0 .net "inst", 31 0, L_000001bdf655f200;  1 drivers
v000001bdf64e4180_0 .net "next_pc", 31 0, L_000001bdf655f580;  1 drivers
v000001bdf64e3820_0 .var/i "num_instructions", 31 0;
v000001bdf64e3280_0 .net "pc", 31 0, L_000001bdf655fc80;  1 drivers
v000001bdf64e3d20_0 .net "rd_waddr", 4 0, L_000001bdf6578980;  1 drivers
v000001bdf64e4c20_0 .net "rd_wdata", 31 0, L_000001bdf655f190;  1 drivers
v000001bdf64e49a0_0 .net "retire_dmem_addr", 31 0, L_000001bdf655f270;  1 drivers
v000001bdf64e4ae0_0 .net "retire_dmem_mask", 3 0, L_000001bdf655fc10;  1 drivers
v000001bdf64e3e60_0 .net "retire_dmem_rdata", 31 0, L_000001bdf6560070;  1 drivers
v000001bdf64e51c0_0 .net "retire_dmem_ren", 0 0, L_000001bdf655f2e0;  1 drivers
v000001bdf64e4b80_0 .net "retire_dmem_wdata", 31 0, L_000001bdf655f4a0;  1 drivers
v000001bdf64e4220_0 .net "retire_dmem_wen", 0 0, L_000001bdf65600e0;  1 drivers
v000001bdf64e3500_0 .net "rs1_raddr", 4 0, L_000001bdf655f350;  1 drivers
v000001bdf64e4cc0_0 .net "rs1_rdata", 31 0, L_000001bdf655ebe0;  1 drivers
v000001bdf64e4900_0 .net "rs2_raddr", 4 0, L_000001bdf655e8d0;  1 drivers
v000001bdf64e36e0_0 .net "rs2_rdata", 31 0, L_000001bdf655ff90;  1 drivers
v000001bdf64e3fa0_0 .var "rst", 0 0;
v000001bdf64e4e00_0 .var/i "run", 31 0;
v000001bdf64e5260_0 .net "trap", 0 0, L_000001bdf655fba0;  1 drivers
v000001bdf64e3be0_0 .net "valid", 0 0, L_000001bdf655e7f0;  1 drivers
v000001bdf64e3f00_0 .var/i "watchdog", 31 0;
E_000001bdf6400930 .event negedge, v000001bdf64a98e0_0;
S_000001bdf6260f70 .scope module, "dut" "hart" 2 34, 3 3 0, S_000001bdf6447130;
 .timescale -9 -12;
    .port_info 0 /INPUT 1 "i_clk";
    .port_info 1 /INPUT 1 "i_rst";
    .port_info 2 /INPUT 1 "i_imem_ready";
    .port_info 3 /OUTPUT 32 "o_imem_raddr";
    .port_info 4 /OUTPUT 1 "o_imem_ren";
    .port_info 5 /INPUT 1 "i_imem_valid";
    .port_info 6 /INPUT 32 "i_imem_rdata";
    .port_info 7 /INPUT 1 "i_dmem_ready";
    .port_info 8 /OUTPUT 32 "o_dmem_addr";
    .port_info 9 /OUTPUT 1 "o_dmem_ren";
    .port_info 10 /OUTPUT 1 "o_dmem_wen";
    .port_info 11 /OUTPUT 32 "o_dmem_wdata";
    .port_info 12 /OUTPUT 4 "o_dmem_mask";
    .port_info 13 /INPUT 1 "i_dmem_valid";
    .port_info 14 /INPUT 32 "i_dmem_rdata";
    .port_info 15 /OUTPUT 1 "o_retire_valid";
    .port_info 16 /OUTPUT 32 "o_retire_inst";
    .port_info 17 /OUTPUT 1 "o_retire_trap";
    .port_info 18 /OUTPUT 1 "o_retire_halt";
    .port_info 19 /OUTPUT 5 "o_retire_rs1_raddr";
    .port_info 20 /OUTPUT 5 "o_retire_rs2_raddr";
    .port_info 21 /OUTPUT 32 "o_retire_rs1_rdata";
    .port_info 22 /OUTPUT 32 "o_retire_rs2_rdata";
    .port_info 23 /OUTPUT 5 "o_retire_rd_waddr";
    .port_info 24 /OUTPUT 32 "o_retire_rd_wdata";
    .port_info 25 /OUTPUT 32 "o_retire_dmem_addr";
    .port_info 26 /OUTPUT 4 "o_retire_dmem_mask";
    .port_info 27 /OUTPUT 1 "o_retire_dmem_ren";
    .port_info 28 /OUTPUT 1 "o_retire_dmem_wen";
    .port_info 29 /OUTPUT 32 "o_retire_dmem_rdata";
    .port_info 30 /OUTPUT 32 "o_retire_dmem_wdata";
    .port_info 31 /OUTPUT 32 "o_retire_pc";
    .port_info 32 /OUTPUT 32 "o_retire_next_pc";
P_000001bdf6401ab0 .param/l "RESET_ADDR" 0 3 6, C4<00000000000000000000000000000000>;
L_000001bdf655b2e0 .functor BUFZ 32, v000001bdf64c9cd0_0, C4<00000000000000000000000000000000>, C4<00000000000000000000000000000000>, C4<00000000000000000000000000000000>;
L_000001bdf6559d70 .functor BUFZ 32, L_000001bdf63d09b0, C4<00000000000000000000000000000000>, C4<00000000000000000000000000000000>, C4<00000000000000000000000000000000>;
L_000001bdf655afd0 .functor NOT 1, L_000001bdf6558db0, C4<0>, C4<0>, C4<0>;
L_000001bdf655a080 .functor AND 1, v000001bdf64d4c70_0, L_000001bdf655afd0, C4<1>, C4<1>;
L_000001bdf65598a0 .functor NOT 1, L_000001bdf655f970, C4<0>, C4<0>, C4<0>;
L_000001bdf6559c90 .functor AND 1, L_000001bdf655a080, L_000001bdf65598a0, C4<1>, C4<1>;
L_000001bdf655af60 .functor NOT 1, L_000001bdf655ccd0, C4<0>, C4<0>, C4<0>;
L_000001bdf655ada0 .functor AND 1, L_000001bdf6559c90, L_000001bdf655af60, C4<1>, C4<1>;
L_000001bdf6559830 .functor NOT 1, v000001bdf64d4c70_0, C4<0>, C4<0>, C4<0>;
L_000001bdf6559750 .functor OR 1, L_000001bdf6559830, L_000001bdf655ada0, C4<0>, C4<0>;
L_000001bdf655abe0 .functor NOT 1, v000001bdf64d1750_0, C4<0>, C4<0>, C4<0>;
L_000001bdf655a240 .functor NOT 1, v000001bdf64d4630_0, C4<0>, C4<0>, C4<0>;
L_000001bdf655b040 .functor AND 1, L_000001bdf655abe0, L_000001bdf655a240, C4<1>, C4<1>;
L_000001bdf6559910 .functor AND 1, L_000001bdf655b040, L_000001bdf6559750, C4<1>, C4<1>;
L_000001bdf6559b40 .functor NOT 1, L_000001bdf655ccd0, C4<0>, C4<0>, C4<0>;
L_000001bdf655a0f0 .functor AND 1, L_000001bdf6559910, L_000001bdf6559b40, C4<1>, C4<1>;
L_000001bdf655a390 .functor NOT 1, L_000001bdf63d1120, C4<0>, C4<0>, C4<0>;
L_000001bdf655b190 .functor AND 1, v000001bdf64d4630_0, L_000001bdf655a390, C4<1>, C4<1>;
L_000001bdf6559980 .functor NOT 1, L_000001bdf63d1120, C4<0>, C4<0>, C4<0>;
L_000001bdf655aa20 .functor AND 1, L_000001bdf655a0f0, L_000001bdf6559980, C4<1>, C4<1>;
L_000001bdf655a6a0 .functor NOT 1, v000001bdf64d46d0_0, C4<0>, C4<0>, C4<0>;
L_000001bdf6559bb0 .functor AND 1, L_000001bdf655b190, L_000001bdf655a6a0, C4<1>, C4<1>;
L_000001bdf655b270 .functor NOT 1, L_000001bdf655ccd0, C4<0>, C4<0>, C4<0>;
L_000001bdf655b0b0 .functor AND 1, L_000001bdf6559bb0, L_000001bdf655b270, C4<1>, C4<1>;
L_000001bdf6559de0 .functor OR 1, L_000001bdf655aa20, L_000001bdf655b0b0, C4<0>, C4<0>;
L_000001bdf655a4e0 .functor BUFZ 32, L_000001bdf64e7880, C4<00000000000000000000000000000000>, C4<00000000000000000000000000000000>, C4<00000000000000000000000000000000>;
L_000001bdf655ab00 .functor BUFZ 1, L_000001bdf63d12e0, C4<0>, C4<0>, C4<0>;
L_000001bdf65597c0 .functor BUFZ 1, L_000001bdf6559de0, C4<0>, C4<0>, C4<0>;
L_000001bdf655a710 .functor BUFZ 32, L_000001bdf64eac60, C4<00000000000000000000000000000000>, C4<00000000000000000000000000000000>, C4<00000000000000000000000000000000>;
L_000001bdf655ae10 .functor BUFZ 32, L_000001bdf6559d70, C4<00000000000000000000000000000000>, C4<00000000000000000000000000000000>, C4<00000000000000000000000000000000>;
L_000001bdf65583a0 .functor OR 1, L_000001bdf64de3c0, L_000001bdf64df360, C4<0>, C4<0>;
L_000001bdf6558250 .functor OR 1, L_000001bdf65583a0, L_000001bdf64de5a0, C4<0>, C4<0>;
L_000001bdf65589c0 .functor OR 1, L_000001bdf6558250, L_000001bdf64dffe0, C4<0>, C4<0>;
L_000001bdf65586b0 .functor OR 1, L_000001bdf65589c0, L_000001bdf64df0e0, C4<0>, C4<0>;
L_000001bdf65590c0 .functor OR 1, L_000001bdf65586b0, L_000001bdf64df5e0, C4<0>, C4<0>;
L_000001bdf6558330 .functor OR 1, L_000001bdf64e0080, L_000001bdf64dfe00, C4<0>, C4<0>;
L_000001bdf6558410 .functor OR 1, L_000001bdf6558330, L_000001bdf64dfae0, C4<0>, C4<0>;
L_000001bdf6559440 .functor OR 1, L_000001bdf64de280, L_000001bdf64df400, C4<0>, C4<0>;
L_000001bdf6557e60 .functor AND 1, v000001bdf64d4c70_0, v000001bdf64d5710_0, C4<1>, C4<1>;
L_000001bdf65593d0 .functor AND 1, L_000001bdf6557e60, v000001bdf64d3730_0, C4<1>, C4<1>;
L_000001bdf6558720 .functor AND 1, L_000001bdf65593d0, L_000001bdf64e08a0, C4<1>, C4<1>;
L_000001bdf6558100 .functor AND 1, L_000001bdf65590c0, L_000001bdf64dfb80, C4<1>, C4<1>;
L_000001bdf6558950 .functor AND 1, L_000001bdf6559440, L_000001bdf64df4a0, C4<1>, C4<1>;
L_000001bdf6558b10 .functor OR 1, L_000001bdf6558100, L_000001bdf6558950, C4<0>, C4<0>;
L_000001bdf6558020 .functor AND 1, L_000001bdf6558720, L_000001bdf6558b10, C4<1>, C4<1>;
L_000001bdf64ee5a8 .functor BUFT 1, C4<0>, C4<0>, C4<0>, C4<0>;
L_000001bdf6557f40 .functor OR 1, L_000001bdf6558020, L_000001bdf64ee5a8, C4<0>, C4<0>;
L_000001bdf64ee5f0 .functor BUFT 1, C4<0>, C4<0>, C4<0>, C4<0>;
L_000001bdf6558db0 .functor OR 1, L_000001bdf6557f40, L_000001bdf64ee5f0, C4<0>, C4<0>;
L_000001bdf6559130 .functor BUFZ 1, v000001bdf64d4c70_0, C4<0>, C4<0>, C4<0>;
L_000001bdf6559210 .functor BUFZ 32, v000001bdf64d5fd0_0, C4<00000000000000000000000000000000>, C4<00000000000000000000000000000000>, C4<00000000000000000000000000000000>;
L_000001bdf6558e20 .functor BUFZ 32, v000001bdf64d4e50_0, C4<00000000000000000000000000000000>, C4<00000000000000000000000000000000>, C4<00000000000000000000000000000000>;
L_000001bdf6557fb0 .functor BUFZ 32, v000001bdf64d3a50_0, C4<00000000000000000000000000000000>, C4<00000000000000000000000000000000>, C4<00000000000000000000000000000000>;
L_000001bdf65582c0 .functor BUFZ 5, L_000001bdf655b510, C4<00000>, C4<00000>, C4<00000>;
L_000001bdf6557c30 .functor BUFZ 5, L_000001bdf655ba50, C4<00000>, C4<00000>, C4<00000>;
L_000001bdf6558560 .functor BUFZ 5, L_000001bdf64dbd00, C4<00000>, C4<00000>, C4<00000>;
L_000001bdf6559520 .functor BUFZ 32, L_000001bdf655b350, C4<00000000000000000000000000000000>, C4<00000000000000000000000000000000>, C4<00000000000000000000000000000000>;
L_000001bdf6558f00 .functor BUFZ 32, L_000001bdf655b3c0, C4<00000000000000000000000000000000>, C4<00000000000000000000000000000000>, C4<00000000000000000000000000000000>;
L_000001bdf6558b80 .functor BUFZ 32, L_000001bdf64e03a0, C4<00000000000000000000000000000000>, C4<00000000000000000000000000000000>, C4<00000000000000000000000000000000>;
L_000001bdf65594b0 .functor BUFZ 1, L_000001bdf6559e50, C4<0>, C4<0>, C4<0>;
L_000001bdf6558aa0 .functor BUFZ 1, L_000001bdf6559f30, C4<0>, C4<0>, C4<0>;
L_000001bdf6559600 .functor BUFZ 3, L_000001bdf64dbbc0, C4<000>, C4<000>, C4<000>;
L_000001bdf6557bc0 .functor BUFZ 1, L_000001bdf655acc0, C4<0>, C4<0>, C4<0>;
L_000001bdf6558bf0 .functor BUFZ 1, L_000001bdf655ae80, C4<0>, C4<0>, C4<0>;
L_000001bdf65585d0 .functor BUFZ 1, L_000001bdf655a320, C4<0>, C4<0>, C4<0>;
L_000001bdf6559280 .functor BUFZ 1, L_000001bdf6559fa0, C4<0>, C4<0>, C4<0>;
L_000001bdf6558e90 .functor BUFZ 1, L_000001bdf655a010, C4<0>, C4<0>, C4<0>;
L_000001bdf6557ca0 .functor BUFZ 1, L_000001bdf655b970, C4<0>, C4<0>, C4<0>;
L_000001bdf6559360 .functor BUFZ 1, L_000001bdf655b900, C4<0>, C4<0>, C4<0>;
L_000001bdf6558170 .functor BUFZ 1, L_000001bdf655b5f0, C4<0>, C4<0>, C4<0>;
L_000001bdf6559050 .functor BUFZ 1, L_000001bdf6559d00, C4<0>, C4<0>, C4<0>;
L_000001bdf6558090 .functor BUFZ 1, L_000001bdf655a9b0, C4<0>, C4<0>, C4<0>;
L_000001bdf6558480 .functor BUFZ 32, L_000001bdf6578480, C4<00000000000000000000000000000000>, C4<00000000000000000000000000000000>, C4<00000000000000000000000000000000>;
L_000001bdf6558f70 .functor AND 1, v000001bdf64d5710_0, v000001bdf64d2970_0, C4<1>, C4<1>;
L_000001bdf6557d80 .functor AND 1, L_000001bdf6558f70, v000001bdf64d07b0_0, C4<1>, C4<1>;
L_000001bdf6558fe0 .functor NOT 1, v000001bdf64cecd0_0, C4<0>, C4<0>, C4<0>;
L_000001bdf65591a0 .functor AND 1, L_000001bdf6557d80, L_000001bdf6558fe0, C4<1>, C4<1>;
L_000001bdf65592f0 .functor AND 1, L_000001bdf65591a0, L_000001bdf64dfa40, C4<1>, C4<1>;
L_000001bdf6559670 .functor AND 1, L_000001bdf65592f0, L_000001bdf64dfcc0, C4<1>, C4<1>;
L_000001bdf65596e0 .functor AND 1, v000001bdf64d5710_0, v000001bdf64d2970_0, C4<1>, C4<1>;
L_000001bdf6558790 .functor AND 1, L_000001bdf65596e0, v000001bdf64d07b0_0, C4<1>, C4<1>;
L_000001bdf65584f0 .functor NOT 1, v000001bdf64cecd0_0, C4<0>, C4<0>, C4<0>;
L_000001bdf6557b50 .functor AND 1, L_000001bdf6558790, L_000001bdf65584f0, C4<1>, C4<1>;
L_000001bdf65581e0 .functor AND 1, L_000001bdf6557b50, L_000001bdf64dec80, C4<1>, C4<1>;
L_000001bdf65588e0 .functor AND 1, L_000001bdf65581e0, L_000001bdf64de6e0, C4<1>, C4<1>;
L_000001bdf6557ed0 .functor AND 1, v000001bdf64d5710_0, v000001bdf64d8af0_0, C4<1>, C4<1>;
L_000001bdf6557df0 .functor AND 1, L_000001bdf6557ed0, v000001bdf64d70b0_0, C4<1>, C4<1>;
L_000001bdf6557d10 .functor AND 1, L_000001bdf6557df0, L_000001bdf64de960, C4<1>, C4<1>;
L_000001bdf6558800 .functor NOT 1, L_000001bdf6559670, C4<0>, C4<0>, C4<0>;
L_000001bdf6558870 .functor AND 1, L_000001bdf6557d10, L_000001bdf6558800, C4<1>, C4<1>;
L_000001bdf6558a30 .functor AND 1, L_000001bdf6558870, L_000001bdf64e0300, C4<1>, C4<1>;
L_000001bdf655dd00 .functor AND 1, v000001bdf64d5710_0, v000001bdf64d8af0_0, C4<1>, C4<1>;
L_000001bdf655d4b0 .functor AND 1, L_000001bdf655dd00, v000001bdf64d70b0_0, C4<1>, C4<1>;
L_000001bdf655d1a0 .functor AND 1, L_000001bdf655d4b0, L_000001bdf64de320, C4<1>, C4<1>;
L_000001bdf655cdb0 .functor NOT 1, L_000001bdf65588e0, C4<0>, C4<0>, C4<0>;
L_000001bdf655db40 .functor AND 1, L_000001bdf655d1a0, L_000001bdf655cdb0, C4<1>, C4<1>;
L_000001bdf655dbb0 .functor AND 1, L_000001bdf655db40, L_000001bdf64dee60, C4<1>, C4<1>;
L_000001bdf655dad0 .functor BUFZ 32, L_000001bdf64de1e0, C4<00000000000000000000000000000000>, C4<00000000000000000000000000000000>, C4<00000000000000000000000000000000>;
L_000001bdf655e240 .functor NOT 1, L_000001bdf655f970, C4<0>, C4<0>, C4<0>;
L_000001bdf655cbf0 .functor AND 1, v000001bdf64d5710_0, L_000001bdf655e240, C4<1>, C4<1>;
L_000001bdf655d0c0 .functor AND 1, L_000001bdf655cbf0, v000001bdf64d28d0_0, C4<1>, C4<1>;
L_000001bdf655d130 .functor NOT 1, L_000001bdf64dedc0, C4<0>, C4<0>, C4<0>;
L_000001bdf655ce90 .functor NOT 1, L_000001bdf655cfe0, C4<0>, C4<0>, C4<0>;
L_000001bdf655dc20 .functor NOT 1, L_000001bdf655cfe0, C4<0>, C4<0>, C4<0>;
L_000001bdf655ca30 .functor AND 1, L_000001bdf655d0c0, L_000001bdf64e1340, C4<1>, C4<1>;
L_000001bdf655cc60 .functor NOT 1, L_000001bdf655f970, C4<0>, C4<0>, C4<0>;
L_000001bdf655e080 .functor AND 1, v000001bdf64d5710_0, L_000001bdf655cc60, C4<1>, C4<1>;
L_000001bdf655dc90 .functor AND 1, L_000001bdf655e080, v000001bdf64d3690_0, C4<1>, C4<1>;
L_000001bdf655caa0 .functor OR 1, L_000001bdf655ca30, L_000001bdf655dc90, C4<0>, C4<0>;
L_000001bdf655d670 .functor AND 1, L_000001bdf655caa0, L_000001bdf64e0ee0, C4<1>, C4<1>;
L_000001bdf655dde0 .functor NOT 1, L_000001bdf655d670, C4<0>, C4<0>, C4<0>;
L_000001bdf655ccd0 .functor AND 1, L_000001bdf655caa0, L_000001bdf655dde0, C4<1>, C4<1>;
L_000001bdf655cf00 .functor BUFZ 1, v000001bdf64d5710_0, C4<0>, C4<0>, C4<0>;
L_000001bdf655d280 .functor BUFZ 32, v000001bdf64d3050_0, C4<00000000000000000000000000000000>, C4<00000000000000000000000000000000>, C4<00000000000000000000000000000000>;
L_000001bdf655cb10 .functor BUFZ 32, v000001bdf64d3910_0, C4<00000000000000000000000000000000>, C4<00000000000000000000000000000000>, C4<00000000000000000000000000000000>;
L_000001bdf655de50 .functor BUFZ 32, L_000001bdf64e09e0, C4<00000000000000000000000000000000>, C4<00000000000000000000000000000000>, C4<00000000000000000000000000000000>;
L_000001bdf655d050 .functor BUFZ 32, v000001bdf64d3550_0, C4<00000000000000000000000000000000>, C4<00000000000000000000000000000000>, C4<00000000000000000000000000000000>;
L_000001bdf655d2f0 .functor BUFZ 5, v000001bdf64d5850_0, C4<00000>, C4<00000>, C4<00000>;
L_000001bdf655dec0 .functor BUFZ 5, v000001bdf64d5490_0, C4<00000>, C4<00000>, C4<00000>;
L_000001bdf655d360 .functor BUFZ 5, v000001bdf64d5030_0, C4<00000>, C4<00000>, C4<00000>;
L_000001bdf655d3d0 .functor BUFZ 32, L_000001bdf64de460, C4<00000000000000000000000000000000>, C4<00000000000000000000000000000000>, C4<00000000000000000000000000000000>;
L_000001bdf655d6e0 .functor BUFZ 32, L_000001bdf64de1e0, C4<00000000000000000000000000000000>, C4<00000000000000000000000000000000>, C4<00000000000000000000000000000000>;
L_000001bdf655cb80 .functor BUFZ 32, v000001bdf64d2dd0_0, C4<00000000000000000000000000000000>, C4<00000000000000000000000000000000>, C4<00000000000000000000000000000000>;
L_000001bdf655d440 .functor BUFZ 32, v000001bdf64b3510_0, C4<00000000000000000000000000000000>, C4<00000000000000000000000000000000>, C4<00000000000000000000000000000000>;
L_000001bdf655d590 .functor BUFZ 32, L_000001bdf655dad0, C4<00000000000000000000000000000000>, C4<00000000000000000000000000000000>, C4<00000000000000000000000000000000>;
L_000001bdf655d600 .functor BUFZ 3, v000001bdf64d23d0_0, C4<000>, C4<000>, C4<000>;
L_000001bdf655dfa0 .functor BUFZ 1, v000001bdf64d1ed0_0, C4<0>, C4<0>, C4<0>;
L_000001bdf655e0f0 .functor BUFZ 1, v000001bdf64d3730_0, C4<0>, C4<0>, C4<0>;
L_000001bdf655da60 .functor BUFZ 1, v000001bdf64d2d30_0, C4<0>, C4<0>, C4<0>;
L_000001bdf655d7c0 .functor BUFZ 1, v000001bdf64d2ab0_0, C4<0>, C4<0>, C4<0>;
L_000001bdf655d830 .functor BUFZ 1, v000001bdf64d3690_0, C4<0>, C4<0>, C4<0>;
L_000001bdf655d8a0 .functor BUFZ 1, v000001bdf64d4770_0, C4<0>, C4<0>, C4<0>;
L_000001bdf655d910 .functor BUFZ 1, v000001bdf64d2c90_0, C4<0>, C4<0>, C4<0>;
L_000001bdf655e160 .functor BUFZ 1, L_000001bdf655d670, C4<0>, C4<0>, C4<0>;
L_000001bdf655e1d0 .functor BUFZ 1, v000001bdf64d2e70_0, C4<0>, C4<0>, C4<0>;
L_000001bdf655e2b0 .functor AND 1, v000001bdf64d2970_0, v000001bdf64d0cb0_0, C4<1>, C4<1>;
L_000001bdf655d980 .functor AND 1, v000001bdf64d2970_0, v000001bdf64cfdb0_0, C4<1>, C4<1>;
L_000001bdf655e320 .functor AND 1, v000001bdf64d8af0_0, v000001bdf64d8370_0, C4<1>, C4<1>;
L_000001bdf655e390 .functor AND 1, L_000001bdf655e320, v000001bdf64d2970_0, C4<1>, C4<1>;
L_000001bdf655d9f0 .functor AND 1, L_000001bdf655e390, v000001bdf64cfdb0_0, C4<1>, C4<1>;
L_000001bdf655e400 .functor AND 1, L_000001bdf655d9f0, L_000001bdf64e12a0, C4<1>, C4<1>;
L_000001bdf655e470 .functor AND 1, L_000001bdf655e400, L_000001bdf64e2420, C4<1>, C4<1>;
L_000001bdf655ea90 .functor OR 1, v000001bdf64d0cb0_0, v000001bdf64cfdb0_0, C4<0>, C4<0>;
L_000001bdf655eda0 .functor AND 1, v000001bdf64d2970_0, L_000001bdf655ea90, C4<1>, C4<1>;
L_000001bdf655e6a0 .functor NOT 1, L_000001bdf655ec50, C4<0>, C4<0>, C4<0>;
L_000001bdf655f510 .functor AND 1, L_000001bdf655eda0, L_000001bdf655e6a0, C4<1>, C4<1>;
L_000001bdf655eb00 .functor NOT 1, v000001bdf64cee10_0, C4<0>, C4<0>, C4<0>;
L_000001bdf655e9b0 .functor AND 1, L_000001bdf655f510, L_000001bdf655eb00, C4<1>, C4<1>;
L_000001bdf655eb70 .functor AND 1, v000001bdf64d2970_0, v000001bdf64d0cb0_0, C4<1>, C4<1>;
L_000001bdf655f6d0 .functor NOT 1, L_000001bdf655ec50, C4<0>, C4<0>, C4<0>;
L_000001bdf655f120 .functor AND 1, L_000001bdf655eb70, L_000001bdf655f6d0, C4<1>, C4<1>;
L_000001bdf655fe40 .functor OR 1, v000001bdf64cee10_0, L_000001bdf655e9b0, C4<0>, C4<0>;
L_000001bdf655e940 .functor AND 1, L_000001bdf655f120, L_000001bdf655fe40, C4<1>, C4<1>;
L_000001bdf655f660 .functor NOT 1, L_000001bdf655a630, C4<0>, C4<0>, C4<0>;
L_000001bdf655f740 .functor AND 1, L_000001bdf655e940, L_000001bdf655f660, C4<1>, C4<1>;
L_000001bdf655ee80 .functor NOT 1, L_000001bdf655f510, C4<0>, C4<0>, C4<0>;
L_000001bdf655f7b0 .functor NOT 1, L_000001bdf655a630, C4<0>, C4<0>, C4<0>;
L_000001bdf6560000 .functor OR 1, L_000001bdf655ee80, L_000001bdf655f7b0, C4<0>, C4<0>;
L_000001bdf655ecc0 .functor AND 1, v000001bdf64d2970_0, L_000001bdf6560000, C4<1>, C4<1>;
L_000001bdf655ea20 .functor NOT 1, L_000001bdf655ecc0, C4<0>, C4<0>, C4<0>;
L_000001bdf655f970 .functor AND 1, v000001bdf64d2970_0, L_000001bdf655ea20, C4<1>, C4<1>;
L_000001bdf655f820 .functor AND 1, L_000001bdf655f3c0, L_000001bdf655e9b0, C4<1>, C4<1>;
L_000001bdf655fd60 .functor AND 1, L_000001bdf655fdd0, L_000001bdf655e9b0, C4<1>, C4<1>;
L_000001bdf655f430 .functor BUFZ 1, L_000001bdf655f820, C4<0>, C4<0>, C4<0>;
L_000001bdf655e5c0 .functor BUFZ 1, L_000001bdf655fd60, C4<0>, C4<0>, C4<0>;
L_000001bdf655e550 .functor BUFZ 32, L_000001bdf64eaee0, C4<00000000000000000000000000000000>, C4<00000000000000000000000000000000>, C4<00000000000000000000000000000000>;
L_000001bdf655fb30 .functor OR 1, L_000001bdf655a860, L_000001bdf655a400, C4<0>, C4<0>;
L_000001bdf655e710 .functor BUFZ 32, L_000001bdf64eb020, C4<00000000000000000000000000000000>, C4<00000000000000000000000000000000>, C4<00000000000000000000000000000000>;
L_000001bdf655f890 .functor BUFZ 1, L_000001bdf655a860, C4<0>, C4<0>, C4<0>;
L_000001bdf655feb0 .functor BUFZ 1, L_000001bdf655a400, C4<0>, C4<0>, C4<0>;
L_000001bdf655ed30 .functor BUFZ 1, L_000001bdf655ecc0, C4<0>, C4<0>, C4<0>;
L_000001bdf655f5f0 .functor OR 1, v000001bdf64d78d0_0, v000001bdf64d7790_0, C4<0>, C4<0>;
L_000001bdf655eef0 .functor OR 1, L_000001bdf655f5f0, v000001bdf64d8190_0, C4<0>, C4<0>;
L_000001bdf655f900 .functor AND 1, v000001bdf64d8af0_0, v000001bdf64d70b0_0, C4<1>, C4<1>;
L_000001bdf655efd0 .functor NOT 1, L_000001bdf655eef0, C4<0>, C4<0>, C4<0>;
L_000001bdf655f9e0 .functor AND 1, L_000001bdf655f900, L_000001bdf655efd0, C4<1>, C4<1>;
L_000001bdf655ee10 .functor AND 1, v000001bdf64d8af0_0, v000001bdf64d69d0_0, C4<1>, C4<1>;
L_000001bdf655e7f0 .functor BUFZ 1, v000001bdf64d8af0_0, C4<0>, C4<0>, C4<0>;
L_000001bdf655f200 .functor BUFZ 32, v000001bdf64d8050_0, C4<00000000000000000000000000000000>, C4<00000000000000000000000000000000>, C4<00000000000000000000000000000000>;
L_000001bdf655fba0 .functor AND 1, v000001bdf64d8af0_0, L_000001bdf655eef0, C4<1>, C4<1>;
L_000001bdf655ff20 .functor BUFZ 1, L_000001bdf655ee10, C4<0>, C4<0>, C4<0>;
L_000001bdf655f350 .functor BUFZ 5, v000001bdf64d7290_0, C4<00000>, C4<00000>, C4<00000>;
L_000001bdf655e8d0 .functor BUFZ 5, v000001bdf64d8a50_0, C4<00000>, C4<00000>, C4<00000>;
L_000001bdf655ebe0 .functor BUFZ 32, v000001bdf64d96d0_0, C4<00000000000000000000000000000000>, C4<00000000000000000000000000000000>, C4<00000000000000000000000000000000>;
L_000001bdf655ff90 .functor BUFZ 32, v000001bdf64d9090_0, C4<00000000000000000000000000000000>, C4<00000000000000000000000000000000>, C4<00000000000000000000000000000000>;
L_000001bdf655f190 .functor BUFZ 32, L_000001bdf6578480, C4<00000000000000000000000000000000>, C4<00000000000000000000000000000000>, C4<00000000000000000000000000000000>;
L_000001bdf655f270 .functor BUFZ 32, v000001bdf64d7470_0, C4<00000000000000000000000000000000>, C4<00000000000000000000000000000000>, C4<00000000000000000000000000000000>;
L_000001bdf655f2e0 .functor BUFZ 1, v000001bdf64d8870_0, C4<0>, C4<0>, C4<0>;
L_000001bdf65600e0 .functor BUFZ 1, v000001bdf64d7bf0_0, C4<0>, C4<0>, C4<0>;
L_000001bdf655fc10 .functor BUFZ 4, v000001bdf64d6930_0, C4<0000>, C4<0000>, C4<0000>;
L_000001bdf655f4a0 .functor BUFZ 32, v000001bdf64d7f10_0, C4<00000000000000000000000000000000>, C4<00000000000000000000000000000000>, C4<00000000000000000000000000000000>;
L_000001bdf6560070 .functor BUFZ 32, v000001bdf64d8410_0, C4<00000000000000000000000000000000>, C4<00000000000000000000000000000000>, C4<00000000000000000000000000000000>;
L_000001bdf655fc80 .functor BUFZ 32, v000001bdf64d85f0_0, C4<00000000000000000000000000000000>, C4<00000000000000000000000000000000>, C4<00000000000000000000000000000000>;
L_000001bdf655f580 .functor BUFZ 32, v000001bdf64d82d0_0, C4<00000000000000000000000000000000>, C4<00000000000000000000000000000000>, C4<00000000000000000000000000000000>;
v000001bdf64bf9e0_0 .net *"_ivl_100", 0 0, L_000001bdf64dffe0;  1 drivers
v000001bdf64bfe40_0 .net *"_ivl_102", 0 0, L_000001bdf65589c0;  1 drivers
L_000001bdf64ee368 .functor BUFT 1, C4<1100011>, C4<0>, C4<0>, C4<0>;
v000001bdf64bfb20_0 .net/2u *"_ivl_104", 6 0, L_000001bdf64ee368;  1 drivers
v000001bdf64bfbc0_0 .net *"_ivl_106", 0 0, L_000001bdf64df0e0;  1 drivers
v000001bdf64bfee0_0 .net *"_ivl_108", 0 0, L_000001bdf65586b0;  1 drivers
L_000001bdf64ee3b0 .functor BUFT 1, C4<1100111>, C4<0>, C4<0>, C4<0>;
v000001bdf64c0e60_0 .net/2u *"_ivl_110", 6 0, L_000001bdf64ee3b0;  1 drivers
v000001bdf64c10e0_0 .net *"_ivl_112", 0 0, L_000001bdf64df5e0;  1 drivers
L_000001bdf64ee3f8 .functor BUFT 1, C4<0110011>, C4<0>, C4<0>, C4<0>;
v000001bdf64c2620_0 .net/2u *"_ivl_116", 6 0, L_000001bdf64ee3f8;  1 drivers
v000001bdf64c1ae0_0 .net *"_ivl_118", 0 0, L_000001bdf64e0080;  1 drivers
L_000001bdf64ee440 .functor BUFT 1, C4<0100011>, C4<0>, C4<0>, C4<0>;
v000001bdf64c1860_0 .net/2u *"_ivl_120", 6 0, L_000001bdf64ee440;  1 drivers
v000001bdf64c26c0_0 .net *"_ivl_122", 0 0, L_000001bdf64dfe00;  1 drivers
v000001bdf64c1040_0 .net *"_ivl_124", 0 0, L_000001bdf6558330;  1 drivers
L_000001bdf64ee488 .functor BUFT 1, C4<1100011>, C4<0>, C4<0>, C4<0>;
v000001bdf64c1c20_0 .net/2u *"_ivl_126", 6 0, L_000001bdf64ee488;  1 drivers
v000001bdf64c0b40_0 .net *"_ivl_128", 0 0, L_000001bdf64dfae0;  1 drivers
L_000001bdf64ee4d0 .functor BUFT 1, C4<0110011>, C4<0>, C4<0>, C4<0>;
v000001bdf64c0a00_0 .net/2u *"_ivl_132", 6 0, L_000001bdf64ee4d0;  1 drivers
v000001bdf64c14a0_0 .net *"_ivl_134", 0 0, L_000001bdf64de280;  1 drivers
L_000001bdf64ee518 .functor BUFT 1, C4<1100011>, C4<0>, C4<0>, C4<0>;
v000001bdf64c1ea0_0 .net/2u *"_ivl_136", 6 0, L_000001bdf64ee518;  1 drivers
v000001bdf64c2120_0 .net *"_ivl_138", 0 0, L_000001bdf64df400;  1 drivers
v000001bdf64c0f00_0 .net *"_ivl_142", 0 0, L_000001bdf6557e60;  1 drivers
v000001bdf64c2800_0 .net *"_ivl_144", 0 0, L_000001bdf65593d0;  1 drivers
L_000001bdf64ee560 .functor BUFT 1, C4<00000>, C4<0>, C4<0>, C4<0>;
v000001bdf64c15e0_0 .net/2u *"_ivl_146", 4 0, L_000001bdf64ee560;  1 drivers
v000001bdf64c2260_0 .net *"_ivl_148", 0 0, L_000001bdf64e08a0;  1 drivers
v000001bdf64c21c0_0 .net *"_ivl_150", 0 0, L_000001bdf6558720;  1 drivers
v000001bdf64c0c80_0 .net *"_ivl_152", 0 0, L_000001bdf64dfb80;  1 drivers
v000001bdf64c1900_0 .net *"_ivl_154", 0 0, L_000001bdf6558100;  1 drivers
v000001bdf64c19a0_0 .net *"_ivl_156", 0 0, L_000001bdf64df4a0;  1 drivers
v000001bdf64c2d00_0 .net *"_ivl_158", 0 0, L_000001bdf6558950;  1 drivers
v000001bdf64c1cc0_0 .net *"_ivl_16", 0 0, L_000001bdf655afd0;  1 drivers
v000001bdf64c2580_0 .net *"_ivl_160", 0 0, L_000001bdf6558b10;  1 drivers
v000001bdf64c29e0_0 .net *"_ivl_168", 0 0, L_000001bdf6557f40;  1 drivers
v000001bdf64c2a80_0 .net *"_ivl_18", 0 0, L_000001bdf655a080;  1 drivers
v000001bdf64c1e00_0 .net *"_ivl_20", 0 0, L_000001bdf65598a0;  1 drivers
v000001bdf64c2e40_0 .net *"_ivl_22", 0 0, L_000001bdf6559c90;  1 drivers
v000001bdf64c1f40_0 .net *"_ivl_224", 31 0, L_000001bdf64df180;  1 drivers
v000001bdf64c28a0_0 .net *"_ivl_230", 0 0, L_000001bdf6558f70;  1 drivers
v000001bdf64c2940_0 .net *"_ivl_232", 0 0, L_000001bdf6557d80;  1 drivers
v000001bdf64c2b20_0 .net *"_ivl_234", 0 0, L_000001bdf6558fe0;  1 drivers
v000001bdf64c0960_0 .net *"_ivl_236", 0 0, L_000001bdf65591a0;  1 drivers
L_000001bdf64ee638 .functor BUFT 1, C4<00000>, C4<0>, C4<0>, C4<0>;
v000001bdf64c2300_0 .net/2u *"_ivl_238", 4 0, L_000001bdf64ee638;  1 drivers
v000001bdf64c1220_0 .net *"_ivl_24", 0 0, L_000001bdf655af60;  1 drivers
v000001bdf64c2bc0_0 .net *"_ivl_240", 0 0, L_000001bdf64dfa40;  1 drivers
v000001bdf64c2c60_0 .net *"_ivl_242", 0 0, L_000001bdf65592f0;  1 drivers
v000001bdf64c23a0_0 .net *"_ivl_244", 0 0, L_000001bdf64dfcc0;  1 drivers
v000001bdf64c0d20_0 .net *"_ivl_248", 0 0, L_000001bdf65596e0;  1 drivers
v000001bdf64c17c0_0 .net *"_ivl_250", 0 0, L_000001bdf6558790;  1 drivers
v000001bdf64c2440_0 .net *"_ivl_252", 0 0, L_000001bdf65584f0;  1 drivers
v000001bdf64c2da0_0 .net *"_ivl_254", 0 0, L_000001bdf6557b50;  1 drivers
L_000001bdf64ee680 .functor BUFT 1, C4<00000>, C4<0>, C4<0>, C4<0>;
v000001bdf64c1a40_0 .net/2u *"_ivl_256", 4 0, L_000001bdf64ee680;  1 drivers
v000001bdf64c0dc0_0 .net *"_ivl_258", 0 0, L_000001bdf64dec80;  1 drivers
v000001bdf64c1fe0_0 .net *"_ivl_260", 0 0, L_000001bdf65581e0;  1 drivers
v000001bdf64c0aa0_0 .net *"_ivl_262", 0 0, L_000001bdf64de6e0;  1 drivers
v000001bdf64c2080_0 .net *"_ivl_266", 0 0, L_000001bdf6557ed0;  1 drivers
v000001bdf64c0fa0_0 .net *"_ivl_268", 0 0, L_000001bdf6557df0;  1 drivers
L_000001bdf64ee6c8 .functor BUFT 1, C4<00000>, C4<0>, C4<0>, C4<0>;
v000001bdf64c1d60_0 .net/2u *"_ivl_270", 4 0, L_000001bdf64ee6c8;  1 drivers
v000001bdf64c1540_0 .net *"_ivl_272", 0 0, L_000001bdf64de960;  1 drivers
v000001bdf64c24e0_0 .net *"_ivl_274", 0 0, L_000001bdf6557d10;  1 drivers
v000001bdf64c0be0_0 .net *"_ivl_276", 0 0, L_000001bdf6558800;  1 drivers
v000001bdf64c1b80_0 .net *"_ivl_278", 0 0, L_000001bdf6558870;  1 drivers
v000001bdf64c2760_0 .net *"_ivl_28", 0 0, L_000001bdf6559830;  1 drivers
v000001bdf64c2ee0_0 .net *"_ivl_280", 0 0, L_000001bdf64e0300;  1 drivers
v000001bdf64c1680_0 .net *"_ivl_284", 0 0, L_000001bdf655dd00;  1 drivers
v000001bdf64c2f80_0 .net *"_ivl_286", 0 0, L_000001bdf655d4b0;  1 drivers
L_000001bdf64ee710 .functor BUFT 1, C4<00000>, C4<0>, C4<0>, C4<0>;
v000001bdf64c3020_0 .net/2u *"_ivl_288", 4 0, L_000001bdf64ee710;  1 drivers
v000001bdf64c08c0_0 .net *"_ivl_290", 0 0, L_000001bdf64de320;  1 drivers
v000001bdf64c1180_0 .net *"_ivl_292", 0 0, L_000001bdf655d1a0;  1 drivers
v000001bdf64c1360_0 .net *"_ivl_294", 0 0, L_000001bdf655cdb0;  1 drivers
v000001bdf64c12c0_0 .net *"_ivl_296", 0 0, L_000001bdf655db40;  1 drivers
v000001bdf64c1400_0 .net *"_ivl_298", 0 0, L_000001bdf64dee60;  1 drivers
L_000001bdf64ee758 .functor BUFT 1, C4<10>, C4<0>, C4<0>, C4<0>;
v000001bdf64c1720_0 .net/2u *"_ivl_302", 1 0, L_000001bdf64ee758;  1 drivers
L_000001bdf64ee7a0 .functor BUFT 1, C4<01>, C4<0>, C4<0>, C4<0>;
v000001bdf64c4ec0_0 .net/2u *"_ivl_304", 1 0, L_000001bdf64ee7a0;  1 drivers
L_000001bdf64ee7e8 .functor BUFT 1, C4<00>, C4<0>, C4<0>, C4<0>;
v000001bdf64c3b60_0 .net/2u *"_ivl_306", 1 0, L_000001bdf64ee7e8;  1 drivers
v000001bdf64c3340_0 .net *"_ivl_308", 1 0, L_000001bdf64dfd60;  1 drivers
L_000001bdf64ee830 .functor BUFT 1, C4<10>, C4<0>, C4<0>, C4<0>;
v000001bdf64c3c00_0 .net/2u *"_ivl_312", 1 0, L_000001bdf64ee830;  1 drivers
L_000001bdf64ee878 .functor BUFT 1, C4<01>, C4<0>, C4<0>, C4<0>;
v000001bdf64c3700_0 .net/2u *"_ivl_314", 1 0, L_000001bdf64ee878;  1 drivers
L_000001bdf64ee8c0 .functor BUFT 1, C4<00>, C4<0>, C4<0>, C4<0>;
v000001bdf64c37a0_0 .net/2u *"_ivl_316", 1 0, L_000001bdf64ee8c0;  1 drivers
v000001bdf64c55a0_0 .net *"_ivl_318", 1 0, L_000001bdf64dfea0;  1 drivers
v000001bdf64c4ce0_0 .net *"_ivl_32", 0 0, L_000001bdf655abe0;  1 drivers
L_000001bdf64ee908 .functor BUFT 1, C4<11>, C4<0>, C4<0>, C4<0>;
v000001bdf64c47e0_0 .net/2u *"_ivl_322", 1 0, L_000001bdf64ee908;  1 drivers
L_000001bdf64ee950 .functor BUFT 1, C4<11>, C4<0>, C4<0>, C4<0>;
v000001bdf64c38e0_0 .net/2u *"_ivl_326", 1 0, L_000001bdf64ee950;  1 drivers
L_000001bdf64ee998 .functor BUFT 1, C4<10>, C4<0>, C4<0>, C4<0>;
v000001bdf64c3f20_0 .net/2u *"_ivl_330", 1 0, L_000001bdf64ee998;  1 drivers
v000001bdf64c5460_0 .net *"_ivl_332", 0 0, L_000001bdf64e0260;  1 drivers
L_000001bdf64ee9e0 .functor BUFT 1, C4<01>, C4<0>, C4<0>, C4<0>;
v000001bdf64c3ac0_0 .net/2u *"_ivl_334", 1 0, L_000001bdf64ee9e0;  1 drivers
v000001bdf64c3980_0 .net *"_ivl_336", 0 0, L_000001bdf64dea00;  1 drivers
v000001bdf64c46a0_0 .net *"_ivl_338", 31 0, L_000001bdf64df680;  1 drivers
v000001bdf64c53c0_0 .net *"_ivl_34", 0 0, L_000001bdf655a240;  1 drivers
L_000001bdf64eea28 .functor BUFT 1, C4<10>, C4<0>, C4<0>, C4<0>;
v000001bdf64c3160_0 .net/2u *"_ivl_342", 1 0, L_000001bdf64eea28;  1 drivers
v000001bdf64c4880_0 .net *"_ivl_344", 0 0, L_000001bdf64de500;  1 drivers
L_000001bdf64eea70 .functor BUFT 1, C4<01>, C4<0>, C4<0>, C4<0>;
v000001bdf64c5820_0 .net/2u *"_ivl_346", 1 0, L_000001bdf64eea70;  1 drivers
v000001bdf64c32a0_0 .net *"_ivl_348", 0 0, L_000001bdf64df540;  1 drivers
v000001bdf64c3520_0 .net *"_ivl_350", 31 0, L_000001bdf64ded20;  1 drivers
L_000001bdf64eeab8 .functor BUFT 1, C4<11>, C4<0>, C4<0>, C4<0>;
v000001bdf64c3840_0 .net/2u *"_ivl_354", 1 0, L_000001bdf64eeab8;  1 drivers
v000001bdf64c4600_0 .net *"_ivl_356", 0 0, L_000001bdf64deb40;  1 drivers
v000001bdf64c35c0_0 .net *"_ivl_36", 0 0, L_000001bdf655b040;  1 drivers
L_000001bdf64eeb00 .functor BUFT 1, C4<11>, C4<0>, C4<0>, C4<0>;
v000001bdf64c3a20_0 .net/2u *"_ivl_360", 1 0, L_000001bdf64eeb00;  1 drivers
v000001bdf64c3ca0_0 .net *"_ivl_362", 0 0, L_000001bdf64df720;  1 drivers
v000001bdf64c3d40_0 .net *"_ivl_370", 31 0, L_000001bdf64df040;  1 drivers
v000001bdf64c4b00_0 .net *"_ivl_372", 31 0, L_000001bdf64e04e0;  1 drivers
v000001bdf64c3fc0_0 .net *"_ivl_377", 30 0, L_000001bdf64df2c0;  1 drivers
L_000001bdf64eeb48 .functor BUFT 1, C4<0>, C4<0>, C4<0>, C4<0>;
v000001bdf64c30c0_0 .net/2u *"_ivl_378", 0 0, L_000001bdf64eeb48;  1 drivers
v000001bdf64c3de0_0 .net *"_ivl_38", 0 0, L_000001bdf6559910;  1 drivers
v000001bdf64c4e20_0 .net *"_ivl_380", 31 0, L_000001bdf64e0580;  1 drivers
v000001bdf64c3660_0 .net *"_ivl_386", 0 0, L_000001bdf655e240;  1 drivers
v000001bdf64c5280_0 .net *"_ivl_388", 0 0, L_000001bdf655cbf0;  1 drivers
v000001bdf64c3e80_0 .net *"_ivl_390", 0 0, L_000001bdf655d0c0;  1 drivers
L_000001bdf64eeb90 .functor BUFT 1, C4<000>, C4<0>, C4<0>, C4<0>;
v000001bdf64c4060_0 .net/2u *"_ivl_392", 2 0, L_000001bdf64eeb90;  1 drivers
v000001bdf64c4f60_0 .net *"_ivl_394", 0 0, L_000001bdf64e0800;  1 drivers
L_000001bdf64eebd8 .functor BUFT 1, C4<001>, C4<0>, C4<0>, C4<0>;
v000001bdf64c5000_0 .net/2u *"_ivl_396", 2 0, L_000001bdf64eebd8;  1 drivers
v000001bdf64c4100_0 .net *"_ivl_398", 0 0, L_000001bdf64e2e20;  1 drivers
v000001bdf64c41a0_0 .net *"_ivl_40", 0 0, L_000001bdf6559b40;  1 drivers
v000001bdf64c4920_0 .net *"_ivl_400", 0 0, L_000001bdf655d130;  1 drivers
L_000001bdf64eec20 .functor BUFT 1, C4<100>, C4<0>, C4<0>, C4<0>;
v000001bdf64c4240_0 .net/2u *"_ivl_402", 2 0, L_000001bdf64eec20;  1 drivers
v000001bdf64c4a60_0 .net *"_ivl_404", 0 0, L_000001bdf64e24c0;  1 drivers
L_000001bdf64eec68 .functor BUFT 1, C4<101>, C4<0>, C4<0>, C4<0>;
v000001bdf64c4380_0 .net/2u *"_ivl_406", 2 0, L_000001bdf64eec68;  1 drivers
v000001bdf64c33e0_0 .net *"_ivl_408", 0 0, L_000001bdf64e0f80;  1 drivers
v000001bdf64c42e0_0 .net *"_ivl_410", 0 0, L_000001bdf655ce90;  1 drivers
L_000001bdf64eecb0 .functor BUFT 1, C4<110>, C4<0>, C4<0>, C4<0>;
v000001bdf64c4420_0 .net/2u *"_ivl_412", 2 0, L_000001bdf64eecb0;  1 drivers
v000001bdf64c50a0_0 .net *"_ivl_414", 0 0, L_000001bdf64e30a0;  1 drivers
L_000001bdf64eecf8 .functor BUFT 1, C4<111>, C4<0>, C4<0>, C4<0>;
v000001bdf64c3200_0 .net/2u *"_ivl_416", 2 0, L_000001bdf64eecf8;  1 drivers
v000001bdf64c44c0_0 .net *"_ivl_418", 0 0, L_000001bdf64e2060;  1 drivers
v000001bdf64c4ba0_0 .net *"_ivl_420", 0 0, L_000001bdf655dc20;  1 drivers
L_000001bdf64eed40 .functor BUFT 1, C4<0>, C4<0>, C4<0>, C4<0>;
v000001bdf64c4560_0 .net/2u *"_ivl_422", 0 0, L_000001bdf64eed40;  1 drivers
v000001bdf64c4740_0 .net *"_ivl_424", 0 0, L_000001bdf64e1200;  1 drivers
v000001bdf64c4c40_0 .net *"_ivl_426", 0 0, L_000001bdf64e1160;  1 drivers
v000001bdf64c5640_0 .net *"_ivl_428", 0 0, L_000001bdf64e2c40;  1 drivers
v000001bdf64c3480_0 .net *"_ivl_430", 0 0, L_000001bdf64e0d00;  1 drivers
v000001bdf64c49c0_0 .net *"_ivl_432", 0 0, L_000001bdf64e1ac0;  1 drivers
v000001bdf64c4d80_0 .net *"_ivl_434", 0 0, L_000001bdf64e1340;  1 drivers
v000001bdf64c5140_0 .net *"_ivl_438", 0 0, L_000001bdf655cc60;  1 drivers
v000001bdf64c51e0_0 .net *"_ivl_440", 0 0, L_000001bdf655e080;  1 drivers
v000001bdf64c5320_0 .net *"_ivl_447", 1 0, L_000001bdf64e0a80;  1 drivers
v000001bdf64c5500_0 .net *"_ivl_449", 0 0, L_000001bdf64e0ee0;  1 drivers
v000001bdf64c56e0_0 .net *"_ivl_452", 0 0, L_000001bdf655dde0;  1 drivers
v000001bdf64c5780_0 .net *"_ivl_46", 0 0, L_000001bdf655a390;  1 drivers
v000001bdf64c6040_0 .net *"_ivl_50", 0 0, L_000001bdf6559980;  1 drivers
v000001bdf64c7f80_0 .net *"_ivl_508", 0 0, L_000001bdf655e320;  1 drivers
v000001bdf64c74e0_0 .net *"_ivl_510", 0 0, L_000001bdf655e390;  1 drivers
v000001bdf64c65e0_0 .net *"_ivl_512", 0 0, L_000001bdf655d9f0;  1 drivers
L_000001bdf64eed88 .functor BUFT 1, C4<00000>, C4<0>, C4<0>, C4<0>;
v000001bdf64c7300_0 .net/2u *"_ivl_514", 4 0, L_000001bdf64eed88;  1 drivers
v000001bdf64c7940_0 .net *"_ivl_516", 0 0, L_000001bdf64e12a0;  1 drivers
v000001bdf64c7a80_0 .net *"_ivl_518", 0 0, L_000001bdf655e400;  1 drivers
v000001bdf64c5f00_0 .net *"_ivl_52", 0 0, L_000001bdf655aa20;  1 drivers
v000001bdf64c7080_0 .net *"_ivl_520", 0 0, L_000001bdf64e2420;  1 drivers
v000001bdf64c6c20_0 .net *"_ivl_526", 0 0, L_000001bdf655ea90;  1 drivers
v000001bdf64c6220_0 .net *"_ivl_528", 0 0, L_000001bdf655eda0;  1 drivers
v000001bdf64c6900_0 .net *"_ivl_530", 0 0, L_000001bdf655e6a0;  1 drivers
v000001bdf64c5fa0_0 .net *"_ivl_534", 0 0, L_000001bdf655eb00;  1 drivers
v000001bdf64c5a00_0 .net *"_ivl_538", 0 0, L_000001bdf655eb70;  1 drivers
v000001bdf64c64a0_0 .net *"_ivl_54", 0 0, L_000001bdf655a6a0;  1 drivers
v000001bdf64c73a0_0 .net *"_ivl_540", 0 0, L_000001bdf655f6d0;  1 drivers
v000001bdf64c7120_0 .net *"_ivl_542", 0 0, L_000001bdf655f120;  1 drivers
v000001bdf64c62c0_0 .net *"_ivl_544", 0 0, L_000001bdf655fe40;  1 drivers
v000001bdf64c69a0_0 .net *"_ivl_546", 0 0, L_000001bdf655e940;  1 drivers
v000001bdf64c60e0_0 .net *"_ivl_548", 0 0, L_000001bdf655f660;  1 drivers
v000001bdf64c5aa0_0 .net *"_ivl_552", 0 0, L_000001bdf655ee80;  1 drivers
v000001bdf64c6540_0 .net *"_ivl_554", 0 0, L_000001bdf655f7b0;  1 drivers
v000001bdf64c7440_0 .net *"_ivl_556", 0 0, L_000001bdf6560000;  1 drivers
v000001bdf64c71c0_0 .net *"_ivl_56", 0 0, L_000001bdf6559bb0;  1 drivers
v000001bdf64c7260_0 .net *"_ivl_560", 0 0, L_000001bdf655ea20;  1 drivers
v000001bdf64c6680_0 .net *"_ivl_574", 0 0, L_000001bdf655fb30;  1 drivers
L_000001bdf64ef010 .functor BUFT 1, C4<1111>, C4<0>, C4<0>, C4<0>;
v000001bdf64c79e0_0 .net/2u *"_ivl_576", 3 0, L_000001bdf64ef010;  1 drivers
L_000001bdf64ef058 .functor BUFT 1, C4<0000>, C4<0>, C4<0>, C4<0>;
v000001bdf64c7c60_0 .net/2u *"_ivl_578", 3 0, L_000001bdf64ef058;  1 drivers
v000001bdf64c7ee0_0 .net *"_ivl_58", 0 0, L_000001bdf655b270;  1 drivers
L_000001bdf64ef0a0 .functor BUFT 1, C4<00000000000000000000000000000000>, C4<0>, C4<0>, C4<0>;
v000001bdf64c6860_0 .net/2u *"_ivl_590", 31 0, L_000001bdf64ef0a0;  1 drivers
L_000001bdf64ef0e8 .functor BUFT 1, C4<00000000000000000000000000000000>, C4<0>, C4<0>, C4<0>;
v000001bdf64c6a40_0 .net/2u *"_ivl_594", 31 0, L_000001bdf64ef0e8;  1 drivers
L_000001bdf64ef130 .functor BUFT 1, C4<00000000000000000000000000000000>, C4<0>, C4<0>, C4<0>;
v000001bdf64c5b40_0 .net/2u *"_ivl_598", 31 0, L_000001bdf64ef130;  1 drivers
v000001bdf64c6ae0_0 .net *"_ivl_60", 0 0, L_000001bdf655b0b0;  1 drivers
L_000001bdf64ef178 .functor BUFT 1, C4<00000000000000000000000000000000>, C4<0>, C4<0>, C4<0>;
v000001bdf64c7da0_0 .net/2u *"_ivl_602", 31 0, L_000001bdf64ef178;  1 drivers
L_000001bdf64ef1c0 .functor BUFT 1, C4<00000>, C4<0>, C4<0>, C4<0>;
v000001bdf64c7580_0 .net/2u *"_ivl_606", 4 0, L_000001bdf64ef1c0;  1 drivers
L_000001bdf64ef208 .functor BUFT 1, C4<00000>, C4<0>, C4<0>, C4<0>;
v000001bdf64c6720_0 .net/2u *"_ivl_610", 4 0, L_000001bdf64ef208;  1 drivers
L_000001bdf64ef250 .functor BUFT 1, C4<00000>, C4<0>, C4<0>, C4<0>;
v000001bdf64c7620_0 .net/2u *"_ivl_614", 4 0, L_000001bdf64ef250;  1 drivers
L_000001bdf64ef298 .functor BUFT 1, C4<00000000000000000000000000000000>, C4<0>, C4<0>, C4<0>;
v000001bdf64c5960_0 .net/2u *"_ivl_618", 31 0, L_000001bdf64ef298;  1 drivers
L_000001bdf64ef2e0 .functor BUFT 1, C4<00000000000000000000000000000000>, C4<0>, C4<0>, C4<0>;
v000001bdf64c58c0_0 .net/2u *"_ivl_622", 31 0, L_000001bdf64ef2e0;  1 drivers
L_000001bdf64ef328 .functor BUFT 1, C4<00000000000000000000000000000000>, C4<0>, C4<0>, C4<0>;
v000001bdf64c7b20_0 .net/2u *"_ivl_626", 31 0, L_000001bdf64ef328;  1 drivers
L_000001bdf64ef370 .functor BUFT 1, C4<00000000000000000000000000000000>, C4<0>, C4<0>, C4<0>;
v000001bdf64c8020_0 .net/2u *"_ivl_630", 31 0, L_000001bdf64ef370;  1 drivers
L_000001bdf64ef3b8 .functor BUFT 1, C4<00000000000000000000000000000000>, C4<0>, C4<0>, C4<0>;
v000001bdf64c5c80_0 .net/2u *"_ivl_634", 31 0, L_000001bdf64ef3b8;  1 drivers
L_000001bdf64ef400 .functor BUFT 1, C4<00000000000000000000000000000000>, C4<0>, C4<0>, C4<0>;
v000001bdf64c5be0_0 .net/2u *"_ivl_638", 31 0, L_000001bdf64ef400;  1 drivers
L_000001bdf64ef448 .functor BUFT 1, C4<0>, C4<0>, C4<0>, C4<0>;
v000001bdf64c67c0_0 .net/2u *"_ivl_642", 0 0, L_000001bdf64ef448;  1 drivers
L_000001bdf64ef490 .functor BUFT 1, C4<0>, C4<0>, C4<0>, C4<0>;
v000001bdf64c6180_0 .net/2u *"_ivl_646", 0 0, L_000001bdf64ef490;  1 drivers
L_000001bdf64ef4d8 .functor BUFT 1, C4<0000>, C4<0>, C4<0>, C4<0>;
v000001bdf64c6360_0 .net/2u *"_ivl_650", 3 0, L_000001bdf64ef4d8;  1 drivers
L_000001bdf64ef520 .functor BUFT 1, C4<00000000000000000000000000000000>, C4<0>, C4<0>, C4<0>;
v000001bdf64c6400_0 .net/2u *"_ivl_654", 31 0, L_000001bdf64ef520;  1 drivers
L_000001bdf64ef568 .functor BUFT 1, C4<00000000000000000000000000000000>, C4<0>, C4<0>, C4<0>;
v000001bdf64c5d20_0 .net/2u *"_ivl_658", 31 0, L_000001bdf64ef568;  1 drivers
L_000001bdf64ef5b0 .functor BUFT 1, C4<0>, C4<0>, C4<0>, C4<0>;
v000001bdf64c6b80_0 .net/2u *"_ivl_662", 0 0, L_000001bdf64ef5b0;  1 drivers
L_000001bdf64ef5f8 .functor BUFT 1, C4<0>, C4<0>, C4<0>, C4<0>;
v000001bdf64c76c0_0 .net/2u *"_ivl_666", 0 0, L_000001bdf64ef5f8;  1 drivers
L_000001bdf64ef640 .functor BUFT 1, C4<0>, C4<0>, C4<0>, C4<0>;
v000001bdf64c7bc0_0 .net/2u *"_ivl_670", 0 0, L_000001bdf64ef640;  1 drivers
L_000001bdf64ef688 .functor BUFT 1, C4<0>, C4<0>, C4<0>, C4<0>;
v000001bdf64c6cc0_0 .net/2u *"_ivl_674", 0 0, L_000001bdf64ef688;  1 drivers
L_000001bdf64ef6d0 .functor BUFT 1, C4<0>, C4<0>, C4<0>, C4<0>;
v000001bdf64c5dc0_0 .net/2u *"_ivl_678", 0 0, L_000001bdf64ef6d0;  1 drivers
L_000001bdf64ef718 .functor BUFT 1, C4<0>, C4<0>, C4<0>, C4<0>;
v000001bdf64c6d60_0 .net/2u *"_ivl_682", 0 0, L_000001bdf64ef718;  1 drivers
L_000001bdf64ef760 .functor BUFT 1, C4<0>, C4<0>, C4<0>, C4<0>;
v000001bdf64c6e00_0 .net/2u *"_ivl_686", 0 0, L_000001bdf64ef760;  1 drivers
L_000001bdf64ef7a8 .functor BUFT 1, C4<0>, C4<0>, C4<0>, C4<0>;
v000001bdf64c7d00_0 .net/2u *"_ivl_690", 0 0, L_000001bdf64ef7a8;  1 drivers
v000001bdf64c6ea0_0 .net *"_ivl_694", 0 0, L_000001bdf655f5f0;  1 drivers
v000001bdf64c6f40_0 .net *"_ivl_698", 0 0, L_000001bdf655f900;  1 drivers
v000001bdf64c6fe0_0 .net *"_ivl_700", 0 0, L_000001bdf655efd0;  1 drivers
L_000001bdf64ef7f0 .functor BUFT 1, C4<00000>, C4<0>, C4<0>, C4<0>;
v000001bdf64c5e60_0 .net/2u *"_ivl_722", 4 0, L_000001bdf64ef7f0;  1 drivers
L_000001bdf64ed828 .functor BUFT 1, C4<00000000000000000000000000000100>, C4<0>, C4<0>, C4<0>;
v000001bdf64c7760_0 .net/2u *"_ivl_74", 31 0, L_000001bdf64ed828;  1 drivers
L_000001bdf64ed7e0 .functor BUFT 1, C4<00000000000000000000000000000100>, C4<0>, C4<0>, C4<0>;
v000001bdf64c7800_0 .net/2u *"_ivl_8", 31 0, L_000001bdf64ed7e0;  1 drivers
L_000001bdf64ee248 .functor BUFT 1, C4<0110011>, C4<0>, C4<0>, C4<0>;
v000001bdf64c78a0_0 .net/2u *"_ivl_82", 6 0, L_000001bdf64ee248;  1 drivers
v000001bdf64c7e40_0 .net *"_ivl_84", 0 0, L_000001bdf64de3c0;  1 drivers
L_000001bdf64ee290 .functor BUFT 1, C4<0010011>, C4<0>, C4<0>, C4<0>;
v000001bdf64c8340_0 .net/2u *"_ivl_86", 6 0, L_000001bdf64ee290;  1 drivers
v000001bdf64c8480_0 .net *"_ivl_88", 0 0, L_000001bdf64df360;  1 drivers
v000001bdf64c8200_0 .net *"_ivl_90", 0 0, L_000001bdf65583a0;  1 drivers
L_000001bdf64ee2d8 .functor BUFT 1, C4<0000011>, C4<0>, C4<0>, C4<0>;
v000001bdf64c8160_0 .net/2u *"_ivl_92", 6 0, L_000001bdf64ee2d8;  1 drivers
v000001bdf64c85c0_0 .net *"_ivl_94", 0 0, L_000001bdf64de5a0;  1 drivers
v000001bdf64c8660_0 .net *"_ivl_96", 0 0, L_000001bdf6558250;  1 drivers
L_000001bdf64ee320 .functor BUFT 1, C4<0100011>, C4<0>, C4<0>, C4<0>;
v000001bdf64c83e0_0 .net/2u *"_ivl_98", 6 0, L_000001bdf64ee320;  1 drivers
v000001bdf64c82a0_0 .net "dmem_cache_busy_cur", 0 0, L_000001bdf655a630;  1 drivers
v000001bdf64c8520_0 .net "dmem_cache_mem_addr_cur", 31 0, L_000001bdf64eaee0;  1 drivers
v000001bdf64c8700_0 .net "dmem_cache_mem_ren_cur", 0 0, L_000001bdf655a860;  1 drivers
v000001bdf64c87a0_0 .net "dmem_cache_mem_wdata_cur", 31 0, L_000001bdf64eb020;  1 drivers
v000001bdf64c80c0_0 .net "dmem_cache_mem_wen_cur", 0 0, L_000001bdf655a400;  1 drivers
v000001bdf64d02b0_0 .net "dmem_cache_rdata_cur", 31 0, L_000001bdf655b120;  1 drivers
v000001bdf64d0210_0 .net "dmem_req_fire_cur", 0 0, L_000001bdf655e9b0;  1 drivers
v000001bdf64d0e90_0 .net "dmem_resp_fire_cur", 0 0, L_000001bdf655f740;  1 drivers
v000001bdf64cf310_0 .net "ex_alu_eq_cur", 0 0, L_000001bdf64dedc0;  1 drivers
v000001bdf64d0710_0 .net "ex_alu_result_cur", 31 0, v000001bdf64b3510_0;  1 drivers
v000001bdf64cea50_0 .net "ex_alu_slt_cur", 0 0, L_000001bdf655cfe0;  1 drivers
v000001bdf64d05d0_0 .net "ex_branch_taken_cur", 0 0, L_000001bdf655ca30;  1 drivers
v000001bdf64d0530_0 .net "ex_branch_target_cur", 31 0, L_000001bdf64defa0;  1 drivers
v000001bdf64cf8b0_0 .net "ex_control_taken_cur", 0 0, L_000001bdf655caa0;  1 drivers
v000001bdf64cfe50_0 .net "ex_control_target_cur", 31 0, L_000001bdf64e0760;  1 drivers
v000001bdf64d0350_0 .net "ex_ex_match_rs1_cur", 0 0, L_000001bdf6559670;  1 drivers
v000001bdf64cef50_0 .net "ex_ex_match_rs2_cur", 0 0, L_000001bdf65588e0;  1 drivers
v000001bdf64cf450_0 .net "ex_forward_a_sel_cur", 1 0, L_000001bdf64de780;  1 drivers
v000001bdf64ceff0_0 .net "ex_forward_b_sel_cur", 1 0, L_000001bdf64dff40;  1 drivers
v000001bdf64ceaf0_0 .net "ex_jump_taken_cur", 0 0, L_000001bdf655dc90;  1 drivers
v000001bdf64ceeb0_0 .net "ex_jump_target_cur", 31 0, L_000001bdf64e0620;  1 drivers
v000001bdf64cfbd0_0 .net "ex_jump_target_raw_cur", 31 0, L_000001bdf64df860;  1 drivers
v000001bdf64cf1d0_0 .var "ex_mem_alu_result_cur", 31 0;
v000001bdf64ced70_0 .net "ex_mem_alu_result_next", 31 0, L_000001bdf655d440;  1 drivers
v000001bdf64cee10_0 .var "ex_mem_dmem_req_sent_cur", 0 0;
v000001bdf64cec30_0 .var "ex_mem_ebreak_cur", 0 0;
v000001bdf64d0c10_0 .net "ex_mem_ebreak_next", 0 0, L_000001bdf655e1d0;  1 drivers
v000001bdf64cf950_0 .net "ex_mem_forward_data_cur", 31 0, L_000001bdf64df900;  1 drivers
v000001bdf64d1070_0 .var "ex_mem_func3_cur", 2 0;
v000001bdf64cf4f0_0 .net "ex_mem_func3_next", 2 0, L_000001bdf655d600;  1 drivers
v000001bdf64cf9f0_0 .net "ex_mem_has_dmem_req_cur", 0 0, L_000001bdf655f510;  1 drivers
v000001bdf64cf630_0 .var "ex_mem_illegal_inst_cur", 0 0;
v000001bdf64cff90_0 .net "ex_mem_illegal_inst_next", 0 0, L_000001bdf655d910;  1 drivers
v000001bdf64cf090_0 .var "ex_mem_inst_cur", 31 0;
v000001bdf64cf130_0 .net "ex_mem_inst_next", 31 0, L_000001bdf655d050;  1 drivers
v000001bdf64cf270_0 .var "ex_mem_jump_cur", 0 0;
v000001bdf64cfb30_0 .net "ex_mem_jump_next", 0 0, L_000001bdf655d830;  1 drivers
v000001bdf64d00d0_0 .var "ex_mem_lui_cur", 0 0;
v000001bdf64cfc70_0 .net "ex_mem_lui_next", 0 0, L_000001bdf655d7c0;  1 drivers
v000001bdf64d0cb0_0 .var "ex_mem_mem_read_cur", 0 0;
v000001bdf64d03f0_0 .net "ex_mem_mem_read_next", 0 0, L_000001bdf655e0f0;  1 drivers
v000001bdf64cecd0_0 .var "ex_mem_mem_to_reg_cur", 0 0;
v000001bdf64d0d50_0 .net "ex_mem_mem_to_reg_next", 0 0, L_000001bdf655da60;  1 drivers
v000001bdf64cfdb0_0 .var "ex_mem_mem_write_cur", 0 0;
v000001bdf64d0490_0 .net "ex_mem_mem_write_next", 0 0, L_000001bdf655dfa0;  1 drivers
v000001bdf64d0170_0 .var "ex_mem_next_pc_cur", 31 0;
v000001bdf64cf810_0 .net "ex_mem_next_pc_next", 31 0, L_000001bdf655de50;  1 drivers
v000001bdf64d0a30_0 .var "ex_mem_offset_cur", 31 0;
v000001bdf64cfef0_0 .net "ex_mem_offset_next", 31 0, L_000001bdf655cb80;  1 drivers
v000001bdf64ceb90_0 .var "ex_mem_pc_cur", 31 0;
v000001bdf64cf3b0_0 .var "ex_mem_pc_misalign_trap_cur", 0 0;
v000001bdf64cf590_0 .net "ex_mem_pc_misalign_trap_next", 0 0, L_000001bdf655e160;  1 drivers
v000001bdf64cf6d0_0 .net "ex_mem_pc_next", 31 0, L_000001bdf655d280;  1 drivers
v000001bdf64d0030_0 .var "ex_mem_pc_plus4_cur", 31 0;
v000001bdf64d0670_0 .net "ex_mem_pc_plus4_next", 31 0, L_000001bdf655cb10;  1 drivers
v000001bdf64cf770_0 .var "ex_mem_rd_waddr_cur", 4 0;
v000001bdf64cfa90_0 .net "ex_mem_rd_waddr_next", 4 0, L_000001bdf655d360;  1 drivers
v000001bdf64d07b0_0 .var "ex_mem_reg_write_cur", 0 0;
v000001bdf64d0850_0 .net "ex_mem_reg_write_next", 0 0, L_000001bdf655d8a0;  1 drivers
v000001bdf64d08f0_0 .var "ex_mem_rs1_raddr_cur", 4 0;
v000001bdf64cfd10_0 .net "ex_mem_rs1_raddr_next", 4 0, L_000001bdf655d2f0;  1 drivers
v000001bdf64d0ad0_0 .var "ex_mem_rs1_rdata_cur", 31 0;
v000001bdf64d0990_0 .net "ex_mem_rs1_rdata_next", 31 0, L_000001bdf655d3d0;  1 drivers
v000001bdf64d0b70_0 .var "ex_mem_rs2_raddr_cur", 4 0;
v000001bdf64d0df0_0 .net "ex_mem_rs2_raddr_next", 4 0, L_000001bdf655dec0;  1 drivers
v000001bdf64d0f30_0 .var "ex_mem_rs2_rdata_cur", 31 0;
v000001bdf64d0fd0_0 .net "ex_mem_rs2_rdata_next", 31 0, L_000001bdf655d6e0;  1 drivers
v000001bdf64ce910_0 .var "ex_mem_store_data_cur", 31 0;
v000001bdf64ce9b0_0 .net "ex_mem_store_data_next", 31 0, L_000001bdf655d590;  1 drivers
v000001bdf64d2970_0 .var "ex_mem_valid_cur", 0 0;
v000001bdf64d14d0_0 .net "ex_mem_valid_next", 0 0, L_000001bdf655cf00;  1 drivers
v000001bdf64d25b0_0 .net "ex_next_pc_cur", 31 0, L_000001bdf64e09e0;  1 drivers
v000001bdf64d2290_0 .net "ex_operand1_cur", 31 0, L_000001bdf64de640;  1 drivers
v000001bdf64d2790_0 .net "ex_operand1_sel_cur", 1 0, L_000001bdf64de140;  1 drivers
v000001bdf64d1b10_0 .net "ex_operand2_cur", 31 0, L_000001bdf64de820;  1 drivers
v000001bdf64d1250_0 .net "ex_operand2_sel_cur", 1 0, L_000001bdf64def00;  1 drivers
v000001bdf64d2150_0 .net "ex_pc_misalign_trap_cur", 0 0, L_000001bdf655d670;  1 drivers
v000001bdf64d2bf0_0 .net "ex_redirect_cur", 0 0, L_000001bdf655ccd0;  1 drivers
v000001bdf64d1570_0 .net "ex_rs1_value_cur", 31 0, L_000001bdf64de460;  1 drivers
v000001bdf64d3190_0 .net "ex_rs2_value_cur", 31 0, L_000001bdf64de1e0;  1 drivers
v000001bdf64d2830_0 .net "ex_store_data_cur", 31 0, L_000001bdf655dad0;  1 drivers
v000001bdf64d1750_0 .var "halted_cur", 0 0;
v000001bdf64d1c50_0 .net "hazard_ex_cur", 0 0, L_000001bdf6558020;  1 drivers
v000001bdf64d11b0_0 .net "hazard_mem_cur", 0 0, L_000001bdf64ee5a8;  1 drivers
v000001bdf64d37d0_0 .net "hazard_stall_cur", 0 0, L_000001bdf6558db0;  1 drivers
v000001bdf64d12f0_0 .net "hazard_wb_cur", 0 0, L_000001bdf64ee5f0;  1 drivers
v000001bdf64d16b0_0 .net "i_clk", 0 0, v000001bdf64ce730_0;  1 drivers
v000001bdf64d32d0_0 .net "i_dmem_rdata", 31 0, L_000001bdf6560a80;  alias, 1 drivers
v000001bdf64d1390_0 .net "i_dmem_ready", 0 0, L_000001bdf65618f0;  alias, 1 drivers
v000001bdf64d34b0_0 .net "i_dmem_valid", 0 0, L_000001bdf6560e00;  alias, 1 drivers
v000001bdf64d1610_0 .net "i_imem_rdata", 31 0, L_000001bdf6561ab0;  alias, 1 drivers
v000001bdf64d17f0_0 .net "i_imem_ready", 0 0, L_000001bdf6560150;  alias, 1 drivers
v000001bdf64d1430_0 .net "i_imem_valid", 0 0, L_000001bdf65603f0;  alias, 1 drivers
v000001bdf64d3410_0 .net "i_rst", 0 0, v000001bdf64e3fa0_0;  1 drivers
v000001bdf64d21f0_0 .net "id_alu_op_cur", 2 0, L_000001bdf64dbbc0;  1 drivers
v000001bdf64d3870_0 .net "id_alu_src1_cur", 0 0, L_000001bdf6559fa0;  1 drivers
v000001bdf64d1110_0 .net "id_alu_src2_cur", 0 0, L_000001bdf655a010;  1 drivers
v000001bdf64d2650_0 .net "id_branch_cur", 0 0, L_000001bdf655b5f0;  1 drivers
v000001bdf64d20b0_0 .net "id_ebreak_cur", 0 0, L_000001bdf655a9b0;  1 drivers
v000001bdf64d1e30_0 .var "id_ex_alu_op_cur", 2 0;
v000001bdf64d2b50_0 .net "id_ex_alu_op_next", 2 0, L_000001bdf6559600;  1 drivers
v000001bdf64d3230_0 .var "id_ex_alu_src1_cur", 0 0;
v000001bdf64d3370_0 .net "id_ex_alu_src1_next", 0 0, L_000001bdf6559280;  1 drivers
v000001bdf64d1890_0 .var "id_ex_alu_src2_cur", 0 0;
v000001bdf64d2330_0 .net "id_ex_alu_src2_next", 0 0, L_000001bdf6558e90;  1 drivers
v000001bdf64d28d0_0 .var "id_ex_branch_cur", 0 0;
v000001bdf64d2470_0 .net "id_ex_branch_next", 0 0, L_000001bdf6558170;  1 drivers
v000001bdf64d2e70_0 .var "id_ex_ebreak_cur", 0 0;
v000001bdf64d1930_0 .net "id_ex_ebreak_next", 0 0, L_000001bdf6558090;  1 drivers
v000001bdf64d23d0_0 .var "id_ex_func3_cur", 2 0;
v000001bdf64d19d0_0 .net "id_ex_func3_next", 2 0, L_000001bdf64deaa0;  1 drivers
v000001bdf64d1a70_0 .var "id_ex_func7_cur", 6 0;
v000001bdf64d1cf0_0 .net "id_ex_func7_next", 6 0, L_000001bdf64e01c0;  1 drivers
v000001bdf64d2c90_0 .var "id_ex_illegal_inst_cur", 0 0;
v000001bdf64d1bb0_0 .net "id_ex_illegal_inst_next", 0 0, L_000001bdf6559050;  1 drivers
v000001bdf64d3550_0 .var "id_ex_inst_cur", 31 0;
v000001bdf64d2510_0 .net "id_ex_inst_next", 31 0, L_000001bdf6557fb0;  1 drivers
v000001bdf64d3690_0 .var "id_ex_jump_cur", 0 0;
v000001bdf64d35f0_0 .net "id_ex_jump_next", 0 0, L_000001bdf6559360;  1 drivers
v000001bdf64d2ab0_0 .var "id_ex_lui_cur", 0 0;
v000001bdf64d2a10_0 .net "id_ex_lui_next", 0 0, L_000001bdf65594b0;  1 drivers
v000001bdf64d3730_0 .var "id_ex_mem_read_cur", 0 0;
v000001bdf64d1d90_0 .net "id_ex_mem_read_next", 0 0, L_000001bdf6558bf0;  1 drivers
v000001bdf64d2d30_0 .var "id_ex_mem_to_reg_cur", 0 0;
v000001bdf64d26f0_0 .net "id_ex_mem_to_reg_next", 0 0, L_000001bdf65585d0;  1 drivers
v000001bdf64d1ed0_0 .var "id_ex_mem_write_cur", 0 0;
v000001bdf64d1f70_0 .net "id_ex_mem_write_next", 0 0, L_000001bdf6557bc0;  1 drivers
v000001bdf64d2dd0_0 .var "id_ex_offset_cur", 31 0;
v000001bdf64d2010_0 .net "id_ex_offset_next", 31 0, L_000001bdf6558b80;  1 drivers
v000001bdf64d2f10_0 .var "id_ex_opcode_cur", 6 0;
v000001bdf64d2fb0_0 .net "id_ex_opcode_next", 6 0, L_000001bdf64dfc20;  1 drivers
v000001bdf64d3050_0 .var "id_ex_pc_cur", 31 0;
v000001bdf64d30f0_0 .net "id_ex_pc_next", 31 0, L_000001bdf6559210;  1 drivers
v000001bdf64d3910_0 .var "id_ex_pc_plus4_cur", 31 0;
v000001bdf64d5b70_0 .net "id_ex_pc_plus4_next", 31 0, L_000001bdf6558e20;  1 drivers
v000001bdf64d6070_0 .var "id_ex_pc_src_cur", 0 0;
v000001bdf64d5a30_0 .net "id_ex_pc_src_next", 0 0, L_000001bdf6558aa0;  1 drivers
v000001bdf64d5030_0 .var "id_ex_rd_waddr_cur", 4 0;
v000001bdf64d4130_0 .net "id_ex_rd_waddr_next", 4 0, L_000001bdf6558560;  1 drivers
v000001bdf64d4770_0 .var "id_ex_reg_write_cur", 0 0;
v000001bdf64d41d0_0 .net "id_ex_reg_write_next", 0 0, L_000001bdf6557ca0;  1 drivers
v000001bdf64d5850_0 .var "id_ex_rs1_raddr_cur", 4 0;
v000001bdf64d5210_0 .net "id_ex_rs1_raddr_next", 4 0, L_000001bdf65582c0;  1 drivers
v000001bdf64d5170_0 .var "id_ex_rs1_rdata_cur", 31 0;
v000001bdf64d3cd0_0 .net "id_ex_rs1_rdata_next", 31 0, L_000001bdf6559520;  1 drivers
v000001bdf64d5490_0 .var "id_ex_rs2_raddr_cur", 4 0;
v000001bdf64d50d0_0 .net "id_ex_rs2_raddr_next", 4 0, L_000001bdf6557c30;  1 drivers
v000001bdf64d3eb0_0 .var "id_ex_rs2_rdata_cur", 31 0;
v000001bdf64d4810_0 .net "id_ex_rs2_rdata_next", 31 0, L_000001bdf6558f00;  1 drivers
v000001bdf64d5710_0 .var "id_ex_valid_cur", 0 0;
v000001bdf64d52b0_0 .net "id_ex_valid_next", 0 0, L_000001bdf6559130;  1 drivers
v000001bdf64d5ad0_0 .net "id_illegal_inst_cur", 0 0, L_000001bdf6559d00;  1 drivers
v000001bdf64d3b90_0 .net "id_jump_cur", 0 0, L_000001bdf655b900;  1 drivers
v000001bdf64d5530_0 .net "id_lui_cur", 0 0, L_000001bdf6559e50;  1 drivers
v000001bdf64d5e90_0 .net "id_mem_read_cur", 0 0, L_000001bdf655ae80;  1 drivers
v000001bdf64d3f50_0 .net "id_mem_to_reg_cur", 0 0, L_000001bdf655a320;  1 drivers
v000001bdf64d39b0_0 .net "id_mem_write_cur", 0 0, L_000001bdf655acc0;  1 drivers
v000001bdf64d58f0_0 .net "id_offset_cur", 31 0, L_000001bdf64e03a0;  1 drivers
v000001bdf64d5990_0 .net "id_opcode_cur", 6 0, L_000001bdf64e0120;  1 drivers
v000001bdf64d5c10_0 .net "id_pc_src_cur", 0 0, L_000001bdf6559f30;  1 drivers
v000001bdf64d5350_0 .net "id_rd_waddr_cur", 4 0, L_000001bdf64dbd00;  1 drivers
v000001bdf64d4270_0 .net "id_reg_write_cur", 0 0, L_000001bdf655b970;  1 drivers
v000001bdf64d4590_0 .net "id_rs1_raddr_cur", 4 0, L_000001bdf655b510;  1 drivers
v000001bdf64d4310_0 .net "id_rs1_rdata_cur", 31 0, L_000001bdf655b350;  1 drivers
v000001bdf64d43b0_0 .net "id_rs1_used_cur", 0 0, L_000001bdf65590c0;  1 drivers
v000001bdf64d5cb0_0 .net "id_rs2_ex_used_cur", 0 0, L_000001bdf6559440;  1 drivers
v000001bdf64d53f0_0 .net "id_rs2_raddr_cur", 4 0, L_000001bdf655ba50;  1 drivers
v000001bdf64d5d50_0 .net "id_rs2_rdata_cur", 31 0, L_000001bdf655b3c0;  1 drivers
v000001bdf64d4db0_0 .net "id_rs2_used_cur", 0 0, L_000001bdf6558410;  1 drivers
v000001bdf64d55d0_0 .net "if_id_buffer_available_cur", 0 0, L_000001bdf6559750;  1 drivers
v000001bdf64d5670_0 .net "if_id_consumed_cur", 0 0, L_000001bdf655ada0;  1 drivers
v000001bdf64d3a50_0 .var "if_id_inst_cur", 31 0;
v000001bdf64d3af0_0 .net "if_id_inst_next", 31 0, L_000001bdf655ae10;  1 drivers
v000001bdf64d5fd0_0 .var "if_id_pc_cur", 31 0;
v000001bdf64d3c30_0 .net "if_id_pc_next", 31 0, L_000001bdf655a710;  1 drivers
v000001bdf64d4e50_0 .var "if_id_pc_plus4_cur", 31 0;
v000001bdf64d3d70_0 .net "if_id_pc_plus4_next", 31 0, L_000001bdf64eb160;  1 drivers
v000001bdf64d4c70_0 .var "if_id_valid_cur", 0 0;
v000001bdf64d4ef0_0 .net "if_id_valid_next", 0 0, L_000001bdf65597c0;  1 drivers
v000001bdf64d4450_0 .net "if_inst_cur", 31 0, L_000001bdf6559d70;  1 drivers
v000001bdf64d3e10_0 .net "if_pc_cur", 31 0, L_000001bdf655b2e0;  1 drivers
v000001bdf64d57b0_0 .net "if_pc_plus4_cur", 31 0, L_000001bdf64eaa80;  1 drivers
v000001bdf64d3ff0_0 .net "imem_cache_busy_cur", 0 0, L_000001bdf63d1120;  1 drivers
v000001bdf64d44f0_0 .net "imem_cache_mem_addr_cur", 31 0, L_000001bdf64e7880;  1 drivers
v000001bdf64d5df0_0 .net "imem_cache_mem_ren_cur", 0 0, L_000001bdf63d12e0;  1 drivers
v000001bdf64d4090_0 .net "imem_cache_mem_wdata_cur", 31 0, L_000001bdf64e76a0;  1 drivers
v000001bdf64d48b0_0 .net "imem_cache_mem_wen_cur", 0 0, L_000001bdf63d1ba0;  1 drivers
v000001bdf64d4f90_0 .net "imem_cache_rdata_cur", 31 0, L_000001bdf63d09b0;  1 drivers
v000001bdf64d4630_0 .var "imem_pending_cur", 0 0;
v000001bdf64d46d0_0 .var "imem_pending_kill_cur", 0 0;
v000001bdf64d4950_0 .var "imem_pending_pc_cur", 31 0;
v000001bdf64d5f30_0 .net "imem_req_addr_cur", 31 0, L_000001bdf64eb520;  1 drivers
v000001bdf64d49f0_0 .net "imem_req_fire_cur", 0 0, L_000001bdf655a0f0;  1 drivers
v000001bdf64d4a90_0 .net "imem_resp_accept_cur", 0 0, L_000001bdf6559de0;  1 drivers
v000001bdf64d4b30_0 .net "imem_resp_fire_cur", 0 0, L_000001bdf655b190;  1 drivers
v000001bdf64d4bd0_0 .net "imem_resp_pc_cur", 31 0, L_000001bdf64eac60;  1 drivers
v000001bdf64d4d10_0 .net "mem_dcache_req_ren_cur", 0 0, L_000001bdf655f820;  1 drivers
v000001bdf64d7ab0_0 .net "mem_dcache_req_wen_cur", 0 0, L_000001bdf655fd60;  1 drivers
v000001bdf64d73d0_0 .net "mem_dmem_addr_cur", 31 0, L_000001bdf64e0b20;  1 drivers
v000001bdf64d7b50_0 .net "mem_dmem_mask_cur", 3 0, L_000001bdf655fa50;  1 drivers
v000001bdf64d7a10_0 .net "mem_dmem_ren_cur", 0 0, L_000001bdf655f430;  1 drivers
v000001bdf64d8690_0 .net "mem_dmem_ren_raw_cur", 0 0, L_000001bdf655f3c0;  1 drivers
v000001bdf64d6b10_0 .net "mem_dmem_wdata_cur", 31 0, L_000001bdf655f0b0;  1 drivers
v000001bdf64d6250_0 .net "mem_dmem_wen_cur", 0 0, L_000001bdf655e5c0;  1 drivers
v000001bdf64d62f0_0 .net "mem_dmem_wen_raw_cur", 0 0, L_000001bdf655fdd0;  1 drivers
v000001bdf64d7dd0_0 .net "mem_ex_match_rs1_cur", 0 0, L_000001bdf6558a30;  1 drivers
v000001bdf64d7d30_0 .net "mem_ex_match_rs2_cur", 0 0, L_000001bdf655dbb0;  1 drivers
v000001bdf64d6c50_0 .net "mem_load_data_cur", 31 0, L_000001bdf655e780;  1 drivers
v000001bdf64d7650_0 .net "mem_misalign_trap_cur", 0 0, L_000001bdf655ec50;  1 drivers
v000001bdf64d7830_0 .net "mem_read_en_cur", 0 0, L_000001bdf655e2b0;  1 drivers
v000001bdf64d7510_0 .net "mem_stage_complete_cur", 0 0, L_000001bdf655ecc0;  1 drivers
v000001bdf64d8730_0 .net "mem_stage_stall_cur", 0 0, L_000001bdf655f970;  1 drivers
v000001bdf64d61b0_0 .net "mem_store_data_cur", 31 0, L_000001bdf64e2240;  1 drivers
v000001bdf64d87d0_0 .net "mem_store_data_fwd_cur", 0 0, L_000001bdf655e470;  1 drivers
v000001bdf64d6390_0 .var "mem_wb_alu_result_cur", 31 0;
v000001bdf64d8550_0 .net "mem_wb_alu_result_next", 31 0, L_000001bdf64e2880;  1 drivers
v000001bdf64d7470_0 .var "mem_wb_dmem_addr_cur", 31 0;
v000001bdf64d84b0_0 .net "mem_wb_dmem_addr_next", 31 0, L_000001bdf64e1c00;  1 drivers
v000001bdf64d6930_0 .var "mem_wb_dmem_mask_cur", 3 0;
v000001bdf64d8230_0 .net "mem_wb_dmem_mask_next", 3 0, L_000001bdf64e1d40;  1 drivers
v000001bdf64d8410_0 .var "mem_wb_dmem_rdata_cur", 31 0;
v000001bdf64d7e70_0 .net "mem_wb_dmem_rdata_next", 31 0, L_000001bdf64e1de0;  1 drivers
v000001bdf64d8870_0 .var "mem_wb_dmem_ren_cur", 0 0;
v000001bdf64d6cf0_0 .net "mem_wb_dmem_ren_next", 0 0, L_000001bdf64e1ca0;  1 drivers
v000001bdf64d7f10_0 .var "mem_wb_dmem_wdata_cur", 31 0;
v000001bdf64d6e30_0 .net "mem_wb_dmem_wdata_next", 31 0, L_000001bdf64e2ec0;  1 drivers
v000001bdf64d7bf0_0 .var "mem_wb_dmem_wen_cur", 0 0;
v000001bdf64d6110_0 .net "mem_wb_dmem_wen_next", 0 0, L_000001bdf64e2920;  1 drivers
v000001bdf64d69d0_0 .var "mem_wb_ebreak_cur", 0 0;
v000001bdf64d7fb0_0 .net "mem_wb_ebreak_next", 0 0, L_000001bdf64e0940;  1 drivers
v000001bdf64d6750_0 .net "mem_wb_forward_data_cur", 31 0, L_000001bdf6558480;  1 drivers
v000001bdf64d78d0_0 .var "mem_wb_illegal_inst_cur", 0 0;
v000001bdf64d75b0_0 .net "mem_wb_illegal_inst_next", 0 0, L_000001bdf64e2ba0;  1 drivers
v000001bdf64d8050_0 .var "mem_wb_inst_cur", 31 0;
v000001bdf64d6d90_0 .net "mem_wb_inst_next", 31 0, L_000001bdf64e1f20;  1 drivers
v000001bdf64d76f0_0 .var "mem_wb_jump_cur", 0 0;
v000001bdf64d6430_0 .net "mem_wb_jump_next", 0 0, L_000001bdf64e2a60;  1 drivers
v000001bdf64d64d0_0 .var "mem_wb_load_data_cur", 31 0;
v000001bdf64d6ed0_0 .net "mem_wb_load_data_next", 31 0, L_000001bdf64e1b60;  1 drivers
v000001bdf64d7c90_0 .var "mem_wb_lui_cur", 0 0;
v000001bdf64d67f0_0 .net "mem_wb_lui_next", 0 0, L_000001bdf64e2100;  1 drivers
v000001bdf64d8370_0 .var "mem_wb_mem_to_reg_cur", 0 0;
v000001bdf64d80f0_0 .net "mem_wb_mem_to_reg_next", 0 0, L_000001bdf64e1e80;  1 drivers
v000001bdf64d8190_0 .var "mem_wb_misalign_trap_cur", 0 0;
v000001bdf64d6570_0 .net "mem_wb_misalign_trap_next", 0 0, L_000001bdf64e3000;  1 drivers
v000001bdf64d82d0_0 .var "mem_wb_next_pc_cur", 31 0;
v000001bdf64d66b0_0 .net "mem_wb_next_pc_next", 31 0, L_000001bdf64e1840;  1 drivers
v000001bdf64d7970_0 .var "mem_wb_offset_cur", 31 0;
v000001bdf64d7150_0 .net "mem_wb_offset_next", 31 0, L_000001bdf64e2d80;  1 drivers
v000001bdf64d85f0_0 .var "mem_wb_pc_cur", 31 0;
v000001bdf64d7790_0 .var "mem_wb_pc_misalign_trap_cur", 0 0;
v000001bdf64d6610_0 .net "mem_wb_pc_misalign_trap_next", 0 0, L_000001bdf64e2f60;  1 drivers
v000001bdf64d6890_0 .net "mem_wb_pc_next", 31 0, L_000001bdf64e2740;  1 drivers
v000001bdf64d6a70_0 .var "mem_wb_pc_plus4_cur", 31 0;
v000001bdf64d6bb0_0 .net "mem_wb_pc_plus4_next", 31 0, L_000001bdf64e0e40;  1 drivers
v000001bdf64d6f70_0 .var "mem_wb_rd_waddr_cur", 4 0;
v000001bdf64d7010_0 .net "mem_wb_rd_waddr_next", 4 0, L_000001bdf64e18e0;  1 drivers
v000001bdf64d70b0_0 .var "mem_wb_reg_write_cur", 0 0;
v000001bdf64d71f0_0 .net "mem_wb_reg_write_next", 0 0, L_000001bdf64e2b00;  1 drivers
v000001bdf64d7290_0 .var "mem_wb_rs1_raddr_cur", 4 0;
v000001bdf64d7330_0 .net "mem_wb_rs1_raddr_next", 4 0, L_000001bdf64e17a0;  1 drivers
v000001bdf64d96d0_0 .var "mem_wb_rs1_rdata_cur", 31 0;
v000001bdf64d8910_0 .net "mem_wb_rs1_rdata_next", 31 0, L_000001bdf64e27e0;  1 drivers
v000001bdf64d8a50_0 .var "mem_wb_rs2_raddr_cur", 4 0;
v000001bdf64d8b90_0 .net "mem_wb_rs2_raddr_next", 4 0, L_000001bdf64e21a0;  1 drivers
v000001bdf64d9090_0 .var "mem_wb_rs2_rdata_cur", 31 0;
v000001bdf64d8cd0_0 .net "mem_wb_rs2_rdata_next", 31 0, L_000001bdf64e1a20;  1 drivers
v000001bdf64d8af0_0 .var "mem_wb_valid_cur", 0 0;
v000001bdf64d8c30_0 .net "mem_wb_valid_next", 0 0, L_000001bdf655ed30;  1 drivers
v000001bdf64d9590_0 .net "mem_write_en_cur", 0 0, L_000001bdf655d980;  1 drivers
v000001bdf64d89b0_0 .net "o_dmem_addr", 31 0, L_000001bdf655e550;  alias, 1 drivers
v000001bdf64d93b0_0 .net "o_dmem_mask", 3 0, L_000001bdf64e26a0;  alias, 1 drivers
v000001bdf64d8d70_0 .net "o_dmem_ren", 0 0, L_000001bdf655f890;  alias, 1 drivers
v000001bdf64d8e10_0 .net "o_dmem_wdata", 31 0, L_000001bdf655e710;  alias, 1 drivers
v000001bdf64d8eb0_0 .net "o_dmem_wen", 0 0, L_000001bdf655feb0;  alias, 1 drivers
v000001bdf64d8ff0_0 .net "o_imem_raddr", 31 0, L_000001bdf655a4e0;  alias, 1 drivers
v000001bdf64d9770_0 .net "o_imem_ren", 0 0, L_000001bdf655ab00;  alias, 1 drivers
v000001bdf64d9130_0 .net "o_retire_dmem_addr", 31 0, L_000001bdf655f270;  alias, 1 drivers
v000001bdf64d9270_0 .net "o_retire_dmem_mask", 3 0, L_000001bdf655fc10;  alias, 1 drivers
v000001bdf64d91d0_0 .net "o_retire_dmem_rdata", 31 0, L_000001bdf6560070;  alias, 1 drivers
v000001bdf64d8f50_0 .net "o_retire_dmem_ren", 0 0, L_000001bdf655f2e0;  alias, 1 drivers
v000001bdf64d9310_0 .net "o_retire_dmem_wdata", 31 0, L_000001bdf655f4a0;  alias, 1 drivers
v000001bdf64d9450_0 .net "o_retire_dmem_wen", 0 0, L_000001bdf65600e0;  alias, 1 drivers
v000001bdf64d94f0_0 .net "o_retire_halt", 0 0, L_000001bdf655ff20;  alias, 1 drivers
v000001bdf64d9630_0 .net "o_retire_inst", 31 0, L_000001bdf655f200;  alias, 1 drivers
v000001bdf64c9ff0_0 .net "o_retire_next_pc", 31 0, L_000001bdf655f580;  alias, 1 drivers
v000001bdf64c9a50_0 .net "o_retire_pc", 31 0, L_000001bdf655fc80;  alias, 1 drivers
v000001bdf64ca4f0_0 .net "o_retire_rd_waddr", 4 0, L_000001bdf6578980;  alias, 1 drivers
v000001bdf64cb3f0_0 .net "o_retire_rd_wdata", 31 0, L_000001bdf655f190;  alias, 1 drivers
v000001bdf64cb170_0 .net "o_retire_rs1_raddr", 4 0, L_000001bdf655f350;  alias, 1 drivers
v000001bdf64cb2b0_0 .net "o_retire_rs1_rdata", 31 0, L_000001bdf655ebe0;  alias, 1 drivers
v000001bdf64ca630_0 .net "o_retire_rs2_raddr", 4 0, L_000001bdf655e8d0;  alias, 1 drivers
v000001bdf64cb990_0 .net "o_retire_rs2_rdata", 31 0, L_000001bdf655ff90;  alias, 1 drivers
v000001bdf64cbcb0_0 .net "o_retire_trap", 0 0, L_000001bdf655fba0;  alias, 1 drivers
v000001bdf64ca950_0 .net "o_retire_valid", 0 0, L_000001bdf655e7f0;  alias, 1 drivers
v000001bdf64c9cd0_0 .var "pc_cur", 31 0;
v000001bdf64cb490_0 .net "pc_next", 31 0, L_000001bdf64eb7a0;  1 drivers
v000001bdf64cb0d0_0 .net "retire_halt_cur", 0 0, L_000001bdf655ee10;  1 drivers
v000001bdf64c9af0_0 .net "wb_trap_cur", 0 0, L_000001bdf655eef0;  1 drivers
v000001bdf64cad10_0 .net "wb_write_data_cur", 31 0, L_000001bdf6578480;  1 drivers
v000001bdf64ca770_0 .net "wb_write_enable_cur", 0 0, L_000001bdf655f9e0;  1 drivers
L_000001bdf64eaa80 .arith/sum 32, v000001bdf64c9cd0_0, L_000001bdf64ed7e0;
L_000001bdf64eb7a0 .functor MUXZ 32, L_000001bdf64eaa80, L_000001bdf64e0760, L_000001bdf655ccd0, C4<>;
L_000001bdf64eb520 .functor MUXZ 32, L_000001bdf655b2e0, v000001bdf64d4950_0, v000001bdf64d4630_0, C4<>;
L_000001bdf64eac60 .functor MUXZ 32, L_000001bdf655b2e0, v000001bdf64d4950_0, v000001bdf64d4630_0, C4<>;
L_000001bdf64eb160 .arith/sum 32, L_000001bdf64eac60, L_000001bdf64ed828;
L_000001bdf64e0120 .part v000001bdf64d3a50_0, 0, 7;
L_000001bdf64de3c0 .cmp/eq 7, L_000001bdf64e0120, L_000001bdf64ee248;
L_000001bdf64df360 .cmp/eq 7, L_000001bdf64e0120, L_000001bdf64ee290;
L_000001bdf64de5a0 .cmp/eq 7, L_000001bdf64e0120, L_000001bdf64ee2d8;
L_000001bdf64dffe0 .cmp/eq 7, L_000001bdf64e0120, L_000001bdf64ee320;
L_000001bdf64df0e0 .cmp/eq 7, L_000001bdf64e0120, L_000001bdf64ee368;
L_000001bdf64df5e0 .cmp/eq 7, L_000001bdf64e0120, L_000001bdf64ee3b0;
L_000001bdf64e0080 .cmp/eq 7, L_000001bdf64e0120, L_000001bdf64ee3f8;
L_000001bdf64dfe00 .cmp/eq 7, L_000001bdf64e0120, L_000001bdf64ee440;
L_000001bdf64dfae0 .cmp/eq 7, L_000001bdf64e0120, L_000001bdf64ee488;
L_000001bdf64de280 .cmp/eq 7, L_000001bdf64e0120, L_000001bdf64ee4d0;
L_000001bdf64df400 .cmp/eq 7, L_000001bdf64e0120, L_000001bdf64ee518;
L_000001bdf64e08a0 .cmp/ne 5, v000001bdf64d5030_0, L_000001bdf64ee560;
L_000001bdf64dfb80 .cmp/eq 5, L_000001bdf655b510, v000001bdf64d5030_0;
L_000001bdf64df4a0 .cmp/eq 5, L_000001bdf655ba50, v000001bdf64d5030_0;
L_000001bdf64dfc20 .part v000001bdf64d3a50_0, 0, 7;
L_000001bdf64deaa0 .part v000001bdf64d3a50_0, 12, 3;
L_000001bdf64e01c0 .part v000001bdf64d3a50_0, 25, 7;
L_000001bdf64df180 .functor MUXZ 32, v000001bdf64cf1d0_0, v000001bdf64d0a30_0, v000001bdf64d00d0_0, C4<>;
L_000001bdf64df900 .functor MUXZ 32, L_000001bdf64df180, v000001bdf64d0030_0, v000001bdf64cf270_0, C4<>;
L_000001bdf64dfa40 .cmp/ne 5, v000001bdf64cf770_0, L_000001bdf64ee638;
L_000001bdf64dfcc0 .cmp/eq 5, v000001bdf64cf770_0, v000001bdf64d5850_0;
L_000001bdf64dec80 .cmp/ne 5, v000001bdf64cf770_0, L_000001bdf64ee680;
L_000001bdf64de6e0 .cmp/eq 5, v000001bdf64cf770_0, v000001bdf64d5490_0;
L_000001bdf64de960 .cmp/ne 5, v000001bdf64d6f70_0, L_000001bdf64ee6c8;
L_000001bdf64e0300 .cmp/eq 5, v000001bdf64d6f70_0, v000001bdf64d5850_0;
L_000001bdf64de320 .cmp/ne 5, v000001bdf64d6f70_0, L_000001bdf64ee710;
L_000001bdf64dee60 .cmp/eq 5, v000001bdf64d6f70_0, v000001bdf64d5490_0;
L_000001bdf64dfd60 .functor MUXZ 2, L_000001bdf64ee7e8, L_000001bdf64ee7a0, L_000001bdf6558a30, C4<>;
L_000001bdf64de780 .functor MUXZ 2, L_000001bdf64dfd60, L_000001bdf64ee758, L_000001bdf6559670, C4<>;
L_000001bdf64dfea0 .functor MUXZ 2, L_000001bdf64ee8c0, L_000001bdf64ee878, L_000001bdf655dbb0, C4<>;
L_000001bdf64dff40 .functor MUXZ 2, L_000001bdf64dfea0, L_000001bdf64ee830, L_000001bdf65588e0, C4<>;
L_000001bdf64de140 .functor MUXZ 2, L_000001bdf64de780, L_000001bdf64ee908, v000001bdf64d3230_0, C4<>;
L_000001bdf64def00 .functor MUXZ 2, L_000001bdf64dff40, L_000001bdf64ee950, v000001bdf64d1890_0, C4<>;
L_000001bdf64e0260 .cmp/eq 2, L_000001bdf64de780, L_000001bdf64ee998;
L_000001bdf64dea00 .cmp/eq 2, L_000001bdf64de780, L_000001bdf64ee9e0;
L_000001bdf64df680 .functor MUXZ 32, v000001bdf64d5170_0, L_000001bdf6558480, L_000001bdf64dea00, C4<>;
L_000001bdf64de460 .functor MUXZ 32, L_000001bdf64df680, L_000001bdf64df900, L_000001bdf64e0260, C4<>;
L_000001bdf64de500 .cmp/eq 2, L_000001bdf64dff40, L_000001bdf64eea28;
L_000001bdf64df540 .cmp/eq 2, L_000001bdf64dff40, L_000001bdf64eea70;
L_000001bdf64ded20 .functor MUXZ 32, v000001bdf64d3eb0_0, L_000001bdf6558480, L_000001bdf64df540, C4<>;
L_000001bdf64de1e0 .functor MUXZ 32, L_000001bdf64ded20, L_000001bdf64df900, L_000001bdf64de500, C4<>;
L_000001bdf64deb40 .cmp/eq 2, L_000001bdf64de140, L_000001bdf64eeab8;
L_000001bdf64de640 .functor MUXZ 32, L_000001bdf64de460, v000001bdf64d3050_0, L_000001bdf64deb40, C4<>;
L_000001bdf64df720 .cmp/eq 2, L_000001bdf64def00, L_000001bdf64eeb00;
L_000001bdf64de820 .functor MUXZ 32, L_000001bdf64de1e0, v000001bdf64d2dd0_0, L_000001bdf64df720, C4<>;
L_000001bdf64defa0 .arith/sum 32, v000001bdf64d3050_0, v000001bdf64d2dd0_0;
L_000001bdf64df040 .arith/sum 32, L_000001bdf64de640, v000001bdf64d2dd0_0;
L_000001bdf64e04e0 .arith/sum 32, v000001bdf64d3050_0, v000001bdf64d2dd0_0;
L_000001bdf64df860 .functor MUXZ 32, L_000001bdf64e04e0, L_000001bdf64df040, v000001bdf64d6070_0, C4<>;
L_000001bdf64df2c0 .part L_000001bdf64df860, 1, 31;
L_000001bdf64e0580 .concat [ 1 31 0 0], L_000001bdf64eeb48, L_000001bdf64df2c0;
L_000001bdf64e0620 .functor MUXZ 32, L_000001bdf64df860, L_000001bdf64e0580, v000001bdf64d6070_0, C4<>;
L_000001bdf64e0760 .functor MUXZ 32, L_000001bdf64defa0, L_000001bdf64e0620, v000001bdf64d3690_0, C4<>;
L_000001bdf64e0800 .cmp/eq 3, v000001bdf64d23d0_0, L_000001bdf64eeb90;
L_000001bdf64e2e20 .cmp/eq 3, v000001bdf64d23d0_0, L_000001bdf64eebd8;
L_000001bdf64e24c0 .cmp/eq 3, v000001bdf64d23d0_0, L_000001bdf64eec20;
L_000001bdf64e0f80 .cmp/eq 3, v000001bdf64d23d0_0, L_000001bdf64eec68;
L_000001bdf64e30a0 .cmp/eq 3, v000001bdf64d23d0_0, L_000001bdf64eecb0;
L_000001bdf64e2060 .cmp/eq 3, v000001bdf64d23d0_0, L_000001bdf64eecf8;
L_000001bdf64e1200 .functor MUXZ 1, L_000001bdf64eed40, L_000001bdf655dc20, L_000001bdf64e2060, C4<>;
L_000001bdf64e1160 .functor MUXZ 1, L_000001bdf64e1200, L_000001bdf655cfe0, L_000001bdf64e30a0, C4<>;
L_000001bdf64e2c40 .functor MUXZ 1, L_000001bdf64e1160, L_000001bdf655ce90, L_000001bdf64e0f80, C4<>;
L_000001bdf64e0d00 .functor MUXZ 1, L_000001bdf64e2c40, L_000001bdf655cfe0, L_000001bdf64e24c0, C4<>;
L_000001bdf64e1ac0 .functor MUXZ 1, L_000001bdf64e0d00, L_000001bdf655d130, L_000001bdf64e2e20, C4<>;
L_000001bdf64e1340 .functor MUXZ 1, L_000001bdf64e1ac0, L_000001bdf64dedc0, L_000001bdf64e0800, C4<>;
L_000001bdf64e0a80 .part L_000001bdf64e0760, 0, 2;
L_000001bdf64e0ee0 .reduce/or L_000001bdf64e0a80;
L_000001bdf64e09e0 .functor MUXZ 32, v000001bdf64d3910_0, L_000001bdf64e0760, L_000001bdf655ccd0, C4<>;
L_000001bdf64e12a0 .cmp/ne 5, v000001bdf64d6f70_0, L_000001bdf64eed88;
L_000001bdf64e2420 .cmp/eq 5, v000001bdf64d6f70_0, v000001bdf64d0b70_0;
L_000001bdf64e2240 .functor MUXZ 32, v000001bdf64ce910_0, v000001bdf64d64d0_0, L_000001bdf655e470, C4<>;
L_000001bdf64e26a0 .functor MUXZ 4, L_000001bdf64ef058, L_000001bdf64ef010, L_000001bdf655fb30, C4<>;
L_000001bdf64e2740 .functor MUXZ 32, L_000001bdf64ef0a0, v000001bdf64ceb90_0, L_000001bdf655ecc0, C4<>;
L_000001bdf64e0e40 .functor MUXZ 32, L_000001bdf64ef0e8, v000001bdf64d0030_0, L_000001bdf655ecc0, C4<>;
L_000001bdf64e1840 .functor MUXZ 32, L_000001bdf64ef130, v000001bdf64d0170_0, L_000001bdf655ecc0, C4<>;
L_000001bdf64e1f20 .functor MUXZ 32, L_000001bdf64ef178, v000001bdf64cf090_0, L_000001bdf655ecc0, C4<>;
L_000001bdf64e17a0 .functor MUXZ 5, L_000001bdf64ef1c0, v000001bdf64d08f0_0, L_000001bdf655ecc0, C4<>;
L_000001bdf64e21a0 .functor MUXZ 5, L_000001bdf64ef208, v000001bdf64d0b70_0, L_000001bdf655ecc0, C4<>;
L_000001bdf64e18e0 .functor MUXZ 5, L_000001bdf64ef250, v000001bdf64cf770_0, L_000001bdf655ecc0, C4<>;
L_000001bdf64e27e0 .functor MUXZ 32, L_000001bdf64ef298, v000001bdf64d0ad0_0, L_000001bdf655ecc0, C4<>;
L_000001bdf64e1a20 .functor MUXZ 32, L_000001bdf64ef2e0, v000001bdf64d0f30_0, L_000001bdf655ecc0, C4<>;
L_000001bdf64e2d80 .functor MUXZ 32, L_000001bdf64ef328, v000001bdf64d0a30_0, L_000001bdf655ecc0, C4<>;
L_000001bdf64e2880 .functor MUXZ 32, L_000001bdf64ef370, v000001bdf64cf1d0_0, L_000001bdf655ecc0, C4<>;
L_000001bdf64e1b60 .functor MUXZ 32, L_000001bdf64ef3b8, L_000001bdf655e780, L_000001bdf655f740, C4<>;
L_000001bdf64e1c00 .functor MUXZ 32, L_000001bdf64ef400, L_000001bdf64e0b20, L_000001bdf655ecc0, C4<>;
L_000001bdf64e1ca0 .functor MUXZ 1, L_000001bdf64ef448, L_000001bdf655f3c0, L_000001bdf655ecc0, C4<>;
L_000001bdf64e2920 .functor MUXZ 1, L_000001bdf64ef490, L_000001bdf655fdd0, L_000001bdf655ecc0, C4<>;
L_000001bdf64e1d40 .functor MUXZ 4, L_000001bdf64ef4d8, L_000001bdf655fa50, L_000001bdf655ecc0, C4<>;
L_000001bdf64e2ec0 .functor MUXZ 32, L_000001bdf64ef520, L_000001bdf655f0b0, L_000001bdf655ecc0, C4<>;
L_000001bdf64e1de0 .functor MUXZ 32, L_000001bdf64ef568, L_000001bdf655b120, L_000001bdf655f740, C4<>;
L_000001bdf64e1e80 .functor MUXZ 1, L_000001bdf64ef5b0, v000001bdf64cecd0_0, L_000001bdf655ecc0, C4<>;
L_000001bdf64e2100 .functor MUXZ 1, L_000001bdf64ef5f8, v000001bdf64d00d0_0, L_000001bdf655ecc0, C4<>;
L_000001bdf64e2a60 .functor MUXZ 1, L_000001bdf64ef640, v000001bdf64cf270_0, L_000001bdf655ecc0, C4<>;
L_000001bdf64e2b00 .functor MUXZ 1, L_000001bdf64ef688, v000001bdf64d07b0_0, L_000001bdf655ecc0, C4<>;
L_000001bdf64e2ba0 .functor MUXZ 1, L_000001bdf64ef6d0, v000001bdf64cf630_0, L_000001bdf655ecc0, C4<>;
L_000001bdf64e2f60 .functor MUXZ 1, L_000001bdf64ef718, v000001bdf64cf3b0_0, L_000001bdf655ecc0, C4<>;
L_000001bdf64e3000 .functor MUXZ 1, L_000001bdf64ef760, L_000001bdf655ec50, L_000001bdf655ecc0, C4<>;
L_000001bdf64e0940 .functor MUXZ 1, L_000001bdf64ef7a8, v000001bdf64cec30_0, L_000001bdf655ecc0, C4<>;
L_000001bdf6578980 .functor MUXZ 5, L_000001bdf64ef7f0, v000001bdf64d6f70_0, L_000001bdf655f9e0, C4<>;
S_000001bdf5dda5c0 .scope module, "u_dcache" "cache" 3 487, 4 3 0, S_000001bdf6260f70;
 .timescale -9 -12;
    .port_info 0 /INPUT 1 "i_clk";
    .port_info 1 /INPUT 1 "i_rst";
    .port_info 2 /INPUT 1 "i_mem_ready";
    .port_info 3 /OUTPUT 32 "o_mem_addr";
    .port_info 4 /OUTPUT 1 "o_mem_ren";
    .port_info 5 /OUTPUT 1 "o_mem_wen";
    .port_info 6 /OUTPUT 32 "o_mem_wdata";
    .port_info 7 /INPUT 32 "i_mem_rdata";
    .port_info 8 /INPUT 1 "i_mem_valid";
    .port_info 9 /OUTPUT 1 "o_busy";
    .port_info 10 /INPUT 32 "i_req_addr";
    .port_info 11 /INPUT 1 "i_req_ren";
    .port_info 12 /INPUT 1 "i_req_wen";
    .port_info 13 /INPUT 4 "i_req_mask";
    .port_info 14 /INPUT 32 "i_req_wdata";
    .port_info 15 /OUTPUT 32 "o_res_rdata";
P_000001bdf625cae0 .param/l "D" 1 4 25, +C4<00000000000000000000000000000100>;
P_000001bdf625cb18 .param/l "DEPTH" 1 4 23, +C4<00000000000000000000000000100000>;
P_000001bdf625cb50 .param/l "O" 1 4 21, +C4<00000000000000000000000000000100>;
P_000001bdf625cb88 .param/l "REFILL_LAST_WORD" 1 4 37, C4<11>;
P_000001bdf625cbc0 .param/l "S" 1 4 22, +C4<00000000000000000000000000000101>;
P_000001bdf625cbf8 .param/l "STATE_IDLE" 1 4 27, C4<00>;
P_000001bdf625cc30 .param/l "STATE_REFILL_REQ" 1 4 28, C4<01>;
P_000001bdf625cc68 .param/l "STATE_REFILL_WAIT" 1 4 29, C4<10>;
P_000001bdf625cca0 .param/l "STATE_WRITE_REQ" 1 4 30, C4<11>;
P_000001bdf625ccd8 .param/l "T" 1 4 24, +C4<00000000000000000000000000010111>;
P_000001bdf625cd10 .param/l "WB_COUNT_FULL" 1 4 36, C4<1000>;
P_000001bdf625cd48 .param/l "WB_COUNT_W" 1 4 34, +C4<00000000000000000000000000000100>;
P_000001bdf625cd80 .param/l "WB_COUNT_ZERO" 1 4 35, C4<0000>;
P_000001bdf625cdb8 .param/l "WB_DEPTH" 1 4 32, +C4<00000000000000000000000000001000>;
P_000001bdf625cdf0 .param/l "WB_PTR_W" 1 4 33, +C4<00000000000000000000000000000011>;
L_000001bdf63d0400 .functor AND 1, L_000001bdf64e6840, L_000001bdf64e5e40, C4<1>, C4<1>;
L_000001bdf63d0630 .functor AND 1, L_000001bdf64e7740, L_000001bdf64e6020, C4<1>, C4<1>;
L_000001bdf63d07f0 .functor OR 1, L_000001bdf63d0400, L_000001bdf63d0630, C4<0>, C4<0>;
L_000001bdf63d08d0 .functor BUFZ 32, L_000001bdf64e60c0, C4<00000000000000000000000000000000>, C4<00000000000000000000000000000000>, C4<00000000000000000000000000000000>;
L_000001bdf63d0d30 .functor BUFZ 32, L_000001bdf64e8320, C4<00000000000000000000000000000000>, C4<00000000000000000000000000000000>, C4<00000000000000000000000000000000>;
L_000001bdf63d0780 .functor NOT 1, L_000001bdf63d07f0, C4<0>, C4<0>, C4<0>;
L_000001bdf63d0860 .functor AND 1, L_000001bdf655f820, L_000001bdf63d0780, C4<1>, C4<1>;
L_000001bdf63d0940 .functor NOT 1, L_000001bdf63d07f0, C4<0>, C4<0>, C4<0>;
L_000001bdf63d1c10 .functor AND 1, L_000001bdf655fd60, L_000001bdf63d0940, C4<1>, C4<1>;
L_000001bdf63d1890 .functor NOT 1, L_000001bdf64e6840, C4<0>, C4<0>, C4<0>;
L_000001bdf63d1a50 .functor NOT 1, L_000001bdf64e7740, C4<0>, C4<0>, C4<0>;
L_000001bdf63d0a20 .functor BUFZ 1, L_000001bdf63d0630, C4<0>, C4<0>, C4<0>;
L_000001bdf63d1b30 .functor NOT 32, L_000001bdf64e99a0, C4<00000000000000000000000000000000>, C4<00000000000000000000000000000000>, C4<00000000000000000000000000000000>;
L_000001bdf63d1ac0 .functor AND 32, L_000001bdf64e8280, L_000001bdf63d1b30, C4<11111111111111111111111111111111>, C4<11111111111111111111111111111111>;
L_000001bdf63d0be0 .functor AND 32, L_000001bdf655f0b0, L_000001bdf64e99a0, C4<11111111111111111111111111111111>, C4<11111111111111111111111111111111>;
L_000001bdf63d1190 .functor OR 32, L_000001bdf63d1ac0, L_000001bdf63d0be0, C4<00000000000000000000000000000000>, C4<00000000000000000000000000000000>;
L_000001bdf63d0a90 .functor OR 32, L_000001bdf64e9e00, L_000001bdf64e83c0, C4<00000000000000000000000000000000>, C4<00000000000000000000000000000000>;
L_000001bdf64ecfb8 .functor BUFT 1, C4<0>, C4<0>, C4<0>, C4<0>;
L_000001bdf63d0b00 .functor XNOR 1, v000001bdf64a8b20_0, L_000001bdf64ecfb8, C4<0>, C4<0>;
L_000001bdf63d0b70 .functor NOT 32, L_000001bdf64e9a40, C4<00000000000000000000000000000000>, C4<00000000000000000000000000000000>, C4<00000000000000000000000000000000>;
L_000001bdf63d0cc0 .functor AND 32, L_000001bdf64e9cc0, L_000001bdf63d0b70, C4<11111111111111111111111111111111>, C4<11111111111111111111111111111111>;
L_000001bdf63d15f0 .functor AND 32, v000001bdf64a8bc0_0, L_000001bdf64e9a40, C4<11111111111111111111111111111111>, C4<11111111111111111111111111111111>;
L_000001bdf63d0da0 .functor OR 32, L_000001bdf63d0cc0, L_000001bdf63d15f0, C4<00000000000000000000000000000000>, C4<00000000000000000000000000000000>;
L_000001bdf63d0e10 .functor OR 1, L_000001bdf63d0860, L_000001bdf63d1c10, C4<0>, C4<0>;
L_000001bdf63d0ef0 .functor AND 1, L_000001bdf64e95e0, L_000001bdf63d0e10, C4<1>, C4<1>;
L_000001bdf63d1350 .functor NOT 1, v000001bdf64aa560_0, C4<0>, C4<0>, C4<0>;
L_000001bdf63d1270 .functor AND 1, L_000001bdf64e8a00, L_000001bdf63d1350, C4<1>, C4<1>;
L_000001bdf63d0f60 .functor AND 1, L_000001bdf63d1270, L_000001bdf65618f0, C4<1>, C4<1>;
L_000001bdf63d13c0 .functor AND 1, L_000001bdf64e9680, L_000001bdf64e9860, C4<1>, C4<1>;
L_000001bdf63d1040 .functor AND 1, L_000001bdf63d13c0, L_000001bdf64e9ae0, C4<1>, C4<1>;
L_000001bdf63d1660 .functor AND 1, L_000001bdf63d1040, L_000001bdf65618f0, C4<1>, C4<1>;
L_000001bdf63d1740 .functor NOT 1, L_000001bdf63d0ef0, C4<0>, C4<0>, C4<0>;
L_000001bdf63d1820 .functor AND 1, L_000001bdf63d1660, L_000001bdf63d1740, C4<1>, C4<1>;
L_000001bdf63d1900 .functor OR 1, L_000001bdf64e9d60, L_000001bdf63d1820, C4<0>, C4<0>;
L_000001bdf63d1970 .functor AND 1, L_000001bdf64e9ea0, L_000001bdf655fd60, C4<1>, C4<1>;
L_000001bdf63228f0 .functor AND 1, L_000001bdf63d1970, L_000001bdf63d07f0, C4<1>, C4<1>;
L_000001bdf6321070 .functor AND 1, L_000001bdf63228f0, L_000001bdf63d1900, C4<1>, C4<1>;
L_000001bdf6324790 .functor AND 1, L_000001bdf64e9f40, L_000001bdf655fd60, C4<1>, C4<1>;
L_000001bdf62150d0 .functor AND 1, L_000001bdf6324790, L_000001bdf63d07f0, C4<1>, C4<1>;
L_000001bdf5dd7790 .functor NOT 1, L_000001bdf63d1900, C4<0>, C4<0>, C4<0>;
L_000001bdf625d960 .functor AND 1, L_000001bdf62150d0, L_000001bdf5dd7790, C4<1>, C4<1>;
L_000001bdf6559a60 .functor AND 1, L_000001bdf64e9fe0, L_000001bdf63d1900, C4<1>, C4<1>;
L_000001bdf655a2b0 .functor OR 1, L_000001bdf6321070, L_000001bdf6559a60, C4<0>, C4<0>;
L_000001bdf655a860 .functor BUFZ 1, L_000001bdf63d0f60, C4<0>, C4<0>, C4<0>;
L_000001bdf655a400 .functor BUFZ 1, L_000001bdf63d1820, C4<0>, C4<0>, C4<0>;
L_000001bdf655ac50 .functor OR 1, L_000001bdf63d0860, L_000001bdf63d1c10, C4<0>, C4<0>;
L_000001bdf6559ec0 .functor OR 1, L_000001bdf655ac50, L_000001bdf625d960, C4<0>, C4<0>;
L_000001bdf655aa90 .functor AND 1, L_000001bdf64eb0c0, L_000001bdf6559ec0, C4<1>, C4<1>;
L_000001bdf655a630 .functor OR 1, L_000001bdf64ea940, L_000001bdf655aa90, C4<0>, C4<0>;
L_000001bdf655b120 .functor BUFZ 32, L_000001bdf64e8280, C4<00000000000000000000000000000000>, C4<00000000000000000000000000000000>, C4<00000000000000000000000000000000>;
v000001bdf63d69a0_0 .net *"_ivl_10", 22 0, L_000001bdf64e77e0;  1 drivers
v000001bdf63d6d60_0 .net *"_ivl_102", 0 0, L_000001bdf63d0940;  1 drivers
v000001bdf63d76c0_0 .net *"_ivl_106", 0 0, L_000001bdf63d1890;  1 drivers
L_000001bdf64ece08 .functor BUFT 1, C4<0>, C4<0>, C4<0>, C4<0>;
v000001bdf63d6ea0_0 .net/2u *"_ivl_108", 0 0, L_000001bdf64ece08;  1 drivers
v000001bdf63d7300_0 .net *"_ivl_110", 0 0, L_000001bdf63d1a50;  1 drivers
L_000001bdf64ece50 .functor BUFT 1, C4<1>, C4<0>, C4<0>, C4<0>;
v000001bdf63d7580_0 .net/2u *"_ivl_112", 0 0, L_000001bdf64ece50;  1 drivers
v000001bdf63d7b20_0 .net *"_ivl_115", 0 0, L_000001bdf64e8640;  1 drivers
v000001bdf63d7120_0 .net *"_ivl_116", 0 0, L_000001bdf64ea440;  1 drivers
v000001bdf63d7440_0 .net *"_ivl_12", 6 0, L_000001bdf64e5da0;  1 drivers
v000001bdf63d74e0_0 .net *"_ivl_123", 0 0, L_000001bdf64e86e0;  1 drivers
v000001bdf63d7620_0 .net *"_ivl_124", 7 0, L_000001bdf64ea1c0;  1 drivers
v000001bdf63d7bc0_0 .net *"_ivl_127", 0 0, L_000001bdf64e9360;  1 drivers
v000001bdf63d7c60_0 .net *"_ivl_128", 7 0, L_000001bdf64e9400;  1 drivers
v000001bdf63d7d00_0 .net *"_ivl_131", 0 0, L_000001bdf64e8d20;  1 drivers
v000001bdf63d7da0_0 .net *"_ivl_132", 7 0, L_000001bdf64e94a0;  1 drivers
v000001bdf63d7e40_0 .net *"_ivl_135", 0 0, L_000001bdf64e8960;  1 drivers
v000001bdf63d7f80_0 .net *"_ivl_136", 7 0, L_000001bdf64e8dc0;  1 drivers
v000001bdf63d7ee0_0 .net *"_ivl_140", 31 0, L_000001bdf63d1b30;  1 drivers
v000001bdf63d4920_0 .net *"_ivl_142", 31 0, L_000001bdf63d1ac0;  1 drivers
v000001bdf63d49c0_0 .net *"_ivl_144", 31 0, L_000001bdf63d0be0;  1 drivers
L_000001bdf64ece98 .functor BUFT 1, C4<0000>, C4<0>, C4<0>, C4<0>;
v000001bdf63d4b00_0 .net/2u *"_ivl_148", 3 0, L_000001bdf64ece98;  1 drivers
L_000001bdf64ec9d0 .functor BUFT 1, C4<00>, C4<0>, C4<0>, C4<0>;
v000001bdf63d5320_0 .net *"_ivl_15", 1 0, L_000001bdf64ec9d0;  1 drivers
L_000001bdf64ecee0 .functor BUFT 1, C4<0000000000000000000000000000>, C4<0>, C4<0>, C4<0>;
v000001bdf6372580_0 .net/2u *"_ivl_152", 27 0, L_000001bdf64ecee0;  1 drivers
L_000001bdf64ecf28 .functor BUFT 1, C4<00>, C4<0>, C4<0>, C4<0>;
v000001bdf6372940_0 .net/2u *"_ivl_154", 1 0, L_000001bdf64ecf28;  1 drivers
v000001bdf63504d0_0 .net *"_ivl_156", 31 0, L_000001bdf64e83c0;  1 drivers
v000001bdf62d36e0_0 .net *"_ivl_16", 0 0, L_000001bdf64e5e40;  1 drivers
L_000001bdf64ecf70 .functor BUFT 1, C4<00>, C4<0>, C4<0>, C4<0>;
v000001bdf63b73f0_0 .net/2u *"_ivl_160", 1 0, L_000001bdf64ecf70;  1 drivers
v000001bdf64a6e10_0 .net/2u *"_ivl_164", 0 0, L_000001bdf64ecfb8;  1 drivers
v000001bdf64a7130_0 .net *"_ivl_166", 0 0, L_000001bdf63d0b00;  1 drivers
v000001bdf64a7c70_0 .net *"_ivl_168", 31 0, L_000001bdf64ea620;  1 drivers
v000001bdf64a7a90_0 .net *"_ivl_170", 9 0, L_000001bdf64ea6c0;  1 drivers
L_000001bdf64ed000 .functor BUFT 1, C4<00000>, C4<0>, C4<0>, C4<0>;
v000001bdf64a7b30_0 .net *"_ivl_173", 4 0, L_000001bdf64ed000;  1 drivers
v000001bdf64a6b90_0 .net *"_ivl_174", 11 0, L_000001bdf64e8780;  1 drivers
L_000001bdf64ed048 .functor BUFT 1, C4<00>, C4<0>, C4<0>, C4<0>;
v000001bdf64a7630_0 .net *"_ivl_177", 1 0, L_000001bdf64ed048;  1 drivers
L_000001bdf64ed090 .functor BUFT 1, C4<000000000100>, C4<0>, C4<0>, C4<0>;
v000001bdf64a71d0_0 .net/2u *"_ivl_178", 11 0, L_000001bdf64ed090;  1 drivers
v000001bdf64a76d0_0 .net *"_ivl_181", 11 0, L_000001bdf64e8e60;  1 drivers
v000001bdf64a78b0_0 .net *"_ivl_182", 3 0, L_000001bdf64e9040;  1 drivers
L_000001bdf64ed0d8 .functor BUFT 1, C4<00>, C4<0>, C4<0>, C4<0>;
v000001bdf64a6eb0_0 .net *"_ivl_185", 1 0, L_000001bdf64ed0d8;  1 drivers
L_000001bdf64ed120 .functor BUFT 1, C4<0>, C4<0>, C4<0>, C4<0>;
v000001bdf64a6af0_0 .net *"_ivl_188", 0 0, L_000001bdf64ed120;  1 drivers
v000001bdf64a6f50_0 .net *"_ivl_189", 12 0, L_000001bdf64e9720;  1 drivers
L_000001bdf64ed168 .functor BUFT 1, C4<000000000>, C4<0>, C4<0>, C4<0>;
v000001bdf64a6910_0 .net *"_ivl_192", 8 0, L_000001bdf64ed168;  1 drivers
v000001bdf64a7270_0 .net *"_ivl_193", 12 0, L_000001bdf64e8820;  1 drivers
v000001bdf64a7950_0 .net *"_ivl_194", 12 0, L_000001bdf64ea260;  1 drivers
v000001bdf64a7310_0 .net *"_ivl_196", 31 0, L_000001bdf64e9b80;  1 drivers
v000001bdf64a6870_0 .net *"_ivl_198", 9 0, L_000001bdf64e90e0;  1 drivers
v000001bdf64a74f0_0 .net *"_ivl_20", 22 0, L_000001bdf64e79c0;  1 drivers
L_000001bdf64ed1b0 .functor BUFT 1, C4<00000>, C4<0>, C4<0>, C4<0>;
v000001bdf64a6ff0_0 .net *"_ivl_201", 4 0, L_000001bdf64ed1b0;  1 drivers
v000001bdf64a6d70_0 .net *"_ivl_202", 11 0, L_000001bdf64e9180;  1 drivers
L_000001bdf64ed1f8 .functor BUFT 1, C4<00>, C4<0>, C4<0>, C4<0>;
v000001bdf64a6a50_0 .net *"_ivl_205", 1 0, L_000001bdf64ed1f8;  1 drivers
L_000001bdf64ed240 .functor BUFT 1, C4<000000000100>, C4<0>, C4<0>, C4<0>;
v000001bdf64a7e50_0 .net/2u *"_ivl_206", 11 0, L_000001bdf64ed240;  1 drivers
v000001bdf64a7770_0 .net *"_ivl_209", 11 0, L_000001bdf64e9220;  1 drivers
v000001bdf64a73b0_0 .net *"_ivl_210", 3 0, L_000001bdf64e88c0;  1 drivers
L_000001bdf64ed288 .functor BUFT 1, C4<00>, C4<0>, C4<0>, C4<0>;
v000001bdf64a7450_0 .net *"_ivl_213", 1 0, L_000001bdf64ed288;  1 drivers
L_000001bdf64ed2d0 .functor BUFT 1, C4<0>, C4<0>, C4<0>, C4<0>;
v000001bdf64a69b0_0 .net *"_ivl_216", 0 0, L_000001bdf64ed2d0;  1 drivers
v000001bdf64a6c30_0 .net *"_ivl_217", 12 0, L_000001bdf64e9900;  1 drivers
v000001bdf64a7d10_0 .net *"_ivl_22", 6 0, L_000001bdf64e7c40;  1 drivers
L_000001bdf64ed318 .functor BUFT 1, C4<000000000>, C4<0>, C4<0>, C4<0>;
v000001bdf64a6cd0_0 .net *"_ivl_220", 8 0, L_000001bdf64ed318;  1 drivers
v000001bdf64a7db0_0 .net *"_ivl_221", 12 0, L_000001bdf64e9540;  1 drivers
v000001bdf64a7590_0 .net *"_ivl_222", 12 0, L_000001bdf64e8be0;  1 drivers
v000001bdf64a7090_0 .net *"_ivl_227", 0 0, L_000001bdf64e81e0;  1 drivers
v000001bdf64a7810_0 .net *"_ivl_228", 7 0, L_000001bdf64ea760;  1 drivers
v000001bdf64a79f0_0 .net *"_ivl_231", 0 0, L_000001bdf64e8aa0;  1 drivers
v000001bdf64a7bd0_0 .net *"_ivl_232", 7 0, L_000001bdf64e8460;  1 drivers
v000001bdf64a7ef0_0 .net *"_ivl_235", 0 0, L_000001bdf64e8c80;  1 drivers
v000001bdf64a4b10_0 .net *"_ivl_236", 7 0, L_000001bdf64ea300;  1 drivers
v000001bdf64a64b0_0 .net *"_ivl_239", 0 0, L_000001bdf64e97c0;  1 drivers
v000001bdf64a5470_0 .net *"_ivl_240", 7 0, L_000001bdf64ea800;  1 drivers
v000001bdf64a5d30_0 .net *"_ivl_244", 31 0, L_000001bdf63d0b70;  1 drivers
v000001bdf64a6190_0 .net *"_ivl_246", 31 0, L_000001bdf63d0cc0;  1 drivers
v000001bdf64a6230_0 .net *"_ivl_248", 31 0, L_000001bdf63d15f0;  1 drivers
L_000001bdf64eca18 .functor BUFT 1, C4<00>, C4<0>, C4<0>, C4<0>;
v000001bdf64a55b0_0 .net *"_ivl_25", 1 0, L_000001bdf64eca18;  1 drivers
L_000001bdf64ed360 .functor BUFT 1, C4<00>, C4<0>, C4<0>, C4<0>;
v000001bdf64a6410_0 .net/2u *"_ivl_252", 1 0, L_000001bdf64ed360;  1 drivers
v000001bdf64a5a10_0 .net *"_ivl_254", 0 0, L_000001bdf64e95e0;  1 drivers
v000001bdf64a4930_0 .net *"_ivl_256", 0 0, L_000001bdf63d0e10;  1 drivers
v000001bdf64a6550_0 .net *"_ivl_26", 0 0, L_000001bdf64e6020;  1 drivers
L_000001bdf64ed3a8 .functor BUFT 1, C4<01>, C4<0>, C4<0>, C4<0>;
v000001bdf64a67d0_0 .net/2u *"_ivl_260", 1 0, L_000001bdf64ed3a8;  1 drivers
v000001bdf64a4430_0 .net *"_ivl_262", 0 0, L_000001bdf64e8a00;  1 drivers
v000001bdf64a4110_0 .net *"_ivl_264", 0 0, L_000001bdf63d1350;  1 drivers
v000001bdf64a5ab0_0 .net *"_ivl_266", 0 0, L_000001bdf63d1270;  1 drivers
L_000001bdf64ed3f0 .functor BUFT 1, C4<01>, C4<0>, C4<0>, C4<0>;
v000001bdf64a49d0_0 .net/2u *"_ivl_270", 1 0, L_000001bdf64ed3f0;  1 drivers
v000001bdf64a5fb0_0 .net *"_ivl_272", 0 0, L_000001bdf64e9680;  1 drivers
L_000001bdf64ed438 .functor BUFT 1, C4<10>, C4<0>, C4<0>, C4<0>;
v000001bdf64a62d0_0 .net/2u *"_ivl_274", 1 0, L_000001bdf64ed438;  1 drivers
v000001bdf64a5b50_0 .net *"_ivl_276", 0 0, L_000001bdf64e9860;  1 drivers
v000001bdf64a44d0_0 .net *"_ivl_278", 0 0, L_000001bdf63d13c0;  1 drivers
L_000001bdf64ed480 .functor BUFT 1, C4<0000>, C4<0>, C4<0>, C4<0>;
v000001bdf64a4f70_0 .net/2u *"_ivl_280", 3 0, L_000001bdf64ed480;  1 drivers
v000001bdf64a5970_0 .net *"_ivl_282", 0 0, L_000001bdf64e9ae0;  1 drivers
v000001bdf64a5830_0 .net *"_ivl_284", 0 0, L_000001bdf63d1040;  1 drivers
v000001bdf64a5010_0 .net *"_ivl_286", 0 0, L_000001bdf63d1660;  1 drivers
v000001bdf64a6370_0 .net *"_ivl_288", 0 0, L_000001bdf63d1740;  1 drivers
L_000001bdf64ed4c8 .functor BUFT 1, C4<1000>, C4<0>, C4<0>, C4<0>;
v000001bdf64a5650_0 .net/2u *"_ivl_292", 3 0, L_000001bdf64ed4c8;  1 drivers
v000001bdf64a41b0_0 .net *"_ivl_294", 0 0, L_000001bdf64e9d60;  1 drivers
L_000001bdf64ed510 .functor BUFT 1, C4<00>, C4<0>, C4<0>, C4<0>;
v000001bdf64a56f0_0 .net/2u *"_ivl_298", 1 0, L_000001bdf64ed510;  1 drivers
v000001bdf64a4570_0 .net *"_ivl_300", 0 0, L_000001bdf64e9ea0;  1 drivers
v000001bdf64a46b0_0 .net *"_ivl_302", 0 0, L_000001bdf63d1970;  1 drivers
v000001bdf64a5790_0 .net *"_ivl_304", 0 0, L_000001bdf63228f0;  1 drivers
L_000001bdf64ed558 .functor BUFT 1, C4<00>, C4<0>, C4<0>, C4<0>;
v000001bdf64a58d0_0 .net/2u *"_ivl_308", 1 0, L_000001bdf64ed558;  1 drivers
v000001bdf64a4390_0 .net *"_ivl_310", 0 0, L_000001bdf64e9f40;  1 drivers
v000001bdf64a5bf0_0 .net *"_ivl_312", 0 0, L_000001bdf6324790;  1 drivers
v000001bdf64a42f0_0 .net *"_ivl_314", 0 0, L_000001bdf62150d0;  1 drivers
v000001bdf64a5c90_0 .net *"_ivl_316", 0 0, L_000001bdf5dd7790;  1 drivers
v000001bdf64a65f0_0 .net *"_ivl_32", 31 0, L_000001bdf64e60c0;  1 drivers
L_000001bdf64ed5a0 .functor BUFT 1, C4<11>, C4<0>, C4<0>, C4<0>;
v000001bdf64a4d90_0 .net/2u *"_ivl_320", 1 0, L_000001bdf64ed5a0;  1 drivers
v000001bdf64a5dd0_0 .net *"_ivl_322", 0 0, L_000001bdf64e9fe0;  1 drivers
L_000001bdf64ed5e8 .functor BUFT 1, C4<01>, C4<0>, C4<0>, C4<0>;
v000001bdf64a4a70_0 .net/2u *"_ivl_332", 1 0, L_000001bdf64ed5e8;  1 drivers
v000001bdf64a4610_0 .net *"_ivl_334", 0 0, L_000001bdf64eb5c0;  1 drivers
v000001bdf64a50b0_0 .net *"_ivl_336", 31 0, L_000001bdf64eb480;  1 drivers
v000001bdf64a6050_0 .net *"_ivl_338", 4 0, L_000001bdf64eae40;  1 drivers
v000001bdf64a4e30_0 .net *"_ivl_34", 9 0, L_000001bdf64e6160;  1 drivers
L_000001bdf64ed630 .functor BUFT 1, C4<00>, C4<0>, C4<0>, C4<0>;
v000001bdf64a4bb0_0 .net *"_ivl_341", 1 0, L_000001bdf64ed630;  1 drivers
L_000001bdf64ed678 .functor BUFT 1, C4<00000000000000000000000000000000>, C4<0>, C4<0>, C4<0>;
v000001bdf64a4ed0_0 .net/2u *"_ivl_342", 31 0, L_000001bdf64ed678;  1 drivers
v000001bdf64a6690_0 .net *"_ivl_344", 31 0, L_000001bdf64ea9e0;  1 drivers
v000001bdf64a4750_0 .net *"_ivl_352", 31 0, L_000001bdf64eaf80;  1 drivers
v000001bdf64a5510_0 .net *"_ivl_354", 4 0, L_000001bdf64eb2a0;  1 drivers
L_000001bdf64ed6c0 .functor BUFT 1, C4<00>, C4<0>, C4<0>, C4<0>;
v000001bdf64a4c50_0 .net *"_ivl_357", 1 0, L_000001bdf64ed6c0;  1 drivers
L_000001bdf64ed708 .functor BUFT 1, C4<00000000000000000000000000000000>, C4<0>, C4<0>, C4<0>;
v000001bdf64a4cf0_0 .net/2u *"_ivl_358", 31 0, L_000001bdf64ed708;  1 drivers
L_000001bdf64ed750 .functor BUFT 1, C4<00>, C4<0>, C4<0>, C4<0>;
v000001bdf64a60f0_0 .net/2u *"_ivl_362", 1 0, L_000001bdf64ed750;  1 drivers
v000001bdf64a47f0_0 .net *"_ivl_364", 0 0, L_000001bdf64ea940;  1 drivers
L_000001bdf64ed798 .functor BUFT 1, C4<00>, C4<0>, C4<0>, C4<0>;
v000001bdf64a5150_0 .net/2u *"_ivl_366", 1 0, L_000001bdf64ed798;  1 drivers
v000001bdf64a5e70_0 .net *"_ivl_368", 0 0, L_000001bdf64eb0c0;  1 drivers
L_000001bdf64eca60 .functor BUFT 1, C4<00000>, C4<0>, C4<0>, C4<0>;
v000001bdf64a51f0_0 .net *"_ivl_37", 4 0, L_000001bdf64eca60;  1 drivers
v000001bdf64a5f10_0 .net *"_ivl_370", 0 0, L_000001bdf655ac50;  1 drivers
v000001bdf64a6730_0 .net *"_ivl_372", 0 0, L_000001bdf6559ec0;  1 drivers
v000001bdf64a4070_0 .net *"_ivl_374", 0 0, L_000001bdf655aa90;  1 drivers
v000001bdf64a4250_0 .net *"_ivl_38", 11 0, L_000001bdf64e68e0;  1 drivers
L_000001bdf64ecaa8 .functor BUFT 1, C4<00>, C4<0>, C4<0>, C4<0>;
v000001bdf64a4890_0 .net *"_ivl_41", 1 0, L_000001bdf64ecaa8;  1 drivers
L_000001bdf64ecaf0 .functor BUFT 1, C4<000000000100>, C4<0>, C4<0>, C4<0>;
v000001bdf64a5290_0 .net/2u *"_ivl_42", 11 0, L_000001bdf64ecaf0;  1 drivers
v000001bdf64a5330_0 .net *"_ivl_45", 11 0, L_000001bdf64e67a0;  1 drivers
v000001bdf64a53d0_0 .net *"_ivl_46", 3 0, L_000001bdf64e92c0;  1 drivers
L_000001bdf64ecb38 .functor BUFT 1, C4<00>, C4<0>, C4<0>, C4<0>;
v000001bdf64a88a0_0 .net *"_ivl_49", 1 0, L_000001bdf64ecb38;  1 drivers
L_000001bdf64ecb80 .functor BUFT 1, C4<0>, C4<0>, C4<0>, C4<0>;
v000001bdf64aa1a0_0 .net *"_ivl_52", 0 0, L_000001bdf64ecb80;  1 drivers
v000001bdf64aa380_0 .net *"_ivl_53", 12 0, L_000001bdf64ea080;  1 drivers
L_000001bdf64ecbc8 .functor BUFT 1, C4<000000000>, C4<0>, C4<0>, C4<0>;
v000001bdf64a9ca0_0 .net *"_ivl_56", 8 0, L_000001bdf64ecbc8;  1 drivers
v000001bdf64aa7e0_0 .net *"_ivl_57", 12 0, L_000001bdf64e9c20;  1 drivers
v000001bdf64a95c0_0 .net *"_ivl_58", 12 0, L_000001bdf64e8140;  1 drivers
v000001bdf64a8760_0 .net *"_ivl_62", 31 0, L_000001bdf64e8320;  1 drivers
v000001bdf64a8120_0 .net *"_ivl_64", 9 0, L_000001bdf64ea580;  1 drivers
L_000001bdf64ecc10 .functor BUFT 1, C4<00000>, C4<0>, C4<0>, C4<0>;
v000001bdf64aa6a0_0 .net *"_ivl_67", 4 0, L_000001bdf64ecc10;  1 drivers
v000001bdf64aa240_0 .net *"_ivl_68", 11 0, L_000001bdf64ea4e0;  1 drivers
L_000001bdf64ecc58 .functor BUFT 1, C4<00>, C4<0>, C4<0>, C4<0>;
v000001bdf64a86c0_0 .net *"_ivl_71", 1 0, L_000001bdf64ecc58;  1 drivers
L_000001bdf64ecca0 .functor BUFT 1, C4<000000000100>, C4<0>, C4<0>, C4<0>;
v000001bdf64a9840_0 .net/2u *"_ivl_72", 11 0, L_000001bdf64ecca0;  1 drivers
v000001bdf64a8d00_0 .net *"_ivl_75", 11 0, L_000001bdf64ea3a0;  1 drivers
v000001bdf64a8800_0 .net *"_ivl_76", 3 0, L_000001bdf64e8500;  1 drivers
L_000001bdf64ecce8 .functor BUFT 1, C4<00>, C4<0>, C4<0>, C4<0>;
v000001bdf64a93e0_0 .net *"_ivl_79", 1 0, L_000001bdf64ecce8;  1 drivers
L_000001bdf64ecd30 .functor BUFT 1, C4<0>, C4<0>, C4<0>, C4<0>;
v000001bdf64a8300_0 .net *"_ivl_82", 0 0, L_000001bdf64ecd30;  1 drivers
v000001bdf64a8940_0 .net *"_ivl_83", 12 0, L_000001bdf64e8f00;  1 drivers
L_000001bdf64ecd78 .functor BUFT 1, C4<000000000>, C4<0>, C4<0>, C4<0>;
v000001bdf64a8620_0 .net *"_ivl_86", 8 0, L_000001bdf64ecd78;  1 drivers
v000001bdf64a83a0_0 .net *"_ivl_87", 12 0, L_000001bdf64e8fa0;  1 drivers
v000001bdf64a8260_0 .net *"_ivl_88", 12 0, L_000001bdf64e85a0;  1 drivers
L_000001bdf64ecdc0 .functor BUFT 1, C4<00000000000000000000000000000000>, C4<0>, C4<0>, C4<0>;
v000001bdf64a9660_0 .net/2u *"_ivl_92", 31 0, L_000001bdf64ecdc0;  1 drivers
v000001bdf64a8440_0 .net *"_ivl_94", 31 0, L_000001bdf64e8b40;  1 drivers
v000001bdf64a9480_0 .net *"_ivl_98", 0 0, L_000001bdf63d0780;  1 drivers
v000001bdf64a8da0_0 .net "cpu_miss_req_cur", 0 0, L_000001bdf63d0ef0;  1 drivers
v000001bdf64a9700 .array "datas0", 127 0, 31 0;
v000001bdf64a81c0 .array "datas1", 127 0, 31 0;
v000001bdf64a8f80_0 .net "hit", 0 0, L_000001bdf63d07f0;  1 drivers
v000001bdf64a9160_0 .net "hit_rword", 31 0, L_000001bdf64e8280;  1 drivers
v000001bdf64a9ac0_0 .net "hit_way", 0 0, L_000001bdf63d0a20;  1 drivers
v000001bdf64a98e0_0 .net "i_clk", 0 0, v000001bdf64ce730_0;  alias, 1 drivers
v000001bdf64a9de0_0 .net "i_mem_rdata", 31 0, L_000001bdf6560a80;  alias, 1 drivers
v000001bdf64a84e0_0 .net "i_mem_ready", 0 0, L_000001bdf65618f0;  alias, 1 drivers
v000001bdf64a9020_0 .net "i_mem_valid", 0 0, L_000001bdf6560e00;  alias, 1 drivers
v000001bdf64a97a0_0 .net "i_req_addr", 31 0, L_000001bdf64e0b20;  alias, 1 drivers
v000001bdf64a8580_0 .net "i_req_mask", 3 0, L_000001bdf655fa50;  alias, 1 drivers
v000001bdf64aa420_0 .net "i_req_ren", 0 0, L_000001bdf655f820;  alias, 1 drivers
v000001bdf64a9e80_0 .net "i_req_wdata", 31 0, L_000001bdf655f0b0;  alias, 1 drivers
v000001bdf64a9520_0 .net "i_req_wen", 0 0, L_000001bdf655fd60;  alias, 1 drivers
v000001bdf64a8e40_0 .net "i_rst", 0 0, v000001bdf64e3fa0_0;  alias, 1 drivers
v000001bdf64a89e0_0 .var "lru", 31 0;
v000001bdf64a9980_0 .net "merged_write_word", 31 0, L_000001bdf63d1190;  1 drivers
v000001bdf64a90c0_0 .net "miss_byte_mask", 31 0, L_000001bdf64e9a40;  1 drivers
v000001bdf64a9a20_0 .var "miss_is_write_cur", 0 0;
v000001bdf64a9340_0 .net "miss_line_addr", 31 0, L_000001bdf64e9e00;  1 drivers
v000001bdf64a8a80_0 .var "miss_mask_cur", 3 0;
v000001bdf64a9fc0_0 .net "miss_merged_write_word", 31 0, L_000001bdf63d0da0;  1 drivers
v000001bdf64a9200_0 .var "miss_set_cur", 4 0;
v000001bdf64a9f20_0 .var "miss_tag_cur", 22 0;
v000001bdf64a8b20_0 .var "miss_way_cur", 0 0;
v000001bdf64a9d40_0 .net "miss_way_rword", 31 0, L_000001bdf64e9cc0;  1 drivers
v000001bdf64a8bc0_0 .var "miss_wdata_cur", 31 0;
v000001bdf64aa100_0 .net "miss_word_addr", 31 0, L_000001bdf64ea120;  1 drivers
v000001bdf64a9b60_0 .var "miss_word_cur", 1 0;
v000001bdf64a8c60_0 .net "o_busy", 0 0, L_000001bdf655a630;  alias, 1 drivers
v000001bdf64a8ee0_0 .net "o_mem_addr", 31 0, L_000001bdf64eaee0;  alias, 1 drivers
v000001bdf64a92a0_0 .net "o_mem_ren", 0 0, L_000001bdf655a860;  alias, 1 drivers
v000001bdf64a9c00_0 .net "o_mem_wdata", 31 0, L_000001bdf64eb020;  alias, 1 drivers
v000001bdf64aa060_0 .net "o_mem_wen", 0 0, L_000001bdf655a400;  alias, 1 drivers
v000001bdf64aa2e0_0 .net "o_res_rdata", 31 0, L_000001bdf655b120;  alias, 1 drivers
v000001bdf64aa4c0_0 .net "read_miss", 0 0, L_000001bdf63d0860;  1 drivers
v000001bdf64aa560_0 .var "refill_req_done_cur", 0 0;
v000001bdf64aa600_0 .net "refill_req_fire_cur", 0 0, L_000001bdf63d0f60;  1 drivers
v000001bdf64aa740_0 .var "refill_req_word_cur", 1 0;
v000001bdf64a8080_0 .var "refill_rsp_word_cur", 1 0;
v000001bdf64abbe0_0 .net "refill_word_addr", 31 0, L_000001bdf63d0a90;  1 drivers
v000001bdf64ab000_0 .net "req_byte_mask", 31 0, L_000001bdf64e99a0;  1 drivers
v000001bdf64acf40_0 .net "req_set", 4 0, L_000001bdf64e7e20;  1 drivers
v000001bdf64ac9a0_0 .net "req_tag", 22 0, L_000001bdf64e7920;  1 drivers
v000001bdf64aba00_0 .net "req_word", 1 0, L_000001bdf64e5d00;  1 drivers
v000001bdf64aaba0_0 .var "state_cur", 1 0;
v000001bdf64ac900 .array "tags0", 0 31, 22 0;
v000001bdf64aca40 .array "tags1", 0 31, 22 0;
v000001bdf64aaec0_0 .var "valid0", 31 0;
v000001bdf64acfe0_0 .var "valid1", 31 0;
v000001bdf64abc80_0 .net "victim_way", 0 0, L_000001bdf64ea8a0;  1 drivers
v000001bdf64ac5e0_0 .net "way0_hit", 0 0, L_000001bdf63d0400;  1 drivers
v000001bdf64ab0a0_0 .net "way0_rword", 31 0, L_000001bdf63d08d0;  1 drivers
v000001bdf64abd20_0 .net "way0_valid", 0 0, L_000001bdf64e6840;  1 drivers
v000001bdf64aaf60_0 .net "way1_hit", 0 0, L_000001bdf63d0630;  1 drivers
v000001bdf64acc20_0 .net "way1_rword", 31 0, L_000001bdf63d0d30;  1 drivers
v000001bdf64ab460_0 .net "way1_valid", 0 0, L_000001bdf64e7740;  1 drivers
v000001bdf64aae20 .array "wb_addrs", 0 7, 31 0;
v000001bdf64ac360_0 .var "wb_count_cur", 3 0;
v000001bdf64ac0e0 .array "wb_datas", 0 7, 31 0;
v000001bdf64ab140_0 .net "wb_has_push_space_cur", 0 0, L_000001bdf63d1900;  1 drivers
v000001bdf64abaa0_0 .var "wb_head_cur", 2 0;
v000001bdf64ace00_0 .net "wb_push_addr_cur", 31 0, L_000001bdf64eb660;  1 drivers
v000001bdf64ac180_0 .net "wb_push_cur", 0 0, L_000001bdf655a2b0;  1 drivers
v000001bdf64accc0_0 .net "wb_push_data_cur", 31 0, L_000001bdf64eada0;  1 drivers
v000001bdf64acea0_0 .net "wb_send_cur", 0 0, L_000001bdf63d1820;  1 drivers
v000001bdf64ab1e0_0 .var "wb_tail_cur", 2 0;
v000001bdf64ab320_0 .net "write_hit_accept_cur", 0 0, L_000001bdf6321070;  1 drivers
v000001bdf64ac040_0 .net "write_hit_block_cur", 0 0, L_000001bdf625d960;  1 drivers
v000001bdf64aa9c0_0 .net "write_miss", 0 0, L_000001bdf63d1c10;  1 drivers
v000001bdf64abdc0_0 .net "write_req_commit_cur", 0 0, L_000001bdf6559a60;  1 drivers
E_000001bdf64014b0 .event posedge, v000001bdf64a98e0_0;
L_000001bdf64e7920 .part L_000001bdf64e0b20, 9, 23;
L_000001bdf64e7e20 .part L_000001bdf64e0b20, 4, 5;
L_000001bdf64e5d00 .part L_000001bdf64e0b20, 2, 2;
L_000001bdf64e6840 .part/v v000001bdf64aaec0_0, L_000001bdf64e7e20, 1;
L_000001bdf64e7740 .part/v v000001bdf64acfe0_0, L_000001bdf64e7e20, 1;
L_000001bdf64e77e0 .array/port v000001bdf64ac900, L_000001bdf64e5da0;
L_000001bdf64e5da0 .concat [ 5 2 0 0], L_000001bdf64e7e20, L_000001bdf64ec9d0;
L_000001bdf64e5e40 .cmp/eq 23, L_000001bdf64e77e0, L_000001bdf64e7920;
L_000001bdf64e79c0 .array/port v000001bdf64aca40, L_000001bdf64e7c40;
L_000001bdf64e7c40 .concat [ 5 2 0 0], L_000001bdf64e7e20, L_000001bdf64eca18;
L_000001bdf64e6020 .cmp/eq 23, L_000001bdf64e79c0, L_000001bdf64e7920;
L_000001bdf64e60c0 .array/port v000001bdf64a9700, L_000001bdf64e8140;
L_000001bdf64e6160 .concat [ 5 5 0 0], L_000001bdf64e7e20, L_000001bdf64eca60;
L_000001bdf64e68e0 .concat [ 10 2 0 0], L_000001bdf64e6160, L_000001bdf64ecaa8;
L_000001bdf64e67a0 .arith/mult 12, L_000001bdf64e68e0, L_000001bdf64ecaf0;
L_000001bdf64e92c0 .concat [ 2 2 0 0], L_000001bdf64e5d00, L_000001bdf64ecb38;
L_000001bdf64ea080 .concat [ 12 1 0 0], L_000001bdf64e67a0, L_000001bdf64ecb80;
L_000001bdf64e9c20 .concat [ 4 9 0 0], L_000001bdf64e92c0, L_000001bdf64ecbc8;
L_000001bdf64e8140 .arith/sum 13, L_000001bdf64ea080, L_000001bdf64e9c20;
L_000001bdf64e8320 .array/port v000001bdf64a81c0, L_000001bdf64e85a0;
L_000001bdf64ea580 .concat [ 5 5 0 0], L_000001bdf64e7e20, L_000001bdf64ecc10;
L_000001bdf64ea4e0 .concat [ 10 2 0 0], L_000001bdf64ea580, L_000001bdf64ecc58;
L_000001bdf64ea3a0 .arith/mult 12, L_000001bdf64ea4e0, L_000001bdf64ecca0;
L_000001bdf64e8500 .concat [ 2 2 0 0], L_000001bdf64e5d00, L_000001bdf64ecce8;
L_000001bdf64e8f00 .concat [ 12 1 0 0], L_000001bdf64ea3a0, L_000001bdf64ecd30;
L_000001bdf64e8fa0 .concat [ 4 9 0 0], L_000001bdf64e8500, L_000001bdf64ecd78;
L_000001bdf64e85a0 .arith/sum 13, L_000001bdf64e8f00, L_000001bdf64e8fa0;
L_000001bdf64e8b40 .functor MUXZ 32, L_000001bdf64ecdc0, L_000001bdf63d0d30, L_000001bdf63d0630, C4<>;
L_000001bdf64e8280 .functor MUXZ 32, L_000001bdf64e8b40, L_000001bdf63d08d0, L_000001bdf63d0400, C4<>;
L_000001bdf64e8640 .part/v v000001bdf64a89e0_0, L_000001bdf64e7e20, 1;
L_000001bdf64ea440 .functor MUXZ 1, L_000001bdf64e8640, L_000001bdf64ece50, L_000001bdf63d1a50, C4<>;
L_000001bdf64ea8a0 .functor MUXZ 1, L_000001bdf64ea440, L_000001bdf64ece08, L_000001bdf63d1890, C4<>;
L_000001bdf64e86e0 .part L_000001bdf655fa50, 3, 1;
LS_000001bdf64ea1c0_0_0 .concat [ 1 1 1 1], L_000001bdf64e86e0, L_000001bdf64e86e0, L_000001bdf64e86e0, L_000001bdf64e86e0;
LS_000001bdf64ea1c0_0_4 .concat [ 1 1 1 1], L_000001bdf64e86e0, L_000001bdf64e86e0, L_000001bdf64e86e0, L_000001bdf64e86e0;
L_000001bdf64ea1c0 .concat [ 4 4 0 0], LS_000001bdf64ea1c0_0_0, LS_000001bdf64ea1c0_0_4;
L_000001bdf64e9360 .part L_000001bdf655fa50, 2, 1;
LS_000001bdf64e9400_0_0 .concat [ 1 1 1 1], L_000001bdf64e9360, L_000001bdf64e9360, L_000001bdf64e9360, L_000001bdf64e9360;
LS_000001bdf64e9400_0_4 .concat [ 1 1 1 1], L_000001bdf64e9360, L_000001bdf64e9360, L_000001bdf64e9360, L_000001bdf64e9360;
L_000001bdf64e9400 .concat [ 4 4 0 0], LS_000001bdf64e9400_0_0, LS_000001bdf64e9400_0_4;
L_000001bdf64e8d20 .part L_000001bdf655fa50, 1, 1;
LS_000001bdf64e94a0_0_0 .concat [ 1 1 1 1], L_000001bdf64e8d20, L_000001bdf64e8d20, L_000001bdf64e8d20, L_000001bdf64e8d20;
LS_000001bdf64e94a0_0_4 .concat [ 1 1 1 1], L_000001bdf64e8d20, L_000001bdf64e8d20, L_000001bdf64e8d20, L_000001bdf64e8d20;
L_000001bdf64e94a0 .concat [ 4 4 0 0], LS_000001bdf64e94a0_0_0, LS_000001bdf64e94a0_0_4;
L_000001bdf64e8960 .part L_000001bdf655fa50, 0, 1;
LS_000001bdf64e8dc0_0_0 .concat [ 1 1 1 1], L_000001bdf64e8960, L_000001bdf64e8960, L_000001bdf64e8960, L_000001bdf64e8960;
LS_000001bdf64e8dc0_0_4 .concat [ 1 1 1 1], L_000001bdf64e8960, L_000001bdf64e8960, L_000001bdf64e8960, L_000001bdf64e8960;
L_000001bdf64e8dc0 .concat [ 4 4 0 0], LS_000001bdf64e8dc0_0_0, LS_000001bdf64e8dc0_0_4;
L_000001bdf64e99a0 .concat [ 8 8 8 8], L_000001bdf64e8dc0, L_000001bdf64e94a0, L_000001bdf64e9400, L_000001bdf64ea1c0;
L_000001bdf64e9e00 .concat [ 4 5 23 0], L_000001bdf64ece98, v000001bdf64a9200_0, v000001bdf64a9f20_0;
L_000001bdf64e83c0 .concat [ 2 2 28 0], L_000001bdf64ecf28, v000001bdf64aa740_0, L_000001bdf64ecee0;
L_000001bdf64ea120 .concat [ 2 2 5 23], L_000001bdf64ecf70, v000001bdf64a9b60_0, v000001bdf64a9200_0, v000001bdf64a9f20_0;
L_000001bdf64ea620 .array/port v000001bdf64a9700, L_000001bdf64ea260;
L_000001bdf64ea6c0 .concat [ 5 5 0 0], v000001bdf64a9200_0, L_000001bdf64ed000;
L_000001bdf64e8780 .concat [ 10 2 0 0], L_000001bdf64ea6c0, L_000001bdf64ed048;
L_000001bdf64e8e60 .arith/mult 12, L_000001bdf64e8780, L_000001bdf64ed090;
L_000001bdf64e9040 .concat [ 2 2 0 0], v000001bdf64a9b60_0, L_000001bdf64ed0d8;
L_000001bdf64e9720 .concat [ 12 1 0 0], L_000001bdf64e8e60, L_000001bdf64ed120;
L_000001bdf64e8820 .concat [ 4 9 0 0], L_000001bdf64e9040, L_000001bdf64ed168;
L_000001bdf64ea260 .arith/sum 13, L_000001bdf64e9720, L_000001bdf64e8820;
L_000001bdf64e9b80 .array/port v000001bdf64a81c0, L_000001bdf64e8be0;
L_000001bdf64e90e0 .concat [ 5 5 0 0], v000001bdf64a9200_0, L_000001bdf64ed1b0;
L_000001bdf64e9180 .concat [ 10 2 0 0], L_000001bdf64e90e0, L_000001bdf64ed1f8;
L_000001bdf64e9220 .arith/mult 12, L_000001bdf64e9180, L_000001bdf64ed240;
L_000001bdf64e88c0 .concat [ 2 2 0 0], v000001bdf64a9b60_0, L_000001bdf64ed288;
L_000001bdf64e9900 .concat [ 12 1 0 0], L_000001bdf64e9220, L_000001bdf64ed2d0;
L_000001bdf64e9540 .concat [ 4 9 0 0], L_000001bdf64e88c0, L_000001bdf64ed318;
L_000001bdf64e8be0 .arith/sum 13, L_000001bdf64e9900, L_000001bdf64e9540;
L_000001bdf64e9cc0 .functor MUXZ 32, L_000001bdf64e9b80, L_000001bdf64ea620, L_000001bdf63d0b00, C4<>;
L_000001bdf64e81e0 .part v000001bdf64a8a80_0, 3, 1;
LS_000001bdf64ea760_0_0 .concat [ 1 1 1 1], L_000001bdf64e81e0, L_000001bdf64e81e0, L_000001bdf64e81e0, L_000001bdf64e81e0;
LS_000001bdf64ea760_0_4 .concat [ 1 1 1 1], L_000001bdf64e81e0, L_000001bdf64e81e0, L_000001bdf64e81e0, L_000001bdf64e81e0;
L_000001bdf64ea760 .concat [ 4 4 0 0], LS_000001bdf64ea760_0_0, LS_000001bdf64ea760_0_4;
L_000001bdf64e8aa0 .part v000001bdf64a8a80_0, 2, 1;
LS_000001bdf64e8460_0_0 .concat [ 1 1 1 1], L_000001bdf64e8aa0, L_000001bdf64e8aa0, L_000001bdf64e8aa0, L_000001bdf64e8aa0;
LS_000001bdf64e8460_0_4 .concat [ 1 1 1 1], L_000001bdf64e8aa0, L_000001bdf64e8aa0, L_000001bdf64e8aa0, L_000001bdf64e8aa0;
L_000001bdf64e8460 .concat [ 4 4 0 0], LS_000001bdf64e8460_0_0, LS_000001bdf64e8460_0_4;
L_000001bdf64e8c80 .part v000001bdf64a8a80_0, 1, 1;
LS_000001bdf64ea300_0_0 .concat [ 1 1 1 1], L_000001bdf64e8c80, L_000001bdf64e8c80, L_000001bdf64e8c80, L_000001bdf64e8c80;
LS_000001bdf64ea300_0_4 .concat [ 1 1 1 1], L_000001bdf64e8c80, L_000001bdf64e8c80, L_000001bdf64e8c80, L_000001bdf64e8c80;
L_000001bdf64ea300 .concat [ 4 4 0 0], LS_000001bdf64ea300_0_0, LS_000001bdf64ea300_0_4;
L_000001bdf64e97c0 .part v000001bdf64a8a80_0, 0, 1;
LS_000001bdf64ea800_0_0 .concat [ 1 1 1 1], L_000001bdf64e97c0, L_000001bdf64e97c0, L_000001bdf64e97c0, L_000001bdf64e97c0;
LS_000001bdf64ea800_0_4 .concat [ 1 1 1 1], L_000001bdf64e97c0, L_000001bdf64e97c0, L_000001bdf64e97c0, L_000001bdf64e97c0;
L_000001bdf64ea800 .concat [ 4 4 0 0], LS_000001bdf64ea800_0_0, LS_000001bdf64ea800_0_4;
L_000001bdf64e9a40 .concat [ 8 8 8 8], L_000001bdf64ea800, L_000001bdf64ea300, L_000001bdf64e8460, L_000001bdf64ea760;
L_000001bdf64e95e0 .cmp/eq 2, v000001bdf64aaba0_0, L_000001bdf64ed360;
L_000001bdf64e8a00 .cmp/eq 2, v000001bdf64aaba0_0, L_000001bdf64ed3a8;
L_000001bdf64e9680 .cmp/ne 2, v000001bdf64aaba0_0, L_000001bdf64ed3f0;
L_000001bdf64e9860 .cmp/ne 2, v000001bdf64aaba0_0, L_000001bdf64ed438;
L_000001bdf64e9ae0 .cmp/ne 4, v000001bdf64ac360_0, L_000001bdf64ed480;
L_000001bdf64e9d60 .cmp/ne 4, v000001bdf64ac360_0, L_000001bdf64ed4c8;
L_000001bdf64e9ea0 .cmp/eq 2, v000001bdf64aaba0_0, L_000001bdf64ed510;
L_000001bdf64e9f40 .cmp/eq 2, v000001bdf64aaba0_0, L_000001bdf64ed558;
L_000001bdf64e9fe0 .cmp/eq 2, v000001bdf64aaba0_0, L_000001bdf64ed5a0;
L_000001bdf64eb660 .functor MUXZ 32, L_000001bdf64ea120, L_000001bdf64e0b20, L_000001bdf6321070, C4<>;
L_000001bdf64eada0 .functor MUXZ 32, L_000001bdf63d0da0, L_000001bdf63d1190, L_000001bdf6321070, C4<>;
L_000001bdf64eb5c0 .cmp/eq 2, v000001bdf64aaba0_0, L_000001bdf64ed5e8;
L_000001bdf64eb480 .array/port v000001bdf64aae20, L_000001bdf64eae40;
L_000001bdf64eae40 .concat [ 3 2 0 0], v000001bdf64abaa0_0, L_000001bdf64ed630;
L_000001bdf64ea9e0 .functor MUXZ 32, L_000001bdf64ed678, L_000001bdf64eb480, L_000001bdf63d1820, C4<>;
L_000001bdf64eaee0 .functor MUXZ 32, L_000001bdf64ea9e0, L_000001bdf63d0a90, L_000001bdf64eb5c0, C4<>;
L_000001bdf64eaf80 .array/port v000001bdf64ac0e0, L_000001bdf64eb2a0;
L_000001bdf64eb2a0 .concat [ 3 2 0 0], v000001bdf64abaa0_0, L_000001bdf64ed6c0;
L_000001bdf64eb020 .functor MUXZ 32, L_000001bdf64ed708, L_000001bdf64eaf80, L_000001bdf63d1820, C4<>;
L_000001bdf64ea940 .cmp/ne 2, v000001bdf64aaba0_0, L_000001bdf64ed750;
L_000001bdf64eb0c0 .cmp/eq 2, v000001bdf64aaba0_0, L_000001bdf64ed798;
S_000001bdf5dda750 .scope module, "u_decode" "decode" 3 534, 5 1 0, S_000001bdf6260f70;
 .timescale -9 -12;
    .port_info 0 /INPUT 1 "i_clk";
    .port_info 1 /INPUT 1 "i_rst";
    .port_info 2 /INPUT 32 "Inst";
    .port_info 3 /INPUT 32 "WriteData";
    .port_info 4 /INPUT 5 "WriteAddr";
    .port_info 5 /INPUT 1 "WriteEn";
    .port_info 6 /OUTPUT 1 "lui";
    .port_info 7 /OUTPUT 1 "PcSrc";
    .port_info 8 /OUTPUT 3 "AluOp";
    .port_info 9 /OUTPUT 1 "MemWrite";
    .port_info 10 /OUTPUT 1 "MemRead";
    .port_info 11 /OUTPUT 1 "MemToReg";
    .port_info 12 /OUTPUT 1 "AluSrc1";
    .port_info 13 /OUTPUT 1 "AluSrc2";
    .port_info 14 /OUTPUT 1 "RegWrite";
    .port_info 15 /OUTPUT 1 "Jump";
    .port_info 16 /OUTPUT 1 "Branch";
    .port_info 17 /OUTPUT 32 "Offset";
    .port_info 18 /OUTPUT 5 "o_retire_rs1_raddr";
    .port_info 19 /OUTPUT 5 "o_retire_rs2_raddr";
    .port_info 20 /OUTPUT 5 "o_retire_rd_waddr";
    .port_info 21 /OUTPUT 32 "o_retire_rs1_rdata";
    .port_info 22 /OUTPUT 32 "o_retire_rs2_rdata";
    .port_info 23 /OUTPUT 1 "IllegalInst";
    .port_info 24 /OUTPUT 1 "EBreak";
P_000001bdf6401830 .param/l "BYPASS_EN" 0 5 2, +C4<00000000000000000000000000000001>;
L_000001bdf655ad30 .functor OR 1, L_000001bdf64eb700, L_000001bdf64eabc0, C4<0>, C4<0>;
L_000001bdf655a780 .functor OR 1, L_000001bdf655ad30, L_000001bdf64dd060, C4<0>, C4<0>;
L_000001bdf655a7f0 .functor OR 1, L_000001bdf64dd4c0, L_000001bdf64dce80, C4<0>, C4<0>;
L_000001bdf655a9b0 .functor BUFZ 1, L_000001bdf64dc5c0, C4<0>, C4<0>, C4<0>;
L_000001bdf655a5c0 .functor OR 1, L_000001bdf64eb340, L_000001bdf64eb700, C4<0>, C4<0>;
L_000001bdf6559c20 .functor OR 1, L_000001bdf655a5c0, L_000001bdf64eabc0, C4<0>, C4<0>;
L_000001bdf655a8d0 .functor OR 1, L_000001bdf6559c20, L_000001bdf64dd600, C4<0>, C4<0>;
L_000001bdf65599f0 .functor OR 1, L_000001bdf655a8d0, L_000001bdf64dc3e0, C4<0>, C4<0>;
L_000001bdf655a470 .functor OR 1, L_000001bdf65599f0, L_000001bdf64dd4c0, C4<0>, C4<0>;
L_000001bdf655a1d0 .functor OR 1, L_000001bdf655a470, L_000001bdf64dce80, C4<0>, C4<0>;
L_000001bdf6559ad0 .functor OR 1, L_000001bdf655a1d0, L_000001bdf64dd880, C4<0>, C4<0>;
L_000001bdf655ab70 .functor OR 1, L_000001bdf6559ad0, L_000001bdf64dd060, C4<0>, C4<0>;
L_000001bdf655a940 .functor OR 1, L_000001bdf655ab70, L_000001bdf64dc5c0, C4<0>, C4<0>;
L_000001bdf6559d00 .functor NOT 1, L_000001bdf655a940, C4<0>, C4<0>, C4<0>;
L_000001bdf6559e50 .functor BUFZ 1, L_000001bdf64dd4c0, C4<0>, C4<0>, C4<0>;
L_000001bdf6559f30 .functor BUFZ 1, L_000001bdf64dd060, C4<0>, C4<0>, C4<0>;
L_000001bdf655acc0 .functor BUFZ 1, L_000001bdf64dd600, C4<0>, C4<0>, C4<0>;
L_000001bdf655ae80 .functor BUFZ 1, L_000001bdf64eabc0, C4<0>, C4<0>, C4<0>;
L_000001bdf655a320 .functor BUFZ 1, L_000001bdf64eabc0, C4<0>, C4<0>, C4<0>;
L_000001bdf6559fa0 .functor BUFZ 1, L_000001bdf64dce80, C4<0>, C4<0>, C4<0>;
L_000001bdf655a550 .functor OR 1, L_000001bdf64eb700, L_000001bdf64eabc0, C4<0>, C4<0>;
L_000001bdf655aef0 .functor OR 1, L_000001bdf655a550, L_000001bdf64dd600, C4<0>, C4<0>;
L_000001bdf655b200 .functor OR 1, L_000001bdf655aef0, L_000001bdf64dce80, C4<0>, C4<0>;
L_000001bdf655a010 .functor OR 1, L_000001bdf655b200, L_000001bdf64dd060, C4<0>, C4<0>;
L_000001bdf655a160 .functor OR 1, L_000001bdf64eb340, L_000001bdf64eb700, C4<0>, C4<0>;
L_000001bdf655b580 .functor OR 1, L_000001bdf655a160, L_000001bdf64eabc0, C4<0>, C4<0>;
L_000001bdf655b430 .functor OR 1, L_000001bdf655b580, L_000001bdf64dd4c0, C4<0>, C4<0>;
L_000001bdf655b4a0 .functor OR 1, L_000001bdf655b430, L_000001bdf64dce80, C4<0>, C4<0>;
L_000001bdf655b740 .functor OR 1, L_000001bdf655b4a0, L_000001bdf64dd880, C4<0>, C4<0>;
L_000001bdf655b970 .functor OR 1, L_000001bdf655b740, L_000001bdf64dd060, C4<0>, C4<0>;
L_000001bdf655b900 .functor OR 1, L_000001bdf64dd880, L_000001bdf64dd060, C4<0>, C4<0>;
L_000001bdf655b5f0 .functor BUFZ 1, L_000001bdf64dc3e0, C4<0>, C4<0>, C4<0>;
L_000001bdf655b510 .functor BUFZ 5, L_000001bdf64eb200, C4<00000>, C4<00000>, C4<00000>;
L_000001bdf655b350 .functor BUFZ 32, L_000001bdf64dc160, C4<00000000000000000000000000000000>, C4<00000000000000000000000000000000>, C4<00000000000000000000000000000000>;
L_000001bdf655ba50 .functor BUFZ 5, L_000001bdf64eb3e0, C4<00000>, C4<00000>, C4<00000>;
L_000001bdf655b3c0 .functor BUFZ 32, L_000001bdf64dbb20, C4<00000000000000000000000000000000>, C4<00000000000000000000000000000000>, C4<00000000000000000000000000000000>;
L_000001bdf6558c60 .functor NOT 1, L_000001bdf6559d00, C4<0>, C4<0>, C4<0>;
L_000001bdf6558d40 .functor AND 1, L_000001bdf655b970, L_000001bdf6558c60, C4<1>, C4<1>;
L_000001bdf6559590 .functor NOT 1, L_000001bdf655a9b0, C4<0>, C4<0>, C4<0>;
L_000001bdf6558cd0 .functor AND 1, L_000001bdf6558d40, L_000001bdf6559590, C4<1>, C4<1>;
v000001bdf64ae160_0 .net "AluOp", 2 0, L_000001bdf64dbbc0;  alias, 1 drivers
v000001bdf64ad580_0 .net "AluSrc1", 0 0, L_000001bdf6559fa0;  alias, 1 drivers
v000001bdf64ad800_0 .net "AluSrc2", 0 0, L_000001bdf655a010;  alias, 1 drivers
v000001bdf64aec00_0 .net "Branch", 0 0, L_000001bdf655b5f0;  alias, 1 drivers
v000001bdf64ad8a0_0 .net "EBreak", 0 0, L_000001bdf655a9b0;  alias, 1 drivers
v000001bdf64ae7a0_0 .net "IllegalInst", 0 0, L_000001bdf6559d00;  alias, 1 drivers
v000001bdf64ad9e0_0 .net "Inst", 31 0, v000001bdf64d3a50_0;  1 drivers
v000001bdf64aed40_0 .net "Jump", 0 0, L_000001bdf655b900;  alias, 1 drivers
v000001bdf64ada80_0 .net "MemRead", 0 0, L_000001bdf655ae80;  alias, 1 drivers
v000001bdf64aede0_0 .net "MemToReg", 0 0, L_000001bdf655a320;  alias, 1 drivers
v000001bdf64aef20_0 .net "MemWrite", 0 0, L_000001bdf655acc0;  alias, 1 drivers
v000001bdf64af060_0 .net "Offset", 31 0, L_000001bdf64e03a0;  alias, 1 drivers
v000001bdf64afe20_0 .net "PcSrc", 0 0, L_000001bdf6559f30;  alias, 1 drivers
v000001bdf64afa60_0 .net "RegWrite", 0 0, L_000001bdf655b970;  alias, 1 drivers
v000001bdf64afb00_0 .net "WriteAddr", 4 0, v000001bdf64d6f70_0;  1 drivers
v000001bdf64af880_0 .net "WriteData", 31 0, L_000001bdf6578480;  alias, 1 drivers
v000001bdf64afba0_0 .net "WriteEn", 0 0, L_000001bdf655f9e0;  alias, 1 drivers
v000001bdf64afec0_0 .net *"_ivl_116", 0 0, L_000001bdf655a550;  1 drivers
v000001bdf64afc40_0 .net *"_ivl_118", 0 0, L_000001bdf655aef0;  1 drivers
L_000001bdf64ed8b8 .functor BUFT 1, C4<0010011>, C4<0>, C4<0>, C4<0>;
v000001bdf64af920_0 .net/2u *"_ivl_12", 6 0, L_000001bdf64ed8b8;  1 drivers
v000001bdf64afd80_0 .net *"_ivl_120", 0 0, L_000001bdf655b200;  1 drivers
v000001bdf64afce0_0 .net *"_ivl_124", 0 0, L_000001bdf655a160;  1 drivers
v000001bdf64aff60_0 .net *"_ivl_126", 0 0, L_000001bdf655b580;  1 drivers
v000001bdf64af9c0_0 .net *"_ivl_128", 0 0, L_000001bdf655b430;  1 drivers
v000001bdf64b2250_0 .net *"_ivl_130", 0 0, L_000001bdf655b4a0;  1 drivers
v000001bdf64b0310_0 .net *"_ivl_132", 0 0, L_000001bdf655b740;  1 drivers
v000001bdf64b1a30_0 .net *"_ivl_148", 0 0, L_000001bdf6558c60;  1 drivers
v000001bdf64b0450_0 .net *"_ivl_150", 0 0, L_000001bdf6558d40;  1 drivers
v000001bdf64b03b0_0 .net *"_ivl_152", 0 0, L_000001bdf6559590;  1 drivers
v000001bdf64b13f0_0 .net *"_ivl_154", 0 0, L_000001bdf6558cd0;  1 drivers
L_000001bdf64ee098 .functor BUFT 1, C4<00000>, C4<0>, C4<0>, C4<0>;
v000001bdf64b0810_0 .net/2u *"_ivl_156", 4 0, L_000001bdf64ee098;  1 drivers
L_000001bdf64ed900 .functor BUFT 1, C4<0000011>, C4<0>, C4<0>, C4<0>;
v000001bdf64b2750_0 .net/2u *"_ivl_16", 6 0, L_000001bdf64ed900;  1 drivers
L_000001bdf64ed948 .functor BUFT 1, C4<0100011>, C4<0>, C4<0>, C4<0>;
v000001bdf64b21b0_0 .net/2u *"_ivl_20", 6 0, L_000001bdf64ed948;  1 drivers
L_000001bdf64ed990 .functor BUFT 1, C4<1100011>, C4<0>, C4<0>, C4<0>;
v000001bdf64b1210_0 .net/2u *"_ivl_24", 6 0, L_000001bdf64ed990;  1 drivers
L_000001bdf64ed9d8 .functor BUFT 1, C4<0110111>, C4<0>, C4<0>, C4<0>;
v000001bdf64b04f0_0 .net/2u *"_ivl_28", 6 0, L_000001bdf64ed9d8;  1 drivers
L_000001bdf64eda20 .functor BUFT 1, C4<0010111>, C4<0>, C4<0>, C4<0>;
v000001bdf64b2110_0 .net/2u *"_ivl_32", 6 0, L_000001bdf64eda20;  1 drivers
L_000001bdf64eda68 .functor BUFT 1, C4<1101111>, C4<0>, C4<0>, C4<0>;
v000001bdf64b1df0_0 .net/2u *"_ivl_36", 6 0, L_000001bdf64eda68;  1 drivers
L_000001bdf64edab0 .functor BUFT 1, C4<1100111>, C4<0>, C4<0>, C4<0>;
v000001bdf64b12b0_0 .net/2u *"_ivl_40", 6 0, L_000001bdf64edab0;  1 drivers
L_000001bdf64edaf8 .functor BUFT 1, C4<00000000000100000000000001110011>, C4<0>, C4<0>, C4<0>;
v000001bdf64b1030_0 .net/2u *"_ivl_44", 31 0, L_000001bdf64edaf8;  1 drivers
L_000001bdf64edb40 .functor BUFT 1, C4<000001>, C4<0>, C4<0>, C4<0>;
v000001bdf64b1e90_0 .net/2u *"_ivl_48", 5 0, L_000001bdf64edb40;  1 drivers
v000001bdf64b0c70_0 .net *"_ivl_50", 0 0, L_000001bdf655ad30;  1 drivers
v000001bdf64b1490_0 .net *"_ivl_52", 0 0, L_000001bdf655a780;  1 drivers
L_000001bdf64edb88 .functor BUFT 1, C4<000010>, C4<0>, C4<0>, C4<0>;
v000001bdf64b2430_0 .net/2u *"_ivl_54", 5 0, L_000001bdf64edb88;  1 drivers
L_000001bdf64edbd0 .functor BUFT 1, C4<000100>, C4<0>, C4<0>, C4<0>;
v000001bdf64b0d10_0 .net/2u *"_ivl_56", 5 0, L_000001bdf64edbd0;  1 drivers
L_000001bdf64edc18 .functor BUFT 1, C4<001000>, C4<0>, C4<0>, C4<0>;
v000001bdf64b1670_0 .net/2u *"_ivl_58", 5 0, L_000001bdf64edc18;  1 drivers
v000001bdf64b06d0_0 .net *"_ivl_60", 0 0, L_000001bdf655a7f0;  1 drivers
L_000001bdf64edc60 .functor BUFT 1, C4<010000>, C4<0>, C4<0>, C4<0>;
v000001bdf64b0770_0 .net/2u *"_ivl_62", 5 0, L_000001bdf64edc60;  1 drivers
L_000001bdf64edca8 .functor BUFT 1, C4<100000>, C4<0>, C4<0>, C4<0>;
v000001bdf64b1fd0_0 .net/2u *"_ivl_64", 5 0, L_000001bdf64edca8;  1 drivers
L_000001bdf64edcf0 .functor BUFT 1, C4<000000>, C4<0>, C4<0>, C4<0>;
v000001bdf64b0db0_0 .net/2u *"_ivl_66", 5 0, L_000001bdf64edcf0;  1 drivers
v000001bdf64b1ad0_0 .net *"_ivl_68", 5 0, L_000001bdf64dcf20;  1 drivers
v000001bdf64b10d0_0 .net *"_ivl_70", 5 0, L_000001bdf64ddba0;  1 drivers
v000001bdf64b08b0_0 .net *"_ivl_72", 5 0, L_000001bdf64dba80;  1 drivers
v000001bdf64b0b30_0 .net *"_ivl_74", 5 0, L_000001bdf64dc8e0;  1 drivers
v000001bdf64b24d0_0 .net *"_ivl_76", 5 0, L_000001bdf64dcac0;  1 drivers
L_000001bdf64ed870 .functor BUFT 1, C4<0110011>, C4<0>, C4<0>, C4<0>;
v000001bdf64b1530_0 .net/2u *"_ivl_8", 6 0, L_000001bdf64ed870;  1 drivers
v000001bdf64b1d50_0 .net *"_ivl_82", 0 0, L_000001bdf655a5c0;  1 drivers
v000001bdf64b22f0_0 .net *"_ivl_84", 0 0, L_000001bdf6559c20;  1 drivers
v000001bdf64b2390_0 .net *"_ivl_86", 0 0, L_000001bdf655a8d0;  1 drivers
v000001bdf64b15d0_0 .net *"_ivl_88", 0 0, L_000001bdf65599f0;  1 drivers
v000001bdf64b2570_0 .net *"_ivl_90", 0 0, L_000001bdf655a470;  1 drivers
v000001bdf64b1b70_0 .net *"_ivl_92", 0 0, L_000001bdf655a1d0;  1 drivers
v000001bdf64b0f90_0 .net *"_ivl_94", 0 0, L_000001bdf6559ad0;  1 drivers
v000001bdf64b2070_0 .net *"_ivl_96", 0 0, L_000001bdf655ab70;  1 drivers
v000001bdf64b2610_0 .net *"_ivl_98", 0 0, L_000001bdf655a940;  1 drivers
v000001bdf64b0130_0 .net "i_clk", 0 0, v000001bdf64ce730_0;  alias, 1 drivers
v000001bdf64b0950_0 .net "i_format", 5 0, L_000001bdf64ddb00;  1 drivers
v000001bdf64b0ef0_0 .net "i_rst", 0 0, v000001bdf64e3fa0_0;  alias, 1 drivers
v000001bdf64b09f0_0 .net "is_auipc", 0 0, L_000001bdf64dce80;  1 drivers
v000001bdf64b26b0_0 .net "is_branch", 0 0, L_000001bdf64dc3e0;  1 drivers
v000001bdf64b27f0_0 .net "is_ebreak", 0 0, L_000001bdf64dc5c0;  1 drivers
v000001bdf64b0a90_0 .net "is_itype_alu", 0 0, L_000001bdf64eb700;  1 drivers
v000001bdf64b1710_0 .net "is_jal", 0 0, L_000001bdf64dd880;  1 drivers
v000001bdf64b0090_0 .net "is_jalr", 0 0, L_000001bdf64dd060;  1 drivers
v000001bdf64b1170_0 .net "is_load", 0 0, L_000001bdf64eabc0;  1 drivers
v000001bdf64b01d0_0 .net "is_lui", 0 0, L_000001bdf64dd4c0;  1 drivers
v000001bdf64b0e50_0 .net "is_rtype", 0 0, L_000001bdf64eb340;  1 drivers
v000001bdf64b0270_0 .net "is_store", 0 0, L_000001bdf64dd600;  1 drivers
v000001bdf64b1350_0 .net "lui", 0 0, L_000001bdf6559e50;  alias, 1 drivers
v000001bdf64b0590_0 .net "o_retire_rd_waddr", 4 0, L_000001bdf64dbd00;  alias, 1 drivers
v000001bdf64b0630_0 .net "o_retire_rs1_raddr", 4 0, L_000001bdf655b510;  alias, 1 drivers
v000001bdf64b0bd0_0 .net "o_retire_rs1_rdata", 31 0, L_000001bdf655b350;  alias, 1 drivers
v000001bdf64b17b0_0 .net "o_retire_rs2_raddr", 4 0, L_000001bdf655ba50;  alias, 1 drivers
v000001bdf64b1850_0 .net "o_retire_rs2_rdata", 31 0, L_000001bdf655b3c0;  alias, 1 drivers
v000001bdf64b18f0_0 .net "opcode", 6 0, L_000001bdf64ead00;  1 drivers
v000001bdf64b1990_0 .net "rd_waddr_raw", 4 0, L_000001bdf64eab20;  1 drivers
v000001bdf64b1c10_0 .net "rs1_raddr_raw", 4 0, L_000001bdf64eb200;  1 drivers
v000001bdf64b1cb0_0 .net "rs1_rdata_raw", 31 0, L_000001bdf64dc160;  1 drivers
v000001bdf64b1f30_0 .net "rs2_raddr_raw", 4 0, L_000001bdf64eb3e0;  1 drivers
v000001bdf64b3470_0 .net "rs2_rdata_raw", 31 0, L_000001bdf64dbb20;  1 drivers
L_000001bdf64ead00 .part v000001bdf64d3a50_0, 0, 7;
L_000001bdf64eab20 .part v000001bdf64d3a50_0, 7, 5;
L_000001bdf64eb200 .part v000001bdf64d3a50_0, 15, 5;
L_000001bdf64eb3e0 .part v000001bdf64d3a50_0, 20, 5;
L_000001bdf64eb340 .cmp/eq 7, L_000001bdf64ead00, L_000001bdf64ed870;
L_000001bdf64eb700 .cmp/eq 7, L_000001bdf64ead00, L_000001bdf64ed8b8;
L_000001bdf64eabc0 .cmp/eq 7, L_000001bdf64ead00, L_000001bdf64ed900;
L_000001bdf64dd600 .cmp/eq 7, L_000001bdf64ead00, L_000001bdf64ed948;
L_000001bdf64dc3e0 .cmp/eq 7, L_000001bdf64ead00, L_000001bdf64ed990;
L_000001bdf64dd4c0 .cmp/eq 7, L_000001bdf64ead00, L_000001bdf64ed9d8;
L_000001bdf64dce80 .cmp/eq 7, L_000001bdf64ead00, L_000001bdf64eda20;
L_000001bdf64dd880 .cmp/eq 7, L_000001bdf64ead00, L_000001bdf64eda68;
L_000001bdf64dd060 .cmp/eq 7, L_000001bdf64ead00, L_000001bdf64edab0;
L_000001bdf64dc5c0 .cmp/eq 32, v000001bdf64d3a50_0, L_000001bdf64edaf8;
L_000001bdf64dcf20 .functor MUXZ 6, L_000001bdf64edcf0, L_000001bdf64edca8, L_000001bdf64dd880, C4<>;
L_000001bdf64ddba0 .functor MUXZ 6, L_000001bdf64dcf20, L_000001bdf64edc60, L_000001bdf655a7f0, C4<>;
L_000001bdf64dba80 .functor MUXZ 6, L_000001bdf64ddba0, L_000001bdf64edc18, L_000001bdf64dc3e0, C4<>;
L_000001bdf64dc8e0 .functor MUXZ 6, L_000001bdf64dba80, L_000001bdf64edbd0, L_000001bdf64dd600, C4<>;
L_000001bdf64dcac0 .functor MUXZ 6, L_000001bdf64dc8e0, L_000001bdf64edb88, L_000001bdf655a780, C4<>;
L_000001bdf64ddb00 .functor MUXZ 6, L_000001bdf64dcac0, L_000001bdf64edb40, L_000001bdf64eb340, C4<>;
L_000001bdf64dbbc0 .part L_000001bdf64ead00, 4, 3;
L_000001bdf64dbd00 .functor MUXZ 5, L_000001bdf64ee098, L_000001bdf64eab20, L_000001bdf6558cd0, C4<>;
S_000001bdf5e21a00 .scope module, "imm_gen" "imm" 5 107, 6 6 0, S_000001bdf5dda750;
 .timescale -9 -12;
    .port_info 0 /INPUT 32 "i_inst";
    .port_info 1 /INPUT 6 "i_format";
    .port_info 2 /OUTPUT 32 "o_immediate";
v000001bdf64abfa0_0 .net *"_ivl_11", 0 0, L_000001bdf64dd1a0;  1 drivers
v000001bdf64ac220_0 .net *"_ivl_12", 20 0, L_000001bdf64dd920;  1 drivers
v000001bdf64ab280_0 .net *"_ivl_15", 5 0, L_000001bdf64dbe40;  1 drivers
v000001bdf64acae0_0 .net *"_ivl_17", 4 0, L_000001bdf64db9e0;  1 drivers
v000001bdf64ac400_0 .net *"_ivl_21", 0 0, L_000001bdf64ddce0;  1 drivers
v000001bdf64acb80_0 .net *"_ivl_22", 19 0, L_000001bdf64dd420;  1 drivers
v000001bdf64aa920_0 .net *"_ivl_25", 0 0, L_000001bdf64dbee0;  1 drivers
v000001bdf64ac2c0_0 .net *"_ivl_27", 5 0, L_000001bdf64dd240;  1 drivers
v000001bdf64ab780_0 .net *"_ivl_29", 3 0, L_000001bdf64dc840;  1 drivers
v000001bdf64aace0_0 .net *"_ivl_3", 0 0, L_000001bdf64dbc60;  1 drivers
L_000001bdf64ee128 .functor BUFT 1, C4<0>, C4<0>, C4<0>, C4<0>;
v000001bdf64acd60_0 .net/2u *"_ivl_30", 0 0, L_000001bdf64ee128;  1 drivers
v000001bdf64ab8c0_0 .net *"_ivl_35", 19 0, L_000001bdf64ddd80;  1 drivers
L_000001bdf64ee170 .functor BUFT 1, C4<000000000000>, C4<0>, C4<0>, C4<0>;
v000001bdf64aad80_0 .net/2u *"_ivl_36", 11 0, L_000001bdf64ee170;  1 drivers
v000001bdf64ab3c0_0 .net *"_ivl_4", 20 0, L_000001bdf64dc7a0;  1 drivers
v000001bdf64abe60_0 .net *"_ivl_41", 0 0, L_000001bdf64dc200;  1 drivers
v000001bdf64aa880_0 .net *"_ivl_42", 11 0, L_000001bdf64dc2a0;  1 drivers
v000001bdf64ab500_0 .net *"_ivl_45", 7 0, L_000001bdf64dda60;  1 drivers
v000001bdf64ab5a0_0 .net *"_ivl_47", 0 0, L_000001bdf64dde20;  1 drivers
v000001bdf64ac4a0_0 .net *"_ivl_49", 9 0, L_000001bdf64dd740;  1 drivers
L_000001bdf64ee1b8 .functor BUFT 1, C4<0>, C4<0>, C4<0>, C4<0>;
v000001bdf64ab820_0 .net/2u *"_ivl_50", 0 0, L_000001bdf64ee1b8;  1 drivers
v000001bdf64aaa60_0 .net *"_ivl_55", 0 0, L_000001bdf64de0a0;  1 drivers
v000001bdf64ab640_0 .net *"_ivl_57", 0 0, L_000001bdf64ddf60;  1 drivers
v000001bdf64ac680_0 .net *"_ivl_59", 0 0, L_000001bdf64dc480;  1 drivers
v000001bdf64ab6e0_0 .net *"_ivl_61", 0 0, L_000001bdf64dc520;  1 drivers
v000001bdf64aab00_0 .net *"_ivl_63", 0 0, L_000001bdf64dc980;  1 drivers
v000001bdf64ab960_0 .net *"_ivl_65", 0 0, L_000001bdf64dca20;  1 drivers
L_000001bdf64ee200 .functor BUFT 1, C4<00000000000000000000000000000000>, C4<0>, C4<0>, C4<0>;
v000001bdf64abb40_0 .net/2u *"_ivl_66", 31 0, L_000001bdf64ee200;  1 drivers
v000001bdf64ac720_0 .net *"_ivl_68", 31 0, L_000001bdf64dcca0;  1 drivers
v000001bdf64abf00_0 .net *"_ivl_7", 10 0, L_000001bdf64ddc40;  1 drivers
v000001bdf64ac540_0 .net *"_ivl_70", 31 0, L_000001bdf64dcd40;  1 drivers
v000001bdf64ac7c0_0 .net *"_ivl_72", 31 0, L_000001bdf64dd7e0;  1 drivers
v000001bdf64ac860_0 .net *"_ivl_74", 31 0, L_000001bdf64dcde0;  1 drivers
v000001bdf64aac40_0 .net *"_ivl_76", 31 0, L_000001bdf64de8c0;  1 drivers
v000001bdf64ae340_0 .net "i_format", 5 0, L_000001bdf64ddb00;  alias, 1 drivers
v000001bdf64ad300_0 .net "i_inst", 31 0, v000001bdf64d3a50_0;  alias, 1 drivers
v000001bdf64aefc0_0 .net "imm_b", 31 0, L_000001bdf64dc020;  1 drivers
v000001bdf64adf80_0 .net "imm_i", 31 0, L_000001bdf64dd100;  1 drivers
v000001bdf64aee80_0 .net "imm_j", 31 0, L_000001bdf64dc340;  1 drivers
L_000001bdf64ee0e0 .functor BUFT 1, C4<xxxxxxxxxxxxxxxxxxxxxxxxxxxxxxxx>, C4<0>, C4<0>, C4<0>;
v000001bdf64ad1c0_0 .net "imm_r", 31 0, L_000001bdf64ee0e0;  1 drivers
v000001bdf64aeb60_0 .net "imm_s", 31 0, L_000001bdf64dc700;  1 drivers
v000001bdf64adbc0_0 .net "imm_u", 31 0, L_000001bdf64dc0c0;  1 drivers
v000001bdf64ae5c0_0 .net "o_immediate", 31 0, L_000001bdf64e03a0;  alias, 1 drivers
L_000001bdf64dbc60 .part v000001bdf64d3a50_0, 31, 1;
LS_000001bdf64dc7a0_0_0 .concat [ 1 1 1 1], L_000001bdf64dbc60, L_000001bdf64dbc60, L_000001bdf64dbc60, L_000001bdf64dbc60;
LS_000001bdf64dc7a0_0_4 .concat [ 1 1 1 1], L_000001bdf64dbc60, L_000001bdf64dbc60, L_000001bdf64dbc60, L_000001bdf64dbc60;
LS_000001bdf64dc7a0_0_8 .concat [ 1 1 1 1], L_000001bdf64dbc60, L_000001bdf64dbc60, L_000001bdf64dbc60, L_000001bdf64dbc60;
LS_000001bdf64dc7a0_0_12 .concat [ 1 1 1 1], L_000001bdf64dbc60, L_000001bdf64dbc60, L_000001bdf64dbc60, L_000001bdf64dbc60;
LS_000001bdf64dc7a0_0_16 .concat [ 1 1 1 1], L_000001bdf64dbc60, L_000001bdf64dbc60, L_000001bdf64dbc60, L_000001bdf64dbc60;
LS_000001bdf64dc7a0_0_20 .concat [ 1 0 0 0], L_000001bdf64dbc60;
LS_000001bdf64dc7a0_1_0 .concat [ 4 4 4 4], LS_000001bdf64dc7a0_0_0, LS_000001bdf64dc7a0_0_4, LS_000001bdf64dc7a0_0_8, LS_000001bdf64dc7a0_0_12;
LS_000001bdf64dc7a0_1_4 .concat [ 4 1 0 0], LS_000001bdf64dc7a0_0_16, LS_000001bdf64dc7a0_0_20;
L_000001bdf64dc7a0 .concat [ 16 5 0 0], LS_000001bdf64dc7a0_1_0, LS_000001bdf64dc7a0_1_4;
L_000001bdf64ddc40 .part v000001bdf64d3a50_0, 20, 11;
L_000001bdf64dd100 .concat [ 11 21 0 0], L_000001bdf64ddc40, L_000001bdf64dc7a0;
L_000001bdf64dd1a0 .part v000001bdf64d3a50_0, 31, 1;
LS_000001bdf64dd920_0_0 .concat [ 1 1 1 1], L_000001bdf64dd1a0, L_000001bdf64dd1a0, L_000001bdf64dd1a0, L_000001bdf64dd1a0;
LS_000001bdf64dd920_0_4 .concat [ 1 1 1 1], L_000001bdf64dd1a0, L_000001bdf64dd1a0, L_000001bdf64dd1a0, L_000001bdf64dd1a0;
LS_000001bdf64dd920_0_8 .concat [ 1 1 1 1], L_000001bdf64dd1a0, L_000001bdf64dd1a0, L_000001bdf64dd1a0, L_000001bdf64dd1a0;
LS_000001bdf64dd920_0_12 .concat [ 1 1 1 1], L_000001bdf64dd1a0, L_000001bdf64dd1a0, L_000001bdf64dd1a0, L_000001bdf64dd1a0;
LS_000001bdf64dd920_0_16 .concat [ 1 1 1 1], L_000001bdf64dd1a0, L_000001bdf64dd1a0, L_000001bdf64dd1a0, L_000001bdf64dd1a0;
LS_000001bdf64dd920_0_20 .concat [ 1 0 0 0], L_000001bdf64dd1a0;
LS_000001bdf64dd920_1_0 .concat [ 4 4 4 4], LS_000001bdf64dd920_0_0, LS_000001bdf64dd920_0_4, LS_000001bdf64dd920_0_8, LS_000001bdf64dd920_0_12;
LS_000001bdf64dd920_1_4 .concat [ 4 1 0 0], LS_000001bdf64dd920_0_16, LS_000001bdf64dd920_0_20;
L_000001bdf64dd920 .concat [ 16 5 0 0], LS_000001bdf64dd920_1_0, LS_000001bdf64dd920_1_4;
L_000001bdf64dbe40 .part v000001bdf64d3a50_0, 25, 6;
L_000001bdf64db9e0 .part v000001bdf64d3a50_0, 7, 5;
L_000001bdf64dc700 .concat [ 5 6 21 0], L_000001bdf64db9e0, L_000001bdf64dbe40, L_000001bdf64dd920;
L_000001bdf64ddce0 .part v000001bdf64d3a50_0, 31, 1;
LS_000001bdf64dd420_0_0 .concat [ 1 1 1 1], L_000001bdf64ddce0, L_000001bdf64ddce0, L_000001bdf64ddce0, L_000001bdf64ddce0;
LS_000001bdf64dd420_0_4 .concat [ 1 1 1 1], L_000001bdf64ddce0, L_000001bdf64ddce0, L_000001bdf64ddce0, L_000001bdf64ddce0;
LS_000001bdf64dd420_0_8 .concat [ 1 1 1 1], L_000001bdf64ddce0, L_000001bdf64ddce0, L_000001bdf64ddce0, L_000001bdf64ddce0;
LS_000001bdf64dd420_0_12 .concat [ 1 1 1 1], L_000001bdf64ddce0, L_000001bdf64ddce0, L_000001bdf64ddce0, L_000001bdf64ddce0;
LS_000001bdf64dd420_0_16 .concat [ 1 1 1 1], L_000001bdf64ddce0, L_000001bdf64ddce0, L_000001bdf64ddce0, L_000001bdf64ddce0;
LS_000001bdf64dd420_1_0 .concat [ 4 4 4 4], LS_000001bdf64dd420_0_0, LS_000001bdf64dd420_0_4, LS_000001bdf64dd420_0_8, LS_000001bdf64dd420_0_12;
LS_000001bdf64dd420_1_4 .concat [ 4 0 0 0], LS_000001bdf64dd420_0_16;
L_000001bdf64dd420 .concat [ 16 4 0 0], LS_000001bdf64dd420_1_0, LS_000001bdf64dd420_1_4;
L_000001bdf64dbee0 .part v000001bdf64d3a50_0, 7, 1;
L_000001bdf64dd240 .part v000001bdf64d3a50_0, 25, 6;
L_000001bdf64dc840 .part v000001bdf64d3a50_0, 8, 4;
LS_000001bdf64dc020_0_0 .concat [ 1 4 6 1], L_000001bdf64ee128, L_000001bdf64dc840, L_000001bdf64dd240, L_000001bdf64dbee0;
LS_000001bdf64dc020_0_4 .concat [ 20 0 0 0], L_000001bdf64dd420;
L_000001bdf64dc020 .concat [ 12 20 0 0], LS_000001bdf64dc020_0_0, LS_000001bdf64dc020_0_4;
L_000001bdf64ddd80 .part v000001bdf64d3a50_0, 12, 20;
L_000001bdf64dc0c0 .concat [ 12 20 0 0], L_000001bdf64ee170, L_000001bdf64ddd80;
L_000001bdf64dc200 .part v000001bdf64d3a50_0, 31, 1;
LS_000001bdf64dc2a0_0_0 .concat [ 1 1 1 1], L_000001bdf64dc200, L_000001bdf64dc200, L_000001bdf64dc200, L_000001bdf64dc200;
LS_000001bdf64dc2a0_0_4 .concat [ 1 1 1 1], L_000001bdf64dc200, L_000001bdf64dc200, L_000001bdf64dc200, L_000001bdf64dc200;
LS_000001bdf64dc2a0_0_8 .concat [ 1 1 1 1], L_000001bdf64dc200, L_000001bdf64dc200, L_000001bdf64dc200, L_000001bdf64dc200;
L_000001bdf64dc2a0 .concat [ 4 4 4 0], LS_000001bdf64dc2a0_0_0, LS_000001bdf64dc2a0_0_4, LS_000001bdf64dc2a0_0_8;
L_000001bdf64dda60 .part v000001bdf64d3a50_0, 12, 8;
L_000001bdf64dde20 .part v000001bdf64d3a50_0, 20, 1;
L_000001bdf64dd740 .part v000001bdf64d3a50_0, 21, 10;
LS_000001bdf64dc340_0_0 .concat [ 1 10 1 8], L_000001bdf64ee1b8, L_000001bdf64dd740, L_000001bdf64dde20, L_000001bdf64dda60;
LS_000001bdf64dc340_0_4 .concat [ 12 0 0 0], L_000001bdf64dc2a0;
L_000001bdf64dc340 .concat [ 20 12 0 0], LS_000001bdf64dc340_0_0, LS_000001bdf64dc340_0_4;
L_000001bdf64de0a0 .part L_000001bdf64ddb00, 0, 1;
L_000001bdf64ddf60 .part L_000001bdf64ddb00, 1, 1;
L_000001bdf64dc480 .part L_000001bdf64ddb00, 2, 1;
L_000001bdf64dc520 .part L_000001bdf64ddb00, 3, 1;
L_000001bdf64dc980 .part L_000001bdf64ddb00, 4, 1;
L_000001bdf64dca20 .part L_000001bdf64ddb00, 5, 1;
L_000001bdf64dcca0 .functor MUXZ 32, L_000001bdf64ee200, L_000001bdf64dc340, L_000001bdf64dca20, C4<>;
L_000001bdf64dcd40 .functor MUXZ 32, L_000001bdf64dcca0, L_000001bdf64dc0c0, L_000001bdf64dc980, C4<>;
L_000001bdf64dd7e0 .functor MUXZ 32, L_000001bdf64dcd40, L_000001bdf64dc020, L_000001bdf64dc520, C4<>;
L_000001bdf64dcde0 .functor MUXZ 32, L_000001bdf64dd7e0, L_000001bdf64dc700, L_000001bdf64dc480, C4<>;
L_000001bdf64de8c0 .functor MUXZ 32, L_000001bdf64dcde0, L_000001bdf64dd100, L_000001bdf64ddf60, C4<>;
L_000001bdf64e03a0 .functor MUXZ 32, L_000001bdf64de8c0, L_000001bdf64ee0e0, L_000001bdf64de0a0, C4<>;
S_000001bdf6211950 .scope module, "rf_rw" "rf" 5 88, 7 8 0, S_000001bdf5dda750;
 .timescale -9 -12;
    .port_info 0 /INPUT 1 "i_clk";
    .port_info 1 /INPUT 1 "i_rst";
    .port_info 2 /INPUT 5 "i_rs1_raddr";
    .port_info 3 /OUTPUT 32 "o_rs1_rdata";
    .port_info 4 /INPUT 5 "i_rs2_raddr";
    .port_info 5 /OUTPUT 32 "o_rs2_rdata";
    .port_info 6 /INPUT 1 "i_rd_wen";
    .port_info 7 /INPUT 5 "i_rd_waddr";
    .port_info 8 /INPUT 32 "i_rd_wdata";
P_000001bdf6401270 .param/l "BYPASS_EN" 0 7 17, +C4<00000000000000000000000000000001>;
L_000001bdf64edd38 .functor BUFT 1, C4<1>, C4<0>, C4<0>, C4<0>;
L_000001bdf655b660 .functor AND 1, L_000001bdf64edd38, L_000001bdf655f9e0, C4<1>, C4<1>;
L_000001bdf655b7b0 .functor AND 1, L_000001bdf655b660, L_000001bdf64dbda0, C4<1>, C4<1>;
L_000001bdf655b820 .functor AND 1, L_000001bdf655b7b0, L_000001bdf64dd380, C4<1>, C4<1>;
L_000001bdf64eddc8 .functor BUFT 1, C4<1>, C4<0>, C4<0>, C4<0>;
L_000001bdf655b6d0 .functor AND 1, L_000001bdf64eddc8, L_000001bdf655f9e0, C4<1>, C4<1>;
L_000001bdf655b890 .functor AND 1, L_000001bdf655b6d0, L_000001bdf64dd2e0, C4<1>, C4<1>;
L_000001bdf655b9e0 .functor AND 1, L_000001bdf655b890, L_000001bdf64ddec0, C4<1>, C4<1>;
v000001bdf64ad620_0 .net/2u *"_ivl_0", 0 0, L_000001bdf64edd38;  1 drivers
v000001bdf64ae8e0_0 .net *"_ivl_10", 0 0, L_000001bdf64dd380;  1 drivers
v000001bdf64ae020_0 .net/2u *"_ivl_14", 0 0, L_000001bdf64eddc8;  1 drivers
v000001bdf64ad440_0 .net *"_ivl_17", 0 0, L_000001bdf655b6d0;  1 drivers
L_000001bdf64ede10 .functor BUFT 1, C4<00000>, C4<0>, C4<0>, C4<0>;
v000001bdf64af1a0_0 .net/2u *"_ivl_18", 4 0, L_000001bdf64ede10;  1 drivers
v000001bdf64ae3e0_0 .net *"_ivl_20", 0 0, L_000001bdf64dd2e0;  1 drivers
v000001bdf64aeca0_0 .net *"_ivl_23", 0 0, L_000001bdf655b890;  1 drivers
v000001bdf64af7e0_0 .net *"_ivl_24", 0 0, L_000001bdf64ddec0;  1 drivers
L_000001bdf64ede58 .functor BUFT 1, C4<00000000000000000000000000000000>, C4<0>, C4<0>, C4<0>;
v000001bdf64af740_0 .net/2u *"_ivl_28", 31 0, L_000001bdf64ede58;  1 drivers
v000001bdf64ae480_0 .net *"_ivl_3", 0 0, L_000001bdf655b660;  1 drivers
L_000001bdf64edea0 .functor BUFT 1, C4<00000>, C4<0>, C4<0>, C4<0>;
v000001bdf64ae200_0 .net/2u *"_ivl_30", 4 0, L_000001bdf64edea0;  1 drivers
v000001bdf64ad3a0_0 .net *"_ivl_32", 0 0, L_000001bdf64dd560;  1 drivers
L_000001bdf64edee8 .functor BUFT 1, C4<00000000000000000000000000000000>, C4<0>, C4<0>, C4<0>;
v000001bdf64af6a0_0 .net/2u *"_ivl_34", 31 0, L_000001bdf64edee8;  1 drivers
v000001bdf64af240_0 .net *"_ivl_36", 31 0, L_000001bdf64db940;  1 drivers
v000001bdf64ad6c0_0 .net *"_ivl_38", 6 0, L_000001bdf64dbf80;  1 drivers
L_000001bdf64edd80 .functor BUFT 1, C4<00000>, C4<0>, C4<0>, C4<0>;
v000001bdf64ae840_0 .net/2u *"_ivl_4", 4 0, L_000001bdf64edd80;  1 drivers
L_000001bdf64edf30 .functor BUFT 1, C4<00>, C4<0>, C4<0>, C4<0>;
v000001bdf64add00_0 .net *"_ivl_41", 1 0, L_000001bdf64edf30;  1 drivers
v000001bdf64adc60_0 .net *"_ivl_42", 31 0, L_000001bdf64de000;  1 drivers
v000001bdf64ae520_0 .net *"_ivl_44", 31 0, L_000001bdf64dcc00;  1 drivers
L_000001bdf64edf78 .functor BUFT 1, C4<00000000000000000000000000000000>, C4<0>, C4<0>, C4<0>;
v000001bdf64af420_0 .net/2u *"_ivl_48", 31 0, L_000001bdf64edf78;  1 drivers
L_000001bdf64edfc0 .functor BUFT 1, C4<00000>, C4<0>, C4<0>, C4<0>;
v000001bdf64adda0_0 .net/2u *"_ivl_50", 4 0, L_000001bdf64edfc0;  1 drivers
v000001bdf64ae660_0 .net *"_ivl_52", 0 0, L_000001bdf64dd6a0;  1 drivers
L_000001bdf64ee008 .functor BUFT 1, C4<00000000000000000000000000000000>, C4<0>, C4<0>, C4<0>;
v000001bdf64ad4e0_0 .net/2u *"_ivl_54", 31 0, L_000001bdf64ee008;  1 drivers
v000001bdf64af2e0_0 .net *"_ivl_56", 31 0, L_000001bdf64dcfc0;  1 drivers
v000001bdf64ae2a0_0 .net *"_ivl_58", 6 0, L_000001bdf64dc660;  1 drivers
v000001bdf64af600_0 .net *"_ivl_6", 0 0, L_000001bdf64dbda0;  1 drivers
L_000001bdf64ee050 .functor BUFT 1, C4<00>, C4<0>, C4<0>, C4<0>;
v000001bdf64af380_0 .net *"_ivl_61", 1 0, L_000001bdf64ee050;  1 drivers
v000001bdf64af4c0_0 .net *"_ivl_62", 31 0, L_000001bdf64dd9c0;  1 drivers
v000001bdf64ad080_0 .net *"_ivl_64", 31 0, L_000001bdf64dcb60;  1 drivers
v000001bdf64ae0c0_0 .net *"_ivl_9", 0 0, L_000001bdf655b7b0;  1 drivers
v000001bdf64adb20_0 .net "i_clk", 0 0, v000001bdf64ce730_0;  alias, 1 drivers
v000001bdf64ae980_0 .net "i_rd_waddr", 4 0, v000001bdf64d6f70_0;  alias, 1 drivers
v000001bdf64ad760_0 .net "i_rd_wdata", 31 0, L_000001bdf6578480;  alias, 1 drivers
v000001bdf64adee0_0 .net "i_rd_wen", 0 0, L_000001bdf655f9e0;  alias, 1 drivers
v000001bdf64af560_0 .net "i_rs1_raddr", 4 0, L_000001bdf64eb200;  alias, 1 drivers
v000001bdf64aea20_0 .net "i_rs2_raddr", 4 0, L_000001bdf64eb3e0;  alias, 1 drivers
v000001bdf64ade40_0 .net "i_rst", 0 0, v000001bdf64e3fa0_0;  alias, 1 drivers
v000001bdf64ae700_0 .net "o_rs1_rdata", 31 0, L_000001bdf64dc160;  alias, 1 drivers
v000001bdf64ad120_0 .net "o_rs2_rdata", 31 0, L_000001bdf64dbb20;  alias, 1 drivers
v000001bdf64aeac0 .array "regs", 31 0, 31 0;
v000001bdf64ad940_0 .net "rs1_bypass_hit", 0 0, L_000001bdf655b820;  1 drivers
v000001bdf64ad260_0 .net "rs2_bypass_hit", 0 0, L_000001bdf655b9e0;  1 drivers
L_000001bdf64dbda0 .cmp/ne 5, v000001bdf64d6f70_0, L_000001bdf64edd80;
L_000001bdf64dd380 .cmp/eq 5, L_000001bdf64eb200, v000001bdf64d6f70_0;
L_000001bdf64dd2e0 .cmp/ne 5, v000001bdf64d6f70_0, L_000001bdf64ede10;
L_000001bdf64ddec0 .cmp/eq 5, L_000001bdf64eb3e0, v000001bdf64d6f70_0;
L_000001bdf64dd560 .cmp/eq 5, L_000001bdf64eb200, L_000001bdf64edea0;
L_000001bdf64db940 .array/port v000001bdf64aeac0, L_000001bdf64dbf80;
L_000001bdf64dbf80 .concat [ 5 2 0 0], L_000001bdf64eb200, L_000001bdf64edf30;
L_000001bdf64de000 .functor MUXZ 32, L_000001bdf64db940, L_000001bdf6578480, L_000001bdf655b820, C4<>;
L_000001bdf64dcc00 .functor MUXZ 32, L_000001bdf64de000, L_000001bdf64edee8, L_000001bdf64dd560, C4<>;
L_000001bdf64dc160 .functor MUXZ 32, L_000001bdf64dcc00, L_000001bdf64ede58, v000001bdf64e3fa0_0, C4<>;
L_000001bdf64dd6a0 .cmp/eq 5, L_000001bdf64eb3e0, L_000001bdf64edfc0;
L_000001bdf64dcfc0 .array/port v000001bdf64aeac0, L_000001bdf64dc660;
L_000001bdf64dc660 .concat [ 5 2 0 0], L_000001bdf64eb3e0, L_000001bdf64ee050;
L_000001bdf64dd9c0 .functor MUXZ 32, L_000001bdf64dcfc0, L_000001bdf6578480, L_000001bdf655b9e0, C4<>;
L_000001bdf64dcb60 .functor MUXZ 32, L_000001bdf64dd9c0, L_000001bdf64ee008, L_000001bdf64dd6a0, C4<>;
L_000001bdf64dbb20 .functor MUXZ 32, L_000001bdf64dcb60, L_000001bdf64edf78, v000001bdf64e3fa0_0, C4<>;
S_000001bdf6212e80 .scope module, "u_execute" "execute" 3 675, 8 1 0, S_000001bdf6260f70;
 .timescale -9 -12;
    .port_info 0 /INPUT 3 "AluOp";
    .port_info 1 /INPUT 3 "Func3";
    .port_info 2 /INPUT 7 "Func7";
    .port_info 3 /INPUT 7 "opcode";
    .port_info 4 /INPUT 32 "Operand1";
    .port_info 5 /INPUT 32 "Operand2";
    .port_info 6 /OUTPUT 32 "AluResult";
    .port_info 7 /OUTPUT 1 "ALUeq";
    .port_info 8 /OUTPUT 1 "ALUslt";
v000001bdf64b3650_0 .net "ALUeq", 0 0, L_000001bdf64dedc0;  alias, 1 drivers
v000001bdf64b3b50_0 .net "ALUslt", 0 0, L_000001bdf655cfe0;  alias, 1 drivers
v000001bdf64b3bf0_0 .net "AluControl_arith", 0 0, v000001bdf64b2a70_0;  1 drivers
v000001bdf64b47d0_0 .net "AluControl_opsel", 2 0, v000001bdf64b2cf0_0;  1 drivers
v000001bdf64b36f0_0 .net "AluControl_sub", 0 0, v000001bdf64b2f70_0;  1 drivers
v000001bdf64b3c90_0 .net "AluControl_unsigned", 0 0, v000001bdf64b3f10_0;  1 drivers
v000001bdf64b4190_0 .net "AluOp", 2 0, v000001bdf64d1e30_0;  1 drivers
v000001bdf64b3d30_0 .net "AluResult", 31 0, v000001bdf64b3510_0;  alias, 1 drivers
v000001bdf64b44b0_0 .net "Func3", 2 0, v000001bdf64d23d0_0;  1 drivers
v000001bdf64b4050_0 .net "Func7", 6 0, v000001bdf64d1a70_0;  1 drivers
v000001bdf64b4550_0 .net "Operand1", 31 0, L_000001bdf64de640;  alias, 1 drivers
v000001bdf64b4690_0 .net "Operand2", 31 0, L_000001bdf64de820;  alias, 1 drivers
v000001bdf64b4870_0 .net "opcode", 6 0, v000001bdf64d2f10_0;  1 drivers
S_000001bdf5ded0d0 .scope module, "u_alu" "alu" 8 42, 9 8 0, S_000001bdf6212e80;
 .timescale -9 -12;
    .port_info 0 /INPUT 3 "i_opsel";
    .port_info 1 /INPUT 1 "i_sub";
    .port_info 2 /INPUT 1 "i_unsigned";
    .port_info 3 /INPUT 1 "i_arith";
    .port_info 4 /INPUT 32 "i_op1";
    .port_info 5 /INPUT 32 "i_op2";
    .port_info 6 /OUTPUT 32 "o_result";
    .port_info 7 /OUTPUT 1 "o_eq";
    .port_info 8 /OUTPUT 1 "o_slt";
L_000001bdf655df30 .functor NOT 1, L_000001bdf64e06c0, C4<0>, C4<0>, C4<0>;
L_000001bdf655d520 .functor AND 1, L_000001bdf64e0440, L_000001bdf655df30, C4<1>, C4<1>;
L_000001bdf655d750 .functor XOR 1, L_000001bdf64df220, L_000001bdf64debe0, C4<0>, C4<0>;
L_000001bdf655ce20 .functor NOT 1, L_000001bdf655d750, C4<0>, C4<0>, C4<0>;
L_000001bdf655cd40 .functor AND 1, L_000001bdf655ce20, L_000001bdf64df7c0, C4<1>, C4<1>;
L_000001bdf655cf70 .functor OR 1, L_000001bdf655d520, L_000001bdf655cd40, C4<0>, C4<0>;
L_000001bdf655c9c0 .functor AND 1, v000001bdf64b3f10_0, L_000001bdf64df7c0, C4<1>, C4<1>;
L_000001bdf655dd70 .functor NOT 1, v000001bdf64b3f10_0, C4<0>, C4<0>, C4<0>;
L_000001bdf655d210 .functor AND 1, L_000001bdf655dd70, L_000001bdf655cf70, C4<1>, C4<1>;
L_000001bdf655cfe0 .functor OR 1, L_000001bdf655c9c0, L_000001bdf655d210, C4<0>, C4<0>;
v000001bdf64b30b0_0 .net *"_ivl_10", 0 0, L_000001bdf655d520;  1 drivers
v000001bdf64b3e70_0 .net *"_ivl_13", 0 0, L_000001bdf64df220;  1 drivers
v000001bdf64b40f0_0 .net *"_ivl_15", 0 0, L_000001bdf64debe0;  1 drivers
v000001bdf64b3ab0_0 .net *"_ivl_16", 0 0, L_000001bdf655d750;  1 drivers
v000001bdf64b4e10_0 .net *"_ivl_18", 0 0, L_000001bdf655ce20;  1 drivers
v000001bdf64b4230_0 .net *"_ivl_20", 0 0, L_000001bdf655cd40;  1 drivers
v000001bdf64b3970_0 .net *"_ivl_26", 0 0, L_000001bdf655c9c0;  1 drivers
v000001bdf64b2ed0_0 .net *"_ivl_28", 0 0, L_000001bdf655dd70;  1 drivers
v000001bdf64b3330_0 .net *"_ivl_30", 0 0, L_000001bdf655d210;  1 drivers
v000001bdf64b29d0_0 .net *"_ivl_5", 0 0, L_000001bdf64e0440;  1 drivers
v000001bdf64b3830_0 .net *"_ivl_7", 0 0, L_000001bdf64e06c0;  1 drivers
v000001bdf64b4d70_0 .net *"_ivl_8", 0 0, L_000001bdf655df30;  1 drivers
v000001bdf64b42d0_0 .net "i_arith", 0 0, v000001bdf64b2a70_0;  alias, 1 drivers
v000001bdf64b4a50_0 .net "i_op1", 31 0, L_000001bdf64de640;  alias, 1 drivers
v000001bdf64b3dd0_0 .net "i_op2", 31 0, L_000001bdf64de820;  alias, 1 drivers
v000001bdf64b4c30_0 .net "i_opsel", 2 0, v000001bdf64b2cf0_0;  alias, 1 drivers
v000001bdf64b4370_0 .net "i_sub", 0 0, v000001bdf64b2f70_0;  alias, 1 drivers
v000001bdf64b3790_0 .net "i_unsigned", 0 0, v000001bdf64b3f10_0;  alias, 1 drivers
v000001bdf64b4eb0_0 .net "lt_signed", 0 0, L_000001bdf655cf70;  1 drivers
v000001bdf64b4ff0_0 .net "lt_unsigned", 0 0, L_000001bdf64df7c0;  1 drivers
v000001bdf64b49b0_0 .net "o_eq", 0 0, L_000001bdf64dedc0;  alias, 1 drivers
v000001bdf64b3fb0_0 .net "o_result", 31 0, v000001bdf64b3510_0;  alias, 1 drivers
v000001bdf64b3150_0 .net "o_slt", 0 0, L_000001bdf655cfe0;  alias, 1 drivers
v000001bdf64b3510_0 .var "result", 31 0;
v000001bdf64b31f0_0 .net "shamt", 4 0, L_000001bdf64df9a0;  1 drivers
v000001bdf64b3290_0 .var "sll_result", 31 0;
v000001bdf64b33d0_0 .var "sra_result", 31 0;
v000001bdf64b2c50_0 .var "srl_result", 31 0;
E_000001bdf6401a30/0 .event anyedge, v000001bdf64b4c30_0, v000001bdf64b4370_0, v000001bdf64b4a50_0, v000001bdf64b3dd0_0;
E_000001bdf6401a30/1 .event anyedge, v000001bdf64b3290_0, v000001bdf64b3150_0, v000001bdf64b42d0_0, v000001bdf64b2c50_0;
E_000001bdf6401a30/2 .event anyedge, v000001bdf64b33d0_0;
E_000001bdf6401a30 .event/or E_000001bdf6401a30/0, E_000001bdf6401a30/1, E_000001bdf6401a30/2;
E_000001bdf6401470 .event anyedge, v000001bdf64b31f0_0, v000001bdf64b4a50_0;
L_000001bdf64df9a0 .part L_000001bdf64de820, 0, 5;
L_000001bdf64df7c0 .cmp/gt 32, L_000001bdf64de820, L_000001bdf64de640;
L_000001bdf64e0440 .part L_000001bdf64de640, 31, 1;
L_000001bdf64e06c0 .part L_000001bdf64de820, 31, 1;
L_000001bdf64df220 .part L_000001bdf64de640, 31, 1;
L_000001bdf64debe0 .part L_000001bdf64de820, 31, 1;
L_000001bdf64dedc0 .cmp/eq 32, L_000001bdf64de640, L_000001bdf64de820;
S_000001bdf5ded260 .scope module, "u_alu_control_unit" "alu_control_unit" 8 28, 10 1 0, S_000001bdf6212e80;
 .timescale -9 -12;
    .port_info 0 /INPUT 3 "AluOp";
    .port_info 1 /INPUT 3 "Func3";
    .port_info 2 /INPUT 7 "Func7";
    .port_info 3 /INPUT 7 "opcode";
    .port_info 4 /OUTPUT 3 "AluControl_opsel";
    .port_info 5 /OUTPUT 1 "AluControl_sub";
    .port_info 6 /OUTPUT 1 "AluControl_unsigned";
    .port_info 7 /OUTPUT 1 "AluControl_arith";
v000001bdf64b2a70_0 .var "AluControl_arith", 0 0;
v000001bdf64b2cf0_0 .var "AluControl_opsel", 2 0;
v000001bdf64b2f70_0 .var "AluControl_sub", 0 0;
v000001bdf64b3f10_0 .var "AluControl_unsigned", 0 0;
v000001bdf64b35b0_0 .net "AluOp", 2 0, v000001bdf64d1e30_0;  alias, 1 drivers
v000001bdf64b2bb0_0 .net "Func3", 2 0, v000001bdf64d23d0_0;  alias, 1 drivers
v000001bdf64b3a10_0 .net "Func7", 6 0, v000001bdf64d1a70_0;  alias, 1 drivers
v000001bdf64b4410_0 .net "opcode", 6 0, v000001bdf64d2f10_0;  alias, 1 drivers
E_000001bdf6401af0 .event anyedge, v000001bdf64b35b0_0, v000001bdf64b4410_0, v000001bdf64b2bb0_0, v000001bdf64b3a10_0;
S_000001bdf6250630 .scope module, "u_icache" "cache" 3 468, 4 3 0, S_000001bdf6260f70;
 .timescale -9 -12;
    .port_info 0 /INPUT 1 "i_clk";
    .port_info 1 /INPUT 1 "i_rst";
    .port_info 2 /INPUT 1 "i_mem_ready";
    .port_info 3 /OUTPUT 32 "o_mem_addr";
    .port_info 4 /OUTPUT 1 "o_mem_ren";
    .port_info 5 /OUTPUT 1 "o_mem_wen";
    .port_info 6 /OUTPUT 32 "o_mem_wdata";
    .port_info 7 /INPUT 32 "i_mem_rdata";
    .port_info 8 /INPUT 1 "i_mem_valid";
    .port_info 9 /OUTPUT 1 "o_busy";
    .port_info 10 /INPUT 32 "i_req_addr";
    .port_info 11 /INPUT 1 "i_req_ren";
    .port_info 12 /INPUT 1 "i_req_wen";
    .port_info 13 /INPUT 4 "i_req_mask";
    .port_info 14 /INPUT 32 "i_req_wdata";
    .port_info 15 /OUTPUT 32 "o_res_rdata";
P_000001bdf5ca6480 .param/l "D" 1 4 25, +C4<00000000000000000000000000000100>;
P_000001bdf5ca64b8 .param/l "DEPTH" 1 4 23, +C4<00000000000000000000000000100000>;
P_000001bdf5ca64f0 .param/l "O" 1 4 21, +C4<00000000000000000000000000000100>;
P_000001bdf5ca6528 .param/l "REFILL_LAST_WORD" 1 4 37, C4<11>;
P_000001bdf5ca6560 .param/l "S" 1 4 22, +C4<00000000000000000000000000000101>;
P_000001bdf5ca6598 .param/l "STATE_IDLE" 1 4 27, C4<00>;
P_000001bdf5ca65d0 .param/l "STATE_REFILL_REQ" 1 4 28, C4<01>;
P_000001bdf5ca6608 .param/l "STATE_REFILL_WAIT" 1 4 29, C4<10>;
P_000001bdf5ca6640 .param/l "STATE_WRITE_REQ" 1 4 30, C4<11>;
P_000001bdf5ca6678 .param/l "T" 1 4 24, +C4<00000000000000000000000000010111>;
P_000001bdf5ca66b0 .param/l "WB_COUNT_FULL" 1 4 36, C4<1000>;
P_000001bdf5ca66e8 .param/l "WB_COUNT_W" 1 4 34, +C4<00000000000000000000000000000100>;
P_000001bdf5ca6720 .param/l "WB_COUNT_ZERO" 1 4 35, C4<0000>;
P_000001bdf5ca6758 .param/l "WB_DEPTH" 1 4 32, +C4<00000000000000000000000000001000>;
P_000001bdf5ca6790 .param/l "WB_PTR_W" 1 4 33, +C4<00000000000000000000000000000011>;
L_000001bdf63d2cb0 .functor AND 1, L_000001bdf64e5080, L_000001bdf64e4720, C4<1>, C4<1>;
L_000001bdf63d1f90 .functor AND 1, L_000001bdf64e4860, L_000001bdf64e4680, C4<1>, C4<1>;
L_000001bdf63d27e0 .functor OR 1, L_000001bdf63d2cb0, L_000001bdf63d1f90, C4<0>, C4<0>;
L_000001bdf63d3880 .functor BUFZ 32, L_000001bdf64e40e0, C4<00000000000000000000000000000000>, C4<00000000000000000000000000000000>, C4<00000000000000000000000000000000>;
L_000001bdf63d2a80 .functor BUFZ 32, L_000001bdf64e53a0, C4<00000000000000000000000000000000>, C4<00000000000000000000000000000000>, C4<00000000000000000000000000000000>;
L_000001bdf63d1cf0 .functor NOT 1, L_000001bdf63d27e0, C4<0>, C4<0>, C4<0>;
L_000001bdf63d3030 .functor AND 1, L_000001bdf655a0f0, L_000001bdf63d1cf0, C4<1>, C4<1>;
L_000001bdf63d2000 .functor NOT 1, L_000001bdf63d27e0, C4<0>, C4<0>, C4<0>;
L_000001bdf64ec8f8 .functor BUFT 1, C4<0>, C4<0>, C4<0>, C4<0>;
L_000001bdf63d32d0 .functor AND 1, L_000001bdf64ec8f8, L_000001bdf63d2000, C4<1>, C4<1>;
L_000001bdf63d3c70 .functor NOT 1, L_000001bdf64e5080, C4<0>, C4<0>, C4<0>;
L_000001bdf63d3b20 .functor NOT 1, L_000001bdf64e4860, C4<0>, C4<0>, C4<0>;
L_000001bdf63d3ea0 .functor BUFZ 1, L_000001bdf63d1f90, C4<0>, C4<0>, C4<0>;
L_000001bdf63d38f0 .functor NOT 32, L_000001bdf64e45e0, C4<00000000000000000000000000000000>, C4<00000000000000000000000000000000>, C4<00000000000000000000000000000000>;
L_000001bdf63d39d0 .functor AND 32, L_000001bdf64e35a0, L_000001bdf63d38f0, C4<11111111111111111111111111111111>, C4<11111111111111111111111111111111>;
L_000001bdf64ec988 .functor BUFT 1, C4<00000000000000000000000000000000>, C4<0>, C4<0>, C4<0>;
L_000001bdf63d3a40 .functor AND 32, L_000001bdf64ec988, L_000001bdf64e45e0, C4<11111111111111111111111111111111>, C4<11111111111111111111111111111111>;
L_000001bdf63d3f80 .functor OR 32, L_000001bdf63d39d0, L_000001bdf63d3a40, C4<00000000000000000000000000000000>, C4<00000000000000000000000000000000>;
L_000001bdf63d3b90 .functor OR 32, L_000001bdf64e47c0, L_000001bdf64e5ee0, C4<00000000000000000000000000000000>, C4<00000000000000000000000000000000>;
L_000001bdf64ec0d0 .functor BUFT 1, C4<0>, C4<0>, C4<0>, C4<0>;
L_000001bdf63d3ce0 .functor XNOR 1, v000001bdf64bbca0_0, L_000001bdf64ec0d0, C4<0>, C4<0>;
L_000001bdf63d3ab0 .functor NOT 32, L_000001bdf64e6de0, C4<00000000000000000000000000000000>, C4<00000000000000000000000000000000>, C4<00000000000000000000000000000000>;
L_000001bdf63d01d0 .functor AND 32, L_000001bdf64e6a20, L_000001bdf63d3ab0, C4<11111111111111111111111111111111>, C4<11111111111111111111111111111111>;
L_000001bdf63d14a0 .functor AND 32, v000001bdf64babc0_0, L_000001bdf64e6de0, C4<11111111111111111111111111111111>, C4<11111111111111111111111111111111>;
L_000001bdf63d0fd0 .functor OR 32, L_000001bdf63d01d0, L_000001bdf63d14a0, C4<00000000000000000000000000000000>, C4<00000000000000000000000000000000>;
L_000001bdf63d05c0 .functor OR 1, L_000001bdf63d3030, L_000001bdf63d32d0, C4<0>, C4<0>;
L_000001bdf63d04e0 .functor AND 1, L_000001bdf64e7f60, L_000001bdf63d05c0, C4<1>, C4<1>;
L_000001bdf63d06a0 .functor NOT 1, v000001bdf64bb200_0, C4<0>, C4<0>, C4<0>;
L_000001bdf63d0320 .functor AND 1, L_000001bdf64e62a0, L_000001bdf63d06a0, C4<1>, C4<1>;
L_000001bdf63d1510 .functor AND 1, L_000001bdf63d0320, L_000001bdf6560150, C4<1>, C4<1>;
L_000001bdf63d0550 .functor AND 1, L_000001bdf64e6fc0, L_000001bdf64e6660, C4<1>, C4<1>;
L_000001bdf63d0240 .functor AND 1, L_000001bdf63d0550, L_000001bdf64e5f80, C4<1>, C4<1>;
L_000001bdf63d0470 .functor AND 1, L_000001bdf63d0240, L_000001bdf6560150, C4<1>, C4<1>;
L_000001bdf63d0e80 .functor NOT 1, L_000001bdf63d04e0, C4<0>, C4<0>, C4<0>;
L_000001bdf63d19e0 .functor AND 1, L_000001bdf63d0470, L_000001bdf63d0e80, C4<1>, C4<1>;
L_000001bdf63d1200 .functor OR 1, L_000001bdf64e7060, L_000001bdf63d19e0, C4<0>, C4<0>;
L_000001bdf63d17b0 .functor AND 1, L_000001bdf64e6700, L_000001bdf64ec8f8, C4<1>, C4<1>;
L_000001bdf63d0c50 .functor AND 1, L_000001bdf63d17b0, L_000001bdf63d27e0, C4<1>, C4<1>;
L_000001bdf63d1430 .functor AND 1, L_000001bdf63d0c50, L_000001bdf63d1200, C4<1>, C4<1>;
L_000001bdf63d0390 .functor AND 1, L_000001bdf64e72e0, L_000001bdf64ec8f8, C4<1>, C4<1>;
L_000001bdf63d0160 .functor AND 1, L_000001bdf63d0390, L_000001bdf63d27e0, C4<1>, C4<1>;
L_000001bdf63d1580 .functor NOT 1, L_000001bdf63d1200, C4<0>, C4<0>, C4<0>;
L_000001bdf63d1c80 .functor AND 1, L_000001bdf63d0160, L_000001bdf63d1580, C4<1>, C4<1>;
L_000001bdf63d10b0 .functor AND 1, L_000001bdf64e5bc0, L_000001bdf63d1200, C4<1>, C4<1>;
L_000001bdf63d0710 .functor OR 1, L_000001bdf63d1430, L_000001bdf63d10b0, C4<0>, C4<0>;
L_000001bdf63d12e0 .functor BUFZ 1, L_000001bdf63d1510, C4<0>, C4<0>, C4<0>;
L_000001bdf63d1ba0 .functor BUFZ 1, L_000001bdf63d19e0, C4<0>, C4<0>, C4<0>;
L_000001bdf63d02b0 .functor OR 1, L_000001bdf63d3030, L_000001bdf63d32d0, C4<0>, C4<0>;
L_000001bdf63d00f0 .functor OR 1, L_000001bdf63d02b0, L_000001bdf63d1c80, C4<0>, C4<0>;
L_000001bdf63d16d0 .functor AND 1, L_000001bdf64e7560, L_000001bdf63d00f0, C4<1>, C4<1>;
L_000001bdf63d1120 .functor OR 1, L_000001bdf64e7b00, L_000001bdf63d16d0, C4<0>, C4<0>;
L_000001bdf63d09b0 .functor BUFZ 32, L_000001bdf64e35a0, C4<00000000000000000000000000000000>, C4<00000000000000000000000000000000>, C4<00000000000000000000000000000000>;
v000001bdf64b4730_0 .net *"_ivl_10", 22 0, L_000001bdf64e4ea0;  1 drivers
v000001bdf64b4af0_0 .net *"_ivl_102", 0 0, L_000001bdf63d2000;  1 drivers
v000001bdf64b4910_0 .net *"_ivl_106", 0 0, L_000001bdf63d3c70;  1 drivers
L_000001bdf64ebf20 .functor BUFT 1, C4<0>, C4<0>, C4<0>, C4<0>;
v000001bdf64b4b90_0 .net/2u *"_ivl_108", 0 0, L_000001bdf64ebf20;  1 drivers
v000001bdf64b4cd0_0 .net *"_ivl_110", 0 0, L_000001bdf63d3b20;  1 drivers
L_000001bdf64ebf68 .functor BUFT 1, C4<1>, C4<0>, C4<0>, C4<0>;
v000001bdf64b4f50_0 .net/2u *"_ivl_112", 0 0, L_000001bdf64ebf68;  1 drivers
v000001bdf64b2890_0 .net *"_ivl_115", 0 0, L_000001bdf64e3c80;  1 drivers
v000001bdf64b2930_0 .net *"_ivl_116", 0 0, L_000001bdf64e3dc0;  1 drivers
v000001bdf64b2b10_0 .net *"_ivl_12", 6 0, L_000001bdf64e3a00;  1 drivers
v000001bdf64b2d90_0 .net *"_ivl_123", 0 0, L_000001bdf64e42c0;  1 drivers
v000001bdf64b2e30_0 .net *"_ivl_124", 7 0, L_000001bdf64e4360;  1 drivers
v000001bdf64b3010_0 .net *"_ivl_127", 0 0, L_000001bdf64e56c0;  1 drivers
v000001bdf64b7250_0 .net *"_ivl_128", 7 0, L_000001bdf64e5760;  1 drivers
v000001bdf64b60d0_0 .net *"_ivl_131", 0 0, L_000001bdf64e5800;  1 drivers
v000001bdf64b54f0_0 .net *"_ivl_132", 7 0, L_000001bdf64e4400;  1 drivers
v000001bdf64b5810_0 .net *"_ivl_135", 0 0, L_000001bdf64e44a0;  1 drivers
v000001bdf64b65d0_0 .net *"_ivl_136", 7 0, L_000001bdf64e4540;  1 drivers
v000001bdf64b5450_0 .net *"_ivl_140", 31 0, L_000001bdf63d38f0;  1 drivers
v000001bdf64b63f0_0 .net *"_ivl_142", 31 0, L_000001bdf63d39d0;  1 drivers
v000001bdf64b5d10_0 .net *"_ivl_144", 31 0, L_000001bdf63d3a40;  1 drivers
L_000001bdf64ebfb0 .functor BUFT 1, C4<0000>, C4<0>, C4<0>, C4<0>;
v000001bdf64b6ad0_0 .net/2u *"_ivl_148", 3 0, L_000001bdf64ebfb0;  1 drivers
L_000001bdf64ebae8 .functor BUFT 1, C4<00>, C4<0>, C4<0>, C4<0>;
v000001bdf64b5f90_0 .net *"_ivl_15", 1 0, L_000001bdf64ebae8;  1 drivers
L_000001bdf64ebff8 .functor BUFT 1, C4<0000000000000000000000000000>, C4<0>, C4<0>, C4<0>;
v000001bdf64b77f0_0 .net/2u *"_ivl_152", 27 0, L_000001bdf64ebff8;  1 drivers
L_000001bdf64ec040 .functor BUFT 1, C4<00>, C4<0>, C4<0>, C4<0>;
v000001bdf64b5c70_0 .net/2u *"_ivl_154", 1 0, L_000001bdf64ec040;  1 drivers
v000001bdf64b6df0_0 .net *"_ivl_156", 31 0, L_000001bdf64e5ee0;  1 drivers
v000001bdf64b5590_0 .net *"_ivl_16", 0 0, L_000001bdf64e4720;  1 drivers
L_000001bdf64ec088 .functor BUFT 1, C4<00>, C4<0>, C4<0>, C4<0>;
v000001bdf64b6030_0 .net/2u *"_ivl_160", 1 0, L_000001bdf64ec088;  1 drivers
v000001bdf64b5a90_0 .net/2u *"_ivl_164", 0 0, L_000001bdf64ec0d0;  1 drivers
v000001bdf64b6170_0 .net *"_ivl_166", 0 0, L_000001bdf63d3ce0;  1 drivers
v000001bdf64b7430_0 .net *"_ivl_168", 31 0, L_000001bdf64e6d40;  1 drivers
v000001bdf64b7070_0 .net *"_ivl_170", 9 0, L_000001bdf64e7600;  1 drivers
L_000001bdf64ec118 .functor BUFT 1, C4<00000>, C4<0>, C4<0>, C4<0>;
v000001bdf64b71b0_0 .net *"_ivl_173", 4 0, L_000001bdf64ec118;  1 drivers
v000001bdf64b5630_0 .net *"_ivl_174", 11 0, L_000001bdf64e63e0;  1 drivers
L_000001bdf64ec160 .functor BUFT 1, C4<00>, C4<0>, C4<0>, C4<0>;
v000001bdf64b68f0_0 .net *"_ivl_177", 1 0, L_000001bdf64ec160;  1 drivers
L_000001bdf64ec1a8 .functor BUFT 1, C4<000000000100>, C4<0>, C4<0>, C4<0>;
v000001bdf64b6210_0 .net/2u *"_ivl_178", 11 0, L_000001bdf64ec1a8;  1 drivers
v000001bdf64b6a30_0 .net *"_ivl_181", 11 0, L_000001bdf64e7ec0;  1 drivers
v000001bdf64b6cb0_0 .net *"_ivl_182", 3 0, L_000001bdf64e5940;  1 drivers
L_000001bdf64ec1f0 .functor BUFT 1, C4<00>, C4<0>, C4<0>, C4<0>;
v000001bdf64b5b30_0 .net *"_ivl_185", 1 0, L_000001bdf64ec1f0;  1 drivers
L_000001bdf64ec238 .functor BUFT 1, C4<0>, C4<0>, C4<0>, C4<0>;
v000001bdf64b56d0_0 .net *"_ivl_188", 0 0, L_000001bdf64ec238;  1 drivers
v000001bdf64b5bd0_0 .net *"_ivl_189", 12 0, L_000001bdf64e80a0;  1 drivers
L_000001bdf64ec280 .functor BUFT 1, C4<000000000>, C4<0>, C4<0>, C4<0>;
v000001bdf64b51d0_0 .net *"_ivl_192", 8 0, L_000001bdf64ec280;  1 drivers
v000001bdf64b62b0_0 .net *"_ivl_193", 12 0, L_000001bdf64e59e0;  1 drivers
v000001bdf64b6d50_0 .net *"_ivl_194", 12 0, L_000001bdf64e6200;  1 drivers
v000001bdf64b6350_0 .net *"_ivl_196", 31 0, L_000001bdf64e7ce0;  1 drivers
v000001bdf64b5090_0 .net *"_ivl_198", 9 0, L_000001bdf64e6f20;  1 drivers
v000001bdf64b6490_0 .net *"_ivl_20", 22 0, L_000001bdf64e58a0;  1 drivers
L_000001bdf64ec2c8 .functor BUFT 1, C4<00000>, C4<0>, C4<0>, C4<0>;
v000001bdf64b5db0_0 .net *"_ivl_201", 4 0, L_000001bdf64ec2c8;  1 drivers
v000001bdf64b5770_0 .net *"_ivl_202", 11 0, L_000001bdf64e5a80;  1 drivers
L_000001bdf64ec310 .functor BUFT 1, C4<00>, C4<0>, C4<0>, C4<0>;
v000001bdf64b5270_0 .net *"_ivl_205", 1 0, L_000001bdf64ec310;  1 drivers
L_000001bdf64ec358 .functor BUFT 1, C4<000000000100>, C4<0>, C4<0>, C4<0>;
v000001bdf64b74d0_0 .net/2u *"_ivl_206", 11 0, L_000001bdf64ec358;  1 drivers
v000001bdf64b6530_0 .net *"_ivl_209", 11 0, L_000001bdf64e6980;  1 drivers
v000001bdf64b7570_0 .net *"_ivl_210", 3 0, L_000001bdf64e8000;  1 drivers
L_000001bdf64ec3a0 .functor BUFT 1, C4<00>, C4<0>, C4<0>, C4<0>;
v000001bdf64b58b0_0 .net *"_ivl_213", 1 0, L_000001bdf64ec3a0;  1 drivers
L_000001bdf64ec3e8 .functor BUFT 1, C4<0>, C4<0>, C4<0>, C4<0>;
v000001bdf64b72f0_0 .net *"_ivl_216", 0 0, L_000001bdf64ec3e8;  1 drivers
v000001bdf64b7390_0 .net *"_ivl_217", 12 0, L_000001bdf64e6e80;  1 drivers
v000001bdf64b6e90_0 .net *"_ivl_22", 6 0, L_000001bdf64e5300;  1 drivers
L_000001bdf64ec430 .functor BUFT 1, C4<000000000>, C4<0>, C4<0>, C4<0>;
v000001bdf64b5130_0 .net *"_ivl_220", 8 0, L_000001bdf64ec430;  1 drivers
v000001bdf64b6670_0 .net *"_ivl_221", 12 0, L_000001bdf64e5c60;  1 drivers
v000001bdf64b5950_0 .net *"_ivl_222", 12 0, L_000001bdf64e7380;  1 drivers
v000001bdf64b5310_0 .net *"_ivl_227", 0 0, L_000001bdf64e6ac0;  1 drivers
v000001bdf64b76b0_0 .net *"_ivl_228", 7 0, L_000001bdf64e5b20;  1 drivers
v000001bdf64b7610_0 .net *"_ivl_231", 0 0, L_000001bdf64e6340;  1 drivers
v000001bdf64b59f0_0 .net *"_ivl_232", 7 0, L_000001bdf64e7ba0;  1 drivers
v000001bdf64b6850_0 .net *"_ivl_235", 0 0, L_000001bdf64e71a0;  1 drivers
v000001bdf64b5e50_0 .net *"_ivl_236", 7 0, L_000001bdf64e7a60;  1 drivers
v000001bdf64b5ef0_0 .net *"_ivl_239", 0 0, L_000001bdf64e7240;  1 drivers
v000001bdf64b6710_0 .net *"_ivl_240", 7 0, L_000001bdf64e6b60;  1 drivers
v000001bdf64b53b0_0 .net *"_ivl_244", 31 0, L_000001bdf63d3ab0;  1 drivers
v000001bdf64b67b0_0 .net *"_ivl_246", 31 0, L_000001bdf63d01d0;  1 drivers
v000001bdf64b6990_0 .net *"_ivl_248", 31 0, L_000001bdf63d14a0;  1 drivers
L_000001bdf64ebb30 .functor BUFT 1, C4<00>, C4<0>, C4<0>, C4<0>;
v000001bdf64b6b70_0 .net *"_ivl_25", 1 0, L_000001bdf64ebb30;  1 drivers
L_000001bdf64ec478 .functor BUFT 1, C4<00>, C4<0>, C4<0>, C4<0>;
v000001bdf64b7750_0 .net/2u *"_ivl_252", 1 0, L_000001bdf64ec478;  1 drivers
v000001bdf64b6c10_0 .net *"_ivl_254", 0 0, L_000001bdf64e7f60;  1 drivers
v000001bdf64b6f30_0 .net *"_ivl_256", 0 0, L_000001bdf63d05c0;  1 drivers
v000001bdf64b7110_0 .net *"_ivl_26", 0 0, L_000001bdf64e4680;  1 drivers
L_000001bdf64ec4c0 .functor BUFT 1, C4<01>, C4<0>, C4<0>, C4<0>;
v000001bdf64b6fd0_0 .net/2u *"_ivl_260", 1 0, L_000001bdf64ec4c0;  1 drivers
v000001bdf64b7bb0_0 .net *"_ivl_262", 0 0, L_000001bdf64e62a0;  1 drivers
v000001bdf64b7930_0 .net *"_ivl_264", 0 0, L_000001bdf63d06a0;  1 drivers
v000001bdf64b7d90_0 .net *"_ivl_266", 0 0, L_000001bdf63d0320;  1 drivers
L_000001bdf64ec508 .functor BUFT 1, C4<01>, C4<0>, C4<0>, C4<0>;
v000001bdf64b7cf0_0 .net/2u *"_ivl_270", 1 0, L_000001bdf64ec508;  1 drivers
v000001bdf64b79d0_0 .net *"_ivl_272", 0 0, L_000001bdf64e6fc0;  1 drivers
L_000001bdf64ec550 .functor BUFT 1, C4<10>, C4<0>, C4<0>, C4<0>;
v000001bdf64b7b10_0 .net/2u *"_ivl_274", 1 0, L_000001bdf64ec550;  1 drivers
v000001bdf64b7f70_0 .net *"_ivl_276", 0 0, L_000001bdf64e6660;  1 drivers
v000001bdf64b7e30_0 .net *"_ivl_278", 0 0, L_000001bdf63d0550;  1 drivers
L_000001bdf64ec598 .functor BUFT 1, C4<0000>, C4<0>, C4<0>, C4<0>;
v000001bdf64b7ed0_0 .net/2u *"_ivl_280", 3 0, L_000001bdf64ec598;  1 drivers
v000001bdf64b7c50_0 .net *"_ivl_282", 0 0, L_000001bdf64e5f80;  1 drivers
v000001bdf64b7890_0 .net *"_ivl_284", 0 0, L_000001bdf63d0240;  1 drivers
v000001bdf64b7a70_0 .net *"_ivl_286", 0 0, L_000001bdf63d0470;  1 drivers
v000001bdf64b9fe0_0 .net *"_ivl_288", 0 0, L_000001bdf63d0e80;  1 drivers
L_000001bdf64ec5e0 .functor BUFT 1, C4<1000>, C4<0>, C4<0>, C4<0>;
v000001bdf64ba080_0 .net/2u *"_ivl_292", 3 0, L_000001bdf64ec5e0;  1 drivers
v000001bdf64ba1c0_0 .net *"_ivl_294", 0 0, L_000001bdf64e7060;  1 drivers
L_000001bdf64ec628 .functor BUFT 1, C4<00>, C4<0>, C4<0>, C4<0>;
v000001bdf64b8a00_0 .net/2u *"_ivl_298", 1 0, L_000001bdf64ec628;  1 drivers
v000001bdf64b90e0_0 .net *"_ivl_300", 0 0, L_000001bdf64e6700;  1 drivers
v000001bdf64b9400_0 .net *"_ivl_302", 0 0, L_000001bdf63d17b0;  1 drivers
v000001bdf64ba440_0 .net *"_ivl_304", 0 0, L_000001bdf63d0c50;  1 drivers
L_000001bdf64ec670 .functor BUFT 1, C4<00>, C4<0>, C4<0>, C4<0>;
v000001bdf64b8c80_0 .net/2u *"_ivl_308", 1 0, L_000001bdf64ec670;  1 drivers
v000001bdf64b9680_0 .net *"_ivl_310", 0 0, L_000001bdf64e72e0;  1 drivers
v000001bdf64b83c0_0 .net *"_ivl_312", 0 0, L_000001bdf63d0390;  1 drivers
v000001bdf64ba300_0 .net *"_ivl_314", 0 0, L_000001bdf63d0160;  1 drivers
v000001bdf64b92c0_0 .net *"_ivl_316", 0 0, L_000001bdf63d1580;  1 drivers
v000001bdf64ba620_0 .net *"_ivl_32", 31 0, L_000001bdf64e40e0;  1 drivers
L_000001bdf64ec6b8 .functor BUFT 1, C4<11>, C4<0>, C4<0>, C4<0>;
v000001bdf64b99a0_0 .net/2u *"_ivl_320", 1 0, L_000001bdf64ec6b8;  1 drivers
v000001bdf64b9900_0 .net *"_ivl_322", 0 0, L_000001bdf64e5bc0;  1 drivers
L_000001bdf64ec700 .functor BUFT 1, C4<01>, C4<0>, C4<0>, C4<0>;
v000001bdf64ba6c0_0 .net/2u *"_ivl_332", 1 0, L_000001bdf64ec700;  1 drivers
v000001bdf64b9040_0 .net *"_ivl_334", 0 0, L_000001bdf64e6ca0;  1 drivers
v000001bdf64b8b40_0 .net *"_ivl_336", 31 0, L_000001bdf64e7d80;  1 drivers
v000001bdf64ba4e0_0 .net *"_ivl_338", 4 0, L_000001bdf64e65c0;  1 drivers
v000001bdf64b94a0_0 .net *"_ivl_34", 9 0, L_000001bdf64e33c0;  1 drivers
L_000001bdf64ec748 .functor BUFT 1, C4<00>, C4<0>, C4<0>, C4<0>;
v000001bdf64b9d60_0 .net *"_ivl_341", 1 0, L_000001bdf64ec748;  1 drivers
L_000001bdf64ec790 .functor BUFT 1, C4<00000000000000000000000000000000>, C4<0>, C4<0>, C4<0>;
v000001bdf64ba260_0 .net/2u *"_ivl_342", 31 0, L_000001bdf64ec790;  1 drivers
v000001bdf64ba3a0_0 .net *"_ivl_344", 31 0, L_000001bdf64e7420;  1 drivers
v000001bdf64b95e0_0 .net *"_ivl_352", 31 0, L_000001bdf64e74c0;  1 drivers
v000001bdf64ba760_0 .net *"_ivl_354", 4 0, L_000001bdf64e7100;  1 drivers
L_000001bdf64ec7d8 .functor BUFT 1, C4<00>, C4<0>, C4<0>, C4<0>;
v000001bdf64b9720_0 .net *"_ivl_357", 1 0, L_000001bdf64ec7d8;  1 drivers
L_000001bdf64ec820 .functor BUFT 1, C4<00000000000000000000000000000000>, C4<0>, C4<0>, C4<0>;
v000001bdf64ba120_0 .net/2u *"_ivl_358", 31 0, L_000001bdf64ec820;  1 drivers
L_000001bdf64ec868 .functor BUFT 1, C4<00>, C4<0>, C4<0>, C4<0>;
v000001bdf64ba580_0 .net/2u *"_ivl_362", 1 0, L_000001bdf64ec868;  1 drivers
v000001bdf64ba800_0 .net *"_ivl_364", 0 0, L_000001bdf64e7b00;  1 drivers
L_000001bdf64ec8b0 .functor BUFT 1, C4<00>, C4<0>, C4<0>, C4<0>;
v000001bdf64b97c0_0 .net/2u *"_ivl_366", 1 0, L_000001bdf64ec8b0;  1 drivers
v000001bdf64b88c0_0 .net *"_ivl_368", 0 0, L_000001bdf64e7560;  1 drivers
L_000001bdf64ebb78 .functor BUFT 1, C4<00000>, C4<0>, C4<0>, C4<0>;
v000001bdf64b8d20_0 .net *"_ivl_37", 4 0, L_000001bdf64ebb78;  1 drivers
v000001bdf64b8960_0 .net *"_ivl_370", 0 0, L_000001bdf63d02b0;  1 drivers
v000001bdf64b8aa0_0 .net *"_ivl_372", 0 0, L_000001bdf63d00f0;  1 drivers
v000001bdf64b8be0_0 .net *"_ivl_374", 0 0, L_000001bdf63d16d0;  1 drivers
v000001bdf64b8460_0 .net *"_ivl_38", 11 0, L_000001bdf64e31e0;  1 drivers
L_000001bdf64ebbc0 .functor BUFT 1, C4<00>, C4<0>, C4<0>, C4<0>;
v000001bdf64b8fa0_0 .net *"_ivl_41", 1 0, L_000001bdf64ebbc0;  1 drivers
L_000001bdf64ebc08 .functor BUFT 1, C4<000000000100>, C4<0>, C4<0>, C4<0>;
v000001bdf64b9a40_0 .net/2u *"_ivl_42", 11 0, L_000001bdf64ebc08;  1 drivers
v000001bdf64b80a0_0 .net *"_ivl_45", 11 0, L_000001bdf64e3460;  1 drivers
v000001bdf64b9180_0 .net *"_ivl_46", 3 0, L_000001bdf64e4f40;  1 drivers
L_000001bdf64ebc50 .functor BUFT 1, C4<00>, C4<0>, C4<0>, C4<0>;
v000001bdf64b8500_0 .net *"_ivl_49", 1 0, L_000001bdf64ebc50;  1 drivers
L_000001bdf64ebc98 .functor BUFT 1, C4<0>, C4<0>, C4<0>, C4<0>;
v000001bdf64b8820_0 .net *"_ivl_52", 0 0, L_000001bdf64ebc98;  1 drivers
v000001bdf64b9860_0 .net *"_ivl_53", 12 0, L_000001bdf64e4a40;  1 drivers
L_000001bdf64ebce0 .functor BUFT 1, C4<000000000>, C4<0>, C4<0>, C4<0>;
v000001bdf64b8140_0 .net *"_ivl_56", 8 0, L_000001bdf64ebce0;  1 drivers
v000001bdf64b86e0_0 .net *"_ivl_57", 12 0, L_000001bdf64e3960;  1 drivers
v000001bdf64b9ae0_0 .net *"_ivl_58", 12 0, L_000001bdf64e3320;  1 drivers
v000001bdf64b9b80_0 .net *"_ivl_62", 31 0, L_000001bdf64e53a0;  1 drivers
v000001bdf64b85a0_0 .net *"_ivl_64", 9 0, L_000001bdf64e4fe0;  1 drivers
L_000001bdf64ebd28 .functor BUFT 1, C4<00000>, C4<0>, C4<0>, C4<0>;
v000001bdf64b9220_0 .net *"_ivl_67", 4 0, L_000001bdf64ebd28;  1 drivers
v000001bdf64b9c20_0 .net *"_ivl_68", 11 0, L_000001bdf64e3aa0;  1 drivers
L_000001bdf64ebd70 .functor BUFT 1, C4<00>, C4<0>, C4<0>, C4<0>;
v000001bdf64b9360_0 .net *"_ivl_71", 1 0, L_000001bdf64ebd70;  1 drivers
L_000001bdf64ebdb8 .functor BUFT 1, C4<000000000100>, C4<0>, C4<0>, C4<0>;
v000001bdf64b81e0_0 .net/2u *"_ivl_72", 11 0, L_000001bdf64ebdb8;  1 drivers
v000001bdf64b9540_0 .net *"_ivl_75", 11 0, L_000001bdf64e5440;  1 drivers
v000001bdf64b8dc0_0 .net *"_ivl_76", 3 0, L_000001bdf64e3140;  1 drivers
L_000001bdf64ebe00 .functor BUFT 1, C4<00>, C4<0>, C4<0>, C4<0>;
v000001bdf64b9cc0_0 .net *"_ivl_79", 1 0, L_000001bdf64ebe00;  1 drivers
L_000001bdf64ebe48 .functor BUFT 1, C4<0>, C4<0>, C4<0>, C4<0>;
v000001bdf64b9e00_0 .net *"_ivl_82", 0 0, L_000001bdf64ebe48;  1 drivers
v000001bdf64b8280_0 .net *"_ivl_83", 12 0, L_000001bdf64e3b40;  1 drivers
L_000001bdf64ebe90 .functor BUFT 1, C4<000000000>, C4<0>, C4<0>, C4<0>;
v000001bdf64b8e60_0 .net *"_ivl_86", 8 0, L_000001bdf64ebe90;  1 drivers
v000001bdf64b8f00_0 .net *"_ivl_87", 12 0, L_000001bdf64e54e0;  1 drivers
v000001bdf64b9ea0_0 .net *"_ivl_88", 12 0, L_000001bdf64e5580;  1 drivers
L_000001bdf64ebed8 .functor BUFT 1, C4<00000000000000000000000000000000>, C4<0>, C4<0>, C4<0>;
v000001bdf64b8320_0 .net/2u *"_ivl_92", 31 0, L_000001bdf64ebed8;  1 drivers
v000001bdf64b8640_0 .net *"_ivl_94", 31 0, L_000001bdf64e5620;  1 drivers
v000001bdf64b9f40_0 .net *"_ivl_98", 0 0, L_000001bdf63d1cf0;  1 drivers
v000001bdf64b8780_0 .net "cpu_miss_req_cur", 0 0, L_000001bdf63d04e0;  1 drivers
v000001bdf64bad00 .array "datas0", 127 0, 31 0;
v000001bdf64bb7a0 .array "datas1", 127 0, 31 0;
v000001bdf64bc7e0_0 .net "hit", 0 0, L_000001bdf63d27e0;  1 drivers
v000001bdf64ba9e0_0 .net "hit_rword", 31 0, L_000001bdf64e35a0;  1 drivers
v000001bdf64bb8e0_0 .net "hit_way", 0 0, L_000001bdf63d3ea0;  1 drivers
v000001bdf64bc380_0 .net "i_clk", 0 0, v000001bdf64ce730_0;  alias, 1 drivers
v000001bdf64bc4c0_0 .net "i_mem_rdata", 31 0, L_000001bdf6561ab0;  alias, 1 drivers
v000001bdf64bb840_0 .net "i_mem_ready", 0 0, L_000001bdf6560150;  alias, 1 drivers
v000001bdf64bbde0_0 .net "i_mem_valid", 0 0, L_000001bdf65603f0;  alias, 1 drivers
v000001bdf64bbfc0_0 .net "i_req_addr", 31 0, L_000001bdf64eb520;  alias, 1 drivers
L_000001bdf64ec940 .functor BUFT 1, C4<1111>, C4<0>, C4<0>, C4<0>;
v000001bdf64baee0_0 .net "i_req_mask", 3 0, L_000001bdf64ec940;  1 drivers
v000001bdf64ba940_0 .net "i_req_ren", 0 0, L_000001bdf655a0f0;  alias, 1 drivers
v000001bdf64baf80_0 .net "i_req_wdata", 31 0, L_000001bdf64ec988;  1 drivers
v000001bdf64baa80_0 .net "i_req_wen", 0 0, L_000001bdf64ec8f8;  1 drivers
v000001bdf64bae40_0 .net "i_rst", 0 0, v000001bdf64e3fa0_0;  alias, 1 drivers
v000001bdf64bcce0_0 .var "lru", 31 0;
v000001bdf64bbc00_0 .net "merged_write_word", 31 0, L_000001bdf63d3f80;  1 drivers
v000001bdf64bcc40_0 .net "miss_byte_mask", 31 0, L_000001bdf64e6de0;  1 drivers
v000001bdf64bb0c0_0 .var "miss_is_write_cur", 0 0;
v000001bdf64bada0_0 .net "miss_line_addr", 31 0, L_000001bdf64e47c0;  1 drivers
v000001bdf64bab20_0 .var "miss_mask_cur", 3 0;
v000001bdf64bb980_0 .net "miss_merged_write_word", 31 0, L_000001bdf63d0fd0;  1 drivers
v000001bdf64bd000_0 .var "miss_set_cur", 4 0;
v000001bdf64bb480_0 .var "miss_tag_cur", 22 0;
v000001bdf64bbca0_0 .var "miss_way_cur", 0 0;
v000001bdf64bba20_0 .net "miss_way_rword", 31 0, L_000001bdf64e6a20;  1 drivers
v000001bdf64babc0_0 .var "miss_wdata_cur", 31 0;
v000001bdf64bc920_0 .net "miss_word_addr", 31 0, L_000001bdf64e6520;  1 drivers
v000001bdf64bc600_0 .var "miss_word_cur", 1 0;
v000001bdf64bbac0_0 .net "o_busy", 0 0, L_000001bdf63d1120;  alias, 1 drivers
v000001bdf64bc060_0 .net "o_mem_addr", 31 0, L_000001bdf64e7880;  alias, 1 drivers
v000001bdf64bb520_0 .net "o_mem_ren", 0 0, L_000001bdf63d12e0;  alias, 1 drivers
v000001bdf64ba8a0_0 .net "o_mem_wdata", 31 0, L_000001bdf64e76a0;  alias, 1 drivers
v000001bdf64bac60_0 .net "o_mem_wen", 0 0, L_000001bdf63d1ba0;  alias, 1 drivers
v000001bdf64bb020_0 .net "o_res_rdata", 31 0, L_000001bdf63d09b0;  alias, 1 drivers
v000001bdf64bb160_0 .net "read_miss", 0 0, L_000001bdf63d3030;  1 drivers
v000001bdf64bb200_0 .var "refill_req_done_cur", 0 0;
v000001bdf64bbe80_0 .net "refill_req_fire_cur", 0 0, L_000001bdf63d1510;  1 drivers
v000001bdf64bcb00_0 .var "refill_req_word_cur", 1 0;
v000001bdf64bb2a0_0 .var "refill_rsp_word_cur", 1 0;
v000001bdf64bbf20_0 .net "refill_word_addr", 31 0, L_000001bdf63d3b90;  1 drivers
v000001bdf64bc100_0 .net "req_byte_mask", 31 0, L_000001bdf64e45e0;  1 drivers
v000001bdf64bb340_0 .net "req_set", 4 0, L_000001bdf64e3780;  1 drivers
v000001bdf64bbb60_0 .net "req_tag", 22 0, L_000001bdf64e4d60;  1 drivers
v000001bdf64bc2e0_0 .net "req_word", 1 0, L_000001bdf64e38c0;  1 drivers
v000001bdf64bbd40_0 .var "state_cur", 1 0;
v000001bdf64bb3e0 .array "tags0", 0 31, 22 0;
v000001bdf64bb5c0 .array "tags1", 0 31, 22 0;
v000001bdf64bca60_0 .var "valid0", 31 0;
v000001bdf64bb660_0 .var "valid1", 31 0;
v000001bdf64bb700_0 .net "victim_way", 0 0, L_000001bdf64e5120;  1 drivers
v000001bdf64bc1a0_0 .net "way0_hit", 0 0, L_000001bdf63d2cb0;  1 drivers
v000001bdf64bc880_0 .net "way0_rword", 31 0, L_000001bdf63d3880;  1 drivers
v000001bdf64bc9c0_0 .net "way0_valid", 0 0, L_000001bdf64e5080;  1 drivers
v000001bdf64bc240_0 .net "way1_hit", 0 0, L_000001bdf63d1f90;  1 drivers
v000001bdf64bc420_0 .net "way1_rword", 31 0, L_000001bdf63d2a80;  1 drivers
v000001bdf64bc560_0 .net "way1_valid", 0 0, L_000001bdf64e4860;  1 drivers
v000001bdf64bc6a0 .array "wb_addrs", 0 7, 31 0;
v000001bdf64bc740_0 .var "wb_count_cur", 3 0;
v000001bdf64bcba0 .array "wb_datas", 0 7, 31 0;
v000001bdf64bcd80_0 .net "wb_has_push_space_cur", 0 0, L_000001bdf63d1200;  1 drivers
v000001bdf64bce20_0 .var "wb_head_cur", 2 0;
v000001bdf64bcec0_0 .net "wb_push_addr_cur", 31 0, L_000001bdf64e6c00;  1 drivers
v000001bdf64bcf60_0 .net "wb_push_cur", 0 0, L_000001bdf63d0710;  1 drivers
v000001bdf64beea0_0 .net "wb_push_data_cur", 31 0, L_000001bdf64e6480;  1 drivers
v000001bdf64bd1e0_0 .net "wb_send_cur", 0 0, L_000001bdf63d19e0;  1 drivers
v000001bdf64bed60_0 .var "wb_tail_cur", 2 0;
v000001bdf64bd460_0 .net "write_hit_accept_cur", 0 0, L_000001bdf63d1430;  1 drivers
v000001bdf64be040_0 .net "write_hit_block_cur", 0 0, L_000001bdf63d1c80;  1 drivers
v000001bdf64be5e0_0 .net "write_miss", 0 0, L_000001bdf63d32d0;  1 drivers
v000001bdf64be7c0_0 .net "write_req_commit_cur", 0 0, L_000001bdf63d10b0;  1 drivers
L_000001bdf64e4d60 .part L_000001bdf64eb520, 9, 23;
L_000001bdf64e3780 .part L_000001bdf64eb520, 4, 5;
L_000001bdf64e38c0 .part L_000001bdf64eb520, 2, 2;
L_000001bdf64e5080 .part/v v000001bdf64bca60_0, L_000001bdf64e3780, 1;
L_000001bdf64e4860 .part/v v000001bdf64bb660_0, L_000001bdf64e3780, 1;
L_000001bdf64e4ea0 .array/port v000001bdf64bb3e0, L_000001bdf64e3a00;
L_000001bdf64e3a00 .concat [ 5 2 0 0], L_000001bdf64e3780, L_000001bdf64ebae8;
L_000001bdf64e4720 .cmp/eq 23, L_000001bdf64e4ea0, L_000001bdf64e4d60;
L_000001bdf64e58a0 .array/port v000001bdf64bb5c0, L_000001bdf64e5300;
L_000001bdf64e5300 .concat [ 5 2 0 0], L_000001bdf64e3780, L_000001bdf64ebb30;
L_000001bdf64e4680 .cmp/eq 23, L_000001bdf64e58a0, L_000001bdf64e4d60;
L_000001bdf64e40e0 .array/port v000001bdf64bad00, L_000001bdf64e3320;
L_000001bdf64e33c0 .concat [ 5 5 0 0], L_000001bdf64e3780, L_000001bdf64ebb78;
L_000001bdf64e31e0 .concat [ 10 2 0 0], L_000001bdf64e33c0, L_000001bdf64ebbc0;
L_000001bdf64e3460 .arith/mult 12, L_000001bdf64e31e0, L_000001bdf64ebc08;
L_000001bdf64e4f40 .concat [ 2 2 0 0], L_000001bdf64e38c0, L_000001bdf64ebc50;
L_000001bdf64e4a40 .concat [ 12 1 0 0], L_000001bdf64e3460, L_000001bdf64ebc98;
L_000001bdf64e3960 .concat [ 4 9 0 0], L_000001bdf64e4f40, L_000001bdf64ebce0;
L_000001bdf64e3320 .arith/sum 13, L_000001bdf64e4a40, L_000001bdf64e3960;
L_000001bdf64e53a0 .array/port v000001bdf64bb7a0, L_000001bdf64e5580;
L_000001bdf64e4fe0 .concat [ 5 5 0 0], L_000001bdf64e3780, L_000001bdf64ebd28;
L_000001bdf64e3aa0 .concat [ 10 2 0 0], L_000001bdf64e4fe0, L_000001bdf64ebd70;
L_000001bdf64e5440 .arith/mult 12, L_000001bdf64e3aa0, L_000001bdf64ebdb8;
L_000001bdf64e3140 .concat [ 2 2 0 0], L_000001bdf64e38c0, L_000001bdf64ebe00;
L_000001bdf64e3b40 .concat [ 12 1 0 0], L_000001bdf64e5440, L_000001bdf64ebe48;
L_000001bdf64e54e0 .concat [ 4 9 0 0], L_000001bdf64e3140, L_000001bdf64ebe90;
L_000001bdf64e5580 .arith/sum 13, L_000001bdf64e3b40, L_000001bdf64e54e0;
L_000001bdf64e5620 .functor MUXZ 32, L_000001bdf64ebed8, L_000001bdf63d2a80, L_000001bdf63d1f90, C4<>;
L_000001bdf64e35a0 .functor MUXZ 32, L_000001bdf64e5620, L_000001bdf63d3880, L_000001bdf63d2cb0, C4<>;
L_000001bdf64e3c80 .part/v v000001bdf64bcce0_0, L_000001bdf64e3780, 1;
L_000001bdf64e3dc0 .functor MUXZ 1, L_000001bdf64e3c80, L_000001bdf64ebf68, L_000001bdf63d3b20, C4<>;
L_000001bdf64e5120 .functor MUXZ 1, L_000001bdf64e3dc0, L_000001bdf64ebf20, L_000001bdf63d3c70, C4<>;
L_000001bdf64e42c0 .part L_000001bdf64ec940, 3, 1;
LS_000001bdf64e4360_0_0 .concat [ 1 1 1 1], L_000001bdf64e42c0, L_000001bdf64e42c0, L_000001bdf64e42c0, L_000001bdf64e42c0;
LS_000001bdf64e4360_0_4 .concat [ 1 1 1 1], L_000001bdf64e42c0, L_000001bdf64e42c0, L_000001bdf64e42c0, L_000001bdf64e42c0;
L_000001bdf64e4360 .concat [ 4 4 0 0], LS_000001bdf64e4360_0_0, LS_000001bdf64e4360_0_4;
L_000001bdf64e56c0 .part L_000001bdf64ec940, 2, 1;
LS_000001bdf64e5760_0_0 .concat [ 1 1 1 1], L_000001bdf64e56c0, L_000001bdf64e56c0, L_000001bdf64e56c0, L_000001bdf64e56c0;
LS_000001bdf64e5760_0_4 .concat [ 1 1 1 1], L_000001bdf64e56c0, L_000001bdf64e56c0, L_000001bdf64e56c0, L_000001bdf64e56c0;
L_000001bdf64e5760 .concat [ 4 4 0 0], LS_000001bdf64e5760_0_0, LS_000001bdf64e5760_0_4;
L_000001bdf64e5800 .part L_000001bdf64ec940, 1, 1;
LS_000001bdf64e4400_0_0 .concat [ 1 1 1 1], L_000001bdf64e5800, L_000001bdf64e5800, L_000001bdf64e5800, L_000001bdf64e5800;
LS_000001bdf64e4400_0_4 .concat [ 1 1 1 1], L_000001bdf64e5800, L_000001bdf64e5800, L_000001bdf64e5800, L_000001bdf64e5800;
L_000001bdf64e4400 .concat [ 4 4 0 0], LS_000001bdf64e4400_0_0, LS_000001bdf64e4400_0_4;
L_000001bdf64e44a0 .part L_000001bdf64ec940, 0, 1;
LS_000001bdf64e4540_0_0 .concat [ 1 1 1 1], L_000001bdf64e44a0, L_000001bdf64e44a0, L_000001bdf64e44a0, L_000001bdf64e44a0;
LS_000001bdf64e4540_0_4 .concat [ 1 1 1 1], L_000001bdf64e44a0, L_000001bdf64e44a0, L_000001bdf64e44a0, L_000001bdf64e44a0;
L_000001bdf64e4540 .concat [ 4 4 0 0], LS_000001bdf64e4540_0_0, LS_000001bdf64e4540_0_4;
L_000001bdf64e45e0 .concat [ 8 8 8 8], L_000001bdf64e4540, L_000001bdf64e4400, L_000001bdf64e5760, L_000001bdf64e4360;
L_000001bdf64e47c0 .concat [ 4 5 23 0], L_000001bdf64ebfb0, v000001bdf64bd000_0, v000001bdf64bb480_0;
L_000001bdf64e5ee0 .concat [ 2 2 28 0], L_000001bdf64ec040, v000001bdf64bcb00_0, L_000001bdf64ebff8;
L_000001bdf64e6520 .concat [ 2 2 5 23], L_000001bdf64ec088, v000001bdf64bc600_0, v000001bdf64bd000_0, v000001bdf64bb480_0;
L_000001bdf64e6d40 .array/port v000001bdf64bad00, L_000001bdf64e6200;
L_000001bdf64e7600 .concat [ 5 5 0 0], v000001bdf64bd000_0, L_000001bdf64ec118;
L_000001bdf64e63e0 .concat [ 10 2 0 0], L_000001bdf64e7600, L_000001bdf64ec160;
L_000001bdf64e7ec0 .arith/mult 12, L_000001bdf64e63e0, L_000001bdf64ec1a8;
L_000001bdf64e5940 .concat [ 2 2 0 0], v000001bdf64bc600_0, L_000001bdf64ec1f0;
L_000001bdf64e80a0 .concat [ 12 1 0 0], L_000001bdf64e7ec0, L_000001bdf64ec238;
L_000001bdf64e59e0 .concat [ 4 9 0 0], L_000001bdf64e5940, L_000001bdf64ec280;
L_000001bdf64e6200 .arith/sum 13, L_000001bdf64e80a0, L_000001bdf64e59e0;
L_000001bdf64e7ce0 .array/port v000001bdf64bb7a0, L_000001bdf64e7380;
L_000001bdf64e6f20 .concat [ 5 5 0 0], v000001bdf64bd000_0, L_000001bdf64ec2c8;
L_000001bdf64e5a80 .concat [ 10 2 0 0], L_000001bdf64e6f20, L_000001bdf64ec310;
L_000001bdf64e6980 .arith/mult 12, L_000001bdf64e5a80, L_000001bdf64ec358;
L_000001bdf64e8000 .concat [ 2 2 0 0], v000001bdf64bc600_0, L_000001bdf64ec3a0;
L_000001bdf64e6e80 .concat [ 12 1 0 0], L_000001bdf64e6980, L_000001bdf64ec3e8;
L_000001bdf64e5c60 .concat [ 4 9 0 0], L_000001bdf64e8000, L_000001bdf64ec430;
L_000001bdf64e7380 .arith/sum 13, L_000001bdf64e6e80, L_000001bdf64e5c60;
L_000001bdf64e6a20 .functor MUXZ 32, L_000001bdf64e7ce0, L_000001bdf64e6d40, L_000001bdf63d3ce0, C4<>;
L_000001bdf64e6ac0 .part v000001bdf64bab20_0, 3, 1;
LS_000001bdf64e5b20_0_0 .concat [ 1 1 1 1], L_000001bdf64e6ac0, L_000001bdf64e6ac0, L_000001bdf64e6ac0, L_000001bdf64e6ac0;
LS_000001bdf64e5b20_0_4 .concat [ 1 1 1 1], L_000001bdf64e6ac0, L_000001bdf64e6ac0, L_000001bdf64e6ac0, L_000001bdf64e6ac0;
L_000001bdf64e5b20 .concat [ 4 4 0 0], LS_000001bdf64e5b20_0_0, LS_000001bdf64e5b20_0_4;
L_000001bdf64e6340 .part v000001bdf64bab20_0, 2, 1;
LS_000001bdf64e7ba0_0_0 .concat [ 1 1 1 1], L_000001bdf64e6340, L_000001bdf64e6340, L_000001bdf64e6340, L_000001bdf64e6340;
LS_000001bdf64e7ba0_0_4 .concat [ 1 1 1 1], L_000001bdf64e6340, L_000001bdf64e6340, L_000001bdf64e6340, L_000001bdf64e6340;
L_000001bdf64e7ba0 .concat [ 4 4 0 0], LS_000001bdf64e7ba0_0_0, LS_000001bdf64e7ba0_0_4;
L_000001bdf64e71a0 .part v000001bdf64bab20_0, 1, 1;
LS_000001bdf64e7a60_0_0 .concat [ 1 1 1 1], L_000001bdf64e71a0, L_000001bdf64e71a0, L_000001bdf64e71a0, L_000001bdf64e71a0;
LS_000001bdf64e7a60_0_4 .concat [ 1 1 1 1], L_000001bdf64e71a0, L_000001bdf64e71a0, L_000001bdf64e71a0, L_000001bdf64e71a0;
L_000001bdf64e7a60 .concat [ 4 4 0 0], LS_000001bdf64e7a60_0_0, LS_000001bdf64e7a60_0_4;
L_000001bdf64e7240 .part v000001bdf64bab20_0, 0, 1;
LS_000001bdf64e6b60_0_0 .concat [ 1 1 1 1], L_000001bdf64e7240, L_000001bdf64e7240, L_000001bdf64e7240, L_000001bdf64e7240;
LS_000001bdf64e6b60_0_4 .concat [ 1 1 1 1], L_000001bdf64e7240, L_000001bdf64e7240, L_000001bdf64e7240, L_000001bdf64e7240;
L_000001bdf64e6b60 .concat [ 4 4 0 0], LS_000001bdf64e6b60_0_0, LS_000001bdf64e6b60_0_4;
L_000001bdf64e6de0 .concat [ 8 8 8 8], L_000001bdf64e6b60, L_000001bdf64e7a60, L_000001bdf64e7ba0, L_000001bdf64e5b20;
L_000001bdf64e7f60 .cmp/eq 2, v000001bdf64bbd40_0, L_000001bdf64ec478;
L_000001bdf64e62a0 .cmp/eq 2, v000001bdf64bbd40_0, L_000001bdf64ec4c0;
L_000001bdf64e6fc0 .cmp/ne 2, v000001bdf64bbd40_0, L_000001bdf64ec508;
L_000001bdf64e6660 .cmp/ne 2, v000001bdf64bbd40_0, L_000001bdf64ec550;
L_000001bdf64e5f80 .cmp/ne 4, v000001bdf64bc740_0, L_000001bdf64ec598;
L_000001bdf64e7060 .cmp/ne 4, v000001bdf64bc740_0, L_000001bdf64ec5e0;
L_000001bdf64e6700 .cmp/eq 2, v000001bdf64bbd40_0, L_000001bdf64ec628;
L_000001bdf64e72e0 .cmp/eq 2, v000001bdf64bbd40_0, L_000001bdf64ec670;
L_000001bdf64e5bc0 .cmp/eq 2, v000001bdf64bbd40_0, L_000001bdf64ec6b8;
L_000001bdf64e6c00 .functor MUXZ 32, L_000001bdf64e6520, L_000001bdf64eb520, L_000001bdf63d1430, C4<>;
L_000001bdf64e6480 .functor MUXZ 32, L_000001bdf63d0fd0, L_000001bdf63d3f80, L_000001bdf63d1430, C4<>;
L_000001bdf64e6ca0 .cmp/eq 2, v000001bdf64bbd40_0, L_000001bdf64ec700;
L_000001bdf64e7d80 .array/port v000001bdf64bc6a0, L_000001bdf64e65c0;
L_000001bdf64e65c0 .concat [ 3 2 0 0], v000001bdf64bce20_0, L_000001bdf64ec748;
L_000001bdf64e7420 .functor MUXZ 32, L_000001bdf64ec790, L_000001bdf64e7d80, L_000001bdf63d19e0, C4<>;
L_000001bdf64e7880 .functor MUXZ 32, L_000001bdf64e7420, L_000001bdf63d3b90, L_000001bdf64e6ca0, C4<>;
L_000001bdf64e74c0 .array/port v000001bdf64bcba0, L_000001bdf64e7100;
L_000001bdf64e7100 .concat [ 3 2 0 0], v000001bdf64bce20_0, L_000001bdf64ec7d8;
L_000001bdf64e76a0 .functor MUXZ 32, L_000001bdf64ec820, L_000001bdf64e74c0, L_000001bdf63d19e0, C4<>;
L_000001bdf64e7b00 .cmp/ne 2, v000001bdf64bbd40_0, L_000001bdf64ec868;
L_000001bdf64e7560 .cmp/eq 2, v000001bdf64bbd40_0, L_000001bdf64ec8b0;
S_000001bdf62507c0 .scope module, "u_memory" "dmem_access" 3 747, 11 1 0, S_000001bdf6260f70;
 .timescale -9 -12;
    .port_info 0 /INPUT 32 "EffAddr";
    .port_info 1 /INPUT 32 "StoreData";
    .port_info 2 /INPUT 3 "Func3";
    .port_info 3 /INPUT 1 "MemRead";
    .port_info 4 /INPUT 1 "MemWrite";
    .port_info 5 /INPUT 32 "i_dmem_rdata";
    .port_info 6 /OUTPUT 32 "o_dmem_addr";
    .port_info 7 /OUTPUT 4 "o_dmem_mask";
    .port_info 8 /OUTPUT 32 "o_dmem_wdata";
    .port_info 9 /OUTPUT 1 "o_dmem_ren";
    .port_info 10 /OUTPUT 1 "o_dmem_wen";
    .port_info 11 /OUTPUT 32 "LoadData";
    .port_info 12 /OUTPUT 1 "MisalignTrap";
L_000001bdf655e4e0 .functor OR 1, L_000001bdf64e29c0, L_000001bdf64e2380, C4<0>, C4<0>;
L_000001bdf655c950 .functor AND 1, L_000001bdf655e2b0, L_000001bdf64e1700, C4<1>, C4<1>;
L_000001bdf655e860 .functor AND 1, L_000001bdf655d980, L_000001bdf64e15c0, C4<1>, C4<1>;
L_000001bdf655ec50 .functor OR 1, L_000001bdf655c950, L_000001bdf655e860, C4<0>, C4<0>;
L_000001bdf655fac0 .functor NOT 1, L_000001bdf655ec50, C4<0>, C4<0>, C4<0>;
L_000001bdf655f3c0 .functor AND 1, L_000001bdf655e2b0, L_000001bdf655fac0, C4<1>, C4<1>;
L_000001bdf655f040 .functor NOT 1, L_000001bdf655ec50, C4<0>, C4<0>, C4<0>;
L_000001bdf655fdd0 .functor AND 1, L_000001bdf655d980, L_000001bdf655f040, C4<1>, C4<1>;
L_000001bdf655ef60 .functor OR 1, L_000001bdf655e2b0, L_000001bdf655d980, C4<0>, C4<0>;
L_000001bdf655fa50 .functor AND 4, L_000001bdf64e22e0, v000001bdf64beb80_0, C4<1111>, C4<1111>;
L_000001bdf655f0b0 .functor AND 32, L_000001bdf64e2600, v000001bdf64bdfa0_0, C4<11111111111111111111111111111111>, C4<11111111111111111111111111111111>;
L_000001bdf655e630 .functor NOT 1, L_000001bdf655ec50, C4<0>, C4<0>, C4<0>;
L_000001bdf655fcf0 .functor AND 1, L_000001bdf655e2b0, L_000001bdf655e630, C4<1>, C4<1>;
L_000001bdf655e780 .functor AND 32, L_000001bdf64e2ce0, v000001bdf64bf580_0, C4<11111111111111111111111111111111>, C4<11111111111111111111111111111111>;
v000001bdf64be680_0 .net "EffAddr", 31 0, v000001bdf64cf1d0_0;  1 drivers
v000001bdf64be220_0 .net "Func3", 2 0, v000001bdf64d1070_0;  1 drivers
v000001bdf64be0e0_0 .net "LoadData", 31 0, L_000001bdf655e780;  alias, 1 drivers
v000001bdf64bf260_0 .net "MemRead", 0 0, L_000001bdf655e2b0;  alias, 1 drivers
v000001bdf64bd6e0_0 .net "MemWrite", 0 0, L_000001bdf655d980;  alias, 1 drivers
v000001bdf64bf760_0 .net "MisalignTrap", 0 0, L_000001bdf655ec50;  alias, 1 drivers
v000001bdf64be180_0 .net "StoreData", 31 0, L_000001bdf64e2240;  alias, 1 drivers
v000001bdf64bee00_0 .net *"_ivl_11", 1 0, L_000001bdf64e0c60;  1 drivers
L_000001bdf64eee18 .functor BUFT 1, C4<001>, C4<0>, C4<0>, C4<0>;
v000001bdf64bdc80_0 .net/2u *"_ivl_14", 2 0, L_000001bdf64eee18;  1 drivers
v000001bdf64bd780_0 .net *"_ivl_16", 0 0, L_000001bdf64e29c0;  1 drivers
L_000001bdf64eee60 .functor BUFT 1, C4<101>, C4<0>, C4<0>, C4<0>;
v000001bdf64bf440_0 .net/2u *"_ivl_18", 2 0, L_000001bdf64eee60;  1 drivers
v000001bdf64bdd20_0 .net *"_ivl_20", 0 0, L_000001bdf64e2380;  1 drivers
v000001bdf64bd640_0 .net *"_ivl_22", 0 0, L_000001bdf655e4e0;  1 drivers
L_000001bdf64eeea8 .functor BUFT 1, C4<010>, C4<0>, C4<0>, C4<0>;
v000001bdf64bd3c0_0 .net/2u *"_ivl_24", 2 0, L_000001bdf64eeea8;  1 drivers
v000001bdf64bf300_0 .net *"_ivl_26", 0 0, L_000001bdf64e1fc0;  1 drivers
L_000001bdf64eeef0 .functor BUFT 1, C4<0>, C4<0>, C4<0>, C4<0>;
v000001bdf64bea40_0 .net/2u *"_ivl_28", 0 0, L_000001bdf64eeef0;  1 drivers
v000001bdf64bddc0_0 .net *"_ivl_3", 29 0, L_000001bdf64e0da0;  1 drivers
v000001bdf64be9a0_0 .net *"_ivl_30", 0 0, L_000001bdf64e2560;  1 drivers
v000001bdf64be900_0 .net *"_ivl_32", 0 0, L_000001bdf64e1700;  1 drivers
L_000001bdf64eef38 .functor BUFT 1, C4<001>, C4<0>, C4<0>, C4<0>;
v000001bdf64bd500_0 .net/2u *"_ivl_36", 2 0, L_000001bdf64eef38;  1 drivers
v000001bdf64bec20_0 .net *"_ivl_38", 0 0, L_000001bdf64e1480;  1 drivers
L_000001bdf64eedd0 .functor BUFT 1, C4<00>, C4<0>, C4<0>, C4<0>;
v000001bdf64be2c0_0 .net/2u *"_ivl_4", 1 0, L_000001bdf64eedd0;  1 drivers
L_000001bdf64eef80 .functor BUFT 1, C4<010>, C4<0>, C4<0>, C4<0>;
v000001bdf64bd280_0 .net/2u *"_ivl_40", 2 0, L_000001bdf64eef80;  1 drivers
v000001bdf64be360_0 .net *"_ivl_42", 0 0, L_000001bdf64e1520;  1 drivers
L_000001bdf64eefc8 .functor BUFT 1, C4<0>, C4<0>, C4<0>, C4<0>;
v000001bdf64bef40_0 .net/2u *"_ivl_44", 0 0, L_000001bdf64eefc8;  1 drivers
v000001bdf64bf1c0_0 .net *"_ivl_46", 0 0, L_000001bdf64e10c0;  1 drivers
v000001bdf64bf3a0_0 .net *"_ivl_48", 0 0, L_000001bdf64e15c0;  1 drivers
v000001bdf64be720_0 .net *"_ivl_54", 0 0, L_000001bdf655fac0;  1 drivers
v000001bdf64bf620_0 .net *"_ivl_58", 0 0, L_000001bdf655f040;  1 drivers
v000001bdf64be860_0 .net *"_ivl_62", 0 0, L_000001bdf655ef60;  1 drivers
v000001bdf64befe0_0 .net *"_ivl_64", 3 0, L_000001bdf64e22e0;  1 drivers
v000001bdf64bf080_0 .net *"_ivl_68", 31 0, L_000001bdf64e2600;  1 drivers
v000001bdf64bf4e0_0 .net *"_ivl_76", 0 0, L_000001bdf655e630;  1 drivers
v000001bdf64bd140_0 .net *"_ivl_78", 0 0, L_000001bdf655fcf0;  1 drivers
v000001bdf64beae0_0 .net *"_ivl_80", 31 0, L_000001bdf64e2ce0;  1 drivers
v000001bdf64bda00_0 .net "byte_offset", 1 0, L_000001bdf64e1980;  1 drivers
v000001bdf64bf120_0 .net "i_dmem_rdata", 31 0, L_000001bdf655b120;  alias, 1 drivers
v000001bdf64bf580_0 .var "loaddata_dec", 31 0;
v000001bdf64beb80_0 .var "mask_dec", 3 0;
v000001bdf64bf6c0_0 .net "misalign_half", 0 0, L_000001bdf64e13e0;  1 drivers
v000001bdf64be540_0 .net "misalign_load", 0 0, L_000001bdf655c950;  1 drivers
v000001bdf64becc0_0 .net "misalign_store", 0 0, L_000001bdf655e860;  1 drivers
v000001bdf64bf800_0 .net "misalign_word", 0 0, L_000001bdf64e0bc0;  1 drivers
v000001bdf64bd0a0_0 .net "o_dmem_addr", 31 0, L_000001bdf64e0b20;  alias, 1 drivers
v000001bdf64bd320_0 .net "o_dmem_mask", 3 0, L_000001bdf655fa50;  alias, 1 drivers
v000001bdf64bde60_0 .net "o_dmem_ren", 0 0, L_000001bdf655f3c0;  alias, 1 drivers
v000001bdf64bd5a0_0 .net "o_dmem_wdata", 31 0, L_000001bdf655f0b0;  alias, 1 drivers
v000001bdf64bd960_0 .net "o_dmem_wen", 0 0, L_000001bdf655fdd0;  alias, 1 drivers
v000001bdf64be400_0 .net "rbyte", 7 0, L_000001bdf64e1020;  1 drivers
v000001bdf64be4a0_0 .var "rdata_shifted", 31 0;
v000001bdf64bd820_0 .net "rhalf", 15 0, L_000001bdf64e1660;  1 drivers
v000001bdf64bdf00_0 .var "sb_data", 31 0;
v000001bdf64bdbe0_0 .var "sh_data", 31 0;
v000001bdf64bdfa0_0 .var "store_data_dec", 31 0;
E_000001bdf6401570 .event anyedge, v000001bdf64be220_0, v000001bdf64be400_0, v000001bdf64bd820_0, v000001bdf64be4a0_0;
E_000001bdf6402070 .event anyedge, v000001bdf64bda00_0, v000001bdf64aa2e0_0;
E_000001bdf64020f0 .event anyedge, v000001bdf64be220_0, v000001bdf64bdf00_0, v000001bdf64bdbe0_0, v000001bdf64be180_0;
E_000001bdf6401db0 .event anyedge, v000001bdf64bda00_0, v000001bdf64be180_0;
E_000001bdf6401230 .event anyedge, v000001bdf64be220_0, v000001bdf64bda00_0;
L_000001bdf64e1980 .part v000001bdf64cf1d0_0, 0, 2;
L_000001bdf64e0da0 .part v000001bdf64cf1d0_0, 2, 30;
L_000001bdf64e0b20 .concat [ 2 30 0 0], L_000001bdf64eedd0, L_000001bdf64e0da0;
L_000001bdf64e13e0 .part v000001bdf64cf1d0_0, 0, 1;
L_000001bdf64e0c60 .part v000001bdf64cf1d0_0, 0, 2;
L_000001bdf64e0bc0 .reduce/or L_000001bdf64e0c60;
L_000001bdf64e29c0 .cmp/eq 3, v000001bdf64d1070_0, L_000001bdf64eee18;
L_000001bdf64e2380 .cmp/eq 3, v000001bdf64d1070_0, L_000001bdf64eee60;
L_000001bdf64e1fc0 .cmp/eq 3, v000001bdf64d1070_0, L_000001bdf64eeea8;
L_000001bdf64e2560 .functor MUXZ 1, L_000001bdf64eeef0, L_000001bdf64e0bc0, L_000001bdf64e1fc0, C4<>;
L_000001bdf64e1700 .functor MUXZ 1, L_000001bdf64e2560, L_000001bdf64e13e0, L_000001bdf655e4e0, C4<>;
L_000001bdf64e1480 .cmp/eq 3, v000001bdf64d1070_0, L_000001bdf64eef38;
L_000001bdf64e1520 .cmp/eq 3, v000001bdf64d1070_0, L_000001bdf64eef80;
L_000001bdf64e10c0 .functor MUXZ 1, L_000001bdf64eefc8, L_000001bdf64e0bc0, L_000001bdf64e1520, C4<>;
L_000001bdf64e15c0 .functor MUXZ 1, L_000001bdf64e10c0, L_000001bdf64e13e0, L_000001bdf64e1480, C4<>;
L_000001bdf64e22e0 .concat [ 1 1 1 1], L_000001bdf655ef60, L_000001bdf655ef60, L_000001bdf655ef60, L_000001bdf655ef60;
LS_000001bdf64e2600_0_0 .concat [ 1 1 1 1], L_000001bdf655d980, L_000001bdf655d980, L_000001bdf655d980, L_000001bdf655d980;
LS_000001bdf64e2600_0_4 .concat [ 1 1 1 1], L_000001bdf655d980, L_000001bdf655d980, L_000001bdf655d980, L_000001bdf655d980;
LS_000001bdf64e2600_0_8 .concat [ 1 1 1 1], L_000001bdf655d980, L_000001bdf655d980, L_000001bdf655d980, L_000001bdf655d980;
LS_000001bdf64e2600_0_12 .concat [ 1 1 1 1], L_000001bdf655d980, L_000001bdf655d980, L_000001bdf655d980, L_000001bdf655d980;
LS_000001bdf64e2600_0_16 .concat [ 1 1 1 1], L_000001bdf655d980, L_000001bdf655d980, L_000001bdf655d980, L_000001bdf655d980;
LS_000001bdf64e2600_0_20 .concat [ 1 1 1 1], L_000001bdf655d980, L_000001bdf655d980, L_000001bdf655d980, L_000001bdf655d980;
LS_000001bdf64e2600_0_24 .concat [ 1 1 1 1], L_000001bdf655d980, L_000001bdf655d980, L_000001bdf655d980, L_000001bdf655d980;
LS_000001bdf64e2600_0_28 .concat [ 1 1 1 1], L_000001bdf655d980, L_000001bdf655d980, L_000001bdf655d980, L_000001bdf655d980;
LS_000001bdf64e2600_1_0 .concat [ 4 4 4 4], LS_000001bdf64e2600_0_0, LS_000001bdf64e2600_0_4, LS_000001bdf64e2600_0_8, LS_000001bdf64e2600_0_12;
LS_000001bdf64e2600_1_4 .concat [ 4 4 4 4], LS_000001bdf64e2600_0_16, LS_000001bdf64e2600_0_20, LS_000001bdf64e2600_0_24, LS_000001bdf64e2600_0_28;
L_000001bdf64e2600 .concat [ 16 16 0 0], LS_000001bdf64e2600_1_0, LS_000001bdf64e2600_1_4;
L_000001bdf64e1020 .part v000001bdf64be4a0_0, 0, 8;
L_000001bdf64e1660 .part v000001bdf64be4a0_0, 0, 16;
LS_000001bdf64e2ce0_0_0 .concat [ 1 1 1 1], L_000001bdf655fcf0, L_000001bdf655fcf0, L_000001bdf655fcf0, L_000001bdf655fcf0;
LS_000001bdf64e2ce0_0_4 .concat [ 1 1 1 1], L_000001bdf655fcf0, L_000001bdf655fcf0, L_000001bdf655fcf0, L_000001bdf655fcf0;
LS_000001bdf64e2ce0_0_8 .concat [ 1 1 1 1], L_000001bdf655fcf0, L_000001bdf655fcf0, L_000001bdf655fcf0, L_000001bdf655fcf0;
LS_000001bdf64e2ce0_0_12 .concat [ 1 1 1 1], L_000001bdf655fcf0, L_000001bdf655fcf0, L_000001bdf655fcf0, L_000001bdf655fcf0;
LS_000001bdf64e2ce0_0_16 .concat [ 1 1 1 1], L_000001bdf655fcf0, L_000001bdf655fcf0, L_000001bdf655fcf0, L_000001bdf655fcf0;
LS_000001bdf64e2ce0_0_20 .concat [ 1 1 1 1], L_000001bdf655fcf0, L_000001bdf655fcf0, L_000001bdf655fcf0, L_000001bdf655fcf0;
LS_000001bdf64e2ce0_0_24 .concat [ 1 1 1 1], L_000001bdf655fcf0, L_000001bdf655fcf0, L_000001bdf655fcf0, L_000001bdf655fcf0;
LS_000001bdf64e2ce0_0_28 .concat [ 1 1 1 1], L_000001bdf655fcf0, L_000001bdf655fcf0, L_000001bdf655fcf0, L_000001bdf655fcf0;
LS_000001bdf64e2ce0_1_0 .concat [ 4 4 4 4], LS_000001bdf64e2ce0_0_0, LS_000001bdf64e2ce0_0_4, LS_000001bdf64e2ce0_0_8, LS_000001bdf64e2ce0_0_12;
LS_000001bdf64e2ce0_1_4 .concat [ 4 4 4 4], LS_000001bdf64e2ce0_0_16, LS_000001bdf64e2ce0_0_20, LS_000001bdf64e2ce0_0_24, LS_000001bdf64e2ce0_0_28;
L_000001bdf64e2ce0 .concat [ 16 16 0 0], LS_000001bdf64e2ce0_1_0, LS_000001bdf64e2ce0_1_4;
S_000001bdf64488d0 .scope module, "u_writeback" "writeback" 3 820, 12 1 0, S_000001bdf6260f70;
 .timescale -9 -12;
    .port_info 0 /INPUT 32 "AluResult";
    .port_info 1 /INPUT 32 "LoadData";
    .port_info 2 /INPUT 32 "pc_plus4";
    .port_info 3 /INPUT 32 "Offset";
    .port_info 4 /INPUT 1 "MemToReg";
    .port_info 5 /INPUT 1 "lui";
    .port_info 6 /INPUT 1 "Jump";
    .port_info 7 /OUTPUT 32 "WriteData";
v000001bdf64bd8c0_0 .net "AluResult", 31 0, v000001bdf64d6390_0;  1 drivers
v000001bdf64bdaa0_0 .net "Jump", 0 0, v000001bdf64d76f0_0;  1 drivers
v000001bdf64bdb40_0 .net "LoadData", 31 0, v000001bdf64d64d0_0;  1 drivers
v000001bdf64bfc60_0 .net "MemToReg", 0 0, v000001bdf64d8370_0;  1 drivers
v000001bdf64bfd00_0 .net "Offset", 31 0, v000001bdf64d7970_0;  1 drivers
v000001bdf64bff80_0 .net "WriteData", 31 0, L_000001bdf6578480;  alias, 1 drivers
v000001bdf64bf8a0_0 .net *"_ivl_0", 31 0, L_000001bdf6579ba0;  1 drivers
v000001bdf64bf940_0 .net *"_ivl_2", 31 0, L_000001bdf6578fc0;  1 drivers
v000001bdf64bfa80_0 .net "lui", 0 0, v000001bdf64d7c90_0;  1 drivers
v000001bdf64bfda0_0 .net "pc_plus4", 31 0, v000001bdf64d6a70_0;  1 drivers
L_000001bdf6579ba0 .functor MUXZ 32, v000001bdf64d6390_0, v000001bdf64d64d0_0, v000001bdf64d8370_0, C4<>;
L_000001bdf6578fc0 .functor MUXZ 32, L_000001bdf6579ba0, v000001bdf64d7970_0, v000001bdf64d7c90_0, C4<>;
L_000001bdf6578480 .functor MUXZ 32, L_000001bdf6578fc0, v000001bdf64d6a70_0, v000001bdf64d76f0_0, C4<>;
S_000001bdf6448a60 .scope module, "u_dmem" "memory" 2 94, 13 8 0, S_000001bdf6447130;
 .timescale -9 -12;
    .port_info 0 /INPUT 1 "i_clk";
    .port_info 1 /INPUT 1 "i_rst";
    .port_info 2 /OUTPUT 1 "o_ready";
    .port_info 3 /INPUT 32 "i_addr";
    .port_info 4 /INPUT 1 "i_ren";
    .port_info 5 /INPUT 1 "i_wen";
    .port_info 6 /INPUT 4 "i_mask";
    .port_info 7 /INPUT 32 "i_wdata";
    .port_info 8 /OUTPUT 1 "o_valid";
    .port_info 9 /OUTPUT 32 "o_addr";
    .port_info 10 /OUTPUT 1 "o_wdone";
    .port_info 11 /OUTPUT 32 "o_rdata";
P_000001bdf621a430 .param/l "INTERVAL" 0 13 14, +C4<00000000000000000000000000000010>;
P_000001bdf621a468 .param/l "LATENCY" 0 13 12, +C4<00000000000000000000000000000100>;
P_000001bdf621a4a0 .param/l "SIZE" 0 13 10, +C4<00000000000000000000010000000000>;
L_000001bdf6560310 .functor NOT 1, v000001bdf64e3fa0_0, C4<0>, C4<0>, C4<0>;
L_000001bdf65607e0 .functor AND 1, L_000001bdf6560310, L_000001bdf6578700, C4<1>, C4<1>;
v000001bdf64cb530_2 .array/port v000001bdf64cb530, 2;
L_000001bdf6561a40 .functor BUFZ 32, v000001bdf64cb530_2, C4<00000000000000000000000000000000>, C4<00000000000000000000000000000000>, C4<00000000000000000000000000000000>;
v000001bdf64cabd0_2 .array/port v000001bdf64cabd0, 2;
L_000001bdf6561730 .functor BUFZ 4, v000001bdf64cabd0_2, C4<0000>, C4<0000>, C4<0000>;
v000001bdf64cbc10_2 .array/port v000001bdf64cbc10, 2;
L_000001bdf65612d0 .functor BUFZ 32, v000001bdf64cbc10_2, C4<00000000000000000000000000000000>, C4<00000000000000000000000000000000>, C4<00000000000000000000000000000000>;
v000001bdf64cb530_3 .array/port v000001bdf64cb530, 3;
L_000001bdf6561c00 .functor BUFZ 32, v000001bdf64cb530_3, C4<00000000000000000000000000000000>, C4<00000000000000000000000000000000>, C4<00000000000000000000000000000000>;
v000001bdf64cbad0_3 .array/port v000001bdf64cbad0, 3;
L_000001bdf6560850 .functor BUFZ 1, v000001bdf64cbad0_3, C4<0>, C4<0>, C4<0>;
v000001bdf64cc070_2 .array/port v000001bdf64cc070, 2;
L_000001bdf6561b20 .functor BUFZ 1, v000001bdf64cc070_2, C4<0>, C4<0>, C4<0>;
L_000001bdf6560a80 .functor BUFZ 32, L_000001bdf6578e80, C4<00000000000000000000000000000000>, C4<00000000000000000000000000000000>, C4<00000000000000000000000000000000>;
L_000001bdf6560d20 .functor BUFZ 32, L_000001bdf6561c00, C4<00000000000000000000000000000000>, C4<00000000000000000000000000000000>, C4<00000000000000000000000000000000>;
L_000001bdf6560c40 .functor BUFZ 1, L_000001bdf6560850, C4<0>, C4<0>, C4<0>;
L_000001bdf65613b0 .functor BUFZ 1, L_000001bdf6561b20, C4<0>, C4<0>, C4<0>;
L_000001bdf65618f0 .functor BUFZ 1, L_000001bdf65607e0, C4<0>, C4<0>, C4<0>;
v000001bdf64ca090_0 .net *"_ivl_0", 0 0, L_000001bdf6560310;  1 drivers
v000001bdf64cae50_0 .net *"_ivl_2", 31 0, L_000001bdf6579b00;  1 drivers
v000001bdf64cb350_0 .net *"_ivl_32", 7 0, L_000001bdf6578b60;  1 drivers
L_000001bdf64efb50 .functor BUFT 1, C4<00000000000000000000000000000011>, C4<0>, C4<0>, C4<0>;
v000001bdf64cb030_0 .net/2u *"_ivl_34", 31 0, L_000001bdf64efb50;  1 drivers
v000001bdf64c9b90_0 .net *"_ivl_36", 31 0, L_000001bdf6578660;  1 drivers
v000001bdf64caa90_0 .net *"_ivl_38", 7 0, L_000001bdf657a5a0;  1 drivers
L_000001bdf64efb98 .functor BUFT 1, C4<00000000000000000000000000000010>, C4<0>, C4<0>, C4<0>;
v000001bdf64c99b0_0 .net/2u *"_ivl_40", 31 0, L_000001bdf64efb98;  1 drivers
v000001bdf64ca8b0_0 .net *"_ivl_42", 31 0, L_000001bdf657a320;  1 drivers
v000001bdf64ca310_0 .net *"_ivl_44", 7 0, L_000001bdf657a640;  1 drivers
L_000001bdf64efbe0 .functor BUFT 1, C4<00000000000000000000000000000001>, C4<0>, C4<0>, C4<0>;
v000001bdf64c9eb0_0 .net/2u *"_ivl_46", 31 0, L_000001bdf64efbe0;  1 drivers
v000001bdf64cb670_0 .net *"_ivl_48", 31 0, L_000001bdf65787a0;  1 drivers
L_000001bdf64efac0 .functor BUFT 1, C4<0000000000000000000000000000000>, C4<0>, C4<0>, C4<0>;
v000001bdf64cadb0_0 .net *"_ivl_5", 30 0, L_000001bdf64efac0;  1 drivers
v000001bdf64ca3b0_0 .net *"_ivl_50", 7 0, L_000001bdf657a820;  1 drivers
L_000001bdf64efc28 .functor BUFT 1, C4<00000000000000000000000000000000>, C4<0>, C4<0>, C4<0>;
v000001bdf64ca450_0 .net/2u *"_ivl_52", 31 0, L_000001bdf64efc28;  1 drivers
v000001bdf64c9c30_0 .net *"_ivl_54", 31 0, L_000001bdf6579560;  1 drivers
L_000001bdf64efb08 .functor BUFT 1, C4<00000000000000000000000000000000>, C4<0>, C4<0>, C4<0>;
v000001bdf64cb210_0 .net/2u *"_ivl_6", 31 0, L_000001bdf64efb08;  1 drivers
v000001bdf64c9d70_0 .net *"_ivl_8", 0 0, L_000001bdf6578700;  1 drivers
v000001bdf64cb530 .array "addrs", 3 0, 31 0;
v000001bdf64ca9f0_0 .net "i_addr", 31 0, L_000001bdf655e550;  alias, 1 drivers
v000001bdf64ca590_0 .net "i_clk", 0 0, v000001bdf64ce730_0;  alias, 1 drivers
v000001bdf64ca1d0_0 .net "i_mask", 3 0, L_000001bdf64e26a0;  alias, 1 drivers
v000001bdf64c9f50_0 .net "i_ren", 0 0, L_000001bdf655f890;  alias, 1 drivers
v000001bdf64cab30_0 .net "i_rst", 0 0, v000001bdf64e3fa0_0;  alias, 1 drivers
v000001bdf64cb710_0 .net "i_wdata", 31 0, L_000001bdf655e710;  alias, 1 drivers
v000001bdf64caef0_0 .net "i_wen", 0 0, L_000001bdf655feb0;  alias, 1 drivers
v000001bdf64ca6d0_0 .var "interval_counter", 0 0;
v000001bdf64ca810_0 .net "mask", 3 0, L_000001bdf6561730;  1 drivers
v000001bdf64cabd0 .array "masks", 3 0, 3 0;
v000001bdf64cac70 .array "mem", 1023 0, 7 0;
v000001bdf64caf90_0 .net "o_addr", 31 0, L_000001bdf6560d20;  1 drivers
v000001bdf64cb7b0_0 .net "o_rdata", 31 0, L_000001bdf6560a80;  alias, 1 drivers
v000001bdf64cbe90_0 .net "o_ready", 0 0, L_000001bdf65618f0;  alias, 1 drivers
v000001bdf64cb5d0_0 .net "o_valid", 0 0, L_000001bdf6560c40;  alias, 1 drivers
v000001bdf64cb850_0 .net "o_wdone", 0 0, L_000001bdf65613b0;  alias, 1 drivers
v000001bdf64c9e10_0 .net "raddr", 31 0, v000001bdf64cb530_3;  1 drivers
v000001bdf64cb8f0_0 .net "ready", 0 0, L_000001bdf65607e0;  1 drivers
v000001bdf64cba30_0 .net "ren", 0 0, v000001bdf64cbad0_3;  1 drivers
v000001bdf64cbad0 .array "rens", 3 0, 0 0;
v000001bdf64cbb70_0 .net "res_addr", 31 0, L_000001bdf6561c00;  1 drivers
v000001bdf64cbf30_0 .net "res_rdata", 31 0, L_000001bdf6578e80;  1 drivers
v000001bdf64ca130_0 .net "res_valid", 0 0, L_000001bdf6560850;  1 drivers
v000001bdf64cbfd0_0 .net "res_wdone", 0 0, L_000001bdf6561b20;  1 drivers
v000001bdf64ca270_0 .net "waddr", 31 0, L_000001bdf6561a40;  1 drivers
v000001bdf64cbd50_0 .net "wdata", 31 0, L_000001bdf65612d0;  1 drivers
v000001bdf64cbc10 .array "wdatas", 3 0, 31 0;
v000001bdf64cbdf0_0 .net "wen", 0 0, v000001bdf64cc070_2;  1 drivers
v000001bdf64cc070 .array "wens", 3 0, 0 0;
L_000001bdf6579b00 .concat [ 1 31 0 0], v000001bdf64ca6d0_0, L_000001bdf64efac0;
L_000001bdf6578700 .cmp/eq 32, L_000001bdf6579b00, L_000001bdf64efb08;
L_000001bdf6578b60 .array/port v000001bdf64cac70, L_000001bdf6578660;
L_000001bdf6578660 .arith/sum 32, v000001bdf64cb530_3, L_000001bdf64efb50;
L_000001bdf657a5a0 .array/port v000001bdf64cac70, L_000001bdf657a320;
L_000001bdf657a320 .arith/sum 32, v000001bdf64cb530_3, L_000001bdf64efb98;
L_000001bdf657a640 .array/port v000001bdf64cac70, L_000001bdf65787a0;
L_000001bdf65787a0 .arith/sum 32, v000001bdf64cb530_3, L_000001bdf64efbe0;
L_000001bdf657a820 .array/port v000001bdf64cac70, L_000001bdf6579560;
L_000001bdf6579560 .arith/sum 32, v000001bdf64cb530_3, L_000001bdf64efc28;
L_000001bdf6578e80 .concat [ 8 8 8 8], L_000001bdf657a820, L_000001bdf657a640, L_000001bdf657a5a0, L_000001bdf6578b60;
S_000001bdf64c8c70 .scope generate, "genblk1[1]" "genblk1[1]" 13 102, 13 102 0, S_000001bdf6448a60;
 .timescale -9 -12;
P_000001bdf6401bf0 .param/l "i" 0 13 102, +C4<01>;
S_000001bdf64c8e00 .scope generate, "genblk1[2]" "genblk1[2]" 13 102, 13 102 0, S_000001bdf6448a60;
 .timescale -9 -12;
P_000001bdf6401530 .param/l "i" 0 13 102, +C4<010>;
S_000001bdf64c8f90 .scope generate, "genblk1[3]" "genblk1[3]" 13 102, 13 102 0, S_000001bdf6448a60;
 .timescale -9 -12;
P_000001bdf6401b30 .param/l "i" 0 13 102, +C4<011>;
S_000001bdf64c9330 .scope module, "u_imem" "memory" 2 75, 13 8 0, S_000001bdf6447130;
 .timescale -9 -12;
    .port_info 0 /INPUT 1 "i_clk";
    .port_info 1 /INPUT 1 "i_rst";
    .port_info 2 /OUTPUT 1 "o_ready";
    .port_info 3 /INPUT 32 "i_addr";
    .port_info 4 /INPUT 1 "i_ren";
    .port_info 5 /INPUT 1 "i_wen";
    .port_info 6 /INPUT 4 "i_mask";
    .port_info 7 /INPUT 32 "i_wdata";
    .port_info 8 /OUTPUT 1 "o_valid";
    .port_info 9 /OUTPUT 32 "o_addr";
    .port_info 10 /OUTPUT 1 "o_wdone";
    .port_info 11 /OUTPUT 32 "o_rdata";
P_000001bdf621b8d0 .param/l "INTERVAL" 0 13 14, +C4<00000000000000000000000000000010>;
P_000001bdf621b908 .param/l "LATENCY" 0 13 12, +C4<00000000000000000000000000000100>;
P_000001bdf621b940 .param/l "SIZE" 0 13 10, +C4<00000000000000000000010000000000>;
L_000001bdf6560a10 .functor NOT 1, v000001bdf64e3fa0_0, C4<0>, C4<0>, C4<0>;
L_000001bdf65602a0 .functor AND 1, L_000001bdf6560a10, L_000001bdf657a1e0, C4<1>, C4<1>;
v000001bdf64ccd90_2 .array/port v000001bdf64ccd90, 2;
L_000001bdf6561650 .functor BUFZ 32, v000001bdf64ccd90_2, C4<00000000000000000000000000000000>, C4<00000000000000000000000000000000>, C4<00000000000000000000000000000000>;
v000001bdf64ce7d0_2 .array/port v000001bdf64ce7d0, 2;
L_000001bdf6560d90 .functor BUFZ 4, v000001bdf64ce7d0_2, C4<0000>, C4<0000>, C4<0000>;
v000001bdf64cdf10_2 .array/port v000001bdf64cdf10, 2;
L_000001bdf6560690 .functor BUFZ 32, v000001bdf64cdf10_2, C4<00000000000000000000000000000000>, C4<00000000000000000000000000000000>, C4<00000000000000000000000000000000>;
v000001bdf64ccd90_3 .array/port v000001bdf64ccd90, 3;
L_000001bdf65615e0 .functor BUFZ 32, v000001bdf64ccd90_3, C4<00000000000000000000000000000000>, C4<00000000000000000000000000000000>, C4<00000000000000000000000000000000>;
v000001bdf64ccc50_3 .array/port v000001bdf64ccc50, 3;
L_000001bdf6561b90 .functor BUFZ 1, v000001bdf64ccc50_3, C4<0>, C4<0>, C4<0>;
v000001bdf64cccf0_2 .array/port v000001bdf64cccf0, 2;
L_000001bdf6561c70 .functor BUFZ 1, v000001bdf64cccf0_2, C4<0>, C4<0>, C4<0>;
L_000001bdf6561ab0 .functor BUFZ 32, L_000001bdf65794c0, C4<00000000000000000000000000000000>, C4<00000000000000000000000000000000>, C4<00000000000000000000000000000000>;
L_000001bdf6560770 .functor BUFZ 32, L_000001bdf65615e0, C4<00000000000000000000000000000000>, C4<00000000000000000000000000000000>, C4<00000000000000000000000000000000>;
L_000001bdf65603f0 .functor BUFZ 1, L_000001bdf6561b90, C4<0>, C4<0>, C4<0>;
L_000001bdf65619d0 .functor BUFZ 1, L_000001bdf6561c70, C4<0>, C4<0>, C4<0>;
L_000001bdf6560150 .functor BUFZ 1, L_000001bdf65602a0, C4<0>, C4<0>, C4<0>;
v000001bdf64c9910_0 .net *"_ivl_0", 0 0, L_000001bdf6560a10;  1 drivers
v000001bdf64cce30_0 .net *"_ivl_2", 31 0, L_000001bdf6578ca0;  1 drivers
v000001bdf64ce4b0_0 .net *"_ivl_32", 7 0, L_000001bdf6579f60;  1 drivers
L_000001bdf64ef8c8 .functor BUFT 1, C4<00000000000000000000000000000011>, C4<0>, C4<0>, C4<0>;
v000001bdf64cc4d0_0 .net/2u *"_ivl_34", 31 0, L_000001bdf64ef8c8;  1 drivers
v000001bdf64cdc90_0 .net *"_ivl_36", 31 0, L_000001bdf657a280;  1 drivers
v000001bdf64ce550_0 .net *"_ivl_38", 7 0, L_000001bdf6579060;  1 drivers
L_000001bdf64ef910 .functor BUFT 1, C4<00000000000000000000000000000010>, C4<0>, C4<0>, C4<0>;
v000001bdf64cd510_0 .net/2u *"_ivl_40", 31 0, L_000001bdf64ef910;  1 drivers
v000001bdf64cddd0_0 .net *"_ivl_42", 31 0, L_000001bdf657a3c0;  1 drivers
v000001bdf64ce230_0 .net *"_ivl_44", 7 0, L_000001bdf6578f20;  1 drivers
L_000001bdf64ef958 .functor BUFT 1, C4<00000000000000000000000000000001>, C4<0>, C4<0>, C4<0>;
v000001bdf64cced0_0 .net/2u *"_ivl_46", 31 0, L_000001bdf64ef958;  1 drivers
v000001bdf64cdd30_0 .net *"_ivl_48", 31 0, L_000001bdf6579740;  1 drivers
L_000001bdf64ef838 .functor BUFT 1, C4<0000000000000000000000000000000>, C4<0>, C4<0>, C4<0>;
v000001bdf64cc1b0_0 .net *"_ivl_5", 30 0, L_000001bdf64ef838;  1 drivers
v000001bdf64cc110_0 .net *"_ivl_50", 7 0, L_000001bdf6579ec0;  1 drivers
L_000001bdf64ef9a0 .functor BUFT 1, C4<00000000000000000000000000000000>, C4<0>, C4<0>, C4<0>;
v000001bdf64ce370_0 .net/2u *"_ivl_52", 31 0, L_000001bdf64ef9a0;  1 drivers
v000001bdf64ce870_0 .net *"_ivl_54", 31 0, L_000001bdf65792e0;  1 drivers
L_000001bdf64ef880 .functor BUFT 1, C4<00000000000000000000000000000000>, C4<0>, C4<0>, C4<0>;
v000001bdf64cc570_0 .net/2u *"_ivl_6", 31 0, L_000001bdf64ef880;  1 drivers
v000001bdf64cc250_0 .net *"_ivl_8", 0 0, L_000001bdf657a1e0;  1 drivers
v000001bdf64ccd90 .array "addrs", 3 0, 31 0;
v000001bdf64ce410_0 .net "i_addr", 31 0, L_000001bdf655a4e0;  alias, 1 drivers
v000001bdf64cdbf0_0 .net "i_clk", 0 0, v000001bdf64ce730_0;  alias, 1 drivers
L_000001bdf64efa30 .functor BUFT 1, C4<1111>, C4<0>, C4<0>, C4<0>;
v000001bdf64cd6f0_0 .net "i_mask", 3 0, L_000001bdf64efa30;  1 drivers
v000001bdf64ce5f0_0 .net "i_ren", 0 0, L_000001bdf655ab00;  alias, 1 drivers
v000001bdf64cd5b0_0 .net "i_rst", 0 0, v000001bdf64e3fa0_0;  alias, 1 drivers
L_000001bdf64efa78 .functor BUFT 1, C4<00000000000000000000000000000000>, C4<0>, C4<0>, C4<0>;
v000001bdf64cc2f0_0 .net "i_wdata", 31 0, L_000001bdf64efa78;  1 drivers
L_000001bdf64ef9e8 .functor BUFT 1, C4<0>, C4<0>, C4<0>, C4<0>;
v000001bdf64cd8d0_0 .net "i_wen", 0 0, L_000001bdf64ef9e8;  1 drivers
v000001bdf64cc390_0 .var "interval_counter", 0 0;
v000001bdf64cc430_0 .net "mask", 3 0, L_000001bdf6560d90;  1 drivers
v000001bdf64ce7d0 .array "masks", 3 0, 3 0;
v000001bdf64cc610 .array "mem", 1023 0, 7 0;
v000001bdf64cc6b0_0 .net "o_addr", 31 0, L_000001bdf6560770;  1 drivers
v000001bdf64cd790_0 .net "o_rdata", 31 0, L_000001bdf6561ab0;  alias, 1 drivers
v000001bdf64cc750_0 .net "o_ready", 0 0, L_000001bdf6560150;  alias, 1 drivers
v000001bdf64cc7f0_0 .net "o_valid", 0 0, L_000001bdf65603f0;  alias, 1 drivers
v000001bdf64cd0b0_0 .net "o_wdone", 0 0, L_000001bdf65619d0;  1 drivers
v000001bdf64ce0f0_0 .net "raddr", 31 0, v000001bdf64ccd90_3;  1 drivers
v000001bdf64ce2d0_0 .net "ready", 0 0, L_000001bdf65602a0;  1 drivers
v000001bdf64cd970_0 .net "ren", 0 0, v000001bdf64ccc50_3;  1 drivers
v000001bdf64ccc50 .array "rens", 3 0, 0 0;
v000001bdf64ce690_0 .net "res_addr", 31 0, L_000001bdf65615e0;  1 drivers
v000001bdf64cc890_0 .net "res_rdata", 31 0, L_000001bdf65794c0;  1 drivers
v000001bdf64ccf70_0 .net "res_valid", 0 0, L_000001bdf6561b90;  1 drivers
v000001bdf64cd290_0 .net "res_wdone", 0 0, L_000001bdf6561c70;  1 drivers
v000001bdf64cda10_0 .net "waddr", 31 0, L_000001bdf6561650;  1 drivers
v000001bdf64cd010_0 .net "wdata", 31 0, L_000001bdf6560690;  1 drivers
v000001bdf64cdf10 .array "wdatas", 3 0, 31 0;
v000001bdf64cde70_0 .net "wen", 0 0, v000001bdf64cccf0_2;  1 drivers
v000001bdf64cccf0 .array "wens", 3 0, 0 0;
L_000001bdf6578ca0 .concat [ 1 31 0 0], v000001bdf64cc390_0, L_000001bdf64ef838;
L_000001bdf657a1e0 .cmp/eq 32, L_000001bdf6578ca0, L_000001bdf64ef880;
L_000001bdf6579f60 .array/port v000001bdf64cc610, L_000001bdf657a280;
L_000001bdf657a280 .arith/sum 32, v000001bdf64ccd90_3, L_000001bdf64ef8c8;
L_000001bdf6579060 .array/port v000001bdf64cc610, L_000001bdf657a3c0;
L_000001bdf657a3c0 .arith/sum 32, v000001bdf64ccd90_3, L_000001bdf64ef910;
L_000001bdf6578f20 .array/port v000001bdf64cc610, L_000001bdf6579740;
L_000001bdf6579740 .arith/sum 32, v000001bdf64ccd90_3, L_000001bdf64ef958;
L_000001bdf6579ec0 .array/port v000001bdf64cc610, L_000001bdf65792e0;
L_000001bdf65792e0 .arith/sum 32, v000001bdf64ccd90_3, L_000001bdf64ef9a0;
L_000001bdf65794c0 .concat [ 8 8 8 8], L_000001bdf6579ec0, L_000001bdf6578f20, L_000001bdf6579060, L_000001bdf6579f60;
S_000001bdf64db710 .scope generate, "genblk1[1]" "genblk1[1]" 13 102, 13 102 0, S_000001bdf64c9330;
 .timescale -9 -12;
P_000001bdf64016f0 .param/l "i" 0 13 102, +C4<01>;
S_000001bdf64daa90 .scope generate, "genblk1[2]" "genblk1[2]" 13 102, 13 102 0, S_000001bdf64c9330;
 .timescale -9 -12;
P_000001bdf64015f0 .param/l "i" 0 13 102, +C4<010>;
S_000001bdf64db0d0 .scope generate, "genblk1[3]" "genblk1[3]" 13 102, 13 102 0, S_000001bdf64c9330;
 .timescale -9 -12;
P_000001bdf6401c30 .param/l "i" 0 13 102, +C4<011>;
    .scope S_000001bdf6250630;
T_0 ;
    %wait E_000001bdf64014b0;
    %load/vec4 v000001bdf64bae40_0;
    %flag_set/vec4 8;
    %jmp/0xz  T_0.0, 8;
    %pushi/vec4 0, 0, 2;
    %assign/vec4 v000001bdf64bbd40_0, 0;
    %pushi/vec4 0, 0, 23;
    %assign/vec4 v000001bdf64bb480_0, 0;
    %pushi/vec4 0, 0, 5;
    %assign/vec4 v000001bdf64bd000_0, 0;
    %pushi/vec4 0, 0, 2;
    %assign/vec4 v000001bdf64bc600_0, 0;
    %pushi/vec4 0, 0, 1;
    %assign/vec4 v000001bdf64bbca0_0, 0;
    %pushi/vec4 0, 0, 1;
    %assign/vec4 v000001bdf64bb0c0_0, 0;
    %pushi/vec4 0, 0, 4;
    %assign/vec4 v000001bdf64bab20_0, 0;
    %pushi/vec4 0, 0, 32;
    %assign/vec4 v000001bdf64babc0_0, 0;
    %pushi/vec4 0, 0, 2;
    %assign/vec4 v000001bdf64bcb00_0, 0;
    %pushi/vec4 0, 0, 2;
    %assign/vec4 v000001bdf64bb2a0_0, 0;
    %pushi/vec4 0, 0, 1;
    %assign/vec4 v000001bdf64bb200_0, 0;
    %pushi/vec4 0, 0, 3;
    %assign/vec4 v000001bdf64bce20_0, 0;
    %pushi/vec4 0, 0, 3;
    %assign/vec4 v000001bdf64bed60_0, 0;
    %pushi/vec4 0, 0, 4;
    %assign/vec4 v000001bdf64bc740_0, 0;
    %pushi/vec4 0, 0, 32;
    %assign/vec4 v000001bdf64bca60_0, 0;
    %pushi/vec4 0, 0, 32;
    %assign/vec4 v000001bdf64bb660_0, 0;
    %pushi/vec4 0, 0, 32;
    %assign/vec4 v000001bdf64bcce0_0, 0;
    %jmp T_0.1;
T_0.0 ;
    %load/vec4 v000001bdf64bcf60_0;
    %flag_set/vec4 8;
    %jmp/0xz  T_0.2, 8;
    %load/vec4 v000001bdf64bcec0_0;
    %load/vec4 v000001bdf64bed60_0;
    %pad/u 5;
    %ix/vec4 3;
    %ix/load 4, 0, 0; Constant delay
    %assign/vec4/a/d v000001bdf64bc6a0, 0, 4;
    %load/vec4 v000001bdf64beea0_0;
    %load/vec4 v000001bdf64bed60_0;
    %pad/u 5;
    %ix/vec4 3;
    %ix/load 4, 0, 0; Constant delay
    %assign/vec4/a/d v000001bdf64bcba0, 0, 4;
T_0.2 ;
    %load/vec4 v000001bdf64bd1e0_0;
    %flag_set/vec4 8;
    %jmp/0xz  T_0.4, 8;
    %load/vec4 v000001bdf64bce20_0;
    %addi 1, 0, 3;
    %assign/vec4 v000001bdf64bce20_0, 0;
T_0.4 ;
    %load/vec4 v000001bdf64bcf60_0;
    %flag_set/vec4 8;
    %jmp/0xz  T_0.6, 8;
    %load/vec4 v000001bdf64bed60_0;
    %addi 1, 0, 3;
    %assign/vec4 v000001bdf64bed60_0, 0;
T_0.6 ;
    %load/vec4 v000001bdf64bcf60_0;
    %load/vec4 v000001bdf64bd1e0_0;
    %concat/vec4; draw_concat_vec4
    %dup/vec4;
    %pushi/vec4 2, 0, 2;
    %cmp/u;
    %jmp/1 T_0.8, 6;
    %dup/vec4;
    %pushi/vec4 1, 0, 2;
    %cmp/u;
    %jmp/1 T_0.9, 6;
    %load/vec4 v000001bdf64bc740_0;
    %assign/vec4 v000001bdf64bc740_0, 0;
    %jmp T_0.11;
T_0.8 ;
    %load/vec4 v000001bdf64bc740_0;
    %addi 1, 0, 4;
    %assign/vec4 v000001bdf64bc740_0, 0;
    %jmp T_0.11;
T_0.9 ;
    %load/vec4 v000001bdf64bc740_0;
    %subi 1, 0, 4;
    %assign/vec4 v000001bdf64bc740_0, 0;
    %jmp T_0.11;
T_0.11 ;
    %pop/vec4 1;
    %load/vec4 v000001bdf64bbd40_0;
    %dup/vec4;
    %pushi/vec4 0, 0, 2;
    %cmp/u;
    %jmp/1 T_0.12, 6;
    %dup/vec4;
    %pushi/vec4 1, 0, 2;
    %cmp/u;
    %jmp/1 T_0.13, 6;
    %dup/vec4;
    %pushi/vec4 2, 0, 2;
    %cmp/u;
    %jmp/1 T_0.14, 6;
    %dup/vec4;
    %pushi/vec4 3, 0, 2;
    %cmp/u;
    %jmp/1 T_0.15, 6;
    %pushi/vec4 0, 0, 2;
    %assign/vec4 v000001bdf64bbd40_0, 0;
    %jmp T_0.17;
T_0.12 ;
    %load/vec4 v000001bdf64ba940_0;
    %load/vec4 v000001bdf64bc7e0_0;
    %and;
    %flag_set/vec4 8;
    %jmp/0xz  T_0.18, 8;
    %load/vec4 v000001bdf64bc1a0_0;
    %flag_set/vec4 8;
    %jmp/0xz  T_0.20, 8;
    %pushi/vec4 1, 0, 1;
    %ix/load 5, 0, 0;
    %ix/getv 4, v000001bdf64bb340_0;
    %assign/vec4/off/d v000001bdf64bcce0_0, 4, 5;
    %jmp T_0.21;
T_0.20 ;
    %load/vec4 v000001bdf64bc240_0;
    %flag_set/vec4 8;
    %jmp/0xz  T_0.22, 8;
    %pushi/vec4 0, 0, 1;
    %ix/load 5, 0, 0;
    %ix/getv 4, v000001bdf64bb340_0;
    %assign/vec4/off/d v000001bdf64bcce0_0, 4, 5;
T_0.22 ;
T_0.21 ;
    %jmp T_0.19;
T_0.18 ;
    %load/vec4 v000001bdf64bd460_0;
    %flag_set/vec4 8;
    %jmp/0xz  T_0.24, 8;
    %load/vec4 v000001bdf64bc1a0_0;
    %flag_set/vec4 8;
    %jmp/0xz  T_0.26, 8;
    %load/vec4 v000001bdf64bbc00_0;
    %load/vec4 v000001bdf64bb340_0;
    %pad/u 10;
    %pad/u 12;
    %muli 4, 0, 12;
    %pad/u 13;
    %load/vec4 v000001bdf64bc2e0_0;
    %pad/u 4;
    %pad/u 13;
    %add;
    %ix/vec4 3;
    %ix/load 4, 0, 0; Constant delay
    %assign/vec4/a/d v000001bdf64bad00, 0, 4;
    %jmp T_0.27;
T_0.26 ;
    %load/vec4 v000001bdf64bbc00_0;
    %load/vec4 v000001bdf64bb340_0;
    %pad/u 10;
    %pad/u 12;
    %muli 4, 0, 12;
    %pad/u 13;
    %load/vec4 v000001bdf64bc2e0_0;
    %pad/u 4;
    %pad/u 13;
    %add;
    %ix/vec4 3;
    %ix/load 4, 0, 0; Constant delay
    %assign/vec4/a/d v000001bdf64bb7a0, 0, 4;
T_0.27 ;
    %load/vec4 v000001bdf64bc1a0_0;
    %flag_set/vec4 8;
    %jmp/0xz  T_0.28, 8;
    %pushi/vec4 1, 0, 1;
    %ix/load 5, 0, 0;
    %ix/getv 4, v000001bdf64bb340_0;
    %assign/vec4/off/d v000001bdf64bcce0_0, 4, 5;
    %jmp T_0.29;
T_0.28 ;
    %load/vec4 v000001bdf64bc240_0;
    %flag_set/vec4 8;
    %jmp/0xz  T_0.30, 8;
    %pushi/vec4 0, 0, 1;
    %ix/load 5, 0, 0;
    %ix/getv 4, v000001bdf64bb340_0;
    %assign/vec4/off/d v000001bdf64bcce0_0, 4, 5;
T_0.30 ;
T_0.29 ;
    %jmp T_0.25;
T_0.24 ;
    %load/vec4 v000001bdf64be040_0;
    %flag_set/vec4 8;
    %jmp/0xz  T_0.32, 8;
    %load/vec4 v000001bdf64bbb60_0;
    %assign/vec4 v000001bdf64bb480_0, 0;
    %load/vec4 v000001bdf64bb340_0;
    %assign/vec4 v000001bdf64bd000_0, 0;
    %load/vec4 v000001bdf64bc2e0_0;
    %assign/vec4 v000001bdf64bc600_0, 0;
    %load/vec4 v000001bdf64bb8e0_0;
    %assign/vec4 v000001bdf64bbca0_0, 0;
    %pushi/vec4 1, 0, 1;
    %assign/vec4 v000001bdf64bb0c0_0, 0;
    %load/vec4 v000001bdf64baee0_0;
    %assign/vec4 v000001bdf64bab20_0, 0;
    %load/vec4 v000001bdf64baf80_0;
    %assign/vec4 v000001bdf64babc0_0, 0;
    %pushi/vec4 3, 0, 2;
    %assign/vec4 v000001bdf64bbd40_0, 0;
    %jmp T_0.33;
T_0.32 ;
    %load/vec4 v000001bdf64bb160_0;
    %load/vec4 v000001bdf64be5e0_0;
    %or;
    %flag_set/vec4 8;
    %jmp/0xz  T_0.34, 8;
    %load/vec4 v000001bdf64bbb60_0;
    %assign/vec4 v000001bdf64bb480_0, 0;
    %load/vec4 v000001bdf64bb340_0;
    %assign/vec4 v000001bdf64bd000_0, 0;
    %load/vec4 v000001bdf64bc2e0_0;
    %assign/vec4 v000001bdf64bc600_0, 0;
    %load/vec4 v000001bdf64bb700_0;
    %assign/vec4 v000001bdf64bbca0_0, 0;
    %load/vec4 v000001bdf64baa80_0;
    %assign/vec4 v000001bdf64bb0c0_0, 0;
    %load/vec4 v000001bdf64baee0_0;
    %assign/vec4 v000001bdf64bab20_0, 0;
    %load/vec4 v000001bdf64baf80_0;
    %assign/vec4 v000001bdf64babc0_0, 0;
    %pushi/vec4 0, 0, 2;
    %assign/vec4 v000001bdf64bcb00_0, 0;
    %pushi/vec4 0, 0, 2;
    %assign/vec4 v000001bdf64bb2a0_0, 0;
    %pushi/vec4 0, 0, 1;
    %assign/vec4 v000001bdf64bb200_0, 0;
    %pushi/vec4 1, 0, 2;
    %assign/vec4 v000001bdf64bbd40_0, 0;
T_0.34 ;
T_0.33 ;
T_0.25 ;
T_0.19 ;
    %jmp T_0.17;
T_0.13 ;
    %load/vec4 v000001bdf64bbe80_0;
    %flag_set/vec4 8;
    %jmp/0xz  T_0.36, 8;
    %load/vec4 v000001bdf64bcb00_0;
    %cmpi/e 3, 0, 2;
    %jmp/0xz  T_0.38, 4;
    %pushi/vec4 1, 0, 1;
    %assign/vec4 v000001bdf64bb200_0, 0;
    %jmp T_0.39;
T_0.38 ;
    %load/vec4 v000001bdf64bcb00_0;
    %addi 1, 0, 2;
    %assign/vec4 v000001bdf64bcb00_0, 0;
T_0.39 ;
T_0.36 ;
    %load/vec4 v000001bdf64bbde0_0;
    %flag_set/vec4 8;
    %jmp/0xz  T_0.40, 8;
    %load/vec4 v000001bdf64bbca0_0;
    %cmpi/e 0, 0, 1;
    %jmp/0xz  T_0.42, 4;
    %load/vec4 v000001bdf64bc4c0_0;
    %load/vec4 v000001bdf64bd000_0;
    %pad/u 10;
    %pad/u 12;
    %muli 4, 0, 12;
    %pad/u 13;
    %load/vec4 v000001bdf64bb2a0_0;
    %pad/u 4;
    %pad/u 13;
    %add;
    %ix/vec4 3;
    %ix/load 4, 0, 0; Constant delay
    %assign/vec4/a/d v000001bdf64bad00, 0, 4;
    %jmp T_0.43;
T_0.42 ;
    %load/vec4 v000001bdf64bc4c0_0;
    %load/vec4 v000001bdf64bd000_0;
    %pad/u 10;
    %pad/u 12;
    %muli 4, 0, 12;
    %pad/u 13;
    %load/vec4 v000001bdf64bb2a0_0;
    %pad/u 4;
    %pad/u 13;
    %add;
    %ix/vec4 3;
    %ix/load 4, 0, 0; Constant delay
    %assign/vec4/a/d v000001bdf64bb7a0, 0, 4;
T_0.43 ;
    %load/vec4 v000001bdf64bb2a0_0;
    %cmpi/e 3, 0, 2;
    %jmp/0xz  T_0.44, 4;
    %load/vec4 v000001bdf64bbca0_0;
    %cmpi/e 0, 0, 1;
    %jmp/0xz  T_0.46, 4;
    %load/vec4 v000001bdf64bb480_0;
    %load/vec4 v000001bdf64bd000_0;
    %pad/u 7;
    %ix/vec4 3;
    %ix/load 4, 0, 0; Constant delay
    %assign/vec4/a/d v000001bdf64bb3e0, 0, 4;
    %pushi/vec4 1, 0, 1;
    %ix/load 5, 0, 0;
    %ix/getv 4, v000001bdf64bd000_0;
    %assign/vec4/off/d v000001bdf64bca60_0, 4, 5;
    %jmp T_0.47;
T_0.46 ;
    %load/vec4 v000001bdf64bb480_0;
    %load/vec4 v000001bdf64bd000_0;
    %pad/u 7;
    %ix/vec4 3;
    %ix/load 4, 0, 0; Constant delay
    %assign/vec4/a/d v000001bdf64bb5c0, 0, 4;
    %pushi/vec4 1, 0, 1;
    %ix/load 5, 0, 0;
    %ix/getv 4, v000001bdf64bd000_0;
    %assign/vec4/off/d v000001bdf64bb660_0, 4, 5;
T_0.47 ;
    %load/vec4 v000001bdf64bb0c0_0;
    %flag_set/vec4 8;
    %jmp/0xz  T_0.48, 8;
    %pushi/vec4 3, 0, 2;
    %assign/vec4 v000001bdf64bbd40_0, 0;
    %jmp T_0.49;
T_0.48 ;
    %load/vec4 v000001bdf64bbca0_0;
    %inv;
    %ix/load 5, 0, 0;
    %ix/getv 4, v000001bdf64bd000_0;
    %assign/vec4/off/d v000001bdf64bcce0_0, 4, 5;
    %pushi/vec4 0, 0, 2;
    %assign/vec4 v000001bdf64bbd40_0, 0;
T_0.49 ;
    %jmp T_0.45;
T_0.44 ;
    %load/vec4 v000001bdf64bb2a0_0;
    %addi 1, 0, 2;
    %assign/vec4 v000001bdf64bb2a0_0, 0;
T_0.45 ;
T_0.40 ;
    %jmp T_0.17;
T_0.14 ;
    %pushi/vec4 0, 0, 2;
    %assign/vec4 v000001bdf64bbd40_0, 0;
    %jmp T_0.17;
T_0.15 ;
    %load/vec4 v000001bdf64be7c0_0;
    %flag_set/vec4 8;
    %jmp/0xz  T_0.50, 8;
    %load/vec4 v000001bdf64bbca0_0;
    %cmpi/e 0, 0, 1;
    %jmp/0xz  T_0.52, 4;
    %load/vec4 v000001bdf64bb980_0;
    %load/vec4 v000001bdf64bd000_0;
    %pad/u 10;
    %pad/u 12;
    %muli 4, 0, 12;
    %pad/u 13;
    %load/vec4 v000001bdf64bc600_0;
    %pad/u 4;
    %pad/u 13;
    %add;
    %ix/vec4 3;
    %ix/load 4, 0, 0; Constant delay
    %assign/vec4/a/d v000001bdf64bad00, 0, 4;
    %jmp T_0.53;
T_0.52 ;
    %load/vec4 v000001bdf64bb980_0;
    %load/vec4 v000001bdf64bd000_0;
    %pad/u 10;
    %pad/u 12;
    %muli 4, 0, 12;
    %pad/u 13;
    %load/vec4 v000001bdf64bc600_0;
    %pad/u 4;
    %pad/u 13;
    %add;
    %ix/vec4 3;
    %ix/load 4, 0, 0; Constant delay
    %assign/vec4/a/d v000001bdf64bb7a0, 0, 4;
T_0.53 ;
    %load/vec4 v000001bdf64bbca0_0;
    %inv;
    %ix/load 5, 0, 0;
    %ix/getv 4, v000001bdf64bd000_0;
    %assign/vec4/off/d v000001bdf64bcce0_0, 4, 5;
    %pushi/vec4 0, 0, 2;
    %assign/vec4 v000001bdf64bbd40_0, 0;
T_0.50 ;
    %jmp T_0.17;
T_0.17 ;
    %pop/vec4 1;
T_0.1 ;
    %jmp T_0;
    .thread T_0;
    .scope S_000001bdf5dda5c0;
T_1 ;
    %wait E_000001bdf64014b0;
    %load/vec4 v000001bdf64a8e40_0;
    %flag_set/vec4 8;
    %jmp/0xz  T_1.0, 8;
    %pushi/vec4 0, 0, 2;
    %assign/vec4 v000001bdf64aaba0_0, 0;
    %pushi/vec4 0, 0, 23;
    %assign/vec4 v000001bdf64a9f20_0, 0;
    %pushi/vec4 0, 0, 5;
    %assign/vec4 v000001bdf64a9200_0, 0;
    %pushi/vec4 0, 0, 2;
    %assign/vec4 v000001bdf64a9b60_0, 0;
    %pushi/vec4 0, 0, 1;
    %assign/vec4 v000001bdf64a8b20_0, 0;
    %pushi/vec4 0, 0, 1;
    %assign/vec4 v000001bdf64a9a20_0, 0;
    %pushi/vec4 0, 0, 4;
    %assign/vec4 v000001bdf64a8a80_0, 0;
    %pushi/vec4 0, 0, 32;
    %assign/vec4 v000001bdf64a8bc0_0, 0;
    %pushi/vec4 0, 0, 2;
    %assign/vec4 v000001bdf64aa740_0, 0;
    %pushi/vec4 0, 0, 2;
    %assign/vec4 v000001bdf64a8080_0, 0;
    %pushi/vec4 0, 0, 1;
    %assign/vec4 v000001bdf64aa560_0, 0;
    %pushi/vec4 0, 0, 3;
    %assign/vec4 v000001bdf64abaa0_0, 0;
    %pushi/vec4 0, 0, 3;
    %assign/vec4 v000001bdf64ab1e0_0, 0;
    %pushi/vec4 0, 0, 4;
    %assign/vec4 v000001bdf64ac360_0, 0;
    %pushi/vec4 0, 0, 32;
    %assign/vec4 v000001bdf64aaec0_0, 0;
    %pushi/vec4 0, 0, 32;
    %assign/vec4 v000001bdf64acfe0_0, 0;
    %pushi/vec4 0, 0, 32;
    %assign/vec4 v000001bdf64a89e0_0, 0;
    %jmp T_1.1;
T_1.0 ;
    %load/vec4 v000001bdf64ac180_0;
    %flag_set/vec4 8;
    %jmp/0xz  T_1.2, 8;
    %load/vec4 v000001bdf64ace00_0;
    %load/vec4 v000001bdf64ab1e0_0;
    %pad/u 5;
    %ix/vec4 3;
    %ix/load 4, 0, 0; Constant delay
    %assign/vec4/a/d v000001bdf64aae20, 0, 4;
    %load/vec4 v000001bdf64accc0_0;
    %load/vec4 v000001bdf64ab1e0_0;
    %pad/u 5;
    %ix/vec4 3;
    %ix/load 4, 0, 0; Constant delay
    %assign/vec4/a/d v000001bdf64ac0e0, 0, 4;
T_1.2 ;
    %load/vec4 v000001bdf64acea0_0;
    %flag_set/vec4 8;
    %jmp/0xz  T_1.4, 8;
    %load/vec4 v000001bdf64abaa0_0;
    %addi 1, 0, 3;
    %assign/vec4 v000001bdf64abaa0_0, 0;
T_1.4 ;
    %load/vec4 v000001bdf64ac180_0;
    %flag_set/vec4 8;
    %jmp/0xz  T_1.6, 8;
    %load/vec4 v000001bdf64ab1e0_0;
    %addi 1, 0, 3;
    %assign/vec4 v000001bdf64ab1e0_0, 0;
T_1.6 ;
    %load/vec4 v000001bdf64ac180_0;
    %load/vec4 v000001bdf64acea0_0;
    %concat/vec4; draw_concat_vec4
    %dup/vec4;
    %pushi/vec4 2, 0, 2;
    %cmp/u;
    %jmp/1 T_1.8, 6;
    %dup/vec4;
    %pushi/vec4 1, 0, 2;
    %cmp/u;
    %jmp/1 T_1.9, 6;
    %load/vec4 v000001bdf64ac360_0;
    %assign/vec4 v000001bdf64ac360_0, 0;
    %jmp T_1.11;
T_1.8 ;
    %load/vec4 v000001bdf64ac360_0;
    %addi 1, 0, 4;
    %assign/vec4 v000001bdf64ac360_0, 0;
    %jmp T_1.11;
T_1.9 ;
    %load/vec4 v000001bdf64ac360_0;
    %subi 1, 0, 4;
    %assign/vec4 v000001bdf64ac360_0, 0;
    %jmp T_1.11;
T_1.11 ;
    %pop/vec4 1;
    %load/vec4 v000001bdf64aaba0_0;
    %dup/vec4;
    %pushi/vec4 0, 0, 2;
    %cmp/u;
    %jmp/1 T_1.12, 6;
    %dup/vec4;
    %pushi/vec4 1, 0, 2;
    %cmp/u;
    %jmp/1 T_1.13, 6;
    %dup/vec4;
    %pushi/vec4 2, 0, 2;
    %cmp/u;
    %jmp/1 T_1.14, 6;
    %dup/vec4;
    %pushi/vec4 3, 0, 2;
    %cmp/u;
    %jmp/1 T_1.15, 6;
    %pushi/vec4 0, 0, 2;
    %assign/vec4 v000001bdf64aaba0_0, 0;
    %jmp T_1.17;
T_1.12 ;
    %load/vec4 v000001bdf64aa420_0;
    %load/vec4 v000001bdf64a8f80_0;
    %and;
    %flag_set/vec4 8;
    %jmp/0xz  T_1.18, 8;
    %load/vec4 v000001bdf64ac5e0_0;
    %flag_set/vec4 8;
    %jmp/0xz  T_1.20, 8;
    %pushi/vec4 1, 0, 1;
    %ix/load 5, 0, 0;
    %ix/getv 4, v000001bdf64acf40_0;
    %assign/vec4/off/d v000001bdf64a89e0_0, 4, 5;
    %jmp T_1.21;
T_1.20 ;
    %load/vec4 v000001bdf64aaf60_0;
    %flag_set/vec4 8;
    %jmp/0xz  T_1.22, 8;
    %pushi/vec4 0, 0, 1;
    %ix/load 5, 0, 0;
    %ix/getv 4, v000001bdf64acf40_0;
    %assign/vec4/off/d v000001bdf64a89e0_0, 4, 5;
T_1.22 ;
T_1.21 ;
    %jmp T_1.19;
T_1.18 ;
    %load/vec4 v000001bdf64ab320_0;
    %flag_set/vec4 8;
    %jmp/0xz  T_1.24, 8;
    %load/vec4 v000001bdf64ac5e0_0;
    %flag_set/vec4 8;
    %jmp/0xz  T_1.26, 8;
    %load/vec4 v000001bdf64a9980_0;
    %load/vec4 v000001bdf64acf40_0;
    %pad/u 10;
    %pad/u 12;
    %muli 4, 0, 12;
    %pad/u 13;
    %load/vec4 v000001bdf64aba00_0;
    %pad/u 4;
    %pad/u 13;
    %add;
    %ix/vec4 3;
    %ix/load 4, 0, 0; Constant delay
    %assign/vec4/a/d v000001bdf64a9700, 0, 4;
    %jmp T_1.27;
T_1.26 ;
    %load/vec4 v000001bdf64a9980_0;
    %load/vec4 v000001bdf64acf40_0;
    %pad/u 10;
    %pad/u 12;
    %muli 4, 0, 12;
    %pad/u 13;
    %load/vec4 v000001bdf64aba00_0;
    %pad/u 4;
    %pad/u 13;
    %add;
    %ix/vec4 3;
    %ix/load 4, 0, 0; Constant delay
    %assign/vec4/a/d v000001bdf64a81c0, 0, 4;
T_1.27 ;
    %load/vec4 v000001bdf64ac5e0_0;
    %flag_set/vec4 8;
    %jmp/0xz  T_1.28, 8;
    %pushi/vec4 1, 0, 1;
    %ix/load 5, 0, 0;
    %ix/getv 4, v000001bdf64acf40_0;
    %assign/vec4/off/d v000001bdf64a89e0_0, 4, 5;
    %jmp T_1.29;
T_1.28 ;
    %load/vec4 v000001bdf64aaf60_0;
    %flag_set/vec4 8;
    %jmp/0xz  T_1.30, 8;
    %pushi/vec4 0, 0, 1;
    %ix/load 5, 0, 0;
    %ix/getv 4, v000001bdf64acf40_0;
    %assign/vec4/off/d v000001bdf64a89e0_0, 4, 5;
T_1.30 ;
T_1.29 ;
    %jmp T_1.25;
T_1.24 ;
    %load/vec4 v000001bdf64ac040_0;
    %flag_set/vec4 8;
    %jmp/0xz  T_1.32, 8;
    %load/vec4 v000001bdf64ac9a0_0;
    %assign/vec4 v000001bdf64a9f20_0, 0;
    %load/vec4 v000001bdf64acf40_0;
    %assign/vec4 v000001bdf64a9200_0, 0;
    %load/vec4 v000001bdf64aba00_0;
    %assign/vec4 v000001bdf64a9b60_0, 0;
    %load/vec4 v000001bdf64a9ac0_0;
    %assign/vec4 v000001bdf64a8b20_0, 0;
    %pushi/vec4 1, 0, 1;
    %assign/vec4 v000001bdf64a9a20_0, 0;
    %load/vec4 v000001bdf64a8580_0;
    %assign/vec4 v000001bdf64a8a80_0, 0;
    %load/vec4 v000001bdf64a9e80_0;
    %assign/vec4 v000001bdf64a8bc0_0, 0;
    %pushi/vec4 3, 0, 2;
    %assign/vec4 v000001bdf64aaba0_0, 0;
    %jmp T_1.33;
T_1.32 ;
    %load/vec4 v000001bdf64aa4c0_0;
    %load/vec4 v000001bdf64aa9c0_0;
    %or;
    %flag_set/vec4 8;
    %jmp/0xz  T_1.34, 8;
    %load/vec4 v000001bdf64ac9a0_0;
    %assign/vec4 v000001bdf64a9f20_0, 0;
    %load/vec4 v000001bdf64acf40_0;
    %assign/vec4 v000001bdf64a9200_0, 0;
    %load/vec4 v000001bdf64aba00_0;
    %assign/vec4 v000001bdf64a9b60_0, 0;
    %load/vec4 v000001bdf64abc80_0;
    %assign/vec4 v000001bdf64a8b20_0, 0;
    %load/vec4 v000001bdf64a9520_0;
    %assign/vec4 v000001bdf64a9a20_0, 0;
    %load/vec4 v000001bdf64a8580_0;
    %assign/vec4 v000001bdf64a8a80_0, 0;
    %load/vec4 v000001bdf64a9e80_0;
    %assign/vec4 v000001bdf64a8bc0_0, 0;
    %pushi/vec4 0, 0, 2;
    %assign/vec4 v000001bdf64aa740_0, 0;
    %pushi/vec4 0, 0, 2;
    %assign/vec4 v000001bdf64a8080_0, 0;
    %pushi/vec4 0, 0, 1;
    %assign/vec4 v000001bdf64aa560_0, 0;
    %pushi/vec4 1, 0, 2;
    %assign/vec4 v000001bdf64aaba0_0, 0;
T_1.34 ;
T_1.33 ;
T_1.25 ;
T_1.19 ;
    %jmp T_1.17;
T_1.13 ;
    %load/vec4 v000001bdf64aa600_0;
    %flag_set/vec4 8;
    %jmp/0xz  T_1.36, 8;
    %load/vec4 v000001bdf64aa740_0;
    %cmpi/e 3, 0, 2;
    %jmp/0xz  T_1.38, 4;
    %pushi/vec4 1, 0, 1;
    %assign/vec4 v000001bdf64aa560_0, 0;
    %jmp T_1.39;
T_1.38 ;
    %load/vec4 v000001bdf64aa740_0;
    %addi 1, 0, 2;
    %assign/vec4 v000001bdf64aa740_0, 0;
T_1.39 ;
T_1.36 ;
    %load/vec4 v000001bdf64a9020_0;
    %flag_set/vec4 8;
    %jmp/0xz  T_1.40, 8;
    %load/vec4 v000001bdf64a8b20_0;
    %cmpi/e 0, 0, 1;
    %jmp/0xz  T_1.42, 4;
    %load/vec4 v000001bdf64a9de0_0;
    %load/vec4 v000001bdf64a9200_0;
    %pad/u 10;
    %pad/u 12;
    %muli 4, 0, 12;
    %pad/u 13;
    %load/vec4 v000001bdf64a8080_0;
    %pad/u 4;
    %pad/u 13;
    %add;
    %ix/vec4 3;
    %ix/load 4, 0, 0; Constant delay
    %assign/vec4/a/d v000001bdf64a9700, 0, 4;
    %jmp T_1.43;
T_1.42 ;
    %load/vec4 v000001bdf64a9de0_0;
    %load/vec4 v000001bdf64a9200_0;
    %pad/u 10;
    %pad/u 12;
    %muli 4, 0, 12;
    %pad/u 13;
    %load/vec4 v000001bdf64a8080_0;
    %pad/u 4;
    %pad/u 13;
    %add;
    %ix/vec4 3;
    %ix/load 4, 0, 0; Constant delay
    %assign/vec4/a/d v000001bdf64a81c0, 0, 4;
T_1.43 ;
    %load/vec4 v000001bdf64a8080_0;
    %cmpi/e 3, 0, 2;
    %jmp/0xz  T_1.44, 4;
    %load/vec4 v000001bdf64a8b20_0;
    %cmpi/e 0, 0, 1;
    %jmp/0xz  T_1.46, 4;
    %load/vec4 v000001bdf64a9f20_0;
    %load/vec4 v000001bdf64a9200_0;
    %pad/u 7;
    %ix/vec4 3;
    %ix/load 4, 0, 0; Constant delay
    %assign/vec4/a/d v000001bdf64ac900, 0, 4;
    %pushi/vec4 1, 0, 1;
    %ix/load 5, 0, 0;
    %ix/getv 4, v000001bdf64a9200_0;
    %assign/vec4/off/d v000001bdf64aaec0_0, 4, 5;
    %jmp T_1.47;
T_1.46 ;
    %load/vec4 v000001bdf64a9f20_0;
    %load/vec4 v000001bdf64a9200_0;
    %pad/u 7;
    %ix/vec4 3;
    %ix/load 4, 0, 0; Constant delay
    %assign/vec4/a/d v000001bdf64aca40, 0, 4;
    %pushi/vec4 1, 0, 1;
    %ix/load 5, 0, 0;
    %ix/getv 4, v000001bdf64a9200_0;
    %assign/vec4/off/d v000001bdf64acfe0_0, 4, 5;
T_1.47 ;
    %load/vec4 v000001bdf64a9a20_0;
    %flag_set/vec4 8;
    %jmp/0xz  T_1.48, 8;
    %pushi/vec4 3, 0, 2;
    %assign/vec4 v000001bdf64aaba0_0, 0;
    %jmp T_1.49;
T_1.48 ;
    %load/vec4 v000001bdf64a8b20_0;
    %inv;
    %ix/load 5, 0, 0;
    %ix/getv 4, v000001bdf64a9200_0;
    %assign/vec4/off/d v000001bdf64a89e0_0, 4, 5;
    %pushi/vec4 0, 0, 2;
    %assign/vec4 v000001bdf64aaba0_0, 0;
T_1.49 ;
    %jmp T_1.45;
T_1.44 ;
    %load/vec4 v000001bdf64a8080_0;
    %addi 1, 0, 2;
    %assign/vec4 v000001bdf64a8080_0, 0;
T_1.45 ;
T_1.40 ;
    %jmp T_1.17;
T_1.14 ;
    %pushi/vec4 0, 0, 2;
    %assign/vec4 v000001bdf64aaba0_0, 0;
    %jmp T_1.17;
T_1.15 ;
    %load/vec4 v000001bdf64abdc0_0;
    %flag_set/vec4 8;
    %jmp/0xz  T_1.50, 8;
    %load/vec4 v000001bdf64a8b20_0;
    %cmpi/e 0, 0, 1;
    %jmp/0xz  T_1.52, 4;
    %load/vec4 v000001bdf64a9fc0_0;
    %load/vec4 v000001bdf64a9200_0;
    %pad/u 10;
    %pad/u 12;
    %muli 4, 0, 12;
    %pad/u 13;
    %load/vec4 v000001bdf64a9b60_0;
    %pad/u 4;
    %pad/u 13;
    %add;
    %ix/vec4 3;
    %ix/load 4, 0, 0; Constant delay
    %assign/vec4/a/d v000001bdf64a9700, 0, 4;
    %jmp T_1.53;
T_1.52 ;
    %load/vec4 v000001bdf64a9fc0_0;
    %load/vec4 v000001bdf64a9200_0;
    %pad/u 10;
    %pad/u 12;
    %muli 4, 0, 12;
    %pad/u 13;
    %load/vec4 v000001bdf64a9b60_0;
    %pad/u 4;
    %pad/u 13;
    %add;
    %ix/vec4 3;
    %ix/load 4, 0, 0; Constant delay
    %assign/vec4/a/d v000001bdf64a81c0, 0, 4;
T_1.53 ;
    %load/vec4 v000001bdf64a8b20_0;
    %inv;
    %ix/load 5, 0, 0;
    %ix/getv 4, v000001bdf64a9200_0;
    %assign/vec4/off/d v000001bdf64a89e0_0, 4, 5;
    %pushi/vec4 0, 0, 2;
    %assign/vec4 v000001bdf64aaba0_0, 0;
T_1.50 ;
    %jmp T_1.17;
T_1.17 ;
    %pop/vec4 1;
T_1.1 ;
    %jmp T_1;
    .thread T_1;
    .scope S_000001bdf6211950;
T_2 ;
    %wait E_000001bdf64014b0;
    %load/vec4 v000001bdf64ade40_0;
    %flag_set/vec4 8;
    %jmp/0xz  T_2.0, 8;
    %pushi/vec4 0, 0, 32;
    %ix/load 3, 0, 0;
    %flag_set/imm 4, 0;
    %ix/load 4, 0, 0; Constant delay
    %assign/vec4/a/d v000001bdf64aeac0, 0, 4;
    %pushi/vec4 0, 0, 32;
    %ix/load 3, 1, 0;
    %flag_set/imm 4, 0;
    %ix/load 4, 0, 0; Constant delay
    %assign/vec4/a/d v000001bdf64aeac0, 0, 4;
    %pushi/vec4 0, 0, 32;
    %ix/load 3, 2, 0;
    %flag_set/imm 4, 0;
    %ix/load 4, 0, 0; Constant delay
    %assign/vec4/a/d v000001bdf64aeac0, 0, 4;
    %pushi/vec4 0, 0, 32;
    %ix/load 3, 3, 0;
    %flag_set/imm 4, 0;
    %ix/load 4, 0, 0; Constant delay
    %assign/vec4/a/d v000001bdf64aeac0, 0, 4;
    %pushi/vec4 0, 0, 32;
    %ix/load 3, 4, 0;
    %flag_set/imm 4, 0;
    %ix/load 4, 0, 0; Constant delay
    %assign/vec4/a/d v000001bdf64aeac0, 0, 4;
    %pushi/vec4 0, 0, 32;
    %ix/load 3, 5, 0;
    %flag_set/imm 4, 0;
    %ix/load 4, 0, 0; Constant delay
    %assign/vec4/a/d v000001bdf64aeac0, 0, 4;
    %pushi/vec4 0, 0, 32;
    %ix/load 3, 6, 0;
    %flag_set/imm 4, 0;
    %ix/load 4, 0, 0; Constant delay
    %assign/vec4/a/d v000001bdf64aeac0, 0, 4;
    %pushi/vec4 0, 0, 32;
    %ix/load 3, 7, 0;
    %flag_set/imm 4, 0;
    %ix/load 4, 0, 0; Constant delay
    %assign/vec4/a/d v000001bdf64aeac0, 0, 4;
    %pushi/vec4 0, 0, 32;
    %ix/load 3, 8, 0;
    %flag_set/imm 4, 0;
    %ix/load 4, 0, 0; Constant delay
    %assign/vec4/a/d v000001bdf64aeac0, 0, 4;
    %pushi/vec4 0, 0, 32;
    %ix/load 3, 9, 0;
    %flag_set/imm 4, 0;
    %ix/load 4, 0, 0; Constant delay
    %assign/vec4/a/d v000001bdf64aeac0, 0, 4;
    %pushi/vec4 0, 0, 32;
    %ix/load 3, 10, 0;
    %flag_set/imm 4, 0;
    %ix/load 4, 0, 0; Constant delay
    %assign/vec4/a/d v000001bdf64aeac0, 0, 4;
    %pushi/vec4 0, 0, 32;
    %ix/load 3, 11, 0;
    %flag_set/imm 4, 0;
    %ix/load 4, 0, 0; Constant delay
    %assign/vec4/a/d v000001bdf64aeac0, 0, 4;
    %pushi/vec4 0, 0, 32;
    %ix/load 3, 12, 0;
    %flag_set/imm 4, 0;
    %ix/load 4, 0, 0; Constant delay
    %assign/vec4/a/d v000001bdf64aeac0, 0, 4;
    %pushi/vec4 0, 0, 32;
    %ix/load 3, 13, 0;
    %flag_set/imm 4, 0;
    %ix/load 4, 0, 0; Constant delay
    %assign/vec4/a/d v000001bdf64aeac0, 0, 4;
    %pushi/vec4 0, 0, 32;
    %ix/load 3, 14, 0;
    %flag_set/imm 4, 0;
    %ix/load 4, 0, 0; Constant delay
    %assign/vec4/a/d v000001bdf64aeac0, 0, 4;
    %pushi/vec4 0, 0, 32;
    %ix/load 3, 15, 0;
    %flag_set/imm 4, 0;
    %ix/load 4, 0, 0; Constant delay
    %assign/vec4/a/d v000001bdf64aeac0, 0, 4;
    %pushi/vec4 0, 0, 32;
    %ix/load 3, 16, 0;
    %flag_set/imm 4, 0;
    %ix/load 4, 0, 0; Constant delay
    %assign/vec4/a/d v000001bdf64aeac0, 0, 4;
    %pushi/vec4 0, 0, 32;
    %ix/load 3, 17, 0;
    %flag_set/imm 4, 0;
    %ix/load 4, 0, 0; Constant delay
    %assign/vec4/a/d v000001bdf64aeac0, 0, 4;
    %pushi/vec4 0, 0, 32;
    %ix/load 3, 18, 0;
    %flag_set/imm 4, 0;
    %ix/load 4, 0, 0; Constant delay
    %assign/vec4/a/d v000001bdf64aeac0, 0, 4;
    %pushi/vec4 0, 0, 32;
    %ix/load 3, 19, 0;
    %flag_set/imm 4, 0;
    %ix/load 4, 0, 0; Constant delay
    %assign/vec4/a/d v000001bdf64aeac0, 0, 4;
    %pushi/vec4 0, 0, 32;
    %ix/load 3, 20, 0;
    %flag_set/imm 4, 0;
    %ix/load 4, 0, 0; Constant delay
    %assign/vec4/a/d v000001bdf64aeac0, 0, 4;
    %pushi/vec4 0, 0, 32;
    %ix/load 3, 21, 0;
    %flag_set/imm 4, 0;
    %ix/load 4, 0, 0; Constant delay
    %assign/vec4/a/d v000001bdf64aeac0, 0, 4;
    %pushi/vec4 0, 0, 32;
    %ix/load 3, 22, 0;
    %flag_set/imm 4, 0;
    %ix/load 4, 0, 0; Constant delay
    %assign/vec4/a/d v000001bdf64aeac0, 0, 4;
    %pushi/vec4 0, 0, 32;
    %ix/load 3, 23, 0;
    %flag_set/imm 4, 0;
    %ix/load 4, 0, 0; Constant delay
    %assign/vec4/a/d v000001bdf64aeac0, 0, 4;
    %pushi/vec4 0, 0, 32;
    %ix/load 3, 24, 0;
    %flag_set/imm 4, 0;
    %ix/load 4, 0, 0; Constant delay
    %assign/vec4/a/d v000001bdf64aeac0, 0, 4;
    %pushi/vec4 0, 0, 32;
    %ix/load 3, 25, 0;
    %flag_set/imm 4, 0;
    %ix/load 4, 0, 0; Constant delay
    %assign/vec4/a/d v000001bdf64aeac0, 0, 4;
    %pushi/vec4 0, 0, 32;
    %ix/load 3, 26, 0;
    %flag_set/imm 4, 0;
    %ix/load 4, 0, 0; Constant delay
    %assign/vec4/a/d v000001bdf64aeac0, 0, 4;
    %pushi/vec4 0, 0, 32;
    %ix/load 3, 27, 0;
    %flag_set/imm 4, 0;
    %ix/load 4, 0, 0; Constant delay
    %assign/vec4/a/d v000001bdf64aeac0, 0, 4;
    %pushi/vec4 0, 0, 32;
    %ix/load 3, 28, 0;
    %flag_set/imm 4, 0;
    %ix/load 4, 0, 0; Constant delay
    %assign/vec4/a/d v000001bdf64aeac0, 0, 4;
    %pushi/vec4 0, 0, 32;
    %ix/load 3, 29, 0;
    %flag_set/imm 4, 0;
    %ix/load 4, 0, 0; Constant delay
    %assign/vec4/a/d v000001bdf64aeac0, 0, 4;
    %pushi/vec4 0, 0, 32;
    %ix/load 3, 30, 0;
    %flag_set/imm 4, 0;
    %ix/load 4, 0, 0; Constant delay
    %assign/vec4/a/d v000001bdf64aeac0, 0, 4;
    %pushi/vec4 0, 0, 32;
    %ix/load 3, 31, 0;
    %flag_set/imm 4, 0;
    %ix/load 4, 0, 0; Constant delay
    %assign/vec4/a/d v000001bdf64aeac0, 0, 4;
    %jmp T_2.1;
T_2.0 ;
    %load/vec4 v000001bdf64adee0_0;
    %flag_set/vec4 9;
    %flag_get/vec4 9;
    %jmp/0 T_2.4, 9;
    %load/vec4 v000001bdf64ae980_0;
    %pushi/vec4 0, 0, 5;
    %cmp/ne;
    %flag_get/vec4 4;
    %and;
T_2.4;
    %flag_set/vec4 8;
    %jmp/0xz  T_2.2, 8;
    %load/vec4 v000001bdf64ad760_0;
    %load/vec4 v000001bdf64ae980_0;
    %pad/u 7;
    %ix/vec4 3;
    %ix/load 4, 0, 0; Constant delay
    %assign/vec4/a/d v000001bdf64aeac0, 0, 4;
T_2.2 ;
T_2.1 ;
    %jmp T_2;
    .thread T_2;
    .scope S_000001bdf5ded260;
T_3 ;
    %wait E_000001bdf6401af0;
    %pushi/vec4 0, 0, 3;
    %store/vec4 v000001bdf64b2cf0_0, 0, 3;
    %pushi/vec4 0, 0, 1;
    %store/vec4 v000001bdf64b2f70_0, 0, 1;
    %pushi/vec4 0, 0, 1;
    %store/vec4 v000001bdf64b3f10_0, 0, 1;
    %pushi/vec4 0, 0, 1;
    %store/vec4 v000001bdf64b2a70_0, 0, 1;
    %load/vec4 v000001bdf64b35b0_0;
    %dup/vec4;
    %pushi/vec4 1, 2, 3;
    %cmp/z;
    %jmp/1 T_3.0, 4;
    %dup/vec4;
    %pushi/vec4 0, 2, 3;
    %cmp/z;
    %jmp/1 T_3.1, 4;
    %dup/vec4;
    %pushi/vec4 6, 0, 3;
    %cmp/z;
    %jmp/1 T_3.2, 4;
    %pushi/vec4 0, 0, 3;
    %store/vec4 v000001bdf64b2cf0_0, 0, 3;
    %pushi/vec4 0, 0, 1;
    %store/vec4 v000001bdf64b2f70_0, 0, 1;
    %pushi/vec4 0, 0, 1;
    %store/vec4 v000001bdf64b3f10_0, 0, 1;
    %pushi/vec4 0, 0, 1;
    %store/vec4 v000001bdf64b2a70_0, 0, 1;
    %jmp T_3.4;
T_3.0 ;
    %load/vec4 v000001bdf64b4410_0;
    %dup/vec4;
    %pushi/vec4 55, 0, 7;
    %cmp/u;
    %jmp/1 T_3.5, 6;
    %dup/vec4;
    %pushi/vec4 23, 0, 7;
    %cmp/u;
    %jmp/1 T_3.6, 6;
    %load/vec4 v000001bdf64b2bb0_0;
    %store/vec4 v000001bdf64b2cf0_0, 0, 3;
    %load/vec4 v000001bdf64b4410_0;
    %pushi/vec4 51, 0, 7;
    %cmp/e;
    %flag_get/vec4 4;
    %load/vec4 v000001bdf64b2bb0_0;
    %pushi/vec4 0, 0, 3;
    %cmp/e;
    %flag_get/vec4 4;
    %and;
    %load/vec4 v000001bdf64b3a10_0;
    %parti/s 1, 5, 4;
    %and;
    %store/vec4 v000001bdf64b2f70_0, 0, 1;
    %load/vec4 v000001bdf64b2bb0_0;
    %pushi/vec4 3, 0, 3;
    %cmp/e;
    %flag_get/vec4 4;
    %store/vec4 v000001bdf64b3f10_0, 0, 1;
    %load/vec4 v000001bdf64b2bb0_0;
    %pushi/vec4 5, 0, 3;
    %cmp/e;
    %flag_get/vec4 4;
    %load/vec4 v000001bdf64b3a10_0;
    %parti/s 1, 5, 4;
    %and;
    %store/vec4 v000001bdf64b2a70_0, 0, 1;
    %jmp T_3.8;
T_3.5 ;
    %pushi/vec4 0, 0, 3;
    %store/vec4 v000001bdf64b2cf0_0, 0, 3;
    %pushi/vec4 0, 0, 1;
    %store/vec4 v000001bdf64b2f70_0, 0, 1;
    %pushi/vec4 0, 0, 1;
    %store/vec4 v000001bdf64b3f10_0, 0, 1;
    %pushi/vec4 0, 0, 1;
    %store/vec4 v000001bdf64b2a70_0, 0, 1;
    %jmp T_3.8;
T_3.6 ;
    %pushi/vec4 0, 0, 3;
    %store/vec4 v000001bdf64b2cf0_0, 0, 3;
    %pushi/vec4 0, 0, 1;
    %store/vec4 v000001bdf64b2f70_0, 0, 1;
    %pushi/vec4 0, 0, 1;
    %store/vec4 v000001bdf64b3f10_0, 0, 1;
    %pushi/vec4 0, 0, 1;
    %store/vec4 v000001bdf64b2a70_0, 0, 1;
    %jmp T_3.8;
T_3.8 ;
    %pop/vec4 1;
    %jmp T_3.4;
T_3.1 ;
    %pushi/vec4 0, 0, 3;
    %store/vec4 v000001bdf64b2cf0_0, 0, 3;
    %pushi/vec4 0, 0, 1;
    %store/vec4 v000001bdf64b2f70_0, 0, 1;
    %pushi/vec4 0, 0, 1;
    %store/vec4 v000001bdf64b3f10_0, 0, 1;
    %pushi/vec4 0, 0, 1;
    %store/vec4 v000001bdf64b2a70_0, 0, 1;
    %jmp T_3.4;
T_3.2 ;
    %pushi/vec4 0, 0, 3;
    %store/vec4 v000001bdf64b2cf0_0, 0, 3;
    %load/vec4 v000001bdf64b4410_0;
    %pushi/vec4 99, 0, 7;
    %cmp/e;
    %flag_get/vec4 4;
    %store/vec4 v000001bdf64b2f70_0, 0, 1;
    %load/vec4 v000001bdf64b4410_0;
    %pushi/vec4 99, 0, 7;
    %cmp/e;
    %flag_get/vec4 4;
    %load/vec4 v000001bdf64b2bb0_0;
    %parti/s 1, 1, 2;
    %and;
    %store/vec4 v000001bdf64b3f10_0, 0, 1;
    %pushi/vec4 0, 0, 1;
    %store/vec4 v000001bdf64b2a70_0, 0, 1;
    %jmp T_3.4;
T_3.4 ;
    %pop/vec4 1;
    %jmp T_3;
    .thread T_3, $push;
    .scope S_000001bdf5ded0d0;
T_4 ;
    %wait E_000001bdf6401470;
    %load/vec4 v000001bdf64b31f0_0;
    %dup/vec4;
    %pushi/vec4 0, 0, 5;
    %cmp/u;
    %jmp/1 T_4.0, 6;
    %dup/vec4;
    %pushi/vec4 1, 0, 5;
    %cmp/u;
    %jmp/1 T_4.1, 6;
    %dup/vec4;
    %pushi/vec4 2, 0, 5;
    %cmp/u;
    %jmp/1 T_4.2, 6;
    %dup/vec4;
    %pushi/vec4 3, 0, 5;
    %cmp/u;
    %jmp/1 T_4.3, 6;
    %dup/vec4;
    %pushi/vec4 4, 0, 5;
    %cmp/u;
    %jmp/1 T_4.4, 6;
    %dup/vec4;
    %pushi/vec4 5, 0, 5;
    %cmp/u;
    %jmp/1 T_4.5, 6;
    %dup/vec4;
    %pushi/vec4 6, 0, 5;
    %cmp/u;
    %jmp/1 T_4.6, 6;
    %dup/vec4;
    %pushi/vec4 7, 0, 5;
    %cmp/u;
    %jmp/1 T_4.7, 6;
    %dup/vec4;
    %pushi/vec4 8, 0, 5;
    %cmp/u;
    %jmp/1 T_4.8, 6;
    %dup/vec4;
    %pushi/vec4 9, 0, 5;
    %cmp/u;
    %jmp/1 T_4.9, 6;
    %dup/vec4;
    %pushi/vec4 10, 0, 5;
    %cmp/u;
    %jmp/1 T_4.10, 6;
    %dup/vec4;
    %pushi/vec4 11, 0, 5;
    %cmp/u;
    %jmp/1 T_4.11, 6;
    %dup/vec4;
    %pushi/vec4 12, 0, 5;
    %cmp/u;
    %jmp/1 T_4.12, 6;
    %dup/vec4;
    %pushi/vec4 13, 0, 5;
    %cmp/u;
    %jmp/1 T_4.13, 6;
    %dup/vec4;
    %pushi/vec4 14, 0, 5;
    %cmp/u;
    %jmp/1 T_4.14, 6;
    %dup/vec4;
    %pushi/vec4 15, 0, 5;
    %cmp/u;
    %jmp/1 T_4.15, 6;
    %dup/vec4;
    %pushi/vec4 16, 0, 5;
    %cmp/u;
    %jmp/1 T_4.16, 6;
    %dup/vec4;
    %pushi/vec4 17, 0, 5;
    %cmp/u;
    %jmp/1 T_4.17, 6;
    %dup/vec4;
    %pushi/vec4 18, 0, 5;
    %cmp/u;
    %jmp/1 T_4.18, 6;
    %dup/vec4;
    %pushi/vec4 19, 0, 5;
    %cmp/u;
    %jmp/1 T_4.19, 6;
    %dup/vec4;
    %pushi/vec4 20, 0, 5;
    %cmp/u;
    %jmp/1 T_4.20, 6;
    %dup/vec4;
    %pushi/vec4 21, 0, 5;
    %cmp/u;
    %jmp/1 T_4.21, 6;
    %dup/vec4;
    %pushi/vec4 22, 0, 5;
    %cmp/u;
    %jmp/1 T_4.22, 6;
    %dup/vec4;
    %pushi/vec4 23, 0, 5;
    %cmp/u;
    %jmp/1 T_4.23, 6;
    %dup/vec4;
    %pushi/vec4 24, 0, 5;
    %cmp/u;
    %jmp/1 T_4.24, 6;
    %dup/vec4;
    %pushi/vec4 25, 0, 5;
    %cmp/u;
    %jmp/1 T_4.25, 6;
    %dup/vec4;
    %pushi/vec4 26, 0, 5;
    %cmp/u;
    %jmp/1 T_4.26, 6;
    %dup/vec4;
    %pushi/vec4 27, 0, 5;
    %cmp/u;
    %jmp/1 T_4.27, 6;
    %dup/vec4;
    %pushi/vec4 28, 0, 5;
    %cmp/u;
    %jmp/1 T_4.28, 6;
    %dup/vec4;
    %pushi/vec4 29, 0, 5;
    %cmp/u;
    %jmp/1 T_4.29, 6;
    %dup/vec4;
    %pushi/vec4 30, 0, 5;
    %cmp/u;
    %jmp/1 T_4.30, 6;
    %dup/vec4;
    %pushi/vec4 31, 0, 5;
    %cmp/u;
    %jmp/1 T_4.31, 6;
    %pushi/vec4 0, 0, 32;
    %store/vec4 v000001bdf64b3290_0, 0, 32;
    %jmp T_4.33;
T_4.0 ;
    %load/vec4 v000001bdf64b4a50_0;
    %store/vec4 v000001bdf64b3290_0, 0, 32;
    %jmp T_4.33;
T_4.1 ;
    %load/vec4 v000001bdf64b4a50_0;
    %parti/s 31, 0, 2;
    %concati/vec4 0, 0, 1;
    %store/vec4 v000001bdf64b3290_0, 0, 32;
    %jmp T_4.33;
T_4.2 ;
    %load/vec4 v000001bdf64b4a50_0;
    %parti/s 30, 0, 2;
    %concati/vec4 0, 0, 2;
    %store/vec4 v000001bdf64b3290_0, 0, 32;
    %jmp T_4.33;
T_4.3 ;
    %load/vec4 v000001bdf64b4a50_0;
    %parti/s 29, 0, 2;
    %concati/vec4 0, 0, 3;
    %store/vec4 v000001bdf64b3290_0, 0, 32;
    %jmp T_4.33;
T_4.4 ;
    %load/vec4 v000001bdf64b4a50_0;
    %parti/s 28, 0, 2;
    %concati/vec4 0, 0, 4;
    %store/vec4 v000001bdf64b3290_0, 0, 32;
    %jmp T_4.33;
T_4.5 ;
    %load/vec4 v000001bdf64b4a50_0;
    %parti/s 27, 0, 2;
    %concati/vec4 0, 0, 5;
    %store/vec4 v000001bdf64b3290_0, 0, 32;
    %jmp T_4.33;
T_4.6 ;
    %load/vec4 v000001bdf64b4a50_0;
    %parti/s 26, 0, 2;
    %concati/vec4 0, 0, 6;
    %store/vec4 v000001bdf64b3290_0, 0, 32;
    %jmp T_4.33;
T_4.7 ;
    %load/vec4 v000001bdf64b4a50_0;
    %parti/s 25, 0, 2;
    %concati/vec4 0, 0, 7;
    %store/vec4 v000001bdf64b3290_0, 0, 32;
    %jmp T_4.33;
T_4.8 ;
    %load/vec4 v000001bdf64b4a50_0;
    %parti/s 24, 0, 2;
    %concati/vec4 0, 0, 8;
    %store/vec4 v000001bdf64b3290_0, 0, 32;
    %jmp T_4.33;
T_4.9 ;
    %load/vec4 v000001bdf64b4a50_0;
    %parti/s 23, 0, 2;
    %concati/vec4 0, 0, 9;
    %store/vec4 v000001bdf64b3290_0, 0, 32;
    %jmp T_4.33;
T_4.10 ;
    %load/vec4 v000001bdf64b4a50_0;
    %parti/s 22, 0, 2;
    %concati/vec4 0, 0, 10;
    %store/vec4 v000001bdf64b3290_0, 0, 32;
    %jmp T_4.33;
T_4.11 ;
    %load/vec4 v000001bdf64b4a50_0;
    %parti/s 21, 0, 2;
    %concati/vec4 0, 0, 11;
    %store/vec4 v000001bdf64b3290_0, 0, 32;
    %jmp T_4.33;
T_4.12 ;
    %load/vec4 v000001bdf64b4a50_0;
    %parti/s 20, 0, 2;
    %concati/vec4 0, 0, 12;
    %store/vec4 v000001bdf64b3290_0, 0, 32;
    %jmp T_4.33;
T_4.13 ;
    %load/vec4 v000001bdf64b4a50_0;
    %parti/s 19, 0, 2;
    %concati/vec4 0, 0, 13;
    %store/vec4 v000001bdf64b3290_0, 0, 32;
    %jmp T_4.33;
T_4.14 ;
    %load/vec4 v000001bdf64b4a50_0;
    %parti/s 18, 0, 2;
    %concati/vec4 0, 0, 14;
    %store/vec4 v000001bdf64b3290_0, 0, 32;
    %jmp T_4.33;
T_4.15 ;
    %load/vec4 v000001bdf64b4a50_0;
    %parti/s 17, 0, 2;
    %concati/vec4 0, 0, 15;
    %store/vec4 v000001bdf64b3290_0, 0, 32;
    %jmp T_4.33;
T_4.16 ;
    %load/vec4 v000001bdf64b4a50_0;
    %parti/s 16, 0, 2;
    %concati/vec4 0, 0, 16;
    %store/vec4 v000001bdf64b3290_0, 0, 32;
    %jmp T_4.33;
T_4.17 ;
    %load/vec4 v000001bdf64b4a50_0;
    %parti/s 15, 0, 2;
    %concati/vec4 0, 0, 17;
    %store/vec4 v000001bdf64b3290_0, 0, 32;
    %jmp T_4.33;
T_4.18 ;
    %load/vec4 v000001bdf64b4a50_0;
    %parti/s 14, 0, 2;
    %concati/vec4 0, 0, 18;
    %store/vec4 v000001bdf64b3290_0, 0, 32;
    %jmp T_4.33;
T_4.19 ;
    %load/vec4 v000001bdf64b4a50_0;
    %parti/s 13, 0, 2;
    %concati/vec4 0, 0, 19;
    %store/vec4 v000001bdf64b3290_0, 0, 32;
    %jmp T_4.33;
T_4.20 ;
    %load/vec4 v000001bdf64b4a50_0;
    %parti/s 12, 0, 2;
    %concati/vec4 0, 0, 20;
    %store/vec4 v000001bdf64b3290_0, 0, 32;
    %jmp T_4.33;
T_4.21 ;
    %load/vec4 v000001bdf64b4a50_0;
    %parti/s 11, 0, 2;
    %concati/vec4 0, 0, 21;
    %store/vec4 v000001bdf64b3290_0, 0, 32;
    %jmp T_4.33;
T_4.22 ;
    %load/vec4 v000001bdf64b4a50_0;
    %parti/s 10, 0, 2;
    %concati/vec4 0, 0, 22;
    %store/vec4 v000001bdf64b3290_0, 0, 32;
    %jmp T_4.33;
T_4.23 ;
    %load/vec4 v000001bdf64b4a50_0;
    %parti/s 9, 0, 2;
    %concati/vec4 0, 0, 23;
    %store/vec4 v000001bdf64b3290_0, 0, 32;
    %jmp T_4.33;
T_4.24 ;
    %load/vec4 v000001bdf64b4a50_0;
    %parti/s 8, 0, 2;
    %concati/vec4 0, 0, 24;
    %store/vec4 v000001bdf64b3290_0, 0, 32;
    %jmp T_4.33;
T_4.25 ;
    %load/vec4 v000001bdf64b4a50_0;
    %parti/s 7, 0, 2;
    %concati/vec4 0, 0, 25;
    %store/vec4 v000001bdf64b3290_0, 0, 32;
    %jmp T_4.33;
T_4.26 ;
    %load/vec4 v000001bdf64b4a50_0;
    %parti/s 6, 0, 2;
    %concati/vec4 0, 0, 26;
    %store/vec4 v000001bdf64b3290_0, 0, 32;
    %jmp T_4.33;
T_4.27 ;
    %load/vec4 v000001bdf64b4a50_0;
    %parti/s 5, 0, 2;
    %concati/vec4 0, 0, 27;
    %store/vec4 v000001bdf64b3290_0, 0, 32;
    %jmp T_4.33;
T_4.28 ;
    %load/vec4 v000001bdf64b4a50_0;
    %parti/s 4, 0, 2;
    %concati/vec4 0, 0, 28;
    %store/vec4 v000001bdf64b3290_0, 0, 32;
    %jmp T_4.33;
T_4.29 ;
    %load/vec4 v000001bdf64b4a50_0;
    %parti/s 3, 0, 2;
    %concati/vec4 0, 0, 29;
    %store/vec4 v000001bdf64b3290_0, 0, 32;
    %jmp T_4.33;
T_4.30 ;
    %load/vec4 v000001bdf64b4a50_0;
    %parti/s 2, 0, 2;
    %concati/vec4 0, 0, 30;
    %store/vec4 v000001bdf64b3290_0, 0, 32;
    %jmp T_4.33;
T_4.31 ;
    %load/vec4 v000001bdf64b4a50_0;
    %parti/s 1, 0, 2;
    %concati/vec4 0, 0, 31;
    %store/vec4 v000001bdf64b3290_0, 0, 32;
    %jmp T_4.33;
T_4.33 ;
    %pop/vec4 1;
    %jmp T_4;
    .thread T_4, $push;
    .scope S_000001bdf5ded0d0;
T_5 ;
    %wait E_000001bdf6401470;
    %load/vec4 v000001bdf64b31f0_0;
    %dup/vec4;
    %pushi/vec4 0, 0, 5;
    %cmp/u;
    %jmp/1 T_5.0, 6;
    %dup/vec4;
    %pushi/vec4 1, 0, 5;
    %cmp/u;
    %jmp/1 T_5.1, 6;
    %dup/vec4;
    %pushi/vec4 2, 0, 5;
    %cmp/u;
    %jmp/1 T_5.2, 6;
    %dup/vec4;
    %pushi/vec4 3, 0, 5;
    %cmp/u;
    %jmp/1 T_5.3, 6;
    %dup/vec4;
    %pushi/vec4 4, 0, 5;
    %cmp/u;
    %jmp/1 T_5.4, 6;
    %dup/vec4;
    %pushi/vec4 5, 0, 5;
    %cmp/u;
    %jmp/1 T_5.5, 6;
    %dup/vec4;
    %pushi/vec4 6, 0, 5;
    %cmp/u;
    %jmp/1 T_5.6, 6;
    %dup/vec4;
    %pushi/vec4 7, 0, 5;
    %cmp/u;
    %jmp/1 T_5.7, 6;
    %dup/vec4;
    %pushi/vec4 8, 0, 5;
    %cmp/u;
    %jmp/1 T_5.8, 6;
    %dup/vec4;
    %pushi/vec4 9, 0, 5;
    %cmp/u;
    %jmp/1 T_5.9, 6;
    %dup/vec4;
    %pushi/vec4 10, 0, 5;
    %cmp/u;
    %jmp/1 T_5.10, 6;
    %dup/vec4;
    %pushi/vec4 11, 0, 5;
    %cmp/u;
    %jmp/1 T_5.11, 6;
    %dup/vec4;
    %pushi/vec4 12, 0, 5;
    %cmp/u;
    %jmp/1 T_5.12, 6;
    %dup/vec4;
    %pushi/vec4 13, 0, 5;
    %cmp/u;
    %jmp/1 T_5.13, 6;
    %dup/vec4;
    %pushi/vec4 14, 0, 5;
    %cmp/u;
    %jmp/1 T_5.14, 6;
    %dup/vec4;
    %pushi/vec4 15, 0, 5;
    %cmp/u;
    %jmp/1 T_5.15, 6;
    %dup/vec4;
    %pushi/vec4 16, 0, 5;
    %cmp/u;
    %jmp/1 T_5.16, 6;
    %dup/vec4;
    %pushi/vec4 17, 0, 5;
    %cmp/u;
    %jmp/1 T_5.17, 6;
    %dup/vec4;
    %pushi/vec4 18, 0, 5;
    %cmp/u;
    %jmp/1 T_5.18, 6;
    %dup/vec4;
    %pushi/vec4 19, 0, 5;
    %cmp/u;
    %jmp/1 T_5.19, 6;
    %dup/vec4;
    %pushi/vec4 20, 0, 5;
    %cmp/u;
    %jmp/1 T_5.20, 6;
    %dup/vec4;
    %pushi/vec4 21, 0, 5;
    %cmp/u;
    %jmp/1 T_5.21, 6;
    %dup/vec4;
    %pushi/vec4 22, 0, 5;
    %cmp/u;
    %jmp/1 T_5.22, 6;
    %dup/vec4;
    %pushi/vec4 23, 0, 5;
    %cmp/u;
    %jmp/1 T_5.23, 6;
    %dup/vec4;
    %pushi/vec4 24, 0, 5;
    %cmp/u;
    %jmp/1 T_5.24, 6;
    %dup/vec4;
    %pushi/vec4 25, 0, 5;
    %cmp/u;
    %jmp/1 T_5.25, 6;
    %dup/vec4;
    %pushi/vec4 26, 0, 5;
    %cmp/u;
    %jmp/1 T_5.26, 6;
    %dup/vec4;
    %pushi/vec4 27, 0, 5;
    %cmp/u;
    %jmp/1 T_5.27, 6;
    %dup/vec4;
    %pushi/vec4 28, 0, 5;
    %cmp/u;
    %jmp/1 T_5.28, 6;
    %dup/vec4;
    %pushi/vec4 29, 0, 5;
    %cmp/u;
    %jmp/1 T_5.29, 6;
    %dup/vec4;
    %pushi/vec4 30, 0, 5;
    %cmp/u;
    %jmp/1 T_5.30, 6;
    %dup/vec4;
    %pushi/vec4 31, 0, 5;
    %cmp/u;
    %jmp/1 T_5.31, 6;
    %pushi/vec4 0, 0, 32;
    %store/vec4 v000001bdf64b2c50_0, 0, 32;
    %jmp T_5.33;
T_5.0 ;
    %load/vec4 v000001bdf64b4a50_0;
    %store/vec4 v000001bdf64b2c50_0, 0, 32;
    %jmp T_5.33;
T_5.1 ;
    %pushi/vec4 0, 0, 1;
    %load/vec4 v000001bdf64b4a50_0;
    %parti/s 31, 1, 2;
    %concat/vec4; draw_concat_vec4
    %store/vec4 v000001bdf64b2c50_0, 0, 32;
    %jmp T_5.33;
T_5.2 ;
    %pushi/vec4 0, 0, 2;
    %load/vec4 v000001bdf64b4a50_0;
    %parti/s 30, 2, 3;
    %concat/vec4; draw_concat_vec4
    %store/vec4 v000001bdf64b2c50_0, 0, 32;
    %jmp T_5.33;
T_5.3 ;
    %pushi/vec4 0, 0, 3;
    %load/vec4 v000001bdf64b4a50_0;
    %parti/s 29, 3, 3;
    %concat/vec4; draw_concat_vec4
    %store/vec4 v000001bdf64b2c50_0, 0, 32;
    %jmp T_5.33;
T_5.4 ;
    %pushi/vec4 0, 0, 4;
    %load/vec4 v000001bdf64b4a50_0;
    %parti/s 28, 4, 4;
    %concat/vec4; draw_concat_vec4
    %store/vec4 v000001bdf64b2c50_0, 0, 32;
    %jmp T_5.33;
T_5.5 ;
    %pushi/vec4 0, 0, 5;
    %load/vec4 v000001bdf64b4a50_0;
    %parti/s 27, 5, 4;
    %concat/vec4; draw_concat_vec4
    %store/vec4 v000001bdf64b2c50_0, 0, 32;
    %jmp T_5.33;
T_5.6 ;
    %pushi/vec4 0, 0, 6;
    %load/vec4 v000001bdf64b4a50_0;
    %parti/s 26, 6, 4;
    %concat/vec4; draw_concat_vec4
    %store/vec4 v000001bdf64b2c50_0, 0, 32;
    %jmp T_5.33;
T_5.7 ;
    %pushi/vec4 0, 0, 7;
    %load/vec4 v000001bdf64b4a50_0;
    %parti/s 25, 7, 4;
    %concat/vec4; draw_concat_vec4
    %store/vec4 v000001bdf64b2c50_0, 0, 32;
    %jmp T_5.33;
T_5.8 ;
    %pushi/vec4 0, 0, 8;
    %load/vec4 v000001bdf64b4a50_0;
    %parti/s 24, 8, 5;
    %concat/vec4; draw_concat_vec4
    %store/vec4 v000001bdf64b2c50_0, 0, 32;
    %jmp T_5.33;
T_5.9 ;
    %pushi/vec4 0, 0, 9;
    %load/vec4 v000001bdf64b4a50_0;
    %parti/s 23, 9, 5;
    %concat/vec4; draw_concat_vec4
    %store/vec4 v000001bdf64b2c50_0, 0, 32;
    %jmp T_5.33;
T_5.10 ;
    %pushi/vec4 0, 0, 10;
    %load/vec4 v000001bdf64b4a50_0;
    %parti/s 22, 10, 5;
    %concat/vec4; draw_concat_vec4
    %store/vec4 v000001bdf64b2c50_0, 0, 32;
    %jmp T_5.33;
T_5.11 ;
    %pushi/vec4 0, 0, 11;
    %load/vec4 v000001bdf64b4a50_0;
    %parti/s 21, 11, 5;
    %concat/vec4; draw_concat_vec4
    %store/vec4 v000001bdf64b2c50_0, 0, 32;
    %jmp T_5.33;
T_5.12 ;
    %pushi/vec4 0, 0, 12;
    %load/vec4 v000001bdf64b4a50_0;
    %parti/s 20, 12, 5;
    %concat/vec4; draw_concat_vec4
    %store/vec4 v000001bdf64b2c50_0, 0, 32;
    %jmp T_5.33;
T_5.13 ;
    %pushi/vec4 0, 0, 13;
    %load/vec4 v000001bdf64b4a50_0;
    %parti/s 19, 13, 5;
    %concat/vec4; draw_concat_vec4
    %store/vec4 v000001bdf64b2c50_0, 0, 32;
    %jmp T_5.33;
T_5.14 ;
    %pushi/vec4 0, 0, 14;
    %load/vec4 v000001bdf64b4a50_0;
    %parti/s 18, 14, 5;
    %concat/vec4; draw_concat_vec4
    %store/vec4 v000001bdf64b2c50_0, 0, 32;
    %jmp T_5.33;
T_5.15 ;
    %pushi/vec4 0, 0, 15;
    %load/vec4 v000001bdf64b4a50_0;
    %parti/s 17, 15, 5;
    %concat/vec4; draw_concat_vec4
    %store/vec4 v000001bdf64b2c50_0, 0, 32;
    %jmp T_5.33;
T_5.16 ;
    %pushi/vec4 0, 0, 16;
    %load/vec4 v000001bdf64b4a50_0;
    %parti/s 16, 16, 6;
    %concat/vec4; draw_concat_vec4
    %store/vec4 v000001bdf64b2c50_0, 0, 32;
    %jmp T_5.33;
T_5.17 ;
    %pushi/vec4 0, 0, 17;
    %load/vec4 v000001bdf64b4a50_0;
    %parti/s 15, 17, 6;
    %concat/vec4; draw_concat_vec4
    %store/vec4 v000001bdf64b2c50_0, 0, 32;
    %jmp T_5.33;
T_5.18 ;
    %pushi/vec4 0, 0, 18;
    %load/vec4 v000001bdf64b4a50_0;
    %parti/s 14, 18, 6;
    %concat/vec4; draw_concat_vec4
    %store/vec4 v000001bdf64b2c50_0, 0, 32;
    %jmp T_5.33;
T_5.19 ;
    %pushi/vec4 0, 0, 19;
    %load/vec4 v000001bdf64b4a50_0;
    %parti/s 13, 19, 6;
    %concat/vec4; draw_concat_vec4
    %store/vec4 v000001bdf64b2c50_0, 0, 32;
    %jmp T_5.33;
T_5.20 ;
    %pushi/vec4 0, 0, 20;
    %load/vec4 v000001bdf64b4a50_0;
    %parti/s 12, 20, 6;
    %concat/vec4; draw_concat_vec4
    %store/vec4 v000001bdf64b2c50_0, 0, 32;
    %jmp T_5.33;
T_5.21 ;
    %pushi/vec4 0, 0, 21;
    %load/vec4 v000001bdf64b4a50_0;
    %parti/s 11, 21, 6;
    %concat/vec4; draw_concat_vec4
    %store/vec4 v000001bdf64b2c50_0, 0, 32;
    %jmp T_5.33;
T_5.22 ;
    %pushi/vec4 0, 0, 22;
    %load/vec4 v000001bdf64b4a50_0;
    %parti/s 10, 22, 6;
    %concat/vec4; draw_concat_vec4
    %store/vec4 v000001bdf64b2c50_0, 0, 32;
    %jmp T_5.33;
T_5.23 ;
    %pushi/vec4 0, 0, 23;
    %load/vec4 v000001bdf64b4a50_0;
    %parti/s 9, 23, 6;
    %concat/vec4; draw_concat_vec4
    %store/vec4 v000001bdf64b2c50_0, 0, 32;
    %jmp T_5.33;
T_5.24 ;
    %pushi/vec4 0, 0, 24;
    %load/vec4 v000001bdf64b4a50_0;
    %parti/s 8, 24, 6;
    %concat/vec4; draw_concat_vec4
    %store/vec4 v000001bdf64b2c50_0, 0, 32;
    %jmp T_5.33;
T_5.25 ;
    %pushi/vec4 0, 0, 25;
    %load/vec4 v000001bdf64b4a50_0;
    %parti/s 7, 25, 6;
    %concat/vec4; draw_concat_vec4
    %store/vec4 v000001bdf64b2c50_0, 0, 32;
    %jmp T_5.33;
T_5.26 ;
    %pushi/vec4 0, 0, 26;
    %load/vec4 v000001bdf64b4a50_0;
    %parti/s 6, 26, 6;
    %concat/vec4; draw_concat_vec4
    %store/vec4 v000001bdf64b2c50_0, 0, 32;
    %jmp T_5.33;
T_5.27 ;
    %pushi/vec4 0, 0, 27;
    %load/vec4 v000001bdf64b4a50_0;
    %parti/s 5, 27, 6;
    %concat/vec4; draw_concat_vec4
    %store/vec4 v000001bdf64b2c50_0, 0, 32;
    %jmp T_5.33;
T_5.28 ;
    %pushi/vec4 0, 0, 28;
    %load/vec4 v000001bdf64b4a50_0;
    %parti/s 4, 28, 6;
    %concat/vec4; draw_concat_vec4
    %store/vec4 v000001bdf64b2c50_0, 0, 32;
    %jmp T_5.33;
T_5.29 ;
    %pushi/vec4 0, 0, 29;
    %load/vec4 v000001bdf64b4a50_0;
    %parti/s 3, 29, 6;
    %concat/vec4; draw_concat_vec4
    %store/vec4 v000001bdf64b2c50_0, 0, 32;
    %jmp T_5.33;
T_5.30 ;
    %pushi/vec4 0, 0, 30;
    %load/vec4 v000001bdf64b4a50_0;
    %parti/s 2, 30, 6;
    %concat/vec4; draw_concat_vec4
    %store/vec4 v000001bdf64b2c50_0, 0, 32;
    %jmp T_5.33;
T_5.31 ;
    %pushi/vec4 0, 0, 31;
    %load/vec4 v000001bdf64b4a50_0;
    %parti/s 1, 31, 6;
    %concat/vec4; draw_concat_vec4
    %store/vec4 v000001bdf64b2c50_0, 0, 32;
    %jmp T_5.33;
T_5.33 ;
    %pop/vec4 1;
    %jmp T_5;
    .thread T_5, $push;
    .scope S_000001bdf5ded0d0;
T_6 ;
    %wait E_000001bdf6401470;
    %load/vec4 v000001bdf64b31f0_0;
    %dup/vec4;
    %pushi/vec4 0, 0, 5;
    %cmp/u;
    %jmp/1 T_6.0, 6;
    %dup/vec4;
    %pushi/vec4 1, 0, 5;
    %cmp/u;
    %jmp/1 T_6.1, 6;
    %dup/vec4;
    %pushi/vec4 2, 0, 5;
    %cmp/u;
    %jmp/1 T_6.2, 6;
    %dup/vec4;
    %pushi/vec4 3, 0, 5;
    %cmp/u;
    %jmp/1 T_6.3, 6;
    %dup/vec4;
    %pushi/vec4 4, 0, 5;
    %cmp/u;
    %jmp/1 T_6.4, 6;
    %dup/vec4;
    %pushi/vec4 5, 0, 5;
    %cmp/u;
    %jmp/1 T_6.5, 6;
    %dup/vec4;
    %pushi/vec4 6, 0, 5;
    %cmp/u;
    %jmp/1 T_6.6, 6;
    %dup/vec4;
    %pushi/vec4 7, 0, 5;
    %cmp/u;
    %jmp/1 T_6.7, 6;
    %dup/vec4;
    %pushi/vec4 8, 0, 5;
    %cmp/u;
    %jmp/1 T_6.8, 6;
    %dup/vec4;
    %pushi/vec4 9, 0, 5;
    %cmp/u;
    %jmp/1 T_6.9, 6;
    %dup/vec4;
    %pushi/vec4 10, 0, 5;
    %cmp/u;
    %jmp/1 T_6.10, 6;
    %dup/vec4;
    %pushi/vec4 11, 0, 5;
    %cmp/u;
    %jmp/1 T_6.11, 6;
    %dup/vec4;
    %pushi/vec4 12, 0, 5;
    %cmp/u;
    %jmp/1 T_6.12, 6;
    %dup/vec4;
    %pushi/vec4 13, 0, 5;
    %cmp/u;
    %jmp/1 T_6.13, 6;
    %dup/vec4;
    %pushi/vec4 14, 0, 5;
    %cmp/u;
    %jmp/1 T_6.14, 6;
    %dup/vec4;
    %pushi/vec4 15, 0, 5;
    %cmp/u;
    %jmp/1 T_6.15, 6;
    %dup/vec4;
    %pushi/vec4 16, 0, 5;
    %cmp/u;
    %jmp/1 T_6.16, 6;
    %dup/vec4;
    %pushi/vec4 17, 0, 5;
    %cmp/u;
    %jmp/1 T_6.17, 6;
    %dup/vec4;
    %pushi/vec4 18, 0, 5;
    %cmp/u;
    %jmp/1 T_6.18, 6;
    %dup/vec4;
    %pushi/vec4 19, 0, 5;
    %cmp/u;
    %jmp/1 T_6.19, 6;
    %dup/vec4;
    %pushi/vec4 20, 0, 5;
    %cmp/u;
    %jmp/1 T_6.20, 6;
    %dup/vec4;
    %pushi/vec4 21, 0, 5;
    %cmp/u;
    %jmp/1 T_6.21, 6;
    %dup/vec4;
    %pushi/vec4 22, 0, 5;
    %cmp/u;
    %jmp/1 T_6.22, 6;
    %dup/vec4;
    %pushi/vec4 23, 0, 5;
    %cmp/u;
    %jmp/1 T_6.23, 6;
    %dup/vec4;
    %pushi/vec4 24, 0, 5;
    %cmp/u;
    %jmp/1 T_6.24, 6;
    %dup/vec4;
    %pushi/vec4 25, 0, 5;
    %cmp/u;
    %jmp/1 T_6.25, 6;
    %dup/vec4;
    %pushi/vec4 26, 0, 5;
    %cmp/u;
    %jmp/1 T_6.26, 6;
    %dup/vec4;
    %pushi/vec4 27, 0, 5;
    %cmp/u;
    %jmp/1 T_6.27, 6;
    %dup/vec4;
    %pushi/vec4 28, 0, 5;
    %cmp/u;
    %jmp/1 T_6.28, 6;
    %dup/vec4;
    %pushi/vec4 29, 0, 5;
    %cmp/u;
    %jmp/1 T_6.29, 6;
    %dup/vec4;
    %pushi/vec4 30, 0, 5;
    %cmp/u;
    %jmp/1 T_6.30, 6;
    %dup/vec4;
    %pushi/vec4 31, 0, 5;
    %cmp/u;
    %jmp/1 T_6.31, 6;
    %pushi/vec4 0, 0, 32;
    %store/vec4 v000001bdf64b33d0_0, 0, 32;
    %jmp T_6.33;
T_6.0 ;
    %load/vec4 v000001bdf64b4a50_0;
    %store/vec4 v000001bdf64b33d0_0, 0, 32;
    %jmp T_6.33;
T_6.1 ;
    %load/vec4 v000001bdf64b4a50_0;
    %parti/s 1, 31, 6;
    %load/vec4 v000001bdf64b4a50_0;
    %parti/s 31, 1, 2;
    %concat/vec4; draw_concat_vec4
    %store/vec4 v000001bdf64b33d0_0, 0, 32;
    %jmp T_6.33;
T_6.2 ;
    %load/vec4 v000001bdf64b4a50_0;
    %parti/s 1, 31, 6;
    %replicate 2;
    %load/vec4 v000001bdf64b4a50_0;
    %parti/s 30, 2, 3;
    %concat/vec4; draw_concat_vec4
    %store/vec4 v000001bdf64b33d0_0, 0, 32;
    %jmp T_6.33;
T_6.3 ;
    %load/vec4 v000001bdf64b4a50_0;
    %parti/s 1, 31, 6;
    %replicate 3;
    %load/vec4 v000001bdf64b4a50_0;
    %parti/s 29, 3, 3;
    %concat/vec4; draw_concat_vec4
    %store/vec4 v000001bdf64b33d0_0, 0, 32;
    %jmp T_6.33;
T_6.4 ;
    %load/vec4 v000001bdf64b4a50_0;
    %parti/s 1, 31, 6;
    %replicate 4;
    %load/vec4 v000001bdf64b4a50_0;
    %parti/s 28, 4, 4;
    %concat/vec4; draw_concat_vec4
    %store/vec4 v000001bdf64b33d0_0, 0, 32;
    %jmp T_6.33;
T_6.5 ;
    %load/vec4 v000001bdf64b4a50_0;
    %parti/s 1, 31, 6;
    %replicate 5;
    %load/vec4 v000001bdf64b4a50_0;
    %parti/s 27, 5, 4;
    %concat/vec4; draw_concat_vec4
    %store/vec4 v000001bdf64b33d0_0, 0, 32;
    %jmp T_6.33;
T_6.6 ;
    %load/vec4 v000001bdf64b4a50_0;
    %parti/s 1, 31, 6;
    %replicate 6;
    %load/vec4 v000001bdf64b4a50_0;
    %parti/s 26, 6, 4;
    %concat/vec4; draw_concat_vec4
    %store/vec4 v000001bdf64b33d0_0, 0, 32;
    %jmp T_6.33;
T_6.7 ;
    %load/vec4 v000001bdf64b4a50_0;
    %parti/s 1, 31, 6;
    %replicate 7;
    %load/vec4 v000001bdf64b4a50_0;
    %parti/s 25, 7, 4;
    %concat/vec4; draw_concat_vec4
    %store/vec4 v000001bdf64b33d0_0, 0, 32;
    %jmp T_6.33;
T_6.8 ;
    %load/vec4 v000001bdf64b4a50_0;
    %parti/s 1, 31, 6;
    %replicate 8;
    %load/vec4 v000001bdf64b4a50_0;
    %parti/s 24, 8, 5;
    %concat/vec4; draw_concat_vec4
    %store/vec4 v000001bdf64b33d0_0, 0, 32;
    %jmp T_6.33;
T_6.9 ;
    %load/vec4 v000001bdf64b4a50_0;
    %parti/s 1, 31, 6;
    %replicate 9;
    %load/vec4 v000001bdf64b4a50_0;
    %parti/s 23, 9, 5;
    %concat/vec4; draw_concat_vec4
    %store/vec4 v000001bdf64b33d0_0, 0, 32;
    %jmp T_6.33;
T_6.10 ;
    %load/vec4 v000001bdf64b4a50_0;
    %parti/s 1, 31, 6;
    %replicate 10;
    %load/vec4 v000001bdf64b4a50_0;
    %parti/s 22, 10, 5;
    %concat/vec4; draw_concat_vec4
    %store/vec4 v000001bdf64b33d0_0, 0, 32;
    %jmp T_6.33;
T_6.11 ;
    %load/vec4 v000001bdf64b4a50_0;
    %parti/s 1, 31, 6;
    %replicate 11;
    %load/vec4 v000001bdf64b4a50_0;
    %parti/s 21, 11, 5;
    %concat/vec4; draw_concat_vec4
    %store/vec4 v000001bdf64b33d0_0, 0, 32;
    %jmp T_6.33;
T_6.12 ;
    %load/vec4 v000001bdf64b4a50_0;
    %parti/s 1, 31, 6;
    %replicate 12;
    %load/vec4 v000001bdf64b4a50_0;
    %parti/s 20, 12, 5;
    %concat/vec4; draw_concat_vec4
    %store/vec4 v000001bdf64b33d0_0, 0, 32;
    %jmp T_6.33;
T_6.13 ;
    %load/vec4 v000001bdf64b4a50_0;
    %parti/s 1, 31, 6;
    %replicate 13;
    %load/vec4 v000001bdf64b4a50_0;
    %parti/s 19, 13, 5;
    %concat/vec4; draw_concat_vec4
    %store/vec4 v000001bdf64b33d0_0, 0, 32;
    %jmp T_6.33;
T_6.14 ;
    %load/vec4 v000001bdf64b4a50_0;
    %parti/s 1, 31, 6;
    %replicate 14;
    %load/vec4 v000001bdf64b4a50_0;
    %parti/s 18, 14, 5;
    %concat/vec4; draw_concat_vec4
    %store/vec4 v000001bdf64b33d0_0, 0, 32;
    %jmp T_6.33;
T_6.15 ;
    %load/vec4 v000001bdf64b4a50_0;
    %parti/s 1, 31, 6;
    %replicate 15;
    %load/vec4 v000001bdf64b4a50_0;
    %parti/s 17, 15, 5;
    %concat/vec4; draw_concat_vec4
    %store/vec4 v000001bdf64b33d0_0, 0, 32;
    %jmp T_6.33;
T_6.16 ;
    %load/vec4 v000001bdf64b4a50_0;
    %parti/s 1, 31, 6;
    %replicate 16;
    %load/vec4 v000001bdf64b4a50_0;
    %parti/s 16, 16, 6;
    %concat/vec4; draw_concat_vec4
    %store/vec4 v000001bdf64b33d0_0, 0, 32;
    %jmp T_6.33;
T_6.17 ;
    %load/vec4 v000001bdf64b4a50_0;
    %parti/s 1, 31, 6;
    %replicate 17;
    %load/vec4 v000001bdf64b4a50_0;
    %parti/s 15, 17, 6;
    %concat/vec4; draw_concat_vec4
    %store/vec4 v000001bdf64b33d0_0, 0, 32;
    %jmp T_6.33;
T_6.18 ;
    %load/vec4 v000001bdf64b4a50_0;
    %parti/s 1, 31, 6;
    %replicate 18;
    %load/vec4 v000001bdf64b4a50_0;
    %parti/s 14, 18, 6;
    %concat/vec4; draw_concat_vec4
    %store/vec4 v000001bdf64b33d0_0, 0, 32;
    %jmp T_6.33;
T_6.19 ;
    %load/vec4 v000001bdf64b4a50_0;
    %parti/s 1, 31, 6;
    %replicate 19;
    %load/vec4 v000001bdf64b4a50_0;
    %parti/s 13, 19, 6;
    %concat/vec4; draw_concat_vec4
    %store/vec4 v000001bdf64b33d0_0, 0, 32;
    %jmp T_6.33;
T_6.20 ;
    %load/vec4 v000001bdf64b4a50_0;
    %parti/s 1, 31, 6;
    %replicate 20;
    %load/vec4 v000001bdf64b4a50_0;
    %parti/s 12, 20, 6;
    %concat/vec4; draw_concat_vec4
    %store/vec4 v000001bdf64b33d0_0, 0, 32;
    %jmp T_6.33;
T_6.21 ;
    %load/vec4 v000001bdf64b4a50_0;
    %parti/s 1, 31, 6;
    %replicate 21;
    %load/vec4 v000001bdf64b4a50_0;
    %parti/s 11, 21, 6;
    %concat/vec4; draw_concat_vec4
    %store/vec4 v000001bdf64b33d0_0, 0, 32;
    %jmp T_6.33;
T_6.22 ;
    %load/vec4 v000001bdf64b4a50_0;
    %parti/s 1, 31, 6;
    %replicate 22;
    %load/vec4 v000001bdf64b4a50_0;
    %parti/s 10, 22, 6;
    %concat/vec4; draw_concat_vec4
    %store/vec4 v000001bdf64b33d0_0, 0, 32;
    %jmp T_6.33;
T_6.23 ;
    %load/vec4 v000001bdf64b4a50_0;
    %parti/s 1, 31, 6;
    %replicate 23;
    %load/vec4 v000001bdf64b4a50_0;
    %parti/s 9, 23, 6;
    %concat/vec4; draw_concat_vec4
    %store/vec4 v000001bdf64b33d0_0, 0, 32;
    %jmp T_6.33;
T_6.24 ;
    %load/vec4 v000001bdf64b4a50_0;
    %parti/s 1, 31, 6;
    %replicate 24;
    %load/vec4 v000001bdf64b4a50_0;
    %parti/s 8, 24, 6;
    %concat/vec4; draw_concat_vec4
    %store/vec4 v000001bdf64b33d0_0, 0, 32;
    %jmp T_6.33;
T_6.25 ;
    %load/vec4 v000001bdf64b4a50_0;
    %parti/s 1, 31, 6;
    %replicate 25;
    %load/vec4 v000001bdf64b4a50_0;
    %parti/s 7, 25, 6;
    %concat/vec4; draw_concat_vec4
    %store/vec4 v000001bdf64b33d0_0, 0, 32;
    %jmp T_6.33;
T_6.26 ;
    %load/vec4 v000001bdf64b4a50_0;
    %parti/s 1, 31, 6;
    %replicate 26;
    %load/vec4 v000001bdf64b4a50_0;
    %parti/s 6, 26, 6;
    %concat/vec4; draw_concat_vec4
    %store/vec4 v000001bdf64b33d0_0, 0, 32;
    %jmp T_6.33;
T_6.27 ;
    %load/vec4 v000001bdf64b4a50_0;
    %parti/s 1, 31, 6;
    %replicate 27;
    %load/vec4 v000001bdf64b4a50_0;
    %parti/s 5, 27, 6;
    %concat/vec4; draw_concat_vec4
    %store/vec4 v000001bdf64b33d0_0, 0, 32;
    %jmp T_6.33;
T_6.28 ;
    %load/vec4 v000001bdf64b4a50_0;
    %parti/s 1, 31, 6;
    %replicate 28;
    %load/vec4 v000001bdf64b4a50_0;
    %parti/s 4, 28, 6;
    %concat/vec4; draw_concat_vec4
    %store/vec4 v000001bdf64b33d0_0, 0, 32;
    %jmp T_6.33;
T_6.29 ;
    %load/vec4 v000001bdf64b4a50_0;
    %parti/s 1, 31, 6;
    %replicate 29;
    %load/vec4 v000001bdf64b4a50_0;
    %parti/s 3, 29, 6;
    %concat/vec4; draw_concat_vec4
    %store/vec4 v000001bdf64b33d0_0, 0, 32;
    %jmp T_6.33;
T_6.30 ;
    %load/vec4 v000001bdf64b4a50_0;
    %parti/s 1, 31, 6;
    %replicate 30;
    %load/vec4 v000001bdf64b4a50_0;
    %parti/s 2, 30, 6;
    %concat/vec4; draw_concat_vec4
    %store/vec4 v000001bdf64b33d0_0, 0, 32;
    %jmp T_6.33;
T_6.31 ;
    %load/vec4 v000001bdf64b4a50_0;
    %parti/s 1, 31, 6;
    %replicate 31;
    %load/vec4 v000001bdf64b4a50_0;
    %parti/s 1, 31, 6;
    %concat/vec4; draw_concat_vec4
    %store/vec4 v000001bdf64b33d0_0, 0, 32;
    %jmp T_6.33;
T_6.33 ;
    %pop/vec4 1;
    %jmp T_6;
    .thread T_6, $push;
    .scope S_000001bdf5ded0d0;
T_7 ;
    %wait E_000001bdf6401a30;
    %load/vec4 v000001bdf64b4c30_0;
    %dup/vec4;
    %pushi/vec4 0, 0, 3;
    %cmp/u;
    %jmp/1 T_7.0, 6;
    %dup/vec4;
    %pushi/vec4 1, 0, 3;
    %cmp/u;
    %jmp/1 T_7.1, 6;
    %dup/vec4;
    %pushi/vec4 2, 0, 3;
    %cmp/u;
    %jmp/1 T_7.2, 6;
    %dup/vec4;
    %pushi/vec4 3, 0, 3;
    %cmp/u;
    %jmp/1 T_7.3, 6;
    %dup/vec4;
    %pushi/vec4 4, 0, 3;
    %cmp/u;
    %jmp/1 T_7.4, 6;
    %dup/vec4;
    %pushi/vec4 5, 0, 3;
    %cmp/u;
    %jmp/1 T_7.5, 6;
    %dup/vec4;
    %pushi/vec4 6, 0, 3;
    %cmp/u;
    %jmp/1 T_7.6, 6;
    %dup/vec4;
    %pushi/vec4 7, 0, 3;
    %cmp/u;
    %jmp/1 T_7.7, 6;
    %pushi/vec4 0, 0, 32;
    %store/vec4 v000001bdf64b3510_0, 0, 32;
    %jmp T_7.9;
T_7.0 ;
    %load/vec4 v000001bdf64b4370_0;
    %dup/vec4;
    %pushi/vec4 0, 0, 1;
    %cmp/u;
    %jmp/1 T_7.10, 6;
    %dup/vec4;
    %pushi/vec4 1, 0, 1;
    %cmp/u;
    %jmp/1 T_7.11, 6;
    %pushi/vec4 0, 0, 32;
    %store/vec4 v000001bdf64b3510_0, 0, 32;
    %jmp T_7.13;
T_7.10 ;
    %load/vec4 v000001bdf64b4a50_0;
    %load/vec4 v000001bdf64b3dd0_0;
    %add;
    %store/vec4 v000001bdf64b3510_0, 0, 32;
    %jmp T_7.13;
T_7.11 ;
    %load/vec4 v000001bdf64b4a50_0;
    %load/vec4 v000001bdf64b3dd0_0;
    %sub;
    %store/vec4 v000001bdf64b3510_0, 0, 32;
    %jmp T_7.13;
T_7.13 ;
    %pop/vec4 1;
    %jmp T_7.9;
T_7.1 ;
    %load/vec4 v000001bdf64b3290_0;
    %store/vec4 v000001bdf64b3510_0, 0, 32;
    %jmp T_7.9;
T_7.2 ;
    %pushi/vec4 0, 0, 31;
    %load/vec4 v000001bdf64b3150_0;
    %concat/vec4; draw_concat_vec4
    %store/vec4 v000001bdf64b3510_0, 0, 32;
    %jmp T_7.9;
T_7.3 ;
    %pushi/vec4 0, 0, 31;
    %load/vec4 v000001bdf64b3150_0;
    %concat/vec4; draw_concat_vec4
    %store/vec4 v000001bdf64b3510_0, 0, 32;
    %jmp T_7.9;
T_7.4 ;
    %load/vec4 v000001bdf64b4a50_0;
    %load/vec4 v000001bdf64b3dd0_0;
    %xor;
    %store/vec4 v000001bdf64b3510_0, 0, 32;
    %jmp T_7.9;
T_7.5 ;
    %load/vec4 v000001bdf64b42d0_0;
    %dup/vec4;
    %pushi/vec4 0, 0, 1;
    %cmp/u;
    %jmp/1 T_7.14, 6;
    %dup/vec4;
    %pushi/vec4 1, 0, 1;
    %cmp/u;
    %jmp/1 T_7.15, 6;
    %pushi/vec4 0, 0, 32;
    %store/vec4 v000001bdf64b3510_0, 0, 32;
    %jmp T_7.17;
T_7.14 ;
    %load/vec4 v000001bdf64b2c50_0;
    %store/vec4 v000001bdf64b3510_0, 0, 32;
    %jmp T_7.17;
T_7.15 ;
    %load/vec4 v000001bdf64b33d0_0;
    %store/vec4 v000001bdf64b3510_0, 0, 32;
    %jmp T_7.17;
T_7.17 ;
    %pop/vec4 1;
    %jmp T_7.9;
T_7.6 ;
    %load/vec4 v000001bdf64b4a50_0;
    %load/vec4 v000001bdf64b3dd0_0;
    %or;
    %store/vec4 v000001bdf64b3510_0, 0, 32;
    %jmp T_7.9;
T_7.7 ;
    %load/vec4 v000001bdf64b4a50_0;
    %load/vec4 v000001bdf64b3dd0_0;
    %and;
    %store/vec4 v000001bdf64b3510_0, 0, 32;
    %jmp T_7.9;
T_7.9 ;
    %pop/vec4 1;
    %jmp T_7;
    .thread T_7, $push;
    .scope S_000001bdf62507c0;
T_8 ;
    %wait E_000001bdf6401230;
    %load/vec4 v000001bdf64be220_0;
    %dup/vec4;
    %pushi/vec4 0, 0, 3;
    %cmp/u;
    %jmp/1 T_8.0, 6;
    %dup/vec4;
    %pushi/vec4 4, 0, 3;
    %cmp/u;
    %jmp/1 T_8.1, 6;
    %dup/vec4;
    %pushi/vec4 1, 0, 3;
    %cmp/u;
    %jmp/1 T_8.2, 6;
    %dup/vec4;
    %pushi/vec4 5, 0, 3;
    %cmp/u;
    %jmp/1 T_8.3, 6;
    %dup/vec4;
    %pushi/vec4 2, 0, 3;
    %cmp/u;
    %jmp/1 T_8.4, 6;
    %pushi/vec4 0, 0, 4;
    %store/vec4 v000001bdf64beb80_0, 0, 4;
    %jmp T_8.6;
T_8.0 ;
    %load/vec4 v000001bdf64bda00_0;
    %dup/vec4;
    %pushi/vec4 0, 0, 2;
    %cmp/u;
    %jmp/1 T_8.7, 6;
    %dup/vec4;
    %pushi/vec4 1, 0, 2;
    %cmp/u;
    %jmp/1 T_8.8, 6;
    %dup/vec4;
    %pushi/vec4 2, 0, 2;
    %cmp/u;
    %jmp/1 T_8.9, 6;
    %dup/vec4;
    %pushi/vec4 3, 0, 2;
    %cmp/u;
    %jmp/1 T_8.10, 6;
    %pushi/vec4 0, 0, 4;
    %store/vec4 v000001bdf64beb80_0, 0, 4;
    %jmp T_8.12;
T_8.7 ;
    %pushi/vec4 1, 0, 4;
    %store/vec4 v000001bdf64beb80_0, 0, 4;
    %jmp T_8.12;
T_8.8 ;
    %pushi/vec4 2, 0, 4;
    %store/vec4 v000001bdf64beb80_0, 0, 4;
    %jmp T_8.12;
T_8.9 ;
    %pushi/vec4 4, 0, 4;
    %store/vec4 v000001bdf64beb80_0, 0, 4;
    %jmp T_8.12;
T_8.10 ;
    %pushi/vec4 8, 0, 4;
    %store/vec4 v000001bdf64beb80_0, 0, 4;
    %jmp T_8.12;
T_8.12 ;
    %pop/vec4 1;
    %jmp T_8.6;
T_8.1 ;
    %load/vec4 v000001bdf64bda00_0;
    %dup/vec4;
    %pushi/vec4 0, 0, 2;
    %cmp/u;
    %jmp/1 T_8.13, 6;
    %dup/vec4;
    %pushi/vec4 1, 0, 2;
    %cmp/u;
    %jmp/1 T_8.14, 6;
    %dup/vec4;
    %pushi/vec4 2, 0, 2;
    %cmp/u;
    %jmp/1 T_8.15, 6;
    %dup/vec4;
    %pushi/vec4 3, 0, 2;
    %cmp/u;
    %jmp/1 T_8.16, 6;
    %pushi/vec4 0, 0, 4;
    %store/vec4 v000001bdf64beb80_0, 0, 4;
    %jmp T_8.18;
T_8.13 ;
    %pushi/vec4 1, 0, 4;
    %store/vec4 v000001bdf64beb80_0, 0, 4;
    %jmp T_8.18;
T_8.14 ;
    %pushi/vec4 2, 0, 4;
    %store/vec4 v000001bdf64beb80_0, 0, 4;
    %jmp T_8.18;
T_8.15 ;
    %pushi/vec4 4, 0, 4;
    %store/vec4 v000001bdf64beb80_0, 0, 4;
    %jmp T_8.18;
T_8.16 ;
    %pushi/vec4 8, 0, 4;
    %store/vec4 v000001bdf64beb80_0, 0, 4;
    %jmp T_8.18;
T_8.18 ;
    %pop/vec4 1;
    %jmp T_8.6;
T_8.2 ;
    %load/vec4 v000001bdf64bda00_0;
    %parti/s 1, 1, 2;
    %dup/vec4;
    %pushi/vec4 0, 0, 1;
    %cmp/u;
    %jmp/1 T_8.19, 6;
    %dup/vec4;
    %pushi/vec4 1, 0, 1;
    %cmp/u;
    %jmp/1 T_8.20, 6;
    %pushi/vec4 0, 0, 4;
    %store/vec4 v000001bdf64beb80_0, 0, 4;
    %jmp T_8.22;
T_8.19 ;
    %pushi/vec4 3, 0, 4;
    %store/vec4 v000001bdf64beb80_0, 0, 4;
    %jmp T_8.22;
T_8.20 ;
    %pushi/vec4 12, 0, 4;
    %store/vec4 v000001bdf64beb80_0, 0, 4;
    %jmp T_8.22;
T_8.22 ;
    %pop/vec4 1;
    %jmp T_8.6;
T_8.3 ;
    %load/vec4 v000001bdf64bda00_0;
    %parti/s 1, 1, 2;
    %dup/vec4;
    %pushi/vec4 0, 0, 1;
    %cmp/u;
    %jmp/1 T_8.23, 6;
    %dup/vec4;
    %pushi/vec4 1, 0, 1;
    %cmp/u;
    %jmp/1 T_8.24, 6;
    %pushi/vec4 0, 0, 4;
    %store/vec4 v000001bdf64beb80_0, 0, 4;
    %jmp T_8.26;
T_8.23 ;
    %pushi/vec4 3, 0, 4;
    %store/vec4 v000001bdf64beb80_0, 0, 4;
    %jmp T_8.26;
T_8.24 ;
    %pushi/vec4 12, 0, 4;
    %store/vec4 v000001bdf64beb80_0, 0, 4;
    %jmp T_8.26;
T_8.26 ;
    %pop/vec4 1;
    %jmp T_8.6;
T_8.4 ;
    %pushi/vec4 15, 0, 4;
    %store/vec4 v000001bdf64beb80_0, 0, 4;
    %jmp T_8.6;
T_8.6 ;
    %pop/vec4 1;
    %jmp T_8;
    .thread T_8, $push;
    .scope S_000001bdf62507c0;
T_9 ;
    %wait E_000001bdf6401db0;
    %load/vec4 v000001bdf64bda00_0;
    %dup/vec4;
    %pushi/vec4 0, 0, 2;
    %cmp/u;
    %jmp/1 T_9.0, 6;
    %dup/vec4;
    %pushi/vec4 1, 0, 2;
    %cmp/u;
    %jmp/1 T_9.1, 6;
    %dup/vec4;
    %pushi/vec4 2, 0, 2;
    %cmp/u;
    %jmp/1 T_9.2, 6;
    %dup/vec4;
    %pushi/vec4 3, 0, 2;
    %cmp/u;
    %jmp/1 T_9.3, 6;
    %pushi/vec4 0, 0, 32;
    %store/vec4 v000001bdf64bdf00_0, 0, 32;
    %jmp T_9.5;
T_9.0 ;
    %load/vec4 v000001bdf64be180_0;
    %store/vec4 v000001bdf64bdf00_0, 0, 32;
    %jmp T_9.5;
T_9.1 ;
    %load/vec4 v000001bdf64be180_0;
    %parti/s 24, 0, 2;
    %concati/vec4 0, 0, 8;
    %store/vec4 v000001bdf64bdf00_0, 0, 32;
    %jmp T_9.5;
T_9.2 ;
    %load/vec4 v000001bdf64be180_0;
    %parti/s 16, 0, 2;
    %concati/vec4 0, 0, 16;
    %store/vec4 v000001bdf64bdf00_0, 0, 32;
    %jmp T_9.5;
T_9.3 ;
    %load/vec4 v000001bdf64be180_0;
    %parti/s 8, 0, 2;
    %concati/vec4 0, 0, 24;
    %store/vec4 v000001bdf64bdf00_0, 0, 32;
    %jmp T_9.5;
T_9.5 ;
    %pop/vec4 1;
    %jmp T_9;
    .thread T_9, $push;
    .scope S_000001bdf62507c0;
T_10 ;
    %wait E_000001bdf6401db0;
    %load/vec4 v000001bdf64bda00_0;
    %parti/s 1, 1, 2;
    %dup/vec4;
    %pushi/vec4 0, 0, 1;
    %cmp/u;
    %jmp/1 T_10.0, 6;
    %dup/vec4;
    %pushi/vec4 1, 0, 1;
    %cmp/u;
    %jmp/1 T_10.1, 6;
    %pushi/vec4 0, 0, 32;
    %store/vec4 v000001bdf64bdbe0_0, 0, 32;
    %jmp T_10.3;
T_10.0 ;
    %load/vec4 v000001bdf64be180_0;
    %store/vec4 v000001bdf64bdbe0_0, 0, 32;
    %jmp T_10.3;
T_10.1 ;
    %load/vec4 v000001bdf64be180_0;
    %parti/s 16, 0, 2;
    %concati/vec4 0, 0, 16;
    %store/vec4 v000001bdf64bdbe0_0, 0, 32;
    %jmp T_10.3;
T_10.3 ;
    %pop/vec4 1;
    %jmp T_10;
    .thread T_10, $push;
    .scope S_000001bdf62507c0;
T_11 ;
    %wait E_000001bdf64020f0;
    %load/vec4 v000001bdf64be220_0;
    %dup/vec4;
    %pushi/vec4 0, 0, 3;
    %cmp/u;
    %jmp/1 T_11.0, 6;
    %dup/vec4;
    %pushi/vec4 1, 0, 3;
    %cmp/u;
    %jmp/1 T_11.1, 6;
    %dup/vec4;
    %pushi/vec4 2, 0, 3;
    %cmp/u;
    %jmp/1 T_11.2, 6;
    %pushi/vec4 0, 0, 32;
    %store/vec4 v000001bdf64bdfa0_0, 0, 32;
    %jmp T_11.4;
T_11.0 ;
    %load/vec4 v000001bdf64bdf00_0;
    %store/vec4 v000001bdf64bdfa0_0, 0, 32;
    %jmp T_11.4;
T_11.1 ;
    %load/vec4 v000001bdf64bdbe0_0;
    %store/vec4 v000001bdf64bdfa0_0, 0, 32;
    %jmp T_11.4;
T_11.2 ;
    %load/vec4 v000001bdf64be180_0;
    %store/vec4 v000001bdf64bdfa0_0, 0, 32;
    %jmp T_11.4;
T_11.4 ;
    %pop/vec4 1;
    %jmp T_11;
    .thread T_11, $push;
    .scope S_000001bdf62507c0;
T_12 ;
    %wait E_000001bdf6402070;
    %load/vec4 v000001bdf64bda00_0;
    %dup/vec4;
    %pushi/vec4 0, 0, 2;
    %cmp/u;
    %jmp/1 T_12.0, 6;
    %dup/vec4;
    %pushi/vec4 1, 0, 2;
    %cmp/u;
    %jmp/1 T_12.1, 6;
    %dup/vec4;
    %pushi/vec4 2, 0, 2;
    %cmp/u;
    %jmp/1 T_12.2, 6;
    %dup/vec4;
    %pushi/vec4 3, 0, 2;
    %cmp/u;
    %jmp/1 T_12.3, 6;
    %pushi/vec4 0, 0, 32;
    %store/vec4 v000001bdf64be4a0_0, 0, 32;
    %jmp T_12.5;
T_12.0 ;
    %load/vec4 v000001bdf64bf120_0;
    %store/vec4 v000001bdf64be4a0_0, 0, 32;
    %jmp T_12.5;
T_12.1 ;
    %pushi/vec4 0, 0, 8;
    %load/vec4 v000001bdf64bf120_0;
    %parti/s 24, 8, 5;
    %concat/vec4; draw_concat_vec4
    %store/vec4 v000001bdf64be4a0_0, 0, 32;
    %jmp T_12.5;
T_12.2 ;
    %pushi/vec4 0, 0, 16;
    %load/vec4 v000001bdf64bf120_0;
    %parti/s 16, 16, 6;
    %concat/vec4; draw_concat_vec4
    %store/vec4 v000001bdf64be4a0_0, 0, 32;
    %jmp T_12.5;
T_12.3 ;
    %pushi/vec4 0, 0, 24;
    %load/vec4 v000001bdf64bf120_0;
    %parti/s 8, 24, 6;
    %concat/vec4; draw_concat_vec4
    %store/vec4 v000001bdf64be4a0_0, 0, 32;
    %jmp T_12.5;
T_12.5 ;
    %pop/vec4 1;
    %jmp T_12;
    .thread T_12, $push;
    .scope S_000001bdf62507c0;
T_13 ;
    %wait E_000001bdf6401570;
    %load/vec4 v000001bdf64be220_0;
    %dup/vec4;
    %pushi/vec4 0, 0, 3;
    %cmp/u;
    %jmp/1 T_13.0, 6;
    %dup/vec4;
    %pushi/vec4 4, 0, 3;
    %cmp/u;
    %jmp/1 T_13.1, 6;
    %dup/vec4;
    %pushi/vec4 1, 0, 3;
    %cmp/u;
    %jmp/1 T_13.2, 6;
    %dup/vec4;
    %pushi/vec4 5, 0, 3;
    %cmp/u;
    %jmp/1 T_13.3, 6;
    %dup/vec4;
    %pushi/vec4 2, 0, 3;
    %cmp/u;
    %jmp/1 T_13.4, 6;
    %pushi/vec4 0, 0, 32;
    %store/vec4 v000001bdf64bf580_0, 0, 32;
    %jmp T_13.6;
T_13.0 ;
    %load/vec4 v000001bdf64be400_0;
    %parti/s 1, 7, 4;
    %replicate 24;
    %load/vec4 v000001bdf64be400_0;
    %concat/vec4; draw_concat_vec4
    %store/vec4 v000001bdf64bf580_0, 0, 32;
    %jmp T_13.6;
T_13.1 ;
    %pushi/vec4 0, 0, 24;
    %load/vec4 v000001bdf64be400_0;
    %concat/vec4; draw_concat_vec4
    %store/vec4 v000001bdf64bf580_0, 0, 32;
    %jmp T_13.6;
T_13.2 ;
    %load/vec4 v000001bdf64bd820_0;
    %parti/s 1, 15, 5;
    %replicate 16;
    %load/vec4 v000001bdf64bd820_0;
    %concat/vec4; draw_concat_vec4
    %store/vec4 v000001bdf64bf580_0, 0, 32;
    %jmp T_13.6;
T_13.3 ;
    %pushi/vec4 0, 0, 16;
    %load/vec4 v000001bdf64bd820_0;
    %concat/vec4; draw_concat_vec4
    %store/vec4 v000001bdf64bf580_0, 0, 32;
    %jmp T_13.6;
T_13.4 ;
    %load/vec4 v000001bdf64be4a0_0;
    %store/vec4 v000001bdf64bf580_0, 0, 32;
    %jmp T_13.6;
T_13.6 ;
    %pop/vec4 1;
    %jmp T_13;
    .thread T_13, $push;
    .scope S_000001bdf6260f70;
T_14 ;
    %wait E_000001bdf64014b0;
    %load/vec4 v000001bdf64d3410_0;
    %flag_set/vec4 8;
    %jmp/0xz  T_14.0, 8;
    %pushi/vec4 0, 0, 32;
    %assign/vec4 v000001bdf64c9cd0_0, 0;
    %pushi/vec4 0, 0, 1;
    %assign/vec4 v000001bdf64d1750_0, 0;
    %pushi/vec4 0, 0, 1;
    %assign/vec4 v000001bdf64d4630_0, 0;
    %pushi/vec4 0, 0, 1;
    %assign/vec4 v000001bdf64d46d0_0, 0;
    %pushi/vec4 0, 0, 32;
    %assign/vec4 v000001bdf64d4950_0, 0;
    %pushi/vec4 0, 0, 1;
    %assign/vec4 v000001bdf64d4c70_0, 0;
    %pushi/vec4 0, 0, 32;
    %assign/vec4 v000001bdf64d5fd0_0, 0;
    %pushi/vec4 0, 0, 32;
    %assign/vec4 v000001bdf64d4e50_0, 0;
    %pushi/vec4 0, 0, 32;
    %assign/vec4 v000001bdf64d3a50_0, 0;
    %pushi/vec4 0, 0, 1;
    %assign/vec4 v000001bdf64d5710_0, 0;
    %pushi/vec4 0, 0, 32;
    %assign/vec4 v000001bdf64d3050_0, 0;
    %pushi/vec4 0, 0, 32;
    %assign/vec4 v000001bdf64d3910_0, 0;
    %pushi/vec4 0, 0, 32;
    %assign/vec4 v000001bdf64d3550_0, 0;
    %pushi/vec4 0, 0, 5;
    %assign/vec4 v000001bdf64d5850_0, 0;
    %pushi/vec4 0, 0, 5;
    %assign/vec4 v000001bdf64d5490_0, 0;
    %pushi/vec4 0, 0, 5;
    %assign/vec4 v000001bdf64d5030_0, 0;
    %pushi/vec4 0, 0, 32;
    %assign/vec4 v000001bdf64d5170_0, 0;
    %pushi/vec4 0, 0, 32;
    %assign/vec4 v000001bdf64d3eb0_0, 0;
    %pushi/vec4 0, 0, 32;
    %assign/vec4 v000001bdf64d2dd0_0, 0;
    %pushi/vec4 0, 0, 7;
    %assign/vec4 v000001bdf64d2f10_0, 0;
    %pushi/vec4 0, 0, 3;
    %assign/vec4 v000001bdf64d23d0_0, 0;
    %pushi/vec4 0, 0, 7;
    %assign/vec4 v000001bdf64d1a70_0, 0;
    %pushi/vec4 0, 0, 1;
    %assign/vec4 v000001bdf64d2ab0_0, 0;
    %pushi/vec4 0, 0, 1;
    %assign/vec4 v000001bdf64d6070_0, 0;
    %pushi/vec4 0, 0, 3;
    %assign/vec4 v000001bdf64d1e30_0, 0;
    %pushi/vec4 0, 0, 1;
    %assign/vec4 v000001bdf64d1ed0_0, 0;
    %pushi/vec4 0, 0, 1;
    %assign/vec4 v000001bdf64d3730_0, 0;
    %pushi/vec4 0, 0, 1;
    %assign/vec4 v000001bdf64d2d30_0, 0;
    %pushi/vec4 0, 0, 1;
    %assign/vec4 v000001bdf64d3230_0, 0;
    %pushi/vec4 0, 0, 1;
    %assign/vec4 v000001bdf64d1890_0, 0;
    %pushi/vec4 0, 0, 1;
    %assign/vec4 v000001bdf64d4770_0, 0;
    %pushi/vec4 0, 0, 1;
    %assign/vec4 v000001bdf64d3690_0, 0;
    %pushi/vec4 0, 0, 1;
    %assign/vec4 v000001bdf64d28d0_0, 0;
    %pushi/vec4 0, 0, 1;
    %assign/vec4 v000001bdf64d2c90_0, 0;
    %pushi/vec4 0, 0, 1;
    %assign/vec4 v000001bdf64d2e70_0, 0;
    %pushi/vec4 0, 0, 1;
    %assign/vec4 v000001bdf64d2970_0, 0;
    %pushi/vec4 0, 0, 32;
    %assign/vec4 v000001bdf64ceb90_0, 0;
    %pushi/vec4 0, 0, 32;
    %assign/vec4 v000001bdf64d0030_0, 0;
    %pushi/vec4 0, 0, 32;
    %assign/vec4 v000001bdf64d0170_0, 0;
    %pushi/vec4 0, 0, 32;
    %assign/vec4 v000001bdf64cf090_0, 0;
    %pushi/vec4 0, 0, 5;
    %assign/vec4 v000001bdf64d08f0_0, 0;
    %pushi/vec4 0, 0, 5;
    %assign/vec4 v000001bdf64d0b70_0, 0;
    %pushi/vec4 0, 0, 5;
    %assign/vec4 v000001bdf64cf770_0, 0;
    %pushi/vec4 0, 0, 32;
    %assign/vec4 v000001bdf64d0ad0_0, 0;
    %pushi/vec4 0, 0, 32;
    %assign/vec4 v000001bdf64d0f30_0, 0;
    %pushi/vec4 0, 0, 32;
    %assign/vec4 v000001bdf64d0a30_0, 0;
    %pushi/vec4 0, 0, 32;
    %assign/vec4 v000001bdf64cf1d0_0, 0;
    %pushi/vec4 0, 0, 32;
    %assign/vec4 v000001bdf64ce910_0, 0;
    %pushi/vec4 0, 0, 3;
    %assign/vec4 v000001bdf64d1070_0, 0;
    %pushi/vec4 0, 0, 1;
    %assign/vec4 v000001bdf64cfdb0_0, 0;
    %pushi/vec4 0, 0, 1;
    %assign/vec4 v000001bdf64d0cb0_0, 0;
    %pushi/vec4 0, 0, 1;
    %assign/vec4 v000001bdf64cecd0_0, 0;
    %pushi/vec4 0, 0, 1;
    %assign/vec4 v000001bdf64d00d0_0, 0;
    %pushi/vec4 0, 0, 1;
    %assign/vec4 v000001bdf64cf270_0, 0;
    %pushi/vec4 0, 0, 1;
    %assign/vec4 v000001bdf64d07b0_0, 0;
    %pushi/vec4 0, 0, 1;
    %assign/vec4 v000001bdf64cf630_0, 0;
    %pushi/vec4 0, 0, 1;
    %assign/vec4 v000001bdf64cf3b0_0, 0;
    %pushi/vec4 0, 0, 1;
    %assign/vec4 v000001bdf64cec30_0, 0;
    %pushi/vec4 0, 0, 1;
    %assign/vec4 v000001bdf64cee10_0, 0;
    %pushi/vec4 0, 0, 1;
    %assign/vec4 v000001bdf64d8af0_0, 0;
    %pushi/vec4 0, 0, 32;
    %assign/vec4 v000001bdf64d85f0_0, 0;
    %pushi/vec4 0, 0, 32;
    %assign/vec4 v000001bdf64d6a70_0, 0;
    %pushi/vec4 0, 0, 32;
    %assign/vec4 v000001bdf64d82d0_0, 0;
    %pushi/vec4 0, 0, 32;
    %assign/vec4 v000001bdf64d8050_0, 0;
    %pushi/vec4 0, 0, 5;
    %assign/vec4 v000001bdf64d7290_0, 0;
    %pushi/vec4 0, 0, 5;
    %assign/vec4 v000001bdf64d8a50_0, 0;
    %pushi/vec4 0, 0, 5;
    %assign/vec4 v000001bdf64d6f70_0, 0;
    %pushi/vec4 0, 0, 32;
    %assign/vec4 v000001bdf64d96d0_0, 0;
    %pushi/vec4 0, 0, 32;
    %assign/vec4 v000001bdf64d9090_0, 0;
    %pushi/vec4 0, 0, 32;
    %assign/vec4 v000001bdf64d7970_0, 0;
    %pushi/vec4 0, 0, 32;
    %assign/vec4 v000001bdf64d6390_0, 0;
    %pushi/vec4 0, 0, 32;
    %assign/vec4 v000001bdf64d64d0_0, 0;
    %pushi/vec4 0, 0, 32;
    %assign/vec4 v000001bdf64d7470_0, 0;
    %pushi/vec4 0, 0, 1;
    %assign/vec4 v000001bdf64d8870_0, 0;
    %pushi/vec4 0, 0, 1;
    %assign/vec4 v000001bdf64d7bf0_0, 0;
    %pushi/vec4 0, 0, 4;
    %assign/vec4 v000001bdf64d6930_0, 0;
    %pushi/vec4 0, 0, 32;
    %assign/vec4 v000001bdf64d7f10_0, 0;
    %pushi/vec4 0, 0, 32;
    %assign/vec4 v000001bdf64d8410_0, 0;
    %pushi/vec4 0, 0, 1;
    %assign/vec4 v000001bdf64d8370_0, 0;
    %pushi/vec4 0, 0, 1;
    %assign/vec4 v000001bdf64d7c90_0, 0;
    %pushi/vec4 0, 0, 1;
    %assign/vec4 v000001bdf64d76f0_0, 0;
    %pushi/vec4 0, 0, 1;
    %assign/vec4 v000001bdf64d70b0_0, 0;
    %pushi/vec4 0, 0, 1;
    %assign/vec4 v000001bdf64d78d0_0, 0;
    %pushi/vec4 0, 0, 1;
    %assign/vec4 v000001bdf64d7790_0, 0;
    %pushi/vec4 0, 0, 1;
    %assign/vec4 v000001bdf64d8190_0, 0;
    %pushi/vec4 0, 0, 1;
    %assign/vec4 v000001bdf64d69d0_0, 0;
    %jmp T_14.1;
T_14.0 ;
    %load/vec4 v000001bdf64cb0d0_0;
    %flag_set/vec4 8;
    %jmp/0xz  T_14.2, 8;
    %pushi/vec4 1, 0, 1;
    %assign/vec4 v000001bdf64d1750_0, 0;
    %pushi/vec4 0, 0, 1;
    %assign/vec4 v000001bdf64d4630_0, 0;
    %pushi/vec4 0, 0, 1;
    %assign/vec4 v000001bdf64d46d0_0, 0;
    %pushi/vec4 0, 0, 32;
    %assign/vec4 v000001bdf64d4950_0, 0;
    %pushi/vec4 0, 0, 1;
    %assign/vec4 v000001bdf64d4c70_0, 0;
    %pushi/vec4 0, 0, 32;
    %assign/vec4 v000001bdf64d5fd0_0, 0;
    %pushi/vec4 0, 0, 32;
    %assign/vec4 v000001bdf64d4e50_0, 0;
    %pushi/vec4 0, 0, 32;
    %assign/vec4 v000001bdf64d3a50_0, 0;
    %pushi/vec4 0, 0, 1;
    %assign/vec4 v000001bdf64d5710_0, 0;
    %pushi/vec4 0, 0, 32;
    %assign/vec4 v000001bdf64d3050_0, 0;
    %pushi/vec4 0, 0, 32;
    %assign/vec4 v000001bdf64d3910_0, 0;
    %pushi/vec4 0, 0, 32;
    %assign/vec4 v000001bdf64d3550_0, 0;
    %pushi/vec4 0, 0, 5;
    %assign/vec4 v000001bdf64d5850_0, 0;
    %pushi/vec4 0, 0, 5;
    %assign/vec4 v000001bdf64d5490_0, 0;
    %pushi/vec4 0, 0, 5;
    %assign/vec4 v000001bdf64d5030_0, 0;
    %pushi/vec4 0, 0, 32;
    %assign/vec4 v000001bdf64d5170_0, 0;
    %pushi/vec4 0, 0, 32;
    %assign/vec4 v000001bdf64d3eb0_0, 0;
    %pushi/vec4 0, 0, 32;
    %assign/vec4 v000001bdf64d2dd0_0, 0;
    %pushi/vec4 0, 0, 7;
    %assign/vec4 v000001bdf64d2f10_0, 0;
    %pushi/vec4 0, 0, 3;
    %assign/vec4 v000001bdf64d23d0_0, 0;
    %pushi/vec4 0, 0, 7;
    %assign/vec4 v000001bdf64d1a70_0, 0;
    %pushi/vec4 0, 0, 1;
    %assign/vec4 v000001bdf64d2ab0_0, 0;
    %pushi/vec4 0, 0, 1;
    %assign/vec4 v000001bdf64d6070_0, 0;
    %pushi/vec4 0, 0, 3;
    %assign/vec4 v000001bdf64d1e30_0, 0;
    %pushi/vec4 0, 0, 1;
    %assign/vec4 v000001bdf64d1ed0_0, 0;
    %pushi/vec4 0, 0, 1;
    %assign/vec4 v000001bdf64d3730_0, 0;
    %pushi/vec4 0, 0, 1;
    %assign/vec4 v000001bdf64d2d30_0, 0;
    %pushi/vec4 0, 0, 1;
    %assign/vec4 v000001bdf64d3230_0, 0;
    %pushi/vec4 0, 0, 1;
    %assign/vec4 v000001bdf64d1890_0, 0;
    %pushi/vec4 0, 0, 1;
    %assign/vec4 v000001bdf64d4770_0, 0;
    %pushi/vec4 0, 0, 1;
    %assign/vec4 v000001bdf64d3690_0, 0;
    %pushi/vec4 0, 0, 1;
    %assign/vec4 v000001bdf64d28d0_0, 0;
    %pushi/vec4 0, 0, 1;
    %assign/vec4 v000001bdf64d2c90_0, 0;
    %pushi/vec4 0, 0, 1;
    %assign/vec4 v000001bdf64d2e70_0, 0;
    %pushi/vec4 0, 0, 1;
    %assign/vec4 v000001bdf64d2970_0, 0;
    %pushi/vec4 0, 0, 32;
    %assign/vec4 v000001bdf64ceb90_0, 0;
    %pushi/vec4 0, 0, 32;
    %assign/vec4 v000001bdf64d0030_0, 0;
    %pushi/vec4 0, 0, 32;
    %assign/vec4 v000001bdf64d0170_0, 0;
    %pushi/vec4 0, 0, 32;
    %assign/vec4 v000001bdf64cf090_0, 0;
    %pushi/vec4 0, 0, 5;
    %assign/vec4 v000001bdf64d08f0_0, 0;
    %pushi/vec4 0, 0, 5;
    %assign/vec4 v000001bdf64d0b70_0, 0;
    %pushi/vec4 0, 0, 5;
    %assign/vec4 v000001bdf64cf770_0, 0;
    %pushi/vec4 0, 0, 32;
    %assign/vec4 v000001bdf64d0ad0_0, 0;
    %pushi/vec4 0, 0, 32;
    %assign/vec4 v000001bdf64d0f30_0, 0;
    %pushi/vec4 0, 0, 32;
    %assign/vec4 v000001bdf64d0a30_0, 0;
    %pushi/vec4 0, 0, 32;
    %assign/vec4 v000001bdf64cf1d0_0, 0;
    %pushi/vec4 0, 0, 32;
    %assign/vec4 v000001bdf64ce910_0, 0;
    %pushi/vec4 0, 0, 3;
    %assign/vec4 v000001bdf64d1070_0, 0;
    %pushi/vec4 0, 0, 1;
    %assign/vec4 v000001bdf64cfdb0_0, 0;
    %pushi/vec4 0, 0, 1;
    %assign/vec4 v000001bdf64d0cb0_0, 0;
    %pushi/vec4 0, 0, 1;
    %assign/vec4 v000001bdf64cecd0_0, 0;
    %pushi/vec4 0, 0, 1;
    %assign/vec4 v000001bdf64d00d0_0, 0;
    %pushi/vec4 0, 0, 1;
    %assign/vec4 v000001bdf64cf270_0, 0;
    %pushi/vec4 0, 0, 1;
    %assign/vec4 v000001bdf64d07b0_0, 0;
    %pushi/vec4 0, 0, 1;
    %assign/vec4 v000001bdf64cf630_0, 0;
    %pushi/vec4 0, 0, 1;
    %assign/vec4 v000001bdf64cf3b0_0, 0;
    %pushi/vec4 0, 0, 1;
    %assign/vec4 v000001bdf64cec30_0, 0;
    %pushi/vec4 0, 0, 1;
    %assign/vec4 v000001bdf64cee10_0, 0;
    %pushi/vec4 0, 0, 1;
    %assign/vec4 v000001bdf64d8af0_0, 0;
    %pushi/vec4 0, 0, 32;
    %assign/vec4 v000001bdf64d85f0_0, 0;
    %pushi/vec4 0, 0, 32;
    %assign/vec4 v000001bdf64d6a70_0, 0;
    %pushi/vec4 0, 0, 32;
    %assign/vec4 v000001bdf64d82d0_0, 0;
    %pushi/vec4 0, 0, 32;
    %assign/vec4 v000001bdf64d8050_0, 0;
    %pushi/vec4 0, 0, 5;
    %assign/vec4 v000001bdf64d7290_0, 0;
    %pushi/vec4 0, 0, 5;
    %assign/vec4 v000001bdf64d8a50_0, 0;
    %pushi/vec4 0, 0, 5;
    %assign/vec4 v000001bdf64d6f70_0, 0;
    %pushi/vec4 0, 0, 32;
    %assign/vec4 v000001bdf64d96d0_0, 0;
    %pushi/vec4 0, 0, 32;
    %assign/vec4 v000001bdf64d9090_0, 0;
    %pushi/vec4 0, 0, 32;
    %assign/vec4 v000001bdf64d7970_0, 0;
    %pushi/vec4 0, 0, 32;
    %assign/vec4 v000001bdf64d6390_0, 0;
    %pushi/vec4 0, 0, 32;
    %assign/vec4 v000001bdf64d64d0_0, 0;
    %pushi/vec4 0, 0, 32;
    %assign/vec4 v000001bdf64d7470_0, 0;
    %pushi/vec4 0, 0, 1;
    %assign/vec4 v000001bdf64d8870_0, 0;
    %pushi/vec4 0, 0, 1;
    %assign/vec4 v000001bdf64d7bf0_0, 0;
    %pushi/vec4 0, 0, 4;
    %assign/vec4 v000001bdf64d6930_0, 0;
    %pushi/vec4 0, 0, 32;
    %assign/vec4 v000001bdf64d7f10_0, 0;
    %pushi/vec4 0, 0, 32;
    %assign/vec4 v000001bdf64d8410_0, 0;
    %pushi/vec4 0, 0, 1;
    %assign/vec4 v000001bdf64d8370_0, 0;
    %pushi/vec4 0, 0, 1;
    %assign/vec4 v000001bdf64d7c90_0, 0;
    %pushi/vec4 0, 0, 1;
    %assign/vec4 v000001bdf64d76f0_0, 0;
    %pushi/vec4 0, 0, 1;
    %assign/vec4 v000001bdf64d70b0_0, 0;
    %pushi/vec4 0, 0, 1;
    %assign/vec4 v000001bdf64d78d0_0, 0;
    %pushi/vec4 0, 0, 1;
    %assign/vec4 v000001bdf64d7790_0, 0;
    %pushi/vec4 0, 0, 1;
    %assign/vec4 v000001bdf64d8190_0, 0;
    %pushi/vec4 0, 0, 1;
    %assign/vec4 v000001bdf64d69d0_0, 0;
    %jmp T_14.3;
T_14.2 ;
    %load/vec4 v000001bdf64d1750_0;
    %inv;
    %flag_set/vec4 8;
    %jmp/0xz  T_14.4, 8;
    %load/vec4 v000001bdf64d2bf0_0;
    %flag_set/vec4 8;
    %jmp/0xz  T_14.6, 8;
    %load/vec4 v000001bdf64cb490_0;
    %assign/vec4 v000001bdf64c9cd0_0, 0;
    %jmp T_14.7;
T_14.6 ;
    %load/vec4 v000001bdf64d49f0_0;
    %flag_set/vec4 8;
    %jmp/0xz  T_14.8, 8;
    %load/vec4 v000001bdf64cb490_0;
    %assign/vec4 v000001bdf64c9cd0_0, 0;
T_14.8 ;
T_14.7 ;
    %load/vec4 v000001bdf64d4b30_0;
    %flag_set/vec4 8;
    %jmp/0xz  T_14.10, 8;
    %pushi/vec4 0, 0, 1;
    %assign/vec4 v000001bdf64d4630_0, 0;
    %pushi/vec4 0, 0, 1;
    %assign/vec4 v000001bdf64d46d0_0, 0;
    %pushi/vec4 0, 0, 32;
    %assign/vec4 v000001bdf64d4950_0, 0;
    %jmp T_14.11;
T_14.10 ;
    %load/vec4 v000001bdf64d49f0_0;
    %load/vec4 v000001bdf64d3ff0_0;
    %and;
    %flag_set/vec4 8;
    %jmp/0xz  T_14.12, 8;
    %pushi/vec4 1, 0, 1;
    %assign/vec4 v000001bdf64d4630_0, 0;
    %pushi/vec4 0, 0, 1;
    %assign/vec4 v000001bdf64d46d0_0, 0;
    %load/vec4 v000001bdf64d3e10_0;
    %assign/vec4 v000001bdf64d4950_0, 0;
    %jmp T_14.13;
T_14.12 ;
    %load/vec4 v000001bdf64d2bf0_0;
    %flag_set/vec4 9;
    %flag_get/vec4 9;
    %jmp/0 T_14.16, 9;
    %load/vec4 v000001bdf64d4630_0;
    %and;
T_14.16;
    %flag_set/vec4 8;
    %jmp/0xz  T_14.14, 8;
    %pushi/vec4 1, 0, 1;
    %assign/vec4 v000001bdf64d46d0_0, 0;
T_14.14 ;
T_14.13 ;
T_14.11 ;
    %load/vec4 v000001bdf64d2bf0_0;
    %flag_set/vec4 8;
    %jmp/0xz  T_14.17, 8;
    %pushi/vec4 0, 0, 1;
    %assign/vec4 v000001bdf64d4c70_0, 0;
    %pushi/vec4 0, 0, 32;
    %assign/vec4 v000001bdf64d5fd0_0, 0;
    %pushi/vec4 0, 0, 32;
    %assign/vec4 v000001bdf64d4e50_0, 0;
    %pushi/vec4 0, 0, 32;
    %assign/vec4 v000001bdf64d3a50_0, 0;
    %pushi/vec4 0, 0, 1;
    %assign/vec4 v000001bdf64d5710_0, 0;
    %pushi/vec4 0, 0, 32;
    %assign/vec4 v000001bdf64d3050_0, 0;
    %pushi/vec4 0, 0, 32;
    %assign/vec4 v000001bdf64d3910_0, 0;
    %pushi/vec4 0, 0, 32;
    %assign/vec4 v000001bdf64d3550_0, 0;
    %pushi/vec4 0, 0, 5;
    %assign/vec4 v000001bdf64d5850_0, 0;
    %pushi/vec4 0, 0, 5;
    %assign/vec4 v000001bdf64d5490_0, 0;
    %pushi/vec4 0, 0, 5;
    %assign/vec4 v000001bdf64d5030_0, 0;
    %pushi/vec4 0, 0, 32;
    %assign/vec4 v000001bdf64d5170_0, 0;
    %pushi/vec4 0, 0, 32;
    %assign/vec4 v000001bdf64d3eb0_0, 0;
    %pushi/vec4 0, 0, 32;
    %assign/vec4 v000001bdf64d2dd0_0, 0;
    %pushi/vec4 0, 0, 7;
    %assign/vec4 v000001bdf64d2f10_0, 0;
    %pushi/vec4 0, 0, 3;
    %assign/vec4 v000001bdf64d23d0_0, 0;
    %pushi/vec4 0, 0, 7;
    %assign/vec4 v000001bdf64d1a70_0, 0;
    %pushi/vec4 0, 0, 1;
    %assign/vec4 v000001bdf64d2ab0_0, 0;
    %pushi/vec4 0, 0, 1;
    %assign/vec4 v000001bdf64d6070_0, 0;
    %pushi/vec4 0, 0, 3;
    %assign/vec4 v000001bdf64d1e30_0, 0;
    %pushi/vec4 0, 0, 1;
    %assign/vec4 v000001bdf64d1ed0_0, 0;
    %pushi/vec4 0, 0, 1;
    %assign/vec4 v000001bdf64d3730_0, 0;
    %pushi/vec4 0, 0, 1;
    %assign/vec4 v000001bdf64d2d30_0, 0;
    %pushi/vec4 0, 0, 1;
    %assign/vec4 v000001bdf64d3230_0, 0;
    %pushi/vec4 0, 0, 1;
    %assign/vec4 v000001bdf64d1890_0, 0;
    %pushi/vec4 0, 0, 1;
    %assign/vec4 v000001bdf64d4770_0, 0;
    %pushi/vec4 0, 0, 1;
    %assign/vec4 v000001bdf64d3690_0, 0;
    %pushi/vec4 0, 0, 1;
    %assign/vec4 v000001bdf64d28d0_0, 0;
    %pushi/vec4 0, 0, 1;
    %assign/vec4 v000001bdf64d2c90_0, 0;
    %pushi/vec4 0, 0, 1;
    %assign/vec4 v000001bdf64d2e70_0, 0;
    %jmp T_14.18;
T_14.17 ;
    %load/vec4 v000001bdf64d8730_0;
    %flag_set/vec4 8;
    %jmp/0xz  T_14.19, 8;
    %load/vec4 v000001bdf64d4a90_0;
    %flag_set/vec4 8;
    %jmp/0xz  T_14.21, 8;
    %load/vec4 v000001bdf64d4ef0_0;
    %assign/vec4 v000001bdf64d4c70_0, 0;
    %load/vec4 v000001bdf64d3c30_0;
    %assign/vec4 v000001bdf64d5fd0_0, 0;
    %load/vec4 v000001bdf64d3d70_0;
    %assign/vec4 v000001bdf64d4e50_0, 0;
    %load/vec4 v000001bdf64d3af0_0;
    %assign/vec4 v000001bdf64d3a50_0, 0;
T_14.21 ;
    %load/vec4 v000001bdf64d1570_0;
    %assign/vec4 v000001bdf64d5170_0, 0;
    %load/vec4 v000001bdf64d3190_0;
    %assign/vec4 v000001bdf64d3eb0_0, 0;
    %jmp T_14.20;
T_14.19 ;
    %load/vec4 v000001bdf64d37d0_0;
    %flag_set/vec4 8;
    %jmp/0xz  T_14.23, 8;
    %pushi/vec4 0, 0, 1;
    %assign/vec4 v000001bdf64d5710_0, 0;
    %pushi/vec4 0, 0, 32;
    %assign/vec4 v000001bdf64d3050_0, 0;
    %pushi/vec4 0, 0, 32;
    %assign/vec4 v000001bdf64d3910_0, 0;
    %pushi/vec4 0, 0, 32;
    %assign/vec4 v000001bdf64d3550_0, 0;
    %pushi/vec4 0, 0, 5;
    %assign/vec4 v000001bdf64d5850_0, 0;
    %pushi/vec4 0, 0, 5;
    %assign/vec4 v000001bdf64d5490_0, 0;
    %pushi/vec4 0, 0, 5;
    %assign/vec4 v000001bdf64d5030_0, 0;
    %pushi/vec4 0, 0, 32;
    %assign/vec4 v000001bdf64d5170_0, 0;
    %pushi/vec4 0, 0, 32;
    %assign/vec4 v000001bdf64d3eb0_0, 0;
    %pushi/vec4 0, 0, 32;
    %assign/vec4 v000001bdf64d2dd0_0, 0;
    %pushi/vec4 0, 0, 7;
    %assign/vec4 v000001bdf64d2f10_0, 0;
    %pushi/vec4 0, 0, 3;
    %assign/vec4 v000001bdf64d23d0_0, 0;
    %pushi/vec4 0, 0, 7;
    %assign/vec4 v000001bdf64d1a70_0, 0;
    %pushi/vec4 0, 0, 1;
    %assign/vec4 v000001bdf64d2ab0_0, 0;
    %pushi/vec4 0, 0, 1;
    %assign/vec4 v000001bdf64d6070_0, 0;
    %pushi/vec4 0, 0, 3;
    %assign/vec4 v000001bdf64d1e30_0, 0;
    %pushi/vec4 0, 0, 1;
    %assign/vec4 v000001bdf64d1ed0_0, 0;
    %pushi/vec4 0, 0, 1;
    %assign/vec4 v000001bdf64d3730_0, 0;
    %pushi/vec4 0, 0, 1;
    %assign/vec4 v000001bdf64d2d30_0, 0;
    %pushi/vec4 0, 0, 1;
    %assign/vec4 v000001bdf64d3230_0, 0;
    %pushi/vec4 0, 0, 1;
    %assign/vec4 v000001bdf64d1890_0, 0;
    %pushi/vec4 0, 0, 1;
    %assign/vec4 v000001bdf64d4770_0, 0;
    %pushi/vec4 0, 0, 1;
    %assign/vec4 v000001bdf64d3690_0, 0;
    %pushi/vec4 0, 0, 1;
    %assign/vec4 v000001bdf64d28d0_0, 0;
    %pushi/vec4 0, 0, 1;
    %assign/vec4 v000001bdf64d2c90_0, 0;
    %pushi/vec4 0, 0, 1;
    %assign/vec4 v000001bdf64d2e70_0, 0;
    %jmp T_14.24;
T_14.23 ;
    %load/vec4 v000001bdf64d4ef0_0;
    %assign/vec4 v000001bdf64d4c70_0, 0;
    %load/vec4 v000001bdf64d3c30_0;
    %assign/vec4 v000001bdf64d5fd0_0, 0;
    %load/vec4 v000001bdf64d3d70_0;
    %assign/vec4 v000001bdf64d4e50_0, 0;
    %load/vec4 v000001bdf64d3af0_0;
    %assign/vec4 v000001bdf64d3a50_0, 0;
    %load/vec4 v000001bdf64d52b0_0;
    %assign/vec4 v000001bdf64d5710_0, 0;
    %load/vec4 v000001bdf64d30f0_0;
    %assign/vec4 v000001bdf64d3050_0, 0;
    %load/vec4 v000001bdf64d5b70_0;
    %assign/vec4 v000001bdf64d3910_0, 0;
    %load/vec4 v000001bdf64d2510_0;
    %assign/vec4 v000001bdf64d3550_0, 0;
    %load/vec4 v000001bdf64d5210_0;
    %assign/vec4 v000001bdf64d5850_0, 0;
    %load/vec4 v000001bdf64d50d0_0;
    %assign/vec4 v000001bdf64d5490_0, 0;
    %load/vec4 v000001bdf64d4130_0;
    %assign/vec4 v000001bdf64d5030_0, 0;
    %load/vec4 v000001bdf64d3cd0_0;
    %assign/vec4 v000001bdf64d5170_0, 0;
    %load/vec4 v000001bdf64d4810_0;
    %assign/vec4 v000001bdf64d3eb0_0, 0;
    %load/vec4 v000001bdf64d2010_0;
    %assign/vec4 v000001bdf64d2dd0_0, 0;
    %load/vec4 v000001bdf64d2fb0_0;
    %assign/vec4 v000001bdf64d2f10_0, 0;
    %load/vec4 v000001bdf64d19d0_0;
    %assign/vec4 v000001bdf64d23d0_0, 0;
    %load/vec4 v000001bdf64d1cf0_0;
    %assign/vec4 v000001bdf64d1a70_0, 0;
    %load/vec4 v000001bdf64d2a10_0;
    %assign/vec4 v000001bdf64d2ab0_0, 0;
    %load/vec4 v000001bdf64d5a30_0;
    %assign/vec4 v000001bdf64d6070_0, 0;
    %load/vec4 v000001bdf64d2b50_0;
    %assign/vec4 v000001bdf64d1e30_0, 0;
    %load/vec4 v000001bdf64d1f70_0;
    %assign/vec4 v000001bdf64d1ed0_0, 0;
    %load/vec4 v000001bdf64d1d90_0;
    %assign/vec4 v000001bdf64d3730_0, 0;
    %load/vec4 v000001bdf64d26f0_0;
    %assign/vec4 v000001bdf64d2d30_0, 0;
    %load/vec4 v000001bdf64d3370_0;
    %assign/vec4 v000001bdf64d3230_0, 0;
    %load/vec4 v000001bdf64d2330_0;
    %assign/vec4 v000001bdf64d1890_0, 0;
    %load/vec4 v000001bdf64d41d0_0;
    %assign/vec4 v000001bdf64d4770_0, 0;
    %load/vec4 v000001bdf64d35f0_0;
    %assign/vec4 v000001bdf64d3690_0, 0;
    %load/vec4 v000001bdf64d2470_0;
    %assign/vec4 v000001bdf64d28d0_0, 0;
    %load/vec4 v000001bdf64d1bb0_0;
    %assign/vec4 v000001bdf64d2c90_0, 0;
    %load/vec4 v000001bdf64d1930_0;
    %assign/vec4 v000001bdf64d2e70_0, 0;
T_14.24 ;
T_14.20 ;
T_14.18 ;
    %load/vec4 v000001bdf64d8730_0;
    %flag_set/vec4 8;
    %jmp/0xz  T_14.25, 8;
    %load/vec4 v000001bdf64cee10_0;
    %load/vec4 v000001bdf64d0210_0;
    %or;
    %assign/vec4 v000001bdf64cee10_0, 0;
    %jmp T_14.26;
T_14.25 ;
    %load/vec4 v000001bdf64d14d0_0;
    %assign/vec4 v000001bdf64d2970_0, 0;
    %load/vec4 v000001bdf64cf6d0_0;
    %assign/vec4 v000001bdf64ceb90_0, 0;
    %load/vec4 v000001bdf64d0670_0;
    %assign/vec4 v000001bdf64d0030_0, 0;
    %load/vec4 v000001bdf64cf810_0;
    %assign/vec4 v000001bdf64d0170_0, 0;
    %load/vec4 v000001bdf64cf130_0;
    %assign/vec4 v000001bdf64cf090_0, 0;
    %load/vec4 v000001bdf64cfd10_0;
    %assign/vec4 v000001bdf64d08f0_0, 0;
    %load/vec4 v000001bdf64d0df0_0;
    %assign/vec4 v000001bdf64d0b70_0, 0;
    %load/vec4 v000001bdf64cfa90_0;
    %assign/vec4 v000001bdf64cf770_0, 0;
    %load/vec4 v000001bdf64d0990_0;
    %assign/vec4 v000001bdf64d0ad0_0, 0;
    %load/vec4 v000001bdf64d0fd0_0;
    %assign/vec4 v000001bdf64d0f30_0, 0;
    %load/vec4 v000001bdf64cfef0_0;
    %assign/vec4 v000001bdf64d0a30_0, 0;
    %load/vec4 v000001bdf64ced70_0;
    %assign/vec4 v000001bdf64cf1d0_0, 0;
    %load/vec4 v000001bdf64ce9b0_0;
    %assign/vec4 v000001bdf64ce910_0, 0;
    %load/vec4 v000001bdf64cf4f0_0;
    %assign/vec4 v000001bdf64d1070_0, 0;
    %load/vec4 v000001bdf64d0490_0;
    %assign/vec4 v000001bdf64cfdb0_0, 0;
    %load/vec4 v000001bdf64d03f0_0;
    %assign/vec4 v000001bdf64d0cb0_0, 0;
    %load/vec4 v000001bdf64d0d50_0;
    %assign/vec4 v000001bdf64cecd0_0, 0;
    %load/vec4 v000001bdf64cfc70_0;
    %assign/vec4 v000001bdf64d00d0_0, 0;
    %load/vec4 v000001bdf64cfb30_0;
    %assign/vec4 v000001bdf64cf270_0, 0;
    %load/vec4 v000001bdf64d0850_0;
    %assign/vec4 v000001bdf64d07b0_0, 0;
    %load/vec4 v000001bdf64cff90_0;
    %assign/vec4 v000001bdf64cf630_0, 0;
    %load/vec4 v000001bdf64cf590_0;
    %assign/vec4 v000001bdf64cf3b0_0, 0;
    %load/vec4 v000001bdf64d0c10_0;
    %assign/vec4 v000001bdf64cec30_0, 0;
    %pushi/vec4 0, 0, 1;
    %assign/vec4 v000001bdf64cee10_0, 0;
T_14.26 ;
    %load/vec4 v000001bdf64d8c30_0;
    %assign/vec4 v000001bdf64d8af0_0, 0;
    %load/vec4 v000001bdf64d6890_0;
    %assign/vec4 v000001bdf64d85f0_0, 0;
    %load/vec4 v000001bdf64d6bb0_0;
    %assign/vec4 v000001bdf64d6a70_0, 0;
    %load/vec4 v000001bdf64d66b0_0;
    %assign/vec4 v000001bdf64d82d0_0, 0;
    %load/vec4 v000001bdf64d6d90_0;
    %assign/vec4 v000001bdf64d8050_0, 0;
    %load/vec4 v000001bdf64d7330_0;
    %assign/vec4 v000001bdf64d7290_0, 0;
    %load/vec4 v000001bdf64d8b90_0;
    %assign/vec4 v000001bdf64d8a50_0, 0;
    %load/vec4 v000001bdf64d7010_0;
    %assign/vec4 v000001bdf64d6f70_0, 0;
    %load/vec4 v000001bdf64d8910_0;
    %assign/vec4 v000001bdf64d96d0_0, 0;
    %load/vec4 v000001bdf64d8cd0_0;
    %assign/vec4 v000001bdf64d9090_0, 0;
    %load/vec4 v000001bdf64d7150_0;
    %assign/vec4 v000001bdf64d7970_0, 0;
    %load/vec4 v000001bdf64d8550_0;
    %assign/vec4 v000001bdf64d6390_0, 0;
    %load/vec4 v000001bdf64d6ed0_0;
    %assign/vec4 v000001bdf64d64d0_0, 0;
    %load/vec4 v000001bdf64d84b0_0;
    %assign/vec4 v000001bdf64d7470_0, 0;
    %load/vec4 v000001bdf64d6cf0_0;
    %assign/vec4 v000001bdf64d8870_0, 0;
    %load/vec4 v000001bdf64d6110_0;
    %assign/vec4 v000001bdf64d7bf0_0, 0;
    %load/vec4 v000001bdf64d8230_0;
    %assign/vec4 v000001bdf64d6930_0, 0;
    %load/vec4 v000001bdf64d6e30_0;
    %assign/vec4 v000001bdf64d7f10_0, 0;
    %load/vec4 v000001bdf64d7e70_0;
    %assign/vec4 v000001bdf64d8410_0, 0;
    %load/vec4 v000001bdf64d80f0_0;
    %assign/vec4 v000001bdf64d8370_0, 0;
    %load/vec4 v000001bdf64d67f0_0;
    %assign/vec4 v000001bdf64d7c90_0, 0;
    %load/vec4 v000001bdf64d6430_0;
    %assign/vec4 v000001bdf64d76f0_0, 0;
    %load/vec4 v000001bdf64d71f0_0;
    %assign/vec4 v000001bdf64d70b0_0, 0;
    %load/vec4 v000001bdf64d75b0_0;
    %assign/vec4 v000001bdf64d78d0_0, 0;
    %load/vec4 v000001bdf64d6610_0;
    %assign/vec4 v000001bdf64d7790_0, 0;
    %load/vec4 v000001bdf64d6570_0;
    %assign/vec4 v000001bdf64d8190_0, 0;
    %load/vec4 v000001bdf64d7fb0_0;
    %assign/vec4 v000001bdf64d69d0_0, 0;
T_14.4 ;
T_14.3 ;
T_14.1 ;
    %jmp T_14;
    .thread T_14;
    .scope S_000001bdf64db710;
T_15 ;
    %wait E_000001bdf64014b0;
    %load/vec4 v000001bdf64cd5b0_0;
    %flag_set/vec4 8;
    %jmp/0xz  T_15.0, 8;
    %pushi/vec4 0, 0, 1;
    %ix/load 3, 1, 0;
    %flag_set/imm 4, 0;
    %ix/load 4, 0, 0; Constant delay
    %assign/vec4/a/d v000001bdf64ccc50, 0, 4;
    %pushi/vec4 0, 0, 1;
    %ix/load 3, 1, 0;
    %flag_set/imm 4, 0;
    %ix/load 4, 0, 0; Constant delay
    %assign/vec4/a/d v000001bdf64cccf0, 0, 4;
    %jmp T_15.1;
T_15.0 ;
    %ix/load 4, 0, 0;
    %flag_set/imm 4, 0;
    %load/vec4a v000001bdf64ccd90, 4;
    %ix/load 3, 1, 0;
    %flag_set/imm 4, 0;
    %ix/load 4, 0, 0; Constant delay
    %assign/vec4/a/d v000001bdf64ccd90, 0, 4;
    %ix/load 4, 0, 0;
    %flag_set/imm 4, 0;
    %load/vec4a v000001bdf64ccc50, 4;
    %ix/load 3, 1, 0;
    %flag_set/imm 4, 0;
    %ix/load 4, 0, 0; Constant delay
    %assign/vec4/a/d v000001bdf64ccc50, 0, 4;
    %ix/load 4, 0, 0;
    %flag_set/imm 4, 0;
    %load/vec4a v000001bdf64cccf0, 4;
    %ix/load 3, 1, 0;
    %flag_set/imm 4, 0;
    %ix/load 4, 0, 0; Constant delay
    %assign/vec4/a/d v000001bdf64cccf0, 0, 4;
    %ix/load 4, 0, 0;
    %flag_set/imm 4, 0;
    %load/vec4a v000001bdf64ce7d0, 4;
    %ix/load 3, 1, 0;
    %flag_set/imm 4, 0;
    %ix/load 4, 0, 0; Constant delay
    %assign/vec4/a/d v000001bdf64ce7d0, 0, 4;
    %ix/load 4, 0, 0;
    %flag_set/imm 4, 0;
    %load/vec4a v000001bdf64cdf10, 4;
    %ix/load 3, 1, 0;
    %flag_set/imm 4, 0;
    %ix/load 4, 0, 0; Constant delay
    %assign/vec4/a/d v000001bdf64cdf10, 0, 4;
T_15.1 ;
    %jmp T_15;
    .thread T_15;
    .scope S_000001bdf64daa90;
T_16 ;
    %wait E_000001bdf64014b0;
    %load/vec4 v000001bdf64cd5b0_0;
    %flag_set/vec4 8;
    %jmp/0xz  T_16.0, 8;
    %pushi/vec4 0, 0, 1;
    %ix/load 3, 2, 0;
    %flag_set/imm 4, 0;
    %ix/load 4, 0, 0; Constant delay
    %assign/vec4/a/d v000001bdf64ccc50, 0, 4;
    %pushi/vec4 0, 0, 1;
    %ix/load 3, 2, 0;
    %flag_set/imm 4, 0;
    %ix/load 4, 0, 0; Constant delay
    %assign/vec4/a/d v000001bdf64cccf0, 0, 4;
    %jmp T_16.1;
T_16.0 ;
    %ix/load 4, 1, 0;
    %flag_set/imm 4, 0;
    %load/vec4a v000001bdf64ccd90, 4;
    %ix/load 3, 2, 0;
    %flag_set/imm 4, 0;
    %ix/load 4, 0, 0; Constant delay
    %assign/vec4/a/d v000001bdf64ccd90, 0, 4;
    %ix/load 4, 1, 0;
    %flag_set/imm 4, 0;
    %load/vec4a v000001bdf64ccc50, 4;
    %ix/load 3, 2, 0;
    %flag_set/imm 4, 0;
    %ix/load 4, 0, 0; Constant delay
    %assign/vec4/a/d v000001bdf64ccc50, 0, 4;
    %ix/load 4, 1, 0;
    %flag_set/imm 4, 0;
    %load/vec4a v000001bdf64cccf0, 4;
    %ix/load 3, 2, 0;
    %flag_set/imm 4, 0;
    %ix/load 4, 0, 0; Constant delay
    %assign/vec4/a/d v000001bdf64cccf0, 0, 4;
    %ix/load 4, 1, 0;
    %flag_set/imm 4, 0;
    %load/vec4a v000001bdf64ce7d0, 4;
    %ix/load 3, 2, 0;
    %flag_set/imm 4, 0;
    %ix/load 4, 0, 0; Constant delay
    %assign/vec4/a/d v000001bdf64ce7d0, 0, 4;
    %ix/load 4, 1, 0;
    %flag_set/imm 4, 0;
    %load/vec4a v000001bdf64cdf10, 4;
    %ix/load 3, 2, 0;
    %flag_set/imm 4, 0;
    %ix/load 4, 0, 0; Constant delay
    %assign/vec4/a/d v000001bdf64cdf10, 0, 4;
T_16.1 ;
    %jmp T_16;
    .thread T_16;
    .scope S_000001bdf64db0d0;
T_17 ;
    %wait E_000001bdf64014b0;
    %load/vec4 v000001bdf64cd5b0_0;
    %flag_set/vec4 8;
    %jmp/0xz  T_17.0, 8;
    %pushi/vec4 0, 0, 1;
    %ix/load 3, 3, 0;
    %flag_set/imm 4, 0;
    %ix/load 4, 0, 0; Constant delay
    %assign/vec4/a/d v000001bdf64ccc50, 0, 4;
    %pushi/vec4 0, 0, 1;
    %ix/load 3, 3, 0;
    %flag_set/imm 4, 0;
    %ix/load 4, 0, 0; Constant delay
    %assign/vec4/a/d v000001bdf64cccf0, 0, 4;
    %jmp T_17.1;
T_17.0 ;
    %ix/load 4, 2, 0;
    %flag_set/imm 4, 0;
    %load/vec4a v000001bdf64ccd90, 4;
    %ix/load 3, 3, 0;
    %flag_set/imm 4, 0;
    %ix/load 4, 0, 0; Constant delay
    %assign/vec4/a/d v000001bdf64ccd90, 0, 4;
    %ix/load 4, 2, 0;
    %flag_set/imm 4, 0;
    %load/vec4a v000001bdf64ccc50, 4;
    %ix/load 3, 3, 0;
    %flag_set/imm 4, 0;
    %ix/load 4, 0, 0; Constant delay
    %assign/vec4/a/d v000001bdf64ccc50, 0, 4;
    %ix/load 4, 2, 0;
    %flag_set/imm 4, 0;
    %load/vec4a v000001bdf64cccf0, 4;
    %ix/load 3, 3, 0;
    %flag_set/imm 4, 0;
    %ix/load 4, 0, 0; Constant delay
    %assign/vec4/a/d v000001bdf64cccf0, 0, 4;
    %ix/load 4, 2, 0;
    %flag_set/imm 4, 0;
    %load/vec4a v000001bdf64ce7d0, 4;
    %ix/load 3, 3, 0;
    %flag_set/imm 4, 0;
    %ix/load 4, 0, 0; Constant delay
    %assign/vec4/a/d v000001bdf64ce7d0, 0, 4;
    %ix/load 4, 2, 0;
    %flag_set/imm 4, 0;
    %load/vec4a v000001bdf64cdf10, 4;
    %ix/load 3, 3, 0;
    %flag_set/imm 4, 0;
    %ix/load 4, 0, 0; Constant delay
    %assign/vec4/a/d v000001bdf64cdf10, 0, 4;
T_17.1 ;
    %jmp T_17;
    .thread T_17;
    .scope S_000001bdf64c9330;
T_18 ;
    %wait E_000001bdf64014b0;
    %load/vec4 v000001bdf64cd5b0_0;
    %flag_set/vec4 8;
    %jmp/0xz  T_18.0, 8;
    %pushi/vec4 0, 0, 1;
    %assign/vec4 v000001bdf64cc390_0, 0;
    %jmp T_18.1;
T_18.0 ;
    %load/vec4 v000001bdf64cc390_0;
    %pad/u 32;
    %cmpi/e 1, 0, 32;
    %jmp/0xz  T_18.2, 4;
    %pushi/vec4 0, 0, 1;
    %assign/vec4 v000001bdf64cc390_0, 0;
    %jmp T_18.3;
T_18.2 ;
    %load/vec4 v000001bdf64ce2d0_0;
    %nor/r;
    %load/vec4 v000001bdf64ce5f0_0;
    %or;
    %load/vec4 v000001bdf64cd8d0_0;
    %or;
    %flag_set/vec4 8;
    %jmp/0xz  T_18.4, 8;
    %load/vec4 v000001bdf64cc390_0;
    %pad/u 2;
    %addi 1, 0, 2;
    %pad/u 1;
    %assign/vec4 v000001bdf64cc390_0, 0;
T_18.4 ;
T_18.3 ;
T_18.1 ;
    %jmp T_18;
    .thread T_18;
    .scope S_000001bdf64c9330;
T_19 ;
    %wait E_000001bdf64014b0;
    %load/vec4 v000001bdf64cd5b0_0;
    %flag_set/vec4 8;
    %jmp/0xz  T_19.0, 8;
    %pushi/vec4 0, 0, 1;
    %ix/load 3, 0, 0;
    %flag_set/imm 4, 0;
    %ix/load 4, 0, 0; Constant delay
    %assign/vec4/a/d v000001bdf64ccc50, 0, 4;
    %pushi/vec4 0, 0, 1;
    %ix/load 3, 0, 0;
    %flag_set/imm 4, 0;
    %ix/load 4, 0, 0; Constant delay
    %assign/vec4/a/d v000001bdf64cccf0, 0, 4;
    %jmp T_19.1;
T_19.0 ;
    %load/vec4 v000001bdf64ce410_0;
    %ix/load 3, 0, 0;
    %flag_set/imm 4, 0;
    %ix/load 4, 0, 0; Constant delay
    %assign/vec4/a/d v000001bdf64ccd90, 0, 4;
    %load/vec4 v000001bdf64ce2d0_0;
    %load/vec4 v000001bdf64ce5f0_0;
    %and;
    %ix/load 3, 0, 0;
    %flag_set/imm 4, 0;
    %ix/load 4, 0, 0; Constant delay
    %assign/vec4/a/d v000001bdf64ccc50, 0, 4;
    %load/vec4 v000001bdf64ce2d0_0;
    %load/vec4 v000001bdf64cd8d0_0;
    %and;
    %ix/load 3, 0, 0;
    %flag_set/imm 4, 0;
    %ix/load 4, 0, 0; Constant delay
    %assign/vec4/a/d v000001bdf64cccf0, 0, 4;
    %load/vec4 v000001bdf64cd6f0_0;
    %ix/load 3, 0, 0;
    %flag_set/imm 4, 0;
    %ix/load 4, 0, 0; Constant delay
    %assign/vec4/a/d v000001bdf64ce7d0, 0, 4;
    %load/vec4 v000001bdf64cc2f0_0;
    %ix/load 3, 0, 0;
    %flag_set/imm 4, 0;
    %ix/load 4, 0, 0; Constant delay
    %assign/vec4/a/d v000001bdf64cdf10, 0, 4;
T_19.1 ;
    %jmp T_19;
    .thread T_19;
    .scope S_000001bdf64c9330;
T_20 ;
    %wait E_000001bdf64014b0;
    %load/vec4 v000001bdf64cde70_0;
    %load/vec4 v000001bdf64cc430_0;
    %parti/s 1, 0, 2;
    %and;
    %flag_set/vec4 8;
    %jmp/0xz  T_20.0, 8;
    %load/vec4 v000001bdf64cd010_0;
    %parti/s 8, 0, 2;
    %load/vec4 v000001bdf64cda10_0;
    %addi 0, 0, 32;
    %ix/vec4 3;
    %ix/load 4, 0, 0; Constant delay
    %assign/vec4/a/d v000001bdf64cc610, 0, 4;
T_20.0 ;
    %load/vec4 v000001bdf64cde70_0;
    %load/vec4 v000001bdf64cc430_0;
    %parti/s 1, 1, 2;
    %and;
    %flag_set/vec4 8;
    %jmp/0xz  T_20.2, 8;
    %load/vec4 v000001bdf64cd010_0;
    %parti/s 8, 8, 5;
    %load/vec4 v000001bdf64cda10_0;
    %addi 1, 0, 32;
    %ix/vec4 3;
    %ix/load 4, 0, 0; Constant delay
    %assign/vec4/a/d v000001bdf64cc610, 0, 4;
T_20.2 ;
    %load/vec4 v000001bdf64cde70_0;
    %load/vec4 v000001bdf64cc430_0;
    %parti/s 1, 2, 3;
    %and;
    %flag_set/vec4 8;
    %jmp/0xz  T_20.4, 8;
    %load/vec4 v000001bdf64cd010_0;
    %parti/s 8, 16, 6;
    %load/vec4 v000001bdf64cda10_0;
    %addi 2, 0, 32;
    %ix/vec4 3;
    %ix/load 4, 0, 0; Constant delay
    %assign/vec4/a/d v000001bdf64cc610, 0, 4;
T_20.4 ;
    %load/vec4 v000001bdf64cde70_0;
    %load/vec4 v000001bdf64cc430_0;
    %parti/s 1, 3, 3;
    %and;
    %flag_set/vec4 8;
    %jmp/0xz  T_20.6, 8;
    %load/vec4 v000001bdf64cd010_0;
    %parti/s 8, 24, 6;
    %load/vec4 v000001bdf64cda10_0;
    %addi 3, 0, 32;
    %ix/vec4 3;
    %ix/load 4, 0, 0; Constant delay
    %assign/vec4/a/d v000001bdf64cc610, 0, 4;
T_20.6 ;
    %jmp T_20;
    .thread T_20;
    .scope S_000001bdf64c8c70;
T_21 ;
    %wait E_000001bdf64014b0;
    %load/vec4 v000001bdf64cab30_0;
    %flag_set/vec4 8;
    %jmp/0xz  T_21.0, 8;
    %pushi/vec4 0, 0, 1;
    %ix/load 3, 1, 0;
    %flag_set/imm 4, 0;
    %ix/load 4, 0, 0; Constant delay
    %assign/vec4/a/d v000001bdf64cbad0, 0, 4;
    %pushi/vec4 0, 0, 1;
    %ix/load 3, 1, 0;
    %flag_set/imm 4, 0;
    %ix/load 4, 0, 0; Constant delay
    %assign/vec4/a/d v000001bdf64cc070, 0, 4;
    %jmp T_21.1;
T_21.0 ;
    %ix/load 4, 0, 0;
    %flag_set/imm 4, 0;
    %load/vec4a v000001bdf64cb530, 4;
    %ix/load 3, 1, 0;
    %flag_set/imm 4, 0;
    %ix/load 4, 0, 0; Constant delay
    %assign/vec4/a/d v000001bdf64cb530, 0, 4;
    %ix/load 4, 0, 0;
    %flag_set/imm 4, 0;
    %load/vec4a v000001bdf64cbad0, 4;
    %ix/load 3, 1, 0;
    %flag_set/imm 4, 0;
    %ix/load 4, 0, 0; Constant delay
    %assign/vec4/a/d v000001bdf64cbad0, 0, 4;
    %ix/load 4, 0, 0;
    %flag_set/imm 4, 0;
    %load/vec4a v000001bdf64cc070, 4;
    %ix/load 3, 1, 0;
    %flag_set/imm 4, 0;
    %ix/load 4, 0, 0; Constant delay
    %assign/vec4/a/d v000001bdf64cc070, 0, 4;
    %ix/load 4, 0, 0;
    %flag_set/imm 4, 0;
    %load/vec4a v000001bdf64cabd0, 4;
    %ix/load 3, 1, 0;
    %flag_set/imm 4, 0;
    %ix/load 4, 0, 0; Constant delay
    %assign/vec4/a/d v000001bdf64cabd0, 0, 4;
    %ix/load 4, 0, 0;
    %flag_set/imm 4, 0;
    %load/vec4a v000001bdf64cbc10, 4;
    %ix/load 3, 1, 0;
    %flag_set/imm 4, 0;
    %ix/load 4, 0, 0; Constant delay
    %assign/vec4/a/d v000001bdf64cbc10, 0, 4;
T_21.1 ;
    %jmp T_21;
    .thread T_21;
    .scope S_000001bdf64c8e00;
T_22 ;
    %wait E_000001bdf64014b0;
    %load/vec4 v000001bdf64cab30_0;
    %flag_set/vec4 8;
    %jmp/0xz  T_22.0, 8;
    %pushi/vec4 0, 0, 1;
    %ix/load 3, 2, 0;
    %flag_set/imm 4, 0;
    %ix/load 4, 0, 0; Constant delay
    %assign/vec4/a/d v000001bdf64cbad0, 0, 4;
    %pushi/vec4 0, 0, 1;
    %ix/load 3, 2, 0;
    %flag_set/imm 4, 0;
    %ix/load 4, 0, 0; Constant delay
    %assign/vec4/a/d v000001bdf64cc070, 0, 4;
    %jmp T_22.1;
T_22.0 ;
    %ix/load 4, 1, 0;
    %flag_set/imm 4, 0;
    %load/vec4a v000001bdf64cb530, 4;
    %ix/load 3, 2, 0;
    %flag_set/imm 4, 0;
    %ix/load 4, 0, 0; Constant delay
    %assign/vec4/a/d v000001bdf64cb530, 0, 4;
    %ix/load 4, 1, 0;
    %flag_set/imm 4, 0;
    %load/vec4a v000001bdf64cbad0, 4;
    %ix/load 3, 2, 0;
    %flag_set/imm 4, 0;
    %ix/load 4, 0, 0; Constant delay
    %assign/vec4/a/d v000001bdf64cbad0, 0, 4;
    %ix/load 4, 1, 0;
    %flag_set/imm 4, 0;
    %load/vec4a v000001bdf64cc070, 4;
    %ix/load 3, 2, 0;
    %flag_set/imm 4, 0;
    %ix/load 4, 0, 0; Constant delay
    %assign/vec4/a/d v000001bdf64cc070, 0, 4;
    %ix/load 4, 1, 0;
    %flag_set/imm 4, 0;
    %load/vec4a v000001bdf64cabd0, 4;
    %ix/load 3, 2, 0;
    %flag_set/imm 4, 0;
    %ix/load 4, 0, 0; Constant delay
    %assign/vec4/a/d v000001bdf64cabd0, 0, 4;
    %ix/load 4, 1, 0;
    %flag_set/imm 4, 0;
    %load/vec4a v000001bdf64cbc10, 4;
    %ix/load 3, 2, 0;
    %flag_set/imm 4, 0;
    %ix/load 4, 0, 0; Constant delay
    %assign/vec4/a/d v000001bdf64cbc10, 0, 4;
T_22.1 ;
    %jmp T_22;
    .thread T_22;
    .scope S_000001bdf64c8f90;
T_23 ;
    %wait E_000001bdf64014b0;
    %load/vec4 v000001bdf64cab30_0;
    %flag_set/vec4 8;
    %jmp/0xz  T_23.0, 8;
    %pushi/vec4 0, 0, 1;
    %ix/load 3, 3, 0;
    %flag_set/imm 4, 0;
    %ix/load 4, 0, 0; Constant delay
    %assign/vec4/a/d v000001bdf64cbad0, 0, 4;
    %pushi/vec4 0, 0, 1;
    %ix/load 3, 3, 0;
    %flag_set/imm 4, 0;
    %ix/load 4, 0, 0; Constant delay
    %assign/vec4/a/d v000001bdf64cc070, 0, 4;
    %jmp T_23.1;
T_23.0 ;
    %ix/load 4, 2, 0;
    %flag_set/imm 4, 0;
    %load/vec4a v000001bdf64cb530, 4;
    %ix/load 3, 3, 0;
    %flag_set/imm 4, 0;
    %ix/load 4, 0, 0; Constant delay
    %assign/vec4/a/d v000001bdf64cb530, 0, 4;
    %ix/load 4, 2, 0;
    %flag_set/imm 4, 0;
    %load/vec4a v000001bdf64cbad0, 4;
    %ix/load 3, 3, 0;
    %flag_set/imm 4, 0;
    %ix/load 4, 0, 0; Constant delay
    %assign/vec4/a/d v000001bdf64cbad0, 0, 4;
    %ix/load 4, 2, 0;
    %flag_set/imm 4, 0;
    %load/vec4a v000001bdf64cc070, 4;
    %ix/load 3, 3, 0;
    %flag_set/imm 4, 0;
    %ix/load 4, 0, 0; Constant delay
    %assign/vec4/a/d v000001bdf64cc070, 0, 4;
    %ix/load 4, 2, 0;
    %flag_set/imm 4, 0;
    %load/vec4a v000001bdf64cabd0, 4;
    %ix/load 3, 3, 0;
    %flag_set/imm 4, 0;
    %ix/load 4, 0, 0; Constant delay
    %assign/vec4/a/d v000001bdf64cabd0, 0, 4;
    %ix/load 4, 2, 0;
    %flag_set/imm 4, 0;
    %load/vec4a v000001bdf64cbc10, 4;
    %ix/load 3, 3, 0;
    %flag_set/imm 4, 0;
    %ix/load 4, 0, 0; Constant delay
    %assign/vec4/a/d v000001bdf64cbc10, 0, 4;
T_23.1 ;
    %jmp T_23;
    .thread T_23;
    .scope S_000001bdf6448a60;
T_24 ;
    %wait E_000001bdf64014b0;
    %load/vec4 v000001bdf64cab30_0;
    %flag_set/vec4 8;
    %jmp/0xz  T_24.0, 8;
    %pushi/vec4 0, 0, 1;
    %assign/vec4 v000001bdf64ca6d0_0, 0;
    %jmp T_24.1;
T_24.0 ;
    %load/vec4 v000001bdf64ca6d0_0;
    %pad/u 32;
    %cmpi/e 1, 0, 32;
    %jmp/0xz  T_24.2, 4;
    %pushi/vec4 0, 0, 1;
    %assign/vec4 v000001bdf64ca6d0_0, 0;
    %jmp T_24.3;
T_24.2 ;
    %load/vec4 v000001bdf64cb8f0_0;
    %nor/r;
    %load/vec4 v000001bdf64c9f50_0;
    %or;
    %load/vec4 v000001bdf64caef0_0;
    %or;
    %flag_set/vec4 8;
    %jmp/0xz  T_24.4, 8;
    %load/vec4 v000001bdf64ca6d0_0;
    %pad/u 2;
    %addi 1, 0, 2;
    %pad/u 1;
    %assign/vec4 v000001bdf64ca6d0_0, 0;
T_24.4 ;
T_24.3 ;
T_24.1 ;
    %jmp T_24;
    .thread T_24;
    .scope S_000001bdf6448a60;
T_25 ;
    %wait E_000001bdf64014b0;
    %load/vec4 v000001bdf64cab30_0;
    %flag_set/vec4 8;
    %jmp/0xz  T_25.0, 8;
    %pushi/vec4 0, 0, 1;
    %ix/load 3, 0, 0;
    %flag_set/imm 4, 0;
    %ix/load 4, 0, 0; Constant delay
    %assign/vec4/a/d v000001bdf64cbad0, 0, 4;
    %pushi/vec4 0, 0, 1;
    %ix/load 3, 0, 0;
    %flag_set/imm 4, 0;
    %ix/load 4, 0, 0; Constant delay
    %assign/vec4/a/d v000001bdf64cc070, 0, 4;
    %jmp T_25.1;
T_25.0 ;
    %load/vec4 v000001bdf64ca9f0_0;
    %ix/load 3, 0, 0;
    %flag_set/imm 4, 0;
    %ix/load 4, 0, 0; Constant delay
    %assign/vec4/a/d v000001bdf64cb530, 0, 4;
    %load/vec4 v000001bdf64cb8f0_0;
    %load/vec4 v000001bdf64c9f50_0;
    %and;
    %ix/load 3, 0, 0;
    %flag_set/imm 4, 0;
    %ix/load 4, 0, 0; Constant delay
    %assign/vec4/a/d v000001bdf64cbad0, 0, 4;
    %load/vec4 v000001bdf64cb8f0_0;
    %load/vec4 v000001bdf64caef0_0;
    %and;
    %ix/load 3, 0, 0;
    %flag_set/imm 4, 0;
    %ix/load 4, 0, 0; Constant delay
    %assign/vec4/a/d v000001bdf64cc070, 0, 4;
    %load/vec4 v000001bdf64ca1d0_0;
    %ix/load 3, 0, 0;
    %flag_set/imm 4, 0;
    %ix/load 4, 0, 0; Constant delay
    %assign/vec4/a/d v000001bdf64cabd0, 0, 4;
    %load/vec4 v000001bdf64cb710_0;
    %ix/load 3, 0, 0;
    %flag_set/imm 4, 0;
    %ix/load 4, 0, 0; Constant delay
    %assign/vec4/a/d v000001bdf64cbc10, 0, 4;
T_25.1 ;
    %jmp T_25;
    .thread T_25;
    .scope S_000001bdf6448a60;
T_26 ;
    %wait E_000001bdf64014b0;
    %load/vec4 v000001bdf64cbdf0_0;
    %load/vec4 v000001bdf64ca810_0;
    %parti/s 1, 0, 2;
    %and;
    %flag_set/vec4 8;
    %jmp/0xz  T_26.0, 8;
    %load/vec4 v000001bdf64cbd50_0;
    %parti/s 8, 0, 2;
    %load/vec4 v000001bdf64ca270_0;
    %addi 0, 0, 32;
    %ix/vec4 3;
    %ix/load 4, 0, 0; Constant delay
    %assign/vec4/a/d v000001bdf64cac70, 0, 4;
T_26.0 ;
    %load/vec4 v000001bdf64cbdf0_0;
    %load/vec4 v000001bdf64ca810_0;
    %parti/s 1, 1, 2;
    %and;
    %flag_set/vec4 8;
    %jmp/0xz  T_26.2, 8;
    %load/vec4 v000001bdf64cbd50_0;
    %parti/s 8, 8, 5;
    %load/vec4 v000001bdf64ca270_0;
    %addi 1, 0, 32;
    %ix/vec4 3;
    %ix/load 4, 0, 0; Constant delay
    %assign/vec4/a/d v000001bdf64cac70, 0, 4;
T_26.2 ;
    %load/vec4 v000001bdf64cbdf0_0;
    %load/vec4 v000001bdf64ca810_0;
    %parti/s 1, 2, 3;
    %and;
    %flag_set/vec4 8;
    %jmp/0xz  T_26.4, 8;
    %load/vec4 v000001bdf64cbd50_0;
    %parti/s 8, 16, 6;
    %load/vec4 v000001bdf64ca270_0;
    %addi 2, 0, 32;
    %ix/vec4 3;
    %ix/load 4, 0, 0; Constant delay
    %assign/vec4/a/d v000001bdf64cac70, 0, 4;
T_26.4 ;
    %load/vec4 v000001bdf64cbdf0_0;
    %load/vec4 v000001bdf64ca810_0;
    %parti/s 1, 3, 3;
    %and;
    %flag_set/vec4 8;
    %jmp/0xz  T_26.6, 8;
    %load/vec4 v000001bdf64cbd50_0;
    %parti/s 8, 24, 6;
    %load/vec4 v000001bdf64ca270_0;
    %addi 3, 0, 32;
    %ix/vec4 3;
    %ix/load 4, 0, 0; Constant delay
    %assign/vec4/a/d v000001bdf64cac70, 0, 4;
T_26.6 ;
    %jmp T_26;
    .thread T_26;
    .scope S_000001bdf6447130;
T_27 ;
    %pushi/vec4 1, 0, 1;
    %store/vec4 v000001bdf64ce730_0, 0, 1;
    %pushi/vec4 0, 0, 1;
    %store/vec4 v000001bdf64e3fa0_0, 0, 1;
    %vpi_call 2 125 "$display", "Loading program." {0 0 0};
    %pushi/vec4 0, 0, 32;
    %store/vec4 v000001bdf64cd830_0, 0, 32;
T_27.0 ;
    %load/vec4 v000001bdf64cd830_0;
    %cmpi/s 1024, 0, 32;
    %jmp/0xz T_27.1, 5;
    %pushi/vec4 0, 0, 8;
    %ix/getv/s 4, v000001bdf64cd830_0;
    %store/vec4a v000001bdf64cc610, 4, 0;
    %pushi/vec4 0, 0, 8;
    %ix/getv/s 4, v000001bdf64cd830_0;
    %store/vec4a v000001bdf64cac70, 4, 0;
    %load/vec4 v000001bdf64cd830_0;
    %addi 1, 0, 32;
    %store/vec4 v000001bdf64cd830_0, 0, 32;
    %jmp T_27.0;
T_27.1 ;
    %vpi_call 2 130 "$readmemh", "program.mem", v000001bdf64cc610 {0 0 0};
    %vpi_call 2 133 "$display", "Resetting hart." {0 0 0};
    %wait E_000001bdf6400930;
    %pushi/vec4 1, 0, 1;
    %store/vec4 v000001bdf64e3fa0_0, 0, 1;
    %wait E_000001bdf6400930;
    %wait E_000001bdf6400930;
    %wait E_000001bdf6400930;
    %pushi/vec4 0, 0, 1;
    %store/vec4 v000001bdf64e3fa0_0, 0, 1;
    %vpi_call 2 139 "$display", "%-10s %-8s %-14s %-14s %s", "PC", "Inst", "rs1", "rs2", "[rd, load, store]" {0 0 0};
    %pushi/vec4 0, 0, 32;
    %store/vec4 v000001bdf64cd3d0_0, 0, 32;
    %pushi/vec4 1, 0, 32;
    %store/vec4 v000001bdf64e4e00_0, 0, 32;
    %pushi/vec4 0, 0, 32;
    %store/vec4 v000001bdf64e3820_0, 0, 32;
T_27.2 ;
    %load/vec4 v000001bdf64e4e00_0;
    %or/r;
    %flag_set/vec4 8;
    %jmp/0xz T_27.3, 8;
    %wait E_000001bdf64014b0;
    %load/vec4 v000001bdf64cd3d0_0;
    %addi 1, 0, 32;
    %store/vec4 v000001bdf64cd3d0_0, 0, 32;
    %load/vec4 v000001bdf64e3be0_0;
    %flag_set/vec4 8;
    %jmp/0xz  T_27.4, 8;
    %load/vec4 v000001bdf64e3820_0;
    %addi 1, 0, 32;
    %store/vec4 v000001bdf64e3820_0, 0, 32;
    %load/vec4 v000001bdf64e3640_0;
    %parti/s 4, 0, 2;
    %cmpi/e 7, 0, 4;
    %jmp/1 T_27.9, 4;
    %flag_mov 8, 4;
    %load/vec4 v000001bdf64e3640_0;
    %parti/s 7, 0, 2;
    %cmpi/e 115, 0, 7;
    %flag_or 4, 8;
T_27.9;
    %jmp/1 T_27.8, 4;
    %flag_mov 8, 4;
    %load/vec4 v000001bdf64e3640_0;
    %parti/s 7, 0, 2;
    %cmpi/e 111, 0, 7;
    %flag_or 4, 8;
T_27.8;
    %jmp/0xz  T_27.6, 4;
    %vpi_call 2 152 "$write", "[%08h] %08h r[--]=-------- r[--]=--------", v000001bdf64e3280_0, v000001bdf64e3640_0 {0 0 0};
    %jmp T_27.7;
T_27.6 ;
    %load/vec4 v000001bdf64e3640_0;
    %parti/s 7, 0, 2;
    %cmpi/e 19, 0, 7;
    %jmp/1 T_27.13, 4;
    %flag_mov 8, 4;
    %load/vec4 v000001bdf64e3640_0;
    %parti/s 7, 0, 2;
    %cmpi/e 3, 0, 7;
    %flag_or 4, 8;
T_27.13;
    %jmp/1 T_27.12, 4;
    %flag_mov 8, 4;
    %load/vec4 v000001bdf64e3640_0;
    %parti/s 7, 0, 2;
    %cmpi/e 103, 0, 7;
    %flag_or 4, 8;
T_27.12;
    %jmp/0xz  T_27.10, 4;
    %vpi_call 2 155 "$write", "[%08h] %08h r[%d]=%08h r[--]=--------", v000001bdf64e3280_0, v000001bdf64e3640_0, v000001bdf64e3500_0, v000001bdf64e4cc0_0 {0 0 0};
    %jmp T_27.11;
T_27.10 ;
    %vpi_call 2 157 "$write", "[%08h] %08h r[%d]=%08h r[%d]=%08h", v000001bdf64e3280_0, v000001bdf64e3640_0, v000001bdf64e3500_0, v000001bdf64e4cc0_0, v000001bdf64e4900_0, v000001bdf64e36e0_0 {0 0 0};
T_27.11 ;
T_27.7 ;
    %load/vec4 v000001bdf64e3d20_0;
    %cmpi/ne 0, 0, 5;
    %jmp/0xz  T_27.14, 4;
    %vpi_call 2 161 "$write", " w[%d]=%08h", v000001bdf64e3d20_0, v000001bdf64e4c20_0 {0 0 0};
T_27.14 ;
    %load/vec4 v000001bdf64e51c0_0;
    %flag_set/vec4 8;
    %jmp/0xz  T_27.16, 8;
    %vpi_call 2 164 "$write", " l[%08h,%04b]=%08h", v000001bdf64e49a0_0, v000001bdf64e4ae0_0, v000001bdf64e3e60_0 {0 0 0};
T_27.16 ;
    %load/vec4 v000001bdf64e4220_0;
    %flag_set/vec4 8;
    %jmp/0xz  T_27.18, 8;
    %vpi_call 2 166 "$write", " s[%08h,%04b]=%08h", v000001bdf64e49a0_0, v000001bdf64e4ae0_0, v000001bdf64e4b80_0 {0 0 0};
T_27.18 ;
    %load/vec4 v000001bdf64e5260_0;
    %flag_set/vec4 8;
    %jmp/0xz  T_27.20, 8;
    %vpi_call 2 169 "$write", " TRAP" {0 0 0};
T_27.20 ;
    %vpi_call 2 170 "$display" {0 0 0};
    %load/vec4 v000001bdf64cdb50_0;
    %flag_set/vec4 8;
    %jmp/0xz  T_27.22, 8;
    %pushi/vec4 0, 0, 32;
    %store/vec4 v000001bdf64e4e00_0, 0, 32;
T_27.22 ;
T_27.4 ;
    %load/vec4 v000001bdf64cd3d0_0;
    %cmpi/s 40000, 0, 32;
    %flag_or 5, 4; GT is !LE
    %flag_inv 5;
    %jmp/0xz  T_27.24, 5;
    %vpi_call 2 177 "$display", "Program did not halt after 40000 cycles, aborting." {0 0 0};
    %pushi/vec4 0, 0, 32;
    %store/vec4 v000001bdf64e4e00_0, 0, 32;
T_27.24 ;
    %jmp T_27.2;
T_27.3 ;
    %vpi_call 2 182 "$display", "Program halted after %d cycles.", v000001bdf64cd3d0_0 {0 0 0};
    %vpi_call 2 183 "$display", "Total instructions retired: %d", v000001bdf64e3820_0 {0 0 0};
    %load/vec4 v000001bdf64e3820_0;
    %cmpi/e 0, 0, 32;
    %jmp/0xz  T_27.26, 4;
    %vpi_call 2 185 "$display", "CPI: invalid (no instructions retired)" {0 0 0};
    %jmp T_27.27;
T_27.26 ;
    %load/vec4 v000001bdf64cd3d0_0;
    %cvt/rv/s;
    %pushi/real 1073741824, 4066; load=1.00000
    %load/vec4 v000001bdf64e3820_0;
    %cvt/rv/s;
    %mul/wr;
    %div/wr;
    %vpi_call 2 187 "$display", "CPI: %f", W<0,r> {0 1 0};
T_27.27 ;
    %vpi_call 2 188 "$finish" {0 0 0};
    %end;
    .thread T_27;
    .scope S_000001bdf6447130;
T_28 ;
    %pushi/vec4 0, 0, 32;
    %store/vec4 v000001bdf64e3f00_0, 0, 32;
T_28.0 ;
    %load/vec4 v000001bdf64e3f00_0;
    %cmpi/s 40000, 0, 32;
    %jmp/0xz T_28.1, 5;
    %wait E_000001bdf64014b0;
    %load/vec4 v000001bdf64e3f00_0;
    %addi 1, 0, 32;
    %store/vec4 v000001bdf64e3f00_0, 0, 32;
    %jmp T_28.0;
T_28.1 ;
    %vpi_call 2 197 "$finish" {0 0 0};
    %end;
    .thread T_28;
    .scope S_000001bdf6447130;
T_29 ;
    %delay 5000, 0;
    %load/vec4 v000001bdf64ce730_0;
    %inv;
    %store/vec4 v000001bdf64ce730_0, 0, 1;
    %jmp T_29;
    .thread T_29;
# The file index is used to find the file name in the following table.
:file_names 14;
    "N/A";
    "<interactive>";
    "tb\tb.v";
    "rtl\hart.v";
    "rtl\cache.v";
    "rtl\decode.v";
    "lib\imm.v";
    "lib\rf.v";
    "rtl\execute.v";
    "lib\alu.v";
    "lib\alu_control_unit.v";
    "rtl\memory.v";
    "rtl\writeback.v";
    "rtl\tb_memory.v";
