#! /c/Source/iverilog-install/bin/vvp
:ivl_version "12.0 (devel)" "(s20150603-1539-g2693dd32b)";
:ivl_delay_selection "TYPICAL";
:vpi_time_precision - 12;
:vpi_module "D:\iverilog\lib\ivl\system.vpi";
:vpi_module "D:\iverilog\lib\ivl\vhdl_sys.vpi";
:vpi_module "D:\iverilog\lib\ivl\vhdl_textio.vpi";
:vpi_module "D:\iverilog\lib\ivl\v2005_math.vpi";
:vpi_module "D:\iverilog\lib\ivl\va_math.vpi";
S_0000024c64f94440 .scope module, "hart_tb" "hart_tb" 2 2;
 .timescale -9 -12;
P_0000024c64f4fca0 .param/l "DEBUG" 0 2 3, +C4<00000000000000000000000000000000>;
L_0000024c650970f0 .functor OR 1, L_0000024c65097240, L_0000024c65097160, C4<0>, C4<0>;
v0000024c650155a0_0 .var "clk", 0 0;
v0000024c65013340_0 .var/i "cycles", 31 0;
v0000024c65015500_0 .net "dmem_addr", 31 0, L_0000024c65096360;  1 drivers
v0000024c65013a20_0 .net "dmem_mask", 3 0, L_0000024c65096fa0;  1 drivers
v0000024c650151e0_0 .net "dmem_rdata", 31 0, L_0000024c65097400;  1 drivers
v0000024c650149c0_0 .net "dmem_ready", 0 0, L_0000024c65097390;  1 drivers
v0000024c650142e0_0 .net "dmem_ren", 0 0, L_0000024c650961a0;  1 drivers
v0000024c650133e0_0 .net "dmem_rvalid", 0 0, L_0000024c65097240;  1 drivers
v0000024c650153c0_0 .net "dmem_valid", 0 0, L_0000024c650970f0;  1 drivers
v0000024c65013660_0 .net "dmem_wdata", 31 0, L_0000024c65095db0;  1 drivers
v0000024c650147e0_0 .net "dmem_wdone", 0 0, L_0000024c65097160;  1 drivers
v0000024c650138e0_0 .net "dmem_wen", 0 0, L_0000024c65095a30;  1 drivers
v0000024c65014880_0 .net "halt", 0 0, L_0000024c65096210;  1 drivers
v0000024c65014a60_0 .var/i "i", 31 0;
v0000024c65014b00_0 .net "imem_raddr", 31 0, L_0000024c64eff330;  1 drivers
v0000024c65014c40_0 .net "imem_rdata", 31 0, L_0000024c650960c0;  1 drivers
v0000024c65014d80_0 .net "imem_ready", 0 0, L_0000024c650964b0;  1 drivers
v0000024c65014e20_0 .net "imem_ren", 0 0, L_0000024c64efdc00;  1 drivers
v0000024c65014ec0_0 .net "imem_valid", 0 0, L_0000024c650962f0;  1 drivers
v0000024c65014f60_0 .net "inst", 31 0, L_0000024c65095c60;  1 drivers
v0000024c65015140_0 .net "next_pc", 31 0, L_0000024c65096f30;  1 drivers
v0000024c65015280_0 .var/i "num_instructions", 31 0;
v0000024c65015320_0 .net "pc", 31 0, L_0000024c65095b10;  1 drivers
v0000024c65016cc0_0 .net "rd_waddr", 4 0, L_0000024c6507c9f0;  1 drivers
v0000024c65016d60_0 .net "rd_wdata", 31 0, L_0000024c65096590;  1 drivers
v0000024c65016c20_0 .net "retire_dmem_addr", 31 0, L_0000024c650968a0;  1 drivers
v0000024c650162c0_0 .net "retire_dmem_mask", 3 0, L_0000024c65095e20;  1 drivers
v0000024c65017800_0 .net "retire_dmem_rdata", 31 0, L_0000024c65096600;  1 drivers
v0000024c65015960_0 .net "retire_dmem_ren", 0 0, L_0000024c65095cd0;  1 drivers
v0000024c65017c60_0 .net "retire_dmem_wdata", 31 0, L_0000024c65096b40;  1 drivers
v0000024c650171c0_0 .net "retire_dmem_wen", 0 0, L_0000024c65096bb0;  1 drivers
v0000024c65017a80_0 .net "rs1_raddr", 4 0, L_0000024c65096ad0;  1 drivers
v0000024c650167c0_0 .net "rs1_rdata", 31 0, L_0000024c650963d0;  1 drivers
v0000024c65015be0_0 .net "rs2_raddr", 4 0, L_0000024c65095410;  1 drivers
v0000024c65017e40_0 .net "rs2_rdata", 31 0, L_0000024c650954f0;  1 drivers
v0000024c65017260_0 .var "rst", 0 0;
v0000024c65015a00_0 .var/i "run", 31 0;
v0000024c65015fa0_0 .net "trap", 0 0, L_0000024c650969f0;  1 drivers
v0000024c650178a0_0 .net "valid", 0 0, L_0000024c65095800;  1 drivers
v0000024c65017f80_0 .var/i "watchdog", 31 0;
E_0000024c64f50220 .event negedge, v0000024c64f72c90_0;
S_0000024c64f95da0 .scope module, "dut" "hart" 2 34, 3 3 0, S_0000024c64f94440;
 .timescale -9 -12;
    .port_info 0 /INPUT 1 "i_clk";
    .port_info 1 /INPUT 1 "i_rst";
    .port_info 2 /INPUT 1 "i_imem_ready";
    .port_info 3 /OUTPUT 32 "o_imem_raddr";
    .port_info 4 /OUTPUT 1 "o_imem_ren";
    .port_info 5 /INPUT 1 "i_imem_valid";
    .port_info 6 /INPUT 32 "i_imem_rdata";
    .port_info 7 /INPUT 1 "i_dmem_ready";
    .port_info 8 /OUTPUT 32 "o_dmem_addr";
    .port_info 9 /OUTPUT 1 "o_dmem_ren";
    .port_info 10 /OUTPUT 1 "o_dmem_wen";
    .port_info 11 /OUTPUT 32 "o_dmem_wdata";
    .port_info 12 /OUTPUT 4 "o_dmem_mask";
    .port_info 13 /INPUT 1 "i_dmem_valid";
    .port_info 14 /INPUT 32 "i_dmem_rdata";
    .port_info 15 /OUTPUT 1 "o_retire_valid";
    .port_info 16 /OUTPUT 32 "o_retire_inst";
    .port_info 17 /OUTPUT 1 "o_retire_trap";
    .port_info 18 /OUTPUT 1 "o_retire_halt";
    .port_info 19 /OUTPUT 5 "o_retire_rs1_raddr";
    .port_info 20 /OUTPUT 5 "o_retire_rs2_raddr";
    .port_info 21 /OUTPUT 32 "o_retire_rs1_rdata";
    .port_info 22 /OUTPUT 32 "o_retire_rs2_rdata";
    .port_info 23 /OUTPUT 5 "o_retire_rd_waddr";
    .port_info 24 /OUTPUT 32 "o_retire_rd_wdata";
    .port_info 25 /OUTPUT 32 "o_retire_dmem_addr";
    .port_info 26 /OUTPUT 4 "o_retire_dmem_mask";
    .port_info 27 /OUTPUT 1 "o_retire_dmem_ren";
    .port_info 28 /OUTPUT 1 "o_retire_dmem_wen";
    .port_info 29 /OUTPUT 32 "o_retire_dmem_rdata";
    .port_info 30 /OUTPUT 32 "o_retire_dmem_wdata";
    .port_info 31 /OUTPUT 32 "o_retire_pc";
    .port_info 32 /OUTPUT 32 "o_retire_next_pc";
P_0000024c64f50f20 .param/l "RESET_ADDR" 0 3 6, C4<00000000000000000000000000000000>;
L_0000024c64efdf10 .functor BUFZ 32, v0000024c6500ceb0_0, C4<00000000000000000000000000000000>, C4<00000000000000000000000000000000>, C4<00000000000000000000000000000000>;
L_0000024c64eff250 .functor BUFZ 32, L_0000024c650960c0, C4<00000000000000000000000000000000>, C4<00000000000000000000000000000000>, C4<00000000000000000000000000000000>;
L_0000024c64efe4c0 .functor NOT 1, L_0000024c65073c50, C4<0>, C4<0>, C4<0>;
L_0000024c64efdf80 .functor AND 1, v0000024c6500e3f0_0, L_0000024c64efe4c0, C4<1>, C4<1>;
L_0000024c64efe610 .functor NOT 1, L_0000024c650966e0, C4<0>, C4<0>, C4<0>;
L_0000024c64efef40 .functor AND 1, L_0000024c64efdf80, L_0000024c64efe610, C4<1>, C4<1>;
L_0000024c64efe5a0 .functor NOT 1, L_0000024c65074dd0, C4<0>, C4<0>, C4<0>;
L_0000024c64eff640 .functor AND 1, L_0000024c64efef40, L_0000024c64efe5a0, C4<1>, C4<1>;
L_0000024c64efe680 .functor NOT 1, v0000024c6500e3f0_0, C4<0>, C4<0>, C4<0>;
L_0000024c64efe6f0 .functor OR 1, L_0000024c64efe680, L_0000024c64eff640, C4<0>, C4<0>;
L_0000024c64efe760 .functor NOT 1, v0000024c65007d10_0, C4<0>, C4<0>, C4<0>;
L_0000024c64efea00 .functor NOT 1, v0000024c6500e7b0_0, C4<0>, C4<0>, C4<0>;
L_0000024c64efddc0 .functor AND 1, L_0000024c64efe760, L_0000024c64efea00, C4<1>, C4<1>;
L_0000024c64efe7d0 .functor AND 1, L_0000024c64efddc0, L_0000024c64efe6f0, C4<1>, C4<1>;
L_0000024c64efe840 .functor NOT 1, L_0000024c65074dd0, C4<0>, C4<0>, C4<0>;
L_0000024c64eff5d0 .functor AND 1, L_0000024c64efe7d0, L_0000024c64efe840, C4<1>, C4<1>;
L_0000024c64efeae0 .functor AND 1, L_0000024c64eff5d0, L_0000024c650964b0, C4<1>, C4<1>;
L_0000024c64efe990 .functor AND 1, L_0000024c650962f0, v0000024c6500e7b0_0, C4<1>, C4<1>;
L_0000024c64efebc0 .functor NOT 1, v0000024c6500e850_0, C4<0>, C4<0>, C4<0>;
L_0000024c64efeca0 .functor AND 1, L_0000024c64efe990, L_0000024c64efebc0, C4<1>, C4<1>;
L_0000024c64efed10 .functor NOT 1, L_0000024c65074dd0, C4<0>, C4<0>, C4<0>;
L_0000024c64efdff0 .functor AND 1, L_0000024c64efeca0, L_0000024c64efed10, C4<1>, C4<1>;
L_0000024c64eff330 .functor BUFZ 32, L_0000024c64efdf10, C4<00000000000000000000000000000000>, C4<00000000000000000000000000000000>, C4<00000000000000000000000000000000>;
L_0000024c64efdc00 .functor BUFZ 1, L_0000024c64efeae0, C4<0>, C4<0>, C4<0>;
L_0000024c64efed80 .functor BUFZ 1, L_0000024c64efdff0, C4<0>, C4<0>, C4<0>;
L_0000024c64efedf0 .functor BUFZ 32, v0000024c6500e8f0_0, C4<00000000000000000000000000000000>, C4<00000000000000000000000000000000>, C4<00000000000000000000000000000000>;
L_0000024c64efe140 .functor BUFZ 32, L_0000024c64eff250, C4<00000000000000000000000000000000>, C4<00000000000000000000000000000000>, C4<00000000000000000000000000000000>;
L_0000024c65074970 .functor OR 1, L_0000024c65018fc0, L_0000024c65018a20, C4<0>, C4<0>;
L_0000024c65073cc0 .functor OR 1, L_0000024c65074970, L_0000024c65019740, C4<0>, C4<0>;
L_0000024c65074510 .functor OR 1, L_0000024c65073cc0, L_0000024c6501a000, C4<0>, C4<0>;
L_0000024c650740b0 .functor OR 1, L_0000024c65074510, L_0000024c650192e0, C4<0>, C4<0>;
L_0000024c65073240 .functor OR 1, L_0000024c650740b0, L_0000024c65019880, C4<0>, C4<0>;
L_0000024c650749e0 .functor OR 1, L_0000024c65019600, L_0000024c650182a0, C4<0>, C4<0>;
L_0000024c65073470 .functor OR 1, L_0000024c650749e0, L_0000024c65019d80, C4<0>, C4<0>;
L_0000024c65074c10 .functor OR 1, L_0000024c65019ba0, L_0000024c65018840, C4<0>, C4<0>;
L_0000024c65073160 .functor AND 1, v0000024c6500e3f0_0, v0000024c6500fe30_0, C4<1>, C4<1>;
L_0000024c650745f0 .functor AND 1, L_0000024c65073160, v0000024c65009d90_0, C4<1>, C4<1>;
L_0000024c65074a50 .functor AND 1, L_0000024c650745f0, L_0000024c65018520, C4<1>, C4<1>;
L_0000024c65074740 .functor AND 1, L_0000024c65073240, L_0000024c6501a500, C4<1>, C4<1>;
L_0000024c650747b0 .functor AND 1, L_0000024c65074c10, L_0000024c65019920, C4<1>, C4<1>;
L_0000024c650738d0 .functor OR 1, L_0000024c65074740, L_0000024c650747b0, C4<0>, C4<0>;
L_0000024c65074b30 .functor AND 1, L_0000024c65074a50, L_0000024c650738d0, C4<1>, C4<1>;
L_0000024c6501be40 .functor BUFT 1, C4<0>, C4<0>, C4<0>, C4<0>;
L_0000024c650735c0 .functor OR 1, L_0000024c65074b30, L_0000024c6501be40, C4<0>, C4<0>;
L_0000024c6501be88 .functor BUFT 1, C4<0>, C4<0>, C4<0>, C4<0>;
L_0000024c65073c50 .functor OR 1, L_0000024c650735c0, L_0000024c6501be88, C4<0>, C4<0>;
L_0000024c650734e0 .functor BUFZ 1, v0000024c6500e3f0_0, C4<0>, C4<0>, C4<0>;
L_0000024c65074c80 .functor BUFZ 32, v0000024c6500de50_0, C4<00000000000000000000000000000000>, C4<00000000000000000000000000000000>, C4<00000000000000000000000000000000>;
L_0000024c65073630 .functor BUFZ 32, v0000024c6500f570_0, C4<00000000000000000000000000000000>, C4<00000000000000000000000000000000>, C4<00000000000000000000000000000000>;
L_0000024c650739b0 .functor BUFZ 32, v0000024c6500ddb0_0, C4<00000000000000000000000000000000>, C4<00000000000000000000000000000000>, C4<00000000000000000000000000000000>;
L_0000024c65074ac0 .functor BUFZ 5, L_0000024c64ddd8d0, C4<00000>, C4<00000>, C4<00000>;
L_0000024c650732b0 .functor BUFZ 5, L_0000024c649e6bf0, C4<00000>, C4<00000>, C4<00000>;
L_0000024c65074ba0 .functor BUFZ 5, L_0000024c65016ae0, C4<00000>, C4<00000>, C4<00000>;
L_0000024c65073e80 .functor BUFZ 32, L_0000024c64e2c570, C4<00000000000000000000000000000000>, C4<00000000000000000000000000000000>, C4<00000000000000000000000000000000>;
L_0000024c65074820 .functor BUFZ 32, L_0000024c65073da0, C4<00000000000000000000000000000000>, C4<00000000000000000000000000000000>, C4<00000000000000000000000000000000>;
L_0000024c65073e10 .functor BUFZ 32, L_0000024c650191a0, C4<00000000000000000000000000000000>, C4<00000000000000000000000000000000>, C4<00000000000000000000000000000000>;
L_0000024c65073b00 .functor BUFZ 1, L_0000024c64efdce0, C4<0>, C4<0>, C4<0>;
L_0000024c650737f0 .functor BUFZ 1, L_0000024c64efde30, C4<0>, C4<0>, C4<0>;
L_0000024c65073860 .functor BUFZ 3, L_0000024c65015aa0, C4<000>, C4<000>, C4<000>;
L_0000024c65073940 .functor BUFZ 1, L_0000024c64efdd50, C4<0>, C4<0>, C4<0>;
L_0000024c65073320 .functor BUFZ 1, L_0000024c64efdea0, C4<0>, C4<0>, C4<0>;
L_0000024c650730f0 .functor BUFZ 1, L_0000024c64effa30, C4<0>, C4<0>, C4<0>;
L_0000024c65073550 .functor BUFZ 1, L_0000024c64eff6b0, C4<0>, C4<0>, C4<0>;
L_0000024c65073d30 .functor BUFZ 1, L_0000024c64effb80, C4<0>, C4<0>, C4<0>;
L_0000024c65073390 .functor BUFZ 1, L_0000024c64effbf0, C4<0>, C4<0>, C4<0>;
L_0000024c65073a20 .functor BUFZ 1, L_0000024c64eff790, C4<0>, C4<0>, C4<0>;
L_0000024c65074580 .functor BUFZ 1, L_0000024c64effd40, C4<0>, C4<0>, C4<0>;
L_0000024c65073400 .functor BUFZ 1, L_0000024c64eff3a0, C4<0>, C4<0>, C4<0>;
L_0000024c65073ef0 .functor BUFZ 1, L_0000024c64eff4f0, C4<0>, C4<0>, C4<0>;
L_0000024c65073f60 .functor BUFZ 32, L_0000024c6507beb0, C4<00000000000000000000000000000000>, C4<00000000000000000000000000000000>, C4<00000000000000000000000000000000>;
L_0000024c65073b70 .functor AND 1, v0000024c6500fe30_0, v0000024c65008a30_0, C4<1>, C4<1>;
L_0000024c65074890 .functor AND 1, L_0000024c65073b70, v0000024c650087b0_0, C4<1>, C4<1>;
L_0000024c650736a0 .functor NOT 1, v0000024c65005470_0, C4<0>, C4<0>, C4<0>;
L_0000024c650744a0 .functor AND 1, L_0000024c65074890, L_0000024c650736a0, C4<1>, C4<1>;
L_0000024c650743c0 .functor AND 1, L_0000024c650744a0, L_0000024c6501a0a0, C4<1>, C4<1>;
L_0000024c65073710 .functor AND 1, L_0000024c650743c0, L_0000024c650188e0, C4<1>, C4<1>;
L_0000024c65073be0 .functor AND 1, v0000024c6500fe30_0, v0000024c65008a30_0, C4<1>, C4<1>;
L_0000024c65074900 .functor AND 1, L_0000024c65073be0, v0000024c650087b0_0, C4<1>, C4<1>;
L_0000024c65073fd0 .functor NOT 1, v0000024c65005470_0, C4<0>, C4<0>, C4<0>;
L_0000024c65074040 .functor AND 1, L_0000024c65074900, L_0000024c65073fd0, C4<1>, C4<1>;
L_0000024c65074120 .functor AND 1, L_0000024c65074040, L_0000024c6501a1e0, C4<1>, C4<1>;
L_0000024c65074190 .functor AND 1, L_0000024c65074120, L_0000024c6501a280, C4<1>, C4<1>;
L_0000024c65074200 .functor AND 1, v0000024c6500fe30_0, v0000024c650105b0_0, C4<1>, C4<1>;
L_0000024c65074270 .functor AND 1, L_0000024c65074200, v0000024c65011a50_0, C4<1>, C4<1>;
L_0000024c650742e0 .functor AND 1, L_0000024c65074270, L_0000024c6501a780, C4<1>, C4<1>;
L_0000024c65074350 .functor NOT 1, L_0000024c65073710, C4<0>, C4<0>, C4<0>;
L_0000024c65074430 .functor AND 1, L_0000024c650742e0, L_0000024c65074350, C4<1>, C4<1>;
L_0000024c65076730 .functor AND 1, L_0000024c65074430, L_0000024c650185c0, C4<1>, C4<1>;
L_0000024c65075d90 .functor AND 1, v0000024c6500fe30_0, v0000024c650105b0_0, C4<1>, C4<1>;
L_0000024c65075000 .functor AND 1, L_0000024c65075d90, v0000024c65011a50_0, C4<1>, C4<1>;
L_0000024c65075a10 .functor AND 1, L_0000024c65075000, L_0000024c6501a320, C4<1>, C4<1>;
L_0000024c65075150 .functor NOT 1, L_0000024c65074190, C4<0>, C4<0>, C4<0>;
L_0000024c650753f0 .functor AND 1, L_0000024c65075a10, L_0000024c65075150, C4<1>, C4<1>;
L_0000024c65076340 .functor AND 1, L_0000024c650753f0, L_0000024c6501a3c0, C4<1>, C4<1>;
L_0000024c65076110 .functor BUFZ 32, L_0000024c65080730, C4<00000000000000000000000000000000>, C4<00000000000000000000000000000000>, C4<00000000000000000000000000000000>;
L_0000024c650762d0 .functor NOT 1, L_0000024c650966e0, C4<0>, C4<0>, C4<0>;
L_0000024c650752a0 .functor AND 1, v0000024c6500fe30_0, L_0000024c650762d0, C4<1>, C4<1>;
L_0000024c65074eb0 .functor AND 1, L_0000024c650752a0, v0000024c650094d0_0, C4<1>, C4<1>;
L_0000024c65075a80 .functor NOT 1, L_0000024c65078f30, C4<0>, C4<0>, C4<0>;
L_0000024c65075690 .functor NOT 1, L_0000024c650761f0, C4<0>, C4<0>, C4<0>;
L_0000024c65074d60 .functor NOT 1, L_0000024c650761f0, C4<0>, C4<0>, C4<0>;
L_0000024c650763b0 .functor AND 1, L_0000024c65074eb0, L_0000024c650792f0, C4<1>, C4<1>;
L_0000024c65076420 .functor NOT 1, L_0000024c650966e0, C4<0>, C4<0>, C4<0>;
L_0000024c65075af0 .functor AND 1, v0000024c6500fe30_0, L_0000024c65076420, C4<1>, C4<1>;
L_0000024c65076490 .functor AND 1, L_0000024c65075af0, v0000024c65008df0_0, C4<1>, C4<1>;
L_0000024c65076810 .functor OR 1, L_0000024c650763b0, L_0000024c65076490, C4<0>, C4<0>;
L_0000024c65076180 .functor AND 1, L_0000024c65076810, L_0000024c650794d0, C4<1>, C4<1>;
L_0000024c65075460 .functor NOT 1, L_0000024c65076180, C4<0>, C4<0>, C4<0>;
L_0000024c65074dd0 .functor AND 1, L_0000024c65076810, L_0000024c65075460, C4<1>, C4<1>;
L_0000024c65075ee0 .functor BUFZ 1, v0000024c6500fe30_0, C4<0>, C4<0>, C4<0>;
L_0000024c65075770 .functor BUFZ 32, v0000024c6500f110_0, C4<00000000000000000000000000000000>, C4<00000000000000000000000000000000>, C4<00000000000000000000000000000000>;
L_0000024c650757e0 .functor BUFZ 32, v0000024c6500ff70_0, C4<00000000000000000000000000000000>, C4<00000000000000000000000000000000>, C4<00000000000000000000000000000000>;
L_0000024c65075fc0 .functor BUFZ 32, L_0000024c65079f70, C4<00000000000000000000000000000000>, C4<00000000000000000000000000000000>, C4<00000000000000000000000000000000>;
L_0000024c65076500 .functor BUFZ 32, v0000024c65008cb0_0, C4<00000000000000000000000000000000>, C4<00000000000000000000000000000000>, C4<00000000000000000000000000000000>;
L_0000024c65075d20 .functor BUFZ 5, v0000024c6500f9d0_0, C4<00000>, C4<00000>, C4<00000>;
L_0000024c65076880 .functor BUFZ 5, v0000024c6500e0d0_0, C4<00000>, C4<00000>, C4<00000>;
L_0000024c65074e40 .functor BUFZ 5, v0000024c6500f890_0, C4<00000>, C4<00000>, C4<00000>;
L_0000024c65076260 .functor BUFZ 32, L_0000024c65080b90, C4<00000000000000000000000000000000>, C4<00000000000000000000000000000000>, C4<00000000000000000000000000000000>;
L_0000024c65075b60 .functor BUFZ 32, L_0000024c65080730, C4<00000000000000000000000000000000>, C4<00000000000000000000000000000000>, C4<00000000000000000000000000000000>;
L_0000024c650755b0 .functor BUFZ 32, v0000024c65009cf0_0, C4<00000000000000000000000000000000>, C4<00000000000000000000000000000000>, C4<00000000000000000000000000000000>;
L_0000024c65074f20 .functor BUFZ 32, v0000024c64ffd9f0_0, C4<00000000000000000000000000000000>, C4<00000000000000000000000000000000>, C4<00000000000000000000000000000000>;
L_0000024c65075e00 .functor BUFZ 32, L_0000024c65076110, C4<00000000000000000000000000000000>, C4<00000000000000000000000000000000>, C4<00000000000000000000000000000000>;
L_0000024c65076570 .functor BUFZ 3, v0000024c65007e50_0, C4<000>, C4<000>, C4<000>;
L_0000024c650750e0 .functor BUFZ 1, v0000024c65009bb0_0, C4<0>, C4<0>, C4<0>;
L_0000024c650758c0 .functor BUFZ 1, v0000024c65009d90_0, C4<0>, C4<0>, C4<0>;
L_0000024c65075620 .functor BUFZ 1, v0000024c65009930_0, C4<0>, C4<0>, C4<0>;
L_0000024c65075930 .functor BUFZ 1, v0000024c65009890_0, C4<0>, C4<0>, C4<0>;
L_0000024c65074f90 .functor BUFZ 1, v0000024c65008df0_0, C4<0>, C4<0>, C4<0>;
L_0000024c650759a0 .functor BUFZ 1, v0000024c6500e990_0, C4<0>, C4<0>, C4<0>;
L_0000024c65076030 .functor BUFZ 1, v0000024c65008530_0, C4<0>, C4<0>, C4<0>;
L_0000024c65075070 .functor BUFZ 1, L_0000024c65076180, C4<0>, C4<0>, C4<0>;
L_0000024c65075bd0 .functor BUFZ 1, v0000024c650079f0_0, C4<0>, C4<0>, C4<0>;
L_0000024c65075310 .functor AND 1, v0000024c65008a30_0, v0000024c650053d0_0, C4<1>, C4<1>;
L_0000024c65075380 .functor AND 1, v0000024c65008a30_0, v0000024c650058d0_0, C4<1>, C4<1>;
L_0000024c65075c40 .functor AND 1, v0000024c650105b0_0, v0000024c65010970_0, C4<1>, C4<1>;
L_0000024c65075f50 .functor AND 1, L_0000024c65075c40, v0000024c65008a30_0, C4<1>, C4<1>;
L_0000024c650760a0 .functor AND 1, L_0000024c65075f50, v0000024c650058d0_0, C4<1>, C4<1>;
L_0000024c650765e0 .functor AND 1, L_0000024c650760a0, L_0000024c65079c50, C4<1>, C4<1>;
L_0000024c65076650 .functor AND 1, L_0000024c650765e0, L_0000024c6507a010, C4<1>, C4<1>;
L_0000024c65076b90 .functor OR 1, v0000024c650053d0_0, v0000024c650058d0_0, C4<0>, C4<0>;
L_0000024c65076ce0 .functor AND 1, v0000024c65008a30_0, L_0000024c65076b90, C4<1>, C4<1>;
L_0000024c65076dc0 .functor NOT 1, L_0000024c65076ff0, C4<0>, C4<0>, C4<0>;
L_0000024c65076f10 .functor AND 1, L_0000024c65076ce0, L_0000024c65076dc0, C4<1>, C4<1>;
L_0000024c65096de0 .functor NOT 1, v0000024c65006cd0_0, C4<0>, C4<0>, C4<0>;
L_0000024c65095d40 .functor AND 1, L_0000024c65076f10, L_0000024c65096de0, C4<1>, C4<1>;
L_0000024c65096980 .functor AND 1, L_0000024c65095d40, L_0000024c65097390, C4<1>, C4<1>;
L_0000024c65095f70 .functor AND 1, L_0000024c65076f10, v0000024c65006cd0_0, C4<1>, C4<1>;
L_0000024c650958e0 .functor AND 1, L_0000024c65095f70, L_0000024c650970f0, C4<1>, C4<1>;
L_0000024c65096130 .functor NOT 1, L_0000024c65076f10, C4<0>, C4<0>, C4<0>;
L_0000024c65096e50 .functor OR 1, L_0000024c65096130, L_0000024c650958e0, C4<0>, C4<0>;
L_0000024c65095480 .functor AND 1, v0000024c65008a30_0, L_0000024c65096e50, C4<1>, C4<1>;
L_0000024c65095bf0 .functor NOT 1, L_0000024c65095480, C4<0>, C4<0>, C4<0>;
L_0000024c650966e0 .functor AND 1, v0000024c65008a30_0, L_0000024c65095bf0, C4<1>, C4<1>;
L_0000024c65096ec0 .functor AND 1, L_0000024c650769d0, L_0000024c65096980, C4<1>, C4<1>;
L_0000024c65095720 .functor AND 1, L_0000024c65076960, L_0000024c65096980, C4<1>, C4<1>;
L_0000024c65096360 .functor BUFZ 32, L_0000024c6507a0b0, C4<00000000000000000000000000000000>, C4<00000000000000000000000000000000>, C4<00000000000000000000000000000000>;
L_0000024c65096fa0 .functor BUFZ 4, L_0000024c65076a40, C4<0000>, C4<0000>, C4<0000>;
L_0000024c65095db0 .functor BUFZ 32, L_0000024c65076ab0, C4<00000000000000000000000000000000>, C4<00000000000000000000000000000000>, C4<00000000000000000000000000000000>;
L_0000024c650961a0 .functor BUFZ 1, L_0000024c65096ec0, C4<0>, C4<0>, C4<0>;
L_0000024c65095a30 .functor BUFZ 1, L_0000024c65095720, C4<0>, C4<0>, C4<0>;
L_0000024c65095950 .functor BUFZ 1, L_0000024c65095480, C4<0>, C4<0>, C4<0>;
L_0000024c65096d00 .functor OR 1, v0000024c65011690_0, v0000024c650100b0_0, C4<0>, C4<0>;
L_0000024c65096520 .functor OR 1, L_0000024c65096d00, v0000024c65012130_0, C4<0>, C4<0>;
L_0000024c65095b80 .functor AND 1, v0000024c650105b0_0, v0000024c65011a50_0, C4<1>, C4<1>;
L_0000024c650959c0 .functor NOT 1, L_0000024c65096520, C4<0>, C4<0>, C4<0>;
L_0000024c65095aa0 .functor AND 1, L_0000024c65095b80, L_0000024c650959c0, C4<1>, C4<1>;
L_0000024c65095fe0 .functor AND 1, v0000024c650105b0_0, v0000024c650126d0_0, C4<1>, C4<1>;
L_0000024c65095800 .functor BUFZ 1, v0000024c650105b0_0, C4<0>, C4<0>, C4<0>;
L_0000024c65095c60 .functor BUFZ 32, v0000024c65010e70_0, C4<00000000000000000000000000000000>, C4<00000000000000000000000000000000>, C4<00000000000000000000000000000000>;
L_0000024c650969f0 .functor AND 1, v0000024c650105b0_0, L_0000024c65096520, C4<1>, C4<1>;
L_0000024c65096210 .functor BUFZ 1, L_0000024c65095fe0, C4<0>, C4<0>, C4<0>;
L_0000024c65096ad0 .functor BUFZ 5, v0000024c65011c30_0, C4<00000>, C4<00000>, C4<00000>;
L_0000024c65095410 .functor BUFZ 5, v0000024c65011ff0_0, C4<00000>, C4<00000>, C4<00000>;
L_0000024c650963d0 .functor BUFZ 32, v0000024c65011cd0_0, C4<00000000000000000000000000000000>, C4<00000000000000000000000000000000>, C4<00000000000000000000000000000000>;
L_0000024c650954f0 .functor BUFZ 32, v0000024c65012590_0, C4<00000000000000000000000000000000>, C4<00000000000000000000000000000000>, C4<00000000000000000000000000000000>;
L_0000024c65096590 .functor BUFZ 32, L_0000024c6507beb0, C4<00000000000000000000000000000000>, C4<00000000000000000000000000000000>, C4<00000000000000000000000000000000>;
L_0000024c650968a0 .functor BUFZ 32, v0000024c65010b50_0, C4<00000000000000000000000000000000>, C4<00000000000000000000000000000000>, C4<00000000000000000000000000000000>;
L_0000024c65095cd0 .functor BUFZ 1, v0000024c65010290_0, C4<0>, C4<0>, C4<0>;
L_0000024c65096bb0 .functor BUFZ 1, v0000024c65010fb0_0, C4<0>, C4<0>, C4<0>;
L_0000024c65095e20 .functor BUFZ 4, v0000024c65011e10_0, C4<0000>, C4<0000>, C4<0000>;
L_0000024c65096b40 .functor BUFZ 32, v0000024c65010d30_0, C4<00000000000000000000000000000000>, C4<00000000000000000000000000000000>, C4<00000000000000000000000000000000>;
L_0000024c65096600 .functor BUFZ 32, v0000024c65010dd0_0, C4<00000000000000000000000000000000>, C4<00000000000000000000000000000000>, C4<00000000000000000000000000000000>;
L_0000024c65095b10 .functor BUFZ 32, v0000024c650106f0_0, C4<00000000000000000000000000000000>, C4<00000000000000000000000000000000>, C4<00000000000000000000000000000000>;
L_0000024c65096f30 .functor BUFZ 32, v0000024c65011190_0, C4<00000000000000000000000000000000>, C4<00000000000000000000000000000000>, C4<00000000000000000000000000000000>;
v0000024c64fca710_0 .net *"_ivl_10", 0 0, L_0000024c64efe4c0;  1 drivers
L_0000024c6501bc90 .functor BUFT 1, C4<0110011>, C4<0>, C4<0>, C4<0>;
v0000024c64fcaad0_0 .net/2u *"_ivl_100", 6 0, L_0000024c6501bc90;  1 drivers
v0000024c64fcaf30_0 .net *"_ivl_102", 0 0, L_0000024c65019600;  1 drivers
L_0000024c6501bcd8 .functor BUFT 1, C4<0100011>, C4<0>, C4<0>, C4<0>;
v0000024c64fca850_0 .net/2u *"_ivl_104", 6 0, L_0000024c6501bcd8;  1 drivers
v0000024c64fcacb0_0 .net *"_ivl_106", 0 0, L_0000024c650182a0;  1 drivers
v0000024c64fca990_0 .net *"_ivl_108", 0 0, L_0000024c650749e0;  1 drivers
L_0000024c6501bd20 .functor BUFT 1, C4<1100011>, C4<0>, C4<0>, C4<0>;
v0000024c64fcae90_0 .net/2u *"_ivl_110", 6 0, L_0000024c6501bd20;  1 drivers
v0000024c64fcaa30_0 .net *"_ivl_112", 0 0, L_0000024c65019d80;  1 drivers
L_0000024c6501bd68 .functor BUFT 1, C4<0110011>, C4<0>, C4<0>, C4<0>;
v0000024c64fcab70_0 .net/2u *"_ivl_116", 6 0, L_0000024c6501bd68;  1 drivers
v0000024c64fcac10_0 .net *"_ivl_118", 0 0, L_0000024c65019ba0;  1 drivers
v0000024c64fcafd0_0 .net *"_ivl_12", 0 0, L_0000024c64efdf80;  1 drivers
L_0000024c6501bdb0 .functor BUFT 1, C4<1100011>, C4<0>, C4<0>, C4<0>;
v0000024c64fcad50_0 .net/2u *"_ivl_120", 6 0, L_0000024c6501bdb0;  1 drivers
v0000024c64fffa20_0 .net *"_ivl_122", 0 0, L_0000024c65018840;  1 drivers
v0000024c64fffc00_0 .net *"_ivl_126", 0 0, L_0000024c65073160;  1 drivers
v0000024c64ffe260_0 .net *"_ivl_128", 0 0, L_0000024c650745f0;  1 drivers
L_0000024c6501bdf8 .functor BUFT 1, C4<00000>, C4<0>, C4<0>, C4<0>;
v0000024c64ffeee0_0 .net/2u *"_ivl_130", 4 0, L_0000024c6501bdf8;  1 drivers
v0000024c64fff480_0 .net *"_ivl_132", 0 0, L_0000024c65018520;  1 drivers
v0000024c64ffed00_0 .net *"_ivl_134", 0 0, L_0000024c65074a50;  1 drivers
v0000024c64ffe9e0_0 .net *"_ivl_136", 0 0, L_0000024c6501a500;  1 drivers
v0000024c64ffee40_0 .net *"_ivl_138", 0 0, L_0000024c65074740;  1 drivers
v0000024c64ffea80_0 .net *"_ivl_14", 0 0, L_0000024c64efe610;  1 drivers
v0000024c64ffeb20_0 .net *"_ivl_140", 0 0, L_0000024c65019920;  1 drivers
v0000024c65000420_0 .net *"_ivl_142", 0 0, L_0000024c650747b0;  1 drivers
v0000024c64ffe080_0 .net *"_ivl_144", 0 0, L_0000024c650738d0;  1 drivers
v0000024c64fffca0_0 .net *"_ivl_152", 0 0, L_0000024c650735c0;  1 drivers
v0000024c64ffe760_0 .net *"_ivl_16", 0 0, L_0000024c64efef40;  1 drivers
v0000024c64ffe120_0 .net *"_ivl_18", 0 0, L_0000024c64efe5a0;  1 drivers
L_0000024c6501b078 .functor BUFT 1, C4<00000000000000000000000000000100>, C4<0>, C4<0>, C4<0>;
v0000024c64ffef80_0 .net/2u *"_ivl_2", 31 0, L_0000024c6501b078;  1 drivers
v0000024c650004c0_0 .net *"_ivl_208", 31 0, L_0000024c65019ec0;  1 drivers
v0000024c64fff200_0 .net *"_ivl_214", 0 0, L_0000024c65073b70;  1 drivers
v0000024c64ffffc0_0 .net *"_ivl_216", 0 0, L_0000024c65074890;  1 drivers
v0000024c64fff340_0 .net *"_ivl_218", 0 0, L_0000024c650736a0;  1 drivers
v0000024c64fff0c0_0 .net *"_ivl_22", 0 0, L_0000024c64efe680;  1 drivers
v0000024c64fff700_0 .net *"_ivl_220", 0 0, L_0000024c650744a0;  1 drivers
L_0000024c6501bed0 .functor BUFT 1, C4<00000>, C4<0>, C4<0>, C4<0>;
v0000024c65000600_0 .net/2u *"_ivl_222", 4 0, L_0000024c6501bed0;  1 drivers
v0000024c64fff660_0 .net *"_ivl_224", 0 0, L_0000024c6501a0a0;  1 drivers
v0000024c64ffe440_0 .net *"_ivl_226", 0 0, L_0000024c650743c0;  1 drivers
v0000024c64ffec60_0 .net *"_ivl_228", 0 0, L_0000024c650188e0;  1 drivers
v0000024c64fff520_0 .net *"_ivl_232", 0 0, L_0000024c65073be0;  1 drivers
v0000024c64fffac0_0 .net *"_ivl_234", 0 0, L_0000024c65074900;  1 drivers
v0000024c64fff980_0 .net *"_ivl_236", 0 0, L_0000024c65073fd0;  1 drivers
v0000024c64ffe1c0_0 .net *"_ivl_238", 0 0, L_0000024c65074040;  1 drivers
L_0000024c6501bf18 .functor BUFT 1, C4<00000>, C4<0>, C4<0>, C4<0>;
v0000024c64fff160_0 .net/2u *"_ivl_240", 4 0, L_0000024c6501bf18;  1 drivers
v0000024c64ffe300_0 .net *"_ivl_242", 0 0, L_0000024c6501a1e0;  1 drivers
v0000024c64fffb60_0 .net *"_ivl_244", 0 0, L_0000024c65074120;  1 drivers
v0000024c64ffe4e0_0 .net *"_ivl_246", 0 0, L_0000024c6501a280;  1 drivers
v0000024c64ffe3a0_0 .net *"_ivl_250", 0 0, L_0000024c65074200;  1 drivers
v0000024c64ffebc0_0 .net *"_ivl_252", 0 0, L_0000024c65074270;  1 drivers
L_0000024c6501bf60 .functor BUFT 1, C4<00000>, C4<0>, C4<0>, C4<0>;
v0000024c64ffeda0_0 .net/2u *"_ivl_254", 4 0, L_0000024c6501bf60;  1 drivers
v0000024c64ffe580_0 .net *"_ivl_256", 0 0, L_0000024c6501a780;  1 drivers
v0000024c65000100_0 .net *"_ivl_258", 0 0, L_0000024c650742e0;  1 drivers
v0000024c65000060_0 .net *"_ivl_26", 0 0, L_0000024c64efe760;  1 drivers
v0000024c64fff7a0_0 .net *"_ivl_260", 0 0, L_0000024c65074350;  1 drivers
v0000024c64fffd40_0 .net *"_ivl_262", 0 0, L_0000024c65074430;  1 drivers
v0000024c64fff020_0 .net *"_ivl_264", 0 0, L_0000024c650185c0;  1 drivers
v0000024c64fffe80_0 .net *"_ivl_268", 0 0, L_0000024c65075d90;  1 drivers
v0000024c64fff3e0_0 .net *"_ivl_270", 0 0, L_0000024c65075000;  1 drivers
L_0000024c6501bfa8 .functor BUFT 1, C4<00000>, C4<0>, C4<0>, C4<0>;
v0000024c64ffe620_0 .net/2u *"_ivl_272", 4 0, L_0000024c6501bfa8;  1 drivers
v0000024c64ffe940_0 .net *"_ivl_274", 0 0, L_0000024c6501a320;  1 drivers
v0000024c65000380_0 .net *"_ivl_276", 0 0, L_0000024c65075a10;  1 drivers
v0000024c64fff8e0_0 .net *"_ivl_278", 0 0, L_0000024c65075150;  1 drivers
v0000024c64ffe800_0 .net *"_ivl_28", 0 0, L_0000024c64efea00;  1 drivers
v0000024c64ffff20_0 .net *"_ivl_280", 0 0, L_0000024c650753f0;  1 drivers
v0000024c64fff2a0_0 .net *"_ivl_282", 0 0, L_0000024c6501a3c0;  1 drivers
L_0000024c6501bff0 .functor BUFT 1, C4<10>, C4<0>, C4<0>, C4<0>;
v0000024c64ffe8a0_0 .net/2u *"_ivl_286", 1 0, L_0000024c6501bff0;  1 drivers
L_0000024c6501c038 .functor BUFT 1, C4<01>, C4<0>, C4<0>, C4<0>;
v0000024c64fff840_0 .net/2u *"_ivl_288", 1 0, L_0000024c6501c038;  1 drivers
L_0000024c6501c080 .functor BUFT 1, C4<00>, C4<0>, C4<0>, C4<0>;
v0000024c650006a0_0 .net/2u *"_ivl_290", 1 0, L_0000024c6501c080;  1 drivers
v0000024c64ffe6c0_0 .net *"_ivl_292", 1 0, L_0000024c6501a5a0;  1 drivers
L_0000024c6501c0c8 .functor BUFT 1, C4<10>, C4<0>, C4<0>, C4<0>;
v0000024c64fff5c0_0 .net/2u *"_ivl_296", 1 0, L_0000024c6501c0c8;  1 drivers
L_0000024c6501c110 .functor BUFT 1, C4<01>, C4<0>, C4<0>, C4<0>;
v0000024c64fffde0_0 .net/2u *"_ivl_298", 1 0, L_0000024c6501c110;  1 drivers
v0000024c650001a0_0 .net *"_ivl_30", 0 0, L_0000024c64efddc0;  1 drivers
L_0000024c6501c158 .functor BUFT 1, C4<00>, C4<0>, C4<0>, C4<0>;
v0000024c65000240_0 .net/2u *"_ivl_300", 1 0, L_0000024c6501c158;  1 drivers
v0000024c65000560_0 .net *"_ivl_302", 1 0, L_0000024c650180c0;  1 drivers
L_0000024c6501c1a0 .functor BUFT 1, C4<11>, C4<0>, C4<0>, C4<0>;
v0000024c650002e0_0 .net/2u *"_ivl_306", 1 0, L_0000024c6501c1a0;  1 drivers
L_0000024c6501c1e8 .functor BUFT 1, C4<11>, C4<0>, C4<0>, C4<0>;
v0000024c65000740_0 .net/2u *"_ivl_310", 1 0, L_0000024c6501c1e8;  1 drivers
L_0000024c6501c230 .functor BUFT 1, C4<10>, C4<0>, C4<0>, C4<0>;
v0000024c650007e0_0 .net/2u *"_ivl_314", 1 0, L_0000024c6501c230;  1 drivers
v0000024c65001a00_0 .net *"_ivl_316", 0 0, L_0000024c65018ca0;  1 drivers
L_0000024c6501c278 .functor BUFT 1, C4<01>, C4<0>, C4<0>, C4<0>;
v0000024c65001000_0 .net/2u *"_ivl_318", 1 0, L_0000024c6501c278;  1 drivers
v0000024c65001aa0_0 .net *"_ivl_32", 0 0, L_0000024c64efe7d0;  1 drivers
v0000024c65000920_0 .net *"_ivl_320", 0 0, L_0000024c65080690;  1 drivers
v0000024c65000ec0_0 .net *"_ivl_322", 31 0, L_0000024c65080870;  1 drivers
L_0000024c6501c2c0 .functor BUFT 1, C4<10>, C4<0>, C4<0>, C4<0>;
v0000024c65000b00_0 .net/2u *"_ivl_326", 1 0, L_0000024c6501c2c0;  1 drivers
v0000024c65001320_0 .net *"_ivl_328", 0 0, L_0000024c65080c30;  1 drivers
L_0000024c6501c308 .functor BUFT 1, C4<01>, C4<0>, C4<0>, C4<0>;
v0000024c650010a0_0 .net/2u *"_ivl_330", 1 0, L_0000024c6501c308;  1 drivers
v0000024c65001780_0 .net *"_ivl_332", 0 0, L_0000024c650809b0;  1 drivers
v0000024c65001f00_0 .net *"_ivl_334", 31 0, L_0000024c650807d0;  1 drivers
L_0000024c6501c350 .functor BUFT 1, C4<11>, C4<0>, C4<0>, C4<0>;
v0000024c65000e20_0 .net/2u *"_ivl_338", 1 0, L_0000024c6501c350;  1 drivers
v0000024c65000f60_0 .net *"_ivl_34", 0 0, L_0000024c64efe840;  1 drivers
v0000024c65000ba0_0 .net *"_ivl_340", 0 0, L_0000024c65080550;  1 drivers
L_0000024c6501c398 .functor BUFT 1, C4<11>, C4<0>, C4<0>, C4<0>;
v0000024c65001140_0 .net/2u *"_ivl_344", 1 0, L_0000024c6501c398;  1 drivers
v0000024c65000c40_0 .net *"_ivl_346", 0 0, L_0000024c650805f0;  1 drivers
v0000024c65001e60_0 .net *"_ivl_354", 31 0, L_0000024c6507a150;  1 drivers
v0000024c65000ce0_0 .net *"_ivl_356", 31 0, L_0000024c6507b4b0;  1 drivers
v0000024c65001500_0 .net *"_ivl_36", 0 0, L_0000024c64eff5d0;  1 drivers
v0000024c65001d20_0 .net *"_ivl_361", 30 0, L_0000024c6507a830;  1 drivers
L_0000024c6501c3e0 .functor BUFT 1, C4<0>, C4<0>, C4<0>, C4<0>;
v0000024c650013c0_0 .net/2u *"_ivl_362", 0 0, L_0000024c6501c3e0;  1 drivers
v0000024c65000d80_0 .net *"_ivl_364", 31 0, L_0000024c650791b0;  1 drivers
v0000024c65001dc0_0 .net *"_ivl_370", 0 0, L_0000024c650762d0;  1 drivers
v0000024c650009c0_0 .net *"_ivl_372", 0 0, L_0000024c650752a0;  1 drivers
v0000024c65000880_0 .net *"_ivl_374", 0 0, L_0000024c65074eb0;  1 drivers
L_0000024c6501c428 .functor BUFT 1, C4<000>, C4<0>, C4<0>, C4<0>;
v0000024c65000a60_0 .net/2u *"_ivl_376", 2 0, L_0000024c6501c428;  1 drivers
v0000024c650016e0_0 .net *"_ivl_378", 0 0, L_0000024c65079570;  1 drivers
L_0000024c6501c470 .functor BUFT 1, C4<001>, C4<0>, C4<0>, C4<0>;
v0000024c65001960_0 .net/2u *"_ivl_380", 2 0, L_0000024c6501c470;  1 drivers
v0000024c65001be0_0 .net *"_ivl_382", 0 0, L_0000024c65079b10;  1 drivers
v0000024c650011e0_0 .net *"_ivl_384", 0 0, L_0000024c65075a80;  1 drivers
L_0000024c6501c4b8 .functor BUFT 1, C4<100>, C4<0>, C4<0>, C4<0>;
v0000024c650015a0_0 .net/2u *"_ivl_386", 2 0, L_0000024c6501c4b8;  1 drivers
v0000024c65001c80_0 .net *"_ivl_388", 0 0, L_0000024c6507add0;  1 drivers
L_0000024c6501c500 .functor BUFT 1, C4<101>, C4<0>, C4<0>, C4<0>;
v0000024c65001280_0 .net/2u *"_ivl_390", 2 0, L_0000024c6501c500;  1 drivers
v0000024c65001460_0 .net *"_ivl_392", 0 0, L_0000024c6507b230;  1 drivers
v0000024c65001b40_0 .net *"_ivl_394", 0 0, L_0000024c65075690;  1 drivers
L_0000024c6501c548 .functor BUFT 1, C4<110>, C4<0>, C4<0>, C4<0>;
v0000024c65001640_0 .net/2u *"_ivl_396", 2 0, L_0000024c6501c548;  1 drivers
v0000024c65001820_0 .net *"_ivl_398", 0 0, L_0000024c65078fd0;  1 drivers
L_0000024c6501c590 .functor BUFT 1, C4<111>, C4<0>, C4<0>, C4<0>;
v0000024c650018c0_0 .net/2u *"_ivl_400", 2 0, L_0000024c6501c590;  1 drivers
v0000024c65002090_0 .net *"_ivl_402", 0 0, L_0000024c65079390;  1 drivers
v0000024c65004390_0 .net *"_ivl_404", 0 0, L_0000024c65074d60;  1 drivers
L_0000024c6501c5d8 .functor BUFT 1, C4<0>, C4<0>, C4<0>, C4<0>;
v0000024c650021d0_0 .net/2u *"_ivl_406", 0 0, L_0000024c6501c5d8;  1 drivers
v0000024c65003990_0 .net *"_ivl_408", 0 0, L_0000024c6507a8d0;  1 drivers
v0000024c65002270_0 .net *"_ivl_410", 0 0, L_0000024c65079e30;  1 drivers
v0000024c65003c10_0 .net *"_ivl_412", 0 0, L_0000024c6507af10;  1 drivers
v0000024c65002310_0 .net *"_ivl_414", 0 0, L_0000024c65079070;  1 drivers
v0000024c65002ef0_0 .net *"_ivl_416", 0 0, L_0000024c6507a3d0;  1 drivers
v0000024c65003490_0 .net *"_ivl_418", 0 0, L_0000024c650792f0;  1 drivers
v0000024c65002d10_0 .net *"_ivl_42", 0 0, L_0000024c64efebc0;  1 drivers
v0000024c650029f0_0 .net *"_ivl_422", 0 0, L_0000024c65076420;  1 drivers
v0000024c650041b0_0 .net *"_ivl_424", 0 0, L_0000024c65075af0;  1 drivers
v0000024c650038f0_0 .net *"_ivl_431", 1 0, L_0000024c65079430;  1 drivers
v0000024c65004250_0 .net *"_ivl_433", 0 0, L_0000024c650794d0;  1 drivers
v0000024c65002b30_0 .net *"_ivl_436", 0 0, L_0000024c65075460;  1 drivers
v0000024c65003210_0 .net *"_ivl_44", 0 0, L_0000024c64efeca0;  1 drivers
v0000024c65003170_0 .net *"_ivl_46", 0 0, L_0000024c64efed10;  1 drivers
v0000024c65002630_0 .net *"_ivl_492", 0 0, L_0000024c65075c40;  1 drivers
v0000024c650032b0_0 .net *"_ivl_494", 0 0, L_0000024c65075f50;  1 drivers
v0000024c650023b0_0 .net *"_ivl_496", 0 0, L_0000024c650760a0;  1 drivers
L_0000024c6501c620 .functor BUFT 1, C4<00000>, C4<0>, C4<0>, C4<0>;
v0000024c65003fd0_0 .net/2u *"_ivl_498", 4 0, L_0000024c6501c620;  1 drivers
v0000024c65003850_0 .net *"_ivl_500", 0 0, L_0000024c65079c50;  1 drivers
v0000024c65004070_0 .net *"_ivl_502", 0 0, L_0000024c650765e0;  1 drivers
v0000024c65003350_0 .net *"_ivl_504", 0 0, L_0000024c6507a010;  1 drivers
v0000024c650033f0_0 .net *"_ivl_510", 0 0, L_0000024c65076b90;  1 drivers
v0000024c65003030_0 .net *"_ivl_512", 0 0, L_0000024c65076ce0;  1 drivers
v0000024c65004570_0 .net *"_ivl_514", 0 0, L_0000024c65076dc0;  1 drivers
v0000024c65004110_0 .net *"_ivl_518", 0 0, L_0000024c65096de0;  1 drivers
v0000024c65002450_0 .net *"_ivl_520", 0 0, L_0000024c65095d40;  1 drivers
v0000024c65002c70_0 .net *"_ivl_524", 0 0, L_0000024c65095f70;  1 drivers
v0000024c65003d50_0 .net *"_ivl_528", 0 0, L_0000024c65096130;  1 drivers
v0000024c650042f0_0 .net *"_ivl_530", 0 0, L_0000024c65096e50;  1 drivers
v0000024c65004430_0 .net *"_ivl_534", 0 0, L_0000024c65095bf0;  1 drivers
L_0000024c6501c8a8 .functor BUFT 1, C4<00000000000000000000000000000000>, C4<0>, C4<0>, C4<0>;
v0000024c65003df0_0 .net/2u *"_ivl_554", 31 0, L_0000024c6501c8a8;  1 drivers
L_0000024c6501c8f0 .functor BUFT 1, C4<00000000000000000000000000000000>, C4<0>, C4<0>, C4<0>;
v0000024c650044d0_0 .net/2u *"_ivl_558", 31 0, L_0000024c6501c8f0;  1 drivers
L_0000024c6501c938 .functor BUFT 1, C4<00000000000000000000000000000000>, C4<0>, C4<0>, C4<0>;
v0000024c65003a30_0 .net/2u *"_ivl_562", 31 0, L_0000024c6501c938;  1 drivers
L_0000024c6501c980 .functor BUFT 1, C4<00000000000000000000000000000000>, C4<0>, C4<0>, C4<0>;
v0000024c65003cb0_0 .net/2u *"_ivl_566", 31 0, L_0000024c6501c980;  1 drivers
L_0000024c6501c9c8 .functor BUFT 1, C4<00000>, C4<0>, C4<0>, C4<0>;
v0000024c650024f0_0 .net/2u *"_ivl_570", 4 0, L_0000024c6501c9c8;  1 drivers
L_0000024c6501ca10 .functor BUFT 1, C4<00000>, C4<0>, C4<0>, C4<0>;
v0000024c65002a90_0 .net/2u *"_ivl_574", 4 0, L_0000024c6501ca10;  1 drivers
L_0000024c6501ca58 .functor BUFT 1, C4<00000>, C4<0>, C4<0>, C4<0>;
v0000024c65002bd0_0 .net/2u *"_ivl_578", 4 0, L_0000024c6501ca58;  1 drivers
L_0000024c6501b0c0 .functor BUFT 1, C4<00000000000000000000000000000100>, C4<0>, C4<0>, C4<0>;
v0000024c65002590_0 .net/2u *"_ivl_58", 31 0, L_0000024c6501b0c0;  1 drivers
L_0000024c6501caa0 .functor BUFT 1, C4<00000000000000000000000000000000>, C4<0>, C4<0>, C4<0>;
v0000024c65002950_0 .net/2u *"_ivl_582", 31 0, L_0000024c6501caa0;  1 drivers
L_0000024c6501cae8 .functor BUFT 1, C4<00000000000000000000000000000000>, C4<0>, C4<0>, C4<0>;
v0000024c65002db0_0 .net/2u *"_ivl_586", 31 0, L_0000024c6501cae8;  1 drivers
L_0000024c6501cb30 .functor BUFT 1, C4<00000000000000000000000000000000>, C4<0>, C4<0>, C4<0>;
v0000024c65003e90_0 .net/2u *"_ivl_590", 31 0, L_0000024c6501cb30;  1 drivers
L_0000024c6501cb78 .functor BUFT 1, C4<00000000000000000000000000000000>, C4<0>, C4<0>, C4<0>;
v0000024c65004610_0 .net/2u *"_ivl_594", 31 0, L_0000024c6501cb78;  1 drivers
L_0000024c6501cbc0 .functor BUFT 1, C4<00000000000000000000000000000000>, C4<0>, C4<0>, C4<0>;
v0000024c650026d0_0 .net/2u *"_ivl_598", 31 0, L_0000024c6501cbc0;  1 drivers
L_0000024c6501cc08 .functor BUFT 1, C4<00000000000000000000000000000000>, C4<0>, C4<0>, C4<0>;
v0000024c65002770_0 .net/2u *"_ivl_602", 31 0, L_0000024c6501cc08;  1 drivers
L_0000024c6501cc50 .functor BUFT 1, C4<0>, C4<0>, C4<0>, C4<0>;
v0000024c650046b0_0 .net/2u *"_ivl_606", 0 0, L_0000024c6501cc50;  1 drivers
L_0000024c6501cc98 .functor BUFT 1, C4<0>, C4<0>, C4<0>, C4<0>;
v0000024c650030d0_0 .net/2u *"_ivl_610", 0 0, L_0000024c6501cc98;  1 drivers
L_0000024c6501cce0 .functor BUFT 1, C4<0000>, C4<0>, C4<0>, C4<0>;
v0000024c65002e50_0 .net/2u *"_ivl_614", 3 0, L_0000024c6501cce0;  1 drivers
L_0000024c6501cd28 .functor BUFT 1, C4<00000000000000000000000000000000>, C4<0>, C4<0>, C4<0>;
v0000024c65002810_0 .net/2u *"_ivl_618", 31 0, L_0000024c6501cd28;  1 drivers
L_0000024c6501cd70 .functor BUFT 1, C4<00000000000000000000000000000000>, C4<0>, C4<0>, C4<0>;
v0000024c65003530_0 .net/2u *"_ivl_622", 31 0, L_0000024c6501cd70;  1 drivers
L_0000024c6501cdb8 .functor BUFT 1, C4<0>, C4<0>, C4<0>, C4<0>;
v0000024c650035d0_0 .net/2u *"_ivl_626", 0 0, L_0000024c6501cdb8;  1 drivers
L_0000024c6501ce00 .functor BUFT 1, C4<0>, C4<0>, C4<0>, C4<0>;
v0000024c650028b0_0 .net/2u *"_ivl_630", 0 0, L_0000024c6501ce00;  1 drivers
L_0000024c6501ce48 .functor BUFT 1, C4<0>, C4<0>, C4<0>, C4<0>;
v0000024c65002130_0 .net/2u *"_ivl_634", 0 0, L_0000024c6501ce48;  1 drivers
L_0000024c6501ce90 .functor BUFT 1, C4<0>, C4<0>, C4<0>, C4<0>;
v0000024c65002f90_0 .net/2u *"_ivl_638", 0 0, L_0000024c6501ce90;  1 drivers
L_0000024c6501ced8 .functor BUFT 1, C4<0>, C4<0>, C4<0>, C4<0>;
v0000024c65003670_0 .net/2u *"_ivl_642", 0 0, L_0000024c6501ced8;  1 drivers
L_0000024c6501cf20 .functor BUFT 1, C4<0>, C4<0>, C4<0>, C4<0>;
v0000024c65003710_0 .net/2u *"_ivl_646", 0 0, L_0000024c6501cf20;  1 drivers
L_0000024c6501cf68 .functor BUFT 1, C4<0>, C4<0>, C4<0>, C4<0>;
v0000024c650037b0_0 .net/2u *"_ivl_650", 0 0, L_0000024c6501cf68;  1 drivers
L_0000024c6501cfb0 .functor BUFT 1, C4<0>, C4<0>, C4<0>, C4<0>;
v0000024c65003ad0_0 .net/2u *"_ivl_654", 0 0, L_0000024c6501cfb0;  1 drivers
v0000024c65003b70_0 .net *"_ivl_658", 0 0, L_0000024c65096d00;  1 drivers
L_0000024c6501bae0 .functor BUFT 1, C4<0110011>, C4<0>, C4<0>, C4<0>;
v0000024c65003f30_0 .net/2u *"_ivl_66", 6 0, L_0000024c6501bae0;  1 drivers
v0000024c65004750_0 .net *"_ivl_662", 0 0, L_0000024c65095b80;  1 drivers
v0000024c650047f0_0 .net *"_ivl_664", 0 0, L_0000024c650959c0;  1 drivers
v0000024c65005790_0 .net *"_ivl_68", 0 0, L_0000024c65018fc0;  1 drivers
L_0000024c6501cff8 .functor BUFT 1, C4<00000>, C4<0>, C4<0>, C4<0>;
v0000024c65006e10_0 .net/2u *"_ivl_686", 4 0, L_0000024c6501cff8;  1 drivers
L_0000024c6501bb28 .functor BUFT 1, C4<0010011>, C4<0>, C4<0>, C4<0>;
v0000024c650049d0_0 .net/2u *"_ivl_70", 6 0, L_0000024c6501bb28;  1 drivers
v0000024c65006d70_0 .net *"_ivl_72", 0 0, L_0000024c65018a20;  1 drivers
v0000024c65005fb0_0 .net *"_ivl_74", 0 0, L_0000024c65074970;  1 drivers
L_0000024c6501bb70 .functor BUFT 1, C4<0000011>, C4<0>, C4<0>, C4<0>;
v0000024c65005290_0 .net/2u *"_ivl_76", 6 0, L_0000024c6501bb70;  1 drivers
v0000024c65005650_0 .net *"_ivl_78", 0 0, L_0000024c65019740;  1 drivers
v0000024c65006910_0 .net *"_ivl_80", 0 0, L_0000024c65073cc0;  1 drivers
L_0000024c6501bbb8 .functor BUFT 1, C4<0100011>, C4<0>, C4<0>, C4<0>;
v0000024c65006870_0 .net/2u *"_ivl_82", 6 0, L_0000024c6501bbb8;  1 drivers
v0000024c65004cf0_0 .net *"_ivl_84", 0 0, L_0000024c6501a000;  1 drivers
v0000024c65004d90_0 .net *"_ivl_86", 0 0, L_0000024c65074510;  1 drivers
L_0000024c6501bc00 .functor BUFT 1, C4<1100011>, C4<0>, C4<0>, C4<0>;
v0000024c65006eb0_0 .net/2u *"_ivl_88", 6 0, L_0000024c6501bc00;  1 drivers
v0000024c650056f0_0 .net *"_ivl_90", 0 0, L_0000024c650192e0;  1 drivers
v0000024c65004ed0_0 .net *"_ivl_92", 0 0, L_0000024c650740b0;  1 drivers
L_0000024c6501bc48 .functor BUFT 1, C4<1100111>, C4<0>, C4<0>, C4<0>;
v0000024c65006ff0_0 .net/2u *"_ivl_94", 6 0, L_0000024c6501bc48;  1 drivers
v0000024c65004f70_0 .net *"_ivl_96", 0 0, L_0000024c65019880;  1 drivers
v0000024c65005c90_0 .net "dmem_req_fire_cur", 0 0, L_0000024c65096980;  1 drivers
v0000024c65005510_0 .net "dmem_resp_fire_cur", 0 0, L_0000024c650958e0;  1 drivers
v0000024c65004890_0 .net "ex_alu_eq_cur", 0 0, L_0000024c65078f30;  1 drivers
v0000024c65006b90_0 .net "ex_alu_result_cur", 31 0, v0000024c64ffd9f0_0;  1 drivers
v0000024c65004a70_0 .net "ex_alu_slt_cur", 0 0, L_0000024c650761f0;  1 drivers
v0000024c65006af0_0 .net "ex_branch_taken_cur", 0 0, L_0000024c650763b0;  1 drivers
v0000024c65006f50_0 .net "ex_branch_target_cur", 31 0, L_0000024c65079110;  1 drivers
v0000024c65006230_0 .net "ex_control_taken_cur", 0 0, L_0000024c65076810;  1 drivers
v0000024c65006410_0 .net "ex_control_target_cur", 31 0, L_0000024c65078d50;  1 drivers
v0000024c65004b10_0 .net "ex_ex_match_rs1_cur", 0 0, L_0000024c65073710;  1 drivers
v0000024c65006c30_0 .net "ex_ex_match_rs2_cur", 0 0, L_0000024c65074190;  1 drivers
v0000024c65004bb0_0 .net "ex_forward_a_sel_cur", 1 0, L_0000024c65018340;  1 drivers
v0000024c65005010_0 .net "ex_forward_b_sel_cur", 1 0, L_0000024c65018660;  1 drivers
v0000024c65004930_0 .net "ex_jump_taken_cur", 0 0, L_0000024c65076490;  1 drivers
v0000024c650051f0_0 .net "ex_jump_target_cur", 31 0, L_0000024c65079250;  1 drivers
v0000024c650069b0_0 .net "ex_jump_target_raw_cur", 31 0, L_0000024c65079d90;  1 drivers
v0000024c650060f0_0 .var "ex_mem_alu_result_cur", 31 0;
v0000024c65006a50_0 .net "ex_mem_alu_result_next", 31 0, L_0000024c65074f20;  1 drivers
v0000024c65006cd0_0 .var "ex_mem_dmem_req_sent_cur", 0 0;
v0000024c65005a10_0 .var "ex_mem_ebreak_cur", 0 0;
v0000024c650064b0_0 .net "ex_mem_ebreak_next", 0 0, L_0000024c65075bd0;  1 drivers
v0000024c650055b0_0 .net "ex_mem_forward_data_cur", 31 0, L_0000024c65018480;  1 drivers
v0000024c65006730_0 .var "ex_mem_func3_cur", 2 0;
v0000024c65004c50_0 .net "ex_mem_func3_next", 2 0, L_0000024c65076570;  1 drivers
v0000024c65004e30_0 .net "ex_mem_has_dmem_req_cur", 0 0, L_0000024c65076f10;  1 drivers
v0000024c650067d0_0 .var "ex_mem_illegal_inst_cur", 0 0;
v0000024c65005ab0_0 .net "ex_mem_illegal_inst_next", 0 0, L_0000024c65076030;  1 drivers
v0000024c65006550_0 .var "ex_mem_inst_cur", 31 0;
v0000024c650050b0_0 .net "ex_mem_inst_next", 31 0, L_0000024c65076500;  1 drivers
v0000024c65005b50_0 .var "ex_mem_jump_cur", 0 0;
v0000024c65005150_0 .net "ex_mem_jump_next", 0 0, L_0000024c65074f90;  1 drivers
v0000024c65005f10_0 .var "ex_mem_lui_cur", 0 0;
v0000024c65005330_0 .net "ex_mem_lui_next", 0 0, L_0000024c65075930;  1 drivers
v0000024c650053d0_0 .var "ex_mem_mem_read_cur", 0 0;
v0000024c65005e70_0 .net "ex_mem_mem_read_next", 0 0, L_0000024c650758c0;  1 drivers
v0000024c65005470_0 .var "ex_mem_mem_to_reg_cur", 0 0;
v0000024c65005830_0 .net "ex_mem_mem_to_reg_next", 0 0, L_0000024c65075620;  1 drivers
v0000024c650058d0_0 .var "ex_mem_mem_write_cur", 0 0;
v0000024c650065f0_0 .net "ex_mem_mem_write_next", 0 0, L_0000024c650750e0;  1 drivers
v0000024c650062d0_0 .var "ex_mem_next_pc_cur", 31 0;
v0000024c65006190_0 .net "ex_mem_next_pc_next", 31 0, L_0000024c65075fc0;  1 drivers
v0000024c65005970_0 .var "ex_mem_offset_cur", 31 0;
v0000024c65005bf0_0 .net "ex_mem_offset_next", 31 0, L_0000024c650755b0;  1 drivers
v0000024c65005d30_0 .var "ex_mem_pc_cur", 31 0;
v0000024c65005dd0_0 .var "ex_mem_pc_misalign_trap_cur", 0 0;
v0000024c65006050_0 .net "ex_mem_pc_misalign_trap_next", 0 0, L_0000024c65075070;  1 drivers
v0000024c65006370_0 .net "ex_mem_pc_next", 31 0, L_0000024c65075770;  1 drivers
v0000024c65006690_0 .var "ex_mem_pc_plus4_cur", 31 0;
v0000024c65007b30_0 .net "ex_mem_pc_plus4_next", 31 0, L_0000024c650757e0;  1 drivers
v0000024c65007130_0 .var "ex_mem_rd_waddr_cur", 4 0;
v0000024c65007770_0 .net "ex_mem_rd_waddr_next", 4 0, L_0000024c65074e40;  1 drivers
v0000024c650087b0_0 .var "ex_mem_reg_write_cur", 0 0;
v0000024c65008710_0 .net "ex_mem_reg_write_next", 0 0, L_0000024c650759a0;  1 drivers
v0000024c650076d0_0 .var "ex_mem_rs1_raddr_cur", 4 0;
v0000024c65009570_0 .net "ex_mem_rs1_raddr_next", 4 0, L_0000024c65075d20;  1 drivers
v0000024c65008e90_0 .var "ex_mem_rs1_rdata_cur", 31 0;
v0000024c650083f0_0 .net "ex_mem_rs1_rdata_next", 31 0, L_0000024c65076260;  1 drivers
v0000024c65007630_0 .var "ex_mem_rs2_raddr_cur", 4 0;
v0000024c65008170_0 .net "ex_mem_rs2_raddr_next", 4 0, L_0000024c65076880;  1 drivers
v0000024c65007270_0 .var "ex_mem_rs2_rdata_cur", 31 0;
v0000024c65008fd0_0 .net "ex_mem_rs2_rdata_next", 31 0, L_0000024c65075b60;  1 drivers
v0000024c65008850_0 .var "ex_mem_store_data_cur", 31 0;
v0000024c650096b0_0 .net "ex_mem_store_data_next", 31 0, L_0000024c65075e00;  1 drivers
v0000024c65008a30_0 .var "ex_mem_valid_cur", 0 0;
v0000024c650080d0_0 .net "ex_mem_valid_next", 0 0, L_0000024c65075ee0;  1 drivers
v0000024c65008030_0 .net "ex_next_pc_cur", 31 0, L_0000024c65079f70;  1 drivers
v0000024c65009610_0 .net "ex_operand1_cur", 31 0, L_0000024c65080910;  1 drivers
v0000024c65009070_0 .net "ex_operand1_sel_cur", 1 0, L_0000024c65018c00;  1 drivers
v0000024c65007450_0 .net "ex_operand2_cur", 31 0, L_0000024c65080af0;  1 drivers
v0000024c65007c70_0 .net "ex_operand2_sel_cur", 1 0, L_0000024c65018ac0;  1 drivers
v0000024c65008d50_0 .net "ex_pc_misalign_trap_cur", 0 0, L_0000024c65076180;  1 drivers
v0000024c65008ad0_0 .net "ex_redirect_cur", 0 0, L_0000024c65074dd0;  1 drivers
v0000024c65007ef0_0 .net "ex_rs1_value_cur", 31 0, L_0000024c65080b90;  1 drivers
v0000024c65009110_0 .net "ex_rs2_value_cur", 31 0, L_0000024c65080730;  1 drivers
v0000024c650071d0_0 .net "ex_store_data_cur", 31 0, L_0000024c65076110;  1 drivers
v0000024c65007d10_0 .var "halted_cur", 0 0;
v0000024c65008990_0 .net "hazard_ex_cur", 0 0, L_0000024c65074b30;  1 drivers
v0000024c65009250_0 .net "hazard_mem_cur", 0 0, L_0000024c6501be40;  1 drivers
v0000024c650074f0_0 .net "hazard_stall_cur", 0 0, L_0000024c65073c50;  1 drivers
v0000024c65007310_0 .net "hazard_wb_cur", 0 0, L_0000024c6501be88;  1 drivers
v0000024c650073b0_0 .net "i_clk", 0 0, v0000024c650155a0_0;  1 drivers
v0000024c65008b70_0 .net "i_dmem_rdata", 31 0, L_0000024c65097400;  alias, 1 drivers
v0000024c650078b0_0 .net "i_dmem_ready", 0 0, L_0000024c65097390;  alias, 1 drivers
v0000024c65007590_0 .net "i_dmem_valid", 0 0, L_0000024c650970f0;  alias, 1 drivers
v0000024c650091b0_0 .net "i_imem_rdata", 31 0, L_0000024c650960c0;  alias, 1 drivers
v0000024c650092f0_0 .net "i_imem_ready", 0 0, L_0000024c650964b0;  alias, 1 drivers
v0000024c65009750_0 .net "i_imem_valid", 0 0, L_0000024c650962f0;  alias, 1 drivers
v0000024c650097f0_0 .net "i_rst", 0 0, v0000024c65017260_0;  1 drivers
v0000024c65008c10_0 .net "id_alu_op_cur", 2 0, L_0000024c65015aa0;  1 drivers
v0000024c65007bd0_0 .net "id_alu_src1_cur", 0 0, L_0000024c64eff6b0;  1 drivers
v0000024c65008f30_0 .net "id_alu_src2_cur", 0 0, L_0000024c64effb80;  1 drivers
v0000024c65008210_0 .net "id_branch_cur", 0 0, L_0000024c64effd40;  1 drivers
v0000024c65007090_0 .net "id_ebreak_cur", 0 0, L_0000024c64eff4f0;  1 drivers
v0000024c65007810_0 .var "id_ex_alu_op_cur", 2 0;
v0000024c65007950_0 .net "id_ex_alu_op_next", 2 0, L_0000024c65073860;  1 drivers
v0000024c65007db0_0 .var "id_ex_alu_src1_cur", 0 0;
v0000024c650088f0_0 .net "id_ex_alu_src1_next", 0 0, L_0000024c65073550;  1 drivers
v0000024c65009430_0 .var "id_ex_alu_src2_cur", 0 0;
v0000024c65009390_0 .net "id_ex_alu_src2_next", 0 0, L_0000024c65073d30;  1 drivers
v0000024c650094d0_0 .var "id_ex_branch_cur", 0 0;
v0000024c650082b0_0 .net "id_ex_branch_next", 0 0, L_0000024c65074580;  1 drivers
v0000024c650079f0_0 .var "id_ex_ebreak_cur", 0 0;
v0000024c65007a90_0 .net "id_ex_ebreak_next", 0 0, L_0000024c65073ef0;  1 drivers
v0000024c65007e50_0 .var "id_ex_func3_cur", 2 0;
v0000024c65007f90_0 .net "id_ex_func3_next", 2 0, L_0000024c65019e20;  1 drivers
v0000024c65008350_0 .var "id_ex_func7_cur", 6 0;
v0000024c65008490_0 .net "id_ex_func7_next", 6 0, L_0000024c65019f60;  1 drivers
v0000024c65008530_0 .var "id_ex_illegal_inst_cur", 0 0;
v0000024c650085d0_0 .net "id_ex_illegal_inst_next", 0 0, L_0000024c65073400;  1 drivers
v0000024c65008cb0_0 .var "id_ex_inst_cur", 31 0;
v0000024c65008670_0 .net "id_ex_inst_next", 31 0, L_0000024c650739b0;  1 drivers
v0000024c65008df0_0 .var "id_ex_jump_cur", 0 0;
v0000024c65009a70_0 .net "id_ex_jump_next", 0 0, L_0000024c65073a20;  1 drivers
v0000024c65009890_0 .var "id_ex_lui_cur", 0 0;
v0000024c65009e30_0 .net "id_ex_lui_next", 0 0, L_0000024c65073b00;  1 drivers
v0000024c65009d90_0 .var "id_ex_mem_read_cur", 0 0;
v0000024c650099d0_0 .net "id_ex_mem_read_next", 0 0, L_0000024c65073320;  1 drivers
v0000024c65009930_0 .var "id_ex_mem_to_reg_cur", 0 0;
v0000024c65009b10_0 .net "id_ex_mem_to_reg_next", 0 0, L_0000024c650730f0;  1 drivers
v0000024c65009bb0_0 .var "id_ex_mem_write_cur", 0 0;
v0000024c65009c50_0 .net "id_ex_mem_write_next", 0 0, L_0000024c65073940;  1 drivers
v0000024c65009cf0_0 .var "id_ex_offset_cur", 31 0;
v0000024c65009f70_0 .net "id_ex_offset_next", 31 0, L_0000024c65073e10;  1 drivers
v0000024c65009ed0_0 .var "id_ex_opcode_cur", 6 0;
v0000024c6500df90_0 .net "id_ex_opcode_next", 6 0, L_0000024c65019c40;  1 drivers
v0000024c6500f110_0 .var "id_ex_pc_cur", 31 0;
v0000024c6500ead0_0 .net "id_ex_pc_next", 31 0, L_0000024c65074c80;  1 drivers
v0000024c6500ff70_0 .var "id_ex_pc_plus4_cur", 31 0;
v0000024c6500e170_0 .net "id_ex_pc_plus4_next", 31 0, L_0000024c65073630;  1 drivers
v0000024c6500ee90_0 .var "id_ex_pc_src_cur", 0 0;
v0000024c6500ea30_0 .net "id_ex_pc_src_next", 0 0, L_0000024c650737f0;  1 drivers
v0000024c6500f890_0 .var "id_ex_rd_waddr_cur", 4 0;
v0000024c6500dd10_0 .net "id_ex_rd_waddr_next", 4 0, L_0000024c65074ba0;  1 drivers
v0000024c6500e990_0 .var "id_ex_reg_write_cur", 0 0;
v0000024c6500fd90_0 .net "id_ex_reg_write_next", 0 0, L_0000024c65073390;  1 drivers
v0000024c6500f9d0_0 .var "id_ex_rs1_raddr_cur", 4 0;
v0000024c6500def0_0 .net "id_ex_rs1_raddr_next", 4 0, L_0000024c65074ac0;  1 drivers
v0000024c65010010_0 .var "id_ex_rs1_rdata_cur", 31 0;
v0000024c6500e030_0 .net "id_ex_rs1_rdata_next", 31 0, L_0000024c65073e80;  1 drivers
v0000024c6500e0d0_0 .var "id_ex_rs2_raddr_cur", 4 0;
v0000024c6500d8b0_0 .net "id_ex_rs2_raddr_next", 4 0, L_0000024c650732b0;  1 drivers
v0000024c6500e210_0 .var "id_ex_rs2_rdata_cur", 31 0;
v0000024c6500fb10_0 .net "id_ex_rs2_rdata_next", 31 0, L_0000024c65074820;  1 drivers
v0000024c6500fe30_0 .var "id_ex_valid_cur", 0 0;
v0000024c6500da90_0 .net "id_ex_valid_next", 0 0, L_0000024c650734e0;  1 drivers
v0000024c6500ed50_0 .net "id_illegal_inst_cur", 0 0, L_0000024c64eff3a0;  1 drivers
v0000024c6500fc50_0 .net "id_jump_cur", 0 0, L_0000024c64eff790;  1 drivers
v0000024c6500db30_0 .net "id_lui_cur", 0 0, L_0000024c64efdce0;  1 drivers
v0000024c6500fcf0_0 .net "id_mem_read_cur", 0 0, L_0000024c64efdea0;  1 drivers
v0000024c6500dbd0_0 .net "id_mem_to_reg_cur", 0 0, L_0000024c64effa30;  1 drivers
v0000024c6500ecb0_0 .net "id_mem_write_cur", 0 0, L_0000024c64efdd50;  1 drivers
v0000024c6500f750_0 .net "id_offset_cur", 31 0, L_0000024c650191a0;  1 drivers
v0000024c6500f7f0_0 .net "id_opcode_cur", 6 0, L_0000024c6501a820;  1 drivers
v0000024c6500e670_0 .net "id_pc_src_cur", 0 0, L_0000024c64efde30;  1 drivers
v0000024c6500f610_0 .net "id_rd_waddr_cur", 4 0, L_0000024c65016ae0;  1 drivers
v0000024c6500fa70_0 .net "id_reg_write_cur", 0 0, L_0000024c64effbf0;  1 drivers
v0000024c6500fbb0_0 .net "id_rs1_raddr_cur", 4 0, L_0000024c64ddd8d0;  1 drivers
v0000024c6500fed0_0 .net "id_rs1_rdata_cur", 31 0, L_0000024c64e2c570;  1 drivers
v0000024c6500dc70_0 .net "id_rs1_used_cur", 0 0, L_0000024c65073240;  1 drivers
v0000024c6500eb70_0 .net "id_rs2_ex_used_cur", 0 0, L_0000024c65074c10;  1 drivers
v0000024c6500e2b0_0 .net "id_rs2_raddr_cur", 4 0, L_0000024c649e6bf0;  1 drivers
v0000024c6500d950_0 .net "id_rs2_rdata_cur", 31 0, L_0000024c65073da0;  1 drivers
v0000024c6500ec10_0 .net "id_rs2_used_cur", 0 0, L_0000024c65073470;  1 drivers
v0000024c6500d9f0_0 .net "if_id_buffer_available_cur", 0 0, L_0000024c64efe6f0;  1 drivers
v0000024c6500ef30_0 .net "if_id_consumed_cur", 0 0, L_0000024c64eff640;  1 drivers
v0000024c6500ddb0_0 .var "if_id_inst_cur", 31 0;
v0000024c6500f930_0 .net "if_id_inst_next", 31 0, L_0000024c64efe140;  1 drivers
v0000024c6500de50_0 .var "if_id_pc_cur", 31 0;
v0000024c6500e490_0 .net "if_id_pc_next", 31 0, L_0000024c64efedf0;  1 drivers
v0000024c6500f570_0 .var "if_id_pc_plus4_cur", 31 0;
v0000024c6500e350_0 .net "if_id_pc_plus4_next", 31 0, L_0000024c65016f40;  1 drivers
v0000024c6500e3f0_0 .var "if_id_valid_cur", 0 0;
v0000024c6500e530_0 .net "if_id_valid_next", 0 0, L_0000024c64efed80;  1 drivers
v0000024c6500e5d0_0 .net "if_inst_cur", 31 0, L_0000024c64eff250;  1 drivers
v0000024c6500e710_0 .net "if_pc_cur", 31 0, L_0000024c64efdf10;  1 drivers
v0000024c6500f1b0_0 .net "if_pc_plus4_cur", 31 0, L_0000024c650169a0;  1 drivers
v0000024c6500e7b0_0 .var "imem_pending_cur", 0 0;
v0000024c6500e850_0 .var "imem_pending_kill_cur", 0 0;
v0000024c6500e8f0_0 .var "imem_pending_pc_cur", 31 0;
v0000024c6500edf0_0 .net "imem_req_fire_cur", 0 0, L_0000024c64efeae0;  1 drivers
v0000024c6500efd0_0 .net "imem_resp_accept_cur", 0 0, L_0000024c64efdff0;  1 drivers
v0000024c6500f070_0 .net "imem_resp_fire_cur", 0 0, L_0000024c64efe990;  1 drivers
v0000024c6500f250_0 .net "mem_dmem_addr_cur", 31 0, L_0000024c6507a0b0;  1 drivers
v0000024c6500f2f0_0 .net "mem_dmem_mask_cur", 3 0, L_0000024c65076a40;  1 drivers
v0000024c6500f390_0 .net "mem_dmem_ren_cur", 0 0, L_0000024c65096ec0;  1 drivers
v0000024c6500f430_0 .net "mem_dmem_ren_raw_cur", 0 0, L_0000024c650769d0;  1 drivers
v0000024c6500f4d0_0 .net "mem_dmem_wdata_cur", 31 0, L_0000024c65076ab0;  1 drivers
v0000024c6500f6b0_0 .net "mem_dmem_wen_cur", 0 0, L_0000024c65095720;  1 drivers
v0000024c650114b0_0 .net "mem_dmem_wen_raw_cur", 0 0, L_0000024c65076960;  1 drivers
v0000024c65011410_0 .net "mem_ex_match_rs1_cur", 0 0, L_0000024c65076730;  1 drivers
v0000024c65010a10_0 .net "mem_ex_match_rs2_cur", 0 0, L_0000024c65076340;  1 drivers
v0000024c65010ab0_0 .net "mem_load_data_cur", 31 0, L_0000024c65076c70;  1 drivers
v0000024c650101f0_0 .net "mem_misalign_trap_cur", 0 0, L_0000024c65076ff0;  1 drivers
v0000024c65010c90_0 .net "mem_read_en_cur", 0 0, L_0000024c65075310;  1 drivers
v0000024c65011910_0 .net "mem_stage_complete_cur", 0 0, L_0000024c65095480;  1 drivers
v0000024c65012450_0 .net "mem_stage_stall_cur", 0 0, L_0000024c650966e0;  1 drivers
v0000024c65012270_0 .net "mem_store_data_cur", 31 0, L_0000024c65079bb0;  1 drivers
v0000024c65010650_0 .net "mem_store_data_fwd_cur", 0 0, L_0000024c65076650;  1 drivers
v0000024c65011eb0_0 .var "mem_wb_alu_result_cur", 31 0;
v0000024c65011f50_0 .net "mem_wb_alu_result_next", 31 0, L_0000024c6507aab0;  1 drivers
v0000024c65010b50_0 .var "mem_wb_dmem_addr_cur", 31 0;
v0000024c650115f0_0 .net "mem_wb_dmem_addr_next", 31 0, L_0000024c6507b5f0;  1 drivers
v0000024c65011e10_0 .var "mem_wb_dmem_mask_cur", 3 0;
v0000024c65012630_0 .net "mem_wb_dmem_mask_next", 3 0, L_0000024c6507ba50;  1 drivers
v0000024c65010dd0_0 .var "mem_wb_dmem_rdata_cur", 31 0;
v0000024c65011b90_0 .net "mem_wb_dmem_rdata_next", 31 0, L_0000024c6507c6d0;  1 drivers
v0000024c65010290_0 .var "mem_wb_dmem_ren_cur", 0 0;
v0000024c65010bf0_0 .net "mem_wb_dmem_ren_next", 0 0, L_0000024c6507b9b0;  1 drivers
v0000024c65010d30_0 .var "mem_wb_dmem_wdata_cur", 31 0;
v0000024c65010150_0 .net "mem_wb_dmem_wdata_next", 31 0, L_0000024c6507c810;  1 drivers
v0000024c65010fb0_0 .var "mem_wb_dmem_wen_cur", 0 0;
v0000024c65012770_0 .net "mem_wb_dmem_wen_next", 0 0, L_0000024c6507d170;  1 drivers
v0000024c650126d0_0 .var "mem_wb_ebreak_cur", 0 0;
v0000024c65011050_0 .net "mem_wb_ebreak_next", 0 0, L_0000024c6507d7b0;  1 drivers
v0000024c65010510_0 .net "mem_wb_forward_data_cur", 31 0, L_0000024c65073f60;  1 drivers
v0000024c65011690_0 .var "mem_wb_illegal_inst_cur", 0 0;
v0000024c65012810_0 .net "mem_wb_illegal_inst_next", 0 0, L_0000024c6507c270;  1 drivers
v0000024c65010e70_0 .var "mem_wb_inst_cur", 31 0;
v0000024c65010330_0 .net "mem_wb_inst_next", 31 0, L_0000024c6507b410;  1 drivers
v0000024c650110f0_0 .var "mem_wb_jump_cur", 0 0;
v0000024c65010790_0 .net "mem_wb_jump_next", 0 0, L_0000024c6507d5d0;  1 drivers
v0000024c65011370_0 .var "mem_wb_load_data_cur", 31 0;
v0000024c65011230_0 .net "mem_wb_load_data_next", 31 0, L_0000024c6507ab50;  1 drivers
v0000024c650117d0_0 .var "mem_wb_lui_cur", 0 0;
v0000024c650108d0_0 .net "mem_wb_lui_next", 0 0, L_0000024c6507c770;  1 drivers
v0000024c65010970_0 .var "mem_wb_mem_to_reg_cur", 0 0;
v0000024c65010f10_0 .net "mem_wb_mem_to_reg_next", 0 0, L_0000024c6507be10;  1 drivers
v0000024c65012130_0 .var "mem_wb_misalign_trap_cur", 0 0;
v0000024c65011550_0 .net "mem_wb_misalign_trap_next", 0 0, L_0000024c6507d850;  1 drivers
v0000024c65011190_0 .var "mem_wb_next_pc_cur", 31 0;
v0000024c650121d0_0 .net "mem_wb_next_pc_next", 31 0, L_0000024c6507a470;  1 drivers
v0000024c650112d0_0 .var "mem_wb_offset_cur", 31 0;
v0000024c65012310_0 .net "mem_wb_offset_next", 31 0, L_0000024c6507aa10;  1 drivers
v0000024c650106f0_0 .var "mem_wb_pc_cur", 31 0;
v0000024c650100b0_0 .var "mem_wb_pc_misalign_trap_cur", 0 0;
v0000024c65011730_0 .net "mem_wb_pc_misalign_trap_next", 0 0, L_0000024c6507c950;  1 drivers
v0000024c65010830_0 .net "mem_wb_pc_next", 31 0, L_0000024c65079890;  1 drivers
v0000024c65011870_0 .var "mem_wb_pc_plus4_cur", 31 0;
v0000024c650124f0_0 .net "mem_wb_pc_plus4_next", 31 0, L_0000024c650799d0;  1 drivers
v0000024c650119b0_0 .var "mem_wb_rd_waddr_cur", 4 0;
v0000024c650123b0_0 .net "mem_wb_rd_waddr_next", 4 0, L_0000024c6507a790;  1 drivers
v0000024c65011a50_0 .var "mem_wb_reg_write_cur", 0 0;
v0000024c65011af0_0 .net "mem_wb_reg_write_next", 0 0, L_0000024c6507d670;  1 drivers
v0000024c65011c30_0 .var "mem_wb_rs1_raddr_cur", 4 0;
v0000024c650103d0_0 .net "mem_wb_rs1_raddr_next", 4 0, L_0000024c6507a510;  1 drivers
v0000024c65011cd0_0 .var "mem_wb_rs1_rdata_cur", 31 0;
v0000024c65011d70_0 .net "mem_wb_rs1_rdata_next", 31 0, L_0000024c6507abf0;  1 drivers
v0000024c65011ff0_0 .var "mem_wb_rs2_raddr_cur", 4 0;
v0000024c65012090_0 .net "mem_wb_rs2_raddr_next", 4 0, L_0000024c6507a6f0;  1 drivers
v0000024c65012590_0 .var "mem_wb_rs2_rdata_cur", 31 0;
v0000024c65010470_0 .net "mem_wb_rs2_rdata_next", 31 0, L_0000024c6507a970;  1 drivers
v0000024c650105b0_0 .var "mem_wb_valid_cur", 0 0;
v0000024c65012a90_0 .net "mem_wb_valid_next", 0 0, L_0000024c65095950;  1 drivers
v0000024c650128b0_0 .net "mem_write_en_cur", 0 0, L_0000024c65075380;  1 drivers
v0000024c65012950_0 .net "o_dmem_addr", 31 0, L_0000024c65096360;  alias, 1 drivers
v0000024c65012c70_0 .net "o_dmem_mask", 3 0, L_0000024c65096fa0;  alias, 1 drivers
v0000024c65012f90_0 .net "o_dmem_ren", 0 0, L_0000024c650961a0;  alias, 1 drivers
v0000024c65012d10_0 .net "o_dmem_wdata", 31 0, L_0000024c65095db0;  alias, 1 drivers
v0000024c650129f0_0 .net "o_dmem_wen", 0 0, L_0000024c65095a30;  alias, 1 drivers
v0000024c65012b30_0 .net "o_imem_raddr", 31 0, L_0000024c64eff330;  alias, 1 drivers
v0000024c65012ef0_0 .net "o_imem_ren", 0 0, L_0000024c64efdc00;  alias, 1 drivers
v0000024c65012bd0_0 .net "o_retire_dmem_addr", 31 0, L_0000024c650968a0;  alias, 1 drivers
v0000024c65012db0_0 .net "o_retire_dmem_mask", 3 0, L_0000024c65095e20;  alias, 1 drivers
v0000024c65012e50_0 .net "o_retire_dmem_rdata", 31 0, L_0000024c65096600;  alias, 1 drivers
v0000024c6500bdd0_0 .net "o_retire_dmem_ren", 0 0, L_0000024c65095cd0;  alias, 1 drivers
v0000024c6500c9b0_0 .net "o_retire_dmem_wdata", 31 0, L_0000024c65096b40;  alias, 1 drivers
v0000024c6500b6f0_0 .net "o_retire_dmem_wen", 0 0, L_0000024c65096bb0;  alias, 1 drivers
v0000024c6500b790_0 .net "o_retire_halt", 0 0, L_0000024c65096210;  alias, 1 drivers
v0000024c6500b150_0 .net "o_retire_inst", 31 0, L_0000024c65095c60;  alias, 1 drivers
v0000024c6500d3b0_0 .net "o_retire_next_pc", 31 0, L_0000024c65096f30;  alias, 1 drivers
v0000024c6500b1f0_0 .net "o_retire_pc", 31 0, L_0000024c65095b10;  alias, 1 drivers
v0000024c6500ca50_0 .net "o_retire_rd_waddr", 4 0, L_0000024c6507c9f0;  alias, 1 drivers
v0000024c6500b290_0 .net "o_retire_rd_wdata", 31 0, L_0000024c65096590;  alias, 1 drivers
v0000024c6500cc30_0 .net "o_retire_rs1_raddr", 4 0, L_0000024c65096ad0;  alias, 1 drivers
v0000024c6500b330_0 .net "o_retire_rs1_rdata", 31 0, L_0000024c650963d0;  alias, 1 drivers
v0000024c6500bf10_0 .net "o_retire_rs2_raddr", 4 0, L_0000024c65095410;  alias, 1 drivers
v0000024c6500c4b0_0 .net "o_retire_rs2_rdata", 31 0, L_0000024c650954f0;  alias, 1 drivers
v0000024c6500bd30_0 .net "o_retire_trap", 0 0, L_0000024c650969f0;  alias, 1 drivers
v0000024c6500cf50_0 .net "o_retire_valid", 0 0, L_0000024c65095800;  alias, 1 drivers
v0000024c6500ceb0_0 .var "pc_cur", 31 0;
v0000024c6500ce10_0 .net "pc_next", 31 0, L_0000024c650164a0;  1 drivers
v0000024c6500d270_0 .net "retire_halt_cur", 0 0, L_0000024c65095fe0;  1 drivers
v0000024c6500d310_0 .net "wb_trap_cur", 0 0, L_0000024c65096520;  1 drivers
v0000024c6500bb50_0 .net "wb_write_data_cur", 31 0, L_0000024c6507beb0;  1 drivers
v0000024c6500b0b0_0 .net "wb_write_enable_cur", 0 0, L_0000024c65095aa0;  1 drivers
L_0000024c650169a0 .arith/sum 32, v0000024c6500ceb0_0, L_0000024c6501b078;
L_0000024c650164a0 .functor MUXZ 32, L_0000024c650169a0, L_0000024c65078d50, L_0000024c65074dd0, C4<>;
L_0000024c65016f40 .arith/sum 32, v0000024c6500e8f0_0, L_0000024c6501b0c0;
L_0000024c6501a820 .part v0000024c6500ddb0_0, 0, 7;
L_0000024c65018fc0 .cmp/eq 7, L_0000024c6501a820, L_0000024c6501bae0;
L_0000024c65018a20 .cmp/eq 7, L_0000024c6501a820, L_0000024c6501bb28;
L_0000024c65019740 .cmp/eq 7, L_0000024c6501a820, L_0000024c6501bb70;
L_0000024c6501a000 .cmp/eq 7, L_0000024c6501a820, L_0000024c6501bbb8;
L_0000024c650192e0 .cmp/eq 7, L_0000024c6501a820, L_0000024c6501bc00;
L_0000024c65019880 .cmp/eq 7, L_0000024c6501a820, L_0000024c6501bc48;
L_0000024c65019600 .cmp/eq 7, L_0000024c6501a820, L_0000024c6501bc90;
L_0000024c650182a0 .cmp/eq 7, L_0000024c6501a820, L_0000024c6501bcd8;
L_0000024c65019d80 .cmp/eq 7, L_0000024c6501a820, L_0000024c6501bd20;
L_0000024c65019ba0 .cmp/eq 7, L_0000024c6501a820, L_0000024c6501bd68;
L_0000024c65018840 .cmp/eq 7, L_0000024c6501a820, L_0000024c6501bdb0;
L_0000024c65018520 .cmp/ne 5, v0000024c6500f890_0, L_0000024c6501bdf8;
L_0000024c6501a500 .cmp/eq 5, L_0000024c64ddd8d0, v0000024c6500f890_0;
L_0000024c65019920 .cmp/eq 5, L_0000024c649e6bf0, v0000024c6500f890_0;
L_0000024c65019c40 .part v0000024c6500ddb0_0, 0, 7;
L_0000024c65019e20 .part v0000024c6500ddb0_0, 12, 3;
L_0000024c65019f60 .part v0000024c6500ddb0_0, 25, 7;
L_0000024c65019ec0 .functor MUXZ 32, v0000024c650060f0_0, v0000024c65005970_0, v0000024c65005f10_0, C4<>;
L_0000024c65018480 .functor MUXZ 32, L_0000024c65019ec0, v0000024c65006690_0, v0000024c65005b50_0, C4<>;
L_0000024c6501a0a0 .cmp/ne 5, v0000024c65007130_0, L_0000024c6501bed0;
L_0000024c650188e0 .cmp/eq 5, v0000024c65007130_0, v0000024c6500f9d0_0;
L_0000024c6501a1e0 .cmp/ne 5, v0000024c65007130_0, L_0000024c6501bf18;
L_0000024c6501a280 .cmp/eq 5, v0000024c65007130_0, v0000024c6500e0d0_0;
L_0000024c6501a780 .cmp/ne 5, v0000024c650119b0_0, L_0000024c6501bf60;
L_0000024c650185c0 .cmp/eq 5, v0000024c650119b0_0, v0000024c6500f9d0_0;
L_0000024c6501a320 .cmp/ne 5, v0000024c650119b0_0, L_0000024c6501bfa8;
L_0000024c6501a3c0 .cmp/eq 5, v0000024c650119b0_0, v0000024c6500e0d0_0;
L_0000024c6501a5a0 .functor MUXZ 2, L_0000024c6501c080, L_0000024c6501c038, L_0000024c65076730, C4<>;
L_0000024c65018340 .functor MUXZ 2, L_0000024c6501a5a0, L_0000024c6501bff0, L_0000024c65073710, C4<>;
L_0000024c650180c0 .functor MUXZ 2, L_0000024c6501c158, L_0000024c6501c110, L_0000024c65076340, C4<>;
L_0000024c65018660 .functor MUXZ 2, L_0000024c650180c0, L_0000024c6501c0c8, L_0000024c65074190, C4<>;
L_0000024c65018c00 .functor MUXZ 2, L_0000024c65018340, L_0000024c6501c1a0, v0000024c65007db0_0, C4<>;
L_0000024c65018ac0 .functor MUXZ 2, L_0000024c65018660, L_0000024c6501c1e8, v0000024c65009430_0, C4<>;
L_0000024c65018ca0 .cmp/eq 2, L_0000024c65018340, L_0000024c6501c230;
L_0000024c65080690 .cmp/eq 2, L_0000024c65018340, L_0000024c6501c278;
L_0000024c65080870 .functor MUXZ 32, v0000024c65010010_0, L_0000024c65073f60, L_0000024c65080690, C4<>;
L_0000024c65080b90 .functor MUXZ 32, L_0000024c65080870, L_0000024c65018480, L_0000024c65018ca0, C4<>;
L_0000024c65080c30 .cmp/eq 2, L_0000024c65018660, L_0000024c6501c2c0;
L_0000024c650809b0 .cmp/eq 2, L_0000024c65018660, L_0000024c6501c308;
L_0000024c650807d0 .functor MUXZ 32, v0000024c6500e210_0, L_0000024c65073f60, L_0000024c650809b0, C4<>;
L_0000024c65080730 .functor MUXZ 32, L_0000024c650807d0, L_0000024c65018480, L_0000024c65080c30, C4<>;
L_0000024c65080550 .cmp/eq 2, L_0000024c65018c00, L_0000024c6501c350;
L_0000024c65080910 .functor MUXZ 32, L_0000024c65080b90, v0000024c6500f110_0, L_0000024c65080550, C4<>;
L_0000024c650805f0 .cmp/eq 2, L_0000024c65018ac0, L_0000024c6501c398;
L_0000024c65080af0 .functor MUXZ 32, L_0000024c65080730, v0000024c65009cf0_0, L_0000024c650805f0, C4<>;
L_0000024c65079110 .arith/sum 32, v0000024c6500f110_0, v0000024c65009cf0_0;
L_0000024c6507a150 .arith/sum 32, L_0000024c65080910, v0000024c65009cf0_0;
L_0000024c6507b4b0 .arith/sum 32, v0000024c6500f110_0, v0000024c65009cf0_0;
L_0000024c65079d90 .functor MUXZ 32, L_0000024c6507b4b0, L_0000024c6507a150, v0000024c6500ee90_0, C4<>;
L_0000024c6507a830 .part L_0000024c65079d90, 1, 31;
L_0000024c650791b0 .concat [ 1 31 0 0], L_0000024c6501c3e0, L_0000024c6507a830;
L_0000024c65079250 .functor MUXZ 32, L_0000024c65079d90, L_0000024c650791b0, v0000024c6500ee90_0, C4<>;
L_0000024c65078d50 .functor MUXZ 32, L_0000024c65079110, L_0000024c65079250, v0000024c65008df0_0, C4<>;
L_0000024c65079570 .cmp/eq 3, v0000024c65007e50_0, L_0000024c6501c428;
L_0000024c65079b10 .cmp/eq 3, v0000024c65007e50_0, L_0000024c6501c470;
L_0000024c6507add0 .cmp/eq 3, v0000024c65007e50_0, L_0000024c6501c4b8;
L_0000024c6507b230 .cmp/eq 3, v0000024c65007e50_0, L_0000024c6501c500;
L_0000024c65078fd0 .cmp/eq 3, v0000024c65007e50_0, L_0000024c6501c548;
L_0000024c65079390 .cmp/eq 3, v0000024c65007e50_0, L_0000024c6501c590;
L_0000024c6507a8d0 .functor MUXZ 1, L_0000024c6501c5d8, L_0000024c65074d60, L_0000024c65079390, C4<>;
L_0000024c65079e30 .functor MUXZ 1, L_0000024c6507a8d0, L_0000024c650761f0, L_0000024c65078fd0, C4<>;
L_0000024c6507af10 .functor MUXZ 1, L_0000024c65079e30, L_0000024c65075690, L_0000024c6507b230, C4<>;
L_0000024c65079070 .functor MUXZ 1, L_0000024c6507af10, L_0000024c650761f0, L_0000024c6507add0, C4<>;
L_0000024c6507a3d0 .functor MUXZ 1, L_0000024c65079070, L_0000024c65075a80, L_0000024c65079b10, C4<>;
L_0000024c650792f0 .functor MUXZ 1, L_0000024c6507a3d0, L_0000024c65078f30, L_0000024c65079570, C4<>;
L_0000024c65079430 .part L_0000024c65078d50, 0, 2;
L_0000024c650794d0 .reduce/or L_0000024c65079430;
L_0000024c65079f70 .functor MUXZ 32, v0000024c6500ff70_0, L_0000024c65078d50, L_0000024c65074dd0, C4<>;
L_0000024c65079c50 .cmp/ne 5, v0000024c650119b0_0, L_0000024c6501c620;
L_0000024c6507a010 .cmp/eq 5, v0000024c650119b0_0, v0000024c65007630_0;
L_0000024c65079bb0 .functor MUXZ 32, v0000024c65008850_0, v0000024c65011370_0, L_0000024c65076650, C4<>;
L_0000024c65079890 .functor MUXZ 32, L_0000024c6501c8a8, v0000024c65005d30_0, L_0000024c65095480, C4<>;
L_0000024c650799d0 .functor MUXZ 32, L_0000024c6501c8f0, v0000024c65006690_0, L_0000024c65095480, C4<>;
L_0000024c6507a470 .functor MUXZ 32, L_0000024c6501c938, v0000024c650062d0_0, L_0000024c65095480, C4<>;
L_0000024c6507b410 .functor MUXZ 32, L_0000024c6501c980, v0000024c65006550_0, L_0000024c65095480, C4<>;
L_0000024c6507a510 .functor MUXZ 5, L_0000024c6501c9c8, v0000024c650076d0_0, L_0000024c65095480, C4<>;
L_0000024c6507a6f0 .functor MUXZ 5, L_0000024c6501ca10, v0000024c65007630_0, L_0000024c65095480, C4<>;
L_0000024c6507a790 .functor MUXZ 5, L_0000024c6501ca58, v0000024c65007130_0, L_0000024c65095480, C4<>;
L_0000024c6507abf0 .functor MUXZ 32, L_0000024c6501caa0, v0000024c65008e90_0, L_0000024c65095480, C4<>;
L_0000024c6507a970 .functor MUXZ 32, L_0000024c6501cae8, v0000024c65007270_0, L_0000024c65095480, C4<>;
L_0000024c6507aa10 .functor MUXZ 32, L_0000024c6501cb30, v0000024c65005970_0, L_0000024c65095480, C4<>;
L_0000024c6507aab0 .functor MUXZ 32, L_0000024c6501cb78, v0000024c650060f0_0, L_0000024c65095480, C4<>;
L_0000024c6507ab50 .functor MUXZ 32, L_0000024c6501cbc0, L_0000024c65076c70, L_0000024c650958e0, C4<>;
L_0000024c6507b5f0 .functor MUXZ 32, L_0000024c6501cc08, L_0000024c6507a0b0, L_0000024c65095480, C4<>;
L_0000024c6507b9b0 .functor MUXZ 1, L_0000024c6501cc50, L_0000024c650769d0, L_0000024c65095480, C4<>;
L_0000024c6507d170 .functor MUXZ 1, L_0000024c6501cc98, L_0000024c65076960, L_0000024c65095480, C4<>;
L_0000024c6507ba50 .functor MUXZ 4, L_0000024c6501cce0, L_0000024c65076a40, L_0000024c65095480, C4<>;
L_0000024c6507c810 .functor MUXZ 32, L_0000024c6501cd28, L_0000024c65076ab0, L_0000024c65095480, C4<>;
L_0000024c6507c6d0 .functor MUXZ 32, L_0000024c6501cd70, L_0000024c65097400, L_0000024c650958e0, C4<>;
L_0000024c6507be10 .functor MUXZ 1, L_0000024c6501cdb8, v0000024c65005470_0, L_0000024c65095480, C4<>;
L_0000024c6507c770 .functor MUXZ 1, L_0000024c6501ce00, v0000024c65005f10_0, L_0000024c65095480, C4<>;
L_0000024c6507d5d0 .functor MUXZ 1, L_0000024c6501ce48, v0000024c65005b50_0, L_0000024c65095480, C4<>;
L_0000024c6507d670 .functor MUXZ 1, L_0000024c6501ce90, v0000024c650087b0_0, L_0000024c65095480, C4<>;
L_0000024c6507c270 .functor MUXZ 1, L_0000024c6501ced8, v0000024c650067d0_0, L_0000024c65095480, C4<>;
L_0000024c6507c950 .functor MUXZ 1, L_0000024c6501cf20, v0000024c65005dd0_0, L_0000024c65095480, C4<>;
L_0000024c6507d850 .functor MUXZ 1, L_0000024c6501cf68, L_0000024c65076ff0, L_0000024c65095480, C4<>;
L_0000024c6507d7b0 .functor MUXZ 1, L_0000024c6501cfb0, v0000024c65005a10_0, L_0000024c65095480, C4<>;
L_0000024c6507c9f0 .functor MUXZ 5, L_0000024c6501cff8, v0000024c650119b0_0, L_0000024c65095aa0, C4<>;
S_0000024c649ea730 .scope module, "u_decode" "decode" 3 474, 4 1 0, S_0000024c64f95da0;
 .timescale -9 -12;
    .port_info 0 /INPUT 1 "i_clk";
    .port_info 1 /INPUT 1 "i_rst";
    .port_info 2 /INPUT 32 "Inst";
    .port_info 3 /INPUT 32 "WriteData";
    .port_info 4 /INPUT 5 "WriteAddr";
    .port_info 5 /INPUT 1 "WriteEn";
    .port_info 6 /OUTPUT 1 "lui";
    .port_info 7 /OUTPUT 1 "PcSrc";
    .port_info 8 /OUTPUT 3 "AluOp";
    .port_info 9 /OUTPUT 1 "MemWrite";
    .port_info 10 /OUTPUT 1 "MemRead";
    .port_info 11 /OUTPUT 1 "MemToReg";
    .port_info 12 /OUTPUT 1 "AluSrc1";
    .port_info 13 /OUTPUT 1 "AluSrc2";
    .port_info 14 /OUTPUT 1 "RegWrite";
    .port_info 15 /OUTPUT 1 "Jump";
    .port_info 16 /OUTPUT 1 "Branch";
    .port_info 17 /OUTPUT 32 "Offset";
    .port_info 18 /OUTPUT 5 "o_retire_rs1_raddr";
    .port_info 19 /OUTPUT 5 "o_retire_rs2_raddr";
    .port_info 20 /OUTPUT 5 "o_retire_rd_waddr";
    .port_info 21 /OUTPUT 32 "o_retire_rs1_rdata";
    .port_info 22 /OUTPUT 32 "o_retire_rs2_rdata";
    .port_info 23 /OUTPUT 1 "IllegalInst";
    .port_info 24 /OUTPUT 1 "EBreak";
P_0000024c64f502a0 .param/l "BYPASS_EN" 0 4 2, +C4<00000000000000000000000000000001>;
L_0000024c64eff480 .functor OR 1, L_0000024c65016400, L_0000024c65018020, C4<0>, C4<0>;
L_0000024c64efe060 .functor OR 1, L_0000024c64eff480, L_0000024c65017d00, C4<0>, C4<0>;
L_0000024c64efdb20 .functor OR 1, L_0000024c65016e00, L_0000024c65016ea0, C4<0>, C4<0>;
L_0000024c64eff4f0 .functor BUFZ 1, L_0000024c65017da0, C4<0>, C4<0>, C4<0>;
L_0000024c64efdc70 .functor OR 1, L_0000024c65015b40, L_0000024c65016400, C4<0>, C4<0>;
L_0000024c64efee60 .functor OR 1, L_0000024c64efdc70, L_0000024c65018020, C4<0>, C4<0>;
L_0000024c64efefb0 .functor OR 1, L_0000024c64efee60, L_0000024c65016860, C4<0>, C4<0>;
L_0000024c64eff560 .functor OR 1, L_0000024c64efefb0, L_0000024c65017ee0, C4<0>, C4<0>;
L_0000024c64eff090 .functor OR 1, L_0000024c64eff560, L_0000024c65016e00, C4<0>, C4<0>;
L_0000024c64eff100 .functor OR 1, L_0000024c64eff090, L_0000024c65016ea0, C4<0>, C4<0>;
L_0000024c64efe0d0 .functor OR 1, L_0000024c64eff100, L_0000024c65017940, C4<0>, C4<0>;
L_0000024c64eff1e0 .functor OR 1, L_0000024c64efe0d0, L_0000024c65017d00, C4<0>, C4<0>;
L_0000024c64eff410 .functor OR 1, L_0000024c64eff1e0, L_0000024c65017da0, C4<0>, C4<0>;
L_0000024c64eff3a0 .functor NOT 1, L_0000024c64eff410, C4<0>, C4<0>, C4<0>;
L_0000024c64efdce0 .functor BUFZ 1, L_0000024c65016e00, C4<0>, C4<0>, C4<0>;
L_0000024c64efde30 .functor BUFZ 1, L_0000024c65017d00, C4<0>, C4<0>, C4<0>;
L_0000024c64efdd50 .functor BUFZ 1, L_0000024c65016860, C4<0>, C4<0>, C4<0>;
L_0000024c64efdea0 .functor BUFZ 1, L_0000024c65018020, C4<0>, C4<0>, C4<0>;
L_0000024c64effa30 .functor BUFZ 1, L_0000024c65018020, C4<0>, C4<0>, C4<0>;
L_0000024c64eff6b0 .functor BUFZ 1, L_0000024c65016ea0, C4<0>, C4<0>, C4<0>;
L_0000024c64eff720 .functor OR 1, L_0000024c65016400, L_0000024c65018020, C4<0>, C4<0>;
L_0000024c64eff950 .functor OR 1, L_0000024c64eff720, L_0000024c65016860, C4<0>, C4<0>;
L_0000024c64effc60 .functor OR 1, L_0000024c64eff950, L_0000024c65016ea0, C4<0>, C4<0>;
L_0000024c64effb80 .functor OR 1, L_0000024c64effc60, L_0000024c65017d00, C4<0>, C4<0>;
L_0000024c64effaa0 .functor OR 1, L_0000024c65015b40, L_0000024c65016400, C4<0>, C4<0>;
L_0000024c64eff800 .functor OR 1, L_0000024c64effaa0, L_0000024c65018020, C4<0>, C4<0>;
L_0000024c64effcd0 .functor OR 1, L_0000024c64eff800, L_0000024c65016e00, C4<0>, C4<0>;
L_0000024c64eff9c0 .functor OR 1, L_0000024c64effcd0, L_0000024c65016ea0, C4<0>, C4<0>;
L_0000024c64eff870 .functor OR 1, L_0000024c64eff9c0, L_0000024c65017940, C4<0>, C4<0>;
L_0000024c64effbf0 .functor OR 1, L_0000024c64eff870, L_0000024c65017d00, C4<0>, C4<0>;
L_0000024c64eff790 .functor OR 1, L_0000024c65017940, L_0000024c65017d00, C4<0>, C4<0>;
L_0000024c64effd40 .functor BUFZ 1, L_0000024c65017ee0, C4<0>, C4<0>, C4<0>;
L_0000024c64ddd8d0 .functor BUFZ 5, L_0000024c65017440, C4<00000>, C4<00000>, C4<00000>;
L_0000024c64e2c570 .functor BUFZ 32, L_0000024c65016220, C4<00000000000000000000000000000000>, C4<00000000000000000000000000000000>, C4<00000000000000000000000000000000>;
L_0000024c649e6bf0 .functor BUFZ 5, L_0000024c65016040, C4<00000>, C4<00000>, C4<00000>;
L_0000024c65073da0 .functor BUFZ 32, L_0000024c65016720, C4<00000000000000000000000000000000>, C4<00000000000000000000000000000000>, C4<00000000000000000000000000000000>;
L_0000024c650731d0 .functor NOT 1, L_0000024c64eff3a0, C4<0>, C4<0>, C4<0>;
L_0000024c65073780 .functor AND 1, L_0000024c64effbf0, L_0000024c650731d0, C4<1>, C4<1>;
L_0000024c65074660 .functor NOT 1, L_0000024c64eff4f0, C4<0>, C4<0>, C4<0>;
L_0000024c65073a90 .functor AND 1, L_0000024c65073780, L_0000024c65074660, C4<1>, C4<1>;
v0000024c64f72dd0_0 .net "AluOp", 2 0, L_0000024c65015aa0;  alias, 1 drivers
v0000024c64f71cf0_0 .net "AluSrc1", 0 0, L_0000024c64eff6b0;  alias, 1 drivers
v0000024c64f42810_0 .net "AluSrc2", 0 0, L_0000024c64effb80;  alias, 1 drivers
v0000024c64f429f0_0 .net "Branch", 0 0, L_0000024c64effd40;  alias, 1 drivers
v0000024c64f421d0_0 .net "EBreak", 0 0, L_0000024c64eff4f0;  alias, 1 drivers
v0000024c64f40fb0_0 .net "IllegalInst", 0 0, L_0000024c64eff3a0;  alias, 1 drivers
v0000024c64f42bd0_0 .net "Inst", 31 0, v0000024c6500ddb0_0;  1 drivers
v0000024c64f41690_0 .net "Jump", 0 0, L_0000024c64eff790;  alias, 1 drivers
v0000024c64f41730_0 .net "MemRead", 0 0, L_0000024c64efdea0;  alias, 1 drivers
v0000024c64f41230_0 .net "MemToReg", 0 0, L_0000024c64effa30;  alias, 1 drivers
v0000024c64f41870_0 .net "MemWrite", 0 0, L_0000024c64efdd50;  alias, 1 drivers
v0000024c64ef2cf0_0 .net "Offset", 31 0, L_0000024c650191a0;  alias, 1 drivers
v0000024c64ef2f70_0 .net "PcSrc", 0 0, L_0000024c64efde30;  alias, 1 drivers
v0000024c64f22d30_0 .net "RegWrite", 0 0, L_0000024c64effbf0;  alias, 1 drivers
v0000024c64ffb790_0 .net "WriteAddr", 4 0, v0000024c650119b0_0;  1 drivers
v0000024c64ffc5f0_0 .net "WriteData", 31 0, L_0000024c6507beb0;  alias, 1 drivers
v0000024c64ffa110_0 .net "WriteEn", 0 0, L_0000024c65095aa0;  alias, 1 drivers
v0000024c64ffb5b0_0 .net *"_ivl_116", 0 0, L_0000024c64eff720;  1 drivers
v0000024c64ffb150_0 .net *"_ivl_118", 0 0, L_0000024c64eff950;  1 drivers
L_0000024c6501b150 .functor BUFT 1, C4<0010011>, C4<0>, C4<0>, C4<0>;
v0000024c64ffa9d0_0 .net/2u *"_ivl_12", 6 0, L_0000024c6501b150;  1 drivers
v0000024c64ffc230_0 .net *"_ivl_120", 0 0, L_0000024c64effc60;  1 drivers
v0000024c64ffc370_0 .net *"_ivl_124", 0 0, L_0000024c64effaa0;  1 drivers
v0000024c64ffb8d0_0 .net *"_ivl_126", 0 0, L_0000024c64eff800;  1 drivers
v0000024c64ffa7f0_0 .net *"_ivl_128", 0 0, L_0000024c64effcd0;  1 drivers
v0000024c64ffbf10_0 .net *"_ivl_130", 0 0, L_0000024c64eff9c0;  1 drivers
v0000024c64ffbe70_0 .net *"_ivl_132", 0 0, L_0000024c64eff870;  1 drivers
v0000024c64ffbfb0_0 .net *"_ivl_148", 0 0, L_0000024c650731d0;  1 drivers
v0000024c64ffab10_0 .net *"_ivl_150", 0 0, L_0000024c65073780;  1 drivers
v0000024c64ffb650_0 .net *"_ivl_152", 0 0, L_0000024c65074660;  1 drivers
v0000024c64ffbdd0_0 .net *"_ivl_154", 0 0, L_0000024c65073a90;  1 drivers
L_0000024c6501b930 .functor BUFT 1, C4<00000>, C4<0>, C4<0>, C4<0>;
v0000024c64ffc690_0 .net/2u *"_ivl_156", 4 0, L_0000024c6501b930;  1 drivers
L_0000024c6501b198 .functor BUFT 1, C4<0000011>, C4<0>, C4<0>, C4<0>;
v0000024c64ffad90_0 .net/2u *"_ivl_16", 6 0, L_0000024c6501b198;  1 drivers
L_0000024c6501b1e0 .functor BUFT 1, C4<0100011>, C4<0>, C4<0>, C4<0>;
v0000024c64ffbb50_0 .net/2u *"_ivl_20", 6 0, L_0000024c6501b1e0;  1 drivers
L_0000024c6501b228 .functor BUFT 1, C4<1100011>, C4<0>, C4<0>, C4<0>;
v0000024c64ffa1b0_0 .net/2u *"_ivl_24", 6 0, L_0000024c6501b228;  1 drivers
L_0000024c6501b270 .functor BUFT 1, C4<0110111>, C4<0>, C4<0>, C4<0>;
v0000024c64ffb0b0_0 .net/2u *"_ivl_28", 6 0, L_0000024c6501b270;  1 drivers
L_0000024c6501b2b8 .functor BUFT 1, C4<0010111>, C4<0>, C4<0>, C4<0>;
v0000024c64ffc050_0 .net/2u *"_ivl_32", 6 0, L_0000024c6501b2b8;  1 drivers
L_0000024c6501b300 .functor BUFT 1, C4<1101111>, C4<0>, C4<0>, C4<0>;
v0000024c64ffbbf0_0 .net/2u *"_ivl_36", 6 0, L_0000024c6501b300;  1 drivers
L_0000024c6501b348 .functor BUFT 1, C4<1100111>, C4<0>, C4<0>, C4<0>;
v0000024c64ffc730_0 .net/2u *"_ivl_40", 6 0, L_0000024c6501b348;  1 drivers
L_0000024c6501b390 .functor BUFT 1, C4<00000000000100000000000001110011>, C4<0>, C4<0>, C4<0>;
v0000024c64ffc7d0_0 .net/2u *"_ivl_44", 31 0, L_0000024c6501b390;  1 drivers
L_0000024c6501b3d8 .functor BUFT 1, C4<000001>, C4<0>, C4<0>, C4<0>;
v0000024c64ffa4d0_0 .net/2u *"_ivl_48", 5 0, L_0000024c6501b3d8;  1 drivers
v0000024c64ffa6b0_0 .net *"_ivl_50", 0 0, L_0000024c64eff480;  1 drivers
v0000024c64ffa070_0 .net *"_ivl_52", 0 0, L_0000024c64efe060;  1 drivers
L_0000024c6501b420 .functor BUFT 1, C4<000010>, C4<0>, C4<0>, C4<0>;
v0000024c64ffc0f0_0 .net/2u *"_ivl_54", 5 0, L_0000024c6501b420;  1 drivers
L_0000024c6501b468 .functor BUFT 1, C4<000100>, C4<0>, C4<0>, C4<0>;
v0000024c64ffc190_0 .net/2u *"_ivl_56", 5 0, L_0000024c6501b468;  1 drivers
L_0000024c6501b4b0 .functor BUFT 1, C4<001000>, C4<0>, C4<0>, C4<0>;
v0000024c64ffc2d0_0 .net/2u *"_ivl_58", 5 0, L_0000024c6501b4b0;  1 drivers
v0000024c64ffc410_0 .net *"_ivl_60", 0 0, L_0000024c64efdb20;  1 drivers
L_0000024c6501b4f8 .functor BUFT 1, C4<010000>, C4<0>, C4<0>, C4<0>;
v0000024c64ffa250_0 .net/2u *"_ivl_62", 5 0, L_0000024c6501b4f8;  1 drivers
L_0000024c6501b540 .functor BUFT 1, C4<100000>, C4<0>, C4<0>, C4<0>;
v0000024c64ffbc90_0 .net/2u *"_ivl_64", 5 0, L_0000024c6501b540;  1 drivers
L_0000024c6501b588 .functor BUFT 1, C4<000000>, C4<0>, C4<0>, C4<0>;
v0000024c64ffa750_0 .net/2u *"_ivl_66", 5 0, L_0000024c6501b588;  1 drivers
v0000024c64ffa2f0_0 .net *"_ivl_68", 5 0, L_0000024c65016fe0;  1 drivers
v0000024c64ffaed0_0 .net *"_ivl_70", 5 0, L_0000024c650158c0;  1 drivers
v0000024c64ffc4b0_0 .net *"_ivl_72", 5 0, L_0000024c650176c0;  1 drivers
v0000024c64ffb1f0_0 .net *"_ivl_74", 5 0, L_0000024c65016900;  1 drivers
v0000024c64ffc550_0 .net *"_ivl_76", 5 0, L_0000024c65016360;  1 drivers
L_0000024c6501b108 .functor BUFT 1, C4<0110011>, C4<0>, C4<0>, C4<0>;
v0000024c64ffb330_0 .net/2u *"_ivl_8", 6 0, L_0000024c6501b108;  1 drivers
v0000024c64ffb290_0 .net *"_ivl_82", 0 0, L_0000024c64efdc70;  1 drivers
v0000024c64ffb6f0_0 .net *"_ivl_84", 0 0, L_0000024c64efee60;  1 drivers
v0000024c64ffa390_0 .net *"_ivl_86", 0 0, L_0000024c64efefb0;  1 drivers
v0000024c64ffb830_0 .net *"_ivl_88", 0 0, L_0000024c64eff560;  1 drivers
v0000024c64ffb470_0 .net *"_ivl_90", 0 0, L_0000024c64eff090;  1 drivers
v0000024c64ffae30_0 .net *"_ivl_92", 0 0, L_0000024c64eff100;  1 drivers
v0000024c64ffb970_0 .net *"_ivl_94", 0 0, L_0000024c64efe0d0;  1 drivers
v0000024c64ffaf70_0 .net *"_ivl_96", 0 0, L_0000024c64eff1e0;  1 drivers
v0000024c64ffa430_0 .net *"_ivl_98", 0 0, L_0000024c64eff410;  1 drivers
v0000024c64ffa570_0 .net "i_clk", 0 0, v0000024c650155a0_0;  alias, 1 drivers
v0000024c64ffa610_0 .net "i_format", 5 0, L_0000024c65015d20;  1 drivers
v0000024c64ffba10_0 .net "i_rst", 0 0, v0000024c65017260_0;  alias, 1 drivers
v0000024c64ffa890_0 .net "is_auipc", 0 0, L_0000024c65016ea0;  1 drivers
v0000024c64ffa930_0 .net "is_branch", 0 0, L_0000024c65017ee0;  1 drivers
v0000024c64ffaa70_0 .net "is_ebreak", 0 0, L_0000024c65017da0;  1 drivers
v0000024c64ffabb0_0 .net "is_itype_alu", 0 0, L_0000024c65016400;  1 drivers
v0000024c64ffbab0_0 .net "is_jal", 0 0, L_0000024c65017940;  1 drivers
v0000024c64ffac50_0 .net "is_jalr", 0 0, L_0000024c65017d00;  1 drivers
v0000024c64ffbd30_0 .net "is_load", 0 0, L_0000024c65018020;  1 drivers
v0000024c64ffb3d0_0 .net "is_lui", 0 0, L_0000024c65016e00;  1 drivers
v0000024c64ffacf0_0 .net "is_rtype", 0 0, L_0000024c65015b40;  1 drivers
v0000024c64ffb010_0 .net "is_store", 0 0, L_0000024c65016860;  1 drivers
v0000024c64ffb510_0 .net "lui", 0 0, L_0000024c64efdce0;  alias, 1 drivers
v0000024c64ffddb0_0 .net "o_retire_rd_waddr", 4 0, L_0000024c65016ae0;  alias, 1 drivers
v0000024c64ffc870_0 .net "o_retire_rs1_raddr", 4 0, L_0000024c64ddd8d0;  alias, 1 drivers
v0000024c64ffd4f0_0 .net "o_retire_rs1_rdata", 31 0, L_0000024c64e2c570;  alias, 1 drivers
v0000024c64ffd270_0 .net "o_retire_rs2_raddr", 4 0, L_0000024c649e6bf0;  alias, 1 drivers
v0000024c64ffceb0_0 .net "o_retire_rs2_rdata", 31 0, L_0000024c65073da0;  alias, 1 drivers
v0000024c64ffdc70_0 .net "opcode", 6 0, L_0000024c65017b20;  1 drivers
v0000024c64ffdd10_0 .net "rd_waddr_raw", 4 0, L_0000024c65017bc0;  1 drivers
v0000024c64ffd6d0_0 .net "rs1_raddr_raw", 4 0, L_0000024c65017440;  1 drivers
v0000024c64ffccd0_0 .net "rs1_rdata_raw", 31 0, L_0000024c65016220;  1 drivers
v0000024c64ffda90_0 .net "rs2_raddr_raw", 4 0, L_0000024c65016040;  1 drivers
v0000024c64ffdb30_0 .net "rs2_rdata_raw", 31 0, L_0000024c65016720;  1 drivers
L_0000024c65017b20 .part v0000024c6500ddb0_0, 0, 7;
L_0000024c65017bc0 .part v0000024c6500ddb0_0, 7, 5;
L_0000024c65017440 .part v0000024c6500ddb0_0, 15, 5;
L_0000024c65016040 .part v0000024c6500ddb0_0, 20, 5;
L_0000024c65015b40 .cmp/eq 7, L_0000024c65017b20, L_0000024c6501b108;
L_0000024c65016400 .cmp/eq 7, L_0000024c65017b20, L_0000024c6501b150;
L_0000024c65018020 .cmp/eq 7, L_0000024c65017b20, L_0000024c6501b198;
L_0000024c65016860 .cmp/eq 7, L_0000024c65017b20, L_0000024c6501b1e0;
L_0000024c65017ee0 .cmp/eq 7, L_0000024c65017b20, L_0000024c6501b228;
L_0000024c65016e00 .cmp/eq 7, L_0000024c65017b20, L_0000024c6501b270;
L_0000024c65016ea0 .cmp/eq 7, L_0000024c65017b20, L_0000024c6501b2b8;
L_0000024c65017940 .cmp/eq 7, L_0000024c65017b20, L_0000024c6501b300;
L_0000024c65017d00 .cmp/eq 7, L_0000024c65017b20, L_0000024c6501b348;
L_0000024c65017da0 .cmp/eq 32, v0000024c6500ddb0_0, L_0000024c6501b390;
L_0000024c65016fe0 .functor MUXZ 6, L_0000024c6501b588, L_0000024c6501b540, L_0000024c65017940, C4<>;
L_0000024c650158c0 .functor MUXZ 6, L_0000024c65016fe0, L_0000024c6501b4f8, L_0000024c64efdb20, C4<>;
L_0000024c650176c0 .functor MUXZ 6, L_0000024c650158c0, L_0000024c6501b4b0, L_0000024c65017ee0, C4<>;
L_0000024c65016900 .functor MUXZ 6, L_0000024c650176c0, L_0000024c6501b468, L_0000024c65016860, C4<>;
L_0000024c65016360 .functor MUXZ 6, L_0000024c65016900, L_0000024c6501b420, L_0000024c64efe060, C4<>;
L_0000024c65015d20 .functor MUXZ 6, L_0000024c65016360, L_0000024c6501b3d8, L_0000024c65015b40, C4<>;
L_0000024c65015aa0 .part L_0000024c65017b20, 4, 3;
L_0000024c65016ae0 .functor MUXZ 5, L_0000024c6501b930, L_0000024c65017bc0, L_0000024c65073a90, C4<>;
S_0000024c64e39690 .scope module, "imm_gen" "imm" 4 107, 5 6 0, S_0000024c649ea730;
 .timescale -9 -12;
    .port_info 0 /INPUT 32 "i_inst";
    .port_info 1 /INPUT 6 "i_format";
    .port_info 2 /OUTPUT 32 "o_immediate";
v0000024c64f70990_0 .net *"_ivl_11", 0 0, L_0000024c65017580;  1 drivers
v0000024c64f70a30_0 .net *"_ivl_12", 20 0, L_0000024c65017620;  1 drivers
v0000024c64f6f4f0_0 .net *"_ivl_15", 5 0, L_0000024c6501a640;  1 drivers
v0000024c64f71250_0 .net *"_ivl_17", 4 0, L_0000024c650196a0;  1 drivers
v0000024c64f707b0_0 .net *"_ivl_21", 0 0, L_0000024c65019100;  1 drivers
v0000024c64f6fdb0_0 .net *"_ivl_22", 19 0, L_0000024c650199c0;  1 drivers
v0000024c64f6f590_0 .net *"_ivl_25", 0 0, L_0000024c6501a460;  1 drivers
v0000024c64f70ad0_0 .net *"_ivl_27", 5 0, L_0000024c65019a60;  1 drivers
v0000024c64f717f0_0 .net *"_ivl_29", 3 0, L_0000024c65019ce0;  1 drivers
v0000024c64f712f0_0 .net *"_ivl_3", 0 0, L_0000024c65017120;  1 drivers
L_0000024c6501b9c0 .functor BUFT 1, C4<0>, C4<0>, C4<0>, C4<0>;
v0000024c64f71390_0 .net/2u *"_ivl_30", 0 0, L_0000024c6501b9c0;  1 drivers
v0000024c64f71430_0 .net *"_ivl_35", 19 0, L_0000024c6501a6e0;  1 drivers
L_0000024c6501ba08 .functor BUFT 1, C4<000000000000>, C4<0>, C4<0>, C4<0>;
v0000024c64f6fe50_0 .net/2u *"_ivl_36", 11 0, L_0000024c6501ba08;  1 drivers
v0000024c64f708f0_0 .net *"_ivl_4", 20 0, L_0000024c65017300;  1 drivers
v0000024c64f71110_0 .net *"_ivl_41", 0 0, L_0000024c65018e80;  1 drivers
v0000024c64f71930_0 .net *"_ivl_42", 11 0, L_0000024c65018160;  1 drivers
v0000024c64f700d0_0 .net *"_ivl_45", 7 0, L_0000024c65019380;  1 drivers
v0000024c64f6fa90_0 .net *"_ivl_47", 0 0, L_0000024c65019240;  1 drivers
v0000024c64f6f630_0 .net *"_ivl_49", 9 0, L_0000024c650197e0;  1 drivers
L_0000024c6501ba50 .functor BUFT 1, C4<0>, C4<0>, C4<0>, C4<0>;
v0000024c64f6fef0_0 .net/2u *"_ivl_50", 0 0, L_0000024c6501ba50;  1 drivers
v0000024c64f6f6d0_0 .net *"_ivl_55", 0 0, L_0000024c650183e0;  1 drivers
v0000024c64f702b0_0 .net *"_ivl_57", 0 0, L_0000024c6501a140;  1 drivers
v0000024c64f6f950_0 .net *"_ivl_59", 0 0, L_0000024c65018d40;  1 drivers
v0000024c64f70350_0 .net *"_ivl_61", 0 0, L_0000024c65019420;  1 drivers
v0000024c64f6f770_0 .net *"_ivl_63", 0 0, L_0000024c65018f20;  1 drivers
v0000024c64f70b70_0 .net *"_ivl_65", 0 0, L_0000024c65018700;  1 drivers
L_0000024c6501ba98 .functor BUFT 1, C4<00000000000000000000000000000000>, C4<0>, C4<0>, C4<0>;
v0000024c64f70170_0 .net/2u *"_ivl_66", 31 0, L_0000024c6501ba98;  1 drivers
v0000024c64f6fbd0_0 .net *"_ivl_68", 31 0, L_0000024c65019b00;  1 drivers
v0000024c64f703f0_0 .net *"_ivl_7", 10 0, L_0000024c650173a0;  1 drivers
v0000024c64f6ff90_0 .net *"_ivl_70", 31 0, L_0000024c65018de0;  1 drivers
v0000024c64f70c10_0 .net *"_ivl_72", 31 0, L_0000024c65019560;  1 drivers
v0000024c64f70030_0 .net *"_ivl_74", 31 0, L_0000024c65018b60;  1 drivers
v0000024c64f70210_0 .net *"_ivl_76", 31 0, L_0000024c650187a0;  1 drivers
v0000024c64f70cb0_0 .net "i_format", 5 0, L_0000024c65015d20;  alias, 1 drivers
v0000024c64f714d0_0 .net "i_inst", 31 0, v0000024c6500ddb0_0;  alias, 1 drivers
v0000024c64f71570_0 .net "imm_b", 31 0, L_0000024c65019060;  1 drivers
v0000024c64f70530_0 .net "imm_i", 31 0, L_0000024c650174e0;  1 drivers
v0000024c64f705d0_0 .net "imm_j", 31 0, L_0000024c65018980;  1 drivers
L_0000024c6501b978 .functor BUFT 1, C4<xxxxxxxxxxxxxxxxxxxxxxxxxxxxxxxx>, C4<0>, C4<0>, C4<0>;
v0000024c64f70d50_0 .net "imm_r", 31 0, L_0000024c6501b978;  1 drivers
v0000024c64f71610_0 .net "imm_s", 31 0, L_0000024c650194c0;  1 drivers
v0000024c64f70df0_0 .net "imm_u", 31 0, L_0000024c65018200;  1 drivers
v0000024c64f70e90_0 .net "o_immediate", 31 0, L_0000024c650191a0;  alias, 1 drivers
L_0000024c65017120 .part v0000024c6500ddb0_0, 31, 1;
LS_0000024c65017300_0_0 .concat [ 1 1 1 1], L_0000024c65017120, L_0000024c65017120, L_0000024c65017120, L_0000024c65017120;
LS_0000024c65017300_0_4 .concat [ 1 1 1 1], L_0000024c65017120, L_0000024c65017120, L_0000024c65017120, L_0000024c65017120;
LS_0000024c65017300_0_8 .concat [ 1 1 1 1], L_0000024c65017120, L_0000024c65017120, L_0000024c65017120, L_0000024c65017120;
LS_0000024c65017300_0_12 .concat [ 1 1 1 1], L_0000024c65017120, L_0000024c65017120, L_0000024c65017120, L_0000024c65017120;
LS_0000024c65017300_0_16 .concat [ 1 1 1 1], L_0000024c65017120, L_0000024c65017120, L_0000024c65017120, L_0000024c65017120;
LS_0000024c65017300_0_20 .concat [ 1 0 0 0], L_0000024c65017120;
LS_0000024c65017300_1_0 .concat [ 4 4 4 4], LS_0000024c65017300_0_0, LS_0000024c65017300_0_4, LS_0000024c65017300_0_8, LS_0000024c65017300_0_12;
LS_0000024c65017300_1_4 .concat [ 4 1 0 0], LS_0000024c65017300_0_16, LS_0000024c65017300_0_20;
L_0000024c65017300 .concat [ 16 5 0 0], LS_0000024c65017300_1_0, LS_0000024c65017300_1_4;
L_0000024c650173a0 .part v0000024c6500ddb0_0, 20, 11;
L_0000024c650174e0 .concat [ 11 21 0 0], L_0000024c650173a0, L_0000024c65017300;
L_0000024c65017580 .part v0000024c6500ddb0_0, 31, 1;
LS_0000024c65017620_0_0 .concat [ 1 1 1 1], L_0000024c65017580, L_0000024c65017580, L_0000024c65017580, L_0000024c65017580;
LS_0000024c65017620_0_4 .concat [ 1 1 1 1], L_0000024c65017580, L_0000024c65017580, L_0000024c65017580, L_0000024c65017580;
LS_0000024c65017620_0_8 .concat [ 1 1 1 1], L_0000024c65017580, L_0000024c65017580, L_0000024c65017580, L_0000024c65017580;
LS_0000024c65017620_0_12 .concat [ 1 1 1 1], L_0000024c65017580, L_0000024c65017580, L_0000024c65017580, L_0000024c65017580;
LS_0000024c65017620_0_16 .concat [ 1 1 1 1], L_0000024c65017580, L_0000024c65017580, L_0000024c65017580, L_0000024c65017580;
LS_0000024c65017620_0_20 .concat [ 1 0 0 0], L_0000024c65017580;
LS_0000024c65017620_1_0 .concat [ 4 4 4 4], LS_0000024c65017620_0_0, LS_0000024c65017620_0_4, LS_0000024c65017620_0_8, LS_0000024c65017620_0_12;
LS_0000024c65017620_1_4 .concat [ 4 1 0 0], LS_0000024c65017620_0_16, LS_0000024c65017620_0_20;
L_0000024c65017620 .concat [ 16 5 0 0], LS_0000024c65017620_1_0, LS_0000024c65017620_1_4;
L_0000024c6501a640 .part v0000024c6500ddb0_0, 25, 6;
L_0000024c650196a0 .part v0000024c6500ddb0_0, 7, 5;
L_0000024c650194c0 .concat [ 5 6 21 0], L_0000024c650196a0, L_0000024c6501a640, L_0000024c65017620;
L_0000024c65019100 .part v0000024c6500ddb0_0, 31, 1;
LS_0000024c650199c0_0_0 .concat [ 1 1 1 1], L_0000024c65019100, L_0000024c65019100, L_0000024c65019100, L_0000024c65019100;
LS_0000024c650199c0_0_4 .concat [ 1 1 1 1], L_0000024c65019100, L_0000024c65019100, L_0000024c65019100, L_0000024c65019100;
LS_0000024c650199c0_0_8 .concat [ 1 1 1 1], L_0000024c65019100, L_0000024c65019100, L_0000024c65019100, L_0000024c65019100;
LS_0000024c650199c0_0_12 .concat [ 1 1 1 1], L_0000024c65019100, L_0000024c65019100, L_0000024c65019100, L_0000024c65019100;
LS_0000024c650199c0_0_16 .concat [ 1 1 1 1], L_0000024c65019100, L_0000024c65019100, L_0000024c65019100, L_0000024c65019100;
LS_0000024c650199c0_1_0 .concat [ 4 4 4 4], LS_0000024c650199c0_0_0, LS_0000024c650199c0_0_4, LS_0000024c650199c0_0_8, LS_0000024c650199c0_0_12;
LS_0000024c650199c0_1_4 .concat [ 4 0 0 0], LS_0000024c650199c0_0_16;
L_0000024c650199c0 .concat [ 16 4 0 0], LS_0000024c650199c0_1_0, LS_0000024c650199c0_1_4;
L_0000024c6501a460 .part v0000024c6500ddb0_0, 7, 1;
L_0000024c65019a60 .part v0000024c6500ddb0_0, 25, 6;
L_0000024c65019ce0 .part v0000024c6500ddb0_0, 8, 4;
LS_0000024c65019060_0_0 .concat [ 1 4 6 1], L_0000024c6501b9c0, L_0000024c65019ce0, L_0000024c65019a60, L_0000024c6501a460;
LS_0000024c65019060_0_4 .concat [ 20 0 0 0], L_0000024c650199c0;
L_0000024c65019060 .concat [ 12 20 0 0], LS_0000024c65019060_0_0, LS_0000024c65019060_0_4;
L_0000024c6501a6e0 .part v0000024c6500ddb0_0, 12, 20;
L_0000024c65018200 .concat [ 12 20 0 0], L_0000024c6501ba08, L_0000024c6501a6e0;
L_0000024c65018e80 .part v0000024c6500ddb0_0, 31, 1;
LS_0000024c65018160_0_0 .concat [ 1 1 1 1], L_0000024c65018e80, L_0000024c65018e80, L_0000024c65018e80, L_0000024c65018e80;
LS_0000024c65018160_0_4 .concat [ 1 1 1 1], L_0000024c65018e80, L_0000024c65018e80, L_0000024c65018e80, L_0000024c65018e80;
LS_0000024c65018160_0_8 .concat [ 1 1 1 1], L_0000024c65018e80, L_0000024c65018e80, L_0000024c65018e80, L_0000024c65018e80;
L_0000024c65018160 .concat [ 4 4 4 0], LS_0000024c65018160_0_0, LS_0000024c65018160_0_4, LS_0000024c65018160_0_8;
L_0000024c65019380 .part v0000024c6500ddb0_0, 12, 8;
L_0000024c65019240 .part v0000024c6500ddb0_0, 20, 1;
L_0000024c650197e0 .part v0000024c6500ddb0_0, 21, 10;
LS_0000024c65018980_0_0 .concat [ 1 10 1 8], L_0000024c6501ba50, L_0000024c650197e0, L_0000024c65019240, L_0000024c65019380;
LS_0000024c65018980_0_4 .concat [ 12 0 0 0], L_0000024c65018160;
L_0000024c65018980 .concat [ 20 12 0 0], LS_0000024c65018980_0_0, LS_0000024c65018980_0_4;
L_0000024c650183e0 .part L_0000024c65015d20, 0, 1;
L_0000024c6501a140 .part L_0000024c65015d20, 1, 1;
L_0000024c65018d40 .part L_0000024c65015d20, 2, 1;
L_0000024c65019420 .part L_0000024c65015d20, 3, 1;
L_0000024c65018f20 .part L_0000024c65015d20, 4, 1;
L_0000024c65018700 .part L_0000024c65015d20, 5, 1;
L_0000024c65019b00 .functor MUXZ 32, L_0000024c6501ba98, L_0000024c65018980, L_0000024c65018700, C4<>;
L_0000024c65018de0 .functor MUXZ 32, L_0000024c65019b00, L_0000024c65018200, L_0000024c65018f20, C4<>;
L_0000024c65019560 .functor MUXZ 32, L_0000024c65018de0, L_0000024c65019060, L_0000024c65019420, C4<>;
L_0000024c65018b60 .functor MUXZ 32, L_0000024c65019560, L_0000024c650194c0, L_0000024c65018d40, C4<>;
L_0000024c650187a0 .functor MUXZ 32, L_0000024c65018b60, L_0000024c650174e0, L_0000024c6501a140, C4<>;
L_0000024c650191a0 .functor MUXZ 32, L_0000024c650187a0, L_0000024c6501b978, L_0000024c650183e0, C4<>;
S_0000024c64e37270 .scope module, "rf_rw" "rf" 4 88, 6 8 0, S_0000024c649ea730;
 .timescale -9 -12;
    .port_info 0 /INPUT 1 "i_clk";
    .port_info 1 /INPUT 1 "i_rst";
    .port_info 2 /INPUT 5 "i_rs1_raddr";
    .port_info 3 /OUTPUT 32 "o_rs1_rdata";
    .port_info 4 /INPUT 5 "i_rs2_raddr";
    .port_info 5 /OUTPUT 32 "o_rs2_rdata";
    .port_info 6 /INPUT 1 "i_rd_wen";
    .port_info 7 /INPUT 5 "i_rd_waddr";
    .port_info 8 /INPUT 32 "i_rd_wdata";
P_0000024c64f50920 .param/l "BYPASS_EN" 0 6 17, +C4<00000000000000000000000000000001>;
L_0000024c6501b5d0 .functor BUFT 1, C4<1>, C4<0>, C4<0>, C4<0>;
L_0000024c64eff8e0 .functor AND 1, L_0000024c6501b5d0, L_0000024c65095aa0, C4<1>, C4<1>;
L_0000024c64effb10 .functor AND 1, L_0000024c64eff8e0, L_0000024c65015c80, C4<1>, C4<1>;
L_0000024c64effdb0 .functor AND 1, L_0000024c64effb10, L_0000024c65017760, C4<1>, C4<1>;
L_0000024c6501b660 .functor BUFT 1, C4<1>, C4<0>, C4<0>, C4<0>;
L_0000024c64efcd90 .functor AND 1, L_0000024c6501b660, L_0000024c65095aa0, C4<1>, C4<1>;
L_0000024c64efd960 .functor AND 1, L_0000024c64efcd90, L_0000024c65015dc0, C4<1>, C4<1>;
L_0000024c64e2c490 .functor AND 1, L_0000024c64efd960, L_0000024c65015e60, C4<1>, C4<1>;
v0000024c64f70fd0_0 .net/2u *"_ivl_0", 0 0, L_0000024c6501b5d0;  1 drivers
v0000024c64f71070_0 .net *"_ivl_10", 0 0, L_0000024c65017760;  1 drivers
v0000024c64f716b0_0 .net/2u *"_ivl_14", 0 0, L_0000024c6501b660;  1 drivers
v0000024c64f71890_0 .net *"_ivl_17", 0 0, L_0000024c64efcd90;  1 drivers
L_0000024c6501b6a8 .functor BUFT 1, C4<00000>, C4<0>, C4<0>, C4<0>;
v0000024c64f719d0_0 .net/2u *"_ivl_18", 4 0, L_0000024c6501b6a8;  1 drivers
v0000024c64f71b10_0 .net *"_ivl_20", 0 0, L_0000024c65015dc0;  1 drivers
v0000024c64f6f3b0_0 .net *"_ivl_23", 0 0, L_0000024c64efd960;  1 drivers
v0000024c64f71ed0_0 .net *"_ivl_24", 0 0, L_0000024c65015e60;  1 drivers
L_0000024c6501b6f0 .functor BUFT 1, C4<00000000000000000000000000000000>, C4<0>, C4<0>, C4<0>;
v0000024c64f72290_0 .net/2u *"_ivl_28", 31 0, L_0000024c6501b6f0;  1 drivers
v0000024c64f72330_0 .net *"_ivl_3", 0 0, L_0000024c64eff8e0;  1 drivers
L_0000024c6501b738 .functor BUFT 1, C4<00000>, C4<0>, C4<0>, C4<0>;
v0000024c64f71f70_0 .net/2u *"_ivl_30", 4 0, L_0000024c6501b738;  1 drivers
v0000024c64f73230_0 .net *"_ivl_32", 0 0, L_0000024c65015f00;  1 drivers
L_0000024c6501b780 .functor BUFT 1, C4<00000000000000000000000000000000>, C4<0>, C4<0>, C4<0>;
v0000024c64f72510_0 .net/2u *"_ivl_34", 31 0, L_0000024c6501b780;  1 drivers
v0000024c64f730f0_0 .net *"_ivl_36", 31 0, L_0000024c650160e0;  1 drivers
v0000024c64f72150_0 .net *"_ivl_38", 6 0, L_0000024c65017080;  1 drivers
L_0000024c6501b618 .functor BUFT 1, C4<00000>, C4<0>, C4<0>, C4<0>;
v0000024c64f723d0_0 .net/2u *"_ivl_4", 4 0, L_0000024c6501b618;  1 drivers
L_0000024c6501b7c8 .functor BUFT 1, C4<00>, C4<0>, C4<0>, C4<0>;
v0000024c64f71c50_0 .net *"_ivl_41", 1 0, L_0000024c6501b7c8;  1 drivers
v0000024c64f73190_0 .net *"_ivl_42", 31 0, L_0000024c65016180;  1 drivers
v0000024c64f71d90_0 .net *"_ivl_44", 31 0, L_0000024c65016b80;  1 drivers
L_0000024c6501b810 .functor BUFT 1, C4<00000000000000000000000000000000>, C4<0>, C4<0>, C4<0>;
v0000024c64f72b50_0 .net/2u *"_ivl_48", 31 0, L_0000024c6501b810;  1 drivers
L_0000024c6501b858 .functor BUFT 1, C4<00000>, C4<0>, C4<0>, C4<0>;
v0000024c64f71bb0_0 .net/2u *"_ivl_50", 4 0, L_0000024c6501b858;  1 drivers
v0000024c64f71e30_0 .net *"_ivl_52", 0 0, L_0000024c65016a40;  1 drivers
L_0000024c6501b8a0 .functor BUFT 1, C4<00000000000000000000000000000000>, C4<0>, C4<0>, C4<0>;
v0000024c64f72830_0 .net/2u *"_ivl_54", 31 0, L_0000024c6501b8a0;  1 drivers
v0000024c64f72470_0 .net *"_ivl_56", 31 0, L_0000024c650179e0;  1 drivers
v0000024c64f721f0_0 .net *"_ivl_58", 6 0, L_0000024c65016540;  1 drivers
v0000024c64f73050_0 .net *"_ivl_6", 0 0, L_0000024c65015c80;  1 drivers
L_0000024c6501b8e8 .functor BUFT 1, C4<00>, C4<0>, C4<0>, C4<0>;
v0000024c64f725b0_0 .net *"_ivl_61", 1 0, L_0000024c6501b8e8;  1 drivers
v0000024c64f72650_0 .net *"_ivl_62", 31 0, L_0000024c650165e0;  1 drivers
v0000024c64f726f0_0 .net *"_ivl_64", 31 0, L_0000024c65016680;  1 drivers
v0000024c64f72790_0 .net *"_ivl_9", 0 0, L_0000024c64effb10;  1 drivers
v0000024c64f72c90_0 .net "i_clk", 0 0, v0000024c650155a0_0;  alias, 1 drivers
v0000024c64f728d0_0 .net "i_rd_waddr", 4 0, v0000024c650119b0_0;  alias, 1 drivers
v0000024c64f72e70_0 .net "i_rd_wdata", 31 0, L_0000024c6507beb0;  alias, 1 drivers
v0000024c64f72010_0 .net "i_rd_wen", 0 0, L_0000024c65095aa0;  alias, 1 drivers
v0000024c64f720b0_0 .net "i_rs1_raddr", 4 0, L_0000024c65017440;  alias, 1 drivers
v0000024c64f72f10_0 .net "i_rs2_raddr", 4 0, L_0000024c65016040;  alias, 1 drivers
v0000024c64f72ab0_0 .net "i_rst", 0 0, v0000024c65017260_0;  alias, 1 drivers
v0000024c64f72fb0_0 .net "o_rs1_rdata", 31 0, L_0000024c65016220;  alias, 1 drivers
v0000024c64f72970_0 .net "o_rs2_rdata", 31 0, L_0000024c65016720;  alias, 1 drivers
v0000024c64f72a10 .array "regs", 31 0, 31 0;
v0000024c64f72bf0_0 .net "rs1_bypass_hit", 0 0, L_0000024c64effdb0;  1 drivers
v0000024c64f72d30_0 .net "rs2_bypass_hit", 0 0, L_0000024c64e2c490;  1 drivers
E_0000024c64f502e0 .event posedge, v0000024c64f72c90_0;
L_0000024c65015c80 .cmp/ne 5, v0000024c650119b0_0, L_0000024c6501b618;
L_0000024c65017760 .cmp/eq 5, L_0000024c65017440, v0000024c650119b0_0;
L_0000024c65015dc0 .cmp/ne 5, v0000024c650119b0_0, L_0000024c6501b6a8;
L_0000024c65015e60 .cmp/eq 5, L_0000024c65016040, v0000024c650119b0_0;
L_0000024c65015f00 .cmp/eq 5, L_0000024c65017440, L_0000024c6501b738;
L_0000024c650160e0 .array/port v0000024c64f72a10, L_0000024c65017080;
L_0000024c65017080 .concat [ 5 2 0 0], L_0000024c65017440, L_0000024c6501b7c8;
L_0000024c65016180 .functor MUXZ 32, L_0000024c650160e0, L_0000024c6507beb0, L_0000024c64effdb0, C4<>;
L_0000024c65016b80 .functor MUXZ 32, L_0000024c65016180, L_0000024c6501b780, L_0000024c65015f00, C4<>;
L_0000024c65016220 .functor MUXZ 32, L_0000024c65016b80, L_0000024c6501b6f0, v0000024c65017260_0, C4<>;
L_0000024c65016a40 .cmp/eq 5, L_0000024c65016040, L_0000024c6501b858;
L_0000024c650179e0 .array/port v0000024c64f72a10, L_0000024c65016540;
L_0000024c65016540 .concat [ 5 2 0 0], L_0000024c65016040, L_0000024c6501b8e8;
L_0000024c650165e0 .functor MUXZ 32, L_0000024c650179e0, L_0000024c6507beb0, L_0000024c64e2c490, C4<>;
L_0000024c65016680 .functor MUXZ 32, L_0000024c650165e0, L_0000024c6501b8a0, L_0000024c65016a40, C4<>;
L_0000024c65016720 .functor MUXZ 32, L_0000024c65016680, L_0000024c6501b810, v0000024c65017260_0, C4<>;
S_0000024c64a02b00 .scope module, "u_execute" "execute" 3 615, 7 1 0, S_0000024c64f95da0;
 .timescale -9 -12;
    .port_info 0 /INPUT 3 "AluOp";
    .port_info 1 /INPUT 3 "Func3";
    .port_info 2 /INPUT 7 "Func7";
    .port_info 3 /INPUT 7 "opcode";
    .port_info 4 /INPUT 32 "Operand1";
    .port_info 5 /INPUT 32 "Operand2";
    .port_info 6 /OUTPUT 32 "AluResult";
    .port_info 7 /OUTPUT 1 "ALUeq";
    .port_info 8 /OUTPUT 1 "ALUslt";
v0000024c64fc8050_0 .net "ALUeq", 0 0, L_0000024c65078f30;  alias, 1 drivers
v0000024c64fc9130_0 .net "ALUslt", 0 0, L_0000024c650761f0;  alias, 1 drivers
v0000024c64fc94f0_0 .net "AluControl_arith", 0 0, v0000024c64fc7a10_0;  1 drivers
v0000024c64fc93b0_0 .net "AluControl_opsel", 2 0, v0000024c64fc8550_0;  1 drivers
v0000024c64fc91d0_0 .net "AluControl_sub", 0 0, v0000024c64fc7ab0_0;  1 drivers
v0000024c64fc9950_0 .net "AluControl_unsigned", 0 0, v0000024c64fc7fb0_0;  1 drivers
v0000024c64fc7510_0 .net "AluOp", 2 0, v0000024c65007810_0;  1 drivers
v0000024c64fc9630_0 .net "AluResult", 31 0, v0000024c64ffd9f0_0;  alias, 1 drivers
v0000024c64fc8370_0 .net "Func3", 2 0, v0000024c65007e50_0;  1 drivers
v0000024c64fc7e70_0 .net "Func7", 6 0, v0000024c65008350_0;  1 drivers
v0000024c64fc7f10_0 .net "Operand1", 31 0, L_0000024c65080910;  alias, 1 drivers
v0000024c64fc75b0_0 .net "Operand2", 31 0, L_0000024c65080af0;  alias, 1 drivers
v0000024c64fc7b50_0 .net "opcode", 6 0, v0000024c65009ed0_0;  1 drivers
S_0000024c64a8af50 .scope module, "u_alu" "alu" 7 42, 8 8 0, S_0000024c64a02b00;
 .timescale -9 -12;
    .port_info 0 /INPUT 3 "i_opsel";
    .port_info 1 /INPUT 1 "i_sub";
    .port_info 2 /INPUT 1 "i_unsigned";
    .port_info 3 /INPUT 1 "i_arith";
    .port_info 4 /INPUT 32 "i_op1";
    .port_info 5 /INPUT 32 "i_op2";
    .port_info 6 /OUTPUT 32 "o_result";
    .port_info 7 /OUTPUT 1 "o_eq";
    .port_info 8 /OUTPUT 1 "o_slt";
L_0000024c65075e70 .functor NOT 1, L_0000024c65079930, C4<0>, C4<0>, C4<0>;
L_0000024c65075700 .functor AND 1, L_0000024c65078df0, L_0000024c65075e70, C4<1>, C4<1>;
L_0000024c650751c0 .functor XOR 1, L_0000024c65079ed0, L_0000024c65078e90, C4<0>, C4<0>;
L_0000024c650767a0 .functor NOT 1, L_0000024c650751c0, C4<0>, C4<0>, C4<0>;
L_0000024c650754d0 .functor AND 1, L_0000024c650767a0, L_0000024c6507ac90, C4<1>, C4<1>;
L_0000024c65074cf0 .functor OR 1, L_0000024c65075700, L_0000024c650754d0, C4<0>, C4<0>;
L_0000024c65075cb0 .functor AND 1, v0000024c64fc7fb0_0, L_0000024c6507ac90, C4<1>, C4<1>;
L_0000024c65075230 .functor NOT 1, v0000024c64fc7fb0_0, C4<0>, C4<0>, C4<0>;
L_0000024c65075850 .functor AND 1, L_0000024c65075230, L_0000024c65074cf0, C4<1>, C4<1>;
L_0000024c650761f0 .functor OR 1, L_0000024c65075cb0, L_0000024c65075850, C4<0>, C4<0>;
v0000024c64ffcb90_0 .net *"_ivl_10", 0 0, L_0000024c65075700;  1 drivers
v0000024c64ffd810_0 .net *"_ivl_13", 0 0, L_0000024c65079ed0;  1 drivers
v0000024c64ffcc30_0 .net *"_ivl_15", 0 0, L_0000024c65078e90;  1 drivers
v0000024c64ffce10_0 .net *"_ivl_16", 0 0, L_0000024c650751c0;  1 drivers
v0000024c64ffde50_0 .net *"_ivl_18", 0 0, L_0000024c650767a0;  1 drivers
v0000024c64ffd3b0_0 .net *"_ivl_20", 0 0, L_0000024c650754d0;  1 drivers
v0000024c64ffcd70_0 .net *"_ivl_26", 0 0, L_0000024c65075cb0;  1 drivers
v0000024c64ffcf50_0 .net *"_ivl_28", 0 0, L_0000024c65075230;  1 drivers
v0000024c64ffd8b0_0 .net *"_ivl_30", 0 0, L_0000024c65075850;  1 drivers
v0000024c64ffd310_0 .net *"_ivl_5", 0 0, L_0000024c65078df0;  1 drivers
v0000024c64ffd1d0_0 .net *"_ivl_7", 0 0, L_0000024c65079930;  1 drivers
v0000024c64ffdbd0_0 .net *"_ivl_8", 0 0, L_0000024c65075e70;  1 drivers
v0000024c64ffcff0_0 .net "i_arith", 0 0, v0000024c64fc7a10_0;  alias, 1 drivers
v0000024c64ffd450_0 .net "i_op1", 31 0, L_0000024c65080910;  alias, 1 drivers
v0000024c64ffdef0_0 .net "i_op2", 31 0, L_0000024c65080af0;  alias, 1 drivers
v0000024c64ffd090_0 .net "i_opsel", 2 0, v0000024c64fc8550_0;  alias, 1 drivers
v0000024c64ffd590_0 .net "i_sub", 0 0, v0000024c64fc7ab0_0;  alias, 1 drivers
v0000024c64ffc910_0 .net "i_unsigned", 0 0, v0000024c64fc7fb0_0;  alias, 1 drivers
v0000024c64ffd130_0 .net "lt_signed", 0 0, L_0000024c65074cf0;  1 drivers
v0000024c64ffca50_0 .net "lt_unsigned", 0 0, L_0000024c6507ac90;  1 drivers
v0000024c64ffd630_0 .net "o_eq", 0 0, L_0000024c65078f30;  alias, 1 drivers
v0000024c64ffd950_0 .net "o_result", 31 0, v0000024c64ffd9f0_0;  alias, 1 drivers
v0000024c64ffcaf0_0 .net "o_slt", 0 0, L_0000024c650761f0;  alias, 1 drivers
v0000024c64ffd9f0_0 .var "result", 31 0;
v0000024c64fc8d70_0 .net "shamt", 4 0, L_0000024c65080a50;  1 drivers
v0000024c64fc9810_0 .var "sll_result", 31 0;
v0000024c64fc98b0_0 .var "sra_result", 31 0;
v0000024c64fc8ff0_0 .var "srl_result", 31 0;
E_0000024c64f50320/0 .event anyedge, v0000024c64ffd090_0, v0000024c64ffd590_0, v0000024c64ffd450_0, v0000024c64ffdef0_0;
E_0000024c64f50320/1 .event anyedge, v0000024c64fc9810_0, v0000024c64ffcaf0_0, v0000024c64ffcff0_0, v0000024c64fc8ff0_0;
E_0000024c64f50320/2 .event anyedge, v0000024c64fc98b0_0;
E_0000024c64f50320 .event/or E_0000024c64f50320/0, E_0000024c64f50320/1, E_0000024c64f50320/2;
E_0000024c64f50360 .event anyedge, v0000024c64fc8d70_0, v0000024c64ffd450_0;
L_0000024c65080a50 .part L_0000024c65080af0, 0, 5;
L_0000024c6507ac90 .cmp/gt 32, L_0000024c65080af0, L_0000024c65080910;
L_0000024c65078df0 .part L_0000024c65080910, 31, 1;
L_0000024c65079930 .part L_0000024c65080af0, 31, 1;
L_0000024c65079ed0 .part L_0000024c65080910, 31, 1;
L_0000024c65078e90 .part L_0000024c65080af0, 31, 1;
L_0000024c65078f30 .cmp/eq 32, L_0000024c65080910, L_0000024c65080af0;
S_0000024c64a8b0e0 .scope module, "u_alu_control_unit" "alu_control_unit" 7 28, 9 1 0, S_0000024c64a02b00;
 .timescale -9 -12;
    .port_info 0 /INPUT 3 "AluOp";
    .port_info 1 /INPUT 3 "Func3";
    .port_info 2 /INPUT 7 "Func7";
    .port_info 3 /INPUT 7 "opcode";
    .port_info 4 /OUTPUT 3 "AluControl_opsel";
    .port_info 5 /OUTPUT 1 "AluControl_sub";
    .port_info 6 /OUTPUT 1 "AluControl_unsigned";
    .port_info 7 /OUTPUT 1 "AluControl_arith";
v0000024c64fc7a10_0 .var "AluControl_arith", 0 0;
v0000024c64fc8550_0 .var "AluControl_opsel", 2 0;
v0000024c64fc7ab0_0 .var "AluControl_sub", 0 0;
v0000024c64fc7fb0_0 .var "AluControl_unsigned", 0 0;
v0000024c64fc8c30_0 .net "AluOp", 2 0, v0000024c65007810_0;  alias, 1 drivers
v0000024c64fc9b30_0 .net "Func3", 2 0, v0000024c65007e50_0;  alias, 1 drivers
v0000024c64fc85f0_0 .net "Func7", 6 0, v0000024c65008350_0;  alias, 1 drivers
v0000024c64fc8410_0 .net "opcode", 6 0, v0000024c65009ed0_0;  alias, 1 drivers
E_0000024c64f50960 .event anyedge, v0000024c64fc8c30_0, v0000024c64fc8410_0, v0000024c64fc9b30_0, v0000024c64fc85f0_0;
S_0000024c64e2ebc0 .scope module, "u_memory" "dmem_access" 3 687, 10 1 0, S_0000024c64f95da0;
 .timescale -9 -12;
    .port_info 0 /INPUT 32 "EffAddr";
    .port_info 1 /INPUT 32 "StoreData";
    .port_info 2 /INPUT 3 "Func3";
    .port_info 3 /INPUT 1 "MemRead";
    .port_info 4 /INPUT 1 "MemWrite";
    .port_info 5 /INPUT 32 "i_dmem_rdata";
    .port_info 6 /OUTPUT 32 "o_dmem_addr";
    .port_info 7 /OUTPUT 4 "o_dmem_mask";
    .port_info 8 /OUTPUT 32 "o_dmem_wdata";
    .port_info 9 /OUTPUT 1 "o_dmem_ren";
    .port_info 10 /OUTPUT 1 "o_dmem_wen";
    .port_info 11 /OUTPUT 32 "LoadData";
    .port_info 12 /OUTPUT 1 "MisalignTrap";
L_0000024c650766c0 .functor OR 1, L_0000024c6507b190, L_0000024c6507afb0, C4<0>, C4<0>;
L_0000024c65076d50 .functor AND 1, L_0000024c65075310, L_0000024c6507b050, C4<1>, C4<1>;
L_0000024c65076f80 .functor AND 1, L_0000024c65075380, L_0000024c6507a5b0, C4<1>, C4<1>;
L_0000024c65076ff0 .functor OR 1, L_0000024c65076d50, L_0000024c65076f80, C4<0>, C4<0>;
L_0000024c65076c00 .functor NOT 1, L_0000024c65076ff0, C4<0>, C4<0>, C4<0>;
L_0000024c650769d0 .functor AND 1, L_0000024c65075310, L_0000024c65076c00, C4<1>, C4<1>;
L_0000024c65076e30 .functor NOT 1, L_0000024c65076ff0, C4<0>, C4<0>, C4<0>;
L_0000024c65076960 .functor AND 1, L_0000024c65075380, L_0000024c65076e30, C4<1>, C4<1>;
L_0000024c650768f0 .functor OR 1, L_0000024c65075310, L_0000024c65075380, C4<0>, C4<0>;
L_0000024c65076a40 .functor AND 4, L_0000024c6507b0f0, v0000024c64fc9770_0, C4<1111>, C4<1111>;
L_0000024c65076ab0 .functor AND 32, L_0000024c6507b2d0, v0000024c64fc9e50_0, C4<11111111111111111111111111111111>, C4<11111111111111111111111111111111>;
L_0000024c65076b20 .functor NOT 1, L_0000024c65076ff0, C4<0>, C4<0>, C4<0>;
L_0000024c65076ea0 .functor AND 1, L_0000024c65075310, L_0000024c65076b20, C4<1>, C4<1>;
L_0000024c65076c70 .functor AND 32, L_0000024c6507b370, v0000024c64fc96d0_0, C4<11111111111111111111111111111111>, C4<11111111111111111111111111111111>;
v0000024c64fc80f0_0 .net "EffAddr", 31 0, v0000024c650060f0_0;  1 drivers
v0000024c64fc9270_0 .net "Func3", 2 0, v0000024c65006730_0;  1 drivers
v0000024c64fc9590_0 .net "LoadData", 31 0, L_0000024c65076c70;  alias, 1 drivers
v0000024c64fc7650_0 .net "MemRead", 0 0, L_0000024c65075310;  alias, 1 drivers
v0000024c64fc8190_0 .net "MemWrite", 0 0, L_0000024c65075380;  alias, 1 drivers
v0000024c64fc78d0_0 .net "MisalignTrap", 0 0, L_0000024c65076ff0;  alias, 1 drivers
v0000024c64fc99f0_0 .net "StoreData", 31 0, L_0000024c65079bb0;  alias, 1 drivers
v0000024c64fc8230_0 .net *"_ivl_11", 1 0, L_0000024c6507a1f0;  1 drivers
L_0000024c6501c6b0 .functor BUFT 1, C4<001>, C4<0>, C4<0>, C4<0>;
v0000024c64fc8f50_0 .net/2u *"_ivl_14", 2 0, L_0000024c6501c6b0;  1 drivers
v0000024c64fc76f0_0 .net *"_ivl_16", 0 0, L_0000024c6507b190;  1 drivers
L_0000024c6501c6f8 .functor BUFT 1, C4<101>, C4<0>, C4<0>, C4<0>;
v0000024c64fc84b0_0 .net/2u *"_ivl_18", 2 0, L_0000024c6501c6f8;  1 drivers
v0000024c64fc9310_0 .net *"_ivl_20", 0 0, L_0000024c6507afb0;  1 drivers
v0000024c64fc7970_0 .net *"_ivl_22", 0 0, L_0000024c650766c0;  1 drivers
L_0000024c6501c740 .functor BUFT 1, C4<010>, C4<0>, C4<0>, C4<0>;
v0000024c64fc8e10_0 .net/2u *"_ivl_24", 2 0, L_0000024c6501c740;  1 drivers
v0000024c64fc9a90_0 .net *"_ivl_26", 0 0, L_0000024c6507a330;  1 drivers
L_0000024c6501c788 .functor BUFT 1, C4<0>, C4<0>, C4<0>, C4<0>;
v0000024c64fc8690_0 .net/2u *"_ivl_28", 0 0, L_0000024c6501c788;  1 drivers
v0000024c64fc7790_0 .net *"_ivl_3", 29 0, L_0000024c6507ae70;  1 drivers
v0000024c64fc9bd0_0 .net *"_ivl_30", 0 0, L_0000024c65079610;  1 drivers
v0000024c64fc7bf0_0 .net *"_ivl_32", 0 0, L_0000024c6507b050;  1 drivers
L_0000024c6501c7d0 .functor BUFT 1, C4<001>, C4<0>, C4<0>, C4<0>;
v0000024c64fc9450_0 .net/2u *"_ivl_36", 2 0, L_0000024c6501c7d0;  1 drivers
v0000024c64fc82d0_0 .net *"_ivl_38", 0 0, L_0000024c6507ad30;  1 drivers
L_0000024c6501c668 .functor BUFT 1, C4<00>, C4<0>, C4<0>, C4<0>;
v0000024c64fc7c90_0 .net/2u *"_ivl_4", 1 0, L_0000024c6501c668;  1 drivers
L_0000024c6501c818 .functor BUFT 1, C4<010>, C4<0>, C4<0>, C4<0>;
v0000024c64fc8730_0 .net/2u *"_ivl_40", 2 0, L_0000024c6501c818;  1 drivers
v0000024c64fc7d30_0 .net *"_ivl_42", 0 0, L_0000024c650796b0;  1 drivers
L_0000024c6501c860 .functor BUFT 1, C4<0>, C4<0>, C4<0>, C4<0>;
v0000024c64fc7470_0 .net/2u *"_ivl_44", 0 0, L_0000024c6501c860;  1 drivers
v0000024c64fc7dd0_0 .net *"_ivl_46", 0 0, L_0000024c65079750;  1 drivers
v0000024c64fc8a50_0 .net *"_ivl_48", 0 0, L_0000024c6507a5b0;  1 drivers
v0000024c64fc87d0_0 .net *"_ivl_54", 0 0, L_0000024c65076c00;  1 drivers
v0000024c64fc7830_0 .net *"_ivl_58", 0 0, L_0000024c65076e30;  1 drivers
v0000024c64fc8870_0 .net *"_ivl_62", 0 0, L_0000024c650768f0;  1 drivers
v0000024c64fc8910_0 .net *"_ivl_64", 3 0, L_0000024c6507b0f0;  1 drivers
v0000024c64fc89b0_0 .net *"_ivl_68", 31 0, L_0000024c6507b2d0;  1 drivers
v0000024c64fc8af0_0 .net *"_ivl_76", 0 0, L_0000024c65076b20;  1 drivers
v0000024c64fc8eb0_0 .net *"_ivl_78", 0 0, L_0000024c65076ea0;  1 drivers
v0000024c64fc8b90_0 .net *"_ivl_80", 31 0, L_0000024c6507b370;  1 drivers
v0000024c64fc8cd0_0 .net "byte_offset", 1 0, L_0000024c65079cf0;  1 drivers
v0000024c64fc9090_0 .net "i_dmem_rdata", 31 0, L_0000024c65097400;  alias, 1 drivers
v0000024c64fc96d0_0 .var "loaddata_dec", 31 0;
v0000024c64fc9770_0 .var "mask_dec", 3 0;
v0000024c64fca210_0 .net "misalign_half", 0 0, L_0000024c65079a70;  1 drivers
v0000024c64fc9ef0_0 .net "misalign_load", 0 0, L_0000024c65076d50;  1 drivers
v0000024c64fcb070_0 .net "misalign_store", 0 0, L_0000024c65076f80;  1 drivers
v0000024c64fcb110_0 .net "misalign_word", 0 0, L_0000024c6507a290;  1 drivers
v0000024c64fca490_0 .net "o_dmem_addr", 31 0, L_0000024c6507a0b0;  alias, 1 drivers
v0000024c64fc9d10_0 .net "o_dmem_mask", 3 0, L_0000024c65076a40;  alias, 1 drivers
v0000024c64fc9f90_0 .net "o_dmem_ren", 0 0, L_0000024c650769d0;  alias, 1 drivers
v0000024c64fca350_0 .net "o_dmem_wdata", 31 0, L_0000024c65076ab0;  alias, 1 drivers
v0000024c64fca170_0 .net "o_dmem_wen", 0 0, L_0000024c65076960;  alias, 1 drivers
v0000024c64fca5d0_0 .net "rbyte", 7 0, L_0000024c6507a650;  1 drivers
v0000024c64fca3f0_0 .var "rdata_shifted", 31 0;
v0000024c64fcadf0_0 .net "rhalf", 15 0, L_0000024c650797f0;  1 drivers
v0000024c64fc9db0_0 .var "sb_data", 31 0;
v0000024c64fca030_0 .var "sh_data", 31 0;
v0000024c64fc9e50_0 .var "store_data_dec", 31 0;
E_0000024c64f504e0 .event anyedge, v0000024c64fc9270_0, v0000024c64fca5d0_0, v0000024c64fcadf0_0, v0000024c64fca3f0_0;
E_0000024c64f50520 .event anyedge, v0000024c64fc8cd0_0, v0000024c64fc9090_0;
E_0000024c64f50560 .event anyedge, v0000024c64fc9270_0, v0000024c64fc9db0_0, v0000024c64fca030_0, v0000024c64fc99f0_0;
E_0000024c64f50a20 .event anyedge, v0000024c64fc8cd0_0, v0000024c64fc99f0_0;
E_0000024c64f505a0 .event anyedge, v0000024c64fc9270_0, v0000024c64fc8cd0_0;
L_0000024c65079cf0 .part v0000024c650060f0_0, 0, 2;
L_0000024c6507ae70 .part v0000024c650060f0_0, 2, 30;
L_0000024c6507a0b0 .concat [ 2 30 0 0], L_0000024c6501c668, L_0000024c6507ae70;
L_0000024c65079a70 .part v0000024c650060f0_0, 0, 1;
L_0000024c6507a1f0 .part v0000024c650060f0_0, 0, 2;
L_0000024c6507a290 .reduce/or L_0000024c6507a1f0;
L_0000024c6507b190 .cmp/eq 3, v0000024c65006730_0, L_0000024c6501c6b0;
L_0000024c6507afb0 .cmp/eq 3, v0000024c65006730_0, L_0000024c6501c6f8;
L_0000024c6507a330 .cmp/eq 3, v0000024c65006730_0, L_0000024c6501c740;
L_0000024c65079610 .functor MUXZ 1, L_0000024c6501c788, L_0000024c6507a290, L_0000024c6507a330, C4<>;
L_0000024c6507b050 .functor MUXZ 1, L_0000024c65079610, L_0000024c65079a70, L_0000024c650766c0, C4<>;
L_0000024c6507ad30 .cmp/eq 3, v0000024c65006730_0, L_0000024c6501c7d0;
L_0000024c650796b0 .cmp/eq 3, v0000024c65006730_0, L_0000024c6501c818;
L_0000024c65079750 .functor MUXZ 1, L_0000024c6501c860, L_0000024c6507a290, L_0000024c650796b0, C4<>;
L_0000024c6507a5b0 .functor MUXZ 1, L_0000024c65079750, L_0000024c65079a70, L_0000024c6507ad30, C4<>;
L_0000024c6507b0f0 .concat [ 1 1 1 1], L_0000024c650768f0, L_0000024c650768f0, L_0000024c650768f0, L_0000024c650768f0;
LS_0000024c6507b2d0_0_0 .concat [ 1 1 1 1], L_0000024c65075380, L_0000024c65075380, L_0000024c65075380, L_0000024c65075380;
LS_0000024c6507b2d0_0_4 .concat [ 1 1 1 1], L_0000024c65075380, L_0000024c65075380, L_0000024c65075380, L_0000024c65075380;
LS_0000024c6507b2d0_0_8 .concat [ 1 1 1 1], L_0000024c65075380, L_0000024c65075380, L_0000024c65075380, L_0000024c65075380;
LS_0000024c6507b2d0_0_12 .concat [ 1 1 1 1], L_0000024c65075380, L_0000024c65075380, L_0000024c65075380, L_0000024c65075380;
LS_0000024c6507b2d0_0_16 .concat [ 1 1 1 1], L_0000024c65075380, L_0000024c65075380, L_0000024c65075380, L_0000024c65075380;
LS_0000024c6507b2d0_0_20 .concat [ 1 1 1 1], L_0000024c65075380, L_0000024c65075380, L_0000024c65075380, L_0000024c65075380;
LS_0000024c6507b2d0_0_24 .concat [ 1 1 1 1], L_0000024c65075380, L_0000024c65075380, L_0000024c65075380, L_0000024c65075380;
LS_0000024c6507b2d0_0_28 .concat [ 1 1 1 1], L_0000024c65075380, L_0000024c65075380, L_0000024c65075380, L_0000024c65075380;
LS_0000024c6507b2d0_1_0 .concat [ 4 4 4 4], LS_0000024c6507b2d0_0_0, LS_0000024c6507b2d0_0_4, LS_0000024c6507b2d0_0_8, LS_0000024c6507b2d0_0_12;
LS_0000024c6507b2d0_1_4 .concat [ 4 4 4 4], LS_0000024c6507b2d0_0_16, LS_0000024c6507b2d0_0_20, LS_0000024c6507b2d0_0_24, LS_0000024c6507b2d0_0_28;
L_0000024c6507b2d0 .concat [ 16 16 0 0], LS_0000024c6507b2d0_1_0, LS_0000024c6507b2d0_1_4;
L_0000024c6507a650 .part v0000024c64fca3f0_0, 0, 8;
L_0000024c650797f0 .part v0000024c64fca3f0_0, 0, 16;
LS_0000024c6507b370_0_0 .concat [ 1 1 1 1], L_0000024c65076ea0, L_0000024c65076ea0, L_0000024c65076ea0, L_0000024c65076ea0;
LS_0000024c6507b370_0_4 .concat [ 1 1 1 1], L_0000024c65076ea0, L_0000024c65076ea0, L_0000024c65076ea0, L_0000024c65076ea0;
LS_0000024c6507b370_0_8 .concat [ 1 1 1 1], L_0000024c65076ea0, L_0000024c65076ea0, L_0000024c65076ea0, L_0000024c65076ea0;
LS_0000024c6507b370_0_12 .concat [ 1 1 1 1], L_0000024c65076ea0, L_0000024c65076ea0, L_0000024c65076ea0, L_0000024c65076ea0;
LS_0000024c6507b370_0_16 .concat [ 1 1 1 1], L_0000024c65076ea0, L_0000024c65076ea0, L_0000024c65076ea0, L_0000024c65076ea0;
LS_0000024c6507b370_0_20 .concat [ 1 1 1 1], L_0000024c65076ea0, L_0000024c65076ea0, L_0000024c65076ea0, L_0000024c65076ea0;
LS_0000024c6507b370_0_24 .concat [ 1 1 1 1], L_0000024c65076ea0, L_0000024c65076ea0, L_0000024c65076ea0, L_0000024c65076ea0;
LS_0000024c6507b370_0_28 .concat [ 1 1 1 1], L_0000024c65076ea0, L_0000024c65076ea0, L_0000024c65076ea0, L_0000024c65076ea0;
LS_0000024c6507b370_1_0 .concat [ 4 4 4 4], LS_0000024c6507b370_0_0, LS_0000024c6507b370_0_4, LS_0000024c6507b370_0_8, LS_0000024c6507b370_0_12;
LS_0000024c6507b370_1_4 .concat [ 4 4 4 4], LS_0000024c6507b370_0_16, LS_0000024c6507b370_0_20, LS_0000024c6507b370_0_24, LS_0000024c6507b370_0_28;
L_0000024c6507b370 .concat [ 16 16 0 0], LS_0000024c6507b370_1_0, LS_0000024c6507b370_1_4;
S_0000024c64986460 .scope module, "u_writeback" "writeback" 3 756, 11 1 0, S_0000024c64f95da0;
 .timescale -9 -12;
    .port_info 0 /INPUT 32 "AluResult";
    .port_info 1 /INPUT 32 "LoadData";
    .port_info 2 /INPUT 32 "pc_plus4";
    .port_info 3 /INPUT 32 "Offset";
    .port_info 4 /INPUT 1 "MemToReg";
    .port_info 5 /INPUT 1 "lui";
    .port_info 6 /INPUT 1 "Jump";
    .port_info 7 /OUTPUT 32 "WriteData";
v0000024c64fca530_0 .net "AluResult", 31 0, v0000024c65011eb0_0;  1 drivers
v0000024c64fcb250_0 .net "Jump", 0 0, v0000024c650110f0_0;  1 drivers
v0000024c64fcb1b0_0 .net "LoadData", 31 0, v0000024c65011370_0;  1 drivers
v0000024c64fca8f0_0 .net "MemToReg", 0 0, v0000024c65010970_0;  1 drivers
v0000024c64fcb2f0_0 .net "Offset", 31 0, v0000024c650112d0_0;  1 drivers
v0000024c64fca7b0_0 .net "WriteData", 31 0, L_0000024c6507beb0;  alias, 1 drivers
v0000024c64fca2b0_0 .net *"_ivl_0", 31 0, L_0000024c6507c8b0;  1 drivers
v0000024c64fc9c70_0 .net *"_ivl_2", 31 0, L_0000024c6507b550;  1 drivers
v0000024c64fca670_0 .net "lui", 0 0, v0000024c650117d0_0;  1 drivers
v0000024c64fca0d0_0 .net "pc_plus4", 31 0, v0000024c65011870_0;  1 drivers
L_0000024c6507c8b0 .functor MUXZ 32, v0000024c65011eb0_0, v0000024c65011370_0, v0000024c65010970_0, C4<>;
L_0000024c6507b550 .functor MUXZ 32, L_0000024c6507c8b0, v0000024c650112d0_0, v0000024c650117d0_0, C4<>;
L_0000024c6507beb0 .functor MUXZ 32, L_0000024c6507b550, v0000024c65011870_0, v0000024c650110f0_0, C4<>;
S_0000024c649865f0 .scope module, "u_dmem" "tb_memory" 2 94, 12 8 0, S_0000024c64f94440;
 .timescale -9 -12;
    .port_info 0 /INPUT 1 "i_clk";
    .port_info 1 /INPUT 1 "i_rst";
    .port_info 2 /OUTPUT 1 "o_ready";
    .port_info 3 /INPUT 32 "i_addr";
    .port_info 4 /INPUT 1 "i_ren";
    .port_info 5 /INPUT 1 "i_wen";
    .port_info 6 /INPUT 4 "i_mask";
    .port_info 7 /INPUT 32 "i_wdata";
    .port_info 8 /OUTPUT 1 "o_valid";
    .port_info 9 /OUTPUT 32 "o_addr";
    .port_info 10 /OUTPUT 1 "o_wdone";
    .port_info 11 /OUTPUT 32 "o_rdata";
P_0000024c64f95f30 .param/l "INTERVAL" 0 12 14, +C4<00000000000000000000000000000010>;
P_0000024c64f95f68 .param/l "INTERVAL_W" 1 12 57, +C4<00000000000000000000000000000001>;
P_0000024c64f95fa0 .param/l "LATENCY" 0 12 12, +C4<00000000000000000000000000000100>;
P_0000024c64f95fd8 .param/l "SIZE" 0 12 10, +C4<00000000000000000000010000000000>;
L_0000024c650967c0 .functor NOT 1, v0000024c65017260_0, C4<0>, C4<0>, C4<0>;
L_0000024c65095870 .functor AND 1, L_0000024c650967c0, L_0000024c6507ca90, C4<1>, C4<1>;
v0000024c6500d630_2 .array/port v0000024c6500d630, 2;
L_0000024c65096830 .functor BUFZ 32, v0000024c6500d630_2, C4<00000000000000000000000000000000>, C4<00000000000000000000000000000000>, C4<00000000000000000000000000000000>;
v0000024c6500c870_2 .array/port v0000024c6500c870, 2;
L_0000024c65096d70 .functor BUFZ 4, v0000024c6500c870_2, C4<0000>, C4<0000>, C4<0000>;
v0000024c6501af00_2 .array/port v0000024c6501af00, 2;
L_0000024c650972b0 .functor BUFZ 32, v0000024c6501af00_2, C4<00000000000000000000000000000000>, C4<00000000000000000000000000000000>, C4<00000000000000000000000000000000>;
v0000024c6500d630_3 .array/port v0000024c6500d630, 3;
L_0000024c65097470 .functor BUFZ 32, v0000024c6500d630_3, C4<00000000000000000000000000000000>, C4<00000000000000000000000000000000>, C4<00000000000000000000000000000000>;
v0000024c6500c730_3 .array/port v0000024c6500c730, 3;
L_0000024c650974e0 .functor BUFZ 1, v0000024c6500c730_3, C4<0>, C4<0>, C4<0>;
v0000024c6501a8c0_2 .array/port v0000024c6501a8c0, 2;
L_0000024c65097320 .functor BUFZ 1, v0000024c6501a8c0_2, C4<0>, C4<0>, C4<0>;
L_0000024c65097400 .functor BUFZ 32, L_0000024c6507b870, C4<00000000000000000000000000000000>, C4<00000000000000000000000000000000>, C4<00000000000000000000000000000000>;
L_0000024c650975c0 .functor BUFZ 32, L_0000024c65097470, C4<00000000000000000000000000000000>, C4<00000000000000000000000000000000>, C4<00000000000000000000000000000000>;
L_0000024c65097240 .functor BUFZ 1, L_0000024c650974e0, C4<0>, C4<0>, C4<0>;
L_0000024c65097160 .functor BUFZ 1, L_0000024c65097320, C4<0>, C4<0>, C4<0>;
L_0000024c65097390 .functor BUFZ 1, L_0000024c65095870, C4<0>, C4<0>, C4<0>;
v0000024c6500b8d0_0 .net *"_ivl_0", 0 0, L_0000024c650967c0;  1 drivers
v0000024c6500d130_0 .net *"_ivl_2", 31 0, L_0000024c6507bc30;  1 drivers
v0000024c6500c7d0_0 .net *"_ivl_32", 7 0, L_0000024c6507cc70;  1 drivers
L_0000024c6501d358 .functor BUFT 1, C4<00000000000000000000000000000011>, C4<0>, C4<0>, C4<0>;
v0000024c6500b830_0 .net/2u *"_ivl_34", 31 0, L_0000024c6501d358;  1 drivers
v0000024c6500d590_0 .net *"_ivl_36", 31 0, L_0000024c6507cd10;  1 drivers
v0000024c6500c550_0 .net *"_ivl_38", 7 0, L_0000024c6507cb30;  1 drivers
L_0000024c6501d3a0 .functor BUFT 1, C4<00000000000000000000000000000010>, C4<0>, C4<0>, C4<0>;
v0000024c6500b3d0_0 .net/2u *"_ivl_40", 31 0, L_0000024c6501d3a0;  1 drivers
v0000024c6500bab0_0 .net *"_ivl_42", 31 0, L_0000024c6507d990;  1 drivers
v0000024c6500b470_0 .net *"_ivl_44", 7 0, L_0000024c6507da30;  1 drivers
L_0000024c6501d3e8 .functor BUFT 1, C4<00000000000000000000000000000001>, C4<0>, C4<0>, C4<0>;
v0000024c6500c910_0 .net/2u *"_ivl_46", 31 0, L_0000024c6501d3e8;  1 drivers
v0000024c6500b970_0 .net *"_ivl_48", 31 0, L_0000024c6507c310;  1 drivers
L_0000024c6501d2c8 .functor BUFT 1, C4<0000000000000000000000000000000>, C4<0>, C4<0>, C4<0>;
v0000024c6500cff0_0 .net *"_ivl_5", 30 0, L_0000024c6501d2c8;  1 drivers
v0000024c6500d090_0 .net *"_ivl_50", 7 0, L_0000024c6507bb90;  1 drivers
L_0000024c6501d430 .functor BUFT 1, C4<00000000000000000000000000000000>, C4<0>, C4<0>, C4<0>;
v0000024c6500d1d0_0 .net/2u *"_ivl_52", 31 0, L_0000024c6501d430;  1 drivers
v0000024c6500bbf0_0 .net *"_ivl_54", 31 0, L_0000024c6507b7d0;  1 drivers
L_0000024c6501d310 .functor BUFT 1, C4<00000000000000000000000000000000>, C4<0>, C4<0>, C4<0>;
v0000024c6500c5f0_0 .net/2u *"_ivl_6", 31 0, L_0000024c6501d310;  1 drivers
v0000024c6500d450_0 .net *"_ivl_8", 0 0, L_0000024c6507ca90;  1 drivers
v0000024c6500d630 .array "addrs", 3 0, 31 0;
v0000024c6500ba10_0 .net "i_addr", 31 0, L_0000024c65096360;  alias, 1 drivers
v0000024c6500b510_0 .net "i_clk", 0 0, v0000024c650155a0_0;  alias, 1 drivers
v0000024c6500bc90_0 .net "i_mask", 3 0, L_0000024c65096fa0;  alias, 1 drivers
v0000024c6500be70_0 .net "i_ren", 0 0, L_0000024c650961a0;  alias, 1 drivers
v0000024c6500b5b0_0 .net "i_rst", 0 0, v0000024c65017260_0;  alias, 1 drivers
v0000024c6500b650_0 .net "i_wdata", 31 0, L_0000024c65095db0;  alias, 1 drivers
v0000024c6500caf0_0 .net "i_wen", 0 0, L_0000024c65095a30;  alias, 1 drivers
v0000024c6500bfb0_0 .var "interval_counter", 0 0;
v0000024c6500c050_0 .var/i "j", 31 0;
v0000024c6500c0f0_0 .net "mask", 3 0, L_0000024c65096d70;  1 drivers
v0000024c6500c870 .array "masks", 3 0, 3 0;
v0000024c6500d4f0 .array "mem", 1023 0, 7 0;
v0000024c6500c190_0 .net "o_addr", 31 0, L_0000024c650975c0;  1 drivers
v0000024c6500c230_0 .net "o_rdata", 31 0, L_0000024c65097400;  alias, 1 drivers
v0000024c6500c2d0_0 .net "o_ready", 0 0, L_0000024c65097390;  alias, 1 drivers
v0000024c6500c370_0 .net "o_valid", 0 0, L_0000024c65097240;  alias, 1 drivers
v0000024c6500cb90_0 .net "o_wdone", 0 0, L_0000024c65097160;  alias, 1 drivers
v0000024c6500c410_0 .net "raddr", 31 0, v0000024c6500d630_3;  1 drivers
v0000024c6500ccd0_0 .net "ready", 0 0, L_0000024c65095870;  1 drivers
v0000024c6500c690_0 .net "ren", 0 0, v0000024c6500c730_3;  1 drivers
v0000024c6500c730 .array "rens", 3 0, 0 0;
v0000024c6500d6d0_0 .net "res_addr", 31 0, L_0000024c65097470;  1 drivers
v0000024c6500cd70_0 .net "res_rdata", 31 0, L_0000024c6507b870;  1 drivers
v0000024c6500d770_0 .net "res_valid", 0 0, L_0000024c650974e0;  1 drivers
v0000024c6500d810_0 .net "res_wdone", 0 0, L_0000024c65097320;  1 drivers
v0000024c6501a960_0 .net "waddr", 31 0, L_0000024c65096830;  1 drivers
v0000024c6501aa00_0 .net "wdata", 31 0, L_0000024c650972b0;  1 drivers
v0000024c6501af00 .array "wdatas", 3 0, 31 0;
v0000024c6501afa0_0 .net "wen", 0 0, v0000024c6501a8c0_2;  1 drivers
v0000024c6501a8c0 .array "wens", 3 0, 0 0;
L_0000024c6507bc30 .concat [ 1 31 0 0], v0000024c6500bfb0_0, L_0000024c6501d2c8;
L_0000024c6507ca90 .cmp/eq 32, L_0000024c6507bc30, L_0000024c6501d310;
L_0000024c6507cc70 .array/port v0000024c6500d4f0, L_0000024c6507cd10;
L_0000024c6507cd10 .arith/sum 32, v0000024c6500d630_3, L_0000024c6501d358;
L_0000024c6507cb30 .array/port v0000024c6500d4f0, L_0000024c6507d990;
L_0000024c6507d990 .arith/sum 32, v0000024c6500d630_3, L_0000024c6501d3a0;
L_0000024c6507da30 .array/port v0000024c6500d4f0, L_0000024c6507c310;
L_0000024c6507c310 .arith/sum 32, v0000024c6500d630_3, L_0000024c6501d3e8;
L_0000024c6507bb90 .array/port v0000024c6500d4f0, L_0000024c6507b7d0;
L_0000024c6507b7d0 .arith/sum 32, v0000024c6500d630_3, L_0000024c6501d430;
L_0000024c6507b870 .concat [ 8 8 8 8], L_0000024c6507bb90, L_0000024c6507da30, L_0000024c6507cb30, L_0000024c6507cc70;
S_0000024c64a8eb30 .scope generate, "genblk1[1]" "genblk1[1]" 12 110, 12 110 0, S_0000024c649865f0;
 .timescale -9 -12;
P_0000024c64f50aa0 .param/l "i" 0 12 110, +C4<01>;
S_0000024c64a8ecc0 .scope generate, "genblk1[2]" "genblk1[2]" 12 110, 12 110 0, S_0000024c649865f0;
 .timescale -9 -12;
P_0000024c64f51d20 .param/l "i" 0 12 110, +C4<010>;
S_0000024c64f96a60 .scope generate, "genblk1[3]" "genblk1[3]" 12 110, 12 110 0, S_0000024c649865f0;
 .timescale -9 -12;
P_0000024c64f513a0 .param/l "i" 0 12 110, +C4<011>;
S_0000024c64dfc6c0 .scope module, "u_imem" "tb_memory" 2 75, 12 8 0, S_0000024c64f94440;
 .timescale -9 -12;
    .port_info 0 /INPUT 1 "i_clk";
    .port_info 1 /INPUT 1 "i_rst";
    .port_info 2 /OUTPUT 1 "o_ready";
    .port_info 3 /INPUT 32 "i_addr";
    .port_info 4 /INPUT 1 "i_ren";
    .port_info 5 /INPUT 1 "i_wen";
    .port_info 6 /INPUT 4 "i_mask";
    .port_info 7 /INPUT 32 "i_wdata";
    .port_info 8 /OUTPUT 1 "o_valid";
    .port_info 9 /OUTPUT 32 "o_addr";
    .port_info 10 /OUTPUT 1 "o_wdone";
    .port_info 11 /OUTPUT 32 "o_rdata";
P_0000024c64f8b850 .param/l "INTERVAL" 0 12 14, +C4<00000000000000000000000000000010>;
P_0000024c64f8b888 .param/l "INTERVAL_W" 1 12 57, +C4<00000000000000000000000000000001>;
P_0000024c64f8b8c0 .param/l "LATENCY" 0 12 12, +C4<00000000000000000000000000000100>;
P_0000024c64f8b8f8 .param/l "SIZE" 0 12 10, +C4<00000000000000000000010000000000>;
L_0000024c65096670 .functor NOT 1, v0000024c65017260_0, C4<0>, C4<0>, C4<0>;
L_0000024c65095790 .functor AND 1, L_0000024c65096670, L_0000024c6507d710, C4<1>, C4<1>;
v0000024c65014100_2 .array/port v0000024c65014100, 2;
L_0000024c65096280 .functor BUFZ 32, v0000024c65014100_2, C4<00000000000000000000000000000000>, C4<00000000000000000000000000000000>, C4<00000000000000000000000000000000>;
v0000024c650135c0_2 .array/port v0000024c650135c0, 2;
L_0000024c65096050 .functor BUFZ 4, v0000024c650135c0_2, C4<0000>, C4<0000>, C4<0000>;
v0000024c650141a0_2 .array/port v0000024c650141a0, 2;
L_0000024c650955d0 .functor BUFZ 32, v0000024c650141a0_2, C4<00000000000000000000000000000000>, C4<00000000000000000000000000000000>, C4<00000000000000000000000000000000>;
v0000024c65014100_3 .array/port v0000024c65014100, 3;
L_0000024c65096c20 .functor BUFZ 32, v0000024c65014100_3, C4<00000000000000000000000000000000>, C4<00000000000000000000000000000000>, C4<00000000000000000000000000000000>;
v0000024c65014920_3 .array/port v0000024c65014920, 3;
L_0000024c65096440 .functor BUFZ 1, v0000024c65014920_3, C4<0>, C4<0>, C4<0>;
v0000024c65014060_2 .array/port v0000024c65014060, 2;
L_0000024c65095640 .functor BUFZ 1, v0000024c65014060_2, C4<0>, C4<0>, C4<0>;
L_0000024c650960c0 .functor BUFZ 32, L_0000024c6507b730, C4<00000000000000000000000000000000>, C4<00000000000000000000000000000000>, C4<00000000000000000000000000000000>;
L_0000024c65095f00 .functor BUFZ 32, L_0000024c65096c20, C4<00000000000000000000000000000000>, C4<00000000000000000000000000000000>, C4<00000000000000000000000000000000>;
L_0000024c650962f0 .functor BUFZ 1, L_0000024c65096440, C4<0>, C4<0>, C4<0>;
L_0000024c650956b0 .functor BUFZ 1, L_0000024c65095640, C4<0>, C4<0>, C4<0>;
L_0000024c650964b0 .functor BUFZ 1, L_0000024c65095790, C4<0>, C4<0>, C4<0>;
v0000024c6501aaa0_0 .net *"_ivl_0", 0 0, L_0000024c65096670;  1 drivers
v0000024c6501ab40_0 .net *"_ivl_2", 31 0, L_0000024c6507d350;  1 drivers
v0000024c6501ae60_0 .net *"_ivl_32", 7 0, L_0000024c6507dad0;  1 drivers
L_0000024c6501d0d0 .functor BUFT 1, C4<00000000000000000000000000000011>, C4<0>, C4<0>, C4<0>;
v0000024c6501adc0_0 .net/2u *"_ivl_34", 31 0, L_0000024c6501d0d0;  1 drivers
v0000024c6501abe0_0 .net *"_ivl_36", 31 0, L_0000024c6507b910;  1 drivers
v0000024c6501ac80_0 .net *"_ivl_38", 7 0, L_0000024c6507d210;  1 drivers
L_0000024c6501d118 .functor BUFT 1, C4<00000000000000000000000000000010>, C4<0>, C4<0>, C4<0>;
v0000024c6501ad20_0 .net/2u *"_ivl_40", 31 0, L_0000024c6501d118;  1 drivers
v0000024c65015780_0 .net *"_ivl_42", 31 0, L_0000024c6507bf50;  1 drivers
v0000024c65013700_0 .net *"_ivl_44", 7 0, L_0000024c6507b690;  1 drivers
L_0000024c6501d160 .functor BUFT 1, C4<00000000000000000000000000000001>, C4<0>, C4<0>, C4<0>;
v0000024c65013c00_0 .net/2u *"_ivl_46", 31 0, L_0000024c6501d160;  1 drivers
v0000024c650144c0_0 .net *"_ivl_48", 31 0, L_0000024c6507ce50;  1 drivers
L_0000024c6501d040 .functor BUFT 1, C4<0000000000000000000000000000000>, C4<0>, C4<0>, C4<0>;
v0000024c650130c0_0 .net *"_ivl_5", 30 0, L_0000024c6501d040;  1 drivers
v0000024c65013ac0_0 .net *"_ivl_50", 7 0, L_0000024c6507c450;  1 drivers
L_0000024c6501d1a8 .functor BUFT 1, C4<00000000000000000000000000000000>, C4<0>, C4<0>, C4<0>;
v0000024c65013200_0 .net/2u *"_ivl_52", 31 0, L_0000024c6501d1a8;  1 drivers
v0000024c65014740_0 .net *"_ivl_54", 31 0, L_0000024c6507d8f0;  1 drivers
L_0000024c6501d088 .functor BUFT 1, C4<00000000000000000000000000000000>, C4<0>, C4<0>, C4<0>;
v0000024c65015460_0 .net/2u *"_ivl_6", 31 0, L_0000024c6501d088;  1 drivers
v0000024c65013b60_0 .net *"_ivl_8", 0 0, L_0000024c6507d710;  1 drivers
v0000024c65014100 .array "addrs", 3 0, 31 0;
v0000024c65013ca0_0 .net "i_addr", 31 0, L_0000024c64eff330;  alias, 1 drivers
v0000024c65014600_0 .net "i_clk", 0 0, v0000024c650155a0_0;  alias, 1 drivers
L_0000024c6501d238 .functor BUFT 1, C4<1111>, C4<0>, C4<0>, C4<0>;
v0000024c650137a0_0 .net "i_mask", 3 0, L_0000024c6501d238;  1 drivers
v0000024c65013480_0 .net "i_ren", 0 0, L_0000024c64efdc00;  alias, 1 drivers
v0000024c65014380_0 .net "i_rst", 0 0, v0000024c65017260_0;  alias, 1 drivers
L_0000024c6501d280 .functor BUFT 1, C4<00000000000000000000000000000000>, C4<0>, C4<0>, C4<0>;
v0000024c65013de0_0 .net "i_wdata", 31 0, L_0000024c6501d280;  1 drivers
L_0000024c6501d1f0 .functor BUFT 1, C4<0>, C4<0>, C4<0>, C4<0>;
v0000024c65014ba0_0 .net "i_wen", 0 0, L_0000024c6501d1f0;  1 drivers
v0000024c65015820_0 .var "interval_counter", 0 0;
v0000024c65013d40_0 .var/i "j", 31 0;
v0000024c65013e80_0 .net "mask", 3 0, L_0000024c65096050;  1 drivers
v0000024c650135c0 .array "masks", 3 0, 3 0;
v0000024c650156e0 .array "mem", 1023 0, 7 0;
v0000024c65015640_0 .net "o_addr", 31 0, L_0000024c65095f00;  1 drivers
v0000024c65014ce0_0 .net "o_rdata", 31 0, L_0000024c650960c0;  alias, 1 drivers
v0000024c65013160_0 .net "o_ready", 0 0, L_0000024c650964b0;  alias, 1 drivers
v0000024c65013f20_0 .net "o_valid", 0 0, L_0000024c650962f0;  alias, 1 drivers
v0000024c65014420_0 .net "o_wdone", 0 0, L_0000024c650956b0;  1 drivers
v0000024c65015000_0 .net "raddr", 31 0, v0000024c65014100_3;  1 drivers
v0000024c65014560_0 .net "ready", 0 0, L_0000024c65095790;  1 drivers
v0000024c65013fc0_0 .net "ren", 0 0, v0000024c65014920_3;  1 drivers
v0000024c65014920 .array "rens", 3 0, 0 0;
v0000024c650132a0_0 .net "res_addr", 31 0, L_0000024c65096c20;  1 drivers
v0000024c65013980_0 .net "res_rdata", 31 0, L_0000024c6507b730;  1 drivers
v0000024c650146a0_0 .net "res_valid", 0 0, L_0000024c65096440;  1 drivers
v0000024c65014240_0 .net "res_wdone", 0 0, L_0000024c65095640;  1 drivers
v0000024c650150a0_0 .net "waddr", 31 0, L_0000024c65096280;  1 drivers
v0000024c65013520_0 .net "wdata", 31 0, L_0000024c650955d0;  1 drivers
v0000024c650141a0 .array "wdatas", 3 0, 31 0;
v0000024c65013840_0 .net "wen", 0 0, v0000024c65014060_2;  1 drivers
v0000024c65014060 .array "wens", 3 0, 0 0;
L_0000024c6507d350 .concat [ 1 31 0 0], v0000024c65015820_0, L_0000024c6501d040;
L_0000024c6507d710 .cmp/eq 32, L_0000024c6507d350, L_0000024c6501d088;
L_0000024c6507dad0 .array/port v0000024c650156e0, L_0000024c6507b910;
L_0000024c6507b910 .arith/sum 32, v0000024c65014100_3, L_0000024c6501d0d0;
L_0000024c6507d210 .array/port v0000024c650156e0, L_0000024c6507bf50;
L_0000024c6507bf50 .arith/sum 32, v0000024c65014100_3, L_0000024c6501d118;
L_0000024c6507b690 .array/port v0000024c650156e0, L_0000024c6507ce50;
L_0000024c6507ce50 .arith/sum 32, v0000024c65014100_3, L_0000024c6501d160;
L_0000024c6507c450 .array/port v0000024c650156e0, L_0000024c6507d8f0;
L_0000024c6507d8f0 .arith/sum 32, v0000024c65014100_3, L_0000024c6501d1a8;
L_0000024c6507b730 .concat [ 8 8 8 8], L_0000024c6507c450, L_0000024c6507b690, L_0000024c6507d210, L_0000024c6507dad0;
S_0000024c64dfc850 .scope generate, "genblk1[1]" "genblk1[1]" 12 110, 12 110 0, S_0000024c64dfc6c0;
 .timescale -9 -12;
P_0000024c64f51860 .param/l "i" 0 12 110, +C4<01>;
S_0000024c64dfc9e0 .scope generate, "genblk1[2]" "genblk1[2]" 12 110, 12 110 0, S_0000024c64dfc6c0;
 .timescale -9 -12;
P_0000024c64f517a0 .param/l "i" 0 12 110, +C4<010>;
S_0000024c64fcb790 .scope generate, "genblk1[3]" "genblk1[3]" 12 110, 12 110 0, S_0000024c64dfc6c0;
 .timescale -9 -12;
P_0000024c64f51020 .param/l "i" 0 12 110, +C4<011>;
    .scope S_0000024c64e37270;
T_0 ;
    %wait E_0000024c64f502e0;
    %load/vec4 v0000024c64f72ab0_0;
    %flag_set/vec4 8;
    %jmp/0xz  T_0.0, 8;
    %pushi/vec4 0, 0, 32;
    %ix/load 3, 0, 0;
    %flag_set/imm 4, 0;
    %ix/load 4, 0, 0; Constant delay
    %assign/vec4/a/d v0000024c64f72a10, 0, 4;
    %pushi/vec4 0, 0, 32;
    %ix/load 3, 1, 0;
    %flag_set/imm 4, 0;
    %ix/load 4, 0, 0; Constant delay
    %assign/vec4/a/d v0000024c64f72a10, 0, 4;
    %pushi/vec4 0, 0, 32;
    %ix/load 3, 2, 0;
    %flag_set/imm 4, 0;
    %ix/load 4, 0, 0; Constant delay
    %assign/vec4/a/d v0000024c64f72a10, 0, 4;
    %pushi/vec4 0, 0, 32;
    %ix/load 3, 3, 0;
    %flag_set/imm 4, 0;
    %ix/load 4, 0, 0; Constant delay
    %assign/vec4/a/d v0000024c64f72a10, 0, 4;
    %pushi/vec4 0, 0, 32;
    %ix/load 3, 4, 0;
    %flag_set/imm 4, 0;
    %ix/load 4, 0, 0; Constant delay
    %assign/vec4/a/d v0000024c64f72a10, 0, 4;
    %pushi/vec4 0, 0, 32;
    %ix/load 3, 5, 0;
    %flag_set/imm 4, 0;
    %ix/load 4, 0, 0; Constant delay
    %assign/vec4/a/d v0000024c64f72a10, 0, 4;
    %pushi/vec4 0, 0, 32;
    %ix/load 3, 6, 0;
    %flag_set/imm 4, 0;
    %ix/load 4, 0, 0; Constant delay
    %assign/vec4/a/d v0000024c64f72a10, 0, 4;
    %pushi/vec4 0, 0, 32;
    %ix/load 3, 7, 0;
    %flag_set/imm 4, 0;
    %ix/load 4, 0, 0; Constant delay
    %assign/vec4/a/d v0000024c64f72a10, 0, 4;
    %pushi/vec4 0, 0, 32;
    %ix/load 3, 8, 0;
    %flag_set/imm 4, 0;
    %ix/load 4, 0, 0; Constant delay
    %assign/vec4/a/d v0000024c64f72a10, 0, 4;
    %pushi/vec4 0, 0, 32;
    %ix/load 3, 9, 0;
    %flag_set/imm 4, 0;
    %ix/load 4, 0, 0; Constant delay
    %assign/vec4/a/d v0000024c64f72a10, 0, 4;
    %pushi/vec4 0, 0, 32;
    %ix/load 3, 10, 0;
    %flag_set/imm 4, 0;
    %ix/load 4, 0, 0; Constant delay
    %assign/vec4/a/d v0000024c64f72a10, 0, 4;
    %pushi/vec4 0, 0, 32;
    %ix/load 3, 11, 0;
    %flag_set/imm 4, 0;
    %ix/load 4, 0, 0; Constant delay
    %assign/vec4/a/d v0000024c64f72a10, 0, 4;
    %pushi/vec4 0, 0, 32;
    %ix/load 3, 12, 0;
    %flag_set/imm 4, 0;
    %ix/load 4, 0, 0; Constant delay
    %assign/vec4/a/d v0000024c64f72a10, 0, 4;
    %pushi/vec4 0, 0, 32;
    %ix/load 3, 13, 0;
    %flag_set/imm 4, 0;
    %ix/load 4, 0, 0; Constant delay
    %assign/vec4/a/d v0000024c64f72a10, 0, 4;
    %pushi/vec4 0, 0, 32;
    %ix/load 3, 14, 0;
    %flag_set/imm 4, 0;
    %ix/load 4, 0, 0; Constant delay
    %assign/vec4/a/d v0000024c64f72a10, 0, 4;
    %pushi/vec4 0, 0, 32;
    %ix/load 3, 15, 0;
    %flag_set/imm 4, 0;
    %ix/load 4, 0, 0; Constant delay
    %assign/vec4/a/d v0000024c64f72a10, 0, 4;
    %pushi/vec4 0, 0, 32;
    %ix/load 3, 16, 0;
    %flag_set/imm 4, 0;
    %ix/load 4, 0, 0; Constant delay
    %assign/vec4/a/d v0000024c64f72a10, 0, 4;
    %pushi/vec4 0, 0, 32;
    %ix/load 3, 17, 0;
    %flag_set/imm 4, 0;
    %ix/load 4, 0, 0; Constant delay
    %assign/vec4/a/d v0000024c64f72a10, 0, 4;
    %pushi/vec4 0, 0, 32;
    %ix/load 3, 18, 0;
    %flag_set/imm 4, 0;
    %ix/load 4, 0, 0; Constant delay
    %assign/vec4/a/d v0000024c64f72a10, 0, 4;
    %pushi/vec4 0, 0, 32;
    %ix/load 3, 19, 0;
    %flag_set/imm 4, 0;
    %ix/load 4, 0, 0; Constant delay
    %assign/vec4/a/d v0000024c64f72a10, 0, 4;
    %pushi/vec4 0, 0, 32;
    %ix/load 3, 20, 0;
    %flag_set/imm 4, 0;
    %ix/load 4, 0, 0; Constant delay
    %assign/vec4/a/d v0000024c64f72a10, 0, 4;
    %pushi/vec4 0, 0, 32;
    %ix/load 3, 21, 0;
    %flag_set/imm 4, 0;
    %ix/load 4, 0, 0; Constant delay
    %assign/vec4/a/d v0000024c64f72a10, 0, 4;
    %pushi/vec4 0, 0, 32;
    %ix/load 3, 22, 0;
    %flag_set/imm 4, 0;
    %ix/load 4, 0, 0; Constant delay
    %assign/vec4/a/d v0000024c64f72a10, 0, 4;
    %pushi/vec4 0, 0, 32;
    %ix/load 3, 23, 0;
    %flag_set/imm 4, 0;
    %ix/load 4, 0, 0; Constant delay
    %assign/vec4/a/d v0000024c64f72a10, 0, 4;
    %pushi/vec4 0, 0, 32;
    %ix/load 3, 24, 0;
    %flag_set/imm 4, 0;
    %ix/load 4, 0, 0; Constant delay
    %assign/vec4/a/d v0000024c64f72a10, 0, 4;
    %pushi/vec4 0, 0, 32;
    %ix/load 3, 25, 0;
    %flag_set/imm 4, 0;
    %ix/load 4, 0, 0; Constant delay
    %assign/vec4/a/d v0000024c64f72a10, 0, 4;
    %pushi/vec4 0, 0, 32;
    %ix/load 3, 26, 0;
    %flag_set/imm 4, 0;
    %ix/load 4, 0, 0; Constant delay
    %assign/vec4/a/d v0000024c64f72a10, 0, 4;
    %pushi/vec4 0, 0, 32;
    %ix/load 3, 27, 0;
    %flag_set/imm 4, 0;
    %ix/load 4, 0, 0; Constant delay
    %assign/vec4/a/d v0000024c64f72a10, 0, 4;
    %pushi/vec4 0, 0, 32;
    %ix/load 3, 28, 0;
    %flag_set/imm 4, 0;
    %ix/load 4, 0, 0; Constant delay
    %assign/vec4/a/d v0000024c64f72a10, 0, 4;
    %pushi/vec4 0, 0, 32;
    %ix/load 3, 29, 0;
    %flag_set/imm 4, 0;
    %ix/load 4, 0, 0; Constant delay
    %assign/vec4/a/d v0000024c64f72a10, 0, 4;
    %pushi/vec4 0, 0, 32;
    %ix/load 3, 30, 0;
    %flag_set/imm 4, 0;
    %ix/load 4, 0, 0; Constant delay
    %assign/vec4/a/d v0000024c64f72a10, 0, 4;
    %pushi/vec4 0, 0, 32;
    %ix/load 3, 31, 0;
    %flag_set/imm 4, 0;
    %ix/load 4, 0, 0; Constant delay
    %assign/vec4/a/d v0000024c64f72a10, 0, 4;
    %jmp T_0.1;
T_0.0 ;
    %load/vec4 v0000024c64f72010_0;
    %flag_set/vec4 9;
    %flag_get/vec4 9;
    %jmp/0 T_0.4, 9;
    %load/vec4 v0000024c64f728d0_0;
    %pushi/vec4 0, 0, 5;
    %cmp/ne;
    %flag_get/vec4 4;
    %and;
T_0.4;
    %flag_set/vec4 8;
    %jmp/0xz  T_0.2, 8;
    %load/vec4 v0000024c64f72e70_0;
    %load/vec4 v0000024c64f728d0_0;
    %pad/u 7;
    %ix/vec4 3;
    %ix/load 4, 0, 0; Constant delay
    %assign/vec4/a/d v0000024c64f72a10, 0, 4;
T_0.2 ;
T_0.1 ;
    %jmp T_0;
    .thread T_0;
    .scope S_0000024c64a8b0e0;
T_1 ;
    %wait E_0000024c64f50960;
    %pushi/vec4 0, 0, 3;
    %store/vec4 v0000024c64fc8550_0, 0, 3;
    %pushi/vec4 0, 0, 1;
    %store/vec4 v0000024c64fc7ab0_0, 0, 1;
    %pushi/vec4 0, 0, 1;
    %store/vec4 v0000024c64fc7fb0_0, 0, 1;
    %pushi/vec4 0, 0, 1;
    %store/vec4 v0000024c64fc7a10_0, 0, 1;
    %load/vec4 v0000024c64fc8c30_0;
    %dup/vec4;
    %pushi/vec4 1, 2, 3;
    %cmp/z;
    %jmp/1 T_1.0, 4;
    %dup/vec4;
    %pushi/vec4 0, 2, 3;
    %cmp/z;
    %jmp/1 T_1.1, 4;
    %dup/vec4;
    %pushi/vec4 6, 0, 3;
    %cmp/z;
    %jmp/1 T_1.2, 4;
    %pushi/vec4 0, 0, 3;
    %store/vec4 v0000024c64fc8550_0, 0, 3;
    %pushi/vec4 0, 0, 1;
    %store/vec4 v0000024c64fc7ab0_0, 0, 1;
    %pushi/vec4 0, 0, 1;
    %store/vec4 v0000024c64fc7fb0_0, 0, 1;
    %pushi/vec4 0, 0, 1;
    %store/vec4 v0000024c64fc7a10_0, 0, 1;
    %jmp T_1.4;
T_1.0 ;
    %load/vec4 v0000024c64fc8410_0;
    %dup/vec4;
    %pushi/vec4 55, 0, 7;
    %cmp/u;
    %jmp/1 T_1.5, 6;
    %dup/vec4;
    %pushi/vec4 23, 0, 7;
    %cmp/u;
    %jmp/1 T_1.6, 6;
    %load/vec4 v0000024c64fc9b30_0;
    %store/vec4 v0000024c64fc8550_0, 0, 3;
    %load/vec4 v0000024c64fc8410_0;
    %pushi/vec4 51, 0, 7;
    %cmp/e;
    %flag_get/vec4 4;
    %load/vec4 v0000024c64fc9b30_0;
    %pushi/vec4 0, 0, 3;
    %cmp/e;
    %flag_get/vec4 4;
    %and;
    %load/vec4 v0000024c64fc85f0_0;
    %parti/s 1, 5, 4;
    %and;
    %store/vec4 v0000024c64fc7ab0_0, 0, 1;
    %load/vec4 v0000024c64fc9b30_0;
    %pushi/vec4 3, 0, 3;
    %cmp/e;
    %flag_get/vec4 4;
    %store/vec4 v0000024c64fc7fb0_0, 0, 1;
    %load/vec4 v0000024c64fc9b30_0;
    %pushi/vec4 5, 0, 3;
    %cmp/e;
    %flag_get/vec4 4;
    %load/vec4 v0000024c64fc85f0_0;
    %parti/s 1, 5, 4;
    %and;
    %store/vec4 v0000024c64fc7a10_0, 0, 1;
    %jmp T_1.8;
T_1.5 ;
    %pushi/vec4 0, 0, 3;
    %store/vec4 v0000024c64fc8550_0, 0, 3;
    %pushi/vec4 0, 0, 1;
    %store/vec4 v0000024c64fc7ab0_0, 0, 1;
    %pushi/vec4 0, 0, 1;
    %store/vec4 v0000024c64fc7fb0_0, 0, 1;
    %pushi/vec4 0, 0, 1;
    %store/vec4 v0000024c64fc7a10_0, 0, 1;
    %jmp T_1.8;
T_1.6 ;
    %pushi/vec4 0, 0, 3;
    %store/vec4 v0000024c64fc8550_0, 0, 3;
    %pushi/vec4 0, 0, 1;
    %store/vec4 v0000024c64fc7ab0_0, 0, 1;
    %pushi/vec4 0, 0, 1;
    %store/vec4 v0000024c64fc7fb0_0, 0, 1;
    %pushi/vec4 0, 0, 1;
    %store/vec4 v0000024c64fc7a10_0, 0, 1;
    %jmp T_1.8;
T_1.8 ;
    %pop/vec4 1;
    %jmp T_1.4;
T_1.1 ;
    %pushi/vec4 0, 0, 3;
    %store/vec4 v0000024c64fc8550_0, 0, 3;
    %pushi/vec4 0, 0, 1;
    %store/vec4 v0000024c64fc7ab0_0, 0, 1;
    %pushi/vec4 0, 0, 1;
    %store/vec4 v0000024c64fc7fb0_0, 0, 1;
    %pushi/vec4 0, 0, 1;
    %store/vec4 v0000024c64fc7a10_0, 0, 1;
    %jmp T_1.4;
T_1.2 ;
    %pushi/vec4 0, 0, 3;
    %store/vec4 v0000024c64fc8550_0, 0, 3;
    %load/vec4 v0000024c64fc8410_0;
    %pushi/vec4 99, 0, 7;
    %cmp/e;
    %flag_get/vec4 4;
    %store/vec4 v0000024c64fc7ab0_0, 0, 1;
    %load/vec4 v0000024c64fc8410_0;
    %pushi/vec4 99, 0, 7;
    %cmp/e;
    %flag_get/vec4 4;
    %load/vec4 v0000024c64fc9b30_0;
    %parti/s 1, 1, 2;
    %and;
    %store/vec4 v0000024c64fc7fb0_0, 0, 1;
    %pushi/vec4 0, 0, 1;
    %store/vec4 v0000024c64fc7a10_0, 0, 1;
    %jmp T_1.4;
T_1.4 ;
    %pop/vec4 1;
    %jmp T_1;
    .thread T_1, $push;
    .scope S_0000024c64a8af50;
T_2 ;
    %wait E_0000024c64f50360;
    %load/vec4 v0000024c64fc8d70_0;
    %dup/vec4;
    %pushi/vec4 0, 0, 5;
    %cmp/u;
    %jmp/1 T_2.0, 6;
    %dup/vec4;
    %pushi/vec4 1, 0, 5;
    %cmp/u;
    %jmp/1 T_2.1, 6;
    %dup/vec4;
    %pushi/vec4 2, 0, 5;
    %cmp/u;
    %jmp/1 T_2.2, 6;
    %dup/vec4;
    %pushi/vec4 3, 0, 5;
    %cmp/u;
    %jmp/1 T_2.3, 6;
    %dup/vec4;
    %pushi/vec4 4, 0, 5;
    %cmp/u;
    %jmp/1 T_2.4, 6;
    %dup/vec4;
    %pushi/vec4 5, 0, 5;
    %cmp/u;
    %jmp/1 T_2.5, 6;
    %dup/vec4;
    %pushi/vec4 6, 0, 5;
    %cmp/u;
    %jmp/1 T_2.6, 6;
    %dup/vec4;
    %pushi/vec4 7, 0, 5;
    %cmp/u;
    %jmp/1 T_2.7, 6;
    %dup/vec4;
    %pushi/vec4 8, 0, 5;
    %cmp/u;
    %jmp/1 T_2.8, 6;
    %dup/vec4;
    %pushi/vec4 9, 0, 5;
    %cmp/u;
    %jmp/1 T_2.9, 6;
    %dup/vec4;
    %pushi/vec4 10, 0, 5;
    %cmp/u;
    %jmp/1 T_2.10, 6;
    %dup/vec4;
    %pushi/vec4 11, 0, 5;
    %cmp/u;
    %jmp/1 T_2.11, 6;
    %dup/vec4;
    %pushi/vec4 12, 0, 5;
    %cmp/u;
    %jmp/1 T_2.12, 6;
    %dup/vec4;
    %pushi/vec4 13, 0, 5;
    %cmp/u;
    %jmp/1 T_2.13, 6;
    %dup/vec4;
    %pushi/vec4 14, 0, 5;
    %cmp/u;
    %jmp/1 T_2.14, 6;
    %dup/vec4;
    %pushi/vec4 15, 0, 5;
    %cmp/u;
    %jmp/1 T_2.15, 6;
    %dup/vec4;
    %pushi/vec4 16, 0, 5;
    %cmp/u;
    %jmp/1 T_2.16, 6;
    %dup/vec4;
    %pushi/vec4 17, 0, 5;
    %cmp/u;
    %jmp/1 T_2.17, 6;
    %dup/vec4;
    %pushi/vec4 18, 0, 5;
    %cmp/u;
    %jmp/1 T_2.18, 6;
    %dup/vec4;
    %pushi/vec4 19, 0, 5;
    %cmp/u;
    %jmp/1 T_2.19, 6;
    %dup/vec4;
    %pushi/vec4 20, 0, 5;
    %cmp/u;
    %jmp/1 T_2.20, 6;
    %dup/vec4;
    %pushi/vec4 21, 0, 5;
    %cmp/u;
    %jmp/1 T_2.21, 6;
    %dup/vec4;
    %pushi/vec4 22, 0, 5;
    %cmp/u;
    %jmp/1 T_2.22, 6;
    %dup/vec4;
    %pushi/vec4 23, 0, 5;
    %cmp/u;
    %jmp/1 T_2.23, 6;
    %dup/vec4;
    %pushi/vec4 24, 0, 5;
    %cmp/u;
    %jmp/1 T_2.24, 6;
    %dup/vec4;
    %pushi/vec4 25, 0, 5;
    %cmp/u;
    %jmp/1 T_2.25, 6;
    %dup/vec4;
    %pushi/vec4 26, 0, 5;
    %cmp/u;
    %jmp/1 T_2.26, 6;
    %dup/vec4;
    %pushi/vec4 27, 0, 5;
    %cmp/u;
    %jmp/1 T_2.27, 6;
    %dup/vec4;
    %pushi/vec4 28, 0, 5;
    %cmp/u;
    %jmp/1 T_2.28, 6;
    %dup/vec4;
    %pushi/vec4 29, 0, 5;
    %cmp/u;
    %jmp/1 T_2.29, 6;
    %dup/vec4;
    %pushi/vec4 30, 0, 5;
    %cmp/u;
    %jmp/1 T_2.30, 6;
    %dup/vec4;
    %pushi/vec4 31, 0, 5;
    %cmp/u;
    %jmp/1 T_2.31, 6;
    %pushi/vec4 0, 0, 32;
    %store/vec4 v0000024c64fc9810_0, 0, 32;
    %jmp T_2.33;
T_2.0 ;
    %load/vec4 v0000024c64ffd450_0;
    %store/vec4 v0000024c64fc9810_0, 0, 32;
    %jmp T_2.33;
T_2.1 ;
    %load/vec4 v0000024c64ffd450_0;
    %parti/s 31, 0, 2;
    %concati/vec4 0, 0, 1;
    %store/vec4 v0000024c64fc9810_0, 0, 32;
    %jmp T_2.33;
T_2.2 ;
    %load/vec4 v0000024c64ffd450_0;
    %parti/s 30, 0, 2;
    %concati/vec4 0, 0, 2;
    %store/vec4 v0000024c64fc9810_0, 0, 32;
    %jmp T_2.33;
T_2.3 ;
    %load/vec4 v0000024c64ffd450_0;
    %parti/s 29, 0, 2;
    %concati/vec4 0, 0, 3;
    %store/vec4 v0000024c64fc9810_0, 0, 32;
    %jmp T_2.33;
T_2.4 ;
    %load/vec4 v0000024c64ffd450_0;
    %parti/s 28, 0, 2;
    %concati/vec4 0, 0, 4;
    %store/vec4 v0000024c64fc9810_0, 0, 32;
    %jmp T_2.33;
T_2.5 ;
    %load/vec4 v0000024c64ffd450_0;
    %parti/s 27, 0, 2;
    %concati/vec4 0, 0, 5;
    %store/vec4 v0000024c64fc9810_0, 0, 32;
    %jmp T_2.33;
T_2.6 ;
    %load/vec4 v0000024c64ffd450_0;
    %parti/s 26, 0, 2;
    %concati/vec4 0, 0, 6;
    %store/vec4 v0000024c64fc9810_0, 0, 32;
    %jmp T_2.33;
T_2.7 ;
    %load/vec4 v0000024c64ffd450_0;
    %parti/s 25, 0, 2;
    %concati/vec4 0, 0, 7;
    %store/vec4 v0000024c64fc9810_0, 0, 32;
    %jmp T_2.33;
T_2.8 ;
    %load/vec4 v0000024c64ffd450_0;
    %parti/s 24, 0, 2;
    %concati/vec4 0, 0, 8;
    %store/vec4 v0000024c64fc9810_0, 0, 32;
    %jmp T_2.33;
T_2.9 ;
    %load/vec4 v0000024c64ffd450_0;
    %parti/s 23, 0, 2;
    %concati/vec4 0, 0, 9;
    %store/vec4 v0000024c64fc9810_0, 0, 32;
    %jmp T_2.33;
T_2.10 ;
    %load/vec4 v0000024c64ffd450_0;
    %parti/s 22, 0, 2;
    %concati/vec4 0, 0, 10;
    %store/vec4 v0000024c64fc9810_0, 0, 32;
    %jmp T_2.33;
T_2.11 ;
    %load/vec4 v0000024c64ffd450_0;
    %parti/s 21, 0, 2;
    %concati/vec4 0, 0, 11;
    %store/vec4 v0000024c64fc9810_0, 0, 32;
    %jmp T_2.33;
T_2.12 ;
    %load/vec4 v0000024c64ffd450_0;
    %parti/s 20, 0, 2;
    %concati/vec4 0, 0, 12;
    %store/vec4 v0000024c64fc9810_0, 0, 32;
    %jmp T_2.33;
T_2.13 ;
    %load/vec4 v0000024c64ffd450_0;
    %parti/s 19, 0, 2;
    %concati/vec4 0, 0, 13;
    %store/vec4 v0000024c64fc9810_0, 0, 32;
    %jmp T_2.33;
T_2.14 ;
    %load/vec4 v0000024c64ffd450_0;
    %parti/s 18, 0, 2;
    %concati/vec4 0, 0, 14;
    %store/vec4 v0000024c64fc9810_0, 0, 32;
    %jmp T_2.33;
T_2.15 ;
    %load/vec4 v0000024c64ffd450_0;
    %parti/s 17, 0, 2;
    %concati/vec4 0, 0, 15;
    %store/vec4 v0000024c64fc9810_0, 0, 32;
    %jmp T_2.33;
T_2.16 ;
    %load/vec4 v0000024c64ffd450_0;
    %parti/s 16, 0, 2;
    %concati/vec4 0, 0, 16;
    %store/vec4 v0000024c64fc9810_0, 0, 32;
    %jmp T_2.33;
T_2.17 ;
    %load/vec4 v0000024c64ffd450_0;
    %parti/s 15, 0, 2;
    %concati/vec4 0, 0, 17;
    %store/vec4 v0000024c64fc9810_0, 0, 32;
    %jmp T_2.33;
T_2.18 ;
    %load/vec4 v0000024c64ffd450_0;
    %parti/s 14, 0, 2;
    %concati/vec4 0, 0, 18;
    %store/vec4 v0000024c64fc9810_0, 0, 32;
    %jmp T_2.33;
T_2.19 ;
    %load/vec4 v0000024c64ffd450_0;
    %parti/s 13, 0, 2;
    %concati/vec4 0, 0, 19;
    %store/vec4 v0000024c64fc9810_0, 0, 32;
    %jmp T_2.33;
T_2.20 ;
    %load/vec4 v0000024c64ffd450_0;
    %parti/s 12, 0, 2;
    %concati/vec4 0, 0, 20;
    %store/vec4 v0000024c64fc9810_0, 0, 32;
    %jmp T_2.33;
T_2.21 ;
    %load/vec4 v0000024c64ffd450_0;
    %parti/s 11, 0, 2;
    %concati/vec4 0, 0, 21;
    %store/vec4 v0000024c64fc9810_0, 0, 32;
    %jmp T_2.33;
T_2.22 ;
    %load/vec4 v0000024c64ffd450_0;
    %parti/s 10, 0, 2;
    %concati/vec4 0, 0, 22;
    %store/vec4 v0000024c64fc9810_0, 0, 32;
    %jmp T_2.33;
T_2.23 ;
    %load/vec4 v0000024c64ffd450_0;
    %parti/s 9, 0, 2;
    %concati/vec4 0, 0, 23;
    %store/vec4 v0000024c64fc9810_0, 0, 32;
    %jmp T_2.33;
T_2.24 ;
    %load/vec4 v0000024c64ffd450_0;
    %parti/s 8, 0, 2;
    %concati/vec4 0, 0, 24;
    %store/vec4 v0000024c64fc9810_0, 0, 32;
    %jmp T_2.33;
T_2.25 ;
    %load/vec4 v0000024c64ffd450_0;
    %parti/s 7, 0, 2;
    %concati/vec4 0, 0, 25;
    %store/vec4 v0000024c64fc9810_0, 0, 32;
    %jmp T_2.33;
T_2.26 ;
    %load/vec4 v0000024c64ffd450_0;
    %parti/s 6, 0, 2;
    %concati/vec4 0, 0, 26;
    %store/vec4 v0000024c64fc9810_0, 0, 32;
    %jmp T_2.33;
T_2.27 ;
    %load/vec4 v0000024c64ffd450_0;
    %parti/s 5, 0, 2;
    %concati/vec4 0, 0, 27;
    %store/vec4 v0000024c64fc9810_0, 0, 32;
    %jmp T_2.33;
T_2.28 ;
    %load/vec4 v0000024c64ffd450_0;
    %parti/s 4, 0, 2;
    %concati/vec4 0, 0, 28;
    %store/vec4 v0000024c64fc9810_0, 0, 32;
    %jmp T_2.33;
T_2.29 ;
    %load/vec4 v0000024c64ffd450_0;
    %parti/s 3, 0, 2;
    %concati/vec4 0, 0, 29;
    %store/vec4 v0000024c64fc9810_0, 0, 32;
    %jmp T_2.33;
T_2.30 ;
    %load/vec4 v0000024c64ffd450_0;
    %parti/s 2, 0, 2;
    %concati/vec4 0, 0, 30;
    %store/vec4 v0000024c64fc9810_0, 0, 32;
    %jmp T_2.33;
T_2.31 ;
    %load/vec4 v0000024c64ffd450_0;
    %parti/s 1, 0, 2;
    %concati/vec4 0, 0, 31;
    %store/vec4 v0000024c64fc9810_0, 0, 32;
    %jmp T_2.33;
T_2.33 ;
    %pop/vec4 1;
    %jmp T_2;
    .thread T_2, $push;
    .scope S_0000024c64a8af50;
T_3 ;
    %wait E_0000024c64f50360;
    %load/vec4 v0000024c64fc8d70_0;
    %dup/vec4;
    %pushi/vec4 0, 0, 5;
    %cmp/u;
    %jmp/1 T_3.0, 6;
    %dup/vec4;
    %pushi/vec4 1, 0, 5;
    %cmp/u;
    %jmp/1 T_3.1, 6;
    %dup/vec4;
    %pushi/vec4 2, 0, 5;
    %cmp/u;
    %jmp/1 T_3.2, 6;
    %dup/vec4;
    %pushi/vec4 3, 0, 5;
    %cmp/u;
    %jmp/1 T_3.3, 6;
    %dup/vec4;
    %pushi/vec4 4, 0, 5;
    %cmp/u;
    %jmp/1 T_3.4, 6;
    %dup/vec4;
    %pushi/vec4 5, 0, 5;
    %cmp/u;
    %jmp/1 T_3.5, 6;
    %dup/vec4;
    %pushi/vec4 6, 0, 5;
    %cmp/u;
    %jmp/1 T_3.6, 6;
    %dup/vec4;
    %pushi/vec4 7, 0, 5;
    %cmp/u;
    %jmp/1 T_3.7, 6;
    %dup/vec4;
    %pushi/vec4 8, 0, 5;
    %cmp/u;
    %jmp/1 T_3.8, 6;
    %dup/vec4;
    %pushi/vec4 9, 0, 5;
    %cmp/u;
    %jmp/1 T_3.9, 6;
    %dup/vec4;
    %pushi/vec4 10, 0, 5;
    %cmp/u;
    %jmp/1 T_3.10, 6;
    %dup/vec4;
    %pushi/vec4 11, 0, 5;
    %cmp/u;
    %jmp/1 T_3.11, 6;
    %dup/vec4;
    %pushi/vec4 12, 0, 5;
    %cmp/u;
    %jmp/1 T_3.12, 6;
    %dup/vec4;
    %pushi/vec4 13, 0, 5;
    %cmp/u;
    %jmp/1 T_3.13, 6;
    %dup/vec4;
    %pushi/vec4 14, 0, 5;
    %cmp/u;
    %jmp/1 T_3.14, 6;
    %dup/vec4;
    %pushi/vec4 15, 0, 5;
    %cmp/u;
    %jmp/1 T_3.15, 6;
    %dup/vec4;
    %pushi/vec4 16, 0, 5;
    %cmp/u;
    %jmp/1 T_3.16, 6;
    %dup/vec4;
    %pushi/vec4 17, 0, 5;
    %cmp/u;
    %jmp/1 T_3.17, 6;
    %dup/vec4;
    %pushi/vec4 18, 0, 5;
    %cmp/u;
    %jmp/1 T_3.18, 6;
    %dup/vec4;
    %pushi/vec4 19, 0, 5;
    %cmp/u;
    %jmp/1 T_3.19, 6;
    %dup/vec4;
    %pushi/vec4 20, 0, 5;
    %cmp/u;
    %jmp/1 T_3.20, 6;
    %dup/vec4;
    %pushi/vec4 21, 0, 5;
    %cmp/u;
    %jmp/1 T_3.21, 6;
    %dup/vec4;
    %pushi/vec4 22, 0, 5;
    %cmp/u;
    %jmp/1 T_3.22, 6;
    %dup/vec4;
    %pushi/vec4 23, 0, 5;
    %cmp/u;
    %jmp/1 T_3.23, 6;
    %dup/vec4;
    %pushi/vec4 24, 0, 5;
    %cmp/u;
    %jmp/1 T_3.24, 6;
    %dup/vec4;
    %pushi/vec4 25, 0, 5;
    %cmp/u;
    %jmp/1 T_3.25, 6;
    %dup/vec4;
    %pushi/vec4 26, 0, 5;
    %cmp/u;
    %jmp/1 T_3.26, 6;
    %dup/vec4;
    %pushi/vec4 27, 0, 5;
    %cmp/u;
    %jmp/1 T_3.27, 6;
    %dup/vec4;
    %pushi/vec4 28, 0, 5;
    %cmp/u;
    %jmp/1 T_3.28, 6;
    %dup/vec4;
    %pushi/vec4 29, 0, 5;
    %cmp/u;
    %jmp/1 T_3.29, 6;
    %dup/vec4;
    %pushi/vec4 30, 0, 5;
    %cmp/u;
    %jmp/1 T_3.30, 6;
    %dup/vec4;
    %pushi/vec4 31, 0, 5;
    %cmp/u;
    %jmp/1 T_3.31, 6;
    %pushi/vec4 0, 0, 32;
    %store/vec4 v0000024c64fc8ff0_0, 0, 32;
    %jmp T_3.33;
T_3.0 ;
    %load/vec4 v0000024c64ffd450_0;
    %store/vec4 v0000024c64fc8ff0_0, 0, 32;
    %jmp T_3.33;
T_3.1 ;
    %pushi/vec4 0, 0, 1;
    %load/vec4 v0000024c64ffd450_0;
    %parti/s 31, 1, 2;
    %concat/vec4; draw_concat_vec4
    %store/vec4 v0000024c64fc8ff0_0, 0, 32;
    %jmp T_3.33;
T_3.2 ;
    %pushi/vec4 0, 0, 2;
    %load/vec4 v0000024c64ffd450_0;
    %parti/s 30, 2, 3;
    %concat/vec4; draw_concat_vec4
    %store/vec4 v0000024c64fc8ff0_0, 0, 32;
    %jmp T_3.33;
T_3.3 ;
    %pushi/vec4 0, 0, 3;
    %load/vec4 v0000024c64ffd450_0;
    %parti/s 29, 3, 3;
    %concat/vec4; draw_concat_vec4
    %store/vec4 v0000024c64fc8ff0_0, 0, 32;
    %jmp T_3.33;
T_3.4 ;
    %pushi/vec4 0, 0, 4;
    %load/vec4 v0000024c64ffd450_0;
    %parti/s 28, 4, 4;
    %concat/vec4; draw_concat_vec4
    %store/vec4 v0000024c64fc8ff0_0, 0, 32;
    %jmp T_3.33;
T_3.5 ;
    %pushi/vec4 0, 0, 5;
    %load/vec4 v0000024c64ffd450_0;
    %parti/s 27, 5, 4;
    %concat/vec4; draw_concat_vec4
    %store/vec4 v0000024c64fc8ff0_0, 0, 32;
    %jmp T_3.33;
T_3.6 ;
    %pushi/vec4 0, 0, 6;
    %load/vec4 v0000024c64ffd450_0;
    %parti/s 26, 6, 4;
    %concat/vec4; draw_concat_vec4
    %store/vec4 v0000024c64fc8ff0_0, 0, 32;
    %jmp T_3.33;
T_3.7 ;
    %pushi/vec4 0, 0, 7;
    %load/vec4 v0000024c64ffd450_0;
    %parti/s 25, 7, 4;
    %concat/vec4; draw_concat_vec4
    %store/vec4 v0000024c64fc8ff0_0, 0, 32;
    %jmp T_3.33;
T_3.8 ;
    %pushi/vec4 0, 0, 8;
    %load/vec4 v0000024c64ffd450_0;
    %parti/s 24, 8, 5;
    %concat/vec4; draw_concat_vec4
    %store/vec4 v0000024c64fc8ff0_0, 0, 32;
    %jmp T_3.33;
T_3.9 ;
    %pushi/vec4 0, 0, 9;
    %load/vec4 v0000024c64ffd450_0;
    %parti/s 23, 9, 5;
    %concat/vec4; draw_concat_vec4
    %store/vec4 v0000024c64fc8ff0_0, 0, 32;
    %jmp T_3.33;
T_3.10 ;
    %pushi/vec4 0, 0, 10;
    %load/vec4 v0000024c64ffd450_0;
    %parti/s 22, 10, 5;
    %concat/vec4; draw_concat_vec4
    %store/vec4 v0000024c64fc8ff0_0, 0, 32;
    %jmp T_3.33;
T_3.11 ;
    %pushi/vec4 0, 0, 11;
    %load/vec4 v0000024c64ffd450_0;
    %parti/s 21, 11, 5;
    %concat/vec4; draw_concat_vec4
    %store/vec4 v0000024c64fc8ff0_0, 0, 32;
    %jmp T_3.33;
T_3.12 ;
    %pushi/vec4 0, 0, 12;
    %load/vec4 v0000024c64ffd450_0;
    %parti/s 20, 12, 5;
    %concat/vec4; draw_concat_vec4
    %store/vec4 v0000024c64fc8ff0_0, 0, 32;
    %jmp T_3.33;
T_3.13 ;
    %pushi/vec4 0, 0, 13;
    %load/vec4 v0000024c64ffd450_0;
    %parti/s 19, 13, 5;
    %concat/vec4; draw_concat_vec4
    %store/vec4 v0000024c64fc8ff0_0, 0, 32;
    %jmp T_3.33;
T_3.14 ;
    %pushi/vec4 0, 0, 14;
    %load/vec4 v0000024c64ffd450_0;
    %parti/s 18, 14, 5;
    %concat/vec4; draw_concat_vec4
    %store/vec4 v0000024c64fc8ff0_0, 0, 32;
    %jmp T_3.33;
T_3.15 ;
    %pushi/vec4 0, 0, 15;
    %load/vec4 v0000024c64ffd450_0;
    %parti/s 17, 15, 5;
    %concat/vec4; draw_concat_vec4
    %store/vec4 v0000024c64fc8ff0_0, 0, 32;
    %jmp T_3.33;
T_3.16 ;
    %pushi/vec4 0, 0, 16;
    %load/vec4 v0000024c64ffd450_0;
    %parti/s 16, 16, 6;
    %concat/vec4; draw_concat_vec4
    %store/vec4 v0000024c64fc8ff0_0, 0, 32;
    %jmp T_3.33;
T_3.17 ;
    %pushi/vec4 0, 0, 17;
    %load/vec4 v0000024c64ffd450_0;
    %parti/s 15, 17, 6;
    %concat/vec4; draw_concat_vec4
    %store/vec4 v0000024c64fc8ff0_0, 0, 32;
    %jmp T_3.33;
T_3.18 ;
    %pushi/vec4 0, 0, 18;
    %load/vec4 v0000024c64ffd450_0;
    %parti/s 14, 18, 6;
    %concat/vec4; draw_concat_vec4
    %store/vec4 v0000024c64fc8ff0_0, 0, 32;
    %jmp T_3.33;
T_3.19 ;
    %pushi/vec4 0, 0, 19;
    %load/vec4 v0000024c64ffd450_0;
    %parti/s 13, 19, 6;
    %concat/vec4; draw_concat_vec4
    %store/vec4 v0000024c64fc8ff0_0, 0, 32;
    %jmp T_3.33;
T_3.20 ;
    %pushi/vec4 0, 0, 20;
    %load/vec4 v0000024c64ffd450_0;
    %parti/s 12, 20, 6;
    %concat/vec4; draw_concat_vec4
    %store/vec4 v0000024c64fc8ff0_0, 0, 32;
    %jmp T_3.33;
T_3.21 ;
    %pushi/vec4 0, 0, 21;
    %load/vec4 v0000024c64ffd450_0;
    %parti/s 11, 21, 6;
    %concat/vec4; draw_concat_vec4
    %store/vec4 v0000024c64fc8ff0_0, 0, 32;
    %jmp T_3.33;
T_3.22 ;
    %pushi/vec4 0, 0, 22;
    %load/vec4 v0000024c64ffd450_0;
    %parti/s 10, 22, 6;
    %concat/vec4; draw_concat_vec4
    %store/vec4 v0000024c64fc8ff0_0, 0, 32;
    %jmp T_3.33;
T_3.23 ;
    %pushi/vec4 0, 0, 23;
    %load/vec4 v0000024c64ffd450_0;
    %parti/s 9, 23, 6;
    %concat/vec4; draw_concat_vec4
    %store/vec4 v0000024c64fc8ff0_0, 0, 32;
    %jmp T_3.33;
T_3.24 ;
    %pushi/vec4 0, 0, 24;
    %load/vec4 v0000024c64ffd450_0;
    %parti/s 8, 24, 6;
    %concat/vec4; draw_concat_vec4
    %store/vec4 v0000024c64fc8ff0_0, 0, 32;
    %jmp T_3.33;
T_3.25 ;
    %pushi/vec4 0, 0, 25;
    %load/vec4 v0000024c64ffd450_0;
    %parti/s 7, 25, 6;
    %concat/vec4; draw_concat_vec4
    %store/vec4 v0000024c64fc8ff0_0, 0, 32;
    %jmp T_3.33;
T_3.26 ;
    %pushi/vec4 0, 0, 26;
    %load/vec4 v0000024c64ffd450_0;
    %parti/s 6, 26, 6;
    %concat/vec4; draw_concat_vec4
    %store/vec4 v0000024c64fc8ff0_0, 0, 32;
    %jmp T_3.33;
T_3.27 ;
    %pushi/vec4 0, 0, 27;
    %load/vec4 v0000024c64ffd450_0;
    %parti/s 5, 27, 6;
    %concat/vec4; draw_concat_vec4
    %store/vec4 v0000024c64fc8ff0_0, 0, 32;
    %jmp T_3.33;
T_3.28 ;
    %pushi/vec4 0, 0, 28;
    %load/vec4 v0000024c64ffd450_0;
    %parti/s 4, 28, 6;
    %concat/vec4; draw_concat_vec4
    %store/vec4 v0000024c64fc8ff0_0, 0, 32;
    %jmp T_3.33;
T_3.29 ;
    %pushi/vec4 0, 0, 29;
    %load/vec4 v0000024c64ffd450_0;
    %parti/s 3, 29, 6;
    %concat/vec4; draw_concat_vec4
    %store/vec4 v0000024c64fc8ff0_0, 0, 32;
    %jmp T_3.33;
T_3.30 ;
    %pushi/vec4 0, 0, 30;
    %load/vec4 v0000024c64ffd450_0;
    %parti/s 2, 30, 6;
    %concat/vec4; draw_concat_vec4
    %store/vec4 v0000024c64fc8ff0_0, 0, 32;
    %jmp T_3.33;
T_3.31 ;
    %pushi/vec4 0, 0, 31;
    %load/vec4 v0000024c64ffd450_0;
    %parti/s 1, 31, 6;
    %concat/vec4; draw_concat_vec4
    %store/vec4 v0000024c64fc8ff0_0, 0, 32;
    %jmp T_3.33;
T_3.33 ;
    %pop/vec4 1;
    %jmp T_3;
    .thread T_3, $push;
    .scope S_0000024c64a8af50;
T_4 ;
    %wait E_0000024c64f50360;
    %load/vec4 v0000024c64fc8d70_0;
    %dup/vec4;
    %pushi/vec4 0, 0, 5;
    %cmp/u;
    %jmp/1 T_4.0, 6;
    %dup/vec4;
    %pushi/vec4 1, 0, 5;
    %cmp/u;
    %jmp/1 T_4.1, 6;
    %dup/vec4;
    %pushi/vec4 2, 0, 5;
    %cmp/u;
    %jmp/1 T_4.2, 6;
    %dup/vec4;
    %pushi/vec4 3, 0, 5;
    %cmp/u;
    %jmp/1 T_4.3, 6;
    %dup/vec4;
    %pushi/vec4 4, 0, 5;
    %cmp/u;
    %jmp/1 T_4.4, 6;
    %dup/vec4;
    %pushi/vec4 5, 0, 5;
    %cmp/u;
    %jmp/1 T_4.5, 6;
    %dup/vec4;
    %pushi/vec4 6, 0, 5;
    %cmp/u;
    %jmp/1 T_4.6, 6;
    %dup/vec4;
    %pushi/vec4 7, 0, 5;
    %cmp/u;
    %jmp/1 T_4.7, 6;
    %dup/vec4;
    %pushi/vec4 8, 0, 5;
    %cmp/u;
    %jmp/1 T_4.8, 6;
    %dup/vec4;
    %pushi/vec4 9, 0, 5;
    %cmp/u;
    %jmp/1 T_4.9, 6;
    %dup/vec4;
    %pushi/vec4 10, 0, 5;
    %cmp/u;
    %jmp/1 T_4.10, 6;
    %dup/vec4;
    %pushi/vec4 11, 0, 5;
    %cmp/u;
    %jmp/1 T_4.11, 6;
    %dup/vec4;
    %pushi/vec4 12, 0, 5;
    %cmp/u;
    %jmp/1 T_4.12, 6;
    %dup/vec4;
    %pushi/vec4 13, 0, 5;
    %cmp/u;
    %jmp/1 T_4.13, 6;
    %dup/vec4;
    %pushi/vec4 14, 0, 5;
    %cmp/u;
    %jmp/1 T_4.14, 6;
    %dup/vec4;
    %pushi/vec4 15, 0, 5;
    %cmp/u;
    %jmp/1 T_4.15, 6;
    %dup/vec4;
    %pushi/vec4 16, 0, 5;
    %cmp/u;
    %jmp/1 T_4.16, 6;
    %dup/vec4;
    %pushi/vec4 17, 0, 5;
    %cmp/u;
    %jmp/1 T_4.17, 6;
    %dup/vec4;
    %pushi/vec4 18, 0, 5;
    %cmp/u;
    %jmp/1 T_4.18, 6;
    %dup/vec4;
    %pushi/vec4 19, 0, 5;
    %cmp/u;
    %jmp/1 T_4.19, 6;
    %dup/vec4;
    %pushi/vec4 20, 0, 5;
    %cmp/u;
    %jmp/1 T_4.20, 6;
    %dup/vec4;
    %pushi/vec4 21, 0, 5;
    %cmp/u;
    %jmp/1 T_4.21, 6;
    %dup/vec4;
    %pushi/vec4 22, 0, 5;
    %cmp/u;
    %jmp/1 T_4.22, 6;
    %dup/vec4;
    %pushi/vec4 23, 0, 5;
    %cmp/u;
    %jmp/1 T_4.23, 6;
    %dup/vec4;
    %pushi/vec4 24, 0, 5;
    %cmp/u;
    %jmp/1 T_4.24, 6;
    %dup/vec4;
    %pushi/vec4 25, 0, 5;
    %cmp/u;
    %jmp/1 T_4.25, 6;
    %dup/vec4;
    %pushi/vec4 26, 0, 5;
    %cmp/u;
    %jmp/1 T_4.26, 6;
    %dup/vec4;
    %pushi/vec4 27, 0, 5;
    %cmp/u;
    %jmp/1 T_4.27, 6;
    %dup/vec4;
    %pushi/vec4 28, 0, 5;
    %cmp/u;
    %jmp/1 T_4.28, 6;
    %dup/vec4;
    %pushi/vec4 29, 0, 5;
    %cmp/u;
    %jmp/1 T_4.29, 6;
    %dup/vec4;
    %pushi/vec4 30, 0, 5;
    %cmp/u;
    %jmp/1 T_4.30, 6;
    %dup/vec4;
    %pushi/vec4 31, 0, 5;
    %cmp/u;
    %jmp/1 T_4.31, 6;
    %pushi/vec4 0, 0, 32;
    %store/vec4 v0000024c64fc98b0_0, 0, 32;
    %jmp T_4.33;
T_4.0 ;
    %load/vec4 v0000024c64ffd450_0;
    %store/vec4 v0000024c64fc98b0_0, 0, 32;
    %jmp T_4.33;
T_4.1 ;
    %load/vec4 v0000024c64ffd450_0;
    %parti/s 1, 31, 6;
    %load/vec4 v0000024c64ffd450_0;
    %parti/s 31, 1, 2;
    %concat/vec4; draw_concat_vec4
    %store/vec4 v0000024c64fc98b0_0, 0, 32;
    %jmp T_4.33;
T_4.2 ;
    %load/vec4 v0000024c64ffd450_0;
    %parti/s 1, 31, 6;
    %replicate 2;
    %load/vec4 v0000024c64ffd450_0;
    %parti/s 30, 2, 3;
    %concat/vec4; draw_concat_vec4
    %store/vec4 v0000024c64fc98b0_0, 0, 32;
    %jmp T_4.33;
T_4.3 ;
    %load/vec4 v0000024c64ffd450_0;
    %parti/s 1, 31, 6;
    %replicate 3;
    %load/vec4 v0000024c64ffd450_0;
    %parti/s 29, 3, 3;
    %concat/vec4; draw_concat_vec4
    %store/vec4 v0000024c64fc98b0_0, 0, 32;
    %jmp T_4.33;
T_4.4 ;
    %load/vec4 v0000024c64ffd450_0;
    %parti/s 1, 31, 6;
    %replicate 4;
    %load/vec4 v0000024c64ffd450_0;
    %parti/s 28, 4, 4;
    %concat/vec4; draw_concat_vec4
    %store/vec4 v0000024c64fc98b0_0, 0, 32;
    %jmp T_4.33;
T_4.5 ;
    %load/vec4 v0000024c64ffd450_0;
    %parti/s 1, 31, 6;
    %replicate 5;
    %load/vec4 v0000024c64ffd450_0;
    %parti/s 27, 5, 4;
    %concat/vec4; draw_concat_vec4
    %store/vec4 v0000024c64fc98b0_0, 0, 32;
    %jmp T_4.33;
T_4.6 ;
    %load/vec4 v0000024c64ffd450_0;
    %parti/s 1, 31, 6;
    %replicate 6;
    %load/vec4 v0000024c64ffd450_0;
    %parti/s 26, 6, 4;
    %concat/vec4; draw_concat_vec4
    %store/vec4 v0000024c64fc98b0_0, 0, 32;
    %jmp T_4.33;
T_4.7 ;
    %load/vec4 v0000024c64ffd450_0;
    %parti/s 1, 31, 6;
    %replicate 7;
    %load/vec4 v0000024c64ffd450_0;
    %parti/s 25, 7, 4;
    %concat/vec4; draw_concat_vec4
    %store/vec4 v0000024c64fc98b0_0, 0, 32;
    %jmp T_4.33;
T_4.8 ;
    %load/vec4 v0000024c64ffd450_0;
    %parti/s 1, 31, 6;
    %replicate 8;
    %load/vec4 v0000024c64ffd450_0;
    %parti/s 24, 8, 5;
    %concat/vec4; draw_concat_vec4
    %store/vec4 v0000024c64fc98b0_0, 0, 32;
    %jmp T_4.33;
T_4.9 ;
    %load/vec4 v0000024c64ffd450_0;
    %parti/s 1, 31, 6;
    %replicate 9;
    %load/vec4 v0000024c64ffd450_0;
    %parti/s 23, 9, 5;
    %concat/vec4; draw_concat_vec4
    %store/vec4 v0000024c64fc98b0_0, 0, 32;
    %jmp T_4.33;
T_4.10 ;
    %load/vec4 v0000024c64ffd450_0;
    %parti/s 1, 31, 6;
    %replicate 10;
    %load/vec4 v0000024c64ffd450_0;
    %parti/s 22, 10, 5;
    %concat/vec4; draw_concat_vec4
    %store/vec4 v0000024c64fc98b0_0, 0, 32;
    %jmp T_4.33;
T_4.11 ;
    %load/vec4 v0000024c64ffd450_0;
    %parti/s 1, 31, 6;
    %replicate 11;
    %load/vec4 v0000024c64ffd450_0;
    %parti/s 21, 11, 5;
    %concat/vec4; draw_concat_vec4
    %store/vec4 v0000024c64fc98b0_0, 0, 32;
    %jmp T_4.33;
T_4.12 ;
    %load/vec4 v0000024c64ffd450_0;
    %parti/s 1, 31, 6;
    %replicate 12;
    %load/vec4 v0000024c64ffd450_0;
    %parti/s 20, 12, 5;
    %concat/vec4; draw_concat_vec4
    %store/vec4 v0000024c64fc98b0_0, 0, 32;
    %jmp T_4.33;
T_4.13 ;
    %load/vec4 v0000024c64ffd450_0;
    %parti/s 1, 31, 6;
    %replicate 13;
    %load/vec4 v0000024c64ffd450_0;
    %parti/s 19, 13, 5;
    %concat/vec4; draw_concat_vec4
    %store/vec4 v0000024c64fc98b0_0, 0, 32;
    %jmp T_4.33;
T_4.14 ;
    %load/vec4 v0000024c64ffd450_0;
    %parti/s 1, 31, 6;
    %replicate 14;
    %load/vec4 v0000024c64ffd450_0;
    %parti/s 18, 14, 5;
    %concat/vec4; draw_concat_vec4
    %store/vec4 v0000024c64fc98b0_0, 0, 32;
    %jmp T_4.33;
T_4.15 ;
    %load/vec4 v0000024c64ffd450_0;
    %parti/s 1, 31, 6;
    %replicate 15;
    %load/vec4 v0000024c64ffd450_0;
    %parti/s 17, 15, 5;
    %concat/vec4; draw_concat_vec4
    %store/vec4 v0000024c64fc98b0_0, 0, 32;
    %jmp T_4.33;
T_4.16 ;
    %load/vec4 v0000024c64ffd450_0;
    %parti/s 1, 31, 6;
    %replicate 16;
    %load/vec4 v0000024c64ffd450_0;
    %parti/s 16, 16, 6;
    %concat/vec4; draw_concat_vec4
    %store/vec4 v0000024c64fc98b0_0, 0, 32;
    %jmp T_4.33;
T_4.17 ;
    %load/vec4 v0000024c64ffd450_0;
    %parti/s 1, 31, 6;
    %replicate 17;
    %load/vec4 v0000024c64ffd450_0;
    %parti/s 15, 17, 6;
    %concat/vec4; draw_concat_vec4
    %store/vec4 v0000024c64fc98b0_0, 0, 32;
    %jmp T_4.33;
T_4.18 ;
    %load/vec4 v0000024c64ffd450_0;
    %parti/s 1, 31, 6;
    %replicate 18;
    %load/vec4 v0000024c64ffd450_0;
    %parti/s 14, 18, 6;
    %concat/vec4; draw_concat_vec4
    %store/vec4 v0000024c64fc98b0_0, 0, 32;
    %jmp T_4.33;
T_4.19 ;
    %load/vec4 v0000024c64ffd450_0;
    %parti/s 1, 31, 6;
    %replicate 19;
    %load/vec4 v0000024c64ffd450_0;
    %parti/s 13, 19, 6;
    %concat/vec4; draw_concat_vec4
    %store/vec4 v0000024c64fc98b0_0, 0, 32;
    %jmp T_4.33;
T_4.20 ;
    %load/vec4 v0000024c64ffd450_0;
    %parti/s 1, 31, 6;
    %replicate 20;
    %load/vec4 v0000024c64ffd450_0;
    %parti/s 12, 20, 6;
    %concat/vec4; draw_concat_vec4
    %store/vec4 v0000024c64fc98b0_0, 0, 32;
    %jmp T_4.33;
T_4.21 ;
    %load/vec4 v0000024c64ffd450_0;
    %parti/s 1, 31, 6;
    %replicate 21;
    %load/vec4 v0000024c64ffd450_0;
    %parti/s 11, 21, 6;
    %concat/vec4; draw_concat_vec4
    %store/vec4 v0000024c64fc98b0_0, 0, 32;
    %jmp T_4.33;
T_4.22 ;
    %load/vec4 v0000024c64ffd450_0;
    %parti/s 1, 31, 6;
    %replicate 22;
    %load/vec4 v0000024c64ffd450_0;
    %parti/s 10, 22, 6;
    %concat/vec4; draw_concat_vec4
    %store/vec4 v0000024c64fc98b0_0, 0, 32;
    %jmp T_4.33;
T_4.23 ;
    %load/vec4 v0000024c64ffd450_0;
    %parti/s 1, 31, 6;
    %replicate 23;
    %load/vec4 v0000024c64ffd450_0;
    %parti/s 9, 23, 6;
    %concat/vec4; draw_concat_vec4
    %store/vec4 v0000024c64fc98b0_0, 0, 32;
    %jmp T_4.33;
T_4.24 ;
    %load/vec4 v0000024c64ffd450_0;
    %parti/s 1, 31, 6;
    %replicate 24;
    %load/vec4 v0000024c64ffd450_0;
    %parti/s 8, 24, 6;
    %concat/vec4; draw_concat_vec4
    %store/vec4 v0000024c64fc98b0_0, 0, 32;
    %jmp T_4.33;
T_4.25 ;
    %load/vec4 v0000024c64ffd450_0;
    %parti/s 1, 31, 6;
    %replicate 25;
    %load/vec4 v0000024c64ffd450_0;
    %parti/s 7, 25, 6;
    %concat/vec4; draw_concat_vec4
    %store/vec4 v0000024c64fc98b0_0, 0, 32;
    %jmp T_4.33;
T_4.26 ;
    %load/vec4 v0000024c64ffd450_0;
    %parti/s 1, 31, 6;
    %replicate 26;
    %load/vec4 v0000024c64ffd450_0;
    %parti/s 6, 26, 6;
    %concat/vec4; draw_concat_vec4
    %store/vec4 v0000024c64fc98b0_0, 0, 32;
    %jmp T_4.33;
T_4.27 ;
    %load/vec4 v0000024c64ffd450_0;
    %parti/s 1, 31, 6;
    %replicate 27;
    %load/vec4 v0000024c64ffd450_0;
    %parti/s 5, 27, 6;
    %concat/vec4; draw_concat_vec4
    %store/vec4 v0000024c64fc98b0_0, 0, 32;
    %jmp T_4.33;
T_4.28 ;
    %load/vec4 v0000024c64ffd450_0;
    %parti/s 1, 31, 6;
    %replicate 28;
    %load/vec4 v0000024c64ffd450_0;
    %parti/s 4, 28, 6;
    %concat/vec4; draw_concat_vec4
    %store/vec4 v0000024c64fc98b0_0, 0, 32;
    %jmp T_4.33;
T_4.29 ;
    %load/vec4 v0000024c64ffd450_0;
    %parti/s 1, 31, 6;
    %replicate 29;
    %load/vec4 v0000024c64ffd450_0;
    %parti/s 3, 29, 6;
    %concat/vec4; draw_concat_vec4
    %store/vec4 v0000024c64fc98b0_0, 0, 32;
    %jmp T_4.33;
T_4.30 ;
    %load/vec4 v0000024c64ffd450_0;
    %parti/s 1, 31, 6;
    %replicate 30;
    %load/vec4 v0000024c64ffd450_0;
    %parti/s 2, 30, 6;
    %concat/vec4; draw_concat_vec4
    %store/vec4 v0000024c64fc98b0_0, 0, 32;
    %jmp T_4.33;
T_4.31 ;
    %load/vec4 v0000024c64ffd450_0;
    %parti/s 1, 31, 6;
    %replicate 31;
    %load/vec4 v0000024c64ffd450_0;
    %parti/s 1, 31, 6;
    %concat/vec4; draw_concat_vec4
    %store/vec4 v0000024c64fc98b0_0, 0, 32;
    %jmp T_4.33;
T_4.33 ;
    %pop/vec4 1;
    %jmp T_4;
    .thread T_4, $push;
    .scope S_0000024c64a8af50;
T_5 ;
    %wait E_0000024c64f50320;
    %load/vec4 v0000024c64ffd090_0;
    %dup/vec4;
    %pushi/vec4 0, 0, 3;
    %cmp/u;
    %jmp/1 T_5.0, 6;
    %dup/vec4;
    %pushi/vec4 1, 0, 3;
    %cmp/u;
    %jmp/1 T_5.1, 6;
    %dup/vec4;
    %pushi/vec4 2, 0, 3;
    %cmp/u;
    %jmp/1 T_5.2, 6;
    %dup/vec4;
    %pushi/vec4 3, 0, 3;
    %cmp/u;
    %jmp/1 T_5.3, 6;
    %dup/vec4;
    %pushi/vec4 4, 0, 3;
    %cmp/u;
    %jmp/1 T_5.4, 6;
    %dup/vec4;
    %pushi/vec4 5, 0, 3;
    %cmp/u;
    %jmp/1 T_5.5, 6;
    %dup/vec4;
    %pushi/vec4 6, 0, 3;
    %cmp/u;
    %jmp/1 T_5.6, 6;
    %dup/vec4;
    %pushi/vec4 7, 0, 3;
    %cmp/u;
    %jmp/1 T_5.7, 6;
    %pushi/vec4 0, 0, 32;
    %store/vec4 v0000024c64ffd9f0_0, 0, 32;
    %jmp T_5.9;
T_5.0 ;
    %load/vec4 v0000024c64ffd590_0;
    %dup/vec4;
    %pushi/vec4 0, 0, 1;
    %cmp/u;
    %jmp/1 T_5.10, 6;
    %dup/vec4;
    %pushi/vec4 1, 0, 1;
    %cmp/u;
    %jmp/1 T_5.11, 6;
    %pushi/vec4 0, 0, 32;
    %store/vec4 v0000024c64ffd9f0_0, 0, 32;
    %jmp T_5.13;
T_5.10 ;
    %load/vec4 v0000024c64ffd450_0;
    %load/vec4 v0000024c64ffdef0_0;
    %add;
    %store/vec4 v0000024c64ffd9f0_0, 0, 32;
    %jmp T_5.13;
T_5.11 ;
    %load/vec4 v0000024c64ffd450_0;
    %load/vec4 v0000024c64ffdef0_0;
    %sub;
    %store/vec4 v0000024c64ffd9f0_0, 0, 32;
    %jmp T_5.13;
T_5.13 ;
    %pop/vec4 1;
    %jmp T_5.9;
T_5.1 ;
    %load/vec4 v0000024c64fc9810_0;
    %store/vec4 v0000024c64ffd9f0_0, 0, 32;
    %jmp T_5.9;
T_5.2 ;
    %pushi/vec4 0, 0, 31;
    %load/vec4 v0000024c64ffcaf0_0;
    %concat/vec4; draw_concat_vec4
    %store/vec4 v0000024c64ffd9f0_0, 0, 32;
    %jmp T_5.9;
T_5.3 ;
    %pushi/vec4 0, 0, 31;
    %load/vec4 v0000024c64ffcaf0_0;
    %concat/vec4; draw_concat_vec4
    %store/vec4 v0000024c64ffd9f0_0, 0, 32;
    %jmp T_5.9;
T_5.4 ;
    %load/vec4 v0000024c64ffd450_0;
    %load/vec4 v0000024c64ffdef0_0;
    %xor;
    %store/vec4 v0000024c64ffd9f0_0, 0, 32;
    %jmp T_5.9;
T_5.5 ;
    %load/vec4 v0000024c64ffcff0_0;
    %dup/vec4;
    %pushi/vec4 0, 0, 1;
    %cmp/u;
    %jmp/1 T_5.14, 6;
    %dup/vec4;
    %pushi/vec4 1, 0, 1;
    %cmp/u;
    %jmp/1 T_5.15, 6;
    %pushi/vec4 0, 0, 32;
    %store/vec4 v0000024c64ffd9f0_0, 0, 32;
    %jmp T_5.17;
T_5.14 ;
    %load/vec4 v0000024c64fc8ff0_0;
    %store/vec4 v0000024c64ffd9f0_0, 0, 32;
    %jmp T_5.17;
T_5.15 ;
    %load/vec4 v0000024c64fc98b0_0;
    %store/vec4 v0000024c64ffd9f0_0, 0, 32;
    %jmp T_5.17;
T_5.17 ;
    %pop/vec4 1;
    %jmp T_5.9;
T_5.6 ;
    %load/vec4 v0000024c64ffd450_0;
    %load/vec4 v0000024c64ffdef0_0;
    %or;
    %store/vec4 v0000024c64ffd9f0_0, 0, 32;
    %jmp T_5.9;
T_5.7 ;
    %load/vec4 v0000024c64ffd450_0;
    %load/vec4 v0000024c64ffdef0_0;
    %and;
    %store/vec4 v0000024c64ffd9f0_0, 0, 32;
    %jmp T_5.9;
T_5.9 ;
    %pop/vec4 1;
    %jmp T_5;
    .thread T_5, $push;
    .scope S_0000024c64e2ebc0;
T_6 ;
    %wait E_0000024c64f505a0;
    %load/vec4 v0000024c64fc9270_0;
    %dup/vec4;
    %pushi/vec4 0, 0, 3;
    %cmp/u;
    %jmp/1 T_6.0, 6;
    %dup/vec4;
    %pushi/vec4 4, 0, 3;
    %cmp/u;
    %jmp/1 T_6.1, 6;
    %dup/vec4;
    %pushi/vec4 1, 0, 3;
    %cmp/u;
    %jmp/1 T_6.2, 6;
    %dup/vec4;
    %pushi/vec4 5, 0, 3;
    %cmp/u;
    %jmp/1 T_6.3, 6;
    %dup/vec4;
    %pushi/vec4 2, 0, 3;
    %cmp/u;
    %jmp/1 T_6.4, 6;
    %pushi/vec4 0, 0, 4;
    %store/vec4 v0000024c64fc9770_0, 0, 4;
    %jmp T_6.6;
T_6.0 ;
    %load/vec4 v0000024c64fc8cd0_0;
    %dup/vec4;
    %pushi/vec4 0, 0, 2;
    %cmp/u;
    %jmp/1 T_6.7, 6;
    %dup/vec4;
    %pushi/vec4 1, 0, 2;
    %cmp/u;
    %jmp/1 T_6.8, 6;
    %dup/vec4;
    %pushi/vec4 2, 0, 2;
    %cmp/u;
    %jmp/1 T_6.9, 6;
    %dup/vec4;
    %pushi/vec4 3, 0, 2;
    %cmp/u;
    %jmp/1 T_6.10, 6;
    %pushi/vec4 0, 0, 4;
    %store/vec4 v0000024c64fc9770_0, 0, 4;
    %jmp T_6.12;
T_6.7 ;
    %pushi/vec4 1, 0, 4;
    %store/vec4 v0000024c64fc9770_0, 0, 4;
    %jmp T_6.12;
T_6.8 ;
    %pushi/vec4 2, 0, 4;
    %store/vec4 v0000024c64fc9770_0, 0, 4;
    %jmp T_6.12;
T_6.9 ;
    %pushi/vec4 4, 0, 4;
    %store/vec4 v0000024c64fc9770_0, 0, 4;
    %jmp T_6.12;
T_6.10 ;
    %pushi/vec4 8, 0, 4;
    %store/vec4 v0000024c64fc9770_0, 0, 4;
    %jmp T_6.12;
T_6.12 ;
    %pop/vec4 1;
    %jmp T_6.6;
T_6.1 ;
    %load/vec4 v0000024c64fc8cd0_0;
    %dup/vec4;
    %pushi/vec4 0, 0, 2;
    %cmp/u;
    %jmp/1 T_6.13, 6;
    %dup/vec4;
    %pushi/vec4 1, 0, 2;
    %cmp/u;
    %jmp/1 T_6.14, 6;
    %dup/vec4;
    %pushi/vec4 2, 0, 2;
    %cmp/u;
    %jmp/1 T_6.15, 6;
    %dup/vec4;
    %pushi/vec4 3, 0, 2;
    %cmp/u;
    %jmp/1 T_6.16, 6;
    %pushi/vec4 0, 0, 4;
    %store/vec4 v0000024c64fc9770_0, 0, 4;
    %jmp T_6.18;
T_6.13 ;
    %pushi/vec4 1, 0, 4;
    %store/vec4 v0000024c64fc9770_0, 0, 4;
    %jmp T_6.18;
T_6.14 ;
    %pushi/vec4 2, 0, 4;
    %store/vec4 v0000024c64fc9770_0, 0, 4;
    %jmp T_6.18;
T_6.15 ;
    %pushi/vec4 4, 0, 4;
    %store/vec4 v0000024c64fc9770_0, 0, 4;
    %jmp T_6.18;
T_6.16 ;
    %pushi/vec4 8, 0, 4;
    %store/vec4 v0000024c64fc9770_0, 0, 4;
    %jmp T_6.18;
T_6.18 ;
    %pop/vec4 1;
    %jmp T_6.6;
T_6.2 ;
    %load/vec4 v0000024c64fc8cd0_0;
    %parti/s 1, 1, 2;
    %dup/vec4;
    %pushi/vec4 0, 0, 1;
    %cmp/u;
    %jmp/1 T_6.19, 6;
    %dup/vec4;
    %pushi/vec4 1, 0, 1;
    %cmp/u;
    %jmp/1 T_6.20, 6;
    %pushi/vec4 0, 0, 4;
    %store/vec4 v0000024c64fc9770_0, 0, 4;
    %jmp T_6.22;
T_6.19 ;
    %pushi/vec4 3, 0, 4;
    %store/vec4 v0000024c64fc9770_0, 0, 4;
    %jmp T_6.22;
T_6.20 ;
    %pushi/vec4 12, 0, 4;
    %store/vec4 v0000024c64fc9770_0, 0, 4;
    %jmp T_6.22;
T_6.22 ;
    %pop/vec4 1;
    %jmp T_6.6;
T_6.3 ;
    %load/vec4 v0000024c64fc8cd0_0;
    %parti/s 1, 1, 2;
    %dup/vec4;
    %pushi/vec4 0, 0, 1;
    %cmp/u;
    %jmp/1 T_6.23, 6;
    %dup/vec4;
    %pushi/vec4 1, 0, 1;
    %cmp/u;
    %jmp/1 T_6.24, 6;
    %pushi/vec4 0, 0, 4;
    %store/vec4 v0000024c64fc9770_0, 0, 4;
    %jmp T_6.26;
T_6.23 ;
    %pushi/vec4 3, 0, 4;
    %store/vec4 v0000024c64fc9770_0, 0, 4;
    %jmp T_6.26;
T_6.24 ;
    %pushi/vec4 12, 0, 4;
    %store/vec4 v0000024c64fc9770_0, 0, 4;
    %jmp T_6.26;
T_6.26 ;
    %pop/vec4 1;
    %jmp T_6.6;
T_6.4 ;
    %pushi/vec4 15, 0, 4;
    %store/vec4 v0000024c64fc9770_0, 0, 4;
    %jmp T_6.6;
T_6.6 ;
    %pop/vec4 1;
    %jmp T_6;
    .thread T_6, $push;
    .scope S_0000024c64e2ebc0;
T_7 ;
    %wait E_0000024c64f50a20;
    %load/vec4 v0000024c64fc8cd0_0;
    %dup/vec4;
    %pushi/vec4 0, 0, 2;
    %cmp/u;
    %jmp/1 T_7.0, 6;
    %dup/vec4;
    %pushi/vec4 1, 0, 2;
    %cmp/u;
    %jmp/1 T_7.1, 6;
    %dup/vec4;
    %pushi/vec4 2, 0, 2;
    %cmp/u;
    %jmp/1 T_7.2, 6;
    %dup/vec4;
    %pushi/vec4 3, 0, 2;
    %cmp/u;
    %jmp/1 T_7.3, 6;
    %pushi/vec4 0, 0, 32;
    %store/vec4 v0000024c64fc9db0_0, 0, 32;
    %jmp T_7.5;
T_7.0 ;
    %load/vec4 v0000024c64fc99f0_0;
    %store/vec4 v0000024c64fc9db0_0, 0, 32;
    %jmp T_7.5;
T_7.1 ;
    %load/vec4 v0000024c64fc99f0_0;
    %parti/s 24, 0, 2;
    %concati/vec4 0, 0, 8;
    %store/vec4 v0000024c64fc9db0_0, 0, 32;
    %jmp T_7.5;
T_7.2 ;
    %load/vec4 v0000024c64fc99f0_0;
    %parti/s 16, 0, 2;
    %concati/vec4 0, 0, 16;
    %store/vec4 v0000024c64fc9db0_0, 0, 32;
    %jmp T_7.5;
T_7.3 ;
    %load/vec4 v0000024c64fc99f0_0;
    %parti/s 8, 0, 2;
    %concati/vec4 0, 0, 24;
    %store/vec4 v0000024c64fc9db0_0, 0, 32;
    %jmp T_7.5;
T_7.5 ;
    %pop/vec4 1;
    %jmp T_7;
    .thread T_7, $push;
    .scope S_0000024c64e2ebc0;
T_8 ;
    %wait E_0000024c64f50a20;
    %load/vec4 v0000024c64fc8cd0_0;
    %parti/s 1, 1, 2;
    %dup/vec4;
    %pushi/vec4 0, 0, 1;
    %cmp/u;
    %jmp/1 T_8.0, 6;
    %dup/vec4;
    %pushi/vec4 1, 0, 1;
    %cmp/u;
    %jmp/1 T_8.1, 6;
    %pushi/vec4 0, 0, 32;
    %store/vec4 v0000024c64fca030_0, 0, 32;
    %jmp T_8.3;
T_8.0 ;
    %load/vec4 v0000024c64fc99f0_0;
    %store/vec4 v0000024c64fca030_0, 0, 32;
    %jmp T_8.3;
T_8.1 ;
    %load/vec4 v0000024c64fc99f0_0;
    %parti/s 16, 0, 2;
    %concati/vec4 0, 0, 16;
    %store/vec4 v0000024c64fca030_0, 0, 32;
    %jmp T_8.3;
T_8.3 ;
    %pop/vec4 1;
    %jmp T_8;
    .thread T_8, $push;
    .scope S_0000024c64e2ebc0;
T_9 ;
    %wait E_0000024c64f50560;
    %load/vec4 v0000024c64fc9270_0;
    %dup/vec4;
    %pushi/vec4 0, 0, 3;
    %cmp/u;
    %jmp/1 T_9.0, 6;
    %dup/vec4;
    %pushi/vec4 1, 0, 3;
    %cmp/u;
    %jmp/1 T_9.1, 6;
    %dup/vec4;
    %pushi/vec4 2, 0, 3;
    %cmp/u;
    %jmp/1 T_9.2, 6;
    %pushi/vec4 0, 0, 32;
    %store/vec4 v0000024c64fc9e50_0, 0, 32;
    %jmp T_9.4;
T_9.0 ;
    %load/vec4 v0000024c64fc9db0_0;
    %store/vec4 v0000024c64fc9e50_0, 0, 32;
    %jmp T_9.4;
T_9.1 ;
    %load/vec4 v0000024c64fca030_0;
    %store/vec4 v0000024c64fc9e50_0, 0, 32;
    %jmp T_9.4;
T_9.2 ;
    %load/vec4 v0000024c64fc99f0_0;
    %store/vec4 v0000024c64fc9e50_0, 0, 32;
    %jmp T_9.4;
T_9.4 ;
    %pop/vec4 1;
    %jmp T_9;
    .thread T_9, $push;
    .scope S_0000024c64e2ebc0;
T_10 ;
    %wait E_0000024c64f50520;
    %load/vec4 v0000024c64fc8cd0_0;
    %dup/vec4;
    %pushi/vec4 0, 0, 2;
    %cmp/u;
    %jmp/1 T_10.0, 6;
    %dup/vec4;
    %pushi/vec4 1, 0, 2;
    %cmp/u;
    %jmp/1 T_10.1, 6;
    %dup/vec4;
    %pushi/vec4 2, 0, 2;
    %cmp/u;
    %jmp/1 T_10.2, 6;
    %dup/vec4;
    %pushi/vec4 3, 0, 2;
    %cmp/u;
    %jmp/1 T_10.3, 6;
    %pushi/vec4 0, 0, 32;
    %store/vec4 v0000024c64fca3f0_0, 0, 32;
    %jmp T_10.5;
T_10.0 ;
    %load/vec4 v0000024c64fc9090_0;
    %store/vec4 v0000024c64fca3f0_0, 0, 32;
    %jmp T_10.5;
T_10.1 ;
    %pushi/vec4 0, 0, 8;
    %load/vec4 v0000024c64fc9090_0;
    %parti/s 24, 8, 5;
    %concat/vec4; draw_concat_vec4
    %store/vec4 v0000024c64fca3f0_0, 0, 32;
    %jmp T_10.5;
T_10.2 ;
    %pushi/vec4 0, 0, 16;
    %load/vec4 v0000024c64fc9090_0;
    %parti/s 16, 16, 6;
    %concat/vec4; draw_concat_vec4
    %store/vec4 v0000024c64fca3f0_0, 0, 32;
    %jmp T_10.5;
T_10.3 ;
    %pushi/vec4 0, 0, 24;
    %load/vec4 v0000024c64fc9090_0;
    %parti/s 8, 24, 6;
    %concat/vec4; draw_concat_vec4
    %store/vec4 v0000024c64fca3f0_0, 0, 32;
    %jmp T_10.5;
T_10.5 ;
    %pop/vec4 1;
    %jmp T_10;
    .thread T_10, $push;
    .scope S_0000024c64e2ebc0;
T_11 ;
    %wait E_0000024c64f504e0;
    %load/vec4 v0000024c64fc9270_0;
    %dup/vec4;
    %pushi/vec4 0, 0, 3;
    %cmp/u;
    %jmp/1 T_11.0, 6;
    %dup/vec4;
    %pushi/vec4 4, 0, 3;
    %cmp/u;
    %jmp/1 T_11.1, 6;
    %dup/vec4;
    %pushi/vec4 1, 0, 3;
    %cmp/u;
    %jmp/1 T_11.2, 6;
    %dup/vec4;
    %pushi/vec4 5, 0, 3;
    %cmp/u;
    %jmp/1 T_11.3, 6;
    %dup/vec4;
    %pushi/vec4 2, 0, 3;
    %cmp/u;
    %jmp/1 T_11.4, 6;
    %pushi/vec4 0, 0, 32;
    %store/vec4 v0000024c64fc96d0_0, 0, 32;
    %jmp T_11.6;
T_11.0 ;
    %load/vec4 v0000024c64fca5d0_0;
    %parti/s 1, 7, 4;
    %replicate 24;
    %load/vec4 v0000024c64fca5d0_0;
    %concat/vec4; draw_concat_vec4
    %store/vec4 v0000024c64fc96d0_0, 0, 32;
    %jmp T_11.6;
T_11.1 ;
    %pushi/vec4 0, 0, 24;
    %load/vec4 v0000024c64fca5d0_0;
    %concat/vec4; draw_concat_vec4
    %store/vec4 v0000024c64fc96d0_0, 0, 32;
    %jmp T_11.6;
T_11.2 ;
    %load/vec4 v0000024c64fcadf0_0;
    %parti/s 1, 15, 5;
    %replicate 16;
    %load/vec4 v0000024c64fcadf0_0;
    %concat/vec4; draw_concat_vec4
    %store/vec4 v0000024c64fc96d0_0, 0, 32;
    %jmp T_11.6;
T_11.3 ;
    %pushi/vec4 0, 0, 16;
    %load/vec4 v0000024c64fcadf0_0;
    %concat/vec4; draw_concat_vec4
    %store/vec4 v0000024c64fc96d0_0, 0, 32;
    %jmp T_11.6;
T_11.4 ;
    %load/vec4 v0000024c64fca3f0_0;
    %store/vec4 v0000024c64fc96d0_0, 0, 32;
    %jmp T_11.6;
T_11.6 ;
    %pop/vec4 1;
    %jmp T_11;
    .thread T_11, $push;
    .scope S_0000024c64f95da0;
T_12 ;
    %wait E_0000024c64f502e0;
    %load/vec4 v0000024c650097f0_0;
    %flag_set/vec4 8;
    %jmp/0xz  T_12.0, 8;
    %pushi/vec4 0, 0, 32;
    %assign/vec4 v0000024c6500ceb0_0, 0;
    %pushi/vec4 0, 0, 1;
    %assign/vec4 v0000024c65007d10_0, 0;
    %pushi/vec4 0, 0, 1;
    %assign/vec4 v0000024c6500e7b0_0, 0;
    %pushi/vec4 0, 0, 1;
    %assign/vec4 v0000024c6500e850_0, 0;
    %pushi/vec4 0, 0, 32;
    %assign/vec4 v0000024c6500e8f0_0, 0;
    %pushi/vec4 0, 0, 1;
    %assign/vec4 v0000024c6500e3f0_0, 0;
    %pushi/vec4 0, 0, 32;
    %assign/vec4 v0000024c6500de50_0, 0;
    %pushi/vec4 0, 0, 32;
    %assign/vec4 v0000024c6500f570_0, 0;
    %pushi/vec4 0, 0, 32;
    %assign/vec4 v0000024c6500ddb0_0, 0;
    %pushi/vec4 0, 0, 1;
    %assign/vec4 v0000024c6500fe30_0, 0;
    %pushi/vec4 0, 0, 32;
    %assign/vec4 v0000024c6500f110_0, 0;
    %pushi/vec4 0, 0, 32;
    %assign/vec4 v0000024c6500ff70_0, 0;
    %pushi/vec4 0, 0, 32;
    %assign/vec4 v0000024c65008cb0_0, 0;
    %pushi/vec4 0, 0, 5;
    %assign/vec4 v0000024c6500f9d0_0, 0;
    %pushi/vec4 0, 0, 5;
    %assign/vec4 v0000024c6500e0d0_0, 0;
    %pushi/vec4 0, 0, 5;
    %assign/vec4 v0000024c6500f890_0, 0;
    %pushi/vec4 0, 0, 32;
    %assign/vec4 v0000024c65010010_0, 0;
    %pushi/vec4 0, 0, 32;
    %assign/vec4 v0000024c6500e210_0, 0;
    %pushi/vec4 0, 0, 32;
    %assign/vec4 v0000024c65009cf0_0, 0;
    %pushi/vec4 0, 0, 7;
    %assign/vec4 v0000024c65009ed0_0, 0;
    %pushi/vec4 0, 0, 3;
    %assign/vec4 v0000024c65007e50_0, 0;
    %pushi/vec4 0, 0, 7;
    %assign/vec4 v0000024c65008350_0, 0;
    %pushi/vec4 0, 0, 1;
    %assign/vec4 v0000024c65009890_0, 0;
    %pushi/vec4 0, 0, 1;
    %assign/vec4 v0000024c6500ee90_0, 0;
    %pushi/vec4 0, 0, 3;
    %assign/vec4 v0000024c65007810_0, 0;
    %pushi/vec4 0, 0, 1;
    %assign/vec4 v0000024c65009bb0_0, 0;
    %pushi/vec4 0, 0, 1;
    %assign/vec4 v0000024c65009d90_0, 0;
    %pushi/vec4 0, 0, 1;
    %assign/vec4 v0000024c65009930_0, 0;
    %pushi/vec4 0, 0, 1;
    %assign/vec4 v0000024c65007db0_0, 0;
    %pushi/vec4 0, 0, 1;
    %assign/vec4 v0000024c65009430_0, 0;
    %pushi/vec4 0, 0, 1;
    %assign/vec4 v0000024c6500e990_0, 0;
    %pushi/vec4 0, 0, 1;
    %assign/vec4 v0000024c65008df0_0, 0;
    %pushi/vec4 0, 0, 1;
    %assign/vec4 v0000024c650094d0_0, 0;
    %pushi/vec4 0, 0, 1;
    %assign/vec4 v0000024c65008530_0, 0;
    %pushi/vec4 0, 0, 1;
    %assign/vec4 v0000024c650079f0_0, 0;
    %pushi/vec4 0, 0, 1;
    %assign/vec4 v0000024c65008a30_0, 0;
    %pushi/vec4 0, 0, 32;
    %assign/vec4 v0000024c65005d30_0, 0;
    %pushi/vec4 0, 0, 32;
    %assign/vec4 v0000024c65006690_0, 0;
    %pushi/vec4 0, 0, 32;
    %assign/vec4 v0000024c650062d0_0, 0;
    %pushi/vec4 0, 0, 32;
    %assign/vec4 v0000024c65006550_0, 0;
    %pushi/vec4 0, 0, 5;
    %assign/vec4 v0000024c650076d0_0, 0;
    %pushi/vec4 0, 0, 5;
    %assign/vec4 v0000024c65007630_0, 0;
    %pushi/vec4 0, 0, 5;
    %assign/vec4 v0000024c65007130_0, 0;
    %pushi/vec4 0, 0, 32;
    %assign/vec4 v0000024c65008e90_0, 0;
    %pushi/vec4 0, 0, 32;
    %assign/vec4 v0000024c65007270_0, 0;
    %pushi/vec4 0, 0, 32;
    %assign/vec4 v0000024c65005970_0, 0;
    %pushi/vec4 0, 0, 32;
    %assign/vec4 v0000024c650060f0_0, 0;
    %pushi/vec4 0, 0, 32;
    %assign/vec4 v0000024c65008850_0, 0;
    %pushi/vec4 0, 0, 3;
    %assign/vec4 v0000024c65006730_0, 0;
    %pushi/vec4 0, 0, 1;
    %assign/vec4 v0000024c650058d0_0, 0;
    %pushi/vec4 0, 0, 1;
    %assign/vec4 v0000024c650053d0_0, 0;
    %pushi/vec4 0, 0, 1;
    %assign/vec4 v0000024c65005470_0, 0;
    %pushi/vec4 0, 0, 1;
    %assign/vec4 v0000024c65005f10_0, 0;
    %pushi/vec4 0, 0, 1;
    %assign/vec4 v0000024c65005b50_0, 0;
    %pushi/vec4 0, 0, 1;
    %assign/vec4 v0000024c650087b0_0, 0;
    %pushi/vec4 0, 0, 1;
    %assign/vec4 v0000024c650067d0_0, 0;
    %pushi/vec4 0, 0, 1;
    %assign/vec4 v0000024c65005dd0_0, 0;
    %pushi/vec4 0, 0, 1;
    %assign/vec4 v0000024c65005a10_0, 0;
    %pushi/vec4 0, 0, 1;
    %assign/vec4 v0000024c65006cd0_0, 0;
    %pushi/vec4 0, 0, 1;
    %assign/vec4 v0000024c650105b0_0, 0;
    %pushi/vec4 0, 0, 32;
    %assign/vec4 v0000024c650106f0_0, 0;
    %pushi/vec4 0, 0, 32;
    %assign/vec4 v0000024c65011870_0, 0;
    %pushi/vec4 0, 0, 32;
    %assign/vec4 v0000024c65011190_0, 0;
    %pushi/vec4 0, 0, 32;
    %assign/vec4 v0000024c65010e70_0, 0;
    %pushi/vec4 0, 0, 5;
    %assign/vec4 v0000024c65011c30_0, 0;
    %pushi/vec4 0, 0, 5;
    %assign/vec4 v0000024c65011ff0_0, 0;
    %pushi/vec4 0, 0, 5;
    %assign/vec4 v0000024c650119b0_0, 0;
    %pushi/vec4 0, 0, 32;
    %assign/vec4 v0000024c65011cd0_0, 0;
    %pushi/vec4 0, 0, 32;
    %assign/vec4 v0000024c65012590_0, 0;
    %pushi/vec4 0, 0, 32;
    %assign/vec4 v0000024c650112d0_0, 0;
    %pushi/vec4 0, 0, 32;
    %assign/vec4 v0000024c65011eb0_0, 0;
    %pushi/vec4 0, 0, 32;
    %assign/vec4 v0000024c65011370_0, 0;
    %pushi/vec4 0, 0, 32;
    %assign/vec4 v0000024c65010b50_0, 0;
    %pushi/vec4 0, 0, 1;
    %assign/vec4 v0000024c65010290_0, 0;
    %pushi/vec4 0, 0, 1;
    %assign/vec4 v0000024c65010fb0_0, 0;
    %pushi/vec4 0, 0, 4;
    %assign/vec4 v0000024c65011e10_0, 0;
    %pushi/vec4 0, 0, 32;
    %assign/vec4 v0000024c65010d30_0, 0;
    %pushi/vec4 0, 0, 32;
    %assign/vec4 v0000024c65010dd0_0, 0;
    %pushi/vec4 0, 0, 1;
    %assign/vec4 v0000024c65010970_0, 0;
    %pushi/vec4 0, 0, 1;
    %assign/vec4 v0000024c650117d0_0, 0;
    %pushi/vec4 0, 0, 1;
    %assign/vec4 v0000024c650110f0_0, 0;
    %pushi/vec4 0, 0, 1;
    %assign/vec4 v0000024c65011a50_0, 0;
    %pushi/vec4 0, 0, 1;
    %assign/vec4 v0000024c65011690_0, 0;
    %pushi/vec4 0, 0, 1;
    %assign/vec4 v0000024c650100b0_0, 0;
    %pushi/vec4 0, 0, 1;
    %assign/vec4 v0000024c65012130_0, 0;
    %pushi/vec4 0, 0, 1;
    %assign/vec4 v0000024c650126d0_0, 0;
    %jmp T_12.1;
T_12.0 ;
    %load/vec4 v0000024c6500d270_0;
    %flag_set/vec4 8;
    %jmp/0xz  T_12.2, 8;
    %pushi/vec4 1, 0, 1;
    %assign/vec4 v0000024c65007d10_0, 0;
    %pushi/vec4 0, 0, 1;
    %assign/vec4 v0000024c6500e7b0_0, 0;
    %pushi/vec4 0, 0, 1;
    %assign/vec4 v0000024c6500e850_0, 0;
    %pushi/vec4 0, 0, 32;
    %assign/vec4 v0000024c6500e8f0_0, 0;
    %pushi/vec4 0, 0, 1;
    %assign/vec4 v0000024c6500e3f0_0, 0;
    %pushi/vec4 0, 0, 32;
    %assign/vec4 v0000024c6500de50_0, 0;
    %pushi/vec4 0, 0, 32;
    %assign/vec4 v0000024c6500f570_0, 0;
    %pushi/vec4 0, 0, 32;
    %assign/vec4 v0000024c6500ddb0_0, 0;
    %pushi/vec4 0, 0, 1;
    %assign/vec4 v0000024c6500fe30_0, 0;
    %pushi/vec4 0, 0, 32;
    %assign/vec4 v0000024c6500f110_0, 0;
    %pushi/vec4 0, 0, 32;
    %assign/vec4 v0000024c6500ff70_0, 0;
    %pushi/vec4 0, 0, 32;
    %assign/vec4 v0000024c65008cb0_0, 0;
    %pushi/vec4 0, 0, 5;
    %assign/vec4 v0000024c6500f9d0_0, 0;
    %pushi/vec4 0, 0, 5;
    %assign/vec4 v0000024c6500e0d0_0, 0;
    %pushi/vec4 0, 0, 5;
    %assign/vec4 v0000024c6500f890_0, 0;
    %pushi/vec4 0, 0, 32;
    %assign/vec4 v0000024c65010010_0, 0;
    %pushi/vec4 0, 0, 32;
    %assign/vec4 v0000024c6500e210_0, 0;
    %pushi/vec4 0, 0, 32;
    %assign/vec4 v0000024c65009cf0_0, 0;
    %pushi/vec4 0, 0, 7;
    %assign/vec4 v0000024c65009ed0_0, 0;
    %pushi/vec4 0, 0, 3;
    %assign/vec4 v0000024c65007e50_0, 0;
    %pushi/vec4 0, 0, 7;
    %assign/vec4 v0000024c65008350_0, 0;
    %pushi/vec4 0, 0, 1;
    %assign/vec4 v0000024c65009890_0, 0;
    %pushi/vec4 0, 0, 1;
    %assign/vec4 v0000024c6500ee90_0, 0;
    %pushi/vec4 0, 0, 3;
    %assign/vec4 v0000024c65007810_0, 0;
    %pushi/vec4 0, 0, 1;
    %assign/vec4 v0000024c65009bb0_0, 0;
    %pushi/vec4 0, 0, 1;
    %assign/vec4 v0000024c65009d90_0, 0;
    %pushi/vec4 0, 0, 1;
    %assign/vec4 v0000024c65009930_0, 0;
    %pushi/vec4 0, 0, 1;
    %assign/vec4 v0000024c65007db0_0, 0;
    %pushi/vec4 0, 0, 1;
    %assign/vec4 v0000024c65009430_0, 0;
    %pushi/vec4 0, 0, 1;
    %assign/vec4 v0000024c6500e990_0, 0;
    %pushi/vec4 0, 0, 1;
    %assign/vec4 v0000024c65008df0_0, 0;
    %pushi/vec4 0, 0, 1;
    %assign/vec4 v0000024c650094d0_0, 0;
    %pushi/vec4 0, 0, 1;
    %assign/vec4 v0000024c65008530_0, 0;
    %pushi/vec4 0, 0, 1;
    %assign/vec4 v0000024c650079f0_0, 0;
    %pushi/vec4 0, 0, 1;
    %assign/vec4 v0000024c65008a30_0, 0;
    %pushi/vec4 0, 0, 32;
    %assign/vec4 v0000024c65005d30_0, 0;
    %pushi/vec4 0, 0, 32;
    %assign/vec4 v0000024c65006690_0, 0;
    %pushi/vec4 0, 0, 32;
    %assign/vec4 v0000024c650062d0_0, 0;
    %pushi/vec4 0, 0, 32;
    %assign/vec4 v0000024c65006550_0, 0;
    %pushi/vec4 0, 0, 5;
    %assign/vec4 v0000024c650076d0_0, 0;
    %pushi/vec4 0, 0, 5;
    %assign/vec4 v0000024c65007630_0, 0;
    %pushi/vec4 0, 0, 5;
    %assign/vec4 v0000024c65007130_0, 0;
    %pushi/vec4 0, 0, 32;
    %assign/vec4 v0000024c65008e90_0, 0;
    %pushi/vec4 0, 0, 32;
    %assign/vec4 v0000024c65007270_0, 0;
    %pushi/vec4 0, 0, 32;
    %assign/vec4 v0000024c65005970_0, 0;
    %pushi/vec4 0, 0, 32;
    %assign/vec4 v0000024c650060f0_0, 0;
    %pushi/vec4 0, 0, 32;
    %assign/vec4 v0000024c65008850_0, 0;
    %pushi/vec4 0, 0, 3;
    %assign/vec4 v0000024c65006730_0, 0;
    %pushi/vec4 0, 0, 1;
    %assign/vec4 v0000024c650058d0_0, 0;
    %pushi/vec4 0, 0, 1;
    %assign/vec4 v0000024c650053d0_0, 0;
    %pushi/vec4 0, 0, 1;
    %assign/vec4 v0000024c65005470_0, 0;
    %pushi/vec4 0, 0, 1;
    %assign/vec4 v0000024c65005f10_0, 0;
    %pushi/vec4 0, 0, 1;
    %assign/vec4 v0000024c65005b50_0, 0;
    %pushi/vec4 0, 0, 1;
    %assign/vec4 v0000024c650087b0_0, 0;
    %pushi/vec4 0, 0, 1;
    %assign/vec4 v0000024c650067d0_0, 0;
    %pushi/vec4 0, 0, 1;
    %assign/vec4 v0000024c65005dd0_0, 0;
    %pushi/vec4 0, 0, 1;
    %assign/vec4 v0000024c65005a10_0, 0;
    %pushi/vec4 0, 0, 1;
    %assign/vec4 v0000024c65006cd0_0, 0;
    %pushi/vec4 0, 0, 1;
    %assign/vec4 v0000024c650105b0_0, 0;
    %pushi/vec4 0, 0, 32;
    %assign/vec4 v0000024c650106f0_0, 0;
    %pushi/vec4 0, 0, 32;
    %assign/vec4 v0000024c65011870_0, 0;
    %pushi/vec4 0, 0, 32;
    %assign/vec4 v0000024c65011190_0, 0;
    %pushi/vec4 0, 0, 32;
    %assign/vec4 v0000024c65010e70_0, 0;
    %pushi/vec4 0, 0, 5;
    %assign/vec4 v0000024c65011c30_0, 0;
    %pushi/vec4 0, 0, 5;
    %assign/vec4 v0000024c65011ff0_0, 0;
    %pushi/vec4 0, 0, 5;
    %assign/vec4 v0000024c650119b0_0, 0;
    %pushi/vec4 0, 0, 32;
    %assign/vec4 v0000024c65011cd0_0, 0;
    %pushi/vec4 0, 0, 32;
    %assign/vec4 v0000024c65012590_0, 0;
    %pushi/vec4 0, 0, 32;
    %assign/vec4 v0000024c650112d0_0, 0;
    %pushi/vec4 0, 0, 32;
    %assign/vec4 v0000024c65011eb0_0, 0;
    %pushi/vec4 0, 0, 32;
    %assign/vec4 v0000024c65011370_0, 0;
    %pushi/vec4 0, 0, 32;
    %assign/vec4 v0000024c65010b50_0, 0;
    %pushi/vec4 0, 0, 1;
    %assign/vec4 v0000024c65010290_0, 0;
    %pushi/vec4 0, 0, 1;
    %assign/vec4 v0000024c65010fb0_0, 0;
    %pushi/vec4 0, 0, 4;
    %assign/vec4 v0000024c65011e10_0, 0;
    %pushi/vec4 0, 0, 32;
    %assign/vec4 v0000024c65010d30_0, 0;
    %pushi/vec4 0, 0, 32;
    %assign/vec4 v0000024c65010dd0_0, 0;
    %pushi/vec4 0, 0, 1;
    %assign/vec4 v0000024c65010970_0, 0;
    %pushi/vec4 0, 0, 1;
    %assign/vec4 v0000024c650117d0_0, 0;
    %pushi/vec4 0, 0, 1;
    %assign/vec4 v0000024c650110f0_0, 0;
    %pushi/vec4 0, 0, 1;
    %assign/vec4 v0000024c65011a50_0, 0;
    %pushi/vec4 0, 0, 1;
    %assign/vec4 v0000024c65011690_0, 0;
    %pushi/vec4 0, 0, 1;
    %assign/vec4 v0000024c650100b0_0, 0;
    %pushi/vec4 0, 0, 1;
    %assign/vec4 v0000024c65012130_0, 0;
    %pushi/vec4 0, 0, 1;
    %assign/vec4 v0000024c650126d0_0, 0;
    %jmp T_12.3;
T_12.2 ;
    %load/vec4 v0000024c65007d10_0;
    %inv;
    %flag_set/vec4 8;
    %jmp/0xz  T_12.4, 8;
    %load/vec4 v0000024c65008ad0_0;
    %flag_set/vec4 8;
    %jmp/0xz  T_12.6, 8;
    %load/vec4 v0000024c6500ce10_0;
    %assign/vec4 v0000024c6500ceb0_0, 0;
    %jmp T_12.7;
T_12.6 ;
    %load/vec4 v0000024c6500edf0_0;
    %flag_set/vec4 8;
    %jmp/0xz  T_12.8, 8;
    %load/vec4 v0000024c6500ce10_0;
    %assign/vec4 v0000024c6500ceb0_0, 0;
T_12.8 ;
T_12.7 ;
    %load/vec4 v0000024c6500f070_0;
    %flag_set/vec4 8;
    %jmp/0xz  T_12.10, 8;
    %pushi/vec4 0, 0, 1;
    %assign/vec4 v0000024c6500e7b0_0, 0;
    %pushi/vec4 0, 0, 1;
    %assign/vec4 v0000024c6500e850_0, 0;
    %pushi/vec4 0, 0, 32;
    %assign/vec4 v0000024c6500e8f0_0, 0;
    %jmp T_12.11;
T_12.10 ;
    %load/vec4 v0000024c6500edf0_0;
    %flag_set/vec4 8;
    %jmp/0xz  T_12.12, 8;
    %pushi/vec4 1, 0, 1;
    %assign/vec4 v0000024c6500e7b0_0, 0;
    %pushi/vec4 0, 0, 1;
    %assign/vec4 v0000024c6500e850_0, 0;
    %load/vec4 v0000024c6500e710_0;
    %assign/vec4 v0000024c6500e8f0_0, 0;
    %jmp T_12.13;
T_12.12 ;
    %load/vec4 v0000024c65008ad0_0;
    %flag_set/vec4 9;
    %flag_get/vec4 9;
    %jmp/0 T_12.16, 9;
    %load/vec4 v0000024c6500e7b0_0;
    %and;
T_12.16;
    %flag_set/vec4 8;
    %jmp/0xz  T_12.14, 8;
    %pushi/vec4 1, 0, 1;
    %assign/vec4 v0000024c6500e850_0, 0;
T_12.14 ;
T_12.13 ;
T_12.11 ;
    %load/vec4 v0000024c65008ad0_0;
    %flag_set/vec4 8;
    %jmp/0xz  T_12.17, 8;
    %pushi/vec4 0, 0, 1;
    %assign/vec4 v0000024c6500e3f0_0, 0;
    %pushi/vec4 0, 0, 32;
    %assign/vec4 v0000024c6500de50_0, 0;
    %pushi/vec4 0, 0, 32;
    %assign/vec4 v0000024c6500f570_0, 0;
    %pushi/vec4 0, 0, 32;
    %assign/vec4 v0000024c6500ddb0_0, 0;
    %pushi/vec4 0, 0, 1;
    %assign/vec4 v0000024c6500fe30_0, 0;
    %pushi/vec4 0, 0, 32;
    %assign/vec4 v0000024c6500f110_0, 0;
    %pushi/vec4 0, 0, 32;
    %assign/vec4 v0000024c6500ff70_0, 0;
    %pushi/vec4 0, 0, 32;
    %assign/vec4 v0000024c65008cb0_0, 0;
    %pushi/vec4 0, 0, 5;
    %assign/vec4 v0000024c6500f9d0_0, 0;
    %pushi/vec4 0, 0, 5;
    %assign/vec4 v0000024c6500e0d0_0, 0;
    %pushi/vec4 0, 0, 5;
    %assign/vec4 v0000024c6500f890_0, 0;
    %pushi/vec4 0, 0, 32;
    %assign/vec4 v0000024c65010010_0, 0;
    %pushi/vec4 0, 0, 32;
    %assign/vec4 v0000024c6500e210_0, 0;
    %pushi/vec4 0, 0, 32;
    %assign/vec4 v0000024c65009cf0_0, 0;
    %pushi/vec4 0, 0, 7;
    %assign/vec4 v0000024c65009ed0_0, 0;
    %pushi/vec4 0, 0, 3;
    %assign/vec4 v0000024c65007e50_0, 0;
    %pushi/vec4 0, 0, 7;
    %assign/vec4 v0000024c65008350_0, 0;
    %pushi/vec4 0, 0, 1;
    %assign/vec4 v0000024c65009890_0, 0;
    %pushi/vec4 0, 0, 1;
    %assign/vec4 v0000024c6500ee90_0, 0;
    %pushi/vec4 0, 0, 3;
    %assign/vec4 v0000024c65007810_0, 0;
    %pushi/vec4 0, 0, 1;
    %assign/vec4 v0000024c65009bb0_0, 0;
    %pushi/vec4 0, 0, 1;
    %assign/vec4 v0000024c65009d90_0, 0;
    %pushi/vec4 0, 0, 1;
    %assign/vec4 v0000024c65009930_0, 0;
    %pushi/vec4 0, 0, 1;
    %assign/vec4 v0000024c65007db0_0, 0;
    %pushi/vec4 0, 0, 1;
    %assign/vec4 v0000024c65009430_0, 0;
    %pushi/vec4 0, 0, 1;
    %assign/vec4 v0000024c6500e990_0, 0;
    %pushi/vec4 0, 0, 1;
    %assign/vec4 v0000024c65008df0_0, 0;
    %pushi/vec4 0, 0, 1;
    %assign/vec4 v0000024c650094d0_0, 0;
    %pushi/vec4 0, 0, 1;
    %assign/vec4 v0000024c65008530_0, 0;
    %pushi/vec4 0, 0, 1;
    %assign/vec4 v0000024c650079f0_0, 0;
    %jmp T_12.18;
T_12.17 ;
    %load/vec4 v0000024c65012450_0;
    %flag_set/vec4 8;
    %jmp/0xz  T_12.19, 8;
    %load/vec4 v0000024c6500efd0_0;
    %flag_set/vec4 8;
    %jmp/0xz  T_12.21, 8;
    %load/vec4 v0000024c6500e530_0;
    %assign/vec4 v0000024c6500e3f0_0, 0;
    %load/vec4 v0000024c6500e490_0;
    %assign/vec4 v0000024c6500de50_0, 0;
    %load/vec4 v0000024c6500e350_0;
    %assign/vec4 v0000024c6500f570_0, 0;
    %load/vec4 v0000024c6500f930_0;
    %assign/vec4 v0000024c6500ddb0_0, 0;
T_12.21 ;
    %jmp T_12.20;
T_12.19 ;
    %load/vec4 v0000024c650074f0_0;
    %flag_set/vec4 8;
    %jmp/0xz  T_12.23, 8;
    %pushi/vec4 0, 0, 1;
    %assign/vec4 v0000024c6500fe30_0, 0;
    %pushi/vec4 0, 0, 32;
    %assign/vec4 v0000024c6500f110_0, 0;
    %pushi/vec4 0, 0, 32;
    %assign/vec4 v0000024c6500ff70_0, 0;
    %pushi/vec4 0, 0, 32;
    %assign/vec4 v0000024c65008cb0_0, 0;
    %pushi/vec4 0, 0, 5;
    %assign/vec4 v0000024c6500f9d0_0, 0;
    %pushi/vec4 0, 0, 5;
    %assign/vec4 v0000024c6500e0d0_0, 0;
    %pushi/vec4 0, 0, 5;
    %assign/vec4 v0000024c6500f890_0, 0;
    %pushi/vec4 0, 0, 32;
    %assign/vec4 v0000024c65010010_0, 0;
    %pushi/vec4 0, 0, 32;
    %assign/vec4 v0000024c6500e210_0, 0;
    %pushi/vec4 0, 0, 32;
    %assign/vec4 v0000024c65009cf0_0, 0;
    %pushi/vec4 0, 0, 7;
    %assign/vec4 v0000024c65009ed0_0, 0;
    %pushi/vec4 0, 0, 3;
    %assign/vec4 v0000024c65007e50_0, 0;
    %pushi/vec4 0, 0, 7;
    %assign/vec4 v0000024c65008350_0, 0;
    %pushi/vec4 0, 0, 1;
    %assign/vec4 v0000024c65009890_0, 0;
    %pushi/vec4 0, 0, 1;
    %assign/vec4 v0000024c6500ee90_0, 0;
    %pushi/vec4 0, 0, 3;
    %assign/vec4 v0000024c65007810_0, 0;
    %pushi/vec4 0, 0, 1;
    %assign/vec4 v0000024c65009bb0_0, 0;
    %pushi/vec4 0, 0, 1;
    %assign/vec4 v0000024c65009d90_0, 0;
    %pushi/vec4 0, 0, 1;
    %assign/vec4 v0000024c65009930_0, 0;
    %pushi/vec4 0, 0, 1;
    %assign/vec4 v0000024c65007db0_0, 0;
    %pushi/vec4 0, 0, 1;
    %assign/vec4 v0000024c65009430_0, 0;
    %pushi/vec4 0, 0, 1;
    %assign/vec4 v0000024c6500e990_0, 0;
    %pushi/vec4 0, 0, 1;
    %assign/vec4 v0000024c65008df0_0, 0;
    %pushi/vec4 0, 0, 1;
    %assign/vec4 v0000024c650094d0_0, 0;
    %pushi/vec4 0, 0, 1;
    %assign/vec4 v0000024c65008530_0, 0;
    %pushi/vec4 0, 0, 1;
    %assign/vec4 v0000024c650079f0_0, 0;
    %jmp T_12.24;
T_12.23 ;
    %load/vec4 v0000024c6500e530_0;
    %assign/vec4 v0000024c6500e3f0_0, 0;
    %load/vec4 v0000024c6500e490_0;
    %assign/vec4 v0000024c6500de50_0, 0;
    %load/vec4 v0000024c6500e350_0;
    %assign/vec4 v0000024c6500f570_0, 0;
    %load/vec4 v0000024c6500f930_0;
    %assign/vec4 v0000024c6500ddb0_0, 0;
    %load/vec4 v0000024c6500da90_0;
    %assign/vec4 v0000024c6500fe30_0, 0;
    %load/vec4 v0000024c6500ead0_0;
    %assign/vec4 v0000024c6500f110_0, 0;
    %load/vec4 v0000024c6500e170_0;
    %assign/vec4 v0000024c6500ff70_0, 0;
    %load/vec4 v0000024c65008670_0;
    %assign/vec4 v0000024c65008cb0_0, 0;
    %load/vec4 v0000024c6500def0_0;
    %assign/vec4 v0000024c6500f9d0_0, 0;
    %load/vec4 v0000024c6500d8b0_0;
    %assign/vec4 v0000024c6500e0d0_0, 0;
    %load/vec4 v0000024c6500dd10_0;
    %assign/vec4 v0000024c6500f890_0, 0;
    %load/vec4 v0000024c6500e030_0;
    %assign/vec4 v0000024c65010010_0, 0;
    %load/vec4 v0000024c6500fb10_0;
    %assign/vec4 v0000024c6500e210_0, 0;
    %load/vec4 v0000024c65009f70_0;
    %assign/vec4 v0000024c65009cf0_0, 0;
    %load/vec4 v0000024c6500df90_0;
    %assign/vec4 v0000024c65009ed0_0, 0;
    %load/vec4 v0000024c65007f90_0;
    %assign/vec4 v0000024c65007e50_0, 0;
    %load/vec4 v0000024c65008490_0;
    %assign/vec4 v0000024c65008350_0, 0;
    %load/vec4 v0000024c65009e30_0;
    %assign/vec4 v0000024c65009890_0, 0;
    %load/vec4 v0000024c6500ea30_0;
    %assign/vec4 v0000024c6500ee90_0, 0;
    %load/vec4 v0000024c65007950_0;
    %assign/vec4 v0000024c65007810_0, 0;
    %load/vec4 v0000024c65009c50_0;
    %assign/vec4 v0000024c65009bb0_0, 0;
    %load/vec4 v0000024c650099d0_0;
    %assign/vec4 v0000024c65009d90_0, 0;
    %load/vec4 v0000024c65009b10_0;
    %assign/vec4 v0000024c65009930_0, 0;
    %load/vec4 v0000024c650088f0_0;
    %assign/vec4 v0000024c65007db0_0, 0;
    %load/vec4 v0000024c65009390_0;
    %assign/vec4 v0000024c65009430_0, 0;
    %load/vec4 v0000024c6500fd90_0;
    %assign/vec4 v0000024c6500e990_0, 0;
    %load/vec4 v0000024c65009a70_0;
    %assign/vec4 v0000024c65008df0_0, 0;
    %load/vec4 v0000024c650082b0_0;
    %assign/vec4 v0000024c650094d0_0, 0;
    %load/vec4 v0000024c650085d0_0;
    %assign/vec4 v0000024c65008530_0, 0;
    %load/vec4 v0000024c65007a90_0;
    %assign/vec4 v0000024c650079f0_0, 0;
T_12.24 ;
T_12.20 ;
T_12.18 ;
    %load/vec4 v0000024c65012450_0;
    %flag_set/vec4 8;
    %jmp/0xz  T_12.25, 8;
    %load/vec4 v0000024c65006cd0_0;
    %load/vec4 v0000024c65005c90_0;
    %or;
    %assign/vec4 v0000024c65006cd0_0, 0;
    %jmp T_12.26;
T_12.25 ;
    %load/vec4 v0000024c650080d0_0;
    %assign/vec4 v0000024c65008a30_0, 0;
    %load/vec4 v0000024c65006370_0;
    %assign/vec4 v0000024c65005d30_0, 0;
    %load/vec4 v0000024c65007b30_0;
    %assign/vec4 v0000024c65006690_0, 0;
    %load/vec4 v0000024c65006190_0;
    %assign/vec4 v0000024c650062d0_0, 0;
    %load/vec4 v0000024c650050b0_0;
    %assign/vec4 v0000024c65006550_0, 0;
    %load/vec4 v0000024c65009570_0;
    %assign/vec4 v0000024c650076d0_0, 0;
    %load/vec4 v0000024c65008170_0;
    %assign/vec4 v0000024c65007630_0, 0;
    %load/vec4 v0000024c65007770_0;
    %assign/vec4 v0000024c65007130_0, 0;
    %load/vec4 v0000024c650083f0_0;
    %assign/vec4 v0000024c65008e90_0, 0;
    %load/vec4 v0000024c65008fd0_0;
    %assign/vec4 v0000024c65007270_0, 0;
    %load/vec4 v0000024c65005bf0_0;
    %assign/vec4 v0000024c65005970_0, 0;
    %load/vec4 v0000024c65006a50_0;
    %assign/vec4 v0000024c650060f0_0, 0;
    %load/vec4 v0000024c650096b0_0;
    %assign/vec4 v0000024c65008850_0, 0;
    %load/vec4 v0000024c65004c50_0;
    %assign/vec4 v0000024c65006730_0, 0;
    %load/vec4 v0000024c650065f0_0;
    %assign/vec4 v0000024c650058d0_0, 0;
    %load/vec4 v0000024c65005e70_0;
    %assign/vec4 v0000024c650053d0_0, 0;
    %load/vec4 v0000024c65005830_0;
    %assign/vec4 v0000024c65005470_0, 0;
    %load/vec4 v0000024c65005330_0;
    %assign/vec4 v0000024c65005f10_0, 0;
    %load/vec4 v0000024c65005150_0;
    %assign/vec4 v0000024c65005b50_0, 0;
    %load/vec4 v0000024c65008710_0;
    %assign/vec4 v0000024c650087b0_0, 0;
    %load/vec4 v0000024c65005ab0_0;
    %assign/vec4 v0000024c650067d0_0, 0;
    %load/vec4 v0000024c65006050_0;
    %assign/vec4 v0000024c65005dd0_0, 0;
    %load/vec4 v0000024c650064b0_0;
    %assign/vec4 v0000024c65005a10_0, 0;
    %pushi/vec4 0, 0, 1;
    %assign/vec4 v0000024c65006cd0_0, 0;
T_12.26 ;
    %load/vec4 v0000024c65012a90_0;
    %assign/vec4 v0000024c650105b0_0, 0;
    %load/vec4 v0000024c65010830_0;
    %assign/vec4 v0000024c650106f0_0, 0;
    %load/vec4 v0000024c650124f0_0;
    %assign/vec4 v0000024c65011870_0, 0;
    %load/vec4 v0000024c650121d0_0;
    %assign/vec4 v0000024c65011190_0, 0;
    %load/vec4 v0000024c65010330_0;
    %assign/vec4 v0000024c65010e70_0, 0;
    %load/vec4 v0000024c650103d0_0;
    %assign/vec4 v0000024c65011c30_0, 0;
    %load/vec4 v0000024c65012090_0;
    %assign/vec4 v0000024c65011ff0_0, 0;
    %load/vec4 v0000024c650123b0_0;
    %assign/vec4 v0000024c650119b0_0, 0;
    %load/vec4 v0000024c65011d70_0;
    %assign/vec4 v0000024c65011cd0_0, 0;
    %load/vec4 v0000024c65010470_0;
    %assign/vec4 v0000024c65012590_0, 0;
    %load/vec4 v0000024c65012310_0;
    %assign/vec4 v0000024c650112d0_0, 0;
    %load/vec4 v0000024c65011f50_0;
    %assign/vec4 v0000024c65011eb0_0, 0;
    %load/vec4 v0000024c65011230_0;
    %assign/vec4 v0000024c65011370_0, 0;
    %load/vec4 v0000024c650115f0_0;
    %assign/vec4 v0000024c65010b50_0, 0;
    %load/vec4 v0000024c65010bf0_0;
    %assign/vec4 v0000024c65010290_0, 0;
    %load/vec4 v0000024c65012770_0;
    %assign/vec4 v0000024c65010fb0_0, 0;
    %load/vec4 v0000024c65012630_0;
    %assign/vec4 v0000024c65011e10_0, 0;
    %load/vec4 v0000024c65010150_0;
    %assign/vec4 v0000024c65010d30_0, 0;
    %load/vec4 v0000024c65011b90_0;
    %assign/vec4 v0000024c65010dd0_0, 0;
    %load/vec4 v0000024c65010f10_0;
    %assign/vec4 v0000024c65010970_0, 0;
    %load/vec4 v0000024c650108d0_0;
    %assign/vec4 v0000024c650117d0_0, 0;
    %load/vec4 v0000024c65010790_0;
    %assign/vec4 v0000024c650110f0_0, 0;
    %load/vec4 v0000024c65011af0_0;
    %assign/vec4 v0000024c65011a50_0, 0;
    %load/vec4 v0000024c65012810_0;
    %assign/vec4 v0000024c65011690_0, 0;
    %load/vec4 v0000024c65011730_0;
    %assign/vec4 v0000024c650100b0_0, 0;
    %load/vec4 v0000024c65011550_0;
    %assign/vec4 v0000024c65012130_0, 0;
    %load/vec4 v0000024c65011050_0;
    %assign/vec4 v0000024c650126d0_0, 0;
T_12.4 ;
T_12.3 ;
T_12.1 ;
    %jmp T_12;
    .thread T_12;
    .scope S_0000024c64dfc850;
T_13 ;
    %wait E_0000024c64f502e0;
    %load/vec4 v0000024c65014380_0;
    %flag_set/vec4 8;
    %jmp/0xz  T_13.0, 8;
    %pushi/vec4 0, 0, 1;
    %ix/load 3, 1, 0;
    %flag_set/imm 4, 0;
    %ix/load 4, 0, 0; Constant delay
    %assign/vec4/a/d v0000024c65014920, 0, 4;
    %pushi/vec4 0, 0, 1;
    %ix/load 3, 1, 0;
    %flag_set/imm 4, 0;
    %ix/load 4, 0, 0; Constant delay
    %assign/vec4/a/d v0000024c65014060, 0, 4;
    %jmp T_13.1;
T_13.0 ;
    %ix/load 4, 0, 0;
    %flag_set/imm 4, 0;
    %load/vec4a v0000024c65014100, 4;
    %ix/load 3, 1, 0;
    %flag_set/imm 4, 0;
    %ix/load 4, 0, 0; Constant delay
    %assign/vec4/a/d v0000024c65014100, 0, 4;
    %ix/load 4, 0, 0;
    %flag_set/imm 4, 0;
    %load/vec4a v0000024c65014920, 4;
    %ix/load 3, 1, 0;
    %flag_set/imm 4, 0;
    %ix/load 4, 0, 0; Constant delay
    %assign/vec4/a/d v0000024c65014920, 0, 4;
    %ix/load 4, 0, 0;
    %flag_set/imm 4, 0;
    %load/vec4a v0000024c65014060, 4;
    %ix/load 3, 1, 0;
    %flag_set/imm 4, 0;
    %ix/load 4, 0, 0; Constant delay
    %assign/vec4/a/d v0000024c65014060, 0, 4;
    %ix/load 4, 0, 0;
    %flag_set/imm 4, 0;
    %load/vec4a v0000024c650135c0, 4;
    %ix/load 3, 1, 0;
    %flag_set/imm 4, 0;
    %ix/load 4, 0, 0; Constant delay
    %assign/vec4/a/d v0000024c650135c0, 0, 4;
    %ix/load 4, 0, 0;
    %flag_set/imm 4, 0;
    %load/vec4a v0000024c650141a0, 4;
    %ix/load 3, 1, 0;
    %flag_set/imm 4, 0;
    %ix/load 4, 0, 0; Constant delay
    %assign/vec4/a/d v0000024c650141a0, 0, 4;
T_13.1 ;
    %jmp T_13;
    .thread T_13;
    .scope S_0000024c64dfc9e0;
T_14 ;
    %wait E_0000024c64f502e0;
    %load/vec4 v0000024c65014380_0;
    %flag_set/vec4 8;
    %jmp/0xz  T_14.0, 8;
    %pushi/vec4 0, 0, 1;
    %ix/load 3, 2, 0;
    %flag_set/imm 4, 0;
    %ix/load 4, 0, 0; Constant delay
    %assign/vec4/a/d v0000024c65014920, 0, 4;
    %pushi/vec4 0, 0, 1;
    %ix/load 3, 2, 0;
    %flag_set/imm 4, 0;
    %ix/load 4, 0, 0; Constant delay
    %assign/vec4/a/d v0000024c65014060, 0, 4;
    %jmp T_14.1;
T_14.0 ;
    %ix/load 4, 1, 0;
    %flag_set/imm 4, 0;
    %load/vec4a v0000024c65014100, 4;
    %ix/load 3, 2, 0;
    %flag_set/imm 4, 0;
    %ix/load 4, 0, 0; Constant delay
    %assign/vec4/a/d v0000024c65014100, 0, 4;
    %ix/load 4, 1, 0;
    %flag_set/imm 4, 0;
    %load/vec4a v0000024c65014920, 4;
    %ix/load 3, 2, 0;
    %flag_set/imm 4, 0;
    %ix/load 4, 0, 0; Constant delay
    %assign/vec4/a/d v0000024c65014920, 0, 4;
    %ix/load 4, 1, 0;
    %flag_set/imm 4, 0;
    %load/vec4a v0000024c65014060, 4;
    %ix/load 3, 2, 0;
    %flag_set/imm 4, 0;
    %ix/load 4, 0, 0; Constant delay
    %assign/vec4/a/d v0000024c65014060, 0, 4;
    %ix/load 4, 1, 0;
    %flag_set/imm 4, 0;
    %load/vec4a v0000024c650135c0, 4;
    %ix/load 3, 2, 0;
    %flag_set/imm 4, 0;
    %ix/load 4, 0, 0; Constant delay
    %assign/vec4/a/d v0000024c650135c0, 0, 4;
    %ix/load 4, 1, 0;
    %flag_set/imm 4, 0;
    %load/vec4a v0000024c650141a0, 4;
    %ix/load 3, 2, 0;
    %flag_set/imm 4, 0;
    %ix/load 4, 0, 0; Constant delay
    %assign/vec4/a/d v0000024c650141a0, 0, 4;
T_14.1 ;
    %jmp T_14;
    .thread T_14;
    .scope S_0000024c64fcb790;
T_15 ;
    %wait E_0000024c64f502e0;
    %load/vec4 v0000024c65014380_0;
    %flag_set/vec4 8;
    %jmp/0xz  T_15.0, 8;
    %pushi/vec4 0, 0, 1;
    %ix/load 3, 3, 0;
    %flag_set/imm 4, 0;
    %ix/load 4, 0, 0; Constant delay
    %assign/vec4/a/d v0000024c65014920, 0, 4;
    %pushi/vec4 0, 0, 1;
    %ix/load 3, 3, 0;
    %flag_set/imm 4, 0;
    %ix/load 4, 0, 0; Constant delay
    %assign/vec4/a/d v0000024c65014060, 0, 4;
    %jmp T_15.1;
T_15.0 ;
    %ix/load 4, 2, 0;
    %flag_set/imm 4, 0;
    %load/vec4a v0000024c65014100, 4;
    %ix/load 3, 3, 0;
    %flag_set/imm 4, 0;
    %ix/load 4, 0, 0; Constant delay
    %assign/vec4/a/d v0000024c65014100, 0, 4;
    %ix/load 4, 2, 0;
    %flag_set/imm 4, 0;
    %load/vec4a v0000024c65014920, 4;
    %ix/load 3, 3, 0;
    %flag_set/imm 4, 0;
    %ix/load 4, 0, 0; Constant delay
    %assign/vec4/a/d v0000024c65014920, 0, 4;
    %ix/load 4, 2, 0;
    %flag_set/imm 4, 0;
    %load/vec4a v0000024c65014060, 4;
    %ix/load 3, 3, 0;
    %flag_set/imm 4, 0;
    %ix/load 4, 0, 0; Constant delay
    %assign/vec4/a/d v0000024c65014060, 0, 4;
    %ix/load 4, 2, 0;
    %flag_set/imm 4, 0;
    %load/vec4a v0000024c650135c0, 4;
    %ix/load 3, 3, 0;
    %flag_set/imm 4, 0;
    %ix/load 4, 0, 0; Constant delay
    %assign/vec4/a/d v0000024c650135c0, 0, 4;
    %ix/load 4, 2, 0;
    %flag_set/imm 4, 0;
    %load/vec4a v0000024c650141a0, 4;
    %ix/load 3, 3, 0;
    %flag_set/imm 4, 0;
    %ix/load 4, 0, 0; Constant delay
    %assign/vec4/a/d v0000024c650141a0, 0, 4;
T_15.1 ;
    %jmp T_15;
    .thread T_15;
    .scope S_0000024c64dfc6c0;
T_16 ;
    %pushi/vec4 0, 0, 32;
    %store/vec4 v0000024c65013d40_0, 0, 32;
T_16.0 ;
    %load/vec4 v0000024c65013d40_0;
    %cmpi/s 1024, 0, 32;
    %jmp/0xz T_16.1, 5;
    %pushi/vec4 0, 0, 8;
    %ix/getv/s 4, v0000024c65013d40_0;
    %store/vec4a v0000024c650156e0, 4, 0;
    %load/vec4 v0000024c65013d40_0;
    %addi 1, 0, 32;
    %store/vec4 v0000024c65013d40_0, 0, 32;
    %jmp T_16.0;
T_16.1 ;
    %end;
    .thread T_16;
    .scope S_0000024c64dfc6c0;
T_17 ;
    %wait E_0000024c64f502e0;
    %load/vec4 v0000024c65014380_0;
    %flag_set/vec4 8;
    %jmp/0xz  T_17.0, 8;
    %pushi/vec4 0, 0, 1;
    %assign/vec4 v0000024c65015820_0, 0;
    %jmp T_17.1;
T_17.0 ;
    %load/vec4 v0000024c65015820_0;
    %pad/u 32;
    %cmpi/e 1, 0, 32;
    %jmp/0xz  T_17.2, 4;
    %pushi/vec4 0, 0, 1;
    %assign/vec4 v0000024c65015820_0, 0;
    %jmp T_17.3;
T_17.2 ;
    %load/vec4 v0000024c65014560_0;
    %nor/r;
    %flag_set/vec4 8;
    %jmp/1 T_17.7, 8;
    %load/vec4 v0000024c65013480_0;
    %flag_set/vec4 9;
    %flag_or 8, 9;
T_17.7;
    %jmp/1 T_17.6, 8;
    %load/vec4 v0000024c65014ba0_0;
    %flag_set/vec4 9;
    %flag_or 8, 9;
T_17.6;
    %jmp/0xz  T_17.4, 8;
    %load/vec4 v0000024c65015820_0;
    %pad/u 2;
    %addi 1, 0, 2;
    %pad/u 1;
    %assign/vec4 v0000024c65015820_0, 0;
T_17.4 ;
T_17.3 ;
T_17.1 ;
    %jmp T_17;
    .thread T_17;
    .scope S_0000024c64dfc6c0;
T_18 ;
    %wait E_0000024c64f502e0;
    %load/vec4 v0000024c65014380_0;
    %flag_set/vec4 8;
    %jmp/0xz  T_18.0, 8;
    %pushi/vec4 0, 0, 1;
    %ix/load 3, 0, 0;
    %flag_set/imm 4, 0;
    %ix/load 4, 0, 0; Constant delay
    %assign/vec4/a/d v0000024c65014920, 0, 4;
    %pushi/vec4 0, 0, 1;
    %ix/load 3, 0, 0;
    %flag_set/imm 4, 0;
    %ix/load 4, 0, 0; Constant delay
    %assign/vec4/a/d v0000024c65014060, 0, 4;
    %jmp T_18.1;
T_18.0 ;
    %load/vec4 v0000024c65013ca0_0;
    %ix/load 3, 0, 0;
    %flag_set/imm 4, 0;
    %ix/load 4, 0, 0; Constant delay
    %assign/vec4/a/d v0000024c65014100, 0, 4;
    %load/vec4 v0000024c65014560_0;
    %load/vec4 v0000024c65013480_0;
    %and;
    %ix/load 3, 0, 0;
    %flag_set/imm 4, 0;
    %ix/load 4, 0, 0; Constant delay
    %assign/vec4/a/d v0000024c65014920, 0, 4;
    %load/vec4 v0000024c65014560_0;
    %load/vec4 v0000024c65014ba0_0;
    %and;
    %ix/load 3, 0, 0;
    %flag_set/imm 4, 0;
    %ix/load 4, 0, 0; Constant delay
    %assign/vec4/a/d v0000024c65014060, 0, 4;
    %load/vec4 v0000024c650137a0_0;
    %ix/load 3, 0, 0;
    %flag_set/imm 4, 0;
    %ix/load 4, 0, 0; Constant delay
    %assign/vec4/a/d v0000024c650135c0, 0, 4;
    %load/vec4 v0000024c65013de0_0;
    %ix/load 3, 0, 0;
    %flag_set/imm 4, 0;
    %ix/load 4, 0, 0; Constant delay
    %assign/vec4/a/d v0000024c650141a0, 0, 4;
T_18.1 ;
    %jmp T_18;
    .thread T_18;
    .scope S_0000024c64dfc6c0;
T_19 ;
    %wait E_0000024c64f502e0;
    %load/vec4 v0000024c65013840_0;
    %load/vec4 v0000024c65013e80_0;
    %parti/s 1, 0, 2;
    %and;
    %flag_set/vec4 8;
    %jmp/0xz  T_19.0, 8;
    %load/vec4 v0000024c65013520_0;
    %parti/s 8, 0, 2;
    %load/vec4 v0000024c650150a0_0;
    %addi 0, 0, 32;
    %ix/vec4 3;
    %ix/load 4, 0, 0; Constant delay
    %assign/vec4/a/d v0000024c650156e0, 0, 4;
T_19.0 ;
    %load/vec4 v0000024c65013840_0;
    %load/vec4 v0000024c65013e80_0;
    %parti/s 1, 1, 2;
    %and;
    %flag_set/vec4 8;
    %jmp/0xz  T_19.2, 8;
    %load/vec4 v0000024c65013520_0;
    %parti/s 8, 8, 5;
    %load/vec4 v0000024c650150a0_0;
    %addi 1, 0, 32;
    %ix/vec4 3;
    %ix/load 4, 0, 0; Constant delay
    %assign/vec4/a/d v0000024c650156e0, 0, 4;
T_19.2 ;
    %load/vec4 v0000024c65013840_0;
    %load/vec4 v0000024c65013e80_0;
    %parti/s 1, 2, 3;
    %and;
    %flag_set/vec4 8;
    %jmp/0xz  T_19.4, 8;
    %load/vec4 v0000024c65013520_0;
    %parti/s 8, 16, 6;
    %load/vec4 v0000024c650150a0_0;
    %addi 2, 0, 32;
    %ix/vec4 3;
    %ix/load 4, 0, 0; Constant delay
    %assign/vec4/a/d v0000024c650156e0, 0, 4;
T_19.4 ;
    %load/vec4 v0000024c65013840_0;
    %load/vec4 v0000024c65013e80_0;
    %parti/s 1, 3, 3;
    %and;
    %flag_set/vec4 8;
    %jmp/0xz  T_19.6, 8;
    %load/vec4 v0000024c65013520_0;
    %parti/s 8, 24, 6;
    %load/vec4 v0000024c650150a0_0;
    %addi 3, 0, 32;
    %ix/vec4 3;
    %ix/load 4, 0, 0; Constant delay
    %assign/vec4/a/d v0000024c650156e0, 0, 4;
T_19.6 ;
    %jmp T_19;
    .thread T_19;
    .scope S_0000024c64a8eb30;
T_20 ;
    %wait E_0000024c64f502e0;
    %load/vec4 v0000024c6500b5b0_0;
    %flag_set/vec4 8;
    %jmp/0xz  T_20.0, 8;
    %pushi/vec4 0, 0, 1;
    %ix/load 3, 1, 0;
    %flag_set/imm 4, 0;
    %ix/load 4, 0, 0; Constant delay
    %assign/vec4/a/d v0000024c6500c730, 0, 4;
    %pushi/vec4 0, 0, 1;
    %ix/load 3, 1, 0;
    %flag_set/imm 4, 0;
    %ix/load 4, 0, 0; Constant delay
    %assign/vec4/a/d v0000024c6501a8c0, 0, 4;
    %jmp T_20.1;
T_20.0 ;
    %ix/load 4, 0, 0;
    %flag_set/imm 4, 0;
    %load/vec4a v0000024c6500d630, 4;
    %ix/load 3, 1, 0;
    %flag_set/imm 4, 0;
    %ix/load 4, 0, 0; Constant delay
    %assign/vec4/a/d v0000024c6500d630, 0, 4;
    %ix/load 4, 0, 0;
    %flag_set/imm 4, 0;
    %load/vec4a v0000024c6500c730, 4;
    %ix/load 3, 1, 0;
    %flag_set/imm 4, 0;
    %ix/load 4, 0, 0; Constant delay
    %assign/vec4/a/d v0000024c6500c730, 0, 4;
    %ix/load 4, 0, 0;
    %flag_set/imm 4, 0;
    %load/vec4a v0000024c6501a8c0, 4;
    %ix/load 3, 1, 0;
    %flag_set/imm 4, 0;
    %ix/load 4, 0, 0; Constant delay
    %assign/vec4/a/d v0000024c6501a8c0, 0, 4;
    %ix/load 4, 0, 0;
    %flag_set/imm 4, 0;
    %load/vec4a v0000024c6500c870, 4;
    %ix/load 3, 1, 0;
    %flag_set/imm 4, 0;
    %ix/load 4, 0, 0; Constant delay
    %assign/vec4/a/d v0000024c6500c870, 0, 4;
    %ix/load 4, 0, 0;
    %flag_set/imm 4, 0;
    %load/vec4a v0000024c6501af00, 4;
    %ix/load 3, 1, 0;
    %flag_set/imm 4, 0;
    %ix/load 4, 0, 0; Constant delay
    %assign/vec4/a/d v0000024c6501af00, 0, 4;
T_20.1 ;
    %jmp T_20;
    .thread T_20;
    .scope S_0000024c64a8ecc0;
T_21 ;
    %wait E_0000024c64f502e0;
    %load/vec4 v0000024c6500b5b0_0;
    %flag_set/vec4 8;
    %jmp/0xz  T_21.0, 8;
    %pushi/vec4 0, 0, 1;
    %ix/load 3, 2, 0;
    %flag_set/imm 4, 0;
    %ix/load 4, 0, 0; Constant delay
    %assign/vec4/a/d v0000024c6500c730, 0, 4;
    %pushi/vec4 0, 0, 1;
    %ix/load 3, 2, 0;
    %flag_set/imm 4, 0;
    %ix/load 4, 0, 0; Constant delay
    %assign/vec4/a/d v0000024c6501a8c0, 0, 4;
    %jmp T_21.1;
T_21.0 ;
    %ix/load 4, 1, 0;
    %flag_set/imm 4, 0;
    %load/vec4a v0000024c6500d630, 4;
    %ix/load 3, 2, 0;
    %flag_set/imm 4, 0;
    %ix/load 4, 0, 0; Constant delay
    %assign/vec4/a/d v0000024c6500d630, 0, 4;
    %ix/load 4, 1, 0;
    %flag_set/imm 4, 0;
    %load/vec4a v0000024c6500c730, 4;
    %ix/load 3, 2, 0;
    %flag_set/imm 4, 0;
    %ix/load 4, 0, 0; Constant delay
    %assign/vec4/a/d v0000024c6500c730, 0, 4;
    %ix/load 4, 1, 0;
    %flag_set/imm 4, 0;
    %load/vec4a v0000024c6501a8c0, 4;
    %ix/load 3, 2, 0;
    %flag_set/imm 4, 0;
    %ix/load 4, 0, 0; Constant delay
    %assign/vec4/a/d v0000024c6501a8c0, 0, 4;
    %ix/load 4, 1, 0;
    %flag_set/imm 4, 0;
    %load/vec4a v0000024c6500c870, 4;
    %ix/load 3, 2, 0;
    %flag_set/imm 4, 0;
    %ix/load 4, 0, 0; Constant delay
    %assign/vec4/a/d v0000024c6500c870, 0, 4;
    %ix/load 4, 1, 0;
    %flag_set/imm 4, 0;
    %load/vec4a v0000024c6501af00, 4;
    %ix/load 3, 2, 0;
    %flag_set/imm 4, 0;
    %ix/load 4, 0, 0; Constant delay
    %assign/vec4/a/d v0000024c6501af00, 0, 4;
T_21.1 ;
    %jmp T_21;
    .thread T_21;
    .scope S_0000024c64f96a60;
T_22 ;
    %wait E_0000024c64f502e0;
    %load/vec4 v0000024c6500b5b0_0;
    %flag_set/vec4 8;
    %jmp/0xz  T_22.0, 8;
    %pushi/vec4 0, 0, 1;
    %ix/load 3, 3, 0;
    %flag_set/imm 4, 0;
    %ix/load 4, 0, 0; Constant delay
    %assign/vec4/a/d v0000024c6500c730, 0, 4;
    %pushi/vec4 0, 0, 1;
    %ix/load 3, 3, 0;
    %flag_set/imm 4, 0;
    %ix/load 4, 0, 0; Constant delay
    %assign/vec4/a/d v0000024c6501a8c0, 0, 4;
    %jmp T_22.1;
T_22.0 ;
    %ix/load 4, 2, 0;
    %flag_set/imm 4, 0;
    %load/vec4a v0000024c6500d630, 4;
    %ix/load 3, 3, 0;
    %flag_set/imm 4, 0;
    %ix/load 4, 0, 0; Constant delay
    %assign/vec4/a/d v0000024c6500d630, 0, 4;
    %ix/load 4, 2, 0;
    %flag_set/imm 4, 0;
    %load/vec4a v0000024c6500c730, 4;
    %ix/load 3, 3, 0;
    %flag_set/imm 4, 0;
    %ix/load 4, 0, 0; Constant delay
    %assign/vec4/a/d v0000024c6500c730, 0, 4;
    %ix/load 4, 2, 0;
    %flag_set/imm 4, 0;
    %load/vec4a v0000024c6501a8c0, 4;
    %ix/load 3, 3, 0;
    %flag_set/imm 4, 0;
    %ix/load 4, 0, 0; Constant delay
    %assign/vec4/a/d v0000024c6501a8c0, 0, 4;
    %ix/load 4, 2, 0;
    %flag_set/imm 4, 0;
    %load/vec4a v0000024c6500c870, 4;
    %ix/load 3, 3, 0;
    %flag_set/imm 4, 0;
    %ix/load 4, 0, 0; Constant delay
    %assign/vec4/a/d v0000024c6500c870, 0, 4;
    %ix/load 4, 2, 0;
    %flag_set/imm 4, 0;
    %load/vec4a v0000024c6501af00, 4;
    %ix/load 3, 3, 0;
    %flag_set/imm 4, 0;
    %ix/load 4, 0, 0; Constant delay
    %assign/vec4/a/d v0000024c6501af00, 0, 4;
T_22.1 ;
    %jmp T_22;
    .thread T_22;
    .scope S_0000024c649865f0;
T_23 ;
    %pushi/vec4 0, 0, 32;
    %store/vec4 v0000024c6500c050_0, 0, 32;
T_23.0 ;
    %load/vec4 v0000024c6500c050_0;
    %cmpi/s 1024, 0, 32;
    %jmp/0xz T_23.1, 5;
    %pushi/vec4 0, 0, 8;
    %ix/getv/s 4, v0000024c6500c050_0;
    %store/vec4a v0000024c6500d4f0, 4, 0;
    %load/vec4 v0000024c6500c050_0;
    %addi 1, 0, 32;
    %store/vec4 v0000024c6500c050_0, 0, 32;
    %jmp T_23.0;
T_23.1 ;
    %end;
    .thread T_23;
    .scope S_0000024c649865f0;
T_24 ;
    %wait E_0000024c64f502e0;
    %load/vec4 v0000024c6500b5b0_0;
    %flag_set/vec4 8;
    %jmp/0xz  T_24.0, 8;
    %pushi/vec4 0, 0, 1;
    %assign/vec4 v0000024c6500bfb0_0, 0;
    %jmp T_24.1;
T_24.0 ;
    %load/vec4 v0000024c6500bfb0_0;
    %pad/u 32;
    %cmpi/e 1, 0, 32;
    %jmp/0xz  T_24.2, 4;
    %pushi/vec4 0, 0, 1;
    %assign/vec4 v0000024c6500bfb0_0, 0;
    %jmp T_24.3;
T_24.2 ;
    %load/vec4 v0000024c6500ccd0_0;
    %nor/r;
    %flag_set/vec4 8;
    %jmp/1 T_24.7, 8;
    %load/vec4 v0000024c6500be70_0;
    %flag_set/vec4 9;
    %flag_or 8, 9;
T_24.7;
    %jmp/1 T_24.6, 8;
    %load/vec4 v0000024c6500caf0_0;
    %flag_set/vec4 9;
    %flag_or 8, 9;
T_24.6;
    %jmp/0xz  T_24.4, 8;
    %load/vec4 v0000024c6500bfb0_0;
    %pad/u 2;
    %addi 1, 0, 2;
    %pad/u 1;
    %assign/vec4 v0000024c6500bfb0_0, 0;
T_24.4 ;
T_24.3 ;
T_24.1 ;
    %jmp T_24;
    .thread T_24;
    .scope S_0000024c649865f0;
T_25 ;
    %wait E_0000024c64f502e0;
    %load/vec4 v0000024c6500b5b0_0;
    %flag_set/vec4 8;
    %jmp/0xz  T_25.0, 8;
    %pushi/vec4 0, 0, 1;
    %ix/load 3, 0, 0;
    %flag_set/imm 4, 0;
    %ix/load 4, 0, 0; Constant delay
    %assign/vec4/a/d v0000024c6500c730, 0, 4;
    %pushi/vec4 0, 0, 1;
    %ix/load 3, 0, 0;
    %flag_set/imm 4, 0;
    %ix/load 4, 0, 0; Constant delay
    %assign/vec4/a/d v0000024c6501a8c0, 0, 4;
    %jmp T_25.1;
T_25.0 ;
    %load/vec4 v0000024c6500ba10_0;
    %ix/load 3, 0, 0;
    %flag_set/imm 4, 0;
    %ix/load 4, 0, 0; Constant delay
    %assign/vec4/a/d v0000024c6500d630, 0, 4;
    %load/vec4 v0000024c6500ccd0_0;
    %load/vec4 v0000024c6500be70_0;
    %and;
    %ix/load 3, 0, 0;
    %flag_set/imm 4, 0;
    %ix/load 4, 0, 0; Constant delay
    %assign/vec4/a/d v0000024c6500c730, 0, 4;
    %load/vec4 v0000024c6500ccd0_0;
    %load/vec4 v0000024c6500caf0_0;
    %and;
    %ix/load 3, 0, 0;
    %flag_set/imm 4, 0;
    %ix/load 4, 0, 0; Constant delay
    %assign/vec4/a/d v0000024c6501a8c0, 0, 4;
    %load/vec4 v0000024c6500bc90_0;
    %ix/load 3, 0, 0;
    %flag_set/imm 4, 0;
    %ix/load 4, 0, 0; Constant delay
    %assign/vec4/a/d v0000024c6500c870, 0, 4;
    %load/vec4 v0000024c6500b650_0;
    %ix/load 3, 0, 0;
    %flag_set/imm 4, 0;
    %ix/load 4, 0, 0; Constant delay
    %assign/vec4/a/d v0000024c6501af00, 0, 4;
T_25.1 ;
    %jmp T_25;
    .thread T_25;
    .scope S_0000024c649865f0;
T_26 ;
    %wait E_0000024c64f502e0;
    %load/vec4 v0000024c6501afa0_0;
    %load/vec4 v0000024c6500c0f0_0;
    %parti/s 1, 0, 2;
    %and;
    %flag_set/vec4 8;
    %jmp/0xz  T_26.0, 8;
    %load/vec4 v0000024c6501aa00_0;
    %parti/s 8, 0, 2;
    %load/vec4 v0000024c6501a960_0;
    %addi 0, 0, 32;
    %ix/vec4 3;
    %ix/load 4, 0, 0; Constant delay
    %assign/vec4/a/d v0000024c6500d4f0, 0, 4;
T_26.0 ;
    %load/vec4 v0000024c6501afa0_0;
    %load/vec4 v0000024c6500c0f0_0;
    %parti/s 1, 1, 2;
    %and;
    %flag_set/vec4 8;
    %jmp/0xz  T_26.2, 8;
    %load/vec4 v0000024c6501aa00_0;
    %parti/s 8, 8, 5;
    %load/vec4 v0000024c6501a960_0;
    %addi 1, 0, 32;
    %ix/vec4 3;
    %ix/load 4, 0, 0; Constant delay
    %assign/vec4/a/d v0000024c6500d4f0, 0, 4;
T_26.2 ;
    %load/vec4 v0000024c6501afa0_0;
    %load/vec4 v0000024c6500c0f0_0;
    %parti/s 1, 2, 3;
    %and;
    %flag_set/vec4 8;
    %jmp/0xz  T_26.4, 8;
    %load/vec4 v0000024c6501aa00_0;
    %parti/s 8, 16, 6;
    %load/vec4 v0000024c6501a960_0;
    %addi 2, 0, 32;
    %ix/vec4 3;
    %ix/load 4, 0, 0; Constant delay
    %assign/vec4/a/d v0000024c6500d4f0, 0, 4;
T_26.4 ;
    %load/vec4 v0000024c6501afa0_0;
    %load/vec4 v0000024c6500c0f0_0;
    %parti/s 1, 3, 3;
    %and;
    %flag_set/vec4 8;
    %jmp/0xz  T_26.6, 8;
    %load/vec4 v0000024c6501aa00_0;
    %parti/s 8, 24, 6;
    %load/vec4 v0000024c6501a960_0;
    %addi 3, 0, 32;
    %ix/vec4 3;
    %ix/load 4, 0, 0; Constant delay
    %assign/vec4/a/d v0000024c6500d4f0, 0, 4;
T_26.6 ;
    %jmp T_26;
    .thread T_26;
    .scope S_0000024c64f94440;
T_27 ;
    %pushi/vec4 1, 0, 1;
    %store/vec4 v0000024c650155a0_0, 0, 1;
    %pushi/vec4 0, 0, 1;
    %store/vec4 v0000024c65017260_0, 0, 1;
    %vpi_call 2 125 "$display", "Loading program." {0 0 0};
    %pushi/vec4 0, 0, 32;
    %store/vec4 v0000024c65014a60_0, 0, 32;
T_27.0 ;
    %load/vec4 v0000024c65014a60_0;
    %cmpi/s 1024, 0, 32;
    %jmp/0xz T_27.1, 5;
    %pushi/vec4 0, 0, 8;
    %ix/getv/s 4, v0000024c65014a60_0;
    %store/vec4a v0000024c650156e0, 4, 0;
    %pushi/vec4 0, 0, 8;
    %ix/getv/s 4, v0000024c65014a60_0;
    %store/vec4a v0000024c6500d4f0, 4, 0;
    %load/vec4 v0000024c65014a60_0;
    %addi 1, 0, 32;
    %store/vec4 v0000024c65014a60_0, 0, 32;
    %jmp T_27.0;
T_27.1 ;
    %vpi_call 2 130 "$readmemh", "program.mem", v0000024c650156e0 {0 0 0};
    %vpi_call 2 133 "$display", "Resetting hart." {0 0 0};
    %wait E_0000024c64f50220;
    %pushi/vec4 1, 0, 1;
    %store/vec4 v0000024c65017260_0, 0, 1;
    %wait E_0000024c64f50220;
    %wait E_0000024c64f50220;
    %wait E_0000024c64f50220;
    %pushi/vec4 0, 0, 1;
    %store/vec4 v0000024c65017260_0, 0, 1;
    %vpi_call 2 139 "$display", "%-10s %-8s %-14s %-14s %s", "PC", "Inst", "rs1", "rs2", "[rd, load, store]" {0 0 0};
    %pushi/vec4 0, 0, 32;
    %store/vec4 v0000024c65013340_0, 0, 32;
    %pushi/vec4 1, 0, 32;
    %store/vec4 v0000024c65015a00_0, 0, 32;
    %pushi/vec4 0, 0, 32;
    %store/vec4 v0000024c65015280_0, 0, 32;
T_27.2 ;
    %load/vec4 v0000024c65015a00_0;
    %or/r;
    %flag_set/vec4 8;
    %jmp/0xz T_27.3, 8;
    %wait E_0000024c64f502e0;
    %load/vec4 v0000024c65013340_0;
    %addi 1, 0, 32;
    %store/vec4 v0000024c65013340_0, 0, 32;
    %load/vec4 v0000024c650178a0_0;
    %flag_set/vec4 8;
    %jmp/0xz  T_27.4, 8;
    %load/vec4 v0000024c65015280_0;
    %addi 1, 0, 32;
    %store/vec4 v0000024c65015280_0, 0, 32;
    %load/vec4 v0000024c65014f60_0;
    %parti/s 4, 0, 2;
    %cmpi/e 7, 0, 4;
    %jmp/1 T_27.9, 4;
    %flag_mov 8, 4;
    %load/vec4 v0000024c65014f60_0;
    %parti/s 7, 0, 2;
    %cmpi/e 115, 0, 7;
    %flag_or 4, 8;
T_27.9;
    %jmp/1 T_27.8, 4;
    %flag_mov 8, 4;
    %load/vec4 v0000024c65014f60_0;
    %parti/s 7, 0, 2;
    %cmpi/e 111, 0, 7;
    %flag_or 4, 8;
T_27.8;
    %jmp/0xz  T_27.6, 4;
    %vpi_call 2 152 "$write", "[%08h] %08h r[--]=-------- r[--]=--------", v0000024c65015320_0, v0000024c65014f60_0 {0 0 0};
    %jmp T_27.7;
T_27.6 ;
    %load/vec4 v0000024c65014f60_0;
    %parti/s 7, 0, 2;
    %cmpi/e 19, 0, 7;
    %jmp/1 T_27.13, 4;
    %flag_mov 8, 4;
    %load/vec4 v0000024c65014f60_0;
    %parti/s 7, 0, 2;
    %cmpi/e 3, 0, 7;
    %flag_or 4, 8;
T_27.13;
    %jmp/1 T_27.12, 4;
    %flag_mov 8, 4;
    %load/vec4 v0000024c65014f60_0;
    %parti/s 7, 0, 2;
    %cmpi/e 103, 0, 7;
    %flag_or 4, 8;
T_27.12;
    %jmp/0xz  T_27.10, 4;
    %vpi_call 2 155 "$write", "[%08h] %08h r[%d]=%08h r[--]=--------", v0000024c65015320_0, v0000024c65014f60_0, v0000024c65017a80_0, v0000024c650167c0_0 {0 0 0};
    %jmp T_27.11;
T_27.10 ;
    %vpi_call 2 157 "$write", "[%08h] %08h r[%d]=%08h r[%d]=%08h", v0000024c65015320_0, v0000024c65014f60_0, v0000024c65017a80_0, v0000024c650167c0_0, v0000024c65015be0_0, v0000024c65017e40_0 {0 0 0};
T_27.11 ;
T_27.7 ;
    %load/vec4 v0000024c65016cc0_0;
    %cmpi/ne 0, 0, 5;
    %jmp/0xz  T_27.14, 4;
    %vpi_call 2 161 "$write", " w[%d]=%08h", v0000024c65016cc0_0, v0000024c65016d60_0 {0 0 0};
T_27.14 ;
    %load/vec4 v0000024c65015960_0;
    %flag_set/vec4 8;
    %jmp/0xz  T_27.16, 8;
    %vpi_call 2 164 "$write", " l[%08h,%04b]=%08h", v0000024c65016c20_0, v0000024c650162c0_0, v0000024c65017800_0 {0 0 0};
T_27.16 ;
    %load/vec4 v0000024c650171c0_0;
    %flag_set/vec4 8;
    %jmp/0xz  T_27.18, 8;
    %vpi_call 2 166 "$write", " s[%08h,%04b]=%08h", v0000024c65016c20_0, v0000024c650162c0_0, v0000024c65017c60_0 {0 0 0};
T_27.18 ;
    %load/vec4 v0000024c65015fa0_0;
    %flag_set/vec4 8;
    %jmp/0xz  T_27.20, 8;
    %vpi_call 2 169 "$write", " TRAP" {0 0 0};
T_27.20 ;
    %vpi_call 2 170 "$display" {0 0 0};
    %load/vec4 v0000024c65014880_0;
    %flag_set/vec4 8;
    %jmp/0xz  T_27.22, 8;
    %pushi/vec4 0, 0, 32;
    %store/vec4 v0000024c65015a00_0, 0, 32;
T_27.22 ;
T_27.4 ;
    %load/vec4 v0000024c65013340_0;
    %cmpi/s 40000, 0, 32;
    %flag_or 5, 4; GT is !LE
    %flag_inv 5;
    %jmp/0xz  T_27.24, 5;
    %vpi_call 2 177 "$display", "Program did not halt after 40000 cycles, aborting." {0 0 0};
    %pushi/vec4 0, 0, 32;
    %store/vec4 v0000024c65015a00_0, 0, 32;
T_27.24 ;
    %jmp T_27.2;
T_27.3 ;
    %vpi_call 2 182 "$display", "Program halted after %d cycles.", v0000024c65013340_0 {0 0 0};
    %vpi_call 2 183 "$display", "Total instructions retired: %d", v0000024c65015280_0 {0 0 0};
    %load/vec4 v0000024c65015280_0;
    %cmpi/e 0, 0, 32;
    %jmp/0xz  T_27.26, 4;
    %vpi_call 2 185 "$display", "CPI: invalid (no instructions retired)" {0 0 0};
    %jmp T_27.27;
T_27.26 ;
    %load/vec4 v0000024c65013340_0;
    %cvt/rv/s;
    %pushi/real 1073741824, 4066; load=1.00000
    %load/vec4 v0000024c65015280_0;
    %cvt/rv/s;
    %mul/wr;
    %div/wr;
    %vpi_call 2 187 "$display", "CPI: %f", W<0,r> {0 1 0};
T_27.27 ;
    %vpi_call 2 188 "$finish" {0 0 0};
    %end;
    .thread T_27;
    .scope S_0000024c64f94440;
T_28 ;
    %pushi/vec4 0, 0, 32;
    %store/vec4 v0000024c65017f80_0, 0, 32;
T_28.0 ;
    %load/vec4 v0000024c65017f80_0;
    %cmpi/s 40000, 0, 32;
    %jmp/0xz T_28.1, 5;
    %wait E_0000024c64f502e0;
    %load/vec4 v0000024c65017f80_0;
    %addi 1, 0, 32;
    %store/vec4 v0000024c65017f80_0, 0, 32;
    %jmp T_28.0;
T_28.1 ;
    %vpi_call 2 197 "$finish" {0 0 0};
    %end;
    .thread T_28;
    .scope S_0000024c64f94440;
T_29 ;
    %delay 5000, 0;
    %load/vec4 v0000024c650155a0_0;
    %inv;
    %store/vec4 v0000024c650155a0_0, 0, 1;
    %jmp T_29;
    .thread T_29;
# The file index is used to find the file name in the following table.
:file_names 13;
    "N/A";
    "<interactive>";
    "tb\tb.v";
    "rtl\hart.v";
    "rtl\decode.v";
    "lib\imm.v";
    "lib\rf.v";
    "rtl\execute.v";
    "lib\alu.v";
    "lib\alu_control_unit.v";
    "rtl\memory.v";
    "rtl\writeback.v";
    "rtl\tb_memory.v";
