#! /c/Source/iverilog-install/bin/vvp
:ivl_version "12.0 (devel)" "(s20150603-1539-g2693dd32b)";
:ivl_delay_selection "TYPICAL";
:vpi_time_precision - 12;
:vpi_module "D:\iverilog\lib\ivl\system.vpi";
:vpi_module "D:\iverilog\lib\ivl\vhdl_sys.vpi";
:vpi_module "D:\iverilog\lib\ivl\vhdl_textio.vpi";
:vpi_module "D:\iverilog\lib\ivl\v2005_math.vpi";
:vpi_module "D:\iverilog\lib\ivl\va_math.vpi";
S_0000023ed94cb3b0 .scope module, "hart_tb" "hart_tb" 2 2;
 .timescale -9 -12;
P_0000023ed9498650 .param/l "DEBUG" 0 2 3, +C4<00000000000000000000000000000000>;
v0000023ed9582520_0 .var "clk", 0 0;
v0000023ed9581e40_0 .var/i "cycles", 31 0;
v0000023ed9581ee0 .array "dmem", 1023 0, 7 0;
v0000023ed9581760_0 .net "dmem_addr", 31 0, L_0000023ed960adf0;  1 drivers
v0000023ed9580180_0 .net "dmem_mask", 3 0, L_0000023ed960b480;  1 drivers
v0000023ed9582020_0 .var "dmem_rdata", 31 0;
v0000023ed9580c20_0 .net "dmem_ren", 0 0, L_0000023ed960ae60;  1 drivers
v0000023ed95818a0_0 .net "dmem_wdata", 31 0, L_0000023ed960a840;  1 drivers
v0000023ed9582340_0 .net "dmem_wen", 0 0, L_0000023ed960a8b0;  1 drivers
v0000023ed9582200_0 .net "halt", 0 0, L_0000023ed960d240;  1 drivers
v0000023ed9582660 .array "imem", 1023 0, 7 0;
v0000023ed9581da0_0 .net "imem_raddr", 31 0, L_0000023ed940e590;  1 drivers
v0000023ed9580720_0 .var "imem_rdata", 31 0;
v0000023ed9582700_0 .net "inst", 31 0, L_0000023ed960ba30;  1 drivers
v0000023ed95800e0_0 .net "next_pc", 31 0, L_0000023ed960d550;  1 drivers
v0000023ed9580d60_0 .var/i "num_instructions", 31 0;
v0000023ed95802c0_0 .net "pc", 31 0, L_0000023ed960be20;  1 drivers
v0000023ed9580400_0 .net "rd_waddr", 4 0, L_0000023ed959e6c0;  1 drivers
v0000023ed9581940_0 .net "rd_wdata", 31 0, L_0000023ed960c670;  1 drivers
v0000023ed9580540_0 .net "retire_dmem_addr", 31 0, L_0000023ed960d4e0;  1 drivers
v0000023ed9581120_0 .net "retire_dmem_mask", 3 0, L_0000023ed960cd00;  1 drivers
v0000023ed95814e0_0 .net "retire_dmem_rdata", 31 0, L_0000023ed960c7c0;  1 drivers
v0000023ed95811c0_0 .net "retire_dmem_ren", 0 0, L_0000023ed960d390;  1 drivers
v0000023ed95807c0_0 .net "retire_dmem_wdata", 31 0, L_0000023ed960d2b0;  1 drivers
v0000023ed9581300_0 .net "retire_dmem_wen", 0 0, L_0000023ed960bcd0;  1 drivers
v0000023ed95819e0_0 .net "rs1_raddr", 4 0, L_0000023ed960bdb0;  1 drivers
v0000023ed9581a80_0 .net "rs1_rdata", 31 0, L_0000023ed960cfa0;  1 drivers
v0000023ed9581620_0 .net "rs2_raddr", 4 0, L_0000023ed960cd70;  1 drivers
v0000023ed9581c60_0 .net "rs2_rdata", 31 0, L_0000023ed960c050;  1 drivers
v0000023ed95805e0_0 .var "rst", 0 0;
v0000023ed95820c0_0 .var/i "run", 31 0;
v0000023ed9582160_0 .net "trap", 0 0, L_0000023ed960c980;  1 drivers
v0000023ed95822a0_0 .net "valid", 0 0, L_0000023ed960b9c0;  1 drivers
v0000023ed95a2d60_0 .var/i "watchdog", 31 0;
E_0000023ed9497f10 .event negedge, v0000023ed94b00c0_0;
v0000023ed9581ee0_0 .array/port v0000023ed9581ee0, 0;
E_0000023ed9498110/0 .event anyedge, v0000023ed95809a0_0, v0000023ed9582480_0, v0000023ed9580b80_0, v0000023ed9581ee0_0;
v0000023ed9581ee0_1 .array/port v0000023ed9581ee0, 1;
v0000023ed9581ee0_2 .array/port v0000023ed9581ee0, 2;
v0000023ed9581ee0_3 .array/port v0000023ed9581ee0, 3;
v0000023ed9581ee0_4 .array/port v0000023ed9581ee0, 4;
E_0000023ed9498110/1 .event anyedge, v0000023ed9581ee0_1, v0000023ed9581ee0_2, v0000023ed9581ee0_3, v0000023ed9581ee0_4;
v0000023ed9581ee0_5 .array/port v0000023ed9581ee0, 5;
v0000023ed9581ee0_6 .array/port v0000023ed9581ee0, 6;
v0000023ed9581ee0_7 .array/port v0000023ed9581ee0, 7;
v0000023ed9581ee0_8 .array/port v0000023ed9581ee0, 8;
E_0000023ed9498110/2 .event anyedge, v0000023ed9581ee0_5, v0000023ed9581ee0_6, v0000023ed9581ee0_7, v0000023ed9581ee0_8;
v0000023ed9581ee0_9 .array/port v0000023ed9581ee0, 9;
v0000023ed9581ee0_10 .array/port v0000023ed9581ee0, 10;
v0000023ed9581ee0_11 .array/port v0000023ed9581ee0, 11;
v0000023ed9581ee0_12 .array/port v0000023ed9581ee0, 12;
E_0000023ed9498110/3 .event anyedge, v0000023ed9581ee0_9, v0000023ed9581ee0_10, v0000023ed9581ee0_11, v0000023ed9581ee0_12;
v0000023ed9581ee0_13 .array/port v0000023ed9581ee0, 13;
v0000023ed9581ee0_14 .array/port v0000023ed9581ee0, 14;
v0000023ed9581ee0_15 .array/port v0000023ed9581ee0, 15;
v0000023ed9581ee0_16 .array/port v0000023ed9581ee0, 16;
E_0000023ed9498110/4 .event anyedge, v0000023ed9581ee0_13, v0000023ed9581ee0_14, v0000023ed9581ee0_15, v0000023ed9581ee0_16;
v0000023ed9581ee0_17 .array/port v0000023ed9581ee0, 17;
v0000023ed9581ee0_18 .array/port v0000023ed9581ee0, 18;
v0000023ed9581ee0_19 .array/port v0000023ed9581ee0, 19;
v0000023ed9581ee0_20 .array/port v0000023ed9581ee0, 20;
E_0000023ed9498110/5 .event anyedge, v0000023ed9581ee0_17, v0000023ed9581ee0_18, v0000023ed9581ee0_19, v0000023ed9581ee0_20;
v0000023ed9581ee0_21 .array/port v0000023ed9581ee0, 21;
v0000023ed9581ee0_22 .array/port v0000023ed9581ee0, 22;
v0000023ed9581ee0_23 .array/port v0000023ed9581ee0, 23;
v0000023ed9581ee0_24 .array/port v0000023ed9581ee0, 24;
E_0000023ed9498110/6 .event anyedge, v0000023ed9581ee0_21, v0000023ed9581ee0_22, v0000023ed9581ee0_23, v0000023ed9581ee0_24;
v0000023ed9581ee0_25 .array/port v0000023ed9581ee0, 25;
v0000023ed9581ee0_26 .array/port v0000023ed9581ee0, 26;
v0000023ed9581ee0_27 .array/port v0000023ed9581ee0, 27;
v0000023ed9581ee0_28 .array/port v0000023ed9581ee0, 28;
E_0000023ed9498110/7 .event anyedge, v0000023ed9581ee0_25, v0000023ed9581ee0_26, v0000023ed9581ee0_27, v0000023ed9581ee0_28;
v0000023ed9581ee0_29 .array/port v0000023ed9581ee0, 29;
v0000023ed9581ee0_30 .array/port v0000023ed9581ee0, 30;
v0000023ed9581ee0_31 .array/port v0000023ed9581ee0, 31;
v0000023ed9581ee0_32 .array/port v0000023ed9581ee0, 32;
E_0000023ed9498110/8 .event anyedge, v0000023ed9581ee0_29, v0000023ed9581ee0_30, v0000023ed9581ee0_31, v0000023ed9581ee0_32;
v0000023ed9581ee0_33 .array/port v0000023ed9581ee0, 33;
v0000023ed9581ee0_34 .array/port v0000023ed9581ee0, 34;
v0000023ed9581ee0_35 .array/port v0000023ed9581ee0, 35;
v0000023ed9581ee0_36 .array/port v0000023ed9581ee0, 36;
E_0000023ed9498110/9 .event anyedge, v0000023ed9581ee0_33, v0000023ed9581ee0_34, v0000023ed9581ee0_35, v0000023ed9581ee0_36;
v0000023ed9581ee0_37 .array/port v0000023ed9581ee0, 37;
v0000023ed9581ee0_38 .array/port v0000023ed9581ee0, 38;
v0000023ed9581ee0_39 .array/port v0000023ed9581ee0, 39;
v0000023ed9581ee0_40 .array/port v0000023ed9581ee0, 40;
E_0000023ed9498110/10 .event anyedge, v0000023ed9581ee0_37, v0000023ed9581ee0_38, v0000023ed9581ee0_39, v0000023ed9581ee0_40;
v0000023ed9581ee0_41 .array/port v0000023ed9581ee0, 41;
v0000023ed9581ee0_42 .array/port v0000023ed9581ee0, 42;
v0000023ed9581ee0_43 .array/port v0000023ed9581ee0, 43;
v0000023ed9581ee0_44 .array/port v0000023ed9581ee0, 44;
E_0000023ed9498110/11 .event anyedge, v0000023ed9581ee0_41, v0000023ed9581ee0_42, v0000023ed9581ee0_43, v0000023ed9581ee0_44;
v0000023ed9581ee0_45 .array/port v0000023ed9581ee0, 45;
v0000023ed9581ee0_46 .array/port v0000023ed9581ee0, 46;
v0000023ed9581ee0_47 .array/port v0000023ed9581ee0, 47;
v0000023ed9581ee0_48 .array/port v0000023ed9581ee0, 48;
E_0000023ed9498110/12 .event anyedge, v0000023ed9581ee0_45, v0000023ed9581ee0_46, v0000023ed9581ee0_47, v0000023ed9581ee0_48;
v0000023ed9581ee0_49 .array/port v0000023ed9581ee0, 49;
v0000023ed9581ee0_50 .array/port v0000023ed9581ee0, 50;
v0000023ed9581ee0_51 .array/port v0000023ed9581ee0, 51;
v0000023ed9581ee0_52 .array/port v0000023ed9581ee0, 52;
E_0000023ed9498110/13 .event anyedge, v0000023ed9581ee0_49, v0000023ed9581ee0_50, v0000023ed9581ee0_51, v0000023ed9581ee0_52;
v0000023ed9581ee0_53 .array/port v0000023ed9581ee0, 53;
v0000023ed9581ee0_54 .array/port v0000023ed9581ee0, 54;
v0000023ed9581ee0_55 .array/port v0000023ed9581ee0, 55;
v0000023ed9581ee0_56 .array/port v0000023ed9581ee0, 56;
E_0000023ed9498110/14 .event anyedge, v0000023ed9581ee0_53, v0000023ed9581ee0_54, v0000023ed9581ee0_55, v0000023ed9581ee0_56;
v0000023ed9581ee0_57 .array/port v0000023ed9581ee0, 57;
v0000023ed9581ee0_58 .array/port v0000023ed9581ee0, 58;
v0000023ed9581ee0_59 .array/port v0000023ed9581ee0, 59;
v0000023ed9581ee0_60 .array/port v0000023ed9581ee0, 60;
E_0000023ed9498110/15 .event anyedge, v0000023ed9581ee0_57, v0000023ed9581ee0_58, v0000023ed9581ee0_59, v0000023ed9581ee0_60;
v0000023ed9581ee0_61 .array/port v0000023ed9581ee0, 61;
v0000023ed9581ee0_62 .array/port v0000023ed9581ee0, 62;
v0000023ed9581ee0_63 .array/port v0000023ed9581ee0, 63;
v0000023ed9581ee0_64 .array/port v0000023ed9581ee0, 64;
E_0000023ed9498110/16 .event anyedge, v0000023ed9581ee0_61, v0000023ed9581ee0_62, v0000023ed9581ee0_63, v0000023ed9581ee0_64;
v0000023ed9581ee0_65 .array/port v0000023ed9581ee0, 65;
v0000023ed9581ee0_66 .array/port v0000023ed9581ee0, 66;
v0000023ed9581ee0_67 .array/port v0000023ed9581ee0, 67;
v0000023ed9581ee0_68 .array/port v0000023ed9581ee0, 68;
E_0000023ed9498110/17 .event anyedge, v0000023ed9581ee0_65, v0000023ed9581ee0_66, v0000023ed9581ee0_67, v0000023ed9581ee0_68;
v0000023ed9581ee0_69 .array/port v0000023ed9581ee0, 69;
v0000023ed9581ee0_70 .array/port v0000023ed9581ee0, 70;
v0000023ed9581ee0_71 .array/port v0000023ed9581ee0, 71;
v0000023ed9581ee0_72 .array/port v0000023ed9581ee0, 72;
E_0000023ed9498110/18 .event anyedge, v0000023ed9581ee0_69, v0000023ed9581ee0_70, v0000023ed9581ee0_71, v0000023ed9581ee0_72;
v0000023ed9581ee0_73 .array/port v0000023ed9581ee0, 73;
v0000023ed9581ee0_74 .array/port v0000023ed9581ee0, 74;
v0000023ed9581ee0_75 .array/port v0000023ed9581ee0, 75;
v0000023ed9581ee0_76 .array/port v0000023ed9581ee0, 76;
E_0000023ed9498110/19 .event anyedge, v0000023ed9581ee0_73, v0000023ed9581ee0_74, v0000023ed9581ee0_75, v0000023ed9581ee0_76;
v0000023ed9581ee0_77 .array/port v0000023ed9581ee0, 77;
v0000023ed9581ee0_78 .array/port v0000023ed9581ee0, 78;
v0000023ed9581ee0_79 .array/port v0000023ed9581ee0, 79;
v0000023ed9581ee0_80 .array/port v0000023ed9581ee0, 80;
E_0000023ed9498110/20 .event anyedge, v0000023ed9581ee0_77, v0000023ed9581ee0_78, v0000023ed9581ee0_79, v0000023ed9581ee0_80;
v0000023ed9581ee0_81 .array/port v0000023ed9581ee0, 81;
v0000023ed9581ee0_82 .array/port v0000023ed9581ee0, 82;
v0000023ed9581ee0_83 .array/port v0000023ed9581ee0, 83;
v0000023ed9581ee0_84 .array/port v0000023ed9581ee0, 84;
E_0000023ed9498110/21 .event anyedge, v0000023ed9581ee0_81, v0000023ed9581ee0_82, v0000023ed9581ee0_83, v0000023ed9581ee0_84;
v0000023ed9581ee0_85 .array/port v0000023ed9581ee0, 85;
v0000023ed9581ee0_86 .array/port v0000023ed9581ee0, 86;
v0000023ed9581ee0_87 .array/port v0000023ed9581ee0, 87;
v0000023ed9581ee0_88 .array/port v0000023ed9581ee0, 88;
E_0000023ed9498110/22 .event anyedge, v0000023ed9581ee0_85, v0000023ed9581ee0_86, v0000023ed9581ee0_87, v0000023ed9581ee0_88;
v0000023ed9581ee0_89 .array/port v0000023ed9581ee0, 89;
v0000023ed9581ee0_90 .array/port v0000023ed9581ee0, 90;
v0000023ed9581ee0_91 .array/port v0000023ed9581ee0, 91;
v0000023ed9581ee0_92 .array/port v0000023ed9581ee0, 92;
E_0000023ed9498110/23 .event anyedge, v0000023ed9581ee0_89, v0000023ed9581ee0_90, v0000023ed9581ee0_91, v0000023ed9581ee0_92;
v0000023ed9581ee0_93 .array/port v0000023ed9581ee0, 93;
v0000023ed9581ee0_94 .array/port v0000023ed9581ee0, 94;
v0000023ed9581ee0_95 .array/port v0000023ed9581ee0, 95;
v0000023ed9581ee0_96 .array/port v0000023ed9581ee0, 96;
E_0000023ed9498110/24 .event anyedge, v0000023ed9581ee0_93, v0000023ed9581ee0_94, v0000023ed9581ee0_95, v0000023ed9581ee0_96;
v0000023ed9581ee0_97 .array/port v0000023ed9581ee0, 97;
v0000023ed9581ee0_98 .array/port v0000023ed9581ee0, 98;
v0000023ed9581ee0_99 .array/port v0000023ed9581ee0, 99;
v0000023ed9581ee0_100 .array/port v0000023ed9581ee0, 100;
E_0000023ed9498110/25 .event anyedge, v0000023ed9581ee0_97, v0000023ed9581ee0_98, v0000023ed9581ee0_99, v0000023ed9581ee0_100;
v0000023ed9581ee0_101 .array/port v0000023ed9581ee0, 101;
v0000023ed9581ee0_102 .array/port v0000023ed9581ee0, 102;
v0000023ed9581ee0_103 .array/port v0000023ed9581ee0, 103;
v0000023ed9581ee0_104 .array/port v0000023ed9581ee0, 104;
E_0000023ed9498110/26 .event anyedge, v0000023ed9581ee0_101, v0000023ed9581ee0_102, v0000023ed9581ee0_103, v0000023ed9581ee0_104;
v0000023ed9581ee0_105 .array/port v0000023ed9581ee0, 105;
v0000023ed9581ee0_106 .array/port v0000023ed9581ee0, 106;
v0000023ed9581ee0_107 .array/port v0000023ed9581ee0, 107;
v0000023ed9581ee0_108 .array/port v0000023ed9581ee0, 108;
E_0000023ed9498110/27 .event anyedge, v0000023ed9581ee0_105, v0000023ed9581ee0_106, v0000023ed9581ee0_107, v0000023ed9581ee0_108;
v0000023ed9581ee0_109 .array/port v0000023ed9581ee0, 109;
v0000023ed9581ee0_110 .array/port v0000023ed9581ee0, 110;
v0000023ed9581ee0_111 .array/port v0000023ed9581ee0, 111;
v0000023ed9581ee0_112 .array/port v0000023ed9581ee0, 112;
E_0000023ed9498110/28 .event anyedge, v0000023ed9581ee0_109, v0000023ed9581ee0_110, v0000023ed9581ee0_111, v0000023ed9581ee0_112;
v0000023ed9581ee0_113 .array/port v0000023ed9581ee0, 113;
v0000023ed9581ee0_114 .array/port v0000023ed9581ee0, 114;
v0000023ed9581ee0_115 .array/port v0000023ed9581ee0, 115;
v0000023ed9581ee0_116 .array/port v0000023ed9581ee0, 116;
E_0000023ed9498110/29 .event anyedge, v0000023ed9581ee0_113, v0000023ed9581ee0_114, v0000023ed9581ee0_115, v0000023ed9581ee0_116;
v0000023ed9581ee0_117 .array/port v0000023ed9581ee0, 117;
v0000023ed9581ee0_118 .array/port v0000023ed9581ee0, 118;
v0000023ed9581ee0_119 .array/port v0000023ed9581ee0, 119;
v0000023ed9581ee0_120 .array/port v0000023ed9581ee0, 120;
E_0000023ed9498110/30 .event anyedge, v0000023ed9581ee0_117, v0000023ed9581ee0_118, v0000023ed9581ee0_119, v0000023ed9581ee0_120;
v0000023ed9581ee0_121 .array/port v0000023ed9581ee0, 121;
v0000023ed9581ee0_122 .array/port v0000023ed9581ee0, 122;
v0000023ed9581ee0_123 .array/port v0000023ed9581ee0, 123;
v0000023ed9581ee0_124 .array/port v0000023ed9581ee0, 124;
E_0000023ed9498110/31 .event anyedge, v0000023ed9581ee0_121, v0000023ed9581ee0_122, v0000023ed9581ee0_123, v0000023ed9581ee0_124;
v0000023ed9581ee0_125 .array/port v0000023ed9581ee0, 125;
v0000023ed9581ee0_126 .array/port v0000023ed9581ee0, 126;
v0000023ed9581ee0_127 .array/port v0000023ed9581ee0, 127;
v0000023ed9581ee0_128 .array/port v0000023ed9581ee0, 128;
E_0000023ed9498110/32 .event anyedge, v0000023ed9581ee0_125, v0000023ed9581ee0_126, v0000023ed9581ee0_127, v0000023ed9581ee0_128;
v0000023ed9581ee0_129 .array/port v0000023ed9581ee0, 129;
v0000023ed9581ee0_130 .array/port v0000023ed9581ee0, 130;
v0000023ed9581ee0_131 .array/port v0000023ed9581ee0, 131;
v0000023ed9581ee0_132 .array/port v0000023ed9581ee0, 132;
E_0000023ed9498110/33 .event anyedge, v0000023ed9581ee0_129, v0000023ed9581ee0_130, v0000023ed9581ee0_131, v0000023ed9581ee0_132;
v0000023ed9581ee0_133 .array/port v0000023ed9581ee0, 133;
v0000023ed9581ee0_134 .array/port v0000023ed9581ee0, 134;
v0000023ed9581ee0_135 .array/port v0000023ed9581ee0, 135;
v0000023ed9581ee0_136 .array/port v0000023ed9581ee0, 136;
E_0000023ed9498110/34 .event anyedge, v0000023ed9581ee0_133, v0000023ed9581ee0_134, v0000023ed9581ee0_135, v0000023ed9581ee0_136;
v0000023ed9581ee0_137 .array/port v0000023ed9581ee0, 137;
v0000023ed9581ee0_138 .array/port v0000023ed9581ee0, 138;
v0000023ed9581ee0_139 .array/port v0000023ed9581ee0, 139;
v0000023ed9581ee0_140 .array/port v0000023ed9581ee0, 140;
E_0000023ed9498110/35 .event anyedge, v0000023ed9581ee0_137, v0000023ed9581ee0_138, v0000023ed9581ee0_139, v0000023ed9581ee0_140;
v0000023ed9581ee0_141 .array/port v0000023ed9581ee0, 141;
v0000023ed9581ee0_142 .array/port v0000023ed9581ee0, 142;
v0000023ed9581ee0_143 .array/port v0000023ed9581ee0, 143;
v0000023ed9581ee0_144 .array/port v0000023ed9581ee0, 144;
E_0000023ed9498110/36 .event anyedge, v0000023ed9581ee0_141, v0000023ed9581ee0_142, v0000023ed9581ee0_143, v0000023ed9581ee0_144;
v0000023ed9581ee0_145 .array/port v0000023ed9581ee0, 145;
v0000023ed9581ee0_146 .array/port v0000023ed9581ee0, 146;
v0000023ed9581ee0_147 .array/port v0000023ed9581ee0, 147;
v0000023ed9581ee0_148 .array/port v0000023ed9581ee0, 148;
E_0000023ed9498110/37 .event anyedge, v0000023ed9581ee0_145, v0000023ed9581ee0_146, v0000023ed9581ee0_147, v0000023ed9581ee0_148;
v0000023ed9581ee0_149 .array/port v0000023ed9581ee0, 149;
v0000023ed9581ee0_150 .array/port v0000023ed9581ee0, 150;
v0000023ed9581ee0_151 .array/port v0000023ed9581ee0, 151;
v0000023ed9581ee0_152 .array/port v0000023ed9581ee0, 152;
E_0000023ed9498110/38 .event anyedge, v0000023ed9581ee0_149, v0000023ed9581ee0_150, v0000023ed9581ee0_151, v0000023ed9581ee0_152;
v0000023ed9581ee0_153 .array/port v0000023ed9581ee0, 153;
v0000023ed9581ee0_154 .array/port v0000023ed9581ee0, 154;
v0000023ed9581ee0_155 .array/port v0000023ed9581ee0, 155;
v0000023ed9581ee0_156 .array/port v0000023ed9581ee0, 156;
E_0000023ed9498110/39 .event anyedge, v0000023ed9581ee0_153, v0000023ed9581ee0_154, v0000023ed9581ee0_155, v0000023ed9581ee0_156;
v0000023ed9581ee0_157 .array/port v0000023ed9581ee0, 157;
v0000023ed9581ee0_158 .array/port v0000023ed9581ee0, 158;
v0000023ed9581ee0_159 .array/port v0000023ed9581ee0, 159;
v0000023ed9581ee0_160 .array/port v0000023ed9581ee0, 160;
E_0000023ed9498110/40 .event anyedge, v0000023ed9581ee0_157, v0000023ed9581ee0_158, v0000023ed9581ee0_159, v0000023ed9581ee0_160;
v0000023ed9581ee0_161 .array/port v0000023ed9581ee0, 161;
v0000023ed9581ee0_162 .array/port v0000023ed9581ee0, 162;
v0000023ed9581ee0_163 .array/port v0000023ed9581ee0, 163;
v0000023ed9581ee0_164 .array/port v0000023ed9581ee0, 164;
E_0000023ed9498110/41 .event anyedge, v0000023ed9581ee0_161, v0000023ed9581ee0_162, v0000023ed9581ee0_163, v0000023ed9581ee0_164;
v0000023ed9581ee0_165 .array/port v0000023ed9581ee0, 165;
v0000023ed9581ee0_166 .array/port v0000023ed9581ee0, 166;
v0000023ed9581ee0_167 .array/port v0000023ed9581ee0, 167;
v0000023ed9581ee0_168 .array/port v0000023ed9581ee0, 168;
E_0000023ed9498110/42 .event anyedge, v0000023ed9581ee0_165, v0000023ed9581ee0_166, v0000023ed9581ee0_167, v0000023ed9581ee0_168;
v0000023ed9581ee0_169 .array/port v0000023ed9581ee0, 169;
v0000023ed9581ee0_170 .array/port v0000023ed9581ee0, 170;
v0000023ed9581ee0_171 .array/port v0000023ed9581ee0, 171;
v0000023ed9581ee0_172 .array/port v0000023ed9581ee0, 172;
E_0000023ed9498110/43 .event anyedge, v0000023ed9581ee0_169, v0000023ed9581ee0_170, v0000023ed9581ee0_171, v0000023ed9581ee0_172;
v0000023ed9581ee0_173 .array/port v0000023ed9581ee0, 173;
v0000023ed9581ee0_174 .array/port v0000023ed9581ee0, 174;
v0000023ed9581ee0_175 .array/port v0000023ed9581ee0, 175;
v0000023ed9581ee0_176 .array/port v0000023ed9581ee0, 176;
E_0000023ed9498110/44 .event anyedge, v0000023ed9581ee0_173, v0000023ed9581ee0_174, v0000023ed9581ee0_175, v0000023ed9581ee0_176;
v0000023ed9581ee0_177 .array/port v0000023ed9581ee0, 177;
v0000023ed9581ee0_178 .array/port v0000023ed9581ee0, 178;
v0000023ed9581ee0_179 .array/port v0000023ed9581ee0, 179;
v0000023ed9581ee0_180 .array/port v0000023ed9581ee0, 180;
E_0000023ed9498110/45 .event anyedge, v0000023ed9581ee0_177, v0000023ed9581ee0_178, v0000023ed9581ee0_179, v0000023ed9581ee0_180;
v0000023ed9581ee0_181 .array/port v0000023ed9581ee0, 181;
v0000023ed9581ee0_182 .array/port v0000023ed9581ee0, 182;
v0000023ed9581ee0_183 .array/port v0000023ed9581ee0, 183;
v0000023ed9581ee0_184 .array/port v0000023ed9581ee0, 184;
E_0000023ed9498110/46 .event anyedge, v0000023ed9581ee0_181, v0000023ed9581ee0_182, v0000023ed9581ee0_183, v0000023ed9581ee0_184;
v0000023ed9581ee0_185 .array/port v0000023ed9581ee0, 185;
v0000023ed9581ee0_186 .array/port v0000023ed9581ee0, 186;
v0000023ed9581ee0_187 .array/port v0000023ed9581ee0, 187;
v0000023ed9581ee0_188 .array/port v0000023ed9581ee0, 188;
E_0000023ed9498110/47 .event anyedge, v0000023ed9581ee0_185, v0000023ed9581ee0_186, v0000023ed9581ee0_187, v0000023ed9581ee0_188;
v0000023ed9581ee0_189 .array/port v0000023ed9581ee0, 189;
v0000023ed9581ee0_190 .array/port v0000023ed9581ee0, 190;
v0000023ed9581ee0_191 .array/port v0000023ed9581ee0, 191;
v0000023ed9581ee0_192 .array/port v0000023ed9581ee0, 192;
E_0000023ed9498110/48 .event anyedge, v0000023ed9581ee0_189, v0000023ed9581ee0_190, v0000023ed9581ee0_191, v0000023ed9581ee0_192;
v0000023ed9581ee0_193 .array/port v0000023ed9581ee0, 193;
v0000023ed9581ee0_194 .array/port v0000023ed9581ee0, 194;
v0000023ed9581ee0_195 .array/port v0000023ed9581ee0, 195;
v0000023ed9581ee0_196 .array/port v0000023ed9581ee0, 196;
E_0000023ed9498110/49 .event anyedge, v0000023ed9581ee0_193, v0000023ed9581ee0_194, v0000023ed9581ee0_195, v0000023ed9581ee0_196;
v0000023ed9581ee0_197 .array/port v0000023ed9581ee0, 197;
v0000023ed9581ee0_198 .array/port v0000023ed9581ee0, 198;
v0000023ed9581ee0_199 .array/port v0000023ed9581ee0, 199;
v0000023ed9581ee0_200 .array/port v0000023ed9581ee0, 200;
E_0000023ed9498110/50 .event anyedge, v0000023ed9581ee0_197, v0000023ed9581ee0_198, v0000023ed9581ee0_199, v0000023ed9581ee0_200;
v0000023ed9581ee0_201 .array/port v0000023ed9581ee0, 201;
v0000023ed9581ee0_202 .array/port v0000023ed9581ee0, 202;
v0000023ed9581ee0_203 .array/port v0000023ed9581ee0, 203;
v0000023ed9581ee0_204 .array/port v0000023ed9581ee0, 204;
E_0000023ed9498110/51 .event anyedge, v0000023ed9581ee0_201, v0000023ed9581ee0_202, v0000023ed9581ee0_203, v0000023ed9581ee0_204;
v0000023ed9581ee0_205 .array/port v0000023ed9581ee0, 205;
v0000023ed9581ee0_206 .array/port v0000023ed9581ee0, 206;
v0000023ed9581ee0_207 .array/port v0000023ed9581ee0, 207;
v0000023ed9581ee0_208 .array/port v0000023ed9581ee0, 208;
E_0000023ed9498110/52 .event anyedge, v0000023ed9581ee0_205, v0000023ed9581ee0_206, v0000023ed9581ee0_207, v0000023ed9581ee0_208;
v0000023ed9581ee0_209 .array/port v0000023ed9581ee0, 209;
v0000023ed9581ee0_210 .array/port v0000023ed9581ee0, 210;
v0000023ed9581ee0_211 .array/port v0000023ed9581ee0, 211;
v0000023ed9581ee0_212 .array/port v0000023ed9581ee0, 212;
E_0000023ed9498110/53 .event anyedge, v0000023ed9581ee0_209, v0000023ed9581ee0_210, v0000023ed9581ee0_211, v0000023ed9581ee0_212;
v0000023ed9581ee0_213 .array/port v0000023ed9581ee0, 213;
v0000023ed9581ee0_214 .array/port v0000023ed9581ee0, 214;
v0000023ed9581ee0_215 .array/port v0000023ed9581ee0, 215;
v0000023ed9581ee0_216 .array/port v0000023ed9581ee0, 216;
E_0000023ed9498110/54 .event anyedge, v0000023ed9581ee0_213, v0000023ed9581ee0_214, v0000023ed9581ee0_215, v0000023ed9581ee0_216;
v0000023ed9581ee0_217 .array/port v0000023ed9581ee0, 217;
v0000023ed9581ee0_218 .array/port v0000023ed9581ee0, 218;
v0000023ed9581ee0_219 .array/port v0000023ed9581ee0, 219;
v0000023ed9581ee0_220 .array/port v0000023ed9581ee0, 220;
E_0000023ed9498110/55 .event anyedge, v0000023ed9581ee0_217, v0000023ed9581ee0_218, v0000023ed9581ee0_219, v0000023ed9581ee0_220;
v0000023ed9581ee0_221 .array/port v0000023ed9581ee0, 221;
v0000023ed9581ee0_222 .array/port v0000023ed9581ee0, 222;
v0000023ed9581ee0_223 .array/port v0000023ed9581ee0, 223;
v0000023ed9581ee0_224 .array/port v0000023ed9581ee0, 224;
E_0000023ed9498110/56 .event anyedge, v0000023ed9581ee0_221, v0000023ed9581ee0_222, v0000023ed9581ee0_223, v0000023ed9581ee0_224;
v0000023ed9581ee0_225 .array/port v0000023ed9581ee0, 225;
v0000023ed9581ee0_226 .array/port v0000023ed9581ee0, 226;
v0000023ed9581ee0_227 .array/port v0000023ed9581ee0, 227;
v0000023ed9581ee0_228 .array/port v0000023ed9581ee0, 228;
E_0000023ed9498110/57 .event anyedge, v0000023ed9581ee0_225, v0000023ed9581ee0_226, v0000023ed9581ee0_227, v0000023ed9581ee0_228;
v0000023ed9581ee0_229 .array/port v0000023ed9581ee0, 229;
v0000023ed9581ee0_230 .array/port v0000023ed9581ee0, 230;
v0000023ed9581ee0_231 .array/port v0000023ed9581ee0, 231;
v0000023ed9581ee0_232 .array/port v0000023ed9581ee0, 232;
E_0000023ed9498110/58 .event anyedge, v0000023ed9581ee0_229, v0000023ed9581ee0_230, v0000023ed9581ee0_231, v0000023ed9581ee0_232;
v0000023ed9581ee0_233 .array/port v0000023ed9581ee0, 233;
v0000023ed9581ee0_234 .array/port v0000023ed9581ee0, 234;
v0000023ed9581ee0_235 .array/port v0000023ed9581ee0, 235;
v0000023ed9581ee0_236 .array/port v0000023ed9581ee0, 236;
E_0000023ed9498110/59 .event anyedge, v0000023ed9581ee0_233, v0000023ed9581ee0_234, v0000023ed9581ee0_235, v0000023ed9581ee0_236;
v0000023ed9581ee0_237 .array/port v0000023ed9581ee0, 237;
v0000023ed9581ee0_238 .array/port v0000023ed9581ee0, 238;
v0000023ed9581ee0_239 .array/port v0000023ed9581ee0, 239;
v0000023ed9581ee0_240 .array/port v0000023ed9581ee0, 240;
E_0000023ed9498110/60 .event anyedge, v0000023ed9581ee0_237, v0000023ed9581ee0_238, v0000023ed9581ee0_239, v0000023ed9581ee0_240;
v0000023ed9581ee0_241 .array/port v0000023ed9581ee0, 241;
v0000023ed9581ee0_242 .array/port v0000023ed9581ee0, 242;
v0000023ed9581ee0_243 .array/port v0000023ed9581ee0, 243;
v0000023ed9581ee0_244 .array/port v0000023ed9581ee0, 244;
E_0000023ed9498110/61 .event anyedge, v0000023ed9581ee0_241, v0000023ed9581ee0_242, v0000023ed9581ee0_243, v0000023ed9581ee0_244;
v0000023ed9581ee0_245 .array/port v0000023ed9581ee0, 245;
v0000023ed9581ee0_246 .array/port v0000023ed9581ee0, 246;
v0000023ed9581ee0_247 .array/port v0000023ed9581ee0, 247;
v0000023ed9581ee0_248 .array/port v0000023ed9581ee0, 248;
E_0000023ed9498110/62 .event anyedge, v0000023ed9581ee0_245, v0000023ed9581ee0_246, v0000023ed9581ee0_247, v0000023ed9581ee0_248;
v0000023ed9581ee0_249 .array/port v0000023ed9581ee0, 249;
v0000023ed9581ee0_250 .array/port v0000023ed9581ee0, 250;
v0000023ed9581ee0_251 .array/port v0000023ed9581ee0, 251;
v0000023ed9581ee0_252 .array/port v0000023ed9581ee0, 252;
E_0000023ed9498110/63 .event anyedge, v0000023ed9581ee0_249, v0000023ed9581ee0_250, v0000023ed9581ee0_251, v0000023ed9581ee0_252;
v0000023ed9581ee0_253 .array/port v0000023ed9581ee0, 253;
v0000023ed9581ee0_254 .array/port v0000023ed9581ee0, 254;
v0000023ed9581ee0_255 .array/port v0000023ed9581ee0, 255;
v0000023ed9581ee0_256 .array/port v0000023ed9581ee0, 256;
E_0000023ed9498110/64 .event anyedge, v0000023ed9581ee0_253, v0000023ed9581ee0_254, v0000023ed9581ee0_255, v0000023ed9581ee0_256;
v0000023ed9581ee0_257 .array/port v0000023ed9581ee0, 257;
v0000023ed9581ee0_258 .array/port v0000023ed9581ee0, 258;
v0000023ed9581ee0_259 .array/port v0000023ed9581ee0, 259;
v0000023ed9581ee0_260 .array/port v0000023ed9581ee0, 260;
E_0000023ed9498110/65 .event anyedge, v0000023ed9581ee0_257, v0000023ed9581ee0_258, v0000023ed9581ee0_259, v0000023ed9581ee0_260;
v0000023ed9581ee0_261 .array/port v0000023ed9581ee0, 261;
v0000023ed9581ee0_262 .array/port v0000023ed9581ee0, 262;
v0000023ed9581ee0_263 .array/port v0000023ed9581ee0, 263;
v0000023ed9581ee0_264 .array/port v0000023ed9581ee0, 264;
E_0000023ed9498110/66 .event anyedge, v0000023ed9581ee0_261, v0000023ed9581ee0_262, v0000023ed9581ee0_263, v0000023ed9581ee0_264;
v0000023ed9581ee0_265 .array/port v0000023ed9581ee0, 265;
v0000023ed9581ee0_266 .array/port v0000023ed9581ee0, 266;
v0000023ed9581ee0_267 .array/port v0000023ed9581ee0, 267;
v0000023ed9581ee0_268 .array/port v0000023ed9581ee0, 268;
E_0000023ed9498110/67 .event anyedge, v0000023ed9581ee0_265, v0000023ed9581ee0_266, v0000023ed9581ee0_267, v0000023ed9581ee0_268;
v0000023ed9581ee0_269 .array/port v0000023ed9581ee0, 269;
v0000023ed9581ee0_270 .array/port v0000023ed9581ee0, 270;
v0000023ed9581ee0_271 .array/port v0000023ed9581ee0, 271;
v0000023ed9581ee0_272 .array/port v0000023ed9581ee0, 272;
E_0000023ed9498110/68 .event anyedge, v0000023ed9581ee0_269, v0000023ed9581ee0_270, v0000023ed9581ee0_271, v0000023ed9581ee0_272;
v0000023ed9581ee0_273 .array/port v0000023ed9581ee0, 273;
v0000023ed9581ee0_274 .array/port v0000023ed9581ee0, 274;
v0000023ed9581ee0_275 .array/port v0000023ed9581ee0, 275;
v0000023ed9581ee0_276 .array/port v0000023ed9581ee0, 276;
E_0000023ed9498110/69 .event anyedge, v0000023ed9581ee0_273, v0000023ed9581ee0_274, v0000023ed9581ee0_275, v0000023ed9581ee0_276;
v0000023ed9581ee0_277 .array/port v0000023ed9581ee0, 277;
v0000023ed9581ee0_278 .array/port v0000023ed9581ee0, 278;
v0000023ed9581ee0_279 .array/port v0000023ed9581ee0, 279;
v0000023ed9581ee0_280 .array/port v0000023ed9581ee0, 280;
E_0000023ed9498110/70 .event anyedge, v0000023ed9581ee0_277, v0000023ed9581ee0_278, v0000023ed9581ee0_279, v0000023ed9581ee0_280;
v0000023ed9581ee0_281 .array/port v0000023ed9581ee0, 281;
v0000023ed9581ee0_282 .array/port v0000023ed9581ee0, 282;
v0000023ed9581ee0_283 .array/port v0000023ed9581ee0, 283;
v0000023ed9581ee0_284 .array/port v0000023ed9581ee0, 284;
E_0000023ed9498110/71 .event anyedge, v0000023ed9581ee0_281, v0000023ed9581ee0_282, v0000023ed9581ee0_283, v0000023ed9581ee0_284;
v0000023ed9581ee0_285 .array/port v0000023ed9581ee0, 285;
v0000023ed9581ee0_286 .array/port v0000023ed9581ee0, 286;
v0000023ed9581ee0_287 .array/port v0000023ed9581ee0, 287;
v0000023ed9581ee0_288 .array/port v0000023ed9581ee0, 288;
E_0000023ed9498110/72 .event anyedge, v0000023ed9581ee0_285, v0000023ed9581ee0_286, v0000023ed9581ee0_287, v0000023ed9581ee0_288;
v0000023ed9581ee0_289 .array/port v0000023ed9581ee0, 289;
v0000023ed9581ee0_290 .array/port v0000023ed9581ee0, 290;
v0000023ed9581ee0_291 .array/port v0000023ed9581ee0, 291;
v0000023ed9581ee0_292 .array/port v0000023ed9581ee0, 292;
E_0000023ed9498110/73 .event anyedge, v0000023ed9581ee0_289, v0000023ed9581ee0_290, v0000023ed9581ee0_291, v0000023ed9581ee0_292;
v0000023ed9581ee0_293 .array/port v0000023ed9581ee0, 293;
v0000023ed9581ee0_294 .array/port v0000023ed9581ee0, 294;
v0000023ed9581ee0_295 .array/port v0000023ed9581ee0, 295;
v0000023ed9581ee0_296 .array/port v0000023ed9581ee0, 296;
E_0000023ed9498110/74 .event anyedge, v0000023ed9581ee0_293, v0000023ed9581ee0_294, v0000023ed9581ee0_295, v0000023ed9581ee0_296;
v0000023ed9581ee0_297 .array/port v0000023ed9581ee0, 297;
v0000023ed9581ee0_298 .array/port v0000023ed9581ee0, 298;
v0000023ed9581ee0_299 .array/port v0000023ed9581ee0, 299;
v0000023ed9581ee0_300 .array/port v0000023ed9581ee0, 300;
E_0000023ed9498110/75 .event anyedge, v0000023ed9581ee0_297, v0000023ed9581ee0_298, v0000023ed9581ee0_299, v0000023ed9581ee0_300;
v0000023ed9581ee0_301 .array/port v0000023ed9581ee0, 301;
v0000023ed9581ee0_302 .array/port v0000023ed9581ee0, 302;
v0000023ed9581ee0_303 .array/port v0000023ed9581ee0, 303;
v0000023ed9581ee0_304 .array/port v0000023ed9581ee0, 304;
E_0000023ed9498110/76 .event anyedge, v0000023ed9581ee0_301, v0000023ed9581ee0_302, v0000023ed9581ee0_303, v0000023ed9581ee0_304;
v0000023ed9581ee0_305 .array/port v0000023ed9581ee0, 305;
v0000023ed9581ee0_306 .array/port v0000023ed9581ee0, 306;
v0000023ed9581ee0_307 .array/port v0000023ed9581ee0, 307;
v0000023ed9581ee0_308 .array/port v0000023ed9581ee0, 308;
E_0000023ed9498110/77 .event anyedge, v0000023ed9581ee0_305, v0000023ed9581ee0_306, v0000023ed9581ee0_307, v0000023ed9581ee0_308;
v0000023ed9581ee0_309 .array/port v0000023ed9581ee0, 309;
v0000023ed9581ee0_310 .array/port v0000023ed9581ee0, 310;
v0000023ed9581ee0_311 .array/port v0000023ed9581ee0, 311;
v0000023ed9581ee0_312 .array/port v0000023ed9581ee0, 312;
E_0000023ed9498110/78 .event anyedge, v0000023ed9581ee0_309, v0000023ed9581ee0_310, v0000023ed9581ee0_311, v0000023ed9581ee0_312;
v0000023ed9581ee0_313 .array/port v0000023ed9581ee0, 313;
v0000023ed9581ee0_314 .array/port v0000023ed9581ee0, 314;
v0000023ed9581ee0_315 .array/port v0000023ed9581ee0, 315;
v0000023ed9581ee0_316 .array/port v0000023ed9581ee0, 316;
E_0000023ed9498110/79 .event anyedge, v0000023ed9581ee0_313, v0000023ed9581ee0_314, v0000023ed9581ee0_315, v0000023ed9581ee0_316;
v0000023ed9581ee0_317 .array/port v0000023ed9581ee0, 317;
v0000023ed9581ee0_318 .array/port v0000023ed9581ee0, 318;
v0000023ed9581ee0_319 .array/port v0000023ed9581ee0, 319;
v0000023ed9581ee0_320 .array/port v0000023ed9581ee0, 320;
E_0000023ed9498110/80 .event anyedge, v0000023ed9581ee0_317, v0000023ed9581ee0_318, v0000023ed9581ee0_319, v0000023ed9581ee0_320;
v0000023ed9581ee0_321 .array/port v0000023ed9581ee0, 321;
v0000023ed9581ee0_322 .array/port v0000023ed9581ee0, 322;
v0000023ed9581ee0_323 .array/port v0000023ed9581ee0, 323;
v0000023ed9581ee0_324 .array/port v0000023ed9581ee0, 324;
E_0000023ed9498110/81 .event anyedge, v0000023ed9581ee0_321, v0000023ed9581ee0_322, v0000023ed9581ee0_323, v0000023ed9581ee0_324;
v0000023ed9581ee0_325 .array/port v0000023ed9581ee0, 325;
v0000023ed9581ee0_326 .array/port v0000023ed9581ee0, 326;
v0000023ed9581ee0_327 .array/port v0000023ed9581ee0, 327;
v0000023ed9581ee0_328 .array/port v0000023ed9581ee0, 328;
E_0000023ed9498110/82 .event anyedge, v0000023ed9581ee0_325, v0000023ed9581ee0_326, v0000023ed9581ee0_327, v0000023ed9581ee0_328;
v0000023ed9581ee0_329 .array/port v0000023ed9581ee0, 329;
v0000023ed9581ee0_330 .array/port v0000023ed9581ee0, 330;
v0000023ed9581ee0_331 .array/port v0000023ed9581ee0, 331;
v0000023ed9581ee0_332 .array/port v0000023ed9581ee0, 332;
E_0000023ed9498110/83 .event anyedge, v0000023ed9581ee0_329, v0000023ed9581ee0_330, v0000023ed9581ee0_331, v0000023ed9581ee0_332;
v0000023ed9581ee0_333 .array/port v0000023ed9581ee0, 333;
v0000023ed9581ee0_334 .array/port v0000023ed9581ee0, 334;
v0000023ed9581ee0_335 .array/port v0000023ed9581ee0, 335;
v0000023ed9581ee0_336 .array/port v0000023ed9581ee0, 336;
E_0000023ed9498110/84 .event anyedge, v0000023ed9581ee0_333, v0000023ed9581ee0_334, v0000023ed9581ee0_335, v0000023ed9581ee0_336;
v0000023ed9581ee0_337 .array/port v0000023ed9581ee0, 337;
v0000023ed9581ee0_338 .array/port v0000023ed9581ee0, 338;
v0000023ed9581ee0_339 .array/port v0000023ed9581ee0, 339;
v0000023ed9581ee0_340 .array/port v0000023ed9581ee0, 340;
E_0000023ed9498110/85 .event anyedge, v0000023ed9581ee0_337, v0000023ed9581ee0_338, v0000023ed9581ee0_339, v0000023ed9581ee0_340;
v0000023ed9581ee0_341 .array/port v0000023ed9581ee0, 341;
v0000023ed9581ee0_342 .array/port v0000023ed9581ee0, 342;
v0000023ed9581ee0_343 .array/port v0000023ed9581ee0, 343;
v0000023ed9581ee0_344 .array/port v0000023ed9581ee0, 344;
E_0000023ed9498110/86 .event anyedge, v0000023ed9581ee0_341, v0000023ed9581ee0_342, v0000023ed9581ee0_343, v0000023ed9581ee0_344;
v0000023ed9581ee0_345 .array/port v0000023ed9581ee0, 345;
v0000023ed9581ee0_346 .array/port v0000023ed9581ee0, 346;
v0000023ed9581ee0_347 .array/port v0000023ed9581ee0, 347;
v0000023ed9581ee0_348 .array/port v0000023ed9581ee0, 348;
E_0000023ed9498110/87 .event anyedge, v0000023ed9581ee0_345, v0000023ed9581ee0_346, v0000023ed9581ee0_347, v0000023ed9581ee0_348;
v0000023ed9581ee0_349 .array/port v0000023ed9581ee0, 349;
v0000023ed9581ee0_350 .array/port v0000023ed9581ee0, 350;
v0000023ed9581ee0_351 .array/port v0000023ed9581ee0, 351;
v0000023ed9581ee0_352 .array/port v0000023ed9581ee0, 352;
E_0000023ed9498110/88 .event anyedge, v0000023ed9581ee0_349, v0000023ed9581ee0_350, v0000023ed9581ee0_351, v0000023ed9581ee0_352;
v0000023ed9581ee0_353 .array/port v0000023ed9581ee0, 353;
v0000023ed9581ee0_354 .array/port v0000023ed9581ee0, 354;
v0000023ed9581ee0_355 .array/port v0000023ed9581ee0, 355;
v0000023ed9581ee0_356 .array/port v0000023ed9581ee0, 356;
E_0000023ed9498110/89 .event anyedge, v0000023ed9581ee0_353, v0000023ed9581ee0_354, v0000023ed9581ee0_355, v0000023ed9581ee0_356;
v0000023ed9581ee0_357 .array/port v0000023ed9581ee0, 357;
v0000023ed9581ee0_358 .array/port v0000023ed9581ee0, 358;
v0000023ed9581ee0_359 .array/port v0000023ed9581ee0, 359;
v0000023ed9581ee0_360 .array/port v0000023ed9581ee0, 360;
E_0000023ed9498110/90 .event anyedge, v0000023ed9581ee0_357, v0000023ed9581ee0_358, v0000023ed9581ee0_359, v0000023ed9581ee0_360;
v0000023ed9581ee0_361 .array/port v0000023ed9581ee0, 361;
v0000023ed9581ee0_362 .array/port v0000023ed9581ee0, 362;
v0000023ed9581ee0_363 .array/port v0000023ed9581ee0, 363;
v0000023ed9581ee0_364 .array/port v0000023ed9581ee0, 364;
E_0000023ed9498110/91 .event anyedge, v0000023ed9581ee0_361, v0000023ed9581ee0_362, v0000023ed9581ee0_363, v0000023ed9581ee0_364;
v0000023ed9581ee0_365 .array/port v0000023ed9581ee0, 365;
v0000023ed9581ee0_366 .array/port v0000023ed9581ee0, 366;
v0000023ed9581ee0_367 .array/port v0000023ed9581ee0, 367;
v0000023ed9581ee0_368 .array/port v0000023ed9581ee0, 368;
E_0000023ed9498110/92 .event anyedge, v0000023ed9581ee0_365, v0000023ed9581ee0_366, v0000023ed9581ee0_367, v0000023ed9581ee0_368;
v0000023ed9581ee0_369 .array/port v0000023ed9581ee0, 369;
v0000023ed9581ee0_370 .array/port v0000023ed9581ee0, 370;
v0000023ed9581ee0_371 .array/port v0000023ed9581ee0, 371;
v0000023ed9581ee0_372 .array/port v0000023ed9581ee0, 372;
E_0000023ed9498110/93 .event anyedge, v0000023ed9581ee0_369, v0000023ed9581ee0_370, v0000023ed9581ee0_371, v0000023ed9581ee0_372;
v0000023ed9581ee0_373 .array/port v0000023ed9581ee0, 373;
v0000023ed9581ee0_374 .array/port v0000023ed9581ee0, 374;
v0000023ed9581ee0_375 .array/port v0000023ed9581ee0, 375;
v0000023ed9581ee0_376 .array/port v0000023ed9581ee0, 376;
E_0000023ed9498110/94 .event anyedge, v0000023ed9581ee0_373, v0000023ed9581ee0_374, v0000023ed9581ee0_375, v0000023ed9581ee0_376;
v0000023ed9581ee0_377 .array/port v0000023ed9581ee0, 377;
v0000023ed9581ee0_378 .array/port v0000023ed9581ee0, 378;
v0000023ed9581ee0_379 .array/port v0000023ed9581ee0, 379;
v0000023ed9581ee0_380 .array/port v0000023ed9581ee0, 380;
E_0000023ed9498110/95 .event anyedge, v0000023ed9581ee0_377, v0000023ed9581ee0_378, v0000023ed9581ee0_379, v0000023ed9581ee0_380;
v0000023ed9581ee0_381 .array/port v0000023ed9581ee0, 381;
v0000023ed9581ee0_382 .array/port v0000023ed9581ee0, 382;
v0000023ed9581ee0_383 .array/port v0000023ed9581ee0, 383;
v0000023ed9581ee0_384 .array/port v0000023ed9581ee0, 384;
E_0000023ed9498110/96 .event anyedge, v0000023ed9581ee0_381, v0000023ed9581ee0_382, v0000023ed9581ee0_383, v0000023ed9581ee0_384;
v0000023ed9581ee0_385 .array/port v0000023ed9581ee0, 385;
v0000023ed9581ee0_386 .array/port v0000023ed9581ee0, 386;
v0000023ed9581ee0_387 .array/port v0000023ed9581ee0, 387;
v0000023ed9581ee0_388 .array/port v0000023ed9581ee0, 388;
E_0000023ed9498110/97 .event anyedge, v0000023ed9581ee0_385, v0000023ed9581ee0_386, v0000023ed9581ee0_387, v0000023ed9581ee0_388;
v0000023ed9581ee0_389 .array/port v0000023ed9581ee0, 389;
v0000023ed9581ee0_390 .array/port v0000023ed9581ee0, 390;
v0000023ed9581ee0_391 .array/port v0000023ed9581ee0, 391;
v0000023ed9581ee0_392 .array/port v0000023ed9581ee0, 392;
E_0000023ed9498110/98 .event anyedge, v0000023ed9581ee0_389, v0000023ed9581ee0_390, v0000023ed9581ee0_391, v0000023ed9581ee0_392;
v0000023ed9581ee0_393 .array/port v0000023ed9581ee0, 393;
v0000023ed9581ee0_394 .array/port v0000023ed9581ee0, 394;
v0000023ed9581ee0_395 .array/port v0000023ed9581ee0, 395;
v0000023ed9581ee0_396 .array/port v0000023ed9581ee0, 396;
E_0000023ed9498110/99 .event anyedge, v0000023ed9581ee0_393, v0000023ed9581ee0_394, v0000023ed9581ee0_395, v0000023ed9581ee0_396;
v0000023ed9581ee0_397 .array/port v0000023ed9581ee0, 397;
v0000023ed9581ee0_398 .array/port v0000023ed9581ee0, 398;
v0000023ed9581ee0_399 .array/port v0000023ed9581ee0, 399;
v0000023ed9581ee0_400 .array/port v0000023ed9581ee0, 400;
E_0000023ed9498110/100 .event anyedge, v0000023ed9581ee0_397, v0000023ed9581ee0_398, v0000023ed9581ee0_399, v0000023ed9581ee0_400;
v0000023ed9581ee0_401 .array/port v0000023ed9581ee0, 401;
v0000023ed9581ee0_402 .array/port v0000023ed9581ee0, 402;
v0000023ed9581ee0_403 .array/port v0000023ed9581ee0, 403;
v0000023ed9581ee0_404 .array/port v0000023ed9581ee0, 404;
E_0000023ed9498110/101 .event anyedge, v0000023ed9581ee0_401, v0000023ed9581ee0_402, v0000023ed9581ee0_403, v0000023ed9581ee0_404;
v0000023ed9581ee0_405 .array/port v0000023ed9581ee0, 405;
v0000023ed9581ee0_406 .array/port v0000023ed9581ee0, 406;
v0000023ed9581ee0_407 .array/port v0000023ed9581ee0, 407;
v0000023ed9581ee0_408 .array/port v0000023ed9581ee0, 408;
E_0000023ed9498110/102 .event anyedge, v0000023ed9581ee0_405, v0000023ed9581ee0_406, v0000023ed9581ee0_407, v0000023ed9581ee0_408;
v0000023ed9581ee0_409 .array/port v0000023ed9581ee0, 409;
v0000023ed9581ee0_410 .array/port v0000023ed9581ee0, 410;
v0000023ed9581ee0_411 .array/port v0000023ed9581ee0, 411;
v0000023ed9581ee0_412 .array/port v0000023ed9581ee0, 412;
E_0000023ed9498110/103 .event anyedge, v0000023ed9581ee0_409, v0000023ed9581ee0_410, v0000023ed9581ee0_411, v0000023ed9581ee0_412;
v0000023ed9581ee0_413 .array/port v0000023ed9581ee0, 413;
v0000023ed9581ee0_414 .array/port v0000023ed9581ee0, 414;
v0000023ed9581ee0_415 .array/port v0000023ed9581ee0, 415;
v0000023ed9581ee0_416 .array/port v0000023ed9581ee0, 416;
E_0000023ed9498110/104 .event anyedge, v0000023ed9581ee0_413, v0000023ed9581ee0_414, v0000023ed9581ee0_415, v0000023ed9581ee0_416;
v0000023ed9581ee0_417 .array/port v0000023ed9581ee0, 417;
v0000023ed9581ee0_418 .array/port v0000023ed9581ee0, 418;
v0000023ed9581ee0_419 .array/port v0000023ed9581ee0, 419;
v0000023ed9581ee0_420 .array/port v0000023ed9581ee0, 420;
E_0000023ed9498110/105 .event anyedge, v0000023ed9581ee0_417, v0000023ed9581ee0_418, v0000023ed9581ee0_419, v0000023ed9581ee0_420;
v0000023ed9581ee0_421 .array/port v0000023ed9581ee0, 421;
v0000023ed9581ee0_422 .array/port v0000023ed9581ee0, 422;
v0000023ed9581ee0_423 .array/port v0000023ed9581ee0, 423;
v0000023ed9581ee0_424 .array/port v0000023ed9581ee0, 424;
E_0000023ed9498110/106 .event anyedge, v0000023ed9581ee0_421, v0000023ed9581ee0_422, v0000023ed9581ee0_423, v0000023ed9581ee0_424;
v0000023ed9581ee0_425 .array/port v0000023ed9581ee0, 425;
v0000023ed9581ee0_426 .array/port v0000023ed9581ee0, 426;
v0000023ed9581ee0_427 .array/port v0000023ed9581ee0, 427;
v0000023ed9581ee0_428 .array/port v0000023ed9581ee0, 428;
E_0000023ed9498110/107 .event anyedge, v0000023ed9581ee0_425, v0000023ed9581ee0_426, v0000023ed9581ee0_427, v0000023ed9581ee0_428;
v0000023ed9581ee0_429 .array/port v0000023ed9581ee0, 429;
v0000023ed9581ee0_430 .array/port v0000023ed9581ee0, 430;
v0000023ed9581ee0_431 .array/port v0000023ed9581ee0, 431;
v0000023ed9581ee0_432 .array/port v0000023ed9581ee0, 432;
E_0000023ed9498110/108 .event anyedge, v0000023ed9581ee0_429, v0000023ed9581ee0_430, v0000023ed9581ee0_431, v0000023ed9581ee0_432;
v0000023ed9581ee0_433 .array/port v0000023ed9581ee0, 433;
v0000023ed9581ee0_434 .array/port v0000023ed9581ee0, 434;
v0000023ed9581ee0_435 .array/port v0000023ed9581ee0, 435;
v0000023ed9581ee0_436 .array/port v0000023ed9581ee0, 436;
E_0000023ed9498110/109 .event anyedge, v0000023ed9581ee0_433, v0000023ed9581ee0_434, v0000023ed9581ee0_435, v0000023ed9581ee0_436;
v0000023ed9581ee0_437 .array/port v0000023ed9581ee0, 437;
v0000023ed9581ee0_438 .array/port v0000023ed9581ee0, 438;
v0000023ed9581ee0_439 .array/port v0000023ed9581ee0, 439;
v0000023ed9581ee0_440 .array/port v0000023ed9581ee0, 440;
E_0000023ed9498110/110 .event anyedge, v0000023ed9581ee0_437, v0000023ed9581ee0_438, v0000023ed9581ee0_439, v0000023ed9581ee0_440;
v0000023ed9581ee0_441 .array/port v0000023ed9581ee0, 441;
v0000023ed9581ee0_442 .array/port v0000023ed9581ee0, 442;
v0000023ed9581ee0_443 .array/port v0000023ed9581ee0, 443;
v0000023ed9581ee0_444 .array/port v0000023ed9581ee0, 444;
E_0000023ed9498110/111 .event anyedge, v0000023ed9581ee0_441, v0000023ed9581ee0_442, v0000023ed9581ee0_443, v0000023ed9581ee0_444;
v0000023ed9581ee0_445 .array/port v0000023ed9581ee0, 445;
v0000023ed9581ee0_446 .array/port v0000023ed9581ee0, 446;
v0000023ed9581ee0_447 .array/port v0000023ed9581ee0, 447;
v0000023ed9581ee0_448 .array/port v0000023ed9581ee0, 448;
E_0000023ed9498110/112 .event anyedge, v0000023ed9581ee0_445, v0000023ed9581ee0_446, v0000023ed9581ee0_447, v0000023ed9581ee0_448;
v0000023ed9581ee0_449 .array/port v0000023ed9581ee0, 449;
v0000023ed9581ee0_450 .array/port v0000023ed9581ee0, 450;
v0000023ed9581ee0_451 .array/port v0000023ed9581ee0, 451;
v0000023ed9581ee0_452 .array/port v0000023ed9581ee0, 452;
E_0000023ed9498110/113 .event anyedge, v0000023ed9581ee0_449, v0000023ed9581ee0_450, v0000023ed9581ee0_451, v0000023ed9581ee0_452;
v0000023ed9581ee0_453 .array/port v0000023ed9581ee0, 453;
v0000023ed9581ee0_454 .array/port v0000023ed9581ee0, 454;
v0000023ed9581ee0_455 .array/port v0000023ed9581ee0, 455;
v0000023ed9581ee0_456 .array/port v0000023ed9581ee0, 456;
E_0000023ed9498110/114 .event anyedge, v0000023ed9581ee0_453, v0000023ed9581ee0_454, v0000023ed9581ee0_455, v0000023ed9581ee0_456;
v0000023ed9581ee0_457 .array/port v0000023ed9581ee0, 457;
v0000023ed9581ee0_458 .array/port v0000023ed9581ee0, 458;
v0000023ed9581ee0_459 .array/port v0000023ed9581ee0, 459;
v0000023ed9581ee0_460 .array/port v0000023ed9581ee0, 460;
E_0000023ed9498110/115 .event anyedge, v0000023ed9581ee0_457, v0000023ed9581ee0_458, v0000023ed9581ee0_459, v0000023ed9581ee0_460;
v0000023ed9581ee0_461 .array/port v0000023ed9581ee0, 461;
v0000023ed9581ee0_462 .array/port v0000023ed9581ee0, 462;
v0000023ed9581ee0_463 .array/port v0000023ed9581ee0, 463;
v0000023ed9581ee0_464 .array/port v0000023ed9581ee0, 464;
E_0000023ed9498110/116 .event anyedge, v0000023ed9581ee0_461, v0000023ed9581ee0_462, v0000023ed9581ee0_463, v0000023ed9581ee0_464;
v0000023ed9581ee0_465 .array/port v0000023ed9581ee0, 465;
v0000023ed9581ee0_466 .array/port v0000023ed9581ee0, 466;
v0000023ed9581ee0_467 .array/port v0000023ed9581ee0, 467;
v0000023ed9581ee0_468 .array/port v0000023ed9581ee0, 468;
E_0000023ed9498110/117 .event anyedge, v0000023ed9581ee0_465, v0000023ed9581ee0_466, v0000023ed9581ee0_467, v0000023ed9581ee0_468;
v0000023ed9581ee0_469 .array/port v0000023ed9581ee0, 469;
v0000023ed9581ee0_470 .array/port v0000023ed9581ee0, 470;
v0000023ed9581ee0_471 .array/port v0000023ed9581ee0, 471;
v0000023ed9581ee0_472 .array/port v0000023ed9581ee0, 472;
E_0000023ed9498110/118 .event anyedge, v0000023ed9581ee0_469, v0000023ed9581ee0_470, v0000023ed9581ee0_471, v0000023ed9581ee0_472;
v0000023ed9581ee0_473 .array/port v0000023ed9581ee0, 473;
v0000023ed9581ee0_474 .array/port v0000023ed9581ee0, 474;
v0000023ed9581ee0_475 .array/port v0000023ed9581ee0, 475;
v0000023ed9581ee0_476 .array/port v0000023ed9581ee0, 476;
E_0000023ed9498110/119 .event anyedge, v0000023ed9581ee0_473, v0000023ed9581ee0_474, v0000023ed9581ee0_475, v0000023ed9581ee0_476;
v0000023ed9581ee0_477 .array/port v0000023ed9581ee0, 477;
v0000023ed9581ee0_478 .array/port v0000023ed9581ee0, 478;
v0000023ed9581ee0_479 .array/port v0000023ed9581ee0, 479;
v0000023ed9581ee0_480 .array/port v0000023ed9581ee0, 480;
E_0000023ed9498110/120 .event anyedge, v0000023ed9581ee0_477, v0000023ed9581ee0_478, v0000023ed9581ee0_479, v0000023ed9581ee0_480;
v0000023ed9581ee0_481 .array/port v0000023ed9581ee0, 481;
v0000023ed9581ee0_482 .array/port v0000023ed9581ee0, 482;
v0000023ed9581ee0_483 .array/port v0000023ed9581ee0, 483;
v0000023ed9581ee0_484 .array/port v0000023ed9581ee0, 484;
E_0000023ed9498110/121 .event anyedge, v0000023ed9581ee0_481, v0000023ed9581ee0_482, v0000023ed9581ee0_483, v0000023ed9581ee0_484;
v0000023ed9581ee0_485 .array/port v0000023ed9581ee0, 485;
v0000023ed9581ee0_486 .array/port v0000023ed9581ee0, 486;
v0000023ed9581ee0_487 .array/port v0000023ed9581ee0, 487;
v0000023ed9581ee0_488 .array/port v0000023ed9581ee0, 488;
E_0000023ed9498110/122 .event anyedge, v0000023ed9581ee0_485, v0000023ed9581ee0_486, v0000023ed9581ee0_487, v0000023ed9581ee0_488;
v0000023ed9581ee0_489 .array/port v0000023ed9581ee0, 489;
v0000023ed9581ee0_490 .array/port v0000023ed9581ee0, 490;
v0000023ed9581ee0_491 .array/port v0000023ed9581ee0, 491;
v0000023ed9581ee0_492 .array/port v0000023ed9581ee0, 492;
E_0000023ed9498110/123 .event anyedge, v0000023ed9581ee0_489, v0000023ed9581ee0_490, v0000023ed9581ee0_491, v0000023ed9581ee0_492;
v0000023ed9581ee0_493 .array/port v0000023ed9581ee0, 493;
v0000023ed9581ee0_494 .array/port v0000023ed9581ee0, 494;
v0000023ed9581ee0_495 .array/port v0000023ed9581ee0, 495;
v0000023ed9581ee0_496 .array/port v0000023ed9581ee0, 496;
E_0000023ed9498110/124 .event anyedge, v0000023ed9581ee0_493, v0000023ed9581ee0_494, v0000023ed9581ee0_495, v0000023ed9581ee0_496;
v0000023ed9581ee0_497 .array/port v0000023ed9581ee0, 497;
v0000023ed9581ee0_498 .array/port v0000023ed9581ee0, 498;
v0000023ed9581ee0_499 .array/port v0000023ed9581ee0, 499;
v0000023ed9581ee0_500 .array/port v0000023ed9581ee0, 500;
E_0000023ed9498110/125 .event anyedge, v0000023ed9581ee0_497, v0000023ed9581ee0_498, v0000023ed9581ee0_499, v0000023ed9581ee0_500;
v0000023ed9581ee0_501 .array/port v0000023ed9581ee0, 501;
v0000023ed9581ee0_502 .array/port v0000023ed9581ee0, 502;
v0000023ed9581ee0_503 .array/port v0000023ed9581ee0, 503;
v0000023ed9581ee0_504 .array/port v0000023ed9581ee0, 504;
E_0000023ed9498110/126 .event anyedge, v0000023ed9581ee0_501, v0000023ed9581ee0_502, v0000023ed9581ee0_503, v0000023ed9581ee0_504;
v0000023ed9581ee0_505 .array/port v0000023ed9581ee0, 505;
v0000023ed9581ee0_506 .array/port v0000023ed9581ee0, 506;
v0000023ed9581ee0_507 .array/port v0000023ed9581ee0, 507;
v0000023ed9581ee0_508 .array/port v0000023ed9581ee0, 508;
E_0000023ed9498110/127 .event anyedge, v0000023ed9581ee0_505, v0000023ed9581ee0_506, v0000023ed9581ee0_507, v0000023ed9581ee0_508;
v0000023ed9581ee0_509 .array/port v0000023ed9581ee0, 509;
v0000023ed9581ee0_510 .array/port v0000023ed9581ee0, 510;
v0000023ed9581ee0_511 .array/port v0000023ed9581ee0, 511;
v0000023ed9581ee0_512 .array/port v0000023ed9581ee0, 512;
E_0000023ed9498110/128 .event anyedge, v0000023ed9581ee0_509, v0000023ed9581ee0_510, v0000023ed9581ee0_511, v0000023ed9581ee0_512;
v0000023ed9581ee0_513 .array/port v0000023ed9581ee0, 513;
v0000023ed9581ee0_514 .array/port v0000023ed9581ee0, 514;
v0000023ed9581ee0_515 .array/port v0000023ed9581ee0, 515;
v0000023ed9581ee0_516 .array/port v0000023ed9581ee0, 516;
E_0000023ed9498110/129 .event anyedge, v0000023ed9581ee0_513, v0000023ed9581ee0_514, v0000023ed9581ee0_515, v0000023ed9581ee0_516;
v0000023ed9581ee0_517 .array/port v0000023ed9581ee0, 517;
v0000023ed9581ee0_518 .array/port v0000023ed9581ee0, 518;
v0000023ed9581ee0_519 .array/port v0000023ed9581ee0, 519;
v0000023ed9581ee0_520 .array/port v0000023ed9581ee0, 520;
E_0000023ed9498110/130 .event anyedge, v0000023ed9581ee0_517, v0000023ed9581ee0_518, v0000023ed9581ee0_519, v0000023ed9581ee0_520;
v0000023ed9581ee0_521 .array/port v0000023ed9581ee0, 521;
v0000023ed9581ee0_522 .array/port v0000023ed9581ee0, 522;
v0000023ed9581ee0_523 .array/port v0000023ed9581ee0, 523;
v0000023ed9581ee0_524 .array/port v0000023ed9581ee0, 524;
E_0000023ed9498110/131 .event anyedge, v0000023ed9581ee0_521, v0000023ed9581ee0_522, v0000023ed9581ee0_523, v0000023ed9581ee0_524;
v0000023ed9581ee0_525 .array/port v0000023ed9581ee0, 525;
v0000023ed9581ee0_526 .array/port v0000023ed9581ee0, 526;
v0000023ed9581ee0_527 .array/port v0000023ed9581ee0, 527;
v0000023ed9581ee0_528 .array/port v0000023ed9581ee0, 528;
E_0000023ed9498110/132 .event anyedge, v0000023ed9581ee0_525, v0000023ed9581ee0_526, v0000023ed9581ee0_527, v0000023ed9581ee0_528;
v0000023ed9581ee0_529 .array/port v0000023ed9581ee0, 529;
v0000023ed9581ee0_530 .array/port v0000023ed9581ee0, 530;
v0000023ed9581ee0_531 .array/port v0000023ed9581ee0, 531;
v0000023ed9581ee0_532 .array/port v0000023ed9581ee0, 532;
E_0000023ed9498110/133 .event anyedge, v0000023ed9581ee0_529, v0000023ed9581ee0_530, v0000023ed9581ee0_531, v0000023ed9581ee0_532;
v0000023ed9581ee0_533 .array/port v0000023ed9581ee0, 533;
v0000023ed9581ee0_534 .array/port v0000023ed9581ee0, 534;
v0000023ed9581ee0_535 .array/port v0000023ed9581ee0, 535;
v0000023ed9581ee0_536 .array/port v0000023ed9581ee0, 536;
E_0000023ed9498110/134 .event anyedge, v0000023ed9581ee0_533, v0000023ed9581ee0_534, v0000023ed9581ee0_535, v0000023ed9581ee0_536;
v0000023ed9581ee0_537 .array/port v0000023ed9581ee0, 537;
v0000023ed9581ee0_538 .array/port v0000023ed9581ee0, 538;
v0000023ed9581ee0_539 .array/port v0000023ed9581ee0, 539;
v0000023ed9581ee0_540 .array/port v0000023ed9581ee0, 540;
E_0000023ed9498110/135 .event anyedge, v0000023ed9581ee0_537, v0000023ed9581ee0_538, v0000023ed9581ee0_539, v0000023ed9581ee0_540;
v0000023ed9581ee0_541 .array/port v0000023ed9581ee0, 541;
v0000023ed9581ee0_542 .array/port v0000023ed9581ee0, 542;
v0000023ed9581ee0_543 .array/port v0000023ed9581ee0, 543;
v0000023ed9581ee0_544 .array/port v0000023ed9581ee0, 544;
E_0000023ed9498110/136 .event anyedge, v0000023ed9581ee0_541, v0000023ed9581ee0_542, v0000023ed9581ee0_543, v0000023ed9581ee0_544;
v0000023ed9581ee0_545 .array/port v0000023ed9581ee0, 545;
v0000023ed9581ee0_546 .array/port v0000023ed9581ee0, 546;
v0000023ed9581ee0_547 .array/port v0000023ed9581ee0, 547;
v0000023ed9581ee0_548 .array/port v0000023ed9581ee0, 548;
E_0000023ed9498110/137 .event anyedge, v0000023ed9581ee0_545, v0000023ed9581ee0_546, v0000023ed9581ee0_547, v0000023ed9581ee0_548;
v0000023ed9581ee0_549 .array/port v0000023ed9581ee0, 549;
v0000023ed9581ee0_550 .array/port v0000023ed9581ee0, 550;
v0000023ed9581ee0_551 .array/port v0000023ed9581ee0, 551;
v0000023ed9581ee0_552 .array/port v0000023ed9581ee0, 552;
E_0000023ed9498110/138 .event anyedge, v0000023ed9581ee0_549, v0000023ed9581ee0_550, v0000023ed9581ee0_551, v0000023ed9581ee0_552;
v0000023ed9581ee0_553 .array/port v0000023ed9581ee0, 553;
v0000023ed9581ee0_554 .array/port v0000023ed9581ee0, 554;
v0000023ed9581ee0_555 .array/port v0000023ed9581ee0, 555;
v0000023ed9581ee0_556 .array/port v0000023ed9581ee0, 556;
E_0000023ed9498110/139 .event anyedge, v0000023ed9581ee0_553, v0000023ed9581ee0_554, v0000023ed9581ee0_555, v0000023ed9581ee0_556;
v0000023ed9581ee0_557 .array/port v0000023ed9581ee0, 557;
v0000023ed9581ee0_558 .array/port v0000023ed9581ee0, 558;
v0000023ed9581ee0_559 .array/port v0000023ed9581ee0, 559;
v0000023ed9581ee0_560 .array/port v0000023ed9581ee0, 560;
E_0000023ed9498110/140 .event anyedge, v0000023ed9581ee0_557, v0000023ed9581ee0_558, v0000023ed9581ee0_559, v0000023ed9581ee0_560;
v0000023ed9581ee0_561 .array/port v0000023ed9581ee0, 561;
v0000023ed9581ee0_562 .array/port v0000023ed9581ee0, 562;
v0000023ed9581ee0_563 .array/port v0000023ed9581ee0, 563;
v0000023ed9581ee0_564 .array/port v0000023ed9581ee0, 564;
E_0000023ed9498110/141 .event anyedge, v0000023ed9581ee0_561, v0000023ed9581ee0_562, v0000023ed9581ee0_563, v0000023ed9581ee0_564;
v0000023ed9581ee0_565 .array/port v0000023ed9581ee0, 565;
v0000023ed9581ee0_566 .array/port v0000023ed9581ee0, 566;
v0000023ed9581ee0_567 .array/port v0000023ed9581ee0, 567;
v0000023ed9581ee0_568 .array/port v0000023ed9581ee0, 568;
E_0000023ed9498110/142 .event anyedge, v0000023ed9581ee0_565, v0000023ed9581ee0_566, v0000023ed9581ee0_567, v0000023ed9581ee0_568;
v0000023ed9581ee0_569 .array/port v0000023ed9581ee0, 569;
v0000023ed9581ee0_570 .array/port v0000023ed9581ee0, 570;
v0000023ed9581ee0_571 .array/port v0000023ed9581ee0, 571;
v0000023ed9581ee0_572 .array/port v0000023ed9581ee0, 572;
E_0000023ed9498110/143 .event anyedge, v0000023ed9581ee0_569, v0000023ed9581ee0_570, v0000023ed9581ee0_571, v0000023ed9581ee0_572;
v0000023ed9581ee0_573 .array/port v0000023ed9581ee0, 573;
v0000023ed9581ee0_574 .array/port v0000023ed9581ee0, 574;
v0000023ed9581ee0_575 .array/port v0000023ed9581ee0, 575;
v0000023ed9581ee0_576 .array/port v0000023ed9581ee0, 576;
E_0000023ed9498110/144 .event anyedge, v0000023ed9581ee0_573, v0000023ed9581ee0_574, v0000023ed9581ee0_575, v0000023ed9581ee0_576;
v0000023ed9581ee0_577 .array/port v0000023ed9581ee0, 577;
v0000023ed9581ee0_578 .array/port v0000023ed9581ee0, 578;
v0000023ed9581ee0_579 .array/port v0000023ed9581ee0, 579;
v0000023ed9581ee0_580 .array/port v0000023ed9581ee0, 580;
E_0000023ed9498110/145 .event anyedge, v0000023ed9581ee0_577, v0000023ed9581ee0_578, v0000023ed9581ee0_579, v0000023ed9581ee0_580;
v0000023ed9581ee0_581 .array/port v0000023ed9581ee0, 581;
v0000023ed9581ee0_582 .array/port v0000023ed9581ee0, 582;
v0000023ed9581ee0_583 .array/port v0000023ed9581ee0, 583;
v0000023ed9581ee0_584 .array/port v0000023ed9581ee0, 584;
E_0000023ed9498110/146 .event anyedge, v0000023ed9581ee0_581, v0000023ed9581ee0_582, v0000023ed9581ee0_583, v0000023ed9581ee0_584;
v0000023ed9581ee0_585 .array/port v0000023ed9581ee0, 585;
v0000023ed9581ee0_586 .array/port v0000023ed9581ee0, 586;
v0000023ed9581ee0_587 .array/port v0000023ed9581ee0, 587;
v0000023ed9581ee0_588 .array/port v0000023ed9581ee0, 588;
E_0000023ed9498110/147 .event anyedge, v0000023ed9581ee0_585, v0000023ed9581ee0_586, v0000023ed9581ee0_587, v0000023ed9581ee0_588;
v0000023ed9581ee0_589 .array/port v0000023ed9581ee0, 589;
v0000023ed9581ee0_590 .array/port v0000023ed9581ee0, 590;
v0000023ed9581ee0_591 .array/port v0000023ed9581ee0, 591;
v0000023ed9581ee0_592 .array/port v0000023ed9581ee0, 592;
E_0000023ed9498110/148 .event anyedge, v0000023ed9581ee0_589, v0000023ed9581ee0_590, v0000023ed9581ee0_591, v0000023ed9581ee0_592;
v0000023ed9581ee0_593 .array/port v0000023ed9581ee0, 593;
v0000023ed9581ee0_594 .array/port v0000023ed9581ee0, 594;
v0000023ed9581ee0_595 .array/port v0000023ed9581ee0, 595;
v0000023ed9581ee0_596 .array/port v0000023ed9581ee0, 596;
E_0000023ed9498110/149 .event anyedge, v0000023ed9581ee0_593, v0000023ed9581ee0_594, v0000023ed9581ee0_595, v0000023ed9581ee0_596;
v0000023ed9581ee0_597 .array/port v0000023ed9581ee0, 597;
v0000023ed9581ee0_598 .array/port v0000023ed9581ee0, 598;
v0000023ed9581ee0_599 .array/port v0000023ed9581ee0, 599;
v0000023ed9581ee0_600 .array/port v0000023ed9581ee0, 600;
E_0000023ed9498110/150 .event anyedge, v0000023ed9581ee0_597, v0000023ed9581ee0_598, v0000023ed9581ee0_599, v0000023ed9581ee0_600;
v0000023ed9581ee0_601 .array/port v0000023ed9581ee0, 601;
v0000023ed9581ee0_602 .array/port v0000023ed9581ee0, 602;
v0000023ed9581ee0_603 .array/port v0000023ed9581ee0, 603;
v0000023ed9581ee0_604 .array/port v0000023ed9581ee0, 604;
E_0000023ed9498110/151 .event anyedge, v0000023ed9581ee0_601, v0000023ed9581ee0_602, v0000023ed9581ee0_603, v0000023ed9581ee0_604;
v0000023ed9581ee0_605 .array/port v0000023ed9581ee0, 605;
v0000023ed9581ee0_606 .array/port v0000023ed9581ee0, 606;
v0000023ed9581ee0_607 .array/port v0000023ed9581ee0, 607;
v0000023ed9581ee0_608 .array/port v0000023ed9581ee0, 608;
E_0000023ed9498110/152 .event anyedge, v0000023ed9581ee0_605, v0000023ed9581ee0_606, v0000023ed9581ee0_607, v0000023ed9581ee0_608;
v0000023ed9581ee0_609 .array/port v0000023ed9581ee0, 609;
v0000023ed9581ee0_610 .array/port v0000023ed9581ee0, 610;
v0000023ed9581ee0_611 .array/port v0000023ed9581ee0, 611;
v0000023ed9581ee0_612 .array/port v0000023ed9581ee0, 612;
E_0000023ed9498110/153 .event anyedge, v0000023ed9581ee0_609, v0000023ed9581ee0_610, v0000023ed9581ee0_611, v0000023ed9581ee0_612;
v0000023ed9581ee0_613 .array/port v0000023ed9581ee0, 613;
v0000023ed9581ee0_614 .array/port v0000023ed9581ee0, 614;
v0000023ed9581ee0_615 .array/port v0000023ed9581ee0, 615;
v0000023ed9581ee0_616 .array/port v0000023ed9581ee0, 616;
E_0000023ed9498110/154 .event anyedge, v0000023ed9581ee0_613, v0000023ed9581ee0_614, v0000023ed9581ee0_615, v0000023ed9581ee0_616;
v0000023ed9581ee0_617 .array/port v0000023ed9581ee0, 617;
v0000023ed9581ee0_618 .array/port v0000023ed9581ee0, 618;
v0000023ed9581ee0_619 .array/port v0000023ed9581ee0, 619;
v0000023ed9581ee0_620 .array/port v0000023ed9581ee0, 620;
E_0000023ed9498110/155 .event anyedge, v0000023ed9581ee0_617, v0000023ed9581ee0_618, v0000023ed9581ee0_619, v0000023ed9581ee0_620;
v0000023ed9581ee0_621 .array/port v0000023ed9581ee0, 621;
v0000023ed9581ee0_622 .array/port v0000023ed9581ee0, 622;
v0000023ed9581ee0_623 .array/port v0000023ed9581ee0, 623;
v0000023ed9581ee0_624 .array/port v0000023ed9581ee0, 624;
E_0000023ed9498110/156 .event anyedge, v0000023ed9581ee0_621, v0000023ed9581ee0_622, v0000023ed9581ee0_623, v0000023ed9581ee0_624;
v0000023ed9581ee0_625 .array/port v0000023ed9581ee0, 625;
v0000023ed9581ee0_626 .array/port v0000023ed9581ee0, 626;
v0000023ed9581ee0_627 .array/port v0000023ed9581ee0, 627;
v0000023ed9581ee0_628 .array/port v0000023ed9581ee0, 628;
E_0000023ed9498110/157 .event anyedge, v0000023ed9581ee0_625, v0000023ed9581ee0_626, v0000023ed9581ee0_627, v0000023ed9581ee0_628;
v0000023ed9581ee0_629 .array/port v0000023ed9581ee0, 629;
v0000023ed9581ee0_630 .array/port v0000023ed9581ee0, 630;
v0000023ed9581ee0_631 .array/port v0000023ed9581ee0, 631;
v0000023ed9581ee0_632 .array/port v0000023ed9581ee0, 632;
E_0000023ed9498110/158 .event anyedge, v0000023ed9581ee0_629, v0000023ed9581ee0_630, v0000023ed9581ee0_631, v0000023ed9581ee0_632;
v0000023ed9581ee0_633 .array/port v0000023ed9581ee0, 633;
v0000023ed9581ee0_634 .array/port v0000023ed9581ee0, 634;
v0000023ed9581ee0_635 .array/port v0000023ed9581ee0, 635;
v0000023ed9581ee0_636 .array/port v0000023ed9581ee0, 636;
E_0000023ed9498110/159 .event anyedge, v0000023ed9581ee0_633, v0000023ed9581ee0_634, v0000023ed9581ee0_635, v0000023ed9581ee0_636;
v0000023ed9581ee0_637 .array/port v0000023ed9581ee0, 637;
v0000023ed9581ee0_638 .array/port v0000023ed9581ee0, 638;
v0000023ed9581ee0_639 .array/port v0000023ed9581ee0, 639;
v0000023ed9581ee0_640 .array/port v0000023ed9581ee0, 640;
E_0000023ed9498110/160 .event anyedge, v0000023ed9581ee0_637, v0000023ed9581ee0_638, v0000023ed9581ee0_639, v0000023ed9581ee0_640;
v0000023ed9581ee0_641 .array/port v0000023ed9581ee0, 641;
v0000023ed9581ee0_642 .array/port v0000023ed9581ee0, 642;
v0000023ed9581ee0_643 .array/port v0000023ed9581ee0, 643;
v0000023ed9581ee0_644 .array/port v0000023ed9581ee0, 644;
E_0000023ed9498110/161 .event anyedge, v0000023ed9581ee0_641, v0000023ed9581ee0_642, v0000023ed9581ee0_643, v0000023ed9581ee0_644;
v0000023ed9581ee0_645 .array/port v0000023ed9581ee0, 645;
v0000023ed9581ee0_646 .array/port v0000023ed9581ee0, 646;
v0000023ed9581ee0_647 .array/port v0000023ed9581ee0, 647;
v0000023ed9581ee0_648 .array/port v0000023ed9581ee0, 648;
E_0000023ed9498110/162 .event anyedge, v0000023ed9581ee0_645, v0000023ed9581ee0_646, v0000023ed9581ee0_647, v0000023ed9581ee0_648;
v0000023ed9581ee0_649 .array/port v0000023ed9581ee0, 649;
v0000023ed9581ee0_650 .array/port v0000023ed9581ee0, 650;
v0000023ed9581ee0_651 .array/port v0000023ed9581ee0, 651;
v0000023ed9581ee0_652 .array/port v0000023ed9581ee0, 652;
E_0000023ed9498110/163 .event anyedge, v0000023ed9581ee0_649, v0000023ed9581ee0_650, v0000023ed9581ee0_651, v0000023ed9581ee0_652;
v0000023ed9581ee0_653 .array/port v0000023ed9581ee0, 653;
v0000023ed9581ee0_654 .array/port v0000023ed9581ee0, 654;
v0000023ed9581ee0_655 .array/port v0000023ed9581ee0, 655;
v0000023ed9581ee0_656 .array/port v0000023ed9581ee0, 656;
E_0000023ed9498110/164 .event anyedge, v0000023ed9581ee0_653, v0000023ed9581ee0_654, v0000023ed9581ee0_655, v0000023ed9581ee0_656;
v0000023ed9581ee0_657 .array/port v0000023ed9581ee0, 657;
v0000023ed9581ee0_658 .array/port v0000023ed9581ee0, 658;
v0000023ed9581ee0_659 .array/port v0000023ed9581ee0, 659;
v0000023ed9581ee0_660 .array/port v0000023ed9581ee0, 660;
E_0000023ed9498110/165 .event anyedge, v0000023ed9581ee0_657, v0000023ed9581ee0_658, v0000023ed9581ee0_659, v0000023ed9581ee0_660;
v0000023ed9581ee0_661 .array/port v0000023ed9581ee0, 661;
v0000023ed9581ee0_662 .array/port v0000023ed9581ee0, 662;
v0000023ed9581ee0_663 .array/port v0000023ed9581ee0, 663;
v0000023ed9581ee0_664 .array/port v0000023ed9581ee0, 664;
E_0000023ed9498110/166 .event anyedge, v0000023ed9581ee0_661, v0000023ed9581ee0_662, v0000023ed9581ee0_663, v0000023ed9581ee0_664;
v0000023ed9581ee0_665 .array/port v0000023ed9581ee0, 665;
v0000023ed9581ee0_666 .array/port v0000023ed9581ee0, 666;
v0000023ed9581ee0_667 .array/port v0000023ed9581ee0, 667;
v0000023ed9581ee0_668 .array/port v0000023ed9581ee0, 668;
E_0000023ed9498110/167 .event anyedge, v0000023ed9581ee0_665, v0000023ed9581ee0_666, v0000023ed9581ee0_667, v0000023ed9581ee0_668;
v0000023ed9581ee0_669 .array/port v0000023ed9581ee0, 669;
v0000023ed9581ee0_670 .array/port v0000023ed9581ee0, 670;
v0000023ed9581ee0_671 .array/port v0000023ed9581ee0, 671;
v0000023ed9581ee0_672 .array/port v0000023ed9581ee0, 672;
E_0000023ed9498110/168 .event anyedge, v0000023ed9581ee0_669, v0000023ed9581ee0_670, v0000023ed9581ee0_671, v0000023ed9581ee0_672;
v0000023ed9581ee0_673 .array/port v0000023ed9581ee0, 673;
v0000023ed9581ee0_674 .array/port v0000023ed9581ee0, 674;
v0000023ed9581ee0_675 .array/port v0000023ed9581ee0, 675;
v0000023ed9581ee0_676 .array/port v0000023ed9581ee0, 676;
E_0000023ed9498110/169 .event anyedge, v0000023ed9581ee0_673, v0000023ed9581ee0_674, v0000023ed9581ee0_675, v0000023ed9581ee0_676;
v0000023ed9581ee0_677 .array/port v0000023ed9581ee0, 677;
v0000023ed9581ee0_678 .array/port v0000023ed9581ee0, 678;
v0000023ed9581ee0_679 .array/port v0000023ed9581ee0, 679;
v0000023ed9581ee0_680 .array/port v0000023ed9581ee0, 680;
E_0000023ed9498110/170 .event anyedge, v0000023ed9581ee0_677, v0000023ed9581ee0_678, v0000023ed9581ee0_679, v0000023ed9581ee0_680;
v0000023ed9581ee0_681 .array/port v0000023ed9581ee0, 681;
v0000023ed9581ee0_682 .array/port v0000023ed9581ee0, 682;
v0000023ed9581ee0_683 .array/port v0000023ed9581ee0, 683;
v0000023ed9581ee0_684 .array/port v0000023ed9581ee0, 684;
E_0000023ed9498110/171 .event anyedge, v0000023ed9581ee0_681, v0000023ed9581ee0_682, v0000023ed9581ee0_683, v0000023ed9581ee0_684;
v0000023ed9581ee0_685 .array/port v0000023ed9581ee0, 685;
v0000023ed9581ee0_686 .array/port v0000023ed9581ee0, 686;
v0000023ed9581ee0_687 .array/port v0000023ed9581ee0, 687;
v0000023ed9581ee0_688 .array/port v0000023ed9581ee0, 688;
E_0000023ed9498110/172 .event anyedge, v0000023ed9581ee0_685, v0000023ed9581ee0_686, v0000023ed9581ee0_687, v0000023ed9581ee0_688;
v0000023ed9581ee0_689 .array/port v0000023ed9581ee0, 689;
v0000023ed9581ee0_690 .array/port v0000023ed9581ee0, 690;
v0000023ed9581ee0_691 .array/port v0000023ed9581ee0, 691;
v0000023ed9581ee0_692 .array/port v0000023ed9581ee0, 692;
E_0000023ed9498110/173 .event anyedge, v0000023ed9581ee0_689, v0000023ed9581ee0_690, v0000023ed9581ee0_691, v0000023ed9581ee0_692;
v0000023ed9581ee0_693 .array/port v0000023ed9581ee0, 693;
v0000023ed9581ee0_694 .array/port v0000023ed9581ee0, 694;
v0000023ed9581ee0_695 .array/port v0000023ed9581ee0, 695;
v0000023ed9581ee0_696 .array/port v0000023ed9581ee0, 696;
E_0000023ed9498110/174 .event anyedge, v0000023ed9581ee0_693, v0000023ed9581ee0_694, v0000023ed9581ee0_695, v0000023ed9581ee0_696;
v0000023ed9581ee0_697 .array/port v0000023ed9581ee0, 697;
v0000023ed9581ee0_698 .array/port v0000023ed9581ee0, 698;
v0000023ed9581ee0_699 .array/port v0000023ed9581ee0, 699;
v0000023ed9581ee0_700 .array/port v0000023ed9581ee0, 700;
E_0000023ed9498110/175 .event anyedge, v0000023ed9581ee0_697, v0000023ed9581ee0_698, v0000023ed9581ee0_699, v0000023ed9581ee0_700;
v0000023ed9581ee0_701 .array/port v0000023ed9581ee0, 701;
v0000023ed9581ee0_702 .array/port v0000023ed9581ee0, 702;
v0000023ed9581ee0_703 .array/port v0000023ed9581ee0, 703;
v0000023ed9581ee0_704 .array/port v0000023ed9581ee0, 704;
E_0000023ed9498110/176 .event anyedge, v0000023ed9581ee0_701, v0000023ed9581ee0_702, v0000023ed9581ee0_703, v0000023ed9581ee0_704;
v0000023ed9581ee0_705 .array/port v0000023ed9581ee0, 705;
v0000023ed9581ee0_706 .array/port v0000023ed9581ee0, 706;
v0000023ed9581ee0_707 .array/port v0000023ed9581ee0, 707;
v0000023ed9581ee0_708 .array/port v0000023ed9581ee0, 708;
E_0000023ed9498110/177 .event anyedge, v0000023ed9581ee0_705, v0000023ed9581ee0_706, v0000023ed9581ee0_707, v0000023ed9581ee0_708;
v0000023ed9581ee0_709 .array/port v0000023ed9581ee0, 709;
v0000023ed9581ee0_710 .array/port v0000023ed9581ee0, 710;
v0000023ed9581ee0_711 .array/port v0000023ed9581ee0, 711;
v0000023ed9581ee0_712 .array/port v0000023ed9581ee0, 712;
E_0000023ed9498110/178 .event anyedge, v0000023ed9581ee0_709, v0000023ed9581ee0_710, v0000023ed9581ee0_711, v0000023ed9581ee0_712;
v0000023ed9581ee0_713 .array/port v0000023ed9581ee0, 713;
v0000023ed9581ee0_714 .array/port v0000023ed9581ee0, 714;
v0000023ed9581ee0_715 .array/port v0000023ed9581ee0, 715;
v0000023ed9581ee0_716 .array/port v0000023ed9581ee0, 716;
E_0000023ed9498110/179 .event anyedge, v0000023ed9581ee0_713, v0000023ed9581ee0_714, v0000023ed9581ee0_715, v0000023ed9581ee0_716;
v0000023ed9581ee0_717 .array/port v0000023ed9581ee0, 717;
v0000023ed9581ee0_718 .array/port v0000023ed9581ee0, 718;
v0000023ed9581ee0_719 .array/port v0000023ed9581ee0, 719;
v0000023ed9581ee0_720 .array/port v0000023ed9581ee0, 720;
E_0000023ed9498110/180 .event anyedge, v0000023ed9581ee0_717, v0000023ed9581ee0_718, v0000023ed9581ee0_719, v0000023ed9581ee0_720;
v0000023ed9581ee0_721 .array/port v0000023ed9581ee0, 721;
v0000023ed9581ee0_722 .array/port v0000023ed9581ee0, 722;
v0000023ed9581ee0_723 .array/port v0000023ed9581ee0, 723;
v0000023ed9581ee0_724 .array/port v0000023ed9581ee0, 724;
E_0000023ed9498110/181 .event anyedge, v0000023ed9581ee0_721, v0000023ed9581ee0_722, v0000023ed9581ee0_723, v0000023ed9581ee0_724;
v0000023ed9581ee0_725 .array/port v0000023ed9581ee0, 725;
v0000023ed9581ee0_726 .array/port v0000023ed9581ee0, 726;
v0000023ed9581ee0_727 .array/port v0000023ed9581ee0, 727;
v0000023ed9581ee0_728 .array/port v0000023ed9581ee0, 728;
E_0000023ed9498110/182 .event anyedge, v0000023ed9581ee0_725, v0000023ed9581ee0_726, v0000023ed9581ee0_727, v0000023ed9581ee0_728;
v0000023ed9581ee0_729 .array/port v0000023ed9581ee0, 729;
v0000023ed9581ee0_730 .array/port v0000023ed9581ee0, 730;
v0000023ed9581ee0_731 .array/port v0000023ed9581ee0, 731;
v0000023ed9581ee0_732 .array/port v0000023ed9581ee0, 732;
E_0000023ed9498110/183 .event anyedge, v0000023ed9581ee0_729, v0000023ed9581ee0_730, v0000023ed9581ee0_731, v0000023ed9581ee0_732;
v0000023ed9581ee0_733 .array/port v0000023ed9581ee0, 733;
v0000023ed9581ee0_734 .array/port v0000023ed9581ee0, 734;
v0000023ed9581ee0_735 .array/port v0000023ed9581ee0, 735;
v0000023ed9581ee0_736 .array/port v0000023ed9581ee0, 736;
E_0000023ed9498110/184 .event anyedge, v0000023ed9581ee0_733, v0000023ed9581ee0_734, v0000023ed9581ee0_735, v0000023ed9581ee0_736;
v0000023ed9581ee0_737 .array/port v0000023ed9581ee0, 737;
v0000023ed9581ee0_738 .array/port v0000023ed9581ee0, 738;
v0000023ed9581ee0_739 .array/port v0000023ed9581ee0, 739;
v0000023ed9581ee0_740 .array/port v0000023ed9581ee0, 740;
E_0000023ed9498110/185 .event anyedge, v0000023ed9581ee0_737, v0000023ed9581ee0_738, v0000023ed9581ee0_739, v0000023ed9581ee0_740;
v0000023ed9581ee0_741 .array/port v0000023ed9581ee0, 741;
v0000023ed9581ee0_742 .array/port v0000023ed9581ee0, 742;
v0000023ed9581ee0_743 .array/port v0000023ed9581ee0, 743;
v0000023ed9581ee0_744 .array/port v0000023ed9581ee0, 744;
E_0000023ed9498110/186 .event anyedge, v0000023ed9581ee0_741, v0000023ed9581ee0_742, v0000023ed9581ee0_743, v0000023ed9581ee0_744;
v0000023ed9581ee0_745 .array/port v0000023ed9581ee0, 745;
v0000023ed9581ee0_746 .array/port v0000023ed9581ee0, 746;
v0000023ed9581ee0_747 .array/port v0000023ed9581ee0, 747;
v0000023ed9581ee0_748 .array/port v0000023ed9581ee0, 748;
E_0000023ed9498110/187 .event anyedge, v0000023ed9581ee0_745, v0000023ed9581ee0_746, v0000023ed9581ee0_747, v0000023ed9581ee0_748;
v0000023ed9581ee0_749 .array/port v0000023ed9581ee0, 749;
v0000023ed9581ee0_750 .array/port v0000023ed9581ee0, 750;
v0000023ed9581ee0_751 .array/port v0000023ed9581ee0, 751;
v0000023ed9581ee0_752 .array/port v0000023ed9581ee0, 752;
E_0000023ed9498110/188 .event anyedge, v0000023ed9581ee0_749, v0000023ed9581ee0_750, v0000023ed9581ee0_751, v0000023ed9581ee0_752;
v0000023ed9581ee0_753 .array/port v0000023ed9581ee0, 753;
v0000023ed9581ee0_754 .array/port v0000023ed9581ee0, 754;
v0000023ed9581ee0_755 .array/port v0000023ed9581ee0, 755;
v0000023ed9581ee0_756 .array/port v0000023ed9581ee0, 756;
E_0000023ed9498110/189 .event anyedge, v0000023ed9581ee0_753, v0000023ed9581ee0_754, v0000023ed9581ee0_755, v0000023ed9581ee0_756;
v0000023ed9581ee0_757 .array/port v0000023ed9581ee0, 757;
v0000023ed9581ee0_758 .array/port v0000023ed9581ee0, 758;
v0000023ed9581ee0_759 .array/port v0000023ed9581ee0, 759;
v0000023ed9581ee0_760 .array/port v0000023ed9581ee0, 760;
E_0000023ed9498110/190 .event anyedge, v0000023ed9581ee0_757, v0000023ed9581ee0_758, v0000023ed9581ee0_759, v0000023ed9581ee0_760;
v0000023ed9581ee0_761 .array/port v0000023ed9581ee0, 761;
v0000023ed9581ee0_762 .array/port v0000023ed9581ee0, 762;
v0000023ed9581ee0_763 .array/port v0000023ed9581ee0, 763;
v0000023ed9581ee0_764 .array/port v0000023ed9581ee0, 764;
E_0000023ed9498110/191 .event anyedge, v0000023ed9581ee0_761, v0000023ed9581ee0_762, v0000023ed9581ee0_763, v0000023ed9581ee0_764;
v0000023ed9581ee0_765 .array/port v0000023ed9581ee0, 765;
v0000023ed9581ee0_766 .array/port v0000023ed9581ee0, 766;
v0000023ed9581ee0_767 .array/port v0000023ed9581ee0, 767;
v0000023ed9581ee0_768 .array/port v0000023ed9581ee0, 768;
E_0000023ed9498110/192 .event anyedge, v0000023ed9581ee0_765, v0000023ed9581ee0_766, v0000023ed9581ee0_767, v0000023ed9581ee0_768;
v0000023ed9581ee0_769 .array/port v0000023ed9581ee0, 769;
v0000023ed9581ee0_770 .array/port v0000023ed9581ee0, 770;
v0000023ed9581ee0_771 .array/port v0000023ed9581ee0, 771;
v0000023ed9581ee0_772 .array/port v0000023ed9581ee0, 772;
E_0000023ed9498110/193 .event anyedge, v0000023ed9581ee0_769, v0000023ed9581ee0_770, v0000023ed9581ee0_771, v0000023ed9581ee0_772;
v0000023ed9581ee0_773 .array/port v0000023ed9581ee0, 773;
v0000023ed9581ee0_774 .array/port v0000023ed9581ee0, 774;
v0000023ed9581ee0_775 .array/port v0000023ed9581ee0, 775;
v0000023ed9581ee0_776 .array/port v0000023ed9581ee0, 776;
E_0000023ed9498110/194 .event anyedge, v0000023ed9581ee0_773, v0000023ed9581ee0_774, v0000023ed9581ee0_775, v0000023ed9581ee0_776;
v0000023ed9581ee0_777 .array/port v0000023ed9581ee0, 777;
v0000023ed9581ee0_778 .array/port v0000023ed9581ee0, 778;
v0000023ed9581ee0_779 .array/port v0000023ed9581ee0, 779;
v0000023ed9581ee0_780 .array/port v0000023ed9581ee0, 780;
E_0000023ed9498110/195 .event anyedge, v0000023ed9581ee0_777, v0000023ed9581ee0_778, v0000023ed9581ee0_779, v0000023ed9581ee0_780;
v0000023ed9581ee0_781 .array/port v0000023ed9581ee0, 781;
v0000023ed9581ee0_782 .array/port v0000023ed9581ee0, 782;
v0000023ed9581ee0_783 .array/port v0000023ed9581ee0, 783;
v0000023ed9581ee0_784 .array/port v0000023ed9581ee0, 784;
E_0000023ed9498110/196 .event anyedge, v0000023ed9581ee0_781, v0000023ed9581ee0_782, v0000023ed9581ee0_783, v0000023ed9581ee0_784;
v0000023ed9581ee0_785 .array/port v0000023ed9581ee0, 785;
v0000023ed9581ee0_786 .array/port v0000023ed9581ee0, 786;
v0000023ed9581ee0_787 .array/port v0000023ed9581ee0, 787;
v0000023ed9581ee0_788 .array/port v0000023ed9581ee0, 788;
E_0000023ed9498110/197 .event anyedge, v0000023ed9581ee0_785, v0000023ed9581ee0_786, v0000023ed9581ee0_787, v0000023ed9581ee0_788;
v0000023ed9581ee0_789 .array/port v0000023ed9581ee0, 789;
v0000023ed9581ee0_790 .array/port v0000023ed9581ee0, 790;
v0000023ed9581ee0_791 .array/port v0000023ed9581ee0, 791;
v0000023ed9581ee0_792 .array/port v0000023ed9581ee0, 792;
E_0000023ed9498110/198 .event anyedge, v0000023ed9581ee0_789, v0000023ed9581ee0_790, v0000023ed9581ee0_791, v0000023ed9581ee0_792;
v0000023ed9581ee0_793 .array/port v0000023ed9581ee0, 793;
v0000023ed9581ee0_794 .array/port v0000023ed9581ee0, 794;
v0000023ed9581ee0_795 .array/port v0000023ed9581ee0, 795;
v0000023ed9581ee0_796 .array/port v0000023ed9581ee0, 796;
E_0000023ed9498110/199 .event anyedge, v0000023ed9581ee0_793, v0000023ed9581ee0_794, v0000023ed9581ee0_795, v0000023ed9581ee0_796;
v0000023ed9581ee0_797 .array/port v0000023ed9581ee0, 797;
v0000023ed9581ee0_798 .array/port v0000023ed9581ee0, 798;
v0000023ed9581ee0_799 .array/port v0000023ed9581ee0, 799;
v0000023ed9581ee0_800 .array/port v0000023ed9581ee0, 800;
E_0000023ed9498110/200 .event anyedge, v0000023ed9581ee0_797, v0000023ed9581ee0_798, v0000023ed9581ee0_799, v0000023ed9581ee0_800;
v0000023ed9581ee0_801 .array/port v0000023ed9581ee0, 801;
v0000023ed9581ee0_802 .array/port v0000023ed9581ee0, 802;
v0000023ed9581ee0_803 .array/port v0000023ed9581ee0, 803;
v0000023ed9581ee0_804 .array/port v0000023ed9581ee0, 804;
E_0000023ed9498110/201 .event anyedge, v0000023ed9581ee0_801, v0000023ed9581ee0_802, v0000023ed9581ee0_803, v0000023ed9581ee0_804;
v0000023ed9581ee0_805 .array/port v0000023ed9581ee0, 805;
v0000023ed9581ee0_806 .array/port v0000023ed9581ee0, 806;
v0000023ed9581ee0_807 .array/port v0000023ed9581ee0, 807;
v0000023ed9581ee0_808 .array/port v0000023ed9581ee0, 808;
E_0000023ed9498110/202 .event anyedge, v0000023ed9581ee0_805, v0000023ed9581ee0_806, v0000023ed9581ee0_807, v0000023ed9581ee0_808;
v0000023ed9581ee0_809 .array/port v0000023ed9581ee0, 809;
v0000023ed9581ee0_810 .array/port v0000023ed9581ee0, 810;
v0000023ed9581ee0_811 .array/port v0000023ed9581ee0, 811;
v0000023ed9581ee0_812 .array/port v0000023ed9581ee0, 812;
E_0000023ed9498110/203 .event anyedge, v0000023ed9581ee0_809, v0000023ed9581ee0_810, v0000023ed9581ee0_811, v0000023ed9581ee0_812;
v0000023ed9581ee0_813 .array/port v0000023ed9581ee0, 813;
v0000023ed9581ee0_814 .array/port v0000023ed9581ee0, 814;
v0000023ed9581ee0_815 .array/port v0000023ed9581ee0, 815;
v0000023ed9581ee0_816 .array/port v0000023ed9581ee0, 816;
E_0000023ed9498110/204 .event anyedge, v0000023ed9581ee0_813, v0000023ed9581ee0_814, v0000023ed9581ee0_815, v0000023ed9581ee0_816;
v0000023ed9581ee0_817 .array/port v0000023ed9581ee0, 817;
v0000023ed9581ee0_818 .array/port v0000023ed9581ee0, 818;
v0000023ed9581ee0_819 .array/port v0000023ed9581ee0, 819;
v0000023ed9581ee0_820 .array/port v0000023ed9581ee0, 820;
E_0000023ed9498110/205 .event anyedge, v0000023ed9581ee0_817, v0000023ed9581ee0_818, v0000023ed9581ee0_819, v0000023ed9581ee0_820;
v0000023ed9581ee0_821 .array/port v0000023ed9581ee0, 821;
v0000023ed9581ee0_822 .array/port v0000023ed9581ee0, 822;
v0000023ed9581ee0_823 .array/port v0000023ed9581ee0, 823;
v0000023ed9581ee0_824 .array/port v0000023ed9581ee0, 824;
E_0000023ed9498110/206 .event anyedge, v0000023ed9581ee0_821, v0000023ed9581ee0_822, v0000023ed9581ee0_823, v0000023ed9581ee0_824;
v0000023ed9581ee0_825 .array/port v0000023ed9581ee0, 825;
v0000023ed9581ee0_826 .array/port v0000023ed9581ee0, 826;
v0000023ed9581ee0_827 .array/port v0000023ed9581ee0, 827;
v0000023ed9581ee0_828 .array/port v0000023ed9581ee0, 828;
E_0000023ed9498110/207 .event anyedge, v0000023ed9581ee0_825, v0000023ed9581ee0_826, v0000023ed9581ee0_827, v0000023ed9581ee0_828;
v0000023ed9581ee0_829 .array/port v0000023ed9581ee0, 829;
v0000023ed9581ee0_830 .array/port v0000023ed9581ee0, 830;
v0000023ed9581ee0_831 .array/port v0000023ed9581ee0, 831;
v0000023ed9581ee0_832 .array/port v0000023ed9581ee0, 832;
E_0000023ed9498110/208 .event anyedge, v0000023ed9581ee0_829, v0000023ed9581ee0_830, v0000023ed9581ee0_831, v0000023ed9581ee0_832;
v0000023ed9581ee0_833 .array/port v0000023ed9581ee0, 833;
v0000023ed9581ee0_834 .array/port v0000023ed9581ee0, 834;
v0000023ed9581ee0_835 .array/port v0000023ed9581ee0, 835;
v0000023ed9581ee0_836 .array/port v0000023ed9581ee0, 836;
E_0000023ed9498110/209 .event anyedge, v0000023ed9581ee0_833, v0000023ed9581ee0_834, v0000023ed9581ee0_835, v0000023ed9581ee0_836;
v0000023ed9581ee0_837 .array/port v0000023ed9581ee0, 837;
v0000023ed9581ee0_838 .array/port v0000023ed9581ee0, 838;
v0000023ed9581ee0_839 .array/port v0000023ed9581ee0, 839;
v0000023ed9581ee0_840 .array/port v0000023ed9581ee0, 840;
E_0000023ed9498110/210 .event anyedge, v0000023ed9581ee0_837, v0000023ed9581ee0_838, v0000023ed9581ee0_839, v0000023ed9581ee0_840;
v0000023ed9581ee0_841 .array/port v0000023ed9581ee0, 841;
v0000023ed9581ee0_842 .array/port v0000023ed9581ee0, 842;
v0000023ed9581ee0_843 .array/port v0000023ed9581ee0, 843;
v0000023ed9581ee0_844 .array/port v0000023ed9581ee0, 844;
E_0000023ed9498110/211 .event anyedge, v0000023ed9581ee0_841, v0000023ed9581ee0_842, v0000023ed9581ee0_843, v0000023ed9581ee0_844;
v0000023ed9581ee0_845 .array/port v0000023ed9581ee0, 845;
v0000023ed9581ee0_846 .array/port v0000023ed9581ee0, 846;
v0000023ed9581ee0_847 .array/port v0000023ed9581ee0, 847;
v0000023ed9581ee0_848 .array/port v0000023ed9581ee0, 848;
E_0000023ed9498110/212 .event anyedge, v0000023ed9581ee0_845, v0000023ed9581ee0_846, v0000023ed9581ee0_847, v0000023ed9581ee0_848;
v0000023ed9581ee0_849 .array/port v0000023ed9581ee0, 849;
v0000023ed9581ee0_850 .array/port v0000023ed9581ee0, 850;
v0000023ed9581ee0_851 .array/port v0000023ed9581ee0, 851;
v0000023ed9581ee0_852 .array/port v0000023ed9581ee0, 852;
E_0000023ed9498110/213 .event anyedge, v0000023ed9581ee0_849, v0000023ed9581ee0_850, v0000023ed9581ee0_851, v0000023ed9581ee0_852;
v0000023ed9581ee0_853 .array/port v0000023ed9581ee0, 853;
v0000023ed9581ee0_854 .array/port v0000023ed9581ee0, 854;
v0000023ed9581ee0_855 .array/port v0000023ed9581ee0, 855;
v0000023ed9581ee0_856 .array/port v0000023ed9581ee0, 856;
E_0000023ed9498110/214 .event anyedge, v0000023ed9581ee0_853, v0000023ed9581ee0_854, v0000023ed9581ee0_855, v0000023ed9581ee0_856;
v0000023ed9581ee0_857 .array/port v0000023ed9581ee0, 857;
v0000023ed9581ee0_858 .array/port v0000023ed9581ee0, 858;
v0000023ed9581ee0_859 .array/port v0000023ed9581ee0, 859;
v0000023ed9581ee0_860 .array/port v0000023ed9581ee0, 860;
E_0000023ed9498110/215 .event anyedge, v0000023ed9581ee0_857, v0000023ed9581ee0_858, v0000023ed9581ee0_859, v0000023ed9581ee0_860;
v0000023ed9581ee0_861 .array/port v0000023ed9581ee0, 861;
v0000023ed9581ee0_862 .array/port v0000023ed9581ee0, 862;
v0000023ed9581ee0_863 .array/port v0000023ed9581ee0, 863;
v0000023ed9581ee0_864 .array/port v0000023ed9581ee0, 864;
E_0000023ed9498110/216 .event anyedge, v0000023ed9581ee0_861, v0000023ed9581ee0_862, v0000023ed9581ee0_863, v0000023ed9581ee0_864;
v0000023ed9581ee0_865 .array/port v0000023ed9581ee0, 865;
v0000023ed9581ee0_866 .array/port v0000023ed9581ee0, 866;
v0000023ed9581ee0_867 .array/port v0000023ed9581ee0, 867;
v0000023ed9581ee0_868 .array/port v0000023ed9581ee0, 868;
E_0000023ed9498110/217 .event anyedge, v0000023ed9581ee0_865, v0000023ed9581ee0_866, v0000023ed9581ee0_867, v0000023ed9581ee0_868;
v0000023ed9581ee0_869 .array/port v0000023ed9581ee0, 869;
v0000023ed9581ee0_870 .array/port v0000023ed9581ee0, 870;
v0000023ed9581ee0_871 .array/port v0000023ed9581ee0, 871;
v0000023ed9581ee0_872 .array/port v0000023ed9581ee0, 872;
E_0000023ed9498110/218 .event anyedge, v0000023ed9581ee0_869, v0000023ed9581ee0_870, v0000023ed9581ee0_871, v0000023ed9581ee0_872;
v0000023ed9581ee0_873 .array/port v0000023ed9581ee0, 873;
v0000023ed9581ee0_874 .array/port v0000023ed9581ee0, 874;
v0000023ed9581ee0_875 .array/port v0000023ed9581ee0, 875;
v0000023ed9581ee0_876 .array/port v0000023ed9581ee0, 876;
E_0000023ed9498110/219 .event anyedge, v0000023ed9581ee0_873, v0000023ed9581ee0_874, v0000023ed9581ee0_875, v0000023ed9581ee0_876;
v0000023ed9581ee0_877 .array/port v0000023ed9581ee0, 877;
v0000023ed9581ee0_878 .array/port v0000023ed9581ee0, 878;
v0000023ed9581ee0_879 .array/port v0000023ed9581ee0, 879;
v0000023ed9581ee0_880 .array/port v0000023ed9581ee0, 880;
E_0000023ed9498110/220 .event anyedge, v0000023ed9581ee0_877, v0000023ed9581ee0_878, v0000023ed9581ee0_879, v0000023ed9581ee0_880;
v0000023ed9581ee0_881 .array/port v0000023ed9581ee0, 881;
v0000023ed9581ee0_882 .array/port v0000023ed9581ee0, 882;
v0000023ed9581ee0_883 .array/port v0000023ed9581ee0, 883;
v0000023ed9581ee0_884 .array/port v0000023ed9581ee0, 884;
E_0000023ed9498110/221 .event anyedge, v0000023ed9581ee0_881, v0000023ed9581ee0_882, v0000023ed9581ee0_883, v0000023ed9581ee0_884;
v0000023ed9581ee0_885 .array/port v0000023ed9581ee0, 885;
v0000023ed9581ee0_886 .array/port v0000023ed9581ee0, 886;
v0000023ed9581ee0_887 .array/port v0000023ed9581ee0, 887;
v0000023ed9581ee0_888 .array/port v0000023ed9581ee0, 888;
E_0000023ed9498110/222 .event anyedge, v0000023ed9581ee0_885, v0000023ed9581ee0_886, v0000023ed9581ee0_887, v0000023ed9581ee0_888;
v0000023ed9581ee0_889 .array/port v0000023ed9581ee0, 889;
v0000023ed9581ee0_890 .array/port v0000023ed9581ee0, 890;
v0000023ed9581ee0_891 .array/port v0000023ed9581ee0, 891;
v0000023ed9581ee0_892 .array/port v0000023ed9581ee0, 892;
E_0000023ed9498110/223 .event anyedge, v0000023ed9581ee0_889, v0000023ed9581ee0_890, v0000023ed9581ee0_891, v0000023ed9581ee0_892;
v0000023ed9581ee0_893 .array/port v0000023ed9581ee0, 893;
v0000023ed9581ee0_894 .array/port v0000023ed9581ee0, 894;
v0000023ed9581ee0_895 .array/port v0000023ed9581ee0, 895;
v0000023ed9581ee0_896 .array/port v0000023ed9581ee0, 896;
E_0000023ed9498110/224 .event anyedge, v0000023ed9581ee0_893, v0000023ed9581ee0_894, v0000023ed9581ee0_895, v0000023ed9581ee0_896;
v0000023ed9581ee0_897 .array/port v0000023ed9581ee0, 897;
v0000023ed9581ee0_898 .array/port v0000023ed9581ee0, 898;
v0000023ed9581ee0_899 .array/port v0000023ed9581ee0, 899;
v0000023ed9581ee0_900 .array/port v0000023ed9581ee0, 900;
E_0000023ed9498110/225 .event anyedge, v0000023ed9581ee0_897, v0000023ed9581ee0_898, v0000023ed9581ee0_899, v0000023ed9581ee0_900;
v0000023ed9581ee0_901 .array/port v0000023ed9581ee0, 901;
v0000023ed9581ee0_902 .array/port v0000023ed9581ee0, 902;
v0000023ed9581ee0_903 .array/port v0000023ed9581ee0, 903;
v0000023ed9581ee0_904 .array/port v0000023ed9581ee0, 904;
E_0000023ed9498110/226 .event anyedge, v0000023ed9581ee0_901, v0000023ed9581ee0_902, v0000023ed9581ee0_903, v0000023ed9581ee0_904;
v0000023ed9581ee0_905 .array/port v0000023ed9581ee0, 905;
v0000023ed9581ee0_906 .array/port v0000023ed9581ee0, 906;
v0000023ed9581ee0_907 .array/port v0000023ed9581ee0, 907;
v0000023ed9581ee0_908 .array/port v0000023ed9581ee0, 908;
E_0000023ed9498110/227 .event anyedge, v0000023ed9581ee0_905, v0000023ed9581ee0_906, v0000023ed9581ee0_907, v0000023ed9581ee0_908;
v0000023ed9581ee0_909 .array/port v0000023ed9581ee0, 909;
v0000023ed9581ee0_910 .array/port v0000023ed9581ee0, 910;
v0000023ed9581ee0_911 .array/port v0000023ed9581ee0, 911;
v0000023ed9581ee0_912 .array/port v0000023ed9581ee0, 912;
E_0000023ed9498110/228 .event anyedge, v0000023ed9581ee0_909, v0000023ed9581ee0_910, v0000023ed9581ee0_911, v0000023ed9581ee0_912;
v0000023ed9581ee0_913 .array/port v0000023ed9581ee0, 913;
v0000023ed9581ee0_914 .array/port v0000023ed9581ee0, 914;
v0000023ed9581ee0_915 .array/port v0000023ed9581ee0, 915;
v0000023ed9581ee0_916 .array/port v0000023ed9581ee0, 916;
E_0000023ed9498110/229 .event anyedge, v0000023ed9581ee0_913, v0000023ed9581ee0_914, v0000023ed9581ee0_915, v0000023ed9581ee0_916;
v0000023ed9581ee0_917 .array/port v0000023ed9581ee0, 917;
v0000023ed9581ee0_918 .array/port v0000023ed9581ee0, 918;
v0000023ed9581ee0_919 .array/port v0000023ed9581ee0, 919;
v0000023ed9581ee0_920 .array/port v0000023ed9581ee0, 920;
E_0000023ed9498110/230 .event anyedge, v0000023ed9581ee0_917, v0000023ed9581ee0_918, v0000023ed9581ee0_919, v0000023ed9581ee0_920;
v0000023ed9581ee0_921 .array/port v0000023ed9581ee0, 921;
v0000023ed9581ee0_922 .array/port v0000023ed9581ee0, 922;
v0000023ed9581ee0_923 .array/port v0000023ed9581ee0, 923;
v0000023ed9581ee0_924 .array/port v0000023ed9581ee0, 924;
E_0000023ed9498110/231 .event anyedge, v0000023ed9581ee0_921, v0000023ed9581ee0_922, v0000023ed9581ee0_923, v0000023ed9581ee0_924;
v0000023ed9581ee0_925 .array/port v0000023ed9581ee0, 925;
v0000023ed9581ee0_926 .array/port v0000023ed9581ee0, 926;
v0000023ed9581ee0_927 .array/port v0000023ed9581ee0, 927;
v0000023ed9581ee0_928 .array/port v0000023ed9581ee0, 928;
E_0000023ed9498110/232 .event anyedge, v0000023ed9581ee0_925, v0000023ed9581ee0_926, v0000023ed9581ee0_927, v0000023ed9581ee0_928;
v0000023ed9581ee0_929 .array/port v0000023ed9581ee0, 929;
v0000023ed9581ee0_930 .array/port v0000023ed9581ee0, 930;
v0000023ed9581ee0_931 .array/port v0000023ed9581ee0, 931;
v0000023ed9581ee0_932 .array/port v0000023ed9581ee0, 932;
E_0000023ed9498110/233 .event anyedge, v0000023ed9581ee0_929, v0000023ed9581ee0_930, v0000023ed9581ee0_931, v0000023ed9581ee0_932;
v0000023ed9581ee0_933 .array/port v0000023ed9581ee0, 933;
v0000023ed9581ee0_934 .array/port v0000023ed9581ee0, 934;
v0000023ed9581ee0_935 .array/port v0000023ed9581ee0, 935;
v0000023ed9581ee0_936 .array/port v0000023ed9581ee0, 936;
E_0000023ed9498110/234 .event anyedge, v0000023ed9581ee0_933, v0000023ed9581ee0_934, v0000023ed9581ee0_935, v0000023ed9581ee0_936;
v0000023ed9581ee0_937 .array/port v0000023ed9581ee0, 937;
v0000023ed9581ee0_938 .array/port v0000023ed9581ee0, 938;
v0000023ed9581ee0_939 .array/port v0000023ed9581ee0, 939;
v0000023ed9581ee0_940 .array/port v0000023ed9581ee0, 940;
E_0000023ed9498110/235 .event anyedge, v0000023ed9581ee0_937, v0000023ed9581ee0_938, v0000023ed9581ee0_939, v0000023ed9581ee0_940;
v0000023ed9581ee0_941 .array/port v0000023ed9581ee0, 941;
v0000023ed9581ee0_942 .array/port v0000023ed9581ee0, 942;
v0000023ed9581ee0_943 .array/port v0000023ed9581ee0, 943;
v0000023ed9581ee0_944 .array/port v0000023ed9581ee0, 944;
E_0000023ed9498110/236 .event anyedge, v0000023ed9581ee0_941, v0000023ed9581ee0_942, v0000023ed9581ee0_943, v0000023ed9581ee0_944;
v0000023ed9581ee0_945 .array/port v0000023ed9581ee0, 945;
v0000023ed9581ee0_946 .array/port v0000023ed9581ee0, 946;
v0000023ed9581ee0_947 .array/port v0000023ed9581ee0, 947;
v0000023ed9581ee0_948 .array/port v0000023ed9581ee0, 948;
E_0000023ed9498110/237 .event anyedge, v0000023ed9581ee0_945, v0000023ed9581ee0_946, v0000023ed9581ee0_947, v0000023ed9581ee0_948;
v0000023ed9581ee0_949 .array/port v0000023ed9581ee0, 949;
v0000023ed9581ee0_950 .array/port v0000023ed9581ee0, 950;
v0000023ed9581ee0_951 .array/port v0000023ed9581ee0, 951;
v0000023ed9581ee0_952 .array/port v0000023ed9581ee0, 952;
E_0000023ed9498110/238 .event anyedge, v0000023ed9581ee0_949, v0000023ed9581ee0_950, v0000023ed9581ee0_951, v0000023ed9581ee0_952;
v0000023ed9581ee0_953 .array/port v0000023ed9581ee0, 953;
v0000023ed9581ee0_954 .array/port v0000023ed9581ee0, 954;
v0000023ed9581ee0_955 .array/port v0000023ed9581ee0, 955;
v0000023ed9581ee0_956 .array/port v0000023ed9581ee0, 956;
E_0000023ed9498110/239 .event anyedge, v0000023ed9581ee0_953, v0000023ed9581ee0_954, v0000023ed9581ee0_955, v0000023ed9581ee0_956;
v0000023ed9581ee0_957 .array/port v0000023ed9581ee0, 957;
v0000023ed9581ee0_958 .array/port v0000023ed9581ee0, 958;
v0000023ed9581ee0_959 .array/port v0000023ed9581ee0, 959;
v0000023ed9581ee0_960 .array/port v0000023ed9581ee0, 960;
E_0000023ed9498110/240 .event anyedge, v0000023ed9581ee0_957, v0000023ed9581ee0_958, v0000023ed9581ee0_959, v0000023ed9581ee0_960;
v0000023ed9581ee0_961 .array/port v0000023ed9581ee0, 961;
v0000023ed9581ee0_962 .array/port v0000023ed9581ee0, 962;
v0000023ed9581ee0_963 .array/port v0000023ed9581ee0, 963;
v0000023ed9581ee0_964 .array/port v0000023ed9581ee0, 964;
E_0000023ed9498110/241 .event anyedge, v0000023ed9581ee0_961, v0000023ed9581ee0_962, v0000023ed9581ee0_963, v0000023ed9581ee0_964;
v0000023ed9581ee0_965 .array/port v0000023ed9581ee0, 965;
v0000023ed9581ee0_966 .array/port v0000023ed9581ee0, 966;
v0000023ed9581ee0_967 .array/port v0000023ed9581ee0, 967;
v0000023ed9581ee0_968 .array/port v0000023ed9581ee0, 968;
E_0000023ed9498110/242 .event anyedge, v0000023ed9581ee0_965, v0000023ed9581ee0_966, v0000023ed9581ee0_967, v0000023ed9581ee0_968;
v0000023ed9581ee0_969 .array/port v0000023ed9581ee0, 969;
v0000023ed9581ee0_970 .array/port v0000023ed9581ee0, 970;
v0000023ed9581ee0_971 .array/port v0000023ed9581ee0, 971;
v0000023ed9581ee0_972 .array/port v0000023ed9581ee0, 972;
E_0000023ed9498110/243 .event anyedge, v0000023ed9581ee0_969, v0000023ed9581ee0_970, v0000023ed9581ee0_971, v0000023ed9581ee0_972;
v0000023ed9581ee0_973 .array/port v0000023ed9581ee0, 973;
v0000023ed9581ee0_974 .array/port v0000023ed9581ee0, 974;
v0000023ed9581ee0_975 .array/port v0000023ed9581ee0, 975;
v0000023ed9581ee0_976 .array/port v0000023ed9581ee0, 976;
E_0000023ed9498110/244 .event anyedge, v0000023ed9581ee0_973, v0000023ed9581ee0_974, v0000023ed9581ee0_975, v0000023ed9581ee0_976;
v0000023ed9581ee0_977 .array/port v0000023ed9581ee0, 977;
v0000023ed9581ee0_978 .array/port v0000023ed9581ee0, 978;
v0000023ed9581ee0_979 .array/port v0000023ed9581ee0, 979;
v0000023ed9581ee0_980 .array/port v0000023ed9581ee0, 980;
E_0000023ed9498110/245 .event anyedge, v0000023ed9581ee0_977, v0000023ed9581ee0_978, v0000023ed9581ee0_979, v0000023ed9581ee0_980;
v0000023ed9581ee0_981 .array/port v0000023ed9581ee0, 981;
v0000023ed9581ee0_982 .array/port v0000023ed9581ee0, 982;
v0000023ed9581ee0_983 .array/port v0000023ed9581ee0, 983;
v0000023ed9581ee0_984 .array/port v0000023ed9581ee0, 984;
E_0000023ed9498110/246 .event anyedge, v0000023ed9581ee0_981, v0000023ed9581ee0_982, v0000023ed9581ee0_983, v0000023ed9581ee0_984;
v0000023ed9581ee0_985 .array/port v0000023ed9581ee0, 985;
v0000023ed9581ee0_986 .array/port v0000023ed9581ee0, 986;
v0000023ed9581ee0_987 .array/port v0000023ed9581ee0, 987;
v0000023ed9581ee0_988 .array/port v0000023ed9581ee0, 988;
E_0000023ed9498110/247 .event anyedge, v0000023ed9581ee0_985, v0000023ed9581ee0_986, v0000023ed9581ee0_987, v0000023ed9581ee0_988;
v0000023ed9581ee0_989 .array/port v0000023ed9581ee0, 989;
v0000023ed9581ee0_990 .array/port v0000023ed9581ee0, 990;
v0000023ed9581ee0_991 .array/port v0000023ed9581ee0, 991;
v0000023ed9581ee0_992 .array/port v0000023ed9581ee0, 992;
E_0000023ed9498110/248 .event anyedge, v0000023ed9581ee0_989, v0000023ed9581ee0_990, v0000023ed9581ee0_991, v0000023ed9581ee0_992;
v0000023ed9581ee0_993 .array/port v0000023ed9581ee0, 993;
v0000023ed9581ee0_994 .array/port v0000023ed9581ee0, 994;
v0000023ed9581ee0_995 .array/port v0000023ed9581ee0, 995;
v0000023ed9581ee0_996 .array/port v0000023ed9581ee0, 996;
E_0000023ed9498110/249 .event anyedge, v0000023ed9581ee0_993, v0000023ed9581ee0_994, v0000023ed9581ee0_995, v0000023ed9581ee0_996;
v0000023ed9581ee0_997 .array/port v0000023ed9581ee0, 997;
v0000023ed9581ee0_998 .array/port v0000023ed9581ee0, 998;
v0000023ed9581ee0_999 .array/port v0000023ed9581ee0, 999;
v0000023ed9581ee0_1000 .array/port v0000023ed9581ee0, 1000;
E_0000023ed9498110/250 .event anyedge, v0000023ed9581ee0_997, v0000023ed9581ee0_998, v0000023ed9581ee0_999, v0000023ed9581ee0_1000;
v0000023ed9581ee0_1001 .array/port v0000023ed9581ee0, 1001;
v0000023ed9581ee0_1002 .array/port v0000023ed9581ee0, 1002;
v0000023ed9581ee0_1003 .array/port v0000023ed9581ee0, 1003;
v0000023ed9581ee0_1004 .array/port v0000023ed9581ee0, 1004;
E_0000023ed9498110/251 .event anyedge, v0000023ed9581ee0_1001, v0000023ed9581ee0_1002, v0000023ed9581ee0_1003, v0000023ed9581ee0_1004;
v0000023ed9581ee0_1005 .array/port v0000023ed9581ee0, 1005;
v0000023ed9581ee0_1006 .array/port v0000023ed9581ee0, 1006;
v0000023ed9581ee0_1007 .array/port v0000023ed9581ee0, 1007;
v0000023ed9581ee0_1008 .array/port v0000023ed9581ee0, 1008;
E_0000023ed9498110/252 .event anyedge, v0000023ed9581ee0_1005, v0000023ed9581ee0_1006, v0000023ed9581ee0_1007, v0000023ed9581ee0_1008;
v0000023ed9581ee0_1009 .array/port v0000023ed9581ee0, 1009;
v0000023ed9581ee0_1010 .array/port v0000023ed9581ee0, 1010;
v0000023ed9581ee0_1011 .array/port v0000023ed9581ee0, 1011;
v0000023ed9581ee0_1012 .array/port v0000023ed9581ee0, 1012;
E_0000023ed9498110/253 .event anyedge, v0000023ed9581ee0_1009, v0000023ed9581ee0_1010, v0000023ed9581ee0_1011, v0000023ed9581ee0_1012;
v0000023ed9581ee0_1013 .array/port v0000023ed9581ee0, 1013;
v0000023ed9581ee0_1014 .array/port v0000023ed9581ee0, 1014;
v0000023ed9581ee0_1015 .array/port v0000023ed9581ee0, 1015;
v0000023ed9581ee0_1016 .array/port v0000023ed9581ee0, 1016;
E_0000023ed9498110/254 .event anyedge, v0000023ed9581ee0_1013, v0000023ed9581ee0_1014, v0000023ed9581ee0_1015, v0000023ed9581ee0_1016;
v0000023ed9581ee0_1017 .array/port v0000023ed9581ee0, 1017;
v0000023ed9581ee0_1018 .array/port v0000023ed9581ee0, 1018;
v0000023ed9581ee0_1019 .array/port v0000023ed9581ee0, 1019;
v0000023ed9581ee0_1020 .array/port v0000023ed9581ee0, 1020;
E_0000023ed9498110/255 .event anyedge, v0000023ed9581ee0_1017, v0000023ed9581ee0_1018, v0000023ed9581ee0_1019, v0000023ed9581ee0_1020;
v0000023ed9581ee0_1021 .array/port v0000023ed9581ee0, 1021;
v0000023ed9581ee0_1022 .array/port v0000023ed9581ee0, 1022;
v0000023ed9581ee0_1023 .array/port v0000023ed9581ee0, 1023;
E_0000023ed9498110/256 .event anyedge, v0000023ed9581ee0_1021, v0000023ed9581ee0_1022, v0000023ed9581ee0_1023;
E_0000023ed9498110 .event/or E_0000023ed9498110/0, E_0000023ed9498110/1, E_0000023ed9498110/2, E_0000023ed9498110/3, E_0000023ed9498110/4, E_0000023ed9498110/5, E_0000023ed9498110/6, E_0000023ed9498110/7, E_0000023ed9498110/8, E_0000023ed9498110/9, E_0000023ed9498110/10, E_0000023ed9498110/11, E_0000023ed9498110/12, E_0000023ed9498110/13, E_0000023ed9498110/14, E_0000023ed9498110/15, E_0000023ed9498110/16, E_0000023ed9498110/17, E_0000023ed9498110/18, E_0000023ed9498110/19, E_0000023ed9498110/20, E_0000023ed9498110/21, E_0000023ed9498110/22, E_0000023ed9498110/23, E_0000023ed9498110/24, E_0000023ed9498110/25, E_0000023ed9498110/26, E_0000023ed9498110/27, E_0000023ed9498110/28, E_0000023ed9498110/29, E_0000023ed9498110/30, E_0000023ed9498110/31, E_0000023ed9498110/32, E_0000023ed9498110/33, E_0000023ed9498110/34, E_0000023ed9498110/35, E_0000023ed9498110/36, E_0000023ed9498110/37, E_0000023ed9498110/38, E_0000023ed9498110/39, E_0000023ed9498110/40, E_0000023ed9498110/41, E_0000023ed9498110/42, E_0000023ed9498110/43, E_0000023ed9498110/44, E_0000023ed9498110/45, E_0000023ed9498110/46, E_0000023ed9498110/47, E_0000023ed9498110/48, E_0000023ed9498110/49, E_0000023ed9498110/50, E_0000023ed9498110/51, E_0000023ed9498110/52, E_0000023ed9498110/53, E_0000023ed9498110/54, E_0000023ed9498110/55, E_0000023ed9498110/56, E_0000023ed9498110/57, E_0000023ed9498110/58, E_0000023ed9498110/59, E_0000023ed9498110/60, E_0000023ed9498110/61, E_0000023ed9498110/62, E_0000023ed9498110/63, E_0000023ed9498110/64, E_0000023ed9498110/65, E_0000023ed9498110/66, E_0000023ed9498110/67, E_0000023ed9498110/68, E_0000023ed9498110/69, E_0000023ed9498110/70, E_0000023ed9498110/71, E_0000023ed9498110/72, E_0000023ed9498110/73, E_0000023ed9498110/74, E_0000023ed9498110/75, E_0000023ed9498110/76, E_0000023ed9498110/77, E_0000023ed9498110/78, E_0000023ed9498110/79, E_0000023ed9498110/80, E_0000023ed9498110/81, E_0000023ed9498110/82, E_0000023ed9498110/83, E_0000023ed9498110/84, E_0000023ed9498110/85, E_0000023ed9498110/86, E_0000023ed9498110/87, E_0000023ed9498110/88, E_0000023ed9498110/89, E_0000023ed9498110/90, E_0000023ed9498110/91, E_0000023ed9498110/92, E_0000023ed9498110/93, E_0000023ed9498110/94, E_0000023ed9498110/95, E_0000023ed9498110/96, E_0000023ed9498110/97, E_0000023ed9498110/98, E_0000023ed9498110/99, E_0000023ed9498110/100, E_0000023ed9498110/101, E_0000023ed9498110/102, E_0000023ed9498110/103, E_0000023ed9498110/104, E_0000023ed9498110/105, E_0000023ed9498110/106, E_0000023ed9498110/107, E_0000023ed9498110/108, E_0000023ed9498110/109, E_0000023ed9498110/110, E_0000023ed9498110/111, E_0000023ed9498110/112, E_0000023ed9498110/113, E_0000023ed9498110/114, E_0000023ed9498110/115, E_0000023ed9498110/116, E_0000023ed9498110/117, E_0000023ed9498110/118, E_0000023ed9498110/119, E_0000023ed9498110/120, E_0000023ed9498110/121, E_0000023ed9498110/122, E_0000023ed9498110/123, E_0000023ed9498110/124, E_0000023ed9498110/125, E_0000023ed9498110/126, E_0000023ed9498110/127, E_0000023ed9498110/128, E_0000023ed9498110/129, E_0000023ed9498110/130, E_0000023ed9498110/131, E_0000023ed9498110/132, E_0000023ed9498110/133, E_0000023ed9498110/134, E_0000023ed9498110/135, E_0000023ed9498110/136, E_0000023ed9498110/137, E_0000023ed9498110/138, E_0000023ed9498110/139, E_0000023ed9498110/140, E_0000023ed9498110/141, E_0000023ed9498110/142, E_0000023ed9498110/143, E_0000023ed9498110/144, E_0000023ed9498110/145, E_0000023ed9498110/146, E_0000023ed9498110/147, E_0000023ed9498110/148, E_0000023ed9498110/149, E_0000023ed9498110/150, E_0000023ed9498110/151, E_0000023ed9498110/152, E_0000023ed9498110/153, E_0000023ed9498110/154, E_0000023ed9498110/155, E_0000023ed9498110/156, E_0000023ed9498110/157, E_0000023ed9498110/158, E_0000023ed9498110/159, E_0000023ed9498110/160, E_0000023ed9498110/161, E_0000023ed9498110/162, E_0000023ed9498110/163, E_0000023ed9498110/164, E_0000023ed9498110/165, E_0000023ed9498110/166, E_0000023ed9498110/167, E_0000023ed9498110/168, E_0000023ed9498110/169, E_0000023ed9498110/170, E_0000023ed9498110/171, E_0000023ed9498110/172, E_0000023ed9498110/173, E_0000023ed9498110/174, E_0000023ed9498110/175, E_0000023ed9498110/176, E_0000023ed9498110/177, E_0000023ed9498110/178, E_0000023ed9498110/179, E_0000023ed9498110/180, E_0000023ed9498110/181, E_0000023ed9498110/182, E_0000023ed9498110/183, E_0000023ed9498110/184, E_0000023ed9498110/185, E_0000023ed9498110/186, E_0000023ed9498110/187, E_0000023ed9498110/188, E_0000023ed9498110/189, E_0000023ed9498110/190, E_0000023ed9498110/191, E_0000023ed9498110/192, E_0000023ed9498110/193, E_0000023ed9498110/194, E_0000023ed9498110/195, E_0000023ed9498110/196, E_0000023ed9498110/197, E_0000023ed9498110/198, E_0000023ed9498110/199, E_0000023ed9498110/200, E_0000023ed9498110/201, E_0000023ed9498110/202, E_0000023ed9498110/203, E_0000023ed9498110/204, E_0000023ed9498110/205, E_0000023ed9498110/206, E_0000023ed9498110/207, E_0000023ed9498110/208, E_0000023ed9498110/209, E_0000023ed9498110/210, E_0000023ed9498110/211, E_0000023ed9498110/212, E_0000023ed9498110/213, E_0000023ed9498110/214, E_0000023ed9498110/215, E_0000023ed9498110/216, E_0000023ed9498110/217, E_0000023ed9498110/218, E_0000023ed9498110/219, E_0000023ed9498110/220, E_0000023ed9498110/221, E_0000023ed9498110/222, E_0000023ed9498110/223, E_0000023ed9498110/224, E_0000023ed9498110/225, E_0000023ed9498110/226, E_0000023ed9498110/227, E_0000023ed9498110/228, E_0000023ed9498110/229, E_0000023ed9498110/230, E_0000023ed9498110/231, E_0000023ed9498110/232, E_0000023ed9498110/233, E_0000023ed9498110/234, E_0000023ed9498110/235, E_0000023ed9498110/236, E_0000023ed9498110/237, E_0000023ed9498110/238, E_0000023ed9498110/239, E_0000023ed9498110/240, E_0000023ed9498110/241, E_0000023ed9498110/242, E_0000023ed9498110/243, E_0000023ed9498110/244, E_0000023ed9498110/245, E_0000023ed9498110/246, E_0000023ed9498110/247, E_0000023ed9498110/248, E_0000023ed9498110/249, E_0000023ed9498110/250, E_0000023ed9498110/251, E_0000023ed9498110/252, E_0000023ed9498110/253, E_0000023ed9498110/254, E_0000023ed9498110/255, E_0000023ed9498110/256;
v0000023ed9582660_0 .array/port v0000023ed9582660, 0;
v0000023ed9582660_1 .array/port v0000023ed9582660, 1;
v0000023ed9582660_2 .array/port v0000023ed9582660, 2;
E_0000023ed9498710/0 .event anyedge, v0000023ed95827a0_0, v0000023ed9582660_0, v0000023ed9582660_1, v0000023ed9582660_2;
v0000023ed9582660_3 .array/port v0000023ed9582660, 3;
v0000023ed9582660_4 .array/port v0000023ed9582660, 4;
v0000023ed9582660_5 .array/port v0000023ed9582660, 5;
v0000023ed9582660_6 .array/port v0000023ed9582660, 6;
E_0000023ed9498710/1 .event anyedge, v0000023ed9582660_3, v0000023ed9582660_4, v0000023ed9582660_5, v0000023ed9582660_6;
v0000023ed9582660_7 .array/port v0000023ed9582660, 7;
v0000023ed9582660_8 .array/port v0000023ed9582660, 8;
v0000023ed9582660_9 .array/port v0000023ed9582660, 9;
v0000023ed9582660_10 .array/port v0000023ed9582660, 10;
E_0000023ed9498710/2 .event anyedge, v0000023ed9582660_7, v0000023ed9582660_8, v0000023ed9582660_9, v0000023ed9582660_10;
v0000023ed9582660_11 .array/port v0000023ed9582660, 11;
v0000023ed9582660_12 .array/port v0000023ed9582660, 12;
v0000023ed9582660_13 .array/port v0000023ed9582660, 13;
v0000023ed9582660_14 .array/port v0000023ed9582660, 14;
E_0000023ed9498710/3 .event anyedge, v0000023ed9582660_11, v0000023ed9582660_12, v0000023ed9582660_13, v0000023ed9582660_14;
v0000023ed9582660_15 .array/port v0000023ed9582660, 15;
v0000023ed9582660_16 .array/port v0000023ed9582660, 16;
v0000023ed9582660_17 .array/port v0000023ed9582660, 17;
v0000023ed9582660_18 .array/port v0000023ed9582660, 18;
E_0000023ed9498710/4 .event anyedge, v0000023ed9582660_15, v0000023ed9582660_16, v0000023ed9582660_17, v0000023ed9582660_18;
v0000023ed9582660_19 .array/port v0000023ed9582660, 19;
v0000023ed9582660_20 .array/port v0000023ed9582660, 20;
v0000023ed9582660_21 .array/port v0000023ed9582660, 21;
v0000023ed9582660_22 .array/port v0000023ed9582660, 22;
E_0000023ed9498710/5 .event anyedge, v0000023ed9582660_19, v0000023ed9582660_20, v0000023ed9582660_21, v0000023ed9582660_22;
v0000023ed9582660_23 .array/port v0000023ed9582660, 23;
v0000023ed9582660_24 .array/port v0000023ed9582660, 24;
v0000023ed9582660_25 .array/port v0000023ed9582660, 25;
v0000023ed9582660_26 .array/port v0000023ed9582660, 26;
E_0000023ed9498710/6 .event anyedge, v0000023ed9582660_23, v0000023ed9582660_24, v0000023ed9582660_25, v0000023ed9582660_26;
v0000023ed9582660_27 .array/port v0000023ed9582660, 27;
v0000023ed9582660_28 .array/port v0000023ed9582660, 28;
v0000023ed9582660_29 .array/port v0000023ed9582660, 29;
v0000023ed9582660_30 .array/port v0000023ed9582660, 30;
E_0000023ed9498710/7 .event anyedge, v0000023ed9582660_27, v0000023ed9582660_28, v0000023ed9582660_29, v0000023ed9582660_30;
v0000023ed9582660_31 .array/port v0000023ed9582660, 31;
v0000023ed9582660_32 .array/port v0000023ed9582660, 32;
v0000023ed9582660_33 .array/port v0000023ed9582660, 33;
v0000023ed9582660_34 .array/port v0000023ed9582660, 34;
E_0000023ed9498710/8 .event anyedge, v0000023ed9582660_31, v0000023ed9582660_32, v0000023ed9582660_33, v0000023ed9582660_34;
v0000023ed9582660_35 .array/port v0000023ed9582660, 35;
v0000023ed9582660_36 .array/port v0000023ed9582660, 36;
v0000023ed9582660_37 .array/port v0000023ed9582660, 37;
v0000023ed9582660_38 .array/port v0000023ed9582660, 38;
E_0000023ed9498710/9 .event anyedge, v0000023ed9582660_35, v0000023ed9582660_36, v0000023ed9582660_37, v0000023ed9582660_38;
v0000023ed9582660_39 .array/port v0000023ed9582660, 39;
v0000023ed9582660_40 .array/port v0000023ed9582660, 40;
v0000023ed9582660_41 .array/port v0000023ed9582660, 41;
v0000023ed9582660_42 .array/port v0000023ed9582660, 42;
E_0000023ed9498710/10 .event anyedge, v0000023ed9582660_39, v0000023ed9582660_40, v0000023ed9582660_41, v0000023ed9582660_42;
v0000023ed9582660_43 .array/port v0000023ed9582660, 43;
v0000023ed9582660_44 .array/port v0000023ed9582660, 44;
v0000023ed9582660_45 .array/port v0000023ed9582660, 45;
v0000023ed9582660_46 .array/port v0000023ed9582660, 46;
E_0000023ed9498710/11 .event anyedge, v0000023ed9582660_43, v0000023ed9582660_44, v0000023ed9582660_45, v0000023ed9582660_46;
v0000023ed9582660_47 .array/port v0000023ed9582660, 47;
v0000023ed9582660_48 .array/port v0000023ed9582660, 48;
v0000023ed9582660_49 .array/port v0000023ed9582660, 49;
v0000023ed9582660_50 .array/port v0000023ed9582660, 50;
E_0000023ed9498710/12 .event anyedge, v0000023ed9582660_47, v0000023ed9582660_48, v0000023ed9582660_49, v0000023ed9582660_50;
v0000023ed9582660_51 .array/port v0000023ed9582660, 51;
v0000023ed9582660_52 .array/port v0000023ed9582660, 52;
v0000023ed9582660_53 .array/port v0000023ed9582660, 53;
v0000023ed9582660_54 .array/port v0000023ed9582660, 54;
E_0000023ed9498710/13 .event anyedge, v0000023ed9582660_51, v0000023ed9582660_52, v0000023ed9582660_53, v0000023ed9582660_54;
v0000023ed9582660_55 .array/port v0000023ed9582660, 55;
v0000023ed9582660_56 .array/port v0000023ed9582660, 56;
v0000023ed9582660_57 .array/port v0000023ed9582660, 57;
v0000023ed9582660_58 .array/port v0000023ed9582660, 58;
E_0000023ed9498710/14 .event anyedge, v0000023ed9582660_55, v0000023ed9582660_56, v0000023ed9582660_57, v0000023ed9582660_58;
v0000023ed9582660_59 .array/port v0000023ed9582660, 59;
v0000023ed9582660_60 .array/port v0000023ed9582660, 60;
v0000023ed9582660_61 .array/port v0000023ed9582660, 61;
v0000023ed9582660_62 .array/port v0000023ed9582660, 62;
E_0000023ed9498710/15 .event anyedge, v0000023ed9582660_59, v0000023ed9582660_60, v0000023ed9582660_61, v0000023ed9582660_62;
v0000023ed9582660_63 .array/port v0000023ed9582660, 63;
v0000023ed9582660_64 .array/port v0000023ed9582660, 64;
v0000023ed9582660_65 .array/port v0000023ed9582660, 65;
v0000023ed9582660_66 .array/port v0000023ed9582660, 66;
E_0000023ed9498710/16 .event anyedge, v0000023ed9582660_63, v0000023ed9582660_64, v0000023ed9582660_65, v0000023ed9582660_66;
v0000023ed9582660_67 .array/port v0000023ed9582660, 67;
v0000023ed9582660_68 .array/port v0000023ed9582660, 68;
v0000023ed9582660_69 .array/port v0000023ed9582660, 69;
v0000023ed9582660_70 .array/port v0000023ed9582660, 70;
E_0000023ed9498710/17 .event anyedge, v0000023ed9582660_67, v0000023ed9582660_68, v0000023ed9582660_69, v0000023ed9582660_70;
v0000023ed9582660_71 .array/port v0000023ed9582660, 71;
v0000023ed9582660_72 .array/port v0000023ed9582660, 72;
v0000023ed9582660_73 .array/port v0000023ed9582660, 73;
v0000023ed9582660_74 .array/port v0000023ed9582660, 74;
E_0000023ed9498710/18 .event anyedge, v0000023ed9582660_71, v0000023ed9582660_72, v0000023ed9582660_73, v0000023ed9582660_74;
v0000023ed9582660_75 .array/port v0000023ed9582660, 75;
v0000023ed9582660_76 .array/port v0000023ed9582660, 76;
v0000023ed9582660_77 .array/port v0000023ed9582660, 77;
v0000023ed9582660_78 .array/port v0000023ed9582660, 78;
E_0000023ed9498710/19 .event anyedge, v0000023ed9582660_75, v0000023ed9582660_76, v0000023ed9582660_77, v0000023ed9582660_78;
v0000023ed9582660_79 .array/port v0000023ed9582660, 79;
v0000023ed9582660_80 .array/port v0000023ed9582660, 80;
v0000023ed9582660_81 .array/port v0000023ed9582660, 81;
v0000023ed9582660_82 .array/port v0000023ed9582660, 82;
E_0000023ed9498710/20 .event anyedge, v0000023ed9582660_79, v0000023ed9582660_80, v0000023ed9582660_81, v0000023ed9582660_82;
v0000023ed9582660_83 .array/port v0000023ed9582660, 83;
v0000023ed9582660_84 .array/port v0000023ed9582660, 84;
v0000023ed9582660_85 .array/port v0000023ed9582660, 85;
v0000023ed9582660_86 .array/port v0000023ed9582660, 86;
E_0000023ed9498710/21 .event anyedge, v0000023ed9582660_83, v0000023ed9582660_84, v0000023ed9582660_85, v0000023ed9582660_86;
v0000023ed9582660_87 .array/port v0000023ed9582660, 87;
v0000023ed9582660_88 .array/port v0000023ed9582660, 88;
v0000023ed9582660_89 .array/port v0000023ed9582660, 89;
v0000023ed9582660_90 .array/port v0000023ed9582660, 90;
E_0000023ed9498710/22 .event anyedge, v0000023ed9582660_87, v0000023ed9582660_88, v0000023ed9582660_89, v0000023ed9582660_90;
v0000023ed9582660_91 .array/port v0000023ed9582660, 91;
v0000023ed9582660_92 .array/port v0000023ed9582660, 92;
v0000023ed9582660_93 .array/port v0000023ed9582660, 93;
v0000023ed9582660_94 .array/port v0000023ed9582660, 94;
E_0000023ed9498710/23 .event anyedge, v0000023ed9582660_91, v0000023ed9582660_92, v0000023ed9582660_93, v0000023ed9582660_94;
v0000023ed9582660_95 .array/port v0000023ed9582660, 95;
v0000023ed9582660_96 .array/port v0000023ed9582660, 96;
v0000023ed9582660_97 .array/port v0000023ed9582660, 97;
v0000023ed9582660_98 .array/port v0000023ed9582660, 98;
E_0000023ed9498710/24 .event anyedge, v0000023ed9582660_95, v0000023ed9582660_96, v0000023ed9582660_97, v0000023ed9582660_98;
v0000023ed9582660_99 .array/port v0000023ed9582660, 99;
v0000023ed9582660_100 .array/port v0000023ed9582660, 100;
v0000023ed9582660_101 .array/port v0000023ed9582660, 101;
v0000023ed9582660_102 .array/port v0000023ed9582660, 102;
E_0000023ed9498710/25 .event anyedge, v0000023ed9582660_99, v0000023ed9582660_100, v0000023ed9582660_101, v0000023ed9582660_102;
v0000023ed9582660_103 .array/port v0000023ed9582660, 103;
v0000023ed9582660_104 .array/port v0000023ed9582660, 104;
v0000023ed9582660_105 .array/port v0000023ed9582660, 105;
v0000023ed9582660_106 .array/port v0000023ed9582660, 106;
E_0000023ed9498710/26 .event anyedge, v0000023ed9582660_103, v0000023ed9582660_104, v0000023ed9582660_105, v0000023ed9582660_106;
v0000023ed9582660_107 .array/port v0000023ed9582660, 107;
v0000023ed9582660_108 .array/port v0000023ed9582660, 108;
v0000023ed9582660_109 .array/port v0000023ed9582660, 109;
v0000023ed9582660_110 .array/port v0000023ed9582660, 110;
E_0000023ed9498710/27 .event anyedge, v0000023ed9582660_107, v0000023ed9582660_108, v0000023ed9582660_109, v0000023ed9582660_110;
v0000023ed9582660_111 .array/port v0000023ed9582660, 111;
v0000023ed9582660_112 .array/port v0000023ed9582660, 112;
v0000023ed9582660_113 .array/port v0000023ed9582660, 113;
v0000023ed9582660_114 .array/port v0000023ed9582660, 114;
E_0000023ed9498710/28 .event anyedge, v0000023ed9582660_111, v0000023ed9582660_112, v0000023ed9582660_113, v0000023ed9582660_114;
v0000023ed9582660_115 .array/port v0000023ed9582660, 115;
v0000023ed9582660_116 .array/port v0000023ed9582660, 116;
v0000023ed9582660_117 .array/port v0000023ed9582660, 117;
v0000023ed9582660_118 .array/port v0000023ed9582660, 118;
E_0000023ed9498710/29 .event anyedge, v0000023ed9582660_115, v0000023ed9582660_116, v0000023ed9582660_117, v0000023ed9582660_118;
v0000023ed9582660_119 .array/port v0000023ed9582660, 119;
v0000023ed9582660_120 .array/port v0000023ed9582660, 120;
v0000023ed9582660_121 .array/port v0000023ed9582660, 121;
v0000023ed9582660_122 .array/port v0000023ed9582660, 122;
E_0000023ed9498710/30 .event anyedge, v0000023ed9582660_119, v0000023ed9582660_120, v0000023ed9582660_121, v0000023ed9582660_122;
v0000023ed9582660_123 .array/port v0000023ed9582660, 123;
v0000023ed9582660_124 .array/port v0000023ed9582660, 124;
v0000023ed9582660_125 .array/port v0000023ed9582660, 125;
v0000023ed9582660_126 .array/port v0000023ed9582660, 126;
E_0000023ed9498710/31 .event anyedge, v0000023ed9582660_123, v0000023ed9582660_124, v0000023ed9582660_125, v0000023ed9582660_126;
v0000023ed9582660_127 .array/port v0000023ed9582660, 127;
v0000023ed9582660_128 .array/port v0000023ed9582660, 128;
v0000023ed9582660_129 .array/port v0000023ed9582660, 129;
v0000023ed9582660_130 .array/port v0000023ed9582660, 130;
E_0000023ed9498710/32 .event anyedge, v0000023ed9582660_127, v0000023ed9582660_128, v0000023ed9582660_129, v0000023ed9582660_130;
v0000023ed9582660_131 .array/port v0000023ed9582660, 131;
v0000023ed9582660_132 .array/port v0000023ed9582660, 132;
v0000023ed9582660_133 .array/port v0000023ed9582660, 133;
v0000023ed9582660_134 .array/port v0000023ed9582660, 134;
E_0000023ed9498710/33 .event anyedge, v0000023ed9582660_131, v0000023ed9582660_132, v0000023ed9582660_133, v0000023ed9582660_134;
v0000023ed9582660_135 .array/port v0000023ed9582660, 135;
v0000023ed9582660_136 .array/port v0000023ed9582660, 136;
v0000023ed9582660_137 .array/port v0000023ed9582660, 137;
v0000023ed9582660_138 .array/port v0000023ed9582660, 138;
E_0000023ed9498710/34 .event anyedge, v0000023ed9582660_135, v0000023ed9582660_136, v0000023ed9582660_137, v0000023ed9582660_138;
v0000023ed9582660_139 .array/port v0000023ed9582660, 139;
v0000023ed9582660_140 .array/port v0000023ed9582660, 140;
v0000023ed9582660_141 .array/port v0000023ed9582660, 141;
v0000023ed9582660_142 .array/port v0000023ed9582660, 142;
E_0000023ed9498710/35 .event anyedge, v0000023ed9582660_139, v0000023ed9582660_140, v0000023ed9582660_141, v0000023ed9582660_142;
v0000023ed9582660_143 .array/port v0000023ed9582660, 143;
v0000023ed9582660_144 .array/port v0000023ed9582660, 144;
v0000023ed9582660_145 .array/port v0000023ed9582660, 145;
v0000023ed9582660_146 .array/port v0000023ed9582660, 146;
E_0000023ed9498710/36 .event anyedge, v0000023ed9582660_143, v0000023ed9582660_144, v0000023ed9582660_145, v0000023ed9582660_146;
v0000023ed9582660_147 .array/port v0000023ed9582660, 147;
v0000023ed9582660_148 .array/port v0000023ed9582660, 148;
v0000023ed9582660_149 .array/port v0000023ed9582660, 149;
v0000023ed9582660_150 .array/port v0000023ed9582660, 150;
E_0000023ed9498710/37 .event anyedge, v0000023ed9582660_147, v0000023ed9582660_148, v0000023ed9582660_149, v0000023ed9582660_150;
v0000023ed9582660_151 .array/port v0000023ed9582660, 151;
v0000023ed9582660_152 .array/port v0000023ed9582660, 152;
v0000023ed9582660_153 .array/port v0000023ed9582660, 153;
v0000023ed9582660_154 .array/port v0000023ed9582660, 154;
E_0000023ed9498710/38 .event anyedge, v0000023ed9582660_151, v0000023ed9582660_152, v0000023ed9582660_153, v0000023ed9582660_154;
v0000023ed9582660_155 .array/port v0000023ed9582660, 155;
v0000023ed9582660_156 .array/port v0000023ed9582660, 156;
v0000023ed9582660_157 .array/port v0000023ed9582660, 157;
v0000023ed9582660_158 .array/port v0000023ed9582660, 158;
E_0000023ed9498710/39 .event anyedge, v0000023ed9582660_155, v0000023ed9582660_156, v0000023ed9582660_157, v0000023ed9582660_158;
v0000023ed9582660_159 .array/port v0000023ed9582660, 159;
v0000023ed9582660_160 .array/port v0000023ed9582660, 160;
v0000023ed9582660_161 .array/port v0000023ed9582660, 161;
v0000023ed9582660_162 .array/port v0000023ed9582660, 162;
E_0000023ed9498710/40 .event anyedge, v0000023ed9582660_159, v0000023ed9582660_160, v0000023ed9582660_161, v0000023ed9582660_162;
v0000023ed9582660_163 .array/port v0000023ed9582660, 163;
v0000023ed9582660_164 .array/port v0000023ed9582660, 164;
v0000023ed9582660_165 .array/port v0000023ed9582660, 165;
v0000023ed9582660_166 .array/port v0000023ed9582660, 166;
E_0000023ed9498710/41 .event anyedge, v0000023ed9582660_163, v0000023ed9582660_164, v0000023ed9582660_165, v0000023ed9582660_166;
v0000023ed9582660_167 .array/port v0000023ed9582660, 167;
v0000023ed9582660_168 .array/port v0000023ed9582660, 168;
v0000023ed9582660_169 .array/port v0000023ed9582660, 169;
v0000023ed9582660_170 .array/port v0000023ed9582660, 170;
E_0000023ed9498710/42 .event anyedge, v0000023ed9582660_167, v0000023ed9582660_168, v0000023ed9582660_169, v0000023ed9582660_170;
v0000023ed9582660_171 .array/port v0000023ed9582660, 171;
v0000023ed9582660_172 .array/port v0000023ed9582660, 172;
v0000023ed9582660_173 .array/port v0000023ed9582660, 173;
v0000023ed9582660_174 .array/port v0000023ed9582660, 174;
E_0000023ed9498710/43 .event anyedge, v0000023ed9582660_171, v0000023ed9582660_172, v0000023ed9582660_173, v0000023ed9582660_174;
v0000023ed9582660_175 .array/port v0000023ed9582660, 175;
v0000023ed9582660_176 .array/port v0000023ed9582660, 176;
v0000023ed9582660_177 .array/port v0000023ed9582660, 177;
v0000023ed9582660_178 .array/port v0000023ed9582660, 178;
E_0000023ed9498710/44 .event anyedge, v0000023ed9582660_175, v0000023ed9582660_176, v0000023ed9582660_177, v0000023ed9582660_178;
v0000023ed9582660_179 .array/port v0000023ed9582660, 179;
v0000023ed9582660_180 .array/port v0000023ed9582660, 180;
v0000023ed9582660_181 .array/port v0000023ed9582660, 181;
v0000023ed9582660_182 .array/port v0000023ed9582660, 182;
E_0000023ed9498710/45 .event anyedge, v0000023ed9582660_179, v0000023ed9582660_180, v0000023ed9582660_181, v0000023ed9582660_182;
v0000023ed9582660_183 .array/port v0000023ed9582660, 183;
v0000023ed9582660_184 .array/port v0000023ed9582660, 184;
v0000023ed9582660_185 .array/port v0000023ed9582660, 185;
v0000023ed9582660_186 .array/port v0000023ed9582660, 186;
E_0000023ed9498710/46 .event anyedge, v0000023ed9582660_183, v0000023ed9582660_184, v0000023ed9582660_185, v0000023ed9582660_186;
v0000023ed9582660_187 .array/port v0000023ed9582660, 187;
v0000023ed9582660_188 .array/port v0000023ed9582660, 188;
v0000023ed9582660_189 .array/port v0000023ed9582660, 189;
v0000023ed9582660_190 .array/port v0000023ed9582660, 190;
E_0000023ed9498710/47 .event anyedge, v0000023ed9582660_187, v0000023ed9582660_188, v0000023ed9582660_189, v0000023ed9582660_190;
v0000023ed9582660_191 .array/port v0000023ed9582660, 191;
v0000023ed9582660_192 .array/port v0000023ed9582660, 192;
v0000023ed9582660_193 .array/port v0000023ed9582660, 193;
v0000023ed9582660_194 .array/port v0000023ed9582660, 194;
E_0000023ed9498710/48 .event anyedge, v0000023ed9582660_191, v0000023ed9582660_192, v0000023ed9582660_193, v0000023ed9582660_194;
v0000023ed9582660_195 .array/port v0000023ed9582660, 195;
v0000023ed9582660_196 .array/port v0000023ed9582660, 196;
v0000023ed9582660_197 .array/port v0000023ed9582660, 197;
v0000023ed9582660_198 .array/port v0000023ed9582660, 198;
E_0000023ed9498710/49 .event anyedge, v0000023ed9582660_195, v0000023ed9582660_196, v0000023ed9582660_197, v0000023ed9582660_198;
v0000023ed9582660_199 .array/port v0000023ed9582660, 199;
v0000023ed9582660_200 .array/port v0000023ed9582660, 200;
v0000023ed9582660_201 .array/port v0000023ed9582660, 201;
v0000023ed9582660_202 .array/port v0000023ed9582660, 202;
E_0000023ed9498710/50 .event anyedge, v0000023ed9582660_199, v0000023ed9582660_200, v0000023ed9582660_201, v0000023ed9582660_202;
v0000023ed9582660_203 .array/port v0000023ed9582660, 203;
v0000023ed9582660_204 .array/port v0000023ed9582660, 204;
v0000023ed9582660_205 .array/port v0000023ed9582660, 205;
v0000023ed9582660_206 .array/port v0000023ed9582660, 206;
E_0000023ed9498710/51 .event anyedge, v0000023ed9582660_203, v0000023ed9582660_204, v0000023ed9582660_205, v0000023ed9582660_206;
v0000023ed9582660_207 .array/port v0000023ed9582660, 207;
v0000023ed9582660_208 .array/port v0000023ed9582660, 208;
v0000023ed9582660_209 .array/port v0000023ed9582660, 209;
v0000023ed9582660_210 .array/port v0000023ed9582660, 210;
E_0000023ed9498710/52 .event anyedge, v0000023ed9582660_207, v0000023ed9582660_208, v0000023ed9582660_209, v0000023ed9582660_210;
v0000023ed9582660_211 .array/port v0000023ed9582660, 211;
v0000023ed9582660_212 .array/port v0000023ed9582660, 212;
v0000023ed9582660_213 .array/port v0000023ed9582660, 213;
v0000023ed9582660_214 .array/port v0000023ed9582660, 214;
E_0000023ed9498710/53 .event anyedge, v0000023ed9582660_211, v0000023ed9582660_212, v0000023ed9582660_213, v0000023ed9582660_214;
v0000023ed9582660_215 .array/port v0000023ed9582660, 215;
v0000023ed9582660_216 .array/port v0000023ed9582660, 216;
v0000023ed9582660_217 .array/port v0000023ed9582660, 217;
v0000023ed9582660_218 .array/port v0000023ed9582660, 218;
E_0000023ed9498710/54 .event anyedge, v0000023ed9582660_215, v0000023ed9582660_216, v0000023ed9582660_217, v0000023ed9582660_218;
v0000023ed9582660_219 .array/port v0000023ed9582660, 219;
v0000023ed9582660_220 .array/port v0000023ed9582660, 220;
v0000023ed9582660_221 .array/port v0000023ed9582660, 221;
v0000023ed9582660_222 .array/port v0000023ed9582660, 222;
E_0000023ed9498710/55 .event anyedge, v0000023ed9582660_219, v0000023ed9582660_220, v0000023ed9582660_221, v0000023ed9582660_222;
v0000023ed9582660_223 .array/port v0000023ed9582660, 223;
v0000023ed9582660_224 .array/port v0000023ed9582660, 224;
v0000023ed9582660_225 .array/port v0000023ed9582660, 225;
v0000023ed9582660_226 .array/port v0000023ed9582660, 226;
E_0000023ed9498710/56 .event anyedge, v0000023ed9582660_223, v0000023ed9582660_224, v0000023ed9582660_225, v0000023ed9582660_226;
v0000023ed9582660_227 .array/port v0000023ed9582660, 227;
v0000023ed9582660_228 .array/port v0000023ed9582660, 228;
v0000023ed9582660_229 .array/port v0000023ed9582660, 229;
v0000023ed9582660_230 .array/port v0000023ed9582660, 230;
E_0000023ed9498710/57 .event anyedge, v0000023ed9582660_227, v0000023ed9582660_228, v0000023ed9582660_229, v0000023ed9582660_230;
v0000023ed9582660_231 .array/port v0000023ed9582660, 231;
v0000023ed9582660_232 .array/port v0000023ed9582660, 232;
v0000023ed9582660_233 .array/port v0000023ed9582660, 233;
v0000023ed9582660_234 .array/port v0000023ed9582660, 234;
E_0000023ed9498710/58 .event anyedge, v0000023ed9582660_231, v0000023ed9582660_232, v0000023ed9582660_233, v0000023ed9582660_234;
v0000023ed9582660_235 .array/port v0000023ed9582660, 235;
v0000023ed9582660_236 .array/port v0000023ed9582660, 236;
v0000023ed9582660_237 .array/port v0000023ed9582660, 237;
v0000023ed9582660_238 .array/port v0000023ed9582660, 238;
E_0000023ed9498710/59 .event anyedge, v0000023ed9582660_235, v0000023ed9582660_236, v0000023ed9582660_237, v0000023ed9582660_238;
v0000023ed9582660_239 .array/port v0000023ed9582660, 239;
v0000023ed9582660_240 .array/port v0000023ed9582660, 240;
v0000023ed9582660_241 .array/port v0000023ed9582660, 241;
v0000023ed9582660_242 .array/port v0000023ed9582660, 242;
E_0000023ed9498710/60 .event anyedge, v0000023ed9582660_239, v0000023ed9582660_240, v0000023ed9582660_241, v0000023ed9582660_242;
v0000023ed9582660_243 .array/port v0000023ed9582660, 243;
v0000023ed9582660_244 .array/port v0000023ed9582660, 244;
v0000023ed9582660_245 .array/port v0000023ed9582660, 245;
v0000023ed9582660_246 .array/port v0000023ed9582660, 246;
E_0000023ed9498710/61 .event anyedge, v0000023ed9582660_243, v0000023ed9582660_244, v0000023ed9582660_245, v0000023ed9582660_246;
v0000023ed9582660_247 .array/port v0000023ed9582660, 247;
v0000023ed9582660_248 .array/port v0000023ed9582660, 248;
v0000023ed9582660_249 .array/port v0000023ed9582660, 249;
v0000023ed9582660_250 .array/port v0000023ed9582660, 250;
E_0000023ed9498710/62 .event anyedge, v0000023ed9582660_247, v0000023ed9582660_248, v0000023ed9582660_249, v0000023ed9582660_250;
v0000023ed9582660_251 .array/port v0000023ed9582660, 251;
v0000023ed9582660_252 .array/port v0000023ed9582660, 252;
v0000023ed9582660_253 .array/port v0000023ed9582660, 253;
v0000023ed9582660_254 .array/port v0000023ed9582660, 254;
E_0000023ed9498710/63 .event anyedge, v0000023ed9582660_251, v0000023ed9582660_252, v0000023ed9582660_253, v0000023ed9582660_254;
v0000023ed9582660_255 .array/port v0000023ed9582660, 255;
v0000023ed9582660_256 .array/port v0000023ed9582660, 256;
v0000023ed9582660_257 .array/port v0000023ed9582660, 257;
v0000023ed9582660_258 .array/port v0000023ed9582660, 258;
E_0000023ed9498710/64 .event anyedge, v0000023ed9582660_255, v0000023ed9582660_256, v0000023ed9582660_257, v0000023ed9582660_258;
v0000023ed9582660_259 .array/port v0000023ed9582660, 259;
v0000023ed9582660_260 .array/port v0000023ed9582660, 260;
v0000023ed9582660_261 .array/port v0000023ed9582660, 261;
v0000023ed9582660_262 .array/port v0000023ed9582660, 262;
E_0000023ed9498710/65 .event anyedge, v0000023ed9582660_259, v0000023ed9582660_260, v0000023ed9582660_261, v0000023ed9582660_262;
v0000023ed9582660_263 .array/port v0000023ed9582660, 263;
v0000023ed9582660_264 .array/port v0000023ed9582660, 264;
v0000023ed9582660_265 .array/port v0000023ed9582660, 265;
v0000023ed9582660_266 .array/port v0000023ed9582660, 266;
E_0000023ed9498710/66 .event anyedge, v0000023ed9582660_263, v0000023ed9582660_264, v0000023ed9582660_265, v0000023ed9582660_266;
v0000023ed9582660_267 .array/port v0000023ed9582660, 267;
v0000023ed9582660_268 .array/port v0000023ed9582660, 268;
v0000023ed9582660_269 .array/port v0000023ed9582660, 269;
v0000023ed9582660_270 .array/port v0000023ed9582660, 270;
E_0000023ed9498710/67 .event anyedge, v0000023ed9582660_267, v0000023ed9582660_268, v0000023ed9582660_269, v0000023ed9582660_270;
v0000023ed9582660_271 .array/port v0000023ed9582660, 271;
v0000023ed9582660_272 .array/port v0000023ed9582660, 272;
v0000023ed9582660_273 .array/port v0000023ed9582660, 273;
v0000023ed9582660_274 .array/port v0000023ed9582660, 274;
E_0000023ed9498710/68 .event anyedge, v0000023ed9582660_271, v0000023ed9582660_272, v0000023ed9582660_273, v0000023ed9582660_274;
v0000023ed9582660_275 .array/port v0000023ed9582660, 275;
v0000023ed9582660_276 .array/port v0000023ed9582660, 276;
v0000023ed9582660_277 .array/port v0000023ed9582660, 277;
v0000023ed9582660_278 .array/port v0000023ed9582660, 278;
E_0000023ed9498710/69 .event anyedge, v0000023ed9582660_275, v0000023ed9582660_276, v0000023ed9582660_277, v0000023ed9582660_278;
v0000023ed9582660_279 .array/port v0000023ed9582660, 279;
v0000023ed9582660_280 .array/port v0000023ed9582660, 280;
v0000023ed9582660_281 .array/port v0000023ed9582660, 281;
v0000023ed9582660_282 .array/port v0000023ed9582660, 282;
E_0000023ed9498710/70 .event anyedge, v0000023ed9582660_279, v0000023ed9582660_280, v0000023ed9582660_281, v0000023ed9582660_282;
v0000023ed9582660_283 .array/port v0000023ed9582660, 283;
v0000023ed9582660_284 .array/port v0000023ed9582660, 284;
v0000023ed9582660_285 .array/port v0000023ed9582660, 285;
v0000023ed9582660_286 .array/port v0000023ed9582660, 286;
E_0000023ed9498710/71 .event anyedge, v0000023ed9582660_283, v0000023ed9582660_284, v0000023ed9582660_285, v0000023ed9582660_286;
v0000023ed9582660_287 .array/port v0000023ed9582660, 287;
v0000023ed9582660_288 .array/port v0000023ed9582660, 288;
v0000023ed9582660_289 .array/port v0000023ed9582660, 289;
v0000023ed9582660_290 .array/port v0000023ed9582660, 290;
E_0000023ed9498710/72 .event anyedge, v0000023ed9582660_287, v0000023ed9582660_288, v0000023ed9582660_289, v0000023ed9582660_290;
v0000023ed9582660_291 .array/port v0000023ed9582660, 291;
v0000023ed9582660_292 .array/port v0000023ed9582660, 292;
v0000023ed9582660_293 .array/port v0000023ed9582660, 293;
v0000023ed9582660_294 .array/port v0000023ed9582660, 294;
E_0000023ed9498710/73 .event anyedge, v0000023ed9582660_291, v0000023ed9582660_292, v0000023ed9582660_293, v0000023ed9582660_294;
v0000023ed9582660_295 .array/port v0000023ed9582660, 295;
v0000023ed9582660_296 .array/port v0000023ed9582660, 296;
v0000023ed9582660_297 .array/port v0000023ed9582660, 297;
v0000023ed9582660_298 .array/port v0000023ed9582660, 298;
E_0000023ed9498710/74 .event anyedge, v0000023ed9582660_295, v0000023ed9582660_296, v0000023ed9582660_297, v0000023ed9582660_298;
v0000023ed9582660_299 .array/port v0000023ed9582660, 299;
v0000023ed9582660_300 .array/port v0000023ed9582660, 300;
v0000023ed9582660_301 .array/port v0000023ed9582660, 301;
v0000023ed9582660_302 .array/port v0000023ed9582660, 302;
E_0000023ed9498710/75 .event anyedge, v0000023ed9582660_299, v0000023ed9582660_300, v0000023ed9582660_301, v0000023ed9582660_302;
v0000023ed9582660_303 .array/port v0000023ed9582660, 303;
v0000023ed9582660_304 .array/port v0000023ed9582660, 304;
v0000023ed9582660_305 .array/port v0000023ed9582660, 305;
v0000023ed9582660_306 .array/port v0000023ed9582660, 306;
E_0000023ed9498710/76 .event anyedge, v0000023ed9582660_303, v0000023ed9582660_304, v0000023ed9582660_305, v0000023ed9582660_306;
v0000023ed9582660_307 .array/port v0000023ed9582660, 307;
v0000023ed9582660_308 .array/port v0000023ed9582660, 308;
v0000023ed9582660_309 .array/port v0000023ed9582660, 309;
v0000023ed9582660_310 .array/port v0000023ed9582660, 310;
E_0000023ed9498710/77 .event anyedge, v0000023ed9582660_307, v0000023ed9582660_308, v0000023ed9582660_309, v0000023ed9582660_310;
v0000023ed9582660_311 .array/port v0000023ed9582660, 311;
v0000023ed9582660_312 .array/port v0000023ed9582660, 312;
v0000023ed9582660_313 .array/port v0000023ed9582660, 313;
v0000023ed9582660_314 .array/port v0000023ed9582660, 314;
E_0000023ed9498710/78 .event anyedge, v0000023ed9582660_311, v0000023ed9582660_312, v0000023ed9582660_313, v0000023ed9582660_314;
v0000023ed9582660_315 .array/port v0000023ed9582660, 315;
v0000023ed9582660_316 .array/port v0000023ed9582660, 316;
v0000023ed9582660_317 .array/port v0000023ed9582660, 317;
v0000023ed9582660_318 .array/port v0000023ed9582660, 318;
E_0000023ed9498710/79 .event anyedge, v0000023ed9582660_315, v0000023ed9582660_316, v0000023ed9582660_317, v0000023ed9582660_318;
v0000023ed9582660_319 .array/port v0000023ed9582660, 319;
v0000023ed9582660_320 .array/port v0000023ed9582660, 320;
v0000023ed9582660_321 .array/port v0000023ed9582660, 321;
v0000023ed9582660_322 .array/port v0000023ed9582660, 322;
E_0000023ed9498710/80 .event anyedge, v0000023ed9582660_319, v0000023ed9582660_320, v0000023ed9582660_321, v0000023ed9582660_322;
v0000023ed9582660_323 .array/port v0000023ed9582660, 323;
v0000023ed9582660_324 .array/port v0000023ed9582660, 324;
v0000023ed9582660_325 .array/port v0000023ed9582660, 325;
v0000023ed9582660_326 .array/port v0000023ed9582660, 326;
E_0000023ed9498710/81 .event anyedge, v0000023ed9582660_323, v0000023ed9582660_324, v0000023ed9582660_325, v0000023ed9582660_326;
v0000023ed9582660_327 .array/port v0000023ed9582660, 327;
v0000023ed9582660_328 .array/port v0000023ed9582660, 328;
v0000023ed9582660_329 .array/port v0000023ed9582660, 329;
v0000023ed9582660_330 .array/port v0000023ed9582660, 330;
E_0000023ed9498710/82 .event anyedge, v0000023ed9582660_327, v0000023ed9582660_328, v0000023ed9582660_329, v0000023ed9582660_330;
v0000023ed9582660_331 .array/port v0000023ed9582660, 331;
v0000023ed9582660_332 .array/port v0000023ed9582660, 332;
v0000023ed9582660_333 .array/port v0000023ed9582660, 333;
v0000023ed9582660_334 .array/port v0000023ed9582660, 334;
E_0000023ed9498710/83 .event anyedge, v0000023ed9582660_331, v0000023ed9582660_332, v0000023ed9582660_333, v0000023ed9582660_334;
v0000023ed9582660_335 .array/port v0000023ed9582660, 335;
v0000023ed9582660_336 .array/port v0000023ed9582660, 336;
v0000023ed9582660_337 .array/port v0000023ed9582660, 337;
v0000023ed9582660_338 .array/port v0000023ed9582660, 338;
E_0000023ed9498710/84 .event anyedge, v0000023ed9582660_335, v0000023ed9582660_336, v0000023ed9582660_337, v0000023ed9582660_338;
v0000023ed9582660_339 .array/port v0000023ed9582660, 339;
v0000023ed9582660_340 .array/port v0000023ed9582660, 340;
v0000023ed9582660_341 .array/port v0000023ed9582660, 341;
v0000023ed9582660_342 .array/port v0000023ed9582660, 342;
E_0000023ed9498710/85 .event anyedge, v0000023ed9582660_339, v0000023ed9582660_340, v0000023ed9582660_341, v0000023ed9582660_342;
v0000023ed9582660_343 .array/port v0000023ed9582660, 343;
v0000023ed9582660_344 .array/port v0000023ed9582660, 344;
v0000023ed9582660_345 .array/port v0000023ed9582660, 345;
v0000023ed9582660_346 .array/port v0000023ed9582660, 346;
E_0000023ed9498710/86 .event anyedge, v0000023ed9582660_343, v0000023ed9582660_344, v0000023ed9582660_345, v0000023ed9582660_346;
v0000023ed9582660_347 .array/port v0000023ed9582660, 347;
v0000023ed9582660_348 .array/port v0000023ed9582660, 348;
v0000023ed9582660_349 .array/port v0000023ed9582660, 349;
v0000023ed9582660_350 .array/port v0000023ed9582660, 350;
E_0000023ed9498710/87 .event anyedge, v0000023ed9582660_347, v0000023ed9582660_348, v0000023ed9582660_349, v0000023ed9582660_350;
v0000023ed9582660_351 .array/port v0000023ed9582660, 351;
v0000023ed9582660_352 .array/port v0000023ed9582660, 352;
v0000023ed9582660_353 .array/port v0000023ed9582660, 353;
v0000023ed9582660_354 .array/port v0000023ed9582660, 354;
E_0000023ed9498710/88 .event anyedge, v0000023ed9582660_351, v0000023ed9582660_352, v0000023ed9582660_353, v0000023ed9582660_354;
v0000023ed9582660_355 .array/port v0000023ed9582660, 355;
v0000023ed9582660_356 .array/port v0000023ed9582660, 356;
v0000023ed9582660_357 .array/port v0000023ed9582660, 357;
v0000023ed9582660_358 .array/port v0000023ed9582660, 358;
E_0000023ed9498710/89 .event anyedge, v0000023ed9582660_355, v0000023ed9582660_356, v0000023ed9582660_357, v0000023ed9582660_358;
v0000023ed9582660_359 .array/port v0000023ed9582660, 359;
v0000023ed9582660_360 .array/port v0000023ed9582660, 360;
v0000023ed9582660_361 .array/port v0000023ed9582660, 361;
v0000023ed9582660_362 .array/port v0000023ed9582660, 362;
E_0000023ed9498710/90 .event anyedge, v0000023ed9582660_359, v0000023ed9582660_360, v0000023ed9582660_361, v0000023ed9582660_362;
v0000023ed9582660_363 .array/port v0000023ed9582660, 363;
v0000023ed9582660_364 .array/port v0000023ed9582660, 364;
v0000023ed9582660_365 .array/port v0000023ed9582660, 365;
v0000023ed9582660_366 .array/port v0000023ed9582660, 366;
E_0000023ed9498710/91 .event anyedge, v0000023ed9582660_363, v0000023ed9582660_364, v0000023ed9582660_365, v0000023ed9582660_366;
v0000023ed9582660_367 .array/port v0000023ed9582660, 367;
v0000023ed9582660_368 .array/port v0000023ed9582660, 368;
v0000023ed9582660_369 .array/port v0000023ed9582660, 369;
v0000023ed9582660_370 .array/port v0000023ed9582660, 370;
E_0000023ed9498710/92 .event anyedge, v0000023ed9582660_367, v0000023ed9582660_368, v0000023ed9582660_369, v0000023ed9582660_370;
v0000023ed9582660_371 .array/port v0000023ed9582660, 371;
v0000023ed9582660_372 .array/port v0000023ed9582660, 372;
v0000023ed9582660_373 .array/port v0000023ed9582660, 373;
v0000023ed9582660_374 .array/port v0000023ed9582660, 374;
E_0000023ed9498710/93 .event anyedge, v0000023ed9582660_371, v0000023ed9582660_372, v0000023ed9582660_373, v0000023ed9582660_374;
v0000023ed9582660_375 .array/port v0000023ed9582660, 375;
v0000023ed9582660_376 .array/port v0000023ed9582660, 376;
v0000023ed9582660_377 .array/port v0000023ed9582660, 377;
v0000023ed9582660_378 .array/port v0000023ed9582660, 378;
E_0000023ed9498710/94 .event anyedge, v0000023ed9582660_375, v0000023ed9582660_376, v0000023ed9582660_377, v0000023ed9582660_378;
v0000023ed9582660_379 .array/port v0000023ed9582660, 379;
v0000023ed9582660_380 .array/port v0000023ed9582660, 380;
v0000023ed9582660_381 .array/port v0000023ed9582660, 381;
v0000023ed9582660_382 .array/port v0000023ed9582660, 382;
E_0000023ed9498710/95 .event anyedge, v0000023ed9582660_379, v0000023ed9582660_380, v0000023ed9582660_381, v0000023ed9582660_382;
v0000023ed9582660_383 .array/port v0000023ed9582660, 383;
v0000023ed9582660_384 .array/port v0000023ed9582660, 384;
v0000023ed9582660_385 .array/port v0000023ed9582660, 385;
v0000023ed9582660_386 .array/port v0000023ed9582660, 386;
E_0000023ed9498710/96 .event anyedge, v0000023ed9582660_383, v0000023ed9582660_384, v0000023ed9582660_385, v0000023ed9582660_386;
v0000023ed9582660_387 .array/port v0000023ed9582660, 387;
v0000023ed9582660_388 .array/port v0000023ed9582660, 388;
v0000023ed9582660_389 .array/port v0000023ed9582660, 389;
v0000023ed9582660_390 .array/port v0000023ed9582660, 390;
E_0000023ed9498710/97 .event anyedge, v0000023ed9582660_387, v0000023ed9582660_388, v0000023ed9582660_389, v0000023ed9582660_390;
v0000023ed9582660_391 .array/port v0000023ed9582660, 391;
v0000023ed9582660_392 .array/port v0000023ed9582660, 392;
v0000023ed9582660_393 .array/port v0000023ed9582660, 393;
v0000023ed9582660_394 .array/port v0000023ed9582660, 394;
E_0000023ed9498710/98 .event anyedge, v0000023ed9582660_391, v0000023ed9582660_392, v0000023ed9582660_393, v0000023ed9582660_394;
v0000023ed9582660_395 .array/port v0000023ed9582660, 395;
v0000023ed9582660_396 .array/port v0000023ed9582660, 396;
v0000023ed9582660_397 .array/port v0000023ed9582660, 397;
v0000023ed9582660_398 .array/port v0000023ed9582660, 398;
E_0000023ed9498710/99 .event anyedge, v0000023ed9582660_395, v0000023ed9582660_396, v0000023ed9582660_397, v0000023ed9582660_398;
v0000023ed9582660_399 .array/port v0000023ed9582660, 399;
v0000023ed9582660_400 .array/port v0000023ed9582660, 400;
v0000023ed9582660_401 .array/port v0000023ed9582660, 401;
v0000023ed9582660_402 .array/port v0000023ed9582660, 402;
E_0000023ed9498710/100 .event anyedge, v0000023ed9582660_399, v0000023ed9582660_400, v0000023ed9582660_401, v0000023ed9582660_402;
v0000023ed9582660_403 .array/port v0000023ed9582660, 403;
v0000023ed9582660_404 .array/port v0000023ed9582660, 404;
v0000023ed9582660_405 .array/port v0000023ed9582660, 405;
v0000023ed9582660_406 .array/port v0000023ed9582660, 406;
E_0000023ed9498710/101 .event anyedge, v0000023ed9582660_403, v0000023ed9582660_404, v0000023ed9582660_405, v0000023ed9582660_406;
v0000023ed9582660_407 .array/port v0000023ed9582660, 407;
v0000023ed9582660_408 .array/port v0000023ed9582660, 408;
v0000023ed9582660_409 .array/port v0000023ed9582660, 409;
v0000023ed9582660_410 .array/port v0000023ed9582660, 410;
E_0000023ed9498710/102 .event anyedge, v0000023ed9582660_407, v0000023ed9582660_408, v0000023ed9582660_409, v0000023ed9582660_410;
v0000023ed9582660_411 .array/port v0000023ed9582660, 411;
v0000023ed9582660_412 .array/port v0000023ed9582660, 412;
v0000023ed9582660_413 .array/port v0000023ed9582660, 413;
v0000023ed9582660_414 .array/port v0000023ed9582660, 414;
E_0000023ed9498710/103 .event anyedge, v0000023ed9582660_411, v0000023ed9582660_412, v0000023ed9582660_413, v0000023ed9582660_414;
v0000023ed9582660_415 .array/port v0000023ed9582660, 415;
v0000023ed9582660_416 .array/port v0000023ed9582660, 416;
v0000023ed9582660_417 .array/port v0000023ed9582660, 417;
v0000023ed9582660_418 .array/port v0000023ed9582660, 418;
E_0000023ed9498710/104 .event anyedge, v0000023ed9582660_415, v0000023ed9582660_416, v0000023ed9582660_417, v0000023ed9582660_418;
v0000023ed9582660_419 .array/port v0000023ed9582660, 419;
v0000023ed9582660_420 .array/port v0000023ed9582660, 420;
v0000023ed9582660_421 .array/port v0000023ed9582660, 421;
v0000023ed9582660_422 .array/port v0000023ed9582660, 422;
E_0000023ed9498710/105 .event anyedge, v0000023ed9582660_419, v0000023ed9582660_420, v0000023ed9582660_421, v0000023ed9582660_422;
v0000023ed9582660_423 .array/port v0000023ed9582660, 423;
v0000023ed9582660_424 .array/port v0000023ed9582660, 424;
v0000023ed9582660_425 .array/port v0000023ed9582660, 425;
v0000023ed9582660_426 .array/port v0000023ed9582660, 426;
E_0000023ed9498710/106 .event anyedge, v0000023ed9582660_423, v0000023ed9582660_424, v0000023ed9582660_425, v0000023ed9582660_426;
v0000023ed9582660_427 .array/port v0000023ed9582660, 427;
v0000023ed9582660_428 .array/port v0000023ed9582660, 428;
v0000023ed9582660_429 .array/port v0000023ed9582660, 429;
v0000023ed9582660_430 .array/port v0000023ed9582660, 430;
E_0000023ed9498710/107 .event anyedge, v0000023ed9582660_427, v0000023ed9582660_428, v0000023ed9582660_429, v0000023ed9582660_430;
v0000023ed9582660_431 .array/port v0000023ed9582660, 431;
v0000023ed9582660_432 .array/port v0000023ed9582660, 432;
v0000023ed9582660_433 .array/port v0000023ed9582660, 433;
v0000023ed9582660_434 .array/port v0000023ed9582660, 434;
E_0000023ed9498710/108 .event anyedge, v0000023ed9582660_431, v0000023ed9582660_432, v0000023ed9582660_433, v0000023ed9582660_434;
v0000023ed9582660_435 .array/port v0000023ed9582660, 435;
v0000023ed9582660_436 .array/port v0000023ed9582660, 436;
v0000023ed9582660_437 .array/port v0000023ed9582660, 437;
v0000023ed9582660_438 .array/port v0000023ed9582660, 438;
E_0000023ed9498710/109 .event anyedge, v0000023ed9582660_435, v0000023ed9582660_436, v0000023ed9582660_437, v0000023ed9582660_438;
v0000023ed9582660_439 .array/port v0000023ed9582660, 439;
v0000023ed9582660_440 .array/port v0000023ed9582660, 440;
v0000023ed9582660_441 .array/port v0000023ed9582660, 441;
v0000023ed9582660_442 .array/port v0000023ed9582660, 442;
E_0000023ed9498710/110 .event anyedge, v0000023ed9582660_439, v0000023ed9582660_440, v0000023ed9582660_441, v0000023ed9582660_442;
v0000023ed9582660_443 .array/port v0000023ed9582660, 443;
v0000023ed9582660_444 .array/port v0000023ed9582660, 444;
v0000023ed9582660_445 .array/port v0000023ed9582660, 445;
v0000023ed9582660_446 .array/port v0000023ed9582660, 446;
E_0000023ed9498710/111 .event anyedge, v0000023ed9582660_443, v0000023ed9582660_444, v0000023ed9582660_445, v0000023ed9582660_446;
v0000023ed9582660_447 .array/port v0000023ed9582660, 447;
v0000023ed9582660_448 .array/port v0000023ed9582660, 448;
v0000023ed9582660_449 .array/port v0000023ed9582660, 449;
v0000023ed9582660_450 .array/port v0000023ed9582660, 450;
E_0000023ed9498710/112 .event anyedge, v0000023ed9582660_447, v0000023ed9582660_448, v0000023ed9582660_449, v0000023ed9582660_450;
v0000023ed9582660_451 .array/port v0000023ed9582660, 451;
v0000023ed9582660_452 .array/port v0000023ed9582660, 452;
v0000023ed9582660_453 .array/port v0000023ed9582660, 453;
v0000023ed9582660_454 .array/port v0000023ed9582660, 454;
E_0000023ed9498710/113 .event anyedge, v0000023ed9582660_451, v0000023ed9582660_452, v0000023ed9582660_453, v0000023ed9582660_454;
v0000023ed9582660_455 .array/port v0000023ed9582660, 455;
v0000023ed9582660_456 .array/port v0000023ed9582660, 456;
v0000023ed9582660_457 .array/port v0000023ed9582660, 457;
v0000023ed9582660_458 .array/port v0000023ed9582660, 458;
E_0000023ed9498710/114 .event anyedge, v0000023ed9582660_455, v0000023ed9582660_456, v0000023ed9582660_457, v0000023ed9582660_458;
v0000023ed9582660_459 .array/port v0000023ed9582660, 459;
v0000023ed9582660_460 .array/port v0000023ed9582660, 460;
v0000023ed9582660_461 .array/port v0000023ed9582660, 461;
v0000023ed9582660_462 .array/port v0000023ed9582660, 462;
E_0000023ed9498710/115 .event anyedge, v0000023ed9582660_459, v0000023ed9582660_460, v0000023ed9582660_461, v0000023ed9582660_462;
v0000023ed9582660_463 .array/port v0000023ed9582660, 463;
v0000023ed9582660_464 .array/port v0000023ed9582660, 464;
v0000023ed9582660_465 .array/port v0000023ed9582660, 465;
v0000023ed9582660_466 .array/port v0000023ed9582660, 466;
E_0000023ed9498710/116 .event anyedge, v0000023ed9582660_463, v0000023ed9582660_464, v0000023ed9582660_465, v0000023ed9582660_466;
v0000023ed9582660_467 .array/port v0000023ed9582660, 467;
v0000023ed9582660_468 .array/port v0000023ed9582660, 468;
v0000023ed9582660_469 .array/port v0000023ed9582660, 469;
v0000023ed9582660_470 .array/port v0000023ed9582660, 470;
E_0000023ed9498710/117 .event anyedge, v0000023ed9582660_467, v0000023ed9582660_468, v0000023ed9582660_469, v0000023ed9582660_470;
v0000023ed9582660_471 .array/port v0000023ed9582660, 471;
v0000023ed9582660_472 .array/port v0000023ed9582660, 472;
v0000023ed9582660_473 .array/port v0000023ed9582660, 473;
v0000023ed9582660_474 .array/port v0000023ed9582660, 474;
E_0000023ed9498710/118 .event anyedge, v0000023ed9582660_471, v0000023ed9582660_472, v0000023ed9582660_473, v0000023ed9582660_474;
v0000023ed9582660_475 .array/port v0000023ed9582660, 475;
v0000023ed9582660_476 .array/port v0000023ed9582660, 476;
v0000023ed9582660_477 .array/port v0000023ed9582660, 477;
v0000023ed9582660_478 .array/port v0000023ed9582660, 478;
E_0000023ed9498710/119 .event anyedge, v0000023ed9582660_475, v0000023ed9582660_476, v0000023ed9582660_477, v0000023ed9582660_478;
v0000023ed9582660_479 .array/port v0000023ed9582660, 479;
v0000023ed9582660_480 .array/port v0000023ed9582660, 480;
v0000023ed9582660_481 .array/port v0000023ed9582660, 481;
v0000023ed9582660_482 .array/port v0000023ed9582660, 482;
E_0000023ed9498710/120 .event anyedge, v0000023ed9582660_479, v0000023ed9582660_480, v0000023ed9582660_481, v0000023ed9582660_482;
v0000023ed9582660_483 .array/port v0000023ed9582660, 483;
v0000023ed9582660_484 .array/port v0000023ed9582660, 484;
v0000023ed9582660_485 .array/port v0000023ed9582660, 485;
v0000023ed9582660_486 .array/port v0000023ed9582660, 486;
E_0000023ed9498710/121 .event anyedge, v0000023ed9582660_483, v0000023ed9582660_484, v0000023ed9582660_485, v0000023ed9582660_486;
v0000023ed9582660_487 .array/port v0000023ed9582660, 487;
v0000023ed9582660_488 .array/port v0000023ed9582660, 488;
v0000023ed9582660_489 .array/port v0000023ed9582660, 489;
v0000023ed9582660_490 .array/port v0000023ed9582660, 490;
E_0000023ed9498710/122 .event anyedge, v0000023ed9582660_487, v0000023ed9582660_488, v0000023ed9582660_489, v0000023ed9582660_490;
v0000023ed9582660_491 .array/port v0000023ed9582660, 491;
v0000023ed9582660_492 .array/port v0000023ed9582660, 492;
v0000023ed9582660_493 .array/port v0000023ed9582660, 493;
v0000023ed9582660_494 .array/port v0000023ed9582660, 494;
E_0000023ed9498710/123 .event anyedge, v0000023ed9582660_491, v0000023ed9582660_492, v0000023ed9582660_493, v0000023ed9582660_494;
v0000023ed9582660_495 .array/port v0000023ed9582660, 495;
v0000023ed9582660_496 .array/port v0000023ed9582660, 496;
v0000023ed9582660_497 .array/port v0000023ed9582660, 497;
v0000023ed9582660_498 .array/port v0000023ed9582660, 498;
E_0000023ed9498710/124 .event anyedge, v0000023ed9582660_495, v0000023ed9582660_496, v0000023ed9582660_497, v0000023ed9582660_498;
v0000023ed9582660_499 .array/port v0000023ed9582660, 499;
v0000023ed9582660_500 .array/port v0000023ed9582660, 500;
v0000023ed9582660_501 .array/port v0000023ed9582660, 501;
v0000023ed9582660_502 .array/port v0000023ed9582660, 502;
E_0000023ed9498710/125 .event anyedge, v0000023ed9582660_499, v0000023ed9582660_500, v0000023ed9582660_501, v0000023ed9582660_502;
v0000023ed9582660_503 .array/port v0000023ed9582660, 503;
v0000023ed9582660_504 .array/port v0000023ed9582660, 504;
v0000023ed9582660_505 .array/port v0000023ed9582660, 505;
v0000023ed9582660_506 .array/port v0000023ed9582660, 506;
E_0000023ed9498710/126 .event anyedge, v0000023ed9582660_503, v0000023ed9582660_504, v0000023ed9582660_505, v0000023ed9582660_506;
v0000023ed9582660_507 .array/port v0000023ed9582660, 507;
v0000023ed9582660_508 .array/port v0000023ed9582660, 508;
v0000023ed9582660_509 .array/port v0000023ed9582660, 509;
v0000023ed9582660_510 .array/port v0000023ed9582660, 510;
E_0000023ed9498710/127 .event anyedge, v0000023ed9582660_507, v0000023ed9582660_508, v0000023ed9582660_509, v0000023ed9582660_510;
v0000023ed9582660_511 .array/port v0000023ed9582660, 511;
v0000023ed9582660_512 .array/port v0000023ed9582660, 512;
v0000023ed9582660_513 .array/port v0000023ed9582660, 513;
v0000023ed9582660_514 .array/port v0000023ed9582660, 514;
E_0000023ed9498710/128 .event anyedge, v0000023ed9582660_511, v0000023ed9582660_512, v0000023ed9582660_513, v0000023ed9582660_514;
v0000023ed9582660_515 .array/port v0000023ed9582660, 515;
v0000023ed9582660_516 .array/port v0000023ed9582660, 516;
v0000023ed9582660_517 .array/port v0000023ed9582660, 517;
v0000023ed9582660_518 .array/port v0000023ed9582660, 518;
E_0000023ed9498710/129 .event anyedge, v0000023ed9582660_515, v0000023ed9582660_516, v0000023ed9582660_517, v0000023ed9582660_518;
v0000023ed9582660_519 .array/port v0000023ed9582660, 519;
v0000023ed9582660_520 .array/port v0000023ed9582660, 520;
v0000023ed9582660_521 .array/port v0000023ed9582660, 521;
v0000023ed9582660_522 .array/port v0000023ed9582660, 522;
E_0000023ed9498710/130 .event anyedge, v0000023ed9582660_519, v0000023ed9582660_520, v0000023ed9582660_521, v0000023ed9582660_522;
v0000023ed9582660_523 .array/port v0000023ed9582660, 523;
v0000023ed9582660_524 .array/port v0000023ed9582660, 524;
v0000023ed9582660_525 .array/port v0000023ed9582660, 525;
v0000023ed9582660_526 .array/port v0000023ed9582660, 526;
E_0000023ed9498710/131 .event anyedge, v0000023ed9582660_523, v0000023ed9582660_524, v0000023ed9582660_525, v0000023ed9582660_526;
v0000023ed9582660_527 .array/port v0000023ed9582660, 527;
v0000023ed9582660_528 .array/port v0000023ed9582660, 528;
v0000023ed9582660_529 .array/port v0000023ed9582660, 529;
v0000023ed9582660_530 .array/port v0000023ed9582660, 530;
E_0000023ed9498710/132 .event anyedge, v0000023ed9582660_527, v0000023ed9582660_528, v0000023ed9582660_529, v0000023ed9582660_530;
v0000023ed9582660_531 .array/port v0000023ed9582660, 531;
v0000023ed9582660_532 .array/port v0000023ed9582660, 532;
v0000023ed9582660_533 .array/port v0000023ed9582660, 533;
v0000023ed9582660_534 .array/port v0000023ed9582660, 534;
E_0000023ed9498710/133 .event anyedge, v0000023ed9582660_531, v0000023ed9582660_532, v0000023ed9582660_533, v0000023ed9582660_534;
v0000023ed9582660_535 .array/port v0000023ed9582660, 535;
v0000023ed9582660_536 .array/port v0000023ed9582660, 536;
v0000023ed9582660_537 .array/port v0000023ed9582660, 537;
v0000023ed9582660_538 .array/port v0000023ed9582660, 538;
E_0000023ed9498710/134 .event anyedge, v0000023ed9582660_535, v0000023ed9582660_536, v0000023ed9582660_537, v0000023ed9582660_538;
v0000023ed9582660_539 .array/port v0000023ed9582660, 539;
v0000023ed9582660_540 .array/port v0000023ed9582660, 540;
v0000023ed9582660_541 .array/port v0000023ed9582660, 541;
v0000023ed9582660_542 .array/port v0000023ed9582660, 542;
E_0000023ed9498710/135 .event anyedge, v0000023ed9582660_539, v0000023ed9582660_540, v0000023ed9582660_541, v0000023ed9582660_542;
v0000023ed9582660_543 .array/port v0000023ed9582660, 543;
v0000023ed9582660_544 .array/port v0000023ed9582660, 544;
v0000023ed9582660_545 .array/port v0000023ed9582660, 545;
v0000023ed9582660_546 .array/port v0000023ed9582660, 546;
E_0000023ed9498710/136 .event anyedge, v0000023ed9582660_543, v0000023ed9582660_544, v0000023ed9582660_545, v0000023ed9582660_546;
v0000023ed9582660_547 .array/port v0000023ed9582660, 547;
v0000023ed9582660_548 .array/port v0000023ed9582660, 548;
v0000023ed9582660_549 .array/port v0000023ed9582660, 549;
v0000023ed9582660_550 .array/port v0000023ed9582660, 550;
E_0000023ed9498710/137 .event anyedge, v0000023ed9582660_547, v0000023ed9582660_548, v0000023ed9582660_549, v0000023ed9582660_550;
v0000023ed9582660_551 .array/port v0000023ed9582660, 551;
v0000023ed9582660_552 .array/port v0000023ed9582660, 552;
v0000023ed9582660_553 .array/port v0000023ed9582660, 553;
v0000023ed9582660_554 .array/port v0000023ed9582660, 554;
E_0000023ed9498710/138 .event anyedge, v0000023ed9582660_551, v0000023ed9582660_552, v0000023ed9582660_553, v0000023ed9582660_554;
v0000023ed9582660_555 .array/port v0000023ed9582660, 555;
v0000023ed9582660_556 .array/port v0000023ed9582660, 556;
v0000023ed9582660_557 .array/port v0000023ed9582660, 557;
v0000023ed9582660_558 .array/port v0000023ed9582660, 558;
E_0000023ed9498710/139 .event anyedge, v0000023ed9582660_555, v0000023ed9582660_556, v0000023ed9582660_557, v0000023ed9582660_558;
v0000023ed9582660_559 .array/port v0000023ed9582660, 559;
v0000023ed9582660_560 .array/port v0000023ed9582660, 560;
v0000023ed9582660_561 .array/port v0000023ed9582660, 561;
v0000023ed9582660_562 .array/port v0000023ed9582660, 562;
E_0000023ed9498710/140 .event anyedge, v0000023ed9582660_559, v0000023ed9582660_560, v0000023ed9582660_561, v0000023ed9582660_562;
v0000023ed9582660_563 .array/port v0000023ed9582660, 563;
v0000023ed9582660_564 .array/port v0000023ed9582660, 564;
v0000023ed9582660_565 .array/port v0000023ed9582660, 565;
v0000023ed9582660_566 .array/port v0000023ed9582660, 566;
E_0000023ed9498710/141 .event anyedge, v0000023ed9582660_563, v0000023ed9582660_564, v0000023ed9582660_565, v0000023ed9582660_566;
v0000023ed9582660_567 .array/port v0000023ed9582660, 567;
v0000023ed9582660_568 .array/port v0000023ed9582660, 568;
v0000023ed9582660_569 .array/port v0000023ed9582660, 569;
v0000023ed9582660_570 .array/port v0000023ed9582660, 570;
E_0000023ed9498710/142 .event anyedge, v0000023ed9582660_567, v0000023ed9582660_568, v0000023ed9582660_569, v0000023ed9582660_570;
v0000023ed9582660_571 .array/port v0000023ed9582660, 571;
v0000023ed9582660_572 .array/port v0000023ed9582660, 572;
v0000023ed9582660_573 .array/port v0000023ed9582660, 573;
v0000023ed9582660_574 .array/port v0000023ed9582660, 574;
E_0000023ed9498710/143 .event anyedge, v0000023ed9582660_571, v0000023ed9582660_572, v0000023ed9582660_573, v0000023ed9582660_574;
v0000023ed9582660_575 .array/port v0000023ed9582660, 575;
v0000023ed9582660_576 .array/port v0000023ed9582660, 576;
v0000023ed9582660_577 .array/port v0000023ed9582660, 577;
v0000023ed9582660_578 .array/port v0000023ed9582660, 578;
E_0000023ed9498710/144 .event anyedge, v0000023ed9582660_575, v0000023ed9582660_576, v0000023ed9582660_577, v0000023ed9582660_578;
v0000023ed9582660_579 .array/port v0000023ed9582660, 579;
v0000023ed9582660_580 .array/port v0000023ed9582660, 580;
v0000023ed9582660_581 .array/port v0000023ed9582660, 581;
v0000023ed9582660_582 .array/port v0000023ed9582660, 582;
E_0000023ed9498710/145 .event anyedge, v0000023ed9582660_579, v0000023ed9582660_580, v0000023ed9582660_581, v0000023ed9582660_582;
v0000023ed9582660_583 .array/port v0000023ed9582660, 583;
v0000023ed9582660_584 .array/port v0000023ed9582660, 584;
v0000023ed9582660_585 .array/port v0000023ed9582660, 585;
v0000023ed9582660_586 .array/port v0000023ed9582660, 586;
E_0000023ed9498710/146 .event anyedge, v0000023ed9582660_583, v0000023ed9582660_584, v0000023ed9582660_585, v0000023ed9582660_586;
v0000023ed9582660_587 .array/port v0000023ed9582660, 587;
v0000023ed9582660_588 .array/port v0000023ed9582660, 588;
v0000023ed9582660_589 .array/port v0000023ed9582660, 589;
v0000023ed9582660_590 .array/port v0000023ed9582660, 590;
E_0000023ed9498710/147 .event anyedge, v0000023ed9582660_587, v0000023ed9582660_588, v0000023ed9582660_589, v0000023ed9582660_590;
v0000023ed9582660_591 .array/port v0000023ed9582660, 591;
v0000023ed9582660_592 .array/port v0000023ed9582660, 592;
v0000023ed9582660_593 .array/port v0000023ed9582660, 593;
v0000023ed9582660_594 .array/port v0000023ed9582660, 594;
E_0000023ed9498710/148 .event anyedge, v0000023ed9582660_591, v0000023ed9582660_592, v0000023ed9582660_593, v0000023ed9582660_594;
v0000023ed9582660_595 .array/port v0000023ed9582660, 595;
v0000023ed9582660_596 .array/port v0000023ed9582660, 596;
v0000023ed9582660_597 .array/port v0000023ed9582660, 597;
v0000023ed9582660_598 .array/port v0000023ed9582660, 598;
E_0000023ed9498710/149 .event anyedge, v0000023ed9582660_595, v0000023ed9582660_596, v0000023ed9582660_597, v0000023ed9582660_598;
v0000023ed9582660_599 .array/port v0000023ed9582660, 599;
v0000023ed9582660_600 .array/port v0000023ed9582660, 600;
v0000023ed9582660_601 .array/port v0000023ed9582660, 601;
v0000023ed9582660_602 .array/port v0000023ed9582660, 602;
E_0000023ed9498710/150 .event anyedge, v0000023ed9582660_599, v0000023ed9582660_600, v0000023ed9582660_601, v0000023ed9582660_602;
v0000023ed9582660_603 .array/port v0000023ed9582660, 603;
v0000023ed9582660_604 .array/port v0000023ed9582660, 604;
v0000023ed9582660_605 .array/port v0000023ed9582660, 605;
v0000023ed9582660_606 .array/port v0000023ed9582660, 606;
E_0000023ed9498710/151 .event anyedge, v0000023ed9582660_603, v0000023ed9582660_604, v0000023ed9582660_605, v0000023ed9582660_606;
v0000023ed9582660_607 .array/port v0000023ed9582660, 607;
v0000023ed9582660_608 .array/port v0000023ed9582660, 608;
v0000023ed9582660_609 .array/port v0000023ed9582660, 609;
v0000023ed9582660_610 .array/port v0000023ed9582660, 610;
E_0000023ed9498710/152 .event anyedge, v0000023ed9582660_607, v0000023ed9582660_608, v0000023ed9582660_609, v0000023ed9582660_610;
v0000023ed9582660_611 .array/port v0000023ed9582660, 611;
v0000023ed9582660_612 .array/port v0000023ed9582660, 612;
v0000023ed9582660_613 .array/port v0000023ed9582660, 613;
v0000023ed9582660_614 .array/port v0000023ed9582660, 614;
E_0000023ed9498710/153 .event anyedge, v0000023ed9582660_611, v0000023ed9582660_612, v0000023ed9582660_613, v0000023ed9582660_614;
v0000023ed9582660_615 .array/port v0000023ed9582660, 615;
v0000023ed9582660_616 .array/port v0000023ed9582660, 616;
v0000023ed9582660_617 .array/port v0000023ed9582660, 617;
v0000023ed9582660_618 .array/port v0000023ed9582660, 618;
E_0000023ed9498710/154 .event anyedge, v0000023ed9582660_615, v0000023ed9582660_616, v0000023ed9582660_617, v0000023ed9582660_618;
v0000023ed9582660_619 .array/port v0000023ed9582660, 619;
v0000023ed9582660_620 .array/port v0000023ed9582660, 620;
v0000023ed9582660_621 .array/port v0000023ed9582660, 621;
v0000023ed9582660_622 .array/port v0000023ed9582660, 622;
E_0000023ed9498710/155 .event anyedge, v0000023ed9582660_619, v0000023ed9582660_620, v0000023ed9582660_621, v0000023ed9582660_622;
v0000023ed9582660_623 .array/port v0000023ed9582660, 623;
v0000023ed9582660_624 .array/port v0000023ed9582660, 624;
v0000023ed9582660_625 .array/port v0000023ed9582660, 625;
v0000023ed9582660_626 .array/port v0000023ed9582660, 626;
E_0000023ed9498710/156 .event anyedge, v0000023ed9582660_623, v0000023ed9582660_624, v0000023ed9582660_625, v0000023ed9582660_626;
v0000023ed9582660_627 .array/port v0000023ed9582660, 627;
v0000023ed9582660_628 .array/port v0000023ed9582660, 628;
v0000023ed9582660_629 .array/port v0000023ed9582660, 629;
v0000023ed9582660_630 .array/port v0000023ed9582660, 630;
E_0000023ed9498710/157 .event anyedge, v0000023ed9582660_627, v0000023ed9582660_628, v0000023ed9582660_629, v0000023ed9582660_630;
v0000023ed9582660_631 .array/port v0000023ed9582660, 631;
v0000023ed9582660_632 .array/port v0000023ed9582660, 632;
v0000023ed9582660_633 .array/port v0000023ed9582660, 633;
v0000023ed9582660_634 .array/port v0000023ed9582660, 634;
E_0000023ed9498710/158 .event anyedge, v0000023ed9582660_631, v0000023ed9582660_632, v0000023ed9582660_633, v0000023ed9582660_634;
v0000023ed9582660_635 .array/port v0000023ed9582660, 635;
v0000023ed9582660_636 .array/port v0000023ed9582660, 636;
v0000023ed9582660_637 .array/port v0000023ed9582660, 637;
v0000023ed9582660_638 .array/port v0000023ed9582660, 638;
E_0000023ed9498710/159 .event anyedge, v0000023ed9582660_635, v0000023ed9582660_636, v0000023ed9582660_637, v0000023ed9582660_638;
v0000023ed9582660_639 .array/port v0000023ed9582660, 639;
v0000023ed9582660_640 .array/port v0000023ed9582660, 640;
v0000023ed9582660_641 .array/port v0000023ed9582660, 641;
v0000023ed9582660_642 .array/port v0000023ed9582660, 642;
E_0000023ed9498710/160 .event anyedge, v0000023ed9582660_639, v0000023ed9582660_640, v0000023ed9582660_641, v0000023ed9582660_642;
v0000023ed9582660_643 .array/port v0000023ed9582660, 643;
v0000023ed9582660_644 .array/port v0000023ed9582660, 644;
v0000023ed9582660_645 .array/port v0000023ed9582660, 645;
v0000023ed9582660_646 .array/port v0000023ed9582660, 646;
E_0000023ed9498710/161 .event anyedge, v0000023ed9582660_643, v0000023ed9582660_644, v0000023ed9582660_645, v0000023ed9582660_646;
v0000023ed9582660_647 .array/port v0000023ed9582660, 647;
v0000023ed9582660_648 .array/port v0000023ed9582660, 648;
v0000023ed9582660_649 .array/port v0000023ed9582660, 649;
v0000023ed9582660_650 .array/port v0000023ed9582660, 650;
E_0000023ed9498710/162 .event anyedge, v0000023ed9582660_647, v0000023ed9582660_648, v0000023ed9582660_649, v0000023ed9582660_650;
v0000023ed9582660_651 .array/port v0000023ed9582660, 651;
v0000023ed9582660_652 .array/port v0000023ed9582660, 652;
v0000023ed9582660_653 .array/port v0000023ed9582660, 653;
v0000023ed9582660_654 .array/port v0000023ed9582660, 654;
E_0000023ed9498710/163 .event anyedge, v0000023ed9582660_651, v0000023ed9582660_652, v0000023ed9582660_653, v0000023ed9582660_654;
v0000023ed9582660_655 .array/port v0000023ed9582660, 655;
v0000023ed9582660_656 .array/port v0000023ed9582660, 656;
v0000023ed9582660_657 .array/port v0000023ed9582660, 657;
v0000023ed9582660_658 .array/port v0000023ed9582660, 658;
E_0000023ed9498710/164 .event anyedge, v0000023ed9582660_655, v0000023ed9582660_656, v0000023ed9582660_657, v0000023ed9582660_658;
v0000023ed9582660_659 .array/port v0000023ed9582660, 659;
v0000023ed9582660_660 .array/port v0000023ed9582660, 660;
v0000023ed9582660_661 .array/port v0000023ed9582660, 661;
v0000023ed9582660_662 .array/port v0000023ed9582660, 662;
E_0000023ed9498710/165 .event anyedge, v0000023ed9582660_659, v0000023ed9582660_660, v0000023ed9582660_661, v0000023ed9582660_662;
v0000023ed9582660_663 .array/port v0000023ed9582660, 663;
v0000023ed9582660_664 .array/port v0000023ed9582660, 664;
v0000023ed9582660_665 .array/port v0000023ed9582660, 665;
v0000023ed9582660_666 .array/port v0000023ed9582660, 666;
E_0000023ed9498710/166 .event anyedge, v0000023ed9582660_663, v0000023ed9582660_664, v0000023ed9582660_665, v0000023ed9582660_666;
v0000023ed9582660_667 .array/port v0000023ed9582660, 667;
v0000023ed9582660_668 .array/port v0000023ed9582660, 668;
v0000023ed9582660_669 .array/port v0000023ed9582660, 669;
v0000023ed9582660_670 .array/port v0000023ed9582660, 670;
E_0000023ed9498710/167 .event anyedge, v0000023ed9582660_667, v0000023ed9582660_668, v0000023ed9582660_669, v0000023ed9582660_670;
v0000023ed9582660_671 .array/port v0000023ed9582660, 671;
v0000023ed9582660_672 .array/port v0000023ed9582660, 672;
v0000023ed9582660_673 .array/port v0000023ed9582660, 673;
v0000023ed9582660_674 .array/port v0000023ed9582660, 674;
E_0000023ed9498710/168 .event anyedge, v0000023ed9582660_671, v0000023ed9582660_672, v0000023ed9582660_673, v0000023ed9582660_674;
v0000023ed9582660_675 .array/port v0000023ed9582660, 675;
v0000023ed9582660_676 .array/port v0000023ed9582660, 676;
v0000023ed9582660_677 .array/port v0000023ed9582660, 677;
v0000023ed9582660_678 .array/port v0000023ed9582660, 678;
E_0000023ed9498710/169 .event anyedge, v0000023ed9582660_675, v0000023ed9582660_676, v0000023ed9582660_677, v0000023ed9582660_678;
v0000023ed9582660_679 .array/port v0000023ed9582660, 679;
v0000023ed9582660_680 .array/port v0000023ed9582660, 680;
v0000023ed9582660_681 .array/port v0000023ed9582660, 681;
v0000023ed9582660_682 .array/port v0000023ed9582660, 682;
E_0000023ed9498710/170 .event anyedge, v0000023ed9582660_679, v0000023ed9582660_680, v0000023ed9582660_681, v0000023ed9582660_682;
v0000023ed9582660_683 .array/port v0000023ed9582660, 683;
v0000023ed9582660_684 .array/port v0000023ed9582660, 684;
v0000023ed9582660_685 .array/port v0000023ed9582660, 685;
v0000023ed9582660_686 .array/port v0000023ed9582660, 686;
E_0000023ed9498710/171 .event anyedge, v0000023ed9582660_683, v0000023ed9582660_684, v0000023ed9582660_685, v0000023ed9582660_686;
v0000023ed9582660_687 .array/port v0000023ed9582660, 687;
v0000023ed9582660_688 .array/port v0000023ed9582660, 688;
v0000023ed9582660_689 .array/port v0000023ed9582660, 689;
v0000023ed9582660_690 .array/port v0000023ed9582660, 690;
E_0000023ed9498710/172 .event anyedge, v0000023ed9582660_687, v0000023ed9582660_688, v0000023ed9582660_689, v0000023ed9582660_690;
v0000023ed9582660_691 .array/port v0000023ed9582660, 691;
v0000023ed9582660_692 .array/port v0000023ed9582660, 692;
v0000023ed9582660_693 .array/port v0000023ed9582660, 693;
v0000023ed9582660_694 .array/port v0000023ed9582660, 694;
E_0000023ed9498710/173 .event anyedge, v0000023ed9582660_691, v0000023ed9582660_692, v0000023ed9582660_693, v0000023ed9582660_694;
v0000023ed9582660_695 .array/port v0000023ed9582660, 695;
v0000023ed9582660_696 .array/port v0000023ed9582660, 696;
v0000023ed9582660_697 .array/port v0000023ed9582660, 697;
v0000023ed9582660_698 .array/port v0000023ed9582660, 698;
E_0000023ed9498710/174 .event anyedge, v0000023ed9582660_695, v0000023ed9582660_696, v0000023ed9582660_697, v0000023ed9582660_698;
v0000023ed9582660_699 .array/port v0000023ed9582660, 699;
v0000023ed9582660_700 .array/port v0000023ed9582660, 700;
v0000023ed9582660_701 .array/port v0000023ed9582660, 701;
v0000023ed9582660_702 .array/port v0000023ed9582660, 702;
E_0000023ed9498710/175 .event anyedge, v0000023ed9582660_699, v0000023ed9582660_700, v0000023ed9582660_701, v0000023ed9582660_702;
v0000023ed9582660_703 .array/port v0000023ed9582660, 703;
v0000023ed9582660_704 .array/port v0000023ed9582660, 704;
v0000023ed9582660_705 .array/port v0000023ed9582660, 705;
v0000023ed9582660_706 .array/port v0000023ed9582660, 706;
E_0000023ed9498710/176 .event anyedge, v0000023ed9582660_703, v0000023ed9582660_704, v0000023ed9582660_705, v0000023ed9582660_706;
v0000023ed9582660_707 .array/port v0000023ed9582660, 707;
v0000023ed9582660_708 .array/port v0000023ed9582660, 708;
v0000023ed9582660_709 .array/port v0000023ed9582660, 709;
v0000023ed9582660_710 .array/port v0000023ed9582660, 710;
E_0000023ed9498710/177 .event anyedge, v0000023ed9582660_707, v0000023ed9582660_708, v0000023ed9582660_709, v0000023ed9582660_710;
v0000023ed9582660_711 .array/port v0000023ed9582660, 711;
v0000023ed9582660_712 .array/port v0000023ed9582660, 712;
v0000023ed9582660_713 .array/port v0000023ed9582660, 713;
v0000023ed9582660_714 .array/port v0000023ed9582660, 714;
E_0000023ed9498710/178 .event anyedge, v0000023ed9582660_711, v0000023ed9582660_712, v0000023ed9582660_713, v0000023ed9582660_714;
v0000023ed9582660_715 .array/port v0000023ed9582660, 715;
v0000023ed9582660_716 .array/port v0000023ed9582660, 716;
v0000023ed9582660_717 .array/port v0000023ed9582660, 717;
v0000023ed9582660_718 .array/port v0000023ed9582660, 718;
E_0000023ed9498710/179 .event anyedge, v0000023ed9582660_715, v0000023ed9582660_716, v0000023ed9582660_717, v0000023ed9582660_718;
v0000023ed9582660_719 .array/port v0000023ed9582660, 719;
v0000023ed9582660_720 .array/port v0000023ed9582660, 720;
v0000023ed9582660_721 .array/port v0000023ed9582660, 721;
v0000023ed9582660_722 .array/port v0000023ed9582660, 722;
E_0000023ed9498710/180 .event anyedge, v0000023ed9582660_719, v0000023ed9582660_720, v0000023ed9582660_721, v0000023ed9582660_722;
v0000023ed9582660_723 .array/port v0000023ed9582660, 723;
v0000023ed9582660_724 .array/port v0000023ed9582660, 724;
v0000023ed9582660_725 .array/port v0000023ed9582660, 725;
v0000023ed9582660_726 .array/port v0000023ed9582660, 726;
E_0000023ed9498710/181 .event anyedge, v0000023ed9582660_723, v0000023ed9582660_724, v0000023ed9582660_725, v0000023ed9582660_726;
v0000023ed9582660_727 .array/port v0000023ed9582660, 727;
v0000023ed9582660_728 .array/port v0000023ed9582660, 728;
v0000023ed9582660_729 .array/port v0000023ed9582660, 729;
v0000023ed9582660_730 .array/port v0000023ed9582660, 730;
E_0000023ed9498710/182 .event anyedge, v0000023ed9582660_727, v0000023ed9582660_728, v0000023ed9582660_729, v0000023ed9582660_730;
v0000023ed9582660_731 .array/port v0000023ed9582660, 731;
v0000023ed9582660_732 .array/port v0000023ed9582660, 732;
v0000023ed9582660_733 .array/port v0000023ed9582660, 733;
v0000023ed9582660_734 .array/port v0000023ed9582660, 734;
E_0000023ed9498710/183 .event anyedge, v0000023ed9582660_731, v0000023ed9582660_732, v0000023ed9582660_733, v0000023ed9582660_734;
v0000023ed9582660_735 .array/port v0000023ed9582660, 735;
v0000023ed9582660_736 .array/port v0000023ed9582660, 736;
v0000023ed9582660_737 .array/port v0000023ed9582660, 737;
v0000023ed9582660_738 .array/port v0000023ed9582660, 738;
E_0000023ed9498710/184 .event anyedge, v0000023ed9582660_735, v0000023ed9582660_736, v0000023ed9582660_737, v0000023ed9582660_738;
v0000023ed9582660_739 .array/port v0000023ed9582660, 739;
v0000023ed9582660_740 .array/port v0000023ed9582660, 740;
v0000023ed9582660_741 .array/port v0000023ed9582660, 741;
v0000023ed9582660_742 .array/port v0000023ed9582660, 742;
E_0000023ed9498710/185 .event anyedge, v0000023ed9582660_739, v0000023ed9582660_740, v0000023ed9582660_741, v0000023ed9582660_742;
v0000023ed9582660_743 .array/port v0000023ed9582660, 743;
v0000023ed9582660_744 .array/port v0000023ed9582660, 744;
v0000023ed9582660_745 .array/port v0000023ed9582660, 745;
v0000023ed9582660_746 .array/port v0000023ed9582660, 746;
E_0000023ed9498710/186 .event anyedge, v0000023ed9582660_743, v0000023ed9582660_744, v0000023ed9582660_745, v0000023ed9582660_746;
v0000023ed9582660_747 .array/port v0000023ed9582660, 747;
v0000023ed9582660_748 .array/port v0000023ed9582660, 748;
v0000023ed9582660_749 .array/port v0000023ed9582660, 749;
v0000023ed9582660_750 .array/port v0000023ed9582660, 750;
E_0000023ed9498710/187 .event anyedge, v0000023ed9582660_747, v0000023ed9582660_748, v0000023ed9582660_749, v0000023ed9582660_750;
v0000023ed9582660_751 .array/port v0000023ed9582660, 751;
v0000023ed9582660_752 .array/port v0000023ed9582660, 752;
v0000023ed9582660_753 .array/port v0000023ed9582660, 753;
v0000023ed9582660_754 .array/port v0000023ed9582660, 754;
E_0000023ed9498710/188 .event anyedge, v0000023ed9582660_751, v0000023ed9582660_752, v0000023ed9582660_753, v0000023ed9582660_754;
v0000023ed9582660_755 .array/port v0000023ed9582660, 755;
v0000023ed9582660_756 .array/port v0000023ed9582660, 756;
v0000023ed9582660_757 .array/port v0000023ed9582660, 757;
v0000023ed9582660_758 .array/port v0000023ed9582660, 758;
E_0000023ed9498710/189 .event anyedge, v0000023ed9582660_755, v0000023ed9582660_756, v0000023ed9582660_757, v0000023ed9582660_758;
v0000023ed9582660_759 .array/port v0000023ed9582660, 759;
v0000023ed9582660_760 .array/port v0000023ed9582660, 760;
v0000023ed9582660_761 .array/port v0000023ed9582660, 761;
v0000023ed9582660_762 .array/port v0000023ed9582660, 762;
E_0000023ed9498710/190 .event anyedge, v0000023ed9582660_759, v0000023ed9582660_760, v0000023ed9582660_761, v0000023ed9582660_762;
v0000023ed9582660_763 .array/port v0000023ed9582660, 763;
v0000023ed9582660_764 .array/port v0000023ed9582660, 764;
v0000023ed9582660_765 .array/port v0000023ed9582660, 765;
v0000023ed9582660_766 .array/port v0000023ed9582660, 766;
E_0000023ed9498710/191 .event anyedge, v0000023ed9582660_763, v0000023ed9582660_764, v0000023ed9582660_765, v0000023ed9582660_766;
v0000023ed9582660_767 .array/port v0000023ed9582660, 767;
v0000023ed9582660_768 .array/port v0000023ed9582660, 768;
v0000023ed9582660_769 .array/port v0000023ed9582660, 769;
v0000023ed9582660_770 .array/port v0000023ed9582660, 770;
E_0000023ed9498710/192 .event anyedge, v0000023ed9582660_767, v0000023ed9582660_768, v0000023ed9582660_769, v0000023ed9582660_770;
v0000023ed9582660_771 .array/port v0000023ed9582660, 771;
v0000023ed9582660_772 .array/port v0000023ed9582660, 772;
v0000023ed9582660_773 .array/port v0000023ed9582660, 773;
v0000023ed9582660_774 .array/port v0000023ed9582660, 774;
E_0000023ed9498710/193 .event anyedge, v0000023ed9582660_771, v0000023ed9582660_772, v0000023ed9582660_773, v0000023ed9582660_774;
v0000023ed9582660_775 .array/port v0000023ed9582660, 775;
v0000023ed9582660_776 .array/port v0000023ed9582660, 776;
v0000023ed9582660_777 .array/port v0000023ed9582660, 777;
v0000023ed9582660_778 .array/port v0000023ed9582660, 778;
E_0000023ed9498710/194 .event anyedge, v0000023ed9582660_775, v0000023ed9582660_776, v0000023ed9582660_777, v0000023ed9582660_778;
v0000023ed9582660_779 .array/port v0000023ed9582660, 779;
v0000023ed9582660_780 .array/port v0000023ed9582660, 780;
v0000023ed9582660_781 .array/port v0000023ed9582660, 781;
v0000023ed9582660_782 .array/port v0000023ed9582660, 782;
E_0000023ed9498710/195 .event anyedge, v0000023ed9582660_779, v0000023ed9582660_780, v0000023ed9582660_781, v0000023ed9582660_782;
v0000023ed9582660_783 .array/port v0000023ed9582660, 783;
v0000023ed9582660_784 .array/port v0000023ed9582660, 784;
v0000023ed9582660_785 .array/port v0000023ed9582660, 785;
v0000023ed9582660_786 .array/port v0000023ed9582660, 786;
E_0000023ed9498710/196 .event anyedge, v0000023ed9582660_783, v0000023ed9582660_784, v0000023ed9582660_785, v0000023ed9582660_786;
v0000023ed9582660_787 .array/port v0000023ed9582660, 787;
v0000023ed9582660_788 .array/port v0000023ed9582660, 788;
v0000023ed9582660_789 .array/port v0000023ed9582660, 789;
v0000023ed9582660_790 .array/port v0000023ed9582660, 790;
E_0000023ed9498710/197 .event anyedge, v0000023ed9582660_787, v0000023ed9582660_788, v0000023ed9582660_789, v0000023ed9582660_790;
v0000023ed9582660_791 .array/port v0000023ed9582660, 791;
v0000023ed9582660_792 .array/port v0000023ed9582660, 792;
v0000023ed9582660_793 .array/port v0000023ed9582660, 793;
v0000023ed9582660_794 .array/port v0000023ed9582660, 794;
E_0000023ed9498710/198 .event anyedge, v0000023ed9582660_791, v0000023ed9582660_792, v0000023ed9582660_793, v0000023ed9582660_794;
v0000023ed9582660_795 .array/port v0000023ed9582660, 795;
v0000023ed9582660_796 .array/port v0000023ed9582660, 796;
v0000023ed9582660_797 .array/port v0000023ed9582660, 797;
v0000023ed9582660_798 .array/port v0000023ed9582660, 798;
E_0000023ed9498710/199 .event anyedge, v0000023ed9582660_795, v0000023ed9582660_796, v0000023ed9582660_797, v0000023ed9582660_798;
v0000023ed9582660_799 .array/port v0000023ed9582660, 799;
v0000023ed9582660_800 .array/port v0000023ed9582660, 800;
v0000023ed9582660_801 .array/port v0000023ed9582660, 801;
v0000023ed9582660_802 .array/port v0000023ed9582660, 802;
E_0000023ed9498710/200 .event anyedge, v0000023ed9582660_799, v0000023ed9582660_800, v0000023ed9582660_801, v0000023ed9582660_802;
v0000023ed9582660_803 .array/port v0000023ed9582660, 803;
v0000023ed9582660_804 .array/port v0000023ed9582660, 804;
v0000023ed9582660_805 .array/port v0000023ed9582660, 805;
v0000023ed9582660_806 .array/port v0000023ed9582660, 806;
E_0000023ed9498710/201 .event anyedge, v0000023ed9582660_803, v0000023ed9582660_804, v0000023ed9582660_805, v0000023ed9582660_806;
v0000023ed9582660_807 .array/port v0000023ed9582660, 807;
v0000023ed9582660_808 .array/port v0000023ed9582660, 808;
v0000023ed9582660_809 .array/port v0000023ed9582660, 809;
v0000023ed9582660_810 .array/port v0000023ed9582660, 810;
E_0000023ed9498710/202 .event anyedge, v0000023ed9582660_807, v0000023ed9582660_808, v0000023ed9582660_809, v0000023ed9582660_810;
v0000023ed9582660_811 .array/port v0000023ed9582660, 811;
v0000023ed9582660_812 .array/port v0000023ed9582660, 812;
v0000023ed9582660_813 .array/port v0000023ed9582660, 813;
v0000023ed9582660_814 .array/port v0000023ed9582660, 814;
E_0000023ed9498710/203 .event anyedge, v0000023ed9582660_811, v0000023ed9582660_812, v0000023ed9582660_813, v0000023ed9582660_814;
v0000023ed9582660_815 .array/port v0000023ed9582660, 815;
v0000023ed9582660_816 .array/port v0000023ed9582660, 816;
v0000023ed9582660_817 .array/port v0000023ed9582660, 817;
v0000023ed9582660_818 .array/port v0000023ed9582660, 818;
E_0000023ed9498710/204 .event anyedge, v0000023ed9582660_815, v0000023ed9582660_816, v0000023ed9582660_817, v0000023ed9582660_818;
v0000023ed9582660_819 .array/port v0000023ed9582660, 819;
v0000023ed9582660_820 .array/port v0000023ed9582660, 820;
v0000023ed9582660_821 .array/port v0000023ed9582660, 821;
v0000023ed9582660_822 .array/port v0000023ed9582660, 822;
E_0000023ed9498710/205 .event anyedge, v0000023ed9582660_819, v0000023ed9582660_820, v0000023ed9582660_821, v0000023ed9582660_822;
v0000023ed9582660_823 .array/port v0000023ed9582660, 823;
v0000023ed9582660_824 .array/port v0000023ed9582660, 824;
v0000023ed9582660_825 .array/port v0000023ed9582660, 825;
v0000023ed9582660_826 .array/port v0000023ed9582660, 826;
E_0000023ed9498710/206 .event anyedge, v0000023ed9582660_823, v0000023ed9582660_824, v0000023ed9582660_825, v0000023ed9582660_826;
v0000023ed9582660_827 .array/port v0000023ed9582660, 827;
v0000023ed9582660_828 .array/port v0000023ed9582660, 828;
v0000023ed9582660_829 .array/port v0000023ed9582660, 829;
v0000023ed9582660_830 .array/port v0000023ed9582660, 830;
E_0000023ed9498710/207 .event anyedge, v0000023ed9582660_827, v0000023ed9582660_828, v0000023ed9582660_829, v0000023ed9582660_830;
v0000023ed9582660_831 .array/port v0000023ed9582660, 831;
v0000023ed9582660_832 .array/port v0000023ed9582660, 832;
v0000023ed9582660_833 .array/port v0000023ed9582660, 833;
v0000023ed9582660_834 .array/port v0000023ed9582660, 834;
E_0000023ed9498710/208 .event anyedge, v0000023ed9582660_831, v0000023ed9582660_832, v0000023ed9582660_833, v0000023ed9582660_834;
v0000023ed9582660_835 .array/port v0000023ed9582660, 835;
v0000023ed9582660_836 .array/port v0000023ed9582660, 836;
v0000023ed9582660_837 .array/port v0000023ed9582660, 837;
v0000023ed9582660_838 .array/port v0000023ed9582660, 838;
E_0000023ed9498710/209 .event anyedge, v0000023ed9582660_835, v0000023ed9582660_836, v0000023ed9582660_837, v0000023ed9582660_838;
v0000023ed9582660_839 .array/port v0000023ed9582660, 839;
v0000023ed9582660_840 .array/port v0000023ed9582660, 840;
v0000023ed9582660_841 .array/port v0000023ed9582660, 841;
v0000023ed9582660_842 .array/port v0000023ed9582660, 842;
E_0000023ed9498710/210 .event anyedge, v0000023ed9582660_839, v0000023ed9582660_840, v0000023ed9582660_841, v0000023ed9582660_842;
v0000023ed9582660_843 .array/port v0000023ed9582660, 843;
v0000023ed9582660_844 .array/port v0000023ed9582660, 844;
v0000023ed9582660_845 .array/port v0000023ed9582660, 845;
v0000023ed9582660_846 .array/port v0000023ed9582660, 846;
E_0000023ed9498710/211 .event anyedge, v0000023ed9582660_843, v0000023ed9582660_844, v0000023ed9582660_845, v0000023ed9582660_846;
v0000023ed9582660_847 .array/port v0000023ed9582660, 847;
v0000023ed9582660_848 .array/port v0000023ed9582660, 848;
v0000023ed9582660_849 .array/port v0000023ed9582660, 849;
v0000023ed9582660_850 .array/port v0000023ed9582660, 850;
E_0000023ed9498710/212 .event anyedge, v0000023ed9582660_847, v0000023ed9582660_848, v0000023ed9582660_849, v0000023ed9582660_850;
v0000023ed9582660_851 .array/port v0000023ed9582660, 851;
v0000023ed9582660_852 .array/port v0000023ed9582660, 852;
v0000023ed9582660_853 .array/port v0000023ed9582660, 853;
v0000023ed9582660_854 .array/port v0000023ed9582660, 854;
E_0000023ed9498710/213 .event anyedge, v0000023ed9582660_851, v0000023ed9582660_852, v0000023ed9582660_853, v0000023ed9582660_854;
v0000023ed9582660_855 .array/port v0000023ed9582660, 855;
v0000023ed9582660_856 .array/port v0000023ed9582660, 856;
v0000023ed9582660_857 .array/port v0000023ed9582660, 857;
v0000023ed9582660_858 .array/port v0000023ed9582660, 858;
E_0000023ed9498710/214 .event anyedge, v0000023ed9582660_855, v0000023ed9582660_856, v0000023ed9582660_857, v0000023ed9582660_858;
v0000023ed9582660_859 .array/port v0000023ed9582660, 859;
v0000023ed9582660_860 .array/port v0000023ed9582660, 860;
v0000023ed9582660_861 .array/port v0000023ed9582660, 861;
v0000023ed9582660_862 .array/port v0000023ed9582660, 862;
E_0000023ed9498710/215 .event anyedge, v0000023ed9582660_859, v0000023ed9582660_860, v0000023ed9582660_861, v0000023ed9582660_862;
v0000023ed9582660_863 .array/port v0000023ed9582660, 863;
v0000023ed9582660_864 .array/port v0000023ed9582660, 864;
v0000023ed9582660_865 .array/port v0000023ed9582660, 865;
v0000023ed9582660_866 .array/port v0000023ed9582660, 866;
E_0000023ed9498710/216 .event anyedge, v0000023ed9582660_863, v0000023ed9582660_864, v0000023ed9582660_865, v0000023ed9582660_866;
v0000023ed9582660_867 .array/port v0000023ed9582660, 867;
v0000023ed9582660_868 .array/port v0000023ed9582660, 868;
v0000023ed9582660_869 .array/port v0000023ed9582660, 869;
v0000023ed9582660_870 .array/port v0000023ed9582660, 870;
E_0000023ed9498710/217 .event anyedge, v0000023ed9582660_867, v0000023ed9582660_868, v0000023ed9582660_869, v0000023ed9582660_870;
v0000023ed9582660_871 .array/port v0000023ed9582660, 871;
v0000023ed9582660_872 .array/port v0000023ed9582660, 872;
v0000023ed9582660_873 .array/port v0000023ed9582660, 873;
v0000023ed9582660_874 .array/port v0000023ed9582660, 874;
E_0000023ed9498710/218 .event anyedge, v0000023ed9582660_871, v0000023ed9582660_872, v0000023ed9582660_873, v0000023ed9582660_874;
v0000023ed9582660_875 .array/port v0000023ed9582660, 875;
v0000023ed9582660_876 .array/port v0000023ed9582660, 876;
v0000023ed9582660_877 .array/port v0000023ed9582660, 877;
v0000023ed9582660_878 .array/port v0000023ed9582660, 878;
E_0000023ed9498710/219 .event anyedge, v0000023ed9582660_875, v0000023ed9582660_876, v0000023ed9582660_877, v0000023ed9582660_878;
v0000023ed9582660_879 .array/port v0000023ed9582660, 879;
v0000023ed9582660_880 .array/port v0000023ed9582660, 880;
v0000023ed9582660_881 .array/port v0000023ed9582660, 881;
v0000023ed9582660_882 .array/port v0000023ed9582660, 882;
E_0000023ed9498710/220 .event anyedge, v0000023ed9582660_879, v0000023ed9582660_880, v0000023ed9582660_881, v0000023ed9582660_882;
v0000023ed9582660_883 .array/port v0000023ed9582660, 883;
v0000023ed9582660_884 .array/port v0000023ed9582660, 884;
v0000023ed9582660_885 .array/port v0000023ed9582660, 885;
v0000023ed9582660_886 .array/port v0000023ed9582660, 886;
E_0000023ed9498710/221 .event anyedge, v0000023ed9582660_883, v0000023ed9582660_884, v0000023ed9582660_885, v0000023ed9582660_886;
v0000023ed9582660_887 .array/port v0000023ed9582660, 887;
v0000023ed9582660_888 .array/port v0000023ed9582660, 888;
v0000023ed9582660_889 .array/port v0000023ed9582660, 889;
v0000023ed9582660_890 .array/port v0000023ed9582660, 890;
E_0000023ed9498710/222 .event anyedge, v0000023ed9582660_887, v0000023ed9582660_888, v0000023ed9582660_889, v0000023ed9582660_890;
v0000023ed9582660_891 .array/port v0000023ed9582660, 891;
v0000023ed9582660_892 .array/port v0000023ed9582660, 892;
v0000023ed9582660_893 .array/port v0000023ed9582660, 893;
v0000023ed9582660_894 .array/port v0000023ed9582660, 894;
E_0000023ed9498710/223 .event anyedge, v0000023ed9582660_891, v0000023ed9582660_892, v0000023ed9582660_893, v0000023ed9582660_894;
v0000023ed9582660_895 .array/port v0000023ed9582660, 895;
v0000023ed9582660_896 .array/port v0000023ed9582660, 896;
v0000023ed9582660_897 .array/port v0000023ed9582660, 897;
v0000023ed9582660_898 .array/port v0000023ed9582660, 898;
E_0000023ed9498710/224 .event anyedge, v0000023ed9582660_895, v0000023ed9582660_896, v0000023ed9582660_897, v0000023ed9582660_898;
v0000023ed9582660_899 .array/port v0000023ed9582660, 899;
v0000023ed9582660_900 .array/port v0000023ed9582660, 900;
v0000023ed9582660_901 .array/port v0000023ed9582660, 901;
v0000023ed9582660_902 .array/port v0000023ed9582660, 902;
E_0000023ed9498710/225 .event anyedge, v0000023ed9582660_899, v0000023ed9582660_900, v0000023ed9582660_901, v0000023ed9582660_902;
v0000023ed9582660_903 .array/port v0000023ed9582660, 903;
v0000023ed9582660_904 .array/port v0000023ed9582660, 904;
v0000023ed9582660_905 .array/port v0000023ed9582660, 905;
v0000023ed9582660_906 .array/port v0000023ed9582660, 906;
E_0000023ed9498710/226 .event anyedge, v0000023ed9582660_903, v0000023ed9582660_904, v0000023ed9582660_905, v0000023ed9582660_906;
v0000023ed9582660_907 .array/port v0000023ed9582660, 907;
v0000023ed9582660_908 .array/port v0000023ed9582660, 908;
v0000023ed9582660_909 .array/port v0000023ed9582660, 909;
v0000023ed9582660_910 .array/port v0000023ed9582660, 910;
E_0000023ed9498710/227 .event anyedge, v0000023ed9582660_907, v0000023ed9582660_908, v0000023ed9582660_909, v0000023ed9582660_910;
v0000023ed9582660_911 .array/port v0000023ed9582660, 911;
v0000023ed9582660_912 .array/port v0000023ed9582660, 912;
v0000023ed9582660_913 .array/port v0000023ed9582660, 913;
v0000023ed9582660_914 .array/port v0000023ed9582660, 914;
E_0000023ed9498710/228 .event anyedge, v0000023ed9582660_911, v0000023ed9582660_912, v0000023ed9582660_913, v0000023ed9582660_914;
v0000023ed9582660_915 .array/port v0000023ed9582660, 915;
v0000023ed9582660_916 .array/port v0000023ed9582660, 916;
v0000023ed9582660_917 .array/port v0000023ed9582660, 917;
v0000023ed9582660_918 .array/port v0000023ed9582660, 918;
E_0000023ed9498710/229 .event anyedge, v0000023ed9582660_915, v0000023ed9582660_916, v0000023ed9582660_917, v0000023ed9582660_918;
v0000023ed9582660_919 .array/port v0000023ed9582660, 919;
v0000023ed9582660_920 .array/port v0000023ed9582660, 920;
v0000023ed9582660_921 .array/port v0000023ed9582660, 921;
v0000023ed9582660_922 .array/port v0000023ed9582660, 922;
E_0000023ed9498710/230 .event anyedge, v0000023ed9582660_919, v0000023ed9582660_920, v0000023ed9582660_921, v0000023ed9582660_922;
v0000023ed9582660_923 .array/port v0000023ed9582660, 923;
v0000023ed9582660_924 .array/port v0000023ed9582660, 924;
v0000023ed9582660_925 .array/port v0000023ed9582660, 925;
v0000023ed9582660_926 .array/port v0000023ed9582660, 926;
E_0000023ed9498710/231 .event anyedge, v0000023ed9582660_923, v0000023ed9582660_924, v0000023ed9582660_925, v0000023ed9582660_926;
v0000023ed9582660_927 .array/port v0000023ed9582660, 927;
v0000023ed9582660_928 .array/port v0000023ed9582660, 928;
v0000023ed9582660_929 .array/port v0000023ed9582660, 929;
v0000023ed9582660_930 .array/port v0000023ed9582660, 930;
E_0000023ed9498710/232 .event anyedge, v0000023ed9582660_927, v0000023ed9582660_928, v0000023ed9582660_929, v0000023ed9582660_930;
v0000023ed9582660_931 .array/port v0000023ed9582660, 931;
v0000023ed9582660_932 .array/port v0000023ed9582660, 932;
v0000023ed9582660_933 .array/port v0000023ed9582660, 933;
v0000023ed9582660_934 .array/port v0000023ed9582660, 934;
E_0000023ed9498710/233 .event anyedge, v0000023ed9582660_931, v0000023ed9582660_932, v0000023ed9582660_933, v0000023ed9582660_934;
v0000023ed9582660_935 .array/port v0000023ed9582660, 935;
v0000023ed9582660_936 .array/port v0000023ed9582660, 936;
v0000023ed9582660_937 .array/port v0000023ed9582660, 937;
v0000023ed9582660_938 .array/port v0000023ed9582660, 938;
E_0000023ed9498710/234 .event anyedge, v0000023ed9582660_935, v0000023ed9582660_936, v0000023ed9582660_937, v0000023ed9582660_938;
v0000023ed9582660_939 .array/port v0000023ed9582660, 939;
v0000023ed9582660_940 .array/port v0000023ed9582660, 940;
v0000023ed9582660_941 .array/port v0000023ed9582660, 941;
v0000023ed9582660_942 .array/port v0000023ed9582660, 942;
E_0000023ed9498710/235 .event anyedge, v0000023ed9582660_939, v0000023ed9582660_940, v0000023ed9582660_941, v0000023ed9582660_942;
v0000023ed9582660_943 .array/port v0000023ed9582660, 943;
v0000023ed9582660_944 .array/port v0000023ed9582660, 944;
v0000023ed9582660_945 .array/port v0000023ed9582660, 945;
v0000023ed9582660_946 .array/port v0000023ed9582660, 946;
E_0000023ed9498710/236 .event anyedge, v0000023ed9582660_943, v0000023ed9582660_944, v0000023ed9582660_945, v0000023ed9582660_946;
v0000023ed9582660_947 .array/port v0000023ed9582660, 947;
v0000023ed9582660_948 .array/port v0000023ed9582660, 948;
v0000023ed9582660_949 .array/port v0000023ed9582660, 949;
v0000023ed9582660_950 .array/port v0000023ed9582660, 950;
E_0000023ed9498710/237 .event anyedge, v0000023ed9582660_947, v0000023ed9582660_948, v0000023ed9582660_949, v0000023ed9582660_950;
v0000023ed9582660_951 .array/port v0000023ed9582660, 951;
v0000023ed9582660_952 .array/port v0000023ed9582660, 952;
v0000023ed9582660_953 .array/port v0000023ed9582660, 953;
v0000023ed9582660_954 .array/port v0000023ed9582660, 954;
E_0000023ed9498710/238 .event anyedge, v0000023ed9582660_951, v0000023ed9582660_952, v0000023ed9582660_953, v0000023ed9582660_954;
v0000023ed9582660_955 .array/port v0000023ed9582660, 955;
v0000023ed9582660_956 .array/port v0000023ed9582660, 956;
v0000023ed9582660_957 .array/port v0000023ed9582660, 957;
v0000023ed9582660_958 .array/port v0000023ed9582660, 958;
E_0000023ed9498710/239 .event anyedge, v0000023ed9582660_955, v0000023ed9582660_956, v0000023ed9582660_957, v0000023ed9582660_958;
v0000023ed9582660_959 .array/port v0000023ed9582660, 959;
v0000023ed9582660_960 .array/port v0000023ed9582660, 960;
v0000023ed9582660_961 .array/port v0000023ed9582660, 961;
v0000023ed9582660_962 .array/port v0000023ed9582660, 962;
E_0000023ed9498710/240 .event anyedge, v0000023ed9582660_959, v0000023ed9582660_960, v0000023ed9582660_961, v0000023ed9582660_962;
v0000023ed9582660_963 .array/port v0000023ed9582660, 963;
v0000023ed9582660_964 .array/port v0000023ed9582660, 964;
v0000023ed9582660_965 .array/port v0000023ed9582660, 965;
v0000023ed9582660_966 .array/port v0000023ed9582660, 966;
E_0000023ed9498710/241 .event anyedge, v0000023ed9582660_963, v0000023ed9582660_964, v0000023ed9582660_965, v0000023ed9582660_966;
v0000023ed9582660_967 .array/port v0000023ed9582660, 967;
v0000023ed9582660_968 .array/port v0000023ed9582660, 968;
v0000023ed9582660_969 .array/port v0000023ed9582660, 969;
v0000023ed9582660_970 .array/port v0000023ed9582660, 970;
E_0000023ed9498710/242 .event anyedge, v0000023ed9582660_967, v0000023ed9582660_968, v0000023ed9582660_969, v0000023ed9582660_970;
v0000023ed9582660_971 .array/port v0000023ed9582660, 971;
v0000023ed9582660_972 .array/port v0000023ed9582660, 972;
v0000023ed9582660_973 .array/port v0000023ed9582660, 973;
v0000023ed9582660_974 .array/port v0000023ed9582660, 974;
E_0000023ed9498710/243 .event anyedge, v0000023ed9582660_971, v0000023ed9582660_972, v0000023ed9582660_973, v0000023ed9582660_974;
v0000023ed9582660_975 .array/port v0000023ed9582660, 975;
v0000023ed9582660_976 .array/port v0000023ed9582660, 976;
v0000023ed9582660_977 .array/port v0000023ed9582660, 977;
v0000023ed9582660_978 .array/port v0000023ed9582660, 978;
E_0000023ed9498710/244 .event anyedge, v0000023ed9582660_975, v0000023ed9582660_976, v0000023ed9582660_977, v0000023ed9582660_978;
v0000023ed9582660_979 .array/port v0000023ed9582660, 979;
v0000023ed9582660_980 .array/port v0000023ed9582660, 980;
v0000023ed9582660_981 .array/port v0000023ed9582660, 981;
v0000023ed9582660_982 .array/port v0000023ed9582660, 982;
E_0000023ed9498710/245 .event anyedge, v0000023ed9582660_979, v0000023ed9582660_980, v0000023ed9582660_981, v0000023ed9582660_982;
v0000023ed9582660_983 .array/port v0000023ed9582660, 983;
v0000023ed9582660_984 .array/port v0000023ed9582660, 984;
v0000023ed9582660_985 .array/port v0000023ed9582660, 985;
v0000023ed9582660_986 .array/port v0000023ed9582660, 986;
E_0000023ed9498710/246 .event anyedge, v0000023ed9582660_983, v0000023ed9582660_984, v0000023ed9582660_985, v0000023ed9582660_986;
v0000023ed9582660_987 .array/port v0000023ed9582660, 987;
v0000023ed9582660_988 .array/port v0000023ed9582660, 988;
v0000023ed9582660_989 .array/port v0000023ed9582660, 989;
v0000023ed9582660_990 .array/port v0000023ed9582660, 990;
E_0000023ed9498710/247 .event anyedge, v0000023ed9582660_987, v0000023ed9582660_988, v0000023ed9582660_989, v0000023ed9582660_990;
v0000023ed9582660_991 .array/port v0000023ed9582660, 991;
v0000023ed9582660_992 .array/port v0000023ed9582660, 992;
v0000023ed9582660_993 .array/port v0000023ed9582660, 993;
v0000023ed9582660_994 .array/port v0000023ed9582660, 994;
E_0000023ed9498710/248 .event anyedge, v0000023ed9582660_991, v0000023ed9582660_992, v0000023ed9582660_993, v0000023ed9582660_994;
v0000023ed9582660_995 .array/port v0000023ed9582660, 995;
v0000023ed9582660_996 .array/port v0000023ed9582660, 996;
v0000023ed9582660_997 .array/port v0000023ed9582660, 997;
v0000023ed9582660_998 .array/port v0000023ed9582660, 998;
E_0000023ed9498710/249 .event anyedge, v0000023ed9582660_995, v0000023ed9582660_996, v0000023ed9582660_997, v0000023ed9582660_998;
v0000023ed9582660_999 .array/port v0000023ed9582660, 999;
v0000023ed9582660_1000 .array/port v0000023ed9582660, 1000;
v0000023ed9582660_1001 .array/port v0000023ed9582660, 1001;
v0000023ed9582660_1002 .array/port v0000023ed9582660, 1002;
E_0000023ed9498710/250 .event anyedge, v0000023ed9582660_999, v0000023ed9582660_1000, v0000023ed9582660_1001, v0000023ed9582660_1002;
v0000023ed9582660_1003 .array/port v0000023ed9582660, 1003;
v0000023ed9582660_1004 .array/port v0000023ed9582660, 1004;
v0000023ed9582660_1005 .array/port v0000023ed9582660, 1005;
v0000023ed9582660_1006 .array/port v0000023ed9582660, 1006;
E_0000023ed9498710/251 .event anyedge, v0000023ed9582660_1003, v0000023ed9582660_1004, v0000023ed9582660_1005, v0000023ed9582660_1006;
v0000023ed9582660_1007 .array/port v0000023ed9582660, 1007;
v0000023ed9582660_1008 .array/port v0000023ed9582660, 1008;
v0000023ed9582660_1009 .array/port v0000023ed9582660, 1009;
v0000023ed9582660_1010 .array/port v0000023ed9582660, 1010;
E_0000023ed9498710/252 .event anyedge, v0000023ed9582660_1007, v0000023ed9582660_1008, v0000023ed9582660_1009, v0000023ed9582660_1010;
v0000023ed9582660_1011 .array/port v0000023ed9582660, 1011;
v0000023ed9582660_1012 .array/port v0000023ed9582660, 1012;
v0000023ed9582660_1013 .array/port v0000023ed9582660, 1013;
v0000023ed9582660_1014 .array/port v0000023ed9582660, 1014;
E_0000023ed9498710/253 .event anyedge, v0000023ed9582660_1011, v0000023ed9582660_1012, v0000023ed9582660_1013, v0000023ed9582660_1014;
v0000023ed9582660_1015 .array/port v0000023ed9582660, 1015;
v0000023ed9582660_1016 .array/port v0000023ed9582660, 1016;
v0000023ed9582660_1017 .array/port v0000023ed9582660, 1017;
v0000023ed9582660_1018 .array/port v0000023ed9582660, 1018;
E_0000023ed9498710/254 .event anyedge, v0000023ed9582660_1015, v0000023ed9582660_1016, v0000023ed9582660_1017, v0000023ed9582660_1018;
v0000023ed9582660_1019 .array/port v0000023ed9582660, 1019;
v0000023ed9582660_1020 .array/port v0000023ed9582660, 1020;
v0000023ed9582660_1021 .array/port v0000023ed9582660, 1021;
v0000023ed9582660_1022 .array/port v0000023ed9582660, 1022;
E_0000023ed9498710/255 .event anyedge, v0000023ed9582660_1019, v0000023ed9582660_1020, v0000023ed9582660_1021, v0000023ed9582660_1022;
v0000023ed9582660_1023 .array/port v0000023ed9582660, 1023;
E_0000023ed9498710/256 .event anyedge, v0000023ed9582660_1023;
E_0000023ed9498710 .event/or E_0000023ed9498710/0, E_0000023ed9498710/1, E_0000023ed9498710/2, E_0000023ed9498710/3, E_0000023ed9498710/4, E_0000023ed9498710/5, E_0000023ed9498710/6, E_0000023ed9498710/7, E_0000023ed9498710/8, E_0000023ed9498710/9, E_0000023ed9498710/10, E_0000023ed9498710/11, E_0000023ed9498710/12, E_0000023ed9498710/13, E_0000023ed9498710/14, E_0000023ed9498710/15, E_0000023ed9498710/16, E_0000023ed9498710/17, E_0000023ed9498710/18, E_0000023ed9498710/19, E_0000023ed9498710/20, E_0000023ed9498710/21, E_0000023ed9498710/22, E_0000023ed9498710/23, E_0000023ed9498710/24, E_0000023ed9498710/25, E_0000023ed9498710/26, E_0000023ed9498710/27, E_0000023ed9498710/28, E_0000023ed9498710/29, E_0000023ed9498710/30, E_0000023ed9498710/31, E_0000023ed9498710/32, E_0000023ed9498710/33, E_0000023ed9498710/34, E_0000023ed9498710/35, E_0000023ed9498710/36, E_0000023ed9498710/37, E_0000023ed9498710/38, E_0000023ed9498710/39, E_0000023ed9498710/40, E_0000023ed9498710/41, E_0000023ed9498710/42, E_0000023ed9498710/43, E_0000023ed9498710/44, E_0000023ed9498710/45, E_0000023ed9498710/46, E_0000023ed9498710/47, E_0000023ed9498710/48, E_0000023ed9498710/49, E_0000023ed9498710/50, E_0000023ed9498710/51, E_0000023ed9498710/52, E_0000023ed9498710/53, E_0000023ed9498710/54, E_0000023ed9498710/55, E_0000023ed9498710/56, E_0000023ed9498710/57, E_0000023ed9498710/58, E_0000023ed9498710/59, E_0000023ed9498710/60, E_0000023ed9498710/61, E_0000023ed9498710/62, E_0000023ed9498710/63, E_0000023ed9498710/64, E_0000023ed9498710/65, E_0000023ed9498710/66, E_0000023ed9498710/67, E_0000023ed9498710/68, E_0000023ed9498710/69, E_0000023ed9498710/70, E_0000023ed9498710/71, E_0000023ed9498710/72, E_0000023ed9498710/73, E_0000023ed9498710/74, E_0000023ed9498710/75, E_0000023ed9498710/76, E_0000023ed9498710/77, E_0000023ed9498710/78, E_0000023ed9498710/79, E_0000023ed9498710/80, E_0000023ed9498710/81, E_0000023ed9498710/82, E_0000023ed9498710/83, E_0000023ed9498710/84, E_0000023ed9498710/85, E_0000023ed9498710/86, E_0000023ed9498710/87, E_0000023ed9498710/88, E_0000023ed9498710/89, E_0000023ed9498710/90, E_0000023ed9498710/91, E_0000023ed9498710/92, E_0000023ed9498710/93, E_0000023ed9498710/94, E_0000023ed9498710/95, E_0000023ed9498710/96, E_0000023ed9498710/97, E_0000023ed9498710/98, E_0000023ed9498710/99, E_0000023ed9498710/100, E_0000023ed9498710/101, E_0000023ed9498710/102, E_0000023ed9498710/103, E_0000023ed9498710/104, E_0000023ed9498710/105, E_0000023ed9498710/106, E_0000023ed9498710/107, E_0000023ed9498710/108, E_0000023ed9498710/109, E_0000023ed9498710/110, E_0000023ed9498710/111, E_0000023ed9498710/112, E_0000023ed9498710/113, E_0000023ed9498710/114, E_0000023ed9498710/115, E_0000023ed9498710/116, E_0000023ed9498710/117, E_0000023ed9498710/118, E_0000023ed9498710/119, E_0000023ed9498710/120, E_0000023ed9498710/121, E_0000023ed9498710/122, E_0000023ed9498710/123, E_0000023ed9498710/124, E_0000023ed9498710/125, E_0000023ed9498710/126, E_0000023ed9498710/127, E_0000023ed9498710/128, E_0000023ed9498710/129, E_0000023ed9498710/130, E_0000023ed9498710/131, E_0000023ed9498710/132, E_0000023ed9498710/133, E_0000023ed9498710/134, E_0000023ed9498710/135, E_0000023ed9498710/136, E_0000023ed9498710/137, E_0000023ed9498710/138, E_0000023ed9498710/139, E_0000023ed9498710/140, E_0000023ed9498710/141, E_0000023ed9498710/142, E_0000023ed9498710/143, E_0000023ed9498710/144, E_0000023ed9498710/145, E_0000023ed9498710/146, E_0000023ed9498710/147, E_0000023ed9498710/148, E_0000023ed9498710/149, E_0000023ed9498710/150, E_0000023ed9498710/151, E_0000023ed9498710/152, E_0000023ed9498710/153, E_0000023ed9498710/154, E_0000023ed9498710/155, E_0000023ed9498710/156, E_0000023ed9498710/157, E_0000023ed9498710/158, E_0000023ed9498710/159, E_0000023ed9498710/160, E_0000023ed9498710/161, E_0000023ed9498710/162, E_0000023ed9498710/163, E_0000023ed9498710/164, E_0000023ed9498710/165, E_0000023ed9498710/166, E_0000023ed9498710/167, E_0000023ed9498710/168, E_0000023ed9498710/169, E_0000023ed9498710/170, E_0000023ed9498710/171, E_0000023ed9498710/172, E_0000023ed9498710/173, E_0000023ed9498710/174, E_0000023ed9498710/175, E_0000023ed9498710/176, E_0000023ed9498710/177, E_0000023ed9498710/178, E_0000023ed9498710/179, E_0000023ed9498710/180, E_0000023ed9498710/181, E_0000023ed9498710/182, E_0000023ed9498710/183, E_0000023ed9498710/184, E_0000023ed9498710/185, E_0000023ed9498710/186, E_0000023ed9498710/187, E_0000023ed9498710/188, E_0000023ed9498710/189, E_0000023ed9498710/190, E_0000023ed9498710/191, E_0000023ed9498710/192, E_0000023ed9498710/193, E_0000023ed9498710/194, E_0000023ed9498710/195, E_0000023ed9498710/196, E_0000023ed9498710/197, E_0000023ed9498710/198, E_0000023ed9498710/199, E_0000023ed9498710/200, E_0000023ed9498710/201, E_0000023ed9498710/202, E_0000023ed9498710/203, E_0000023ed9498710/204, E_0000023ed9498710/205, E_0000023ed9498710/206, E_0000023ed9498710/207, E_0000023ed9498710/208, E_0000023ed9498710/209, E_0000023ed9498710/210, E_0000023ed9498710/211, E_0000023ed9498710/212, E_0000023ed9498710/213, E_0000023ed9498710/214, E_0000023ed9498710/215, E_0000023ed9498710/216, E_0000023ed9498710/217, E_0000023ed9498710/218, E_0000023ed9498710/219, E_0000023ed9498710/220, E_0000023ed9498710/221, E_0000023ed9498710/222, E_0000023ed9498710/223, E_0000023ed9498710/224, E_0000023ed9498710/225, E_0000023ed9498710/226, E_0000023ed9498710/227, E_0000023ed9498710/228, E_0000023ed9498710/229, E_0000023ed9498710/230, E_0000023ed9498710/231, E_0000023ed9498710/232, E_0000023ed9498710/233, E_0000023ed9498710/234, E_0000023ed9498710/235, E_0000023ed9498710/236, E_0000023ed9498710/237, E_0000023ed9498710/238, E_0000023ed9498710/239, E_0000023ed9498710/240, E_0000023ed9498710/241, E_0000023ed9498710/242, E_0000023ed9498710/243, E_0000023ed9498710/244, E_0000023ed9498710/245, E_0000023ed9498710/246, E_0000023ed9498710/247, E_0000023ed9498710/248, E_0000023ed9498710/249, E_0000023ed9498710/250, E_0000023ed9498710/251, E_0000023ed9498710/252, E_0000023ed9498710/253, E_0000023ed9498710/254, E_0000023ed9498710/255, E_0000023ed9498710/256;
S_0000023ed94d4450 .scope module, "dut" "hart" 2 31, 3 3 0, S_0000023ed94cb3b0;
 .timescale -9 -12;
    .port_info 0 /INPUT 1 "i_clk";
    .port_info 1 /INPUT 1 "i_rst";
    .port_info 2 /OUTPUT 32 "o_imem_raddr";
    .port_info 3 /INPUT 32 "i_imem_rdata";
    .port_info 4 /OUTPUT 32 "o_dmem_addr";
    .port_info 5 /OUTPUT 1 "o_dmem_ren";
    .port_info 6 /OUTPUT 1 "o_dmem_wen";
    .port_info 7 /OUTPUT 32 "o_dmem_wdata";
    .port_info 8 /OUTPUT 4 "o_dmem_mask";
    .port_info 9 /INPUT 32 "i_dmem_rdata";
    .port_info 10 /OUTPUT 1 "o_retire_valid";
    .port_info 11 /OUTPUT 32 "o_retire_inst";
    .port_info 12 /OUTPUT 1 "o_retire_trap";
    .port_info 13 /OUTPUT 1 "o_retire_halt";
    .port_info 14 /OUTPUT 5 "o_retire_rs1_raddr";
    .port_info 15 /OUTPUT 5 "o_retire_rs2_raddr";
    .port_info 16 /OUTPUT 32 "o_retire_rs1_rdata";
    .port_info 17 /OUTPUT 32 "o_retire_rs2_rdata";
    .port_info 18 /OUTPUT 5 "o_retire_rd_waddr";
    .port_info 19 /OUTPUT 32 "o_retire_rd_wdata";
    .port_info 20 /OUTPUT 32 "o_retire_dmem_addr";
    .port_info 21 /OUTPUT 1 "o_retire_dmem_ren";
    .port_info 22 /OUTPUT 1 "o_retire_dmem_wen";
    .port_info 23 /OUTPUT 4 "o_retire_dmem_mask";
    .port_info 24 /OUTPUT 32 "o_retire_dmem_wdata";
    .port_info 25 /OUTPUT 32 "o_retire_dmem_rdata";
    .port_info 26 /OUTPUT 32 "o_retire_pc";
    .port_info 27 /OUTPUT 32 "o_retire_next_pc";
P_0000023ed9498150 .param/l "RESET_ADDR" 0 3 6, C4<00000000000000000000000000000000>;
L_0000023ed940d3a0 .functor BUFZ 32, v0000023ed9580fe0_0, C4<00000000000000000000000000000000>, C4<00000000000000000000000000000000>, C4<00000000000000000000000000000000>;
L_0000023ed940e3d0 .functor BUFZ 32, v0000023ed9580720_0, C4<00000000000000000000000000000000>, C4<00000000000000000000000000000000>, C4<00000000000000000000000000000000>;
L_0000023ed940e590 .functor BUFZ 32, L_0000023ed940d3a0, C4<00000000000000000000000000000000>, C4<00000000000000000000000000000000>, C4<00000000000000000000000000000000>;
L_0000023ed940e600 .functor BUFZ 32, L_0000023ed940d3a0, C4<00000000000000000000000000000000>, C4<00000000000000000000000000000000>, C4<00000000000000000000000000000000>;
L_0000023ed940cdf0 .functor BUFZ 32, L_0000023ed95a2540, C4<00000000000000000000000000000000>, C4<00000000000000000000000000000000>, C4<00000000000000000000000000000000>;
L_0000023ed940e6e0 .functor BUFZ 32, L_0000023ed940e3d0, C4<00000000000000000000000000000000>, C4<00000000000000000000000000000000>, C4<00000000000000000000000000000000>;
L_0000023ed95fec10 .functor OR 1, L_0000023ed95a56a0, L_0000023ed95a4fc0, C4<0>, C4<0>;
L_0000023ed95fe270 .functor OR 1, L_0000023ed95fec10, L_0000023ed95a38a0, C4<0>, C4<0>;
L_0000023ed95ff1c0 .functor OR 1, L_0000023ed95fe270, L_0000023ed95a3d00, C4<0>, C4<0>;
L_0000023ed95fe3c0 .functor OR 1, L_0000023ed95ff1c0, L_0000023ed95a3940, C4<0>, C4<0>;
L_0000023ed95ff230 .functor OR 1, L_0000023ed95fe3c0, L_0000023ed95a4020, C4<0>, C4<0>;
L_0000023ed95fe740 .functor OR 1, L_0000023ed95a5600, L_0000023ed95a3620, C4<0>, C4<0>;
L_0000023ed95fec80 .functor OR 1, L_0000023ed95fe740, L_0000023ed95a5740, C4<0>, C4<0>;
L_0000023ed95ff0e0 .functor OR 1, L_0000023ed95a5060, L_0000023ed95a51a0, C4<0>, C4<0>;
L_0000023ed95ffbd0 .functor AND 1, v0000023ed9586800_0, v0000023ed9584d20_0, C4<1>, C4<1>;
L_0000023ed95fe7b0 .functor AND 1, L_0000023ed95ffbd0, v0000023ed9584820_0, C4<1>, C4<1>;
L_0000023ed95ff620 .functor AND 1, L_0000023ed95fe7b0, L_0000023ed95a4840, C4<1>, C4<1>;
L_0000023ed95ff700 .functor AND 1, L_0000023ed95ff230, L_0000023ed95a3bc0, C4<1>, C4<1>;
L_0000023ed95fe890 .functor AND 1, L_0000023ed95ff0e0, L_0000023ed95a36c0, C4<1>, C4<1>;
L_0000023ed95ff2a0 .functor OR 1, L_0000023ed95ff700, L_0000023ed95fe890, C4<0>, C4<0>;
L_0000023ed95ff380 .functor AND 1, L_0000023ed95ff620, L_0000023ed95ff2a0, C4<1>, C4<1>;
L_0000023ed95a6e00 .functor BUFT 1, C4<0>, C4<0>, C4<0>, C4<0>;
L_0000023ed95ff3f0 .functor OR 1, L_0000023ed95ff380, L_0000023ed95a6e00, C4<0>, C4<0>;
L_0000023ed95a6e48 .functor BUFT 1, C4<0>, C4<0>, C4<0>, C4<0>;
L_0000023ed95fe900 .functor OR 1, L_0000023ed95ff3f0, L_0000023ed95a6e48, C4<0>, C4<0>;
L_0000023ed95fe970 .functor BUFZ 1, v0000023ed9586800_0, C4<0>, C4<0>, C4<0>;
L_0000023ed95fecf0 .functor BUFZ 32, v0000023ed9586760_0, C4<00000000000000000000000000000000>, C4<00000000000000000000000000000000>, C4<00000000000000000000000000000000>;
L_0000023ed95ff7e0 .functor BUFZ 32, v0000023ed95875c0_0, C4<00000000000000000000000000000000>, C4<00000000000000000000000000000000>, C4<00000000000000000000000000000000>;
L_0000023ed95ff460 .functor BUFZ 32, v0000023ed9582c00_0, C4<00000000000000000000000000000000>, C4<00000000000000000000000000000000>, C4<00000000000000000000000000000000>;
L_0000023ed95fed60 .functor BUFZ 5, L_0000023ed95ffaf0, C4<00000>, C4<00000>, C4<00000>;
L_0000023ed95ff850 .functor BUFZ 5, L_0000023ed95ff310, C4<00000>, C4<00000>, C4<00000>;
L_0000023ed95ff770 .functor BUFZ 5, L_0000023ed95a1820, C4<00000>, C4<00000>, C4<00000>;
L_0000023ed95ff8c0 .functor BUFZ 32, L_0000023ed95fe660, C4<00000000000000000000000000000000>, C4<00000000000000000000000000000000>, C4<00000000000000000000000000000000>;
L_0000023ed95ffb60 .functor BUFZ 32, L_0000023ed95fe120, C4<00000000000000000000000000000000>, C4<00000000000000000000000000000000>, C4<00000000000000000000000000000000>;
L_0000023ed96009d0 .functor BUFZ 32, L_0000023ed95a4c00, C4<00000000000000000000000000000000>, C4<00000000000000000000000000000000>, C4<00000000000000000000000000000000>;
L_0000023ed9601290 .functor BUFZ 1, L_0000023ed95ff150, C4<0>, C4<0>, C4<0>;
L_0000023ed96007a0 .functor BUFZ 1, L_0000023ed95ff000, C4<0>, C4<0>, C4<0>;
L_0000023ed9600d50 .functor BUFZ 3, L_0000023ed95a18c0, C4<000>, C4<000>, C4<000>;
L_0000023ed9600c70 .functor BUFZ 1, L_0000023ed95ff9a0, C4<0>, C4<0>, C4<0>;
L_0000023ed96005e0 .functor BUFZ 1, L_0000023ed95feba0, C4<0>, C4<0>, C4<0>;
L_0000023ed9600f10 .functor BUFZ 1, L_0000023ed95feeb0, C4<0>, C4<0>, C4<0>;
L_0000023ed95ffee0 .functor BUFZ 1, L_0000023ed95ff4d0, C4<0>, C4<0>, C4<0>;
L_0000023ed9601140 .functor BUFZ 1, L_0000023ed95fea50, C4<0>, C4<0>, C4<0>;
L_0000023ed9600dc0 .functor BUFZ 1, L_0000023ed95fe190, C4<0>, C4<0>, C4<0>;
L_0000023ed9600340 .functor BUFZ 1, L_0000023ed95fe350, C4<0>, C4<0>, C4<0>;
L_0000023ed96011b0 .functor BUFZ 1, L_0000023ed95fe510, C4<0>, C4<0>, C4<0>;
L_0000023ed9601450 .functor BUFZ 1, L_0000023ed95fee40, C4<0>, C4<0>, C4<0>;
L_0000023ed96010d0 .functor BUFZ 1, L_0000023ed940e7c0, C4<0>, C4<0>, C4<0>;
L_0000023ed96001f0 .functor BUFZ 32, L_0000023ed95a0060, C4<00000000000000000000000000000000>, C4<00000000000000000000000000000000>, C4<00000000000000000000000000000000>;
L_0000023ed9600ab0 .functor AND 1, v0000023ed9584d20_0, v0000023ed957ccf0_0, C4<1>, C4<1>;
L_0000023ed9601220 .functor AND 1, L_0000023ed9600ab0, v0000023ed957a810_0, C4<1>, C4<1>;
L_0000023ed96000a0 .functor NOT 1, v0000023ed957a3b0_0, C4<0>, C4<0>, C4<0>;
L_0000023ed9600ea0 .functor AND 1, L_0000023ed9601220, L_0000023ed96000a0, C4<1>, C4<1>;
L_0000023ed96017d0 .functor AND 1, L_0000023ed9600ea0, L_0000023ed95a4980, C4<1>, C4<1>;
L_0000023ed9601300 .functor AND 1, L_0000023ed96017d0, L_0000023ed95a3e40, C4<1>, C4<1>;
L_0000023ed9601370 .functor AND 1, v0000023ed9584d20_0, v0000023ed957ccf0_0, C4<1>, C4<1>;
L_0000023ed95ffcb0 .functor AND 1, L_0000023ed9601370, v0000023ed957a810_0, C4<1>, C4<1>;
L_0000023ed9600ce0 .functor NOT 1, v0000023ed957a3b0_0, C4<0>, C4<0>, C4<0>;
L_0000023ed9600ff0 .functor AND 1, L_0000023ed95ffcb0, L_0000023ed9600ce0, C4<1>, C4<1>;
L_0000023ed9601060 .functor AND 1, L_0000023ed9600ff0, L_0000023ed95a4520, C4<1>, C4<1>;
L_0000023ed95ffd90 .functor AND 1, L_0000023ed9601060, L_0000023ed95a4700, C4<1>, C4<1>;
L_0000023ed9600f80 .functor AND 1, v0000023ed9584d20_0, v0000023ed9587c00_0, C4<1>, C4<1>;
L_0000023ed9600650 .functor AND 1, L_0000023ed9600f80, v0000023ed9587f20_0, C4<1>, C4<1>;
L_0000023ed9600e30 .functor AND 1, L_0000023ed9600650, L_0000023ed95a5560, C4<1>, C4<1>;
L_0000023ed96008f0 .functor NOT 1, L_0000023ed9601300, C4<0>, C4<0>, C4<0>;
L_0000023ed96006c0 .functor AND 1, L_0000023ed9600e30, L_0000023ed96008f0, C4<1>, C4<1>;
L_0000023ed96013e0 .functor AND 1, L_0000023ed96006c0, L_0000023ed95a4480, C4<1>, C4<1>;
L_0000023ed95fffc0 .functor AND 1, v0000023ed9584d20_0, v0000023ed9587c00_0, C4<1>, C4<1>;
L_0000023ed9600c00 .functor AND 1, L_0000023ed95fffc0, v0000023ed9587f20_0, C4<1>, C4<1>;
L_0000023ed9600810 .functor AND 1, L_0000023ed9600c00, L_0000023ed95a3ee0, C4<1>, C4<1>;
L_0000023ed96014c0 .functor NOT 1, L_0000023ed95ffd90, C4<0>, C4<0>, C4<0>;
L_0000023ed9601530 .functor AND 1, L_0000023ed9600810, L_0000023ed96014c0, C4<1>, C4<1>;
L_0000023ed96015a0 .functor AND 1, L_0000023ed9601530, L_0000023ed95a33a0, C4<1>, C4<1>;
L_0000023ed9601610 .functor BUFZ 32, L_0000023ed95a3120, C4<00000000000000000000000000000000>, C4<00000000000000000000000000000000>, C4<00000000000000000000000000000000>;
L_0000023ed9600a40 .functor AND 1, v0000023ed9584d20_0, v0000023ed957dab0_0, C4<1>, C4<1>;
L_0000023ed9600260 .functor NOT 1, L_0000023ed95a5ec0, C4<0>, C4<0>, C4<0>;
L_0000023ed9600730 .functor NOT 1, L_0000023ed9600180, C4<0>, C4<0>, C4<0>;
L_0000023ed9600960 .functor NOT 1, L_0000023ed9600180, C4<0>, C4<0>, C4<0>;
L_0000023ed9600b20 .functor AND 1, L_0000023ed9600a40, L_0000023ed959f0c0, C4<1>, C4<1>;
L_0000023ed9600b90 .functor AND 1, v0000023ed9584d20_0, v0000023ed9583d80_0, C4<1>, C4<1>;
L_0000023ed9600570 .functor OR 1, L_0000023ed9600b20, L_0000023ed9600b90, C4<0>, C4<0>;
L_0000023ed95ffd20 .functor AND 1, L_0000023ed9600570, L_0000023ed959f3e0, C4<1>, C4<1>;
L_0000023ed96002d0 .functor NOT 1, L_0000023ed95ffd20, C4<0>, C4<0>, C4<0>;
L_0000023ed95ffe00 .functor AND 1, L_0000023ed9600570, L_0000023ed96002d0, C4<1>, C4<1>;
L_0000023ed9600490 .functor BUFZ 1, v0000023ed9584d20_0, C4<0>, C4<0>, C4<0>;
L_0000023ed95ffe70 .functor BUFZ 32, v0000023ed95831a0_0, C4<00000000000000000000000000000000>, C4<00000000000000000000000000000000>, C4<00000000000000000000000000000000>;
L_0000023ed9600500 .functor BUFZ 32, v0000023ed9584000_0, C4<00000000000000000000000000000000>, C4<00000000000000000000000000000000>, C4<00000000000000000000000000000000>;
L_0000023ed9601920 .functor BUFZ 32, L_0000023ed959e3a0, C4<00000000000000000000000000000000>, C4<00000000000000000000000000000000>, C4<00000000000000000000000000000000>;
L_0000023ed9601ca0 .functor BUFZ 32, v0000023ed9583b00_0, C4<00000000000000000000000000000000>, C4<00000000000000000000000000000000>, C4<00000000000000000000000000000000>;
L_0000023ed9601b50 .functor BUFZ 5, v0000023ed9582ac0_0, C4<00000>, C4<00000>, C4<00000>;
L_0000023ed9601ae0 .functor BUFZ 5, v0000023ed9583240_0, C4<00000>, C4<00000>, C4<00000>;
L_0000023ed9601d80 .functor BUFZ 5, v0000023ed9583f60_0, C4<00000>, C4<00000>, C4<00000>;
L_0000023ed9601e60 .functor BUFZ 32, L_0000023ed95a4de0, C4<00000000000000000000000000000000>, C4<00000000000000000000000000000000>, C4<00000000000000000000000000000000>;
L_0000023ed9601ed0 .functor BUFZ 32, L_0000023ed95a3120, C4<00000000000000000000000000000000>, C4<00000000000000000000000000000000>, C4<00000000000000000000000000000000>;
L_0000023ed9601f40 .functor BUFZ 32, v0000023ed95843c0_0, C4<00000000000000000000000000000000>, C4<00000000000000000000000000000000>, C4<00000000000000000000000000000000>;
L_0000023ed9601990 .functor BUFZ 32, v0000023ed94b4160_0, C4<00000000000000000000000000000000>, C4<00000000000000000000000000000000>, C4<00000000000000000000000000000000>;
L_0000023ed9601a00 .functor BUFZ 32, L_0000023ed9601610, C4<00000000000000000000000000000000>, C4<00000000000000000000000000000000>, C4<00000000000000000000000000000000>;
L_0000023ed9601df0 .functor BUFZ 3, v0000023ed9582e80_0, C4<000>, C4<000>, C4<000>;
L_0000023ed9601fb0 .functor BUFZ 1, v0000023ed9584fa0_0, C4<0>, C4<0>, C4<0>;
L_0000023ed9601c30 .functor BUFZ 1, v0000023ed9584820_0, C4<0>, C4<0>, C4<0>;
L_0000023ed96018b0 .functor BUFZ 1, v0000023ed95841e0_0, C4<0>, C4<0>, C4<0>;
L_0000023ed9601a70 .functor BUFZ 1, v0000023ed9582ca0_0, C4<0>, C4<0>, C4<0>;
L_0000023ed9601bc0 .functor BUFZ 1, v0000023ed9583d80_0, C4<0>, C4<0>, C4<0>;
L_0000023ed9601d10 .functor BUFZ 1, v0000023ed9584c80_0, C4<0>, C4<0>, C4<0>;
L_0000023ed960a370 .functor BUFZ 1, v0000023ed9584b40_0, C4<0>, C4<0>, C4<0>;
L_0000023ed960b2c0 .functor BUFZ 1, L_0000023ed95ffd20, C4<0>, C4<0>, C4<0>;
L_0000023ed960b330 .functor BUFZ 1, v0000023ed95836a0_0, C4<0>, C4<0>, C4<0>;
L_0000023ed960baa0 .functor AND 1, v0000023ed957ccf0_0, v0000023ed957a630_0, C4<1>, C4<1>;
L_0000023ed960b560 .functor AND 1, v0000023ed957ccf0_0, v0000023ed957b490_0, C4<1>, C4<1>;
L_0000023ed960a760 .functor AND 1, v0000023ed9587c00_0, v0000023ed95873e0_0, C4<1>, C4<1>;
L_0000023ed960bc60 .functor AND 1, L_0000023ed960a760, v0000023ed957ccf0_0, C4<1>, C4<1>;
L_0000023ed960a7d0 .functor AND 1, L_0000023ed960bc60, v0000023ed957b490_0, C4<1>, C4<1>;
L_0000023ed960a300 .functor AND 1, L_0000023ed960a7d0, L_0000023ed959e9e0, C4<1>, C4<1>;
L_0000023ed960a290 .functor AND 1, L_0000023ed960a300, L_0000023ed959e4e0, C4<1>, C4<1>;
L_0000023ed960adf0 .functor BUFZ 32, L_0000023ed959fa20, C4<00000000000000000000000000000000>, C4<00000000000000000000000000000000>, C4<00000000000000000000000000000000>;
L_0000023ed960b480 .functor BUFZ 4, L_0000023ed960b6b0, C4<0000>, C4<0000>, C4<0000>;
L_0000023ed960a840 .functor BUFZ 32, L_0000023ed960bb10, C4<00000000000000000000000000000000>, C4<00000000000000000000000000000000>, C4<00000000000000000000000000000000>;
L_0000023ed960ae60 .functor BUFZ 1, L_0000023ed960a990, C4<0>, C4<0>, C4<0>;
L_0000023ed960a8b0 .functor BUFZ 1, L_0000023ed960aa70, C4<0>, C4<0>, C4<0>;
L_0000023ed960ac30 .functor BUFZ 1, v0000023ed957ccf0_0, C4<0>, C4<0>, C4<0>;
L_0000023ed960aae0 .functor BUFZ 32, v0000023ed957ac70_0, C4<00000000000000000000000000000000>, C4<00000000000000000000000000000000>, C4<00000000000000000000000000000000>;
L_0000023ed960a0d0 .functor BUFZ 32, v0000023ed957b5d0_0, C4<00000000000000000000000000000000>, C4<00000000000000000000000000000000>, C4<00000000000000000000000000000000>;
L_0000023ed960a450 .functor BUFZ 32, v0000023ed957ab30_0, C4<00000000000000000000000000000000>, C4<00000000000000000000000000000000>, C4<00000000000000000000000000000000>;
L_0000023ed960b720 .functor BUFZ 32, v0000023ed957b350_0, C4<00000000000000000000000000000000>, C4<00000000000000000000000000000000>, C4<00000000000000000000000000000000>;
L_0000023ed960b790 .functor BUFZ 5, v0000023ed957aef0_0, C4<00000>, C4<00000>, C4<00000>;
L_0000023ed960a4c0 .functor BUFZ 5, v0000023ed957b0d0_0, C4<00000>, C4<00000>, C4<00000>;
L_0000023ed960a5a0 .functor BUFZ 5, v0000023ed957b670_0, C4<00000>, C4<00000>, C4<00000>;
L_0000023ed960a610 .functor BUFZ 32, v0000023ed957c430_0, C4<00000000000000000000000000000000>, C4<00000000000000000000000000000000>, C4<00000000000000000000000000000000>;
L_0000023ed960b800 .functor BUFZ 32, v0000023ed957b7b0_0, C4<00000000000000000000000000000000>, C4<00000000000000000000000000000000>, C4<00000000000000000000000000000000>;
L_0000023ed960ad10 .functor BUFZ 32, v0000023ed957abd0_0, C4<00000000000000000000000000000000>, C4<00000000000000000000000000000000>, C4<00000000000000000000000000000000>;
L_0000023ed960a140 .functor BUFZ 32, v0000023ed957a770_0, C4<00000000000000000000000000000000>, C4<00000000000000000000000000000000>, C4<00000000000000000000000000000000>;
L_0000023ed960b3a0 .functor BUFZ 32, L_0000023ed960a530, C4<00000000000000000000000000000000>, C4<00000000000000000000000000000000>, C4<00000000000000000000000000000000>;
L_0000023ed960b090 .functor BUFZ 32, L_0000023ed959fa20, C4<00000000000000000000000000000000>, C4<00000000000000000000000000000000>, C4<00000000000000000000000000000000>;
L_0000023ed960abc0 .functor BUFZ 1, L_0000023ed960a990, C4<0>, C4<0>, C4<0>;
L_0000023ed960a1b0 .functor BUFZ 1, L_0000023ed960aa70, C4<0>, C4<0>, C4<0>;
L_0000023ed960a680 .functor BUFZ 4, L_0000023ed960b6b0, C4<0000>, C4<0000>, C4<0000>;
L_0000023ed960ad80 .functor BUFZ 32, L_0000023ed960bb10, C4<00000000000000000000000000000000>, C4<00000000000000000000000000000000>, C4<00000000000000000000000000000000>;
L_0000023ed960aa00 .functor BUFZ 32, v0000023ed9582020_0, C4<00000000000000000000000000000000>, C4<00000000000000000000000000000000>, C4<00000000000000000000000000000000>;
L_0000023ed960b950 .functor BUFZ 1, v0000023ed957a3b0_0, C4<0>, C4<0>, C4<0>;
L_0000023ed960b100 .functor BUFZ 1, v0000023ed957bb70_0, C4<0>, C4<0>, C4<0>;
L_0000023ed960aed0 .functor BUFZ 1, v0000023ed957af90_0, C4<0>, C4<0>, C4<0>;
L_0000023ed960a6f0 .functor BUFZ 1, v0000023ed957a810_0, C4<0>, C4<0>, C4<0>;
L_0000023ed960aca0 .functor BUFZ 1, v0000023ed957c070_0, C4<0>, C4<0>, C4<0>;
L_0000023ed960b4f0 .functor BUFZ 1, v0000023ed957c750_0, C4<0>, C4<0>, C4<0>;
L_0000023ed960af40 .functor BUFZ 1, L_0000023ed960b870, C4<0>, C4<0>, C4<0>;
L_0000023ed960afb0 .functor BUFZ 1, v0000023ed957a9f0_0, C4<0>, C4<0>, C4<0>;
L_0000023ed960b020 .functor OR 1, v0000023ed9586f80_0, v0000023ed95852c0_0, C4<0>, C4<0>;
L_0000023ed960b170 .functor OR 1, L_0000023ed960b020, v0000023ed9587480_0, C4<0>, C4<0>;
L_0000023ed960b1e0 .functor AND 1, v0000023ed9587c00_0, v0000023ed9587f20_0, C4<1>, C4<1>;
L_0000023ed960b410 .functor NOT 1, L_0000023ed960b170, C4<0>, C4<0>, C4<0>;
L_0000023ed960b250 .functor AND 1, L_0000023ed960b1e0, L_0000023ed960b410, C4<1>, C4<1>;
L_0000023ed960b8e0 .functor AND 1, v0000023ed9587c00_0, v0000023ed9585540_0, C4<1>, C4<1>;
L_0000023ed960b9c0 .functor BUFZ 1, v0000023ed9587c00_0, C4<0>, C4<0>, C4<0>;
L_0000023ed960ba30 .functor BUFZ 32, v0000023ed9586620_0, C4<00000000000000000000000000000000>, C4<00000000000000000000000000000000>, C4<00000000000000000000000000000000>;
L_0000023ed960c980 .functor AND 1, v0000023ed9587c00_0, L_0000023ed960b170, C4<1>, C4<1>;
L_0000023ed960d240 .functor BUFZ 1, L_0000023ed960b8e0, C4<0>, C4<0>, C4<0>;
L_0000023ed960bdb0 .functor BUFZ 5, v0000023ed9587ca0_0, C4<00000>, C4<00000>, C4<00000>;
L_0000023ed960cd70 .functor BUFZ 5, v0000023ed9587980_0, C4<00000>, C4<00000>, C4<00000>;
L_0000023ed960cfa0 .functor BUFZ 32, v0000023ed9587fc0_0, C4<00000000000000000000000000000000>, C4<00000000000000000000000000000000>, C4<00000000000000000000000000000000>;
L_0000023ed960c050 .functor BUFZ 32, v0000023ed95878e0_0, C4<00000000000000000000000000000000>, C4<00000000000000000000000000000000>, C4<00000000000000000000000000000000>;
L_0000023ed960c670 .functor BUFZ 32, L_0000023ed95a0060, C4<00000000000000000000000000000000>, C4<00000000000000000000000000000000>, C4<00000000000000000000000000000000>;
L_0000023ed960d4e0 .functor BUFZ 32, v0000023ed95861c0_0, C4<00000000000000000000000000000000>, C4<00000000000000000000000000000000>, C4<00000000000000000000000000000000>;
L_0000023ed960d390 .functor BUFZ 1, v0000023ed9586d00_0, C4<0>, C4<0>, C4<0>;
L_0000023ed960bcd0 .functor BUFZ 1, v0000023ed95863a0_0, C4<0>, C4<0>, C4<0>;
L_0000023ed960cd00 .functor BUFZ 4, v0000023ed95872a0_0, C4<0000>, C4<0000>, C4<0000>;
L_0000023ed960d2b0 .functor BUFZ 32, v0000023ed9586da0_0, C4<00000000000000000000000000000000>, C4<00000000000000000000000000000000>, C4<00000000000000000000000000000000>;
L_0000023ed960c7c0 .functor BUFZ 32, v0000023ed9587020_0, C4<00000000000000000000000000000000>, C4<00000000000000000000000000000000>, C4<00000000000000000000000000000000>;
L_0000023ed960be20 .functor BUFZ 32, v0000023ed9587840_0, C4<00000000000000000000000000000000>, C4<00000000000000000000000000000000>, C4<00000000000000000000000000000000>;
L_0000023ed960d550 .functor BUFZ 32, v0000023ed95850e0_0, C4<00000000000000000000000000000000>, C4<00000000000000000000000000000000>, C4<00000000000000000000000000000000>;
v0000023ed9575090_0 .net *"_ivl_100", 0 0, L_0000023ed95ff2a0;  1 drivers
v0000023ed9575c70_0 .net *"_ivl_108", 0 0, L_0000023ed95ff3f0;  1 drivers
v0000023ed9575130_0 .net *"_ivl_164", 31 0, L_0000023ed95a3a80;  1 drivers
v0000023ed95756d0_0 .net *"_ivl_170", 0 0, L_0000023ed9600ab0;  1 drivers
v0000023ed95754f0_0 .net *"_ivl_172", 0 0, L_0000023ed9601220;  1 drivers
v0000023ed9574e10_0 .net *"_ivl_174", 0 0, L_0000023ed96000a0;  1 drivers
v0000023ed9575270_0 .net *"_ivl_176", 0 0, L_0000023ed9600ea0;  1 drivers
L_0000023ed95a6e90 .functor BUFT 1, C4<00000>, C4<0>, C4<0>, C4<0>;
v0000023ed9575d10_0 .net/2u *"_ivl_178", 4 0, L_0000023ed95a6e90;  1 drivers
v0000023ed9574eb0_0 .net *"_ivl_180", 0 0, L_0000023ed95a4980;  1 drivers
v0000023ed9574b90_0 .net *"_ivl_182", 0 0, L_0000023ed96017d0;  1 drivers
v0000023ed9575630_0 .net *"_ivl_184", 0 0, L_0000023ed95a3e40;  1 drivers
v0000023ed9575db0_0 .net *"_ivl_188", 0 0, L_0000023ed9601370;  1 drivers
v0000023ed9575950_0 .net *"_ivl_190", 0 0, L_0000023ed95ffcb0;  1 drivers
v0000023ed95751d0_0 .net *"_ivl_192", 0 0, L_0000023ed9600ce0;  1 drivers
v0000023ed9574f50_0 .net *"_ivl_194", 0 0, L_0000023ed9600ff0;  1 drivers
L_0000023ed95a6ed8 .functor BUFT 1, C4<00000>, C4<0>, C4<0>, C4<0>;
v0000023ed9575e50_0 .net/2u *"_ivl_196", 4 0, L_0000023ed95a6ed8;  1 drivers
v0000023ed9575310_0 .net *"_ivl_198", 0 0, L_0000023ed95a4520;  1 drivers
L_0000023ed95a6038 .functor BUFT 1, C4<00000000000000000000000000000100>, C4<0>, C4<0>, C4<0>;
v0000023ed9575a90_0 .net/2u *"_ivl_2", 31 0, L_0000023ed95a6038;  1 drivers
v0000023ed9574cd0_0 .net *"_ivl_200", 0 0, L_0000023ed9601060;  1 drivers
v0000023ed9575770_0 .net *"_ivl_202", 0 0, L_0000023ed95a4700;  1 drivers
v0000023ed9575f90_0 .net *"_ivl_206", 0 0, L_0000023ed9600f80;  1 drivers
v0000023ed9574910_0 .net *"_ivl_208", 0 0, L_0000023ed9600650;  1 drivers
L_0000023ed95a6f20 .functor BUFT 1, C4<00000>, C4<0>, C4<0>, C4<0>;
v0000023ed95753b0_0 .net/2u *"_ivl_210", 4 0, L_0000023ed95a6f20;  1 drivers
v0000023ed9574a50_0 .net *"_ivl_212", 0 0, L_0000023ed95a5560;  1 drivers
v0000023ed9574c30_0 .net *"_ivl_214", 0 0, L_0000023ed9600e30;  1 drivers
v0000023ed9574d70_0 .net *"_ivl_216", 0 0, L_0000023ed96008f0;  1 drivers
v0000023ed9575450_0 .net *"_ivl_218", 0 0, L_0000023ed96006c0;  1 drivers
L_0000023ed95a6aa0 .functor BUFT 1, C4<0110011>, C4<0>, C4<0>, C4<0>;
v0000023ed95759f0_0 .net/2u *"_ivl_22", 6 0, L_0000023ed95a6aa0;  1 drivers
v0000023ed95758b0_0 .net *"_ivl_220", 0 0, L_0000023ed95a4480;  1 drivers
v0000023ed9578e20_0 .net *"_ivl_224", 0 0, L_0000023ed95fffc0;  1 drivers
v0000023ed9578d80_0 .net *"_ivl_226", 0 0, L_0000023ed9600c00;  1 drivers
L_0000023ed95a6f68 .functor BUFT 1, C4<00000>, C4<0>, C4<0>, C4<0>;
v0000023ed9579140_0 .net/2u *"_ivl_228", 4 0, L_0000023ed95a6f68;  1 drivers
v0000023ed95790a0_0 .net *"_ivl_230", 0 0, L_0000023ed95a3ee0;  1 drivers
v0000023ed9579dc0_0 .net *"_ivl_232", 0 0, L_0000023ed9600810;  1 drivers
v0000023ed9579f00_0 .net *"_ivl_234", 0 0, L_0000023ed96014c0;  1 drivers
v0000023ed9579aa0_0 .net *"_ivl_236", 0 0, L_0000023ed9601530;  1 drivers
v0000023ed95793c0_0 .net *"_ivl_238", 0 0, L_0000023ed95a33a0;  1 drivers
v0000023ed95791e0_0 .net *"_ivl_24", 0 0, L_0000023ed95a56a0;  1 drivers
L_0000023ed95a6fb0 .functor BUFT 1, C4<10>, C4<0>, C4<0>, C4<0>;
v0000023ed9579c80_0 .net/2u *"_ivl_242", 1 0, L_0000023ed95a6fb0;  1 drivers
L_0000023ed95a6ff8 .functor BUFT 1, C4<01>, C4<0>, C4<0>, C4<0>;
v0000023ed9579460_0 .net/2u *"_ivl_244", 1 0, L_0000023ed95a6ff8;  1 drivers
L_0000023ed95a7040 .functor BUFT 1, C4<00>, C4<0>, C4<0>, C4<0>;
v0000023ed9579000_0 .net/2u *"_ivl_246", 1 0, L_0000023ed95a7040;  1 drivers
v0000023ed9579b40_0 .net *"_ivl_248", 1 0, L_0000023ed95a48e0;  1 drivers
L_0000023ed95a7088 .functor BUFT 1, C4<10>, C4<0>, C4<0>, C4<0>;
v0000023ed9578920_0 .net/2u *"_ivl_252", 1 0, L_0000023ed95a7088;  1 drivers
L_0000023ed95a70d0 .functor BUFT 1, C4<01>, C4<0>, C4<0>, C4<0>;
v0000023ed9578ec0_0 .net/2u *"_ivl_254", 1 0, L_0000023ed95a70d0;  1 drivers
L_0000023ed95a7118 .functor BUFT 1, C4<00>, C4<0>, C4<0>, C4<0>;
v0000023ed9579be0_0 .net/2u *"_ivl_256", 1 0, L_0000023ed95a7118;  1 drivers
v0000023ed9579960_0 .net *"_ivl_258", 1 0, L_0000023ed95a3f80;  1 drivers
L_0000023ed95a6ae8 .functor BUFT 1, C4<0010011>, C4<0>, C4<0>, C4<0>;
v0000023ed9579280_0 .net/2u *"_ivl_26", 6 0, L_0000023ed95a6ae8;  1 drivers
L_0000023ed95a7160 .functor BUFT 1, C4<11>, C4<0>, C4<0>, C4<0>;
v0000023ed9579e60_0 .net/2u *"_ivl_262", 1 0, L_0000023ed95a7160;  1 drivers
L_0000023ed95a71a8 .functor BUFT 1, C4<11>, C4<0>, C4<0>, C4<0>;
v0000023ed95798c0_0 .net/2u *"_ivl_266", 1 0, L_0000023ed95a71a8;  1 drivers
L_0000023ed95a71f0 .functor BUFT 1, C4<10>, C4<0>, C4<0>, C4<0>;
v0000023ed9578f60_0 .net/2u *"_ivl_270", 1 0, L_0000023ed95a71f0;  1 drivers
v0000023ed9579820_0 .net *"_ivl_272", 0 0, L_0000023ed95a42a0;  1 drivers
L_0000023ed95a7238 .functor BUFT 1, C4<01>, C4<0>, C4<0>, C4<0>;
v0000023ed95789c0_0 .net/2u *"_ivl_274", 1 0, L_0000023ed95a7238;  1 drivers
v0000023ed9579fa0_0 .net *"_ivl_276", 0 0, L_0000023ed95a3440;  1 drivers
v0000023ed9579d20_0 .net *"_ivl_278", 31 0, L_0000023ed95a3080;  1 drivers
v0000023ed9578c40_0 .net *"_ivl_28", 0 0, L_0000023ed95a4fc0;  1 drivers
L_0000023ed95a7280 .functor BUFT 1, C4<10>, C4<0>, C4<0>, C4<0>;
v0000023ed9578a60_0 .net/2u *"_ivl_282", 1 0, L_0000023ed95a7280;  1 drivers
v0000023ed9578ba0_0 .net *"_ivl_284", 0 0, L_0000023ed95a57e0;  1 drivers
L_0000023ed95a72c8 .functor BUFT 1, C4<01>, C4<0>, C4<0>, C4<0>;
v0000023ed9578b00_0 .net/2u *"_ivl_286", 1 0, L_0000023ed95a72c8;  1 drivers
v0000023ed9578ce0_0 .net *"_ivl_288", 0 0, L_0000023ed95a4340;  1 drivers
v0000023ed9579320_0 .net *"_ivl_290", 31 0, L_0000023ed95a43e0;  1 drivers
L_0000023ed95a7310 .functor BUFT 1, C4<11>, C4<0>, C4<0>, C4<0>;
v0000023ed9579500_0 .net/2u *"_ivl_294", 1 0, L_0000023ed95a7310;  1 drivers
v0000023ed95795a0_0 .net *"_ivl_296", 0 0, L_0000023ed95a4ca0;  1 drivers
v0000023ed9579640_0 .net *"_ivl_30", 0 0, L_0000023ed95fec10;  1 drivers
L_0000023ed95a7358 .functor BUFT 1, C4<11>, C4<0>, C4<0>, C4<0>;
v0000023ed95796e0_0 .net/2u *"_ivl_300", 1 0, L_0000023ed95a7358;  1 drivers
v0000023ed9579780_0 .net *"_ivl_302", 0 0, L_0000023ed95a45c0;  1 drivers
v0000023ed9579a00_0 .net *"_ivl_310", 31 0, L_0000023ed95a5c40;  1 drivers
v0000023ed95769e0_0 .net *"_ivl_312", 31 0, L_0000023ed95a59c0;  1 drivers
v0000023ed9577160_0 .net *"_ivl_317", 30 0, L_0000023ed95a5d80;  1 drivers
L_0000023ed95a73a0 .functor BUFT 1, C4<0>, C4<0>, C4<0>, C4<0>;
v0000023ed9578420_0 .net/2u *"_ivl_318", 0 0, L_0000023ed95a73a0;  1 drivers
L_0000023ed95a6b30 .functor BUFT 1, C4<0000011>, C4<0>, C4<0>, C4<0>;
v0000023ed9576b20_0 .net/2u *"_ivl_32", 6 0, L_0000023ed95a6b30;  1 drivers
v0000023ed95764e0_0 .net *"_ivl_320", 31 0, L_0000023ed95a5920;  1 drivers
v0000023ed95778e0_0 .net *"_ivl_326", 0 0, L_0000023ed9600a40;  1 drivers
L_0000023ed95a73e8 .functor BUFT 1, C4<000>, C4<0>, C4<0>, C4<0>;
v0000023ed9577200_0 .net/2u *"_ivl_328", 2 0, L_0000023ed95a73e8;  1 drivers
v0000023ed9576260_0 .net *"_ivl_330", 0 0, L_0000023ed95a5f60;  1 drivers
L_0000023ed95a7430 .functor BUFT 1, C4<001>, C4<0>, C4<0>, C4<0>;
v0000023ed9577020_0 .net/2u *"_ivl_332", 2 0, L_0000023ed95a7430;  1 drivers
v0000023ed9576bc0_0 .net *"_ivl_334", 0 0, L_0000023ed95a5ce0;  1 drivers
v0000023ed95766c0_0 .net *"_ivl_336", 0 0, L_0000023ed9600260;  1 drivers
L_0000023ed95a7478 .functor BUFT 1, C4<100>, C4<0>, C4<0>, C4<0>;
v0000023ed9577c00_0 .net/2u *"_ivl_338", 2 0, L_0000023ed95a7478;  1 drivers
v0000023ed9577480_0 .net *"_ivl_34", 0 0, L_0000023ed95a38a0;  1 drivers
v0000023ed9576580_0 .net *"_ivl_340", 0 0, L_0000023ed95a5880;  1 drivers
L_0000023ed95a74c0 .functor BUFT 1, C4<101>, C4<0>, C4<0>, C4<0>;
v0000023ed9576800_0 .net/2u *"_ivl_342", 2 0, L_0000023ed95a74c0;  1 drivers
v0000023ed9577980_0 .net *"_ivl_344", 0 0, L_0000023ed959f520;  1 drivers
v0000023ed9578560_0 .net *"_ivl_346", 0 0, L_0000023ed9600730;  1 drivers
L_0000023ed95a7508 .functor BUFT 1, C4<110>, C4<0>, C4<0>, C4<0>;
v0000023ed9578880_0 .net/2u *"_ivl_348", 2 0, L_0000023ed95a7508;  1 drivers
v0000023ed9576a80_0 .net *"_ivl_350", 0 0, L_0000023ed959f5c0;  1 drivers
L_0000023ed95a7550 .functor BUFT 1, C4<111>, C4<0>, C4<0>, C4<0>;
v0000023ed9577b60_0 .net/2u *"_ivl_352", 2 0, L_0000023ed95a7550;  1 drivers
v0000023ed9577e80_0 .net *"_ivl_354", 0 0, L_0000023ed959e8a0;  1 drivers
v0000023ed9578600_0 .net *"_ivl_356", 0 0, L_0000023ed9600960;  1 drivers
L_0000023ed95a7598 .functor BUFT 1, C4<0>, C4<0>, C4<0>, C4<0>;
v0000023ed95777a0_0 .net/2u *"_ivl_358", 0 0, L_0000023ed95a7598;  1 drivers
v0000023ed95761c0_0 .net *"_ivl_36", 0 0, L_0000023ed95fe270;  1 drivers
v0000023ed95786a0_0 .net *"_ivl_360", 0 0, L_0000023ed959ffc0;  1 drivers
v0000023ed9577ac0_0 .net *"_ivl_362", 0 0, L_0000023ed959fe80;  1 drivers
v0000023ed9577840_0 .net *"_ivl_364", 0 0, L_0000023ed959f660;  1 drivers
v0000023ed9578380_0 .net *"_ivl_366", 0 0, L_0000023ed95a0740;  1 drivers
v0000023ed9578240_0 .net *"_ivl_368", 0 0, L_0000023ed959e120;  1 drivers
v0000023ed9578740_0 .net *"_ivl_370", 0 0, L_0000023ed959f0c0;  1 drivers
v0000023ed95787e0_0 .net *"_ivl_379", 1 0, L_0000023ed959e940;  1 drivers
L_0000023ed95a6b78 .functor BUFT 1, C4<0100011>, C4<0>, C4<0>, C4<0>;
v0000023ed9577f20_0 .net/2u *"_ivl_38", 6 0, L_0000023ed95a6b78;  1 drivers
v0000023ed95773e0_0 .net *"_ivl_381", 0 0, L_0000023ed959f3e0;  1 drivers
v0000023ed9576e40_0 .net *"_ivl_384", 0 0, L_0000023ed96002d0;  1 drivers
v0000023ed95784c0_0 .net *"_ivl_40", 0 0, L_0000023ed95a3d00;  1 drivers
v0000023ed9577520_0 .net *"_ivl_42", 0 0, L_0000023ed95ff1c0;  1 drivers
L_0000023ed95a6bc0 .functor BUFT 1, C4<1100011>, C4<0>, C4<0>, C4<0>;
v0000023ed9576d00_0 .net/2u *"_ivl_44", 6 0, L_0000023ed95a6bc0;  1 drivers
v0000023ed9576120_0 .net *"_ivl_440", 0 0, L_0000023ed960a760;  1 drivers
v0000023ed95772a0_0 .net *"_ivl_442", 0 0, L_0000023ed960bc60;  1 drivers
v0000023ed9576da0_0 .net *"_ivl_444", 0 0, L_0000023ed960a7d0;  1 drivers
L_0000023ed95a75e0 .functor BUFT 1, C4<00000>, C4<0>, C4<0>, C4<0>;
v0000023ed9577a20_0 .net/2u *"_ivl_446", 4 0, L_0000023ed95a75e0;  1 drivers
v0000023ed9578060_0 .net *"_ivl_448", 0 0, L_0000023ed959e9e0;  1 drivers
v0000023ed9577340_0 .net *"_ivl_450", 0 0, L_0000023ed960a300;  1 drivers
v0000023ed9576ee0_0 .net *"_ivl_452", 0 0, L_0000023ed959e4e0;  1 drivers
v0000023ed9577ca0_0 .net *"_ivl_46", 0 0, L_0000023ed95a3940;  1 drivers
v0000023ed9577d40_0 .net *"_ivl_48", 0 0, L_0000023ed95fe3c0;  1 drivers
L_0000023ed95a6c08 .functor BUFT 1, C4<1100111>, C4<0>, C4<0>, C4<0>;
v0000023ed9576f80_0 .net/2u *"_ivl_50", 6 0, L_0000023ed95a6c08;  1 drivers
v0000023ed9577de0_0 .net *"_ivl_52", 0 0, L_0000023ed95a4020;  1 drivers
v0000023ed9578100_0 .net *"_ivl_522", 0 0, L_0000023ed960b020;  1 drivers
v0000023ed9577fc0_0 .net *"_ivl_526", 0 0, L_0000023ed960b1e0;  1 drivers
v0000023ed95781a0_0 .net *"_ivl_528", 0 0, L_0000023ed960b410;  1 drivers
L_0000023ed95a7868 .functor BUFT 1, C4<00000>, C4<0>, C4<0>, C4<0>;
v0000023ed95775c0_0 .net/2u *"_ivl_550", 4 0, L_0000023ed95a7868;  1 drivers
L_0000023ed95a6c50 .functor BUFT 1, C4<0110011>, C4<0>, C4<0>, C4<0>;
v0000023ed9577660_0 .net/2u *"_ivl_56", 6 0, L_0000023ed95a6c50;  1 drivers
v0000023ed95770c0_0 .net *"_ivl_58", 0 0, L_0000023ed95a5600;  1 drivers
L_0000023ed95a6c98 .functor BUFT 1, C4<0100011>, C4<0>, C4<0>, C4<0>;
v0000023ed95782e0_0 .net/2u *"_ivl_60", 6 0, L_0000023ed95a6c98;  1 drivers
v0000023ed9576620_0 .net *"_ivl_62", 0 0, L_0000023ed95a3620;  1 drivers
v0000023ed9576300_0 .net *"_ivl_64", 0 0, L_0000023ed95fe740;  1 drivers
L_0000023ed95a6ce0 .functor BUFT 1, C4<1100011>, C4<0>, C4<0>, C4<0>;
v0000023ed9576940_0 .net/2u *"_ivl_66", 6 0, L_0000023ed95a6ce0;  1 drivers
v0000023ed95763a0_0 .net *"_ivl_68", 0 0, L_0000023ed95a5740;  1 drivers
L_0000023ed95a6d28 .functor BUFT 1, C4<0110011>, C4<0>, C4<0>, C4<0>;
v0000023ed9576440_0 .net/2u *"_ivl_72", 6 0, L_0000023ed95a6d28;  1 drivers
v0000023ed9576760_0 .net *"_ivl_74", 0 0, L_0000023ed95a5060;  1 drivers
L_0000023ed95a6d70 .functor BUFT 1, C4<1100011>, C4<0>, C4<0>, C4<0>;
v0000023ed9577700_0 .net/2u *"_ivl_76", 6 0, L_0000023ed95a6d70;  1 drivers
v0000023ed95768a0_0 .net *"_ivl_78", 0 0, L_0000023ed95a51a0;  1 drivers
v0000023ed9576c60_0 .net *"_ivl_82", 0 0, L_0000023ed95ffbd0;  1 drivers
v0000023ed957bfd0_0 .net *"_ivl_84", 0 0, L_0000023ed95fe7b0;  1 drivers
L_0000023ed95a6db8 .functor BUFT 1, C4<00000>, C4<0>, C4<0>, C4<0>;
v0000023ed957a130_0 .net/2u *"_ivl_86", 4 0, L_0000023ed95a6db8;  1 drivers
v0000023ed957a270_0 .net *"_ivl_88", 0 0, L_0000023ed95a4840;  1 drivers
v0000023ed957a590_0 .net *"_ivl_90", 0 0, L_0000023ed95ff620;  1 drivers
v0000023ed957bad0_0 .net *"_ivl_92", 0 0, L_0000023ed95a3bc0;  1 drivers
v0000023ed957c570_0 .net *"_ivl_94", 0 0, L_0000023ed95ff700;  1 drivers
v0000023ed957a6d0_0 .net *"_ivl_96", 0 0, L_0000023ed95a36c0;  1 drivers
v0000023ed957c1b0_0 .net *"_ivl_98", 0 0, L_0000023ed95fe890;  1 drivers
v0000023ed957c890_0 .net "ex_alu_eq_cur", 0 0, L_0000023ed95a5ec0;  1 drivers
v0000023ed957a1d0_0 .net "ex_alu_result_cur", 31 0, v0000023ed94b4160_0;  1 drivers
v0000023ed957c610_0 .net "ex_alu_slt_cur", 0 0, L_0000023ed9600180;  1 drivers
v0000023ed957a450_0 .net "ex_branch_taken_cur", 0 0, L_0000023ed9600b20;  1 drivers
v0000023ed957aa90_0 .net "ex_branch_target_cur", 31 0, L_0000023ed95a5ba0;  1 drivers
v0000023ed957a8b0_0 .net "ex_control_taken_cur", 0 0, L_0000023ed9600570;  1 drivers
v0000023ed957c390_0 .net "ex_control_target_cur", 31 0, L_0000023ed95a5b00;  1 drivers
v0000023ed957c250_0 .net "ex_ex_match_rs1_cur", 0 0, L_0000023ed9601300;  1 drivers
v0000023ed957c6b0_0 .net "ex_ex_match_rs2_cur", 0 0, L_0000023ed95ffd90;  1 drivers
v0000023ed957bc10_0 .net "ex_forward_a_sel_cur", 1 0, L_0000023ed95a40c0;  1 drivers
v0000023ed957a950_0 .net "ex_forward_b_sel_cur", 1 0, L_0000023ed95a4ac0;  1 drivers
v0000023ed957b2b0_0 .net "ex_jump_taken_cur", 0 0, L_0000023ed9600b90;  1 drivers
v0000023ed957b3f0_0 .net "ex_jump_target_cur", 31 0, L_0000023ed95a5e20;  1 drivers
v0000023ed957c2f0_0 .net "ex_jump_target_raw_cur", 31 0, L_0000023ed95a5a60;  1 drivers
v0000023ed957a770_0 .var "ex_mem_alu_result_cur", 31 0;
v0000023ed957a310_0 .net "ex_mem_alu_result_next", 31 0, L_0000023ed9601990;  1 drivers
v0000023ed957a9f0_0 .var "ex_mem_ebreak_cur", 0 0;
v0000023ed957a4f0_0 .net "ex_mem_ebreak_next", 0 0, L_0000023ed960b330;  1 drivers
v0000023ed957b170_0 .net "ex_mem_forward_data_cur", 31 0, L_0000023ed95a4a20;  1 drivers
v0000023ed957ad10_0 .var "ex_mem_func3_cur", 2 0;
v0000023ed957b850_0 .net "ex_mem_func3_next", 2 0, L_0000023ed9601df0;  1 drivers
v0000023ed957c070_0 .var "ex_mem_illegal_inst_cur", 0 0;
v0000023ed957b210_0 .net "ex_mem_illegal_inst_next", 0 0, L_0000023ed960a370;  1 drivers
v0000023ed957b350_0 .var "ex_mem_inst_cur", 31 0;
v0000023ed957ba30_0 .net "ex_mem_inst_next", 31 0, L_0000023ed9601ca0;  1 drivers
v0000023ed957af90_0 .var "ex_mem_jump_cur", 0 0;
v0000023ed957ae50_0 .net "ex_mem_jump_next", 0 0, L_0000023ed9601bc0;  1 drivers
v0000023ed957bb70_0 .var "ex_mem_lui_cur", 0 0;
v0000023ed957bdf0_0 .net "ex_mem_lui_next", 0 0, L_0000023ed9601a70;  1 drivers
v0000023ed957a630_0 .var "ex_mem_mem_read_cur", 0 0;
v0000023ed957bcb0_0 .net "ex_mem_mem_read_next", 0 0, L_0000023ed9601c30;  1 drivers
v0000023ed957a3b0_0 .var "ex_mem_mem_to_reg_cur", 0 0;
v0000023ed957b990_0 .net "ex_mem_mem_to_reg_next", 0 0, L_0000023ed96018b0;  1 drivers
v0000023ed957b490_0 .var "ex_mem_mem_write_cur", 0 0;
v0000023ed957c4d0_0 .net "ex_mem_mem_write_next", 0 0, L_0000023ed9601fb0;  1 drivers
v0000023ed957ab30_0 .var "ex_mem_next_pc_cur", 31 0;
v0000023ed957b530_0 .net "ex_mem_next_pc_next", 31 0, L_0000023ed9601920;  1 drivers
v0000023ed957abd0_0 .var "ex_mem_offset_cur", 31 0;
v0000023ed957bd50_0 .net "ex_mem_offset_next", 31 0, L_0000023ed9601f40;  1 drivers
v0000023ed957ac70_0 .var "ex_mem_pc_cur", 31 0;
v0000023ed957c750_0 .var "ex_mem_pc_misalign_trap_cur", 0 0;
v0000023ed957be90_0 .net "ex_mem_pc_misalign_trap_next", 0 0, L_0000023ed960b2c0;  1 drivers
v0000023ed957bf30_0 .net "ex_mem_pc_next", 31 0, L_0000023ed95ffe70;  1 drivers
v0000023ed957b5d0_0 .var "ex_mem_pc_plus4_cur", 31 0;
v0000023ed957adb0_0 .net "ex_mem_pc_plus4_next", 31 0, L_0000023ed9600500;  1 drivers
v0000023ed957b670_0 .var "ex_mem_rd_waddr_cur", 4 0;
v0000023ed957c110_0 .net "ex_mem_rd_waddr_next", 4 0, L_0000023ed9601d80;  1 drivers
v0000023ed957a810_0 .var "ex_mem_reg_write_cur", 0 0;
v0000023ed957b710_0 .net "ex_mem_reg_write_next", 0 0, L_0000023ed9601d10;  1 drivers
v0000023ed957aef0_0 .var "ex_mem_rs1_raddr_cur", 4 0;
v0000023ed957b8f0_0 .net "ex_mem_rs1_raddr_next", 4 0, L_0000023ed9601b50;  1 drivers
v0000023ed957c430_0 .var "ex_mem_rs1_rdata_cur", 31 0;
v0000023ed957b030_0 .net "ex_mem_rs1_rdata_next", 31 0, L_0000023ed9601e60;  1 drivers
v0000023ed957b0d0_0 .var "ex_mem_rs2_raddr_cur", 4 0;
v0000023ed957c7f0_0 .net "ex_mem_rs2_raddr_next", 4 0, L_0000023ed9601ae0;  1 drivers
v0000023ed957b7b0_0 .var "ex_mem_rs2_rdata_cur", 31 0;
v0000023ed957d010_0 .net "ex_mem_rs2_rdata_next", 31 0, L_0000023ed9601ed0;  1 drivers
v0000023ed957dd30_0 .var "ex_mem_store_data_cur", 31 0;
v0000023ed957d830_0 .net "ex_mem_store_data_next", 31 0, L_0000023ed9601a00;  1 drivers
v0000023ed957ccf0_0 .var "ex_mem_valid_cur", 0 0;
v0000023ed957c930_0 .net "ex_mem_valid_next", 0 0, L_0000023ed9600490;  1 drivers
v0000023ed957dfb0_0 .net "ex_next_pc_cur", 31 0, L_0000023ed959e3a0;  1 drivers
v0000023ed957d650_0 .net "ex_operand1_cur", 31 0, L_0000023ed95a31c0;  1 drivers
v0000023ed957dbf0_0 .net "ex_operand1_sel_cur", 1 0, L_0000023ed95a4160;  1 drivers
v0000023ed957cbb0_0 .net "ex_operand2_cur", 31 0, L_0000023ed95a4660;  1 drivers
v0000023ed957d6f0_0 .net "ex_operand2_sel_cur", 1 0, L_0000023ed95a4200;  1 drivers
v0000023ed957d330_0 .net "ex_pc_misalign_trap_cur", 0 0, L_0000023ed95ffd20;  1 drivers
v0000023ed957ce30_0 .net "ex_redirect_cur", 0 0, L_0000023ed95ffe00;  1 drivers
v0000023ed957c9d0_0 .net "ex_rs1_value_cur", 31 0, L_0000023ed95a4de0;  1 drivers
v0000023ed957cb10_0 .net "ex_rs2_value_cur", 31 0, L_0000023ed95a3120;  1 drivers
v0000023ed957dc90_0 .net "ex_store_data_cur", 31 0, L_0000023ed9601610;  1 drivers
v0000023ed957d510_0 .var "halted_cur", 0 0;
v0000023ed957ddd0_0 .net "hazard_ex_cur", 0 0, L_0000023ed95ff380;  1 drivers
v0000023ed957de70_0 .net "hazard_mem_cur", 0 0, L_0000023ed95a6e00;  1 drivers
v0000023ed957cf70_0 .net "hazard_stall_cur", 0 0, L_0000023ed95fe900;  1 drivers
v0000023ed957d790_0 .net "hazard_wb_cur", 0 0, L_0000023ed95a6e48;  1 drivers
v0000023ed957d8d0_0 .net "i_clk", 0 0, v0000023ed9582520_0;  1 drivers
v0000023ed957d0b0_0 .net "i_dmem_rdata", 31 0, v0000023ed9582020_0;  1 drivers
v0000023ed957d3d0_0 .net "i_imem_rdata", 31 0, v0000023ed9580720_0;  1 drivers
v0000023ed957df10_0 .net "i_rst", 0 0, v0000023ed95805e0_0;  1 drivers
v0000023ed957cd90_0 .net "id_alu_op_cur", 2 0, L_0000023ed95a18c0;  1 drivers
v0000023ed957d470_0 .net "id_alu_src1_cur", 0 0, L_0000023ed95ff4d0;  1 drivers
v0000023ed957d5b0_0 .net "id_alu_src2_cur", 0 0, L_0000023ed95fea50;  1 drivers
v0000023ed957d970_0 .net "id_branch_cur", 0 0, L_0000023ed95fe510;  1 drivers
v0000023ed957ca70_0 .net "id_ebreak_cur", 0 0, L_0000023ed940e7c0;  1 drivers
v0000023ed957cc50_0 .var "id_ex_alu_op_cur", 2 0;
v0000023ed957ced0_0 .net "id_ex_alu_op_next", 2 0, L_0000023ed9600d50;  1 drivers
v0000023ed957d150_0 .var "id_ex_alu_src1_cur", 0 0;
v0000023ed957da10_0 .net "id_ex_alu_src1_next", 0 0, L_0000023ed95ffee0;  1 drivers
v0000023ed957d1f0_0 .var "id_ex_alu_src2_cur", 0 0;
v0000023ed957d290_0 .net "id_ex_alu_src2_next", 0 0, L_0000023ed9601140;  1 drivers
v0000023ed957dab0_0 .var "id_ex_branch_cur", 0 0;
v0000023ed957db50_0 .net "id_ex_branch_next", 0 0, L_0000023ed96011b0;  1 drivers
v0000023ed95836a0_0 .var "id_ex_ebreak_cur", 0 0;
v0000023ed9582f20_0 .net "id_ex_ebreak_next", 0 0, L_0000023ed96010d0;  1 drivers
v0000023ed9582e80_0 .var "id_ex_func3_cur", 2 0;
v0000023ed9583ec0_0 .net "id_ex_func3_next", 2 0, L_0000023ed95a3da0;  1 drivers
v0000023ed9583880_0 .var "id_ex_func7_cur", 6 0;
v0000023ed9582b60_0 .net "id_ex_func7_next", 6 0, L_0000023ed95a47a0;  1 drivers
v0000023ed9584b40_0 .var "id_ex_illegal_inst_cur", 0 0;
v0000023ed9583ce0_0 .net "id_ex_illegal_inst_next", 0 0, L_0000023ed9601450;  1 drivers
v0000023ed9583b00_0 .var "id_ex_inst_cur", 31 0;
v0000023ed9584780_0 .net "id_ex_inst_next", 31 0, L_0000023ed95ff460;  1 drivers
v0000023ed9583d80_0 .var "id_ex_jump_cur", 0 0;
v0000023ed9582fc0_0 .net "id_ex_jump_next", 0 0, L_0000023ed9600340;  1 drivers
v0000023ed9582ca0_0 .var "id_ex_lui_cur", 0 0;
v0000023ed9584280_0 .net "id_ex_lui_next", 0 0, L_0000023ed9601290;  1 drivers
v0000023ed9584820_0 .var "id_ex_mem_read_cur", 0 0;
v0000023ed95848c0_0 .net "id_ex_mem_read_next", 0 0, L_0000023ed96005e0;  1 drivers
v0000023ed95841e0_0 .var "id_ex_mem_to_reg_cur", 0 0;
v0000023ed9583100_0 .net "id_ex_mem_to_reg_next", 0 0, L_0000023ed9600f10;  1 drivers
v0000023ed9584fa0_0 .var "id_ex_mem_write_cur", 0 0;
v0000023ed9583060_0 .net "id_ex_mem_write_next", 0 0, L_0000023ed9600c70;  1 drivers
v0000023ed95843c0_0 .var "id_ex_offset_cur", 31 0;
v0000023ed9583560_0 .net "id_ex_offset_next", 31 0, L_0000023ed96009d0;  1 drivers
v0000023ed9584be0_0 .var "id_ex_opcode_cur", 6 0;
v0000023ed9584320_0 .net "id_ex_opcode_next", 6 0, L_0000023ed95a39e0;  1 drivers
v0000023ed95831a0_0 .var "id_ex_pc_cur", 31 0;
v0000023ed9584460_0 .net "id_ex_pc_next", 31 0, L_0000023ed95fecf0;  1 drivers
v0000023ed9584000_0 .var "id_ex_pc_plus4_cur", 31 0;
v0000023ed9583e20_0 .net "id_ex_pc_plus4_next", 31 0, L_0000023ed95ff7e0;  1 drivers
v0000023ed9583600_0 .var "id_ex_pc_src_cur", 0 0;
v0000023ed9583920_0 .net "id_ex_pc_src_next", 0 0, L_0000023ed96007a0;  1 drivers
v0000023ed9583f60_0 .var "id_ex_rd_waddr_cur", 4 0;
v0000023ed95839c0_0 .net "id_ex_rd_waddr_next", 4 0, L_0000023ed95ff770;  1 drivers
v0000023ed9584c80_0 .var "id_ex_reg_write_cur", 0 0;
v0000023ed9583740_0 .net "id_ex_reg_write_next", 0 0, L_0000023ed9600dc0;  1 drivers
v0000023ed9582ac0_0 .var "id_ex_rs1_raddr_cur", 4 0;
v0000023ed9584960_0 .net "id_ex_rs1_raddr_next", 4 0, L_0000023ed95fed60;  1 drivers
v0000023ed9583ba0_0 .var "id_ex_rs1_rdata_cur", 31 0;
v0000023ed95846e0_0 .net "id_ex_rs1_rdata_next", 31 0, L_0000023ed95ff8c0;  1 drivers
v0000023ed9583240_0 .var "id_ex_rs2_raddr_cur", 4 0;
v0000023ed95840a0_0 .net "id_ex_rs2_raddr_next", 4 0, L_0000023ed95ff850;  1 drivers
v0000023ed95832e0_0 .var "id_ex_rs2_rdata_cur", 31 0;
v0000023ed9583a60_0 .net "id_ex_rs2_rdata_next", 31 0, L_0000023ed95ffb60;  1 drivers
v0000023ed9584d20_0 .var "id_ex_valid_cur", 0 0;
v0000023ed9582de0_0 .net "id_ex_valid_next", 0 0, L_0000023ed95fe970;  1 drivers
v0000023ed95837e0_0 .net "id_illegal_inst_cur", 0 0, L_0000023ed95fee40;  1 drivers
v0000023ed9582d40_0 .net "id_jump_cur", 0 0, L_0000023ed95fe350;  1 drivers
v0000023ed9584f00_0 .net "id_lui_cur", 0 0, L_0000023ed95ff150;  1 drivers
v0000023ed9583c40_0 .net "id_mem_read_cur", 0 0, L_0000023ed95feba0;  1 drivers
v0000023ed9584140_0 .net "id_mem_to_reg_cur", 0 0, L_0000023ed95feeb0;  1 drivers
v0000023ed95845a0_0 .net "id_mem_write_cur", 0 0, L_0000023ed95ff9a0;  1 drivers
v0000023ed9584e60_0 .net "id_offset_cur", 31 0, L_0000023ed95a4c00;  1 drivers
v0000023ed9585040_0 .net "id_opcode_cur", 6 0, L_0000023ed95a3760;  1 drivers
v0000023ed9583380_0 .net "id_pc_src_cur", 0 0, L_0000023ed95ff000;  1 drivers
v0000023ed9584640_0 .net "id_rd_waddr_cur", 4 0, L_0000023ed95a1820;  1 drivers
v0000023ed9584a00_0 .net "id_reg_write_cur", 0 0, L_0000023ed95fe190;  1 drivers
v0000023ed9583420_0 .net "id_rs1_raddr_cur", 4 0, L_0000023ed95ffaf0;  1 drivers
v0000023ed9584500_0 .net "id_rs1_rdata_cur", 31 0, L_0000023ed95fe660;  1 drivers
v0000023ed95834c0_0 .net "id_rs1_used_cur", 0 0, L_0000023ed95ff230;  1 drivers
v0000023ed9584dc0_0 .net "id_rs2_ex_used_cur", 0 0, L_0000023ed95ff0e0;  1 drivers
v0000023ed9584aa0_0 .net "id_rs2_raddr_cur", 4 0, L_0000023ed95ff310;  1 drivers
v0000023ed95828e0_0 .net "id_rs2_rdata_cur", 31 0, L_0000023ed95fe120;  1 drivers
v0000023ed9582980_0 .net "id_rs2_used_cur", 0 0, L_0000023ed95fec80;  1 drivers
v0000023ed9582c00_0 .var "if_id_inst_cur", 31 0;
v0000023ed9582a20_0 .net "if_id_inst_next", 31 0, L_0000023ed940e6e0;  1 drivers
v0000023ed9586760_0 .var "if_id_pc_cur", 31 0;
v0000023ed9585180_0 .net "if_id_pc_next", 31 0, L_0000023ed940e600;  1 drivers
v0000023ed95875c0_0 .var "if_id_pc_plus4_cur", 31 0;
v0000023ed9586a80_0 .net "if_id_pc_plus4_next", 31 0, L_0000023ed940cdf0;  1 drivers
v0000023ed9586800_0 .var "if_id_valid_cur", 0 0;
L_0000023ed95a6080 .functor BUFT 1, C4<1>, C4<0>, C4<0>, C4<0>;
v0000023ed9585e00_0 .net "if_id_valid_next", 0 0, L_0000023ed95a6080;  1 drivers
v0000023ed9585ea0_0 .net "if_inst_cur", 31 0, L_0000023ed940e3d0;  1 drivers
v0000023ed9585f40_0 .net "if_pc_cur", 31 0, L_0000023ed940d3a0;  1 drivers
v0000023ed9586bc0_0 .net "if_pc_plus4_cur", 31 0, L_0000023ed95a2540;  1 drivers
v0000023ed9585860_0 .net "mem_dmem_addr_cur", 31 0, L_0000023ed959fa20;  1 drivers
v0000023ed9586260_0 .net "mem_dmem_mask_cur", 3 0, L_0000023ed960b6b0;  1 drivers
v0000023ed9587160_0 .net "mem_dmem_ren_cur", 0 0, L_0000023ed960a990;  1 drivers
v0000023ed9587200_0 .net "mem_dmem_wdata_cur", 31 0, L_0000023ed960bb10;  1 drivers
v0000023ed9585720_0 .net "mem_dmem_wen_cur", 0 0, L_0000023ed960aa70;  1 drivers
v0000023ed95868a0_0 .net "mem_ex_match_rs1_cur", 0 0, L_0000023ed96013e0;  1 drivers
v0000023ed9585cc0_0 .net "mem_ex_match_rs2_cur", 0 0, L_0000023ed96015a0;  1 drivers
v0000023ed9585900_0 .net "mem_load_data_cur", 31 0, L_0000023ed960a530;  1 drivers
v0000023ed9585fe0_0 .net "mem_misalign_trap_cur", 0 0, L_0000023ed960b870;  1 drivers
v0000023ed9586080_0 .net "mem_read_en_cur", 0 0, L_0000023ed960baa0;  1 drivers
v0000023ed9585d60_0 .net "mem_store_data_cur", 31 0, L_0000023ed959f480;  1 drivers
v0000023ed9586940_0 .net "mem_store_data_fwd_cur", 0 0, L_0000023ed960a290;  1 drivers
v0000023ed9585b80_0 .var "mem_wb_alu_result_cur", 31 0;
v0000023ed9586120_0 .net "mem_wb_alu_result_next", 31 0, L_0000023ed960a140;  1 drivers
v0000023ed95861c0_0 .var "mem_wb_dmem_addr_cur", 31 0;
v0000023ed9586300_0 .net "mem_wb_dmem_addr_next", 31 0, L_0000023ed960b090;  1 drivers
v0000023ed95872a0_0 .var "mem_wb_dmem_mask_cur", 3 0;
v0000023ed9586b20_0 .net "mem_wb_dmem_mask_next", 3 0, L_0000023ed960a680;  1 drivers
v0000023ed9587020_0 .var "mem_wb_dmem_rdata_cur", 31 0;
v0000023ed9586c60_0 .net "mem_wb_dmem_rdata_next", 31 0, L_0000023ed960aa00;  1 drivers
v0000023ed9586d00_0 .var "mem_wb_dmem_ren_cur", 0 0;
v0000023ed9586ee0_0 .net "mem_wb_dmem_ren_next", 0 0, L_0000023ed960abc0;  1 drivers
v0000023ed9586da0_0 .var "mem_wb_dmem_wdata_cur", 31 0;
v0000023ed9585ae0_0 .net "mem_wb_dmem_wdata_next", 31 0, L_0000023ed960ad80;  1 drivers
v0000023ed95863a0_0 .var "mem_wb_dmem_wen_cur", 0 0;
v0000023ed9586440_0 .net "mem_wb_dmem_wen_next", 0 0, L_0000023ed960a1b0;  1 drivers
v0000023ed9585540_0 .var "mem_wb_ebreak_cur", 0 0;
v0000023ed95869e0_0 .net "mem_wb_ebreak_next", 0 0, L_0000023ed960afb0;  1 drivers
v0000023ed95854a0_0 .net "mem_wb_forward_data_cur", 31 0, L_0000023ed96001f0;  1 drivers
v0000023ed9586f80_0 .var "mem_wb_illegal_inst_cur", 0 0;
v0000023ed95864e0_0 .net "mem_wb_illegal_inst_next", 0 0, L_0000023ed960aca0;  1 drivers
v0000023ed9586620_0 .var "mem_wb_inst_cur", 31 0;
v0000023ed9586580_0 .net "mem_wb_inst_next", 31 0, L_0000023ed960b720;  1 drivers
v0000023ed9586e40_0 .var "mem_wb_jump_cur", 0 0;
v0000023ed95859a0_0 .net "mem_wb_jump_next", 0 0, L_0000023ed960aed0;  1 drivers
v0000023ed95877a0_0 .var "mem_wb_load_data_cur", 31 0;
v0000023ed95866c0_0 .net "mem_wb_load_data_next", 31 0, L_0000023ed960b3a0;  1 drivers
v0000023ed95870c0_0 .var "mem_wb_lui_cur", 0 0;
v0000023ed9587660_0 .net "mem_wb_lui_next", 0 0, L_0000023ed960b100;  1 drivers
v0000023ed95873e0_0 .var "mem_wb_mem_to_reg_cur", 0 0;
v0000023ed9587340_0 .net "mem_wb_mem_to_reg_next", 0 0, L_0000023ed960b950;  1 drivers
v0000023ed9587480_0 .var "mem_wb_misalign_trap_cur", 0 0;
v0000023ed95857c0_0 .net "mem_wb_misalign_trap_next", 0 0, L_0000023ed960af40;  1 drivers
v0000023ed95850e0_0 .var "mem_wb_next_pc_cur", 31 0;
v0000023ed9585220_0 .net "mem_wb_next_pc_next", 31 0, L_0000023ed960a450;  1 drivers
v0000023ed9587520_0 .var "mem_wb_offset_cur", 31 0;
v0000023ed9587700_0 .net "mem_wb_offset_next", 31 0, L_0000023ed960ad10;  1 drivers
v0000023ed9587840_0 .var "mem_wb_pc_cur", 31 0;
v0000023ed95852c0_0 .var "mem_wb_pc_misalign_trap_cur", 0 0;
v0000023ed9585360_0 .net "mem_wb_pc_misalign_trap_next", 0 0, L_0000023ed960b4f0;  1 drivers
v0000023ed9585a40_0 .net "mem_wb_pc_next", 31 0, L_0000023ed960aae0;  1 drivers
v0000023ed9585400_0 .var "mem_wb_pc_plus4_cur", 31 0;
v0000023ed9585c20_0 .net "mem_wb_pc_plus4_next", 31 0, L_0000023ed960a0d0;  1 drivers
v0000023ed95855e0_0 .var "mem_wb_rd_waddr_cur", 4 0;
v0000023ed9585680_0 .net "mem_wb_rd_waddr_next", 4 0, L_0000023ed960a5a0;  1 drivers
v0000023ed9587f20_0 .var "mem_wb_reg_write_cur", 0 0;
v0000023ed9587a20_0 .net "mem_wb_reg_write_next", 0 0, L_0000023ed960a6f0;  1 drivers
v0000023ed9587ca0_0 .var "mem_wb_rs1_raddr_cur", 4 0;
v0000023ed9587e80_0 .net "mem_wb_rs1_raddr_next", 4 0, L_0000023ed960b790;  1 drivers
v0000023ed9587fc0_0 .var "mem_wb_rs1_rdata_cur", 31 0;
v0000023ed9587de0_0 .net "mem_wb_rs1_rdata_next", 31 0, L_0000023ed960a610;  1 drivers
v0000023ed9587980_0 .var "mem_wb_rs2_raddr_cur", 4 0;
v0000023ed9587b60_0 .net "mem_wb_rs2_raddr_next", 4 0, L_0000023ed960a4c0;  1 drivers
v0000023ed95878e0_0 .var "mem_wb_rs2_rdata_cur", 31 0;
v0000023ed9587ac0_0 .net "mem_wb_rs2_rdata_next", 31 0, L_0000023ed960b800;  1 drivers
v0000023ed9587c00_0 .var "mem_wb_valid_cur", 0 0;
v0000023ed9587d40_0 .net "mem_wb_valid_next", 0 0, L_0000023ed960ac30;  1 drivers
v0000023ed9580e00_0 .net "mem_write_en_cur", 0 0, L_0000023ed960b560;  1 drivers
v0000023ed9580b80_0 .net "o_dmem_addr", 31 0, L_0000023ed960adf0;  alias, 1 drivers
v0000023ed9582480_0 .net "o_dmem_mask", 3 0, L_0000023ed960b480;  alias, 1 drivers
v0000023ed95809a0_0 .net "o_dmem_ren", 0 0, L_0000023ed960ae60;  alias, 1 drivers
v0000023ed9581440_0 .net "o_dmem_wdata", 31 0, L_0000023ed960a840;  alias, 1 drivers
v0000023ed9581d00_0 .net "o_dmem_wen", 0 0, L_0000023ed960a8b0;  alias, 1 drivers
v0000023ed95827a0_0 .net "o_imem_raddr", 31 0, L_0000023ed940e590;  alias, 1 drivers
v0000023ed9580680_0 .net "o_retire_dmem_addr", 31 0, L_0000023ed960d4e0;  alias, 1 drivers
v0000023ed95816c0_0 .net "o_retire_dmem_mask", 3 0, L_0000023ed960cd00;  alias, 1 drivers
v0000023ed9581080_0 .net "o_retire_dmem_rdata", 31 0, L_0000023ed960c7c0;  alias, 1 drivers
v0000023ed9581b20_0 .net "o_retire_dmem_ren", 0 0, L_0000023ed960d390;  alias, 1 drivers
v0000023ed9580360_0 .net "o_retire_dmem_wdata", 31 0, L_0000023ed960d2b0;  alias, 1 drivers
v0000023ed95825c0_0 .net "o_retire_dmem_wen", 0 0, L_0000023ed960bcd0;  alias, 1 drivers
v0000023ed9581580_0 .net "o_retire_halt", 0 0, L_0000023ed960d240;  alias, 1 drivers
v0000023ed9582840_0 .net "o_retire_inst", 31 0, L_0000023ed960ba30;  alias, 1 drivers
v0000023ed9580220_0 .net "o_retire_next_pc", 31 0, L_0000023ed960d550;  alias, 1 drivers
v0000023ed9581f80_0 .net "o_retire_pc", 31 0, L_0000023ed960be20;  alias, 1 drivers
v0000023ed9580a40_0 .net "o_retire_rd_waddr", 4 0, L_0000023ed959e6c0;  alias, 1 drivers
v0000023ed9580860_0 .net "o_retire_rd_wdata", 31 0, L_0000023ed960c670;  alias, 1 drivers
v0000023ed9580ea0_0 .net "o_retire_rs1_raddr", 4 0, L_0000023ed960bdb0;  alias, 1 drivers
v0000023ed9580f40_0 .net "o_retire_rs1_rdata", 31 0, L_0000023ed960cfa0;  alias, 1 drivers
v0000023ed9581bc0_0 .net "o_retire_rs2_raddr", 4 0, L_0000023ed960cd70;  alias, 1 drivers
v0000023ed9580900_0 .net "o_retire_rs2_rdata", 31 0, L_0000023ed960c050;  alias, 1 drivers
v0000023ed9581260_0 .net "o_retire_trap", 0 0, L_0000023ed960c980;  alias, 1 drivers
v0000023ed95813a0_0 .net "o_retire_valid", 0 0, L_0000023ed960b9c0;  alias, 1 drivers
v0000023ed9580fe0_0 .var "pc_cur", 31 0;
v0000023ed95823e0_0 .net "pc_next", 31 0, L_0000023ed95a2220;  1 drivers
v0000023ed9581800_0 .net "retire_halt_cur", 0 0, L_0000023ed960b8e0;  1 drivers
v0000023ed9580cc0_0 .net "wb_trap_cur", 0 0, L_0000023ed960b170;  1 drivers
v0000023ed9580ae0_0 .net "wb_write_data_cur", 31 0, L_0000023ed95a0060;  1 drivers
v0000023ed95804a0_0 .net "wb_write_enable_cur", 0 0, L_0000023ed960b250;  1 drivers
L_0000023ed95a2540 .arith/sum 32, v0000023ed9580fe0_0, L_0000023ed95a6038;
L_0000023ed95a2220 .functor MUXZ 32, L_0000023ed95a2540, L_0000023ed95a5b00, L_0000023ed95ffe00, C4<>;
L_0000023ed95a3760 .part v0000023ed9582c00_0, 0, 7;
L_0000023ed95a56a0 .cmp/eq 7, L_0000023ed95a3760, L_0000023ed95a6aa0;
L_0000023ed95a4fc0 .cmp/eq 7, L_0000023ed95a3760, L_0000023ed95a6ae8;
L_0000023ed95a38a0 .cmp/eq 7, L_0000023ed95a3760, L_0000023ed95a6b30;
L_0000023ed95a3d00 .cmp/eq 7, L_0000023ed95a3760, L_0000023ed95a6b78;
L_0000023ed95a3940 .cmp/eq 7, L_0000023ed95a3760, L_0000023ed95a6bc0;
L_0000023ed95a4020 .cmp/eq 7, L_0000023ed95a3760, L_0000023ed95a6c08;
L_0000023ed95a5600 .cmp/eq 7, L_0000023ed95a3760, L_0000023ed95a6c50;
L_0000023ed95a3620 .cmp/eq 7, L_0000023ed95a3760, L_0000023ed95a6c98;
L_0000023ed95a5740 .cmp/eq 7, L_0000023ed95a3760, L_0000023ed95a6ce0;
L_0000023ed95a5060 .cmp/eq 7, L_0000023ed95a3760, L_0000023ed95a6d28;
L_0000023ed95a51a0 .cmp/eq 7, L_0000023ed95a3760, L_0000023ed95a6d70;
L_0000023ed95a4840 .cmp/ne 5, v0000023ed9583f60_0, L_0000023ed95a6db8;
L_0000023ed95a3bc0 .cmp/eq 5, L_0000023ed95ffaf0, v0000023ed9583f60_0;
L_0000023ed95a36c0 .cmp/eq 5, L_0000023ed95ff310, v0000023ed9583f60_0;
L_0000023ed95a39e0 .part v0000023ed9582c00_0, 0, 7;
L_0000023ed95a3da0 .part v0000023ed9582c00_0, 12, 3;
L_0000023ed95a47a0 .part v0000023ed9582c00_0, 25, 7;
L_0000023ed95a3a80 .functor MUXZ 32, v0000023ed957a770_0, v0000023ed957abd0_0, v0000023ed957bb70_0, C4<>;
L_0000023ed95a4a20 .functor MUXZ 32, L_0000023ed95a3a80, v0000023ed957b5d0_0, v0000023ed957af90_0, C4<>;
L_0000023ed95a4980 .cmp/ne 5, v0000023ed957b670_0, L_0000023ed95a6e90;
L_0000023ed95a3e40 .cmp/eq 5, v0000023ed957b670_0, v0000023ed9582ac0_0;
L_0000023ed95a4520 .cmp/ne 5, v0000023ed957b670_0, L_0000023ed95a6ed8;
L_0000023ed95a4700 .cmp/eq 5, v0000023ed957b670_0, v0000023ed9583240_0;
L_0000023ed95a5560 .cmp/ne 5, v0000023ed95855e0_0, L_0000023ed95a6f20;
L_0000023ed95a4480 .cmp/eq 5, v0000023ed95855e0_0, v0000023ed9582ac0_0;
L_0000023ed95a3ee0 .cmp/ne 5, v0000023ed95855e0_0, L_0000023ed95a6f68;
L_0000023ed95a33a0 .cmp/eq 5, v0000023ed95855e0_0, v0000023ed9583240_0;
L_0000023ed95a48e0 .functor MUXZ 2, L_0000023ed95a7040, L_0000023ed95a6ff8, L_0000023ed96013e0, C4<>;
L_0000023ed95a40c0 .functor MUXZ 2, L_0000023ed95a48e0, L_0000023ed95a6fb0, L_0000023ed9601300, C4<>;
L_0000023ed95a3f80 .functor MUXZ 2, L_0000023ed95a7118, L_0000023ed95a70d0, L_0000023ed96015a0, C4<>;
L_0000023ed95a4ac0 .functor MUXZ 2, L_0000023ed95a3f80, L_0000023ed95a7088, L_0000023ed95ffd90, C4<>;
L_0000023ed95a4160 .functor MUXZ 2, L_0000023ed95a40c0, L_0000023ed95a7160, v0000023ed957d150_0, C4<>;
L_0000023ed95a4200 .functor MUXZ 2, L_0000023ed95a4ac0, L_0000023ed95a71a8, v0000023ed957d1f0_0, C4<>;
L_0000023ed95a42a0 .cmp/eq 2, L_0000023ed95a40c0, L_0000023ed95a71f0;
L_0000023ed95a3440 .cmp/eq 2, L_0000023ed95a40c0, L_0000023ed95a7238;
L_0000023ed95a3080 .functor MUXZ 32, v0000023ed9583ba0_0, L_0000023ed96001f0, L_0000023ed95a3440, C4<>;
L_0000023ed95a4de0 .functor MUXZ 32, L_0000023ed95a3080, L_0000023ed95a4a20, L_0000023ed95a42a0, C4<>;
L_0000023ed95a57e0 .cmp/eq 2, L_0000023ed95a4ac0, L_0000023ed95a7280;
L_0000023ed95a4340 .cmp/eq 2, L_0000023ed95a4ac0, L_0000023ed95a72c8;
L_0000023ed95a43e0 .functor MUXZ 32, v0000023ed95832e0_0, L_0000023ed96001f0, L_0000023ed95a4340, C4<>;
L_0000023ed95a3120 .functor MUXZ 32, L_0000023ed95a43e0, L_0000023ed95a4a20, L_0000023ed95a57e0, C4<>;
L_0000023ed95a4ca0 .cmp/eq 2, L_0000023ed95a4160, L_0000023ed95a7310;
L_0000023ed95a31c0 .functor MUXZ 32, L_0000023ed95a4de0, v0000023ed95831a0_0, L_0000023ed95a4ca0, C4<>;
L_0000023ed95a45c0 .cmp/eq 2, L_0000023ed95a4200, L_0000023ed95a7358;
L_0000023ed95a4660 .functor MUXZ 32, L_0000023ed95a3120, v0000023ed95843c0_0, L_0000023ed95a45c0, C4<>;
L_0000023ed95a5ba0 .arith/sum 32, v0000023ed95831a0_0, v0000023ed95843c0_0;
L_0000023ed95a5c40 .arith/sum 32, L_0000023ed95a31c0, v0000023ed95843c0_0;
L_0000023ed95a59c0 .arith/sum 32, v0000023ed95831a0_0, v0000023ed95843c0_0;
L_0000023ed95a5a60 .functor MUXZ 32, L_0000023ed95a59c0, L_0000023ed95a5c40, v0000023ed9583600_0, C4<>;
L_0000023ed95a5d80 .part L_0000023ed95a5a60, 1, 31;
L_0000023ed95a5920 .concat [ 1 31 0 0], L_0000023ed95a73a0, L_0000023ed95a5d80;
L_0000023ed95a5e20 .functor MUXZ 32, L_0000023ed95a5a60, L_0000023ed95a5920, v0000023ed9583600_0, C4<>;
L_0000023ed95a5b00 .functor MUXZ 32, L_0000023ed95a5ba0, L_0000023ed95a5e20, v0000023ed9583d80_0, C4<>;
L_0000023ed95a5f60 .cmp/eq 3, v0000023ed9582e80_0, L_0000023ed95a73e8;
L_0000023ed95a5ce0 .cmp/eq 3, v0000023ed9582e80_0, L_0000023ed95a7430;
L_0000023ed95a5880 .cmp/eq 3, v0000023ed9582e80_0, L_0000023ed95a7478;
L_0000023ed959f520 .cmp/eq 3, v0000023ed9582e80_0, L_0000023ed95a74c0;
L_0000023ed959f5c0 .cmp/eq 3, v0000023ed9582e80_0, L_0000023ed95a7508;
L_0000023ed959e8a0 .cmp/eq 3, v0000023ed9582e80_0, L_0000023ed95a7550;
L_0000023ed959ffc0 .functor MUXZ 1, L_0000023ed95a7598, L_0000023ed9600960, L_0000023ed959e8a0, C4<>;
L_0000023ed959fe80 .functor MUXZ 1, L_0000023ed959ffc0, L_0000023ed9600180, L_0000023ed959f5c0, C4<>;
L_0000023ed959f660 .functor MUXZ 1, L_0000023ed959fe80, L_0000023ed9600730, L_0000023ed959f520, C4<>;
L_0000023ed95a0740 .functor MUXZ 1, L_0000023ed959f660, L_0000023ed9600180, L_0000023ed95a5880, C4<>;
L_0000023ed959e120 .functor MUXZ 1, L_0000023ed95a0740, L_0000023ed9600260, L_0000023ed95a5ce0, C4<>;
L_0000023ed959f0c0 .functor MUXZ 1, L_0000023ed959e120, L_0000023ed95a5ec0, L_0000023ed95a5f60, C4<>;
L_0000023ed959e940 .part L_0000023ed95a5b00, 0, 2;
L_0000023ed959f3e0 .reduce/or L_0000023ed959e940;
L_0000023ed959e3a0 .functor MUXZ 32, v0000023ed9584000_0, L_0000023ed95a5b00, L_0000023ed95ffe00, C4<>;
L_0000023ed959e9e0 .cmp/ne 5, v0000023ed95855e0_0, L_0000023ed95a75e0;
L_0000023ed959e4e0 .cmp/eq 5, v0000023ed95855e0_0, v0000023ed957b0d0_0;
L_0000023ed959f480 .functor MUXZ 32, v0000023ed957dd30_0, v0000023ed95877a0_0, L_0000023ed960a290, C4<>;
L_0000023ed959e6c0 .functor MUXZ 5, L_0000023ed95a7868, v0000023ed95855e0_0, L_0000023ed960b250, C4<>;
S_0000023ed94dea50 .scope module, "u_decode" "decode" 3 427, 4 1 0, S_0000023ed94d4450;
 .timescale -9 -12;
    .port_info 0 /INPUT 1 "i_clk";
    .port_info 1 /INPUT 1 "i_rst";
    .port_info 2 /INPUT 32 "Inst";
    .port_info 3 /INPUT 32 "WriteData";
    .port_info 4 /INPUT 5 "WriteAddr";
    .port_info 5 /INPUT 1 "WriteEn";
    .port_info 6 /OUTPUT 1 "lui";
    .port_info 7 /OUTPUT 1 "PcSrc";
    .port_info 8 /OUTPUT 3 "AluOp";
    .port_info 9 /OUTPUT 1 "MemWrite";
    .port_info 10 /OUTPUT 1 "MemRead";
    .port_info 11 /OUTPUT 1 "MemToReg";
    .port_info 12 /OUTPUT 1 "AluSrc1";
    .port_info 13 /OUTPUT 1 "AluSrc2";
    .port_info 14 /OUTPUT 1 "RegWrite";
    .port_info 15 /OUTPUT 1 "Jump";
    .port_info 16 /OUTPUT 1 "Branch";
    .port_info 17 /OUTPUT 32 "Offset";
    .port_info 18 /OUTPUT 5 "o_retire_rs1_raddr";
    .port_info 19 /OUTPUT 5 "o_retire_rs2_raddr";
    .port_info 20 /OUTPUT 5 "o_retire_rd_waddr";
    .port_info 21 /OUTPUT 32 "o_retire_rs1_rdata";
    .port_info 22 /OUTPUT 32 "o_retire_rs2_rdata";
    .port_info 23 /OUTPUT 1 "IllegalInst";
    .port_info 24 /OUTPUT 1 "EBreak";
P_0000023ed9498490 .param/l "BYPASS_EN" 0 4 2, +C4<00000000000000000000000000000001>;
L_0000023ed940ce60 .functor OR 1, L_0000023ed95a22c0, L_0000023ed95a0920, C4<0>, C4<0>;
L_0000023ed940dd40 .functor OR 1, L_0000023ed940ce60, L_0000023ed95a1140, C4<0>, C4<0>;
L_0000023ed940e750 .functor OR 1, L_0000023ed95a10a0, L_0000023ed95a1000, C4<0>, C4<0>;
L_0000023ed940e7c0 .functor BUFZ 1, L_0000023ed95a2860, C4<0>, C4<0>, C4<0>;
L_0000023ed940cf40 .functor OR 1, L_0000023ed95a2400, L_0000023ed95a22c0, C4<0>, C4<0>;
L_0000023ed940d410 .functor OR 1, L_0000023ed940cf40, L_0000023ed95a0920, C4<0>, C4<0>;
L_0000023ed94106d0 .functor OR 1, L_0000023ed940d410, L_0000023ed95a24a0, C4<0>, C4<0>;
L_0000023ed9410890 .functor OR 1, L_0000023ed94106d0, L_0000023ed95a1f00, C4<0>, C4<0>;
L_0000023ed9014120 .functor OR 1, L_0000023ed9410890, L_0000023ed95a10a0, C4<0>, C4<0>;
L_0000023ed95fedd0 .functor OR 1, L_0000023ed9014120, L_0000023ed95a1000, C4<0>, C4<0>;
L_0000023ed95fef20 .functor OR 1, L_0000023ed95fedd0, L_0000023ed95a1460, C4<0>, C4<0>;
L_0000023ed95ff930 .functor OR 1, L_0000023ed95fef20, L_0000023ed95a1140, C4<0>, C4<0>;
L_0000023ed95fe5f0 .functor OR 1, L_0000023ed95ff930, L_0000023ed95a2860, C4<0>, C4<0>;
L_0000023ed95fee40 .functor NOT 1, L_0000023ed95fe5f0, C4<0>, C4<0>, C4<0>;
L_0000023ed95ff150 .functor BUFZ 1, L_0000023ed95a10a0, C4<0>, C4<0>, C4<0>;
L_0000023ed95ff000 .functor BUFZ 1, L_0000023ed95a1140, C4<0>, C4<0>, C4<0>;
L_0000023ed95ff9a0 .functor BUFZ 1, L_0000023ed95a24a0, C4<0>, C4<0>, C4<0>;
L_0000023ed95feba0 .functor BUFZ 1, L_0000023ed95a0920, C4<0>, C4<0>, C4<0>;
L_0000023ed95feeb0 .functor BUFZ 1, L_0000023ed95a0920, C4<0>, C4<0>, C4<0>;
L_0000023ed95ff4d0 .functor BUFZ 1, L_0000023ed95a1000, C4<0>, C4<0>, C4<0>;
L_0000023ed95ffc40 .functor OR 1, L_0000023ed95a22c0, L_0000023ed95a0920, C4<0>, C4<0>;
L_0000023ed95ff540 .functor OR 1, L_0000023ed95ffc40, L_0000023ed95a24a0, C4<0>, C4<0>;
L_0000023ed95fef90 .functor OR 1, L_0000023ed95ff540, L_0000023ed95a1000, C4<0>, C4<0>;
L_0000023ed95fea50 .functor OR 1, L_0000023ed95fef90, L_0000023ed95a1140, C4<0>, C4<0>;
L_0000023ed95fe4a0 .functor OR 1, L_0000023ed95a2400, L_0000023ed95a22c0, C4<0>, C4<0>;
L_0000023ed95fe0b0 .functor OR 1, L_0000023ed95fe4a0, L_0000023ed95a0920, C4<0>, C4<0>;
L_0000023ed95fe2e0 .functor OR 1, L_0000023ed95fe0b0, L_0000023ed95a10a0, C4<0>, C4<0>;
L_0000023ed95ff5b0 .functor OR 1, L_0000023ed95fe2e0, L_0000023ed95a1000, C4<0>, C4<0>;
L_0000023ed95ff070 .functor OR 1, L_0000023ed95ff5b0, L_0000023ed95a1460, C4<0>, C4<0>;
L_0000023ed95fe190 .functor OR 1, L_0000023ed95ff070, L_0000023ed95a1140, C4<0>, C4<0>;
L_0000023ed95fe350 .functor OR 1, L_0000023ed95a1460, L_0000023ed95a1140, C4<0>, C4<0>;
L_0000023ed95fe510 .functor BUFZ 1, L_0000023ed95a1f00, C4<0>, C4<0>, C4<0>;
L_0000023ed95ffaf0 .functor BUFZ 5, L_0000023ed95a25e0, C4<00000>, C4<00000>, C4<00000>;
L_0000023ed95fe660 .functor BUFZ 32, L_0000023ed95a1b40, C4<00000000000000000000000000000000>, C4<00000000000000000000000000000000>, C4<00000000000000000000000000000000>;
L_0000023ed95ff310 .functor BUFZ 5, L_0000023ed95a2360, C4<00000>, C4<00000>, C4<00000>;
L_0000023ed95fe120 .functor BUFZ 32, L_0000023ed95a0e20, C4<00000000000000000000000000000000>, C4<00000000000000000000000000000000>, C4<00000000000000000000000000000000>;
L_0000023ed95fe200 .functor NOT 1, L_0000023ed95fee40, C4<0>, C4<0>, C4<0>;
L_0000023ed95ffa10 .functor AND 1, L_0000023ed95fe190, L_0000023ed95fe200, C4<1>, C4<1>;
L_0000023ed95fe9e0 .functor NOT 1, L_0000023ed940e7c0, C4<0>, C4<0>, C4<0>;
L_0000023ed95ffa80 .functor AND 1, L_0000023ed95ffa10, L_0000023ed95fe9e0, C4<1>, C4<1>;
v0000023ed94afc60_0 .net "AluOp", 2 0, L_0000023ed95a18c0;  alias, 1 drivers
v0000023ed94aefe0_0 .net "AluSrc1", 0 0, L_0000023ed95ff4d0;  alias, 1 drivers
v0000023ed94afb20_0 .net "AluSrc2", 0 0, L_0000023ed95fea50;  alias, 1 drivers
v0000023ed94afd00_0 .net "Branch", 0 0, L_0000023ed95fe510;  alias, 1 drivers
v0000023ed94b02a0_0 .net "EBreak", 0 0, L_0000023ed940e7c0;  alias, 1 drivers
v0000023ed94afda0_0 .net "IllegalInst", 0 0, L_0000023ed95fee40;  alias, 1 drivers
v0000023ed94b0840_0 .net "Inst", 31 0, v0000023ed9582c00_0;  1 drivers
v0000023ed94afe40_0 .net "Jump", 0 0, L_0000023ed95fe350;  alias, 1 drivers
v0000023ed94af080_0 .net "MemRead", 0 0, L_0000023ed95feba0;  alias, 1 drivers
v0000023ed94af580_0 .net "MemToReg", 0 0, L_0000023ed95feeb0;  alias, 1 drivers
v0000023ed94b0980_0 .net "MemWrite", 0 0, L_0000023ed95ff9a0;  alias, 1 drivers
v0000023ed94af800_0 .net "Offset", 31 0, L_0000023ed95a4c00;  alias, 1 drivers
v0000023ed94b0a20_0 .net "PcSrc", 0 0, L_0000023ed95ff000;  alias, 1 drivers
v0000023ed94afee0_0 .net "RegWrite", 0 0, L_0000023ed95fe190;  alias, 1 drivers
v0000023ed94af620_0 .net "WriteAddr", 4 0, v0000023ed95855e0_0;  1 drivers
v0000023ed94af120_0 .net "WriteData", 31 0, L_0000023ed95a0060;  alias, 1 drivers
v0000023ed94b03e0_0 .net "WriteEn", 0 0, L_0000023ed960b250;  alias, 1 drivers
v0000023ed94b0520_0 .net *"_ivl_116", 0 0, L_0000023ed95ffc40;  1 drivers
v0000023ed94b0ac0_0 .net *"_ivl_118", 0 0, L_0000023ed95ff540;  1 drivers
L_0000023ed95a6110 .functor BUFT 1, C4<0010011>, C4<0>, C4<0>, C4<0>;
v0000023ed94b0b60_0 .net/2u *"_ivl_12", 6 0, L_0000023ed95a6110;  1 drivers
v0000023ed94b0ca0_0 .net *"_ivl_120", 0 0, L_0000023ed95fef90;  1 drivers
v0000023ed94b05c0_0 .net *"_ivl_124", 0 0, L_0000023ed95fe4a0;  1 drivers
v0000023ed94af1c0_0 .net *"_ivl_126", 0 0, L_0000023ed95fe0b0;  1 drivers
v0000023ed94af260_0 .net *"_ivl_128", 0 0, L_0000023ed95fe2e0;  1 drivers
v0000023ed94af300_0 .net *"_ivl_130", 0 0, L_0000023ed95ff5b0;  1 drivers
v0000023ed94af3a0_0 .net *"_ivl_132", 0 0, L_0000023ed95ff070;  1 drivers
v0000023ed94af440_0 .net *"_ivl_148", 0 0, L_0000023ed95fe200;  1 drivers
v0000023ed94af4e0_0 .net *"_ivl_150", 0 0, L_0000023ed95ffa10;  1 drivers
v0000023ed94afbc0_0 .net *"_ivl_152", 0 0, L_0000023ed95fe9e0;  1 drivers
v0000023ed94af6c0_0 .net *"_ivl_154", 0 0, L_0000023ed95ffa80;  1 drivers
L_0000023ed95a68f0 .functor BUFT 1, C4<00000>, C4<0>, C4<0>, C4<0>;
v0000023ed94af8a0_0 .net/2u *"_ivl_156", 4 0, L_0000023ed95a68f0;  1 drivers
L_0000023ed95a6158 .functor BUFT 1, C4<0000011>, C4<0>, C4<0>, C4<0>;
v0000023ed94b18c0_0 .net/2u *"_ivl_16", 6 0, L_0000023ed95a6158;  1 drivers
L_0000023ed95a61a0 .functor BUFT 1, C4<0100011>, C4<0>, C4<0>, C4<0>;
v0000023ed94b1e60_0 .net/2u *"_ivl_20", 6 0, L_0000023ed95a61a0;  1 drivers
L_0000023ed95a61e8 .functor BUFT 1, C4<1100011>, C4<0>, C4<0>, C4<0>;
v0000023ed94b1be0_0 .net/2u *"_ivl_24", 6 0, L_0000023ed95a61e8;  1 drivers
L_0000023ed95a6230 .functor BUFT 1, C4<0110111>, C4<0>, C4<0>, C4<0>;
v0000023ed94b1c80_0 .net/2u *"_ivl_28", 6 0, L_0000023ed95a6230;  1 drivers
L_0000023ed95a6278 .functor BUFT 1, C4<0010111>, C4<0>, C4<0>, C4<0>;
v0000023ed94b2ea0_0 .net/2u *"_ivl_32", 6 0, L_0000023ed95a6278;  1 drivers
L_0000023ed95a62c0 .functor BUFT 1, C4<1101111>, C4<0>, C4<0>, C4<0>;
v0000023ed94b27c0_0 .net/2u *"_ivl_36", 6 0, L_0000023ed95a62c0;  1 drivers
L_0000023ed95a6308 .functor BUFT 1, C4<1100111>, C4<0>, C4<0>, C4<0>;
v0000023ed94b2d60_0 .net/2u *"_ivl_40", 6 0, L_0000023ed95a6308;  1 drivers
L_0000023ed95a6350 .functor BUFT 1, C4<00000000000100000000000001110011>, C4<0>, C4<0>, C4<0>;
v0000023ed94b2860_0 .net/2u *"_ivl_44", 31 0, L_0000023ed95a6350;  1 drivers
L_0000023ed95a6398 .functor BUFT 1, C4<000001>, C4<0>, C4<0>, C4<0>;
v0000023ed94b2900_0 .net/2u *"_ivl_48", 5 0, L_0000023ed95a6398;  1 drivers
v0000023ed94b2040_0 .net *"_ivl_50", 0 0, L_0000023ed940ce60;  1 drivers
v0000023ed94b1f00_0 .net *"_ivl_52", 0 0, L_0000023ed940dd40;  1 drivers
L_0000023ed95a63e0 .functor BUFT 1, C4<000010>, C4<0>, C4<0>, C4<0>;
v0000023ed94b1d20_0 .net/2u *"_ivl_54", 5 0, L_0000023ed95a63e0;  1 drivers
L_0000023ed95a6428 .functor BUFT 1, C4<000100>, C4<0>, C4<0>, C4<0>;
v0000023ed94b1fa0_0 .net/2u *"_ivl_56", 5 0, L_0000023ed95a6428;  1 drivers
L_0000023ed95a6470 .functor BUFT 1, C4<001000>, C4<0>, C4<0>, C4<0>;
v0000023ed94b2ae0_0 .net/2u *"_ivl_58", 5 0, L_0000023ed95a6470;  1 drivers
v0000023ed94b11e0_0 .net *"_ivl_60", 0 0, L_0000023ed940e750;  1 drivers
L_0000023ed95a64b8 .functor BUFT 1, C4<010000>, C4<0>, C4<0>, C4<0>;
v0000023ed94b2cc0_0 .net/2u *"_ivl_62", 5 0, L_0000023ed95a64b8;  1 drivers
L_0000023ed95a6500 .functor BUFT 1, C4<100000>, C4<0>, C4<0>, C4<0>;
v0000023ed94b2b80_0 .net/2u *"_ivl_64", 5 0, L_0000023ed95a6500;  1 drivers
L_0000023ed95a6548 .functor BUFT 1, C4<000000>, C4<0>, C4<0>, C4<0>;
v0000023ed94b1280_0 .net/2u *"_ivl_66", 5 0, L_0000023ed95a6548;  1 drivers
v0000023ed94b10a0_0 .net *"_ivl_68", 5 0, L_0000023ed95a2c20;  1 drivers
v0000023ed94b3080_0 .net *"_ivl_70", 5 0, L_0000023ed95a0ec0;  1 drivers
v0000023ed94b2680_0 .net *"_ivl_72", 5 0, L_0000023ed95a2cc0;  1 drivers
v0000023ed94b2220_0 .net *"_ivl_74", 5 0, L_0000023ed95a0ba0;  1 drivers
v0000023ed94b29a0_0 .net *"_ivl_76", 5 0, L_0000023ed95a2900;  1 drivers
L_0000023ed95a60c8 .functor BUFT 1, C4<0110011>, C4<0>, C4<0>, C4<0>;
v0000023ed94b13c0_0 .net/2u *"_ivl_8", 6 0, L_0000023ed95a60c8;  1 drivers
v0000023ed94b25e0_0 .net *"_ivl_82", 0 0, L_0000023ed940cf40;  1 drivers
v0000023ed94b2e00_0 .net *"_ivl_84", 0 0, L_0000023ed940d410;  1 drivers
v0000023ed94b0e20_0 .net *"_ivl_86", 0 0, L_0000023ed94106d0;  1 drivers
v0000023ed94b1640_0 .net *"_ivl_88", 0 0, L_0000023ed9410890;  1 drivers
v0000023ed94b2c20_0 .net *"_ivl_90", 0 0, L_0000023ed9014120;  1 drivers
v0000023ed94b2a40_0 .net *"_ivl_92", 0 0, L_0000023ed95fedd0;  1 drivers
v0000023ed94b1aa0_0 .net *"_ivl_94", 0 0, L_0000023ed95fef20;  1 drivers
v0000023ed94b3120_0 .net *"_ivl_96", 0 0, L_0000023ed95ff930;  1 drivers
v0000023ed94b2f40_0 .net *"_ivl_98", 0 0, L_0000023ed95fe5f0;  1 drivers
v0000023ed94b1500_0 .net "i_clk", 0 0, v0000023ed9582520_0;  alias, 1 drivers
v0000023ed94b0ec0_0 .net "i_format", 5 0, L_0000023ed95a1280;  1 drivers
v0000023ed94b0f60_0 .net "i_rst", 0 0, v0000023ed95805e0_0;  alias, 1 drivers
v0000023ed94b24a0_0 .net "is_auipc", 0 0, L_0000023ed95a1000;  1 drivers
v0000023ed94b22c0_0 .net "is_branch", 0 0, L_0000023ed95a1f00;  1 drivers
v0000023ed94b2fe0_0 .net "is_ebreak", 0 0, L_0000023ed95a2860;  1 drivers
v0000023ed94b1320_0 .net "is_itype_alu", 0 0, L_0000023ed95a22c0;  1 drivers
v0000023ed94b3300_0 .net "is_jal", 0 0, L_0000023ed95a1460;  1 drivers
v0000023ed94b2360_0 .net "is_jalr", 0 0, L_0000023ed95a1140;  1 drivers
v0000023ed94b20e0_0 .net "is_load", 0 0, L_0000023ed95a0920;  1 drivers
v0000023ed94b16e0_0 .net "is_lui", 0 0, L_0000023ed95a10a0;  1 drivers
v0000023ed94b3440_0 .net "is_rtype", 0 0, L_0000023ed95a2400;  1 drivers
v0000023ed94b1b40_0 .net "is_store", 0 0, L_0000023ed95a24a0;  1 drivers
v0000023ed94b15a0_0 .net "lui", 0 0, L_0000023ed95ff150;  alias, 1 drivers
v0000023ed94b31c0_0 .net "o_retire_rd_waddr", 4 0, L_0000023ed95a1820;  alias, 1 drivers
v0000023ed94b2180_0 .net "o_retire_rs1_raddr", 4 0, L_0000023ed95ffaf0;  alias, 1 drivers
v0000023ed94b3260_0 .net "o_retire_rs1_rdata", 31 0, L_0000023ed95fe660;  alias, 1 drivers
v0000023ed94b1780_0 .net "o_retire_rs2_raddr", 4 0, L_0000023ed95ff310;  alias, 1 drivers
v0000023ed94b2400_0 .net "o_retire_rs2_rdata", 31 0, L_0000023ed95fe120;  alias, 1 drivers
v0000023ed94b1820_0 .net "opcode", 6 0, L_0000023ed95a27c0;  1 drivers
v0000023ed94b2540_0 .net "rd_waddr_raw", 4 0, L_0000023ed95a0d80;  1 drivers
v0000023ed94b33a0_0 .net "rs1_raddr_raw", 4 0, L_0000023ed95a25e0;  1 drivers
v0000023ed94b1960_0 .net "rs1_rdata_raw", 31 0, L_0000023ed95a1b40;  1 drivers
v0000023ed94b1460_0 .net "rs2_raddr_raw", 4 0, L_0000023ed95a2360;  1 drivers
v0000023ed94b2720_0 .net "rs2_rdata_raw", 31 0, L_0000023ed95a0e20;  1 drivers
L_0000023ed95a27c0 .part v0000023ed9582c00_0, 0, 7;
L_0000023ed95a0d80 .part v0000023ed9582c00_0, 7, 5;
L_0000023ed95a25e0 .part v0000023ed9582c00_0, 15, 5;
L_0000023ed95a2360 .part v0000023ed9582c00_0, 20, 5;
L_0000023ed95a2400 .cmp/eq 7, L_0000023ed95a27c0, L_0000023ed95a60c8;
L_0000023ed95a22c0 .cmp/eq 7, L_0000023ed95a27c0, L_0000023ed95a6110;
L_0000023ed95a0920 .cmp/eq 7, L_0000023ed95a27c0, L_0000023ed95a6158;
L_0000023ed95a24a0 .cmp/eq 7, L_0000023ed95a27c0, L_0000023ed95a61a0;
L_0000023ed95a1f00 .cmp/eq 7, L_0000023ed95a27c0, L_0000023ed95a61e8;
L_0000023ed95a10a0 .cmp/eq 7, L_0000023ed95a27c0, L_0000023ed95a6230;
L_0000023ed95a1000 .cmp/eq 7, L_0000023ed95a27c0, L_0000023ed95a6278;
L_0000023ed95a1460 .cmp/eq 7, L_0000023ed95a27c0, L_0000023ed95a62c0;
L_0000023ed95a1140 .cmp/eq 7, L_0000023ed95a27c0, L_0000023ed95a6308;
L_0000023ed95a2860 .cmp/eq 32, v0000023ed9582c00_0, L_0000023ed95a6350;
L_0000023ed95a2c20 .functor MUXZ 6, L_0000023ed95a6548, L_0000023ed95a6500, L_0000023ed95a1460, C4<>;
L_0000023ed95a0ec0 .functor MUXZ 6, L_0000023ed95a2c20, L_0000023ed95a64b8, L_0000023ed940e750, C4<>;
L_0000023ed95a2cc0 .functor MUXZ 6, L_0000023ed95a0ec0, L_0000023ed95a6470, L_0000023ed95a1f00, C4<>;
L_0000023ed95a0ba0 .functor MUXZ 6, L_0000023ed95a2cc0, L_0000023ed95a6428, L_0000023ed95a24a0, C4<>;
L_0000023ed95a2900 .functor MUXZ 6, L_0000023ed95a0ba0, L_0000023ed95a63e0, L_0000023ed940dd40, C4<>;
L_0000023ed95a1280 .functor MUXZ 6, L_0000023ed95a2900, L_0000023ed95a6398, L_0000023ed95a2400, C4<>;
L_0000023ed95a18c0 .part L_0000023ed95a27c0, 4, 3;
L_0000023ed95a1820 .functor MUXZ 5, L_0000023ed95a68f0, L_0000023ed95a0d80, L_0000023ed95ffa80, C4<>;
S_0000023ed903be00 .scope module, "imm_gen" "imm" 4 107, 5 6 0, S_0000023ed94dea50;
 .timescale -9 -12;
    .port_info 0 /INPUT 32 "i_inst";
    .port_info 1 /INPUT 6 "i_format";
    .port_info 2 /OUTPUT 32 "o_immediate";
v0000023ed948b630_0 .net *"_ivl_11", 0 0, L_0000023ed95a2b80;  1 drivers
v0000023ed948c0d0_0 .net *"_ivl_12", 20 0, L_0000023ed95a2ea0;  1 drivers
v0000023ed948a730_0 .net *"_ivl_15", 5 0, L_0000023ed95a2f40;  1 drivers
v0000023ed948b3b0_0 .net *"_ivl_17", 4 0, L_0000023ed95a0a60;  1 drivers
v0000023ed948b6d0_0 .net *"_ivl_21", 0 0, L_0000023ed95a1c80;  1 drivers
v0000023ed948c170_0 .net *"_ivl_22", 19 0, L_0000023ed95a13c0;  1 drivers
v0000023ed948af50_0 .net *"_ivl_25", 0 0, L_0000023ed95a0b00;  1 drivers
v0000023ed948a910_0 .net *"_ivl_27", 5 0, L_0000023ed95a20e0;  1 drivers
v0000023ed948ad70_0 .net *"_ivl_29", 3 0, L_0000023ed95a0c40;  1 drivers
v0000023ed948aff0_0 .net *"_ivl_3", 0 0, L_0000023ed95a0f60;  1 drivers
L_0000023ed95a6980 .functor BUFT 1, C4<0>, C4<0>, C4<0>, C4<0>;
v0000023ed948b810_0 .net/2u *"_ivl_30", 0 0, L_0000023ed95a6980;  1 drivers
v0000023ed948b1d0_0 .net *"_ivl_35", 19 0, L_0000023ed95a0ce0;  1 drivers
L_0000023ed95a69c8 .functor BUFT 1, C4<000000000000>, C4<0>, C4<0>, C4<0>;
v0000023ed948b270_0 .net/2u *"_ivl_36", 11 0, L_0000023ed95a69c8;  1 drivers
v0000023ed948b310_0 .net *"_ivl_4", 20 0, L_0000023ed95a1fa0;  1 drivers
v0000023ed9453500_0 .net *"_ivl_41", 0 0, L_0000023ed95a16e0;  1 drivers
v0000023ed9453000_0 .net *"_ivl_42", 11 0, L_0000023ed95a1a00;  1 drivers
v0000023ed9506670_0 .net *"_ivl_45", 7 0, L_0000023ed95a1780;  1 drivers
v0000023ed9506210_0 .net *"_ivl_47", 0 0, L_0000023ed95a1aa0;  1 drivers
v0000023ed9506710_0 .net *"_ivl_49", 9 0, L_0000023ed95a1d20;  1 drivers
L_0000023ed95a6a10 .functor BUFT 1, C4<0>, C4<0>, C4<0>, C4<0>;
v0000023ed9506990_0 .net/2u *"_ivl_50", 0 0, L_0000023ed95a6a10;  1 drivers
v0000023ed9506a30_0 .net *"_ivl_55", 0 0, L_0000023ed95a5240;  1 drivers
v0000023ed9506c10_0 .net *"_ivl_57", 0 0, L_0000023ed95a34e0;  1 drivers
v0000023ed95067b0_0 .net *"_ivl_59", 0 0, L_0000023ed95a3300;  1 drivers
v0000023ed9506d50_0 .net *"_ivl_61", 0 0, L_0000023ed95a3800;  1 drivers
v0000023ed9504f50_0 .net *"_ivl_63", 0 0, L_0000023ed95a3260;  1 drivers
v0000023ed9506850_0 .net *"_ivl_65", 0 0, L_0000023ed95a3b20;  1 drivers
L_0000023ed95a6a58 .functor BUFT 1, C4<00000000000000000000000000000000>, C4<0>, C4<0>, C4<0>;
v0000023ed9506490_0 .net/2u *"_ivl_66", 31 0, L_0000023ed95a6a58;  1 drivers
v0000023ed9505590_0 .net *"_ivl_68", 31 0, L_0000023ed95a4f20;  1 drivers
v0000023ed9505950_0 .net *"_ivl_7", 10 0, L_0000023ed95a2e00;  1 drivers
v0000023ed95059f0_0 .net *"_ivl_70", 31 0, L_0000023ed95a3580;  1 drivers
v0000023ed9506350_0 .net *"_ivl_72", 31 0, L_0000023ed95a4b60;  1 drivers
v0000023ed9505450_0 .net *"_ivl_74", 31 0, L_0000023ed95a4d40;  1 drivers
v0000023ed9505c70_0 .net *"_ivl_76", 31 0, L_0000023ed95a3c60;  1 drivers
v0000023ed95068f0_0 .net "i_format", 5 0, L_0000023ed95a1280;  alias, 1 drivers
v0000023ed9505a90_0 .net "i_inst", 31 0, v0000023ed9582c00_0;  alias, 1 drivers
v0000023ed9506ad0_0 .net "imm_b", 31 0, L_0000023ed95a1960;  1 drivers
v0000023ed9505810_0 .net "imm_i", 31 0, L_0000023ed95a2ae0;  1 drivers
v0000023ed9504eb0_0 .net "imm_j", 31 0, L_0000023ed95a1dc0;  1 drivers
L_0000023ed95a6938 .functor BUFT 1, C4<xxxxxxxxxxxxxxxxxxxxxxxxxxxxxxxx>, C4<0>, C4<0>, C4<0>;
v0000023ed9505d10_0 .net "imm_r", 31 0, L_0000023ed95a6938;  1 drivers
v0000023ed9505130_0 .net "imm_s", 31 0, L_0000023ed95a1be0;  1 drivers
v0000023ed9506170_0 .net "imm_u", 31 0, L_0000023ed95a1500;  1 drivers
v0000023ed9505310_0 .net "o_immediate", 31 0, L_0000023ed95a4c00;  alias, 1 drivers
L_0000023ed95a0f60 .part v0000023ed9582c00_0, 31, 1;
LS_0000023ed95a1fa0_0_0 .concat [ 1 1 1 1], L_0000023ed95a0f60, L_0000023ed95a0f60, L_0000023ed95a0f60, L_0000023ed95a0f60;
LS_0000023ed95a1fa0_0_4 .concat [ 1 1 1 1], L_0000023ed95a0f60, L_0000023ed95a0f60, L_0000023ed95a0f60, L_0000023ed95a0f60;
LS_0000023ed95a1fa0_0_8 .concat [ 1 1 1 1], L_0000023ed95a0f60, L_0000023ed95a0f60, L_0000023ed95a0f60, L_0000023ed95a0f60;
LS_0000023ed95a1fa0_0_12 .concat [ 1 1 1 1], L_0000023ed95a0f60, L_0000023ed95a0f60, L_0000023ed95a0f60, L_0000023ed95a0f60;
LS_0000023ed95a1fa0_0_16 .concat [ 1 1 1 1], L_0000023ed95a0f60, L_0000023ed95a0f60, L_0000023ed95a0f60, L_0000023ed95a0f60;
LS_0000023ed95a1fa0_0_20 .concat [ 1 0 0 0], L_0000023ed95a0f60;
LS_0000023ed95a1fa0_1_0 .concat [ 4 4 4 4], LS_0000023ed95a1fa0_0_0, LS_0000023ed95a1fa0_0_4, LS_0000023ed95a1fa0_0_8, LS_0000023ed95a1fa0_0_12;
LS_0000023ed95a1fa0_1_4 .concat [ 4 1 0 0], LS_0000023ed95a1fa0_0_16, LS_0000023ed95a1fa0_0_20;
L_0000023ed95a1fa0 .concat [ 16 5 0 0], LS_0000023ed95a1fa0_1_0, LS_0000023ed95a1fa0_1_4;
L_0000023ed95a2e00 .part v0000023ed9582c00_0, 20, 11;
L_0000023ed95a2ae0 .concat [ 11 21 0 0], L_0000023ed95a2e00, L_0000023ed95a1fa0;
L_0000023ed95a2b80 .part v0000023ed9582c00_0, 31, 1;
LS_0000023ed95a2ea0_0_0 .concat [ 1 1 1 1], L_0000023ed95a2b80, L_0000023ed95a2b80, L_0000023ed95a2b80, L_0000023ed95a2b80;
LS_0000023ed95a2ea0_0_4 .concat [ 1 1 1 1], L_0000023ed95a2b80, L_0000023ed95a2b80, L_0000023ed95a2b80, L_0000023ed95a2b80;
LS_0000023ed95a2ea0_0_8 .concat [ 1 1 1 1], L_0000023ed95a2b80, L_0000023ed95a2b80, L_0000023ed95a2b80, L_0000023ed95a2b80;
LS_0000023ed95a2ea0_0_12 .concat [ 1 1 1 1], L_0000023ed95a2b80, L_0000023ed95a2b80, L_0000023ed95a2b80, L_0000023ed95a2b80;
LS_0000023ed95a2ea0_0_16 .concat [ 1 1 1 1], L_0000023ed95a2b80, L_0000023ed95a2b80, L_0000023ed95a2b80, L_0000023ed95a2b80;
LS_0000023ed95a2ea0_0_20 .concat [ 1 0 0 0], L_0000023ed95a2b80;
LS_0000023ed95a2ea0_1_0 .concat [ 4 4 4 4], LS_0000023ed95a2ea0_0_0, LS_0000023ed95a2ea0_0_4, LS_0000023ed95a2ea0_0_8, LS_0000023ed95a2ea0_0_12;
LS_0000023ed95a2ea0_1_4 .concat [ 4 1 0 0], LS_0000023ed95a2ea0_0_16, LS_0000023ed95a2ea0_0_20;
L_0000023ed95a2ea0 .concat [ 16 5 0 0], LS_0000023ed95a2ea0_1_0, LS_0000023ed95a2ea0_1_4;
L_0000023ed95a2f40 .part v0000023ed9582c00_0, 25, 6;
L_0000023ed95a0a60 .part v0000023ed9582c00_0, 7, 5;
L_0000023ed95a1be0 .concat [ 5 6 21 0], L_0000023ed95a0a60, L_0000023ed95a2f40, L_0000023ed95a2ea0;
L_0000023ed95a1c80 .part v0000023ed9582c00_0, 31, 1;
LS_0000023ed95a13c0_0_0 .concat [ 1 1 1 1], L_0000023ed95a1c80, L_0000023ed95a1c80, L_0000023ed95a1c80, L_0000023ed95a1c80;
LS_0000023ed95a13c0_0_4 .concat [ 1 1 1 1], L_0000023ed95a1c80, L_0000023ed95a1c80, L_0000023ed95a1c80, L_0000023ed95a1c80;
LS_0000023ed95a13c0_0_8 .concat [ 1 1 1 1], L_0000023ed95a1c80, L_0000023ed95a1c80, L_0000023ed95a1c80, L_0000023ed95a1c80;
LS_0000023ed95a13c0_0_12 .concat [ 1 1 1 1], L_0000023ed95a1c80, L_0000023ed95a1c80, L_0000023ed95a1c80, L_0000023ed95a1c80;
LS_0000023ed95a13c0_0_16 .concat [ 1 1 1 1], L_0000023ed95a1c80, L_0000023ed95a1c80, L_0000023ed95a1c80, L_0000023ed95a1c80;
LS_0000023ed95a13c0_1_0 .concat [ 4 4 4 4], LS_0000023ed95a13c0_0_0, LS_0000023ed95a13c0_0_4, LS_0000023ed95a13c0_0_8, LS_0000023ed95a13c0_0_12;
LS_0000023ed95a13c0_1_4 .concat [ 4 0 0 0], LS_0000023ed95a13c0_0_16;
L_0000023ed95a13c0 .concat [ 16 4 0 0], LS_0000023ed95a13c0_1_0, LS_0000023ed95a13c0_1_4;
L_0000023ed95a0b00 .part v0000023ed9582c00_0, 7, 1;
L_0000023ed95a20e0 .part v0000023ed9582c00_0, 25, 6;
L_0000023ed95a0c40 .part v0000023ed9582c00_0, 8, 4;
LS_0000023ed95a1960_0_0 .concat [ 1 4 6 1], L_0000023ed95a6980, L_0000023ed95a0c40, L_0000023ed95a20e0, L_0000023ed95a0b00;
LS_0000023ed95a1960_0_4 .concat [ 20 0 0 0], L_0000023ed95a13c0;
L_0000023ed95a1960 .concat [ 12 20 0 0], LS_0000023ed95a1960_0_0, LS_0000023ed95a1960_0_4;
L_0000023ed95a0ce0 .part v0000023ed9582c00_0, 12, 20;
L_0000023ed95a1500 .concat [ 12 20 0 0], L_0000023ed95a69c8, L_0000023ed95a0ce0;
L_0000023ed95a16e0 .part v0000023ed9582c00_0, 31, 1;
LS_0000023ed95a1a00_0_0 .concat [ 1 1 1 1], L_0000023ed95a16e0, L_0000023ed95a16e0, L_0000023ed95a16e0, L_0000023ed95a16e0;
LS_0000023ed95a1a00_0_4 .concat [ 1 1 1 1], L_0000023ed95a16e0, L_0000023ed95a16e0, L_0000023ed95a16e0, L_0000023ed95a16e0;
LS_0000023ed95a1a00_0_8 .concat [ 1 1 1 1], L_0000023ed95a16e0, L_0000023ed95a16e0, L_0000023ed95a16e0, L_0000023ed95a16e0;
L_0000023ed95a1a00 .concat [ 4 4 4 0], LS_0000023ed95a1a00_0_0, LS_0000023ed95a1a00_0_4, LS_0000023ed95a1a00_0_8;
L_0000023ed95a1780 .part v0000023ed9582c00_0, 12, 8;
L_0000023ed95a1aa0 .part v0000023ed9582c00_0, 20, 1;
L_0000023ed95a1d20 .part v0000023ed9582c00_0, 21, 10;
LS_0000023ed95a1dc0_0_0 .concat [ 1 10 1 8], L_0000023ed95a6a10, L_0000023ed95a1d20, L_0000023ed95a1aa0, L_0000023ed95a1780;
LS_0000023ed95a1dc0_0_4 .concat [ 12 0 0 0], L_0000023ed95a1a00;
L_0000023ed95a1dc0 .concat [ 20 12 0 0], LS_0000023ed95a1dc0_0_0, LS_0000023ed95a1dc0_0_4;
L_0000023ed95a5240 .part L_0000023ed95a1280, 0, 1;
L_0000023ed95a34e0 .part L_0000023ed95a1280, 1, 1;
L_0000023ed95a3300 .part L_0000023ed95a1280, 2, 1;
L_0000023ed95a3800 .part L_0000023ed95a1280, 3, 1;
L_0000023ed95a3260 .part L_0000023ed95a1280, 4, 1;
L_0000023ed95a3b20 .part L_0000023ed95a1280, 5, 1;
L_0000023ed95a4f20 .functor MUXZ 32, L_0000023ed95a6a58, L_0000023ed95a1dc0, L_0000023ed95a3b20, C4<>;
L_0000023ed95a3580 .functor MUXZ 32, L_0000023ed95a4f20, L_0000023ed95a1500, L_0000023ed95a3260, C4<>;
L_0000023ed95a4b60 .functor MUXZ 32, L_0000023ed95a3580, L_0000023ed95a1960, L_0000023ed95a3800, C4<>;
L_0000023ed95a4d40 .functor MUXZ 32, L_0000023ed95a4b60, L_0000023ed95a1be0, L_0000023ed95a3300, C4<>;
L_0000023ed95a3c60 .functor MUXZ 32, L_0000023ed95a4d40, L_0000023ed95a2ae0, L_0000023ed95a34e0, C4<>;
L_0000023ed95a4c00 .functor MUXZ 32, L_0000023ed95a3c60, L_0000023ed95a6938, L_0000023ed95a5240, C4<>;
S_0000023ed903e9b0 .scope module, "rf_rw" "rf" 4 88, 6 8 0, S_0000023ed94dea50;
 .timescale -9 -12;
    .port_info 0 /INPUT 1 "i_clk";
    .port_info 1 /INPUT 1 "i_rst";
    .port_info 2 /INPUT 5 "i_rs1_raddr";
    .port_info 3 /OUTPUT 32 "o_rs1_rdata";
    .port_info 4 /INPUT 5 "i_rs2_raddr";
    .port_info 5 /OUTPUT 32 "o_rs2_rdata";
    .port_info 6 /INPUT 1 "i_rd_wen";
    .port_info 7 /INPUT 5 "i_rd_waddr";
    .port_info 8 /INPUT 32 "i_rd_wdata";
P_0000023ed949c750 .param/l "BYPASS_EN" 0 6 17, +C4<00000000000000000000000000000001>;
L_0000023ed95a6590 .functor BUFT 1, C4<1>, C4<0>, C4<0>, C4<0>;
L_0000023ed95feac0 .functor AND 1, L_0000023ed95a6590, L_0000023ed960b250, C4<1>, C4<1>;
L_0000023ed95ff690 .functor AND 1, L_0000023ed95feac0, L_0000023ed95a2680, C4<1>, C4<1>;
L_0000023ed95fe580 .functor AND 1, L_0000023ed95ff690, L_0000023ed95a15a0, C4<1>, C4<1>;
L_0000023ed95a6620 .functor BUFT 1, C4<1>, C4<0>, C4<0>, C4<0>;
L_0000023ed95fe430 .functor AND 1, L_0000023ed95a6620, L_0000023ed960b250, C4<1>, C4<1>;
L_0000023ed95fe820 .functor AND 1, L_0000023ed95fe430, L_0000023ed95a1e60, C4<1>, C4<1>;
L_0000023ed95feb30 .functor AND 1, L_0000023ed95fe820, L_0000023ed95a1640, C4<1>, C4<1>;
v0000023ed9505270_0 .net/2u *"_ivl_0", 0 0, L_0000023ed95a6590;  1 drivers
v0000023ed9505090_0 .net *"_ivl_10", 0 0, L_0000023ed95a15a0;  1 drivers
v0000023ed9506b70_0 .net/2u *"_ivl_14", 0 0, L_0000023ed95a6620;  1 drivers
v0000023ed9505db0_0 .net *"_ivl_17", 0 0, L_0000023ed95fe430;  1 drivers
L_0000023ed95a6668 .functor BUFT 1, C4<00000>, C4<0>, C4<0>, C4<0>;
v0000023ed95062b0_0 .net/2u *"_ivl_18", 4 0, L_0000023ed95a6668;  1 drivers
v0000023ed9505e50_0 .net *"_ivl_20", 0 0, L_0000023ed95a1e60;  1 drivers
v0000023ed95053b0_0 .net *"_ivl_23", 0 0, L_0000023ed95fe820;  1 drivers
v0000023ed9506530_0 .net *"_ivl_24", 0 0, L_0000023ed95a1640;  1 drivers
L_0000023ed95a66b0 .functor BUFT 1, C4<00000000000000000000000000000000>, C4<0>, C4<0>, C4<0>;
v0000023ed95054f0_0 .net/2u *"_ivl_28", 31 0, L_0000023ed95a66b0;  1 drivers
v0000023ed9506cb0_0 .net *"_ivl_3", 0 0, L_0000023ed95feac0;  1 drivers
L_0000023ed95a66f8 .functor BUFT 1, C4<00000>, C4<0>, C4<0>, C4<0>;
v0000023ed9504ff0_0 .net/2u *"_ivl_30", 4 0, L_0000023ed95a66f8;  1 drivers
v0000023ed9505630_0 .net *"_ivl_32", 0 0, L_0000023ed95a2720;  1 drivers
L_0000023ed95a6740 .functor BUFT 1, C4<00000000000000000000000000000000>, C4<0>, C4<0>, C4<0>;
v0000023ed95060d0_0 .net/2u *"_ivl_34", 31 0, L_0000023ed95a6740;  1 drivers
v0000023ed9505770_0 .net *"_ivl_36", 31 0, L_0000023ed95a09c0;  1 drivers
v0000023ed95065d0_0 .net *"_ivl_38", 6 0, L_0000023ed95a11e0;  1 drivers
L_0000023ed95a65d8 .functor BUFT 1, C4<00000>, C4<0>, C4<0>, C4<0>;
v0000023ed9506030_0 .net/2u *"_ivl_4", 4 0, L_0000023ed95a65d8;  1 drivers
L_0000023ed95a6788 .functor BUFT 1, C4<00>, C4<0>, C4<0>, C4<0>;
v0000023ed95051d0_0 .net *"_ivl_41", 1 0, L_0000023ed95a6788;  1 drivers
v0000023ed9505b30_0 .net *"_ivl_42", 31 0, L_0000023ed95a2fe0;  1 drivers
v0000023ed95056d0_0 .net *"_ivl_44", 31 0, L_0000023ed95a2180;  1 drivers
L_0000023ed95a67d0 .functor BUFT 1, C4<00000000000000000000000000000000>, C4<0>, C4<0>, C4<0>;
v0000023ed95058b0_0 .net/2u *"_ivl_48", 31 0, L_0000023ed95a67d0;  1 drivers
L_0000023ed95a6818 .functor BUFT 1, C4<00000>, C4<0>, C4<0>, C4<0>;
v0000023ed9505bd0_0 .net/2u *"_ivl_50", 4 0, L_0000023ed95a6818;  1 drivers
v0000023ed9505ef0_0 .net *"_ivl_52", 0 0, L_0000023ed95a1320;  1 drivers
L_0000023ed95a6860 .functor BUFT 1, C4<00000000000000000000000000000000>, C4<0>, C4<0>, C4<0>;
v0000023ed9505f90_0 .net/2u *"_ivl_54", 31 0, L_0000023ed95a6860;  1 drivers
v0000023ed94b0340_0 .net *"_ivl_56", 31 0, L_0000023ed95a29a0;  1 drivers
v0000023ed94af760_0 .net *"_ivl_58", 6 0, L_0000023ed95a2a40;  1 drivers
v0000023ed94b08e0_0 .net *"_ivl_6", 0 0, L_0000023ed95a2680;  1 drivers
L_0000023ed95a68a8 .functor BUFT 1, C4<00>, C4<0>, C4<0>, C4<0>;
v0000023ed94b0020_0 .net *"_ivl_61", 1 0, L_0000023ed95a68a8;  1 drivers
v0000023ed94b0200_0 .net *"_ivl_62", 31 0, L_0000023ed95a2040;  1 drivers
v0000023ed94aee00_0 .net *"_ivl_64", 31 0, L_0000023ed95a0880;  1 drivers
v0000023ed94aeea0_0 .net *"_ivl_9", 0 0, L_0000023ed95ff690;  1 drivers
v0000023ed94b00c0_0 .net "i_clk", 0 0, v0000023ed9582520_0;  alias, 1 drivers
v0000023ed94aff80_0 .net "i_rd_waddr", 4 0, v0000023ed95855e0_0;  alias, 1 drivers
v0000023ed94af940_0 .net "i_rd_wdata", 31 0, L_0000023ed95a0060;  alias, 1 drivers
v0000023ed94b0c00_0 .net "i_rd_wen", 0 0, L_0000023ed960b250;  alias, 1 drivers
v0000023ed94b0160_0 .net "i_rs1_raddr", 4 0, L_0000023ed95a25e0;  alias, 1 drivers
v0000023ed94b0480_0 .net "i_rs2_raddr", 4 0, L_0000023ed95a2360;  alias, 1 drivers
v0000023ed94aef40_0 .net "i_rst", 0 0, v0000023ed95805e0_0;  alias, 1 drivers
v0000023ed94af9e0_0 .net "o_rs1_rdata", 31 0, L_0000023ed95a1b40;  alias, 1 drivers
v0000023ed94b0660_0 .net "o_rs2_rdata", 31 0, L_0000023ed95a0e20;  alias, 1 drivers
v0000023ed94b07a0 .array "regs", 31 0, 31 0;
v0000023ed94afa80_0 .net "rs1_bypass_hit", 0 0, L_0000023ed95fe580;  1 drivers
v0000023ed94b0700_0 .net "rs2_bypass_hit", 0 0, L_0000023ed95feb30;  1 drivers
E_0000023ed949c950 .event posedge, v0000023ed94b00c0_0;
L_0000023ed95a2680 .cmp/ne 5, v0000023ed95855e0_0, L_0000023ed95a65d8;
L_0000023ed95a15a0 .cmp/eq 5, L_0000023ed95a25e0, v0000023ed95855e0_0;
L_0000023ed95a1e60 .cmp/ne 5, v0000023ed95855e0_0, L_0000023ed95a6668;
L_0000023ed95a1640 .cmp/eq 5, L_0000023ed95a2360, v0000023ed95855e0_0;
L_0000023ed95a2720 .cmp/eq 5, L_0000023ed95a25e0, L_0000023ed95a66f8;
L_0000023ed95a09c0 .array/port v0000023ed94b07a0, L_0000023ed95a11e0;
L_0000023ed95a11e0 .concat [ 5 2 0 0], L_0000023ed95a25e0, L_0000023ed95a6788;
L_0000023ed95a2fe0 .functor MUXZ 32, L_0000023ed95a09c0, L_0000023ed95a0060, L_0000023ed95fe580, C4<>;
L_0000023ed95a2180 .functor MUXZ 32, L_0000023ed95a2fe0, L_0000023ed95a6740, L_0000023ed95a2720, C4<>;
L_0000023ed95a1b40 .functor MUXZ 32, L_0000023ed95a2180, L_0000023ed95a66b0, v0000023ed95805e0_0, C4<>;
L_0000023ed95a1320 .cmp/eq 5, L_0000023ed95a2360, L_0000023ed95a6818;
L_0000023ed95a29a0 .array/port v0000023ed94b07a0, L_0000023ed95a2a40;
L_0000023ed95a2a40 .concat [ 5 2 0 0], L_0000023ed95a2360, L_0000023ed95a68a8;
L_0000023ed95a2040 .functor MUXZ 32, L_0000023ed95a29a0, L_0000023ed95a0060, L_0000023ed95feb30, C4<>;
L_0000023ed95a0880 .functor MUXZ 32, L_0000023ed95a2040, L_0000023ed95a6860, L_0000023ed95a1320, C4<>;
L_0000023ed95a0e20 .functor MUXZ 32, L_0000023ed95a0880, L_0000023ed95a67d0, v0000023ed95805e0_0, C4<>;
S_0000023ed902ca10 .scope module, "u_execute" "execute" 3 568, 7 1 0, S_0000023ed94d4450;
 .timescale -9 -12;
    .port_info 0 /INPUT 3 "AluOp";
    .port_info 1 /INPUT 3 "Func3";
    .port_info 2 /INPUT 7 "Func7";
    .port_info 3 /INPUT 7 "opcode";
    .port_info 4 /INPUT 32 "Operand1";
    .port_info 5 /INPUT 32 "Operand2";
    .port_info 6 /OUTPUT 32 "AluResult";
    .port_info 7 /OUTPUT 1 "ALUeq";
    .port_info 8 /OUTPUT 1 "ALUslt";
v0000023ed94b4a20_0 .net "ALUeq", 0 0, L_0000023ed95a5ec0;  alias, 1 drivers
v0000023ed94b3800_0 .net "ALUslt", 0 0, L_0000023ed9600180;  alias, 1 drivers
v0000023ed94b38a0_0 .net "AluControl_arith", 0 0, v0000023ed94b40c0_0;  1 drivers
v0000023ed94b3940_0 .net "AluControl_opsel", 2 0, v0000023ed94b4660_0;  1 drivers
v0000023ed94b39e0_0 .net "AluControl_sub", 0 0, v0000023ed94b4340_0;  1 drivers
v0000023ed9572110_0 .net "AluControl_unsigned", 0 0, v0000023ed94b43e0_0;  1 drivers
v0000023ed9573970_0 .net "AluOp", 2 0, v0000023ed957cc50_0;  1 drivers
v0000023ed95724d0_0 .net "AluResult", 31 0, v0000023ed94b4160_0;  alias, 1 drivers
v0000023ed9572ed0_0 .net "Func3", 2 0, v0000023ed9582e80_0;  1 drivers
v0000023ed95733d0_0 .net "Func7", 6 0, v0000023ed9583880_0;  1 drivers
v0000023ed9572bb0_0 .net "Operand1", 31 0, L_0000023ed95a31c0;  alias, 1 drivers
v0000023ed9573150_0 .net "Operand2", 31 0, L_0000023ed95a4660;  alias, 1 drivers
v0000023ed9572f70_0 .net "opcode", 6 0, v0000023ed9584be0_0;  1 drivers
S_0000023ed902cba0 .scope module, "u_alu" "alu" 7 42, 8 8 0, S_0000023ed902ca10;
 .timescale -9 -12;
    .port_info 0 /INPUT 3 "i_opsel";
    .port_info 1 /INPUT 1 "i_sub";
    .port_info 2 /INPUT 1 "i_unsigned";
    .port_info 3 /INPUT 1 "i_arith";
    .port_info 4 /INPUT 32 "i_op1";
    .port_info 5 /INPUT 32 "i_op2";
    .port_info 6 /OUTPUT 32 "o_result";
    .port_info 7 /OUTPUT 1 "o_eq";
    .port_info 8 /OUTPUT 1 "o_slt";
L_0000023ed9600880 .functor NOT 1, L_0000023ed95a5380, C4<0>, C4<0>, C4<0>;
L_0000023ed9600030 .functor AND 1, L_0000023ed95a52e0, L_0000023ed9600880, C4<1>, C4<1>;
L_0000023ed9601680 .functor XOR 1, L_0000023ed95a5420, L_0000023ed95a54c0, C4<0>, C4<0>;
L_0000023ed9600420 .functor NOT 1, L_0000023ed9601680, C4<0>, C4<0>, C4<0>;
L_0000023ed96016f0 .functor AND 1, L_0000023ed9600420, L_0000023ed95a5100, C4<1>, C4<1>;
L_0000023ed9601760 .functor OR 1, L_0000023ed9600030, L_0000023ed96016f0, C4<0>, C4<0>;
L_0000023ed9601840 .functor AND 1, v0000023ed94b43e0_0, L_0000023ed95a5100, C4<1>, C4<1>;
L_0000023ed95fff50 .functor NOT 1, v0000023ed94b43e0_0, C4<0>, C4<0>, C4<0>;
L_0000023ed9600110 .functor AND 1, L_0000023ed95fff50, L_0000023ed9601760, C4<1>, C4<1>;
L_0000023ed9600180 .functor OR 1, L_0000023ed9601840, L_0000023ed9600110, C4<0>, C4<0>;
v0000023ed94b34e0_0 .net *"_ivl_10", 0 0, L_0000023ed9600030;  1 drivers
v0000023ed94b1000_0 .net *"_ivl_13", 0 0, L_0000023ed95a5420;  1 drivers
v0000023ed94b1a00_0 .net *"_ivl_15", 0 0, L_0000023ed95a54c0;  1 drivers
v0000023ed94b1dc0_0 .net *"_ivl_16", 0 0, L_0000023ed9601680;  1 drivers
v0000023ed94b3b20_0 .net *"_ivl_18", 0 0, L_0000023ed9600420;  1 drivers
v0000023ed94b48e0_0 .net *"_ivl_20", 0 0, L_0000023ed96016f0;  1 drivers
v0000023ed94b4b60_0 .net *"_ivl_26", 0 0, L_0000023ed9601840;  1 drivers
v0000023ed94b4200_0 .net *"_ivl_28", 0 0, L_0000023ed95fff50;  1 drivers
v0000023ed94b45c0_0 .net *"_ivl_30", 0 0, L_0000023ed9600110;  1 drivers
v0000023ed94b3e40_0 .net *"_ivl_5", 0 0, L_0000023ed95a52e0;  1 drivers
v0000023ed94b3a80_0 .net *"_ivl_7", 0 0, L_0000023ed95a5380;  1 drivers
v0000023ed94b4ac0_0 .net *"_ivl_8", 0 0, L_0000023ed9600880;  1 drivers
v0000023ed94b3d00_0 .net "i_arith", 0 0, v0000023ed94b40c0_0;  alias, 1 drivers
v0000023ed94b4700_0 .net "i_op1", 31 0, L_0000023ed95a31c0;  alias, 1 drivers
v0000023ed94b3bc0_0 .net "i_op2", 31 0, L_0000023ed95a4660;  alias, 1 drivers
v0000023ed94b42a0_0 .net "i_opsel", 2 0, v0000023ed94b4660_0;  alias, 1 drivers
v0000023ed94b3c60_0 .net "i_sub", 0 0, v0000023ed94b4340_0;  alias, 1 drivers
v0000023ed94b3f80_0 .net "i_unsigned", 0 0, v0000023ed94b43e0_0;  alias, 1 drivers
v0000023ed94b47a0_0 .net "lt_signed", 0 0, L_0000023ed9601760;  1 drivers
v0000023ed94b3620_0 .net "lt_unsigned", 0 0, L_0000023ed95a5100;  1 drivers
v0000023ed94b3da0_0 .net "o_eq", 0 0, L_0000023ed95a5ec0;  alias, 1 drivers
v0000023ed94b4020_0 .net "o_result", 31 0, v0000023ed94b4160_0;  alias, 1 drivers
v0000023ed94b4ca0_0 .net "o_slt", 0 0, L_0000023ed9600180;  alias, 1 drivers
v0000023ed94b4160_0 .var "result", 31 0;
v0000023ed94b4840_0 .net "shamt", 4 0, L_0000023ed95a4e80;  1 drivers
v0000023ed94b4c00_0 .var "sll_result", 31 0;
v0000023ed94b36c0_0 .var "sra_result", 31 0;
v0000023ed94b3ee0_0 .var "srl_result", 31 0;
E_0000023ed949c990/0 .event anyedge, v0000023ed94b42a0_0, v0000023ed94b3c60_0, v0000023ed94b4700_0, v0000023ed94b3bc0_0;
E_0000023ed949c990/1 .event anyedge, v0000023ed94b4c00_0, v0000023ed94b4ca0_0, v0000023ed94b3d00_0, v0000023ed94b3ee0_0;
E_0000023ed949c990/2 .event anyedge, v0000023ed94b36c0_0;
E_0000023ed949c990 .event/or E_0000023ed949c990/0, E_0000023ed949c990/1, E_0000023ed949c990/2;
E_0000023ed949cb90 .event anyedge, v0000023ed94b4840_0, v0000023ed94b4700_0;
L_0000023ed95a4e80 .part L_0000023ed95a4660, 0, 5;
L_0000023ed95a5100 .cmp/gt 32, L_0000023ed95a4660, L_0000023ed95a31c0;
L_0000023ed95a52e0 .part L_0000023ed95a31c0, 31, 1;
L_0000023ed95a5380 .part L_0000023ed95a4660, 31, 1;
L_0000023ed95a5420 .part L_0000023ed95a31c0, 31, 1;
L_0000023ed95a54c0 .part L_0000023ed95a4660, 31, 1;
L_0000023ed95a5ec0 .cmp/eq 32, L_0000023ed95a31c0, L_0000023ed95a4660;
S_0000023ed902c2d0 .scope module, "u_alu_control_unit" "alu_control_unit" 7 28, 9 1 0, S_0000023ed902ca10;
 .timescale -9 -12;
    .port_info 0 /INPUT 3 "AluOp";
    .port_info 1 /INPUT 3 "Func3";
    .port_info 2 /INPUT 7 "Func7";
    .port_info 3 /INPUT 7 "opcode";
    .port_info 4 /OUTPUT 3 "AluControl_opsel";
    .port_info 5 /OUTPUT 1 "AluControl_sub";
    .port_info 6 /OUTPUT 1 "AluControl_unsigned";
    .port_info 7 /OUTPUT 1 "AluControl_arith";
v0000023ed94b40c0_0 .var "AluControl_arith", 0 0;
v0000023ed94b4660_0 .var "AluControl_opsel", 2 0;
v0000023ed94b4340_0 .var "AluControl_sub", 0 0;
v0000023ed94b43e0_0 .var "AluControl_unsigned", 0 0;
v0000023ed94b3760_0 .net "AluOp", 2 0, v0000023ed957cc50_0;  alias, 1 drivers
v0000023ed94b4480_0 .net "Func3", 2 0, v0000023ed9582e80_0;  alias, 1 drivers
v0000023ed94b4520_0 .net "Func7", 6 0, v0000023ed9583880_0;  alias, 1 drivers
v0000023ed94b4980_0 .net "opcode", 6 0, v0000023ed9584be0_0;  alias, 1 drivers
E_0000023ed949c790 .event anyedge, v0000023ed94b3760_0, v0000023ed94b4980_0, v0000023ed94b4480_0, v0000023ed94b4520_0;
S_0000023ed902c460 .scope module, "u_memory" "memory" 3 640, 10 1 0, S_0000023ed94d4450;
 .timescale -9 -12;
    .port_info 0 /INPUT 32 "EffAddr";
    .port_info 1 /INPUT 32 "StoreData";
    .port_info 2 /INPUT 3 "Func3";
    .port_info 3 /INPUT 1 "MemRead";
    .port_info 4 /INPUT 1 "MemWrite";
    .port_info 5 /INPUT 32 "i_dmem_rdata";
    .port_info 6 /OUTPUT 32 "o_dmem_addr";
    .port_info 7 /OUTPUT 4 "o_dmem_mask";
    .port_info 8 /OUTPUT 32 "o_dmem_wdata";
    .port_info 9 /OUTPUT 1 "o_dmem_ren";
    .port_info 10 /OUTPUT 1 "o_dmem_wen";
    .port_info 11 /OUTPUT 32 "LoadData";
    .port_info 12 /OUTPUT 1 "MisalignTrap";
L_0000023ed960a220 .functor OR 1, L_0000023ed959ea80, L_0000023ed959ec60, C4<0>, C4<0>;
L_0000023ed960b5d0 .functor AND 1, L_0000023ed960baa0, L_0000023ed959eb20, C4<1>, C4<1>;
L_0000023ed960a3e0 .functor AND 1, L_0000023ed960b560, L_0000023ed95a0380, C4<1>, C4<1>;
L_0000023ed960b870 .functor OR 1, L_0000023ed960b5d0, L_0000023ed960a3e0, C4<0>, C4<0>;
L_0000023ed960ab50 .functor NOT 1, L_0000023ed960b870, C4<0>, C4<0>, C4<0>;
L_0000023ed960a990 .functor AND 1, L_0000023ed960baa0, L_0000023ed960ab50, C4<1>, C4<1>;
L_0000023ed960b640 .functor NOT 1, L_0000023ed960b870, C4<0>, C4<0>, C4<0>;
L_0000023ed960aa70 .functor AND 1, L_0000023ed960b560, L_0000023ed960b640, C4<1>, C4<1>;
L_0000023ed960a920 .functor OR 1, L_0000023ed960baa0, L_0000023ed960b560, C4<0>, C4<0>;
L_0000023ed960b6b0 .functor AND 4, L_0000023ed959f160, v0000023ed9573f10_0, C4<1111>, C4<1111>;
L_0000023ed960bb10 .functor AND 32, L_0000023ed95a07e0, v0000023ed9574870_0, C4<11111111111111111111111111111111>, C4<11111111111111111111111111111111>;
L_0000023ed960bb80 .functor NOT 1, L_0000023ed960b870, C4<0>, C4<0>, C4<0>;
L_0000023ed960bbf0 .functor AND 1, L_0000023ed960baa0, L_0000023ed960bb80, C4<1>, C4<1>;
L_0000023ed960a530 .functor AND 32, L_0000023ed95a0240, v0000023ed9573e70_0, C4<11111111111111111111111111111111>, C4<11111111111111111111111111111111>;
v0000023ed9572570_0 .net "EffAddr", 31 0, v0000023ed957a770_0;  1 drivers
v0000023ed9572610_0 .net "Func3", 2 0, v0000023ed957ad10_0;  1 drivers
v0000023ed95744b0_0 .net "LoadData", 31 0, L_0000023ed960a530;  alias, 1 drivers
v0000023ed9573ab0_0 .net "MemRead", 0 0, L_0000023ed960baa0;  alias, 1 drivers
v0000023ed9573470_0 .net "MemWrite", 0 0, L_0000023ed960b560;  alias, 1 drivers
v0000023ed9573650_0 .net "MisalignTrap", 0 0, L_0000023ed960b870;  alias, 1 drivers
v0000023ed9574370_0 .net "StoreData", 31 0, L_0000023ed959f480;  alias, 1 drivers
v0000023ed9573a10_0 .net *"_ivl_11", 1 0, L_0000023ed959fd40;  1 drivers
L_0000023ed95a7670 .functor BUFT 1, C4<001>, C4<0>, C4<0>, C4<0>;
v0000023ed9573510_0 .net/2u *"_ivl_14", 2 0, L_0000023ed95a7670;  1 drivers
v0000023ed95735b0_0 .net *"_ivl_16", 0 0, L_0000023ed959ea80;  1 drivers
L_0000023ed95a76b8 .functor BUFT 1, C4<101>, C4<0>, C4<0>, C4<0>;
v0000023ed95726b0_0 .net/2u *"_ivl_18", 2 0, L_0000023ed95a76b8;  1 drivers
v0000023ed95738d0_0 .net *"_ivl_20", 0 0, L_0000023ed959ec60;  1 drivers
v0000023ed9572430_0 .net *"_ivl_22", 0 0, L_0000023ed960a220;  1 drivers
L_0000023ed95a7700 .functor BUFT 1, C4<010>, C4<0>, C4<0>, C4<0>;
v0000023ed9574050_0 .net/2u *"_ivl_24", 2 0, L_0000023ed95a7700;  1 drivers
v0000023ed9572750_0 .net *"_ivl_26", 0 0, L_0000023ed95a0420;  1 drivers
L_0000023ed95a7748 .functor BUFT 1, C4<0>, C4<0>, C4<0>, C4<0>;
v0000023ed9573dd0_0 .net/2u *"_ivl_28", 0 0, L_0000023ed95a7748;  1 drivers
v0000023ed95727f0_0 .net *"_ivl_3", 29 0, L_0000023ed959e1c0;  1 drivers
v0000023ed9573010_0 .net *"_ivl_30", 0 0, L_0000023ed959f020;  1 drivers
v0000023ed9573c90_0 .net *"_ivl_32", 0 0, L_0000023ed959eb20;  1 drivers
L_0000023ed95a7790 .functor BUFT 1, C4<001>, C4<0>, C4<0>, C4<0>;
v0000023ed9573b50_0 .net/2u *"_ivl_36", 2 0, L_0000023ed95a7790;  1 drivers
v0000023ed9573bf0_0 .net *"_ivl_38", 0 0, L_0000023ed959ff20;  1 drivers
L_0000023ed95a7628 .functor BUFT 1, C4<00>, C4<0>, C4<0>, C4<0>;
v0000023ed95722f0_0 .net/2u *"_ivl_4", 1 0, L_0000023ed95a7628;  1 drivers
L_0000023ed95a77d8 .functor BUFT 1, C4<010>, C4<0>, C4<0>, C4<0>;
v0000023ed9574730_0 .net/2u *"_ivl_40", 2 0, L_0000023ed95a77d8;  1 drivers
v0000023ed9573790_0 .net *"_ivl_42", 0 0, L_0000023ed959fde0;  1 drivers
L_0000023ed95a7820 .functor BUFT 1, C4<0>, C4<0>, C4<0>, C4<0>;
v0000023ed95736f0_0 .net/2u *"_ivl_44", 0 0, L_0000023ed95a7820;  1 drivers
v0000023ed9572e30_0 .net *"_ivl_46", 0 0, L_0000023ed959ebc0;  1 drivers
v0000023ed9572890_0 .net *"_ivl_48", 0 0, L_0000023ed95a0380;  1 drivers
v0000023ed95730b0_0 .net *"_ivl_54", 0 0, L_0000023ed960ab50;  1 drivers
v0000023ed9572a70_0 .net *"_ivl_58", 0 0, L_0000023ed960b640;  1 drivers
v0000023ed9573830_0 .net *"_ivl_62", 0 0, L_0000023ed960a920;  1 drivers
v0000023ed9572c50_0 .net *"_ivl_64", 3 0, L_0000023ed959f160;  1 drivers
v0000023ed95731f0_0 .net *"_ivl_68", 31 0, L_0000023ed95a07e0;  1 drivers
v0000023ed9573290_0 .net *"_ivl_76", 0 0, L_0000023ed960bb80;  1 drivers
v0000023ed9573330_0 .net *"_ivl_78", 0 0, L_0000023ed960bbf0;  1 drivers
v0000023ed9574190_0 .net *"_ivl_80", 31 0, L_0000023ed95a0240;  1 drivers
v0000023ed9573d30_0 .net "byte_offset", 1 0, L_0000023ed959e080;  1 drivers
v0000023ed95740f0_0 .net "i_dmem_rdata", 31 0, v0000023ed9582020_0;  alias, 1 drivers
v0000023ed9573e70_0 .var "loaddata_dec", 31 0;
v0000023ed9573f10_0 .var "mask_dec", 3 0;
v0000023ed9573fb0_0 .net "misalign_half", 0 0, L_0000023ed959f980;  1 drivers
v0000023ed9574550_0 .net "misalign_load", 0 0, L_0000023ed960b5d0;  1 drivers
v0000023ed9572b10_0 .net "misalign_store", 0 0, L_0000023ed960a3e0;  1 drivers
v0000023ed9574230_0 .net "misalign_word", 0 0, L_0000023ed959e620;  1 drivers
v0000023ed95742d0_0 .net "o_dmem_addr", 31 0, L_0000023ed959fa20;  alias, 1 drivers
v0000023ed9572930_0 .net "o_dmem_mask", 3 0, L_0000023ed960b6b0;  alias, 1 drivers
v0000023ed9572390_0 .net "o_dmem_ren", 0 0, L_0000023ed960a990;  alias, 1 drivers
v0000023ed95729d0_0 .net "o_dmem_wdata", 31 0, L_0000023ed960bb10;  alias, 1 drivers
v0000023ed95745f0_0 .net "o_dmem_wen", 0 0, L_0000023ed960aa70;  alias, 1 drivers
v0000023ed9574410_0 .net "rbyte", 7 0, L_0000023ed959f700;  1 drivers
v0000023ed9572cf0_0 .var "rdata_shifted", 31 0;
v0000023ed9572d90_0 .net "rhalf", 15 0, L_0000023ed959ee40;  1 drivers
v0000023ed9574690_0 .var "sb_data", 31 0;
v0000023ed95747d0_0 .var "sh_data", 31 0;
v0000023ed9574870_0 .var "store_data_dec", 31 0;
E_0000023ed949bed0 .event anyedge, v0000023ed9572610_0, v0000023ed9574410_0, v0000023ed9572d90_0, v0000023ed9572cf0_0;
E_0000023ed949cbd0 .event anyedge, v0000023ed9573d30_0, v0000023ed95740f0_0;
E_0000023ed949cc90 .event anyedge, v0000023ed9572610_0, v0000023ed9574690_0, v0000023ed95747d0_0, v0000023ed9574370_0;
E_0000023ed949c890 .event anyedge, v0000023ed9573d30_0, v0000023ed9574370_0;
E_0000023ed949cc10 .event anyedge, v0000023ed9572610_0, v0000023ed9573d30_0;
L_0000023ed959e080 .part v0000023ed957a770_0, 0, 2;
L_0000023ed959e1c0 .part v0000023ed957a770_0, 2, 30;
L_0000023ed959fa20 .concat [ 2 30 0 0], L_0000023ed95a7628, L_0000023ed959e1c0;
L_0000023ed959f980 .part v0000023ed957a770_0, 0, 1;
L_0000023ed959fd40 .part v0000023ed957a770_0, 0, 2;
L_0000023ed959e620 .reduce/or L_0000023ed959fd40;
L_0000023ed959ea80 .cmp/eq 3, v0000023ed957ad10_0, L_0000023ed95a7670;
L_0000023ed959ec60 .cmp/eq 3, v0000023ed957ad10_0, L_0000023ed95a76b8;
L_0000023ed95a0420 .cmp/eq 3, v0000023ed957ad10_0, L_0000023ed95a7700;
L_0000023ed959f020 .functor MUXZ 1, L_0000023ed95a7748, L_0000023ed959e620, L_0000023ed95a0420, C4<>;
L_0000023ed959eb20 .functor MUXZ 1, L_0000023ed959f020, L_0000023ed959f980, L_0000023ed960a220, C4<>;
L_0000023ed959ff20 .cmp/eq 3, v0000023ed957ad10_0, L_0000023ed95a7790;
L_0000023ed959fde0 .cmp/eq 3, v0000023ed957ad10_0, L_0000023ed95a77d8;
L_0000023ed959ebc0 .functor MUXZ 1, L_0000023ed95a7820, L_0000023ed959e620, L_0000023ed959fde0, C4<>;
L_0000023ed95a0380 .functor MUXZ 1, L_0000023ed959ebc0, L_0000023ed959f980, L_0000023ed959ff20, C4<>;
L_0000023ed959f160 .concat [ 1 1 1 1], L_0000023ed960a920, L_0000023ed960a920, L_0000023ed960a920, L_0000023ed960a920;
LS_0000023ed95a07e0_0_0 .concat [ 1 1 1 1], L_0000023ed960b560, L_0000023ed960b560, L_0000023ed960b560, L_0000023ed960b560;
LS_0000023ed95a07e0_0_4 .concat [ 1 1 1 1], L_0000023ed960b560, L_0000023ed960b560, L_0000023ed960b560, L_0000023ed960b560;
LS_0000023ed95a07e0_0_8 .concat [ 1 1 1 1], L_0000023ed960b560, L_0000023ed960b560, L_0000023ed960b560, L_0000023ed960b560;
LS_0000023ed95a07e0_0_12 .concat [ 1 1 1 1], L_0000023ed960b560, L_0000023ed960b560, L_0000023ed960b560, L_0000023ed960b560;
LS_0000023ed95a07e0_0_16 .concat [ 1 1 1 1], L_0000023ed960b560, L_0000023ed960b560, L_0000023ed960b560, L_0000023ed960b560;
LS_0000023ed95a07e0_0_20 .concat [ 1 1 1 1], L_0000023ed960b560, L_0000023ed960b560, L_0000023ed960b560, L_0000023ed960b560;
LS_0000023ed95a07e0_0_24 .concat [ 1 1 1 1], L_0000023ed960b560, L_0000023ed960b560, L_0000023ed960b560, L_0000023ed960b560;
LS_0000023ed95a07e0_0_28 .concat [ 1 1 1 1], L_0000023ed960b560, L_0000023ed960b560, L_0000023ed960b560, L_0000023ed960b560;
LS_0000023ed95a07e0_1_0 .concat [ 4 4 4 4], LS_0000023ed95a07e0_0_0, LS_0000023ed95a07e0_0_4, LS_0000023ed95a07e0_0_8, LS_0000023ed95a07e0_0_12;
LS_0000023ed95a07e0_1_4 .concat [ 4 4 4 4], LS_0000023ed95a07e0_0_16, LS_0000023ed95a07e0_0_20, LS_0000023ed95a07e0_0_24, LS_0000023ed95a07e0_0_28;
L_0000023ed95a07e0 .concat [ 16 16 0 0], LS_0000023ed95a07e0_1_0, LS_0000023ed95a07e0_1_4;
L_0000023ed959f700 .part v0000023ed9572cf0_0, 0, 8;
L_0000023ed959ee40 .part v0000023ed9572cf0_0, 0, 16;
LS_0000023ed95a0240_0_0 .concat [ 1 1 1 1], L_0000023ed960bbf0, L_0000023ed960bbf0, L_0000023ed960bbf0, L_0000023ed960bbf0;
LS_0000023ed95a0240_0_4 .concat [ 1 1 1 1], L_0000023ed960bbf0, L_0000023ed960bbf0, L_0000023ed960bbf0, L_0000023ed960bbf0;
LS_0000023ed95a0240_0_8 .concat [ 1 1 1 1], L_0000023ed960bbf0, L_0000023ed960bbf0, L_0000023ed960bbf0, L_0000023ed960bbf0;
LS_0000023ed95a0240_0_12 .concat [ 1 1 1 1], L_0000023ed960bbf0, L_0000023ed960bbf0, L_0000023ed960bbf0, L_0000023ed960bbf0;
LS_0000023ed95a0240_0_16 .concat [ 1 1 1 1], L_0000023ed960bbf0, L_0000023ed960bbf0, L_0000023ed960bbf0, L_0000023ed960bbf0;
LS_0000023ed95a0240_0_20 .concat [ 1 1 1 1], L_0000023ed960bbf0, L_0000023ed960bbf0, L_0000023ed960bbf0, L_0000023ed960bbf0;
LS_0000023ed95a0240_0_24 .concat [ 1 1 1 1], L_0000023ed960bbf0, L_0000023ed960bbf0, L_0000023ed960bbf0, L_0000023ed960bbf0;
LS_0000023ed95a0240_0_28 .concat [ 1 1 1 1], L_0000023ed960bbf0, L_0000023ed960bbf0, L_0000023ed960bbf0, L_0000023ed960bbf0;
LS_0000023ed95a0240_1_0 .concat [ 4 4 4 4], LS_0000023ed95a0240_0_0, LS_0000023ed95a0240_0_4, LS_0000023ed95a0240_0_8, LS_0000023ed95a0240_0_12;
LS_0000023ed95a0240_1_4 .concat [ 4 4 4 4], LS_0000023ed95a0240_0_16, LS_0000023ed95a0240_0_20, LS_0000023ed95a0240_0_24, LS_0000023ed95a0240_0_28;
L_0000023ed95a0240 .concat [ 16 16 0 0], LS_0000023ed95a0240_1_0, LS_0000023ed95a0240_1_4;
S_0000023ed90126c0 .scope module, "u_writeback" "writeback" 3 693, 11 1 0, S_0000023ed94d4450;
 .timescale -9 -12;
    .port_info 0 /INPUT 32 "AluResult";
    .port_info 1 /INPUT 32 "LoadData";
    .port_info 2 /INPUT 32 "pc_plus4";
    .port_info 3 /INPUT 32 "Offset";
    .port_info 4 /INPUT 1 "MemToReg";
    .port_info 5 /INPUT 1 "lui";
    .port_info 6 /INPUT 1 "Jump";
    .port_info 7 /OUTPUT 32 "WriteData";
v0000023ed95721b0_0 .net "AluResult", 31 0, v0000023ed9585b80_0;  1 drivers
v0000023ed9572250_0 .net "Jump", 0 0, v0000023ed9586e40_0;  1 drivers
v0000023ed9574ff0_0 .net "LoadData", 31 0, v0000023ed95877a0_0;  1 drivers
v0000023ed9575bd0_0 .net "MemToReg", 0 0, v0000023ed95873e0_0;  1 drivers
v0000023ed9575810_0 .net "Offset", 31 0, v0000023ed9587520_0;  1 drivers
v0000023ed95749b0_0 .net "WriteData", 31 0, L_0000023ed95a0060;  alias, 1 drivers
v0000023ed9575ef0_0 .net *"_ivl_0", 31 0, L_0000023ed95a0560;  1 drivers
v0000023ed9575590_0 .net *"_ivl_2", 31 0, L_0000023ed959fac0;  1 drivers
v0000023ed9575b30_0 .net "lui", 0 0, v0000023ed95870c0_0;  1 drivers
v0000023ed9574af0_0 .net "pc_plus4", 31 0, v0000023ed9585400_0;  1 drivers
L_0000023ed95a0560 .functor MUXZ 32, v0000023ed9585b80_0, v0000023ed95877a0_0, v0000023ed95873e0_0, C4<>;
L_0000023ed959fac0 .functor MUXZ 32, L_0000023ed95a0560, v0000023ed9587520_0, v0000023ed95870c0_0, C4<>;
L_0000023ed95a0060 .functor MUXZ 32, L_0000023ed959fac0, v0000023ed9585400_0, v0000023ed9586e40_0, C4<>;
    .scope S_0000023ed903e9b0;
T_0 ;
    %wait E_0000023ed949c950;
    %load/vec4 v0000023ed94aef40_0;
    %flag_set/vec4 8;
    %jmp/0xz  T_0.0, 8;
    %pushi/vec4 0, 0, 32;
    %ix/load 3, 0, 0;
    %flag_set/imm 4, 0;
    %ix/load 4, 0, 0; Constant delay
    %assign/vec4/a/d v0000023ed94b07a0, 0, 4;
    %pushi/vec4 0, 0, 32;
    %ix/load 3, 1, 0;
    %flag_set/imm 4, 0;
    %ix/load 4, 0, 0; Constant delay
    %assign/vec4/a/d v0000023ed94b07a0, 0, 4;
    %pushi/vec4 0, 0, 32;
    %ix/load 3, 2, 0;
    %flag_set/imm 4, 0;
    %ix/load 4, 0, 0; Constant delay
    %assign/vec4/a/d v0000023ed94b07a0, 0, 4;
    %pushi/vec4 0, 0, 32;
    %ix/load 3, 3, 0;
    %flag_set/imm 4, 0;
    %ix/load 4, 0, 0; Constant delay
    %assign/vec4/a/d v0000023ed94b07a0, 0, 4;
    %pushi/vec4 0, 0, 32;
    %ix/load 3, 4, 0;
    %flag_set/imm 4, 0;
    %ix/load 4, 0, 0; Constant delay
    %assign/vec4/a/d v0000023ed94b07a0, 0, 4;
    %pushi/vec4 0, 0, 32;
    %ix/load 3, 5, 0;
    %flag_set/imm 4, 0;
    %ix/load 4, 0, 0; Constant delay
    %assign/vec4/a/d v0000023ed94b07a0, 0, 4;
    %pushi/vec4 0, 0, 32;
    %ix/load 3, 6, 0;
    %flag_set/imm 4, 0;
    %ix/load 4, 0, 0; Constant delay
    %assign/vec4/a/d v0000023ed94b07a0, 0, 4;
    %pushi/vec4 0, 0, 32;
    %ix/load 3, 7, 0;
    %flag_set/imm 4, 0;
    %ix/load 4, 0, 0; Constant delay
    %assign/vec4/a/d v0000023ed94b07a0, 0, 4;
    %pushi/vec4 0, 0, 32;
    %ix/load 3, 8, 0;
    %flag_set/imm 4, 0;
    %ix/load 4, 0, 0; Constant delay
    %assign/vec4/a/d v0000023ed94b07a0, 0, 4;
    %pushi/vec4 0, 0, 32;
    %ix/load 3, 9, 0;
    %flag_set/imm 4, 0;
    %ix/load 4, 0, 0; Constant delay
    %assign/vec4/a/d v0000023ed94b07a0, 0, 4;
    %pushi/vec4 0, 0, 32;
    %ix/load 3, 10, 0;
    %flag_set/imm 4, 0;
    %ix/load 4, 0, 0; Constant delay
    %assign/vec4/a/d v0000023ed94b07a0, 0, 4;
    %pushi/vec4 0, 0, 32;
    %ix/load 3, 11, 0;
    %flag_set/imm 4, 0;
    %ix/load 4, 0, 0; Constant delay
    %assign/vec4/a/d v0000023ed94b07a0, 0, 4;
    %pushi/vec4 0, 0, 32;
    %ix/load 3, 12, 0;
    %flag_set/imm 4, 0;
    %ix/load 4, 0, 0; Constant delay
    %assign/vec4/a/d v0000023ed94b07a0, 0, 4;
    %pushi/vec4 0, 0, 32;
    %ix/load 3, 13, 0;
    %flag_set/imm 4, 0;
    %ix/load 4, 0, 0; Constant delay
    %assign/vec4/a/d v0000023ed94b07a0, 0, 4;
    %pushi/vec4 0, 0, 32;
    %ix/load 3, 14, 0;
    %flag_set/imm 4, 0;
    %ix/load 4, 0, 0; Constant delay
    %assign/vec4/a/d v0000023ed94b07a0, 0, 4;
    %pushi/vec4 0, 0, 32;
    %ix/load 3, 15, 0;
    %flag_set/imm 4, 0;
    %ix/load 4, 0, 0; Constant delay
    %assign/vec4/a/d v0000023ed94b07a0, 0, 4;
    %pushi/vec4 0, 0, 32;
    %ix/load 3, 16, 0;
    %flag_set/imm 4, 0;
    %ix/load 4, 0, 0; Constant delay
    %assign/vec4/a/d v0000023ed94b07a0, 0, 4;
    %pushi/vec4 0, 0, 32;
    %ix/load 3, 17, 0;
    %flag_set/imm 4, 0;
    %ix/load 4, 0, 0; Constant delay
    %assign/vec4/a/d v0000023ed94b07a0, 0, 4;
    %pushi/vec4 0, 0, 32;
    %ix/load 3, 18, 0;
    %flag_set/imm 4, 0;
    %ix/load 4, 0, 0; Constant delay
    %assign/vec4/a/d v0000023ed94b07a0, 0, 4;
    %pushi/vec4 0, 0, 32;
    %ix/load 3, 19, 0;
    %flag_set/imm 4, 0;
    %ix/load 4, 0, 0; Constant delay
    %assign/vec4/a/d v0000023ed94b07a0, 0, 4;
    %pushi/vec4 0, 0, 32;
    %ix/load 3, 20, 0;
    %flag_set/imm 4, 0;
    %ix/load 4, 0, 0; Constant delay
    %assign/vec4/a/d v0000023ed94b07a0, 0, 4;
    %pushi/vec4 0, 0, 32;
    %ix/load 3, 21, 0;
    %flag_set/imm 4, 0;
    %ix/load 4, 0, 0; Constant delay
    %assign/vec4/a/d v0000023ed94b07a0, 0, 4;
    %pushi/vec4 0, 0, 32;
    %ix/load 3, 22, 0;
    %flag_set/imm 4, 0;
    %ix/load 4, 0, 0; Constant delay
    %assign/vec4/a/d v0000023ed94b07a0, 0, 4;
    %pushi/vec4 0, 0, 32;
    %ix/load 3, 23, 0;
    %flag_set/imm 4, 0;
    %ix/load 4, 0, 0; Constant delay
    %assign/vec4/a/d v0000023ed94b07a0, 0, 4;
    %pushi/vec4 0, 0, 32;
    %ix/load 3, 24, 0;
    %flag_set/imm 4, 0;
    %ix/load 4, 0, 0; Constant delay
    %assign/vec4/a/d v0000023ed94b07a0, 0, 4;
    %pushi/vec4 0, 0, 32;
    %ix/load 3, 25, 0;
    %flag_set/imm 4, 0;
    %ix/load 4, 0, 0; Constant delay
    %assign/vec4/a/d v0000023ed94b07a0, 0, 4;
    %pushi/vec4 0, 0, 32;
    %ix/load 3, 26, 0;
    %flag_set/imm 4, 0;
    %ix/load 4, 0, 0; Constant delay
    %assign/vec4/a/d v0000023ed94b07a0, 0, 4;
    %pushi/vec4 0, 0, 32;
    %ix/load 3, 27, 0;
    %flag_set/imm 4, 0;
    %ix/load 4, 0, 0; Constant delay
    %assign/vec4/a/d v0000023ed94b07a0, 0, 4;
    %pushi/vec4 0, 0, 32;
    %ix/load 3, 28, 0;
    %flag_set/imm 4, 0;
    %ix/load 4, 0, 0; Constant delay
    %assign/vec4/a/d v0000023ed94b07a0, 0, 4;
    %pushi/vec4 0, 0, 32;
    %ix/load 3, 29, 0;
    %flag_set/imm 4, 0;
    %ix/load 4, 0, 0; Constant delay
    %assign/vec4/a/d v0000023ed94b07a0, 0, 4;
    %pushi/vec4 0, 0, 32;
    %ix/load 3, 30, 0;
    %flag_set/imm 4, 0;
    %ix/load 4, 0, 0; Constant delay
    %assign/vec4/a/d v0000023ed94b07a0, 0, 4;
    %pushi/vec4 0, 0, 32;
    %ix/load 3, 31, 0;
    %flag_set/imm 4, 0;
    %ix/load 4, 0, 0; Constant delay
    %assign/vec4/a/d v0000023ed94b07a0, 0, 4;
    %jmp T_0.1;
T_0.0 ;
    %load/vec4 v0000023ed94b0c00_0;
    %flag_set/vec4 9;
    %flag_get/vec4 9;
    %jmp/0 T_0.4, 9;
    %load/vec4 v0000023ed94aff80_0;
    %pushi/vec4 0, 0, 5;
    %cmp/ne;
    %flag_get/vec4 4;
    %and;
T_0.4;
    %flag_set/vec4 8;
    %jmp/0xz  T_0.2, 8;
    %load/vec4 v0000023ed94af940_0;
    %load/vec4 v0000023ed94aff80_0;
    %pad/u 7;
    %ix/vec4 3;
    %ix/load 4, 0, 0; Constant delay
    %assign/vec4/a/d v0000023ed94b07a0, 0, 4;
T_0.2 ;
T_0.1 ;
    %jmp T_0;
    .thread T_0;
    .scope S_0000023ed902c2d0;
T_1 ;
    %wait E_0000023ed949c790;
    %pushi/vec4 0, 0, 3;
    %store/vec4 v0000023ed94b4660_0, 0, 3;
    %pushi/vec4 0, 0, 1;
    %store/vec4 v0000023ed94b4340_0, 0, 1;
    %pushi/vec4 0, 0, 1;
    %store/vec4 v0000023ed94b43e0_0, 0, 1;
    %pushi/vec4 0, 0, 1;
    %store/vec4 v0000023ed94b40c0_0, 0, 1;
    %load/vec4 v0000023ed94b3760_0;
    %dup/vec4;
    %pushi/vec4 1, 2, 3;
    %cmp/z;
    %jmp/1 T_1.0, 4;
    %dup/vec4;
    %pushi/vec4 0, 2, 3;
    %cmp/z;
    %jmp/1 T_1.1, 4;
    %dup/vec4;
    %pushi/vec4 6, 0, 3;
    %cmp/z;
    %jmp/1 T_1.2, 4;
    %pushi/vec4 0, 0, 3;
    %store/vec4 v0000023ed94b4660_0, 0, 3;
    %pushi/vec4 0, 0, 1;
    %store/vec4 v0000023ed94b4340_0, 0, 1;
    %pushi/vec4 0, 0, 1;
    %store/vec4 v0000023ed94b43e0_0, 0, 1;
    %pushi/vec4 0, 0, 1;
    %store/vec4 v0000023ed94b40c0_0, 0, 1;
    %jmp T_1.4;
T_1.0 ;
    %load/vec4 v0000023ed94b4980_0;
    %dup/vec4;
    %pushi/vec4 55, 0, 7;
    %cmp/u;
    %jmp/1 T_1.5, 6;
    %dup/vec4;
    %pushi/vec4 23, 0, 7;
    %cmp/u;
    %jmp/1 T_1.6, 6;
    %load/vec4 v0000023ed94b4480_0;
    %store/vec4 v0000023ed94b4660_0, 0, 3;
    %load/vec4 v0000023ed94b4980_0;
    %pushi/vec4 51, 0, 7;
    %cmp/e;
    %flag_get/vec4 4;
    %load/vec4 v0000023ed94b4480_0;
    %pushi/vec4 0, 0, 3;
    %cmp/e;
    %flag_get/vec4 4;
    %and;
    %load/vec4 v0000023ed94b4520_0;
    %parti/s 1, 5, 4;
    %and;
    %store/vec4 v0000023ed94b4340_0, 0, 1;
    %load/vec4 v0000023ed94b4480_0;
    %pushi/vec4 3, 0, 3;
    %cmp/e;
    %flag_get/vec4 4;
    %store/vec4 v0000023ed94b43e0_0, 0, 1;
    %load/vec4 v0000023ed94b4480_0;
    %pushi/vec4 5, 0, 3;
    %cmp/e;
    %flag_get/vec4 4;
    %load/vec4 v0000023ed94b4520_0;
    %parti/s 1, 5, 4;
    %and;
    %store/vec4 v0000023ed94b40c0_0, 0, 1;
    %jmp T_1.8;
T_1.5 ;
    %pushi/vec4 0, 0, 3;
    %store/vec4 v0000023ed94b4660_0, 0, 3;
    %pushi/vec4 0, 0, 1;
    %store/vec4 v0000023ed94b4340_0, 0, 1;
    %pushi/vec4 0, 0, 1;
    %store/vec4 v0000023ed94b43e0_0, 0, 1;
    %pushi/vec4 0, 0, 1;
    %store/vec4 v0000023ed94b40c0_0, 0, 1;
    %jmp T_1.8;
T_1.6 ;
    %pushi/vec4 0, 0, 3;
    %store/vec4 v0000023ed94b4660_0, 0, 3;
    %pushi/vec4 0, 0, 1;
    %store/vec4 v0000023ed94b4340_0, 0, 1;
    %pushi/vec4 0, 0, 1;
    %store/vec4 v0000023ed94b43e0_0, 0, 1;
    %pushi/vec4 0, 0, 1;
    %store/vec4 v0000023ed94b40c0_0, 0, 1;
    %jmp T_1.8;
T_1.8 ;
    %pop/vec4 1;
    %jmp T_1.4;
T_1.1 ;
    %pushi/vec4 0, 0, 3;
    %store/vec4 v0000023ed94b4660_0, 0, 3;
    %pushi/vec4 0, 0, 1;
    %store/vec4 v0000023ed94b4340_0, 0, 1;
    %pushi/vec4 0, 0, 1;
    %store/vec4 v0000023ed94b43e0_0, 0, 1;
    %pushi/vec4 0, 0, 1;
    %store/vec4 v0000023ed94b40c0_0, 0, 1;
    %jmp T_1.4;
T_1.2 ;
    %pushi/vec4 0, 0, 3;
    %store/vec4 v0000023ed94b4660_0, 0, 3;
    %load/vec4 v0000023ed94b4980_0;
    %pushi/vec4 99, 0, 7;
    %cmp/e;
    %flag_get/vec4 4;
    %store/vec4 v0000023ed94b4340_0, 0, 1;
    %load/vec4 v0000023ed94b4980_0;
    %pushi/vec4 99, 0, 7;
    %cmp/e;
    %flag_get/vec4 4;
    %load/vec4 v0000023ed94b4480_0;
    %parti/s 1, 1, 2;
    %and;
    %store/vec4 v0000023ed94b43e0_0, 0, 1;
    %pushi/vec4 0, 0, 1;
    %store/vec4 v0000023ed94b40c0_0, 0, 1;
    %jmp T_1.4;
T_1.4 ;
    %pop/vec4 1;
    %jmp T_1;
    .thread T_1, $push;
    .scope S_0000023ed902cba0;
T_2 ;
    %wait E_0000023ed949cb90;
    %load/vec4 v0000023ed94b4840_0;
    %dup/vec4;
    %pushi/vec4 0, 0, 5;
    %cmp/u;
    %jmp/1 T_2.0, 6;
    %dup/vec4;
    %pushi/vec4 1, 0, 5;
    %cmp/u;
    %jmp/1 T_2.1, 6;
    %dup/vec4;
    %pushi/vec4 2, 0, 5;
    %cmp/u;
    %jmp/1 T_2.2, 6;
    %dup/vec4;
    %pushi/vec4 3, 0, 5;
    %cmp/u;
    %jmp/1 T_2.3, 6;
    %dup/vec4;
    %pushi/vec4 4, 0, 5;
    %cmp/u;
    %jmp/1 T_2.4, 6;
    %dup/vec4;
    %pushi/vec4 5, 0, 5;
    %cmp/u;
    %jmp/1 T_2.5, 6;
    %dup/vec4;
    %pushi/vec4 6, 0, 5;
    %cmp/u;
    %jmp/1 T_2.6, 6;
    %dup/vec4;
    %pushi/vec4 7, 0, 5;
    %cmp/u;
    %jmp/1 T_2.7, 6;
    %dup/vec4;
    %pushi/vec4 8, 0, 5;
    %cmp/u;
    %jmp/1 T_2.8, 6;
    %dup/vec4;
    %pushi/vec4 9, 0, 5;
    %cmp/u;
    %jmp/1 T_2.9, 6;
    %dup/vec4;
    %pushi/vec4 10, 0, 5;
    %cmp/u;
    %jmp/1 T_2.10, 6;
    %dup/vec4;
    %pushi/vec4 11, 0, 5;
    %cmp/u;
    %jmp/1 T_2.11, 6;
    %dup/vec4;
    %pushi/vec4 12, 0, 5;
    %cmp/u;
    %jmp/1 T_2.12, 6;
    %dup/vec4;
    %pushi/vec4 13, 0, 5;
    %cmp/u;
    %jmp/1 T_2.13, 6;
    %dup/vec4;
    %pushi/vec4 14, 0, 5;
    %cmp/u;
    %jmp/1 T_2.14, 6;
    %dup/vec4;
    %pushi/vec4 15, 0, 5;
    %cmp/u;
    %jmp/1 T_2.15, 6;
    %dup/vec4;
    %pushi/vec4 16, 0, 5;
    %cmp/u;
    %jmp/1 T_2.16, 6;
    %dup/vec4;
    %pushi/vec4 17, 0, 5;
    %cmp/u;
    %jmp/1 T_2.17, 6;
    %dup/vec4;
    %pushi/vec4 18, 0, 5;
    %cmp/u;
    %jmp/1 T_2.18, 6;
    %dup/vec4;
    %pushi/vec4 19, 0, 5;
    %cmp/u;
    %jmp/1 T_2.19, 6;
    %dup/vec4;
    %pushi/vec4 20, 0, 5;
    %cmp/u;
    %jmp/1 T_2.20, 6;
    %dup/vec4;
    %pushi/vec4 21, 0, 5;
    %cmp/u;
    %jmp/1 T_2.21, 6;
    %dup/vec4;
    %pushi/vec4 22, 0, 5;
    %cmp/u;
    %jmp/1 T_2.22, 6;
    %dup/vec4;
    %pushi/vec4 23, 0, 5;
    %cmp/u;
    %jmp/1 T_2.23, 6;
    %dup/vec4;
    %pushi/vec4 24, 0, 5;
    %cmp/u;
    %jmp/1 T_2.24, 6;
    %dup/vec4;
    %pushi/vec4 25, 0, 5;
    %cmp/u;
    %jmp/1 T_2.25, 6;
    %dup/vec4;
    %pushi/vec4 26, 0, 5;
    %cmp/u;
    %jmp/1 T_2.26, 6;
    %dup/vec4;
    %pushi/vec4 27, 0, 5;
    %cmp/u;
    %jmp/1 T_2.27, 6;
    %dup/vec4;
    %pushi/vec4 28, 0, 5;
    %cmp/u;
    %jmp/1 T_2.28, 6;
    %dup/vec4;
    %pushi/vec4 29, 0, 5;
    %cmp/u;
    %jmp/1 T_2.29, 6;
    %dup/vec4;
    %pushi/vec4 30, 0, 5;
    %cmp/u;
    %jmp/1 T_2.30, 6;
    %dup/vec4;
    %pushi/vec4 31, 0, 5;
    %cmp/u;
    %jmp/1 T_2.31, 6;
    %pushi/vec4 0, 0, 32;
    %store/vec4 v0000023ed94b4c00_0, 0, 32;
    %jmp T_2.33;
T_2.0 ;
    %load/vec4 v0000023ed94b4700_0;
    %store/vec4 v0000023ed94b4c00_0, 0, 32;
    %jmp T_2.33;
T_2.1 ;
    %load/vec4 v0000023ed94b4700_0;
    %parti/s 31, 0, 2;
    %concati/vec4 0, 0, 1;
    %store/vec4 v0000023ed94b4c00_0, 0, 32;
    %jmp T_2.33;
T_2.2 ;
    %load/vec4 v0000023ed94b4700_0;
    %parti/s 30, 0, 2;
    %concati/vec4 0, 0, 2;
    %store/vec4 v0000023ed94b4c00_0, 0, 32;
    %jmp T_2.33;
T_2.3 ;
    %load/vec4 v0000023ed94b4700_0;
    %parti/s 29, 0, 2;
    %concati/vec4 0, 0, 3;
    %store/vec4 v0000023ed94b4c00_0, 0, 32;
    %jmp T_2.33;
T_2.4 ;
    %load/vec4 v0000023ed94b4700_0;
    %parti/s 28, 0, 2;
    %concati/vec4 0, 0, 4;
    %store/vec4 v0000023ed94b4c00_0, 0, 32;
    %jmp T_2.33;
T_2.5 ;
    %load/vec4 v0000023ed94b4700_0;
    %parti/s 27, 0, 2;
    %concati/vec4 0, 0, 5;
    %store/vec4 v0000023ed94b4c00_0, 0, 32;
    %jmp T_2.33;
T_2.6 ;
    %load/vec4 v0000023ed94b4700_0;
    %parti/s 26, 0, 2;
    %concati/vec4 0, 0, 6;
    %store/vec4 v0000023ed94b4c00_0, 0, 32;
    %jmp T_2.33;
T_2.7 ;
    %load/vec4 v0000023ed94b4700_0;
    %parti/s 25, 0, 2;
    %concati/vec4 0, 0, 7;
    %store/vec4 v0000023ed94b4c00_0, 0, 32;
    %jmp T_2.33;
T_2.8 ;
    %load/vec4 v0000023ed94b4700_0;
    %parti/s 24, 0, 2;
    %concati/vec4 0, 0, 8;
    %store/vec4 v0000023ed94b4c00_0, 0, 32;
    %jmp T_2.33;
T_2.9 ;
    %load/vec4 v0000023ed94b4700_0;
    %parti/s 23, 0, 2;
    %concati/vec4 0, 0, 9;
    %store/vec4 v0000023ed94b4c00_0, 0, 32;
    %jmp T_2.33;
T_2.10 ;
    %load/vec4 v0000023ed94b4700_0;
    %parti/s 22, 0, 2;
    %concati/vec4 0, 0, 10;
    %store/vec4 v0000023ed94b4c00_0, 0, 32;
    %jmp T_2.33;
T_2.11 ;
    %load/vec4 v0000023ed94b4700_0;
    %parti/s 21, 0, 2;
    %concati/vec4 0, 0, 11;
    %store/vec4 v0000023ed94b4c00_0, 0, 32;
    %jmp T_2.33;
T_2.12 ;
    %load/vec4 v0000023ed94b4700_0;
    %parti/s 20, 0, 2;
    %concati/vec4 0, 0, 12;
    %store/vec4 v0000023ed94b4c00_0, 0, 32;
    %jmp T_2.33;
T_2.13 ;
    %load/vec4 v0000023ed94b4700_0;
    %parti/s 19, 0, 2;
    %concati/vec4 0, 0, 13;
    %store/vec4 v0000023ed94b4c00_0, 0, 32;
    %jmp T_2.33;
T_2.14 ;
    %load/vec4 v0000023ed94b4700_0;
    %parti/s 18, 0, 2;
    %concati/vec4 0, 0, 14;
    %store/vec4 v0000023ed94b4c00_0, 0, 32;
    %jmp T_2.33;
T_2.15 ;
    %load/vec4 v0000023ed94b4700_0;
    %parti/s 17, 0, 2;
    %concati/vec4 0, 0, 15;
    %store/vec4 v0000023ed94b4c00_0, 0, 32;
    %jmp T_2.33;
T_2.16 ;
    %load/vec4 v0000023ed94b4700_0;
    %parti/s 16, 0, 2;
    %concati/vec4 0, 0, 16;
    %store/vec4 v0000023ed94b4c00_0, 0, 32;
    %jmp T_2.33;
T_2.17 ;
    %load/vec4 v0000023ed94b4700_0;
    %parti/s 15, 0, 2;
    %concati/vec4 0, 0, 17;
    %store/vec4 v0000023ed94b4c00_0, 0, 32;
    %jmp T_2.33;
T_2.18 ;
    %load/vec4 v0000023ed94b4700_0;
    %parti/s 14, 0, 2;
    %concati/vec4 0, 0, 18;
    %store/vec4 v0000023ed94b4c00_0, 0, 32;
    %jmp T_2.33;
T_2.19 ;
    %load/vec4 v0000023ed94b4700_0;
    %parti/s 13, 0, 2;
    %concati/vec4 0, 0, 19;
    %store/vec4 v0000023ed94b4c00_0, 0, 32;
    %jmp T_2.33;
T_2.20 ;
    %load/vec4 v0000023ed94b4700_0;
    %parti/s 12, 0, 2;
    %concati/vec4 0, 0, 20;
    %store/vec4 v0000023ed94b4c00_0, 0, 32;
    %jmp T_2.33;
T_2.21 ;
    %load/vec4 v0000023ed94b4700_0;
    %parti/s 11, 0, 2;
    %concati/vec4 0, 0, 21;
    %store/vec4 v0000023ed94b4c00_0, 0, 32;
    %jmp T_2.33;
T_2.22 ;
    %load/vec4 v0000023ed94b4700_0;
    %parti/s 10, 0, 2;
    %concati/vec4 0, 0, 22;
    %store/vec4 v0000023ed94b4c00_0, 0, 32;
    %jmp T_2.33;
T_2.23 ;
    %load/vec4 v0000023ed94b4700_0;
    %parti/s 9, 0, 2;
    %concati/vec4 0, 0, 23;
    %store/vec4 v0000023ed94b4c00_0, 0, 32;
    %jmp T_2.33;
T_2.24 ;
    %load/vec4 v0000023ed94b4700_0;
    %parti/s 8, 0, 2;
    %concati/vec4 0, 0, 24;
    %store/vec4 v0000023ed94b4c00_0, 0, 32;
    %jmp T_2.33;
T_2.25 ;
    %load/vec4 v0000023ed94b4700_0;
    %parti/s 7, 0, 2;
    %concati/vec4 0, 0, 25;
    %store/vec4 v0000023ed94b4c00_0, 0, 32;
    %jmp T_2.33;
T_2.26 ;
    %load/vec4 v0000023ed94b4700_0;
    %parti/s 6, 0, 2;
    %concati/vec4 0, 0, 26;
    %store/vec4 v0000023ed94b4c00_0, 0, 32;
    %jmp T_2.33;
T_2.27 ;
    %load/vec4 v0000023ed94b4700_0;
    %parti/s 5, 0, 2;
    %concati/vec4 0, 0, 27;
    %store/vec4 v0000023ed94b4c00_0, 0, 32;
    %jmp T_2.33;
T_2.28 ;
    %load/vec4 v0000023ed94b4700_0;
    %parti/s 4, 0, 2;
    %concati/vec4 0, 0, 28;
    %store/vec4 v0000023ed94b4c00_0, 0, 32;
    %jmp T_2.33;
T_2.29 ;
    %load/vec4 v0000023ed94b4700_0;
    %parti/s 3, 0, 2;
    %concati/vec4 0, 0, 29;
    %store/vec4 v0000023ed94b4c00_0, 0, 32;
    %jmp T_2.33;
T_2.30 ;
    %load/vec4 v0000023ed94b4700_0;
    %parti/s 2, 0, 2;
    %concati/vec4 0, 0, 30;
    %store/vec4 v0000023ed94b4c00_0, 0, 32;
    %jmp T_2.33;
T_2.31 ;
    %load/vec4 v0000023ed94b4700_0;
    %parti/s 1, 0, 2;
    %concati/vec4 0, 0, 31;
    %store/vec4 v0000023ed94b4c00_0, 0, 32;
    %jmp T_2.33;
T_2.33 ;
    %pop/vec4 1;
    %jmp T_2;
    .thread T_2, $push;
    .scope S_0000023ed902cba0;
T_3 ;
    %wait E_0000023ed949cb90;
    %load/vec4 v0000023ed94b4840_0;
    %dup/vec4;
    %pushi/vec4 0, 0, 5;
    %cmp/u;
    %jmp/1 T_3.0, 6;
    %dup/vec4;
    %pushi/vec4 1, 0, 5;
    %cmp/u;
    %jmp/1 T_3.1, 6;
    %dup/vec4;
    %pushi/vec4 2, 0, 5;
    %cmp/u;
    %jmp/1 T_3.2, 6;
    %dup/vec4;
    %pushi/vec4 3, 0, 5;
    %cmp/u;
    %jmp/1 T_3.3, 6;
    %dup/vec4;
    %pushi/vec4 4, 0, 5;
    %cmp/u;
    %jmp/1 T_3.4, 6;
    %dup/vec4;
    %pushi/vec4 5, 0, 5;
    %cmp/u;
    %jmp/1 T_3.5, 6;
    %dup/vec4;
    %pushi/vec4 6, 0, 5;
    %cmp/u;
    %jmp/1 T_3.6, 6;
    %dup/vec4;
    %pushi/vec4 7, 0, 5;
    %cmp/u;
    %jmp/1 T_3.7, 6;
    %dup/vec4;
    %pushi/vec4 8, 0, 5;
    %cmp/u;
    %jmp/1 T_3.8, 6;
    %dup/vec4;
    %pushi/vec4 9, 0, 5;
    %cmp/u;
    %jmp/1 T_3.9, 6;
    %dup/vec4;
    %pushi/vec4 10, 0, 5;
    %cmp/u;
    %jmp/1 T_3.10, 6;
    %dup/vec4;
    %pushi/vec4 11, 0, 5;
    %cmp/u;
    %jmp/1 T_3.11, 6;
    %dup/vec4;
    %pushi/vec4 12, 0, 5;
    %cmp/u;
    %jmp/1 T_3.12, 6;
    %dup/vec4;
    %pushi/vec4 13, 0, 5;
    %cmp/u;
    %jmp/1 T_3.13, 6;
    %dup/vec4;
    %pushi/vec4 14, 0, 5;
    %cmp/u;
    %jmp/1 T_3.14, 6;
    %dup/vec4;
    %pushi/vec4 15, 0, 5;
    %cmp/u;
    %jmp/1 T_3.15, 6;
    %dup/vec4;
    %pushi/vec4 16, 0, 5;
    %cmp/u;
    %jmp/1 T_3.16, 6;
    %dup/vec4;
    %pushi/vec4 17, 0, 5;
    %cmp/u;
    %jmp/1 T_3.17, 6;
    %dup/vec4;
    %pushi/vec4 18, 0, 5;
    %cmp/u;
    %jmp/1 T_3.18, 6;
    %dup/vec4;
    %pushi/vec4 19, 0, 5;
    %cmp/u;
    %jmp/1 T_3.19, 6;
    %dup/vec4;
    %pushi/vec4 20, 0, 5;
    %cmp/u;
    %jmp/1 T_3.20, 6;
    %dup/vec4;
    %pushi/vec4 21, 0, 5;
    %cmp/u;
    %jmp/1 T_3.21, 6;
    %dup/vec4;
    %pushi/vec4 22, 0, 5;
    %cmp/u;
    %jmp/1 T_3.22, 6;
    %dup/vec4;
    %pushi/vec4 23, 0, 5;
    %cmp/u;
    %jmp/1 T_3.23, 6;
    %dup/vec4;
    %pushi/vec4 24, 0, 5;
    %cmp/u;
    %jmp/1 T_3.24, 6;
    %dup/vec4;
    %pushi/vec4 25, 0, 5;
    %cmp/u;
    %jmp/1 T_3.25, 6;
    %dup/vec4;
    %pushi/vec4 26, 0, 5;
    %cmp/u;
    %jmp/1 T_3.26, 6;
    %dup/vec4;
    %pushi/vec4 27, 0, 5;
    %cmp/u;
    %jmp/1 T_3.27, 6;
    %dup/vec4;
    %pushi/vec4 28, 0, 5;
    %cmp/u;
    %jmp/1 T_3.28, 6;
    %dup/vec4;
    %pushi/vec4 29, 0, 5;
    %cmp/u;
    %jmp/1 T_3.29, 6;
    %dup/vec4;
    %pushi/vec4 30, 0, 5;
    %cmp/u;
    %jmp/1 T_3.30, 6;
    %dup/vec4;
    %pushi/vec4 31, 0, 5;
    %cmp/u;
    %jmp/1 T_3.31, 6;
    %pushi/vec4 0, 0, 32;
    %store/vec4 v0000023ed94b3ee0_0, 0, 32;
    %jmp T_3.33;
T_3.0 ;
    %load/vec4 v0000023ed94b4700_0;
    %store/vec4 v0000023ed94b3ee0_0, 0, 32;
    %jmp T_3.33;
T_3.1 ;
    %pushi/vec4 0, 0, 1;
    %load/vec4 v0000023ed94b4700_0;
    %parti/s 31, 1, 2;
    %concat/vec4; draw_concat_vec4
    %store/vec4 v0000023ed94b3ee0_0, 0, 32;
    %jmp T_3.33;
T_3.2 ;
    %pushi/vec4 0, 0, 2;
    %load/vec4 v0000023ed94b4700_0;
    %parti/s 30, 2, 3;
    %concat/vec4; draw_concat_vec4
    %store/vec4 v0000023ed94b3ee0_0, 0, 32;
    %jmp T_3.33;
T_3.3 ;
    %pushi/vec4 0, 0, 3;
    %load/vec4 v0000023ed94b4700_0;
    %parti/s 29, 3, 3;
    %concat/vec4; draw_concat_vec4
    %store/vec4 v0000023ed94b3ee0_0, 0, 32;
    %jmp T_3.33;
T_3.4 ;
    %pushi/vec4 0, 0, 4;
    %load/vec4 v0000023ed94b4700_0;
    %parti/s 28, 4, 4;
    %concat/vec4; draw_concat_vec4
    %store/vec4 v0000023ed94b3ee0_0, 0, 32;
    %jmp T_3.33;
T_3.5 ;
    %pushi/vec4 0, 0, 5;
    %load/vec4 v0000023ed94b4700_0;
    %parti/s 27, 5, 4;
    %concat/vec4; draw_concat_vec4
    %store/vec4 v0000023ed94b3ee0_0, 0, 32;
    %jmp T_3.33;
T_3.6 ;
    %pushi/vec4 0, 0, 6;
    %load/vec4 v0000023ed94b4700_0;
    %parti/s 26, 6, 4;
    %concat/vec4; draw_concat_vec4
    %store/vec4 v0000023ed94b3ee0_0, 0, 32;
    %jmp T_3.33;
T_3.7 ;
    %pushi/vec4 0, 0, 7;
    %load/vec4 v0000023ed94b4700_0;
    %parti/s 25, 7, 4;
    %concat/vec4; draw_concat_vec4
    %store/vec4 v0000023ed94b3ee0_0, 0, 32;
    %jmp T_3.33;
T_3.8 ;
    %pushi/vec4 0, 0, 8;
    %load/vec4 v0000023ed94b4700_0;
    %parti/s 24, 8, 5;
    %concat/vec4; draw_concat_vec4
    %store/vec4 v0000023ed94b3ee0_0, 0, 32;
    %jmp T_3.33;
T_3.9 ;
    %pushi/vec4 0, 0, 9;
    %load/vec4 v0000023ed94b4700_0;
    %parti/s 23, 9, 5;
    %concat/vec4; draw_concat_vec4
    %store/vec4 v0000023ed94b3ee0_0, 0, 32;
    %jmp T_3.33;
T_3.10 ;
    %pushi/vec4 0, 0, 10;
    %load/vec4 v0000023ed94b4700_0;
    %parti/s 22, 10, 5;
    %concat/vec4; draw_concat_vec4
    %store/vec4 v0000023ed94b3ee0_0, 0, 32;
    %jmp T_3.33;
T_3.11 ;
    %pushi/vec4 0, 0, 11;
    %load/vec4 v0000023ed94b4700_0;
    %parti/s 21, 11, 5;
    %concat/vec4; draw_concat_vec4
    %store/vec4 v0000023ed94b3ee0_0, 0, 32;
    %jmp T_3.33;
T_3.12 ;
    %pushi/vec4 0, 0, 12;
    %load/vec4 v0000023ed94b4700_0;
    %parti/s 20, 12, 5;
    %concat/vec4; draw_concat_vec4
    %store/vec4 v0000023ed94b3ee0_0, 0, 32;
    %jmp T_3.33;
T_3.13 ;
    %pushi/vec4 0, 0, 13;
    %load/vec4 v0000023ed94b4700_0;
    %parti/s 19, 13, 5;
    %concat/vec4; draw_concat_vec4
    %store/vec4 v0000023ed94b3ee0_0, 0, 32;
    %jmp T_3.33;
T_3.14 ;
    %pushi/vec4 0, 0, 14;
    %load/vec4 v0000023ed94b4700_0;
    %parti/s 18, 14, 5;
    %concat/vec4; draw_concat_vec4
    %store/vec4 v0000023ed94b3ee0_0, 0, 32;
    %jmp T_3.33;
T_3.15 ;
    %pushi/vec4 0, 0, 15;
    %load/vec4 v0000023ed94b4700_0;
    %parti/s 17, 15, 5;
    %concat/vec4; draw_concat_vec4
    %store/vec4 v0000023ed94b3ee0_0, 0, 32;
    %jmp T_3.33;
T_3.16 ;
    %pushi/vec4 0, 0, 16;
    %load/vec4 v0000023ed94b4700_0;
    %parti/s 16, 16, 6;
    %concat/vec4; draw_concat_vec4
    %store/vec4 v0000023ed94b3ee0_0, 0, 32;
    %jmp T_3.33;
T_3.17 ;
    %pushi/vec4 0, 0, 17;
    %load/vec4 v0000023ed94b4700_0;
    %parti/s 15, 17, 6;
    %concat/vec4; draw_concat_vec4
    %store/vec4 v0000023ed94b3ee0_0, 0, 32;
    %jmp T_3.33;
T_3.18 ;
    %pushi/vec4 0, 0, 18;
    %load/vec4 v0000023ed94b4700_0;
    %parti/s 14, 18, 6;
    %concat/vec4; draw_concat_vec4
    %store/vec4 v0000023ed94b3ee0_0, 0, 32;
    %jmp T_3.33;
T_3.19 ;
    %pushi/vec4 0, 0, 19;
    %load/vec4 v0000023ed94b4700_0;
    %parti/s 13, 19, 6;
    %concat/vec4; draw_concat_vec4
    %store/vec4 v0000023ed94b3ee0_0, 0, 32;
    %jmp T_3.33;
T_3.20 ;
    %pushi/vec4 0, 0, 20;
    %load/vec4 v0000023ed94b4700_0;
    %parti/s 12, 20, 6;
    %concat/vec4; draw_concat_vec4
    %store/vec4 v0000023ed94b3ee0_0, 0, 32;
    %jmp T_3.33;
T_3.21 ;
    %pushi/vec4 0, 0, 21;
    %load/vec4 v0000023ed94b4700_0;
    %parti/s 11, 21, 6;
    %concat/vec4; draw_concat_vec4
    %store/vec4 v0000023ed94b3ee0_0, 0, 32;
    %jmp T_3.33;
T_3.22 ;
    %pushi/vec4 0, 0, 22;
    %load/vec4 v0000023ed94b4700_0;
    %parti/s 10, 22, 6;
    %concat/vec4; draw_concat_vec4
    %store/vec4 v0000023ed94b3ee0_0, 0, 32;
    %jmp T_3.33;
T_3.23 ;
    %pushi/vec4 0, 0, 23;
    %load/vec4 v0000023ed94b4700_0;
    %parti/s 9, 23, 6;
    %concat/vec4; draw_concat_vec4
    %store/vec4 v0000023ed94b3ee0_0, 0, 32;
    %jmp T_3.33;
T_3.24 ;
    %pushi/vec4 0, 0, 24;
    %load/vec4 v0000023ed94b4700_0;
    %parti/s 8, 24, 6;
    %concat/vec4; draw_concat_vec4
    %store/vec4 v0000023ed94b3ee0_0, 0, 32;
    %jmp T_3.33;
T_3.25 ;
    %pushi/vec4 0, 0, 25;
    %load/vec4 v0000023ed94b4700_0;
    %parti/s 7, 25, 6;
    %concat/vec4; draw_concat_vec4
    %store/vec4 v0000023ed94b3ee0_0, 0, 32;
    %jmp T_3.33;
T_3.26 ;
    %pushi/vec4 0, 0, 26;
    %load/vec4 v0000023ed94b4700_0;
    %parti/s 6, 26, 6;
    %concat/vec4; draw_concat_vec4
    %store/vec4 v0000023ed94b3ee0_0, 0, 32;
    %jmp T_3.33;
T_3.27 ;
    %pushi/vec4 0, 0, 27;
    %load/vec4 v0000023ed94b4700_0;
    %parti/s 5, 27, 6;
    %concat/vec4; draw_concat_vec4
    %store/vec4 v0000023ed94b3ee0_0, 0, 32;
    %jmp T_3.33;
T_3.28 ;
    %pushi/vec4 0, 0, 28;
    %load/vec4 v0000023ed94b4700_0;
    %parti/s 4, 28, 6;
    %concat/vec4; draw_concat_vec4
    %store/vec4 v0000023ed94b3ee0_0, 0, 32;
    %jmp T_3.33;
T_3.29 ;
    %pushi/vec4 0, 0, 29;
    %load/vec4 v0000023ed94b4700_0;
    %parti/s 3, 29, 6;
    %concat/vec4; draw_concat_vec4
    %store/vec4 v0000023ed94b3ee0_0, 0, 32;
    %jmp T_3.33;
T_3.30 ;
    %pushi/vec4 0, 0, 30;
    %load/vec4 v0000023ed94b4700_0;
    %parti/s 2, 30, 6;
    %concat/vec4; draw_concat_vec4
    %store/vec4 v0000023ed94b3ee0_0, 0, 32;
    %jmp T_3.33;
T_3.31 ;
    %pushi/vec4 0, 0, 31;
    %load/vec4 v0000023ed94b4700_0;
    %parti/s 1, 31, 6;
    %concat/vec4; draw_concat_vec4
    %store/vec4 v0000023ed94b3ee0_0, 0, 32;
    %jmp T_3.33;
T_3.33 ;
    %pop/vec4 1;
    %jmp T_3;
    .thread T_3, $push;
    .scope S_0000023ed902cba0;
T_4 ;
    %wait E_0000023ed949cb90;
    %load/vec4 v0000023ed94b4840_0;
    %dup/vec4;
    %pushi/vec4 0, 0, 5;
    %cmp/u;
    %jmp/1 T_4.0, 6;
    %dup/vec4;
    %pushi/vec4 1, 0, 5;
    %cmp/u;
    %jmp/1 T_4.1, 6;
    %dup/vec4;
    %pushi/vec4 2, 0, 5;
    %cmp/u;
    %jmp/1 T_4.2, 6;
    %dup/vec4;
    %pushi/vec4 3, 0, 5;
    %cmp/u;
    %jmp/1 T_4.3, 6;
    %dup/vec4;
    %pushi/vec4 4, 0, 5;
    %cmp/u;
    %jmp/1 T_4.4, 6;
    %dup/vec4;
    %pushi/vec4 5, 0, 5;
    %cmp/u;
    %jmp/1 T_4.5, 6;
    %dup/vec4;
    %pushi/vec4 6, 0, 5;
    %cmp/u;
    %jmp/1 T_4.6, 6;
    %dup/vec4;
    %pushi/vec4 7, 0, 5;
    %cmp/u;
    %jmp/1 T_4.7, 6;
    %dup/vec4;
    %pushi/vec4 8, 0, 5;
    %cmp/u;
    %jmp/1 T_4.8, 6;
    %dup/vec4;
    %pushi/vec4 9, 0, 5;
    %cmp/u;
    %jmp/1 T_4.9, 6;
    %dup/vec4;
    %pushi/vec4 10, 0, 5;
    %cmp/u;
    %jmp/1 T_4.10, 6;
    %dup/vec4;
    %pushi/vec4 11, 0, 5;
    %cmp/u;
    %jmp/1 T_4.11, 6;
    %dup/vec4;
    %pushi/vec4 12, 0, 5;
    %cmp/u;
    %jmp/1 T_4.12, 6;
    %dup/vec4;
    %pushi/vec4 13, 0, 5;
    %cmp/u;
    %jmp/1 T_4.13, 6;
    %dup/vec4;
    %pushi/vec4 14, 0, 5;
    %cmp/u;
    %jmp/1 T_4.14, 6;
    %dup/vec4;
    %pushi/vec4 15, 0, 5;
    %cmp/u;
    %jmp/1 T_4.15, 6;
    %dup/vec4;
    %pushi/vec4 16, 0, 5;
    %cmp/u;
    %jmp/1 T_4.16, 6;
    %dup/vec4;
    %pushi/vec4 17, 0, 5;
    %cmp/u;
    %jmp/1 T_4.17, 6;
    %dup/vec4;
    %pushi/vec4 18, 0, 5;
    %cmp/u;
    %jmp/1 T_4.18, 6;
    %dup/vec4;
    %pushi/vec4 19, 0, 5;
    %cmp/u;
    %jmp/1 T_4.19, 6;
    %dup/vec4;
    %pushi/vec4 20, 0, 5;
    %cmp/u;
    %jmp/1 T_4.20, 6;
    %dup/vec4;
    %pushi/vec4 21, 0, 5;
    %cmp/u;
    %jmp/1 T_4.21, 6;
    %dup/vec4;
    %pushi/vec4 22, 0, 5;
    %cmp/u;
    %jmp/1 T_4.22, 6;
    %dup/vec4;
    %pushi/vec4 23, 0, 5;
    %cmp/u;
    %jmp/1 T_4.23, 6;
    %dup/vec4;
    %pushi/vec4 24, 0, 5;
    %cmp/u;
    %jmp/1 T_4.24, 6;
    %dup/vec4;
    %pushi/vec4 25, 0, 5;
    %cmp/u;
    %jmp/1 T_4.25, 6;
    %dup/vec4;
    %pushi/vec4 26, 0, 5;
    %cmp/u;
    %jmp/1 T_4.26, 6;
    %dup/vec4;
    %pushi/vec4 27, 0, 5;
    %cmp/u;
    %jmp/1 T_4.27, 6;
    %dup/vec4;
    %pushi/vec4 28, 0, 5;
    %cmp/u;
    %jmp/1 T_4.28, 6;
    %dup/vec4;
    %pushi/vec4 29, 0, 5;
    %cmp/u;
    %jmp/1 T_4.29, 6;
    %dup/vec4;
    %pushi/vec4 30, 0, 5;
    %cmp/u;
    %jmp/1 T_4.30, 6;
    %dup/vec4;
    %pushi/vec4 31, 0, 5;
    %cmp/u;
    %jmp/1 T_4.31, 6;
    %pushi/vec4 0, 0, 32;
    %store/vec4 v0000023ed94b36c0_0, 0, 32;
    %jmp T_4.33;
T_4.0 ;
    %load/vec4 v0000023ed94b4700_0;
    %store/vec4 v0000023ed94b36c0_0, 0, 32;
    %jmp T_4.33;
T_4.1 ;
    %load/vec4 v0000023ed94b4700_0;
    %parti/s 1, 31, 6;
    %load/vec4 v0000023ed94b4700_0;
    %parti/s 31, 1, 2;
    %concat/vec4; draw_concat_vec4
    %store/vec4 v0000023ed94b36c0_0, 0, 32;
    %jmp T_4.33;
T_4.2 ;
    %load/vec4 v0000023ed94b4700_0;
    %parti/s 1, 31, 6;
    %replicate 2;
    %load/vec4 v0000023ed94b4700_0;
    %parti/s 30, 2, 3;
    %concat/vec4; draw_concat_vec4
    %store/vec4 v0000023ed94b36c0_0, 0, 32;
    %jmp T_4.33;
T_4.3 ;
    %load/vec4 v0000023ed94b4700_0;
    %parti/s 1, 31, 6;
    %replicate 3;
    %load/vec4 v0000023ed94b4700_0;
    %parti/s 29, 3, 3;
    %concat/vec4; draw_concat_vec4
    %store/vec4 v0000023ed94b36c0_0, 0, 32;
    %jmp T_4.33;
T_4.4 ;
    %load/vec4 v0000023ed94b4700_0;
    %parti/s 1, 31, 6;
    %replicate 4;
    %load/vec4 v0000023ed94b4700_0;
    %parti/s 28, 4, 4;
    %concat/vec4; draw_concat_vec4
    %store/vec4 v0000023ed94b36c0_0, 0, 32;
    %jmp T_4.33;
T_4.5 ;
    %load/vec4 v0000023ed94b4700_0;
    %parti/s 1, 31, 6;
    %replicate 5;
    %load/vec4 v0000023ed94b4700_0;
    %parti/s 27, 5, 4;
    %concat/vec4; draw_concat_vec4
    %store/vec4 v0000023ed94b36c0_0, 0, 32;
    %jmp T_4.33;
T_4.6 ;
    %load/vec4 v0000023ed94b4700_0;
    %parti/s 1, 31, 6;
    %replicate 6;
    %load/vec4 v0000023ed94b4700_0;
    %parti/s 26, 6, 4;
    %concat/vec4; draw_concat_vec4
    %store/vec4 v0000023ed94b36c0_0, 0, 32;
    %jmp T_4.33;
T_4.7 ;
    %load/vec4 v0000023ed94b4700_0;
    %parti/s 1, 31, 6;
    %replicate 7;
    %load/vec4 v0000023ed94b4700_0;
    %parti/s 25, 7, 4;
    %concat/vec4; draw_concat_vec4
    %store/vec4 v0000023ed94b36c0_0, 0, 32;
    %jmp T_4.33;
T_4.8 ;
    %load/vec4 v0000023ed94b4700_0;
    %parti/s 1, 31, 6;
    %replicate 8;
    %load/vec4 v0000023ed94b4700_0;
    %parti/s 24, 8, 5;
    %concat/vec4; draw_concat_vec4
    %store/vec4 v0000023ed94b36c0_0, 0, 32;
    %jmp T_4.33;
T_4.9 ;
    %load/vec4 v0000023ed94b4700_0;
    %parti/s 1, 31, 6;
    %replicate 9;
    %load/vec4 v0000023ed94b4700_0;
    %parti/s 23, 9, 5;
    %concat/vec4; draw_concat_vec4
    %store/vec4 v0000023ed94b36c0_0, 0, 32;
    %jmp T_4.33;
T_4.10 ;
    %load/vec4 v0000023ed94b4700_0;
    %parti/s 1, 31, 6;
    %replicate 10;
    %load/vec4 v0000023ed94b4700_0;
    %parti/s 22, 10, 5;
    %concat/vec4; draw_concat_vec4
    %store/vec4 v0000023ed94b36c0_0, 0, 32;
    %jmp T_4.33;
T_4.11 ;
    %load/vec4 v0000023ed94b4700_0;
    %parti/s 1, 31, 6;
    %replicate 11;
    %load/vec4 v0000023ed94b4700_0;
    %parti/s 21, 11, 5;
    %concat/vec4; draw_concat_vec4
    %store/vec4 v0000023ed94b36c0_0, 0, 32;
    %jmp T_4.33;
T_4.12 ;
    %load/vec4 v0000023ed94b4700_0;
    %parti/s 1, 31, 6;
    %replicate 12;
    %load/vec4 v0000023ed94b4700_0;
    %parti/s 20, 12, 5;
    %concat/vec4; draw_concat_vec4
    %store/vec4 v0000023ed94b36c0_0, 0, 32;
    %jmp T_4.33;
T_4.13 ;
    %load/vec4 v0000023ed94b4700_0;
    %parti/s 1, 31, 6;
    %replicate 13;
    %load/vec4 v0000023ed94b4700_0;
    %parti/s 19, 13, 5;
    %concat/vec4; draw_concat_vec4
    %store/vec4 v0000023ed94b36c0_0, 0, 32;
    %jmp T_4.33;
T_4.14 ;
    %load/vec4 v0000023ed94b4700_0;
    %parti/s 1, 31, 6;
    %replicate 14;
    %load/vec4 v0000023ed94b4700_0;
    %parti/s 18, 14, 5;
    %concat/vec4; draw_concat_vec4
    %store/vec4 v0000023ed94b36c0_0, 0, 32;
    %jmp T_4.33;
T_4.15 ;
    %load/vec4 v0000023ed94b4700_0;
    %parti/s 1, 31, 6;
    %replicate 15;
    %load/vec4 v0000023ed94b4700_0;
    %parti/s 17, 15, 5;
    %concat/vec4; draw_concat_vec4
    %store/vec4 v0000023ed94b36c0_0, 0, 32;
    %jmp T_4.33;
T_4.16 ;
    %load/vec4 v0000023ed94b4700_0;
    %parti/s 1, 31, 6;
    %replicate 16;
    %load/vec4 v0000023ed94b4700_0;
    %parti/s 16, 16, 6;
    %concat/vec4; draw_concat_vec4
    %store/vec4 v0000023ed94b36c0_0, 0, 32;
    %jmp T_4.33;
T_4.17 ;
    %load/vec4 v0000023ed94b4700_0;
    %parti/s 1, 31, 6;
    %replicate 17;
    %load/vec4 v0000023ed94b4700_0;
    %parti/s 15, 17, 6;
    %concat/vec4; draw_concat_vec4
    %store/vec4 v0000023ed94b36c0_0, 0, 32;
    %jmp T_4.33;
T_4.18 ;
    %load/vec4 v0000023ed94b4700_0;
    %parti/s 1, 31, 6;
    %replicate 18;
    %load/vec4 v0000023ed94b4700_0;
    %parti/s 14, 18, 6;
    %concat/vec4; draw_concat_vec4
    %store/vec4 v0000023ed94b36c0_0, 0, 32;
    %jmp T_4.33;
T_4.19 ;
    %load/vec4 v0000023ed94b4700_0;
    %parti/s 1, 31, 6;
    %replicate 19;
    %load/vec4 v0000023ed94b4700_0;
    %parti/s 13, 19, 6;
    %concat/vec4; draw_concat_vec4
    %store/vec4 v0000023ed94b36c0_0, 0, 32;
    %jmp T_4.33;
T_4.20 ;
    %load/vec4 v0000023ed94b4700_0;
    %parti/s 1, 31, 6;
    %replicate 20;
    %load/vec4 v0000023ed94b4700_0;
    %parti/s 12, 20, 6;
    %concat/vec4; draw_concat_vec4
    %store/vec4 v0000023ed94b36c0_0, 0, 32;
    %jmp T_4.33;
T_4.21 ;
    %load/vec4 v0000023ed94b4700_0;
    %parti/s 1, 31, 6;
    %replicate 21;
    %load/vec4 v0000023ed94b4700_0;
    %parti/s 11, 21, 6;
    %concat/vec4; draw_concat_vec4
    %store/vec4 v0000023ed94b36c0_0, 0, 32;
    %jmp T_4.33;
T_4.22 ;
    %load/vec4 v0000023ed94b4700_0;
    %parti/s 1, 31, 6;
    %replicate 22;
    %load/vec4 v0000023ed94b4700_0;
    %parti/s 10, 22, 6;
    %concat/vec4; draw_concat_vec4
    %store/vec4 v0000023ed94b36c0_0, 0, 32;
    %jmp T_4.33;
T_4.23 ;
    %load/vec4 v0000023ed94b4700_0;
    %parti/s 1, 31, 6;
    %replicate 23;
    %load/vec4 v0000023ed94b4700_0;
    %parti/s 9, 23, 6;
    %concat/vec4; draw_concat_vec4
    %store/vec4 v0000023ed94b36c0_0, 0, 32;
    %jmp T_4.33;
T_4.24 ;
    %load/vec4 v0000023ed94b4700_0;
    %parti/s 1, 31, 6;
    %replicate 24;
    %load/vec4 v0000023ed94b4700_0;
    %parti/s 8, 24, 6;
    %concat/vec4; draw_concat_vec4
    %store/vec4 v0000023ed94b36c0_0, 0, 32;
    %jmp T_4.33;
T_4.25 ;
    %load/vec4 v0000023ed94b4700_0;
    %parti/s 1, 31, 6;
    %replicate 25;
    %load/vec4 v0000023ed94b4700_0;
    %parti/s 7, 25, 6;
    %concat/vec4; draw_concat_vec4
    %store/vec4 v0000023ed94b36c0_0, 0, 32;
    %jmp T_4.33;
T_4.26 ;
    %load/vec4 v0000023ed94b4700_0;
    %parti/s 1, 31, 6;
    %replicate 26;
    %load/vec4 v0000023ed94b4700_0;
    %parti/s 6, 26, 6;
    %concat/vec4; draw_concat_vec4
    %store/vec4 v0000023ed94b36c0_0, 0, 32;
    %jmp T_4.33;
T_4.27 ;
    %load/vec4 v0000023ed94b4700_0;
    %parti/s 1, 31, 6;
    %replicate 27;
    %load/vec4 v0000023ed94b4700_0;
    %parti/s 5, 27, 6;
    %concat/vec4; draw_concat_vec4
    %store/vec4 v0000023ed94b36c0_0, 0, 32;
    %jmp T_4.33;
T_4.28 ;
    %load/vec4 v0000023ed94b4700_0;
    %parti/s 1, 31, 6;
    %replicate 28;
    %load/vec4 v0000023ed94b4700_0;
    %parti/s 4, 28, 6;
    %concat/vec4; draw_concat_vec4
    %store/vec4 v0000023ed94b36c0_0, 0, 32;
    %jmp T_4.33;
T_4.29 ;
    %load/vec4 v0000023ed94b4700_0;
    %parti/s 1, 31, 6;
    %replicate 29;
    %load/vec4 v0000023ed94b4700_0;
    %parti/s 3, 29, 6;
    %concat/vec4; draw_concat_vec4
    %store/vec4 v0000023ed94b36c0_0, 0, 32;
    %jmp T_4.33;
T_4.30 ;
    %load/vec4 v0000023ed94b4700_0;
    %parti/s 1, 31, 6;
    %replicate 30;
    %load/vec4 v0000023ed94b4700_0;
    %parti/s 2, 30, 6;
    %concat/vec4; draw_concat_vec4
    %store/vec4 v0000023ed94b36c0_0, 0, 32;
    %jmp T_4.33;
T_4.31 ;
    %load/vec4 v0000023ed94b4700_0;
    %parti/s 1, 31, 6;
    %replicate 31;
    %load/vec4 v0000023ed94b4700_0;
    %parti/s 1, 31, 6;
    %concat/vec4; draw_concat_vec4
    %store/vec4 v0000023ed94b36c0_0, 0, 32;
    %jmp T_4.33;
T_4.33 ;
    %pop/vec4 1;
    %jmp T_4;
    .thread T_4, $push;
    .scope S_0000023ed902cba0;
T_5 ;
    %wait E_0000023ed949c990;
    %load/vec4 v0000023ed94b42a0_0;
    %dup/vec4;
    %pushi/vec4 0, 0, 3;
    %cmp/u;
    %jmp/1 T_5.0, 6;
    %dup/vec4;
    %pushi/vec4 1, 0, 3;
    %cmp/u;
    %jmp/1 T_5.1, 6;
    %dup/vec4;
    %pushi/vec4 2, 0, 3;
    %cmp/u;
    %jmp/1 T_5.2, 6;
    %dup/vec4;
    %pushi/vec4 3, 0, 3;
    %cmp/u;
    %jmp/1 T_5.3, 6;
    %dup/vec4;
    %pushi/vec4 4, 0, 3;
    %cmp/u;
    %jmp/1 T_5.4, 6;
    %dup/vec4;
    %pushi/vec4 5, 0, 3;
    %cmp/u;
    %jmp/1 T_5.5, 6;
    %dup/vec4;
    %pushi/vec4 6, 0, 3;
    %cmp/u;
    %jmp/1 T_5.6, 6;
    %dup/vec4;
    %pushi/vec4 7, 0, 3;
    %cmp/u;
    %jmp/1 T_5.7, 6;
    %pushi/vec4 0, 0, 32;
    %store/vec4 v0000023ed94b4160_0, 0, 32;
    %jmp T_5.9;
T_5.0 ;
    %load/vec4 v0000023ed94b3c60_0;
    %dup/vec4;
    %pushi/vec4 0, 0, 1;
    %cmp/u;
    %jmp/1 T_5.10, 6;
    %dup/vec4;
    %pushi/vec4 1, 0, 1;
    %cmp/u;
    %jmp/1 T_5.11, 6;
    %pushi/vec4 0, 0, 32;
    %store/vec4 v0000023ed94b4160_0, 0, 32;
    %jmp T_5.13;
T_5.10 ;
    %load/vec4 v0000023ed94b4700_0;
    %load/vec4 v0000023ed94b3bc0_0;
    %add;
    %store/vec4 v0000023ed94b4160_0, 0, 32;
    %jmp T_5.13;
T_5.11 ;
    %load/vec4 v0000023ed94b4700_0;
    %load/vec4 v0000023ed94b3bc0_0;
    %sub;
    %store/vec4 v0000023ed94b4160_0, 0, 32;
    %jmp T_5.13;
T_5.13 ;
    %pop/vec4 1;
    %jmp T_5.9;
T_5.1 ;
    %load/vec4 v0000023ed94b4c00_0;
    %store/vec4 v0000023ed94b4160_0, 0, 32;
    %jmp T_5.9;
T_5.2 ;
    %pushi/vec4 0, 0, 31;
    %load/vec4 v0000023ed94b4ca0_0;
    %concat/vec4; draw_concat_vec4
    %store/vec4 v0000023ed94b4160_0, 0, 32;
    %jmp T_5.9;
T_5.3 ;
    %pushi/vec4 0, 0, 31;
    %load/vec4 v0000023ed94b4ca0_0;
    %concat/vec4; draw_concat_vec4
    %store/vec4 v0000023ed94b4160_0, 0, 32;
    %jmp T_5.9;
T_5.4 ;
    %load/vec4 v0000023ed94b4700_0;
    %load/vec4 v0000023ed94b3bc0_0;
    %xor;
    %store/vec4 v0000023ed94b4160_0, 0, 32;
    %jmp T_5.9;
T_5.5 ;
    %load/vec4 v0000023ed94b3d00_0;
    %dup/vec4;
    %pushi/vec4 0, 0, 1;
    %cmp/u;
    %jmp/1 T_5.14, 6;
    %dup/vec4;
    %pushi/vec4 1, 0, 1;
    %cmp/u;
    %jmp/1 T_5.15, 6;
    %pushi/vec4 0, 0, 32;
    %store/vec4 v0000023ed94b4160_0, 0, 32;
    %jmp T_5.17;
T_5.14 ;
    %load/vec4 v0000023ed94b3ee0_0;
    %store/vec4 v0000023ed94b4160_0, 0, 32;
    %jmp T_5.17;
T_5.15 ;
    %load/vec4 v0000023ed94b36c0_0;
    %store/vec4 v0000023ed94b4160_0, 0, 32;
    %jmp T_5.17;
T_5.17 ;
    %pop/vec4 1;
    %jmp T_5.9;
T_5.6 ;
    %load/vec4 v0000023ed94b4700_0;
    %load/vec4 v0000023ed94b3bc0_0;
    %or;
    %store/vec4 v0000023ed94b4160_0, 0, 32;
    %jmp T_5.9;
T_5.7 ;
    %load/vec4 v0000023ed94b4700_0;
    %load/vec4 v0000023ed94b3bc0_0;
    %and;
    %store/vec4 v0000023ed94b4160_0, 0, 32;
    %jmp T_5.9;
T_5.9 ;
    %pop/vec4 1;
    %jmp T_5;
    .thread T_5, $push;
    .scope S_0000023ed902c460;
T_6 ;
    %wait E_0000023ed949cc10;
    %load/vec4 v0000023ed9572610_0;
    %dup/vec4;
    %pushi/vec4 0, 0, 3;
    %cmp/u;
    %jmp/1 T_6.0, 6;
    %dup/vec4;
    %pushi/vec4 4, 0, 3;
    %cmp/u;
    %jmp/1 T_6.1, 6;
    %dup/vec4;
    %pushi/vec4 1, 0, 3;
    %cmp/u;
    %jmp/1 T_6.2, 6;
    %dup/vec4;
    %pushi/vec4 5, 0, 3;
    %cmp/u;
    %jmp/1 T_6.3, 6;
    %dup/vec4;
    %pushi/vec4 2, 0, 3;
    %cmp/u;
    %jmp/1 T_6.4, 6;
    %pushi/vec4 0, 0, 4;
    %store/vec4 v0000023ed9573f10_0, 0, 4;
    %jmp T_6.6;
T_6.0 ;
    %load/vec4 v0000023ed9573d30_0;
    %dup/vec4;
    %pushi/vec4 0, 0, 2;
    %cmp/u;
    %jmp/1 T_6.7, 6;
    %dup/vec4;
    %pushi/vec4 1, 0, 2;
    %cmp/u;
    %jmp/1 T_6.8, 6;
    %dup/vec4;
    %pushi/vec4 2, 0, 2;
    %cmp/u;
    %jmp/1 T_6.9, 6;
    %dup/vec4;
    %pushi/vec4 3, 0, 2;
    %cmp/u;
    %jmp/1 T_6.10, 6;
    %pushi/vec4 0, 0, 4;
    %store/vec4 v0000023ed9573f10_0, 0, 4;
    %jmp T_6.12;
T_6.7 ;
    %pushi/vec4 1, 0, 4;
    %store/vec4 v0000023ed9573f10_0, 0, 4;
    %jmp T_6.12;
T_6.8 ;
    %pushi/vec4 2, 0, 4;
    %store/vec4 v0000023ed9573f10_0, 0, 4;
    %jmp T_6.12;
T_6.9 ;
    %pushi/vec4 4, 0, 4;
    %store/vec4 v0000023ed9573f10_0, 0, 4;
    %jmp T_6.12;
T_6.10 ;
    %pushi/vec4 8, 0, 4;
    %store/vec4 v0000023ed9573f10_0, 0, 4;
    %jmp T_6.12;
T_6.12 ;
    %pop/vec4 1;
    %jmp T_6.6;
T_6.1 ;
    %load/vec4 v0000023ed9573d30_0;
    %dup/vec4;
    %pushi/vec4 0, 0, 2;
    %cmp/u;
    %jmp/1 T_6.13, 6;
    %dup/vec4;
    %pushi/vec4 1, 0, 2;
    %cmp/u;
    %jmp/1 T_6.14, 6;
    %dup/vec4;
    %pushi/vec4 2, 0, 2;
    %cmp/u;
    %jmp/1 T_6.15, 6;
    %dup/vec4;
    %pushi/vec4 3, 0, 2;
    %cmp/u;
    %jmp/1 T_6.16, 6;
    %pushi/vec4 0, 0, 4;
    %store/vec4 v0000023ed9573f10_0, 0, 4;
    %jmp T_6.18;
T_6.13 ;
    %pushi/vec4 1, 0, 4;
    %store/vec4 v0000023ed9573f10_0, 0, 4;
    %jmp T_6.18;
T_6.14 ;
    %pushi/vec4 2, 0, 4;
    %store/vec4 v0000023ed9573f10_0, 0, 4;
    %jmp T_6.18;
T_6.15 ;
    %pushi/vec4 4, 0, 4;
    %store/vec4 v0000023ed9573f10_0, 0, 4;
    %jmp T_6.18;
T_6.16 ;
    %pushi/vec4 8, 0, 4;
    %store/vec4 v0000023ed9573f10_0, 0, 4;
    %jmp T_6.18;
T_6.18 ;
    %pop/vec4 1;
    %jmp T_6.6;
T_6.2 ;
    %load/vec4 v0000023ed9573d30_0;
    %parti/s 1, 1, 2;
    %dup/vec4;
    %pushi/vec4 0, 0, 1;
    %cmp/u;
    %jmp/1 T_6.19, 6;
    %dup/vec4;
    %pushi/vec4 1, 0, 1;
    %cmp/u;
    %jmp/1 T_6.20, 6;
    %pushi/vec4 0, 0, 4;
    %store/vec4 v0000023ed9573f10_0, 0, 4;
    %jmp T_6.22;
T_6.19 ;
    %pushi/vec4 3, 0, 4;
    %store/vec4 v0000023ed9573f10_0, 0, 4;
    %jmp T_6.22;
T_6.20 ;
    %pushi/vec4 12, 0, 4;
    %store/vec4 v0000023ed9573f10_0, 0, 4;
    %jmp T_6.22;
T_6.22 ;
    %pop/vec4 1;
    %jmp T_6.6;
T_6.3 ;
    %load/vec4 v0000023ed9573d30_0;
    %parti/s 1, 1, 2;
    %dup/vec4;
    %pushi/vec4 0, 0, 1;
    %cmp/u;
    %jmp/1 T_6.23, 6;
    %dup/vec4;
    %pushi/vec4 1, 0, 1;
    %cmp/u;
    %jmp/1 T_6.24, 6;
    %pushi/vec4 0, 0, 4;
    %store/vec4 v0000023ed9573f10_0, 0, 4;
    %jmp T_6.26;
T_6.23 ;
    %pushi/vec4 3, 0, 4;
    %store/vec4 v0000023ed9573f10_0, 0, 4;
    %jmp T_6.26;
T_6.24 ;
    %pushi/vec4 12, 0, 4;
    %store/vec4 v0000023ed9573f10_0, 0, 4;
    %jmp T_6.26;
T_6.26 ;
    %pop/vec4 1;
    %jmp T_6.6;
T_6.4 ;
    %pushi/vec4 15, 0, 4;
    %store/vec4 v0000023ed9573f10_0, 0, 4;
    %jmp T_6.6;
T_6.6 ;
    %pop/vec4 1;
    %jmp T_6;
    .thread T_6, $push;
    .scope S_0000023ed902c460;
T_7 ;
    %wait E_0000023ed949c890;
    %load/vec4 v0000023ed9573d30_0;
    %dup/vec4;
    %pushi/vec4 0, 0, 2;
    %cmp/u;
    %jmp/1 T_7.0, 6;
    %dup/vec4;
    %pushi/vec4 1, 0, 2;
    %cmp/u;
    %jmp/1 T_7.1, 6;
    %dup/vec4;
    %pushi/vec4 2, 0, 2;
    %cmp/u;
    %jmp/1 T_7.2, 6;
    %dup/vec4;
    %pushi/vec4 3, 0, 2;
    %cmp/u;
    %jmp/1 T_7.3, 6;
    %pushi/vec4 0, 0, 32;
    %store/vec4 v0000023ed9574690_0, 0, 32;
    %jmp T_7.5;
T_7.0 ;
    %load/vec4 v0000023ed9574370_0;
    %store/vec4 v0000023ed9574690_0, 0, 32;
    %jmp T_7.5;
T_7.1 ;
    %load/vec4 v0000023ed9574370_0;
    %parti/s 24, 0, 2;
    %concati/vec4 0, 0, 8;
    %store/vec4 v0000023ed9574690_0, 0, 32;
    %jmp T_7.5;
T_7.2 ;
    %load/vec4 v0000023ed9574370_0;
    %parti/s 16, 0, 2;
    %concati/vec4 0, 0, 16;
    %store/vec4 v0000023ed9574690_0, 0, 32;
    %jmp T_7.5;
T_7.3 ;
    %load/vec4 v0000023ed9574370_0;
    %parti/s 8, 0, 2;
    %concati/vec4 0, 0, 24;
    %store/vec4 v0000023ed9574690_0, 0, 32;
    %jmp T_7.5;
T_7.5 ;
    %pop/vec4 1;
    %jmp T_7;
    .thread T_7, $push;
    .scope S_0000023ed902c460;
T_8 ;
    %wait E_0000023ed949c890;
    %load/vec4 v0000023ed9573d30_0;
    %parti/s 1, 1, 2;
    %dup/vec4;
    %pushi/vec4 0, 0, 1;
    %cmp/u;
    %jmp/1 T_8.0, 6;
    %dup/vec4;
    %pushi/vec4 1, 0, 1;
    %cmp/u;
    %jmp/1 T_8.1, 6;
    %pushi/vec4 0, 0, 32;
    %store/vec4 v0000023ed95747d0_0, 0, 32;
    %jmp T_8.3;
T_8.0 ;
    %load/vec4 v0000023ed9574370_0;
    %store/vec4 v0000023ed95747d0_0, 0, 32;
    %jmp T_8.3;
T_8.1 ;
    %load/vec4 v0000023ed9574370_0;
    %parti/s 16, 0, 2;
    %concati/vec4 0, 0, 16;
    %store/vec4 v0000023ed95747d0_0, 0, 32;
    %jmp T_8.3;
T_8.3 ;
    %pop/vec4 1;
    %jmp T_8;
    .thread T_8, $push;
    .scope S_0000023ed902c460;
T_9 ;
    %wait E_0000023ed949cc90;
    %load/vec4 v0000023ed9572610_0;
    %dup/vec4;
    %pushi/vec4 0, 0, 3;
    %cmp/u;
    %jmp/1 T_9.0, 6;
    %dup/vec4;
    %pushi/vec4 1, 0, 3;
    %cmp/u;
    %jmp/1 T_9.1, 6;
    %dup/vec4;
    %pushi/vec4 2, 0, 3;
    %cmp/u;
    %jmp/1 T_9.2, 6;
    %pushi/vec4 0, 0, 32;
    %store/vec4 v0000023ed9574870_0, 0, 32;
    %jmp T_9.4;
T_9.0 ;
    %load/vec4 v0000023ed9574690_0;
    %store/vec4 v0000023ed9574870_0, 0, 32;
    %jmp T_9.4;
T_9.1 ;
    %load/vec4 v0000023ed95747d0_0;
    %store/vec4 v0000023ed9574870_0, 0, 32;
    %jmp T_9.4;
T_9.2 ;
    %load/vec4 v0000023ed9574370_0;
    %store/vec4 v0000023ed9574870_0, 0, 32;
    %jmp T_9.4;
T_9.4 ;
    %pop/vec4 1;
    %jmp T_9;
    .thread T_9, $push;
    .scope S_0000023ed902c460;
T_10 ;
    %wait E_0000023ed949cbd0;
    %load/vec4 v0000023ed9573d30_0;
    %dup/vec4;
    %pushi/vec4 0, 0, 2;
    %cmp/u;
    %jmp/1 T_10.0, 6;
    %dup/vec4;
    %pushi/vec4 1, 0, 2;
    %cmp/u;
    %jmp/1 T_10.1, 6;
    %dup/vec4;
    %pushi/vec4 2, 0, 2;
    %cmp/u;
    %jmp/1 T_10.2, 6;
    %dup/vec4;
    %pushi/vec4 3, 0, 2;
    %cmp/u;
    %jmp/1 T_10.3, 6;
    %pushi/vec4 0, 0, 32;
    %store/vec4 v0000023ed9572cf0_0, 0, 32;
    %jmp T_10.5;
T_10.0 ;
    %load/vec4 v0000023ed95740f0_0;
    %store/vec4 v0000023ed9572cf0_0, 0, 32;
    %jmp T_10.5;
T_10.1 ;
    %pushi/vec4 0, 0, 8;
    %load/vec4 v0000023ed95740f0_0;
    %parti/s 24, 8, 5;
    %concat/vec4; draw_concat_vec4
    %store/vec4 v0000023ed9572cf0_0, 0, 32;
    %jmp T_10.5;
T_10.2 ;
    %pushi/vec4 0, 0, 16;
    %load/vec4 v0000023ed95740f0_0;
    %parti/s 16, 16, 6;
    %concat/vec4; draw_concat_vec4
    %store/vec4 v0000023ed9572cf0_0, 0, 32;
    %jmp T_10.5;
T_10.3 ;
    %pushi/vec4 0, 0, 24;
    %load/vec4 v0000023ed95740f0_0;
    %parti/s 8, 24, 6;
    %concat/vec4; draw_concat_vec4
    %store/vec4 v0000023ed9572cf0_0, 0, 32;
    %jmp T_10.5;
T_10.5 ;
    %pop/vec4 1;
    %jmp T_10;
    .thread T_10, $push;
    .scope S_0000023ed902c460;
T_11 ;
    %wait E_0000023ed949bed0;
    %load/vec4 v0000023ed9572610_0;
    %dup/vec4;
    %pushi/vec4 0, 0, 3;
    %cmp/u;
    %jmp/1 T_11.0, 6;
    %dup/vec4;
    %pushi/vec4 4, 0, 3;
    %cmp/u;
    %jmp/1 T_11.1, 6;
    %dup/vec4;
    %pushi/vec4 1, 0, 3;
    %cmp/u;
    %jmp/1 T_11.2, 6;
    %dup/vec4;
    %pushi/vec4 5, 0, 3;
    %cmp/u;
    %jmp/1 T_11.3, 6;
    %dup/vec4;
    %pushi/vec4 2, 0, 3;
    %cmp/u;
    %jmp/1 T_11.4, 6;
    %pushi/vec4 0, 0, 32;
    %store/vec4 v0000023ed9573e70_0, 0, 32;
    %jmp T_11.6;
T_11.0 ;
    %load/vec4 v0000023ed9574410_0;
    %parti/s 1, 7, 4;
    %replicate 24;
    %load/vec4 v0000023ed9574410_0;
    %concat/vec4; draw_concat_vec4
    %store/vec4 v0000023ed9573e70_0, 0, 32;
    %jmp T_11.6;
T_11.1 ;
    %pushi/vec4 0, 0, 24;
    %load/vec4 v0000023ed9574410_0;
    %concat/vec4; draw_concat_vec4
    %store/vec4 v0000023ed9573e70_0, 0, 32;
    %jmp T_11.6;
T_11.2 ;
    %load/vec4 v0000023ed9572d90_0;
    %parti/s 1, 15, 5;
    %replicate 16;
    %load/vec4 v0000023ed9572d90_0;
    %concat/vec4; draw_concat_vec4
    %store/vec4 v0000023ed9573e70_0, 0, 32;
    %jmp T_11.6;
T_11.3 ;
    %pushi/vec4 0, 0, 16;
    %load/vec4 v0000023ed9572d90_0;
    %concat/vec4; draw_concat_vec4
    %store/vec4 v0000023ed9573e70_0, 0, 32;
    %jmp T_11.6;
T_11.4 ;
    %load/vec4 v0000023ed9572cf0_0;
    %store/vec4 v0000023ed9573e70_0, 0, 32;
    %jmp T_11.6;
T_11.6 ;
    %pop/vec4 1;
    %jmp T_11;
    .thread T_11, $push;
    .scope S_0000023ed94d4450;
T_12 ;
    %wait E_0000023ed949c950;
    %load/vec4 v0000023ed957df10_0;
    %flag_set/vec4 8;
    %jmp/0xz  T_12.0, 8;
    %pushi/vec4 0, 0, 32;
    %assign/vec4 v0000023ed9580fe0_0, 0;
    %pushi/vec4 0, 0, 1;
    %assign/vec4 v0000023ed957d510_0, 0;
    %pushi/vec4 0, 0, 1;
    %assign/vec4 v0000023ed9586800_0, 0;
    %pushi/vec4 0, 0, 32;
    %assign/vec4 v0000023ed9586760_0, 0;
    %pushi/vec4 0, 0, 32;
    %assign/vec4 v0000023ed95875c0_0, 0;
    %pushi/vec4 0, 0, 32;
    %assign/vec4 v0000023ed9582c00_0, 0;
    %pushi/vec4 0, 0, 1;
    %assign/vec4 v0000023ed9584d20_0, 0;
    %pushi/vec4 0, 0, 32;
    %assign/vec4 v0000023ed95831a0_0, 0;
    %pushi/vec4 0, 0, 32;
    %assign/vec4 v0000023ed9584000_0, 0;
    %pushi/vec4 0, 0, 32;
    %assign/vec4 v0000023ed9583b00_0, 0;
    %pushi/vec4 0, 0, 5;
    %assign/vec4 v0000023ed9582ac0_0, 0;
    %pushi/vec4 0, 0, 5;
    %assign/vec4 v0000023ed9583240_0, 0;
    %pushi/vec4 0, 0, 5;
    %assign/vec4 v0000023ed9583f60_0, 0;
    %pushi/vec4 0, 0, 32;
    %assign/vec4 v0000023ed9583ba0_0, 0;
    %pushi/vec4 0, 0, 32;
    %assign/vec4 v0000023ed95832e0_0, 0;
    %pushi/vec4 0, 0, 32;
    %assign/vec4 v0000023ed95843c0_0, 0;
    %pushi/vec4 0, 0, 7;
    %assign/vec4 v0000023ed9584be0_0, 0;
    %pushi/vec4 0, 0, 3;
    %assign/vec4 v0000023ed9582e80_0, 0;
    %pushi/vec4 0, 0, 7;
    %assign/vec4 v0000023ed9583880_0, 0;
    %pushi/vec4 0, 0, 1;
    %assign/vec4 v0000023ed9582ca0_0, 0;
    %pushi/vec4 0, 0, 1;
    %assign/vec4 v0000023ed9583600_0, 0;
    %pushi/vec4 0, 0, 3;
    %assign/vec4 v0000023ed957cc50_0, 0;
    %pushi/vec4 0, 0, 1;
    %assign/vec4 v0000023ed9584fa0_0, 0;
    %pushi/vec4 0, 0, 1;
    %assign/vec4 v0000023ed9584820_0, 0;
    %pushi/vec4 0, 0, 1;
    %assign/vec4 v0000023ed95841e0_0, 0;
    %pushi/vec4 0, 0, 1;
    %assign/vec4 v0000023ed957d150_0, 0;
    %pushi/vec4 0, 0, 1;
    %assign/vec4 v0000023ed957d1f0_0, 0;
    %pushi/vec4 0, 0, 1;
    %assign/vec4 v0000023ed9584c80_0, 0;
    %pushi/vec4 0, 0, 1;
    %assign/vec4 v0000023ed9583d80_0, 0;
    %pushi/vec4 0, 0, 1;
    %assign/vec4 v0000023ed957dab0_0, 0;
    %pushi/vec4 0, 0, 1;
    %assign/vec4 v0000023ed9584b40_0, 0;
    %pushi/vec4 0, 0, 1;
    %assign/vec4 v0000023ed95836a0_0, 0;
    %pushi/vec4 0, 0, 1;
    %assign/vec4 v0000023ed957ccf0_0, 0;
    %pushi/vec4 0, 0, 32;
    %assign/vec4 v0000023ed957ac70_0, 0;
    %pushi/vec4 0, 0, 32;
    %assign/vec4 v0000023ed957b5d0_0, 0;
    %pushi/vec4 0, 0, 32;
    %assign/vec4 v0000023ed957ab30_0, 0;
    %pushi/vec4 0, 0, 32;
    %assign/vec4 v0000023ed957b350_0, 0;
    %pushi/vec4 0, 0, 5;
    %assign/vec4 v0000023ed957aef0_0, 0;
    %pushi/vec4 0, 0, 5;
    %assign/vec4 v0000023ed957b0d0_0, 0;
    %pushi/vec4 0, 0, 5;
    %assign/vec4 v0000023ed957b670_0, 0;
    %pushi/vec4 0, 0, 32;
    %assign/vec4 v0000023ed957c430_0, 0;
    %pushi/vec4 0, 0, 32;
    %assign/vec4 v0000023ed957b7b0_0, 0;
    %pushi/vec4 0, 0, 32;
    %assign/vec4 v0000023ed957abd0_0, 0;
    %pushi/vec4 0, 0, 32;
    %assign/vec4 v0000023ed957a770_0, 0;
    %pushi/vec4 0, 0, 32;
    %assign/vec4 v0000023ed957dd30_0, 0;
    %pushi/vec4 0, 0, 3;
    %assign/vec4 v0000023ed957ad10_0, 0;
    %pushi/vec4 0, 0, 1;
    %assign/vec4 v0000023ed957b490_0, 0;
    %pushi/vec4 0, 0, 1;
    %assign/vec4 v0000023ed957a630_0, 0;
    %pushi/vec4 0, 0, 1;
    %assign/vec4 v0000023ed957a3b0_0, 0;
    %pushi/vec4 0, 0, 1;
    %assign/vec4 v0000023ed957bb70_0, 0;
    %pushi/vec4 0, 0, 1;
    %assign/vec4 v0000023ed957af90_0, 0;
    %pushi/vec4 0, 0, 1;
    %assign/vec4 v0000023ed957a810_0, 0;
    %pushi/vec4 0, 0, 1;
    %assign/vec4 v0000023ed957c070_0, 0;
    %pushi/vec4 0, 0, 1;
    %assign/vec4 v0000023ed957c750_0, 0;
    %pushi/vec4 0, 0, 1;
    %assign/vec4 v0000023ed957a9f0_0, 0;
    %pushi/vec4 0, 0, 1;
    %assign/vec4 v0000023ed9587c00_0, 0;
    %pushi/vec4 0, 0, 32;
    %assign/vec4 v0000023ed9587840_0, 0;
    %pushi/vec4 0, 0, 32;
    %assign/vec4 v0000023ed9585400_0, 0;
    %pushi/vec4 0, 0, 32;
    %assign/vec4 v0000023ed95850e0_0, 0;
    %pushi/vec4 0, 0, 32;
    %assign/vec4 v0000023ed9586620_0, 0;
    %pushi/vec4 0, 0, 5;
    %assign/vec4 v0000023ed9587ca0_0, 0;
    %pushi/vec4 0, 0, 5;
    %assign/vec4 v0000023ed9587980_0, 0;
    %pushi/vec4 0, 0, 5;
    %assign/vec4 v0000023ed95855e0_0, 0;
    %pushi/vec4 0, 0, 32;
    %assign/vec4 v0000023ed9587fc0_0, 0;
    %pushi/vec4 0, 0, 32;
    %assign/vec4 v0000023ed95878e0_0, 0;
    %pushi/vec4 0, 0, 32;
    %assign/vec4 v0000023ed9587520_0, 0;
    %pushi/vec4 0, 0, 32;
    %assign/vec4 v0000023ed9585b80_0, 0;
    %pushi/vec4 0, 0, 32;
    %assign/vec4 v0000023ed95877a0_0, 0;
    %pushi/vec4 0, 0, 32;
    %assign/vec4 v0000023ed95861c0_0, 0;
    %pushi/vec4 0, 0, 1;
    %assign/vec4 v0000023ed9586d00_0, 0;
    %pushi/vec4 0, 0, 1;
    %assign/vec4 v0000023ed95863a0_0, 0;
    %pushi/vec4 0, 0, 4;
    %assign/vec4 v0000023ed95872a0_0, 0;
    %pushi/vec4 0, 0, 32;
    %assign/vec4 v0000023ed9586da0_0, 0;
    %pushi/vec4 0, 0, 32;
    %assign/vec4 v0000023ed9587020_0, 0;
    %pushi/vec4 0, 0, 1;
    %assign/vec4 v0000023ed95873e0_0, 0;
    %pushi/vec4 0, 0, 1;
    %assign/vec4 v0000023ed95870c0_0, 0;
    %pushi/vec4 0, 0, 1;
    %assign/vec4 v0000023ed9586e40_0, 0;
    %pushi/vec4 0, 0, 1;
    %assign/vec4 v0000023ed9587f20_0, 0;
    %pushi/vec4 0, 0, 1;
    %assign/vec4 v0000023ed9586f80_0, 0;
    %pushi/vec4 0, 0, 1;
    %assign/vec4 v0000023ed95852c0_0, 0;
    %pushi/vec4 0, 0, 1;
    %assign/vec4 v0000023ed9587480_0, 0;
    %pushi/vec4 0, 0, 1;
    %assign/vec4 v0000023ed9585540_0, 0;
    %jmp T_12.1;
T_12.0 ;
    %load/vec4 v0000023ed9581800_0;
    %flag_set/vec4 8;
    %jmp/0xz  T_12.2, 8;
    %pushi/vec4 1, 0, 1;
    %assign/vec4 v0000023ed957d510_0, 0;
    %pushi/vec4 0, 0, 1;
    %assign/vec4 v0000023ed9586800_0, 0;
    %pushi/vec4 0, 0, 1;
    %assign/vec4 v0000023ed9584d20_0, 0;
    %pushi/vec4 0, 0, 1;
    %assign/vec4 v0000023ed957ccf0_0, 0;
    %pushi/vec4 0, 0, 1;
    %assign/vec4 v0000023ed9587c00_0, 0;
    %jmp T_12.3;
T_12.2 ;
    %load/vec4 v0000023ed957d510_0;
    %inv;
    %flag_set/vec4 8;
    %jmp/0xz  T_12.4, 8;
    %load/vec4 v0000023ed957ce30_0;
    %flag_set/vec4 8;
    %jmp/0xz  T_12.6, 8;
    %load/vec4 v0000023ed95823e0_0;
    %assign/vec4 v0000023ed9580fe0_0, 0;
    %pushi/vec4 0, 0, 1;
    %assign/vec4 v0000023ed9586800_0, 0;
    %pushi/vec4 0, 0, 32;
    %assign/vec4 v0000023ed9586760_0, 0;
    %pushi/vec4 0, 0, 32;
    %assign/vec4 v0000023ed95875c0_0, 0;
    %pushi/vec4 0, 0, 32;
    %assign/vec4 v0000023ed9582c00_0, 0;
    %pushi/vec4 0, 0, 1;
    %assign/vec4 v0000023ed9584d20_0, 0;
    %pushi/vec4 0, 0, 32;
    %assign/vec4 v0000023ed95831a0_0, 0;
    %pushi/vec4 0, 0, 32;
    %assign/vec4 v0000023ed9584000_0, 0;
    %pushi/vec4 0, 0, 32;
    %assign/vec4 v0000023ed9583b00_0, 0;
    %pushi/vec4 0, 0, 5;
    %assign/vec4 v0000023ed9582ac0_0, 0;
    %pushi/vec4 0, 0, 5;
    %assign/vec4 v0000023ed9583240_0, 0;
    %pushi/vec4 0, 0, 5;
    %assign/vec4 v0000023ed9583f60_0, 0;
    %pushi/vec4 0, 0, 32;
    %assign/vec4 v0000023ed9583ba0_0, 0;
    %pushi/vec4 0, 0, 32;
    %assign/vec4 v0000023ed95832e0_0, 0;
    %pushi/vec4 0, 0, 32;
    %assign/vec4 v0000023ed95843c0_0, 0;
    %pushi/vec4 0, 0, 7;
    %assign/vec4 v0000023ed9584be0_0, 0;
    %pushi/vec4 0, 0, 3;
    %assign/vec4 v0000023ed9582e80_0, 0;
    %pushi/vec4 0, 0, 7;
    %assign/vec4 v0000023ed9583880_0, 0;
    %pushi/vec4 0, 0, 1;
    %assign/vec4 v0000023ed9582ca0_0, 0;
    %pushi/vec4 0, 0, 1;
    %assign/vec4 v0000023ed9583600_0, 0;
    %pushi/vec4 0, 0, 3;
    %assign/vec4 v0000023ed957cc50_0, 0;
    %pushi/vec4 0, 0, 1;
    %assign/vec4 v0000023ed9584fa0_0, 0;
    %pushi/vec4 0, 0, 1;
    %assign/vec4 v0000023ed9584820_0, 0;
    %pushi/vec4 0, 0, 1;
    %assign/vec4 v0000023ed95841e0_0, 0;
    %pushi/vec4 0, 0, 1;
    %assign/vec4 v0000023ed957d150_0, 0;
    %pushi/vec4 0, 0, 1;
    %assign/vec4 v0000023ed957d1f0_0, 0;
    %pushi/vec4 0, 0, 1;
    %assign/vec4 v0000023ed9584c80_0, 0;
    %pushi/vec4 0, 0, 1;
    %assign/vec4 v0000023ed9583d80_0, 0;
    %pushi/vec4 0, 0, 1;
    %assign/vec4 v0000023ed957dab0_0, 0;
    %pushi/vec4 0, 0, 1;
    %assign/vec4 v0000023ed9584b40_0, 0;
    %pushi/vec4 0, 0, 1;
    %assign/vec4 v0000023ed95836a0_0, 0;
    %jmp T_12.7;
T_12.6 ;
    %load/vec4 v0000023ed957cf70_0;
    %flag_set/vec4 8;
    %jmp/0xz  T_12.8, 8;
    %load/vec4 v0000023ed9580fe0_0;
    %assign/vec4 v0000023ed9580fe0_0, 0;
    %load/vec4 v0000023ed9586800_0;
    %assign/vec4 v0000023ed9586800_0, 0;
    %load/vec4 v0000023ed9586760_0;
    %assign/vec4 v0000023ed9586760_0, 0;
    %load/vec4 v0000023ed95875c0_0;
    %assign/vec4 v0000023ed95875c0_0, 0;
    %load/vec4 v0000023ed9582c00_0;
    %assign/vec4 v0000023ed9582c00_0, 0;
    %pushi/vec4 0, 0, 1;
    %assign/vec4 v0000023ed9584d20_0, 0;
    %pushi/vec4 0, 0, 32;
    %assign/vec4 v0000023ed95831a0_0, 0;
    %pushi/vec4 0, 0, 32;
    %assign/vec4 v0000023ed9584000_0, 0;
    %pushi/vec4 0, 0, 32;
    %assign/vec4 v0000023ed9583b00_0, 0;
    %pushi/vec4 0, 0, 5;
    %assign/vec4 v0000023ed9582ac0_0, 0;
    %pushi/vec4 0, 0, 5;
    %assign/vec4 v0000023ed9583240_0, 0;
    %pushi/vec4 0, 0, 5;
    %assign/vec4 v0000023ed9583f60_0, 0;
    %pushi/vec4 0, 0, 32;
    %assign/vec4 v0000023ed9583ba0_0, 0;
    %pushi/vec4 0, 0, 32;
    %assign/vec4 v0000023ed95832e0_0, 0;
    %pushi/vec4 0, 0, 32;
    %assign/vec4 v0000023ed95843c0_0, 0;
    %pushi/vec4 0, 0, 7;
    %assign/vec4 v0000023ed9584be0_0, 0;
    %pushi/vec4 0, 0, 3;
    %assign/vec4 v0000023ed9582e80_0, 0;
    %pushi/vec4 0, 0, 7;
    %assign/vec4 v0000023ed9583880_0, 0;
    %pushi/vec4 0, 0, 1;
    %assign/vec4 v0000023ed9582ca0_0, 0;
    %pushi/vec4 0, 0, 1;
    %assign/vec4 v0000023ed9583600_0, 0;
    %pushi/vec4 0, 0, 3;
    %assign/vec4 v0000023ed957cc50_0, 0;
    %pushi/vec4 0, 0, 1;
    %assign/vec4 v0000023ed9584fa0_0, 0;
    %pushi/vec4 0, 0, 1;
    %assign/vec4 v0000023ed9584820_0, 0;
    %pushi/vec4 0, 0, 1;
    %assign/vec4 v0000023ed95841e0_0, 0;
    %pushi/vec4 0, 0, 1;
    %assign/vec4 v0000023ed957d150_0, 0;
    %pushi/vec4 0, 0, 1;
    %assign/vec4 v0000023ed957d1f0_0, 0;
    %pushi/vec4 0, 0, 1;
    %assign/vec4 v0000023ed9584c80_0, 0;
    %pushi/vec4 0, 0, 1;
    %assign/vec4 v0000023ed9583d80_0, 0;
    %pushi/vec4 0, 0, 1;
    %assign/vec4 v0000023ed957dab0_0, 0;
    %pushi/vec4 0, 0, 1;
    %assign/vec4 v0000023ed9584b40_0, 0;
    %pushi/vec4 0, 0, 1;
    %assign/vec4 v0000023ed95836a0_0, 0;
    %jmp T_12.9;
T_12.8 ;
    %load/vec4 v0000023ed95823e0_0;
    %assign/vec4 v0000023ed9580fe0_0, 0;
    %load/vec4 v0000023ed9585e00_0;
    %assign/vec4 v0000023ed9586800_0, 0;
    %load/vec4 v0000023ed9585180_0;
    %assign/vec4 v0000023ed9586760_0, 0;
    %load/vec4 v0000023ed9586a80_0;
    %assign/vec4 v0000023ed95875c0_0, 0;
    %load/vec4 v0000023ed9582a20_0;
    %assign/vec4 v0000023ed9582c00_0, 0;
    %load/vec4 v0000023ed9582de0_0;
    %assign/vec4 v0000023ed9584d20_0, 0;
    %load/vec4 v0000023ed9584460_0;
    %assign/vec4 v0000023ed95831a0_0, 0;
    %load/vec4 v0000023ed9583e20_0;
    %assign/vec4 v0000023ed9584000_0, 0;
    %load/vec4 v0000023ed9584780_0;
    %assign/vec4 v0000023ed9583b00_0, 0;
    %load/vec4 v0000023ed9584960_0;
    %assign/vec4 v0000023ed9582ac0_0, 0;
    %load/vec4 v0000023ed95840a0_0;
    %assign/vec4 v0000023ed9583240_0, 0;
    %load/vec4 v0000023ed95839c0_0;
    %assign/vec4 v0000023ed9583f60_0, 0;
    %load/vec4 v0000023ed95846e0_0;
    %assign/vec4 v0000023ed9583ba0_0, 0;
    %load/vec4 v0000023ed9583a60_0;
    %assign/vec4 v0000023ed95832e0_0, 0;
    %load/vec4 v0000023ed9583560_0;
    %assign/vec4 v0000023ed95843c0_0, 0;
    %load/vec4 v0000023ed9584320_0;
    %assign/vec4 v0000023ed9584be0_0, 0;
    %load/vec4 v0000023ed9583ec0_0;
    %assign/vec4 v0000023ed9582e80_0, 0;
    %load/vec4 v0000023ed9582b60_0;
    %assign/vec4 v0000023ed9583880_0, 0;
    %load/vec4 v0000023ed9584280_0;
    %assign/vec4 v0000023ed9582ca0_0, 0;
    %load/vec4 v0000023ed9583920_0;
    %assign/vec4 v0000023ed9583600_0, 0;
    %load/vec4 v0000023ed957ced0_0;
    %assign/vec4 v0000023ed957cc50_0, 0;
    %load/vec4 v0000023ed9583060_0;
    %assign/vec4 v0000023ed9584fa0_0, 0;
    %load/vec4 v0000023ed95848c0_0;
    %assign/vec4 v0000023ed9584820_0, 0;
    %load/vec4 v0000023ed9583100_0;
    %assign/vec4 v0000023ed95841e0_0, 0;
    %load/vec4 v0000023ed957da10_0;
    %assign/vec4 v0000023ed957d150_0, 0;
    %load/vec4 v0000023ed957d290_0;
    %assign/vec4 v0000023ed957d1f0_0, 0;
    %load/vec4 v0000023ed9583740_0;
    %assign/vec4 v0000023ed9584c80_0, 0;
    %load/vec4 v0000023ed9582fc0_0;
    %assign/vec4 v0000023ed9583d80_0, 0;
    %load/vec4 v0000023ed957db50_0;
    %assign/vec4 v0000023ed957dab0_0, 0;
    %load/vec4 v0000023ed9583ce0_0;
    %assign/vec4 v0000023ed9584b40_0, 0;
    %load/vec4 v0000023ed9582f20_0;
    %assign/vec4 v0000023ed95836a0_0, 0;
T_12.9 ;
T_12.7 ;
    %load/vec4 v0000023ed957c930_0;
    %assign/vec4 v0000023ed957ccf0_0, 0;
    %load/vec4 v0000023ed957bf30_0;
    %assign/vec4 v0000023ed957ac70_0, 0;
    %load/vec4 v0000023ed957adb0_0;
    %assign/vec4 v0000023ed957b5d0_0, 0;
    %load/vec4 v0000023ed957b530_0;
    %assign/vec4 v0000023ed957ab30_0, 0;
    %load/vec4 v0000023ed957ba30_0;
    %assign/vec4 v0000023ed957b350_0, 0;
    %load/vec4 v0000023ed957b8f0_0;
    %assign/vec4 v0000023ed957aef0_0, 0;
    %load/vec4 v0000023ed957c7f0_0;
    %assign/vec4 v0000023ed957b0d0_0, 0;
    %load/vec4 v0000023ed957c110_0;
    %assign/vec4 v0000023ed957b670_0, 0;
    %load/vec4 v0000023ed957b030_0;
    %assign/vec4 v0000023ed957c430_0, 0;
    %load/vec4 v0000023ed957d010_0;
    %assign/vec4 v0000023ed957b7b0_0, 0;
    %load/vec4 v0000023ed957bd50_0;
    %assign/vec4 v0000023ed957abd0_0, 0;
    %load/vec4 v0000023ed957a310_0;
    %assign/vec4 v0000023ed957a770_0, 0;
    %load/vec4 v0000023ed957d830_0;
    %assign/vec4 v0000023ed957dd30_0, 0;
    %load/vec4 v0000023ed957b850_0;
    %assign/vec4 v0000023ed957ad10_0, 0;
    %load/vec4 v0000023ed957c4d0_0;
    %assign/vec4 v0000023ed957b490_0, 0;
    %load/vec4 v0000023ed957bcb0_0;
    %assign/vec4 v0000023ed957a630_0, 0;
    %load/vec4 v0000023ed957b990_0;
    %assign/vec4 v0000023ed957a3b0_0, 0;
    %load/vec4 v0000023ed957bdf0_0;
    %assign/vec4 v0000023ed957bb70_0, 0;
    %load/vec4 v0000023ed957ae50_0;
    %assign/vec4 v0000023ed957af90_0, 0;
    %load/vec4 v0000023ed957b710_0;
    %assign/vec4 v0000023ed957a810_0, 0;
    %load/vec4 v0000023ed957b210_0;
    %assign/vec4 v0000023ed957c070_0, 0;
    %load/vec4 v0000023ed957be90_0;
    %assign/vec4 v0000023ed957c750_0, 0;
    %load/vec4 v0000023ed957a4f0_0;
    %assign/vec4 v0000023ed957a9f0_0, 0;
    %load/vec4 v0000023ed9587d40_0;
    %assign/vec4 v0000023ed9587c00_0, 0;
    %load/vec4 v0000023ed9585a40_0;
    %assign/vec4 v0000023ed9587840_0, 0;
    %load/vec4 v0000023ed9585c20_0;
    %assign/vec4 v0000023ed9585400_0, 0;
    %load/vec4 v0000023ed9585220_0;
    %assign/vec4 v0000023ed95850e0_0, 0;
    %load/vec4 v0000023ed9586580_0;
    %assign/vec4 v0000023ed9586620_0, 0;
    %load/vec4 v0000023ed9587e80_0;
    %assign/vec4 v0000023ed9587ca0_0, 0;
    %load/vec4 v0000023ed9587b60_0;
    %assign/vec4 v0000023ed9587980_0, 0;
    %load/vec4 v0000023ed9585680_0;
    %assign/vec4 v0000023ed95855e0_0, 0;
    %load/vec4 v0000023ed9587de0_0;
    %assign/vec4 v0000023ed9587fc0_0, 0;
    %load/vec4 v0000023ed9587ac0_0;
    %assign/vec4 v0000023ed95878e0_0, 0;
    %load/vec4 v0000023ed9587700_0;
    %assign/vec4 v0000023ed9587520_0, 0;
    %load/vec4 v0000023ed9586120_0;
    %assign/vec4 v0000023ed9585b80_0, 0;
    %load/vec4 v0000023ed95866c0_0;
    %assign/vec4 v0000023ed95877a0_0, 0;
    %load/vec4 v0000023ed9586300_0;
    %assign/vec4 v0000023ed95861c0_0, 0;
    %load/vec4 v0000023ed9586ee0_0;
    %assign/vec4 v0000023ed9586d00_0, 0;
    %load/vec4 v0000023ed9586440_0;
    %assign/vec4 v0000023ed95863a0_0, 0;
    %load/vec4 v0000023ed9586b20_0;
    %assign/vec4 v0000023ed95872a0_0, 0;
    %load/vec4 v0000023ed9585ae0_0;
    %assign/vec4 v0000023ed9586da0_0, 0;
    %load/vec4 v0000023ed9586c60_0;
    %assign/vec4 v0000023ed9587020_0, 0;
    %load/vec4 v0000023ed9587340_0;
    %assign/vec4 v0000023ed95873e0_0, 0;
    %load/vec4 v0000023ed9587660_0;
    %assign/vec4 v0000023ed95870c0_0, 0;
    %load/vec4 v0000023ed95859a0_0;
    %assign/vec4 v0000023ed9586e40_0, 0;
    %load/vec4 v0000023ed9587a20_0;
    %assign/vec4 v0000023ed9587f20_0, 0;
    %load/vec4 v0000023ed95864e0_0;
    %assign/vec4 v0000023ed9586f80_0, 0;
    %load/vec4 v0000023ed9585360_0;
    %assign/vec4 v0000023ed95852c0_0, 0;
    %load/vec4 v0000023ed95857c0_0;
    %assign/vec4 v0000023ed9587480_0, 0;
    %load/vec4 v0000023ed95869e0_0;
    %assign/vec4 v0000023ed9585540_0, 0;
T_12.4 ;
T_12.3 ;
T_12.1 ;
    %jmp T_12;
    .thread T_12;
    .scope S_0000023ed94cb3b0;
T_13 ;
    %wait E_0000023ed9498710;
    %load/vec4 v0000023ed9581da0_0;
    %addi 3, 0, 32;
    %ix/vec4 4;
    %load/vec4a v0000023ed9582660, 4;
    %load/vec4 v0000023ed9581da0_0;
    %addi 2, 0, 32;
    %ix/vec4 4;
    %load/vec4a v0000023ed9582660, 4;
    %concat/vec4; draw_concat_vec4
    %load/vec4 v0000023ed9581da0_0;
    %addi 1, 0, 32;
    %ix/vec4 4;
    %load/vec4a v0000023ed9582660, 4;
    %concat/vec4; draw_concat_vec4
    %load/vec4 v0000023ed9581da0_0;
    %addi 0, 0, 32;
    %ix/vec4 4;
    %load/vec4a v0000023ed9582660, 4;
    %concat/vec4; draw_concat_vec4
    %store/vec4 v0000023ed9580720_0, 0, 32;
    %jmp T_13;
    .thread T_13, $push;
    .scope S_0000023ed94cb3b0;
T_14 ;
    %wait E_0000023ed9498110;
    %pushi/vec4 4294967295, 4294967295, 32;
    %store/vec4 v0000023ed9582020_0, 0, 32;
    %load/vec4 v0000023ed9580c20_0;
    %load/vec4 v0000023ed9580180_0;
    %parti/s 1, 0, 2;
    %and;
    %flag_set/vec4 8;
    %jmp/0xz  T_14.0, 8;
    %load/vec4 v0000023ed9581760_0;
    %addi 0, 0, 32;
    %ix/vec4 4;
    %load/vec4a v0000023ed9581ee0, 4;
    %ix/load 4, 0, 0;
    %flag_set/imm 4, 0;
    %store/vec4 v0000023ed9582020_0, 4, 8;
T_14.0 ;
    %load/vec4 v0000023ed9580c20_0;
    %load/vec4 v0000023ed9580180_0;
    %parti/s 1, 1, 2;
    %and;
    %flag_set/vec4 8;
    %jmp/0xz  T_14.2, 8;
    %load/vec4 v0000023ed9581760_0;
    %addi 1, 0, 32;
    %ix/vec4 4;
    %load/vec4a v0000023ed9581ee0, 4;
    %ix/load 4, 8, 0;
    %flag_set/imm 4, 0;
    %store/vec4 v0000023ed9582020_0, 4, 8;
T_14.2 ;
    %load/vec4 v0000023ed9580c20_0;
    %load/vec4 v0000023ed9580180_0;
    %parti/s 1, 2, 3;
    %and;
    %flag_set/vec4 8;
    %jmp/0xz  T_14.4, 8;
    %load/vec4 v0000023ed9581760_0;
    %addi 2, 0, 32;
    %ix/vec4 4;
    %load/vec4a v0000023ed9581ee0, 4;
    %ix/load 4, 16, 0;
    %flag_set/imm 4, 0;
    %store/vec4 v0000023ed9582020_0, 4, 8;
T_14.4 ;
    %load/vec4 v0000023ed9580c20_0;
    %load/vec4 v0000023ed9580180_0;
    %parti/s 1, 3, 3;
    %and;
    %flag_set/vec4 8;
    %jmp/0xz  T_14.6, 8;
    %load/vec4 v0000023ed9581760_0;
    %addi 3, 0, 32;
    %ix/vec4 4;
    %load/vec4a v0000023ed9581ee0, 4;
    %ix/load 4, 24, 0;
    %flag_set/imm 4, 0;
    %store/vec4 v0000023ed9582020_0, 4, 8;
T_14.6 ;
    %jmp T_14;
    .thread T_14, $push;
    .scope S_0000023ed94cb3b0;
T_15 ;
    %wait E_0000023ed949c950;
    %load/vec4 v0000023ed9582340_0;
    %load/vec4 v0000023ed9580180_0;
    %parti/s 1, 0, 2;
    %and;
    %flag_set/vec4 8;
    %jmp/0xz  T_15.0, 8;
    %load/vec4 v0000023ed95818a0_0;
    %parti/s 8, 0, 2;
    %load/vec4 v0000023ed9581760_0;
    %addi 0, 0, 32;
    %ix/vec4 3;
    %ix/load 4, 0, 0; Constant delay
    %assign/vec4/a/d v0000023ed9581ee0, 0, 4;
T_15.0 ;
    %load/vec4 v0000023ed9582340_0;
    %load/vec4 v0000023ed9580180_0;
    %parti/s 1, 1, 2;
    %and;
    %flag_set/vec4 8;
    %jmp/0xz  T_15.2, 8;
    %load/vec4 v0000023ed95818a0_0;
    %parti/s 8, 8, 5;
    %load/vec4 v0000023ed9581760_0;
    %addi 1, 0, 32;
    %ix/vec4 3;
    %ix/load 4, 0, 0; Constant delay
    %assign/vec4/a/d v0000023ed9581ee0, 0, 4;
T_15.2 ;
    %load/vec4 v0000023ed9582340_0;
    %load/vec4 v0000023ed9580180_0;
    %parti/s 1, 2, 3;
    %and;
    %flag_set/vec4 8;
    %jmp/0xz  T_15.4, 8;
    %load/vec4 v0000023ed95818a0_0;
    %parti/s 8, 16, 6;
    %load/vec4 v0000023ed9581760_0;
    %addi 2, 0, 32;
    %ix/vec4 3;
    %ix/load 4, 0, 0; Constant delay
    %assign/vec4/a/d v0000023ed9581ee0, 0, 4;
T_15.4 ;
    %load/vec4 v0000023ed9582340_0;
    %load/vec4 v0000023ed9580180_0;
    %parti/s 1, 3, 3;
    %and;
    %flag_set/vec4 8;
    %jmp/0xz  T_15.6, 8;
    %load/vec4 v0000023ed95818a0_0;
    %parti/s 8, 24, 6;
    %load/vec4 v0000023ed9581760_0;
    %addi 3, 0, 32;
    %ix/vec4 3;
    %ix/load 4, 0, 0; Constant delay
    %assign/vec4/a/d v0000023ed9581ee0, 0, 4;
T_15.6 ;
    %jmp T_15;
    .thread T_15;
    .scope S_0000023ed94cb3b0;
T_16 ;
    %pushi/vec4 1, 0, 1;
    %store/vec4 v0000023ed9582520_0, 0, 1;
    %pushi/vec4 0, 0, 1;
    %store/vec4 v0000023ed95805e0_0, 0, 1;
    %vpi_call 2 110 "$display", "Loading program." {0 0 0};
    %vpi_call 2 111 "$readmemh", "program.mem", v0000023ed9582660 {0 0 0};
    %vpi_call 2 114 "$display", "Resetting hart." {0 0 0};
    %wait E_0000023ed9497f10;
    %pushi/vec4 1, 0, 1;
    %store/vec4 v0000023ed95805e0_0, 0, 1;
    %wait E_0000023ed9497f10;
    %wait E_0000023ed9497f10;
    %wait E_0000023ed9497f10;
    %pushi/vec4 0, 0, 1;
    %store/vec4 v0000023ed95805e0_0, 0, 1;
    %vpi_call 2 120 "$display", "%-10s %-8s %-14s %-14s %s", "PC", "Inst", "rs1", "rs2", "[rd, load, store]" {0 0 0};
    %pushi/vec4 0, 0, 32;
    %store/vec4 v0000023ed9581e40_0, 0, 32;
    %pushi/vec4 1, 0, 32;
    %store/vec4 v0000023ed95820c0_0, 0, 32;
    %pushi/vec4 0, 0, 32;
    %store/vec4 v0000023ed9580d60_0, 0, 32;
T_16.0 ;
    %load/vec4 v0000023ed95820c0_0;
    %or/r;
    %flag_set/vec4 8;
    %jmp/0xz T_16.1, 8;
    %wait E_0000023ed949c950;
    %load/vec4 v0000023ed9581e40_0;
    %addi 1, 0, 32;
    %store/vec4 v0000023ed9581e40_0, 0, 32;
    %load/vec4 v0000023ed95822a0_0;
    %flag_set/vec4 8;
    %jmp/0xz  T_16.2, 8;
    %load/vec4 v0000023ed9580d60_0;
    %addi 1, 0, 32;
    %store/vec4 v0000023ed9580d60_0, 0, 32;
    %load/vec4 v0000023ed9582700_0;
    %parti/s 4, 0, 2;
    %cmpi/e 7, 0, 4;
    %jmp/1 T_16.7, 4;
    %flag_mov 8, 4;
    %load/vec4 v0000023ed9582700_0;
    %parti/s 7, 0, 2;
    %cmpi/e 115, 0, 7;
    %flag_or 4, 8;
T_16.7;
    %jmp/1 T_16.6, 4;
    %flag_mov 8, 4;
    %load/vec4 v0000023ed9582700_0;
    %parti/s 7, 0, 2;
    %cmpi/e 111, 0, 7;
    %flag_or 4, 8;
T_16.6;
    %jmp/0xz  T_16.4, 4;
    %vpi_call 2 133 "$write", "[%08h] %08h r[--]=-------- r[--]=--------", v0000023ed95802c0_0, v0000023ed9582700_0 {0 0 0};
    %jmp T_16.5;
T_16.4 ;
    %load/vec4 v0000023ed9582700_0;
    %parti/s 7, 0, 2;
    %cmpi/e 19, 0, 7;
    %jmp/1 T_16.11, 4;
    %flag_mov 8, 4;
    %load/vec4 v0000023ed9582700_0;
    %parti/s 7, 0, 2;
    %cmpi/e 3, 0, 7;
    %flag_or 4, 8;
T_16.11;
    %jmp/1 T_16.10, 4;
    %flag_mov 8, 4;
    %load/vec4 v0000023ed9582700_0;
    %parti/s 7, 0, 2;
    %cmpi/e 103, 0, 7;
    %flag_or 4, 8;
T_16.10;
    %jmp/0xz  T_16.8, 4;
    %vpi_call 2 136 "$write", "[%08h] %08h r[%d]=%08h r[--]=--------", v0000023ed95802c0_0, v0000023ed9582700_0, v0000023ed95819e0_0, v0000023ed9581a80_0 {0 0 0};
    %jmp T_16.9;
T_16.8 ;
    %vpi_call 2 138 "$write", "[%08h] %08h r[%d]=%08h r[%d]=%08h", v0000023ed95802c0_0, v0000023ed9582700_0, v0000023ed95819e0_0, v0000023ed9581a80_0, v0000023ed9581620_0, v0000023ed9581c60_0 {0 0 0};
T_16.9 ;
T_16.5 ;
    %load/vec4 v0000023ed9580400_0;
    %cmpi/ne 0, 0, 5;
    %jmp/0xz  T_16.12, 4;
    %vpi_call 2 142 "$write", " w[%d]=%08h", v0000023ed9580400_0, v0000023ed9581940_0 {0 0 0};
T_16.12 ;
    %load/vec4 v0000023ed95811c0_0;
    %flag_set/vec4 8;
    %jmp/0xz  T_16.14, 8;
    %vpi_call 2 145 "$write", " l[%08h,%04b]=%08h", v0000023ed9580540_0, v0000023ed9581120_0, v0000023ed95814e0_0 {0 0 0};
T_16.14 ;
    %load/vec4 v0000023ed9581300_0;
    %flag_set/vec4 8;
    %jmp/0xz  T_16.16, 8;
    %vpi_call 2 147 "$write", " s[%08h,%04b]=%08h", v0000023ed9580540_0, v0000023ed9581120_0, v0000023ed95807c0_0 {0 0 0};
T_16.16 ;
    %load/vec4 v0000023ed9582160_0;
    %flag_set/vec4 8;
    %jmp/0xz  T_16.18, 8;
    %vpi_call 2 150 "$write", " TRAP" {0 0 0};
T_16.18 ;
    %vpi_call 2 151 "$display" {0 0 0};
    %load/vec4 v0000023ed9582200_0;
    %flag_set/vec4 8;
    %jmp/0xz  T_16.20, 8;
    %pushi/vec4 0, 0, 32;
    %store/vec4 v0000023ed95820c0_0, 0, 32;
T_16.20 ;
T_16.2 ;
    %load/vec4 v0000023ed9581e40_0;
    %cmpi/s 40000, 0, 32;
    %flag_or 5, 4; GT is !LE
    %flag_inv 5;
    %jmp/0xz  T_16.22, 5;
    %vpi_call 2 158 "$display", "Program did not halt after 40000 cycles, aborting." {0 0 0};
    %pushi/vec4 0, 0, 32;
    %store/vec4 v0000023ed95820c0_0, 0, 32;
T_16.22 ;
    %jmp T_16.0;
T_16.1 ;
    %vpi_call 2 163 "$display", "Program halted after %d cycles.", v0000023ed9581e40_0 {0 0 0};
    %vpi_call 2 164 "$display", "Total instructions retired: %d", v0000023ed9580d60_0 {0 0 0};
    %load/vec4 v0000023ed9580d60_0;
    %cmpi/e 0, 0, 32;
    %jmp/0xz  T_16.24, 4;
    %vpi_call 2 166 "$display", "CPI: invalid (no instructions retired)" {0 0 0};
    %jmp T_16.25;
T_16.24 ;
    %load/vec4 v0000023ed9581e40_0;
    %cvt/rv/s;
    %pushi/real 1073741824, 4066; load=1.00000
    %load/vec4 v0000023ed9580d60_0;
    %cvt/rv/s;
    %mul/wr;
    %div/wr;
    %vpi_call 2 168 "$display", "CPI: %f", W<0,r> {0 1 0};
T_16.25 ;
    %vpi_call 2 169 "$finish" {0 0 0};
    %end;
    .thread T_16;
    .scope S_0000023ed94cb3b0;
T_17 ;
    %pushi/vec4 0, 0, 32;
    %store/vec4 v0000023ed95a2d60_0, 0, 32;
T_17.0 ;
    %load/vec4 v0000023ed95a2d60_0;
    %cmpi/s 40000, 0, 32;
    %jmp/0xz T_17.1, 5;
    %wait E_0000023ed949c950;
    %load/vec4 v0000023ed95a2d60_0;
    %addi 1, 0, 32;
    %store/vec4 v0000023ed95a2d60_0, 0, 32;
    %jmp T_17.0;
T_17.1 ;
    %vpi_call 2 178 "$finish" {0 0 0};
    %end;
    .thread T_17;
    .scope S_0000023ed94cb3b0;
T_18 ;
    %delay 5000, 0;
    %load/vec4 v0000023ed9582520_0;
    %inv;
    %store/vec4 v0000023ed9582520_0, 0, 1;
    %jmp T_18;
    .thread T_18;
# The file index is used to find the file name in the following table.
:file_names 12;
    "N/A";
    "<interactive>";
    "tb/tb.v";
    "rtl/hart.v";
    "rtl/decode.v";
    "lib/imm.v";
    "lib/rf.v";
    "rtl/execute.v";
    "lib/alu.v";
    "lib/alu_control_unit.v";
    "rtl/memory.v";
    "rtl/writeback.v";
