#! /c/Source/iverilog-install/bin/vvp
:ivl_version "12.0 (devel)" "(s20150603-1539-g2693dd32b)";
:ivl_delay_selection "TYPICAL";
:vpi_time_precision - 12;
:vpi_module "D:\iverilog\lib\ivl\system.vpi";
:vpi_module "D:\iverilog\lib\ivl\vhdl_sys.vpi";
:vpi_module "D:\iverilog\lib\ivl\vhdl_textio.vpi";
:vpi_module "D:\iverilog\lib\ivl\v2005_math.vpi";
:vpi_module "D:\iverilog\lib\ivl\va_math.vpi";
S_000001ce64114440 .scope module, "hart_tb" "hart_tb" 2 2;
 .timescale -9 -12;
P_000001ce640cdaa0 .param/l "DEBUG" 0 2 3, +C4<00000000000000000000000000000000>;
L_000001ce64213f80 .functor BUFZ 1, L_000001ce64217390, C4<0>, C4<0>, C4<0>;
v000001ce64193fc0_0 .var "clk", 0 0;
v000001ce64194060_0 .var/i "cycles", 31 0;
v000001ce64195fa0_0 .net "dmem_addr", 31 0, L_000001ce64215480;  1 drivers
v000001ce64197ee0_0 .net "dmem_mask", 3 0, L_000001ce64215560;  1 drivers
v000001ce64196ea0_0 .net "dmem_rdata", 31 0, L_000001ce64217320;  1 drivers
v000001ce641958c0_0 .net "dmem_ready", 0 0, L_000001ce642174e0;  1 drivers
v000001ce641964a0_0 .net "dmem_ren", 0 0, L_000001ce642159c0;  1 drivers
v000001ce64197440_0 .net "dmem_rvalid", 0 0, L_000001ce64217390;  1 drivers
v000001ce64197120_0 .net "dmem_valid", 0 0, L_000001ce64213f80;  1 drivers
v000001ce641978a0_0 .net "dmem_wdata", 31 0, L_000001ce64216980;  1 drivers
v000001ce64197c60_0 .net "dmem_wdone", 0 0, L_000001ce64217470;  1 drivers
v000001ce64197300_0 .net "dmem_wen", 0 0, L_000001ce64216600;  1 drivers
v000001ce64197f80_0 .net "halt", 0 0, L_000001ce64216440;  1 drivers
v000001ce64196720_0 .var/i "i", 31 0;
v000001ce64196180_0 .net "imem_raddr", 31 0, L_000001ce6407e680;  1 drivers
v000001ce64197a80_0 .net "imem_rdata", 31 0, L_000001ce64215e90;  1 drivers
v000001ce64198020_0 .net "imem_ready", 0 0, L_000001ce642175c0;  1 drivers
v000001ce64196540_0 .net "imem_ren", 0 0, L_000001ce6407e1b0;  1 drivers
v000001ce64197da0_0 .net "imem_valid", 0 0, L_000001ce64215fe0;  1 drivers
v000001ce64195960_0 .net "inst", 31 0, L_000001ce64216b40;  1 drivers
v000001ce64197d00_0 .net "next_pc", 31 0, L_000001ce64216d00;  1 drivers
v000001ce64197e40_0 .var/i "num_instructions", 31 0;
v000001ce64195a00_0 .net "pc", 31 0, L_000001ce64215b80;  1 drivers
v000001ce64196f40_0 .net "rd_waddr", 4 0, L_000001ce641fa1b0;  1 drivers
v000001ce64196680_0 .net "rd_wdata", 31 0, L_000001ce64216520;  1 drivers
v000001ce64196860_0 .net "retire_dmem_addr", 31 0, L_000001ce64216590;  1 drivers
v000001ce641979e0_0 .net "retire_dmem_mask", 3 0, L_000001ce64216d70;  1 drivers
v000001ce64195e60_0 .net "retire_dmem_rdata", 31 0, L_000001ce64216e50;  1 drivers
v000001ce64196fe0_0 .net "retire_dmem_ren", 0 0, L_000001ce642156b0;  1 drivers
v000001ce64197bc0_0 .net "retire_dmem_wdata", 31 0, L_000001ce64216f30;  1 drivers
v000001ce64196ae0_0 .net "retire_dmem_wen", 0 0, L_000001ce64215b10;  1 drivers
v000001ce64197800_0 .net "rs1_raddr", 4 0, L_000001ce642164b0;  1 drivers
v000001ce64196040_0 .net "rs1_rdata", 31 0, L_000001ce642158e0;  1 drivers
v000001ce641960e0_0 .net "rs2_raddr", 4 0, L_000001ce64215aa0;  1 drivers
v000001ce64196220_0 .net "rs2_rdata", 31 0, L_000001ce64215800;  1 drivers
v000001ce64195b40_0 .var "rst", 0 0;
v000001ce641967c0_0 .var/i "run", 31 0;
v000001ce64195aa0_0 .net "trap", 0 0, L_000001ce642155d0;  1 drivers
v000001ce64196900_0 .net "valid", 0 0, L_000001ce642167c0;  1 drivers
v000001ce64197940_0 .var/i "watchdog", 31 0;
E_000001ce640ce720 .event negedge, v000001ce640eebe0_0;
S_000001ce64115da0 .scope module, "dut" "hart" 2 34, 3 3 0, S_000001ce64114440;
 .timescale -9 -12;
    .port_info 0 /INPUT 1 "i_clk";
    .port_info 1 /INPUT 1 "i_rst";
    .port_info 2 /INPUT 1 "i_imem_ready";
    .port_info 3 /OUTPUT 32 "o_imem_raddr";
    .port_info 4 /OUTPUT 1 "o_imem_ren";
    .port_info 5 /INPUT 1 "i_imem_valid";
    .port_info 6 /INPUT 32 "i_imem_rdata";
    .port_info 7 /INPUT 1 "i_dmem_ready";
    .port_info 8 /OUTPUT 32 "o_dmem_addr";
    .port_info 9 /OUTPUT 1 "o_dmem_ren";
    .port_info 10 /OUTPUT 1 "o_dmem_wen";
    .port_info 11 /OUTPUT 32 "o_dmem_wdata";
    .port_info 12 /OUTPUT 4 "o_dmem_mask";
    .port_info 13 /INPUT 1 "i_dmem_valid";
    .port_info 14 /INPUT 32 "i_dmem_rdata";
    .port_info 15 /OUTPUT 1 "o_retire_valid";
    .port_info 16 /OUTPUT 32 "o_retire_inst";
    .port_info 17 /OUTPUT 1 "o_retire_trap";
    .port_info 18 /OUTPUT 1 "o_retire_halt";
    .port_info 19 /OUTPUT 5 "o_retire_rs1_raddr";
    .port_info 20 /OUTPUT 5 "o_retire_rs2_raddr";
    .port_info 21 /OUTPUT 32 "o_retire_rs1_rdata";
    .port_info 22 /OUTPUT 32 "o_retire_rs2_rdata";
    .port_info 23 /OUTPUT 5 "o_retire_rd_waddr";
    .port_info 24 /OUTPUT 32 "o_retire_rd_wdata";
    .port_info 25 /OUTPUT 32 "o_retire_dmem_addr";
    .port_info 26 /OUTPUT 4 "o_retire_dmem_mask";
    .port_info 27 /OUTPUT 1 "o_retire_dmem_ren";
    .port_info 28 /OUTPUT 1 "o_retire_dmem_wen";
    .port_info 29 /OUTPUT 32 "o_retire_dmem_rdata";
    .port_info 30 /OUTPUT 32 "o_retire_dmem_wdata";
    .port_info 31 /OUTPUT 32 "o_retire_pc";
    .port_info 32 /OUTPUT 32 "o_retire_next_pc";
P_000001ce640cfba0 .param/l "RESET_ADDR" 0 3 6, C4<00000000000000000000000000000000>;
L_000001ce6407ea70 .functor BUFZ 32, v000001ce641926d0_0, C4<00000000000000000000000000000000>, C4<00000000000000000000000000000000>, C4<00000000000000000000000000000000>;
L_000001ce6407eca0 .functor BUFZ 32, L_000001ce64215e90, C4<00000000000000000000000000000000>, C4<00000000000000000000000000000000>, C4<00000000000000000000000000000000>;
L_000001ce6407de30 .functor NOT 1, L_000001ce641f3780, C4<0>, C4<0>, C4<0>;
L_000001ce6407e290 .functor AND 1, v000001ce6418c410_0, L_000001ce6407de30, C4<1>, C4<1>;
L_000001ce6407eae0 .functor NOT 1, L_000001ce64216c90, C4<0>, C4<0>, C4<0>;
L_000001ce6407f3a0 .functor AND 1, L_000001ce6407e290, L_000001ce6407eae0, C4<1>, C4<1>;
L_000001ce6407e4c0 .functor NOT 1, L_000001ce641f58c0, C4<0>, C4<0>, C4<0>;
L_000001ce6407df10 .functor AND 1, L_000001ce6407f3a0, L_000001ce6407e4c0, C4<1>, C4<1>;
L_000001ce6407f480 .functor NOT 1, v000001ce6418c410_0, C4<0>, C4<0>, C4<0>;
L_000001ce6407dab0 .functor OR 1, L_000001ce6407f480, L_000001ce6407df10, C4<0>, C4<0>;
L_000001ce6407f560 .functor NOT 1, v000001ce641838f0_0, C4<0>, C4<0>, C4<0>;
L_000001ce6407dea0 .functor NOT 1, v000001ce6418c550_0, C4<0>, C4<0>, C4<0>;
L_000001ce6407df80 .functor AND 1, L_000001ce6407f560, L_000001ce6407dea0, C4<1>, C4<1>;
L_000001ce6407e220 .functor AND 1, L_000001ce6407df80, L_000001ce6407dab0, C4<1>, C4<1>;
L_000001ce6407e0d0 .functor NOT 1, L_000001ce641f58c0, C4<0>, C4<0>, C4<0>;
L_000001ce6407e7d0 .functor AND 1, L_000001ce6407e220, L_000001ce6407e0d0, C4<1>, C4<1>;
L_000001ce6407e060 .functor AND 1, L_000001ce6407e7d0, L_000001ce642175c0, C4<1>, C4<1>;
L_000001ce6407e140 .functor AND 1, L_000001ce64215fe0, v000001ce6418c550_0, C4<1>, C4<1>;
L_000001ce6407f090 .functor NOT 1, v000001ce6418bd30_0, C4<0>, C4<0>, C4<0>;
L_000001ce6407ed10 .functor AND 1, L_000001ce6407e140, L_000001ce6407f090, C4<1>, C4<1>;
L_000001ce6407ed80 .functor NOT 1, L_000001ce641f58c0, C4<0>, C4<0>, C4<0>;
L_000001ce6407f250 .functor AND 1, L_000001ce6407ed10, L_000001ce6407ed80, C4<1>, C4<1>;
L_000001ce6407e680 .functor BUFZ 32, L_000001ce6407ea70, C4<00000000000000000000000000000000>, C4<00000000000000000000000000000000>, C4<00000000000000000000000000000000>;
L_000001ce6407e1b0 .functor BUFZ 1, L_000001ce6407e060, C4<0>, C4<0>, C4<0>;
L_000001ce6407ee60 .functor BUFZ 1, L_000001ce6407f250, C4<0>, C4<0>, C4<0>;
L_000001ce6407eed0 .functor BUFZ 32, v000001ce6418bdd0_0, C4<00000000000000000000000000000000>, C4<00000000000000000000000000000000>, C4<00000000000000000000000000000000>;
L_000001ce6407f100 .functor BUFZ 32, L_000001ce6407eca0, C4<00000000000000000000000000000000>, C4<00000000000000000000000000000000>, C4<00000000000000000000000000000000>;
L_000001ce641f36a0 .functor OR 1, L_000001ce64198d40, L_000001ce64199ec0, C4<0>, C4<0>;
L_000001ce641f35c0 .functor OR 1, L_000001ce641f36a0, L_000001ce64198660, C4<0>, C4<0>;
L_000001ce641f4200 .functor OR 1, L_000001ce641f35c0, L_000001ce64198840, C4<0>, C4<0>;
L_000001ce641f3f60 .functor OR 1, L_000001ce641f4200, L_000001ce6419a1e0, C4<0>, C4<0>;
L_000001ce641f3c50 .functor OR 1, L_000001ce641f3f60, L_000001ce64198a20, C4<0>, C4<0>;
L_000001ce641f3550 .functor OR 1, L_000001ce64198de0, L_000001ce6419a280, C4<0>, C4<0>;
L_000001ce641f32b0 .functor OR 1, L_000001ce641f3550, L_000001ce6419a320, C4<0>, C4<0>;
L_000001ce641f4900 .functor OR 1, L_000001ce64198ac0, L_000001ce64198e80, C4<0>, C4<0>;
L_000001ce641f3cc0 .functor AND 1, v000001ce6418c410_0, v000001ce6418c230_0, C4<1>, C4<1>;
L_000001ce641f4430 .functor AND 1, L_000001ce641f3cc0, v000001ce6418b8d0_0, C4<1>, C4<1>;
L_000001ce641f4740 .functor AND 1, L_000001ce641f4430, L_000001ce64198f20, C4<1>, C4<1>;
L_000001ce641f3390 .functor AND 1, L_000001ce641f3c50, L_000001ce64199100, C4<1>, C4<1>;
L_000001ce641f4ac0 .functor AND 1, L_000001ce641f4900, L_000001ce6419afa0, C4<1>, C4<1>;
L_000001ce641f47b0 .functor OR 1, L_000001ce641f3390, L_000001ce641f4ac0, C4<0>, C4<0>;
L_000001ce641f3240 .functor AND 1, L_000001ce641f4740, L_000001ce641f47b0, C4<1>, C4<1>;
L_000001ce6419be40 .functor BUFT 1, C4<0>, C4<0>, C4<0>, C4<0>;
L_000001ce641f4270 .functor OR 1, L_000001ce641f3240, L_000001ce6419be40, C4<0>, C4<0>;
L_000001ce6419be88 .functor BUFT 1, C4<0>, C4<0>, C4<0>, C4<0>;
L_000001ce641f3780 .functor OR 1, L_000001ce641f4270, L_000001ce6419be88, C4<0>, C4<0>;
L_000001ce641f4ba0 .functor BUFZ 1, v000001ce6418c410_0, C4<0>, C4<0>, C4<0>;
L_000001ce641f4a50 .functor BUFZ 32, v000001ce6418b150_0, C4<00000000000000000000000000000000>, C4<00000000000000000000000000000000>, C4<00000000000000000000000000000000>;
L_000001ce641f3400 .functor BUFZ 32, v000001ce6418c5f0_0, C4<00000000000000000000000000000000>, C4<00000000000000000000000000000000>, C4<00000000000000000000000000000000>;
L_000001ce641f3fd0 .functor BUFZ 32, v000001ce6418bab0_0, C4<00000000000000000000000000000000>, C4<00000000000000000000000000000000>, C4<00000000000000000000000000000000>;
L_000001ce641f37f0 .functor BUFZ 5, L_000001ce641f4890, C4<00000>, C4<00000>, C4<00000>;
L_000001ce641f3320 .functor BUFZ 5, L_000001ce641f3e80, C4<00000>, C4<00000>, C4<00000>;
L_000001ce641f3860 .functor BUFZ 5, L_000001ce641983e0, C4<00000>, C4<00000>, C4<00000>;
L_000001ce641f38d0 .functor BUFZ 32, L_000001ce641f3d30, C4<00000000000000000000000000000000>, C4<00000000000000000000000000000000>, C4<00000000000000000000000000000000>;
L_000001ce641f3470 .functor BUFZ 32, L_000001ce641f3630, C4<00000000000000000000000000000000>, C4<00000000000000000000000000000000>, C4<00000000000000000000000000000000>;
L_000001ce641f39b0 .functor BUFZ 32, L_000001ce641999c0, C4<00000000000000000000000000000000>, C4<00000000000000000000000000000000>, C4<00000000000000000000000000000000>;
L_000001ce641f34e0 .functor BUFZ 1, L_000001ce6407f330, C4<0>, C4<0>, C4<0>;
L_000001ce641f3be0 .functor BUFZ 1, L_000001ce6407f8e0, C4<0>, C4<0>, C4<0>;
L_000001ce641f4580 .functor BUFZ 3, L_000001ce641976c0, C4<000>, C4<000>, C4<000>;
L_000001ce641f42e0 .functor BUFZ 1, L_000001ce6407f950, C4<0>, C4<0>, C4<0>;
L_000001ce641f3b70 .functor BUFZ 1, L_000001ce6407f870, C4<0>, C4<0>, C4<0>;
L_000001ce641f4190 .functor BUFZ 1, L_000001ce6407f800, C4<0>, C4<0>, C4<0>;
L_000001ce641f4970 .functor BUFZ 1, L_000001ce6407fcd0, C4<0>, C4<0>, C4<0>;
L_000001ce641f46d0 .functor BUFZ 1, L_000001ce6407f9c0, C4<0>, C4<0>, C4<0>;
L_000001ce641f3da0 .functor BUFZ 1, L_000001ce6407fc60, C4<0>, C4<0>, C4<0>;
L_000001ce641f3940 .functor BUFZ 1, L_000001ce6407fbf0, C4<0>, C4<0>, C4<0>;
L_000001ce641f3a20 .functor BUFZ 1, L_000001ce6407f720, C4<0>, C4<0>, C4<0>;
L_000001ce641f4350 .functor BUFZ 1, L_000001ce6407f020, C4<0>, C4<0>, C4<0>;
L_000001ce641f3e10 .functor BUFZ 1, L_000001ce6407e370, C4<0>, C4<0>, C4<0>;
L_000001ce641f3a90 .functor BUFZ 32, L_000001ce641fa6b0, C4<00000000000000000000000000000000>, C4<00000000000000000000000000000000>, C4<00000000000000000000000000000000>;
L_000001ce641f43c0 .functor AND 1, v000001ce6418c230_0, v000001ce64182630_0, C4<1>, C4<1>;
L_000001ce641f4820 .functor AND 1, L_000001ce641f43c0, v000001ce64184250_0, C4<1>, C4<1>;
L_000001ce641f4040 .functor NOT 1, v000001ce64187db0_0, C4<0>, C4<0>, C4<0>;
L_000001ce641f4b30 .functor AND 1, L_000001ce641f4820, L_000001ce641f4040, C4<1>, C4<1>;
L_000001ce641f40b0 .functor AND 1, L_000001ce641f4b30, L_000001ce6419adc0, C4<1>, C4<1>;
L_000001ce641f4120 .functor AND 1, L_000001ce641f40b0, L_000001ce6419af00, C4<1>, C4<1>;
L_000001ce641f44a0 .functor AND 1, v000001ce6418c230_0, v000001ce64182630_0, C4<1>, C4<1>;
L_000001ce641f4510 .functor AND 1, L_000001ce641f44a0, v000001ce64184250_0, C4<1>, C4<1>;
L_000001ce641f45f0 .functor NOT 1, v000001ce64187db0_0, C4<0>, C4<0>, C4<0>;
L_000001ce641f4660 .functor AND 1, L_000001ce641f4510, L_000001ce641f45f0, C4<1>, C4<1>;
L_000001ce641f4c10 .functor AND 1, L_000001ce641f4660, L_000001ce6419aa00, C4<1>, C4<1>;
L_000001ce641f30f0 .functor AND 1, L_000001ce641f4c10, L_000001ce6419aaa0, C4<1>, C4<1>;
L_000001ce641f3160 .functor AND 1, v000001ce6418c230_0, v000001ce64191370_0, C4<1>, C4<1>;
L_000001ce641f31d0 .functor AND 1, L_000001ce641f3160, v000001ce6418ed50_0, C4<1>, C4<1>;
L_000001ce641f6490 .functor AND 1, L_000001ce641f31d0, L_000001ce6419ac80, C4<1>, C4<1>;
L_000001ce641f5150 .functor NOT 1, L_000001ce641f4120, C4<0>, C4<0>, C4<0>;
L_000001ce641f5f50 .functor AND 1, L_000001ce641f6490, L_000001ce641f5150, C4<1>, C4<1>;
L_000001ce641f62d0 .functor AND 1, L_000001ce641f5f50, L_000001ce6419ad20, C4<1>, C4<1>;
L_000001ce641f5a80 .functor AND 1, v000001ce6418c230_0, v000001ce64191370_0, C4<1>, C4<1>;
L_000001ce641f5af0 .functor AND 1, L_000001ce641f5a80, v000001ce6418ed50_0, C4<1>, C4<1>;
L_000001ce641f5690 .functor AND 1, L_000001ce641f5af0, L_000001ce641ffc50, C4<1>, C4<1>;
L_000001ce641f5460 .functor NOT 1, L_000001ce641f30f0, C4<0>, C4<0>, C4<0>;
L_000001ce641f4eb0 .functor AND 1, L_000001ce641f5690, L_000001ce641f5460, C4<1>, C4<1>;
L_000001ce641f6810 .functor AND 1, L_000001ce641f4eb0, L_000001ce641fe490, C4<1>, C4<1>;
L_000001ce641f54d0 .functor BUFZ 32, L_000001ce64200010, C4<00000000000000000000000000000000>, C4<00000000000000000000000000000000>, C4<00000000000000000000000000000000>;
L_000001ce641f5fc0 .functor NOT 1, L_000001ce64216c90, C4<0>, C4<0>, C4<0>;
L_000001ce641f6880 .functor AND 1, v000001ce6418c230_0, L_000001ce641f5fc0, C4<1>, C4<1>;
L_000001ce641f51c0 .functor AND 1, L_000001ce641f6880, v000001ce64182270_0, C4<1>, C4<1>;
L_000001ce641f4dd0 .functor NOT 1, L_000001ce641fe710, C4<0>, C4<0>, C4<0>;
L_000001ce641f67a0 .functor NOT 1, L_000001ce641f5d20, C4<0>, C4<0>, C4<0>;
L_000001ce641f5d90 .functor NOT 1, L_000001ce641f5d20, C4<0>, C4<0>, C4<0>;
L_000001ce641f6180 .functor AND 1, L_000001ce641f51c0, L_000001ce641fea30, C4<1>, C4<1>;
L_000001ce641f4cf0 .functor NOT 1, L_000001ce64216c90, C4<0>, C4<0>, C4<0>;
L_000001ce641f55b0 .functor AND 1, v000001ce6418c230_0, L_000001ce641f4cf0, C4<1>, C4<1>;
L_000001ce641f6500 .functor AND 1, L_000001ce641f55b0, v000001ce64183cb0_0, C4<1>, C4<1>;
L_000001ce641f66c0 .functor OR 1, L_000001ce641f6180, L_000001ce641f6500, C4<0>, C4<0>;
L_000001ce641f63b0 .functor AND 1, L_000001ce641f66c0, L_000001ce641ff750, C4<1>, C4<1>;
L_000001ce641f5930 .functor NOT 1, L_000001ce641f63b0, C4<0>, C4<0>, C4<0>;
L_000001ce641f58c0 .functor AND 1, L_000001ce641f66c0, L_000001ce641f5930, C4<1>, C4<1>;
L_000001ce641f5e00 .functor BUFZ 1, v000001ce6418c230_0, C4<0>, C4<0>, C4<0>;
L_000001ce641f6030 .functor BUFZ 32, v000001ce6418b3d0_0, C4<00000000000000000000000000000000>, C4<00000000000000000000000000000000>, C4<00000000000000000000000000000000>;
L_000001ce641f5e70 .functor BUFZ 32, v000001ce6418ba10_0, C4<00000000000000000000000000000000>, C4<00000000000000000000000000000000>, C4<00000000000000000000000000000000>;
L_000001ce641f5ee0 .functor BUFZ 32, L_000001ce641fefd0, C4<00000000000000000000000000000000>, C4<00000000000000000000000000000000>, C4<00000000000000000000000000000000>;
L_000001ce641f6570 .functor BUFZ 32, v000001ce64183490_0, C4<00000000000000000000000000000000>, C4<00000000000000000000000000000000>, C4<00000000000000000000000000000000>;
L_000001ce641f5540 .functor BUFZ 5, v000001ce6418c7d0_0, C4<00000>, C4<00000>, C4<00000>;
L_000001ce641f65e0 .functor BUFZ 5, v000001ce6418c190_0, C4<00000>, C4<00000>, C4<00000>;
L_000001ce641f6730 .functor BUFZ 5, v000001ce6418b470_0, C4<00000>, C4<00000>, C4<00000>;
L_000001ce641f4f20 .functor BUFZ 32, L_000001ce641fe530, C4<00000000000000000000000000000000>, C4<00000000000000000000000000000000>, C4<00000000000000000000000000000000>;
L_000001ce641f61f0 .functor BUFZ 32, L_000001ce64200010, C4<00000000000000000000000000000000>, C4<00000000000000000000000000000000>, C4<00000000000000000000000000000000>;
L_000001ce641f5a10 .functor BUFZ 32, v000001ce6418b6f0_0, C4<00000000000000000000000000000000>, C4<00000000000000000000000000000000>, C4<00000000000000000000000000000000>;
L_000001ce641f6110 .functor BUFZ 32, v000001ce64147650_0, C4<00000000000000000000000000000000>, C4<00000000000000000000000000000000>, C4<00000000000000000000000000000000>;
L_000001ce641f6260 .functor BUFZ 32, L_000001ce641f54d0, C4<00000000000000000000000000000000>, C4<00000000000000000000000000000000>, C4<00000000000000000000000000000000>;
L_000001ce641f4d60 .functor BUFZ 3, v000001ce641823b0_0, C4<000>, C4<000>, C4<000>;
L_000001ce641f6420 .functor BUFZ 1, v000001ce6418bbf0_0, C4<0>, C4<0>, C4<0>;
L_000001ce641f4e40 .functor BUFZ 1, v000001ce6418b8d0_0, C4<0>, C4<0>, C4<0>;
L_000001ce641f5230 .functor BUFZ 1, v000001ce6418bb50_0, C4<0>, C4<0>, C4<0>;
L_000001ce641f52a0 .functor BUFZ 1, v000001ce64183df0_0, C4<0>, C4<0>, C4<0>;
L_000001ce641f5000 .functor BUFZ 1, v000001ce64183cb0_0, C4<0>, C4<0>, C4<0>;
L_000001ce641f5310 .functor BUFZ 1, v000001ce6418caf0_0, C4<0>, C4<0>, C4<0>;
L_000001ce641f4f90 .functor BUFZ 1, v000001ce64183350_0, C4<0>, C4<0>, C4<0>;
L_000001ce641f5070 .functor BUFZ 1, L_000001ce641f63b0, C4<0>, C4<0>, C4<0>;
L_000001ce641f50e0 .functor BUFZ 1, v000001ce64183c10_0, C4<0>, C4<0>, C4<0>;
L_000001ce641f5380 .functor AND 1, v000001ce64182630_0, v000001ce641876d0_0, C4<1>, C4<1>;
L_000001ce641f53f0 .functor AND 1, v000001ce64182630_0, v000001ce64187f90_0, C4<1>, C4<1>;
L_000001ce641f5620 .functor AND 1, v000001ce64191370_0, v000001ce6418ecb0_0, C4<1>, C4<1>;
L_000001ce641f5700 .functor AND 1, L_000001ce641f5620, v000001ce64182630_0, C4<1>, C4<1>;
L_000001ce641f57e0 .functor AND 1, L_000001ce641f5700, v000001ce64187f90_0, C4<1>, C4<1>;
L_000001ce641f6dc0 .functor AND 1, L_000001ce641f57e0, L_000001ce64200330, C4<1>, C4<1>;
L_000001ce641f69d0 .functor AND 1, L_000001ce641f6dc0, L_000001ce641ff070, C4<1>, C4<1>;
L_000001ce641f6b20 .functor OR 1, v000001ce641876d0_0, v000001ce64187f90_0, C4<0>, C4<0>;
L_000001ce642168a0 .functor AND 1, v000001ce64182630_0, L_000001ce641f6b20, C4<1>, C4<1>;
L_000001ce64215720 .functor NOT 1, L_000001ce641f6f80, C4<0>, C4<0>, C4<0>;
L_000001ce64216de0 .functor AND 1, L_000001ce642168a0, L_000001ce64215720, C4<1>, C4<1>;
L_000001ce64215640 .functor NOT 1, v000001ce64189750_0, C4<0>, C4<0>, C4<0>;
L_000001ce64215950 .functor AND 1, L_000001ce64216de0, L_000001ce64215640, C4<1>, C4<1>;
L_000001ce642161a0 .functor AND 1, L_000001ce64215950, L_000001ce642174e0, C4<1>, C4<1>;
L_000001ce64216fa0 .functor AND 1, v000001ce64182630_0, v000001ce641876d0_0, C4<1>, C4<1>;
L_000001ce64216360 .functor NOT 1, L_000001ce641f6f80, C4<0>, C4<0>, C4<0>;
L_000001ce64216ec0 .functor AND 1, L_000001ce64216fa0, L_000001ce64216360, C4<1>, C4<1>;
L_000001ce64215a30 .functor AND 1, L_000001ce64216ec0, v000001ce64189750_0, C4<1>, C4<1>;
L_000001ce64216c20 .functor AND 1, L_000001ce64215a30, L_000001ce64213f80, C4<1>, C4<1>;
L_000001ce642163d0 .functor NOT 1, L_000001ce64216de0, C4<0>, C4<0>, C4<0>;
L_000001ce64216210 .functor AND 1, v000001ce64187f90_0, L_000001ce642161a0, C4<1>, C4<1>;
L_000001ce64215f00 .functor OR 1, L_000001ce642163d0, L_000001ce64216210, C4<0>, C4<0>;
L_000001ce642154f0 .functor OR 1, L_000001ce64215f00, L_000001ce64216c20, C4<0>, C4<0>;
L_000001ce64216910 .functor AND 1, v000001ce64182630_0, L_000001ce642154f0, C4<1>, C4<1>;
L_000001ce64215bf0 .functor NOT 1, L_000001ce64216910, C4<0>, C4<0>, C4<0>;
L_000001ce64216c90 .functor AND 1, v000001ce64182630_0, L_000001ce64215bf0, C4<1>, C4<1>;
L_000001ce64215790 .functor AND 1, L_000001ce641f6ff0, L_000001ce642161a0, C4<1>, C4<1>;
L_000001ce64217010 .functor AND 1, L_000001ce641f68f0, L_000001ce642161a0, C4<1>, C4<1>;
L_000001ce64215480 .functor BUFZ 32, L_000001ce641ff930, C4<00000000000000000000000000000000>, C4<00000000000000000000000000000000>, C4<00000000000000000000000000000000>;
L_000001ce64215560 .functor BUFZ 4, L_000001ce641f6c70, C4<0000>, C4<0000>, C4<0000>;
L_000001ce64216980 .functor BUFZ 32, L_000001ce641f6ab0, C4<00000000000000000000000000000000>, C4<00000000000000000000000000000000>, C4<00000000000000000000000000000000>;
L_000001ce642159c0 .functor BUFZ 1, L_000001ce64215790, C4<0>, C4<0>, C4<0>;
L_000001ce64216600 .functor BUFZ 1, L_000001ce64217010, C4<0>, C4<0>, C4<0>;
L_000001ce64216280 .functor BUFZ 1, L_000001ce64216910, C4<0>, C4<0>, C4<0>;
L_000001ce64215870 .functor OR 1, v000001ce6418f390_0, v000001ce6418ff70_0, C4<0>, C4<0>;
L_000001ce642169f0 .functor OR 1, L_000001ce64215870, v000001ce6418fd90_0, C4<0>, C4<0>;
L_000001ce64216a60 .functor AND 1, v000001ce64191370_0, v000001ce6418ed50_0, C4<1>, C4<1>;
L_000001ce642162f0 .functor NOT 1, L_000001ce642169f0, C4<0>, C4<0>, C4<0>;
L_000001ce64216ad0 .functor AND 1, L_000001ce64216a60, L_000001ce642162f0, C4<1>, C4<1>;
L_000001ce64216050 .functor AND 1, v000001ce64191370_0, v000001ce6418f070_0, C4<1>, C4<1>;
L_000001ce642167c0 .functor BUFZ 1, v000001ce64191370_0, C4<0>, C4<0>, C4<0>;
L_000001ce64216b40 .functor BUFZ 32, v000001ce6418f1b0_0, C4<00000000000000000000000000000000>, C4<00000000000000000000000000000000>, C4<00000000000000000000000000000000>;
L_000001ce642155d0 .functor AND 1, v000001ce64191370_0, L_000001ce642169f0, C4<1>, C4<1>;
L_000001ce64216440 .functor BUFZ 1, L_000001ce64216050, C4<0>, C4<0>, C4<0>;
L_000001ce642164b0 .functor BUFZ 5, v000001ce64191cd0_0, C4<00000>, C4<00000>, C4<00000>;
L_000001ce64215aa0 .functor BUFZ 5, v000001ce64191230_0, C4<00000>, C4<00000>, C4<00000>;
L_000001ce642158e0 .functor BUFZ 32, v000001ce64191190_0, C4<00000000000000000000000000000000>, C4<00000000000000000000000000000000>, C4<00000000000000000000000000000000>;
L_000001ce64215800 .functor BUFZ 32, v000001ce641912d0_0, C4<00000000000000000000000000000000>, C4<00000000000000000000000000000000>, C4<00000000000000000000000000000000>;
L_000001ce64216520 .functor BUFZ 32, L_000001ce641fa6b0, C4<00000000000000000000000000000000>, C4<00000000000000000000000000000000>, C4<00000000000000000000000000000000>;
L_000001ce64216590 .functor BUFZ 32, v000001ce6418e5d0_0, C4<00000000000000000000000000000000>, C4<00000000000000000000000000000000>, C4<00000000000000000000000000000000>;
L_000001ce642156b0 .functor BUFZ 1, v000001ce6418e170_0, C4<0>, C4<0>, C4<0>;
L_000001ce64215b10 .functor BUFZ 1, v000001ce6418d8b0_0, C4<0>, C4<0>, C4<0>;
L_000001ce64216d70 .functor BUFZ 4, v000001ce6418fbb0_0, C4<0000>, C4<0000>, C4<0000>;
L_000001ce64216f30 .functor BUFZ 32, v000001ce6418ead0_0, C4<00000000000000000000000000000000>, C4<00000000000000000000000000000000>, C4<00000000000000000000000000000000>;
L_000001ce64216e50 .functor BUFZ 32, v000001ce6418e030_0, C4<00000000000000000000000000000000>, C4<00000000000000000000000000000000>, C4<00000000000000000000000000000000>;
L_000001ce64215b80 .functor BUFZ 32, v000001ce6418fed0_0, C4<00000000000000000000000000000000>, C4<00000000000000000000000000000000>, C4<00000000000000000000000000000000>;
L_000001ce64216d00 .functor BUFZ 32, v000001ce6418d9f0_0, C4<00000000000000000000000000000000>, C4<00000000000000000000000000000000>, C4<00000000000000000000000000000000>;
v000001ce6414aad0_0 .net *"_ivl_10", 0 0, L_000001ce6407de30;  1 drivers
L_000001ce6419bc90 .functor BUFT 1, C4<0110011>, C4<0>, C4<0>, C4<0>;
v000001ce6414ab70_0 .net/2u *"_ivl_100", 6 0, L_000001ce6419bc90;  1 drivers
v000001ce6414a2b0_0 .net *"_ivl_102", 0 0, L_000001ce64198de0;  1 drivers
L_000001ce6419bcd8 .functor BUFT 1, C4<0100011>, C4<0>, C4<0>, C4<0>;
v000001ce6414a350_0 .net/2u *"_ivl_104", 6 0, L_000001ce6419bcd8;  1 drivers
v000001ce6414a530_0 .net *"_ivl_106", 0 0, L_000001ce6419a280;  1 drivers
v000001ce6414a5d0_0 .net *"_ivl_108", 0 0, L_000001ce641f3550;  1 drivers
L_000001ce6419bd20 .functor BUFT 1, C4<1100011>, C4<0>, C4<0>, C4<0>;
v000001ce6414a7b0_0 .net/2u *"_ivl_110", 6 0, L_000001ce6419bd20;  1 drivers
v000001ce6414ac10_0 .net *"_ivl_112", 0 0, L_000001ce6419a320;  1 drivers
L_000001ce6419bd68 .functor BUFT 1, C4<0110011>, C4<0>, C4<0>, C4<0>;
v000001ce6417f020_0 .net/2u *"_ivl_116", 6 0, L_000001ce6419bd68;  1 drivers
v000001ce6417eb20_0 .net *"_ivl_118", 0 0, L_000001ce64198ac0;  1 drivers
v000001ce6417e620_0 .net *"_ivl_12", 0 0, L_000001ce6407e290;  1 drivers
L_000001ce6419bdb0 .functor BUFT 1, C4<1100011>, C4<0>, C4<0>, C4<0>;
v000001ce6417f700_0 .net/2u *"_ivl_120", 6 0, L_000001ce6419bdb0;  1 drivers
v000001ce64180060_0 .net *"_ivl_122", 0 0, L_000001ce64198e80;  1 drivers
v000001ce6417f2a0_0 .net *"_ivl_126", 0 0, L_000001ce641f3cc0;  1 drivers
v000001ce641807e0_0 .net *"_ivl_128", 0 0, L_000001ce641f4430;  1 drivers
L_000001ce6419bdf8 .functor BUFT 1, C4<00000>, C4<0>, C4<0>, C4<0>;
v000001ce6417e080_0 .net/2u *"_ivl_130", 4 0, L_000001ce6419bdf8;  1 drivers
v000001ce6417ed00_0 .net *"_ivl_132", 0 0, L_000001ce64198f20;  1 drivers
v000001ce6417f340_0 .net *"_ivl_134", 0 0, L_000001ce641f4740;  1 drivers
v000001ce6417e760_0 .net *"_ivl_136", 0 0, L_000001ce64199100;  1 drivers
v000001ce6417fa20_0 .net *"_ivl_138", 0 0, L_000001ce641f3390;  1 drivers
v000001ce6417e300_0 .net *"_ivl_14", 0 0, L_000001ce6407eae0;  1 drivers
v000001ce6417fe80_0 .net *"_ivl_140", 0 0, L_000001ce6419afa0;  1 drivers
v000001ce6417ff20_0 .net *"_ivl_142", 0 0, L_000001ce641f4ac0;  1 drivers
v000001ce6417ffc0_0 .net *"_ivl_144", 0 0, L_000001ce641f47b0;  1 drivers
v000001ce6417e4e0_0 .net *"_ivl_152", 0 0, L_000001ce641f4270;  1 drivers
v000001ce6417ebc0_0 .net *"_ivl_16", 0 0, L_000001ce6407f3a0;  1 drivers
v000001ce6417ef80_0 .net *"_ivl_18", 0 0, L_000001ce6407e4c0;  1 drivers
L_000001ce6419b078 .functor BUFT 1, C4<00000000000000000000000000000100>, C4<0>, C4<0>, C4<0>;
v000001ce6417f160_0 .net/2u *"_ivl_2", 31 0, L_000001ce6419b078;  1 drivers
v000001ce6417f7a0_0 .net *"_ivl_208", 31 0, L_000001ce6419abe0;  1 drivers
v000001ce6417fac0_0 .net *"_ivl_214", 0 0, L_000001ce641f43c0;  1 drivers
v000001ce6417e260_0 .net *"_ivl_216", 0 0, L_000001ce641f4820;  1 drivers
v000001ce6417ec60_0 .net *"_ivl_218", 0 0, L_000001ce641f4040;  1 drivers
v000001ce64180100_0 .net *"_ivl_22", 0 0, L_000001ce6407f480;  1 drivers
v000001ce6417f5c0_0 .net *"_ivl_220", 0 0, L_000001ce641f4b30;  1 drivers
L_000001ce6419bed0 .functor BUFT 1, C4<00000>, C4<0>, C4<0>, C4<0>;
v000001ce6417e6c0_0 .net/2u *"_ivl_222", 4 0, L_000001ce6419bed0;  1 drivers
v000001ce6417e440_0 .net *"_ivl_224", 0 0, L_000001ce6419adc0;  1 drivers
v000001ce6417e800_0 .net *"_ivl_226", 0 0, L_000001ce641f40b0;  1 drivers
v000001ce6417e120_0 .net *"_ivl_228", 0 0, L_000001ce6419af00;  1 drivers
v000001ce6417fde0_0 .net *"_ivl_232", 0 0, L_000001ce641f44a0;  1 drivers
v000001ce641801a0_0 .net *"_ivl_234", 0 0, L_000001ce641f4510;  1 drivers
v000001ce641806a0_0 .net *"_ivl_236", 0 0, L_000001ce641f45f0;  1 drivers
v000001ce6417f660_0 .net *"_ivl_238", 0 0, L_000001ce641f4660;  1 drivers
L_000001ce6419bf18 .functor BUFT 1, C4<00000>, C4<0>, C4<0>, C4<0>;
v000001ce6417e1c0_0 .net/2u *"_ivl_240", 4 0, L_000001ce6419bf18;  1 drivers
v000001ce6417f980_0 .net *"_ivl_242", 0 0, L_000001ce6419aa00;  1 drivers
v000001ce64180380_0 .net *"_ivl_244", 0 0, L_000001ce641f4c10;  1 drivers
v000001ce6417e3a0_0 .net *"_ivl_246", 0 0, L_000001ce6419aaa0;  1 drivers
v000001ce6417e580_0 .net *"_ivl_250", 0 0, L_000001ce641f3160;  1 drivers
v000001ce64180240_0 .net *"_ivl_252", 0 0, L_000001ce641f31d0;  1 drivers
L_000001ce6419bf60 .functor BUFT 1, C4<00000>, C4<0>, C4<0>, C4<0>;
v000001ce6417e8a0_0 .net/2u *"_ivl_254", 4 0, L_000001ce6419bf60;  1 drivers
v000001ce6417eda0_0 .net *"_ivl_256", 0 0, L_000001ce6419ac80;  1 drivers
v000001ce6417e940_0 .net *"_ivl_258", 0 0, L_000001ce641f6490;  1 drivers
v000001ce641802e0_0 .net *"_ivl_26", 0 0, L_000001ce6407f560;  1 drivers
v000001ce64180740_0 .net *"_ivl_260", 0 0, L_000001ce641f5150;  1 drivers
v000001ce6417ee40_0 .net *"_ivl_262", 0 0, L_000001ce641f5f50;  1 drivers
v000001ce6417f840_0 .net *"_ivl_264", 0 0, L_000001ce6419ad20;  1 drivers
v000001ce6417e9e0_0 .net *"_ivl_268", 0 0, L_000001ce641f5a80;  1 drivers
v000001ce64180600_0 .net *"_ivl_270", 0 0, L_000001ce641f5af0;  1 drivers
L_000001ce6419bfa8 .functor BUFT 1, C4<00000>, C4<0>, C4<0>, C4<0>;
v000001ce6417ea80_0 .net/2u *"_ivl_272", 4 0, L_000001ce6419bfa8;  1 drivers
v000001ce6417f8e0_0 .net *"_ivl_274", 0 0, L_000001ce641ffc50;  1 drivers
v000001ce6417f520_0 .net *"_ivl_276", 0 0, L_000001ce641f5690;  1 drivers
v000001ce6417eee0_0 .net *"_ivl_278", 0 0, L_000001ce641f5460;  1 drivers
v000001ce6417f0c0_0 .net *"_ivl_28", 0 0, L_000001ce6407dea0;  1 drivers
v000001ce64180420_0 .net *"_ivl_280", 0 0, L_000001ce641f4eb0;  1 drivers
v000001ce6417f200_0 .net *"_ivl_282", 0 0, L_000001ce641fe490;  1 drivers
L_000001ce6419bff0 .functor BUFT 1, C4<10>, C4<0>, C4<0>, C4<0>;
v000001ce6417fb60_0 .net/2u *"_ivl_286", 1 0, L_000001ce6419bff0;  1 drivers
L_000001ce6419c038 .functor BUFT 1, C4<01>, C4<0>, C4<0>, C4<0>;
v000001ce641804c0_0 .net/2u *"_ivl_288", 1 0, L_000001ce6419c038;  1 drivers
L_000001ce6419c080 .functor BUFT 1, C4<00>, C4<0>, C4<0>, C4<0>;
v000001ce6417f3e0_0 .net/2u *"_ivl_290", 1 0, L_000001ce6419c080;  1 drivers
v000001ce6417f480_0 .net *"_ivl_292", 1 0, L_000001ce641fe350;  1 drivers
L_000001ce6419c0c8 .functor BUFT 1, C4<10>, C4<0>, C4<0>, C4<0>;
v000001ce6417fc00_0 .net/2u *"_ivl_296", 1 0, L_000001ce6419c0c8;  1 drivers
L_000001ce6419c110 .functor BUFT 1, C4<01>, C4<0>, C4<0>, C4<0>;
v000001ce6417fca0_0 .net/2u *"_ivl_298", 1 0, L_000001ce6419c110;  1 drivers
v000001ce6417fd40_0 .net *"_ivl_30", 0 0, L_000001ce6407df80;  1 drivers
L_000001ce6419c158 .functor BUFT 1, C4<00>, C4<0>, C4<0>, C4<0>;
v000001ce64180560_0 .net/2u *"_ivl_300", 1 0, L_000001ce6419c158;  1 drivers
v000001ce64181dc0_0 .net *"_ivl_302", 1 0, L_000001ce641fedf0;  1 drivers
L_000001ce6419c1a0 .functor BUFT 1, C4<11>, C4<0>, C4<0>, C4<0>;
v000001ce641816e0_0 .net/2u *"_ivl_306", 1 0, L_000001ce6419c1a0;  1 drivers
L_000001ce6419c1e8 .functor BUFT 1, C4<11>, C4<0>, C4<0>, C4<0>;
v000001ce64181640_0 .net/2u *"_ivl_310", 1 0, L_000001ce6419c1e8;  1 drivers
L_000001ce6419c230 .functor BUFT 1, C4<10>, C4<0>, C4<0>, C4<0>;
v000001ce64181780_0 .net/2u *"_ivl_314", 1 0, L_000001ce6419c230;  1 drivers
v000001ce64180d80_0 .net *"_ivl_316", 0 0, L_000001ce641fecb0;  1 drivers
L_000001ce6419c278 .functor BUFT 1, C4<01>, C4<0>, C4<0>, C4<0>;
v000001ce64181be0_0 .net/2u *"_ivl_318", 1 0, L_000001ce6419c278;  1 drivers
v000001ce64181e60_0 .net *"_ivl_32", 0 0, L_000001ce6407e220;  1 drivers
v000001ce64181820_0 .net *"_ivl_320", 0 0, L_000001ce642001f0;  1 drivers
v000001ce64180a60_0 .net *"_ivl_322", 31 0, L_000001ce641ffa70;  1 drivers
L_000001ce6419c2c0 .functor BUFT 1, C4<10>, C4<0>, C4<0>, C4<0>;
v000001ce641818c0_0 .net/2u *"_ivl_326", 1 0, L_000001ce6419c2c0;  1 drivers
v000001ce64180f60_0 .net *"_ivl_328", 0 0, L_000001ce641fe8f0;  1 drivers
L_000001ce6419c308 .functor BUFT 1, C4<01>, C4<0>, C4<0>, C4<0>;
v000001ce64181c80_0 .net/2u *"_ivl_330", 1 0, L_000001ce6419c308;  1 drivers
v000001ce64180c40_0 .net *"_ivl_332", 0 0, L_000001ce641fead0;  1 drivers
v000001ce641815a0_0 .net *"_ivl_334", 31 0, L_000001ce641ff7f0;  1 drivers
L_000001ce6419c350 .functor BUFT 1, C4<11>, C4<0>, C4<0>, C4<0>;
v000001ce64181960_0 .net/2u *"_ivl_338", 1 0, L_000001ce6419c350;  1 drivers
v000001ce64181aa0_0 .net *"_ivl_34", 0 0, L_000001ce6407e0d0;  1 drivers
v000001ce64181460_0 .net *"_ivl_340", 0 0, L_000001ce641ff110;  1 drivers
L_000001ce6419c398 .functor BUFT 1, C4<11>, C4<0>, C4<0>, C4<0>;
v000001ce64181a00_0 .net/2u *"_ivl_344", 1 0, L_000001ce6419c398;  1 drivers
v000001ce64180e20_0 .net *"_ivl_346", 0 0, L_000001ce641fe7b0;  1 drivers
v000001ce64180880_0 .net *"_ivl_354", 31 0, L_000001ce641fe5d0;  1 drivers
v000001ce64180b00_0 .net *"_ivl_356", 31 0, L_000001ce64200290;  1 drivers
v000001ce64180ec0_0 .net *"_ivl_36", 0 0, L_000001ce6407e7d0;  1 drivers
v000001ce64181d20_0 .net *"_ivl_361", 30 0, L_000001ce642005b0;  1 drivers
L_000001ce6419c3e0 .functor BUFT 1, C4<0>, C4<0>, C4<0>, C4<0>;
v000001ce64181b40_0 .net/2u *"_ivl_362", 0 0, L_000001ce6419c3e0;  1 drivers
v000001ce64181f00_0 .net *"_ivl_364", 31 0, L_000001ce641fe210;  1 drivers
v000001ce64180920_0 .net *"_ivl_370", 0 0, L_000001ce641f5fc0;  1 drivers
v000001ce64181500_0 .net *"_ivl_372", 0 0, L_000001ce641f6880;  1 drivers
v000001ce64181320_0 .net *"_ivl_374", 0 0, L_000001ce641f51c0;  1 drivers
L_000001ce6419c428 .functor BUFT 1, C4<000>, C4<0>, C4<0>, C4<0>;
v000001ce641809c0_0 .net/2u *"_ivl_376", 2 0, L_000001ce6419c428;  1 drivers
v000001ce64180ba0_0 .net *"_ivl_378", 0 0, L_000001ce641ff430;  1 drivers
L_000001ce6419c470 .functor BUFT 1, C4<001>, C4<0>, C4<0>, C4<0>;
v000001ce64180ce0_0 .net/2u *"_ivl_380", 2 0, L_000001ce6419c470;  1 drivers
v000001ce64181000_0 .net *"_ivl_382", 0 0, L_000001ce641ff6b0;  1 drivers
v000001ce641810a0_0 .net *"_ivl_384", 0 0, L_000001ce641f4dd0;  1 drivers
L_000001ce6419c4b8 .functor BUFT 1, C4<100>, C4<0>, C4<0>, C4<0>;
v000001ce64181140_0 .net/2u *"_ivl_386", 2 0, L_000001ce6419c4b8;  1 drivers
v000001ce641811e0_0 .net *"_ivl_388", 0 0, L_000001ce642000b0;  1 drivers
L_000001ce6419c500 .functor BUFT 1, C4<101>, C4<0>, C4<0>, C4<0>;
v000001ce64181280_0 .net/2u *"_ivl_390", 2 0, L_000001ce6419c500;  1 drivers
v000001ce641813c0_0 .net *"_ivl_392", 0 0, L_000001ce641ffcf0;  1 drivers
v000001ce64185a10_0 .net *"_ivl_394", 0 0, L_000001ce641f67a0;  1 drivers
L_000001ce6419c548 .functor BUFT 1, C4<110>, C4<0>, C4<0>, C4<0>;
v000001ce64185fb0_0 .net/2u *"_ivl_396", 2 0, L_000001ce6419c548;  1 drivers
v000001ce641860f0_0 .net *"_ivl_398", 0 0, L_000001ce641ffb10;  1 drivers
L_000001ce6419c590 .functor BUFT 1, C4<111>, C4<0>, C4<0>, C4<0>;
v000001ce64186190_0 .net/2u *"_ivl_400", 2 0, L_000001ce6419c590;  1 drivers
v000001ce64186a50_0 .net *"_ivl_402", 0 0, L_000001ce641ff1b0;  1 drivers
v000001ce641869b0_0 .net *"_ivl_404", 0 0, L_000001ce641f5d90;  1 drivers
L_000001ce6419c5d8 .functor BUFT 1, C4<0>, C4<0>, C4<0>, C4<0>;
v000001ce64186230_0 .net/2u *"_ivl_406", 0 0, L_000001ce6419c5d8;  1 drivers
v000001ce64184930_0 .net *"_ivl_408", 0 0, L_000001ce641fe030;  1 drivers
v000001ce64184b10_0 .net *"_ivl_410", 0 0, L_000001ce64200470;  1 drivers
v000001ce64185290_0 .net *"_ivl_412", 0 0, L_000001ce641fe850;  1 drivers
v000001ce64186b90_0 .net *"_ivl_414", 0 0, L_000001ce641fe990;  1 drivers
v000001ce641862d0_0 .net *"_ivl_416", 0 0, L_000001ce641fec10;  1 drivers
v000001ce64186370_0 .net *"_ivl_418", 0 0, L_000001ce641fea30;  1 drivers
v000001ce641864b0_0 .net *"_ivl_42", 0 0, L_000001ce6407f090;  1 drivers
v000001ce64185bf0_0 .net *"_ivl_422", 0 0, L_000001ce641f4cf0;  1 drivers
v000001ce64185970_0 .net *"_ivl_424", 0 0, L_000001ce641f55b0;  1 drivers
v000001ce64185dd0_0 .net *"_ivl_431", 1 0, L_000001ce641fed50;  1 drivers
v000001ce64185ab0_0 .net *"_ivl_433", 0 0, L_000001ce641ff750;  1 drivers
v000001ce641858d0_0 .net *"_ivl_436", 0 0, L_000001ce641f5930;  1 drivers
v000001ce64186410_0 .net *"_ivl_44", 0 0, L_000001ce6407ed10;  1 drivers
v000001ce64185330_0 .net *"_ivl_46", 0 0, L_000001ce6407ed80;  1 drivers
v000001ce641865f0_0 .net *"_ivl_492", 0 0, L_000001ce641f5620;  1 drivers
v000001ce64186550_0 .net *"_ivl_494", 0 0, L_000001ce641f5700;  1 drivers
v000001ce64185b50_0 .net *"_ivl_496", 0 0, L_000001ce641f57e0;  1 drivers
L_000001ce6419c620 .functor BUFT 1, C4<00000>, C4<0>, C4<0>, C4<0>;
v000001ce64185f10_0 .net/2u *"_ivl_498", 4 0, L_000001ce6419c620;  1 drivers
v000001ce64185c90_0 .net *"_ivl_500", 0 0, L_000001ce64200330;  1 drivers
v000001ce64185e70_0 .net *"_ivl_502", 0 0, L_000001ce641f6dc0;  1 drivers
v000001ce64184bb0_0 .net *"_ivl_504", 0 0, L_000001ce641ff070;  1 drivers
v000001ce64185790_0 .net *"_ivl_510", 0 0, L_000001ce641f6b20;  1 drivers
v000001ce64186730_0 .net *"_ivl_512", 0 0, L_000001ce642168a0;  1 drivers
v000001ce641867d0_0 .net *"_ivl_514", 0 0, L_000001ce64215720;  1 drivers
v000001ce64184cf0_0 .net *"_ivl_518", 0 0, L_000001ce64215640;  1 drivers
v000001ce641853d0_0 .net *"_ivl_520", 0 0, L_000001ce64215950;  1 drivers
v000001ce64185830_0 .net *"_ivl_524", 0 0, L_000001ce64216fa0;  1 drivers
v000001ce64185d30_0 .net *"_ivl_526", 0 0, L_000001ce64216360;  1 drivers
v000001ce64186050_0 .net *"_ivl_528", 0 0, L_000001ce64216ec0;  1 drivers
v000001ce64186690_0 .net *"_ivl_530", 0 0, L_000001ce64215a30;  1 drivers
v000001ce64184a70_0 .net *"_ivl_534", 0 0, L_000001ce642163d0;  1 drivers
v000001ce64185470_0 .net *"_ivl_536", 0 0, L_000001ce64216210;  1 drivers
v000001ce64186870_0 .net *"_ivl_538", 0 0, L_000001ce64215f00;  1 drivers
v000001ce64186910_0 .net *"_ivl_540", 0 0, L_000001ce642154f0;  1 drivers
v000001ce64184ed0_0 .net *"_ivl_544", 0 0, L_000001ce64215bf0;  1 drivers
L_000001ce6419c8a8 .functor BUFT 1, C4<00000000000000000000000000000000>, C4<0>, C4<0>, C4<0>;
v000001ce64184c50_0 .net/2u *"_ivl_564", 31 0, L_000001ce6419c8a8;  1 drivers
L_000001ce6419c8f0 .functor BUFT 1, C4<00000000000000000000000000000000>, C4<0>, C4<0>, C4<0>;
v000001ce64186ff0_0 .net/2u *"_ivl_568", 31 0, L_000001ce6419c8f0;  1 drivers
L_000001ce6419c938 .functor BUFT 1, C4<00000000000000000000000000000000>, C4<0>, C4<0>, C4<0>;
v000001ce64184d90_0 .net/2u *"_ivl_572", 31 0, L_000001ce6419c938;  1 drivers
L_000001ce6419c980 .functor BUFT 1, C4<00000000000000000000000000000000>, C4<0>, C4<0>, C4<0>;
v000001ce64184f70_0 .net/2u *"_ivl_576", 31 0, L_000001ce6419c980;  1 drivers
L_000001ce6419b0c0 .functor BUFT 1, C4<00000000000000000000000000000100>, C4<0>, C4<0>, C4<0>;
v000001ce64186af0_0 .net/2u *"_ivl_58", 31 0, L_000001ce6419b0c0;  1 drivers
L_000001ce6419c9c8 .functor BUFT 1, C4<00000>, C4<0>, C4<0>, C4<0>;
v000001ce641849d0_0 .net/2u *"_ivl_580", 4 0, L_000001ce6419c9c8;  1 drivers
L_000001ce6419ca10 .functor BUFT 1, C4<00000>, C4<0>, C4<0>, C4<0>;
v000001ce641856f0_0 .net/2u *"_ivl_584", 4 0, L_000001ce6419ca10;  1 drivers
L_000001ce6419ca58 .functor BUFT 1, C4<00000>, C4<0>, C4<0>, C4<0>;
v000001ce64185510_0 .net/2u *"_ivl_588", 4 0, L_000001ce6419ca58;  1 drivers
L_000001ce6419caa0 .functor BUFT 1, C4<00000000000000000000000000000000>, C4<0>, C4<0>, C4<0>;
v000001ce64186c30_0 .net/2u *"_ivl_592", 31 0, L_000001ce6419caa0;  1 drivers
L_000001ce6419cae8 .functor BUFT 1, C4<00000000000000000000000000000000>, C4<0>, C4<0>, C4<0>;
v000001ce64184e30_0 .net/2u *"_ivl_596", 31 0, L_000001ce6419cae8;  1 drivers
L_000001ce6419cb30 .functor BUFT 1, C4<00000000000000000000000000000000>, C4<0>, C4<0>, C4<0>;
v000001ce64185010_0 .net/2u *"_ivl_600", 31 0, L_000001ce6419cb30;  1 drivers
L_000001ce6419cb78 .functor BUFT 1, C4<00000000000000000000000000000000>, C4<0>, C4<0>, C4<0>;
v000001ce64186cd0_0 .net/2u *"_ivl_604", 31 0, L_000001ce6419cb78;  1 drivers
L_000001ce6419cbc0 .functor BUFT 1, C4<00000000000000000000000000000000>, C4<0>, C4<0>, C4<0>;
v000001ce64186d70_0 .net/2u *"_ivl_608", 31 0, L_000001ce6419cbc0;  1 drivers
L_000001ce6419cc08 .functor BUFT 1, C4<00000000000000000000000000000000>, C4<0>, C4<0>, C4<0>;
v000001ce64185150_0 .net/2u *"_ivl_612", 31 0, L_000001ce6419cc08;  1 drivers
L_000001ce6419cc50 .functor BUFT 1, C4<0>, C4<0>, C4<0>, C4<0>;
v000001ce641850b0_0 .net/2u *"_ivl_616", 0 0, L_000001ce6419cc50;  1 drivers
L_000001ce6419cc98 .functor BUFT 1, C4<0>, C4<0>, C4<0>, C4<0>;
v000001ce64185650_0 .net/2u *"_ivl_620", 0 0, L_000001ce6419cc98;  1 drivers
L_000001ce6419cce0 .functor BUFT 1, C4<0000>, C4<0>, C4<0>, C4<0>;
v000001ce64186e10_0 .net/2u *"_ivl_624", 3 0, L_000001ce6419cce0;  1 drivers
L_000001ce6419cd28 .functor BUFT 1, C4<00000000000000000000000000000000>, C4<0>, C4<0>, C4<0>;
v000001ce64186eb0_0 .net/2u *"_ivl_628", 31 0, L_000001ce6419cd28;  1 drivers
L_000001ce6419cd70 .functor BUFT 1, C4<00000000000000000000000000000000>, C4<0>, C4<0>, C4<0>;
v000001ce641851f0_0 .net/2u *"_ivl_632", 31 0, L_000001ce6419cd70;  1 drivers
L_000001ce6419cdb8 .functor BUFT 1, C4<0>, C4<0>, C4<0>, C4<0>;
v000001ce64186f50_0 .net/2u *"_ivl_636", 0 0, L_000001ce6419cdb8;  1 drivers
L_000001ce6419ce00 .functor BUFT 1, C4<0>, C4<0>, C4<0>, C4<0>;
v000001ce641855b0_0 .net/2u *"_ivl_640", 0 0, L_000001ce6419ce00;  1 drivers
L_000001ce6419ce48 .functor BUFT 1, C4<0>, C4<0>, C4<0>, C4<0>;
v000001ce64184890_0 .net/2u *"_ivl_644", 0 0, L_000001ce6419ce48;  1 drivers
L_000001ce6419ce90 .functor BUFT 1, C4<0>, C4<0>, C4<0>, C4<0>;
v000001ce64187ef0_0 .net/2u *"_ivl_648", 0 0, L_000001ce6419ce90;  1 drivers
L_000001ce6419ced8 .functor BUFT 1, C4<0>, C4<0>, C4<0>, C4<0>;
v000001ce641873b0_0 .net/2u *"_ivl_652", 0 0, L_000001ce6419ced8;  1 drivers
L_000001ce6419cf20 .functor BUFT 1, C4<0>, C4<0>, C4<0>, C4<0>;
v000001ce64189430_0 .net/2u *"_ivl_656", 0 0, L_000001ce6419cf20;  1 drivers
L_000001ce6419bae0 .functor BUFT 1, C4<0110011>, C4<0>, C4<0>, C4<0>;
v000001ce64187b30_0 .net/2u *"_ivl_66", 6 0, L_000001ce6419bae0;  1 drivers
L_000001ce6419cf68 .functor BUFT 1, C4<0>, C4<0>, C4<0>, C4<0>;
v000001ce64188ad0_0 .net/2u *"_ivl_660", 0 0, L_000001ce6419cf68;  1 drivers
L_000001ce6419cfb0 .functor BUFT 1, C4<0>, C4<0>, C4<0>, C4<0>;
v000001ce64187950_0 .net/2u *"_ivl_664", 0 0, L_000001ce6419cfb0;  1 drivers
v000001ce64187630_0 .net *"_ivl_668", 0 0, L_000001ce64215870;  1 drivers
v000001ce64188fd0_0 .net *"_ivl_672", 0 0, L_000001ce64216a60;  1 drivers
v000001ce64187770_0 .net *"_ivl_674", 0 0, L_000001ce642162f0;  1 drivers
v000001ce64187810_0 .net *"_ivl_68", 0 0, L_000001ce64198d40;  1 drivers
L_000001ce6419cff8 .functor BUFT 1, C4<00000>, C4<0>, C4<0>, C4<0>;
v000001ce64188850_0 .net/2u *"_ivl_696", 4 0, L_000001ce6419cff8;  1 drivers
L_000001ce6419bb28 .functor BUFT 1, C4<0010011>, C4<0>, C4<0>, C4<0>;
v000001ce64189250_0 .net/2u *"_ivl_70", 6 0, L_000001ce6419bb28;  1 drivers
v000001ce64189070_0 .net *"_ivl_72", 0 0, L_000001ce64199ec0;  1 drivers
v000001ce64189570_0 .net *"_ivl_74", 0 0, L_000001ce641f36a0;  1 drivers
L_000001ce6419bb70 .functor BUFT 1, C4<0000011>, C4<0>, C4<0>, C4<0>;
v000001ce64188990_0 .net/2u *"_ivl_76", 6 0, L_000001ce6419bb70;  1 drivers
v000001ce641888f0_0 .net *"_ivl_78", 0 0, L_000001ce64198660;  1 drivers
v000001ce64187a90_0 .net *"_ivl_80", 0 0, L_000001ce641f35c0;  1 drivers
L_000001ce6419bbb8 .functor BUFT 1, C4<0100011>, C4<0>, C4<0>, C4<0>;
v000001ce64188a30_0 .net/2u *"_ivl_82", 6 0, L_000001ce6419bbb8;  1 drivers
v000001ce641892f0_0 .net *"_ivl_84", 0 0, L_000001ce64198840;  1 drivers
v000001ce64187bd0_0 .net *"_ivl_86", 0 0, L_000001ce641f4200;  1 drivers
L_000001ce6419bc00 .functor BUFT 1, C4<1100011>, C4<0>, C4<0>, C4<0>;
v000001ce641880d0_0 .net/2u *"_ivl_88", 6 0, L_000001ce6419bc00;  1 drivers
v000001ce64187450_0 .net *"_ivl_90", 0 0, L_000001ce6419a1e0;  1 drivers
v000001ce641878b0_0 .net *"_ivl_92", 0 0, L_000001ce641f3f60;  1 drivers
L_000001ce6419bc48 .functor BUFT 1, C4<1100111>, C4<0>, C4<0>, C4<0>;
v000001ce64189610_0 .net/2u *"_ivl_94", 6 0, L_000001ce6419bc48;  1 drivers
v000001ce64189390_0 .net *"_ivl_96", 0 0, L_000001ce64198a20;  1 drivers
v000001ce64188e90_0 .net "dmem_req_fire_cur", 0 0, L_000001ce642161a0;  1 drivers
v000001ce641883f0_0 .net "dmem_resp_fire_cur", 0 0, L_000001ce64216c20;  1 drivers
v000001ce64188c10_0 .net "ex_alu_eq_cur", 0 0, L_000001ce641fe710;  1 drivers
v000001ce64188170_0 .net "ex_alu_result_cur", 31 0, v000001ce64147650_0;  1 drivers
v000001ce641894d0_0 .net "ex_alu_slt_cur", 0 0, L_000001ce641f5d20;  1 drivers
v000001ce64188210_0 .net "ex_branch_taken_cur", 0 0, L_000001ce641f6180;  1 drivers
v000001ce641882b0_0 .net "ex_branch_target_cur", 31 0, L_000001ce642003d0;  1 drivers
v000001ce64188b70_0 .net "ex_control_taken_cur", 0 0, L_000001ce641f66c0;  1 drivers
v000001ce641879f0_0 .net "ex_control_target_cur", 31 0, L_000001ce641fe670;  1 drivers
v000001ce64188530_0 .net "ex_ex_match_rs1_cur", 0 0, L_000001ce641f4120;  1 drivers
v000001ce64188350_0 .net "ex_ex_match_rs2_cur", 0 0, L_000001ce641f30f0;  1 drivers
v000001ce64188cb0_0 .net "ex_forward_a_sel_cur", 1 0, L_000001ce641ff390;  1 drivers
v000001ce64188490_0 .net "ex_forward_b_sel_cur", 1 0, L_000001ce64200150;  1 drivers
v000001ce64188710_0 .net "ex_jump_taken_cur", 0 0, L_000001ce641f6500;  1 drivers
v000001ce641896b0_0 .net "ex_jump_target_cur", 31 0, L_000001ce641ff610;  1 drivers
v000001ce64188670_0 .net "ex_jump_target_raw_cur", 31 0, L_000001ce641ff570;  1 drivers
v000001ce64187310_0 .var "ex_mem_alu_result_cur", 31 0;
v000001ce64188f30_0 .net "ex_mem_alu_result_next", 31 0, L_000001ce641f6110;  1 drivers
v000001ce64189750_0 .var "ex_mem_dmem_req_sent_cur", 0 0;
v000001ce64189110_0 .var "ex_mem_ebreak_cur", 0 0;
v000001ce64187090_0 .net "ex_mem_ebreak_next", 0 0, L_000001ce641f50e0;  1 drivers
v000001ce641885d0_0 .net "ex_mem_forward_data_cur", 31 0, L_000001ce6419a960;  1 drivers
v000001ce641897f0_0 .var "ex_mem_func3_cur", 2 0;
v000001ce641887b0_0 .net "ex_mem_func3_next", 2 0, L_000001ce641f4d60;  1 drivers
v000001ce64187130_0 .net "ex_mem_has_dmem_req_cur", 0 0, L_000001ce64216de0;  1 drivers
v000001ce64188d50_0 .var "ex_mem_illegal_inst_cur", 0 0;
v000001ce641871d0_0 .net "ex_mem_illegal_inst_next", 0 0, L_000001ce641f4f90;  1 drivers
v000001ce64188df0_0 .var "ex_mem_inst_cur", 31 0;
v000001ce64187d10_0 .net "ex_mem_inst_next", 31 0, L_000001ce641f6570;  1 drivers
v000001ce64187270_0 .var "ex_mem_jump_cur", 0 0;
v000001ce641891b0_0 .net "ex_mem_jump_next", 0 0, L_000001ce641f5000;  1 drivers
v000001ce641874f0_0 .var "ex_mem_lui_cur", 0 0;
v000001ce64187590_0 .net "ex_mem_lui_next", 0 0, L_000001ce641f52a0;  1 drivers
v000001ce641876d0_0 .var "ex_mem_mem_read_cur", 0 0;
v000001ce64187c70_0 .net "ex_mem_mem_read_next", 0 0, L_000001ce641f4e40;  1 drivers
v000001ce64187db0_0 .var "ex_mem_mem_to_reg_cur", 0 0;
v000001ce64187e50_0 .net "ex_mem_mem_to_reg_next", 0 0, L_000001ce641f5230;  1 drivers
v000001ce64187f90_0 .var "ex_mem_mem_write_cur", 0 0;
v000001ce64188030_0 .net "ex_mem_mem_write_next", 0 0, L_000001ce641f6420;  1 drivers
v000001ce641899d0_0 .var "ex_mem_next_pc_cur", 31 0;
v000001ce64189ed0_0 .net "ex_mem_next_pc_next", 31 0, L_000001ce641f5ee0;  1 drivers
v000001ce64189890_0 .var "ex_mem_offset_cur", 31 0;
v000001ce64189bb0_0 .net "ex_mem_offset_next", 31 0, L_000001ce641f5a10;  1 drivers
v000001ce64189b10_0 .var "ex_mem_pc_cur", 31 0;
v000001ce64189f70_0 .var "ex_mem_pc_misalign_trap_cur", 0 0;
v000001ce64189cf0_0 .net "ex_mem_pc_misalign_trap_next", 0 0, L_000001ce641f5070;  1 drivers
v000001ce64189930_0 .net "ex_mem_pc_next", 31 0, L_000001ce641f6030;  1 drivers
v000001ce64189a70_0 .var "ex_mem_pc_plus4_cur", 31 0;
v000001ce64189c50_0 .net "ex_mem_pc_plus4_next", 31 0, L_000001ce641f5e70;  1 drivers
v000001ce64189d90_0 .var "ex_mem_rd_waddr_cur", 4 0;
v000001ce64189e30_0 .net "ex_mem_rd_waddr_next", 4 0, L_000001ce641f6730;  1 drivers
v000001ce64184250_0 .var "ex_mem_reg_write_cur", 0 0;
v000001ce64182e50_0 .net "ex_mem_reg_write_next", 0 0, L_000001ce641f5310;  1 drivers
v000001ce641833f0_0 .var "ex_mem_rs1_raddr_cur", 4 0;
v000001ce64182810_0 .net "ex_mem_rs1_raddr_next", 4 0, L_000001ce641f5540;  1 drivers
v000001ce641847f0_0 .var "ex_mem_rs1_rdata_cur", 31 0;
v000001ce64184430_0 .net "ex_mem_rs1_rdata_next", 31 0, L_000001ce641f4f20;  1 drivers
v000001ce641844d0_0 .var "ex_mem_rs2_raddr_cur", 4 0;
v000001ce64182090_0 .net "ex_mem_rs2_raddr_next", 4 0, L_000001ce641f65e0;  1 drivers
v000001ce64183530_0 .var "ex_mem_rs2_rdata_cur", 31 0;
v000001ce64182ef0_0 .net "ex_mem_rs2_rdata_next", 31 0, L_000001ce641f61f0;  1 drivers
v000001ce64183030_0 .var "ex_mem_store_data_cur", 31 0;
v000001ce641841b0_0 .net "ex_mem_store_data_next", 31 0, L_000001ce641f6260;  1 drivers
v000001ce64182630_0 .var "ex_mem_valid_cur", 0 0;
v000001ce641835d0_0 .net "ex_mem_valid_next", 0 0, L_000001ce641f5e00;  1 drivers
v000001ce64182950_0 .net "ex_next_pc_cur", 31 0, L_000001ce641fefd0;  1 drivers
v000001ce641826d0_0 .net "ex_operand1_cur", 31 0, L_000001ce641ff890;  1 drivers
v000001ce64183fd0_0 .net "ex_operand1_sel_cur", 1 0, L_000001ce641fe3f0;  1 drivers
v000001ce64182770_0 .net "ex_operand2_cur", 31 0, L_000001ce641feb70;  1 drivers
v000001ce641828b0_0 .net "ex_operand2_sel_cur", 1 0, L_000001ce641fff70;  1 drivers
v000001ce641829f0_0 .net "ex_pc_misalign_trap_cur", 0 0, L_000001ce641f63b0;  1 drivers
v000001ce641842f0_0 .net "ex_redirect_cur", 0 0, L_000001ce641f58c0;  1 drivers
v000001ce64182f90_0 .net "ex_rs1_value_cur", 31 0, L_000001ce641fe530;  1 drivers
v000001ce64184570_0 .net "ex_rs2_value_cur", 31 0, L_000001ce64200010;  1 drivers
v000001ce64183990_0 .net "ex_store_data_cur", 31 0, L_000001ce641f54d0;  1 drivers
v000001ce641838f0_0 .var "halted_cur", 0 0;
v000001ce64182a90_0 .net "hazard_ex_cur", 0 0, L_000001ce641f3240;  1 drivers
v000001ce64184070_0 .net "hazard_mem_cur", 0 0, L_000001ce6419be40;  1 drivers
v000001ce64182b30_0 .net "hazard_stall_cur", 0 0, L_000001ce641f3780;  1 drivers
v000001ce64184390_0 .net "hazard_wb_cur", 0 0, L_000001ce6419be88;  1 drivers
v000001ce64182bd0_0 .net "i_clk", 0 0, v000001ce64193fc0_0;  1 drivers
v000001ce64182c70_0 .net "i_dmem_rdata", 31 0, L_000001ce64217320;  alias, 1 drivers
v000001ce64183a30_0 .net "i_dmem_ready", 0 0, L_000001ce642174e0;  alias, 1 drivers
v000001ce641830d0_0 .net "i_dmem_valid", 0 0, L_000001ce64213f80;  alias, 1 drivers
v000001ce64183ad0_0 .net "i_imem_rdata", 31 0, L_000001ce64215e90;  alias, 1 drivers
v000001ce64182d10_0 .net "i_imem_ready", 0 0, L_000001ce642175c0;  alias, 1 drivers
v000001ce64184610_0 .net "i_imem_valid", 0 0, L_000001ce64215fe0;  alias, 1 drivers
v000001ce64183e90_0 .net "i_rst", 0 0, v000001ce64195b40_0;  1 drivers
v000001ce64182db0_0 .net "id_alu_op_cur", 2 0, L_000001ce641976c0;  1 drivers
v000001ce64183710_0 .net "id_alu_src1_cur", 0 0, L_000001ce6407fcd0;  1 drivers
v000001ce641837b0_0 .net "id_alu_src2_cur", 0 0, L_000001ce6407f9c0;  1 drivers
v000001ce64184110_0 .net "id_branch_cur", 0 0, L_000001ce6407f720;  1 drivers
v000001ce641846b0_0 .net "id_ebreak_cur", 0 0, L_000001ce6407e370;  1 drivers
v000001ce64184750_0 .var "id_ex_alu_op_cur", 2 0;
v000001ce64183b70_0 .net "id_ex_alu_op_next", 2 0, L_000001ce641f4580;  1 drivers
v000001ce64182130_0 .var "id_ex_alu_src1_cur", 0 0;
v000001ce641821d0_0 .net "id_ex_alu_src1_next", 0 0, L_000001ce641f4970;  1 drivers
v000001ce64183170_0 .var "id_ex_alu_src2_cur", 0 0;
v000001ce64183210_0 .net "id_ex_alu_src2_next", 0 0, L_000001ce641f46d0;  1 drivers
v000001ce64182270_0 .var "id_ex_branch_cur", 0 0;
v000001ce64182310_0 .net "id_ex_branch_next", 0 0, L_000001ce641f3a20;  1 drivers
v000001ce64183c10_0 .var "id_ex_ebreak_cur", 0 0;
v000001ce64183670_0 .net "id_ex_ebreak_next", 0 0, L_000001ce641f3e10;  1 drivers
v000001ce641823b0_0 .var "id_ex_func3_cur", 2 0;
v000001ce641832b0_0 .net "id_ex_func3_next", 2 0, L_000001ce6419ae60;  1 drivers
v000001ce64182450_0 .var "id_ex_func7_cur", 6 0;
v000001ce641824f0_0 .net "id_ex_func7_next", 6 0, L_000001ce6419a8c0;  1 drivers
v000001ce64183350_0 .var "id_ex_illegal_inst_cur", 0 0;
v000001ce64182590_0 .net "id_ex_illegal_inst_next", 0 0, L_000001ce641f4350;  1 drivers
v000001ce64183490_0 .var "id_ex_inst_cur", 31 0;
v000001ce64183850_0 .net "id_ex_inst_next", 31 0, L_000001ce641f3fd0;  1 drivers
v000001ce64183cb0_0 .var "id_ex_jump_cur", 0 0;
v000001ce64183d50_0 .net "id_ex_jump_next", 0 0, L_000001ce641f3940;  1 drivers
v000001ce64183df0_0 .var "id_ex_lui_cur", 0 0;
v000001ce64183f30_0 .net "id_ex_lui_next", 0 0, L_000001ce641f34e0;  1 drivers
v000001ce6418b8d0_0 .var "id_ex_mem_read_cur", 0 0;
v000001ce6418cd70_0 .net "id_ex_mem_read_next", 0 0, L_000001ce641f3b70;  1 drivers
v000001ce6418bb50_0 .var "id_ex_mem_to_reg_cur", 0 0;
v000001ce6418c050_0 .net "id_ex_mem_to_reg_next", 0 0, L_000001ce641f4190;  1 drivers
v000001ce6418bbf0_0 .var "id_ex_mem_write_cur", 0 0;
v000001ce6418b970_0 .net "id_ex_mem_write_next", 0 0, L_000001ce641f42e0;  1 drivers
v000001ce6418b6f0_0 .var "id_ex_offset_cur", 31 0;
v000001ce6418be70_0 .net "id_ex_offset_next", 31 0, L_000001ce641f39b0;  1 drivers
v000001ce6418d4f0_0 .var "id_ex_opcode_cur", 6 0;
v000001ce6418d590_0 .net "id_ex_opcode_next", 6 0, L_000001ce6419ab40;  1 drivers
v000001ce6418b3d0_0 .var "id_ex_pc_cur", 31 0;
v000001ce6418d630_0 .net "id_ex_pc_next", 31 0, L_000001ce641f4a50;  1 drivers
v000001ce6418ba10_0 .var "id_ex_pc_plus4_cur", 31 0;
v000001ce6418c730_0 .net "id_ex_pc_plus4_next", 31 0, L_000001ce641f3400;  1 drivers
v000001ce6418bf10_0 .var "id_ex_pc_src_cur", 0 0;
v000001ce6418bfb0_0 .net "id_ex_pc_src_next", 0 0, L_000001ce641f3be0;  1 drivers
v000001ce6418b470_0 .var "id_ex_rd_waddr_cur", 4 0;
v000001ce6418c0f0_0 .net "id_ex_rd_waddr_next", 4 0, L_000001ce641f3860;  1 drivers
v000001ce6418caf0_0 .var "id_ex_reg_write_cur", 0 0;
v000001ce6418cb90_0 .net "id_ex_reg_write_next", 0 0, L_000001ce641f3da0;  1 drivers
v000001ce6418c7d0_0 .var "id_ex_rs1_raddr_cur", 4 0;
v000001ce6418d090_0 .net "id_ex_rs1_raddr_next", 4 0, L_000001ce641f37f0;  1 drivers
v000001ce6418ce10_0 .var "id_ex_rs1_rdata_cur", 31 0;
v000001ce6418c9b0_0 .net "id_ex_rs1_rdata_next", 31 0, L_000001ce641f38d0;  1 drivers
v000001ce6418c190_0 .var "id_ex_rs2_raddr_cur", 4 0;
v000001ce6418c870_0 .net "id_ex_rs2_raddr_next", 4 0, L_000001ce641f3320;  1 drivers
v000001ce6418d270_0 .var "id_ex_rs2_rdata_cur", 31 0;
v000001ce6418cff0_0 .net "id_ex_rs2_rdata_next", 31 0, L_000001ce641f3470;  1 drivers
v000001ce6418c230_0 .var "id_ex_valid_cur", 0 0;
v000001ce6418ca50_0 .net "id_ex_valid_next", 0 0, L_000001ce641f4ba0;  1 drivers
v000001ce6418b5b0_0 .net "id_illegal_inst_cur", 0 0, L_000001ce6407f020;  1 drivers
v000001ce6418c690_0 .net "id_jump_cur", 0 0, L_000001ce6407fbf0;  1 drivers
v000001ce6418c910_0 .net "id_lui_cur", 0 0, L_000001ce6407f330;  1 drivers
v000001ce6418cc30_0 .net "id_mem_read_cur", 0 0, L_000001ce6407f870;  1 drivers
v000001ce6418d130_0 .net "id_mem_to_reg_cur", 0 0, L_000001ce6407f800;  1 drivers
v000001ce6418c2d0_0 .net "id_mem_write_cur", 0 0, L_000001ce6407f950;  1 drivers
v000001ce6418d6d0_0 .net "id_offset_cur", 31 0, L_000001ce641999c0;  1 drivers
v000001ce6418ccd0_0 .net "id_opcode_cur", 6 0, L_000001ce64199a60;  1 drivers
v000001ce6418c370_0 .net "id_pc_src_cur", 0 0, L_000001ce6407f8e0;  1 drivers
v000001ce6418ceb0_0 .net "id_rd_waddr_cur", 4 0, L_000001ce641983e0;  1 drivers
v000001ce6418bc90_0 .net "id_reg_write_cur", 0 0, L_000001ce6407fc60;  1 drivers
v000001ce6418d3b0_0 .net "id_rs1_raddr_cur", 4 0, L_000001ce641f4890;  1 drivers
v000001ce6418b790_0 .net "id_rs1_rdata_cur", 31 0, L_000001ce641f3d30;  1 drivers
v000001ce6418cf50_0 .net "id_rs1_used_cur", 0 0, L_000001ce641f3c50;  1 drivers
v000001ce6418d1d0_0 .net "id_rs2_ex_used_cur", 0 0, L_000001ce641f4900;  1 drivers
v000001ce6418d310_0 .net "id_rs2_raddr_cur", 4 0, L_000001ce641f3e80;  1 drivers
v000001ce6418d450_0 .net "id_rs2_rdata_cur", 31 0, L_000001ce641f3630;  1 drivers
v000001ce6418d770_0 .net "id_rs2_used_cur", 0 0, L_000001ce641f32b0;  1 drivers
v000001ce6418d810_0 .net "if_id_buffer_available_cur", 0 0, L_000001ce6407dab0;  1 drivers
v000001ce6418b0b0_0 .net "if_id_consumed_cur", 0 0, L_000001ce6407df10;  1 drivers
v000001ce6418bab0_0 .var "if_id_inst_cur", 31 0;
v000001ce6418b830_0 .net "if_id_inst_next", 31 0, L_000001ce6407f100;  1 drivers
v000001ce6418b150_0 .var "if_id_pc_cur", 31 0;
v000001ce6418b1f0_0 .net "if_id_pc_next", 31 0, L_000001ce6407eed0;  1 drivers
v000001ce6418c5f0_0 .var "if_id_pc_plus4_cur", 31 0;
v000001ce6418b290_0 .net "if_id_pc_plus4_next", 31 0, L_000001ce64197080;  1 drivers
v000001ce6418c410_0 .var "if_id_valid_cur", 0 0;
v000001ce6418c4b0_0 .net "if_id_valid_next", 0 0, L_000001ce6407ee60;  1 drivers
v000001ce6418b330_0 .net "if_inst_cur", 31 0, L_000001ce6407eca0;  1 drivers
v000001ce6418b510_0 .net "if_pc_cur", 31 0, L_000001ce6407ea70;  1 drivers
v000001ce6418b650_0 .net "if_pc_plus4_cur", 31 0, L_000001ce64196a40;  1 drivers
v000001ce6418c550_0 .var "imem_pending_cur", 0 0;
v000001ce6418bd30_0 .var "imem_pending_kill_cur", 0 0;
v000001ce6418bdd0_0 .var "imem_pending_pc_cur", 31 0;
v000001ce6418e530_0 .net "imem_req_fire_cur", 0 0, L_000001ce6407e060;  1 drivers
v000001ce6418f610_0 .net "imem_resp_accept_cur", 0 0, L_000001ce6407f250;  1 drivers
v000001ce6418fe30_0 .net "imem_resp_fire_cur", 0 0, L_000001ce6407e140;  1 drivers
v000001ce6418e0d0_0 .net "mem_dmem_addr_cur", 31 0, L_000001ce641ff930;  1 drivers
v000001ce6418def0_0 .net "mem_dmem_mask_cur", 3 0, L_000001ce641f6c70;  1 drivers
v000001ce6418ea30_0 .net "mem_dmem_ren_cur", 0 0, L_000001ce64215790;  1 drivers
v000001ce6418ec10_0 .net "mem_dmem_ren_raw_cur", 0 0, L_000001ce641f6ff0;  1 drivers
v000001ce6418ee90_0 .net "mem_dmem_wdata_cur", 31 0, L_000001ce641f6ab0;  1 drivers
v000001ce6418db30_0 .net "mem_dmem_wen_cur", 0 0, L_000001ce64217010;  1 drivers
v000001ce6418e7b0_0 .net "mem_dmem_wen_raw_cur", 0 0, L_000001ce641f68f0;  1 drivers
v000001ce6418fa70_0 .net "mem_ex_match_rs1_cur", 0 0, L_000001ce641f62d0;  1 drivers
v000001ce6418fc50_0 .net "mem_ex_match_rs2_cur", 0 0, L_000001ce641f6810;  1 drivers
v000001ce6418f750_0 .net "mem_load_data_cur", 31 0, L_000001ce641f6c00;  1 drivers
v000001ce6418dd10_0 .net "mem_misalign_trap_cur", 0 0, L_000001ce641f6f80;  1 drivers
v000001ce6418dbd0_0 .net "mem_read_en_cur", 0 0, L_000001ce641f5380;  1 drivers
v000001ce6418fb10_0 .net "mem_stage_complete_cur", 0 0, L_000001ce64216910;  1 drivers
v000001ce6418e850_0 .net "mem_stage_stall_cur", 0 0, L_000001ce64216c90;  1 drivers
v000001ce6418edf0_0 .net "mem_store_data_cur", 31 0, L_000001ce641ff250;  1 drivers
v000001ce6418d950_0 .net "mem_store_data_fwd_cur", 0 0, L_000001ce641f69d0;  1 drivers
v000001ce6418f430_0 .var "mem_wb_alu_result_cur", 31 0;
v000001ce6418f6b0_0 .net "mem_wb_alu_result_next", 31 0, L_000001ce641f9350;  1 drivers
v000001ce6418e5d0_0 .var "mem_wb_dmem_addr_cur", 31 0;
v000001ce6418da90_0 .net "mem_wb_dmem_addr_next", 31 0, L_000001ce641f9710;  1 drivers
v000001ce6418fbb0_0 .var "mem_wb_dmem_mask_cur", 3 0;
v000001ce6418dc70_0 .net "mem_wb_dmem_mask_next", 3 0, L_000001ce641fa890;  1 drivers
v000001ce6418e030_0 .var "mem_wb_dmem_rdata_cur", 31 0;
v000001ce6418f2f0_0 .net "mem_wb_dmem_rdata_next", 31 0, L_000001ce641f9a30;  1 drivers
v000001ce6418e170_0 .var "mem_wb_dmem_ren_cur", 0 0;
v000001ce6418f890_0 .net "mem_wb_dmem_ren_next", 0 0, L_000001ce641f97b0;  1 drivers
v000001ce6418ead0_0 .var "mem_wb_dmem_wdata_cur", 31 0;
v000001ce64190010_0 .net "mem_wb_dmem_wdata_next", 31 0, L_000001ce641f98f0;  1 drivers
v000001ce6418d8b0_0 .var "mem_wb_dmem_wen_cur", 0 0;
v000001ce6418e210_0 .net "mem_wb_dmem_wen_next", 0 0, L_000001ce641fb510;  1 drivers
v000001ce6418f070_0 .var "mem_wb_ebreak_cur", 0 0;
v000001ce6418eb70_0 .net "mem_wb_ebreak_next", 0 0, L_000001ce641f93f0;  1 drivers
v000001ce6418ddb0_0 .net "mem_wb_forward_data_cur", 31 0, L_000001ce641f3a90;  1 drivers
v000001ce6418f390_0 .var "mem_wb_illegal_inst_cur", 0 0;
v000001ce6418e8f0_0 .net "mem_wb_illegal_inst_next", 0 0, L_000001ce641fab10;  1 drivers
v000001ce6418f1b0_0 .var "mem_wb_inst_cur", 31 0;
v000001ce6418f110_0 .net "mem_wb_inst_next", 31 0, L_000001ce641f92b0;  1 drivers
v000001ce6418f250_0 .var "mem_wb_jump_cur", 0 0;
v000001ce6418f4d0_0 .net "mem_wb_jump_next", 0 0, L_000001ce641fa930;  1 drivers
v000001ce6418f930_0 .var "mem_wb_load_data_cur", 31 0;
v000001ce6418e350_0 .net "mem_wb_load_data_next", 31 0, L_000001ce641fa250;  1 drivers
v000001ce6418e990_0 .var "mem_wb_lui_cur", 0 0;
v000001ce6418f570_0 .net "mem_wb_lui_next", 0 0, L_000001ce641f9670;  1 drivers
v000001ce6418ecb0_0 .var "mem_wb_mem_to_reg_cur", 0 0;
v000001ce6418f7f0_0 .net "mem_wb_mem_to_reg_next", 0 0, L_000001ce641f95d0;  1 drivers
v000001ce6418fd90_0 .var "mem_wb_misalign_trap_cur", 0 0;
v000001ce6418f9d0_0 .net "mem_wb_misalign_trap_next", 0 0, L_000001ce641fa570;  1 drivers
v000001ce6418d9f0_0 .var "mem_wb_next_pc_cur", 31 0;
v000001ce6418e2b0_0 .net "mem_wb_next_pc_next", 31 0, L_000001ce64200ab0;  1 drivers
v000001ce6418ef30_0 .var "mem_wb_offset_cur", 31 0;
v000001ce6418fcf0_0 .net "mem_wb_offset_next", 31 0, L_000001ce641fb150;  1 drivers
v000001ce6418fed0_0 .var "mem_wb_pc_cur", 31 0;
v000001ce6418ff70_0 .var "mem_wb_pc_misalign_trap_cur", 0 0;
v000001ce6418de50_0 .net "mem_wb_pc_misalign_trap_next", 0 0, L_000001ce641facf0;  1 drivers
v000001ce6418df90_0 .net "mem_wb_pc_next", 31 0, L_000001ce64200970;  1 drivers
v000001ce6418e3f0_0 .var "mem_wb_pc_plus4_cur", 31 0;
v000001ce6418e490_0 .net "mem_wb_pc_plus4_next", 31 0, L_000001ce64200a10;  1 drivers
v000001ce6418e670_0 .var "mem_wb_rd_waddr_cur", 4 0;
v000001ce6418e710_0 .net "mem_wb_rd_waddr_next", 4 0, L_000001ce641fb5b0;  1 drivers
v000001ce6418ed50_0 .var "mem_wb_reg_write_cur", 0 0;
v000001ce6418efd0_0 .net "mem_wb_reg_write_next", 0 0, L_000001ce641fb330;  1 drivers
v000001ce64191cd0_0 .var "mem_wb_rs1_raddr_cur", 4 0;
v000001ce64191410_0 .net "mem_wb_rs1_raddr_next", 4 0, L_000001ce641f9030;  1 drivers
v000001ce64191190_0 .var "mem_wb_rs1_rdata_cur", 31 0;
v000001ce641915f0_0 .net "mem_wb_rs1_rdata_next", 31 0, L_000001ce641fb650;  1 drivers
v000001ce64191230_0 .var "mem_wb_rs2_raddr_cur", 4 0;
v000001ce64190330_0 .net "mem_wb_rs2_raddr_next", 4 0, L_000001ce641fa2f0;  1 drivers
v000001ce641912d0_0 .var "mem_wb_rs2_rdata_cur", 31 0;
v000001ce64190d30_0 .net "mem_wb_rs2_rdata_next", 31 0, L_000001ce641f9df0;  1 drivers
v000001ce64191370_0 .var "mem_wb_valid_cur", 0 0;
v000001ce64191d70_0 .net "mem_wb_valid_next", 0 0, L_000001ce64216280;  1 drivers
v000001ce64192770_0 .net "mem_write_en_cur", 0 0, L_000001ce641f53f0;  1 drivers
v000001ce641906f0_0 .net "o_dmem_addr", 31 0, L_000001ce64215480;  alias, 1 drivers
v000001ce641914b0_0 .net "o_dmem_mask", 3 0, L_000001ce64215560;  alias, 1 drivers
v000001ce64191f50_0 .net "o_dmem_ren", 0 0, L_000001ce642159c0;  alias, 1 drivers
v000001ce64190650_0 .net "o_dmem_wdata", 31 0, L_000001ce64216980;  alias, 1 drivers
v000001ce64190790_0 .net "o_dmem_wen", 0 0, L_000001ce64216600;  alias, 1 drivers
v000001ce64191eb0_0 .net "o_imem_raddr", 31 0, L_000001ce6407e680;  alias, 1 drivers
v000001ce64192450_0 .net "o_imem_ren", 0 0, L_000001ce6407e1b0;  alias, 1 drivers
v000001ce64191ff0_0 .net "o_retire_dmem_addr", 31 0, L_000001ce64216590;  alias, 1 drivers
v000001ce64190510_0 .net "o_retire_dmem_mask", 3 0, L_000001ce64216d70;  alias, 1 drivers
v000001ce64190b50_0 .net "o_retire_dmem_rdata", 31 0, L_000001ce64216e50;  alias, 1 drivers
v000001ce64190fb0_0 .net "o_retire_dmem_ren", 0 0, L_000001ce642156b0;  alias, 1 drivers
v000001ce64191690_0 .net "o_retire_dmem_wdata", 31 0, L_000001ce64216f30;  alias, 1 drivers
v000001ce64190150_0 .net "o_retire_dmem_wen", 0 0, L_000001ce64215b10;  alias, 1 drivers
v000001ce64191c30_0 .net "o_retire_halt", 0 0, L_000001ce64216440;  alias, 1 drivers
v000001ce64191af0_0 .net "o_retire_inst", 31 0, L_000001ce64216b40;  alias, 1 drivers
v000001ce64190290_0 .net "o_retire_next_pc", 31 0, L_000001ce64216d00;  alias, 1 drivers
v000001ce64190bf0_0 .net "o_retire_pc", 31 0, L_000001ce64215b80;  alias, 1 drivers
v000001ce64192090_0 .net "o_retire_rd_waddr", 4 0, L_000001ce641fa1b0;  alias, 1 drivers
v000001ce64191730_0 .net "o_retire_rd_wdata", 31 0, L_000001ce64216520;  alias, 1 drivers
v000001ce64190830_0 .net "o_retire_rs1_raddr", 4 0, L_000001ce642164b0;  alias, 1 drivers
v000001ce64190470_0 .net "o_retire_rs1_rdata", 31 0, L_000001ce642158e0;  alias, 1 drivers
v000001ce64192810_0 .net "o_retire_rs2_raddr", 4 0, L_000001ce64215aa0;  alias, 1 drivers
v000001ce641905b0_0 .net "o_retire_rs2_rdata", 31 0, L_000001ce64215800;  alias, 1 drivers
v000001ce641908d0_0 .net "o_retire_trap", 0 0, L_000001ce642155d0;  alias, 1 drivers
v000001ce64191550_0 .net "o_retire_valid", 0 0, L_000001ce642167c0;  alias, 1 drivers
v000001ce641926d0_0 .var "pc_cur", 31 0;
v000001ce641917d0_0 .net "pc_next", 31 0, L_000001ce64195be0;  1 drivers
v000001ce641900b0_0 .net "retire_halt_cur", 0 0, L_000001ce64216050;  1 drivers
v000001ce64190c90_0 .net "wb_trap_cur", 0 0, L_000001ce642169f0;  1 drivers
v000001ce64191e10_0 .net "wb_write_data_cur", 31 0, L_000001ce641fa6b0;  1 drivers
v000001ce64191910_0 .net "wb_write_enable_cur", 0 0, L_000001ce64216ad0;  1 drivers
L_000001ce64196a40 .arith/sum 32, v000001ce641926d0_0, L_000001ce6419b078;
L_000001ce64195be0 .functor MUXZ 32, L_000001ce64196a40, L_000001ce641fe670, L_000001ce641f58c0, C4<>;
L_000001ce64197080 .arith/sum 32, v000001ce6418bdd0_0, L_000001ce6419b0c0;
L_000001ce64199a60 .part v000001ce6418bab0_0, 0, 7;
L_000001ce64198d40 .cmp/eq 7, L_000001ce64199a60, L_000001ce6419bae0;
L_000001ce64199ec0 .cmp/eq 7, L_000001ce64199a60, L_000001ce6419bb28;
L_000001ce64198660 .cmp/eq 7, L_000001ce64199a60, L_000001ce6419bb70;
L_000001ce64198840 .cmp/eq 7, L_000001ce64199a60, L_000001ce6419bbb8;
L_000001ce6419a1e0 .cmp/eq 7, L_000001ce64199a60, L_000001ce6419bc00;
L_000001ce64198a20 .cmp/eq 7, L_000001ce64199a60, L_000001ce6419bc48;
L_000001ce64198de0 .cmp/eq 7, L_000001ce64199a60, L_000001ce6419bc90;
L_000001ce6419a280 .cmp/eq 7, L_000001ce64199a60, L_000001ce6419bcd8;
L_000001ce6419a320 .cmp/eq 7, L_000001ce64199a60, L_000001ce6419bd20;
L_000001ce64198ac0 .cmp/eq 7, L_000001ce64199a60, L_000001ce6419bd68;
L_000001ce64198e80 .cmp/eq 7, L_000001ce64199a60, L_000001ce6419bdb0;
L_000001ce64198f20 .cmp/ne 5, v000001ce6418b470_0, L_000001ce6419bdf8;
L_000001ce64199100 .cmp/eq 5, L_000001ce641f4890, v000001ce6418b470_0;
L_000001ce6419afa0 .cmp/eq 5, L_000001ce641f3e80, v000001ce6418b470_0;
L_000001ce6419ab40 .part v000001ce6418bab0_0, 0, 7;
L_000001ce6419ae60 .part v000001ce6418bab0_0, 12, 3;
L_000001ce6419a8c0 .part v000001ce6418bab0_0, 25, 7;
L_000001ce6419abe0 .functor MUXZ 32, v000001ce64187310_0, v000001ce64189890_0, v000001ce641874f0_0, C4<>;
L_000001ce6419a960 .functor MUXZ 32, L_000001ce6419abe0, v000001ce64189a70_0, v000001ce64187270_0, C4<>;
L_000001ce6419adc0 .cmp/ne 5, v000001ce64189d90_0, L_000001ce6419bed0;
L_000001ce6419af00 .cmp/eq 5, v000001ce64189d90_0, v000001ce6418c7d0_0;
L_000001ce6419aa00 .cmp/ne 5, v000001ce64189d90_0, L_000001ce6419bf18;
L_000001ce6419aaa0 .cmp/eq 5, v000001ce64189d90_0, v000001ce6418c190_0;
L_000001ce6419ac80 .cmp/ne 5, v000001ce6418e670_0, L_000001ce6419bf60;
L_000001ce6419ad20 .cmp/eq 5, v000001ce6418e670_0, v000001ce6418c7d0_0;
L_000001ce641ffc50 .cmp/ne 5, v000001ce6418e670_0, L_000001ce6419bfa8;
L_000001ce641fe490 .cmp/eq 5, v000001ce6418e670_0, v000001ce6418c190_0;
L_000001ce641fe350 .functor MUXZ 2, L_000001ce6419c080, L_000001ce6419c038, L_000001ce641f62d0, C4<>;
L_000001ce641ff390 .functor MUXZ 2, L_000001ce641fe350, L_000001ce6419bff0, L_000001ce641f4120, C4<>;
L_000001ce641fedf0 .functor MUXZ 2, L_000001ce6419c158, L_000001ce6419c110, L_000001ce641f6810, C4<>;
L_000001ce64200150 .functor MUXZ 2, L_000001ce641fedf0, L_000001ce6419c0c8, L_000001ce641f30f0, C4<>;
L_000001ce641fe3f0 .functor MUXZ 2, L_000001ce641ff390, L_000001ce6419c1a0, v000001ce64182130_0, C4<>;
L_000001ce641fff70 .functor MUXZ 2, L_000001ce64200150, L_000001ce6419c1e8, v000001ce64183170_0, C4<>;
L_000001ce641fecb0 .cmp/eq 2, L_000001ce641ff390, L_000001ce6419c230;
L_000001ce642001f0 .cmp/eq 2, L_000001ce641ff390, L_000001ce6419c278;
L_000001ce641ffa70 .functor MUXZ 32, v000001ce6418ce10_0, L_000001ce641f3a90, L_000001ce642001f0, C4<>;
L_000001ce641fe530 .functor MUXZ 32, L_000001ce641ffa70, L_000001ce6419a960, L_000001ce641fecb0, C4<>;
L_000001ce641fe8f0 .cmp/eq 2, L_000001ce64200150, L_000001ce6419c2c0;
L_000001ce641fead0 .cmp/eq 2, L_000001ce64200150, L_000001ce6419c308;
L_000001ce641ff7f0 .functor MUXZ 32, v000001ce6418d270_0, L_000001ce641f3a90, L_000001ce641fead0, C4<>;
L_000001ce64200010 .functor MUXZ 32, L_000001ce641ff7f0, L_000001ce6419a960, L_000001ce641fe8f0, C4<>;
L_000001ce641ff110 .cmp/eq 2, L_000001ce641fe3f0, L_000001ce6419c350;
L_000001ce641ff890 .functor MUXZ 32, L_000001ce641fe530, v000001ce6418b3d0_0, L_000001ce641ff110, C4<>;
L_000001ce641fe7b0 .cmp/eq 2, L_000001ce641fff70, L_000001ce6419c398;
L_000001ce641feb70 .functor MUXZ 32, L_000001ce64200010, v000001ce6418b6f0_0, L_000001ce641fe7b0, C4<>;
L_000001ce642003d0 .arith/sum 32, v000001ce6418b3d0_0, v000001ce6418b6f0_0;
L_000001ce641fe5d0 .arith/sum 32, L_000001ce641ff890, v000001ce6418b6f0_0;
L_000001ce64200290 .arith/sum 32, v000001ce6418b3d0_0, v000001ce6418b6f0_0;
L_000001ce641ff570 .functor MUXZ 32, L_000001ce64200290, L_000001ce641fe5d0, v000001ce6418bf10_0, C4<>;
L_000001ce642005b0 .part L_000001ce641ff570, 1, 31;
L_000001ce641fe210 .concat [ 1 31 0 0], L_000001ce6419c3e0, L_000001ce642005b0;
L_000001ce641ff610 .functor MUXZ 32, L_000001ce641ff570, L_000001ce641fe210, v000001ce6418bf10_0, C4<>;
L_000001ce641fe670 .functor MUXZ 32, L_000001ce642003d0, L_000001ce641ff610, v000001ce64183cb0_0, C4<>;
L_000001ce641ff430 .cmp/eq 3, v000001ce641823b0_0, L_000001ce6419c428;
L_000001ce641ff6b0 .cmp/eq 3, v000001ce641823b0_0, L_000001ce6419c470;
L_000001ce642000b0 .cmp/eq 3, v000001ce641823b0_0, L_000001ce6419c4b8;
L_000001ce641ffcf0 .cmp/eq 3, v000001ce641823b0_0, L_000001ce6419c500;
L_000001ce641ffb10 .cmp/eq 3, v000001ce641823b0_0, L_000001ce6419c548;
L_000001ce641ff1b0 .cmp/eq 3, v000001ce641823b0_0, L_000001ce6419c590;
L_000001ce641fe030 .functor MUXZ 1, L_000001ce6419c5d8, L_000001ce641f5d90, L_000001ce641ff1b0, C4<>;
L_000001ce64200470 .functor MUXZ 1, L_000001ce641fe030, L_000001ce641f5d20, L_000001ce641ffb10, C4<>;
L_000001ce641fe850 .functor MUXZ 1, L_000001ce64200470, L_000001ce641f67a0, L_000001ce641ffcf0, C4<>;
L_000001ce641fe990 .functor MUXZ 1, L_000001ce641fe850, L_000001ce641f5d20, L_000001ce642000b0, C4<>;
L_000001ce641fec10 .functor MUXZ 1, L_000001ce641fe990, L_000001ce641f4dd0, L_000001ce641ff6b0, C4<>;
L_000001ce641fea30 .functor MUXZ 1, L_000001ce641fec10, L_000001ce641fe710, L_000001ce641ff430, C4<>;
L_000001ce641fed50 .part L_000001ce641fe670, 0, 2;
L_000001ce641ff750 .reduce/or L_000001ce641fed50;
L_000001ce641fefd0 .functor MUXZ 32, v000001ce6418ba10_0, L_000001ce641fe670, L_000001ce641f58c0, C4<>;
L_000001ce64200330 .cmp/ne 5, v000001ce6418e670_0, L_000001ce6419c620;
L_000001ce641ff070 .cmp/eq 5, v000001ce6418e670_0, v000001ce641844d0_0;
L_000001ce641ff250 .functor MUXZ 32, v000001ce64183030_0, v000001ce6418f930_0, L_000001ce641f69d0, C4<>;
L_000001ce64200970 .functor MUXZ 32, L_000001ce6419c8a8, v000001ce64189b10_0, L_000001ce64216910, C4<>;
L_000001ce64200a10 .functor MUXZ 32, L_000001ce6419c8f0, v000001ce64189a70_0, L_000001ce64216910, C4<>;
L_000001ce64200ab0 .functor MUXZ 32, L_000001ce6419c938, v000001ce641899d0_0, L_000001ce64216910, C4<>;
L_000001ce641f92b0 .functor MUXZ 32, L_000001ce6419c980, v000001ce64188df0_0, L_000001ce64216910, C4<>;
L_000001ce641f9030 .functor MUXZ 5, L_000001ce6419c9c8, v000001ce641833f0_0, L_000001ce64216910, C4<>;
L_000001ce641fa2f0 .functor MUXZ 5, L_000001ce6419ca10, v000001ce641844d0_0, L_000001ce64216910, C4<>;
L_000001ce641fb5b0 .functor MUXZ 5, L_000001ce6419ca58, v000001ce64189d90_0, L_000001ce64216910, C4<>;
L_000001ce641fb650 .functor MUXZ 32, L_000001ce6419caa0, v000001ce641847f0_0, L_000001ce64216910, C4<>;
L_000001ce641f9df0 .functor MUXZ 32, L_000001ce6419cae8, v000001ce64183530_0, L_000001ce64216910, C4<>;
L_000001ce641fb150 .functor MUXZ 32, L_000001ce6419cb30, v000001ce64189890_0, L_000001ce64216910, C4<>;
L_000001ce641f9350 .functor MUXZ 32, L_000001ce6419cb78, v000001ce64187310_0, L_000001ce64216910, C4<>;
L_000001ce641fa250 .functor MUXZ 32, L_000001ce6419cbc0, L_000001ce641f6c00, L_000001ce64216c20, C4<>;
L_000001ce641f9710 .functor MUXZ 32, L_000001ce6419cc08, L_000001ce641ff930, L_000001ce64216910, C4<>;
L_000001ce641f97b0 .functor MUXZ 1, L_000001ce6419cc50, L_000001ce641f6ff0, L_000001ce64216910, C4<>;
L_000001ce641fb510 .functor MUXZ 1, L_000001ce6419cc98, L_000001ce641f68f0, L_000001ce64216910, C4<>;
L_000001ce641fa890 .functor MUXZ 4, L_000001ce6419cce0, L_000001ce641f6c70, L_000001ce64216910, C4<>;
L_000001ce641f98f0 .functor MUXZ 32, L_000001ce6419cd28, L_000001ce641f6ab0, L_000001ce64216910, C4<>;
L_000001ce641f9a30 .functor MUXZ 32, L_000001ce6419cd70, L_000001ce64217320, L_000001ce64216c20, C4<>;
L_000001ce641f95d0 .functor MUXZ 1, L_000001ce6419cdb8, v000001ce64187db0_0, L_000001ce64216910, C4<>;
L_000001ce641f9670 .functor MUXZ 1, L_000001ce6419ce00, v000001ce641874f0_0, L_000001ce64216910, C4<>;
L_000001ce641fa930 .functor MUXZ 1, L_000001ce6419ce48, v000001ce64187270_0, L_000001ce64216910, C4<>;
L_000001ce641fb330 .functor MUXZ 1, L_000001ce6419ce90, v000001ce64184250_0, L_000001ce64216910, C4<>;
L_000001ce641fab10 .functor MUXZ 1, L_000001ce6419ced8, v000001ce64188d50_0, L_000001ce64216910, C4<>;
L_000001ce641facf0 .functor MUXZ 1, L_000001ce6419cf20, v000001ce64189f70_0, L_000001ce64216910, C4<>;
L_000001ce641fa570 .functor MUXZ 1, L_000001ce6419cf68, L_000001ce641f6f80, L_000001ce64216910, C4<>;
L_000001ce641f93f0 .functor MUXZ 1, L_000001ce6419cfb0, v000001ce64189110_0, L_000001ce64216910, C4<>;
L_000001ce641fa1b0 .functor MUXZ 5, L_000001ce6419cff8, v000001ce6418e670_0, L_000001ce64216ad0, C4<>;
S_000001ce63b6a730 .scope module, "u_decode" "decode" 3 474, 4 1 0, S_000001ce64115da0;
 .timescale -9 -12;
    .port_info 0 /INPUT 1 "i_clk";
    .port_info 1 /INPUT 1 "i_rst";
    .port_info 2 /INPUT 32 "Inst";
    .port_info 3 /INPUT 32 "WriteData";
    .port_info 4 /INPUT 5 "WriteAddr";
    .port_info 5 /INPUT 1 "WriteEn";
    .port_info 6 /OUTPUT 1 "lui";
    .port_info 7 /OUTPUT 1 "PcSrc";
    .port_info 8 /OUTPUT 3 "AluOp";
    .port_info 9 /OUTPUT 1 "MemWrite";
    .port_info 10 /OUTPUT 1 "MemRead";
    .port_info 11 /OUTPUT 1 "MemToReg";
    .port_info 12 /OUTPUT 1 "AluSrc1";
    .port_info 13 /OUTPUT 1 "AluSrc2";
    .port_info 14 /OUTPUT 1 "RegWrite";
    .port_info 15 /OUTPUT 1 "Jump";
    .port_info 16 /OUTPUT 1 "Branch";
    .port_info 17 /OUTPUT 32 "Offset";
    .port_info 18 /OUTPUT 5 "o_retire_rs1_raddr";
    .port_info 19 /OUTPUT 5 "o_retire_rs2_raddr";
    .port_info 20 /OUTPUT 5 "o_retire_rd_waddr";
    .port_info 21 /OUTPUT 32 "o_retire_rs1_rdata";
    .port_info 22 /OUTPUT 32 "o_retire_rs2_rdata";
    .port_info 23 /OUTPUT 1 "IllegalInst";
    .port_info 24 /OUTPUT 1 "EBreak";
P_000001ce640cf420 .param/l "BYPASS_EN" 0 4 2, +C4<00000000000000000000000000000001>;
L_000001ce6407f5d0 .functor OR 1, L_000001ce641973a0, L_000001ce64196c20, C4<0>, C4<0>;
L_000001ce6407e840 .functor OR 1, L_000001ce6407f5d0, L_000001ce64197760, C4<0>, C4<0>;
L_000001ce6407e300 .functor OR 1, L_000001ce64196360, L_000001ce64196400, C4<0>, C4<0>;
L_000001ce6407e370 .functor BUFZ 1, L_000001ce641965e0, C4<0>, C4<0>, C4<0>;
L_000001ce6407e450 .functor OR 1, L_000001ce641962c0, L_000001ce641973a0, C4<0>, C4<0>;
L_000001ce6407f2c0 .functor OR 1, L_000001ce6407e450, L_000001ce64196c20, C4<0>, C4<0>;
L_000001ce6407e6f0 .functor OR 1, L_000001ce6407f2c0, L_000001ce64196e00, C4<0>, C4<0>;
L_000001ce6407e8b0 .functor OR 1, L_000001ce6407e6f0, L_000001ce641969a0, C4<0>, C4<0>;
L_000001ce6407e920 .functor OR 1, L_000001ce6407e8b0, L_000001ce64196360, C4<0>, C4<0>;
L_000001ce6407f170 .functor OR 1, L_000001ce6407e920, L_000001ce64196400, C4<0>, C4<0>;
L_000001ce6407e990 .functor OR 1, L_000001ce6407f170, L_000001ce641971c0, C4<0>, C4<0>;
L_000001ce6407ef40 .functor OR 1, L_000001ce6407e990, L_000001ce64197760, C4<0>, C4<0>;
L_000001ce6407f1e0 .functor OR 1, L_000001ce6407ef40, L_000001ce641965e0, C4<0>, C4<0>;
L_000001ce6407f020 .functor NOT 1, L_000001ce6407f1e0, C4<0>, C4<0>, C4<0>;
L_000001ce6407f330 .functor BUFZ 1, L_000001ce64196360, C4<0>, C4<0>, C4<0>;
L_000001ce6407f8e0 .functor BUFZ 1, L_000001ce64197760, C4<0>, C4<0>, C4<0>;
L_000001ce6407f950 .functor BUFZ 1, L_000001ce64196e00, C4<0>, C4<0>, C4<0>;
L_000001ce6407f870 .functor BUFZ 1, L_000001ce64196c20, C4<0>, C4<0>, C4<0>;
L_000001ce6407f800 .functor BUFZ 1, L_000001ce64196c20, C4<0>, C4<0>, C4<0>;
L_000001ce6407fcd0 .functor BUFZ 1, L_000001ce64196400, C4<0>, C4<0>, C4<0>;
L_000001ce6407fd40 .functor OR 1, L_000001ce641973a0, L_000001ce64196c20, C4<0>, C4<0>;
L_000001ce6407fdb0 .functor OR 1, L_000001ce6407fd40, L_000001ce64196e00, C4<0>, C4<0>;
L_000001ce6407f6b0 .functor OR 1, L_000001ce6407fdb0, L_000001ce64196400, C4<0>, C4<0>;
L_000001ce6407f9c0 .functor OR 1, L_000001ce6407f6b0, L_000001ce64197760, C4<0>, C4<0>;
L_000001ce6407fb10 .functor OR 1, L_000001ce641962c0, L_000001ce641973a0, C4<0>, C4<0>;
L_000001ce6407f790 .functor OR 1, L_000001ce6407fb10, L_000001ce64196c20, C4<0>, C4<0>;
L_000001ce6407fa30 .functor OR 1, L_000001ce6407f790, L_000001ce64196360, C4<0>, C4<0>;
L_000001ce6407faa0 .functor OR 1, L_000001ce6407fa30, L_000001ce64196400, C4<0>, C4<0>;
L_000001ce6407fb80 .functor OR 1, L_000001ce6407faa0, L_000001ce641971c0, C4<0>, C4<0>;
L_000001ce6407fc60 .functor OR 1, L_000001ce6407fb80, L_000001ce64197760, C4<0>, C4<0>;
L_000001ce6407fbf0 .functor OR 1, L_000001ce641971c0, L_000001ce64197760, C4<0>, C4<0>;
L_000001ce6407f720 .functor BUFZ 1, L_000001ce641969a0, C4<0>, C4<0>, C4<0>;
L_000001ce641f4890 .functor BUFZ 5, L_000001ce64195dc0, C4<00000>, C4<00000>, C4<00000>;
L_000001ce641f3d30 .functor BUFZ 32, L_000001ce6419a500, C4<00000000000000000000000000000000>, C4<00000000000000000000000000000000>, C4<00000000000000000000000000000000>;
L_000001ce641f3e80 .functor BUFZ 5, L_000001ce64195f00, C4<00000>, C4<00000>, C4<00000>;
L_000001ce641f3630 .functor BUFZ 32, L_000001ce64198b60, C4<00000000000000000000000000000000>, C4<00000000000000000000000000000000>, C4<00000000000000000000000000000000>;
L_000001ce641f4c80 .functor NOT 1, L_000001ce6407f020, C4<0>, C4<0>, C4<0>;
L_000001ce641f49e0 .functor AND 1, L_000001ce6407fc60, L_000001ce641f4c80, C4<1>, C4<1>;
L_000001ce641f3ef0 .functor NOT 1, L_000001ce6407e370, C4<0>, C4<0>, C4<0>;
L_000001ce641f3710 .functor AND 1, L_000001ce641f49e0, L_000001ce641f3ef0, C4<1>, C4<1>;
v000001ce640c2310_0 .net "AluOp", 2 0, L_000001ce641976c0;  alias, 1 drivers
v000001ce640c1730_0 .net "AluSrc1", 0 0, L_000001ce6407fcd0;  alias, 1 drivers
v000001ce640c2d10_0 .net "AluSrc2", 0 0, L_000001ce6407f9c0;  alias, 1 drivers
v000001ce640c1690_0 .net "Branch", 0 0, L_000001ce6407f720;  alias, 1 drivers
v000001ce640c1910_0 .net "EBreak", 0 0, L_000001ce6407e370;  alias, 1 drivers
v000001ce640c1f50_0 .net "IllegalInst", 0 0, L_000001ce6407f020;  alias, 1 drivers
v000001ce640c2090_0 .net "Inst", 31 0, v000001ce6418bab0_0;  1 drivers
v000001ce640727f0_0 .net "Jump", 0 0, L_000001ce6407fbf0;  alias, 1 drivers
v000001ce640735b0_0 .net "MemRead", 0 0, L_000001ce6407f870;  alias, 1 drivers
v000001ce640a3af0_0 .net "MemToReg", 0 0, L_000001ce6407f800;  alias, 1 drivers
v000001ce6417c9b0_0 .net "MemWrite", 0 0, L_000001ce6407f950;  alias, 1 drivers
v000001ce6417d4f0_0 .net "Offset", 31 0, L_000001ce641999c0;  alias, 1 drivers
v000001ce6417dd10_0 .net "PcSrc", 0 0, L_000001ce6407f8e0;  alias, 1 drivers
v000001ce6417d090_0 .net "RegWrite", 0 0, L_000001ce6407fc60;  alias, 1 drivers
v000001ce6417db30_0 .net "WriteAddr", 4 0, v000001ce6418e670_0;  1 drivers
v000001ce6417cb90_0 .net "WriteData", 31 0, L_000001ce641fa6b0;  alias, 1 drivers
v000001ce6417d590_0 .net "WriteEn", 0 0, L_000001ce64216ad0;  alias, 1 drivers
v000001ce6417da90_0 .net *"_ivl_116", 0 0, L_000001ce6407fd40;  1 drivers
v000001ce6417d950_0 .net *"_ivl_118", 0 0, L_000001ce6407fdb0;  1 drivers
L_000001ce6419b150 .functor BUFT 1, C4<0010011>, C4<0>, C4<0>, C4<0>;
v000001ce6417d6d0_0 .net/2u *"_ivl_12", 6 0, L_000001ce6419b150;  1 drivers
v000001ce6417d130_0 .net *"_ivl_120", 0 0, L_000001ce6407f6b0;  1 drivers
v000001ce6417d630_0 .net *"_ivl_124", 0 0, L_000001ce6407fb10;  1 drivers
v000001ce6417dbd0_0 .net *"_ivl_126", 0 0, L_000001ce6407f790;  1 drivers
v000001ce6417dc70_0 .net *"_ivl_128", 0 0, L_000001ce6407fa30;  1 drivers
v000001ce6417d1d0_0 .net *"_ivl_130", 0 0, L_000001ce6407faa0;  1 drivers
v000001ce6417ddb0_0 .net *"_ivl_132", 0 0, L_000001ce6407fb80;  1 drivers
v000001ce6417d770_0 .net *"_ivl_148", 0 0, L_000001ce641f4c80;  1 drivers
v000001ce6417de50_0 .net *"_ivl_150", 0 0, L_000001ce641f49e0;  1 drivers
v000001ce6417def0_0 .net *"_ivl_152", 0 0, L_000001ce641f3ef0;  1 drivers
v000001ce6417ce10_0 .net *"_ivl_154", 0 0, L_000001ce641f3710;  1 drivers
L_000001ce6419b930 .functor BUFT 1, C4<00000>, C4<0>, C4<0>, C4<0>;
v000001ce6417d270_0 .net/2u *"_ivl_156", 4 0, L_000001ce6419b930;  1 drivers
L_000001ce6419b198 .functor BUFT 1, C4<0000011>, C4<0>, C4<0>, C4<0>;
v000001ce6417ca50_0 .net/2u *"_ivl_16", 6 0, L_000001ce6419b198;  1 drivers
L_000001ce6419b1e0 .functor BUFT 1, C4<0100011>, C4<0>, C4<0>, C4<0>;
v000001ce6417d810_0 .net/2u *"_ivl_20", 6 0, L_000001ce6419b1e0;  1 drivers
L_000001ce6419b228 .functor BUFT 1, C4<1100011>, C4<0>, C4<0>, C4<0>;
v000001ce6417cf50_0 .net/2u *"_ivl_24", 6 0, L_000001ce6419b228;  1 drivers
L_000001ce6419b270 .functor BUFT 1, C4<0110111>, C4<0>, C4<0>, C4<0>;
v000001ce6417c910_0 .net/2u *"_ivl_28", 6 0, L_000001ce6419b270;  1 drivers
L_000001ce6419b2b8 .functor BUFT 1, C4<0010111>, C4<0>, C4<0>, C4<0>;
v000001ce6417cd70_0 .net/2u *"_ivl_32", 6 0, L_000001ce6419b2b8;  1 drivers
L_000001ce6419b300 .functor BUFT 1, C4<1101111>, C4<0>, C4<0>, C4<0>;
v000001ce6417d8b0_0 .net/2u *"_ivl_36", 6 0, L_000001ce6419b300;  1 drivers
L_000001ce6419b348 .functor BUFT 1, C4<1100111>, C4<0>, C4<0>, C4<0>;
v000001ce6417d9f0_0 .net/2u *"_ivl_40", 6 0, L_000001ce6419b348;  1 drivers
L_000001ce6419b390 .functor BUFT 1, C4<00000000000100000000000001110011>, C4<0>, C4<0>, C4<0>;
v000001ce6417c870_0 .net/2u *"_ivl_44", 31 0, L_000001ce6419b390;  1 drivers
L_000001ce6419b3d8 .functor BUFT 1, C4<000001>, C4<0>, C4<0>, C4<0>;
v000001ce6417caf0_0 .net/2u *"_ivl_48", 5 0, L_000001ce6419b3d8;  1 drivers
v000001ce6417d310_0 .net *"_ivl_50", 0 0, L_000001ce6407f5d0;  1 drivers
v000001ce6417d3b0_0 .net *"_ivl_52", 0 0, L_000001ce6407e840;  1 drivers
L_000001ce6419b420 .functor BUFT 1, C4<000010>, C4<0>, C4<0>, C4<0>;
v000001ce6417cff0_0 .net/2u *"_ivl_54", 5 0, L_000001ce6419b420;  1 drivers
L_000001ce6419b468 .functor BUFT 1, C4<000100>, C4<0>, C4<0>, C4<0>;
v000001ce6417cc30_0 .net/2u *"_ivl_56", 5 0, L_000001ce6419b468;  1 drivers
L_000001ce6419b4b0 .functor BUFT 1, C4<001000>, C4<0>, C4<0>, C4<0>;
v000001ce6417ccd0_0 .net/2u *"_ivl_58", 5 0, L_000001ce6419b4b0;  1 drivers
v000001ce6417ceb0_0 .net *"_ivl_60", 0 0, L_000001ce6407e300;  1 drivers
L_000001ce6419b4f8 .functor BUFT 1, C4<010000>, C4<0>, C4<0>, C4<0>;
v000001ce6417d450_0 .net/2u *"_ivl_62", 5 0, L_000001ce6419b4f8;  1 drivers
L_000001ce6419b540 .functor BUFT 1, C4<100000>, C4<0>, C4<0>, C4<0>;
v000001ce6417af70_0 .net/2u *"_ivl_64", 5 0, L_000001ce6419b540;  1 drivers
L_000001ce6419b588 .functor BUFT 1, C4<000000>, C4<0>, C4<0>, C4<0>;
v000001ce6417b470_0 .net/2u *"_ivl_66", 5 0, L_000001ce6419b588;  1 drivers
v000001ce6417b0b0_0 .net *"_ivl_68", 5 0, L_000001ce64196b80;  1 drivers
v000001ce6417c4b0_0 .net *"_ivl_70", 5 0, L_000001ce64197260;  1 drivers
v000001ce6417bfb0_0 .net *"_ivl_72", 5 0, L_000001ce641974e0;  1 drivers
v000001ce6417b290_0 .net *"_ivl_74", 5 0, L_000001ce64196cc0;  1 drivers
v000001ce6417a750_0 .net *"_ivl_76", 5 0, L_000001ce64197620;  1 drivers
L_000001ce6419b108 .functor BUFT 1, C4<0110011>, C4<0>, C4<0>, C4<0>;
v000001ce6417b510_0 .net/2u *"_ivl_8", 6 0, L_000001ce6419b108;  1 drivers
v000001ce6417c5f0_0 .net *"_ivl_82", 0 0, L_000001ce6407e450;  1 drivers
v000001ce6417c730_0 .net *"_ivl_84", 0 0, L_000001ce6407f2c0;  1 drivers
v000001ce6417b5b0_0 .net *"_ivl_86", 0 0, L_000001ce6407e6f0;  1 drivers
v000001ce6417b650_0 .net *"_ivl_88", 0 0, L_000001ce6407e8b0;  1 drivers
v000001ce6417ba10_0 .net *"_ivl_90", 0 0, L_000001ce6407e920;  1 drivers
v000001ce6417a2f0_0 .net *"_ivl_92", 0 0, L_000001ce6407f170;  1 drivers
v000001ce6417be70_0 .net *"_ivl_94", 0 0, L_000001ce6407e990;  1 drivers
v000001ce6417c410_0 .net *"_ivl_96", 0 0, L_000001ce6407ef40;  1 drivers
v000001ce6417b6f0_0 .net *"_ivl_98", 0 0, L_000001ce6407f1e0;  1 drivers
v000001ce6417b3d0_0 .net "i_clk", 0 0, v000001ce64193fc0_0;  alias, 1 drivers
v000001ce6417ab10_0 .net "i_format", 5 0, L_000001ce64197580;  1 drivers
v000001ce6417b010_0 .net "i_rst", 0 0, v000001ce64195b40_0;  alias, 1 drivers
v000001ce6417b790_0 .net "is_auipc", 0 0, L_000001ce64196400;  1 drivers
v000001ce6417c690_0 .net "is_branch", 0 0, L_000001ce641969a0;  1 drivers
v000001ce6417b830_0 .net "is_ebreak", 0 0, L_000001ce641965e0;  1 drivers
v000001ce6417c7d0_0 .net "is_itype_alu", 0 0, L_000001ce641973a0;  1 drivers
v000001ce6417bdd0_0 .net "is_jal", 0 0, L_000001ce641971c0;  1 drivers
v000001ce6417a250_0 .net "is_jalr", 0 0, L_000001ce64197760;  1 drivers
v000001ce6417a070_0 .net "is_load", 0 0, L_000001ce64196c20;  1 drivers
v000001ce6417a390_0 .net "is_lui", 0 0, L_000001ce64196360;  1 drivers
v000001ce6417c050_0 .net "is_rtype", 0 0, L_000001ce641962c0;  1 drivers
v000001ce6417c370_0 .net "is_store", 0 0, L_000001ce64196e00;  1 drivers
v000001ce6417a430_0 .net "lui", 0 0, L_000001ce6407f330;  alias, 1 drivers
v000001ce6417a6b0_0 .net "o_retire_rd_waddr", 4 0, L_000001ce641983e0;  alias, 1 drivers
v000001ce6417a4d0_0 .net "o_retire_rs1_raddr", 4 0, L_000001ce641f4890;  alias, 1 drivers
v000001ce6417a110_0 .net "o_retire_rs1_rdata", 31 0, L_000001ce641f3d30;  alias, 1 drivers
v000001ce6417a570_0 .net "o_retire_rs2_raddr", 4 0, L_000001ce641f3e80;  alias, 1 drivers
v000001ce6417a7f0_0 .net "o_retire_rs2_rdata", 31 0, L_000001ce641f3630;  alias, 1 drivers
v000001ce6417c2d0_0 .net "opcode", 6 0, L_000001ce64195c80;  1 drivers
v000001ce6417a1b0_0 .net "rd_waddr_raw", 4 0, L_000001ce64195d20;  1 drivers
v000001ce6417aed0_0 .net "rs1_raddr_raw", 4 0, L_000001ce64195dc0;  1 drivers
v000001ce6417ac50_0 .net "rs1_rdata_raw", 31 0, L_000001ce6419a500;  1 drivers
v000001ce6417c550_0 .net "rs2_raddr_raw", 4 0, L_000001ce64195f00;  1 drivers
v000001ce6417a610_0 .net "rs2_rdata_raw", 31 0, L_000001ce64198b60;  1 drivers
L_000001ce64195c80 .part v000001ce6418bab0_0, 0, 7;
L_000001ce64195d20 .part v000001ce6418bab0_0, 7, 5;
L_000001ce64195dc0 .part v000001ce6418bab0_0, 15, 5;
L_000001ce64195f00 .part v000001ce6418bab0_0, 20, 5;
L_000001ce641962c0 .cmp/eq 7, L_000001ce64195c80, L_000001ce6419b108;
L_000001ce641973a0 .cmp/eq 7, L_000001ce64195c80, L_000001ce6419b150;
L_000001ce64196c20 .cmp/eq 7, L_000001ce64195c80, L_000001ce6419b198;
L_000001ce64196e00 .cmp/eq 7, L_000001ce64195c80, L_000001ce6419b1e0;
L_000001ce641969a0 .cmp/eq 7, L_000001ce64195c80, L_000001ce6419b228;
L_000001ce64196360 .cmp/eq 7, L_000001ce64195c80, L_000001ce6419b270;
L_000001ce64196400 .cmp/eq 7, L_000001ce64195c80, L_000001ce6419b2b8;
L_000001ce641971c0 .cmp/eq 7, L_000001ce64195c80, L_000001ce6419b300;
L_000001ce64197760 .cmp/eq 7, L_000001ce64195c80, L_000001ce6419b348;
L_000001ce641965e0 .cmp/eq 32, v000001ce6418bab0_0, L_000001ce6419b390;
L_000001ce64196b80 .functor MUXZ 6, L_000001ce6419b588, L_000001ce6419b540, L_000001ce641971c0, C4<>;
L_000001ce64197260 .functor MUXZ 6, L_000001ce64196b80, L_000001ce6419b4f8, L_000001ce6407e300, C4<>;
L_000001ce641974e0 .functor MUXZ 6, L_000001ce64197260, L_000001ce6419b4b0, L_000001ce641969a0, C4<>;
L_000001ce64196cc0 .functor MUXZ 6, L_000001ce641974e0, L_000001ce6419b468, L_000001ce64196e00, C4<>;
L_000001ce64197620 .functor MUXZ 6, L_000001ce64196cc0, L_000001ce6419b420, L_000001ce6407e840, C4<>;
L_000001ce64197580 .functor MUXZ 6, L_000001ce64197620, L_000001ce6419b3d8, L_000001ce641962c0, C4<>;
L_000001ce641976c0 .part L_000001ce64195c80, 4, 3;
L_000001ce641983e0 .functor MUXZ 5, L_000001ce6419b930, L_000001ce64195d20, L_000001ce641f3710, C4<>;
S_000001ce63fb9690 .scope module, "imm_gen" "imm" 4 107, 5 6 0, S_000001ce63b6a730;
 .timescale -9 -12;
    .port_info 0 /INPUT 32 "i_inst";
    .port_info 1 /INPUT 6 "i_format";
    .port_info 2 /OUTPUT 32 "o_immediate";
v000001ce640ed2e0_0 .net *"_ivl_11", 0 0, L_000001ce64199380;  1 drivers
v000001ce640ed060_0 .net *"_ivl_12", 20 0, L_000001ce64198fc0;  1 drivers
v000001ce640ecb60_0 .net *"_ivl_15", 5 0, L_000001ce6419a0a0;  1 drivers
v000001ce640ed740_0 .net *"_ivl_17", 4 0, L_000001ce641996a0;  1 drivers
v000001ce640ed7e0_0 .net *"_ivl_21", 0 0, L_000001ce6419a6e0;  1 drivers
v000001ce640eb6c0_0 .net *"_ivl_22", 19 0, L_000001ce64199880;  1 drivers
v000001ce640ecfc0_0 .net *"_ivl_25", 0 0, L_000001ce6419a5a0;  1 drivers
v000001ce640ec2a0_0 .net *"_ivl_27", 5 0, L_000001ce6419a640;  1 drivers
v000001ce640ec200_0 .net *"_ivl_29", 3 0, L_000001ce64198700;  1 drivers
v000001ce640ecde0_0 .net *"_ivl_3", 0 0, L_000001ce64199b00;  1 drivers
L_000001ce6419b9c0 .functor BUFT 1, C4<0>, C4<0>, C4<0>, C4<0>;
v000001ce640ec8e0_0 .net/2u *"_ivl_30", 0 0, L_000001ce6419b9c0;  1 drivers
v000001ce640ed6a0_0 .net *"_ivl_35", 19 0, L_000001ce64198160;  1 drivers
L_000001ce6419ba08 .functor BUFT 1, C4<000000000000>, C4<0>, C4<0>, C4<0>;
v000001ce640ec5c0_0 .net/2u *"_ivl_36", 11 0, L_000001ce6419ba08;  1 drivers
v000001ce640edb00_0 .net *"_ivl_4", 20 0, L_000001ce641997e0;  1 drivers
v000001ce640eb3a0_0 .net *"_ivl_41", 0 0, L_000001ce641982a0;  1 drivers
v000001ce640ec340_0 .net *"_ivl_42", 11 0, L_000001ce64198340;  1 drivers
v000001ce640ec660_0 .net *"_ivl_45", 7 0, L_000001ce641992e0;  1 drivers
v000001ce640ed380_0 .net *"_ivl_47", 0 0, L_000001ce6419a780;  1 drivers
v000001ce640ec520_0 .net *"_ivl_49", 9 0, L_000001ce64199ce0;  1 drivers
L_000001ce6419ba50 .functor BUFT 1, C4<0>, C4<0>, C4<0>, C4<0>;
v000001ce640ed420_0 .net/2u *"_ivl_50", 0 0, L_000001ce6419ba50;  1 drivers
v000001ce640ec980_0 .net *"_ivl_55", 0 0, L_000001ce64199560;  1 drivers
v000001ce640ed4c0_0 .net *"_ivl_57", 0 0, L_000001ce64198c00;  1 drivers
v000001ce640ed600_0 .net *"_ivl_59", 0 0, L_000001ce64199e20;  1 drivers
v000001ce640ebee0_0 .net *"_ivl_61", 0 0, L_000001ce64198480;  1 drivers
v000001ce640ec7a0_0 .net *"_ivl_63", 0 0, L_000001ce641988e0;  1 drivers
v000001ce640eb760_0 .net *"_ivl_65", 0 0, L_000001ce641991a0;  1 drivers
L_000001ce6419ba98 .functor BUFT 1, C4<00000000000000000000000000000000>, C4<0>, C4<0>, C4<0>;
v000001ce640ecc00_0 .net/2u *"_ivl_66", 31 0, L_000001ce6419ba98;  1 drivers
v000001ce640ebf80_0 .net *"_ivl_68", 31 0, L_000001ce64199240;  1 drivers
v000001ce640eb4e0_0 .net *"_ivl_7", 10 0, L_000001ce6419a820;  1 drivers
v000001ce640ebd00_0 .net *"_ivl_70", 31 0, L_000001ce64198980;  1 drivers
v000001ce640eca20_0 .net *"_ivl_72", 31 0, L_000001ce64199f60;  1 drivers
v000001ce640ecca0_0 .net *"_ivl_74", 31 0, L_000001ce64198520;  1 drivers
v000001ce640ed880_0 .net *"_ivl_76", 31 0, L_000001ce64199060;  1 drivers
v000001ce640ecd40_0 .net "i_format", 5 0, L_000001ce64197580;  alias, 1 drivers
v000001ce640ebda0_0 .net "i_inst", 31 0, v000001ce6418bab0_0;  alias, 1 drivers
v000001ce640ece80_0 .net "imm_b", 31 0, L_000001ce64199920;  1 drivers
v000001ce640eb9e0_0 .net "imm_i", 31 0, L_000001ce641980c0;  1 drivers
v000001ce640eb440_0 .net "imm_j", 31 0, L_000001ce64199600;  1 drivers
L_000001ce6419b978 .functor BUFT 1, C4<xxxxxxxxxxxxxxxxxxxxxxxxxxxxxxxx>, C4<0>, C4<0>, C4<0>;
v000001ce640ed920_0 .net "imm_r", 31 0, L_000001ce6419b978;  1 drivers
v000001ce640ecf20_0 .net "imm_s", 31 0, L_000001ce6419a140;  1 drivers
v000001ce640ed9c0_0 .net "imm_u", 31 0, L_000001ce641985c0;  1 drivers
v000001ce640ed1a0_0 .net "o_immediate", 31 0, L_000001ce641999c0;  alias, 1 drivers
L_000001ce64199b00 .part v000001ce6418bab0_0, 31, 1;
LS_000001ce641997e0_0_0 .concat [ 1 1 1 1], L_000001ce64199b00, L_000001ce64199b00, L_000001ce64199b00, L_000001ce64199b00;
LS_000001ce641997e0_0_4 .concat [ 1 1 1 1], L_000001ce64199b00, L_000001ce64199b00, L_000001ce64199b00, L_000001ce64199b00;
LS_000001ce641997e0_0_8 .concat [ 1 1 1 1], L_000001ce64199b00, L_000001ce64199b00, L_000001ce64199b00, L_000001ce64199b00;
LS_000001ce641997e0_0_12 .concat [ 1 1 1 1], L_000001ce64199b00, L_000001ce64199b00, L_000001ce64199b00, L_000001ce64199b00;
LS_000001ce641997e0_0_16 .concat [ 1 1 1 1], L_000001ce64199b00, L_000001ce64199b00, L_000001ce64199b00, L_000001ce64199b00;
LS_000001ce641997e0_0_20 .concat [ 1 0 0 0], L_000001ce64199b00;
LS_000001ce641997e0_1_0 .concat [ 4 4 4 4], LS_000001ce641997e0_0_0, LS_000001ce641997e0_0_4, LS_000001ce641997e0_0_8, LS_000001ce641997e0_0_12;
LS_000001ce641997e0_1_4 .concat [ 4 1 0 0], LS_000001ce641997e0_0_16, LS_000001ce641997e0_0_20;
L_000001ce641997e0 .concat [ 16 5 0 0], LS_000001ce641997e0_1_0, LS_000001ce641997e0_1_4;
L_000001ce6419a820 .part v000001ce6418bab0_0, 20, 11;
L_000001ce641980c0 .concat [ 11 21 0 0], L_000001ce6419a820, L_000001ce641997e0;
L_000001ce64199380 .part v000001ce6418bab0_0, 31, 1;
LS_000001ce64198fc0_0_0 .concat [ 1 1 1 1], L_000001ce64199380, L_000001ce64199380, L_000001ce64199380, L_000001ce64199380;
LS_000001ce64198fc0_0_4 .concat [ 1 1 1 1], L_000001ce64199380, L_000001ce64199380, L_000001ce64199380, L_000001ce64199380;
LS_000001ce64198fc0_0_8 .concat [ 1 1 1 1], L_000001ce64199380, L_000001ce64199380, L_000001ce64199380, L_000001ce64199380;
LS_000001ce64198fc0_0_12 .concat [ 1 1 1 1], L_000001ce64199380, L_000001ce64199380, L_000001ce64199380, L_000001ce64199380;
LS_000001ce64198fc0_0_16 .concat [ 1 1 1 1], L_000001ce64199380, L_000001ce64199380, L_000001ce64199380, L_000001ce64199380;
LS_000001ce64198fc0_0_20 .concat [ 1 0 0 0], L_000001ce64199380;
LS_000001ce64198fc0_1_0 .concat [ 4 4 4 4], LS_000001ce64198fc0_0_0, LS_000001ce64198fc0_0_4, LS_000001ce64198fc0_0_8, LS_000001ce64198fc0_0_12;
LS_000001ce64198fc0_1_4 .concat [ 4 1 0 0], LS_000001ce64198fc0_0_16, LS_000001ce64198fc0_0_20;
L_000001ce64198fc0 .concat [ 16 5 0 0], LS_000001ce64198fc0_1_0, LS_000001ce64198fc0_1_4;
L_000001ce6419a0a0 .part v000001ce6418bab0_0, 25, 6;
L_000001ce641996a0 .part v000001ce6418bab0_0, 7, 5;
L_000001ce6419a140 .concat [ 5 6 21 0], L_000001ce641996a0, L_000001ce6419a0a0, L_000001ce64198fc0;
L_000001ce6419a6e0 .part v000001ce6418bab0_0, 31, 1;
LS_000001ce64199880_0_0 .concat [ 1 1 1 1], L_000001ce6419a6e0, L_000001ce6419a6e0, L_000001ce6419a6e0, L_000001ce6419a6e0;
LS_000001ce64199880_0_4 .concat [ 1 1 1 1], L_000001ce6419a6e0, L_000001ce6419a6e0, L_000001ce6419a6e0, L_000001ce6419a6e0;
LS_000001ce64199880_0_8 .concat [ 1 1 1 1], L_000001ce6419a6e0, L_000001ce6419a6e0, L_000001ce6419a6e0, L_000001ce6419a6e0;
LS_000001ce64199880_0_12 .concat [ 1 1 1 1], L_000001ce6419a6e0, L_000001ce6419a6e0, L_000001ce6419a6e0, L_000001ce6419a6e0;
LS_000001ce64199880_0_16 .concat [ 1 1 1 1], L_000001ce6419a6e0, L_000001ce6419a6e0, L_000001ce6419a6e0, L_000001ce6419a6e0;
LS_000001ce64199880_1_0 .concat [ 4 4 4 4], LS_000001ce64199880_0_0, LS_000001ce64199880_0_4, LS_000001ce64199880_0_8, LS_000001ce64199880_0_12;
LS_000001ce64199880_1_4 .concat [ 4 0 0 0], LS_000001ce64199880_0_16;
L_000001ce64199880 .concat [ 16 4 0 0], LS_000001ce64199880_1_0, LS_000001ce64199880_1_4;
L_000001ce6419a5a0 .part v000001ce6418bab0_0, 7, 1;
L_000001ce6419a640 .part v000001ce6418bab0_0, 25, 6;
L_000001ce64198700 .part v000001ce6418bab0_0, 8, 4;
LS_000001ce64199920_0_0 .concat [ 1 4 6 1], L_000001ce6419b9c0, L_000001ce64198700, L_000001ce6419a640, L_000001ce6419a5a0;
LS_000001ce64199920_0_4 .concat [ 20 0 0 0], L_000001ce64199880;
L_000001ce64199920 .concat [ 12 20 0 0], LS_000001ce64199920_0_0, LS_000001ce64199920_0_4;
L_000001ce64198160 .part v000001ce6418bab0_0, 12, 20;
L_000001ce641985c0 .concat [ 12 20 0 0], L_000001ce6419ba08, L_000001ce64198160;
L_000001ce641982a0 .part v000001ce6418bab0_0, 31, 1;
LS_000001ce64198340_0_0 .concat [ 1 1 1 1], L_000001ce641982a0, L_000001ce641982a0, L_000001ce641982a0, L_000001ce641982a0;
LS_000001ce64198340_0_4 .concat [ 1 1 1 1], L_000001ce641982a0, L_000001ce641982a0, L_000001ce641982a0, L_000001ce641982a0;
LS_000001ce64198340_0_8 .concat [ 1 1 1 1], L_000001ce641982a0, L_000001ce641982a0, L_000001ce641982a0, L_000001ce641982a0;
L_000001ce64198340 .concat [ 4 4 4 0], LS_000001ce64198340_0_0, LS_000001ce64198340_0_4, LS_000001ce64198340_0_8;
L_000001ce641992e0 .part v000001ce6418bab0_0, 12, 8;
L_000001ce6419a780 .part v000001ce6418bab0_0, 20, 1;
L_000001ce64199ce0 .part v000001ce6418bab0_0, 21, 10;
LS_000001ce64199600_0_0 .concat [ 1 10 1 8], L_000001ce6419ba50, L_000001ce64199ce0, L_000001ce6419a780, L_000001ce641992e0;
LS_000001ce64199600_0_4 .concat [ 12 0 0 0], L_000001ce64198340;
L_000001ce64199600 .concat [ 20 12 0 0], LS_000001ce64199600_0_0, LS_000001ce64199600_0_4;
L_000001ce64199560 .part L_000001ce64197580, 0, 1;
L_000001ce64198c00 .part L_000001ce64197580, 1, 1;
L_000001ce64199e20 .part L_000001ce64197580, 2, 1;
L_000001ce64198480 .part L_000001ce64197580, 3, 1;
L_000001ce641988e0 .part L_000001ce64197580, 4, 1;
L_000001ce641991a0 .part L_000001ce64197580, 5, 1;
L_000001ce64199240 .functor MUXZ 32, L_000001ce6419ba98, L_000001ce64199600, L_000001ce641991a0, C4<>;
L_000001ce64198980 .functor MUXZ 32, L_000001ce64199240, L_000001ce641985c0, L_000001ce641988e0, C4<>;
L_000001ce64199f60 .functor MUXZ 32, L_000001ce64198980, L_000001ce64199920, L_000001ce64198480, C4<>;
L_000001ce64198520 .functor MUXZ 32, L_000001ce64199f60, L_000001ce6419a140, L_000001ce64199e20, C4<>;
L_000001ce64199060 .functor MUXZ 32, L_000001ce64198520, L_000001ce641980c0, L_000001ce64198c00, C4<>;
L_000001ce641999c0 .functor MUXZ 32, L_000001ce64199060, L_000001ce6419b978, L_000001ce64199560, C4<>;
S_000001ce63fb7270 .scope module, "rf_rw" "rf" 4 88, 6 8 0, S_000001ce63b6a730;
 .timescale -9 -12;
    .port_info 0 /INPUT 1 "i_clk";
    .port_info 1 /INPUT 1 "i_rst";
    .port_info 2 /INPUT 5 "i_rs1_raddr";
    .port_info 3 /OUTPUT 32 "o_rs1_rdata";
    .port_info 4 /INPUT 5 "i_rs2_raddr";
    .port_info 5 /OUTPUT 32 "o_rs2_rdata";
    .port_info 6 /INPUT 1 "i_rd_wen";
    .port_info 7 /INPUT 5 "i_rd_waddr";
    .port_info 8 /INPUT 32 "i_rd_wdata";
P_000001ce640cfe20 .param/l "BYPASS_EN" 0 6 17, +C4<00000000000000000000000000000001>;
L_000001ce6419b5d0 .functor BUFT 1, C4<1>, C4<0>, C4<0>, C4<0>;
L_000001ce6407c3f0 .functor AND 1, L_000001ce6419b5d0, L_000001ce64216ad0, C4<1>, C4<1>;
L_000001ce6407d3b0 .functor AND 1, L_000001ce6407c3f0, L_000001ce64196d60, C4<1>, C4<1>;
L_000001ce63fae6b0 .functor AND 1, L_000001ce6407d3b0, L_000001ce64197b20, C4<1>, C4<1>;
L_000001ce6419b660 .functor BUFT 1, C4<1>, C4<0>, C4<0>, C4<0>;
L_000001ce63fae950 .functor AND 1, L_000001ce6419b660, L_000001ce64216ad0, C4<1>, C4<1>;
L_000001ce63f5d1d0 .functor AND 1, L_000001ce63fae950, L_000001ce64199c40, C4<1>, C4<1>;
L_000001ce63b67590 .functor AND 1, L_000001ce63f5d1d0, L_000001ce64199740, C4<1>, C4<1>;
v000001ce640eba80_0 .net/2u *"_ivl_0", 0 0, L_000001ce6419b5d0;  1 drivers
v000001ce640eb580_0 .net *"_ivl_10", 0 0, L_000001ce64197b20;  1 drivers
v000001ce640eb8a0_0 .net/2u *"_ivl_14", 0 0, L_000001ce6419b660;  1 drivers
v000001ce640ebbc0_0 .net *"_ivl_17", 0 0, L_000001ce63fae950;  1 drivers
L_000001ce6419b6a8 .functor BUFT 1, C4<00000>, C4<0>, C4<0>, C4<0>;
v000001ce640ebc60_0 .net/2u *"_ivl_18", 4 0, L_000001ce6419b6a8;  1 drivers
v000001ce640eedc0_0 .net *"_ivl_20", 0 0, L_000001ce64199c40;  1 drivers
v000001ce640ee820_0 .net *"_ivl_23", 0 0, L_000001ce63f5d1d0;  1 drivers
v000001ce640edce0_0 .net *"_ivl_24", 0 0, L_000001ce64199740;  1 drivers
L_000001ce6419b6f0 .functor BUFT 1, C4<00000000000000000000000000000000>, C4<0>, C4<0>, C4<0>;
v000001ce640ee460_0 .net/2u *"_ivl_28", 31 0, L_000001ce6419b6f0;  1 drivers
v000001ce640eefa0_0 .net *"_ivl_3", 0 0, L_000001ce6407c3f0;  1 drivers
L_000001ce6419b738 .functor BUFT 1, C4<00000>, C4<0>, C4<0>, C4<0>;
v000001ce640eed20_0 .net/2u *"_ivl_30", 4 0, L_000001ce6419b738;  1 drivers
v000001ce640ede20_0 .net *"_ivl_32", 0 0, L_000001ce6419a460;  1 drivers
L_000001ce6419b780 .functor BUFT 1, C4<00000000000000000000000000000000>, C4<0>, C4<0>, C4<0>;
v000001ce640edd80_0 .net/2u *"_ivl_34", 31 0, L_000001ce6419b780;  1 drivers
v000001ce640eec80_0 .net *"_ivl_36", 31 0, L_000001ce64199d80;  1 drivers
v000001ce640ee780_0 .net *"_ivl_38", 6 0, L_000001ce6419a3c0;  1 drivers
L_000001ce6419b618 .functor BUFT 1, C4<00000>, C4<0>, C4<0>, C4<0>;
v000001ce640edba0_0 .net/2u *"_ivl_4", 4 0, L_000001ce6419b618;  1 drivers
L_000001ce6419b7c8 .functor BUFT 1, C4<00>, C4<0>, C4<0>, C4<0>;
v000001ce640ef220_0 .net *"_ivl_41", 1 0, L_000001ce6419b7c8;  1 drivers
v000001ce640edec0_0 .net *"_ivl_42", 31 0, L_000001ce64199ba0;  1 drivers
v000001ce640ee1e0_0 .net *"_ivl_44", 31 0, L_000001ce641994c0;  1 drivers
L_000001ce6419b810 .functor BUFT 1, C4<00000000000000000000000000000000>, C4<0>, C4<0>, C4<0>;
v000001ce640eee60_0 .net/2u *"_ivl_48", 31 0, L_000001ce6419b810;  1 drivers
L_000001ce6419b858 .functor BUFT 1, C4<00000>, C4<0>, C4<0>, C4<0>;
v000001ce640ee8c0_0 .net/2u *"_ivl_50", 4 0, L_000001ce6419b858;  1 drivers
v000001ce640edf60_0 .net *"_ivl_52", 0 0, L_000001ce641987a0;  1 drivers
L_000001ce6419b8a0 .functor BUFT 1, C4<00000000000000000000000000000000>, C4<0>, C4<0>, C4<0>;
v000001ce640edc40_0 .net/2u *"_ivl_54", 31 0, L_000001ce6419b8a0;  1 drivers
v000001ce640ee320_0 .net *"_ivl_56", 31 0, L_000001ce6419a000;  1 drivers
v000001ce640ee000_0 .net *"_ivl_58", 6 0, L_000001ce64199420;  1 drivers
v000001ce640ee0a0_0 .net *"_ivl_6", 0 0, L_000001ce64196d60;  1 drivers
L_000001ce6419b8e8 .functor BUFT 1, C4<00>, C4<0>, C4<0>, C4<0>;
v000001ce640ee140_0 .net *"_ivl_61", 1 0, L_000001ce6419b8e8;  1 drivers
v000001ce640ee280_0 .net *"_ivl_62", 31 0, L_000001ce64198ca0;  1 drivers
v000001ce640ef040_0 .net *"_ivl_64", 31 0, L_000001ce64198200;  1 drivers
v000001ce640ee3c0_0 .net *"_ivl_9", 0 0, L_000001ce6407d3b0;  1 drivers
v000001ce640eebe0_0 .net "i_clk", 0 0, v000001ce64193fc0_0;  alias, 1 drivers
v000001ce640ee500_0 .net "i_rd_waddr", 4 0, v000001ce6418e670_0;  alias, 1 drivers
v000001ce640ee5a0_0 .net "i_rd_wdata", 31 0, L_000001ce641fa6b0;  alias, 1 drivers
v000001ce640ee640_0 .net "i_rd_wen", 0 0, L_000001ce64216ad0;  alias, 1 drivers
v000001ce640ee6e0_0 .net "i_rs1_raddr", 4 0, L_000001ce64195dc0;  alias, 1 drivers
v000001ce640ee960_0 .net "i_rs2_raddr", 4 0, L_000001ce64195f00;  alias, 1 drivers
v000001ce640eea00_0 .net "i_rst", 0 0, v000001ce64195b40_0;  alias, 1 drivers
v000001ce640ef0e0_0 .net "o_rs1_rdata", 31 0, L_000001ce6419a500;  alias, 1 drivers
v000001ce640eef00_0 .net "o_rs2_rdata", 31 0, L_000001ce64198b60;  alias, 1 drivers
v000001ce640eeaa0 .array "regs", 31 0, 31 0;
v000001ce640eeb40_0 .net "rs1_bypass_hit", 0 0, L_000001ce63fae6b0;  1 drivers
v000001ce640ef180_0 .net "rs2_bypass_hit", 0 0, L_000001ce63b67590;  1 drivers
E_000001ce640cf6e0 .event posedge, v000001ce640eebe0_0;
L_000001ce64196d60 .cmp/ne 5, v000001ce6418e670_0, L_000001ce6419b618;
L_000001ce64197b20 .cmp/eq 5, L_000001ce64195dc0, v000001ce6418e670_0;
L_000001ce64199c40 .cmp/ne 5, v000001ce6418e670_0, L_000001ce6419b6a8;
L_000001ce64199740 .cmp/eq 5, L_000001ce64195f00, v000001ce6418e670_0;
L_000001ce6419a460 .cmp/eq 5, L_000001ce64195dc0, L_000001ce6419b738;
L_000001ce64199d80 .array/port v000001ce640eeaa0, L_000001ce6419a3c0;
L_000001ce6419a3c0 .concat [ 5 2 0 0], L_000001ce64195dc0, L_000001ce6419b7c8;
L_000001ce64199ba0 .functor MUXZ 32, L_000001ce64199d80, L_000001ce641fa6b0, L_000001ce63fae6b0, C4<>;
L_000001ce641994c0 .functor MUXZ 32, L_000001ce64199ba0, L_000001ce6419b780, L_000001ce6419a460, C4<>;
L_000001ce6419a500 .functor MUXZ 32, L_000001ce641994c0, L_000001ce6419b6f0, v000001ce64195b40_0, C4<>;
L_000001ce641987a0 .cmp/eq 5, L_000001ce64195f00, L_000001ce6419b858;
L_000001ce6419a000 .array/port v000001ce640eeaa0, L_000001ce64199420;
L_000001ce64199420 .concat [ 5 2 0 0], L_000001ce64195f00, L_000001ce6419b8e8;
L_000001ce64198ca0 .functor MUXZ 32, L_000001ce6419a000, L_000001ce641fa6b0, L_000001ce63b67590, C4<>;
L_000001ce64198200 .functor MUXZ 32, L_000001ce64198ca0, L_000001ce6419b8a0, L_000001ce641987a0, C4<>;
L_000001ce64198b60 .functor MUXZ 32, L_000001ce64198200, L_000001ce6419b810, v000001ce64195b40_0, C4<>;
S_000001ce63b82b00 .scope module, "u_execute" "execute" 3 615, 7 1 0, S_000001ce64115da0;
 .timescale -9 -12;
    .port_info 0 /INPUT 3 "AluOp";
    .port_info 1 /INPUT 3 "Func3";
    .port_info 2 /INPUT 7 "Func7";
    .port_info 3 /INPUT 7 "opcode";
    .port_info 4 /INPUT 32 "Operand1";
    .port_info 5 /INPUT 32 "Operand2";
    .port_info 6 /OUTPUT 32 "AluResult";
    .port_info 7 /OUTPUT 1 "ALUeq";
    .port_info 8 /OUTPUT 1 "ALUslt";
v000001ce641475b0_0 .net "ALUeq", 0 0, L_000001ce641fe710;  alias, 1 drivers
v000001ce64147dd0_0 .net "ALUslt", 0 0, L_000001ce641f5d20;  alias, 1 drivers
v000001ce64148c30_0 .net "AluControl_arith", 0 0, v000001ce64148370_0;  1 drivers
v000001ce64148e10_0 .net "AluControl_opsel", 2 0, v000001ce64149950_0;  1 drivers
v000001ce64149630_0 .net "AluControl_sub", 0 0, v000001ce641493b0_0;  1 drivers
v000001ce64148eb0_0 .net "AluControl_unsigned", 0 0, v000001ce64148a50_0;  1 drivers
v000001ce64148f50_0 .net "AluOp", 2 0, v000001ce64184750_0;  1 drivers
v000001ce64147510_0 .net "AluResult", 31 0, v000001ce64147650_0;  alias, 1 drivers
v000001ce641476f0_0 .net "Func3", 2 0, v000001ce641823b0_0;  1 drivers
v000001ce64149bd0_0 .net "Func7", 6 0, v000001ce64182450_0;  1 drivers
v000001ce64149770_0 .net "Operand1", 31 0, L_000001ce641ff890;  alias, 1 drivers
v000001ce641489b0_0 .net "Operand2", 31 0, L_000001ce641feb70;  alias, 1 drivers
v000001ce641496d0_0 .net "opcode", 6 0, v000001ce6418d4f0_0;  1 drivers
S_000001ce63c0af50 .scope module, "u_alu" "alu" 7 42, 8 8 0, S_000001ce63b82b00;
 .timescale -9 -12;
    .port_info 0 /INPUT 3 "i_opsel";
    .port_info 1 /INPUT 1 "i_sub";
    .port_info 2 /INPUT 1 "i_unsigned";
    .port_info 3 /INPUT 1 "i_arith";
    .port_info 4 /INPUT 32 "i_op1";
    .port_info 5 /INPUT 32 "i_op2";
    .port_info 6 /OUTPUT 32 "o_result";
    .port_info 7 /OUTPUT 1 "o_eq";
    .port_info 8 /OUTPUT 1 "o_slt";
L_000001ce641f59a0 .functor NOT 1, L_000001ce641ff4d0, C4<0>, C4<0>, C4<0>;
L_000001ce641f5b60 .functor AND 1, L_000001ce641fee90, L_000001ce641f59a0, C4<1>, C4<1>;
L_000001ce641f5bd0 .functor XOR 1, L_000001ce642006f0, L_000001ce641fef30, C4<0>, C4<0>;
L_000001ce641f6650 .functor NOT 1, L_000001ce641f5bd0, C4<0>, C4<0>, C4<0>;
L_000001ce641f5850 .functor AND 1, L_000001ce641f6650, L_000001ce64200790, C4<1>, C4<1>;
L_000001ce641f6340 .functor OR 1, L_000001ce641f5b60, L_000001ce641f5850, C4<0>, C4<0>;
L_000001ce641f5c40 .functor AND 1, v000001ce64148a50_0, L_000001ce64200790, C4<1>, C4<1>;
L_000001ce641f60a0 .functor NOT 1, v000001ce64148a50_0, C4<0>, C4<0>, C4<0>;
L_000001ce641f5cb0 .functor AND 1, L_000001ce641f60a0, L_000001ce641f6340, C4<1>, C4<1>;
L_000001ce641f5d20 .functor OR 1, L_000001ce641f5c40, L_000001ce641f5cb0, C4<0>, C4<0>;
v000001ce6417a890_0 .net *"_ivl_10", 0 0, L_000001ce641f5b60;  1 drivers
v000001ce6417a930_0 .net *"_ivl_13", 0 0, L_000001ce642006f0;  1 drivers
v000001ce6417bf10_0 .net *"_ivl_15", 0 0, L_000001ce641fef30;  1 drivers
v000001ce6417b1f0_0 .net *"_ivl_16", 0 0, L_000001ce641f5bd0;  1 drivers
v000001ce6417acf0_0 .net *"_ivl_18", 0 0, L_000001ce641f6650;  1 drivers
v000001ce6417b150_0 .net *"_ivl_20", 0 0, L_000001ce641f5850;  1 drivers
v000001ce6417ad90_0 .net *"_ivl_26", 0 0, L_000001ce641f5c40;  1 drivers
v000001ce6417a9d0_0 .net *"_ivl_28", 0 0, L_000001ce641f60a0;  1 drivers
v000001ce6417aa70_0 .net *"_ivl_30", 0 0, L_000001ce641f5cb0;  1 drivers
v000001ce6417bb50_0 .net *"_ivl_5", 0 0, L_000001ce641fee90;  1 drivers
v000001ce6417b8d0_0 .net *"_ivl_7", 0 0, L_000001ce641ff4d0;  1 drivers
v000001ce6417b330_0 .net *"_ivl_8", 0 0, L_000001ce641f59a0;  1 drivers
v000001ce6417ae30_0 .net "i_arith", 0 0, v000001ce64148370_0;  alias, 1 drivers
v000001ce6417b970_0 .net "i_op1", 31 0, L_000001ce641ff890;  alias, 1 drivers
v000001ce6417bab0_0 .net "i_op2", 31 0, L_000001ce641feb70;  alias, 1 drivers
v000001ce6417bbf0_0 .net "i_opsel", 2 0, v000001ce64149950_0;  alias, 1 drivers
v000001ce6417bc90_0 .net "i_sub", 0 0, v000001ce641493b0_0;  alias, 1 drivers
v000001ce6417bd30_0 .net "i_unsigned", 0 0, v000001ce64148a50_0;  alias, 1 drivers
v000001ce6417c0f0_0 .net "lt_signed", 0 0, L_000001ce641f6340;  1 drivers
v000001ce6417c190_0 .net "lt_unsigned", 0 0, L_000001ce64200790;  1 drivers
v000001ce64148cd0_0 .net "o_eq", 0 0, L_000001ce641fe710;  alias, 1 drivers
v000001ce64148af0_0 .net "o_result", 31 0, v000001ce64147650_0;  alias, 1 drivers
v000001ce641482d0_0 .net "o_slt", 0 0, L_000001ce641f5d20;  alias, 1 drivers
v000001ce64147650_0 .var "result", 31 0;
v000001ce64147a10_0 .net "shamt", 4 0, L_000001ce641fe2b0;  1 drivers
v000001ce64149590_0 .var "sll_result", 31 0;
v000001ce64147ab0_0 .var "sra_result", 31 0;
v000001ce64148b90_0 .var "srl_result", 31 0;
E_000001ce640cfde0/0 .event anyedge, v000001ce6417bbf0_0, v000001ce6417bc90_0, v000001ce6417b970_0, v000001ce6417bab0_0;
E_000001ce640cfde0/1 .event anyedge, v000001ce64149590_0, v000001ce641482d0_0, v000001ce6417ae30_0, v000001ce64148b90_0;
E_000001ce640cfde0/2 .event anyedge, v000001ce64147ab0_0;
E_000001ce640cfde0 .event/or E_000001ce640cfde0/0, E_000001ce640cfde0/1, E_000001ce640cfde0/2;
E_000001ce640cf160 .event anyedge, v000001ce64147a10_0, v000001ce6417b970_0;
L_000001ce641fe2b0 .part L_000001ce641feb70, 0, 5;
L_000001ce64200790 .cmp/gt 32, L_000001ce641feb70, L_000001ce641ff890;
L_000001ce641fee90 .part L_000001ce641ff890, 31, 1;
L_000001ce641ff4d0 .part L_000001ce641feb70, 31, 1;
L_000001ce642006f0 .part L_000001ce641ff890, 31, 1;
L_000001ce641fef30 .part L_000001ce641feb70, 31, 1;
L_000001ce641fe710 .cmp/eq 32, L_000001ce641ff890, L_000001ce641feb70;
S_000001ce63c0b0e0 .scope module, "u_alu_control_unit" "alu_control_unit" 7 28, 9 1 0, S_000001ce63b82b00;
 .timescale -9 -12;
    .port_info 0 /INPUT 3 "AluOp";
    .port_info 1 /INPUT 3 "Func3";
    .port_info 2 /INPUT 7 "Func7";
    .port_info 3 /INPUT 7 "opcode";
    .port_info 4 /OUTPUT 3 "AluControl_opsel";
    .port_info 5 /OUTPUT 1 "AluControl_sub";
    .port_info 6 /OUTPUT 1 "AluControl_unsigned";
    .port_info 7 /OUTPUT 1 "AluControl_arith";
v000001ce64148370_0 .var "AluControl_arith", 0 0;
v000001ce64149950_0 .var "AluControl_opsel", 2 0;
v000001ce641493b0_0 .var "AluControl_sub", 0 0;
v000001ce64148a50_0 .var "AluControl_unsigned", 0 0;
v000001ce64148d70_0 .net "AluOp", 2 0, v000001ce64184750_0;  alias, 1 drivers
v000001ce641494f0_0 .net "Func3", 2 0, v000001ce641823b0_0;  alias, 1 drivers
v000001ce64147f10_0 .net "Func7", 6 0, v000001ce64182450_0;  alias, 1 drivers
v000001ce641484b0_0 .net "opcode", 6 0, v000001ce6418d4f0_0;  alias, 1 drivers
E_000001ce640cf720 .event anyedge, v000001ce64148d70_0, v000001ce641484b0_0, v000001ce641494f0_0, v000001ce64147f10_0;
S_000001ce63faebc0 .scope module, "u_memory" "dmem_access" 3 687, 10 1 0, S_000001ce64115da0;
 .timescale -9 -12;
    .port_info 0 /INPUT 32 "EffAddr";
    .port_info 1 /INPUT 32 "StoreData";
    .port_info 2 /INPUT 3 "Func3";
    .port_info 3 /INPUT 1 "MemRead";
    .port_info 4 /INPUT 1 "MemWrite";
    .port_info 5 /INPUT 32 "i_dmem_rdata";
    .port_info 6 /OUTPUT 32 "o_dmem_addr";
    .port_info 7 /OUTPUT 4 "o_dmem_mask";
    .port_info 8 /OUTPUT 32 "o_dmem_wdata";
    .port_info 9 /OUTPUT 1 "o_dmem_ren";
    .port_info 10 /OUTPUT 1 "o_dmem_wen";
    .port_info 11 /OUTPUT 32 "LoadData";
    .port_info 12 /OUTPUT 1 "MisalignTrap";
L_000001ce641f6b90 .functor OR 1, L_000001ce641ffe30, L_000001ce641ffed0, C4<0>, C4<0>;
L_000001ce641f6e30 .functor AND 1, L_000001ce641f5380, L_000001ce641fe170, C4<1>, C4<1>;
L_000001ce641f6ea0 .functor AND 1, L_000001ce641f53f0, L_000001ce64200e70, C4<1>, C4<1>;
L_000001ce641f6f80 .functor OR 1, L_000001ce641f6e30, L_000001ce641f6ea0, C4<0>, C4<0>;
L_000001ce641f6f10 .functor NOT 1, L_000001ce641f6f80, C4<0>, C4<0>, C4<0>;
L_000001ce641f6ff0 .functor AND 1, L_000001ce641f5380, L_000001ce641f6f10, C4<1>, C4<1>;
L_000001ce641f6ce0 .functor NOT 1, L_000001ce641f6f80, C4<0>, C4<0>, C4<0>;
L_000001ce641f68f0 .functor AND 1, L_000001ce641f53f0, L_000001ce641f6ce0, C4<1>, C4<1>;
L_000001ce641f6a40 .functor OR 1, L_000001ce641f5380, L_000001ce641f53f0, C4<0>, C4<0>;
L_000001ce641f6c70 .functor AND 4, L_000001ce64200dd0, v000001ce6414a670_0, C4<1111>, C4<1111>;
L_000001ce641f6ab0 .functor AND 32, L_000001ce64200b50, v000001ce6414aa30_0, C4<11111111111111111111111111111111>, C4<11111111111111111111111111111111>;
L_000001ce641f6d50 .functor NOT 1, L_000001ce641f6f80, C4<0>, C4<0>, C4<0>;
L_000001ce641f6960 .functor AND 1, L_000001ce641f5380, L_000001ce641f6d50, C4<1>, C4<1>;
L_000001ce641f6c00 .functor AND 32, L_000001ce64200830, v000001ce6414acb0_0, C4<11111111111111111111111111111111>, C4<11111111111111111111111111111111>;
v000001ce64147b50_0 .net "EffAddr", 31 0, v000001ce64187310_0;  1 drivers
v000001ce64148ff0_0 .net "Func3", 2 0, v000001ce641897f0_0;  1 drivers
v000001ce64149090_0 .net "LoadData", 31 0, L_000001ce641f6c00;  alias, 1 drivers
v000001ce64149450_0 .net "MemRead", 0 0, L_000001ce641f5380;  alias, 1 drivers
v000001ce641499f0_0 .net "MemWrite", 0 0, L_000001ce641f53f0;  alias, 1 drivers
v000001ce64149130_0 .net "MisalignTrap", 0 0, L_000001ce641f6f80;  alias, 1 drivers
v000001ce64147970_0 .net "StoreData", 31 0, L_000001ce641ff250;  alias, 1 drivers
v000001ce64147e70_0 .net *"_ivl_11", 1 0, L_000001ce641ffd90;  1 drivers
L_000001ce6419c6b0 .functor BUFT 1, C4<001>, C4<0>, C4<0>, C4<0>;
v000001ce641491d0_0 .net/2u *"_ivl_14", 2 0, L_000001ce6419c6b0;  1 drivers
v000001ce641485f0_0 .net *"_ivl_16", 0 0, L_000001ce641ffe30;  1 drivers
L_000001ce6419c6f8 .functor BUFT 1, C4<101>, C4<0>, C4<0>, C4<0>;
v000001ce64149a90_0 .net/2u *"_ivl_18", 2 0, L_000001ce6419c6f8;  1 drivers
v000001ce64149270_0 .net *"_ivl_20", 0 0, L_000001ce641ffed0;  1 drivers
v000001ce64147830_0 .net *"_ivl_22", 0 0, L_000001ce641f6b90;  1 drivers
L_000001ce6419c740 .functor BUFT 1, C4<010>, C4<0>, C4<0>, C4<0>;
v000001ce64149310_0 .net/2u *"_ivl_24", 2 0, L_000001ce6419c740;  1 drivers
v000001ce64148050_0 .net *"_ivl_26", 0 0, L_000001ce64200650;  1 drivers
L_000001ce6419c788 .functor BUFT 1, C4<0>, C4<0>, C4<0>, C4<0>;
v000001ce64149810_0 .net/2u *"_ivl_28", 0 0, L_000001ce6419c788;  1 drivers
v000001ce64147bf0_0 .net *"_ivl_3", 29 0, L_000001ce64200510;  1 drivers
v000001ce641498b0_0 .net *"_ivl_30", 0 0, L_000001ce641fe0d0;  1 drivers
v000001ce64149b30_0 .net *"_ivl_32", 0 0, L_000001ce641fe170;  1 drivers
L_000001ce6419c7d0 .functor BUFT 1, C4<001>, C4<0>, C4<0>, C4<0>;
v000001ce64147470_0 .net/2u *"_ivl_36", 2 0, L_000001ce6419c7d0;  1 drivers
v000001ce64147790_0 .net *"_ivl_38", 0 0, L_000001ce64200c90;  1 drivers
L_000001ce6419c668 .functor BUFT 1, C4<00>, C4<0>, C4<0>, C4<0>;
v000001ce641478d0_0 .net/2u *"_ivl_4", 1 0, L_000001ce6419c668;  1 drivers
L_000001ce6419c818 .functor BUFT 1, C4<010>, C4<0>, C4<0>, C4<0>;
v000001ce64147c90_0 .net/2u *"_ivl_40", 2 0, L_000001ce6419c818;  1 drivers
v000001ce64147d30_0 .net *"_ivl_42", 0 0, L_000001ce64200bf0;  1 drivers
L_000001ce6419c860 .functor BUFT 1, C4<0>, C4<0>, C4<0>, C4<0>;
v000001ce64147fb0_0 .net/2u *"_ivl_44", 0 0, L_000001ce6419c860;  1 drivers
v000001ce641480f0_0 .net *"_ivl_46", 0 0, L_000001ce64200d30;  1 drivers
v000001ce64148410_0 .net *"_ivl_48", 0 0, L_000001ce64200e70;  1 drivers
v000001ce64148910_0 .net *"_ivl_54", 0 0, L_000001ce641f6f10;  1 drivers
v000001ce64148690_0 .net *"_ivl_58", 0 0, L_000001ce641f6ce0;  1 drivers
v000001ce64148190_0 .net *"_ivl_62", 0 0, L_000001ce641f6a40;  1 drivers
v000001ce64148230_0 .net *"_ivl_64", 3 0, L_000001ce64200dd0;  1 drivers
v000001ce64148550_0 .net *"_ivl_68", 31 0, L_000001ce64200b50;  1 drivers
v000001ce64148730_0 .net *"_ivl_76", 0 0, L_000001ce641f6d50;  1 drivers
v000001ce641487d0_0 .net *"_ivl_78", 0 0, L_000001ce641f6960;  1 drivers
v000001ce64148870_0 .net *"_ivl_80", 31 0, L_000001ce64200830;  1 drivers
v000001ce6414a210_0 .net "byte_offset", 1 0, L_000001ce641ff2f0;  1 drivers
v000001ce6414ad50_0 .net "i_dmem_rdata", 31 0, L_000001ce64217320;  alias, 1 drivers
v000001ce6414acb0_0 .var "loaddata_dec", 31 0;
v000001ce6414a670_0 .var "mask_dec", 3 0;
v000001ce6414a3f0_0 .net "misalign_half", 0 0, L_000001ce641ff9d0;  1 drivers
v000001ce6414a8f0_0 .net "misalign_load", 0 0, L_000001ce641f6e30;  1 drivers
v000001ce6414ae90_0 .net "misalign_store", 0 0, L_000001ce641f6ea0;  1 drivers
v000001ce6414a990_0 .net "misalign_word", 0 0, L_000001ce641ffbb0;  1 drivers
v000001ce64149db0_0 .net "o_dmem_addr", 31 0, L_000001ce641ff930;  alias, 1 drivers
v000001ce6414adf0_0 .net "o_dmem_mask", 3 0, L_000001ce641f6c70;  alias, 1 drivers
v000001ce6414b070_0 .net "o_dmem_ren", 0 0, L_000001ce641f6ff0;  alias, 1 drivers
v000001ce6414af30_0 .net "o_dmem_wdata", 31 0, L_000001ce641f6ab0;  alias, 1 drivers
v000001ce64149ef0_0 .net "o_dmem_wen", 0 0, L_000001ce641f68f0;  alias, 1 drivers
v000001ce64149e50_0 .net "rbyte", 7 0, L_000001ce64200f10;  1 drivers
v000001ce6414afd0_0 .var "rdata_shifted", 31 0;
v000001ce6414a850_0 .net "rhalf", 15 0, L_000001ce642008d0;  1 drivers
v000001ce64149c70_0 .var "sb_data", 31 0;
v000001ce6414b2f0_0 .var "sh_data", 31 0;
v000001ce6414aa30_0 .var "store_data_dec", 31 0;
E_000001ce640cf0a0 .event anyedge, v000001ce64148ff0_0, v000001ce64149e50_0, v000001ce6414a850_0, v000001ce6414afd0_0;
E_000001ce640cf760 .event anyedge, v000001ce6414a210_0, v000001ce6414ad50_0;
E_000001ce640cf4e0 .event anyedge, v000001ce64148ff0_0, v000001ce64149c70_0, v000001ce6414b2f0_0, v000001ce64147970_0;
E_000001ce640cf7a0 .event anyedge, v000001ce6414a210_0, v000001ce64147970_0;
E_000001ce640cf320 .event anyedge, v000001ce64148ff0_0, v000001ce6414a210_0;
L_000001ce641ff2f0 .part v000001ce64187310_0, 0, 2;
L_000001ce64200510 .part v000001ce64187310_0, 2, 30;
L_000001ce641ff930 .concat [ 2 30 0 0], L_000001ce6419c668, L_000001ce64200510;
L_000001ce641ff9d0 .part v000001ce64187310_0, 0, 1;
L_000001ce641ffd90 .part v000001ce64187310_0, 0, 2;
L_000001ce641ffbb0 .reduce/or L_000001ce641ffd90;
L_000001ce641ffe30 .cmp/eq 3, v000001ce641897f0_0, L_000001ce6419c6b0;
L_000001ce641ffed0 .cmp/eq 3, v000001ce641897f0_0, L_000001ce6419c6f8;
L_000001ce64200650 .cmp/eq 3, v000001ce641897f0_0, L_000001ce6419c740;
L_000001ce641fe0d0 .functor MUXZ 1, L_000001ce6419c788, L_000001ce641ffbb0, L_000001ce64200650, C4<>;
L_000001ce641fe170 .functor MUXZ 1, L_000001ce641fe0d0, L_000001ce641ff9d0, L_000001ce641f6b90, C4<>;
L_000001ce64200c90 .cmp/eq 3, v000001ce641897f0_0, L_000001ce6419c7d0;
L_000001ce64200bf0 .cmp/eq 3, v000001ce641897f0_0, L_000001ce6419c818;
L_000001ce64200d30 .functor MUXZ 1, L_000001ce6419c860, L_000001ce641ffbb0, L_000001ce64200bf0, C4<>;
L_000001ce64200e70 .functor MUXZ 1, L_000001ce64200d30, L_000001ce641ff9d0, L_000001ce64200c90, C4<>;
L_000001ce64200dd0 .concat [ 1 1 1 1], L_000001ce641f6a40, L_000001ce641f6a40, L_000001ce641f6a40, L_000001ce641f6a40;
LS_000001ce64200b50_0_0 .concat [ 1 1 1 1], L_000001ce641f53f0, L_000001ce641f53f0, L_000001ce641f53f0, L_000001ce641f53f0;
LS_000001ce64200b50_0_4 .concat [ 1 1 1 1], L_000001ce641f53f0, L_000001ce641f53f0, L_000001ce641f53f0, L_000001ce641f53f0;
LS_000001ce64200b50_0_8 .concat [ 1 1 1 1], L_000001ce641f53f0, L_000001ce641f53f0, L_000001ce641f53f0, L_000001ce641f53f0;
LS_000001ce64200b50_0_12 .concat [ 1 1 1 1], L_000001ce641f53f0, L_000001ce641f53f0, L_000001ce641f53f0, L_000001ce641f53f0;
LS_000001ce64200b50_0_16 .concat [ 1 1 1 1], L_000001ce641f53f0, L_000001ce641f53f0, L_000001ce641f53f0, L_000001ce641f53f0;
LS_000001ce64200b50_0_20 .concat [ 1 1 1 1], L_000001ce641f53f0, L_000001ce641f53f0, L_000001ce641f53f0, L_000001ce641f53f0;
LS_000001ce64200b50_0_24 .concat [ 1 1 1 1], L_000001ce641f53f0, L_000001ce641f53f0, L_000001ce641f53f0, L_000001ce641f53f0;
LS_000001ce64200b50_0_28 .concat [ 1 1 1 1], L_000001ce641f53f0, L_000001ce641f53f0, L_000001ce641f53f0, L_000001ce641f53f0;
LS_000001ce64200b50_1_0 .concat [ 4 4 4 4], LS_000001ce64200b50_0_0, LS_000001ce64200b50_0_4, LS_000001ce64200b50_0_8, LS_000001ce64200b50_0_12;
LS_000001ce64200b50_1_4 .concat [ 4 4 4 4], LS_000001ce64200b50_0_16, LS_000001ce64200b50_0_20, LS_000001ce64200b50_0_24, LS_000001ce64200b50_0_28;
L_000001ce64200b50 .concat [ 16 16 0 0], LS_000001ce64200b50_1_0, LS_000001ce64200b50_1_4;
L_000001ce64200f10 .part v000001ce6414afd0_0, 0, 8;
L_000001ce642008d0 .part v000001ce6414afd0_0, 0, 16;
LS_000001ce64200830_0_0 .concat [ 1 1 1 1], L_000001ce641f6960, L_000001ce641f6960, L_000001ce641f6960, L_000001ce641f6960;
LS_000001ce64200830_0_4 .concat [ 1 1 1 1], L_000001ce641f6960, L_000001ce641f6960, L_000001ce641f6960, L_000001ce641f6960;
LS_000001ce64200830_0_8 .concat [ 1 1 1 1], L_000001ce641f6960, L_000001ce641f6960, L_000001ce641f6960, L_000001ce641f6960;
LS_000001ce64200830_0_12 .concat [ 1 1 1 1], L_000001ce641f6960, L_000001ce641f6960, L_000001ce641f6960, L_000001ce641f6960;
LS_000001ce64200830_0_16 .concat [ 1 1 1 1], L_000001ce641f6960, L_000001ce641f6960, L_000001ce641f6960, L_000001ce641f6960;
LS_000001ce64200830_0_20 .concat [ 1 1 1 1], L_000001ce641f6960, L_000001ce641f6960, L_000001ce641f6960, L_000001ce641f6960;
LS_000001ce64200830_0_24 .concat [ 1 1 1 1], L_000001ce641f6960, L_000001ce641f6960, L_000001ce641f6960, L_000001ce641f6960;
LS_000001ce64200830_0_28 .concat [ 1 1 1 1], L_000001ce641f6960, L_000001ce641f6960, L_000001ce641f6960, L_000001ce641f6960;
LS_000001ce64200830_1_0 .concat [ 4 4 4 4], LS_000001ce64200830_0_0, LS_000001ce64200830_0_4, LS_000001ce64200830_0_8, LS_000001ce64200830_0_12;
LS_000001ce64200830_1_4 .concat [ 4 4 4 4], LS_000001ce64200830_0_16, LS_000001ce64200830_0_20, LS_000001ce64200830_0_24, LS_000001ce64200830_0_28;
L_000001ce64200830 .concat [ 16 16 0 0], LS_000001ce64200830_1_0, LS_000001ce64200830_1_4;
S_000001ce63a36460 .scope module, "u_writeback" "writeback" 3 760, 11 1 0, S_000001ce64115da0;
 .timescale -9 -12;
    .port_info 0 /INPUT 32 "AluResult";
    .port_info 1 /INPUT 32 "LoadData";
    .port_info 2 /INPUT 32 "pc_plus4";
    .port_info 3 /INPUT 32 "Offset";
    .port_info 4 /INPUT 1 "MemToReg";
    .port_info 5 /INPUT 1 "lui";
    .port_info 6 /INPUT 1 "Jump";
    .port_info 7 /OUTPUT 32 "WriteData";
v000001ce6414b1b0_0 .net "AluResult", 31 0, v000001ce6418f430_0;  1 drivers
v000001ce6414b250_0 .net "Jump", 0 0, v000001ce6418f250_0;  1 drivers
v000001ce6414a710_0 .net "LoadData", 31 0, v000001ce6418f930_0;  1 drivers
v000001ce64149f90_0 .net "MemToReg", 0 0, v000001ce6418ecb0_0;  1 drivers
v000001ce6414a030_0 .net "Offset", 31 0, v000001ce6418ef30_0;  1 drivers
v000001ce6414a490_0 .net "WriteData", 31 0, L_000001ce641fa6b0;  alias, 1 drivers
v000001ce6414b110_0 .net *"_ivl_0", 31 0, L_000001ce641f9ad0;  1 drivers
v000001ce6414a0d0_0 .net *"_ivl_2", 31 0, L_000001ce641fb6f0;  1 drivers
v000001ce64149d10_0 .net "lui", 0 0, v000001ce6418e990_0;  1 drivers
v000001ce6414a170_0 .net "pc_plus4", 31 0, v000001ce6418e3f0_0;  1 drivers
L_000001ce641f9ad0 .functor MUXZ 32, v000001ce6418f430_0, v000001ce6418f930_0, v000001ce6418ecb0_0, C4<>;
L_000001ce641fb6f0 .functor MUXZ 32, L_000001ce641f9ad0, v000001ce6418ef30_0, v000001ce6418e990_0, C4<>;
L_000001ce641fa6b0 .functor MUXZ 32, L_000001ce641fb6f0, v000001ce6418e3f0_0, v000001ce6418f250_0, C4<>;
S_000001ce63a365f0 .scope module, "u_dmem" "tb_memory" 2 94, 12 8 0, S_000001ce64114440;
 .timescale -9 -12;
    .port_info 0 /INPUT 1 "i_clk";
    .port_info 1 /INPUT 1 "i_rst";
    .port_info 2 /OUTPUT 1 "o_ready";
    .port_info 3 /INPUT 32 "i_addr";
    .port_info 4 /INPUT 1 "i_ren";
    .port_info 5 /INPUT 1 "i_wen";
    .port_info 6 /INPUT 4 "i_mask";
    .port_info 7 /INPUT 32 "i_wdata";
    .port_info 8 /OUTPUT 1 "o_valid";
    .port_info 9 /OUTPUT 32 "o_addr";
    .port_info 10 /OUTPUT 1 "o_wdone";
    .port_info 11 /OUTPUT 32 "o_rdata";
P_000001ce64115f30 .param/l "INTERVAL" 0 12 14, +C4<00000000000000000000000000000010>;
P_000001ce64115f68 .param/l "INTERVAL_W" 1 12 57, +C4<00000000000000000000000000000001>;
P_000001ce64115fa0 .param/l "LATENCY" 0 12 12, +C4<00000000000000000000000000000100>;
P_000001ce64115fd8 .param/l "SIZE" 0 12 10, +C4<00000000000000000000010000000000>;
L_000001ce64217550 .functor NOT 1, v000001ce64195b40_0, C4<0>, C4<0>, C4<0>;
L_000001ce64217160 .functor AND 1, L_000001ce64217550, L_000001ce641fb290, C4<1>, C4<1>;
v000001ce641923b0_2 .array/port v000001ce641923b0, 2;
L_000001ce64217710 .functor BUFZ 32, v000001ce641923b0_2, C4<00000000000000000000000000000000>, C4<00000000000000000000000000000000>, C4<00000000000000000000000000000000>;
v000001ce64192ef0_2 .array/port v000001ce64192ef0, 2;
L_000001ce642170f0 .functor BUFZ 4, v000001ce64192ef0_2, C4<0000>, C4<0000>, C4<0000>;
v000001ce64193d40_2 .array/port v000001ce64193d40, 2;
L_000001ce642171d0 .functor BUFZ 32, v000001ce64193d40_2, C4<00000000000000000000000000000000>, C4<00000000000000000000000000000000>, C4<00000000000000000000000000000000>;
v000001ce641923b0_3 .array/port v000001ce641923b0, 3;
L_000001ce64217240 .functor BUFZ 32, v000001ce641923b0_3, C4<00000000000000000000000000000000>, C4<00000000000000000000000000000000>, C4<00000000000000000000000000000000>;
v000001ce64195460_3 .array/port v000001ce64195460, 3;
L_000001ce642172b0 .functor BUFZ 1, v000001ce64195460_3, C4<0>, C4<0>, C4<0>;
v000001ce641955a0_2 .array/port v000001ce641955a0, 2;
L_000001ce642176a0 .functor BUFZ 1, v000001ce641955a0_2, C4<0>, C4<0>, C4<0>;
L_000001ce64217320 .functor BUFZ 32, L_000001ce641f9f30, C4<00000000000000000000000000000000>, C4<00000000000000000000000000000000>, C4<00000000000000000000000000000000>;
L_000001ce64217400 .functor BUFZ 32, L_000001ce64217240, C4<00000000000000000000000000000000>, C4<00000000000000000000000000000000>, C4<00000000000000000000000000000000>;
L_000001ce64217390 .functor BUFZ 1, L_000001ce642172b0, C4<0>, C4<0>, C4<0>;
L_000001ce64217470 .functor BUFZ 1, L_000001ce642176a0, C4<0>, C4<0>, C4<0>;
L_000001ce642174e0 .functor BUFZ 1, L_000001ce64217160, C4<0>, C4<0>, C4<0>;
v000001ce641903d0_0 .net *"_ivl_0", 0 0, L_000001ce64217550;  1 drivers
v000001ce64192270_0 .net *"_ivl_2", 31 0, L_000001ce641fa750;  1 drivers
v000001ce64192130_0 .net *"_ivl_32", 7 0, L_000001ce641f9b70;  1 drivers
L_000001ce6419d358 .functor BUFT 1, C4<00000000000000000000000000000011>, C4<0>, C4<0>, C4<0>;
v000001ce64191870_0 .net/2u *"_ivl_34", 31 0, L_000001ce6419d358;  1 drivers
v000001ce64192310_0 .net *"_ivl_36", 31 0, L_000001ce641f9c10;  1 drivers
v000001ce641919b0_0 .net *"_ivl_38", 7 0, L_000001ce641f9cb0;  1 drivers
L_000001ce6419d3a0 .functor BUFT 1, C4<00000000000000000000000000000010>, C4<0>, C4<0>, C4<0>;
v000001ce641901f0_0 .net/2u *"_ivl_40", 31 0, L_000001ce6419d3a0;  1 drivers
v000001ce64192630_0 .net *"_ivl_42", 31 0, L_000001ce641f9170;  1 drivers
v000001ce64191a50_0 .net *"_ivl_44", 7 0, L_000001ce641fb470;  1 drivers
L_000001ce6419d3e8 .functor BUFT 1, C4<00000000000000000000000000000001>, C4<0>, C4<0>, C4<0>;
v000001ce64190dd0_0 .net/2u *"_ivl_46", 31 0, L_000001ce6419d3e8;  1 drivers
v000001ce641921d0_0 .net *"_ivl_48", 31 0, L_000001ce641f9d50;  1 drivers
L_000001ce6419d2c8 .functor BUFT 1, C4<0000000000000000000000000000000>, C4<0>, C4<0>, C4<0>;
v000001ce64191b90_0 .net *"_ivl_5", 30 0, L_000001ce6419d2c8;  1 drivers
v000001ce64190970_0 .net *"_ivl_50", 7 0, L_000001ce641f9e90;  1 drivers
L_000001ce6419d430 .functor BUFT 1, C4<00000000000000000000000000000000>, C4<0>, C4<0>, C4<0>;
v000001ce64190a10_0 .net/2u *"_ivl_52", 31 0, L_000001ce6419d430;  1 drivers
v000001ce64190ab0_0 .net *"_ivl_54", 31 0, L_000001ce641f9210;  1 drivers
L_000001ce6419d310 .functor BUFT 1, C4<00000000000000000000000000000000>, C4<0>, C4<0>, C4<0>;
v000001ce64190e70_0 .net/2u *"_ivl_6", 31 0, L_000001ce6419d310;  1 drivers
v000001ce64190f10_0 .net *"_ivl_8", 0 0, L_000001ce641fb290;  1 drivers
v000001ce641923b0 .array "addrs", 3 0, 31 0;
v000001ce64191050_0 .net "i_addr", 31 0, L_000001ce64215480;  alias, 1 drivers
v000001ce641924f0_0 .net "i_clk", 0 0, v000001ce64193fc0_0;  alias, 1 drivers
v000001ce64192590_0 .net "i_mask", 3 0, L_000001ce64215560;  alias, 1 drivers
v000001ce641910f0_0 .net "i_ren", 0 0, L_000001ce642159c0;  alias, 1 drivers
v000001ce64192e50_0 .net "i_rst", 0 0, v000001ce64195b40_0;  alias, 1 drivers
v000001ce64192b30_0 .net "i_wdata", 31 0, L_000001ce64216980;  alias, 1 drivers
v000001ce64192db0_0 .net "i_wen", 0 0, L_000001ce64216600;  alias, 1 drivers
v000001ce64192a90_0 .var "interval_counter", 0 0;
v000001ce64192bd0_0 .var/i "j", 31 0;
v000001ce641929f0_0 .net "mask", 3 0, L_000001ce642170f0;  1 drivers
v000001ce64192ef0 .array "masks", 3 0, 3 0;
v000001ce64192c70 .array "mem", 1023 0, 7 0;
v000001ce64192d10_0 .net "o_addr", 31 0, L_000001ce64217400;  1 drivers
v000001ce641928b0_0 .net "o_rdata", 31 0, L_000001ce64217320;  alias, 1 drivers
v000001ce64192f90_0 .net "o_ready", 0 0, L_000001ce642174e0;  alias, 1 drivers
v000001ce64192950_0 .net "o_valid", 0 0, L_000001ce64217390;  alias, 1 drivers
v000001ce64193980_0 .net "o_wdone", 0 0, L_000001ce64217470;  alias, 1 drivers
v000001ce64194740_0 .net "raddr", 31 0, v000001ce641923b0_3;  1 drivers
v000001ce64193e80_0 .net "ready", 0 0, L_000001ce64217160;  1 drivers
v000001ce641933e0_0 .net "ren", 0 0, v000001ce64195460_3;  1 drivers
v000001ce64195460 .array "rens", 3 0, 0 0;
v000001ce64194b00_0 .net "res_addr", 31 0, L_000001ce64217240;  1 drivers
v000001ce64193a20_0 .net "res_rdata", 31 0, L_000001ce641f9f30;  1 drivers
v000001ce64193660_0 .net "res_valid", 0 0, L_000001ce642172b0;  1 drivers
v000001ce64194e20_0 .net "res_wdone", 0 0, L_000001ce642176a0;  1 drivers
v000001ce64195820_0 .net "waddr", 31 0, L_000001ce64217710;  1 drivers
v000001ce641930c0_0 .net "wdata", 31 0, L_000001ce642171d0;  1 drivers
v000001ce64193d40 .array "wdatas", 3 0, 31 0;
v000001ce64195000_0 .net "wen", 0 0, v000001ce641955a0_2;  1 drivers
v000001ce641955a0 .array "wens", 3 0, 0 0;
L_000001ce641fa750 .concat [ 1 31 0 0], v000001ce64192a90_0, L_000001ce6419d2c8;
L_000001ce641fb290 .cmp/eq 32, L_000001ce641fa750, L_000001ce6419d310;
L_000001ce641f9b70 .array/port v000001ce64192c70, L_000001ce641f9c10;
L_000001ce641f9c10 .arith/sum 32, v000001ce641923b0_3, L_000001ce6419d358;
L_000001ce641f9cb0 .array/port v000001ce64192c70, L_000001ce641f9170;
L_000001ce641f9170 .arith/sum 32, v000001ce641923b0_3, L_000001ce6419d3a0;
L_000001ce641fb470 .array/port v000001ce64192c70, L_000001ce641f9d50;
L_000001ce641f9d50 .arith/sum 32, v000001ce641923b0_3, L_000001ce6419d3e8;
L_000001ce641f9e90 .array/port v000001ce64192c70, L_000001ce641f9210;
L_000001ce641f9210 .arith/sum 32, v000001ce641923b0_3, L_000001ce6419d430;
L_000001ce641f9f30 .concat [ 8 8 8 8], L_000001ce641f9e90, L_000001ce641fb470, L_000001ce641f9cb0, L_000001ce641f9b70;
S_000001ce63c0eb30 .scope generate, "genblk1[1]" "genblk1[1]" 12 110, 12 110 0, S_000001ce63a365f0;
 .timescale -9 -12;
P_000001ce640cf7e0 .param/l "i" 0 12 110, +C4<01>;
S_000001ce63c0ecc0 .scope generate, "genblk1[2]" "genblk1[2]" 12 110, 12 110 0, S_000001ce63a365f0;
 .timescale -9 -12;
P_000001ce640cf6a0 .param/l "i" 0 12 110, +C4<010>;
S_000001ce64116a60 .scope generate, "genblk1[3]" "genblk1[3]" 12 110, 12 110 0, S_000001ce63a365f0;
 .timescale -9 -12;
P_000001ce640cfbe0 .param/l "i" 0 12 110, +C4<011>;
S_000001ce63f7c6c0 .scope module, "u_imem" "tb_memory" 2 75, 12 8 0, S_000001ce64114440;
 .timescale -9 -12;
    .port_info 0 /INPUT 1 "i_clk";
    .port_info 1 /INPUT 1 "i_rst";
    .port_info 2 /OUTPUT 1 "o_ready";
    .port_info 3 /INPUT 32 "i_addr";
    .port_info 4 /INPUT 1 "i_ren";
    .port_info 5 /INPUT 1 "i_wen";
    .port_info 6 /INPUT 4 "i_mask";
    .port_info 7 /INPUT 32 "i_wdata";
    .port_info 8 /OUTPUT 1 "o_valid";
    .port_info 9 /OUTPUT 32 "o_addr";
    .port_info 10 /OUTPUT 1 "o_wdone";
    .port_info 11 /OUTPUT 32 "o_rdata";
P_000001ce6410b850 .param/l "INTERVAL" 0 12 14, +C4<00000000000000000000000000000010>;
P_000001ce6410b888 .param/l "INTERVAL_W" 1 12 57, +C4<00000000000000000000000000000001>;
P_000001ce6410b8c0 .param/l "LATENCY" 0 12 12, +C4<00000000000000000000000000000100>;
P_000001ce6410b8f8 .param/l "SIZE" 0 12 10, +C4<00000000000000000000010000000000>;
L_000001ce64216670 .functor NOT 1, v000001ce64195b40_0, C4<0>, C4<0>, C4<0>;
L_000001ce64215c60 .functor AND 1, L_000001ce64216670, L_000001ce641f9490, C4<1>, C4<1>;
v000001ce64193480_2 .array/port v000001ce64193480, 2;
L_000001ce64215d40 .functor BUFZ 32, v000001ce64193480_2, C4<00000000000000000000000000000000>, C4<00000000000000000000000000000000>, C4<00000000000000000000000000000000>;
v000001ce641946a0_2 .array/port v000001ce641946a0, 2;
L_000001ce642166e0 .functor BUFZ 4, v000001ce641946a0_2, C4<0000>, C4<0000>, C4<0000>;
v000001ce64195320_2 .array/port v000001ce64195320, 2;
L_000001ce64215f70 .functor BUFZ 32, v000001ce64195320_2, C4<00000000000000000000000000000000>, C4<00000000000000000000000000000000>, C4<00000000000000000000000000000000>;
v000001ce64193480_3 .array/port v000001ce64193480, 3;
L_000001ce64215e20 .functor BUFZ 32, v000001ce64193480_3, C4<00000000000000000000000000000000>, C4<00000000000000000000000000000000>, C4<00000000000000000000000000000000>;
v000001ce64194ba0_3 .array/port v000001ce64194ba0, 3;
L_000001ce64216bb0 .functor BUFZ 1, v000001ce64194ba0_3, C4<0>, C4<0>, C4<0>;
v000001ce64193340_2 .array/port v000001ce64193340, 2;
L_000001ce64216750 .functor BUFZ 1, v000001ce64193340_2, C4<0>, C4<0>, C4<0>;
L_000001ce64215e90 .functor BUFZ 32, L_000001ce641f90d0, C4<00000000000000000000000000000000>, C4<00000000000000000000000000000000>, C4<00000000000000000000000000000000>;
L_000001ce642160c0 .functor BUFZ 32, L_000001ce64215e20, C4<00000000000000000000000000000000>, C4<00000000000000000000000000000000>, C4<00000000000000000000000000000000>;
L_000001ce64215fe0 .functor BUFZ 1, L_000001ce64216bb0, C4<0>, C4<0>, C4<0>;
L_000001ce64216830 .functor BUFZ 1, L_000001ce64216750, C4<0>, C4<0>, C4<0>;
L_000001ce642175c0 .functor BUFZ 1, L_000001ce64215c60, C4<0>, C4<0>, C4<0>;
v000001ce64193ac0_0 .net *"_ivl_0", 0 0, L_000001ce64216670;  1 drivers
v000001ce641953c0_0 .net *"_ivl_2", 31 0, L_000001ce641fb3d0;  1 drivers
v000001ce64194560_0 .net *"_ivl_32", 7 0, L_000001ce641fa610;  1 drivers
L_000001ce6419d0d0 .functor BUFT 1, C4<00000000000000000000000000000011>, C4<0>, C4<0>, C4<0>;
v000001ce64194ce0_0 .net/2u *"_ivl_34", 31 0, L_000001ce6419d0d0;  1 drivers
v000001ce64194420_0 .net *"_ivl_36", 31 0, L_000001ce641f9990;  1 drivers
v000001ce64194100_0 .net *"_ivl_38", 7 0, L_000001ce641fb790;  1 drivers
L_000001ce6419d118 .functor BUFT 1, C4<00000000000000000000000000000010>, C4<0>, C4<0>, C4<0>;
v000001ce64195500_0 .net/2u *"_ivl_40", 31 0, L_000001ce6419d118;  1 drivers
v000001ce641950a0_0 .net *"_ivl_42", 31 0, L_000001ce641f9530;  1 drivers
v000001ce641942e0_0 .net *"_ivl_44", 7 0, L_000001ce641faa70;  1 drivers
L_000001ce6419d160 .functor BUFT 1, C4<00000000000000000000000000000001>, C4<0>, C4<0>, C4<0>;
v000001ce64193b60_0 .net/2u *"_ivl_46", 31 0, L_000001ce6419d160;  1 drivers
v000001ce64194ec0_0 .net *"_ivl_48", 31 0, L_000001ce641f9850;  1 drivers
L_000001ce6419d040 .functor BUFT 1, C4<0000000000000000000000000000000>, C4<0>, C4<0>, C4<0>;
v000001ce64195640_0 .net *"_ivl_5", 30 0, L_000001ce6419d040;  1 drivers
v000001ce641956e0_0 .net *"_ivl_50", 7 0, L_000001ce641fa9d0;  1 drivers
L_000001ce6419d1a8 .functor BUFT 1, C4<00000000000000000000000000000000>, C4<0>, C4<0>, C4<0>;
v000001ce64193700_0 .net/2u *"_ivl_52", 31 0, L_000001ce6419d1a8;  1 drivers
v000001ce64194880_0 .net *"_ivl_54", 31 0, L_000001ce641fb1f0;  1 drivers
L_000001ce6419d088 .functor BUFT 1, C4<00000000000000000000000000000000>, C4<0>, C4<0>, C4<0>;
v000001ce641947e0_0 .net/2u *"_ivl_6", 31 0, L_000001ce6419d088;  1 drivers
v000001ce64193840_0 .net *"_ivl_8", 0 0, L_000001ce641f9490;  1 drivers
v000001ce64193480 .array "addrs", 3 0, 31 0;
v000001ce641935c0_0 .net "i_addr", 31 0, L_000001ce6407e680;  alias, 1 drivers
v000001ce641937a0_0 .net "i_clk", 0 0, v000001ce64193fc0_0;  alias, 1 drivers
L_000001ce6419d238 .functor BUFT 1, C4<1111>, C4<0>, C4<0>, C4<0>;
v000001ce64193c00_0 .net "i_mask", 3 0, L_000001ce6419d238;  1 drivers
v000001ce64195780_0 .net "i_ren", 0 0, L_000001ce6407e1b0;  alias, 1 drivers
v000001ce64193f20_0 .net "i_rst", 0 0, v000001ce64195b40_0;  alias, 1 drivers
L_000001ce6419d280 .functor BUFT 1, C4<00000000000000000000000000000000>, C4<0>, C4<0>, C4<0>;
v000001ce64194600_0 .net "i_wdata", 31 0, L_000001ce6419d280;  1 drivers
L_000001ce6419d1f0 .functor BUFT 1, C4<0>, C4<0>, C4<0>, C4<0>;
v000001ce64195140_0 .net "i_wen", 0 0, L_000001ce6419d1f0;  1 drivers
v000001ce64194d80_0 .var "interval_counter", 0 0;
v000001ce641944c0_0 .var/i "j", 31 0;
v000001ce641941a0_0 .net "mask", 3 0, L_000001ce642166e0;  1 drivers
v000001ce641946a0 .array "masks", 3 0, 3 0;
v000001ce64194380 .array "mem", 1023 0, 7 0;
v000001ce64194920_0 .net "o_addr", 31 0, L_000001ce642160c0;  1 drivers
v000001ce64193de0_0 .net "o_rdata", 31 0, L_000001ce64215e90;  alias, 1 drivers
v000001ce641949c0_0 .net "o_ready", 0 0, L_000001ce642175c0;  alias, 1 drivers
v000001ce64194f60_0 .net "o_valid", 0 0, L_000001ce64215fe0;  alias, 1 drivers
v000001ce64193160_0 .net "o_wdone", 0 0, L_000001ce64216830;  1 drivers
v000001ce641938e0_0 .net "raddr", 31 0, v000001ce64193480_3;  1 drivers
v000001ce64194240_0 .net "ready", 0 0, L_000001ce64215c60;  1 drivers
v000001ce64194a60_0 .net "ren", 0 0, v000001ce64194ba0_3;  1 drivers
v000001ce64194ba0 .array "rens", 3 0, 0 0;
v000001ce641951e0_0 .net "res_addr", 31 0, L_000001ce64215e20;  1 drivers
v000001ce64193200_0 .net "res_rdata", 31 0, L_000001ce641f90d0;  1 drivers
v000001ce64194c40_0 .net "res_valid", 0 0, L_000001ce64216bb0;  1 drivers
v000001ce64193520_0 .net "res_wdone", 0 0, L_000001ce64216750;  1 drivers
v000001ce64193ca0_0 .net "waddr", 31 0, L_000001ce64215d40;  1 drivers
v000001ce64195280_0 .net "wdata", 31 0, L_000001ce64215f70;  1 drivers
v000001ce64195320 .array "wdatas", 3 0, 31 0;
v000001ce641932a0_0 .net "wen", 0 0, v000001ce64193340_2;  1 drivers
v000001ce64193340 .array "wens", 3 0, 0 0;
L_000001ce641fb3d0 .concat [ 1 31 0 0], v000001ce64194d80_0, L_000001ce6419d040;
L_000001ce641f9490 .cmp/eq 32, L_000001ce641fb3d0, L_000001ce6419d088;
L_000001ce641fa610 .array/port v000001ce64194380, L_000001ce641f9990;
L_000001ce641f9990 .arith/sum 32, v000001ce64193480_3, L_000001ce6419d0d0;
L_000001ce641fb790 .array/port v000001ce64194380, L_000001ce641f9530;
L_000001ce641f9530 .arith/sum 32, v000001ce64193480_3, L_000001ce6419d118;
L_000001ce641faa70 .array/port v000001ce64194380, L_000001ce641f9850;
L_000001ce641f9850 .arith/sum 32, v000001ce64193480_3, L_000001ce6419d160;
L_000001ce641fa9d0 .array/port v000001ce64194380, L_000001ce641fb1f0;
L_000001ce641fb1f0 .arith/sum 32, v000001ce64193480_3, L_000001ce6419d1a8;
L_000001ce641f90d0 .concat [ 8 8 8 8], L_000001ce641fa9d0, L_000001ce641faa70, L_000001ce641fb790, L_000001ce641fa610;
S_000001ce63f7c850 .scope generate, "genblk1[1]" "genblk1[1]" 12 110, 12 110 0, S_000001ce63f7c6c0;
 .timescale -9 -12;
P_000001ce640cf8a0 .param/l "i" 0 12 110, +C4<01>;
S_000001ce63f7c9e0 .scope generate, "genblk1[2]" "genblk1[2]" 12 110, 12 110 0, S_000001ce63f7c6c0;
 .timescale -9 -12;
P_000001ce640cf820 .param/l "i" 0 12 110, +C4<010>;
S_000001ce6414b470 .scope generate, "genblk1[3]" "genblk1[3]" 12 110, 12 110 0, S_000001ce63f7c6c0;
 .timescale -9 -12;
P_000001ce640cfe60 .param/l "i" 0 12 110, +C4<011>;
    .scope S_000001ce63fb7270;
T_0 ;
    %wait E_000001ce640cf6e0;
    %load/vec4 v000001ce640eea00_0;
    %flag_set/vec4 8;
    %jmp/0xz  T_0.0, 8;
    %pushi/vec4 0, 0, 32;
    %ix/load 3, 0, 0;
    %flag_set/imm 4, 0;
    %ix/load 4, 0, 0; Constant delay
    %assign/vec4/a/d v000001ce640eeaa0, 0, 4;
    %pushi/vec4 0, 0, 32;
    %ix/load 3, 1, 0;
    %flag_set/imm 4, 0;
    %ix/load 4, 0, 0; Constant delay
    %assign/vec4/a/d v000001ce640eeaa0, 0, 4;
    %pushi/vec4 0, 0, 32;
    %ix/load 3, 2, 0;
    %flag_set/imm 4, 0;
    %ix/load 4, 0, 0; Constant delay
    %assign/vec4/a/d v000001ce640eeaa0, 0, 4;
    %pushi/vec4 0, 0, 32;
    %ix/load 3, 3, 0;
    %flag_set/imm 4, 0;
    %ix/load 4, 0, 0; Constant delay
    %assign/vec4/a/d v000001ce640eeaa0, 0, 4;
    %pushi/vec4 0, 0, 32;
    %ix/load 3, 4, 0;
    %flag_set/imm 4, 0;
    %ix/load 4, 0, 0; Constant delay
    %assign/vec4/a/d v000001ce640eeaa0, 0, 4;
    %pushi/vec4 0, 0, 32;
    %ix/load 3, 5, 0;
    %flag_set/imm 4, 0;
    %ix/load 4, 0, 0; Constant delay
    %assign/vec4/a/d v000001ce640eeaa0, 0, 4;
    %pushi/vec4 0, 0, 32;
    %ix/load 3, 6, 0;
    %flag_set/imm 4, 0;
    %ix/load 4, 0, 0; Constant delay
    %assign/vec4/a/d v000001ce640eeaa0, 0, 4;
    %pushi/vec4 0, 0, 32;
    %ix/load 3, 7, 0;
    %flag_set/imm 4, 0;
    %ix/load 4, 0, 0; Constant delay
    %assign/vec4/a/d v000001ce640eeaa0, 0, 4;
    %pushi/vec4 0, 0, 32;
    %ix/load 3, 8, 0;
    %flag_set/imm 4, 0;
    %ix/load 4, 0, 0; Constant delay
    %assign/vec4/a/d v000001ce640eeaa0, 0, 4;
    %pushi/vec4 0, 0, 32;
    %ix/load 3, 9, 0;
    %flag_set/imm 4, 0;
    %ix/load 4, 0, 0; Constant delay
    %assign/vec4/a/d v000001ce640eeaa0, 0, 4;
    %pushi/vec4 0, 0, 32;
    %ix/load 3, 10, 0;
    %flag_set/imm 4, 0;
    %ix/load 4, 0, 0; Constant delay
    %assign/vec4/a/d v000001ce640eeaa0, 0, 4;
    %pushi/vec4 0, 0, 32;
    %ix/load 3, 11, 0;
    %flag_set/imm 4, 0;
    %ix/load 4, 0, 0; Constant delay
    %assign/vec4/a/d v000001ce640eeaa0, 0, 4;
    %pushi/vec4 0, 0, 32;
    %ix/load 3, 12, 0;
    %flag_set/imm 4, 0;
    %ix/load 4, 0, 0; Constant delay
    %assign/vec4/a/d v000001ce640eeaa0, 0, 4;
    %pushi/vec4 0, 0, 32;
    %ix/load 3, 13, 0;
    %flag_set/imm 4, 0;
    %ix/load 4, 0, 0; Constant delay
    %assign/vec4/a/d v000001ce640eeaa0, 0, 4;
    %pushi/vec4 0, 0, 32;
    %ix/load 3, 14, 0;
    %flag_set/imm 4, 0;
    %ix/load 4, 0, 0; Constant delay
    %assign/vec4/a/d v000001ce640eeaa0, 0, 4;
    %pushi/vec4 0, 0, 32;
    %ix/load 3, 15, 0;
    %flag_set/imm 4, 0;
    %ix/load 4, 0, 0; Constant delay
    %assign/vec4/a/d v000001ce640eeaa0, 0, 4;
    %pushi/vec4 0, 0, 32;
    %ix/load 3, 16, 0;
    %flag_set/imm 4, 0;
    %ix/load 4, 0, 0; Constant delay
    %assign/vec4/a/d v000001ce640eeaa0, 0, 4;
    %pushi/vec4 0, 0, 32;
    %ix/load 3, 17, 0;
    %flag_set/imm 4, 0;
    %ix/load 4, 0, 0; Constant delay
    %assign/vec4/a/d v000001ce640eeaa0, 0, 4;
    %pushi/vec4 0, 0, 32;
    %ix/load 3, 18, 0;
    %flag_set/imm 4, 0;
    %ix/load 4, 0, 0; Constant delay
    %assign/vec4/a/d v000001ce640eeaa0, 0, 4;
    %pushi/vec4 0, 0, 32;
    %ix/load 3, 19, 0;
    %flag_set/imm 4, 0;
    %ix/load 4, 0, 0; Constant delay
    %assign/vec4/a/d v000001ce640eeaa0, 0, 4;
    %pushi/vec4 0, 0, 32;
    %ix/load 3, 20, 0;
    %flag_set/imm 4, 0;
    %ix/load 4, 0, 0; Constant delay
    %assign/vec4/a/d v000001ce640eeaa0, 0, 4;
    %pushi/vec4 0, 0, 32;
    %ix/load 3, 21, 0;
    %flag_set/imm 4, 0;
    %ix/load 4, 0, 0; Constant delay
    %assign/vec4/a/d v000001ce640eeaa0, 0, 4;
    %pushi/vec4 0, 0, 32;
    %ix/load 3, 22, 0;
    %flag_set/imm 4, 0;
    %ix/load 4, 0, 0; Constant delay
    %assign/vec4/a/d v000001ce640eeaa0, 0, 4;
    %pushi/vec4 0, 0, 32;
    %ix/load 3, 23, 0;
    %flag_set/imm 4, 0;
    %ix/load 4, 0, 0; Constant delay
    %assign/vec4/a/d v000001ce640eeaa0, 0, 4;
    %pushi/vec4 0, 0, 32;
    %ix/load 3, 24, 0;
    %flag_set/imm 4, 0;
    %ix/load 4, 0, 0; Constant delay
    %assign/vec4/a/d v000001ce640eeaa0, 0, 4;
    %pushi/vec4 0, 0, 32;
    %ix/load 3, 25, 0;
    %flag_set/imm 4, 0;
    %ix/load 4, 0, 0; Constant delay
    %assign/vec4/a/d v000001ce640eeaa0, 0, 4;
    %pushi/vec4 0, 0, 32;
    %ix/load 3, 26, 0;
    %flag_set/imm 4, 0;
    %ix/load 4, 0, 0; Constant delay
    %assign/vec4/a/d v000001ce640eeaa0, 0, 4;
    %pushi/vec4 0, 0, 32;
    %ix/load 3, 27, 0;
    %flag_set/imm 4, 0;
    %ix/load 4, 0, 0; Constant delay
    %assign/vec4/a/d v000001ce640eeaa0, 0, 4;
    %pushi/vec4 0, 0, 32;
    %ix/load 3, 28, 0;
    %flag_set/imm 4, 0;
    %ix/load 4, 0, 0; Constant delay
    %assign/vec4/a/d v000001ce640eeaa0, 0, 4;
    %pushi/vec4 0, 0, 32;
    %ix/load 3, 29, 0;
    %flag_set/imm 4, 0;
    %ix/load 4, 0, 0; Constant delay
    %assign/vec4/a/d v000001ce640eeaa0, 0, 4;
    %pushi/vec4 0, 0, 32;
    %ix/load 3, 30, 0;
    %flag_set/imm 4, 0;
    %ix/load 4, 0, 0; Constant delay
    %assign/vec4/a/d v000001ce640eeaa0, 0, 4;
    %pushi/vec4 0, 0, 32;
    %ix/load 3, 31, 0;
    %flag_set/imm 4, 0;
    %ix/load 4, 0, 0; Constant delay
    %assign/vec4/a/d v000001ce640eeaa0, 0, 4;
    %jmp T_0.1;
T_0.0 ;
    %load/vec4 v000001ce640ee640_0;
    %flag_set/vec4 9;
    %flag_get/vec4 9;
    %jmp/0 T_0.4, 9;
    %load/vec4 v000001ce640ee500_0;
    %pushi/vec4 0, 0, 5;
    %cmp/ne;
    %flag_get/vec4 4;
    %and;
T_0.4;
    %flag_set/vec4 8;
    %jmp/0xz  T_0.2, 8;
    %load/vec4 v000001ce640ee5a0_0;
    %load/vec4 v000001ce640ee500_0;
    %pad/u 7;
    %ix/vec4 3;
    %ix/load 4, 0, 0; Constant delay
    %assign/vec4/a/d v000001ce640eeaa0, 0, 4;
T_0.2 ;
T_0.1 ;
    %jmp T_0;
    .thread T_0;
    .scope S_000001ce63c0b0e0;
T_1 ;
    %wait E_000001ce640cf720;
    %pushi/vec4 0, 0, 3;
    %store/vec4 v000001ce64149950_0, 0, 3;
    %pushi/vec4 0, 0, 1;
    %store/vec4 v000001ce641493b0_0, 0, 1;
    %pushi/vec4 0, 0, 1;
    %store/vec4 v000001ce64148a50_0, 0, 1;
    %pushi/vec4 0, 0, 1;
    %store/vec4 v000001ce64148370_0, 0, 1;
    %load/vec4 v000001ce64148d70_0;
    %dup/vec4;
    %pushi/vec4 1, 2, 3;
    %cmp/z;
    %jmp/1 T_1.0, 4;
    %dup/vec4;
    %pushi/vec4 0, 2, 3;
    %cmp/z;
    %jmp/1 T_1.1, 4;
    %dup/vec4;
    %pushi/vec4 6, 0, 3;
    %cmp/z;
    %jmp/1 T_1.2, 4;
    %pushi/vec4 0, 0, 3;
    %store/vec4 v000001ce64149950_0, 0, 3;
    %pushi/vec4 0, 0, 1;
    %store/vec4 v000001ce641493b0_0, 0, 1;
    %pushi/vec4 0, 0, 1;
    %store/vec4 v000001ce64148a50_0, 0, 1;
    %pushi/vec4 0, 0, 1;
    %store/vec4 v000001ce64148370_0, 0, 1;
    %jmp T_1.4;
T_1.0 ;
    %load/vec4 v000001ce641484b0_0;
    %dup/vec4;
    %pushi/vec4 55, 0, 7;
    %cmp/u;
    %jmp/1 T_1.5, 6;
    %dup/vec4;
    %pushi/vec4 23, 0, 7;
    %cmp/u;
    %jmp/1 T_1.6, 6;
    %load/vec4 v000001ce641494f0_0;
    %store/vec4 v000001ce64149950_0, 0, 3;
    %load/vec4 v000001ce641484b0_0;
    %pushi/vec4 51, 0, 7;
    %cmp/e;
    %flag_get/vec4 4;
    %load/vec4 v000001ce641494f0_0;
    %pushi/vec4 0, 0, 3;
    %cmp/e;
    %flag_get/vec4 4;
    %and;
    %load/vec4 v000001ce64147f10_0;
    %parti/s 1, 5, 4;
    %and;
    %store/vec4 v000001ce641493b0_0, 0, 1;
    %load/vec4 v000001ce641494f0_0;
    %pushi/vec4 3, 0, 3;
    %cmp/e;
    %flag_get/vec4 4;
    %store/vec4 v000001ce64148a50_0, 0, 1;
    %load/vec4 v000001ce641494f0_0;
    %pushi/vec4 5, 0, 3;
    %cmp/e;
    %flag_get/vec4 4;
    %load/vec4 v000001ce64147f10_0;
    %parti/s 1, 5, 4;
    %and;
    %store/vec4 v000001ce64148370_0, 0, 1;
    %jmp T_1.8;
T_1.5 ;
    %pushi/vec4 0, 0, 3;
    %store/vec4 v000001ce64149950_0, 0, 3;
    %pushi/vec4 0, 0, 1;
    %store/vec4 v000001ce641493b0_0, 0, 1;
    %pushi/vec4 0, 0, 1;
    %store/vec4 v000001ce64148a50_0, 0, 1;
    %pushi/vec4 0, 0, 1;
    %store/vec4 v000001ce64148370_0, 0, 1;
    %jmp T_1.8;
T_1.6 ;
    %pushi/vec4 0, 0, 3;
    %store/vec4 v000001ce64149950_0, 0, 3;
    %pushi/vec4 0, 0, 1;
    %store/vec4 v000001ce641493b0_0, 0, 1;
    %pushi/vec4 0, 0, 1;
    %store/vec4 v000001ce64148a50_0, 0, 1;
    %pushi/vec4 0, 0, 1;
    %store/vec4 v000001ce64148370_0, 0, 1;
    %jmp T_1.8;
T_1.8 ;
    %pop/vec4 1;
    %jmp T_1.4;
T_1.1 ;
    %pushi/vec4 0, 0, 3;
    %store/vec4 v000001ce64149950_0, 0, 3;
    %pushi/vec4 0, 0, 1;
    %store/vec4 v000001ce641493b0_0, 0, 1;
    %pushi/vec4 0, 0, 1;
    %store/vec4 v000001ce64148a50_0, 0, 1;
    %pushi/vec4 0, 0, 1;
    %store/vec4 v000001ce64148370_0, 0, 1;
    %jmp T_1.4;
T_1.2 ;
    %pushi/vec4 0, 0, 3;
    %store/vec4 v000001ce64149950_0, 0, 3;
    %load/vec4 v000001ce641484b0_0;
    %pushi/vec4 99, 0, 7;
    %cmp/e;
    %flag_get/vec4 4;
    %store/vec4 v000001ce641493b0_0, 0, 1;
    %load/vec4 v000001ce641484b0_0;
    %pushi/vec4 99, 0, 7;
    %cmp/e;
    %flag_get/vec4 4;
    %load/vec4 v000001ce641494f0_0;
    %parti/s 1, 1, 2;
    %and;
    %store/vec4 v000001ce64148a50_0, 0, 1;
    %pushi/vec4 0, 0, 1;
    %store/vec4 v000001ce64148370_0, 0, 1;
    %jmp T_1.4;
T_1.4 ;
    %pop/vec4 1;
    %jmp T_1;
    .thread T_1, $push;
    .scope S_000001ce63c0af50;
T_2 ;
    %wait E_000001ce640cf160;
    %load/vec4 v000001ce64147a10_0;
    %dup/vec4;
    %pushi/vec4 0, 0, 5;
    %cmp/u;
    %jmp/1 T_2.0, 6;
    %dup/vec4;
    %pushi/vec4 1, 0, 5;
    %cmp/u;
    %jmp/1 T_2.1, 6;
    %dup/vec4;
    %pushi/vec4 2, 0, 5;
    %cmp/u;
    %jmp/1 T_2.2, 6;
    %dup/vec4;
    %pushi/vec4 3, 0, 5;
    %cmp/u;
    %jmp/1 T_2.3, 6;
    %dup/vec4;
    %pushi/vec4 4, 0, 5;
    %cmp/u;
    %jmp/1 T_2.4, 6;
    %dup/vec4;
    %pushi/vec4 5, 0, 5;
    %cmp/u;
    %jmp/1 T_2.5, 6;
    %dup/vec4;
    %pushi/vec4 6, 0, 5;
    %cmp/u;
    %jmp/1 T_2.6, 6;
    %dup/vec4;
    %pushi/vec4 7, 0, 5;
    %cmp/u;
    %jmp/1 T_2.7, 6;
    %dup/vec4;
    %pushi/vec4 8, 0, 5;
    %cmp/u;
    %jmp/1 T_2.8, 6;
    %dup/vec4;
    %pushi/vec4 9, 0, 5;
    %cmp/u;
    %jmp/1 T_2.9, 6;
    %dup/vec4;
    %pushi/vec4 10, 0, 5;
    %cmp/u;
    %jmp/1 T_2.10, 6;
    %dup/vec4;
    %pushi/vec4 11, 0, 5;
    %cmp/u;
    %jmp/1 T_2.11, 6;
    %dup/vec4;
    %pushi/vec4 12, 0, 5;
    %cmp/u;
    %jmp/1 T_2.12, 6;
    %dup/vec4;
    %pushi/vec4 13, 0, 5;
    %cmp/u;
    %jmp/1 T_2.13, 6;
    %dup/vec4;
    %pushi/vec4 14, 0, 5;
    %cmp/u;
    %jmp/1 T_2.14, 6;
    %dup/vec4;
    %pushi/vec4 15, 0, 5;
    %cmp/u;
    %jmp/1 T_2.15, 6;
    %dup/vec4;
    %pushi/vec4 16, 0, 5;
    %cmp/u;
    %jmp/1 T_2.16, 6;
    %dup/vec4;
    %pushi/vec4 17, 0, 5;
    %cmp/u;
    %jmp/1 T_2.17, 6;
    %dup/vec4;
    %pushi/vec4 18, 0, 5;
    %cmp/u;
    %jmp/1 T_2.18, 6;
    %dup/vec4;
    %pushi/vec4 19, 0, 5;
    %cmp/u;
    %jmp/1 T_2.19, 6;
    %dup/vec4;
    %pushi/vec4 20, 0, 5;
    %cmp/u;
    %jmp/1 T_2.20, 6;
    %dup/vec4;
    %pushi/vec4 21, 0, 5;
    %cmp/u;
    %jmp/1 T_2.21, 6;
    %dup/vec4;
    %pushi/vec4 22, 0, 5;
    %cmp/u;
    %jmp/1 T_2.22, 6;
    %dup/vec4;
    %pushi/vec4 23, 0, 5;
    %cmp/u;
    %jmp/1 T_2.23, 6;
    %dup/vec4;
    %pushi/vec4 24, 0, 5;
    %cmp/u;
    %jmp/1 T_2.24, 6;
    %dup/vec4;
    %pushi/vec4 25, 0, 5;
    %cmp/u;
    %jmp/1 T_2.25, 6;
    %dup/vec4;
    %pushi/vec4 26, 0, 5;
    %cmp/u;
    %jmp/1 T_2.26, 6;
    %dup/vec4;
    %pushi/vec4 27, 0, 5;
    %cmp/u;
    %jmp/1 T_2.27, 6;
    %dup/vec4;
    %pushi/vec4 28, 0, 5;
    %cmp/u;
    %jmp/1 T_2.28, 6;
    %dup/vec4;
    %pushi/vec4 29, 0, 5;
    %cmp/u;
    %jmp/1 T_2.29, 6;
    %dup/vec4;
    %pushi/vec4 30, 0, 5;
    %cmp/u;
    %jmp/1 T_2.30, 6;
    %dup/vec4;
    %pushi/vec4 31, 0, 5;
    %cmp/u;
    %jmp/1 T_2.31, 6;
    %pushi/vec4 0, 0, 32;
    %store/vec4 v000001ce64149590_0, 0, 32;
    %jmp T_2.33;
T_2.0 ;
    %load/vec4 v000001ce6417b970_0;
    %store/vec4 v000001ce64149590_0, 0, 32;
    %jmp T_2.33;
T_2.1 ;
    %load/vec4 v000001ce6417b970_0;
    %parti/s 31, 0, 2;
    %concati/vec4 0, 0, 1;
    %store/vec4 v000001ce64149590_0, 0, 32;
    %jmp T_2.33;
T_2.2 ;
    %load/vec4 v000001ce6417b970_0;
    %parti/s 30, 0, 2;
    %concati/vec4 0, 0, 2;
    %store/vec4 v000001ce64149590_0, 0, 32;
    %jmp T_2.33;
T_2.3 ;
    %load/vec4 v000001ce6417b970_0;
    %parti/s 29, 0, 2;
    %concati/vec4 0, 0, 3;
    %store/vec4 v000001ce64149590_0, 0, 32;
    %jmp T_2.33;
T_2.4 ;
    %load/vec4 v000001ce6417b970_0;
    %parti/s 28, 0, 2;
    %concati/vec4 0, 0, 4;
    %store/vec4 v000001ce64149590_0, 0, 32;
    %jmp T_2.33;
T_2.5 ;
    %load/vec4 v000001ce6417b970_0;
    %parti/s 27, 0, 2;
    %concati/vec4 0, 0, 5;
    %store/vec4 v000001ce64149590_0, 0, 32;
    %jmp T_2.33;
T_2.6 ;
    %load/vec4 v000001ce6417b970_0;
    %parti/s 26, 0, 2;
    %concati/vec4 0, 0, 6;
    %store/vec4 v000001ce64149590_0, 0, 32;
    %jmp T_2.33;
T_2.7 ;
    %load/vec4 v000001ce6417b970_0;
    %parti/s 25, 0, 2;
    %concati/vec4 0, 0, 7;
    %store/vec4 v000001ce64149590_0, 0, 32;
    %jmp T_2.33;
T_2.8 ;
    %load/vec4 v000001ce6417b970_0;
    %parti/s 24, 0, 2;
    %concati/vec4 0, 0, 8;
    %store/vec4 v000001ce64149590_0, 0, 32;
    %jmp T_2.33;
T_2.9 ;
    %load/vec4 v000001ce6417b970_0;
    %parti/s 23, 0, 2;
    %concati/vec4 0, 0, 9;
    %store/vec4 v000001ce64149590_0, 0, 32;
    %jmp T_2.33;
T_2.10 ;
    %load/vec4 v000001ce6417b970_0;
    %parti/s 22, 0, 2;
    %concati/vec4 0, 0, 10;
    %store/vec4 v000001ce64149590_0, 0, 32;
    %jmp T_2.33;
T_2.11 ;
    %load/vec4 v000001ce6417b970_0;
    %parti/s 21, 0, 2;
    %concati/vec4 0, 0, 11;
    %store/vec4 v000001ce64149590_0, 0, 32;
    %jmp T_2.33;
T_2.12 ;
    %load/vec4 v000001ce6417b970_0;
    %parti/s 20, 0, 2;
    %concati/vec4 0, 0, 12;
    %store/vec4 v000001ce64149590_0, 0, 32;
    %jmp T_2.33;
T_2.13 ;
    %load/vec4 v000001ce6417b970_0;
    %parti/s 19, 0, 2;
    %concati/vec4 0, 0, 13;
    %store/vec4 v000001ce64149590_0, 0, 32;
    %jmp T_2.33;
T_2.14 ;
    %load/vec4 v000001ce6417b970_0;
    %parti/s 18, 0, 2;
    %concati/vec4 0, 0, 14;
    %store/vec4 v000001ce64149590_0, 0, 32;
    %jmp T_2.33;
T_2.15 ;
    %load/vec4 v000001ce6417b970_0;
    %parti/s 17, 0, 2;
    %concati/vec4 0, 0, 15;
    %store/vec4 v000001ce64149590_0, 0, 32;
    %jmp T_2.33;
T_2.16 ;
    %load/vec4 v000001ce6417b970_0;
    %parti/s 16, 0, 2;
    %concati/vec4 0, 0, 16;
    %store/vec4 v000001ce64149590_0, 0, 32;
    %jmp T_2.33;
T_2.17 ;
    %load/vec4 v000001ce6417b970_0;
    %parti/s 15, 0, 2;
    %concati/vec4 0, 0, 17;
    %store/vec4 v000001ce64149590_0, 0, 32;
    %jmp T_2.33;
T_2.18 ;
    %load/vec4 v000001ce6417b970_0;
    %parti/s 14, 0, 2;
    %concati/vec4 0, 0, 18;
    %store/vec4 v000001ce64149590_0, 0, 32;
    %jmp T_2.33;
T_2.19 ;
    %load/vec4 v000001ce6417b970_0;
    %parti/s 13, 0, 2;
    %concati/vec4 0, 0, 19;
    %store/vec4 v000001ce64149590_0, 0, 32;
    %jmp T_2.33;
T_2.20 ;
    %load/vec4 v000001ce6417b970_0;
    %parti/s 12, 0, 2;
    %concati/vec4 0, 0, 20;
    %store/vec4 v000001ce64149590_0, 0, 32;
    %jmp T_2.33;
T_2.21 ;
    %load/vec4 v000001ce6417b970_0;
    %parti/s 11, 0, 2;
    %concati/vec4 0, 0, 21;
    %store/vec4 v000001ce64149590_0, 0, 32;
    %jmp T_2.33;
T_2.22 ;
    %load/vec4 v000001ce6417b970_0;
    %parti/s 10, 0, 2;
    %concati/vec4 0, 0, 22;
    %store/vec4 v000001ce64149590_0, 0, 32;
    %jmp T_2.33;
T_2.23 ;
    %load/vec4 v000001ce6417b970_0;
    %parti/s 9, 0, 2;
    %concati/vec4 0, 0, 23;
    %store/vec4 v000001ce64149590_0, 0, 32;
    %jmp T_2.33;
T_2.24 ;
    %load/vec4 v000001ce6417b970_0;
    %parti/s 8, 0, 2;
    %concati/vec4 0, 0, 24;
    %store/vec4 v000001ce64149590_0, 0, 32;
    %jmp T_2.33;
T_2.25 ;
    %load/vec4 v000001ce6417b970_0;
    %parti/s 7, 0, 2;
    %concati/vec4 0, 0, 25;
    %store/vec4 v000001ce64149590_0, 0, 32;
    %jmp T_2.33;
T_2.26 ;
    %load/vec4 v000001ce6417b970_0;
    %parti/s 6, 0, 2;
    %concati/vec4 0, 0, 26;
    %store/vec4 v000001ce64149590_0, 0, 32;
    %jmp T_2.33;
T_2.27 ;
    %load/vec4 v000001ce6417b970_0;
    %parti/s 5, 0, 2;
    %concati/vec4 0, 0, 27;
    %store/vec4 v000001ce64149590_0, 0, 32;
    %jmp T_2.33;
T_2.28 ;
    %load/vec4 v000001ce6417b970_0;
    %parti/s 4, 0, 2;
    %concati/vec4 0, 0, 28;
    %store/vec4 v000001ce64149590_0, 0, 32;
    %jmp T_2.33;
T_2.29 ;
    %load/vec4 v000001ce6417b970_0;
    %parti/s 3, 0, 2;
    %concati/vec4 0, 0, 29;
    %store/vec4 v000001ce64149590_0, 0, 32;
    %jmp T_2.33;
T_2.30 ;
    %load/vec4 v000001ce6417b970_0;
    %parti/s 2, 0, 2;
    %concati/vec4 0, 0, 30;
    %store/vec4 v000001ce64149590_0, 0, 32;
    %jmp T_2.33;
T_2.31 ;
    %load/vec4 v000001ce6417b970_0;
    %parti/s 1, 0, 2;
    %concati/vec4 0, 0, 31;
    %store/vec4 v000001ce64149590_0, 0, 32;
    %jmp T_2.33;
T_2.33 ;
    %pop/vec4 1;
    %jmp T_2;
    .thread T_2, $push;
    .scope S_000001ce63c0af50;
T_3 ;
    %wait E_000001ce640cf160;
    %load/vec4 v000001ce64147a10_0;
    %dup/vec4;
    %pushi/vec4 0, 0, 5;
    %cmp/u;
    %jmp/1 T_3.0, 6;
    %dup/vec4;
    %pushi/vec4 1, 0, 5;
    %cmp/u;
    %jmp/1 T_3.1, 6;
    %dup/vec4;
    %pushi/vec4 2, 0, 5;
    %cmp/u;
    %jmp/1 T_3.2, 6;
    %dup/vec4;
    %pushi/vec4 3, 0, 5;
    %cmp/u;
    %jmp/1 T_3.3, 6;
    %dup/vec4;
    %pushi/vec4 4, 0, 5;
    %cmp/u;
    %jmp/1 T_3.4, 6;
    %dup/vec4;
    %pushi/vec4 5, 0, 5;
    %cmp/u;
    %jmp/1 T_3.5, 6;
    %dup/vec4;
    %pushi/vec4 6, 0, 5;
    %cmp/u;
    %jmp/1 T_3.6, 6;
    %dup/vec4;
    %pushi/vec4 7, 0, 5;
    %cmp/u;
    %jmp/1 T_3.7, 6;
    %dup/vec4;
    %pushi/vec4 8, 0, 5;
    %cmp/u;
    %jmp/1 T_3.8, 6;
    %dup/vec4;
    %pushi/vec4 9, 0, 5;
    %cmp/u;
    %jmp/1 T_3.9, 6;
    %dup/vec4;
    %pushi/vec4 10, 0, 5;
    %cmp/u;
    %jmp/1 T_3.10, 6;
    %dup/vec4;
    %pushi/vec4 11, 0, 5;
    %cmp/u;
    %jmp/1 T_3.11, 6;
    %dup/vec4;
    %pushi/vec4 12, 0, 5;
    %cmp/u;
    %jmp/1 T_3.12, 6;
    %dup/vec4;
    %pushi/vec4 13, 0, 5;
    %cmp/u;
    %jmp/1 T_3.13, 6;
    %dup/vec4;
    %pushi/vec4 14, 0, 5;
    %cmp/u;
    %jmp/1 T_3.14, 6;
    %dup/vec4;
    %pushi/vec4 15, 0, 5;
    %cmp/u;
    %jmp/1 T_3.15, 6;
    %dup/vec4;
    %pushi/vec4 16, 0, 5;
    %cmp/u;
    %jmp/1 T_3.16, 6;
    %dup/vec4;
    %pushi/vec4 17, 0, 5;
    %cmp/u;
    %jmp/1 T_3.17, 6;
    %dup/vec4;
    %pushi/vec4 18, 0, 5;
    %cmp/u;
    %jmp/1 T_3.18, 6;
    %dup/vec4;
    %pushi/vec4 19, 0, 5;
    %cmp/u;
    %jmp/1 T_3.19, 6;
    %dup/vec4;
    %pushi/vec4 20, 0, 5;
    %cmp/u;
    %jmp/1 T_3.20, 6;
    %dup/vec4;
    %pushi/vec4 21, 0, 5;
    %cmp/u;
    %jmp/1 T_3.21, 6;
    %dup/vec4;
    %pushi/vec4 22, 0, 5;
    %cmp/u;
    %jmp/1 T_3.22, 6;
    %dup/vec4;
    %pushi/vec4 23, 0, 5;
    %cmp/u;
    %jmp/1 T_3.23, 6;
    %dup/vec4;
    %pushi/vec4 24, 0, 5;
    %cmp/u;
    %jmp/1 T_3.24, 6;
    %dup/vec4;
    %pushi/vec4 25, 0, 5;
    %cmp/u;
    %jmp/1 T_3.25, 6;
    %dup/vec4;
    %pushi/vec4 26, 0, 5;
    %cmp/u;
    %jmp/1 T_3.26, 6;
    %dup/vec4;
    %pushi/vec4 27, 0, 5;
    %cmp/u;
    %jmp/1 T_3.27, 6;
    %dup/vec4;
    %pushi/vec4 28, 0, 5;
    %cmp/u;
    %jmp/1 T_3.28, 6;
    %dup/vec4;
    %pushi/vec4 29, 0, 5;
    %cmp/u;
    %jmp/1 T_3.29, 6;
    %dup/vec4;
    %pushi/vec4 30, 0, 5;
    %cmp/u;
    %jmp/1 T_3.30, 6;
    %dup/vec4;
    %pushi/vec4 31, 0, 5;
    %cmp/u;
    %jmp/1 T_3.31, 6;
    %pushi/vec4 0, 0, 32;
    %store/vec4 v000001ce64148b90_0, 0, 32;
    %jmp T_3.33;
T_3.0 ;
    %load/vec4 v000001ce6417b970_0;
    %store/vec4 v000001ce64148b90_0, 0, 32;
    %jmp T_3.33;
T_3.1 ;
    %pushi/vec4 0, 0, 1;
    %load/vec4 v000001ce6417b970_0;
    %parti/s 31, 1, 2;
    %concat/vec4; draw_concat_vec4
    %store/vec4 v000001ce64148b90_0, 0, 32;
    %jmp T_3.33;
T_3.2 ;
    %pushi/vec4 0, 0, 2;
    %load/vec4 v000001ce6417b970_0;
    %parti/s 30, 2, 3;
    %concat/vec4; draw_concat_vec4
    %store/vec4 v000001ce64148b90_0, 0, 32;
    %jmp T_3.33;
T_3.3 ;
    %pushi/vec4 0, 0, 3;
    %load/vec4 v000001ce6417b970_0;
    %parti/s 29, 3, 3;
    %concat/vec4; draw_concat_vec4
    %store/vec4 v000001ce64148b90_0, 0, 32;
    %jmp T_3.33;
T_3.4 ;
    %pushi/vec4 0, 0, 4;
    %load/vec4 v000001ce6417b970_0;
    %parti/s 28, 4, 4;
    %concat/vec4; draw_concat_vec4
    %store/vec4 v000001ce64148b90_0, 0, 32;
    %jmp T_3.33;
T_3.5 ;
    %pushi/vec4 0, 0, 5;
    %load/vec4 v000001ce6417b970_0;
    %parti/s 27, 5, 4;
    %concat/vec4; draw_concat_vec4
    %store/vec4 v000001ce64148b90_0, 0, 32;
    %jmp T_3.33;
T_3.6 ;
    %pushi/vec4 0, 0, 6;
    %load/vec4 v000001ce6417b970_0;
    %parti/s 26, 6, 4;
    %concat/vec4; draw_concat_vec4
    %store/vec4 v000001ce64148b90_0, 0, 32;
    %jmp T_3.33;
T_3.7 ;
    %pushi/vec4 0, 0, 7;
    %load/vec4 v000001ce6417b970_0;
    %parti/s 25, 7, 4;
    %concat/vec4; draw_concat_vec4
    %store/vec4 v000001ce64148b90_0, 0, 32;
    %jmp T_3.33;
T_3.8 ;
    %pushi/vec4 0, 0, 8;
    %load/vec4 v000001ce6417b970_0;
    %parti/s 24, 8, 5;
    %concat/vec4; draw_concat_vec4
    %store/vec4 v000001ce64148b90_0, 0, 32;
    %jmp T_3.33;
T_3.9 ;
    %pushi/vec4 0, 0, 9;
    %load/vec4 v000001ce6417b970_0;
    %parti/s 23, 9, 5;
    %concat/vec4; draw_concat_vec4
    %store/vec4 v000001ce64148b90_0, 0, 32;
    %jmp T_3.33;
T_3.10 ;
    %pushi/vec4 0, 0, 10;
    %load/vec4 v000001ce6417b970_0;
    %parti/s 22, 10, 5;
    %concat/vec4; draw_concat_vec4
    %store/vec4 v000001ce64148b90_0, 0, 32;
    %jmp T_3.33;
T_3.11 ;
    %pushi/vec4 0, 0, 11;
    %load/vec4 v000001ce6417b970_0;
    %parti/s 21, 11, 5;
    %concat/vec4; draw_concat_vec4
    %store/vec4 v000001ce64148b90_0, 0, 32;
    %jmp T_3.33;
T_3.12 ;
    %pushi/vec4 0, 0, 12;
    %load/vec4 v000001ce6417b970_0;
    %parti/s 20, 12, 5;
    %concat/vec4; draw_concat_vec4
    %store/vec4 v000001ce64148b90_0, 0, 32;
    %jmp T_3.33;
T_3.13 ;
    %pushi/vec4 0, 0, 13;
    %load/vec4 v000001ce6417b970_0;
    %parti/s 19, 13, 5;
    %concat/vec4; draw_concat_vec4
    %store/vec4 v000001ce64148b90_0, 0, 32;
    %jmp T_3.33;
T_3.14 ;
    %pushi/vec4 0, 0, 14;
    %load/vec4 v000001ce6417b970_0;
    %parti/s 18, 14, 5;
    %concat/vec4; draw_concat_vec4
    %store/vec4 v000001ce64148b90_0, 0, 32;
    %jmp T_3.33;
T_3.15 ;
    %pushi/vec4 0, 0, 15;
    %load/vec4 v000001ce6417b970_0;
    %parti/s 17, 15, 5;
    %concat/vec4; draw_concat_vec4
    %store/vec4 v000001ce64148b90_0, 0, 32;
    %jmp T_3.33;
T_3.16 ;
    %pushi/vec4 0, 0, 16;
    %load/vec4 v000001ce6417b970_0;
    %parti/s 16, 16, 6;
    %concat/vec4; draw_concat_vec4
    %store/vec4 v000001ce64148b90_0, 0, 32;
    %jmp T_3.33;
T_3.17 ;
    %pushi/vec4 0, 0, 17;
    %load/vec4 v000001ce6417b970_0;
    %parti/s 15, 17, 6;
    %concat/vec4; draw_concat_vec4
    %store/vec4 v000001ce64148b90_0, 0, 32;
    %jmp T_3.33;
T_3.18 ;
    %pushi/vec4 0, 0, 18;
    %load/vec4 v000001ce6417b970_0;
    %parti/s 14, 18, 6;
    %concat/vec4; draw_concat_vec4
    %store/vec4 v000001ce64148b90_0, 0, 32;
    %jmp T_3.33;
T_3.19 ;
    %pushi/vec4 0, 0, 19;
    %load/vec4 v000001ce6417b970_0;
    %parti/s 13, 19, 6;
    %concat/vec4; draw_concat_vec4
    %store/vec4 v000001ce64148b90_0, 0, 32;
    %jmp T_3.33;
T_3.20 ;
    %pushi/vec4 0, 0, 20;
    %load/vec4 v000001ce6417b970_0;
    %parti/s 12, 20, 6;
    %concat/vec4; draw_concat_vec4
    %store/vec4 v000001ce64148b90_0, 0, 32;
    %jmp T_3.33;
T_3.21 ;
    %pushi/vec4 0, 0, 21;
    %load/vec4 v000001ce6417b970_0;
    %parti/s 11, 21, 6;
    %concat/vec4; draw_concat_vec4
    %store/vec4 v000001ce64148b90_0, 0, 32;
    %jmp T_3.33;
T_3.22 ;
    %pushi/vec4 0, 0, 22;
    %load/vec4 v000001ce6417b970_0;
    %parti/s 10, 22, 6;
    %concat/vec4; draw_concat_vec4
    %store/vec4 v000001ce64148b90_0, 0, 32;
    %jmp T_3.33;
T_3.23 ;
    %pushi/vec4 0, 0, 23;
    %load/vec4 v000001ce6417b970_0;
    %parti/s 9, 23, 6;
    %concat/vec4; draw_concat_vec4
    %store/vec4 v000001ce64148b90_0, 0, 32;
    %jmp T_3.33;
T_3.24 ;
    %pushi/vec4 0, 0, 24;
    %load/vec4 v000001ce6417b970_0;
    %parti/s 8, 24, 6;
    %concat/vec4; draw_concat_vec4
    %store/vec4 v000001ce64148b90_0, 0, 32;
    %jmp T_3.33;
T_3.25 ;
    %pushi/vec4 0, 0, 25;
    %load/vec4 v000001ce6417b970_0;
    %parti/s 7, 25, 6;
    %concat/vec4; draw_concat_vec4
    %store/vec4 v000001ce64148b90_0, 0, 32;
    %jmp T_3.33;
T_3.26 ;
    %pushi/vec4 0, 0, 26;
    %load/vec4 v000001ce6417b970_0;
    %parti/s 6, 26, 6;
    %concat/vec4; draw_concat_vec4
    %store/vec4 v000001ce64148b90_0, 0, 32;
    %jmp T_3.33;
T_3.27 ;
    %pushi/vec4 0, 0, 27;
    %load/vec4 v000001ce6417b970_0;
    %parti/s 5, 27, 6;
    %concat/vec4; draw_concat_vec4
    %store/vec4 v000001ce64148b90_0, 0, 32;
    %jmp T_3.33;
T_3.28 ;
    %pushi/vec4 0, 0, 28;
    %load/vec4 v000001ce6417b970_0;
    %parti/s 4, 28, 6;
    %concat/vec4; draw_concat_vec4
    %store/vec4 v000001ce64148b90_0, 0, 32;
    %jmp T_3.33;
T_3.29 ;
    %pushi/vec4 0, 0, 29;
    %load/vec4 v000001ce6417b970_0;
    %parti/s 3, 29, 6;
    %concat/vec4; draw_concat_vec4
    %store/vec4 v000001ce64148b90_0, 0, 32;
    %jmp T_3.33;
T_3.30 ;
    %pushi/vec4 0, 0, 30;
    %load/vec4 v000001ce6417b970_0;
    %parti/s 2, 30, 6;
    %concat/vec4; draw_concat_vec4
    %store/vec4 v000001ce64148b90_0, 0, 32;
    %jmp T_3.33;
T_3.31 ;
    %pushi/vec4 0, 0, 31;
    %load/vec4 v000001ce6417b970_0;
    %parti/s 1, 31, 6;
    %concat/vec4; draw_concat_vec4
    %store/vec4 v000001ce64148b90_0, 0, 32;
    %jmp T_3.33;
T_3.33 ;
    %pop/vec4 1;
    %jmp T_3;
    .thread T_3, $push;
    .scope S_000001ce63c0af50;
T_4 ;
    %wait E_000001ce640cf160;
    %load/vec4 v000001ce64147a10_0;
    %dup/vec4;
    %pushi/vec4 0, 0, 5;
    %cmp/u;
    %jmp/1 T_4.0, 6;
    %dup/vec4;
    %pushi/vec4 1, 0, 5;
    %cmp/u;
    %jmp/1 T_4.1, 6;
    %dup/vec4;
    %pushi/vec4 2, 0, 5;
    %cmp/u;
    %jmp/1 T_4.2, 6;
    %dup/vec4;
    %pushi/vec4 3, 0, 5;
    %cmp/u;
    %jmp/1 T_4.3, 6;
    %dup/vec4;
    %pushi/vec4 4, 0, 5;
    %cmp/u;
    %jmp/1 T_4.4, 6;
    %dup/vec4;
    %pushi/vec4 5, 0, 5;
    %cmp/u;
    %jmp/1 T_4.5, 6;
    %dup/vec4;
    %pushi/vec4 6, 0, 5;
    %cmp/u;
    %jmp/1 T_4.6, 6;
    %dup/vec4;
    %pushi/vec4 7, 0, 5;
    %cmp/u;
    %jmp/1 T_4.7, 6;
    %dup/vec4;
    %pushi/vec4 8, 0, 5;
    %cmp/u;
    %jmp/1 T_4.8, 6;
    %dup/vec4;
    %pushi/vec4 9, 0, 5;
    %cmp/u;
    %jmp/1 T_4.9, 6;
    %dup/vec4;
    %pushi/vec4 10, 0, 5;
    %cmp/u;
    %jmp/1 T_4.10, 6;
    %dup/vec4;
    %pushi/vec4 11, 0, 5;
    %cmp/u;
    %jmp/1 T_4.11, 6;
    %dup/vec4;
    %pushi/vec4 12, 0, 5;
    %cmp/u;
    %jmp/1 T_4.12, 6;
    %dup/vec4;
    %pushi/vec4 13, 0, 5;
    %cmp/u;
    %jmp/1 T_4.13, 6;
    %dup/vec4;
    %pushi/vec4 14, 0, 5;
    %cmp/u;
    %jmp/1 T_4.14, 6;
    %dup/vec4;
    %pushi/vec4 15, 0, 5;
    %cmp/u;
    %jmp/1 T_4.15, 6;
    %dup/vec4;
    %pushi/vec4 16, 0, 5;
    %cmp/u;
    %jmp/1 T_4.16, 6;
    %dup/vec4;
    %pushi/vec4 17, 0, 5;
    %cmp/u;
    %jmp/1 T_4.17, 6;
    %dup/vec4;
    %pushi/vec4 18, 0, 5;
    %cmp/u;
    %jmp/1 T_4.18, 6;
    %dup/vec4;
    %pushi/vec4 19, 0, 5;
    %cmp/u;
    %jmp/1 T_4.19, 6;
    %dup/vec4;
    %pushi/vec4 20, 0, 5;
    %cmp/u;
    %jmp/1 T_4.20, 6;
    %dup/vec4;
    %pushi/vec4 21, 0, 5;
    %cmp/u;
    %jmp/1 T_4.21, 6;
    %dup/vec4;
    %pushi/vec4 22, 0, 5;
    %cmp/u;
    %jmp/1 T_4.22, 6;
    %dup/vec4;
    %pushi/vec4 23, 0, 5;
    %cmp/u;
    %jmp/1 T_4.23, 6;
    %dup/vec4;
    %pushi/vec4 24, 0, 5;
    %cmp/u;
    %jmp/1 T_4.24, 6;
    %dup/vec4;
    %pushi/vec4 25, 0, 5;
    %cmp/u;
    %jmp/1 T_4.25, 6;
    %dup/vec4;
    %pushi/vec4 26, 0, 5;
    %cmp/u;
    %jmp/1 T_4.26, 6;
    %dup/vec4;
    %pushi/vec4 27, 0, 5;
    %cmp/u;
    %jmp/1 T_4.27, 6;
    %dup/vec4;
    %pushi/vec4 28, 0, 5;
    %cmp/u;
    %jmp/1 T_4.28, 6;
    %dup/vec4;
    %pushi/vec4 29, 0, 5;
    %cmp/u;
    %jmp/1 T_4.29, 6;
    %dup/vec4;
    %pushi/vec4 30, 0, 5;
    %cmp/u;
    %jmp/1 T_4.30, 6;
    %dup/vec4;
    %pushi/vec4 31, 0, 5;
    %cmp/u;
    %jmp/1 T_4.31, 6;
    %pushi/vec4 0, 0, 32;
    %store/vec4 v000001ce64147ab0_0, 0, 32;
    %jmp T_4.33;
T_4.0 ;
    %load/vec4 v000001ce6417b970_0;
    %store/vec4 v000001ce64147ab0_0, 0, 32;
    %jmp T_4.33;
T_4.1 ;
    %load/vec4 v000001ce6417b970_0;
    %parti/s 1, 31, 6;
    %load/vec4 v000001ce6417b970_0;
    %parti/s 31, 1, 2;
    %concat/vec4; draw_concat_vec4
    %store/vec4 v000001ce64147ab0_0, 0, 32;
    %jmp T_4.33;
T_4.2 ;
    %load/vec4 v000001ce6417b970_0;
    %parti/s 1, 31, 6;
    %replicate 2;
    %load/vec4 v000001ce6417b970_0;
    %parti/s 30, 2, 3;
    %concat/vec4; draw_concat_vec4
    %store/vec4 v000001ce64147ab0_0, 0, 32;
    %jmp T_4.33;
T_4.3 ;
    %load/vec4 v000001ce6417b970_0;
    %parti/s 1, 31, 6;
    %replicate 3;
    %load/vec4 v000001ce6417b970_0;
    %parti/s 29, 3, 3;
    %concat/vec4; draw_concat_vec4
    %store/vec4 v000001ce64147ab0_0, 0, 32;
    %jmp T_4.33;
T_4.4 ;
    %load/vec4 v000001ce6417b970_0;
    %parti/s 1, 31, 6;
    %replicate 4;
    %load/vec4 v000001ce6417b970_0;
    %parti/s 28, 4, 4;
    %concat/vec4; draw_concat_vec4
    %store/vec4 v000001ce64147ab0_0, 0, 32;
    %jmp T_4.33;
T_4.5 ;
    %load/vec4 v000001ce6417b970_0;
    %parti/s 1, 31, 6;
    %replicate 5;
    %load/vec4 v000001ce6417b970_0;
    %parti/s 27, 5, 4;
    %concat/vec4; draw_concat_vec4
    %store/vec4 v000001ce64147ab0_0, 0, 32;
    %jmp T_4.33;
T_4.6 ;
    %load/vec4 v000001ce6417b970_0;
    %parti/s 1, 31, 6;
    %replicate 6;
    %load/vec4 v000001ce6417b970_0;
    %parti/s 26, 6, 4;
    %concat/vec4; draw_concat_vec4
    %store/vec4 v000001ce64147ab0_0, 0, 32;
    %jmp T_4.33;
T_4.7 ;
    %load/vec4 v000001ce6417b970_0;
    %parti/s 1, 31, 6;
    %replicate 7;
    %load/vec4 v000001ce6417b970_0;
    %parti/s 25, 7, 4;
    %concat/vec4; draw_concat_vec4
    %store/vec4 v000001ce64147ab0_0, 0, 32;
    %jmp T_4.33;
T_4.8 ;
    %load/vec4 v000001ce6417b970_0;
    %parti/s 1, 31, 6;
    %replicate 8;
    %load/vec4 v000001ce6417b970_0;
    %parti/s 24, 8, 5;
    %concat/vec4; draw_concat_vec4
    %store/vec4 v000001ce64147ab0_0, 0, 32;
    %jmp T_4.33;
T_4.9 ;
    %load/vec4 v000001ce6417b970_0;
    %parti/s 1, 31, 6;
    %replicate 9;
    %load/vec4 v000001ce6417b970_0;
    %parti/s 23, 9, 5;
    %concat/vec4; draw_concat_vec4
    %store/vec4 v000001ce64147ab0_0, 0, 32;
    %jmp T_4.33;
T_4.10 ;
    %load/vec4 v000001ce6417b970_0;
    %parti/s 1, 31, 6;
    %replicate 10;
    %load/vec4 v000001ce6417b970_0;
    %parti/s 22, 10, 5;
    %concat/vec4; draw_concat_vec4
    %store/vec4 v000001ce64147ab0_0, 0, 32;
    %jmp T_4.33;
T_4.11 ;
    %load/vec4 v000001ce6417b970_0;
    %parti/s 1, 31, 6;
    %replicate 11;
    %load/vec4 v000001ce6417b970_0;
    %parti/s 21, 11, 5;
    %concat/vec4; draw_concat_vec4
    %store/vec4 v000001ce64147ab0_0, 0, 32;
    %jmp T_4.33;
T_4.12 ;
    %load/vec4 v000001ce6417b970_0;
    %parti/s 1, 31, 6;
    %replicate 12;
    %load/vec4 v000001ce6417b970_0;
    %parti/s 20, 12, 5;
    %concat/vec4; draw_concat_vec4
    %store/vec4 v000001ce64147ab0_0, 0, 32;
    %jmp T_4.33;
T_4.13 ;
    %load/vec4 v000001ce6417b970_0;
    %parti/s 1, 31, 6;
    %replicate 13;
    %load/vec4 v000001ce6417b970_0;
    %parti/s 19, 13, 5;
    %concat/vec4; draw_concat_vec4
    %store/vec4 v000001ce64147ab0_0, 0, 32;
    %jmp T_4.33;
T_4.14 ;
    %load/vec4 v000001ce6417b970_0;
    %parti/s 1, 31, 6;
    %replicate 14;
    %load/vec4 v000001ce6417b970_0;
    %parti/s 18, 14, 5;
    %concat/vec4; draw_concat_vec4
    %store/vec4 v000001ce64147ab0_0, 0, 32;
    %jmp T_4.33;
T_4.15 ;
    %load/vec4 v000001ce6417b970_0;
    %parti/s 1, 31, 6;
    %replicate 15;
    %load/vec4 v000001ce6417b970_0;
    %parti/s 17, 15, 5;
    %concat/vec4; draw_concat_vec4
    %store/vec4 v000001ce64147ab0_0, 0, 32;
    %jmp T_4.33;
T_4.16 ;
    %load/vec4 v000001ce6417b970_0;
    %parti/s 1, 31, 6;
    %replicate 16;
    %load/vec4 v000001ce6417b970_0;
    %parti/s 16, 16, 6;
    %concat/vec4; draw_concat_vec4
    %store/vec4 v000001ce64147ab0_0, 0, 32;
    %jmp T_4.33;
T_4.17 ;
    %load/vec4 v000001ce6417b970_0;
    %parti/s 1, 31, 6;
    %replicate 17;
    %load/vec4 v000001ce6417b970_0;
    %parti/s 15, 17, 6;
    %concat/vec4; draw_concat_vec4
    %store/vec4 v000001ce64147ab0_0, 0, 32;
    %jmp T_4.33;
T_4.18 ;
    %load/vec4 v000001ce6417b970_0;
    %parti/s 1, 31, 6;
    %replicate 18;
    %load/vec4 v000001ce6417b970_0;
    %parti/s 14, 18, 6;
    %concat/vec4; draw_concat_vec4
    %store/vec4 v000001ce64147ab0_0, 0, 32;
    %jmp T_4.33;
T_4.19 ;
    %load/vec4 v000001ce6417b970_0;
    %parti/s 1, 31, 6;
    %replicate 19;
    %load/vec4 v000001ce6417b970_0;
    %parti/s 13, 19, 6;
    %concat/vec4; draw_concat_vec4
    %store/vec4 v000001ce64147ab0_0, 0, 32;
    %jmp T_4.33;
T_4.20 ;
    %load/vec4 v000001ce6417b970_0;
    %parti/s 1, 31, 6;
    %replicate 20;
    %load/vec4 v000001ce6417b970_0;
    %parti/s 12, 20, 6;
    %concat/vec4; draw_concat_vec4
    %store/vec4 v000001ce64147ab0_0, 0, 32;
    %jmp T_4.33;
T_4.21 ;
    %load/vec4 v000001ce6417b970_0;
    %parti/s 1, 31, 6;
    %replicate 21;
    %load/vec4 v000001ce6417b970_0;
    %parti/s 11, 21, 6;
    %concat/vec4; draw_concat_vec4
    %store/vec4 v000001ce64147ab0_0, 0, 32;
    %jmp T_4.33;
T_4.22 ;
    %load/vec4 v000001ce6417b970_0;
    %parti/s 1, 31, 6;
    %replicate 22;
    %load/vec4 v000001ce6417b970_0;
    %parti/s 10, 22, 6;
    %concat/vec4; draw_concat_vec4
    %store/vec4 v000001ce64147ab0_0, 0, 32;
    %jmp T_4.33;
T_4.23 ;
    %load/vec4 v000001ce6417b970_0;
    %parti/s 1, 31, 6;
    %replicate 23;
    %load/vec4 v000001ce6417b970_0;
    %parti/s 9, 23, 6;
    %concat/vec4; draw_concat_vec4
    %store/vec4 v000001ce64147ab0_0, 0, 32;
    %jmp T_4.33;
T_4.24 ;
    %load/vec4 v000001ce6417b970_0;
    %parti/s 1, 31, 6;
    %replicate 24;
    %load/vec4 v000001ce6417b970_0;
    %parti/s 8, 24, 6;
    %concat/vec4; draw_concat_vec4
    %store/vec4 v000001ce64147ab0_0, 0, 32;
    %jmp T_4.33;
T_4.25 ;
    %load/vec4 v000001ce6417b970_0;
    %parti/s 1, 31, 6;
    %replicate 25;
    %load/vec4 v000001ce6417b970_0;
    %parti/s 7, 25, 6;
    %concat/vec4; draw_concat_vec4
    %store/vec4 v000001ce64147ab0_0, 0, 32;
    %jmp T_4.33;
T_4.26 ;
    %load/vec4 v000001ce6417b970_0;
    %parti/s 1, 31, 6;
    %replicate 26;
    %load/vec4 v000001ce6417b970_0;
    %parti/s 6, 26, 6;
    %concat/vec4; draw_concat_vec4
    %store/vec4 v000001ce64147ab0_0, 0, 32;
    %jmp T_4.33;
T_4.27 ;
    %load/vec4 v000001ce6417b970_0;
    %parti/s 1, 31, 6;
    %replicate 27;
    %load/vec4 v000001ce6417b970_0;
    %parti/s 5, 27, 6;
    %concat/vec4; draw_concat_vec4
    %store/vec4 v000001ce64147ab0_0, 0, 32;
    %jmp T_4.33;
T_4.28 ;
    %load/vec4 v000001ce6417b970_0;
    %parti/s 1, 31, 6;
    %replicate 28;
    %load/vec4 v000001ce6417b970_0;
    %parti/s 4, 28, 6;
    %concat/vec4; draw_concat_vec4
    %store/vec4 v000001ce64147ab0_0, 0, 32;
    %jmp T_4.33;
T_4.29 ;
    %load/vec4 v000001ce6417b970_0;
    %parti/s 1, 31, 6;
    %replicate 29;
    %load/vec4 v000001ce6417b970_0;
    %parti/s 3, 29, 6;
    %concat/vec4; draw_concat_vec4
    %store/vec4 v000001ce64147ab0_0, 0, 32;
    %jmp T_4.33;
T_4.30 ;
    %load/vec4 v000001ce6417b970_0;
    %parti/s 1, 31, 6;
    %replicate 30;
    %load/vec4 v000001ce6417b970_0;
    %parti/s 2, 30, 6;
    %concat/vec4; draw_concat_vec4
    %store/vec4 v000001ce64147ab0_0, 0, 32;
    %jmp T_4.33;
T_4.31 ;
    %load/vec4 v000001ce6417b970_0;
    %parti/s 1, 31, 6;
    %replicate 31;
    %load/vec4 v000001ce6417b970_0;
    %parti/s 1, 31, 6;
    %concat/vec4; draw_concat_vec4
    %store/vec4 v000001ce64147ab0_0, 0, 32;
    %jmp T_4.33;
T_4.33 ;
    %pop/vec4 1;
    %jmp T_4;
    .thread T_4, $push;
    .scope S_000001ce63c0af50;
T_5 ;
    %wait E_000001ce640cfde0;
    %load/vec4 v000001ce6417bbf0_0;
    %dup/vec4;
    %pushi/vec4 0, 0, 3;
    %cmp/u;
    %jmp/1 T_5.0, 6;
    %dup/vec4;
    %pushi/vec4 1, 0, 3;
    %cmp/u;
    %jmp/1 T_5.1, 6;
    %dup/vec4;
    %pushi/vec4 2, 0, 3;
    %cmp/u;
    %jmp/1 T_5.2, 6;
    %dup/vec4;
    %pushi/vec4 3, 0, 3;
    %cmp/u;
    %jmp/1 T_5.3, 6;
    %dup/vec4;
    %pushi/vec4 4, 0, 3;
    %cmp/u;
    %jmp/1 T_5.4, 6;
    %dup/vec4;
    %pushi/vec4 5, 0, 3;
    %cmp/u;
    %jmp/1 T_5.5, 6;
    %dup/vec4;
    %pushi/vec4 6, 0, 3;
    %cmp/u;
    %jmp/1 T_5.6, 6;
    %dup/vec4;
    %pushi/vec4 7, 0, 3;
    %cmp/u;
    %jmp/1 T_5.7, 6;
    %pushi/vec4 0, 0, 32;
    %store/vec4 v000001ce64147650_0, 0, 32;
    %jmp T_5.9;
T_5.0 ;
    %load/vec4 v000001ce6417bc90_0;
    %dup/vec4;
    %pushi/vec4 0, 0, 1;
    %cmp/u;
    %jmp/1 T_5.10, 6;
    %dup/vec4;
    %pushi/vec4 1, 0, 1;
    %cmp/u;
    %jmp/1 T_5.11, 6;
    %pushi/vec4 0, 0, 32;
    %store/vec4 v000001ce64147650_0, 0, 32;
    %jmp T_5.13;
T_5.10 ;
    %load/vec4 v000001ce6417b970_0;
    %load/vec4 v000001ce6417bab0_0;
    %add;
    %store/vec4 v000001ce64147650_0, 0, 32;
    %jmp T_5.13;
T_5.11 ;
    %load/vec4 v000001ce6417b970_0;
    %load/vec4 v000001ce6417bab0_0;
    %sub;
    %store/vec4 v000001ce64147650_0, 0, 32;
    %jmp T_5.13;
T_5.13 ;
    %pop/vec4 1;
    %jmp T_5.9;
T_5.1 ;
    %load/vec4 v000001ce64149590_0;
    %store/vec4 v000001ce64147650_0, 0, 32;
    %jmp T_5.9;
T_5.2 ;
    %pushi/vec4 0, 0, 31;
    %load/vec4 v000001ce641482d0_0;
    %concat/vec4; draw_concat_vec4
    %store/vec4 v000001ce64147650_0, 0, 32;
    %jmp T_5.9;
T_5.3 ;
    %pushi/vec4 0, 0, 31;
    %load/vec4 v000001ce641482d0_0;
    %concat/vec4; draw_concat_vec4
    %store/vec4 v000001ce64147650_0, 0, 32;
    %jmp T_5.9;
T_5.4 ;
    %load/vec4 v000001ce6417b970_0;
    %load/vec4 v000001ce6417bab0_0;
    %xor;
    %store/vec4 v000001ce64147650_0, 0, 32;
    %jmp T_5.9;
T_5.5 ;
    %load/vec4 v000001ce6417ae30_0;
    %dup/vec4;
    %pushi/vec4 0, 0, 1;
    %cmp/u;
    %jmp/1 T_5.14, 6;
    %dup/vec4;
    %pushi/vec4 1, 0, 1;
    %cmp/u;
    %jmp/1 T_5.15, 6;
    %pushi/vec4 0, 0, 32;
    %store/vec4 v000001ce64147650_0, 0, 32;
    %jmp T_5.17;
T_5.14 ;
    %load/vec4 v000001ce64148b90_0;
    %store/vec4 v000001ce64147650_0, 0, 32;
    %jmp T_5.17;
T_5.15 ;
    %load/vec4 v000001ce64147ab0_0;
    %store/vec4 v000001ce64147650_0, 0, 32;
    %jmp T_5.17;
T_5.17 ;
    %pop/vec4 1;
    %jmp T_5.9;
T_5.6 ;
    %load/vec4 v000001ce6417b970_0;
    %load/vec4 v000001ce6417bab0_0;
    %or;
    %store/vec4 v000001ce64147650_0, 0, 32;
    %jmp T_5.9;
T_5.7 ;
    %load/vec4 v000001ce6417b970_0;
    %load/vec4 v000001ce6417bab0_0;
    %and;
    %store/vec4 v000001ce64147650_0, 0, 32;
    %jmp T_5.9;
T_5.9 ;
    %pop/vec4 1;
    %jmp T_5;
    .thread T_5, $push;
    .scope S_000001ce63faebc0;
T_6 ;
    %wait E_000001ce640cf320;
    %load/vec4 v000001ce64148ff0_0;
    %dup/vec4;
    %pushi/vec4 0, 0, 3;
    %cmp/u;
    %jmp/1 T_6.0, 6;
    %dup/vec4;
    %pushi/vec4 4, 0, 3;
    %cmp/u;
    %jmp/1 T_6.1, 6;
    %dup/vec4;
    %pushi/vec4 1, 0, 3;
    %cmp/u;
    %jmp/1 T_6.2, 6;
    %dup/vec4;
    %pushi/vec4 5, 0, 3;
    %cmp/u;
    %jmp/1 T_6.3, 6;
    %dup/vec4;
    %pushi/vec4 2, 0, 3;
    %cmp/u;
    %jmp/1 T_6.4, 6;
    %pushi/vec4 0, 0, 4;
    %store/vec4 v000001ce6414a670_0, 0, 4;
    %jmp T_6.6;
T_6.0 ;
    %load/vec4 v000001ce6414a210_0;
    %dup/vec4;
    %pushi/vec4 0, 0, 2;
    %cmp/u;
    %jmp/1 T_6.7, 6;
    %dup/vec4;
    %pushi/vec4 1, 0, 2;
    %cmp/u;
    %jmp/1 T_6.8, 6;
    %dup/vec4;
    %pushi/vec4 2, 0, 2;
    %cmp/u;
    %jmp/1 T_6.9, 6;
    %dup/vec4;
    %pushi/vec4 3, 0, 2;
    %cmp/u;
    %jmp/1 T_6.10, 6;
    %pushi/vec4 0, 0, 4;
    %store/vec4 v000001ce6414a670_0, 0, 4;
    %jmp T_6.12;
T_6.7 ;
    %pushi/vec4 1, 0, 4;
    %store/vec4 v000001ce6414a670_0, 0, 4;
    %jmp T_6.12;
T_6.8 ;
    %pushi/vec4 2, 0, 4;
    %store/vec4 v000001ce6414a670_0, 0, 4;
    %jmp T_6.12;
T_6.9 ;
    %pushi/vec4 4, 0, 4;
    %store/vec4 v000001ce6414a670_0, 0, 4;
    %jmp T_6.12;
T_6.10 ;
    %pushi/vec4 8, 0, 4;
    %store/vec4 v000001ce6414a670_0, 0, 4;
    %jmp T_6.12;
T_6.12 ;
    %pop/vec4 1;
    %jmp T_6.6;
T_6.1 ;
    %load/vec4 v000001ce6414a210_0;
    %dup/vec4;
    %pushi/vec4 0, 0, 2;
    %cmp/u;
    %jmp/1 T_6.13, 6;
    %dup/vec4;
    %pushi/vec4 1, 0, 2;
    %cmp/u;
    %jmp/1 T_6.14, 6;
    %dup/vec4;
    %pushi/vec4 2, 0, 2;
    %cmp/u;
    %jmp/1 T_6.15, 6;
    %dup/vec4;
    %pushi/vec4 3, 0, 2;
    %cmp/u;
    %jmp/1 T_6.16, 6;
    %pushi/vec4 0, 0, 4;
    %store/vec4 v000001ce6414a670_0, 0, 4;
    %jmp T_6.18;
T_6.13 ;
    %pushi/vec4 1, 0, 4;
    %store/vec4 v000001ce6414a670_0, 0, 4;
    %jmp T_6.18;
T_6.14 ;
    %pushi/vec4 2, 0, 4;
    %store/vec4 v000001ce6414a670_0, 0, 4;
    %jmp T_6.18;
T_6.15 ;
    %pushi/vec4 4, 0, 4;
    %store/vec4 v000001ce6414a670_0, 0, 4;
    %jmp T_6.18;
T_6.16 ;
    %pushi/vec4 8, 0, 4;
    %store/vec4 v000001ce6414a670_0, 0, 4;
    %jmp T_6.18;
T_6.18 ;
    %pop/vec4 1;
    %jmp T_6.6;
T_6.2 ;
    %load/vec4 v000001ce6414a210_0;
    %parti/s 1, 1, 2;
    %dup/vec4;
    %pushi/vec4 0, 0, 1;
    %cmp/u;
    %jmp/1 T_6.19, 6;
    %dup/vec4;
    %pushi/vec4 1, 0, 1;
    %cmp/u;
    %jmp/1 T_6.20, 6;
    %pushi/vec4 0, 0, 4;
    %store/vec4 v000001ce6414a670_0, 0, 4;
    %jmp T_6.22;
T_6.19 ;
    %pushi/vec4 3, 0, 4;
    %store/vec4 v000001ce6414a670_0, 0, 4;
    %jmp T_6.22;
T_6.20 ;
    %pushi/vec4 12, 0, 4;
    %store/vec4 v000001ce6414a670_0, 0, 4;
    %jmp T_6.22;
T_6.22 ;
    %pop/vec4 1;
    %jmp T_6.6;
T_6.3 ;
    %load/vec4 v000001ce6414a210_0;
    %parti/s 1, 1, 2;
    %dup/vec4;
    %pushi/vec4 0, 0, 1;
    %cmp/u;
    %jmp/1 T_6.23, 6;
    %dup/vec4;
    %pushi/vec4 1, 0, 1;
    %cmp/u;
    %jmp/1 T_6.24, 6;
    %pushi/vec4 0, 0, 4;
    %store/vec4 v000001ce6414a670_0, 0, 4;
    %jmp T_6.26;
T_6.23 ;
    %pushi/vec4 3, 0, 4;
    %store/vec4 v000001ce6414a670_0, 0, 4;
    %jmp T_6.26;
T_6.24 ;
    %pushi/vec4 12, 0, 4;
    %store/vec4 v000001ce6414a670_0, 0, 4;
    %jmp T_6.26;
T_6.26 ;
    %pop/vec4 1;
    %jmp T_6.6;
T_6.4 ;
    %pushi/vec4 15, 0, 4;
    %store/vec4 v000001ce6414a670_0, 0, 4;
    %jmp T_6.6;
T_6.6 ;
    %pop/vec4 1;
    %jmp T_6;
    .thread T_6, $push;
    .scope S_000001ce63faebc0;
T_7 ;
    %wait E_000001ce640cf7a0;
    %load/vec4 v000001ce6414a210_0;
    %dup/vec4;
    %pushi/vec4 0, 0, 2;
    %cmp/u;
    %jmp/1 T_7.0, 6;
    %dup/vec4;
    %pushi/vec4 1, 0, 2;
    %cmp/u;
    %jmp/1 T_7.1, 6;
    %dup/vec4;
    %pushi/vec4 2, 0, 2;
    %cmp/u;
    %jmp/1 T_7.2, 6;
    %dup/vec4;
    %pushi/vec4 3, 0, 2;
    %cmp/u;
    %jmp/1 T_7.3, 6;
    %pushi/vec4 0, 0, 32;
    %store/vec4 v000001ce64149c70_0, 0, 32;
    %jmp T_7.5;
T_7.0 ;
    %load/vec4 v000001ce64147970_0;
    %store/vec4 v000001ce64149c70_0, 0, 32;
    %jmp T_7.5;
T_7.1 ;
    %load/vec4 v000001ce64147970_0;
    %parti/s 24, 0, 2;
    %concati/vec4 0, 0, 8;
    %store/vec4 v000001ce64149c70_0, 0, 32;
    %jmp T_7.5;
T_7.2 ;
    %load/vec4 v000001ce64147970_0;
    %parti/s 16, 0, 2;
    %concati/vec4 0, 0, 16;
    %store/vec4 v000001ce64149c70_0, 0, 32;
    %jmp T_7.5;
T_7.3 ;
    %load/vec4 v000001ce64147970_0;
    %parti/s 8, 0, 2;
    %concati/vec4 0, 0, 24;
    %store/vec4 v000001ce64149c70_0, 0, 32;
    %jmp T_7.5;
T_7.5 ;
    %pop/vec4 1;
    %jmp T_7;
    .thread T_7, $push;
    .scope S_000001ce63faebc0;
T_8 ;
    %wait E_000001ce640cf7a0;
    %load/vec4 v000001ce6414a210_0;
    %parti/s 1, 1, 2;
    %dup/vec4;
    %pushi/vec4 0, 0, 1;
    %cmp/u;
    %jmp/1 T_8.0, 6;
    %dup/vec4;
    %pushi/vec4 1, 0, 1;
    %cmp/u;
    %jmp/1 T_8.1, 6;
    %pushi/vec4 0, 0, 32;
    %store/vec4 v000001ce6414b2f0_0, 0, 32;
    %jmp T_8.3;
T_8.0 ;
    %load/vec4 v000001ce64147970_0;
    %store/vec4 v000001ce6414b2f0_0, 0, 32;
    %jmp T_8.3;
T_8.1 ;
    %load/vec4 v000001ce64147970_0;
    %parti/s 16, 0, 2;
    %concati/vec4 0, 0, 16;
    %store/vec4 v000001ce6414b2f0_0, 0, 32;
    %jmp T_8.3;
T_8.3 ;
    %pop/vec4 1;
    %jmp T_8;
    .thread T_8, $push;
    .scope S_000001ce63faebc0;
T_9 ;
    %wait E_000001ce640cf4e0;
    %load/vec4 v000001ce64148ff0_0;
    %dup/vec4;
    %pushi/vec4 0, 0, 3;
    %cmp/u;
    %jmp/1 T_9.0, 6;
    %dup/vec4;
    %pushi/vec4 1, 0, 3;
    %cmp/u;
    %jmp/1 T_9.1, 6;
    %dup/vec4;
    %pushi/vec4 2, 0, 3;
    %cmp/u;
    %jmp/1 T_9.2, 6;
    %pushi/vec4 0, 0, 32;
    %store/vec4 v000001ce6414aa30_0, 0, 32;
    %jmp T_9.4;
T_9.0 ;
    %load/vec4 v000001ce64149c70_0;
    %store/vec4 v000001ce6414aa30_0, 0, 32;
    %jmp T_9.4;
T_9.1 ;
    %load/vec4 v000001ce6414b2f0_0;
    %store/vec4 v000001ce6414aa30_0, 0, 32;
    %jmp T_9.4;
T_9.2 ;
    %load/vec4 v000001ce64147970_0;
    %store/vec4 v000001ce6414aa30_0, 0, 32;
    %jmp T_9.4;
T_9.4 ;
    %pop/vec4 1;
    %jmp T_9;
    .thread T_9, $push;
    .scope S_000001ce63faebc0;
T_10 ;
    %wait E_000001ce640cf760;
    %load/vec4 v000001ce6414a210_0;
    %dup/vec4;
    %pushi/vec4 0, 0, 2;
    %cmp/u;
    %jmp/1 T_10.0, 6;
    %dup/vec4;
    %pushi/vec4 1, 0, 2;
    %cmp/u;
    %jmp/1 T_10.1, 6;
    %dup/vec4;
    %pushi/vec4 2, 0, 2;
    %cmp/u;
    %jmp/1 T_10.2, 6;
    %dup/vec4;
    %pushi/vec4 3, 0, 2;
    %cmp/u;
    %jmp/1 T_10.3, 6;
    %pushi/vec4 0, 0, 32;
    %store/vec4 v000001ce6414afd0_0, 0, 32;
    %jmp T_10.5;
T_10.0 ;
    %load/vec4 v000001ce6414ad50_0;
    %store/vec4 v000001ce6414afd0_0, 0, 32;
    %jmp T_10.5;
T_10.1 ;
    %pushi/vec4 0, 0, 8;
    %load/vec4 v000001ce6414ad50_0;
    %parti/s 24, 8, 5;
    %concat/vec4; draw_concat_vec4
    %store/vec4 v000001ce6414afd0_0, 0, 32;
    %jmp T_10.5;
T_10.2 ;
    %pushi/vec4 0, 0, 16;
    %load/vec4 v000001ce6414ad50_0;
    %parti/s 16, 16, 6;
    %concat/vec4; draw_concat_vec4
    %store/vec4 v000001ce6414afd0_0, 0, 32;
    %jmp T_10.5;
T_10.3 ;
    %pushi/vec4 0, 0, 24;
    %load/vec4 v000001ce6414ad50_0;
    %parti/s 8, 24, 6;
    %concat/vec4; draw_concat_vec4
    %store/vec4 v000001ce6414afd0_0, 0, 32;
    %jmp T_10.5;
T_10.5 ;
    %pop/vec4 1;
    %jmp T_10;
    .thread T_10, $push;
    .scope S_000001ce63faebc0;
T_11 ;
    %wait E_000001ce640cf0a0;
    %load/vec4 v000001ce64148ff0_0;
    %dup/vec4;
    %pushi/vec4 0, 0, 3;
    %cmp/u;
    %jmp/1 T_11.0, 6;
    %dup/vec4;
    %pushi/vec4 4, 0, 3;
    %cmp/u;
    %jmp/1 T_11.1, 6;
    %dup/vec4;
    %pushi/vec4 1, 0, 3;
    %cmp/u;
    %jmp/1 T_11.2, 6;
    %dup/vec4;
    %pushi/vec4 5, 0, 3;
    %cmp/u;
    %jmp/1 T_11.3, 6;
    %dup/vec4;
    %pushi/vec4 2, 0, 3;
    %cmp/u;
    %jmp/1 T_11.4, 6;
    %pushi/vec4 0, 0, 32;
    %store/vec4 v000001ce6414acb0_0, 0, 32;
    %jmp T_11.6;
T_11.0 ;
    %load/vec4 v000001ce64149e50_0;
    %parti/s 1, 7, 4;
    %replicate 24;
    %load/vec4 v000001ce64149e50_0;
    %concat/vec4; draw_concat_vec4
    %store/vec4 v000001ce6414acb0_0, 0, 32;
    %jmp T_11.6;
T_11.1 ;
    %pushi/vec4 0, 0, 24;
    %load/vec4 v000001ce64149e50_0;
    %concat/vec4; draw_concat_vec4
    %store/vec4 v000001ce6414acb0_0, 0, 32;
    %jmp T_11.6;
T_11.2 ;
    %load/vec4 v000001ce6414a850_0;
    %parti/s 1, 15, 5;
    %replicate 16;
    %load/vec4 v000001ce6414a850_0;
    %concat/vec4; draw_concat_vec4
    %store/vec4 v000001ce6414acb0_0, 0, 32;
    %jmp T_11.6;
T_11.3 ;
    %pushi/vec4 0, 0, 16;
    %load/vec4 v000001ce6414a850_0;
    %concat/vec4; draw_concat_vec4
    %store/vec4 v000001ce6414acb0_0, 0, 32;
    %jmp T_11.6;
T_11.4 ;
    %load/vec4 v000001ce6414afd0_0;
    %store/vec4 v000001ce6414acb0_0, 0, 32;
    %jmp T_11.6;
T_11.6 ;
    %pop/vec4 1;
    %jmp T_11;
    .thread T_11, $push;
    .scope S_000001ce64115da0;
T_12 ;
    %wait E_000001ce640cf6e0;
    %load/vec4 v000001ce64183e90_0;
    %flag_set/vec4 8;
    %jmp/0xz  T_12.0, 8;
    %pushi/vec4 0, 0, 32;
    %assign/vec4 v000001ce641926d0_0, 0;
    %pushi/vec4 0, 0, 1;
    %assign/vec4 v000001ce641838f0_0, 0;
    %pushi/vec4 0, 0, 1;
    %assign/vec4 v000001ce6418c550_0, 0;
    %pushi/vec4 0, 0, 1;
    %assign/vec4 v000001ce6418bd30_0, 0;
    %pushi/vec4 0, 0, 32;
    %assign/vec4 v000001ce6418bdd0_0, 0;
    %pushi/vec4 0, 0, 1;
    %assign/vec4 v000001ce6418c410_0, 0;
    %pushi/vec4 0, 0, 32;
    %assign/vec4 v000001ce6418b150_0, 0;
    %pushi/vec4 0, 0, 32;
    %assign/vec4 v000001ce6418c5f0_0, 0;
    %pushi/vec4 0, 0, 32;
    %assign/vec4 v000001ce6418bab0_0, 0;
    %pushi/vec4 0, 0, 1;
    %assign/vec4 v000001ce6418c230_0, 0;
    %pushi/vec4 0, 0, 32;
    %assign/vec4 v000001ce6418b3d0_0, 0;
    %pushi/vec4 0, 0, 32;
    %assign/vec4 v000001ce6418ba10_0, 0;
    %pushi/vec4 0, 0, 32;
    %assign/vec4 v000001ce64183490_0, 0;
    %pushi/vec4 0, 0, 5;
    %assign/vec4 v000001ce6418c7d0_0, 0;
    %pushi/vec4 0, 0, 5;
    %assign/vec4 v000001ce6418c190_0, 0;
    %pushi/vec4 0, 0, 5;
    %assign/vec4 v000001ce6418b470_0, 0;
    %pushi/vec4 0, 0, 32;
    %assign/vec4 v000001ce6418ce10_0, 0;
    %pushi/vec4 0, 0, 32;
    %assign/vec4 v000001ce6418d270_0, 0;
    %pushi/vec4 0, 0, 32;
    %assign/vec4 v000001ce6418b6f0_0, 0;
    %pushi/vec4 0, 0, 7;
    %assign/vec4 v000001ce6418d4f0_0, 0;
    %pushi/vec4 0, 0, 3;
    %assign/vec4 v000001ce641823b0_0, 0;
    %pushi/vec4 0, 0, 7;
    %assign/vec4 v000001ce64182450_0, 0;
    %pushi/vec4 0, 0, 1;
    %assign/vec4 v000001ce64183df0_0, 0;
    %pushi/vec4 0, 0, 1;
    %assign/vec4 v000001ce6418bf10_0, 0;
    %pushi/vec4 0, 0, 3;
    %assign/vec4 v000001ce64184750_0, 0;
    %pushi/vec4 0, 0, 1;
    %assign/vec4 v000001ce6418bbf0_0, 0;
    %pushi/vec4 0, 0, 1;
    %assign/vec4 v000001ce6418b8d0_0, 0;
    %pushi/vec4 0, 0, 1;
    %assign/vec4 v000001ce6418bb50_0, 0;
    %pushi/vec4 0, 0, 1;
    %assign/vec4 v000001ce64182130_0, 0;
    %pushi/vec4 0, 0, 1;
    %assign/vec4 v000001ce64183170_0, 0;
    %pushi/vec4 0, 0, 1;
    %assign/vec4 v000001ce6418caf0_0, 0;
    %pushi/vec4 0, 0, 1;
    %assign/vec4 v000001ce64183cb0_0, 0;
    %pushi/vec4 0, 0, 1;
    %assign/vec4 v000001ce64182270_0, 0;
    %pushi/vec4 0, 0, 1;
    %assign/vec4 v000001ce64183350_0, 0;
    %pushi/vec4 0, 0, 1;
    %assign/vec4 v000001ce64183c10_0, 0;
    %pushi/vec4 0, 0, 1;
    %assign/vec4 v000001ce64182630_0, 0;
    %pushi/vec4 0, 0, 32;
    %assign/vec4 v000001ce64189b10_0, 0;
    %pushi/vec4 0, 0, 32;
    %assign/vec4 v000001ce64189a70_0, 0;
    %pushi/vec4 0, 0, 32;
    %assign/vec4 v000001ce641899d0_0, 0;
    %pushi/vec4 0, 0, 32;
    %assign/vec4 v000001ce64188df0_0, 0;
    %pushi/vec4 0, 0, 5;
    %assign/vec4 v000001ce641833f0_0, 0;
    %pushi/vec4 0, 0, 5;
    %assign/vec4 v000001ce641844d0_0, 0;
    %pushi/vec4 0, 0, 5;
    %assign/vec4 v000001ce64189d90_0, 0;
    %pushi/vec4 0, 0, 32;
    %assign/vec4 v000001ce641847f0_0, 0;
    %pushi/vec4 0, 0, 32;
    %assign/vec4 v000001ce64183530_0, 0;
    %pushi/vec4 0, 0, 32;
    %assign/vec4 v000001ce64189890_0, 0;
    %pushi/vec4 0, 0, 32;
    %assign/vec4 v000001ce64187310_0, 0;
    %pushi/vec4 0, 0, 32;
    %assign/vec4 v000001ce64183030_0, 0;
    %pushi/vec4 0, 0, 3;
    %assign/vec4 v000001ce641897f0_0, 0;
    %pushi/vec4 0, 0, 1;
    %assign/vec4 v000001ce64187f90_0, 0;
    %pushi/vec4 0, 0, 1;
    %assign/vec4 v000001ce641876d0_0, 0;
    %pushi/vec4 0, 0, 1;
    %assign/vec4 v000001ce64187db0_0, 0;
    %pushi/vec4 0, 0, 1;
    %assign/vec4 v000001ce641874f0_0, 0;
    %pushi/vec4 0, 0, 1;
    %assign/vec4 v000001ce64187270_0, 0;
    %pushi/vec4 0, 0, 1;
    %assign/vec4 v000001ce64184250_0, 0;
    %pushi/vec4 0, 0, 1;
    %assign/vec4 v000001ce64188d50_0, 0;
    %pushi/vec4 0, 0, 1;
    %assign/vec4 v000001ce64189f70_0, 0;
    %pushi/vec4 0, 0, 1;
    %assign/vec4 v000001ce64189110_0, 0;
    %pushi/vec4 0, 0, 1;
    %assign/vec4 v000001ce64189750_0, 0;
    %pushi/vec4 0, 0, 1;
    %assign/vec4 v000001ce64191370_0, 0;
    %pushi/vec4 0, 0, 32;
    %assign/vec4 v000001ce6418fed0_0, 0;
    %pushi/vec4 0, 0, 32;
    %assign/vec4 v000001ce6418e3f0_0, 0;
    %pushi/vec4 0, 0, 32;
    %assign/vec4 v000001ce6418d9f0_0, 0;
    %pushi/vec4 0, 0, 32;
    %assign/vec4 v000001ce6418f1b0_0, 0;
    %pushi/vec4 0, 0, 5;
    %assign/vec4 v000001ce64191cd0_0, 0;
    %pushi/vec4 0, 0, 5;
    %assign/vec4 v000001ce64191230_0, 0;
    %pushi/vec4 0, 0, 5;
    %assign/vec4 v000001ce6418e670_0, 0;
    %pushi/vec4 0, 0, 32;
    %assign/vec4 v000001ce64191190_0, 0;
    %pushi/vec4 0, 0, 32;
    %assign/vec4 v000001ce641912d0_0, 0;
    %pushi/vec4 0, 0, 32;
    %assign/vec4 v000001ce6418ef30_0, 0;
    %pushi/vec4 0, 0, 32;
    %assign/vec4 v000001ce6418f430_0, 0;
    %pushi/vec4 0, 0, 32;
    %assign/vec4 v000001ce6418f930_0, 0;
    %pushi/vec4 0, 0, 32;
    %assign/vec4 v000001ce6418e5d0_0, 0;
    %pushi/vec4 0, 0, 1;
    %assign/vec4 v000001ce6418e170_0, 0;
    %pushi/vec4 0, 0, 1;
    %assign/vec4 v000001ce6418d8b0_0, 0;
    %pushi/vec4 0, 0, 4;
    %assign/vec4 v000001ce6418fbb0_0, 0;
    %pushi/vec4 0, 0, 32;
    %assign/vec4 v000001ce6418ead0_0, 0;
    %pushi/vec4 0, 0, 32;
    %assign/vec4 v000001ce6418e030_0, 0;
    %pushi/vec4 0, 0, 1;
    %assign/vec4 v000001ce6418ecb0_0, 0;
    %pushi/vec4 0, 0, 1;
    %assign/vec4 v000001ce6418e990_0, 0;
    %pushi/vec4 0, 0, 1;
    %assign/vec4 v000001ce6418f250_0, 0;
    %pushi/vec4 0, 0, 1;
    %assign/vec4 v000001ce6418ed50_0, 0;
    %pushi/vec4 0, 0, 1;
    %assign/vec4 v000001ce6418f390_0, 0;
    %pushi/vec4 0, 0, 1;
    %assign/vec4 v000001ce6418ff70_0, 0;
    %pushi/vec4 0, 0, 1;
    %assign/vec4 v000001ce6418fd90_0, 0;
    %pushi/vec4 0, 0, 1;
    %assign/vec4 v000001ce6418f070_0, 0;
    %jmp T_12.1;
T_12.0 ;
    %load/vec4 v000001ce641900b0_0;
    %flag_set/vec4 8;
    %jmp/0xz  T_12.2, 8;
    %pushi/vec4 1, 0, 1;
    %assign/vec4 v000001ce641838f0_0, 0;
    %pushi/vec4 0, 0, 1;
    %assign/vec4 v000001ce6418c550_0, 0;
    %pushi/vec4 0, 0, 1;
    %assign/vec4 v000001ce6418bd30_0, 0;
    %pushi/vec4 0, 0, 32;
    %assign/vec4 v000001ce6418bdd0_0, 0;
    %pushi/vec4 0, 0, 1;
    %assign/vec4 v000001ce6418c410_0, 0;
    %pushi/vec4 0, 0, 32;
    %assign/vec4 v000001ce6418b150_0, 0;
    %pushi/vec4 0, 0, 32;
    %assign/vec4 v000001ce6418c5f0_0, 0;
    %pushi/vec4 0, 0, 32;
    %assign/vec4 v000001ce6418bab0_0, 0;
    %pushi/vec4 0, 0, 1;
    %assign/vec4 v000001ce6418c230_0, 0;
    %pushi/vec4 0, 0, 32;
    %assign/vec4 v000001ce6418b3d0_0, 0;
    %pushi/vec4 0, 0, 32;
    %assign/vec4 v000001ce6418ba10_0, 0;
    %pushi/vec4 0, 0, 32;
    %assign/vec4 v000001ce64183490_0, 0;
    %pushi/vec4 0, 0, 5;
    %assign/vec4 v000001ce6418c7d0_0, 0;
    %pushi/vec4 0, 0, 5;
    %assign/vec4 v000001ce6418c190_0, 0;
    %pushi/vec4 0, 0, 5;
    %assign/vec4 v000001ce6418b470_0, 0;
    %pushi/vec4 0, 0, 32;
    %assign/vec4 v000001ce6418ce10_0, 0;
    %pushi/vec4 0, 0, 32;
    %assign/vec4 v000001ce6418d270_0, 0;
    %pushi/vec4 0, 0, 32;
    %assign/vec4 v000001ce6418b6f0_0, 0;
    %pushi/vec4 0, 0, 7;
    %assign/vec4 v000001ce6418d4f0_0, 0;
    %pushi/vec4 0, 0, 3;
    %assign/vec4 v000001ce641823b0_0, 0;
    %pushi/vec4 0, 0, 7;
    %assign/vec4 v000001ce64182450_0, 0;
    %pushi/vec4 0, 0, 1;
    %assign/vec4 v000001ce64183df0_0, 0;
    %pushi/vec4 0, 0, 1;
    %assign/vec4 v000001ce6418bf10_0, 0;
    %pushi/vec4 0, 0, 3;
    %assign/vec4 v000001ce64184750_0, 0;
    %pushi/vec4 0, 0, 1;
    %assign/vec4 v000001ce6418bbf0_0, 0;
    %pushi/vec4 0, 0, 1;
    %assign/vec4 v000001ce6418b8d0_0, 0;
    %pushi/vec4 0, 0, 1;
    %assign/vec4 v000001ce6418bb50_0, 0;
    %pushi/vec4 0, 0, 1;
    %assign/vec4 v000001ce64182130_0, 0;
    %pushi/vec4 0, 0, 1;
    %assign/vec4 v000001ce64183170_0, 0;
    %pushi/vec4 0, 0, 1;
    %assign/vec4 v000001ce6418caf0_0, 0;
    %pushi/vec4 0, 0, 1;
    %assign/vec4 v000001ce64183cb0_0, 0;
    %pushi/vec4 0, 0, 1;
    %assign/vec4 v000001ce64182270_0, 0;
    %pushi/vec4 0, 0, 1;
    %assign/vec4 v000001ce64183350_0, 0;
    %pushi/vec4 0, 0, 1;
    %assign/vec4 v000001ce64183c10_0, 0;
    %pushi/vec4 0, 0, 1;
    %assign/vec4 v000001ce64182630_0, 0;
    %pushi/vec4 0, 0, 32;
    %assign/vec4 v000001ce64189b10_0, 0;
    %pushi/vec4 0, 0, 32;
    %assign/vec4 v000001ce64189a70_0, 0;
    %pushi/vec4 0, 0, 32;
    %assign/vec4 v000001ce641899d0_0, 0;
    %pushi/vec4 0, 0, 32;
    %assign/vec4 v000001ce64188df0_0, 0;
    %pushi/vec4 0, 0, 5;
    %assign/vec4 v000001ce641833f0_0, 0;
    %pushi/vec4 0, 0, 5;
    %assign/vec4 v000001ce641844d0_0, 0;
    %pushi/vec4 0, 0, 5;
    %assign/vec4 v000001ce64189d90_0, 0;
    %pushi/vec4 0, 0, 32;
    %assign/vec4 v000001ce641847f0_0, 0;
    %pushi/vec4 0, 0, 32;
    %assign/vec4 v000001ce64183530_0, 0;
    %pushi/vec4 0, 0, 32;
    %assign/vec4 v000001ce64189890_0, 0;
    %pushi/vec4 0, 0, 32;
    %assign/vec4 v000001ce64187310_0, 0;
    %pushi/vec4 0, 0, 32;
    %assign/vec4 v000001ce64183030_0, 0;
    %pushi/vec4 0, 0, 3;
    %assign/vec4 v000001ce641897f0_0, 0;
    %pushi/vec4 0, 0, 1;
    %assign/vec4 v000001ce64187f90_0, 0;
    %pushi/vec4 0, 0, 1;
    %assign/vec4 v000001ce641876d0_0, 0;
    %pushi/vec4 0, 0, 1;
    %assign/vec4 v000001ce64187db0_0, 0;
    %pushi/vec4 0, 0, 1;
    %assign/vec4 v000001ce641874f0_0, 0;
    %pushi/vec4 0, 0, 1;
    %assign/vec4 v000001ce64187270_0, 0;
    %pushi/vec4 0, 0, 1;
    %assign/vec4 v000001ce64184250_0, 0;
    %pushi/vec4 0, 0, 1;
    %assign/vec4 v000001ce64188d50_0, 0;
    %pushi/vec4 0, 0, 1;
    %assign/vec4 v000001ce64189f70_0, 0;
    %pushi/vec4 0, 0, 1;
    %assign/vec4 v000001ce64189110_0, 0;
    %pushi/vec4 0, 0, 1;
    %assign/vec4 v000001ce64189750_0, 0;
    %pushi/vec4 0, 0, 1;
    %assign/vec4 v000001ce64191370_0, 0;
    %pushi/vec4 0, 0, 32;
    %assign/vec4 v000001ce6418fed0_0, 0;
    %pushi/vec4 0, 0, 32;
    %assign/vec4 v000001ce6418e3f0_0, 0;
    %pushi/vec4 0, 0, 32;
    %assign/vec4 v000001ce6418d9f0_0, 0;
    %pushi/vec4 0, 0, 32;
    %assign/vec4 v000001ce6418f1b0_0, 0;
    %pushi/vec4 0, 0, 5;
    %assign/vec4 v000001ce64191cd0_0, 0;
    %pushi/vec4 0, 0, 5;
    %assign/vec4 v000001ce64191230_0, 0;
    %pushi/vec4 0, 0, 5;
    %assign/vec4 v000001ce6418e670_0, 0;
    %pushi/vec4 0, 0, 32;
    %assign/vec4 v000001ce64191190_0, 0;
    %pushi/vec4 0, 0, 32;
    %assign/vec4 v000001ce641912d0_0, 0;
    %pushi/vec4 0, 0, 32;
    %assign/vec4 v000001ce6418ef30_0, 0;
    %pushi/vec4 0, 0, 32;
    %assign/vec4 v000001ce6418f430_0, 0;
    %pushi/vec4 0, 0, 32;
    %assign/vec4 v000001ce6418f930_0, 0;
    %pushi/vec4 0, 0, 32;
    %assign/vec4 v000001ce6418e5d0_0, 0;
    %pushi/vec4 0, 0, 1;
    %assign/vec4 v000001ce6418e170_0, 0;
    %pushi/vec4 0, 0, 1;
    %assign/vec4 v000001ce6418d8b0_0, 0;
    %pushi/vec4 0, 0, 4;
    %assign/vec4 v000001ce6418fbb0_0, 0;
    %pushi/vec4 0, 0, 32;
    %assign/vec4 v000001ce6418ead0_0, 0;
    %pushi/vec4 0, 0, 32;
    %assign/vec4 v000001ce6418e030_0, 0;
    %pushi/vec4 0, 0, 1;
    %assign/vec4 v000001ce6418ecb0_0, 0;
    %pushi/vec4 0, 0, 1;
    %assign/vec4 v000001ce6418e990_0, 0;
    %pushi/vec4 0, 0, 1;
    %assign/vec4 v000001ce6418f250_0, 0;
    %pushi/vec4 0, 0, 1;
    %assign/vec4 v000001ce6418ed50_0, 0;
    %pushi/vec4 0, 0, 1;
    %assign/vec4 v000001ce6418f390_0, 0;
    %pushi/vec4 0, 0, 1;
    %assign/vec4 v000001ce6418ff70_0, 0;
    %pushi/vec4 0, 0, 1;
    %assign/vec4 v000001ce6418fd90_0, 0;
    %pushi/vec4 0, 0, 1;
    %assign/vec4 v000001ce6418f070_0, 0;
    %jmp T_12.3;
T_12.2 ;
    %load/vec4 v000001ce641838f0_0;
    %inv;
    %flag_set/vec4 8;
    %jmp/0xz  T_12.4, 8;
    %load/vec4 v000001ce641842f0_0;
    %flag_set/vec4 8;
    %jmp/0xz  T_12.6, 8;
    %load/vec4 v000001ce641917d0_0;
    %assign/vec4 v000001ce641926d0_0, 0;
    %jmp T_12.7;
T_12.6 ;
    %load/vec4 v000001ce6418e530_0;
    %flag_set/vec4 8;
    %jmp/0xz  T_12.8, 8;
    %load/vec4 v000001ce641917d0_0;
    %assign/vec4 v000001ce641926d0_0, 0;
T_12.8 ;
T_12.7 ;
    %load/vec4 v000001ce6418fe30_0;
    %flag_set/vec4 8;
    %jmp/0xz  T_12.10, 8;
    %pushi/vec4 0, 0, 1;
    %assign/vec4 v000001ce6418c550_0, 0;
    %pushi/vec4 0, 0, 1;
    %assign/vec4 v000001ce6418bd30_0, 0;
    %pushi/vec4 0, 0, 32;
    %assign/vec4 v000001ce6418bdd0_0, 0;
    %jmp T_12.11;
T_12.10 ;
    %load/vec4 v000001ce6418e530_0;
    %flag_set/vec4 8;
    %jmp/0xz  T_12.12, 8;
    %pushi/vec4 1, 0, 1;
    %assign/vec4 v000001ce6418c550_0, 0;
    %pushi/vec4 0, 0, 1;
    %assign/vec4 v000001ce6418bd30_0, 0;
    %load/vec4 v000001ce6418b510_0;
    %assign/vec4 v000001ce6418bdd0_0, 0;
    %jmp T_12.13;
T_12.12 ;
    %load/vec4 v000001ce641842f0_0;
    %flag_set/vec4 9;
    %flag_get/vec4 9;
    %jmp/0 T_12.16, 9;
    %load/vec4 v000001ce6418c550_0;
    %and;
T_12.16;
    %flag_set/vec4 8;
    %jmp/0xz  T_12.14, 8;
    %pushi/vec4 1, 0, 1;
    %assign/vec4 v000001ce6418bd30_0, 0;
T_12.14 ;
T_12.13 ;
T_12.11 ;
    %load/vec4 v000001ce641842f0_0;
    %flag_set/vec4 8;
    %jmp/0xz  T_12.17, 8;
    %pushi/vec4 0, 0, 1;
    %assign/vec4 v000001ce6418c410_0, 0;
    %pushi/vec4 0, 0, 32;
    %assign/vec4 v000001ce6418b150_0, 0;
    %pushi/vec4 0, 0, 32;
    %assign/vec4 v000001ce6418c5f0_0, 0;
    %pushi/vec4 0, 0, 32;
    %assign/vec4 v000001ce6418bab0_0, 0;
    %pushi/vec4 0, 0, 1;
    %assign/vec4 v000001ce6418c230_0, 0;
    %pushi/vec4 0, 0, 32;
    %assign/vec4 v000001ce6418b3d0_0, 0;
    %pushi/vec4 0, 0, 32;
    %assign/vec4 v000001ce6418ba10_0, 0;
    %pushi/vec4 0, 0, 32;
    %assign/vec4 v000001ce64183490_0, 0;
    %pushi/vec4 0, 0, 5;
    %assign/vec4 v000001ce6418c7d0_0, 0;
    %pushi/vec4 0, 0, 5;
    %assign/vec4 v000001ce6418c190_0, 0;
    %pushi/vec4 0, 0, 5;
    %assign/vec4 v000001ce6418b470_0, 0;
    %pushi/vec4 0, 0, 32;
    %assign/vec4 v000001ce6418ce10_0, 0;
    %pushi/vec4 0, 0, 32;
    %assign/vec4 v000001ce6418d270_0, 0;
    %pushi/vec4 0, 0, 32;
    %assign/vec4 v000001ce6418b6f0_0, 0;
    %pushi/vec4 0, 0, 7;
    %assign/vec4 v000001ce6418d4f0_0, 0;
    %pushi/vec4 0, 0, 3;
    %assign/vec4 v000001ce641823b0_0, 0;
    %pushi/vec4 0, 0, 7;
    %assign/vec4 v000001ce64182450_0, 0;
    %pushi/vec4 0, 0, 1;
    %assign/vec4 v000001ce64183df0_0, 0;
    %pushi/vec4 0, 0, 1;
    %assign/vec4 v000001ce6418bf10_0, 0;
    %pushi/vec4 0, 0, 3;
    %assign/vec4 v000001ce64184750_0, 0;
    %pushi/vec4 0, 0, 1;
    %assign/vec4 v000001ce6418bbf0_0, 0;
    %pushi/vec4 0, 0, 1;
    %assign/vec4 v000001ce6418b8d0_0, 0;
    %pushi/vec4 0, 0, 1;
    %assign/vec4 v000001ce6418bb50_0, 0;
    %pushi/vec4 0, 0, 1;
    %assign/vec4 v000001ce64182130_0, 0;
    %pushi/vec4 0, 0, 1;
    %assign/vec4 v000001ce64183170_0, 0;
    %pushi/vec4 0, 0, 1;
    %assign/vec4 v000001ce6418caf0_0, 0;
    %pushi/vec4 0, 0, 1;
    %assign/vec4 v000001ce64183cb0_0, 0;
    %pushi/vec4 0, 0, 1;
    %assign/vec4 v000001ce64182270_0, 0;
    %pushi/vec4 0, 0, 1;
    %assign/vec4 v000001ce64183350_0, 0;
    %pushi/vec4 0, 0, 1;
    %assign/vec4 v000001ce64183c10_0, 0;
    %jmp T_12.18;
T_12.17 ;
    %load/vec4 v000001ce6418e850_0;
    %flag_set/vec4 8;
    %jmp/0xz  T_12.19, 8;
    %load/vec4 v000001ce6418f610_0;
    %flag_set/vec4 8;
    %jmp/0xz  T_12.21, 8;
    %load/vec4 v000001ce6418c4b0_0;
    %assign/vec4 v000001ce6418c410_0, 0;
    %load/vec4 v000001ce6418b1f0_0;
    %assign/vec4 v000001ce6418b150_0, 0;
    %load/vec4 v000001ce6418b290_0;
    %assign/vec4 v000001ce6418c5f0_0, 0;
    %load/vec4 v000001ce6418b830_0;
    %assign/vec4 v000001ce6418bab0_0, 0;
T_12.21 ;
    %jmp T_12.20;
T_12.19 ;
    %load/vec4 v000001ce64182b30_0;
    %flag_set/vec4 8;
    %jmp/0xz  T_12.23, 8;
    %pushi/vec4 0, 0, 1;
    %assign/vec4 v000001ce6418c230_0, 0;
    %pushi/vec4 0, 0, 32;
    %assign/vec4 v000001ce6418b3d0_0, 0;
    %pushi/vec4 0, 0, 32;
    %assign/vec4 v000001ce6418ba10_0, 0;
    %pushi/vec4 0, 0, 32;
    %assign/vec4 v000001ce64183490_0, 0;
    %pushi/vec4 0, 0, 5;
    %assign/vec4 v000001ce6418c7d0_0, 0;
    %pushi/vec4 0, 0, 5;
    %assign/vec4 v000001ce6418c190_0, 0;
    %pushi/vec4 0, 0, 5;
    %assign/vec4 v000001ce6418b470_0, 0;
    %pushi/vec4 0, 0, 32;
    %assign/vec4 v000001ce6418ce10_0, 0;
    %pushi/vec4 0, 0, 32;
    %assign/vec4 v000001ce6418d270_0, 0;
    %pushi/vec4 0, 0, 32;
    %assign/vec4 v000001ce6418b6f0_0, 0;
    %pushi/vec4 0, 0, 7;
    %assign/vec4 v000001ce6418d4f0_0, 0;
    %pushi/vec4 0, 0, 3;
    %assign/vec4 v000001ce641823b0_0, 0;
    %pushi/vec4 0, 0, 7;
    %assign/vec4 v000001ce64182450_0, 0;
    %pushi/vec4 0, 0, 1;
    %assign/vec4 v000001ce64183df0_0, 0;
    %pushi/vec4 0, 0, 1;
    %assign/vec4 v000001ce6418bf10_0, 0;
    %pushi/vec4 0, 0, 3;
    %assign/vec4 v000001ce64184750_0, 0;
    %pushi/vec4 0, 0, 1;
    %assign/vec4 v000001ce6418bbf0_0, 0;
    %pushi/vec4 0, 0, 1;
    %assign/vec4 v000001ce6418b8d0_0, 0;
    %pushi/vec4 0, 0, 1;
    %assign/vec4 v000001ce6418bb50_0, 0;
    %pushi/vec4 0, 0, 1;
    %assign/vec4 v000001ce64182130_0, 0;
    %pushi/vec4 0, 0, 1;
    %assign/vec4 v000001ce64183170_0, 0;
    %pushi/vec4 0, 0, 1;
    %assign/vec4 v000001ce6418caf0_0, 0;
    %pushi/vec4 0, 0, 1;
    %assign/vec4 v000001ce64183cb0_0, 0;
    %pushi/vec4 0, 0, 1;
    %assign/vec4 v000001ce64182270_0, 0;
    %pushi/vec4 0, 0, 1;
    %assign/vec4 v000001ce64183350_0, 0;
    %pushi/vec4 0, 0, 1;
    %assign/vec4 v000001ce64183c10_0, 0;
    %jmp T_12.24;
T_12.23 ;
    %load/vec4 v000001ce6418c4b0_0;
    %assign/vec4 v000001ce6418c410_0, 0;
    %load/vec4 v000001ce6418b1f0_0;
    %assign/vec4 v000001ce6418b150_0, 0;
    %load/vec4 v000001ce6418b290_0;
    %assign/vec4 v000001ce6418c5f0_0, 0;
    %load/vec4 v000001ce6418b830_0;
    %assign/vec4 v000001ce6418bab0_0, 0;
    %load/vec4 v000001ce6418ca50_0;
    %assign/vec4 v000001ce6418c230_0, 0;
    %load/vec4 v000001ce6418d630_0;
    %assign/vec4 v000001ce6418b3d0_0, 0;
    %load/vec4 v000001ce6418c730_0;
    %assign/vec4 v000001ce6418ba10_0, 0;
    %load/vec4 v000001ce64183850_0;
    %assign/vec4 v000001ce64183490_0, 0;
    %load/vec4 v000001ce6418d090_0;
    %assign/vec4 v000001ce6418c7d0_0, 0;
    %load/vec4 v000001ce6418c870_0;
    %assign/vec4 v000001ce6418c190_0, 0;
    %load/vec4 v000001ce6418c0f0_0;
    %assign/vec4 v000001ce6418b470_0, 0;
    %load/vec4 v000001ce6418c9b0_0;
    %assign/vec4 v000001ce6418ce10_0, 0;
    %load/vec4 v000001ce6418cff0_0;
    %assign/vec4 v000001ce6418d270_0, 0;
    %load/vec4 v000001ce6418be70_0;
    %assign/vec4 v000001ce6418b6f0_0, 0;
    %load/vec4 v000001ce6418d590_0;
    %assign/vec4 v000001ce6418d4f0_0, 0;
    %load/vec4 v000001ce641832b0_0;
    %assign/vec4 v000001ce641823b0_0, 0;
    %load/vec4 v000001ce641824f0_0;
    %assign/vec4 v000001ce64182450_0, 0;
    %load/vec4 v000001ce64183f30_0;
    %assign/vec4 v000001ce64183df0_0, 0;
    %load/vec4 v000001ce6418bfb0_0;
    %assign/vec4 v000001ce6418bf10_0, 0;
    %load/vec4 v000001ce64183b70_0;
    %assign/vec4 v000001ce64184750_0, 0;
    %load/vec4 v000001ce6418b970_0;
    %assign/vec4 v000001ce6418bbf0_0, 0;
    %load/vec4 v000001ce6418cd70_0;
    %assign/vec4 v000001ce6418b8d0_0, 0;
    %load/vec4 v000001ce6418c050_0;
    %assign/vec4 v000001ce6418bb50_0, 0;
    %load/vec4 v000001ce641821d0_0;
    %assign/vec4 v000001ce64182130_0, 0;
    %load/vec4 v000001ce64183210_0;
    %assign/vec4 v000001ce64183170_0, 0;
    %load/vec4 v000001ce6418cb90_0;
    %assign/vec4 v000001ce6418caf0_0, 0;
    %load/vec4 v000001ce64183d50_0;
    %assign/vec4 v000001ce64183cb0_0, 0;
    %load/vec4 v000001ce64182310_0;
    %assign/vec4 v000001ce64182270_0, 0;
    %load/vec4 v000001ce64182590_0;
    %assign/vec4 v000001ce64183350_0, 0;
    %load/vec4 v000001ce64183670_0;
    %assign/vec4 v000001ce64183c10_0, 0;
T_12.24 ;
T_12.20 ;
T_12.18 ;
    %load/vec4 v000001ce6418e850_0;
    %flag_set/vec4 8;
    %jmp/0xz  T_12.25, 8;
    %load/vec4 v000001ce64189750_0;
    %load/vec4 v000001ce64188e90_0;
    %or;
    %assign/vec4 v000001ce64189750_0, 0;
    %jmp T_12.26;
T_12.25 ;
    %load/vec4 v000001ce641835d0_0;
    %assign/vec4 v000001ce64182630_0, 0;
    %load/vec4 v000001ce64189930_0;
    %assign/vec4 v000001ce64189b10_0, 0;
    %load/vec4 v000001ce64189c50_0;
    %assign/vec4 v000001ce64189a70_0, 0;
    %load/vec4 v000001ce64189ed0_0;
    %assign/vec4 v000001ce641899d0_0, 0;
    %load/vec4 v000001ce64187d10_0;
    %assign/vec4 v000001ce64188df0_0, 0;
    %load/vec4 v000001ce64182810_0;
    %assign/vec4 v000001ce641833f0_0, 0;
    %load/vec4 v000001ce64182090_0;
    %assign/vec4 v000001ce641844d0_0, 0;
    %load/vec4 v000001ce64189e30_0;
    %assign/vec4 v000001ce64189d90_0, 0;
    %load/vec4 v000001ce64184430_0;
    %assign/vec4 v000001ce641847f0_0, 0;
    %load/vec4 v000001ce64182ef0_0;
    %assign/vec4 v000001ce64183530_0, 0;
    %load/vec4 v000001ce64189bb0_0;
    %assign/vec4 v000001ce64189890_0, 0;
    %load/vec4 v000001ce64188f30_0;
    %assign/vec4 v000001ce64187310_0, 0;
    %load/vec4 v000001ce641841b0_0;
    %assign/vec4 v000001ce64183030_0, 0;
    %load/vec4 v000001ce641887b0_0;
    %assign/vec4 v000001ce641897f0_0, 0;
    %load/vec4 v000001ce64188030_0;
    %assign/vec4 v000001ce64187f90_0, 0;
    %load/vec4 v000001ce64187c70_0;
    %assign/vec4 v000001ce641876d0_0, 0;
    %load/vec4 v000001ce64187e50_0;
    %assign/vec4 v000001ce64187db0_0, 0;
    %load/vec4 v000001ce64187590_0;
    %assign/vec4 v000001ce641874f0_0, 0;
    %load/vec4 v000001ce641891b0_0;
    %assign/vec4 v000001ce64187270_0, 0;
    %load/vec4 v000001ce64182e50_0;
    %assign/vec4 v000001ce64184250_0, 0;
    %load/vec4 v000001ce641871d0_0;
    %assign/vec4 v000001ce64188d50_0, 0;
    %load/vec4 v000001ce64189cf0_0;
    %assign/vec4 v000001ce64189f70_0, 0;
    %load/vec4 v000001ce64187090_0;
    %assign/vec4 v000001ce64189110_0, 0;
    %pushi/vec4 0, 0, 1;
    %assign/vec4 v000001ce64189750_0, 0;
T_12.26 ;
    %load/vec4 v000001ce64191d70_0;
    %assign/vec4 v000001ce64191370_0, 0;
    %load/vec4 v000001ce6418df90_0;
    %assign/vec4 v000001ce6418fed0_0, 0;
    %load/vec4 v000001ce6418e490_0;
    %assign/vec4 v000001ce6418e3f0_0, 0;
    %load/vec4 v000001ce6418e2b0_0;
    %assign/vec4 v000001ce6418d9f0_0, 0;
    %load/vec4 v000001ce6418f110_0;
    %assign/vec4 v000001ce6418f1b0_0, 0;
    %load/vec4 v000001ce64191410_0;
    %assign/vec4 v000001ce64191cd0_0, 0;
    %load/vec4 v000001ce64190330_0;
    %assign/vec4 v000001ce64191230_0, 0;
    %load/vec4 v000001ce6418e710_0;
    %assign/vec4 v000001ce6418e670_0, 0;
    %load/vec4 v000001ce641915f0_0;
    %assign/vec4 v000001ce64191190_0, 0;
    %load/vec4 v000001ce64190d30_0;
    %assign/vec4 v000001ce641912d0_0, 0;
    %load/vec4 v000001ce6418fcf0_0;
    %assign/vec4 v000001ce6418ef30_0, 0;
    %load/vec4 v000001ce6418f6b0_0;
    %assign/vec4 v000001ce6418f430_0, 0;
    %load/vec4 v000001ce6418e350_0;
    %assign/vec4 v000001ce6418f930_0, 0;
    %load/vec4 v000001ce6418da90_0;
    %assign/vec4 v000001ce6418e5d0_0, 0;
    %load/vec4 v000001ce6418f890_0;
    %assign/vec4 v000001ce6418e170_0, 0;
    %load/vec4 v000001ce6418e210_0;
    %assign/vec4 v000001ce6418d8b0_0, 0;
    %load/vec4 v000001ce6418dc70_0;
    %assign/vec4 v000001ce6418fbb0_0, 0;
    %load/vec4 v000001ce64190010_0;
    %assign/vec4 v000001ce6418ead0_0, 0;
    %load/vec4 v000001ce6418f2f0_0;
    %assign/vec4 v000001ce6418e030_0, 0;
    %load/vec4 v000001ce6418f7f0_0;
    %assign/vec4 v000001ce6418ecb0_0, 0;
    %load/vec4 v000001ce6418f570_0;
    %assign/vec4 v000001ce6418e990_0, 0;
    %load/vec4 v000001ce6418f4d0_0;
    %assign/vec4 v000001ce6418f250_0, 0;
    %load/vec4 v000001ce6418efd0_0;
    %assign/vec4 v000001ce6418ed50_0, 0;
    %load/vec4 v000001ce6418e8f0_0;
    %assign/vec4 v000001ce6418f390_0, 0;
    %load/vec4 v000001ce6418de50_0;
    %assign/vec4 v000001ce6418ff70_0, 0;
    %load/vec4 v000001ce6418f9d0_0;
    %assign/vec4 v000001ce6418fd90_0, 0;
    %load/vec4 v000001ce6418eb70_0;
    %assign/vec4 v000001ce6418f070_0, 0;
T_12.4 ;
T_12.3 ;
T_12.1 ;
    %jmp T_12;
    .thread T_12;
    .scope S_000001ce63f7c850;
T_13 ;
    %wait E_000001ce640cf6e0;
    %load/vec4 v000001ce64193f20_0;
    %flag_set/vec4 8;
    %jmp/0xz  T_13.0, 8;
    %pushi/vec4 0, 0, 1;
    %ix/load 3, 1, 0;
    %flag_set/imm 4, 0;
    %ix/load 4, 0, 0; Constant delay
    %assign/vec4/a/d v000001ce64194ba0, 0, 4;
    %pushi/vec4 0, 0, 1;
    %ix/load 3, 1, 0;
    %flag_set/imm 4, 0;
    %ix/load 4, 0, 0; Constant delay
    %assign/vec4/a/d v000001ce64193340, 0, 4;
    %jmp T_13.1;
T_13.0 ;
    %ix/load 4, 0, 0;
    %flag_set/imm 4, 0;
    %load/vec4a v000001ce64193480, 4;
    %ix/load 3, 1, 0;
    %flag_set/imm 4, 0;
    %ix/load 4, 0, 0; Constant delay
    %assign/vec4/a/d v000001ce64193480, 0, 4;
    %ix/load 4, 0, 0;
    %flag_set/imm 4, 0;
    %load/vec4a v000001ce64194ba0, 4;
    %ix/load 3, 1, 0;
    %flag_set/imm 4, 0;
    %ix/load 4, 0, 0; Constant delay
    %assign/vec4/a/d v000001ce64194ba0, 0, 4;
    %ix/load 4, 0, 0;
    %flag_set/imm 4, 0;
    %load/vec4a v000001ce64193340, 4;
    %ix/load 3, 1, 0;
    %flag_set/imm 4, 0;
    %ix/load 4, 0, 0; Constant delay
    %assign/vec4/a/d v000001ce64193340, 0, 4;
    %ix/load 4, 0, 0;
    %flag_set/imm 4, 0;
    %load/vec4a v000001ce641946a0, 4;
    %ix/load 3, 1, 0;
    %flag_set/imm 4, 0;
    %ix/load 4, 0, 0; Constant delay
    %assign/vec4/a/d v000001ce641946a0, 0, 4;
    %ix/load 4, 0, 0;
    %flag_set/imm 4, 0;
    %load/vec4a v000001ce64195320, 4;
    %ix/load 3, 1, 0;
    %flag_set/imm 4, 0;
    %ix/load 4, 0, 0; Constant delay
    %assign/vec4/a/d v000001ce64195320, 0, 4;
T_13.1 ;
    %jmp T_13;
    .thread T_13;
    .scope S_000001ce63f7c9e0;
T_14 ;
    %wait E_000001ce640cf6e0;
    %load/vec4 v000001ce64193f20_0;
    %flag_set/vec4 8;
    %jmp/0xz  T_14.0, 8;
    %pushi/vec4 0, 0, 1;
    %ix/load 3, 2, 0;
    %flag_set/imm 4, 0;
    %ix/load 4, 0, 0; Constant delay
    %assign/vec4/a/d v000001ce64194ba0, 0, 4;
    %pushi/vec4 0, 0, 1;
    %ix/load 3, 2, 0;
    %flag_set/imm 4, 0;
    %ix/load 4, 0, 0; Constant delay
    %assign/vec4/a/d v000001ce64193340, 0, 4;
    %jmp T_14.1;
T_14.0 ;
    %ix/load 4, 1, 0;
    %flag_set/imm 4, 0;
    %load/vec4a v000001ce64193480, 4;
    %ix/load 3, 2, 0;
    %flag_set/imm 4, 0;
    %ix/load 4, 0, 0; Constant delay
    %assign/vec4/a/d v000001ce64193480, 0, 4;
    %ix/load 4, 1, 0;
    %flag_set/imm 4, 0;
    %load/vec4a v000001ce64194ba0, 4;
    %ix/load 3, 2, 0;
    %flag_set/imm 4, 0;
    %ix/load 4, 0, 0; Constant delay
    %assign/vec4/a/d v000001ce64194ba0, 0, 4;
    %ix/load 4, 1, 0;
    %flag_set/imm 4, 0;
    %load/vec4a v000001ce64193340, 4;
    %ix/load 3, 2, 0;
    %flag_set/imm 4, 0;
    %ix/load 4, 0, 0; Constant delay
    %assign/vec4/a/d v000001ce64193340, 0, 4;
    %ix/load 4, 1, 0;
    %flag_set/imm 4, 0;
    %load/vec4a v000001ce641946a0, 4;
    %ix/load 3, 2, 0;
    %flag_set/imm 4, 0;
    %ix/load 4, 0, 0; Constant delay
    %assign/vec4/a/d v000001ce641946a0, 0, 4;
    %ix/load 4, 1, 0;
    %flag_set/imm 4, 0;
    %load/vec4a v000001ce64195320, 4;
    %ix/load 3, 2, 0;
    %flag_set/imm 4, 0;
    %ix/load 4, 0, 0; Constant delay
    %assign/vec4/a/d v000001ce64195320, 0, 4;
T_14.1 ;
    %jmp T_14;
    .thread T_14;
    .scope S_000001ce6414b470;
T_15 ;
    %wait E_000001ce640cf6e0;
    %load/vec4 v000001ce64193f20_0;
    %flag_set/vec4 8;
    %jmp/0xz  T_15.0, 8;
    %pushi/vec4 0, 0, 1;
    %ix/load 3, 3, 0;
    %flag_set/imm 4, 0;
    %ix/load 4, 0, 0; Constant delay
    %assign/vec4/a/d v000001ce64194ba0, 0, 4;
    %pushi/vec4 0, 0, 1;
    %ix/load 3, 3, 0;
    %flag_set/imm 4, 0;
    %ix/load 4, 0, 0; Constant delay
    %assign/vec4/a/d v000001ce64193340, 0, 4;
    %jmp T_15.1;
T_15.0 ;
    %ix/load 4, 2, 0;
    %flag_set/imm 4, 0;
    %load/vec4a v000001ce64193480, 4;
    %ix/load 3, 3, 0;
    %flag_set/imm 4, 0;
    %ix/load 4, 0, 0; Constant delay
    %assign/vec4/a/d v000001ce64193480, 0, 4;
    %ix/load 4, 2, 0;
    %flag_set/imm 4, 0;
    %load/vec4a v000001ce64194ba0, 4;
    %ix/load 3, 3, 0;
    %flag_set/imm 4, 0;
    %ix/load 4, 0, 0; Constant delay
    %assign/vec4/a/d v000001ce64194ba0, 0, 4;
    %ix/load 4, 2, 0;
    %flag_set/imm 4, 0;
    %load/vec4a v000001ce64193340, 4;
    %ix/load 3, 3, 0;
    %flag_set/imm 4, 0;
    %ix/load 4, 0, 0; Constant delay
    %assign/vec4/a/d v000001ce64193340, 0, 4;
    %ix/load 4, 2, 0;
    %flag_set/imm 4, 0;
    %load/vec4a v000001ce641946a0, 4;
    %ix/load 3, 3, 0;
    %flag_set/imm 4, 0;
    %ix/load 4, 0, 0; Constant delay
    %assign/vec4/a/d v000001ce641946a0, 0, 4;
    %ix/load 4, 2, 0;
    %flag_set/imm 4, 0;
    %load/vec4a v000001ce64195320, 4;
    %ix/load 3, 3, 0;
    %flag_set/imm 4, 0;
    %ix/load 4, 0, 0; Constant delay
    %assign/vec4/a/d v000001ce64195320, 0, 4;
T_15.1 ;
    %jmp T_15;
    .thread T_15;
    .scope S_000001ce63f7c6c0;
T_16 ;
    %pushi/vec4 0, 0, 32;
    %store/vec4 v000001ce641944c0_0, 0, 32;
T_16.0 ;
    %load/vec4 v000001ce641944c0_0;
    %cmpi/s 1024, 0, 32;
    %jmp/0xz T_16.1, 5;
    %pushi/vec4 0, 0, 8;
    %ix/getv/s 4, v000001ce641944c0_0;
    %store/vec4a v000001ce64194380, 4, 0;
    %load/vec4 v000001ce641944c0_0;
    %addi 1, 0, 32;
    %store/vec4 v000001ce641944c0_0, 0, 32;
    %jmp T_16.0;
T_16.1 ;
    %end;
    .thread T_16;
    .scope S_000001ce63f7c6c0;
T_17 ;
    %wait E_000001ce640cf6e0;
    %load/vec4 v000001ce64193f20_0;
    %flag_set/vec4 8;
    %jmp/0xz  T_17.0, 8;
    %pushi/vec4 0, 0, 1;
    %assign/vec4 v000001ce64194d80_0, 0;
    %jmp T_17.1;
T_17.0 ;
    %load/vec4 v000001ce64194d80_0;
    %pad/u 32;
    %cmpi/e 1, 0, 32;
    %jmp/0xz  T_17.2, 4;
    %pushi/vec4 0, 0, 1;
    %assign/vec4 v000001ce64194d80_0, 0;
    %jmp T_17.3;
T_17.2 ;
    %load/vec4 v000001ce64194240_0;
    %nor/r;
    %flag_set/vec4 8;
    %jmp/1 T_17.7, 8;
    %load/vec4 v000001ce64195780_0;
    %flag_set/vec4 9;
    %flag_or 8, 9;
T_17.7;
    %jmp/1 T_17.6, 8;
    %load/vec4 v000001ce64195140_0;
    %flag_set/vec4 9;
    %flag_or 8, 9;
T_17.6;
    %jmp/0xz  T_17.4, 8;
    %load/vec4 v000001ce64194d80_0;
    %pad/u 2;
    %addi 1, 0, 2;
    %pad/u 1;
    %assign/vec4 v000001ce64194d80_0, 0;
T_17.4 ;
T_17.3 ;
T_17.1 ;
    %jmp T_17;
    .thread T_17;
    .scope S_000001ce63f7c6c0;
T_18 ;
    %wait E_000001ce640cf6e0;
    %load/vec4 v000001ce64193f20_0;
    %flag_set/vec4 8;
    %jmp/0xz  T_18.0, 8;
    %pushi/vec4 0, 0, 1;
    %ix/load 3, 0, 0;
    %flag_set/imm 4, 0;
    %ix/load 4, 0, 0; Constant delay
    %assign/vec4/a/d v000001ce64194ba0, 0, 4;
    %pushi/vec4 0, 0, 1;
    %ix/load 3, 0, 0;
    %flag_set/imm 4, 0;
    %ix/load 4, 0, 0; Constant delay
    %assign/vec4/a/d v000001ce64193340, 0, 4;
    %jmp T_18.1;
T_18.0 ;
    %load/vec4 v000001ce641935c0_0;
    %ix/load 3, 0, 0;
    %flag_set/imm 4, 0;
    %ix/load 4, 0, 0; Constant delay
    %assign/vec4/a/d v000001ce64193480, 0, 4;
    %load/vec4 v000001ce64194240_0;
    %load/vec4 v000001ce64195780_0;
    %and;
    %ix/load 3, 0, 0;
    %flag_set/imm 4, 0;
    %ix/load 4, 0, 0; Constant delay
    %assign/vec4/a/d v000001ce64194ba0, 0, 4;
    %load/vec4 v000001ce64194240_0;
    %load/vec4 v000001ce64195140_0;
    %and;
    %ix/load 3, 0, 0;
    %flag_set/imm 4, 0;
    %ix/load 4, 0, 0; Constant delay
    %assign/vec4/a/d v000001ce64193340, 0, 4;
    %load/vec4 v000001ce64193c00_0;
    %ix/load 3, 0, 0;
    %flag_set/imm 4, 0;
    %ix/load 4, 0, 0; Constant delay
    %assign/vec4/a/d v000001ce641946a0, 0, 4;
    %load/vec4 v000001ce64194600_0;
    %ix/load 3, 0, 0;
    %flag_set/imm 4, 0;
    %ix/load 4, 0, 0; Constant delay
    %assign/vec4/a/d v000001ce64195320, 0, 4;
T_18.1 ;
    %jmp T_18;
    .thread T_18;
    .scope S_000001ce63f7c6c0;
T_19 ;
    %wait E_000001ce640cf6e0;
    %load/vec4 v000001ce641932a0_0;
    %load/vec4 v000001ce641941a0_0;
    %parti/s 1, 0, 2;
    %and;
    %flag_set/vec4 8;
    %jmp/0xz  T_19.0, 8;
    %load/vec4 v000001ce64195280_0;
    %parti/s 8, 0, 2;
    %load/vec4 v000001ce64193ca0_0;
    %addi 0, 0, 32;
    %ix/vec4 3;
    %ix/load 4, 0, 0; Constant delay
    %assign/vec4/a/d v000001ce64194380, 0, 4;
T_19.0 ;
    %load/vec4 v000001ce641932a0_0;
    %load/vec4 v000001ce641941a0_0;
    %parti/s 1, 1, 2;
    %and;
    %flag_set/vec4 8;
    %jmp/0xz  T_19.2, 8;
    %load/vec4 v000001ce64195280_0;
    %parti/s 8, 8, 5;
    %load/vec4 v000001ce64193ca0_0;
    %addi 1, 0, 32;
    %ix/vec4 3;
    %ix/load 4, 0, 0; Constant delay
    %assign/vec4/a/d v000001ce64194380, 0, 4;
T_19.2 ;
    %load/vec4 v000001ce641932a0_0;
    %load/vec4 v000001ce641941a0_0;
    %parti/s 1, 2, 3;
    %and;
    %flag_set/vec4 8;
    %jmp/0xz  T_19.4, 8;
    %load/vec4 v000001ce64195280_0;
    %parti/s 8, 16, 6;
    %load/vec4 v000001ce64193ca0_0;
    %addi 2, 0, 32;
    %ix/vec4 3;
    %ix/load 4, 0, 0; Constant delay
    %assign/vec4/a/d v000001ce64194380, 0, 4;
T_19.4 ;
    %load/vec4 v000001ce641932a0_0;
    %load/vec4 v000001ce641941a0_0;
    %parti/s 1, 3, 3;
    %and;
    %flag_set/vec4 8;
    %jmp/0xz  T_19.6, 8;
    %load/vec4 v000001ce64195280_0;
    %parti/s 8, 24, 6;
    %load/vec4 v000001ce64193ca0_0;
    %addi 3, 0, 32;
    %ix/vec4 3;
    %ix/load 4, 0, 0; Constant delay
    %assign/vec4/a/d v000001ce64194380, 0, 4;
T_19.6 ;
    %jmp T_19;
    .thread T_19;
    .scope S_000001ce63c0eb30;
T_20 ;
    %wait E_000001ce640cf6e0;
    %load/vec4 v000001ce64192e50_0;
    %flag_set/vec4 8;
    %jmp/0xz  T_20.0, 8;
    %pushi/vec4 0, 0, 1;
    %ix/load 3, 1, 0;
    %flag_set/imm 4, 0;
    %ix/load 4, 0, 0; Constant delay
    %assign/vec4/a/d v000001ce64195460, 0, 4;
    %pushi/vec4 0, 0, 1;
    %ix/load 3, 1, 0;
    %flag_set/imm 4, 0;
    %ix/load 4, 0, 0; Constant delay
    %assign/vec4/a/d v000001ce641955a0, 0, 4;
    %jmp T_20.1;
T_20.0 ;
    %ix/load 4, 0, 0;
    %flag_set/imm 4, 0;
    %load/vec4a v000001ce641923b0, 4;
    %ix/load 3, 1, 0;
    %flag_set/imm 4, 0;
    %ix/load 4, 0, 0; Constant delay
    %assign/vec4/a/d v000001ce641923b0, 0, 4;
    %ix/load 4, 0, 0;
    %flag_set/imm 4, 0;
    %load/vec4a v000001ce64195460, 4;
    %ix/load 3, 1, 0;
    %flag_set/imm 4, 0;
    %ix/load 4, 0, 0; Constant delay
    %assign/vec4/a/d v000001ce64195460, 0, 4;
    %ix/load 4, 0, 0;
    %flag_set/imm 4, 0;
    %load/vec4a v000001ce641955a0, 4;
    %ix/load 3, 1, 0;
    %flag_set/imm 4, 0;
    %ix/load 4, 0, 0; Constant delay
    %assign/vec4/a/d v000001ce641955a0, 0, 4;
    %ix/load 4, 0, 0;
    %flag_set/imm 4, 0;
    %load/vec4a v000001ce64192ef0, 4;
    %ix/load 3, 1, 0;
    %flag_set/imm 4, 0;
    %ix/load 4, 0, 0; Constant delay
    %assign/vec4/a/d v000001ce64192ef0, 0, 4;
    %ix/load 4, 0, 0;
    %flag_set/imm 4, 0;
    %load/vec4a v000001ce64193d40, 4;
    %ix/load 3, 1, 0;
    %flag_set/imm 4, 0;
    %ix/load 4, 0, 0; Constant delay
    %assign/vec4/a/d v000001ce64193d40, 0, 4;
T_20.1 ;
    %jmp T_20;
    .thread T_20;
    .scope S_000001ce63c0ecc0;
T_21 ;
    %wait E_000001ce640cf6e0;
    %load/vec4 v000001ce64192e50_0;
    %flag_set/vec4 8;
    %jmp/0xz  T_21.0, 8;
    %pushi/vec4 0, 0, 1;
    %ix/load 3, 2, 0;
    %flag_set/imm 4, 0;
    %ix/load 4, 0, 0; Constant delay
    %assign/vec4/a/d v000001ce64195460, 0, 4;
    %pushi/vec4 0, 0, 1;
    %ix/load 3, 2, 0;
    %flag_set/imm 4, 0;
    %ix/load 4, 0, 0; Constant delay
    %assign/vec4/a/d v000001ce641955a0, 0, 4;
    %jmp T_21.1;
T_21.0 ;
    %ix/load 4, 1, 0;
    %flag_set/imm 4, 0;
    %load/vec4a v000001ce641923b0, 4;
    %ix/load 3, 2, 0;
    %flag_set/imm 4, 0;
    %ix/load 4, 0, 0; Constant delay
    %assign/vec4/a/d v000001ce641923b0, 0, 4;
    %ix/load 4, 1, 0;
    %flag_set/imm 4, 0;
    %load/vec4a v000001ce64195460, 4;
    %ix/load 3, 2, 0;
    %flag_set/imm 4, 0;
    %ix/load 4, 0, 0; Constant delay
    %assign/vec4/a/d v000001ce64195460, 0, 4;
    %ix/load 4, 1, 0;
    %flag_set/imm 4, 0;
    %load/vec4a v000001ce641955a0, 4;
    %ix/load 3, 2, 0;
    %flag_set/imm 4, 0;
    %ix/load 4, 0, 0; Constant delay
    %assign/vec4/a/d v000001ce641955a0, 0, 4;
    %ix/load 4, 1, 0;
    %flag_set/imm 4, 0;
    %load/vec4a v000001ce64192ef0, 4;
    %ix/load 3, 2, 0;
    %flag_set/imm 4, 0;
    %ix/load 4, 0, 0; Constant delay
    %assign/vec4/a/d v000001ce64192ef0, 0, 4;
    %ix/load 4, 1, 0;
    %flag_set/imm 4, 0;
    %load/vec4a v000001ce64193d40, 4;
    %ix/load 3, 2, 0;
    %flag_set/imm 4, 0;
    %ix/load 4, 0, 0; Constant delay
    %assign/vec4/a/d v000001ce64193d40, 0, 4;
T_21.1 ;
    %jmp T_21;
    .thread T_21;
    .scope S_000001ce64116a60;
T_22 ;
    %wait E_000001ce640cf6e0;
    %load/vec4 v000001ce64192e50_0;
    %flag_set/vec4 8;
    %jmp/0xz  T_22.0, 8;
    %pushi/vec4 0, 0, 1;
    %ix/load 3, 3, 0;
    %flag_set/imm 4, 0;
    %ix/load 4, 0, 0; Constant delay
    %assign/vec4/a/d v000001ce64195460, 0, 4;
    %pushi/vec4 0, 0, 1;
    %ix/load 3, 3, 0;
    %flag_set/imm 4, 0;
    %ix/load 4, 0, 0; Constant delay
    %assign/vec4/a/d v000001ce641955a0, 0, 4;
    %jmp T_22.1;
T_22.0 ;
    %ix/load 4, 2, 0;
    %flag_set/imm 4, 0;
    %load/vec4a v000001ce641923b0, 4;
    %ix/load 3, 3, 0;
    %flag_set/imm 4, 0;
    %ix/load 4, 0, 0; Constant delay
    %assign/vec4/a/d v000001ce641923b0, 0, 4;
    %ix/load 4, 2, 0;
    %flag_set/imm 4, 0;
    %load/vec4a v000001ce64195460, 4;
    %ix/load 3, 3, 0;
    %flag_set/imm 4, 0;
    %ix/load 4, 0, 0; Constant delay
    %assign/vec4/a/d v000001ce64195460, 0, 4;
    %ix/load 4, 2, 0;
    %flag_set/imm 4, 0;
    %load/vec4a v000001ce641955a0, 4;
    %ix/load 3, 3, 0;
    %flag_set/imm 4, 0;
    %ix/load 4, 0, 0; Constant delay
    %assign/vec4/a/d v000001ce641955a0, 0, 4;
    %ix/load 4, 2, 0;
    %flag_set/imm 4, 0;
    %load/vec4a v000001ce64192ef0, 4;
    %ix/load 3, 3, 0;
    %flag_set/imm 4, 0;
    %ix/load 4, 0, 0; Constant delay
    %assign/vec4/a/d v000001ce64192ef0, 0, 4;
    %ix/load 4, 2, 0;
    %flag_set/imm 4, 0;
    %load/vec4a v000001ce64193d40, 4;
    %ix/load 3, 3, 0;
    %flag_set/imm 4, 0;
    %ix/load 4, 0, 0; Constant delay
    %assign/vec4/a/d v000001ce64193d40, 0, 4;
T_22.1 ;
    %jmp T_22;
    .thread T_22;
    .scope S_000001ce63a365f0;
T_23 ;
    %pushi/vec4 0, 0, 32;
    %store/vec4 v000001ce64192bd0_0, 0, 32;
T_23.0 ;
    %load/vec4 v000001ce64192bd0_0;
    %cmpi/s 1024, 0, 32;
    %jmp/0xz T_23.1, 5;
    %pushi/vec4 0, 0, 8;
    %ix/getv/s 4, v000001ce64192bd0_0;
    %store/vec4a v000001ce64192c70, 4, 0;
    %load/vec4 v000001ce64192bd0_0;
    %addi 1, 0, 32;
    %store/vec4 v000001ce64192bd0_0, 0, 32;
    %jmp T_23.0;
T_23.1 ;
    %end;
    .thread T_23;
    .scope S_000001ce63a365f0;
T_24 ;
    %wait E_000001ce640cf6e0;
    %load/vec4 v000001ce64192e50_0;
    %flag_set/vec4 8;
    %jmp/0xz  T_24.0, 8;
    %pushi/vec4 0, 0, 1;
    %assign/vec4 v000001ce64192a90_0, 0;
    %jmp T_24.1;
T_24.0 ;
    %load/vec4 v000001ce64192a90_0;
    %pad/u 32;
    %cmpi/e 1, 0, 32;
    %jmp/0xz  T_24.2, 4;
    %pushi/vec4 0, 0, 1;
    %assign/vec4 v000001ce64192a90_0, 0;
    %jmp T_24.3;
T_24.2 ;
    %load/vec4 v000001ce64193e80_0;
    %nor/r;
    %flag_set/vec4 8;
    %jmp/1 T_24.7, 8;
    %load/vec4 v000001ce641910f0_0;
    %flag_set/vec4 9;
    %flag_or 8, 9;
T_24.7;
    %jmp/1 T_24.6, 8;
    %load/vec4 v000001ce64192db0_0;
    %flag_set/vec4 9;
    %flag_or 8, 9;
T_24.6;
    %jmp/0xz  T_24.4, 8;
    %load/vec4 v000001ce64192a90_0;
    %pad/u 2;
    %addi 1, 0, 2;
    %pad/u 1;
    %assign/vec4 v000001ce64192a90_0, 0;
T_24.4 ;
T_24.3 ;
T_24.1 ;
    %jmp T_24;
    .thread T_24;
    .scope S_000001ce63a365f0;
T_25 ;
    %wait E_000001ce640cf6e0;
    %load/vec4 v000001ce64192e50_0;
    %flag_set/vec4 8;
    %jmp/0xz  T_25.0, 8;
    %pushi/vec4 0, 0, 1;
    %ix/load 3, 0, 0;
    %flag_set/imm 4, 0;
    %ix/load 4, 0, 0; Constant delay
    %assign/vec4/a/d v000001ce64195460, 0, 4;
    %pushi/vec4 0, 0, 1;
    %ix/load 3, 0, 0;
    %flag_set/imm 4, 0;
    %ix/load 4, 0, 0; Constant delay
    %assign/vec4/a/d v000001ce641955a0, 0, 4;
    %jmp T_25.1;
T_25.0 ;
    %load/vec4 v000001ce64191050_0;
    %ix/load 3, 0, 0;
    %flag_set/imm 4, 0;
    %ix/load 4, 0, 0; Constant delay
    %assign/vec4/a/d v000001ce641923b0, 0, 4;
    %load/vec4 v000001ce64193e80_0;
    %load/vec4 v000001ce641910f0_0;
    %and;
    %ix/load 3, 0, 0;
    %flag_set/imm 4, 0;
    %ix/load 4, 0, 0; Constant delay
    %assign/vec4/a/d v000001ce64195460, 0, 4;
    %load/vec4 v000001ce64193e80_0;
    %load/vec4 v000001ce64192db0_0;
    %and;
    %ix/load 3, 0, 0;
    %flag_set/imm 4, 0;
    %ix/load 4, 0, 0; Constant delay
    %assign/vec4/a/d v000001ce641955a0, 0, 4;
    %load/vec4 v000001ce64192590_0;
    %ix/load 3, 0, 0;
    %flag_set/imm 4, 0;
    %ix/load 4, 0, 0; Constant delay
    %assign/vec4/a/d v000001ce64192ef0, 0, 4;
    %load/vec4 v000001ce64192b30_0;
    %ix/load 3, 0, 0;
    %flag_set/imm 4, 0;
    %ix/load 4, 0, 0; Constant delay
    %assign/vec4/a/d v000001ce64193d40, 0, 4;
T_25.1 ;
    %jmp T_25;
    .thread T_25;
    .scope S_000001ce63a365f0;
T_26 ;
    %wait E_000001ce640cf6e0;
    %load/vec4 v000001ce64195000_0;
    %load/vec4 v000001ce641929f0_0;
    %parti/s 1, 0, 2;
    %and;
    %flag_set/vec4 8;
    %jmp/0xz  T_26.0, 8;
    %load/vec4 v000001ce641930c0_0;
    %parti/s 8, 0, 2;
    %load/vec4 v000001ce64195820_0;
    %addi 0, 0, 32;
    %ix/vec4 3;
    %ix/load 4, 0, 0; Constant delay
    %assign/vec4/a/d v000001ce64192c70, 0, 4;
T_26.0 ;
    %load/vec4 v000001ce64195000_0;
    %load/vec4 v000001ce641929f0_0;
    %parti/s 1, 1, 2;
    %and;
    %flag_set/vec4 8;
    %jmp/0xz  T_26.2, 8;
    %load/vec4 v000001ce641930c0_0;
    %parti/s 8, 8, 5;
    %load/vec4 v000001ce64195820_0;
    %addi 1, 0, 32;
    %ix/vec4 3;
    %ix/load 4, 0, 0; Constant delay
    %assign/vec4/a/d v000001ce64192c70, 0, 4;
T_26.2 ;
    %load/vec4 v000001ce64195000_0;
    %load/vec4 v000001ce641929f0_0;
    %parti/s 1, 2, 3;
    %and;
    %flag_set/vec4 8;
    %jmp/0xz  T_26.4, 8;
    %load/vec4 v000001ce641930c0_0;
    %parti/s 8, 16, 6;
    %load/vec4 v000001ce64195820_0;
    %addi 2, 0, 32;
    %ix/vec4 3;
    %ix/load 4, 0, 0; Constant delay
    %assign/vec4/a/d v000001ce64192c70, 0, 4;
T_26.4 ;
    %load/vec4 v000001ce64195000_0;
    %load/vec4 v000001ce641929f0_0;
    %parti/s 1, 3, 3;
    %and;
    %flag_set/vec4 8;
    %jmp/0xz  T_26.6, 8;
    %load/vec4 v000001ce641930c0_0;
    %parti/s 8, 24, 6;
    %load/vec4 v000001ce64195820_0;
    %addi 3, 0, 32;
    %ix/vec4 3;
    %ix/load 4, 0, 0; Constant delay
    %assign/vec4/a/d v000001ce64192c70, 0, 4;
T_26.6 ;
    %jmp T_26;
    .thread T_26;
    .scope S_000001ce64114440;
T_27 ;
    %pushi/vec4 1, 0, 1;
    %store/vec4 v000001ce64193fc0_0, 0, 1;
    %pushi/vec4 0, 0, 1;
    %store/vec4 v000001ce64195b40_0, 0, 1;
    %vpi_call 2 125 "$display", "Loading program." {0 0 0};
    %pushi/vec4 0, 0, 32;
    %store/vec4 v000001ce64196720_0, 0, 32;
T_27.0 ;
    %load/vec4 v000001ce64196720_0;
    %cmpi/s 1024, 0, 32;
    %jmp/0xz T_27.1, 5;
    %pushi/vec4 0, 0, 8;
    %ix/getv/s 4, v000001ce64196720_0;
    %store/vec4a v000001ce64194380, 4, 0;
    %pushi/vec4 0, 0, 8;
    %ix/getv/s 4, v000001ce64196720_0;
    %store/vec4a v000001ce64192c70, 4, 0;
    %load/vec4 v000001ce64196720_0;
    %addi 1, 0, 32;
    %store/vec4 v000001ce64196720_0, 0, 32;
    %jmp T_27.0;
T_27.1 ;
    %vpi_call 2 130 "$readmemh", "program.mem", v000001ce64194380 {0 0 0};
    %vpi_call 2 133 "$display", "Resetting hart." {0 0 0};
    %wait E_000001ce640ce720;
    %pushi/vec4 1, 0, 1;
    %store/vec4 v000001ce64195b40_0, 0, 1;
    %wait E_000001ce640ce720;
    %wait E_000001ce640ce720;
    %wait E_000001ce640ce720;
    %pushi/vec4 0, 0, 1;
    %store/vec4 v000001ce64195b40_0, 0, 1;
    %vpi_call 2 139 "$display", "%-10s %-8s %-14s %-14s %s", "PC", "Inst", "rs1", "rs2", "[rd, load, store]" {0 0 0};
    %pushi/vec4 0, 0, 32;
    %store/vec4 v000001ce64194060_0, 0, 32;
    %pushi/vec4 1, 0, 32;
    %store/vec4 v000001ce641967c0_0, 0, 32;
    %pushi/vec4 0, 0, 32;
    %store/vec4 v000001ce64197e40_0, 0, 32;
T_27.2 ;
    %load/vec4 v000001ce641967c0_0;
    %or/r;
    %flag_set/vec4 8;
    %jmp/0xz T_27.3, 8;
    %wait E_000001ce640cf6e0;
    %load/vec4 v000001ce64194060_0;
    %addi 1, 0, 32;
    %store/vec4 v000001ce64194060_0, 0, 32;
    %load/vec4 v000001ce64196900_0;
    %flag_set/vec4 8;
    %jmp/0xz  T_27.4, 8;
    %load/vec4 v000001ce64197e40_0;
    %addi 1, 0, 32;
    %store/vec4 v000001ce64197e40_0, 0, 32;
    %load/vec4 v000001ce64195960_0;
    %parti/s 4, 0, 2;
    %cmpi/e 7, 0, 4;
    %jmp/1 T_27.9, 4;
    %flag_mov 8, 4;
    %load/vec4 v000001ce64195960_0;
    %parti/s 7, 0, 2;
    %cmpi/e 115, 0, 7;
    %flag_or 4, 8;
T_27.9;
    %jmp/1 T_27.8, 4;
    %flag_mov 8, 4;
    %load/vec4 v000001ce64195960_0;
    %parti/s 7, 0, 2;
    %cmpi/e 111, 0, 7;
    %flag_or 4, 8;
T_27.8;
    %jmp/0xz  T_27.6, 4;
    %vpi_call 2 152 "$write", "[%08h] %08h r[--]=-------- r[--]=--------", v000001ce64195a00_0, v000001ce64195960_0 {0 0 0};
    %jmp T_27.7;
T_27.6 ;
    %load/vec4 v000001ce64195960_0;
    %parti/s 7, 0, 2;
    %cmpi/e 19, 0, 7;
    %jmp/1 T_27.13, 4;
    %flag_mov 8, 4;
    %load/vec4 v000001ce64195960_0;
    %parti/s 7, 0, 2;
    %cmpi/e 3, 0, 7;
    %flag_or 4, 8;
T_27.13;
    %jmp/1 T_27.12, 4;
    %flag_mov 8, 4;
    %load/vec4 v000001ce64195960_0;
    %parti/s 7, 0, 2;
    %cmpi/e 103, 0, 7;
    %flag_or 4, 8;
T_27.12;
    %jmp/0xz  T_27.10, 4;
    %vpi_call 2 155 "$write", "[%08h] %08h r[%d]=%08h r[--]=--------", v000001ce64195a00_0, v000001ce64195960_0, v000001ce64197800_0, v000001ce64196040_0 {0 0 0};
    %jmp T_27.11;
T_27.10 ;
    %vpi_call 2 157 "$write", "[%08h] %08h r[%d]=%08h r[%d]=%08h", v000001ce64195a00_0, v000001ce64195960_0, v000001ce64197800_0, v000001ce64196040_0, v000001ce641960e0_0, v000001ce64196220_0 {0 0 0};
T_27.11 ;
T_27.7 ;
    %load/vec4 v000001ce64196f40_0;
    %cmpi/ne 0, 0, 5;
    %jmp/0xz  T_27.14, 4;
    %vpi_call 2 161 "$write", " w[%d]=%08h", v000001ce64196f40_0, v000001ce64196680_0 {0 0 0};
T_27.14 ;
    %load/vec4 v000001ce64196fe0_0;
    %flag_set/vec4 8;
    %jmp/0xz  T_27.16, 8;
    %vpi_call 2 164 "$write", " l[%08h,%04b]=%08h", v000001ce64196860_0, v000001ce641979e0_0, v000001ce64195e60_0 {0 0 0};
T_27.16 ;
    %load/vec4 v000001ce64196ae0_0;
    %flag_set/vec4 8;
    %jmp/0xz  T_27.18, 8;
    %vpi_call 2 166 "$write", " s[%08h,%04b]=%08h", v000001ce64196860_0, v000001ce641979e0_0, v000001ce64197bc0_0 {0 0 0};
T_27.18 ;
    %load/vec4 v000001ce64195aa0_0;
    %flag_set/vec4 8;
    %jmp/0xz  T_27.20, 8;
    %vpi_call 2 169 "$write", " TRAP" {0 0 0};
T_27.20 ;
    %vpi_call 2 170 "$display" {0 0 0};
    %load/vec4 v000001ce64197f80_0;
    %flag_set/vec4 8;
    %jmp/0xz  T_27.22, 8;
    %pushi/vec4 0, 0, 32;
    %store/vec4 v000001ce641967c0_0, 0, 32;
T_27.22 ;
T_27.4 ;
    %load/vec4 v000001ce64194060_0;
    %cmpi/s 40000, 0, 32;
    %flag_or 5, 4; GT is !LE
    %flag_inv 5;
    %jmp/0xz  T_27.24, 5;
    %vpi_call 2 177 "$display", "Program did not halt after 40000 cycles, aborting." {0 0 0};
    %pushi/vec4 0, 0, 32;
    %store/vec4 v000001ce641967c0_0, 0, 32;
T_27.24 ;
    %jmp T_27.2;
T_27.3 ;
    %vpi_call 2 182 "$display", "Program halted after %d cycles.", v000001ce64194060_0 {0 0 0};
    %vpi_call 2 183 "$display", "Total instructions retired: %d", v000001ce64197e40_0 {0 0 0};
    %load/vec4 v000001ce64197e40_0;
    %cmpi/e 0, 0, 32;
    %jmp/0xz  T_27.26, 4;
    %vpi_call 2 185 "$display", "CPI: invalid (no instructions retired)" {0 0 0};
    %jmp T_27.27;
T_27.26 ;
    %load/vec4 v000001ce64194060_0;
    %cvt/rv/s;
    %pushi/real 1073741824, 4066; load=1.00000
    %load/vec4 v000001ce64197e40_0;
    %cvt/rv/s;
    %mul/wr;
    %div/wr;
    %vpi_call 2 187 "$display", "CPI: %f", W<0,r> {0 1 0};
T_27.27 ;
    %vpi_call 2 188 "$finish" {0 0 0};
    %end;
    .thread T_27;
    .scope S_000001ce64114440;
T_28 ;
    %pushi/vec4 0, 0, 32;
    %store/vec4 v000001ce64197940_0, 0, 32;
T_28.0 ;
    %load/vec4 v000001ce64197940_0;
    %cmpi/s 40000, 0, 32;
    %jmp/0xz T_28.1, 5;
    %wait E_000001ce640cf6e0;
    %load/vec4 v000001ce64197940_0;
    %addi 1, 0, 32;
    %store/vec4 v000001ce64197940_0, 0, 32;
    %jmp T_28.0;
T_28.1 ;
    %vpi_call 2 197 "$finish" {0 0 0};
    %end;
    .thread T_28;
    .scope S_000001ce64114440;
T_29 ;
    %delay 5000, 0;
    %load/vec4 v000001ce64193fc0_0;
    %inv;
    %store/vec4 v000001ce64193fc0_0, 0, 1;
    %jmp T_29;
    .thread T_29;
# The file index is used to find the file name in the following table.
:file_names 13;
    "N/A";
    "<interactive>";
    "tb\tb.v";
    "rtl\hart.v";
    "rtl\decode.v";
    "lib\imm.v";
    "lib\rf.v";
    "rtl\execute.v";
    "lib\alu.v";
    "lib\alu_control_unit.v";
    "rtl\memory.v";
    "rtl\writeback.v";
    "rtl\tb_memory.v";
