#! /c/Source/iverilog-install/bin/vvp
:ivl_version "12.0 (devel)" "(s20150603-1539-g2693dd32b)";
:ivl_delay_selection "TYPICAL";
:vpi_time_precision - 12;
:vpi_module "D:\iverilog\lib\ivl\system.vpi";
:vpi_module "D:\iverilog\lib\ivl\vhdl_sys.vpi";
:vpi_module "D:\iverilog\lib\ivl\vhdl_textio.vpi";
:vpi_module "D:\iverilog\lib\ivl\v2005_math.vpi";
:vpi_module "D:\iverilog\lib\ivl\va_math.vpi";
S_0000023887eefcd0 .scope module, "unit_hart_tb" "unit_hart_tb" 2 3;
 .timescale -9 -12;
L_0000023888015680 .functor BUFZ 1, L_00000238880156f0, C4<0>, C4<0>, C4<0>;
v0000023887f79110_0 .var "clk", 0 0;
v0000023887f7ac90_0 .var/i "cycles", 31 0;
v0000023887f79930_0 .net "dmem_addr", 31 0, L_00000238880141f0;  1 drivers
v0000023887f7a8d0_0 .net "dmem_mask", 3 0, L_0000023887ff1ca0;  1 drivers
v0000023887f799d0_0 .net "dmem_rdata", 31 0, L_0000023888014ea0;  1 drivers
v0000023887f78530_0 .net "dmem_ready", 0 0, L_0000023888014f10;  1 drivers
v0000023887f79bb0_0 .net "dmem_ren", 0 0, L_0000023888012eb0;  1 drivers
v0000023887f792f0_0 .net "dmem_rvalid", 0 0, L_00000238880156f0;  1 drivers
v0000023887f79c50_0 .net "dmem_valid", 0 0, L_0000023888015680;  1 drivers
v0000023887f785d0_0 .net "dmem_wdata", 31 0, L_0000023888012f90;  1 drivers
v0000023887f79ed0_0 .net "dmem_wdone", 0 0, L_0000023888014dc0;  1 drivers
v0000023887f787b0_0 .net "dmem_wen", 0 0, L_0000023888012c10;  1 drivers
v0000023887f7a330_0 .net "halt", 0 0, L_00000238880127b0;  1 drivers
v0000023887f7a5b0_0 .var "halted_seen", 0 0;
v0000023887f79d90_0 .var/i "i", 31 0;
v0000023887f7a010_0 .net "imem_raddr", 31 0, L_0000023887e91400;  1 drivers
v0000023887f78850_0 .net "imem_rdata", 31 0, L_0000023888013cb0;  1 drivers
v0000023887f788f0_0 .net "imem_ready", 0 0, L_0000023888013d20;  1 drivers
v0000023887f78ad0_0 .net "imem_ren", 0 0, L_0000023887e91010;  1 drivers
v0000023887f7a150_0 .net "imem_valid", 0 0, L_00000238880135b0;  1 drivers
v0000023887f7c9f0_0 .net "inst", 31 0, L_0000023888013ee0;  1 drivers
v0000023887f7c8b0_0 .net "next_pc", 31 0, L_0000023888013000;  1 drivers
v0000023887f7cb30_0 .net "pc", 31 0, L_00000238880134d0;  1 drivers
v0000023887f7b0f0_0 .net "rd_waddr", 4 0, L_0000023887ff2600;  1 drivers
v0000023887f7cef0_0 .net "rd_wdata", 31 0, L_0000023888012d60;  1 drivers
v0000023887f7beb0 .array "regs", 31 0, 31 0;
v0000023887f7cc70_0 .net "rs1_raddr", 4 0, L_0000023888012890;  1 drivers
v0000023887f7cbd0_0 .net "rs1_rdata", 31 0, L_0000023888012900;  1 drivers
v0000023887f7cd10_0 .net "rs2_raddr", 4 0, L_0000023888013f50;  1 drivers
v0000023887f7b730_0 .net "rs2_rdata", 31 0, L_00000238880130e0;  1 drivers
v0000023887f7d490_0 .var "rst", 0 0;
v0000023887f7d350_0 .net "trap", 0 0, L_0000023888014340;  1 drivers
v0000023887f7bf50_0 .net "valid", 0 0, L_0000023888014180;  1 drivers
E_0000023887ed1ec0 .event negedge, v0000023887f4dd10_0;
S_0000023887ce6280 .scope module, "dut" "hart" 2 35, 3 3 0, S_0000023887eefcd0;
 .timescale -9 -12;
    .port_info 0 /INPUT 1 "i_clk";
    .port_info 1 /INPUT 1 "i_rst";
    .port_info 2 /INPUT 1 "i_imem_ready";
    .port_info 3 /OUTPUT 32 "o_imem_raddr";
    .port_info 4 /OUTPUT 1 "o_imem_ren";
    .port_info 5 /INPUT 1 "i_imem_valid";
    .port_info 6 /INPUT 32 "i_imem_rdata";
    .port_info 7 /INPUT 1 "i_dmem_ready";
    .port_info 8 /OUTPUT 32 "o_dmem_addr";
    .port_info 9 /OUTPUT 1 "o_dmem_ren";
    .port_info 10 /OUTPUT 1 "o_dmem_wen";
    .port_info 11 /OUTPUT 32 "o_dmem_wdata";
    .port_info 12 /OUTPUT 4 "o_dmem_mask";
    .port_info 13 /INPUT 1 "i_dmem_valid";
    .port_info 14 /INPUT 32 "i_dmem_rdata";
    .port_info 15 /OUTPUT 1 "o_retire_valid";
    .port_info 16 /OUTPUT 32 "o_retire_inst";
    .port_info 17 /OUTPUT 1 "o_retire_trap";
    .port_info 18 /OUTPUT 1 "o_retire_halt";
    .port_info 19 /OUTPUT 5 "o_retire_rs1_raddr";
    .port_info 20 /OUTPUT 5 "o_retire_rs2_raddr";
    .port_info 21 /OUTPUT 32 "o_retire_rs1_rdata";
    .port_info 22 /OUTPUT 32 "o_retire_rs2_rdata";
    .port_info 23 /OUTPUT 5 "o_retire_rd_waddr";
    .port_info 24 /OUTPUT 32 "o_retire_rd_wdata";
    .port_info 25 /OUTPUT 32 "o_retire_dmem_addr";
    .port_info 26 /OUTPUT 4 "o_retire_dmem_mask";
    .port_info 27 /OUTPUT 1 "o_retire_dmem_ren";
    .port_info 28 /OUTPUT 1 "o_retire_dmem_wen";
    .port_info 29 /OUTPUT 32 "o_retire_dmem_rdata";
    .port_info 30 /OUTPUT 32 "o_retire_dmem_wdata";
    .port_info 31 /OUTPUT 32 "o_retire_pc";
    .port_info 32 /OUTPUT 32 "o_retire_next_pc";
P_0000023887ed4500 .param/l "RESET_ADDR" 0 3 6, C4<00000000000000000000000000000000>;
L_0000023887e93e70 .functor BUFZ 32, v0000023887f76690_0, C4<00000000000000000000000000000000>, C4<00000000000000000000000000000000>, C4<00000000000000000000000000000000>;
L_0000023887e943b0 .functor BUFZ 32, L_0000023887e93700, C4<00000000000000000000000000000000>, C4<00000000000000000000000000000000>, C4<00000000000000000000000000000000>;
L_0000023887e93d20 .functor NOT 1, L_000002388800dda0, C4<0>, C4<0>, C4<0>;
L_0000023887e93d90 .functor AND 1, v0000023887f71910_0, L_0000023887e93d20, C4<1>, C4<1>;
L_0000023887e93e00 .functor NOT 1, L_0000023888013070, C4<0>, C4<0>, C4<0>;
L_0000023887e93ee0 .functor AND 1, L_0000023887e93d90, L_0000023887e93e00, C4<1>, C4<1>;
L_0000023887e90c20 .functor NOT 1, L_000002388800be20, C4<0>, C4<0>, C4<0>;
L_0000023887e90670 .functor AND 1, L_0000023887e93ee0, L_0000023887e90c20, C4<1>, C4<1>;
L_0000023887e91160 .functor NOT 1, v0000023887f71910_0, C4<0>, C4<0>, C4<0>;
L_0000023887e91a20 .functor OR 1, L_0000023887e91160, L_0000023887e90670, C4<0>, C4<0>;
L_0000023887e91470 .functor NOT 1, v0000023887f6d8d0_0, C4<0>, C4<0>, C4<0>;
L_0000023887e91be0 .functor NOT 1, v0000023887f70f10_0, C4<0>, C4<0>, C4<0>;
L_0000023887e91c50 .functor AND 1, L_0000023887e91470, L_0000023887e91be0, C4<1>, C4<1>;
L_0000023887e914e0 .functor AND 1, L_0000023887e91c50, L_0000023887e91a20, C4<1>, C4<1>;
L_0000023887e91860 .functor NOT 1, L_000002388800be20, C4<0>, C4<0>, C4<0>;
L_0000023887e911d0 .functor AND 1, L_0000023887e914e0, L_0000023887e91860, C4<1>, C4<1>;
L_0000023887e91da0 .functor NOT 1, L_0000023887e92f20, C4<0>, C4<0>, C4<0>;
L_0000023887e90f30 .functor AND 1, v0000023887f70f10_0, L_0000023887e91da0, C4<1>, C4<1>;
L_0000023887e90ad0 .functor NOT 1, L_0000023887e92f20, C4<0>, C4<0>, C4<0>;
L_0000023887e919b0 .functor AND 1, L_0000023887e911d0, L_0000023887e90ad0, C4<1>, C4<1>;
L_0000023887e91630 .functor NOT 1, v0000023887f72f90_0, C4<0>, C4<0>, C4<0>;
L_0000023887e90fa0 .functor AND 1, L_0000023887e90f30, L_0000023887e91630, C4<1>, C4<1>;
L_0000023887e90ec0 .functor NOT 1, L_000002388800be20, C4<0>, C4<0>, C4<0>;
L_0000023887e90980 .functor AND 1, L_0000023887e90fa0, L_0000023887e90ec0, C4<1>, C4<1>;
L_0000023887e91550 .functor OR 1, L_0000023887e919b0, L_0000023887e90980, C4<0>, C4<0>;
L_0000023887e91400 .functor BUFZ 32, L_0000023887f7db70, C4<00000000000000000000000000000000>, C4<00000000000000000000000000000000>, C4<00000000000000000000000000000000>;
L_0000023887e91010 .functor BUFZ 1, L_0000023887e92740, C4<0>, C4<0>, C4<0>;
L_0000023887e920b0 .functor BUFZ 1, L_0000023887e91550, C4<0>, C4<0>, C4<0>;
L_0000023887e917f0 .functor BUFZ 32, L_0000023887feaa40, C4<00000000000000000000000000000000>, C4<00000000000000000000000000000000>, C4<00000000000000000000000000000000>;
L_0000023887e90520 .functor BUFZ 32, L_0000023887e943b0, C4<00000000000000000000000000000000>, C4<00000000000000000000000000000000>, C4<00000000000000000000000000000000>;
L_000002388800d860 .functor OR 1, L_0000023887feeb40, L_0000023887fee500, C4<0>, C4<0>;
L_000002388800e120 .functor OR 1, L_000002388800d860, L_0000023887fee3c0, C4<0>, C4<0>;
L_000002388800d010 .functor OR 1, L_000002388800e120, L_0000023887fedec0, C4<0>, C4<0>;
L_000002388800ca60 .functor OR 1, L_000002388800d010, L_0000023887fed100, C4<0>, C4<0>;
L_000002388800d8d0 .functor OR 1, L_000002388800ca60, L_0000023887fef220, C4<0>, C4<0>;
L_000002388800c6e0 .functor OR 1, L_0000023887fee460, L_0000023887fef2c0, C4<0>, C4<0>;
L_000002388800d080 .functor OR 1, L_000002388800c6e0, L_0000023887fed1a0, C4<0>, C4<0>;
L_000002388800e190 .functor OR 1, L_0000023887feefa0, L_0000023887fed600, C4<0>, C4<0>;
L_000002388800d4e0 .functor AND 1, v0000023887f71910_0, v0000023887f69370_0, C4<1>, C4<1>;
L_000002388800c910 .functor AND 1, L_000002388800d4e0, v0000023887f68470_0, C4<1>, C4<1>;
L_000002388800cd70 .functor AND 1, L_000002388800c910, L_0000023887feedc0, C4<1>, C4<1>;
L_000002388800d940 .functor AND 1, L_000002388800d8d0, L_0000023887fef360, C4<1>, C4<1>;
L_000002388800cbb0 .functor AND 1, L_000002388800e190, L_0000023887feef00, C4<1>, C4<1>;
L_000002388800d0f0 .functor OR 1, L_000002388800d940, L_000002388800cbb0, C4<0>, C4<0>;
L_000002388800cc90 .functor AND 1, L_000002388800cd70, L_000002388800d0f0, C4<1>, C4<1>;
L_0000023887f844c8 .functor BUFT 1, C4<0>, C4<0>, C4<0>, C4<0>;
L_000002388800ce50 .functor OR 1, L_000002388800cc90, L_0000023887f844c8, C4<0>, C4<0>;
L_0000023887f84510 .functor BUFT 1, C4<0>, C4<0>, C4<0>, C4<0>;
L_000002388800dda0 .functor OR 1, L_000002388800ce50, L_0000023887f84510, C4<0>, C4<0>;
L_000002388800d550 .functor BUFZ 1, v0000023887f71910_0, C4<0>, C4<0>, C4<0>;
L_000002388800d7f0 .functor BUFZ 32, v0000023887f71b90_0, C4<00000000000000000000000000000000>, C4<00000000000000000000000000000000>, C4<00000000000000000000000000000000>;
L_000002388800dc50 .functor BUFZ 32, v0000023887f71d70_0, C4<00000000000000000000000000000000>, C4<00000000000000000000000000000000>, C4<00000000000000000000000000000000>;
L_000002388800cad0 .functor BUFZ 32, v0000023887f714b0_0, C4<00000000000000000000000000000000>, C4<00000000000000000000000000000000>, C4<00000000000000000000000000000000>;
L_000002388800c980 .functor BUFZ 5, L_0000023887e916a0, C4<00000>, C4<00000>, C4<00000>;
L_000002388800c9f0 .functor BUFZ 5, L_0000023887de97b0, C4<00000>, C4<00000>, C4<00000>;
L_000002388800d160 .functor BUFZ 5, L_0000023887feb940, C4<00000>, C4<00000>, C4<00000>;
L_000002388800d240 .functor BUFZ 32, L_0000023887e91710, C4<00000000000000000000000000000000>, C4<00000000000000000000000000000000>, C4<00000000000000000000000000000000>;
L_000002388800c750 .functor BUFZ 32, L_0000023887de9ac0, C4<00000000000000000000000000000000>, C4<00000000000000000000000000000000>, C4<00000000000000000000000000000000>;
L_000002388800cb40 .functor BUFZ 32, L_0000023887fedc40, C4<00000000000000000000000000000000>, C4<00000000000000000000000000000000>, C4<00000000000000000000000000000000>;
L_000002388800d5c0 .functor BUFZ 1, L_0000023887e90b40, C4<0>, C4<0>, C4<0>;
L_000002388800cc20 .functor BUFZ 1, L_0000023887e91780, C4<0>, C4<0>, C4<0>;
L_000002388800d400 .functor BUFZ 3, L_0000023887fea9a0, C4<000>, C4<000>, C4<000>;
L_000002388800c7c0 .functor BUFZ 1, L_0000023887e90830, C4<0>, C4<0>, C4<0>;
L_000002388800c830 .functor BUFZ 1, L_0000023887e90590, C4<0>, C4<0>, C4<0>;
L_000002388800d2b0 .functor BUFZ 1, L_0000023887e918d0, C4<0>, C4<0>, C4<0>;
L_000002388800c600 .functor BUFZ 1, L_0000023887e908a0, C4<0>, C4<0>, C4<0>;
L_000002388800c670 .functor BUFZ 1, L_0000023887e912b0, C4<0>, C4<0>, C4<0>;
L_000002388800cf30 .functor BUFZ 1, L_0000023887e90de0, C4<0>, C4<0>, C4<0>;
L_000002388800cd00 .functor BUFZ 1, L_0000023887e91e80, C4<0>, C4<0>, C4<0>;
L_000002388800dcc0 .functor BUFZ 1, L_0000023887e90750, C4<0>, C4<0>, C4<0>;
L_000002388800e0b0 .functor BUFZ 1, L_0000023887e91cc0, C4<0>, C4<0>, C4<0>;
L_000002388800d320 .functor BUFZ 1, L_0000023887e91a90, C4<0>, C4<0>, C4<0>;
L_000002388800dbe0 .functor BUFZ 32, L_0000023887ff2560, C4<00000000000000000000000000000000>, C4<00000000000000000000000000000000>, C4<00000000000000000000000000000000>;
L_000002388800db70 .functor AND 1, v0000023887f69370_0, v0000023887f6e4b0_0, C4<1>, C4<1>;
L_000002388800df60 .functor AND 1, L_000002388800db70, v0000023887f6e870_0, C4<1>, C4<1>;
L_000002388800d1d0 .functor NOT 1, v0000023887f6dd30_0, C4<0>, C4<0>, C4<0>;
L_000002388800da20 .functor AND 1, L_000002388800df60, L_000002388800d1d0, C4<1>, C4<1>;
L_000002388800d630 .functor AND 1, L_000002388800da20, L_0000023887feee60, C4<1>, C4<1>;
L_000002388800c8a0 .functor AND 1, L_000002388800d630, L_0000023887fef040, C4<1>, C4<1>;
L_000002388800cde0 .functor AND 1, v0000023887f69370_0, v0000023887f6e4b0_0, C4<1>, C4<1>;
L_000002388800d9b0 .functor AND 1, L_000002388800cde0, v0000023887f6e870_0, C4<1>, C4<1>;
L_000002388800cec0 .functor NOT 1, v0000023887f6dd30_0, C4<0>, C4<0>, C4<0>;
L_000002388800cfa0 .functor AND 1, L_000002388800d9b0, L_000002388800cec0, C4<1>, C4<1>;
L_000002388800d390 .functor AND 1, L_000002388800cfa0, L_0000023887fed9c0, C4<1>, C4<1>;
L_000002388800da90 .functor AND 1, L_000002388800d390, L_0000023887fee780, C4<1>, C4<1>;
L_000002388800d470 .functor AND 1, v0000023887f69370_0, v0000023887f74610_0, C4<1>, C4<1>;
L_000002388800d6a0 .functor AND 1, L_000002388800d470, v0000023887f73850_0, C4<1>, C4<1>;
L_000002388800d710 .functor AND 1, L_000002388800d6a0, L_0000023887fedd80, C4<1>, C4<1>;
L_000002388800d780 .functor NOT 1, L_000002388800c8a0, C4<0>, C4<0>, C4<0>;
L_000002388800db00 .functor AND 1, L_000002388800d710, L_000002388800d780, C4<1>, C4<1>;
L_000002388800dd30 .functor AND 1, L_000002388800db00, L_0000023887fef400, C4<1>, C4<1>;
L_000002388800de10 .functor AND 1, v0000023887f69370_0, v0000023887f74610_0, C4<1>, C4<1>;
L_000002388800de80 .functor AND 1, L_000002388800de10, v0000023887f73850_0, C4<1>, C4<1>;
L_000002388800def0 .functor AND 1, L_000002388800de80, L_0000023887fed420, C4<1>, C4<1>;
L_000002388800dfd0 .functor NOT 1, L_000002388800da90, C4<0>, C4<0>, C4<0>;
L_000002388800e040 .functor AND 1, L_000002388800def0, L_000002388800dfd0, C4<1>, C4<1>;
L_000002388800e900 .functor AND 1, L_000002388800e040, L_0000023887fee8c0, C4<1>, C4<1>;
L_000002388800e5f0 .functor BUFZ 32, L_0000023887fecfc0, C4<00000000000000000000000000000000>, C4<00000000000000000000000000000000>, C4<00000000000000000000000000000000>;
L_000002388800e6d0 .functor NOT 1, L_0000023888013070, C4<0>, C4<0>, C4<0>;
L_000002388800e4a0 .functor AND 1, v0000023887f69370_0, L_000002388800e6d0, C4<1>, C4<1>;
L_000002388800e740 .functor AND 1, L_000002388800e4a0, v0000023887f67cf0_0, C4<1>, C4<1>;
L_000002388800e270 .functor NOT 1, L_0000023887ff13e0, C4<0>, C4<0>, C4<0>;
L_000002388800aae0 .functor NOT 1, L_000002388800e890, C4<0>, C4<0>, C4<0>;
L_000002388800bb80 .functor NOT 1, L_000002388800e890, C4<0>, C4<0>, C4<0>;
L_000002388800b870 .functor AND 1, L_000002388800e740, L_0000023887fefea0, C4<1>, C4<1>;
L_000002388800b100 .functor NOT 1, L_0000023888013070, C4<0>, C4<0>, C4<0>;
L_000002388800afb0 .functor AND 1, v0000023887f69370_0, L_000002388800b100, C4<1>, C4<1>;
L_000002388800bdb0 .functor AND 1, L_000002388800afb0, v0000023887f6a3b0_0, C4<1>, C4<1>;
L_000002388800bf00 .functor OR 1, L_000002388800b870, L_000002388800bdb0, C4<0>, C4<0>;
L_000002388800bf70 .functor AND 1, L_000002388800bf00, L_0000023887ff04e0, C4<1>, C4<1>;
L_000002388800c4b0 .functor NOT 1, L_000002388800bf70, C4<0>, C4<0>, C4<0>;
L_000002388800be20 .functor AND 1, L_000002388800bf00, L_000002388800c4b0, C4<1>, C4<1>;
L_000002388800bc60 .functor BUFZ 1, v0000023887f69370_0, C4<0>, C4<0>, C4<0>;
L_000002388800b020 .functor BUFZ 32, v0000023887f68a10_0, C4<00000000000000000000000000000000>, C4<00000000000000000000000000000000>, C4<00000000000000000000000000000000>;
L_000002388800b3a0 .functor BUFZ 32, v0000023887f68290_0, C4<00000000000000000000000000000000>, C4<00000000000000000000000000000000>, C4<00000000000000000000000000000000>;
L_000002388800c3d0 .functor BUFZ 32, L_0000023887fef900, C4<00000000000000000000000000000000>, C4<00000000000000000000000000000000>, C4<00000000000000000000000000000000>;
L_000002388800ab50 .functor BUFZ 32, v0000023887f69e10_0, C4<00000000000000000000000000000000>, C4<00000000000000000000000000000000>, C4<00000000000000000000000000000000>;
L_000002388800c0c0 .functor BUFZ 5, v0000023887f68650_0, C4<00000>, C4<00000>, C4<00000>;
L_000002388800b170 .functor BUFZ 5, v0000023887f69d70_0, C4<00000>, C4<00000>, C4<00000>;
L_000002388800b410 .functor BUFZ 5, v0000023887f69190_0, C4<00000>, C4<00000>, C4<00000>;
L_000002388800c130 .functor BUFZ 32, L_0000023887fee000, C4<00000000000000000000000000000000>, C4<00000000000000000000000000000000>, C4<00000000000000000000000000000000>;
L_000002388800aed0 .functor BUFZ 32, L_0000023887fecfc0, C4<00000000000000000000000000000000>, C4<00000000000000000000000000000000>, C4<00000000000000000000000000000000>;
L_000002388800be90 .functor BUFZ 32, v0000023887f699b0_0, C4<00000000000000000000000000000000>, C4<00000000000000000000000000000000>, C4<00000000000000000000000000000000>;
L_000002388800abc0 .functor BUFZ 32, v0000023887f4fe70_0, C4<00000000000000000000000000000000>, C4<00000000000000000000000000000000>, C4<00000000000000000000000000000000>;
L_000002388800bb10 .functor BUFZ 32, L_000002388800e5f0, C4<00000000000000000000000000000000>, C4<00000000000000000000000000000000>, C4<00000000000000000000000000000000>;
L_000002388800b9c0 .functor BUFZ 3, v0000023887f69cd0_0, C4<000>, C4<000>, C4<000>;
L_000002388800ba30 .functor BUFZ 1, v0000023887f6a450_0, C4<0>, C4<0>, C4<0>;
L_000002388800ac30 .functor BUFZ 1, v0000023887f68470_0, C4<0>, C4<0>, C4<0>;
L_000002388800ae60 .functor BUFZ 1, v0000023887f686f0_0, C4<0>, C4<0>, C4<0>;
L_000002388800b560 .functor BUFZ 1, v0000023887f67d90_0, C4<0>, C4<0>, C4<0>;
L_000002388800c440 .functor BUFZ 1, v0000023887f6a3b0_0, C4<0>, C4<0>, C4<0>;
L_000002388800b090 .functor BUFZ 1, v0000023887f69c30_0, C4<0>, C4<0>, C4<0>;
L_000002388800c1a0 .functor BUFZ 1, v0000023887f68970_0, C4<0>, C4<0>, C4<0>;
L_000002388800c360 .functor BUFZ 1, L_000002388800bf70, C4<0>, C4<0>, C4<0>;
L_000002388800c520 .functor BUFZ 1, v0000023887f68bf0_0, C4<0>, C4<0>, C4<0>;
L_000002388800aca0 .functor AND 1, v0000023887f6e4b0_0, v0000023887f6ed70_0, C4<1>, C4<1>;
L_000002388800c210 .functor AND 1, v0000023887f6e4b0_0, v0000023887f6e050_0, C4<1>, C4<1>;
L_000002388800b950 .functor AND 1, v0000023887f74610_0, v0000023887f74f70_0, C4<1>, C4<1>;
L_000002388800c280 .functor AND 1, L_000002388800b950, v0000023887f6e4b0_0, C4<1>, C4<1>;
L_000002388800af40 .functor AND 1, L_000002388800c280, v0000023887f6e050_0, C4<1>, C4<1>;
L_000002388800bcd0 .functor AND 1, L_000002388800af40, L_0000023887fef7c0, C4<1>, C4<1>;
L_000002388800ad10 .functor AND 1, L_000002388800bcd0, L_0000023887fefa40, C4<1>, C4<1>;
L_000002388800b640 .functor OR 1, v0000023887f6ed70_0, v0000023887f6e050_0, C4<0>, C4<0>;
L_000002388800bbf0 .functor AND 1, v0000023887f6e4b0_0, L_000002388800b640, C4<1>, C4<1>;
L_000002388800b330 .functor NOT 1, L_000002388800bfe0, C4<0>, C4<0>, C4<0>;
L_000002388800adf0 .functor AND 1, L_000002388800bbf0, L_000002388800b330, C4<1>, C4<1>;
L_000002388800b8e0 .functor NOT 1, v0000023887f6d5b0_0, C4<0>, C4<0>, C4<0>;
L_000002388800c050 .functor AND 1, L_000002388800adf0, L_000002388800b8e0, C4<1>, C4<1>;
L_000002388800b6b0 .functor AND 1, v0000023887f6e4b0_0, v0000023887f6ed70_0, C4<1>, C4<1>;
L_000002388800b720 .functor NOT 1, L_000002388800bfe0, C4<0>, C4<0>, C4<0>;
L_000002388800b800 .functor AND 1, L_000002388800b6b0, L_000002388800b720, C4<1>, C4<1>;
L_000002388800baa0 .functor OR 1, v0000023887f6d5b0_0, L_000002388800c050, C4<0>, C4<0>;
L_0000023888013850 .functor AND 1, L_000002388800b800, L_000002388800baa0, C4<1>, C4<1>;
L_0000023888013d90 .functor NOT 1, L_0000023887e94420, C4<0>, C4<0>, C4<0>;
L_0000023888012820 .functor AND 1, L_0000023888013850, L_0000023888013d90, C4<1>, C4<1>;
L_0000023888012b30 .functor NOT 1, L_000002388800adf0, C4<0>, C4<0>, C4<0>;
L_00000238880140a0 .functor NOT 1, L_0000023887e94420, C4<0>, C4<0>, C4<0>;
L_0000023888012cf0 .functor OR 1, L_0000023888012b30, L_00000238880140a0, C4<0>, C4<0>;
L_0000023888013930 .functor AND 1, v0000023887f6e4b0_0, L_0000023888012cf0, C4<1>, C4<1>;
L_0000023888012ac0 .functor NOT 1, L_0000023888013930, C4<0>, C4<0>, C4<0>;
L_0000023888013070 .functor AND 1, v0000023887f6e4b0_0, L_0000023888012ac0, C4<1>, C4<1>;
L_00000238880142d0 .functor AND 1, L_000002388800b2c0, L_000002388800c050, C4<1>, C4<1>;
L_0000023888014110 .functor AND 1, L_000002388800b1e0, L_000002388800c050, C4<1>, C4<1>;
L_0000023888013700 .functor BUFZ 1, L_00000238880142d0, C4<0>, C4<0>, C4<0>;
L_0000023888013e70 .functor BUFZ 1, L_0000023888014110, C4<0>, C4<0>, C4<0>;
L_00000238880141f0 .functor BUFZ 32, L_0000023887f80690, C4<00000000000000000000000000000000>, C4<00000000000000000000000000000000>, C4<00000000000000000000000000000000>;
L_00000238880138c0 .functor OR 1, L_0000023887e94110, L_0000023887e942d0, C4<0>, C4<0>;
L_0000023888012f90 .functor BUFZ 32, L_0000023887f80410, C4<00000000000000000000000000000000>, C4<00000000000000000000000000000000>, C4<00000000000000000000000000000000>;
L_0000023888012eb0 .functor BUFZ 1, L_0000023887e94110, C4<0>, C4<0>, C4<0>;
L_0000023888012c10 .functor BUFZ 1, L_0000023887e942d0, C4<0>, C4<0>, C4<0>;
L_0000023888013380 .functor BUFZ 1, L_0000023888013930, C4<0>, C4<0>, C4<0>;
L_00000238880133f0 .functor OR 1, v0000023887f735d0_0, v0000023887f75150_0, C4<0>, C4<0>;
L_0000023888012ba0 .functor OR 1, L_00000238880133f0, v0000023887f75470_0, C4<0>, C4<0>;
L_00000238880129e0 .functor AND 1, v0000023887f74610_0, v0000023887f73850_0, C4<1>, C4<1>;
L_0000023888012c80 .functor NOT 1, L_0000023888012ba0, C4<0>, C4<0>, C4<0>;
L_0000023888013310 .functor AND 1, L_00000238880129e0, L_0000023888012c80, C4<1>, C4<1>;
L_0000023888014260 .functor AND 1, v0000023887f74610_0, v0000023887f75510_0, C4<1>, C4<1>;
L_0000023888014180 .functor BUFZ 1, v0000023887f74610_0, C4<0>, C4<0>, C4<0>;
L_0000023888013ee0 .functor BUFZ 32, v0000023887f75ab0_0, C4<00000000000000000000000000000000>, C4<00000000000000000000000000000000>, C4<00000000000000000000000000000000>;
L_0000023888014340 .functor AND 1, v0000023887f74610_0, L_0000023888012ba0, C4<1>, C4<1>;
L_00000238880127b0 .functor BUFZ 1, L_0000023888014260, C4<0>, C4<0>, C4<0>;
L_0000023888012890 .functor BUFZ 5, v0000023887f749d0_0, C4<00000>, C4<00000>, C4<00000>;
L_0000023888013f50 .functor BUFZ 5, v0000023887f744d0_0, C4<00000>, C4<00000>, C4<00000>;
L_0000023888012900 .functor BUFZ 32, v0000023887f751f0_0, C4<00000000000000000000000000000000>, C4<00000000000000000000000000000000>, C4<00000000000000000000000000000000>;
L_00000238880130e0 .functor BUFZ 32, v0000023887f75c90_0, C4<00000000000000000000000000000000>, C4<00000000000000000000000000000000>, C4<00000000000000000000000000000000>;
L_0000023888012d60 .functor BUFZ 32, L_0000023887ff2560, C4<00000000000000000000000000000000>, C4<00000000000000000000000000000000>, C4<00000000000000000000000000000000>;
L_0000023888012970 .functor BUFZ 32, v0000023887f71050_0, C4<00000000000000000000000000000000>, C4<00000000000000000000000000000000>, C4<00000000000000000000000000000000>;
L_0000023888012dd0 .functor BUFZ 1, v0000023887f710f0_0, C4<0>, C4<0>, C4<0>;
L_0000023888013fc0 .functor BUFZ 1, v0000023887f73530_0, C4<0>, C4<0>, C4<0>;
L_0000023888012e40 .functor BUFZ 4, v0000023887f72950_0, C4<0000>, C4<0000>, C4<0000>;
L_0000023888013460 .functor BUFZ 32, v0000023887f712d0_0, C4<00000000000000000000000000000000>, C4<00000000000000000000000000000000>, C4<00000000000000000000000000000000>;
L_0000023888012f20 .functor BUFZ 32, v0000023887f733f0_0, C4<00000000000000000000000000000000>, C4<00000000000000000000000000000000>, C4<00000000000000000000000000000000>;
L_00000238880134d0 .functor BUFZ 32, v0000023887f74cf0_0, C4<00000000000000000000000000000000>, C4<00000000000000000000000000000000>, C4<00000000000000000000000000000000>;
L_0000023888013000 .functor BUFZ 32, v0000023887f74a70_0, C4<00000000000000000000000000000000>, C4<00000000000000000000000000000000>, C4<00000000000000000000000000000000>;
v0000023887f5f660_0 .net *"_ivl_100", 0 0, L_0000023887fedec0;  1 drivers
v0000023887f60740_0 .net *"_ivl_102", 0 0, L_000002388800d010;  1 drivers
L_0000023887f84288 .functor BUFT 1, C4<1100011>, C4<0>, C4<0>, C4<0>;
v0000023887f615a0_0 .net/2u *"_ivl_104", 6 0, L_0000023887f84288;  1 drivers
v0000023887f60100_0 .net *"_ivl_106", 0 0, L_0000023887fed100;  1 drivers
v0000023887f60880_0 .net *"_ivl_108", 0 0, L_000002388800ca60;  1 drivers
L_0000023887f842d0 .functor BUFT 1, C4<1100111>, C4<0>, C4<0>, C4<0>;
v0000023887f5f840_0 .net/2u *"_ivl_110", 6 0, L_0000023887f842d0;  1 drivers
v0000023887f5fac0_0 .net *"_ivl_112", 0 0, L_0000023887fef220;  1 drivers
L_0000023887f84318 .functor BUFT 1, C4<0110011>, C4<0>, C4<0>, C4<0>;
v0000023887f60920_0 .net/2u *"_ivl_116", 6 0, L_0000023887f84318;  1 drivers
v0000023887f61000_0 .net *"_ivl_118", 0 0, L_0000023887fee460;  1 drivers
L_0000023887f84360 .functor BUFT 1, C4<0100011>, C4<0>, C4<0>, C4<0>;
v0000023887f60e20_0 .net/2u *"_ivl_120", 6 0, L_0000023887f84360;  1 drivers
v0000023887f602e0_0 .net *"_ivl_122", 0 0, L_0000023887fef2c0;  1 drivers
v0000023887f5fde0_0 .net *"_ivl_124", 0 0, L_000002388800c6e0;  1 drivers
L_0000023887f843a8 .functor BUFT 1, C4<1100011>, C4<0>, C4<0>, C4<0>;
v0000023887f61500_0 .net/2u *"_ivl_126", 6 0, L_0000023887f843a8;  1 drivers
v0000023887f61640_0 .net *"_ivl_128", 0 0, L_0000023887fed1a0;  1 drivers
L_0000023887f843f0 .functor BUFT 1, C4<0110011>, C4<0>, C4<0>, C4<0>;
v0000023887f5fc00_0 .net/2u *"_ivl_132", 6 0, L_0000023887f843f0;  1 drivers
v0000023887f60380_0 .net *"_ivl_134", 0 0, L_0000023887feefa0;  1 drivers
L_0000023887f84438 .functor BUFT 1, C4<1100011>, C4<0>, C4<0>, C4<0>;
v0000023887f60420_0 .net/2u *"_ivl_136", 6 0, L_0000023887f84438;  1 drivers
v0000023887f609c0_0 .net *"_ivl_138", 0 0, L_0000023887fed600;  1 drivers
v0000023887f60a60_0 .net *"_ivl_142", 0 0, L_000002388800d4e0;  1 drivers
v0000023887f60b00_0 .net *"_ivl_144", 0 0, L_000002388800c910;  1 drivers
L_0000023887f84480 .functor BUFT 1, C4<00000>, C4<0>, C4<0>, C4<0>;
v0000023887f60d80_0 .net/2u *"_ivl_146", 4 0, L_0000023887f84480;  1 drivers
v0000023887f62400_0 .net *"_ivl_148", 0 0, L_0000023887feedc0;  1 drivers
v0000023887f62cc0_0 .net *"_ivl_150", 0 0, L_000002388800cd70;  1 drivers
v0000023887f63440_0 .net *"_ivl_152", 0 0, L_0000023887fef360;  1 drivers
v0000023887f62a40_0 .net *"_ivl_154", 0 0, L_000002388800d940;  1 drivers
v0000023887f61960_0 .net *"_ivl_156", 0 0, L_0000023887feef00;  1 drivers
v0000023887f63760_0 .net *"_ivl_158", 0 0, L_000002388800cbb0;  1 drivers
v0000023887f636c0_0 .net *"_ivl_16", 0 0, L_0000023887e93d20;  1 drivers
v0000023887f622c0_0 .net *"_ivl_160", 0 0, L_000002388800d0f0;  1 drivers
v0000023887f64020_0 .net *"_ivl_168", 0 0, L_000002388800ce50;  1 drivers
v0000023887f62ae0_0 .net *"_ivl_18", 0 0, L_0000023887e93d90;  1 drivers
v0000023887f620e0_0 .net *"_ivl_20", 0 0, L_0000023887e93e00;  1 drivers
v0000023887f62860_0 .net *"_ivl_22", 0 0, L_0000023887e93ee0;  1 drivers
v0000023887f62040_0 .net *"_ivl_224", 31 0, L_0000023887fee6e0;  1 drivers
v0000023887f62b80_0 .net *"_ivl_230", 0 0, L_000002388800db70;  1 drivers
v0000023887f624a0_0 .net *"_ivl_232", 0 0, L_000002388800df60;  1 drivers
v0000023887f62f40_0 .net *"_ivl_234", 0 0, L_000002388800d1d0;  1 drivers
v0000023887f62900_0 .net *"_ivl_236", 0 0, L_000002388800da20;  1 drivers
L_0000023887f84558 .functor BUFT 1, C4<00000>, C4<0>, C4<0>, C4<0>;
v0000023887f62e00_0 .net/2u *"_ivl_238", 4 0, L_0000023887f84558;  1 drivers
v0000023887f63d00_0 .net *"_ivl_24", 0 0, L_0000023887e90c20;  1 drivers
v0000023887f63da0_0 .net *"_ivl_240", 0 0, L_0000023887feee60;  1 drivers
v0000023887f633a0_0 .net *"_ivl_242", 0 0, L_000002388800d630;  1 drivers
v0000023887f62d60_0 .net *"_ivl_244", 0 0, L_0000023887fef040;  1 drivers
v0000023887f61aa0_0 .net *"_ivl_248", 0 0, L_000002388800cde0;  1 drivers
v0000023887f61c80_0 .net *"_ivl_250", 0 0, L_000002388800d9b0;  1 drivers
v0000023887f62ea0_0 .net *"_ivl_252", 0 0, L_000002388800cec0;  1 drivers
v0000023887f62540_0 .net *"_ivl_254", 0 0, L_000002388800cfa0;  1 drivers
L_0000023887f845a0 .functor BUFT 1, C4<00000>, C4<0>, C4<0>, C4<0>;
v0000023887f627c0_0 .net/2u *"_ivl_256", 4 0, L_0000023887f845a0;  1 drivers
v0000023887f63080_0 .net *"_ivl_258", 0 0, L_0000023887fed9c0;  1 drivers
v0000023887f61a00_0 .net *"_ivl_260", 0 0, L_000002388800d390;  1 drivers
v0000023887f61b40_0 .net *"_ivl_262", 0 0, L_0000023887fee780;  1 drivers
v0000023887f63f80_0 .net *"_ivl_266", 0 0, L_000002388800d470;  1 drivers
v0000023887f618c0_0 .net *"_ivl_268", 0 0, L_000002388800d6a0;  1 drivers
L_0000023887f845e8 .functor BUFT 1, C4<00000>, C4<0>, C4<0>, C4<0>;
v0000023887f61be0_0 .net/2u *"_ivl_270", 4 0, L_0000023887f845e8;  1 drivers
v0000023887f61d20_0 .net *"_ivl_272", 0 0, L_0000023887fedd80;  1 drivers
v0000023887f61dc0_0 .net *"_ivl_274", 0 0, L_000002388800d710;  1 drivers
v0000023887f629a0_0 .net *"_ivl_276", 0 0, L_000002388800d780;  1 drivers
v0000023887f63940_0 .net *"_ivl_278", 0 0, L_000002388800db00;  1 drivers
v0000023887f62360_0 .net *"_ivl_28", 0 0, L_0000023887e91160;  1 drivers
v0000023887f61e60_0 .net *"_ivl_280", 0 0, L_0000023887fef400;  1 drivers
v0000023887f63e40_0 .net *"_ivl_284", 0 0, L_000002388800de10;  1 drivers
v0000023887f61f00_0 .net *"_ivl_286", 0 0, L_000002388800de80;  1 drivers
L_0000023887f84630 .functor BUFT 1, C4<00000>, C4<0>, C4<0>, C4<0>;
v0000023887f63120_0 .net/2u *"_ivl_288", 4 0, L_0000023887f84630;  1 drivers
v0000023887f639e0_0 .net *"_ivl_290", 0 0, L_0000023887fed420;  1 drivers
v0000023887f61fa0_0 .net *"_ivl_292", 0 0, L_000002388800def0;  1 drivers
v0000023887f63620_0 .net *"_ivl_294", 0 0, L_000002388800dfd0;  1 drivers
v0000023887f62720_0 .net *"_ivl_296", 0 0, L_000002388800e040;  1 drivers
v0000023887f62c20_0 .net *"_ivl_298", 0 0, L_0000023887fee8c0;  1 drivers
L_0000023887f84678 .functor BUFT 1, C4<10>, C4<0>, C4<0>, C4<0>;
v0000023887f62220_0 .net/2u *"_ivl_302", 1 0, L_0000023887f84678;  1 drivers
L_0000023887f846c0 .functor BUFT 1, C4<01>, C4<0>, C4<0>, C4<0>;
v0000023887f63800_0 .net/2u *"_ivl_304", 1 0, L_0000023887f846c0;  1 drivers
L_0000023887f84708 .functor BUFT 1, C4<00>, C4<0>, C4<0>, C4<0>;
v0000023887f62fe0_0 .net/2u *"_ivl_306", 1 0, L_0000023887f84708;  1 drivers
v0000023887f62180_0 .net *"_ivl_308", 1 0, L_0000023887fef0e0;  1 drivers
L_0000023887f84750 .functor BUFT 1, C4<10>, C4<0>, C4<0>, C4<0>;
v0000023887f63a80_0 .net/2u *"_ivl_312", 1 0, L_0000023887f84750;  1 drivers
L_0000023887f84798 .functor BUFT 1, C4<01>, C4<0>, C4<0>, C4<0>;
v0000023887f631c0_0 .net/2u *"_ivl_314", 1 0, L_0000023887f84798;  1 drivers
L_0000023887f847e0 .functor BUFT 1, C4<00>, C4<0>, C4<0>, C4<0>;
v0000023887f625e0_0 .net/2u *"_ivl_316", 1 0, L_0000023887f847e0;  1 drivers
v0000023887f63260_0 .net *"_ivl_318", 1 0, L_0000023887fef4a0;  1 drivers
v0000023887f62680_0 .net *"_ivl_32", 0 0, L_0000023887e91470;  1 drivers
L_0000023887f84828 .functor BUFT 1, C4<11>, C4<0>, C4<0>, C4<0>;
v0000023887f63300_0 .net/2u *"_ivl_322", 1 0, L_0000023887f84828;  1 drivers
L_0000023887f84870 .functor BUFT 1, C4<11>, C4<0>, C4<0>, C4<0>;
v0000023887f634e0_0 .net/2u *"_ivl_326", 1 0, L_0000023887f84870;  1 drivers
L_0000023887f848b8 .functor BUFT 1, C4<10>, C4<0>, C4<0>, C4<0>;
v0000023887f63580_0 .net/2u *"_ivl_330", 1 0, L_0000023887f848b8;  1 drivers
v0000023887f638a0_0 .net *"_ivl_332", 0 0, L_0000023887fede20;  1 drivers
L_0000023887f84900 .functor BUFT 1, C4<01>, C4<0>, C4<0>, C4<0>;
v0000023887f63b20_0 .net/2u *"_ivl_334", 1 0, L_0000023887f84900;  1 drivers
v0000023887f63ee0_0 .net *"_ivl_336", 0 0, L_0000023887fecf20;  1 drivers
v0000023887f63bc0_0 .net *"_ivl_338", 31 0, L_0000023887fed560;  1 drivers
v0000023887f63c60_0 .net *"_ivl_34", 0 0, L_0000023887e91be0;  1 drivers
L_0000023887f84948 .functor BUFT 1, C4<10>, C4<0>, C4<0>, C4<0>;
v0000023887f647a0_0 .net/2u *"_ivl_342", 1 0, L_0000023887f84948;  1 drivers
v0000023887f65b00_0 .net *"_ivl_344", 0 0, L_0000023887fee0a0;  1 drivers
L_0000023887f84990 .functor BUFT 1, C4<01>, C4<0>, C4<0>, C4<0>;
v0000023887f66140_0 .net/2u *"_ivl_346", 1 0, L_0000023887f84990;  1 drivers
v0000023887f65740_0 .net *"_ivl_348", 0 0, L_0000023887fed240;  1 drivers
v0000023887f66460_0 .net *"_ivl_350", 31 0, L_0000023887fee1e0;  1 drivers
L_0000023887f849d8 .functor BUFT 1, C4<11>, C4<0>, C4<0>, C4<0>;
v0000023887f65420_0 .net/2u *"_ivl_354", 1 0, L_0000023887f849d8;  1 drivers
v0000023887f66500_0 .net *"_ivl_356", 0 0, L_0000023887fed060;  1 drivers
v0000023887f64a20_0 .net *"_ivl_36", 0 0, L_0000023887e91c50;  1 drivers
L_0000023887f84a20 .functor BUFT 1, C4<11>, C4<0>, C4<0>, C4<0>;
v0000023887f64840_0 .net/2u *"_ivl_360", 1 0, L_0000023887f84a20;  1 drivers
v0000023887f640c0_0 .net *"_ivl_362", 0 0, L_0000023887fed740;  1 drivers
v0000023887f65240_0 .net *"_ivl_370", 31 0, L_0000023887ff0620;  1 drivers
v0000023887f64160_0 .net *"_ivl_372", 31 0, L_0000023887fef9a0;  1 drivers
v0000023887f66780_0 .net *"_ivl_377", 30 0, L_0000023887fefe00;  1 drivers
L_0000023887f84a68 .functor BUFT 1, C4<0>, C4<0>, C4<0>, C4<0>;
v0000023887f64de0_0 .net/2u *"_ivl_378", 0 0, L_0000023887f84a68;  1 drivers
v0000023887f659c0_0 .net *"_ivl_38", 0 0, L_0000023887e914e0;  1 drivers
v0000023887f661e0_0 .net *"_ivl_380", 31 0, L_0000023887fef680;  1 drivers
v0000023887f66640_0 .net *"_ivl_386", 0 0, L_000002388800e6d0;  1 drivers
v0000023887f66280_0 .net *"_ivl_388", 0 0, L_000002388800e4a0;  1 drivers
v0000023887f64b60_0 .net *"_ivl_390", 0 0, L_000002388800e740;  1 drivers
L_0000023887f84ab0 .functor BUFT 1, C4<000>, C4<0>, C4<0>, C4<0>;
v0000023887f657e0_0 .net/2u *"_ivl_392", 2 0, L_0000023887f84ab0;  1 drivers
v0000023887f64c00_0 .net *"_ivl_394", 0 0, L_0000023887fefc20;  1 drivers
L_0000023887f84af8 .functor BUFT 1, C4<001>, C4<0>, C4<0>, C4<0>;
v0000023887f654c0_0 .net/2u *"_ivl_396", 2 0, L_0000023887f84af8;  1 drivers
v0000023887f65c40_0 .net *"_ivl_398", 0 0, L_0000023887ff0c60;  1 drivers
v0000023887f652e0_0 .net *"_ivl_40", 0 0, L_0000023887e91860;  1 drivers
v0000023887f64200_0 .net *"_ivl_400", 0 0, L_000002388800e270;  1 drivers
L_0000023887f84b40 .functor BUFT 1, C4<100>, C4<0>, C4<0>, C4<0>;
v0000023887f665a0_0 .net/2u *"_ivl_402", 2 0, L_0000023887f84b40;  1 drivers
v0000023887f65600_0 .net *"_ivl_404", 0 0, L_0000023887ff1340;  1 drivers
L_0000023887f84b88 .functor BUFT 1, C4<101>, C4<0>, C4<0>, C4<0>;
v0000023887f64ac0_0 .net/2u *"_ivl_406", 2 0, L_0000023887f84b88;  1 drivers
v0000023887f66820_0 .net *"_ivl_408", 0 0, L_0000023887ff0bc0;  1 drivers
v0000023887f651a0_0 .net *"_ivl_410", 0 0, L_000002388800aae0;  1 drivers
L_0000023887f84bd0 .functor BUFT 1, C4<110>, C4<0>, C4<0>, C4<0>;
v0000023887f65d80_0 .net/2u *"_ivl_412", 2 0, L_0000023887f84bd0;  1 drivers
v0000023887f65380_0 .net *"_ivl_414", 0 0, L_0000023887ff1840;  1 drivers
L_0000023887f84c18 .functor BUFT 1, C4<111>, C4<0>, C4<0>, C4<0>;
v0000023887f65ce0_0 .net/2u *"_ivl_416", 2 0, L_0000023887f84c18;  1 drivers
v0000023887f64fc0_0 .net *"_ivl_418", 0 0, L_0000023887ff1980;  1 drivers
v0000023887f65560_0 .net *"_ivl_420", 0 0, L_000002388800bb80;  1 drivers
L_0000023887f84c60 .functor BUFT 1, C4<0>, C4<0>, C4<0>, C4<0>;
v0000023887f64ca0_0 .net/2u *"_ivl_422", 0 0, L_0000023887f84c60;  1 drivers
v0000023887f65880_0 .net *"_ivl_424", 0 0, L_0000023887ff1700;  1 drivers
v0000023887f65920_0 .net *"_ivl_426", 0 0, L_0000023887ff12a0;  1 drivers
v0000023887f64e80_0 .net *"_ivl_428", 0 0, L_0000023887ff0d00;  1 drivers
v0000023887f666e0_0 .net *"_ivl_430", 0 0, L_0000023887ff1160;  1 drivers
v0000023887f656a0_0 .net *"_ivl_432", 0 0, L_0000023887ff1020;  1 drivers
v0000023887f642a0_0 .net *"_ivl_434", 0 0, L_0000023887fefea0;  1 drivers
v0000023887f65e20_0 .net *"_ivl_438", 0 0, L_000002388800b100;  1 drivers
v0000023887f64520_0 .net *"_ivl_440", 0 0, L_000002388800afb0;  1 drivers
v0000023887f64480_0 .net *"_ivl_447", 1 0, L_0000023887fef860;  1 drivers
v0000023887f66320_0 .net *"_ivl_449", 0 0, L_0000023887ff04e0;  1 drivers
v0000023887f64340_0 .net *"_ivl_452", 0 0, L_000002388800c4b0;  1 drivers
v0000023887f66000_0 .net *"_ivl_46", 0 0, L_0000023887e91da0;  1 drivers
v0000023887f65f60_0 .net *"_ivl_50", 0 0, L_0000023887e90ad0;  1 drivers
v0000023887f65ec0_0 .net *"_ivl_508", 0 0, L_000002388800b950;  1 drivers
v0000023887f64d40_0 .net *"_ivl_510", 0 0, L_000002388800c280;  1 drivers
v0000023887f643e0_0 .net *"_ivl_512", 0 0, L_000002388800af40;  1 drivers
L_0000023887f84ca8 .functor BUFT 1, C4<00000>, C4<0>, C4<0>, C4<0>;
v0000023887f65a60_0 .net/2u *"_ivl_514", 4 0, L_0000023887f84ca8;  1 drivers
v0000023887f648e0_0 .net *"_ivl_516", 0 0, L_0000023887fef7c0;  1 drivers
v0000023887f65ba0_0 .net *"_ivl_518", 0 0, L_000002388800bcd0;  1 drivers
v0000023887f660a0_0 .net *"_ivl_52", 0 0, L_0000023887e919b0;  1 drivers
v0000023887f663c0_0 .net *"_ivl_520", 0 0, L_0000023887fefa40;  1 drivers
v0000023887f645c0_0 .net *"_ivl_526", 0 0, L_000002388800b640;  1 drivers
v0000023887f64660_0 .net *"_ivl_528", 0 0, L_000002388800bbf0;  1 drivers
v0000023887f64f20_0 .net *"_ivl_530", 0 0, L_000002388800b330;  1 drivers
v0000023887f64700_0 .net *"_ivl_534", 0 0, L_000002388800b8e0;  1 drivers
v0000023887f64980_0 .net *"_ivl_538", 0 0, L_000002388800b6b0;  1 drivers
v0000023887f65060_0 .net *"_ivl_54", 0 0, L_0000023887e91630;  1 drivers
v0000023887f65100_0 .net *"_ivl_540", 0 0, L_000002388800b720;  1 drivers
v0000023887f66c80_0 .net *"_ivl_542", 0 0, L_000002388800b800;  1 drivers
v0000023887f66960_0 .net *"_ivl_544", 0 0, L_000002388800baa0;  1 drivers
v0000023887f66a00_0 .net *"_ivl_546", 0 0, L_0000023888013850;  1 drivers
v0000023887f66aa0_0 .net *"_ivl_548", 0 0, L_0000023888013d90;  1 drivers
v0000023887f66b40_0 .net *"_ivl_552", 0 0, L_0000023888012b30;  1 drivers
v0000023887f66fa0_0 .net *"_ivl_554", 0 0, L_00000238880140a0;  1 drivers
v0000023887f66e60_0 .net *"_ivl_556", 0 0, L_0000023888012cf0;  1 drivers
v0000023887f668c0_0 .net *"_ivl_56", 0 0, L_0000023887e90fa0;  1 drivers
v0000023887f66be0_0 .net *"_ivl_560", 0 0, L_0000023888012ac0;  1 drivers
v0000023887f66dc0_0 .net *"_ivl_574", 0 0, L_00000238880138c0;  1 drivers
L_0000023887f84f30 .functor BUFT 1, C4<1111>, C4<0>, C4<0>, C4<0>;
v0000023887f66d20_0 .net/2u *"_ivl_576", 3 0, L_0000023887f84f30;  1 drivers
L_0000023887f84f78 .functor BUFT 1, C4<0000>, C4<0>, C4<0>, C4<0>;
v0000023887f66f00_0 .net/2u *"_ivl_578", 3 0, L_0000023887f84f78;  1 drivers
v0000023887f6c6b0_0 .net *"_ivl_58", 0 0, L_0000023887e90ec0;  1 drivers
L_0000023887f84fc0 .functor BUFT 1, C4<00000000000000000000000000000000>, C4<0>, C4<0>, C4<0>;
v0000023887f6a630_0 .net/2u *"_ivl_590", 31 0, L_0000023887f84fc0;  1 drivers
L_0000023887f85008 .functor BUFT 1, C4<00000000000000000000000000000000>, C4<0>, C4<0>, C4<0>;
v0000023887f6bcb0_0 .net/2u *"_ivl_594", 31 0, L_0000023887f85008;  1 drivers
L_0000023887f85050 .functor BUFT 1, C4<00000000000000000000000000000000>, C4<0>, C4<0>, C4<0>;
v0000023887f6cbb0_0 .net/2u *"_ivl_598", 31 0, L_0000023887f85050;  1 drivers
v0000023887f6cc50_0 .net *"_ivl_60", 0 0, L_0000023887e90980;  1 drivers
L_0000023887f85098 .functor BUFT 1, C4<00000000000000000000000000000000>, C4<0>, C4<0>, C4<0>;
v0000023887f6a810_0 .net/2u *"_ivl_602", 31 0, L_0000023887f85098;  1 drivers
L_0000023887f850e0 .functor BUFT 1, C4<00000>, C4<0>, C4<0>, C4<0>;
v0000023887f6a950_0 .net/2u *"_ivl_606", 4 0, L_0000023887f850e0;  1 drivers
L_0000023887f85128 .functor BUFT 1, C4<00000>, C4<0>, C4<0>, C4<0>;
v0000023887f6b530_0 .net/2u *"_ivl_610", 4 0, L_0000023887f85128;  1 drivers
L_0000023887f85170 .functor BUFT 1, C4<00000>, C4<0>, C4<0>, C4<0>;
v0000023887f6ae50_0 .net/2u *"_ivl_614", 4 0, L_0000023887f85170;  1 drivers
L_0000023887f851b8 .functor BUFT 1, C4<00000000000000000000000000000000>, C4<0>, C4<0>, C4<0>;
v0000023887f6c4d0_0 .net/2u *"_ivl_618", 31 0, L_0000023887f851b8;  1 drivers
L_0000023887f85200 .functor BUFT 1, C4<00000000000000000000000000000000>, C4<0>, C4<0>, C4<0>;
v0000023887f6c2f0_0 .net/2u *"_ivl_622", 31 0, L_0000023887f85200;  1 drivers
L_0000023887f85248 .functor BUFT 1, C4<00000000000000000000000000000000>, C4<0>, C4<0>, C4<0>;
v0000023887f6b670_0 .net/2u *"_ivl_626", 31 0, L_0000023887f85248;  1 drivers
L_0000023887f85290 .functor BUFT 1, C4<00000000000000000000000000000000>, C4<0>, C4<0>, C4<0>;
v0000023887f6ab30_0 .net/2u *"_ivl_630", 31 0, L_0000023887f85290;  1 drivers
L_0000023887f852d8 .functor BUFT 1, C4<00000000000000000000000000000000>, C4<0>, C4<0>, C4<0>;
v0000023887f6b170_0 .net/2u *"_ivl_634", 31 0, L_0000023887f852d8;  1 drivers
L_0000023887f85320 .functor BUFT 1, C4<00000000000000000000000000000000>, C4<0>, C4<0>, C4<0>;
v0000023887f6b490_0 .net/2u *"_ivl_638", 31 0, L_0000023887f85320;  1 drivers
L_0000023887f85368 .functor BUFT 1, C4<0>, C4<0>, C4<0>, C4<0>;
v0000023887f6abd0_0 .net/2u *"_ivl_642", 0 0, L_0000023887f85368;  1 drivers
L_0000023887f853b0 .functor BUFT 1, C4<0>, C4<0>, C4<0>, C4<0>;
v0000023887f6c250_0 .net/2u *"_ivl_646", 0 0, L_0000023887f853b0;  1 drivers
L_0000023887f853f8 .functor BUFT 1, C4<0000>, C4<0>, C4<0>, C4<0>;
v0000023887f6b350_0 .net/2u *"_ivl_650", 3 0, L_0000023887f853f8;  1 drivers
L_0000023887f85440 .functor BUFT 1, C4<00000000000000000000000000000000>, C4<0>, C4<0>, C4<0>;
v0000023887f6b5d0_0 .net/2u *"_ivl_654", 31 0, L_0000023887f85440;  1 drivers
L_0000023887f85488 .functor BUFT 1, C4<00000000000000000000000000000000>, C4<0>, C4<0>, C4<0>;
v0000023887f6b3f0_0 .net/2u *"_ivl_658", 31 0, L_0000023887f85488;  1 drivers
L_0000023887f854d0 .functor BUFT 1, C4<0>, C4<0>, C4<0>, C4<0>;
v0000023887f6cb10_0 .net/2u *"_ivl_662", 0 0, L_0000023887f854d0;  1 drivers
L_0000023887f85518 .functor BUFT 1, C4<0>, C4<0>, C4<0>, C4<0>;
v0000023887f6b0d0_0 .net/2u *"_ivl_666", 0 0, L_0000023887f85518;  1 drivers
L_0000023887f85560 .functor BUFT 1, C4<0>, C4<0>, C4<0>, C4<0>;
v0000023887f6a8b0_0 .net/2u *"_ivl_670", 0 0, L_0000023887f85560;  1 drivers
L_0000023887f855a8 .functor BUFT 1, C4<0>, C4<0>, C4<0>, C4<0>;
v0000023887f6ca70_0 .net/2u *"_ivl_674", 0 0, L_0000023887f855a8;  1 drivers
L_0000023887f855f0 .functor BUFT 1, C4<0>, C4<0>, C4<0>, C4<0>;
v0000023887f6ba30_0 .net/2u *"_ivl_678", 0 0, L_0000023887f855f0;  1 drivers
L_0000023887f85638 .functor BUFT 1, C4<0>, C4<0>, C4<0>, C4<0>;
v0000023887f6adb0_0 .net/2u *"_ivl_682", 0 0, L_0000023887f85638;  1 drivers
L_0000023887f85680 .functor BUFT 1, C4<0>, C4<0>, C4<0>, C4<0>;
v0000023887f6b710_0 .net/2u *"_ivl_686", 0 0, L_0000023887f85680;  1 drivers
L_0000023887f856c8 .functor BUFT 1, C4<0>, C4<0>, C4<0>, C4<0>;
v0000023887f6c570_0 .net/2u *"_ivl_690", 0 0, L_0000023887f856c8;  1 drivers
v0000023887f6ac70_0 .net *"_ivl_694", 0 0, L_00000238880133f0;  1 drivers
v0000023887f6a590_0 .net *"_ivl_698", 0 0, L_00000238880129e0;  1 drivers
v0000023887f6c930_0 .net *"_ivl_700", 0 0, L_0000023888012c80;  1 drivers
L_0000023887f85710 .functor BUFT 1, C4<00000>, C4<0>, C4<0>, C4<0>;
v0000023887f6c750_0 .net/2u *"_ivl_722", 4 0, L_0000023887f85710;  1 drivers
L_0000023887f83748 .functor BUFT 1, C4<00000000000000000000000000000100>, C4<0>, C4<0>, C4<0>;
v0000023887f6b7b0_0 .net/2u *"_ivl_74", 31 0, L_0000023887f83748;  1 drivers
L_0000023887f83700 .functor BUFT 1, C4<00000000000000000000000000000100>, C4<0>, C4<0>, C4<0>;
v0000023887f6b850_0 .net/2u *"_ivl_8", 31 0, L_0000023887f83700;  1 drivers
L_0000023887f84168 .functor BUFT 1, C4<0110011>, C4<0>, C4<0>, C4<0>;
v0000023887f6a6d0_0 .net/2u *"_ivl_82", 6 0, L_0000023887f84168;  1 drivers
v0000023887f6ad10_0 .net *"_ivl_84", 0 0, L_0000023887feeb40;  1 drivers
L_0000023887f841b0 .functor BUFT 1, C4<0010011>, C4<0>, C4<0>, C4<0>;
v0000023887f6c9d0_0 .net/2u *"_ivl_86", 6 0, L_0000023887f841b0;  1 drivers
v0000023887f6c610_0 .net *"_ivl_88", 0 0, L_0000023887fee500;  1 drivers
v0000023887f6c390_0 .net *"_ivl_90", 0 0, L_000002388800d860;  1 drivers
L_0000023887f841f8 .functor BUFT 1, C4<0000011>, C4<0>, C4<0>, C4<0>;
v0000023887f6c890_0 .net/2u *"_ivl_92", 6 0, L_0000023887f841f8;  1 drivers
v0000023887f6b8f0_0 .net *"_ivl_94", 0 0, L_0000023887fee3c0;  1 drivers
v0000023887f6aef0_0 .net *"_ivl_96", 0 0, L_000002388800e120;  1 drivers
L_0000023887f84240 .functor BUFT 1, C4<0100011>, C4<0>, C4<0>, C4<0>;
v0000023887f6af90_0 .net/2u *"_ivl_98", 6 0, L_0000023887f84240;  1 drivers
v0000023887f6b030_0 .net "dmem_cache_busy_cur", 0 0, L_0000023887e94420;  1 drivers
v0000023887f6c430_0 .net "dmem_cache_mem_addr_cur", 31 0, L_0000023887f80690;  1 drivers
v0000023887f6b990_0 .net "dmem_cache_mem_ren_cur", 0 0, L_0000023887e94110;  1 drivers
v0000023887f6b210_0 .net "dmem_cache_mem_wdata_cur", 31 0, L_0000023887f80410;  1 drivers
v0000023887f6c7f0_0 .net "dmem_cache_mem_wen_cur", 0 0, L_0000023887e942d0;  1 drivers
v0000023887f6a4f0_0 .net "dmem_cache_rdata_cur", 31 0, L_0000023887e94340;  1 drivers
v0000023887f6b2b0_0 .net "dmem_req_fire_cur", 0 0, L_000002388800c050;  1 drivers
v0000023887f6bdf0_0 .net "dmem_resp_fire_cur", 0 0, L_0000023888012820;  1 drivers
v0000023887f6a770_0 .net "ex_alu_eq_cur", 0 0, L_0000023887ff13e0;  1 drivers
v0000023887f6a9f0_0 .net "ex_alu_result_cur", 31 0, v0000023887f4fe70_0;  1 drivers
v0000023887f6aa90_0 .net "ex_alu_slt_cur", 0 0, L_000002388800e890;  1 drivers
v0000023887f6bad0_0 .net "ex_branch_taken_cur", 0 0, L_000002388800b870;  1 drivers
v0000023887f6bb70_0 .net "ex_branch_target_cur", 31 0, L_0000023887ff0440;  1 drivers
v0000023887f6bc10_0 .net "ex_control_taken_cur", 0 0, L_000002388800bf00;  1 drivers
v0000023887f6bd50_0 .net "ex_control_target_cur", 31 0, L_0000023887ff1a20;  1 drivers
v0000023887f6be90_0 .net "ex_ex_match_rs1_cur", 0 0, L_000002388800c8a0;  1 drivers
v0000023887f6bf30_0 .net "ex_ex_match_rs2_cur", 0 0, L_000002388800da90;  1 drivers
v0000023887f6bfd0_0 .net "ex_forward_a_sel_cur", 1 0, L_0000023887fece80;  1 drivers
v0000023887f6c070_0 .net "ex_forward_b_sel_cur", 1 0, L_0000023887fed380;  1 drivers
v0000023887f6c110_0 .net "ex_jump_taken_cur", 0 0, L_000002388800bdb0;  1 drivers
v0000023887f6c1b0_0 .net "ex_jump_target_cur", 31 0, L_0000023887fefcc0;  1 drivers
v0000023887f6d0b0_0 .net "ex_jump_target_raw_cur", 31 0, L_0000023887ff10c0;  1 drivers
v0000023887f6f270_0 .var "ex_mem_alu_result_cur", 31 0;
v0000023887f6e230_0 .net "ex_mem_alu_result_next", 31 0, L_000002388800abc0;  1 drivers
v0000023887f6d5b0_0 .var "ex_mem_dmem_req_sent_cur", 0 0;
v0000023887f6e690_0 .var "ex_mem_ebreak_cur", 0 0;
v0000023887f6e7d0_0 .net "ex_mem_ebreak_next", 0 0, L_000002388800c520;  1 drivers
v0000023887f6ecd0_0 .net "ex_mem_forward_data_cur", 31 0, L_0000023887feec80;  1 drivers
v0000023887f6d470_0 .var "ex_mem_func3_cur", 2 0;
v0000023887f6cd90_0 .net "ex_mem_func3_next", 2 0, L_000002388800b9c0;  1 drivers
v0000023887f6f130_0 .net "ex_mem_has_dmem_req_cur", 0 0, L_000002388800adf0;  1 drivers
v0000023887f6d1f0_0 .var "ex_mem_illegal_inst_cur", 0 0;
v0000023887f6d010_0 .net "ex_mem_illegal_inst_next", 0 0, L_000002388800c1a0;  1 drivers
v0000023887f6dbf0_0 .var "ex_mem_inst_cur", 31 0;
v0000023887f6de70_0 .net "ex_mem_inst_next", 31 0, L_000002388800ab50;  1 drivers
v0000023887f6ced0_0 .var "ex_mem_jump_cur", 0 0;
v0000023887f6df10_0 .net "ex_mem_jump_next", 0 0, L_000002388800c440;  1 drivers
v0000023887f6e910_0 .var "ex_mem_lui_cur", 0 0;
v0000023887f6e730_0 .net "ex_mem_lui_next", 0 0, L_000002388800b560;  1 drivers
v0000023887f6ed70_0 .var "ex_mem_mem_read_cur", 0 0;
v0000023887f6ea50_0 .net "ex_mem_mem_read_next", 0 0, L_000002388800ac30;  1 drivers
v0000023887f6dd30_0 .var "ex_mem_mem_to_reg_cur", 0 0;
v0000023887f6e2d0_0 .net "ex_mem_mem_to_reg_next", 0 0, L_000002388800ae60;  1 drivers
v0000023887f6e050_0 .var "ex_mem_mem_write_cur", 0 0;
v0000023887f6d6f0_0 .net "ex_mem_mem_write_next", 0 0, L_000002388800ba30;  1 drivers
v0000023887f6e0f0_0 .var "ex_mem_next_pc_cur", 31 0;
v0000023887f6ec30_0 .net "ex_mem_next_pc_next", 31 0, L_000002388800c3d0;  1 drivers
v0000023887f6eaf0_0 .var "ex_mem_offset_cur", 31 0;
v0000023887f6dfb0_0 .net "ex_mem_offset_next", 31 0, L_000002388800be90;  1 drivers
v0000023887f6ccf0_0 .var "ex_mem_pc_cur", 31 0;
v0000023887f6f3b0_0 .var "ex_mem_pc_misalign_trap_cur", 0 0;
v0000023887f6f090_0 .net "ex_mem_pc_misalign_trap_next", 0 0, L_000002388800c360;  1 drivers
v0000023887f6d790_0 .net "ex_mem_pc_next", 31 0, L_000002388800b020;  1 drivers
v0000023887f6d510_0 .var "ex_mem_pc_plus4_cur", 31 0;
v0000023887f6ee10_0 .net "ex_mem_pc_plus4_next", 31 0, L_000002388800b3a0;  1 drivers
v0000023887f6f310_0 .var "ex_mem_rd_waddr_cur", 4 0;
v0000023887f6e9b0_0 .net "ex_mem_rd_waddr_next", 4 0, L_000002388800b410;  1 drivers
v0000023887f6e870_0 .var "ex_mem_reg_write_cur", 0 0;
v0000023887f6e370_0 .net "ex_mem_reg_write_next", 0 0, L_000002388800b090;  1 drivers
v0000023887f6f1d0_0 .var "ex_mem_rs1_raddr_cur", 4 0;
v0000023887f6e190_0 .net "ex_mem_rs1_raddr_next", 4 0, L_000002388800c0c0;  1 drivers
v0000023887f6eb90_0 .var "ex_mem_rs1_rdata_cur", 31 0;
v0000023887f6eeb0_0 .net "ex_mem_rs1_rdata_next", 31 0, L_000002388800c130;  1 drivers
v0000023887f6dc90_0 .var "ex_mem_rs2_raddr_cur", 4 0;
v0000023887f6d330_0 .net "ex_mem_rs2_raddr_next", 4 0, L_000002388800b170;  1 drivers
v0000023887f6f450_0 .var "ex_mem_rs2_rdata_cur", 31 0;
v0000023887f6e410_0 .net "ex_mem_rs2_rdata_next", 31 0, L_000002388800aed0;  1 drivers
v0000023887f6ddd0_0 .var "ex_mem_store_data_cur", 31 0;
v0000023887f6ef50_0 .net "ex_mem_store_data_next", 31 0, L_000002388800bb10;  1 drivers
v0000023887f6e4b0_0 .var "ex_mem_valid_cur", 0 0;
v0000023887f6eff0_0 .net "ex_mem_valid_next", 0 0, L_000002388800bc60;  1 drivers
v0000023887f6d650_0 .net "ex_next_pc_cur", 31 0, L_0000023887fef900;  1 drivers
v0000023887f6e550_0 .net "ex_operand1_cur", 31 0, L_0000023887fed6a0;  1 drivers
v0000023887f6d830_0 .net "ex_operand1_sel_cur", 1 0, L_0000023887fef540;  1 drivers
v0000023887f6e5f0_0 .net "ex_operand2_cur", 31 0, L_0000023887fed7e0;  1 drivers
v0000023887f6ce30_0 .net "ex_operand2_sel_cur", 1 0, L_0000023887fee140;  1 drivers
v0000023887f6dab0_0 .net "ex_pc_misalign_trap_cur", 0 0, L_000002388800bf70;  1 drivers
v0000023887f6d150_0 .net "ex_redirect_cur", 0 0, L_000002388800be20;  1 drivers
v0000023887f6cf70_0 .net "ex_rs1_value_cur", 31 0, L_0000023887fee000;  1 drivers
v0000023887f6d290_0 .net "ex_rs2_value_cur", 31 0, L_0000023887fecfc0;  1 drivers
v0000023887f6d3d0_0 .net "ex_store_data_cur", 31 0, L_000002388800e5f0;  1 drivers
v0000023887f6d8d0_0 .var "halted_cur", 0 0;
v0000023887f6d970_0 .net "hazard_ex_cur", 0 0, L_000002388800cc90;  1 drivers
v0000023887f6da10_0 .net "hazard_mem_cur", 0 0, L_0000023887f844c8;  1 drivers
v0000023887f6db50_0 .net "hazard_stall_cur", 0 0, L_000002388800dda0;  1 drivers
v0000023887f6f8b0_0 .net "hazard_wb_cur", 0 0, L_0000023887f84510;  1 drivers
v0000023887f6f770_0 .net "i_clk", 0 0, v0000023887f79110_0;  1 drivers
v0000023887f6fbd0_0 .net "i_dmem_rdata", 31 0, L_0000023888014ea0;  alias, 1 drivers
v0000023887f6fa90_0 .net "i_dmem_ready", 0 0, L_0000023888014f10;  alias, 1 drivers
v0000023887f6f810_0 .net "i_dmem_valid", 0 0, L_0000023888015680;  alias, 1 drivers
v0000023887f6f950_0 .net "i_imem_rdata", 31 0, L_0000023888013cb0;  alias, 1 drivers
v0000023887f6fb30_0 .net "i_imem_ready", 0 0, L_0000023888013d20;  alias, 1 drivers
v0000023887f6f590_0 .net "i_imem_valid", 0 0, L_00000238880135b0;  alias, 1 drivers
v0000023887f6f4f0_0 .net "i_rst", 0 0, v0000023887f7d490_0;  1 drivers
v0000023887f6f9f0_0 .net "id_alu_op_cur", 2 0, L_0000023887fea9a0;  1 drivers
v0000023887f6f630_0 .net "id_alu_src1_cur", 0 0, L_0000023887e908a0;  1 drivers
v0000023887f6f6d0_0 .net "id_alu_src2_cur", 0 0, L_0000023887e912b0;  1 drivers
v0000023887f683d0_0 .net "id_branch_cur", 0 0, L_0000023887e90750;  1 drivers
v0000023887f67e30_0 .net "id_ebreak_cur", 0 0, L_0000023887e91a90;  1 drivers
v0000023887f68510_0 .var "id_ex_alu_op_cur", 2 0;
v0000023887f6a310_0 .net "id_ex_alu_op_next", 2 0, L_000002388800d400;  1 drivers
v0000023887f69eb0_0 .var "id_ex_alu_src1_cur", 0 0;
v0000023887f681f0_0 .net "id_ex_alu_src1_next", 0 0, L_000002388800c600;  1 drivers
v0000023887f68010_0 .var "id_ex_alu_src2_cur", 0 0;
v0000023887f69f50_0 .net "id_ex_alu_src2_next", 0 0, L_000002388800c670;  1 drivers
v0000023887f67cf0_0 .var "id_ex_branch_cur", 0 0;
v0000023887f68d30_0 .net "id_ex_branch_next", 0 0, L_000002388800dcc0;  1 drivers
v0000023887f68bf0_0 .var "id_ex_ebreak_cur", 0 0;
v0000023887f69730_0 .net "id_ex_ebreak_next", 0 0, L_000002388800d320;  1 drivers
v0000023887f69cd0_0 .var "id_ex_func3_cur", 2 0;
v0000023887f69af0_0 .net "id_ex_func3_next", 2 0, L_0000023887fed2e0;  1 drivers
v0000023887f68e70_0 .var "id_ex_func7_cur", 6 0;
v0000023887f68330_0 .net "id_ex_func7_next", 6 0, L_0000023887fee640;  1 drivers
v0000023887f68970_0 .var "id_ex_illegal_inst_cur", 0 0;
v0000023887f68c90_0 .net "id_ex_illegal_inst_next", 0 0, L_000002388800e0b0;  1 drivers
v0000023887f69e10_0 .var "id_ex_inst_cur", 31 0;
v0000023887f685b0_0 .net "id_ex_inst_next", 31 0, L_000002388800cad0;  1 drivers
v0000023887f6a3b0_0 .var "id_ex_jump_cur", 0 0;
v0000023887f697d0_0 .net "id_ex_jump_next", 0 0, L_000002388800cd00;  1 drivers
v0000023887f67d90_0 .var "id_ex_lui_cur", 0 0;
v0000023887f69b90_0 .net "id_ex_lui_next", 0 0, L_000002388800d5c0;  1 drivers
v0000023887f68470_0 .var "id_ex_mem_read_cur", 0 0;
v0000023887f69230_0 .net "id_ex_mem_read_next", 0 0, L_000002388800c830;  1 drivers
v0000023887f686f0_0 .var "id_ex_mem_to_reg_cur", 0 0;
v0000023887f692d0_0 .net "id_ex_mem_to_reg_next", 0 0, L_000002388800d2b0;  1 drivers
v0000023887f6a450_0 .var "id_ex_mem_write_cur", 0 0;
v0000023887f68f10_0 .net "id_ex_mem_write_next", 0 0, L_000002388800c7c0;  1 drivers
v0000023887f699b0_0 .var "id_ex_offset_cur", 31 0;
v0000023887f68dd0_0 .net "id_ex_offset_next", 31 0, L_000002388800cb40;  1 drivers
v0000023887f69a50_0 .var "id_ex_opcode_cur", 6 0;
v0000023887f69ff0_0 .net "id_ex_opcode_next", 6 0, L_0000023887fed4c0;  1 drivers
v0000023887f68a10_0 .var "id_ex_pc_cur", 31 0;
v0000023887f67ed0_0 .net "id_ex_pc_next", 31 0, L_000002388800d7f0;  1 drivers
v0000023887f68290_0 .var "id_ex_pc_plus4_cur", 31 0;
v0000023887f68b50_0 .net "id_ex_pc_plus4_next", 31 0, L_000002388800dc50;  1 drivers
v0000023887f680b0_0 .var "id_ex_pc_src_cur", 0 0;
v0000023887f69870_0 .net "id_ex_pc_src_next", 0 0, L_000002388800cc20;  1 drivers
v0000023887f69190_0 .var "id_ex_rd_waddr_cur", 4 0;
v0000023887f6a130_0 .net "id_ex_rd_waddr_next", 4 0, L_000002388800d160;  1 drivers
v0000023887f69c30_0 .var "id_ex_reg_write_cur", 0 0;
v0000023887f68fb0_0 .net "id_ex_reg_write_next", 0 0, L_000002388800cf30;  1 drivers
v0000023887f68650_0 .var "id_ex_rs1_raddr_cur", 4 0;
v0000023887f68790_0 .net "id_ex_rs1_raddr_next", 4 0, L_000002388800c980;  1 drivers
v0000023887f68830_0 .var "id_ex_rs1_rdata_cur", 31 0;
v0000023887f67f70_0 .net "id_ex_rs1_rdata_next", 31 0, L_000002388800d240;  1 drivers
v0000023887f69d70_0 .var "id_ex_rs2_raddr_cur", 4 0;
v0000023887f68150_0 .net "id_ex_rs2_raddr_next", 4 0, L_000002388800c9f0;  1 drivers
v0000023887f688d0_0 .var "id_ex_rs2_rdata_cur", 31 0;
v0000023887f68ab0_0 .net "id_ex_rs2_rdata_next", 31 0, L_000002388800c750;  1 drivers
v0000023887f69370_0 .var "id_ex_valid_cur", 0 0;
v0000023887f69050_0 .net "id_ex_valid_next", 0 0, L_000002388800d550;  1 drivers
v0000023887f6a090_0 .net "id_illegal_inst_cur", 0 0, L_0000023887e91cc0;  1 drivers
v0000023887f690f0_0 .net "id_jump_cur", 0 0, L_0000023887e91e80;  1 drivers
v0000023887f69410_0 .net "id_lui_cur", 0 0, L_0000023887e90b40;  1 drivers
v0000023887f694b0_0 .net "id_mem_read_cur", 0 0, L_0000023887e90590;  1 drivers
v0000023887f69550_0 .net "id_mem_to_reg_cur", 0 0, L_0000023887e918d0;  1 drivers
v0000023887f695f0_0 .net "id_mem_write_cur", 0 0, L_0000023887e90830;  1 drivers
v0000023887f69690_0 .net "id_offset_cur", 31 0, L_0000023887fedc40;  1 drivers
v0000023887f69910_0 .net "id_opcode_cur", 6 0, L_0000023887fedba0;  1 drivers
v0000023887f6a1d0_0 .net "id_pc_src_cur", 0 0, L_0000023887e91780;  1 drivers
v0000023887f6a270_0 .net "id_rd_waddr_cur", 4 0, L_0000023887feb940;  1 drivers
v0000023887f71410_0 .net "id_reg_write_cur", 0 0, L_0000023887e90de0;  1 drivers
v0000023887f70dd0_0 .net "id_rs1_raddr_cur", 4 0, L_0000023887e916a0;  1 drivers
v0000023887f719b0_0 .net "id_rs1_rdata_cur", 31 0, L_0000023887e91710;  1 drivers
v0000023887f717d0_0 .net "id_rs1_used_cur", 0 0, L_000002388800d8d0;  1 drivers
v0000023887f72b30_0 .net "id_rs2_ex_used_cur", 0 0, L_000002388800e190;  1 drivers
v0000023887f71eb0_0 .net "id_rs2_raddr_cur", 4 0, L_0000023887de97b0;  1 drivers
v0000023887f71370_0 .net "id_rs2_rdata_cur", 31 0, L_0000023887de9ac0;  1 drivers
v0000023887f71a50_0 .net "id_rs2_used_cur", 0 0, L_000002388800d080;  1 drivers
v0000023887f71c30_0 .net "if_id_buffer_available_cur", 0 0, L_0000023887e91a20;  1 drivers
v0000023887f72e50_0 .net "if_id_consumed_cur", 0 0, L_0000023887e90670;  1 drivers
v0000023887f714b0_0 .var "if_id_inst_cur", 31 0;
v0000023887f72a90_0 .net "if_id_inst_next", 31 0, L_0000023887e90520;  1 drivers
v0000023887f71b90_0 .var "if_id_pc_cur", 31 0;
v0000023887f71cd0_0 .net "if_id_pc_next", 31 0, L_0000023887e917f0;  1 drivers
v0000023887f71d70_0 .var "if_id_pc_plus4_cur", 31 0;
v0000023887f73350_0 .net "if_id_pc_plus4_next", 31 0, L_0000023887fea7c0;  1 drivers
v0000023887f71910_0 .var "if_id_valid_cur", 0 0;
v0000023887f71550_0 .net "if_id_valid_next", 0 0, L_0000023887e920b0;  1 drivers
v0000023887f72770_0 .net "if_inst_cur", 31 0, L_0000023887e943b0;  1 drivers
v0000023887f72810_0 .net "if_pc_cur", 31 0, L_0000023887e93e70;  1 drivers
v0000023887f72270_0 .net "if_pc_plus4_cur", 31 0, L_0000023887fecc00;  1 drivers
v0000023887f715f0_0 .net "imem_cache_busy_cur", 0 0, L_0000023887e92f20;  1 drivers
v0000023887f71e10_0 .net "imem_cache_mem_addr_cur", 31 0, L_0000023887f7db70;  1 drivers
v0000023887f72d10_0 .net "imem_cache_mem_ren_cur", 0 0, L_0000023887e92740;  1 drivers
v0000023887f71f50_0 .net "imem_cache_mem_wdata_cur", 31 0, L_0000023887f7dd50;  1 drivers
v0000023887f71ff0_0 .net "imem_cache_mem_wen_cur", 0 0, L_0000023887e932a0;  1 drivers
v0000023887f71190_0 .net "imem_cache_rdata_cur", 31 0, L_0000023887e93700;  1 drivers
v0000023887f70f10_0 .var "imem_pending_cur", 0 0;
v0000023887f72f90_0 .var "imem_pending_kill_cur", 0 0;
v0000023887f72310_0 .var "imem_pending_pc_cur", 31 0;
v0000023887f71690_0 .net "imem_req_addr_cur", 31 0, L_0000023887fec480;  1 drivers
v0000023887f72c70_0 .net "imem_req_fire_cur", 0 0, L_0000023887e911d0;  1 drivers
v0000023887f72130_0 .net "imem_resp_accept_cur", 0 0, L_0000023887e91550;  1 drivers
v0000023887f71730_0 .net "imem_resp_fire_cur", 0 0, L_0000023887e90f30;  1 drivers
v0000023887f73210_0 .net "imem_resp_pc_cur", 31 0, L_0000023887feaa40;  1 drivers
v0000023887f72db0_0 .net "mem_dcache_req_ren_cur", 0 0, L_00000238880142d0;  1 drivers
v0000023887f72bd0_0 .net "mem_dcache_req_wen_cur", 0 0, L_0000023888014110;  1 drivers
v0000023887f72090_0 .net "mem_dmem_addr_cur", 31 0, L_0000023887feff40;  1 drivers
v0000023887f70e70_0 .net "mem_dmem_mask_cur", 3 0, L_000002388800aa70;  1 drivers
v0000023887f71870_0 .net "mem_dmem_ren_cur", 0 0, L_0000023888013700;  1 drivers
v0000023887f721d0_0 .net "mem_dmem_ren_raw_cur", 0 0, L_000002388800b2c0;  1 drivers
v0000023887f71af0_0 .net "mem_dmem_wdata_cur", 31 0, L_000002388800b4f0;  1 drivers
v0000023887f70d30_0 .net "mem_dmem_wen_cur", 0 0, L_0000023888013e70;  1 drivers
v0000023887f70fb0_0 .net "mem_dmem_wen_raw_cur", 0 0, L_000002388800b1e0;  1 drivers
v0000023887f723b0_0 .net "mem_ex_match_rs1_cur", 0 0, L_000002388800dd30;  1 drivers
v0000023887f72450_0 .net "mem_ex_match_rs2_cur", 0 0, L_000002388800e900;  1 drivers
v0000023887f73030_0 .net "mem_load_data_cur", 31 0, L_000002388800b480;  1 drivers
v0000023887f72ef0_0 .net "mem_misalign_trap_cur", 0 0, L_000002388800bfe0;  1 drivers
v0000023887f724f0_0 .net "mem_read_en_cur", 0 0, L_000002388800aca0;  1 drivers
v0000023887f72590_0 .net "mem_stage_complete_cur", 0 0, L_0000023888013930;  1 drivers
v0000023887f72630_0 .net "mem_stage_stall_cur", 0 0, L_0000023888013070;  1 drivers
v0000023887f730d0_0 .net "mem_store_data_cur", 31 0, L_0000023887fefae0;  1 drivers
v0000023887f732b0_0 .net "mem_store_data_fwd_cur", 0 0, L_000002388800ad10;  1 drivers
v0000023887f726d0_0 .var "mem_wb_alu_result_cur", 31 0;
v0000023887f728b0_0 .net "mem_wb_alu_result_next", 31 0, L_0000023887ff0e40;  1 drivers
v0000023887f71050_0 .var "mem_wb_dmem_addr_cur", 31 0;
v0000023887f73170_0 .net "mem_wb_dmem_addr_next", 31 0, L_0000023887ff0f80;  1 drivers
v0000023887f72950_0 .var "mem_wb_dmem_mask_cur", 3 0;
v0000023887f729f0_0 .net "mem_wb_dmem_mask_next", 3 0, L_0000023887ff1e80;  1 drivers
v0000023887f733f0_0 .var "mem_wb_dmem_rdata_cur", 31 0;
v0000023887f73490_0 .net "mem_wb_dmem_rdata_next", 31 0, L_0000023887ff4040;  1 drivers
v0000023887f710f0_0 .var "mem_wb_dmem_ren_cur", 0 0;
v0000023887f71230_0 .net "mem_wb_dmem_ren_next", 0 0, L_0000023887ff27e0;  1 drivers
v0000023887f712d0_0 .var "mem_wb_dmem_wdata_cur", 31 0;
v0000023887f746b0_0 .net "mem_wb_dmem_wdata_next", 31 0, L_0000023887ff44a0;  1 drivers
v0000023887f73530_0 .var "mem_wb_dmem_wen_cur", 0 0;
v0000023887f75330_0 .net "mem_wb_dmem_wen_next", 0 0, L_0000023887ff24c0;  1 drivers
v0000023887f75510_0 .var "mem_wb_ebreak_cur", 0 0;
v0000023887f74250_0 .net "mem_wb_ebreak_next", 0 0, L_0000023887ff3320;  1 drivers
v0000023887f74b10_0 .net "mem_wb_forward_data_cur", 31 0, L_000002388800dbe0;  1 drivers
v0000023887f735d0_0 .var "mem_wb_illegal_inst_cur", 0 0;
v0000023887f755b0_0 .net "mem_wb_illegal_inst_next", 0 0, L_0000023887ff3be0;  1 drivers
v0000023887f75ab0_0 .var "mem_wb_inst_cur", 31 0;
v0000023887f75650_0 .net "mem_wb_inst_next", 31 0, L_0000023887ff0260;  1 drivers
v0000023887f73fd0_0 .var "mem_wb_jump_cur", 0 0;
v0000023887f73670_0 .net "mem_wb_jump_next", 0 0, L_0000023887ff42c0;  1 drivers
v0000023887f753d0_0 .var "mem_wb_load_data_cur", 31 0;
v0000023887f738f0_0 .net "mem_wb_load_data_next", 31 0, L_0000023887ff0ee0;  1 drivers
v0000023887f756f0_0 .var "mem_wb_lui_cur", 0 0;
v0000023887f75b50_0 .net "mem_wb_lui_next", 0 0, L_0000023887ff38c0;  1 drivers
v0000023887f74f70_0 .var "mem_wb_mem_to_reg_cur", 0 0;
v0000023887f73710_0 .net "mem_wb_mem_to_reg_next", 0 0, L_0000023887ff1f20;  1 drivers
v0000023887f75470_0 .var "mem_wb_misalign_trap_cur", 0 0;
v0000023887f73b70_0 .net "mem_wb_misalign_trap_next", 0 0, L_0000023887ff1fc0;  1 drivers
v0000023887f74a70_0 .var "mem_wb_next_pc_cur", 31 0;
v0000023887f758d0_0 .net "mem_wb_next_pc_next", 31 0, L_0000023887fef5e0;  1 drivers
v0000023887f75bf0_0 .var "mem_wb_offset_cur", 31 0;
v0000023887f75a10_0 .net "mem_wb_offset_next", 31 0, L_0000023887ff0da0;  1 drivers
v0000023887f74cf0_0 .var "mem_wb_pc_cur", 31 0;
v0000023887f75150_0 .var "mem_wb_pc_misalign_trap_cur", 0 0;
v0000023887f73cb0_0 .net "mem_wb_pc_misalign_trap_next", 0 0, L_0000023887ff30a0;  1 drivers
v0000023887f75790_0 .net "mem_wb_pc_next", 31 0, L_0000023887ff1d40;  1 drivers
v0000023887f742f0_0 .var "mem_wb_pc_plus4_cur", 31 0;
v0000023887f737b0_0 .net "mem_wb_pc_plus4_next", 31 0, L_0000023887ff0a80;  1 drivers
v0000023887f73ad0_0 .var "mem_wb_rd_waddr_cur", 4 0;
v0000023887f74390_0 .net "mem_wb_rd_waddr_next", 4 0, L_0000023887ff03a0;  1 drivers
v0000023887f73850_0 .var "mem_wb_reg_write_cur", 0 0;
v0000023887f750b0_0 .net "mem_wb_reg_write_next", 0 0, L_0000023887ff3000;  1 drivers
v0000023887f749d0_0 .var "mem_wb_rs1_raddr_cur", 4 0;
v0000023887f75970_0 .net "mem_wb_rs1_raddr_next", 4 0, L_0000023887ff0940;  1 drivers
v0000023887f751f0_0 .var "mem_wb_rs1_rdata_cur", 31 0;
v0000023887f73990_0 .net "mem_wb_rs1_rdata_next", 31 0, L_0000023887ff09e0;  1 drivers
v0000023887f744d0_0 .var "mem_wb_rs2_raddr_cur", 4 0;
v0000023887f74bb0_0 .net "mem_wb_rs2_raddr_next", 4 0, L_0000023887ff0300;  1 drivers
v0000023887f75c90_0 .var "mem_wb_rs2_rdata_cur", 31 0;
v0000023887f73a30_0 .net "mem_wb_rs2_rdata_next", 31 0, L_0000023887ff0b20;  1 drivers
v0000023887f74610_0 .var "mem_wb_valid_cur", 0 0;
v0000023887f74930_0 .net "mem_wb_valid_next", 0 0, L_0000023888013380;  1 drivers
v0000023887f73c10_0 .net "mem_write_en_cur", 0 0, L_000002388800c210;  1 drivers
v0000023887f73d50_0 .net "o_dmem_addr", 31 0, L_00000238880141f0;  alias, 1 drivers
v0000023887f73df0_0 .net "o_dmem_mask", 3 0, L_0000023887ff1ca0;  alias, 1 drivers
v0000023887f73f30_0 .net "o_dmem_ren", 0 0, L_0000023888012eb0;  alias, 1 drivers
v0000023887f75830_0 .net "o_dmem_wdata", 31 0, L_0000023888012f90;  alias, 1 drivers
v0000023887f73e90_0 .net "o_dmem_wen", 0 0, L_0000023888012c10;  alias, 1 drivers
v0000023887f74070_0 .net "o_imem_raddr", 31 0, L_0000023887e91400;  alias, 1 drivers
v0000023887f74110_0 .net "o_imem_ren", 0 0, L_0000023887e91010;  alias, 1 drivers
v0000023887f741b0_0 .net "o_retire_dmem_addr", 31 0, L_0000023888012970;  1 drivers
v0000023887f75010_0 .net "o_retire_dmem_mask", 3 0, L_0000023888012e40;  1 drivers
v0000023887f74430_0 .net "o_retire_dmem_rdata", 31 0, L_0000023888012f20;  1 drivers
v0000023887f74570_0 .net "o_retire_dmem_ren", 0 0, L_0000023888012dd0;  1 drivers
v0000023887f74750_0 .net "o_retire_dmem_wdata", 31 0, L_0000023888013460;  1 drivers
v0000023887f747f0_0 .net "o_retire_dmem_wen", 0 0, L_0000023888013fc0;  1 drivers
v0000023887f74890_0 .net "o_retire_halt", 0 0, L_00000238880127b0;  alias, 1 drivers
v0000023887f74c50_0 .net "o_retire_inst", 31 0, L_0000023888013ee0;  alias, 1 drivers
v0000023887f75290_0 .net "o_retire_next_pc", 31 0, L_0000023888013000;  alias, 1 drivers
v0000023887f74d90_0 .net "o_retire_pc", 31 0, L_00000238880134d0;  alias, 1 drivers
v0000023887f74e30_0 .net "o_retire_rd_waddr", 4 0, L_0000023887ff2600;  alias, 1 drivers
v0000023887f74ed0_0 .net "o_retire_rd_wdata", 31 0, L_0000023888012d60;  alias, 1 drivers
v0000023887f77590_0 .net "o_retire_rs1_raddr", 4 0, L_0000023888012890;  alias, 1 drivers
v0000023887f77e50_0 .net "o_retire_rs1_rdata", 31 0, L_0000023888012900;  alias, 1 drivers
v0000023887f76550_0 .net "o_retire_rs2_raddr", 4 0, L_0000023888013f50;  alias, 1 drivers
v0000023887f77770_0 .net "o_retire_rs2_rdata", 31 0, L_00000238880130e0;  alias, 1 drivers
v0000023887f778b0_0 .net "o_retire_trap", 0 0, L_0000023888014340;  alias, 1 drivers
v0000023887f76cd0_0 .net "o_retire_valid", 0 0, L_0000023888014180;  alias, 1 drivers
v0000023887f76690_0 .var "pc_cur", 31 0;
v0000023887f77bd0_0 .net "pc_next", 31 0, L_0000023887fec980;  1 drivers
v0000023887f76d70_0 .net "retire_halt_cur", 0 0, L_0000023888014260;  1 drivers
v0000023887f779f0_0 .net "wb_trap_cur", 0 0, L_0000023888012ba0;  1 drivers
v0000023887f760f0_0 .net "wb_write_data_cur", 31 0, L_0000023887ff2560;  1 drivers
v0000023887f77ef0_0 .net "wb_write_enable_cur", 0 0, L_0000023888013310;  1 drivers
L_0000023887fecc00 .arith/sum 32, v0000023887f76690_0, L_0000023887f83700;
L_0000023887fec980 .functor MUXZ 32, L_0000023887fecc00, L_0000023887ff1a20, L_000002388800be20, C4<>;
L_0000023887fec480 .functor MUXZ 32, L_0000023887e93e70, v0000023887f72310_0, v0000023887f70f10_0, C4<>;
L_0000023887feaa40 .functor MUXZ 32, L_0000023887e93e70, v0000023887f72310_0, v0000023887f70f10_0, C4<>;
L_0000023887fea7c0 .arith/sum 32, L_0000023887feaa40, L_0000023887f83748;
L_0000023887fedba0 .part v0000023887f714b0_0, 0, 7;
L_0000023887feeb40 .cmp/eq 7, L_0000023887fedba0, L_0000023887f84168;
L_0000023887fee500 .cmp/eq 7, L_0000023887fedba0, L_0000023887f841b0;
L_0000023887fee3c0 .cmp/eq 7, L_0000023887fedba0, L_0000023887f841f8;
L_0000023887fedec0 .cmp/eq 7, L_0000023887fedba0, L_0000023887f84240;
L_0000023887fed100 .cmp/eq 7, L_0000023887fedba0, L_0000023887f84288;
L_0000023887fef220 .cmp/eq 7, L_0000023887fedba0, L_0000023887f842d0;
L_0000023887fee460 .cmp/eq 7, L_0000023887fedba0, L_0000023887f84318;
L_0000023887fef2c0 .cmp/eq 7, L_0000023887fedba0, L_0000023887f84360;
L_0000023887fed1a0 .cmp/eq 7, L_0000023887fedba0, L_0000023887f843a8;
L_0000023887feefa0 .cmp/eq 7, L_0000023887fedba0, L_0000023887f843f0;
L_0000023887fed600 .cmp/eq 7, L_0000023887fedba0, L_0000023887f84438;
L_0000023887feedc0 .cmp/ne 5, v0000023887f69190_0, L_0000023887f84480;
L_0000023887fef360 .cmp/eq 5, L_0000023887e916a0, v0000023887f69190_0;
L_0000023887feef00 .cmp/eq 5, L_0000023887de97b0, v0000023887f69190_0;
L_0000023887fed4c0 .part v0000023887f714b0_0, 0, 7;
L_0000023887fed2e0 .part v0000023887f714b0_0, 12, 3;
L_0000023887fee640 .part v0000023887f714b0_0, 25, 7;
L_0000023887fee6e0 .functor MUXZ 32, v0000023887f6f270_0, v0000023887f6eaf0_0, v0000023887f6e910_0, C4<>;
L_0000023887feec80 .functor MUXZ 32, L_0000023887fee6e0, v0000023887f6d510_0, v0000023887f6ced0_0, C4<>;
L_0000023887feee60 .cmp/ne 5, v0000023887f6f310_0, L_0000023887f84558;
L_0000023887fef040 .cmp/eq 5, v0000023887f6f310_0, v0000023887f68650_0;
L_0000023887fed9c0 .cmp/ne 5, v0000023887f6f310_0, L_0000023887f845a0;
L_0000023887fee780 .cmp/eq 5, v0000023887f6f310_0, v0000023887f69d70_0;
L_0000023887fedd80 .cmp/ne 5, v0000023887f73ad0_0, L_0000023887f845e8;
L_0000023887fef400 .cmp/eq 5, v0000023887f73ad0_0, v0000023887f68650_0;
L_0000023887fed420 .cmp/ne 5, v0000023887f73ad0_0, L_0000023887f84630;
L_0000023887fee8c0 .cmp/eq 5, v0000023887f73ad0_0, v0000023887f69d70_0;
L_0000023887fef0e0 .functor MUXZ 2, L_0000023887f84708, L_0000023887f846c0, L_000002388800dd30, C4<>;
L_0000023887fece80 .functor MUXZ 2, L_0000023887fef0e0, L_0000023887f84678, L_000002388800c8a0, C4<>;
L_0000023887fef4a0 .functor MUXZ 2, L_0000023887f847e0, L_0000023887f84798, L_000002388800e900, C4<>;
L_0000023887fed380 .functor MUXZ 2, L_0000023887fef4a0, L_0000023887f84750, L_000002388800da90, C4<>;
L_0000023887fef540 .functor MUXZ 2, L_0000023887fece80, L_0000023887f84828, v0000023887f69eb0_0, C4<>;
L_0000023887fee140 .functor MUXZ 2, L_0000023887fed380, L_0000023887f84870, v0000023887f68010_0, C4<>;
L_0000023887fede20 .cmp/eq 2, L_0000023887fece80, L_0000023887f848b8;
L_0000023887fecf20 .cmp/eq 2, L_0000023887fece80, L_0000023887f84900;
L_0000023887fed560 .functor MUXZ 32, v0000023887f68830_0, L_000002388800dbe0, L_0000023887fecf20, C4<>;
L_0000023887fee000 .functor MUXZ 32, L_0000023887fed560, L_0000023887feec80, L_0000023887fede20, C4<>;
L_0000023887fee0a0 .cmp/eq 2, L_0000023887fed380, L_0000023887f84948;
L_0000023887fed240 .cmp/eq 2, L_0000023887fed380, L_0000023887f84990;
L_0000023887fee1e0 .functor MUXZ 32, v0000023887f688d0_0, L_000002388800dbe0, L_0000023887fed240, C4<>;
L_0000023887fecfc0 .functor MUXZ 32, L_0000023887fee1e0, L_0000023887feec80, L_0000023887fee0a0, C4<>;
L_0000023887fed060 .cmp/eq 2, L_0000023887fef540, L_0000023887f849d8;
L_0000023887fed6a0 .functor MUXZ 32, L_0000023887fee000, v0000023887f68a10_0, L_0000023887fed060, C4<>;
L_0000023887fed740 .cmp/eq 2, L_0000023887fee140, L_0000023887f84a20;
L_0000023887fed7e0 .functor MUXZ 32, L_0000023887fecfc0, v0000023887f699b0_0, L_0000023887fed740, C4<>;
L_0000023887ff0440 .arith/sum 32, v0000023887f68a10_0, v0000023887f699b0_0;
L_0000023887ff0620 .arith/sum 32, L_0000023887fed6a0, v0000023887f699b0_0;
L_0000023887fef9a0 .arith/sum 32, v0000023887f68a10_0, v0000023887f699b0_0;
L_0000023887ff10c0 .functor MUXZ 32, L_0000023887fef9a0, L_0000023887ff0620, v0000023887f680b0_0, C4<>;
L_0000023887fefe00 .part L_0000023887ff10c0, 1, 31;
L_0000023887fef680 .concat [ 1 31 0 0], L_0000023887f84a68, L_0000023887fefe00;
L_0000023887fefcc0 .functor MUXZ 32, L_0000023887ff10c0, L_0000023887fef680, v0000023887f680b0_0, C4<>;
L_0000023887ff1a20 .functor MUXZ 32, L_0000023887ff0440, L_0000023887fefcc0, v0000023887f6a3b0_0, C4<>;
L_0000023887fefc20 .cmp/eq 3, v0000023887f69cd0_0, L_0000023887f84ab0;
L_0000023887ff0c60 .cmp/eq 3, v0000023887f69cd0_0, L_0000023887f84af8;
L_0000023887ff1340 .cmp/eq 3, v0000023887f69cd0_0, L_0000023887f84b40;
L_0000023887ff0bc0 .cmp/eq 3, v0000023887f69cd0_0, L_0000023887f84b88;
L_0000023887ff1840 .cmp/eq 3, v0000023887f69cd0_0, L_0000023887f84bd0;
L_0000023887ff1980 .cmp/eq 3, v0000023887f69cd0_0, L_0000023887f84c18;
L_0000023887ff1700 .functor MUXZ 1, L_0000023887f84c60, L_000002388800bb80, L_0000023887ff1980, C4<>;
L_0000023887ff12a0 .functor MUXZ 1, L_0000023887ff1700, L_000002388800e890, L_0000023887ff1840, C4<>;
L_0000023887ff0d00 .functor MUXZ 1, L_0000023887ff12a0, L_000002388800aae0, L_0000023887ff0bc0, C4<>;
L_0000023887ff1160 .functor MUXZ 1, L_0000023887ff0d00, L_000002388800e890, L_0000023887ff1340, C4<>;
L_0000023887ff1020 .functor MUXZ 1, L_0000023887ff1160, L_000002388800e270, L_0000023887ff0c60, C4<>;
L_0000023887fefea0 .functor MUXZ 1, L_0000023887ff1020, L_0000023887ff13e0, L_0000023887fefc20, C4<>;
L_0000023887fef860 .part L_0000023887ff1a20, 0, 2;
L_0000023887ff04e0 .reduce/or L_0000023887fef860;
L_0000023887fef900 .functor MUXZ 32, v0000023887f68290_0, L_0000023887ff1a20, L_000002388800be20, C4<>;
L_0000023887fef7c0 .cmp/ne 5, v0000023887f73ad0_0, L_0000023887f84ca8;
L_0000023887fefa40 .cmp/eq 5, v0000023887f73ad0_0, v0000023887f6dc90_0;
L_0000023887fefae0 .functor MUXZ 32, v0000023887f6ddd0_0, v0000023887f753d0_0, L_000002388800ad10, C4<>;
L_0000023887ff1ca0 .functor MUXZ 4, L_0000023887f84f78, L_0000023887f84f30, L_00000238880138c0, C4<>;
L_0000023887ff1d40 .functor MUXZ 32, L_0000023887f84fc0, v0000023887f6ccf0_0, L_0000023888013930, C4<>;
L_0000023887ff0a80 .functor MUXZ 32, L_0000023887f85008, v0000023887f6d510_0, L_0000023888013930, C4<>;
L_0000023887fef5e0 .functor MUXZ 32, L_0000023887f85050, v0000023887f6e0f0_0, L_0000023888013930, C4<>;
L_0000023887ff0260 .functor MUXZ 32, L_0000023887f85098, v0000023887f6dbf0_0, L_0000023888013930, C4<>;
L_0000023887ff0940 .functor MUXZ 5, L_0000023887f850e0, v0000023887f6f1d0_0, L_0000023888013930, C4<>;
L_0000023887ff0300 .functor MUXZ 5, L_0000023887f85128, v0000023887f6dc90_0, L_0000023888013930, C4<>;
L_0000023887ff03a0 .functor MUXZ 5, L_0000023887f85170, v0000023887f6f310_0, L_0000023888013930, C4<>;
L_0000023887ff09e0 .functor MUXZ 32, L_0000023887f851b8, v0000023887f6eb90_0, L_0000023888013930, C4<>;
L_0000023887ff0b20 .functor MUXZ 32, L_0000023887f85200, v0000023887f6f450_0, L_0000023888013930, C4<>;
L_0000023887ff0da0 .functor MUXZ 32, L_0000023887f85248, v0000023887f6eaf0_0, L_0000023888013930, C4<>;
L_0000023887ff0e40 .functor MUXZ 32, L_0000023887f85290, v0000023887f6f270_0, L_0000023888013930, C4<>;
L_0000023887ff0ee0 .functor MUXZ 32, L_0000023887f852d8, L_000002388800b480, L_0000023888012820, C4<>;
L_0000023887ff0f80 .functor MUXZ 32, L_0000023887f85320, L_0000023887feff40, L_0000023888013930, C4<>;
L_0000023887ff27e0 .functor MUXZ 1, L_0000023887f85368, L_000002388800b2c0, L_0000023888013930, C4<>;
L_0000023887ff24c0 .functor MUXZ 1, L_0000023887f853b0, L_000002388800b1e0, L_0000023888013930, C4<>;
L_0000023887ff1e80 .functor MUXZ 4, L_0000023887f853f8, L_000002388800aa70, L_0000023888013930, C4<>;
L_0000023887ff44a0 .functor MUXZ 32, L_0000023887f85440, L_000002388800b4f0, L_0000023888013930, C4<>;
L_0000023887ff4040 .functor MUXZ 32, L_0000023887f85488, L_0000023887e94340, L_0000023888012820, C4<>;
L_0000023887ff1f20 .functor MUXZ 1, L_0000023887f854d0, v0000023887f6dd30_0, L_0000023888013930, C4<>;
L_0000023887ff38c0 .functor MUXZ 1, L_0000023887f85518, v0000023887f6e910_0, L_0000023888013930, C4<>;
L_0000023887ff42c0 .functor MUXZ 1, L_0000023887f85560, v0000023887f6ced0_0, L_0000023888013930, C4<>;
L_0000023887ff3000 .functor MUXZ 1, L_0000023887f855a8, v0000023887f6e870_0, L_0000023888013930, C4<>;
L_0000023887ff3be0 .functor MUXZ 1, L_0000023887f855f0, v0000023887f6d1f0_0, L_0000023888013930, C4<>;
L_0000023887ff30a0 .functor MUXZ 1, L_0000023887f85638, v0000023887f6f3b0_0, L_0000023888013930, C4<>;
L_0000023887ff1fc0 .functor MUXZ 1, L_0000023887f85680, L_000002388800bfe0, L_0000023888013930, C4<>;
L_0000023887ff3320 .functor MUXZ 1, L_0000023887f856c8, v0000023887f6e690_0, L_0000023888013930, C4<>;
L_0000023887ff2600 .functor MUXZ 5, L_0000023887f85710, v0000023887f73ad0_0, L_0000023888013310, C4<>;
S_0000023887d25790 .scope module, "u_dcache" "cache" 3 487, 4 3 0, S_0000023887ce6280;
 .timescale -9 -12;
    .port_info 0 /INPUT 1 "i_clk";
    .port_info 1 /INPUT 1 "i_rst";
    .port_info 2 /INPUT 1 "i_mem_ready";
    .port_info 3 /OUTPUT 32 "o_mem_addr";
    .port_info 4 /OUTPUT 1 "o_mem_ren";
    .port_info 5 /OUTPUT 1 "o_mem_wen";
    .port_info 6 /OUTPUT 32 "o_mem_wdata";
    .port_info 7 /INPUT 32 "i_mem_rdata";
    .port_info 8 /INPUT 1 "i_mem_valid";
    .port_info 9 /OUTPUT 1 "o_busy";
    .port_info 10 /INPUT 32 "i_req_addr";
    .port_info 11 /INPUT 1 "i_req_ren";
    .port_info 12 /INPUT 1 "i_req_wen";
    .port_info 13 /INPUT 4 "i_req_mask";
    .port_info 14 /INPUT 32 "i_req_wdata";
    .port_info 15 /OUTPUT 32 "o_res_rdata";
P_0000023887d25920 .param/l "D" 1 4 80, +C4<00000000000000000000000000000100>;
P_0000023887d25958 .param/l "DEPTH" 1 4 77, +C4<00000000000000000000000000100000>;
P_0000023887d25990 .param/l "O" 1 4 75, +C4<00000000000000000000000000000100>;
P_0000023887d259c8 .param/l "S" 1 4 76, +C4<00000000000000000000000000000101>;
P_0000023887d25a00 .param/l "STATE_IDLE" 1 4 95, C4<00>;
P_0000023887d25a38 .param/l "STATE_REFILL_REQ" 1 4 96, C4<01>;
P_0000023887d25a70 .param/l "STATE_REFILL_WAIT" 1 4 97, C4<10>;
P_0000023887d25aa8 .param/l "STATE_WRITE_REQ" 1 4 98, C4<11>;
P_0000023887d25ae0 .param/l "T" 1 4 79, +C4<0000000000000000000000000000010111>;
P_0000023887d25b18 .param/l "W" 1 4 78, +C4<00000000000000000000000000000010>;
L_0000023887e92ac0 .functor AND 1, L_0000023887f7f290, L_0000023887f7f3d0, C4<1>, C4<1>;
L_0000023887e92f90 .functor AND 1, L_0000023887f7f6f0, L_0000023887f7f470, C4<1>, C4<1>;
L_0000023887e93000 .functor OR 1, L_0000023887e92ac0, L_0000023887e92f90, C4<0>, C4<0>;
L_0000023887e93310 .functor BUFZ 32, L_0000023887f7eb10, C4<00000000000000000000000000000000>, C4<00000000000000000000000000000000>, C4<00000000000000000000000000000000>;
L_0000023887e931c0 .functor BUFZ 32, L_0000023887f7ecf0, C4<00000000000000000000000000000000>, C4<00000000000000000000000000000000>, C4<00000000000000000000000000000000>;
L_0000023887e930e0 .functor NOT 1, L_0000023887e93000, C4<0>, C4<0>, C4<0>;
L_0000023887e93230 .functor AND 1, L_00000238880142d0, L_0000023887e930e0, C4<1>, C4<1>;
L_0000023887e93380 .functor NOT 1, L_0000023887e93000, C4<0>, C4<0>, C4<0>;
L_0000023887e92190 .functor AND 1, L_0000023888014110, L_0000023887e93380, C4<1>, C4<1>;
L_0000023887e93b60 .functor NOT 1, L_0000023887f7f290, C4<0>, C4<0>, C4<0>;
L_0000023887e934d0 .functor NOT 1, L_0000023887f7f6f0, C4<0>, C4<0>, C4<0>;
L_0000023887e93620 .functor BUFZ 1, L_0000023887e92f90, C4<0>, C4<0>, C4<0>;
L_0000023887e93850 .functor OR 32, L_0000023887f7d5d0, L_0000023887f7ddf0, C4<00000000000000000000000000000000>, C4<00000000000000000000000000000000>;
L_0000023887f83118 .functor BUFT 1, C4<0>, C4<0>, C4<0>, C4<0>;
L_0000023887e93690 .functor XNOR 1, v0000023887f4c690_0, L_0000023887f83118, C4<0>, C4<0>;
L_0000023887e93cb0 .functor AND 1, L_0000023888014110, L_0000023887e93000, C4<1>, C4<1>;
L_0000023887e94030 .functor AND 1, L_0000023887e93cb0, L_0000023888014f10, C4<1>, C4<1>;
L_0000023887e93f50 .functor AND 1, L_0000023888014110, L_0000023887e93000, C4<1>, C4<1>;
L_0000023887e940a0 .functor NOT 1, L_0000023888014f10, C4<0>, C4<0>, C4<0>;
L_0000023887e94260 .functor AND 1, L_0000023887e93f50, L_0000023887e940a0, C4<1>, C4<1>;
L_0000023887e94110 .functor AND 1, L_0000023887f80910, L_0000023888014f10, C4<1>, C4<1>;
L_0000023887e93fc0 .functor AND 1, L_0000023887f7ff10, L_0000023888014f10, C4<1>, C4<1>;
L_0000023887e942d0 .functor OR 1, L_0000023887e93fc0, L_0000023887e94030, C4<0>, C4<0>;
L_0000023887e94180 .functor OR 1, L_0000023887febee0, L_0000023887e93230, C4<0>, C4<0>;
L_0000023887e941f0 .functor OR 1, L_0000023887e94180, L_0000023887e92190, C4<0>, C4<0>;
L_0000023887e94420 .functor OR 1, L_0000023887e941f0, L_0000023887e94260, C4<0>, C4<0>;
L_0000023887e94340 .functor BUFZ 32, L_0000023887f7fbf0, C4<00000000000000000000000000000000>, C4<00000000000000000000000000000000>, C4<00000000000000000000000000000000>;
v0000023887ec8940_0 .net *"_ivl_100", 12 0, L_0000023887f7e1b0;  1 drivers
L_0000023887f82ed8 .functor BUFT 1, C4<00000000000000000000000000000000>, C4<0>, C4<0>, C4<0>;
v0000023887eca100_0 .net/2u *"_ivl_104", 31 0, L_0000023887f82ed8;  1 drivers
v0000023887eca600_0 .net *"_ivl_106", 31 0, L_0000023887f7d7b0;  1 drivers
L_0000023887f82a58 .functor BUFT 1, C4<00>, C4<0>, C4<0>, C4<0>;
v0000023887ecab00_0 .net *"_ivl_11", 1 0, L_0000023887f82a58;  1 drivers
v0000023887ec9ac0_0 .net *"_ivl_110", 0 0, L_0000023887e930e0;  1 drivers
v0000023887ec9ca0_0 .net *"_ivl_114", 0 0, L_0000023887e93380;  1 drivers
v0000023887ec9700_0 .net *"_ivl_118", 0 0, L_0000023887e93b60;  1 drivers
L_0000023887f82f20 .functor BUFT 1, C4<0>, C4<0>, C4<0>, C4<0>;
v0000023887eca240_0 .net/2u *"_ivl_120", 0 0, L_0000023887f82f20;  1 drivers
v0000023887ec97a0_0 .net *"_ivl_122", 0 0, L_0000023887e934d0;  1 drivers
L_0000023887f82f68 .functor BUFT 1, C4<1>, C4<0>, C4<0>, C4<0>;
v0000023887ec8d00_0 .net/2u *"_ivl_124", 0 0, L_0000023887f82f68;  1 drivers
v0000023887ec9840_0 .net *"_ivl_126", 0 0, L_0000023887f7fc90;  1 drivers
v0000023887ec9340_0 .net *"_ivl_128", 6 0, L_0000023887f7d530;  1 drivers
L_0000023887f82fb0 .functor BUFT 1, C4<00>, C4<0>, C4<0>, C4<0>;
v0000023887ec9480_0 .net *"_ivl_131", 1 0, L_0000023887f82fb0;  1 drivers
v0000023887eca6a0_0 .net *"_ivl_132", 0 0, L_0000023887f7dcb0;  1 drivers
L_0000023887f82ff8 .functor BUFT 1, C4<0000>, C4<0>, C4<0>, C4<0>;
v0000023887ec9de0_0 .net/2u *"_ivl_138", 3 0, L_0000023887f82ff8;  1 drivers
v0000023887ec8bc0_0 .net *"_ivl_14", 1 0, L_0000023887f7e6b0;  1 drivers
L_0000023887f83040 .functor BUFT 1, C4<0000000000000000000000000000>, C4<0>, C4<0>, C4<0>;
v0000023887ec89e0_0 .net/2u *"_ivl_142", 27 0, L_0000023887f83040;  1 drivers
L_0000023887f83088 .functor BUFT 1, C4<00>, C4<0>, C4<0>, C4<0>;
v0000023887ec95c0_0 .net/2u *"_ivl_144", 1 0, L_0000023887f83088;  1 drivers
v0000023887ecaba0_0 .net *"_ivl_146", 31 0, L_0000023887f7ddf0;  1 drivers
L_0000023887f830d0 .functor BUFT 1, C4<00>, C4<0>, C4<0>, C4<0>;
v0000023887eca060_0 .net/2u *"_ivl_150", 1 0, L_0000023887f830d0;  1 drivers
v0000023887ec8da0_0 .net/2u *"_ivl_156", 0 0, L_0000023887f83118;  1 drivers
v0000023887ec8f80_0 .net *"_ivl_158", 0 0, L_0000023887e93690;  1 drivers
v0000023887ec8b20_0 .net *"_ivl_16", 6 0, L_0000023887f7dad0;  1 drivers
v0000023887ec8c60_0 .net *"_ivl_160", 31 0, L_0000023887f7dfd0;  1 drivers
v0000023887ec98e0_0 .net *"_ivl_162", 9 0, L_0000023887f7e070;  1 drivers
L_0000023887f83160 .functor BUFT 1, C4<00000>, C4<0>, C4<0>, C4<0>;
v0000023887ec9980_0 .net *"_ivl_165", 4 0, L_0000023887f83160;  1 drivers
v0000023887eca880_0 .net *"_ivl_166", 11 0, L_0000023887f7e250;  1 drivers
L_0000023887f831a8 .functor BUFT 1, C4<00>, C4<0>, C4<0>, C4<0>;
v0000023887eca1a0_0 .net *"_ivl_169", 1 0, L_0000023887f831a8;  1 drivers
L_0000023887f831f0 .functor BUFT 1, C4<000000000100>, C4<0>, C4<0>, C4<0>;
v0000023887ec9e80_0 .net/2u *"_ivl_170", 11 0, L_0000023887f831f0;  1 drivers
v0000023887eca380_0 .net *"_ivl_173", 11 0, L_0000023887f7e430;  1 drivers
v0000023887eca740_0 .net *"_ivl_174", 3 0, L_0000023887f80870;  1 drivers
L_0000023887f83238 .functor BUFT 1, C4<00>, C4<0>, C4<0>, C4<0>;
v0000023887eca7e0_0 .net *"_ivl_177", 1 0, L_0000023887f83238;  1 drivers
L_0000023887f83280 .functor BUFT 1, C4<0>, C4<0>, C4<0>, C4<0>;
v0000023887ec8e40_0 .net *"_ivl_180", 0 0, L_0000023887f83280;  1 drivers
v0000023887ec9a20_0 .net *"_ivl_181", 12 0, L_0000023887f80730;  1 drivers
L_0000023887f832c8 .functor BUFT 1, C4<000000000>, C4<0>, C4<0>, C4<0>;
v0000023887ecbd20_0 .net *"_ivl_184", 8 0, L_0000023887f832c8;  1 drivers
v0000023887ecaf60_0 .net *"_ivl_185", 12 0, L_0000023887f80550;  1 drivers
v0000023887ecb140_0 .net *"_ivl_186", 12 0, L_0000023887f7ffb0;  1 drivers
v0000023887ecb000_0 .net *"_ivl_188", 31 0, L_0000023887f804b0;  1 drivers
L_0000023887f82aa0 .functor BUFT 1, C4<00>, C4<0>, C4<0>, C4<0>;
v0000023887ecae20_0 .net *"_ivl_19", 1 0, L_0000023887f82aa0;  1 drivers
v0000023887ecb0a0_0 .net *"_ivl_190", 9 0, L_0000023887f80a50;  1 drivers
L_0000023887f83310 .functor BUFT 1, C4<00000>, C4<0>, C4<0>, C4<0>;
v0000023887ecc360_0 .net *"_ivl_193", 4 0, L_0000023887f83310;  1 drivers
v0000023887ecb1e0_0 .net *"_ivl_194", 11 0, L_0000023887f80370;  1 drivers
L_0000023887f83358 .functor BUFT 1, C4<00>, C4<0>, C4<0>, C4<0>;
v0000023887ecb8c0_0 .net *"_ivl_197", 1 0, L_0000023887f83358;  1 drivers
L_0000023887f833a0 .functor BUFT 1, C4<000000000100>, C4<0>, C4<0>, C4<0>;
v0000023887ecbdc0_0 .net/2u *"_ivl_198", 11 0, L_0000023887f833a0;  1 drivers
v0000023887ecb6e0_0 .net *"_ivl_201", 11 0, L_0000023887f7fe70;  1 drivers
v0000023887ecbe60_0 .net *"_ivl_202", 3 0, L_0000023887f80230;  1 drivers
L_0000023887f833e8 .functor BUFT 1, C4<00>, C4<0>, C4<0>, C4<0>;
v0000023887ecc220_0 .net *"_ivl_205", 1 0, L_0000023887f833e8;  1 drivers
L_0000023887f83430 .functor BUFT 1, C4<0>, C4<0>, C4<0>, C4<0>;
v0000023887ecb820_0 .net *"_ivl_208", 0 0, L_0000023887f83430;  1 drivers
v0000023887ecc2c0_0 .net *"_ivl_209", 12 0, L_0000023887f80050;  1 drivers
L_0000023887f83478 .functor BUFT 1, C4<000000000>, C4<0>, C4<0>, C4<0>;
v0000023887ecb3c0_0 .net *"_ivl_212", 8 0, L_0000023887f83478;  1 drivers
v0000023887ecad80_0 .net *"_ivl_213", 12 0, L_0000023887f800f0;  1 drivers
v0000023887ecb5a0_0 .net *"_ivl_214", 12 0, L_0000023887f809b0;  1 drivers
v0000023887ecb640_0 .net *"_ivl_22", 22 0, L_0000023887f7e110;  1 drivers
v0000023887ecc040_0 .net *"_ivl_220", 0 0, L_0000023887e93cb0;  1 drivers
v0000023887ecc400_0 .net *"_ivl_224", 0 0, L_0000023887e93f50;  1 drivers
v0000023887ecbb40_0 .net *"_ivl_226", 0 0, L_0000023887e940a0;  1 drivers
L_0000023887f834c0 .functor BUFT 1, C4<01>, C4<0>, C4<0>, C4<0>;
v0000023887ecaec0_0 .net/2u *"_ivl_230", 1 0, L_0000023887f834c0;  1 drivers
v0000023887ecb280_0 .net *"_ivl_232", 0 0, L_0000023887f80af0;  1 drivers
L_0000023887f83508 .functor BUFT 1, C4<11>, C4<0>, C4<0>, C4<0>;
v0000023887ecbf00_0 .net/2u *"_ivl_234", 1 0, L_0000023887f83508;  1 drivers
v0000023887ecb320_0 .net *"_ivl_236", 0 0, L_0000023887f80b90;  1 drivers
L_0000023887f83550 .functor BUFT 1, C4<00000000000000000000000000000000>, C4<0>, C4<0>, C4<0>;
v0000023887ecba00_0 .net/2u *"_ivl_238", 31 0, L_0000023887f83550;  1 drivers
v0000023887ecc180_0 .net *"_ivl_24", 6 0, L_0000023887f7e390;  1 drivers
v0000023887ecbaa0_0 .net *"_ivl_240", 31 0, L_0000023887f80190;  1 drivers
v0000023887ecb460_0 .net *"_ivl_242", 31 0, L_0000023887f807d0;  1 drivers
L_0000023887f83598 .functor BUFT 1, C4<01>, C4<0>, C4<0>, C4<0>;
v0000023887ecb500_0 .net/2u *"_ivl_246", 1 0, L_0000023887f83598;  1 drivers
v0000023887ecb780_0 .net *"_ivl_248", 0 0, L_0000023887f80910;  1 drivers
L_0000023887f835e0 .functor BUFT 1, C4<11>, C4<0>, C4<0>, C4<0>;
v0000023887ecb960_0 .net/2u *"_ivl_252", 1 0, L_0000023887f835e0;  1 drivers
v0000023887ecbfa0_0 .net *"_ivl_254", 0 0, L_0000023887f7ff10;  1 drivers
v0000023887ecbbe0_0 .net *"_ivl_256", 0 0, L_0000023887e93fc0;  1 drivers
L_0000023887f83628 .functor BUFT 1, C4<11>, C4<0>, C4<0>, C4<0>;
v0000023887ecbc80_0 .net/2u *"_ivl_260", 1 0, L_0000023887f83628;  1 drivers
v0000023887ecc0e0_0 .net *"_ivl_262", 0 0, L_0000023887f7fd30;  1 drivers
L_0000023887f83670 .functor BUFT 1, C4<00000000000000000000000000000000>, C4<0>, C4<0>, C4<0>;
v0000023887e7c960_0 .net/2u *"_ivl_264", 31 0, L_0000023887f83670;  1 drivers
v0000023887e7d2c0_0 .net *"_ivl_266", 31 0, L_0000023887f7fdd0;  1 drivers
L_0000023887f82ae8 .functor BUFT 1, C4<00>, C4<0>, C4<0>, C4<0>;
v0000023887e7cbe0_0 .net *"_ivl_27", 1 0, L_0000023887f82ae8;  1 drivers
L_0000023887f836b8 .functor BUFT 1, C4<00>, C4<0>, C4<0>, C4<0>;
v0000023887e7cd20_0 .net/2u *"_ivl_270", 1 0, L_0000023887f836b8;  1 drivers
v0000023887e3e690_0 .net *"_ivl_272", 0 0, L_0000023887febee0;  1 drivers
v0000023887e3d5b0_0 .net *"_ivl_274", 0 0, L_0000023887e94180;  1 drivers
v0000023887e3b2b0_0 .net *"_ivl_276", 0 0, L_0000023887e941f0;  1 drivers
v0000023887df43a0_0 .net *"_ivl_28", 0 0, L_0000023887f7f3d0;  1 drivers
v0000023887d97300_0 .net *"_ivl_32", 22 0, L_0000023887f7fab0;  1 drivers
v0000023887f4ca50_0 .net *"_ivl_34", 6 0, L_0000023887f7ea70;  1 drivers
L_0000023887f82b30 .functor BUFT 1, C4<00>, C4<0>, C4<0>, C4<0>;
v0000023887f4c9b0_0 .net *"_ivl_37", 1 0, L_0000023887f82b30;  1 drivers
v0000023887f4d1d0_0 .net *"_ivl_38", 0 0, L_0000023887f7f470;  1 drivers
v0000023887f4d270_0 .net *"_ivl_44", 31 0, L_0000023887f7eb10;  1 drivers
v0000023887f4ddb0_0 .net *"_ivl_46", 9 0, L_0000023887f7e7f0;  1 drivers
L_0000023887f82b78 .functor BUFT 1, C4<00000>, C4<0>, C4<0>, C4<0>;
v0000023887f4d810_0 .net *"_ivl_49", 4 0, L_0000023887f82b78;  1 drivers
v0000023887f4ccd0_0 .net *"_ivl_50", 11 0, L_0000023887f7dc10;  1 drivers
L_0000023887f82bc0 .functor BUFT 1, C4<00>, C4<0>, C4<0>, C4<0>;
v0000023887f4ce10_0 .net *"_ivl_53", 1 0, L_0000023887f82bc0;  1 drivers
L_0000023887f82c08 .functor BUFT 1, C4<000000000100>, C4<0>, C4<0>, C4<0>;
v0000023887f4def0_0 .net/2u *"_ivl_54", 11 0, L_0000023887f82c08;  1 drivers
v0000023887f4da90_0 .net *"_ivl_57", 11 0, L_0000023887f7ebb0;  1 drivers
v0000023887f4c910_0 .net *"_ivl_58", 3 0, L_0000023887f7e890;  1 drivers
v0000023887f4caf0_0 .net *"_ivl_6", 1 0, L_0000023887f7d670;  1 drivers
L_0000023887f82c50 .functor BUFT 1, C4<00>, C4<0>, C4<0>, C4<0>;
v0000023887f4cb90_0 .net *"_ivl_61", 1 0, L_0000023887f82c50;  1 drivers
L_0000023887f82c98 .functor BUFT 1, C4<0>, C4<0>, C4<0>, C4<0>;
v0000023887f4d4f0_0 .net *"_ivl_64", 0 0, L_0000023887f82c98;  1 drivers
v0000023887f4cf50_0 .net *"_ivl_65", 12 0, L_0000023887f7f510;  1 drivers
L_0000023887f82ce0 .functor BUFT 1, C4<000000000>, C4<0>, C4<0>, C4<0>;
v0000023887f4d130_0 .net *"_ivl_68", 8 0, L_0000023887f82ce0;  1 drivers
v0000023887f4d630_0 .net *"_ivl_69", 12 0, L_0000023887f7eed0;  1 drivers
v0000023887f4cd70_0 .net *"_ivl_70", 12 0, L_0000023887f7f790;  1 drivers
v0000023887f4de50_0 .net *"_ivl_74", 31 0, L_0000023887f7ecf0;  1 drivers
v0000023887f4dbd0_0 .net *"_ivl_76", 9 0, L_0000023887f7ee30;  1 drivers
L_0000023887f82d28 .functor BUFT 1, C4<00000>, C4<0>, C4<0>, C4<0>;
v0000023887f4d590_0 .net *"_ivl_79", 4 0, L_0000023887f82d28;  1 drivers
v0000023887f4dc70_0 .net *"_ivl_8", 6 0, L_0000023887f7f8d0;  1 drivers
v0000023887f4cc30_0 .net *"_ivl_80", 11 0, L_0000023887f7f830;  1 drivers
L_0000023887f82d70 .functor BUFT 1, C4<00>, C4<0>, C4<0>, C4<0>;
v0000023887f4d310_0 .net *"_ivl_83", 1 0, L_0000023887f82d70;  1 drivers
L_0000023887f82db8 .functor BUFT 1, C4<000000000100>, C4<0>, C4<0>, C4<0>;
v0000023887f4db30_0 .net/2u *"_ivl_84", 11 0, L_0000023887f82db8;  1 drivers
v0000023887f4ceb0_0 .net *"_ivl_87", 11 0, L_0000023887f7e930;  1 drivers
v0000023887f4cff0_0 .net *"_ivl_88", 3 0, L_0000023887f7fb50;  1 drivers
L_0000023887f82e00 .functor BUFT 1, C4<00>, C4<0>, C4<0>, C4<0>;
v0000023887f4d090_0 .net *"_ivl_91", 1 0, L_0000023887f82e00;  1 drivers
L_0000023887f82e48 .functor BUFT 1, C4<0>, C4<0>, C4<0>, C4<0>;
v0000023887f4d8b0_0 .net *"_ivl_94", 0 0, L_0000023887f82e48;  1 drivers
v0000023887f4d3b0_0 .net *"_ivl_95", 12 0, L_0000023887f7ef70;  1 drivers
L_0000023887f82e90 .functor BUFT 1, C4<000000000>, C4<0>, C4<0>, C4<0>;
v0000023887f4d450_0 .net *"_ivl_98", 8 0, L_0000023887f82e90;  1 drivers
v0000023887f4d6d0_0 .net *"_ivl_99", 12 0, L_0000023887f7f970;  1 drivers
v0000023887f4d770 .array "datas0", 127 0, 31 0;
v0000023887f4d950 .array "datas1", 127 0, 31 0;
v0000023887f4c870_0 .net "hit", 0 0, L_0000023887e93000;  1 drivers
v0000023887f4d9f0_0 .net "hit_rword", 31 0, L_0000023887f7fbf0;  1 drivers
v0000023887f4dd10_0 .net "i_clk", 0 0, v0000023887f79110_0;  alias, 1 drivers
v0000023887f4ab10_0 .net "i_mem_rdata", 31 0, L_0000023888014ea0;  alias, 1 drivers
v0000023887f4a390_0 .net "i_mem_ready", 0 0, L_0000023888014f10;  alias, 1 drivers
v0000023887f4bbf0_0 .net "i_mem_valid", 0 0, L_0000023888015680;  alias, 1 drivers
v0000023887f4b510_0 .net "i_req_addr", 31 0, L_0000023887feff40;  alias, 1 drivers
v0000023887f4c4b0_0 .net "i_req_mask", 3 0, L_000002388800aa70;  alias, 1 drivers
v0000023887f4b0b0_0 .net "i_req_ren", 0 0, L_00000238880142d0;  alias, 1 drivers
v0000023887f4b470_0 .net "i_req_wdata", 31 0, L_000002388800b4f0;  alias, 1 drivers
v0000023887f4a570_0 .net "i_req_wen", 0 0, L_0000023888014110;  alias, 1 drivers
v0000023887f4a890_0 .net "i_rst", 0 0, v0000023887f7d490_0;  alias, 1 drivers
v0000023887f4b5b0 .array "lru", 0 31, 0 0;
v0000023887f4aa70_0 .net "merged_write_word", 31 0, L_0000023887f7de90;  1 drivers
v0000023887f4c7d0_0 .var "miss_is_write_cur", 0 0;
v0000023887f4c550_0 .net "miss_line_addr", 31 0, L_0000023887f7d5d0;  1 drivers
v0000023887f4b150_0 .var "miss_mask_cur", 3 0;
v0000023887f4b1f0_0 .net "miss_merged_write_word", 31 0, L_0000023887f805f0;  1 drivers
v0000023887f4a6b0_0 .var "miss_set_cur", 4 0;
v0000023887f4a070_0 .var "miss_tag_cur", 22 0;
v0000023887f4a1b0_0 .net "miss_victim_way", 0 0, L_0000023887f7df30;  1 drivers
v0000023887f4c690_0 .var "miss_victim_way_cur", 0 0;
v0000023887f4af70_0 .net "miss_way_rword", 31 0, L_0000023887f802d0;  1 drivers
v0000023887f4b830_0 .var "miss_wdata_cur", 31 0;
v0000023887f4a930_0 .net "miss_word_addr", 31 0, L_0000023887f7d710;  1 drivers
v0000023887f4c730_0 .var "miss_word_cur", 1 0;
v0000023887f4c230_0 .net "o_busy", 0 0, L_0000023887e94420;  alias, 1 drivers
v0000023887f4a610_0 .net "o_mem_addr", 31 0, L_0000023887f80690;  alias, 1 drivers
v0000023887f4b010_0 .net "o_mem_ren", 0 0, L_0000023887e94110;  alias, 1 drivers
v0000023887f4a4d0_0 .net "o_mem_wdata", 31 0, L_0000023887f80410;  alias, 1 drivers
v0000023887f4b290_0 .net "o_mem_wen", 0 0, L_0000023887e942d0;  alias, 1 drivers
v0000023887f4b330_0 .net "o_res_rdata", 31 0, L_0000023887e94340;  alias, 1 drivers
v0000023887f4c0f0_0 .net "read_miss", 0 0, L_0000023887e93230;  1 drivers
v0000023887f4bb50_0 .net "refill_word_addr", 31 0, L_0000023887e93850;  1 drivers
v0000023887f4be70_0 .var "refill_word_cur", 1 0;
v0000023887f4c5f0_0 .net "req_set", 4 0, L_0000023887f7f5b0;  1 drivers
v0000023887f4a750_0 .net "req_tag", 22 0, L_0000023887f7fa10;  1 drivers
v0000023887f4b8d0_0 .net "req_word", 1 0, L_0000023887f7e610;  1 drivers
v0000023887f4c190_0 .var/i "set_idx", 31 0;
v0000023887f4a9d0_0 .var "state_cur", 1 0;
v0000023887f4bab0 .array "tags0", 0 31, 22 0;
v0000023887f4aed0 .array "tags1", 0 31, 22 0;
v0000023887f4b3d0 .array "valid", 0 31, 1 0;
v0000023887f4c370_0 .net "way0_hit", 0 0, L_0000023887e92ac0;  1 drivers
v0000023887f4b650_0 .net "way0_rword", 31 0, L_0000023887e93310;  1 drivers
v0000023887f4a110_0 .net "way0_valid", 0 0, L_0000023887f7f290;  1 drivers
v0000023887f4b6f0_0 .net "way1_hit", 0 0, L_0000023887e92f90;  1 drivers
v0000023887f4bd30_0 .net "way1_rword", 31 0, L_0000023887e931c0;  1 drivers
v0000023887f4bc90_0 .net "way1_valid", 0 0, L_0000023887f7f6f0;  1 drivers
v0000023887f4a250_0 .var/i "word_idx", 31 0;
v0000023887f4b790_0 .net "write_hit_fire", 0 0, L_0000023887e94030;  1 drivers
v0000023887f4a2f0_0 .net "write_hit_stall", 0 0, L_0000023887e94260;  1 drivers
v0000023887f4abb0_0 .net "write_hit_way", 0 0, L_0000023887e93620;  1 drivers
v0000023887f4b970_0 .net "write_miss", 0 0, L_0000023887e92190;  1 drivers
E_0000023887ed3740 .event posedge, v0000023887f4dd10_0;
L_0000023887f7fa10 .part L_0000023887feff40, 9, 23;
L_0000023887f7f5b0 .part L_0000023887feff40, 4, 5;
L_0000023887f7e610 .part L_0000023887feff40, 2, 2;
L_0000023887f7d670 .array/port v0000023887f4b3d0, L_0000023887f7f8d0;
L_0000023887f7f8d0 .concat [ 5 2 0 0], L_0000023887f7f5b0, L_0000023887f82a58;
L_0000023887f7f290 .part L_0000023887f7d670, 0, 1;
L_0000023887f7e6b0 .array/port v0000023887f4b3d0, L_0000023887f7dad0;
L_0000023887f7dad0 .concat [ 5 2 0 0], L_0000023887f7f5b0, L_0000023887f82aa0;
L_0000023887f7f6f0 .part L_0000023887f7e6b0, 1, 1;
L_0000023887f7e110 .array/port v0000023887f4bab0, L_0000023887f7e390;
L_0000023887f7e390 .concat [ 5 2 0 0], L_0000023887f7f5b0, L_0000023887f82ae8;
L_0000023887f7f3d0 .cmp/eq 23, L_0000023887f7e110, L_0000023887f7fa10;
L_0000023887f7fab0 .array/port v0000023887f4aed0, L_0000023887f7ea70;
L_0000023887f7ea70 .concat [ 5 2 0 0], L_0000023887f7f5b0, L_0000023887f82b30;
L_0000023887f7f470 .cmp/eq 23, L_0000023887f7fab0, L_0000023887f7fa10;
L_0000023887f7eb10 .array/port v0000023887f4d770, L_0000023887f7f790;
L_0000023887f7e7f0 .concat [ 5 5 0 0], L_0000023887f7f5b0, L_0000023887f82b78;
L_0000023887f7dc10 .concat [ 10 2 0 0], L_0000023887f7e7f0, L_0000023887f82bc0;
L_0000023887f7ebb0 .arith/mult 12, L_0000023887f7dc10, L_0000023887f82c08;
L_0000023887f7e890 .concat [ 2 2 0 0], L_0000023887f7e610, L_0000023887f82c50;
L_0000023887f7f510 .concat [ 12 1 0 0], L_0000023887f7ebb0, L_0000023887f82c98;
L_0000023887f7eed0 .concat [ 4 9 0 0], L_0000023887f7e890, L_0000023887f82ce0;
L_0000023887f7f790 .arith/sum 13, L_0000023887f7f510, L_0000023887f7eed0;
L_0000023887f7ecf0 .array/port v0000023887f4d950, L_0000023887f7e1b0;
L_0000023887f7ee30 .concat [ 5 5 0 0], L_0000023887f7f5b0, L_0000023887f82d28;
L_0000023887f7f830 .concat [ 10 2 0 0], L_0000023887f7ee30, L_0000023887f82d70;
L_0000023887f7e930 .arith/mult 12, L_0000023887f7f830, L_0000023887f82db8;
L_0000023887f7fb50 .concat [ 2 2 0 0], L_0000023887f7e610, L_0000023887f82e00;
L_0000023887f7ef70 .concat [ 12 1 0 0], L_0000023887f7e930, L_0000023887f82e48;
L_0000023887f7f970 .concat [ 4 9 0 0], L_0000023887f7fb50, L_0000023887f82e90;
L_0000023887f7e1b0 .arith/sum 13, L_0000023887f7ef70, L_0000023887f7f970;
L_0000023887f7d7b0 .functor MUXZ 32, L_0000023887f82ed8, L_0000023887e931c0, L_0000023887e92f90, C4<>;
L_0000023887f7fbf0 .functor MUXZ 32, L_0000023887f7d7b0, L_0000023887e93310, L_0000023887e92ac0, C4<>;
L_0000023887f7fc90 .array/port v0000023887f4b5b0, L_0000023887f7d530;
L_0000023887f7d530 .concat [ 5 2 0 0], L_0000023887f7f5b0, L_0000023887f82fb0;
L_0000023887f7dcb0 .functor MUXZ 1, L_0000023887f7fc90, L_0000023887f82f68, L_0000023887e934d0, C4<>;
L_0000023887f7df30 .functor MUXZ 1, L_0000023887f7dcb0, L_0000023887f82f20, L_0000023887e93b60, C4<>;
L_0000023887f7d5d0 .concat [ 4 5 23 0], L_0000023887f82ff8, v0000023887f4a6b0_0, v0000023887f4a070_0;
L_0000023887f7ddf0 .concat [ 2 2 28 0], L_0000023887f83088, v0000023887f4be70_0, L_0000023887f83040;
L_0000023887f7d710 .concat [ 2 2 5 23], L_0000023887f830d0, v0000023887f4c730_0, v0000023887f4a6b0_0, v0000023887f4a070_0;
L_0000023887f7de90 .ufunc/vec4 TD_unit_hart_tb.dut.u_dcache.apply_mask, 32, L_0000023887f7fbf0, L_000002388800b4f0, L_000002388800aa70 (v0000023887eca420_0, v0000023887ec88a0_0, v0000023887ec9020_0) S_000002388786f780;
L_0000023887f7dfd0 .array/port v0000023887f4d770, L_0000023887f7ffb0;
L_0000023887f7e070 .concat [ 5 5 0 0], v0000023887f4a6b0_0, L_0000023887f83160;
L_0000023887f7e250 .concat [ 10 2 0 0], L_0000023887f7e070, L_0000023887f831a8;
L_0000023887f7e430 .arith/mult 12, L_0000023887f7e250, L_0000023887f831f0;
L_0000023887f80870 .concat [ 2 2 0 0], v0000023887f4c730_0, L_0000023887f83238;
L_0000023887f80730 .concat [ 12 1 0 0], L_0000023887f7e430, L_0000023887f83280;
L_0000023887f80550 .concat [ 4 9 0 0], L_0000023887f80870, L_0000023887f832c8;
L_0000023887f7ffb0 .arith/sum 13, L_0000023887f80730, L_0000023887f80550;
L_0000023887f804b0 .array/port v0000023887f4d950, L_0000023887f809b0;
L_0000023887f80a50 .concat [ 5 5 0 0], v0000023887f4a6b0_0, L_0000023887f83310;
L_0000023887f80370 .concat [ 10 2 0 0], L_0000023887f80a50, L_0000023887f83358;
L_0000023887f7fe70 .arith/mult 12, L_0000023887f80370, L_0000023887f833a0;
L_0000023887f80230 .concat [ 2 2 0 0], v0000023887f4c730_0, L_0000023887f833e8;
L_0000023887f80050 .concat [ 12 1 0 0], L_0000023887f7fe70, L_0000023887f83430;
L_0000023887f800f0 .concat [ 4 9 0 0], L_0000023887f80230, L_0000023887f83478;
L_0000023887f809b0 .arith/sum 13, L_0000023887f80050, L_0000023887f800f0;
L_0000023887f802d0 .functor MUXZ 32, L_0000023887f804b0, L_0000023887f7dfd0, L_0000023887e93690, C4<>;
L_0000023887f805f0 .ufunc/vec4 TD_unit_hart_tb.dut.u_dcache.apply_mask, 32, L_0000023887f802d0, v0000023887f4b830_0, v0000023887f4b150_0 (v0000023887eca420_0, v0000023887ec88a0_0, v0000023887ec9020_0) S_000002388786f780;
L_0000023887f80af0 .cmp/eq 2, v0000023887f4a9d0_0, L_0000023887f834c0;
L_0000023887f80b90 .cmp/eq 2, v0000023887f4a9d0_0, L_0000023887f83508;
L_0000023887f80190 .functor MUXZ 32, L_0000023887f83550, L_0000023887feff40, L_0000023887e94030, C4<>;
L_0000023887f807d0 .functor MUXZ 32, L_0000023887f80190, L_0000023887f7d710, L_0000023887f80b90, C4<>;
L_0000023887f80690 .functor MUXZ 32, L_0000023887f807d0, L_0000023887e93850, L_0000023887f80af0, C4<>;
L_0000023887f80910 .cmp/eq 2, v0000023887f4a9d0_0, L_0000023887f83598;
L_0000023887f7ff10 .cmp/eq 2, v0000023887f4a9d0_0, L_0000023887f835e0;
L_0000023887f7fd30 .cmp/eq 2, v0000023887f4a9d0_0, L_0000023887f83628;
L_0000023887f7fdd0 .functor MUXZ 32, L_0000023887f83670, L_0000023887f7de90, L_0000023887e94030, C4<>;
L_0000023887f80410 .functor MUXZ 32, L_0000023887f7fdd0, L_0000023887f805f0, L_0000023887f7fd30, C4<>;
L_0000023887febee0 .cmp/ne 2, v0000023887f4a9d0_0, L_0000023887f836b8;
S_000002388786f780 .scope function.vec4.s32, "apply_mask" "apply_mask" 4 118, 4 118 0, S_0000023887d25790;
 .timescale -9 -12;
; Variable apply_mask is vec4 return value of scope S_000002388786f780
v0000023887ec8800_0 .var "byte_mask", 31 0;
v0000023887ec9020_0 .var "mask", 3 0;
v0000023887ec88a0_0 .var "new_word", 31 0;
v0000023887eca420_0 .var "old_word", 31 0;
TD_unit_hart_tb.dut.u_dcache.apply_mask ;
    %load/vec4 v0000023887ec9020_0;
    %store/vec4 v0000023887ec9c00_0, 0, 4;
    %callf/vec4 TD_unit_hart_tb.dut.u_dcache.expand_mask, S_000002388786f910;
    %store/vec4 v0000023887ec8800_0, 0, 32;
    %load/vec4 v0000023887eca420_0;
    %load/vec4 v0000023887ec8800_0;
    %inv;
    %and;
    %load/vec4 v0000023887ec88a0_0;
    %load/vec4 v0000023887ec8800_0;
    %and;
    %or;
    %ret/vec4 0, 0, 32;  Assign to apply_mask (store_vec4_to_lval)
    %end;
S_000002388786f910 .scope function.vec4.s32, "expand_mask" "expand_mask" 4 111, 4 111 0, S_0000023887d25790;
 .timescale -9 -12;
; Variable expand_mask is vec4 return value of scope S_000002388786f910
v0000023887ec9c00_0 .var "mask", 3 0;
TD_unit_hart_tb.dut.u_dcache.expand_mask ;
    %load/vec4 v0000023887ec9c00_0;
    %parti/s 1, 3, 3;
    %replicate 8;
    %load/vec4 v0000023887ec9c00_0;
    %parti/s 1, 2, 3;
    %replicate 8;
    %concat/vec4; draw_concat_vec4
    %load/vec4 v0000023887ec9c00_0;
    %parti/s 1, 1, 2;
    %replicate 8;
    %concat/vec4; draw_concat_vec4
    %load/vec4 v0000023887ec9c00_0;
    %parti/s 1, 0, 2;
    %replicate 8;
    %concat/vec4; draw_concat_vec4
    %ret/vec4 0, 0, 32;  Assign to expand_mask (store_vec4_to_lval)
    %end;
S_00000238878afcf0 .scope module, "u_decode" "decode" 3 534, 5 1 0, S_0000023887ce6280;
 .timescale -9 -12;
    .port_info 0 /INPUT 1 "i_clk";
    .port_info 1 /INPUT 1 "i_rst";
    .port_info 2 /INPUT 32 "Inst";
    .port_info 3 /INPUT 32 "WriteData";
    .port_info 4 /INPUT 5 "WriteAddr";
    .port_info 5 /INPUT 1 "WriteEn";
    .port_info 6 /OUTPUT 1 "lui";
    .port_info 7 /OUTPUT 1 "PcSrc";
    .port_info 8 /OUTPUT 3 "AluOp";
    .port_info 9 /OUTPUT 1 "MemWrite";
    .port_info 10 /OUTPUT 1 "MemRead";
    .port_info 11 /OUTPUT 1 "MemToReg";
    .port_info 12 /OUTPUT 1 "AluSrc1";
    .port_info 13 /OUTPUT 1 "AluSrc2";
    .port_info 14 /OUTPUT 1 "RegWrite";
    .port_info 15 /OUTPUT 1 "Jump";
    .port_info 16 /OUTPUT 1 "Branch";
    .port_info 17 /OUTPUT 32 "Offset";
    .port_info 18 /OUTPUT 5 "o_retire_rs1_raddr";
    .port_info 19 /OUTPUT 5 "o_retire_rs2_raddr";
    .port_info 20 /OUTPUT 5 "o_retire_rd_waddr";
    .port_info 21 /OUTPUT 32 "o_retire_rs1_rdata";
    .port_info 22 /OUTPUT 32 "o_retire_rs2_rdata";
    .port_info 23 /OUTPUT 1 "IllegalInst";
    .port_info 24 /OUTPUT 1 "EBreak";
P_0000023887ed3d80 .param/l "BYPASS_EN" 0 5 2, +C4<00000000000000000000000000000001>;
L_0000023887e90d70 .functor OR 1, L_0000023887feb580, L_0000023887feacc0, C4<0>, C4<0>;
L_0000023887e91f60 .functor OR 1, L_0000023887e90d70, L_0000023887feb6c0, C4<0>, C4<0>;
L_0000023887e91080 .functor OR 1, L_0000023887feab80, L_0000023887feb620, C4<0>, C4<0>;
L_0000023887e91a90 .functor BUFZ 1, L_0000023887fec160, C4<0>, C4<0>, C4<0>;
L_0000023887e91fd0 .functor OR 1, L_0000023887fec020, L_0000023887feb580, C4<0>, C4<0>;
L_0000023887e91940 .functor OR 1, L_0000023887e91fd0, L_0000023887feacc0, C4<0>, C4<0>;
L_0000023887e91b00 .functor OR 1, L_0000023887e91940, L_0000023887fec5c0, C4<0>, C4<0>;
L_0000023887e91d30 .functor OR 1, L_0000023887e91b00, L_0000023887feaae0, C4<0>, C4<0>;
L_0000023887e90c90 .functor OR 1, L_0000023887e91d30, L_0000023887feab80, C4<0>, C4<0>;
L_0000023887e91ef0 .functor OR 1, L_0000023887e90c90, L_0000023887feb620, C4<0>, C4<0>;
L_0000023887e91320 .functor OR 1, L_0000023887e91ef0, L_0000023887fec340, C4<0>, C4<0>;
L_0000023887e907c0 .functor OR 1, L_0000023887e91320, L_0000023887feb6c0, C4<0>, C4<0>;
L_0000023887e90d00 .functor OR 1, L_0000023887e907c0, L_0000023887fec160, C4<0>, C4<0>;
L_0000023887e91cc0 .functor NOT 1, L_0000023887e90d00, C4<0>, C4<0>, C4<0>;
L_0000023887e90b40 .functor BUFZ 1, L_0000023887feab80, C4<0>, C4<0>, C4<0>;
L_0000023887e91780 .functor BUFZ 1, L_0000023887feb6c0, C4<0>, C4<0>, C4<0>;
L_0000023887e90830 .functor BUFZ 1, L_0000023887fec5c0, C4<0>, C4<0>, C4<0>;
L_0000023887e90590 .functor BUFZ 1, L_0000023887feacc0, C4<0>, C4<0>, C4<0>;
L_0000023887e918d0 .functor BUFZ 1, L_0000023887feacc0, C4<0>, C4<0>, C4<0>;
L_0000023887e908a0 .functor BUFZ 1, L_0000023887feb620, C4<0>, C4<0>, C4<0>;
L_0000023887e90910 .functor OR 1, L_0000023887feb580, L_0000023887feacc0, C4<0>, C4<0>;
L_0000023887e910f0 .functor OR 1, L_0000023887e90910, L_0000023887fec5c0, C4<0>, C4<0>;
L_0000023887e90bb0 .functor OR 1, L_0000023887e910f0, L_0000023887feb620, C4<0>, C4<0>;
L_0000023887e912b0 .functor OR 1, L_0000023887e90bb0, L_0000023887feb6c0, C4<0>, C4<0>;
L_0000023887e91240 .functor OR 1, L_0000023887fec020, L_0000023887feb580, C4<0>, C4<0>;
L_0000023887e91b70 .functor OR 1, L_0000023887e91240, L_0000023887feacc0, C4<0>, C4<0>;
L_0000023887e91390 .functor OR 1, L_0000023887e91b70, L_0000023887feab80, C4<0>, C4<0>;
L_0000023887e909f0 .functor OR 1, L_0000023887e91390, L_0000023887feb620, C4<0>, C4<0>;
L_0000023887e91e10 .functor OR 1, L_0000023887e909f0, L_0000023887fec340, C4<0>, C4<0>;
L_0000023887e90de0 .functor OR 1, L_0000023887e91e10, L_0000023887feb6c0, C4<0>, C4<0>;
L_0000023887e91e80 .functor OR 1, L_0000023887fec340, L_0000023887feb6c0, C4<0>, C4<0>;
L_0000023887e90750 .functor BUFZ 1, L_0000023887feaae0, C4<0>, C4<0>, C4<0>;
L_0000023887e916a0 .functor BUFZ 5, L_0000023887fea720, C4<00000>, C4<00000>, C4<00000>;
L_0000023887e91710 .functor BUFZ 32, L_0000023887feb8a0, C4<00000000000000000000000000000000>, C4<00000000000000000000000000000000>, C4<00000000000000000000000000000000>;
L_0000023887de97b0 .functor BUFZ 5, L_0000023887febda0, C4<00000>, C4<00000>, C4<00000>;
L_0000023887de9ac0 .functor BUFZ 32, L_0000023887fec200, C4<00000000000000000000000000000000>, C4<00000000000000000000000000000000>, C4<00000000000000000000000000000000>;
L_0000023887de88d0 .functor NOT 1, L_0000023887e91cc0, C4<0>, C4<0>, C4<0>;
L_0000023887de6fe0 .functor AND 1, L_0000023887e90de0, L_0000023887de88d0, C4<1>, C4<1>;
L_00000238878e7220 .functor NOT 1, L_0000023887e91a90, C4<0>, C4<0>, C4<0>;
L_000002388785efd0 .functor AND 1, L_0000023887de6fe0, L_00000238878e7220, C4<1>, C4<1>;
v0000023887f55690_0 .net "AluOp", 2 0, L_0000023887fea9a0;  alias, 1 drivers
v0000023887f54510_0 .net "AluSrc1", 0 0, L_0000023887e908a0;  alias, 1 drivers
v0000023887f55410_0 .net "AluSrc2", 0 0, L_0000023887e912b0;  alias, 1 drivers
v0000023887f54790_0 .net "Branch", 0 0, L_0000023887e90750;  alias, 1 drivers
v0000023887f559b0_0 .net "EBreak", 0 0, L_0000023887e91a90;  alias, 1 drivers
v0000023887f540b0_0 .net "IllegalInst", 0 0, L_0000023887e91cc0;  alias, 1 drivers
v0000023887f555f0_0 .net "Inst", 31 0, v0000023887f714b0_0;  1 drivers
v0000023887f546f0_0 .net "Jump", 0 0, L_0000023887e91e80;  alias, 1 drivers
v0000023887f548d0_0 .net "MemRead", 0 0, L_0000023887e90590;  alias, 1 drivers
v0000023887f541f0_0 .net "MemToReg", 0 0, L_0000023887e918d0;  alias, 1 drivers
v0000023887f554b0_0 .net "MemWrite", 0 0, L_0000023887e90830;  alias, 1 drivers
v0000023887f55eb0_0 .net "Offset", 31 0, L_0000023887fedc40;  alias, 1 drivers
v0000023887f54470_0 .net "PcSrc", 0 0, L_0000023887e91780;  alias, 1 drivers
v0000023887f54150_0 .net "RegWrite", 0 0, L_0000023887e90de0;  alias, 1 drivers
v0000023887f552d0_0 .net "WriteAddr", 4 0, v0000023887f73ad0_0;  1 drivers
v0000023887f55370_0 .net "WriteData", 31 0, L_0000023887ff2560;  alias, 1 drivers
v0000023887f54dd0_0 .net "WriteEn", 0 0, L_0000023888013310;  alias, 1 drivers
v0000023887f54290_0 .net *"_ivl_116", 0 0, L_0000023887e90910;  1 drivers
v0000023887f55550_0 .net *"_ivl_118", 0 0, L_0000023887e910f0;  1 drivers
L_0000023887f837d8 .functor BUFT 1, C4<0010011>, C4<0>, C4<0>, C4<0>;
v0000023887f53c50_0 .net/2u *"_ivl_12", 6 0, L_0000023887f837d8;  1 drivers
v0000023887f53f70_0 .net *"_ivl_120", 0 0, L_0000023887e90bb0;  1 drivers
v0000023887f53cf0_0 .net *"_ivl_124", 0 0, L_0000023887e91240;  1 drivers
v0000023887f53a70_0 .net *"_ivl_126", 0 0, L_0000023887e91b70;  1 drivers
v0000023887f53d90_0 .net *"_ivl_128", 0 0, L_0000023887e91390;  1 drivers
v0000023887f53b10_0 .net *"_ivl_130", 0 0, L_0000023887e909f0;  1 drivers
v0000023887f53e30_0 .net *"_ivl_132", 0 0, L_0000023887e91e10;  1 drivers
v0000023887f54c90_0 .net *"_ivl_148", 0 0, L_0000023887de88d0;  1 drivers
v0000023887f55730_0 .net *"_ivl_150", 0 0, L_0000023887de6fe0;  1 drivers
v0000023887f55cd0_0 .net *"_ivl_152", 0 0, L_00000238878e7220;  1 drivers
v0000023887f55d70_0 .net *"_ivl_154", 0 0, L_000002388785efd0;  1 drivers
L_0000023887f83fb8 .functor BUFT 1, C4<00000>, C4<0>, C4<0>, C4<0>;
v0000023887f54970_0 .net/2u *"_ivl_156", 4 0, L_0000023887f83fb8;  1 drivers
L_0000023887f83820 .functor BUFT 1, C4<0000011>, C4<0>, C4<0>, C4<0>;
v0000023887f54a10_0 .net/2u *"_ivl_16", 6 0, L_0000023887f83820;  1 drivers
L_0000023887f83868 .functor BUFT 1, C4<0100011>, C4<0>, C4<0>, C4<0>;
v0000023887f53ed0_0 .net/2u *"_ivl_20", 6 0, L_0000023887f83868;  1 drivers
L_0000023887f838b0 .functor BUFT 1, C4<1100011>, C4<0>, C4<0>, C4<0>;
v0000023887f54330_0 .net/2u *"_ivl_24", 6 0, L_0000023887f838b0;  1 drivers
L_0000023887f838f8 .functor BUFT 1, C4<0110111>, C4<0>, C4<0>, C4<0>;
v0000023887f543d0_0 .net/2u *"_ivl_28", 6 0, L_0000023887f838f8;  1 drivers
L_0000023887f83940 .functor BUFT 1, C4<0010111>, C4<0>, C4<0>, C4<0>;
v0000023887f54650_0 .net/2u *"_ivl_32", 6 0, L_0000023887f83940;  1 drivers
L_0000023887f83988 .functor BUFT 1, C4<1101111>, C4<0>, C4<0>, C4<0>;
v0000023887f545b0_0 .net/2u *"_ivl_36", 6 0, L_0000023887f83988;  1 drivers
L_0000023887f839d0 .functor BUFT 1, C4<1100111>, C4<0>, C4<0>, C4<0>;
v0000023887f54830_0 .net/2u *"_ivl_40", 6 0, L_0000023887f839d0;  1 drivers
L_0000023887f83a18 .functor BUFT 1, C4<00000000000100000000000001110011>, C4<0>, C4<0>, C4<0>;
v0000023887f54ab0_0 .net/2u *"_ivl_44", 31 0, L_0000023887f83a18;  1 drivers
L_0000023887f83a60 .functor BUFT 1, C4<000001>, C4<0>, C4<0>, C4<0>;
v0000023887f557d0_0 .net/2u *"_ivl_48", 5 0, L_0000023887f83a60;  1 drivers
v0000023887f54b50_0 .net *"_ivl_50", 0 0, L_0000023887e90d70;  1 drivers
v0000023887f54bf0_0 .net *"_ivl_52", 0 0, L_0000023887e91f60;  1 drivers
L_0000023887f83aa8 .functor BUFT 1, C4<000010>, C4<0>, C4<0>, C4<0>;
v0000023887f54d30_0 .net/2u *"_ivl_54", 5 0, L_0000023887f83aa8;  1 drivers
L_0000023887f83af0 .functor BUFT 1, C4<000100>, C4<0>, C4<0>, C4<0>;
v0000023887f54e70_0 .net/2u *"_ivl_56", 5 0, L_0000023887f83af0;  1 drivers
L_0000023887f83b38 .functor BUFT 1, C4<001000>, C4<0>, C4<0>, C4<0>;
v0000023887f55870_0 .net/2u *"_ivl_58", 5 0, L_0000023887f83b38;  1 drivers
v0000023887f55910_0 .net *"_ivl_60", 0 0, L_0000023887e91080;  1 drivers
L_0000023887f83b80 .functor BUFT 1, C4<010000>, C4<0>, C4<0>, C4<0>;
v0000023887f55a50_0 .net/2u *"_ivl_62", 5 0, L_0000023887f83b80;  1 drivers
L_0000023887f83bc8 .functor BUFT 1, C4<100000>, C4<0>, C4<0>, C4<0>;
v0000023887f55e10_0 .net/2u *"_ivl_64", 5 0, L_0000023887f83bc8;  1 drivers
L_0000023887f83c10 .functor BUFT 1, C4<000000>, C4<0>, C4<0>, C4<0>;
v0000023887f54f10_0 .net/2u *"_ivl_66", 5 0, L_0000023887f83c10;  1 drivers
v0000023887f550f0_0 .net *"_ivl_68", 5 0, L_0000023887fea680;  1 drivers
v0000023887f55b90_0 .net *"_ivl_70", 5 0, L_0000023887fea900;  1 drivers
v0000023887f54fb0_0 .net *"_ivl_72", 5 0, L_0000023887fec520;  1 drivers
v0000023887f55c30_0 .net *"_ivl_74", 5 0, L_0000023887fec0c0;  1 drivers
v0000023887f55050_0 .net *"_ivl_76", 5 0, L_0000023887fec3e0;  1 drivers
L_0000023887f83790 .functor BUFT 1, C4<0110011>, C4<0>, C4<0>, C4<0>;
v0000023887f55190_0 .net/2u *"_ivl_8", 6 0, L_0000023887f83790;  1 drivers
v0000023887f55230_0 .net *"_ivl_82", 0 0, L_0000023887e91fd0;  1 drivers
v0000023887f564f0_0 .net *"_ivl_84", 0 0, L_0000023887e91940;  1 drivers
v0000023887f56590_0 .net *"_ivl_86", 0 0, L_0000023887e91b00;  1 drivers
v0000023887f56630_0 .net *"_ivl_88", 0 0, L_0000023887e91d30;  1 drivers
v0000023887f566d0_0 .net *"_ivl_90", 0 0, L_0000023887e90c90;  1 drivers
v0000023887f56450_0 .net *"_ivl_92", 0 0, L_0000023887e91ef0;  1 drivers
v0000023887f561d0_0 .net *"_ivl_94", 0 0, L_0000023887e91320;  1 drivers
v0000023887f56770_0 .net *"_ivl_96", 0 0, L_0000023887e907c0;  1 drivers
v0000023887f56130_0 .net *"_ivl_98", 0 0, L_0000023887e90d00;  1 drivers
v0000023887f56270_0 .net "i_clk", 0 0, v0000023887f79110_0;  alias, 1 drivers
v0000023887f56090_0 .net "i_format", 5 0, L_0000023887feb760;  1 drivers
v0000023887f56310_0 .net "i_rst", 0 0, v0000023887f7d490_0;  alias, 1 drivers
v0000023887f563b0_0 .net "is_auipc", 0 0, L_0000023887feb620;  1 drivers
v0000023887f4ebb0_0 .net "is_branch", 0 0, L_0000023887feaae0;  1 drivers
v0000023887f4f790_0 .net "is_ebreak", 0 0, L_0000023887fec160;  1 drivers
v0000023887f4f150_0 .net "is_itype_alu", 0 0, L_0000023887feb580;  1 drivers
v0000023887f4ee30_0 .net "is_jal", 0 0, L_0000023887fec340;  1 drivers
v0000023887f4ea70_0 .net "is_jalr", 0 0, L_0000023887feb6c0;  1 drivers
v0000023887f4fa10_0 .net "is_load", 0 0, L_0000023887feacc0;  1 drivers
v0000023887f504b0_0 .net "is_lui", 0 0, L_0000023887feab80;  1 drivers
v0000023887f502d0_0 .net "is_rtype", 0 0, L_0000023887fec020;  1 drivers
v0000023887f50910_0 .net "is_store", 0 0, L_0000023887fec5c0;  1 drivers
v0000023887f505f0_0 .net "lui", 0 0, L_0000023887e90b40;  alias, 1 drivers
v0000023887f4f8d0_0 .net "o_retire_rd_waddr", 4 0, L_0000023887feb940;  alias, 1 drivers
v0000023887f4e9d0_0 .net "o_retire_rs1_raddr", 4 0, L_0000023887e916a0;  alias, 1 drivers
v0000023887f4f290_0 .net "o_retire_rs1_rdata", 31 0, L_0000023887e91710;  alias, 1 drivers
v0000023887f4f1f0_0 .net "o_retire_rs2_raddr", 4 0, L_0000023887de97b0;  alias, 1 drivers
v0000023887f4ef70_0 .net "o_retire_rs2_rdata", 31 0, L_0000023887de9ac0;  alias, 1 drivers
v0000023887f4e890_0 .net "opcode", 6 0, L_0000023887feb300;  1 drivers
v0000023887f50230_0 .net "rd_waddr_raw", 4 0, L_0000023887feaf40;  1 drivers
v0000023887f50af0_0 .net "rs1_raddr_raw", 4 0, L_0000023887fea720;  1 drivers
v0000023887f50870_0 .net "rs1_rdata_raw", 31 0, L_0000023887feb8a0;  1 drivers
v0000023887f4f330_0 .net "rs2_raddr_raw", 4 0, L_0000023887febda0;  1 drivers
v0000023887f4f010_0 .net "rs2_rdata_raw", 31 0, L_0000023887fec200;  1 drivers
L_0000023887feb300 .part v0000023887f714b0_0, 0, 7;
L_0000023887feaf40 .part v0000023887f714b0_0, 7, 5;
L_0000023887fea720 .part v0000023887f714b0_0, 15, 5;
L_0000023887febda0 .part v0000023887f714b0_0, 20, 5;
L_0000023887fec020 .cmp/eq 7, L_0000023887feb300, L_0000023887f83790;
L_0000023887feb580 .cmp/eq 7, L_0000023887feb300, L_0000023887f837d8;
L_0000023887feacc0 .cmp/eq 7, L_0000023887feb300, L_0000023887f83820;
L_0000023887fec5c0 .cmp/eq 7, L_0000023887feb300, L_0000023887f83868;
L_0000023887feaae0 .cmp/eq 7, L_0000023887feb300, L_0000023887f838b0;
L_0000023887feab80 .cmp/eq 7, L_0000023887feb300, L_0000023887f838f8;
L_0000023887feb620 .cmp/eq 7, L_0000023887feb300, L_0000023887f83940;
L_0000023887fec340 .cmp/eq 7, L_0000023887feb300, L_0000023887f83988;
L_0000023887feb6c0 .cmp/eq 7, L_0000023887feb300, L_0000023887f839d0;
L_0000023887fec160 .cmp/eq 32, v0000023887f714b0_0, L_0000023887f83a18;
L_0000023887fea680 .functor MUXZ 6, L_0000023887f83c10, L_0000023887f83bc8, L_0000023887fec340, C4<>;
L_0000023887fea900 .functor MUXZ 6, L_0000023887fea680, L_0000023887f83b80, L_0000023887e91080, C4<>;
L_0000023887fec520 .functor MUXZ 6, L_0000023887fea900, L_0000023887f83b38, L_0000023887feaae0, C4<>;
L_0000023887fec0c0 .functor MUXZ 6, L_0000023887fec520, L_0000023887f83af0, L_0000023887fec5c0, C4<>;
L_0000023887fec3e0 .functor MUXZ 6, L_0000023887fec0c0, L_0000023887f83aa8, L_0000023887e91f60, C4<>;
L_0000023887feb760 .functor MUXZ 6, L_0000023887fec3e0, L_0000023887f83a60, L_0000023887fec020, C4<>;
L_0000023887fea9a0 .part L_0000023887feb300, 4, 3;
L_0000023887feb940 .functor MUXZ 5, L_0000023887f83fb8, L_0000023887feaf40, L_000002388785efd0, C4<>;
S_0000023887d1f2f0 .scope module, "imm_gen" "imm" 5 107, 6 6 0, S_00000238878afcf0;
 .timescale -9 -12;
    .port_info 0 /INPUT 32 "i_inst";
    .port_info 1 /INPUT 6 "i_format";
    .port_info 2 /OUTPUT 32 "o_immediate";
v0000023887f4a430_0 .net *"_ivl_11", 0 0, L_0000023887fec660;  1 drivers
v0000023887f4ba10_0 .net *"_ivl_12", 20 0, L_0000023887febd00;  1 drivers
v0000023887f4c410_0 .net *"_ivl_15", 5 0, L_0000023887fecb60;  1 drivers
v0000023887f4a7f0_0 .net *"_ivl_17", 4 0, L_0000023887fead60;  1 drivers
v0000023887f4bdd0_0 .net *"_ivl_21", 0 0, L_0000023887feaea0;  1 drivers
v0000023887f4ac50_0 .net *"_ivl_22", 19 0, L_0000023887febe40;  1 drivers
v0000023887f4acf0_0 .net *"_ivl_25", 0 0, L_0000023887feafe0;  1 drivers
v0000023887f4bf10_0 .net *"_ivl_27", 5 0, L_0000023887feb1c0;  1 drivers
v0000023887f4c2d0_0 .net *"_ivl_29", 3 0, L_0000023887feb260;  1 drivers
v0000023887f4ad90_0 .net *"_ivl_3", 0 0, L_0000023887feb440;  1 drivers
L_0000023887f84048 .functor BUFT 1, C4<0>, C4<0>, C4<0>, C4<0>;
v0000023887f4bfb0_0 .net/2u *"_ivl_30", 0 0, L_0000023887f84048;  1 drivers
v0000023887f4ae30_0 .net *"_ivl_35", 19 0, L_0000023887feba80;  1 drivers
L_0000023887f84090 .functor BUFT 1, C4<000000000000>, C4<0>, C4<0>, C4<0>;
v0000023887f4c050_0 .net/2u *"_ivl_36", 11 0, L_0000023887f84090;  1 drivers
v0000023887f531b0_0 .net *"_ivl_4", 20 0, L_0000023887fecac0;  1 drivers
v0000023887f51b30_0 .net *"_ivl_41", 0 0, L_0000023887fecca0;  1 drivers
v0000023887f52710_0 .net *"_ivl_42", 11 0, L_0000023887fecd40;  1 drivers
v0000023887f51bd0_0 .net *"_ivl_45", 7 0, L_0000023887fea5e0;  1 drivers
v0000023887f53250_0 .net *"_ivl_47", 0 0, L_0000023887fecde0;  1 drivers
v0000023887f52210_0 .net *"_ivl_49", 9 0, L_0000023887fee320;  1 drivers
L_0000023887f840d8 .functor BUFT 1, C4<0>, C4<0>, C4<0>, C4<0>;
v0000023887f51130_0 .net/2u *"_ivl_50", 0 0, L_0000023887f840d8;  1 drivers
v0000023887f53430_0 .net *"_ivl_55", 0 0, L_0000023887feebe0;  1 drivers
v0000023887f525d0_0 .net *"_ivl_57", 0 0, L_0000023887fed920;  1 drivers
v0000023887f534d0_0 .net *"_ivl_59", 0 0, L_0000023887fee960;  1 drivers
v0000023887f536b0_0 .net *"_ivl_61", 0 0, L_0000023887feea00;  1 drivers
v0000023887f53570_0 .net *"_ivl_63", 0 0, L_0000023887fedf60;  1 drivers
v0000023887f52850_0 .net *"_ivl_65", 0 0, L_0000023887feed20;  1 drivers
L_0000023887f84120 .functor BUFT 1, C4<00000000000000000000000000000000>, C4<0>, C4<0>, C4<0>;
v0000023887f52cb0_0 .net/2u *"_ivl_66", 31 0, L_0000023887f84120;  1 drivers
v0000023887f51f90_0 .net *"_ivl_68", 31 0, L_0000023887fef180;  1 drivers
v0000023887f52990_0 .net *"_ivl_7", 10 0, L_0000023887febf80;  1 drivers
v0000023887f53110_0 .net *"_ivl_70", 31 0, L_0000023887fee280;  1 drivers
v0000023887f527b0_0 .net *"_ivl_72", 31 0, L_0000023887fee820;  1 drivers
v0000023887f52670_0 .net *"_ivl_74", 31 0, L_0000023887feeaa0;  1 drivers
v0000023887f51810_0 .net *"_ivl_76", 31 0, L_0000023887fedce0;  1 drivers
v0000023887f52490_0 .net "i_format", 5 0, L_0000023887feb760;  alias, 1 drivers
v0000023887f52fd0_0 .net "i_inst", 31 0, v0000023887f714b0_0;  alias, 1 drivers
v0000023887f52df0_0 .net "imm_b", 31 0, L_0000023887feb3a0;  1 drivers
v0000023887f522b0_0 .net "imm_i", 31 0, L_0000023887fec2a0;  1 drivers
v0000023887f51090_0 .net "imm_j", 31 0, L_0000023887fee5a0;  1 drivers
L_0000023887f84000 .functor BUFT 1, C4<xxxxxxxxxxxxxxxxxxxxxxxxxxxxxxxx>, C4<0>, C4<0>, C4<0>;
v0000023887f53750_0 .net "imm_r", 31 0, L_0000023887f84000;  1 drivers
v0000023887f51db0_0 .net "imm_s", 31 0, L_0000023887feae00;  1 drivers
v0000023887f52a30_0 .net "imm_u", 31 0, L_0000023887feb4e0;  1 drivers
v0000023887f532f0_0 .net "o_immediate", 31 0, L_0000023887fedc40;  alias, 1 drivers
L_0000023887feb440 .part v0000023887f714b0_0, 31, 1;
LS_0000023887fecac0_0_0 .concat [ 1 1 1 1], L_0000023887feb440, L_0000023887feb440, L_0000023887feb440, L_0000023887feb440;
LS_0000023887fecac0_0_4 .concat [ 1 1 1 1], L_0000023887feb440, L_0000023887feb440, L_0000023887feb440, L_0000023887feb440;
LS_0000023887fecac0_0_8 .concat [ 1 1 1 1], L_0000023887feb440, L_0000023887feb440, L_0000023887feb440, L_0000023887feb440;
LS_0000023887fecac0_0_12 .concat [ 1 1 1 1], L_0000023887feb440, L_0000023887feb440, L_0000023887feb440, L_0000023887feb440;
LS_0000023887fecac0_0_16 .concat [ 1 1 1 1], L_0000023887feb440, L_0000023887feb440, L_0000023887feb440, L_0000023887feb440;
LS_0000023887fecac0_0_20 .concat [ 1 0 0 0], L_0000023887feb440;
LS_0000023887fecac0_1_0 .concat [ 4 4 4 4], LS_0000023887fecac0_0_0, LS_0000023887fecac0_0_4, LS_0000023887fecac0_0_8, LS_0000023887fecac0_0_12;
LS_0000023887fecac0_1_4 .concat [ 4 1 0 0], LS_0000023887fecac0_0_16, LS_0000023887fecac0_0_20;
L_0000023887fecac0 .concat [ 16 5 0 0], LS_0000023887fecac0_1_0, LS_0000023887fecac0_1_4;
L_0000023887febf80 .part v0000023887f714b0_0, 20, 11;
L_0000023887fec2a0 .concat [ 11 21 0 0], L_0000023887febf80, L_0000023887fecac0;
L_0000023887fec660 .part v0000023887f714b0_0, 31, 1;
LS_0000023887febd00_0_0 .concat [ 1 1 1 1], L_0000023887fec660, L_0000023887fec660, L_0000023887fec660, L_0000023887fec660;
LS_0000023887febd00_0_4 .concat [ 1 1 1 1], L_0000023887fec660, L_0000023887fec660, L_0000023887fec660, L_0000023887fec660;
LS_0000023887febd00_0_8 .concat [ 1 1 1 1], L_0000023887fec660, L_0000023887fec660, L_0000023887fec660, L_0000023887fec660;
LS_0000023887febd00_0_12 .concat [ 1 1 1 1], L_0000023887fec660, L_0000023887fec660, L_0000023887fec660, L_0000023887fec660;
LS_0000023887febd00_0_16 .concat [ 1 1 1 1], L_0000023887fec660, L_0000023887fec660, L_0000023887fec660, L_0000023887fec660;
LS_0000023887febd00_0_20 .concat [ 1 0 0 0], L_0000023887fec660;
LS_0000023887febd00_1_0 .concat [ 4 4 4 4], LS_0000023887febd00_0_0, LS_0000023887febd00_0_4, LS_0000023887febd00_0_8, LS_0000023887febd00_0_12;
LS_0000023887febd00_1_4 .concat [ 4 1 0 0], LS_0000023887febd00_0_16, LS_0000023887febd00_0_20;
L_0000023887febd00 .concat [ 16 5 0 0], LS_0000023887febd00_1_0, LS_0000023887febd00_1_4;
L_0000023887fecb60 .part v0000023887f714b0_0, 25, 6;
L_0000023887fead60 .part v0000023887f714b0_0, 7, 5;
L_0000023887feae00 .concat [ 5 6 21 0], L_0000023887fead60, L_0000023887fecb60, L_0000023887febd00;
L_0000023887feaea0 .part v0000023887f714b0_0, 31, 1;
LS_0000023887febe40_0_0 .concat [ 1 1 1 1], L_0000023887feaea0, L_0000023887feaea0, L_0000023887feaea0, L_0000023887feaea0;
LS_0000023887febe40_0_4 .concat [ 1 1 1 1], L_0000023887feaea0, L_0000023887feaea0, L_0000023887feaea0, L_0000023887feaea0;
LS_0000023887febe40_0_8 .concat [ 1 1 1 1], L_0000023887feaea0, L_0000023887feaea0, L_0000023887feaea0, L_0000023887feaea0;
LS_0000023887febe40_0_12 .concat [ 1 1 1 1], L_0000023887feaea0, L_0000023887feaea0, L_0000023887feaea0, L_0000023887feaea0;
LS_0000023887febe40_0_16 .concat [ 1 1 1 1], L_0000023887feaea0, L_0000023887feaea0, L_0000023887feaea0, L_0000023887feaea0;
LS_0000023887febe40_1_0 .concat [ 4 4 4 4], LS_0000023887febe40_0_0, LS_0000023887febe40_0_4, LS_0000023887febe40_0_8, LS_0000023887febe40_0_12;
LS_0000023887febe40_1_4 .concat [ 4 0 0 0], LS_0000023887febe40_0_16;
L_0000023887febe40 .concat [ 16 4 0 0], LS_0000023887febe40_1_0, LS_0000023887febe40_1_4;
L_0000023887feafe0 .part v0000023887f714b0_0, 7, 1;
L_0000023887feb1c0 .part v0000023887f714b0_0, 25, 6;
L_0000023887feb260 .part v0000023887f714b0_0, 8, 4;
LS_0000023887feb3a0_0_0 .concat [ 1 4 6 1], L_0000023887f84048, L_0000023887feb260, L_0000023887feb1c0, L_0000023887feafe0;
LS_0000023887feb3a0_0_4 .concat [ 20 0 0 0], L_0000023887febe40;
L_0000023887feb3a0 .concat [ 12 20 0 0], LS_0000023887feb3a0_0_0, LS_0000023887feb3a0_0_4;
L_0000023887feba80 .part v0000023887f714b0_0, 12, 20;
L_0000023887feb4e0 .concat [ 12 20 0 0], L_0000023887f84090, L_0000023887feba80;
L_0000023887fecca0 .part v0000023887f714b0_0, 31, 1;
LS_0000023887fecd40_0_0 .concat [ 1 1 1 1], L_0000023887fecca0, L_0000023887fecca0, L_0000023887fecca0, L_0000023887fecca0;
LS_0000023887fecd40_0_4 .concat [ 1 1 1 1], L_0000023887fecca0, L_0000023887fecca0, L_0000023887fecca0, L_0000023887fecca0;
LS_0000023887fecd40_0_8 .concat [ 1 1 1 1], L_0000023887fecca0, L_0000023887fecca0, L_0000023887fecca0, L_0000023887fecca0;
L_0000023887fecd40 .concat [ 4 4 4 0], LS_0000023887fecd40_0_0, LS_0000023887fecd40_0_4, LS_0000023887fecd40_0_8;
L_0000023887fea5e0 .part v0000023887f714b0_0, 12, 8;
L_0000023887fecde0 .part v0000023887f714b0_0, 20, 1;
L_0000023887fee320 .part v0000023887f714b0_0, 21, 10;
LS_0000023887fee5a0_0_0 .concat [ 1 10 1 8], L_0000023887f840d8, L_0000023887fee320, L_0000023887fecde0, L_0000023887fea5e0;
LS_0000023887fee5a0_0_4 .concat [ 12 0 0 0], L_0000023887fecd40;
L_0000023887fee5a0 .concat [ 20 12 0 0], LS_0000023887fee5a0_0_0, LS_0000023887fee5a0_0_4;
L_0000023887feebe0 .part L_0000023887feb760, 0, 1;
L_0000023887fed920 .part L_0000023887feb760, 1, 1;
L_0000023887fee960 .part L_0000023887feb760, 2, 1;
L_0000023887feea00 .part L_0000023887feb760, 3, 1;
L_0000023887fedf60 .part L_0000023887feb760, 4, 1;
L_0000023887feed20 .part L_0000023887feb760, 5, 1;
L_0000023887fef180 .functor MUXZ 32, L_0000023887f84120, L_0000023887fee5a0, L_0000023887feed20, C4<>;
L_0000023887fee280 .functor MUXZ 32, L_0000023887fef180, L_0000023887feb4e0, L_0000023887fedf60, C4<>;
L_0000023887fee820 .functor MUXZ 32, L_0000023887fee280, L_0000023887feb3a0, L_0000023887feea00, C4<>;
L_0000023887feeaa0 .functor MUXZ 32, L_0000023887fee820, L_0000023887feae00, L_0000023887fee960, C4<>;
L_0000023887fedce0 .functor MUXZ 32, L_0000023887feeaa0, L_0000023887fec2a0, L_0000023887fed920, C4<>;
L_0000023887fedc40 .functor MUXZ 32, L_0000023887fedce0, L_0000023887f84000, L_0000023887feebe0, C4<>;
S_0000023887ccdf50 .scope module, "rf_rw" "rf" 5 88, 7 8 0, S_00000238878afcf0;
 .timescale -9 -12;
    .port_info 0 /INPUT 1 "i_clk";
    .port_info 1 /INPUT 1 "i_rst";
    .port_info 2 /INPUT 5 "i_rs1_raddr";
    .port_info 3 /OUTPUT 32 "o_rs1_rdata";
    .port_info 4 /INPUT 5 "i_rs2_raddr";
    .port_info 5 /OUTPUT 32 "o_rs2_rdata";
    .port_info 6 /INPUT 1 "i_rd_wen";
    .port_info 7 /INPUT 5 "i_rd_waddr";
    .port_info 8 /INPUT 32 "i_rd_wdata";
P_0000023887ed3b00 .param/l "BYPASS_EN" 0 7 17, +C4<00000000000000000000000000000001>;
L_0000023887f83c58 .functor BUFT 1, C4<1>, C4<0>, C4<0>, C4<0>;
L_0000023887e90600 .functor AND 1, L_0000023887f83c58, L_0000023888013310, C4<1>, C4<1>;
L_0000023887e92040 .functor AND 1, L_0000023887e90600, L_0000023887fec840, C4<1>, C4<1>;
L_0000023887e906e0 .functor AND 1, L_0000023887e92040, L_0000023887feb9e0, C4<1>, C4<1>;
L_0000023887f83ce8 .functor BUFT 1, C4<1>, C4<0>, C4<0>, C4<0>;
L_0000023887e915c0 .functor AND 1, L_0000023887f83ce8, L_0000023888013310, C4<1>, C4<1>;
L_0000023887e90a60 .functor AND 1, L_0000023887e915c0, L_0000023887feca20, C4<1>, C4<1>;
L_0000023887e90e50 .functor AND 1, L_0000023887e90a60, L_0000023887feb800, C4<1>, C4<1>;
v0000023887f51c70_0 .net/2u *"_ivl_0", 0 0, L_0000023887f83c58;  1 drivers
v0000023887f53390_0 .net *"_ivl_10", 0 0, L_0000023887feb9e0;  1 drivers
v0000023887f52350_0 .net/2u *"_ivl_14", 0 0, L_0000023887f83ce8;  1 drivers
v0000023887f52030_0 .net *"_ivl_17", 0 0, L_0000023887e915c0;  1 drivers
L_0000023887f83d30 .functor BUFT 1, C4<00000>, C4<0>, C4<0>, C4<0>;
v0000023887f537f0_0 .net/2u *"_ivl_18", 4 0, L_0000023887f83d30;  1 drivers
v0000023887f511d0_0 .net *"_ivl_20", 0 0, L_0000023887feca20;  1 drivers
v0000023887f51270_0 .net *"_ivl_23", 0 0, L_0000023887e90a60;  1 drivers
v0000023887f51310_0 .net *"_ivl_24", 0 0, L_0000023887feb800;  1 drivers
L_0000023887f83d78 .functor BUFT 1, C4<00000000000000000000000000000000>, C4<0>, C4<0>, C4<0>;
v0000023887f52170_0 .net/2u *"_ivl_28", 31 0, L_0000023887f83d78;  1 drivers
v0000023887f518b0_0 .net *"_ivl_3", 0 0, L_0000023887e90600;  1 drivers
L_0000023887f83dc0 .functor BUFT 1, C4<00000>, C4<0>, C4<0>, C4<0>;
v0000023887f523f0_0 .net/2u *"_ivl_30", 4 0, L_0000023887f83dc0;  1 drivers
v0000023887f52e90_0 .net *"_ivl_32", 0 0, L_0000023887febbc0;  1 drivers
L_0000023887f83e08 .functor BUFT 1, C4<00000000000000000000000000000000>, C4<0>, C4<0>, C4<0>;
v0000023887f520d0_0 .net/2u *"_ivl_34", 31 0, L_0000023887f83e08;  1 drivers
v0000023887f52ad0_0 .net *"_ivl_36", 31 0, L_0000023887febb20;  1 drivers
v0000023887f513b0_0 .net *"_ivl_38", 6 0, L_0000023887fec700;  1 drivers
L_0000023887f83ca0 .functor BUFT 1, C4<00000>, C4<0>, C4<0>, C4<0>;
v0000023887f51450_0 .net/2u *"_ivl_4", 4 0, L_0000023887f83ca0;  1 drivers
L_0000023887f83e50 .functor BUFT 1, C4<00>, C4<0>, C4<0>, C4<0>;
v0000023887f51950_0 .net *"_ivl_41", 1 0, L_0000023887f83e50;  1 drivers
v0000023887f514f0_0 .net *"_ivl_42", 31 0, L_0000023887febc60;  1 drivers
v0000023887f51590_0 .net *"_ivl_44", 31 0, L_0000023887fec7a0;  1 drivers
L_0000023887f83e98 .functor BUFT 1, C4<00000000000000000000000000000000>, C4<0>, C4<0>, C4<0>;
v0000023887f52530_0 .net/2u *"_ivl_48", 31 0, L_0000023887f83e98;  1 drivers
L_0000023887f83ee0 .functor BUFT 1, C4<00000>, C4<0>, C4<0>, C4<0>;
v0000023887f528f0_0 .net/2u *"_ivl_50", 4 0, L_0000023887f83ee0;  1 drivers
v0000023887f52b70_0 .net *"_ivl_52", 0 0, L_0000023887feb120;  1 drivers
L_0000023887f83f28 .functor BUFT 1, C4<00000000000000000000000000000000>, C4<0>, C4<0>, C4<0>;
v0000023887f52c10_0 .net/2u *"_ivl_54", 31 0, L_0000023887f83f28;  1 drivers
v0000023887f519f0_0 .net *"_ivl_56", 31 0, L_0000023887fea860;  1 drivers
v0000023887f51a90_0 .net *"_ivl_58", 6 0, L_0000023887feb080;  1 drivers
v0000023887f51630_0 .net *"_ivl_6", 0 0, L_0000023887fec840;  1 drivers
L_0000023887f83f70 .functor BUFT 1, C4<00>, C4<0>, C4<0>, C4<0>;
v0000023887f516d0_0 .net *"_ivl_61", 1 0, L_0000023887f83f70;  1 drivers
v0000023887f52d50_0 .net *"_ivl_62", 31 0, L_0000023887fec8e0;  1 drivers
v0000023887f52f30_0 .net *"_ivl_64", 31 0, L_0000023887feac20;  1 drivers
v0000023887f51770_0 .net *"_ivl_9", 0 0, L_0000023887e92040;  1 drivers
v0000023887f51d10_0 .net "i_clk", 0 0, v0000023887f79110_0;  alias, 1 drivers
v0000023887f53070_0 .net "i_rd_waddr", 4 0, v0000023887f73ad0_0;  alias, 1 drivers
v0000023887f51e50_0 .net "i_rd_wdata", 31 0, L_0000023887ff2560;  alias, 1 drivers
v0000023887f51ef0_0 .net "i_rd_wen", 0 0, L_0000023888013310;  alias, 1 drivers
v0000023887f54010_0 .net "i_rs1_raddr", 4 0, L_0000023887fea720;  alias, 1 drivers
v0000023887f539d0_0 .net "i_rs2_raddr", 4 0, L_0000023887febda0;  alias, 1 drivers
v0000023887f53930_0 .net "i_rst", 0 0, v0000023887f7d490_0;  alias, 1 drivers
v0000023887f55f50_0 .net "o_rs1_rdata", 31 0, L_0000023887feb8a0;  alias, 1 drivers
v0000023887f55ff0_0 .net "o_rs2_rdata", 31 0, L_0000023887fec200;  alias, 1 drivers
v0000023887f53bb0 .array "regs", 31 0, 31 0;
v0000023887f55af0_0 .net "rs1_bypass_hit", 0 0, L_0000023887e906e0;  1 drivers
v0000023887f53890_0 .net "rs2_bypass_hit", 0 0, L_0000023887e90e50;  1 drivers
L_0000023887fec840 .cmp/ne 5, v0000023887f73ad0_0, L_0000023887f83ca0;
L_0000023887feb9e0 .cmp/eq 5, L_0000023887fea720, v0000023887f73ad0_0;
L_0000023887feca20 .cmp/ne 5, v0000023887f73ad0_0, L_0000023887f83d30;
L_0000023887feb800 .cmp/eq 5, L_0000023887febda0, v0000023887f73ad0_0;
L_0000023887febbc0 .cmp/eq 5, L_0000023887fea720, L_0000023887f83dc0;
L_0000023887febb20 .array/port v0000023887f53bb0, L_0000023887fec700;
L_0000023887fec700 .concat [ 5 2 0 0], L_0000023887fea720, L_0000023887f83e50;
L_0000023887febc60 .functor MUXZ 32, L_0000023887febb20, L_0000023887ff2560, L_0000023887e906e0, C4<>;
L_0000023887fec7a0 .functor MUXZ 32, L_0000023887febc60, L_0000023887f83e08, L_0000023887febbc0, C4<>;
L_0000023887feb8a0 .functor MUXZ 32, L_0000023887fec7a0, L_0000023887f83d78, v0000023887f7d490_0, C4<>;
L_0000023887feb120 .cmp/eq 5, L_0000023887febda0, L_0000023887f83ee0;
L_0000023887fea860 .array/port v0000023887f53bb0, L_0000023887feb080;
L_0000023887feb080 .concat [ 5 2 0 0], L_0000023887febda0, L_0000023887f83f70;
L_0000023887fec8e0 .functor MUXZ 32, L_0000023887fea860, L_0000023887ff2560, L_0000023887e90e50, C4<>;
L_0000023887feac20 .functor MUXZ 32, L_0000023887fec8e0, L_0000023887f83f28, L_0000023887feb120, C4<>;
L_0000023887fec200 .functor MUXZ 32, L_0000023887feac20, L_0000023887f83e98, v0000023887f7d490_0, C4<>;
S_0000023887ccf480 .scope module, "u_execute" "execute" 3 675, 8 1 0, S_0000023887ce6280;
 .timescale -9 -12;
    .port_info 0 /INPUT 3 "AluOp";
    .port_info 1 /INPUT 3 "Func3";
    .port_info 2 /INPUT 7 "Func7";
    .port_info 3 /INPUT 7 "opcode";
    .port_info 4 /INPUT 32 "Operand1";
    .port_info 5 /INPUT 32 "Operand2";
    .port_info 6 /OUTPUT 32 "AluResult";
    .port_info 7 /OUTPUT 1 "ALUeq";
    .port_info 8 /OUTPUT 1 "ALUslt";
v0000023887f50410_0 .net "ALUeq", 0 0, L_0000023887ff13e0;  alias, 1 drivers
v0000023887f4ed90_0 .net "ALUslt", 0 0, L_000002388800e890;  alias, 1 drivers
v0000023887f50550_0 .net "AluControl_arith", 0 0, v0000023887f50c30_0;  1 drivers
v0000023887f50730_0 .net "AluControl_opsel", 2 0, v0000023887f4ff10_0;  1 drivers
v0000023887f507d0_0 .net "AluControl_sub", 0 0, v0000023887f4ffb0_0;  1 drivers
v0000023887f5bd00_0 .net "AluControl_unsigned", 0 0, v0000023887f4fd30_0;  1 drivers
v0000023887f5db00_0 .net "AluOp", 2 0, v0000023887f68510_0;  1 drivers
v0000023887f5d9c0_0 .net "AluResult", 31 0, v0000023887f4fe70_0;  alias, 1 drivers
v0000023887f5c660_0 .net "Func3", 2 0, v0000023887f69cd0_0;  1 drivers
v0000023887f5dd80_0 .net "Func7", 6 0, v0000023887f68e70_0;  1 drivers
v0000023887f5c980_0 .net "Operand1", 31 0, L_0000023887fed6a0;  alias, 1 drivers
v0000023887f5ca20_0 .net "Operand2", 31 0, L_0000023887fed7e0;  alias, 1 drivers
v0000023887f5bee0_0 .net "opcode", 6 0, v0000023887f69a50_0;  1 drivers
S_0000023887ccf610 .scope module, "u_alu" "alu" 8 42, 9 8 0, S_0000023887ccf480;
 .timescale -9 -12;
    .port_info 0 /INPUT 3 "i_opsel";
    .port_info 1 /INPUT 1 "i_sub";
    .port_info 2 /INPUT 1 "i_unsigned";
    .port_info 3 /INPUT 1 "i_arith";
    .port_info 4 /INPUT 32 "i_op1";
    .port_info 5 /INPUT 32 "i_op2";
    .port_info 6 /OUTPUT 32 "o_result";
    .port_info 7 /OUTPUT 1 "o_eq";
    .port_info 8 /OUTPUT 1 "o_slt";
L_000002388800e430 .functor NOT 1, L_0000023887fef720, C4<0>, C4<0>, C4<0>;
L_000002388800e7b0 .functor AND 1, L_0000023887fedb00, L_000002388800e430, C4<1>, C4<1>;
L_000002388800e200 .functor XOR 1, L_0000023887fefd60, L_0000023887ff1660, C4<0>, C4<0>;
L_000002388800e350 .functor NOT 1, L_000002388800e200, C4<0>, C4<0>, C4<0>;
L_000002388800e2e0 .functor AND 1, L_000002388800e350, L_0000023887feda60, C4<1>, C4<1>;
L_000002388800e820 .functor OR 1, L_000002388800e7b0, L_000002388800e2e0, C4<0>, C4<0>;
L_000002388800e580 .functor AND 1, v0000023887f4fd30_0, L_0000023887feda60, C4<1>, C4<1>;
L_000002388800e3c0 .functor NOT 1, v0000023887f4fd30_0, C4<0>, C4<0>, C4<0>;
L_000002388800e510 .functor AND 1, L_000002388800e3c0, L_000002388800e820, C4<1>, C4<1>;
L_000002388800e890 .functor OR 1, L_000002388800e580, L_000002388800e510, C4<0>, C4<0>;
v0000023887f50d70_0 .net *"_ivl_10", 0 0, L_000002388800e7b0;  1 drivers
v0000023887f4f970_0 .net *"_ivl_13", 0 0, L_0000023887fefd60;  1 drivers
v0000023887f4f0b0_0 .net *"_ivl_15", 0 0, L_0000023887ff1660;  1 drivers
v0000023887f50190_0 .net *"_ivl_16", 0 0, L_000002388800e200;  1 drivers
v0000023887f50ff0_0 .net *"_ivl_18", 0 0, L_000002388800e350;  1 drivers
v0000023887f509b0_0 .net *"_ivl_20", 0 0, L_000002388800e2e0;  1 drivers
v0000023887f4f470_0 .net *"_ivl_26", 0 0, L_000002388800e580;  1 drivers
v0000023887f4ec50_0 .net *"_ivl_28", 0 0, L_000002388800e3c0;  1 drivers
v0000023887f4eb10_0 .net *"_ivl_30", 0 0, L_000002388800e510;  1 drivers
v0000023887f50cd0_0 .net *"_ivl_5", 0 0, L_0000023887fedb00;  1 drivers
v0000023887f4fab0_0 .net *"_ivl_7", 0 0, L_0000023887fef720;  1 drivers
v0000023887f50050_0 .net *"_ivl_8", 0 0, L_000002388800e430;  1 drivers
v0000023887f4f830_0 .net "i_arith", 0 0, v0000023887f50c30_0;  alias, 1 drivers
v0000023887f50a50_0 .net "i_op1", 31 0, L_0000023887fed6a0;  alias, 1 drivers
v0000023887f4f650_0 .net "i_op2", 31 0, L_0000023887fed7e0;  alias, 1 drivers
v0000023887f4f510_0 .net "i_opsel", 2 0, v0000023887f4ff10_0;  alias, 1 drivers
v0000023887f4f5b0_0 .net "i_sub", 0 0, v0000023887f4ffb0_0;  alias, 1 drivers
v0000023887f4e930_0 .net "i_unsigned", 0 0, v0000023887f4fd30_0;  alias, 1 drivers
v0000023887f4fb50_0 .net "lt_signed", 0 0, L_000002388800e820;  1 drivers
v0000023887f4f6f0_0 .net "lt_unsigned", 0 0, L_0000023887feda60;  1 drivers
v0000023887f50b90_0 .net "o_eq", 0 0, L_0000023887ff13e0;  alias, 1 drivers
v0000023887f50f50_0 .net "o_result", 31 0, v0000023887f4fe70_0;  alias, 1 drivers
v0000023887f4fbf0_0 .net "o_slt", 0 0, L_000002388800e890;  alias, 1 drivers
v0000023887f4fe70_0 .var "result", 31 0;
v0000023887f4ecf0_0 .net "shamt", 4 0, L_0000023887fed880;  1 drivers
v0000023887f4fdd0_0 .var "sll_result", 31 0;
v0000023887f500f0_0 .var "sra_result", 31 0;
v0000023887f4fc90_0 .var "srl_result", 31 0;
E_0000023887ed44c0/0 .event anyedge, v0000023887f4f510_0, v0000023887f4f5b0_0, v0000023887f50a50_0, v0000023887f4f650_0;
E_0000023887ed44c0/1 .event anyedge, v0000023887f4fdd0_0, v0000023887f4fbf0_0, v0000023887f4f830_0, v0000023887f4fc90_0;
E_0000023887ed44c0/2 .event anyedge, v0000023887f500f0_0;
E_0000023887ed44c0 .event/or E_0000023887ed44c0/0, E_0000023887ed44c0/1, E_0000023887ed44c0/2;
E_0000023887ed4640 .event anyedge, v0000023887f4ecf0_0, v0000023887f50a50_0;
L_0000023887fed880 .part L_0000023887fed7e0, 0, 5;
L_0000023887feda60 .cmp/gt 32, L_0000023887fed7e0, L_0000023887fed6a0;
L_0000023887fedb00 .part L_0000023887fed6a0, 31, 1;
L_0000023887fef720 .part L_0000023887fed7e0, 31, 1;
L_0000023887fefd60 .part L_0000023887fed6a0, 31, 1;
L_0000023887ff1660 .part L_0000023887fed7e0, 31, 1;
L_0000023887ff13e0 .cmp/eq 32, L_0000023887fed6a0, L_0000023887fed7e0;
S_0000023887880b70 .scope module, "u_alu_control_unit" "alu_control_unit" 8 28, 10 1 0, S_0000023887ccf480;
 .timescale -9 -12;
    .port_info 0 /INPUT 3 "AluOp";
    .port_info 1 /INPUT 3 "Func3";
    .port_info 2 /INPUT 7 "Func7";
    .port_info 3 /INPUT 7 "opcode";
    .port_info 4 /OUTPUT 3 "AluControl_opsel";
    .port_info 5 /OUTPUT 1 "AluControl_sub";
    .port_info 6 /OUTPUT 1 "AluControl_unsigned";
    .port_info 7 /OUTPUT 1 "AluControl_arith";
v0000023887f50c30_0 .var "AluControl_arith", 0 0;
v0000023887f4ff10_0 .var "AluControl_opsel", 2 0;
v0000023887f4ffb0_0 .var "AluControl_sub", 0 0;
v0000023887f4fd30_0 .var "AluControl_unsigned", 0 0;
v0000023887f50e10_0 .net "AluOp", 2 0, v0000023887f68510_0;  alias, 1 drivers
v0000023887f50370_0 .net "Func3", 2 0, v0000023887f69cd0_0;  alias, 1 drivers
v0000023887f50690_0 .net "Func7", 6 0, v0000023887f68e70_0;  alias, 1 drivers
v0000023887f50eb0_0 .net "opcode", 6 0, v0000023887f69a50_0;  alias, 1 drivers
E_0000023887ed3780 .event anyedge, v0000023887f50e10_0, v0000023887f50eb0_0, v0000023887f50370_0, v0000023887f50690_0;
S_0000023887880d00 .scope module, "u_icache" "cache" 3 468, 4 3 0, S_0000023887ce6280;
 .timescale -9 -12;
    .port_info 0 /INPUT 1 "i_clk";
    .port_info 1 /INPUT 1 "i_rst";
    .port_info 2 /INPUT 1 "i_mem_ready";
    .port_info 3 /OUTPUT 32 "o_mem_addr";
    .port_info 4 /OUTPUT 1 "o_mem_ren";
    .port_info 5 /OUTPUT 1 "o_mem_wen";
    .port_info 6 /OUTPUT 32 "o_mem_wdata";
    .port_info 7 /INPUT 32 "i_mem_rdata";
    .port_info 8 /INPUT 1 "i_mem_valid";
    .port_info 9 /OUTPUT 1 "o_busy";
    .port_info 10 /INPUT 32 "i_req_addr";
    .port_info 11 /INPUT 1 "i_req_ren";
    .port_info 12 /INPUT 1 "i_req_wen";
    .port_info 13 /INPUT 4 "i_req_mask";
    .port_info 14 /INPUT 32 "i_req_wdata";
    .port_info 15 /OUTPUT 32 "o_res_rdata";
P_0000023887d1ae60 .param/l "D" 1 4 80, +C4<00000000000000000000000000000100>;
P_0000023887d1ae98 .param/l "DEPTH" 1 4 77, +C4<00000000000000000000000000100000>;
P_0000023887d1aed0 .param/l "O" 1 4 75, +C4<00000000000000000000000000000100>;
P_0000023887d1af08 .param/l "S" 1 4 76, +C4<00000000000000000000000000000101>;
P_0000023887d1af40 .param/l "STATE_IDLE" 1 4 95, C4<00>;
P_0000023887d1af78 .param/l "STATE_REFILL_REQ" 1 4 96, C4<01>;
P_0000023887d1afb0 .param/l "STATE_REFILL_WAIT" 1 4 97, C4<10>;
P_0000023887d1afe8 .param/l "STATE_WRITE_REQ" 1 4 98, C4<11>;
P_0000023887d1b020 .param/l "T" 1 4 79, +C4<0000000000000000000000000000010111>;
P_0000023887d1b058 .param/l "W" 1 4 78, +C4<00000000000000000000000000000010>;
L_0000023887e92cf0 .functor AND 1, L_0000023887f7b050, L_0000023887f7bff0, C4<1>, C4<1>;
L_0000023887e924a0 .functor AND 1, L_0000023887f7c770, L_0000023887f7c450, C4<1>, C4<1>;
L_0000023887e92510 .functor OR 1, L_0000023887e92cf0, L_0000023887e924a0, C4<0>, C4<0>;
L_0000023887e939a0 .functor BUFZ 32, L_0000023887f7b230, C4<00000000000000000000000000000000>, C4<00000000000000000000000000000000>, C4<00000000000000000000000000000000>;
L_0000023887e92970 .functor BUFZ 32, L_0000023887f7c590, C4<00000000000000000000000000000000>, C4<00000000000000000000000000000000>, C4<00000000000000000000000000000000>;
L_0000023887e93770 .functor NOT 1, L_0000023887e92510, C4<0>, C4<0>, C4<0>;
L_0000023887e92d60 .functor AND 1, L_0000023887e911d0, L_0000023887e93770, C4<1>, C4<1>;
L_0000023887e92580 .functor NOT 1, L_0000023887e92510, C4<0>, C4<0>, C4<0>;
L_0000023887f82980 .functor BUFT 1, C4<0>, C4<0>, C4<0>, C4<0>;
L_0000023887e92ba0 .functor AND 1, L_0000023887f82980, L_0000023887e92580, C4<1>, C4<1>;
L_0000023887e925f0 .functor NOT 1, L_0000023887f7b050, C4<0>, C4<0>, C4<0>;
L_0000023887e93af0 .functor NOT 1, L_0000023887f7c770, C4<0>, C4<0>, C4<0>;
L_0000023887e92a50 .functor BUFZ 1, L_0000023887e924a0, C4<0>, C4<0>, C4<0>;
L_0000023887e93540 .functor OR 32, L_0000023887f7b370, L_0000023887f7b410, C4<00000000000000000000000000000000>, C4<00000000000000000000000000000000>;
L_0000023887f82398 .functor BUFT 1, C4<0>, C4<0>, C4<0>, C4<0>;
L_0000023887e92890 .functor XNOR 1, v0000023887f59320_0, L_0000023887f82398, C4<0>, C4<0>;
L_0000023887e937e0 .functor AND 1, L_0000023887f82980, L_0000023887e92510, C4<1>, C4<1>;
L_0000023887e92dd0 .functor AND 1, L_0000023887e937e0, L_0000023888013d20, C4<1>, C4<1>;
L_0000023887e938c0 .functor AND 1, L_0000023887f82980, L_0000023887e92510, C4<1>, C4<1>;
L_0000023887e926d0 .functor NOT 1, L_0000023888013d20, C4<0>, C4<0>, C4<0>;
L_0000023887e93c40 .functor AND 1, L_0000023887e938c0, L_0000023887e926d0, C4<1>, C4<1>;
L_0000023887e92740 .functor AND 1, L_0000023887f7f650, L_0000023888013d20, C4<1>, C4<1>;
L_0000023887e92820 .functor AND 1, L_0000023887f7f0b0, L_0000023888013d20, C4<1>, C4<1>;
L_0000023887e932a0 .functor OR 1, L_0000023887e92820, L_0000023887e92dd0, C4<0>, C4<0>;
L_0000023887e92e40 .functor OR 1, L_0000023887f7e750, L_0000023887e92d60, C4<0>, C4<0>;
L_0000023887e92900 .functor OR 1, L_0000023887e92e40, L_0000023887e92ba0, C4<0>, C4<0>;
L_0000023887e92f20 .functor OR 1, L_0000023887e92900, L_0000023887e93c40, C4<0>, C4<0>;
L_0000023887e93700 .functor BUFZ 32, L_0000023887f7b5f0, C4<00000000000000000000000000000000>, C4<00000000000000000000000000000000>, C4<00000000000000000000000000000000>;
v0000023887f5bc60_0 .net *"_ivl_100", 12 0, L_0000023887f7d2b0;  1 drivers
L_0000023887f82158 .functor BUFT 1, C4<00000000000000000000000000000000>, C4<0>, C4<0>, C4<0>;
v0000023887f5d380_0 .net/2u *"_ivl_104", 31 0, L_0000023887f82158;  1 drivers
v0000023887f5ba80_0 .net *"_ivl_106", 31 0, L_0000023887f7c1d0;  1 drivers
L_0000023887f81cd8 .functor BUFT 1, C4<00>, C4<0>, C4<0>, C4<0>;
v0000023887f5c840_0 .net *"_ivl_11", 1 0, L_0000023887f81cd8;  1 drivers
v0000023887f5d880_0 .net *"_ivl_110", 0 0, L_0000023887e93770;  1 drivers
v0000023887f5c020_0 .net *"_ivl_114", 0 0, L_0000023887e92580;  1 drivers
v0000023887f5be40_0 .net *"_ivl_118", 0 0, L_0000023887e925f0;  1 drivers
L_0000023887f821a0 .functor BUFT 1, C4<0>, C4<0>, C4<0>, C4<0>;
v0000023887f5bb20_0 .net/2u *"_ivl_120", 0 0, L_0000023887f821a0;  1 drivers
v0000023887f5bbc0_0 .net *"_ivl_122", 0 0, L_0000023887e93af0;  1 drivers
L_0000023887f821e8 .functor BUFT 1, C4<1>, C4<0>, C4<0>, C4<0>;
v0000023887f5c160_0 .net/2u *"_ivl_124", 0 0, L_0000023887f821e8;  1 drivers
v0000023887f5d7e0_0 .net *"_ivl_126", 0 0, L_0000023887f7ad30;  1 drivers
v0000023887f5cac0_0 .net *"_ivl_128", 6 0, L_0000023887f7add0;  1 drivers
L_0000023887f82230 .functor BUFT 1, C4<00>, C4<0>, C4<0>, C4<0>;
v0000023887f5de20_0 .net *"_ivl_131", 1 0, L_0000023887f82230;  1 drivers
v0000023887f5d920_0 .net *"_ivl_132", 0 0, L_0000023887f7ae70;  1 drivers
L_0000023887f82278 .functor BUFT 1, C4<0000>, C4<0>, C4<0>, C4<0>;
v0000023887f5cf20_0 .net/2u *"_ivl_138", 3 0, L_0000023887f82278;  1 drivers
v0000023887f5cde0_0 .net *"_ivl_14", 1 0, L_0000023887f7b190;  1 drivers
L_0000023887f822c0 .functor BUFT 1, C4<0000000000000000000000000000>, C4<0>, C4<0>, C4<0>;
v0000023887f5c0c0_0 .net/2u *"_ivl_142", 27 0, L_0000023887f822c0;  1 drivers
L_0000023887f82308 .functor BUFT 1, C4<00>, C4<0>, C4<0>, C4<0>;
v0000023887f5c340_0 .net/2u *"_ivl_144", 1 0, L_0000023887f82308;  1 drivers
v0000023887f5b8a0_0 .net *"_ivl_146", 31 0, L_0000023887f7b410;  1 drivers
L_0000023887f82350 .functor BUFT 1, C4<00>, C4<0>, C4<0>, C4<0>;
v0000023887f5c520_0 .net/2u *"_ivl_150", 1 0, L_0000023887f82350;  1 drivers
v0000023887f5c5c0_0 .net/2u *"_ivl_156", 0 0, L_0000023887f82398;  1 drivers
v0000023887f5d6a0_0 .net *"_ivl_158", 0 0, L_0000023887e92890;  1 drivers
v0000023887f5da60_0 .net *"_ivl_16", 6 0, L_0000023887f7d170;  1 drivers
v0000023887f5c3e0_0 .net *"_ivl_160", 31 0, L_0000023887f7b910;  1 drivers
v0000023887f5c200_0 .net *"_ivl_162", 9 0, L_0000023887f7b9b0;  1 drivers
L_0000023887f823e0 .functor BUFT 1, C4<00000>, C4<0>, C4<0>, C4<0>;
v0000023887f5dba0_0 .net *"_ivl_165", 4 0, L_0000023887f823e0;  1 drivers
v0000023887f5dec0_0 .net *"_ivl_166", 11 0, L_0000023887f7ba50;  1 drivers
L_0000023887f82428 .functor BUFT 1, C4<00>, C4<0>, C4<0>, C4<0>;
v0000023887f5d560_0 .net *"_ivl_169", 1 0, L_0000023887f82428;  1 drivers
L_0000023887f82470 .functor BUFT 1, C4<000000000100>, C4<0>, C4<0>, C4<0>;
v0000023887f5d600_0 .net/2u *"_ivl_170", 11 0, L_0000023887f82470;  1 drivers
v0000023887f5d740_0 .net *"_ivl_173", 11 0, L_0000023887f7baf0;  1 drivers
v0000023887f5c2a0_0 .net *"_ivl_174", 3 0, L_0000023887f7bb90;  1 drivers
L_0000023887f824b8 .functor BUFT 1, C4<00>, C4<0>, C4<0>, C4<0>;
v0000023887f5dc40_0 .net *"_ivl_177", 1 0, L_0000023887f824b8;  1 drivers
L_0000023887f82500 .functor BUFT 1, C4<0>, C4<0>, C4<0>, C4<0>;
v0000023887f5cb60_0 .net *"_ivl_180", 0 0, L_0000023887f82500;  1 drivers
v0000023887f5b940_0 .net *"_ivl_181", 12 0, L_0000023887f7c310;  1 drivers
L_0000023887f82548 .functor BUFT 1, C4<000000000>, C4<0>, C4<0>, C4<0>;
v0000023887f5dce0_0 .net *"_ivl_184", 8 0, L_0000023887f82548;  1 drivers
v0000023887f5ce80_0 .net *"_ivl_185", 12 0, L_0000023887f7c3b0;  1 drivers
v0000023887f5df60_0 .net *"_ivl_186", 12 0, L_0000023887f7c630;  1 drivers
v0000023887f5e000_0 .net *"_ivl_188", 31 0, L_0000023887f7c6d0;  1 drivers
L_0000023887f81d20 .functor BUFT 1, C4<00>, C4<0>, C4<0>, C4<0>;
v0000023887f5b9e0_0 .net *"_ivl_19", 1 0, L_0000023887f81d20;  1 drivers
v0000023887f5d060_0 .net *"_ivl_190", 9 0, L_0000023887f7c810;  1 drivers
L_0000023887f82590 .functor BUFT 1, C4<00000>, C4<0>, C4<0>, C4<0>;
v0000023887f5c480_0 .net *"_ivl_193", 4 0, L_0000023887f82590;  1 drivers
v0000023887f5cc00_0 .net *"_ivl_194", 11 0, L_0000023887f7ed90;  1 drivers
L_0000023887f825d8 .functor BUFT 1, C4<00>, C4<0>, C4<0>, C4<0>;
v0000023887f5d1a0_0 .net *"_ivl_197", 1 0, L_0000023887f825d8;  1 drivers
L_0000023887f82620 .functor BUFT 1, C4<000000000100>, C4<0>, C4<0>, C4<0>;
v0000023887f5c700_0 .net/2u *"_ivl_198", 11 0, L_0000023887f82620;  1 drivers
v0000023887f5cca0_0 .net *"_ivl_201", 11 0, L_0000023887f7ec50;  1 drivers
v0000023887f5cd40_0 .net *"_ivl_202", 3 0, L_0000023887f7d850;  1 drivers
L_0000023887f82668 .functor BUFT 1, C4<00>, C4<0>, C4<0>, C4<0>;
v0000023887f5cfc0_0 .net *"_ivl_205", 1 0, L_0000023887f82668;  1 drivers
L_0000023887f826b0 .functor BUFT 1, C4<0>, C4<0>, C4<0>, C4<0>;
v0000023887f5d100_0 .net *"_ivl_208", 0 0, L_0000023887f826b0;  1 drivers
v0000023887f5d240_0 .net *"_ivl_209", 12 0, L_0000023887f7e9d0;  1 drivers
L_0000023887f826f8 .functor BUFT 1, C4<000000000>, C4<0>, C4<0>, C4<0>;
v0000023887f5e460_0 .net *"_ivl_212", 8 0, L_0000023887f826f8;  1 drivers
v0000023887f5e140_0 .net *"_ivl_213", 12 0, L_0000023887f7f1f0;  1 drivers
v0000023887f5e1e0_0 .net *"_ivl_214", 12 0, L_0000023887f7e4d0;  1 drivers
v0000023887f5e280_0 .net *"_ivl_22", 22 0, L_0000023887f7cdb0;  1 drivers
v0000023887f5e320_0 .net *"_ivl_220", 0 0, L_0000023887e937e0;  1 drivers
v0000023887f5e780_0 .net *"_ivl_224", 0 0, L_0000023887e938c0;  1 drivers
v0000023887f5e640_0 .net *"_ivl_226", 0 0, L_0000023887e926d0;  1 drivers
L_0000023887f82740 .functor BUFT 1, C4<01>, C4<0>, C4<0>, C4<0>;
v0000023887f5e0a0_0 .net/2u *"_ivl_230", 1 0, L_0000023887f82740;  1 drivers
v0000023887f5e3c0_0 .net *"_ivl_232", 0 0, L_0000023887f7d8f0;  1 drivers
L_0000023887f82788 .functor BUFT 1, C4<11>, C4<0>, C4<0>, C4<0>;
v0000023887f5e5a0_0 .net/2u *"_ivl_234", 1 0, L_0000023887f82788;  1 drivers
v0000023887f5e500_0 .net *"_ivl_236", 0 0, L_0000023887f7d990;  1 drivers
L_0000023887f827d0 .functor BUFT 1, C4<00000000000000000000000000000000>, C4<0>, C4<0>, C4<0>;
v0000023887f5e6e0_0 .net/2u *"_ivl_238", 31 0, L_0000023887f827d0;  1 drivers
v0000023887f58ec0_0 .net *"_ivl_24", 6 0, L_0000023887f7c270;  1 drivers
v0000023887f57ca0_0 .net *"_ivl_240", 31 0, L_0000023887f7e570;  1 drivers
v0000023887f569e0_0 .net *"_ivl_242", 31 0, L_0000023887f7f330;  1 drivers
L_0000023887f82818 .functor BUFT 1, C4<01>, C4<0>, C4<0>, C4<0>;
v0000023887f58060_0 .net/2u *"_ivl_246", 1 0, L_0000023887f82818;  1 drivers
v0000023887f58f60_0 .net *"_ivl_248", 0 0, L_0000023887f7f650;  1 drivers
L_0000023887f82860 .functor BUFT 1, C4<11>, C4<0>, C4<0>, C4<0>;
v0000023887f58a60_0 .net/2u *"_ivl_252", 1 0, L_0000023887f82860;  1 drivers
v0000023887f57de0_0 .net *"_ivl_254", 0 0, L_0000023887f7f0b0;  1 drivers
v0000023887f57840_0 .net *"_ivl_256", 0 0, L_0000023887e92820;  1 drivers
L_0000023887f828a8 .functor BUFT 1, C4<11>, C4<0>, C4<0>, C4<0>;
v0000023887f568a0_0 .net/2u *"_ivl_260", 1 0, L_0000023887f828a8;  1 drivers
v0000023887f56d00_0 .net *"_ivl_262", 0 0, L_0000023887f7da30;  1 drivers
L_0000023887f828f0 .functor BUFT 1, C4<00000000000000000000000000000000>, C4<0>, C4<0>, C4<0>;
v0000023887f57200_0 .net/2u *"_ivl_264", 31 0, L_0000023887f828f0;  1 drivers
v0000023887f58880_0 .net *"_ivl_266", 31 0, L_0000023887f7f150;  1 drivers
L_0000023887f81d68 .functor BUFT 1, C4<00>, C4<0>, C4<0>, C4<0>;
v0000023887f586a0_0 .net *"_ivl_27", 1 0, L_0000023887f81d68;  1 drivers
L_0000023887f82938 .functor BUFT 1, C4<00>, C4<0>, C4<0>, C4<0>;
v0000023887f57a20_0 .net/2u *"_ivl_270", 1 0, L_0000023887f82938;  1 drivers
v0000023887f56ee0_0 .net *"_ivl_272", 0 0, L_0000023887f7e750;  1 drivers
v0000023887f58420_0 .net *"_ivl_274", 0 0, L_0000023887e92e40;  1 drivers
v0000023887f577a0_0 .net *"_ivl_276", 0 0, L_0000023887e92900;  1 drivers
v0000023887f57c00_0 .net *"_ivl_28", 0 0, L_0000023887f7bff0;  1 drivers
v0000023887f570c0_0 .net *"_ivl_32", 22 0, L_0000023887f7ce50;  1 drivers
v0000023887f582e0_0 .net *"_ivl_34", 6 0, L_0000023887f7be10;  1 drivers
L_0000023887f81db0 .functor BUFT 1, C4<00>, C4<0>, C4<0>, C4<0>;
v0000023887f584c0_0 .net *"_ivl_37", 1 0, L_0000023887f81db0;  1 drivers
v0000023887f58ba0_0 .net *"_ivl_38", 0 0, L_0000023887f7c450;  1 drivers
v0000023887f57700_0 .net *"_ivl_44", 31 0, L_0000023887f7b230;  1 drivers
v0000023887f59000_0 .net *"_ivl_46", 9 0, L_0000023887f7cf90;  1 drivers
L_0000023887f81df8 .functor BUFT 1, C4<00000>, C4<0>, C4<0>, C4<0>;
v0000023887f57480_0 .net *"_ivl_49", 4 0, L_0000023887f81df8;  1 drivers
v0000023887f56c60_0 .net *"_ivl_50", 11 0, L_0000023887f7d210;  1 drivers
L_0000023887f81e40 .functor BUFT 1, C4<00>, C4<0>, C4<0>, C4<0>;
v0000023887f58e20_0 .net *"_ivl_53", 1 0, L_0000023887f81e40;  1 drivers
L_0000023887f81e88 .functor BUFT 1, C4<000000000100>, C4<0>, C4<0>, C4<0>;
v0000023887f57e80_0 .net/2u *"_ivl_54", 11 0, L_0000023887f81e88;  1 drivers
v0000023887f57160_0 .net *"_ivl_57", 11 0, L_0000023887f7c090;  1 drivers
v0000023887f578e0_0 .net *"_ivl_58", 3 0, L_0000023887f7b7d0;  1 drivers
v0000023887f58920_0 .net *"_ivl_6", 1 0, L_0000023887f7bc30;  1 drivers
L_0000023887f81ed0 .functor BUFT 1, C4<00>, C4<0>, C4<0>, C4<0>;
v0000023887f57020_0 .net *"_ivl_61", 1 0, L_0000023887f81ed0;  1 drivers
L_0000023887f81f18 .functor BUFT 1, C4<0>, C4<0>, C4<0>, C4<0>;
v0000023887f56940_0 .net *"_ivl_64", 0 0, L_0000023887f81f18;  1 drivers
v0000023887f58ce0_0 .net *"_ivl_65", 12 0, L_0000023887f7d030;  1 drivers
L_0000023887f81f60 .functor BUFT 1, C4<000000000>, C4<0>, C4<0>, C4<0>;
v0000023887f58b00_0 .net *"_ivl_68", 8 0, L_0000023887f81f60;  1 drivers
v0000023887f57980_0 .net *"_ivl_69", 12 0, L_0000023887f7c4f0;  1 drivers
v0000023887f57ac0_0 .net *"_ivl_70", 12 0, L_0000023887f7d3f0;  1 drivers
v0000023887f56a80_0 .net *"_ivl_74", 31 0, L_0000023887f7c590;  1 drivers
v0000023887f56f80_0 .net *"_ivl_76", 9 0, L_0000023887f7bd70;  1 drivers
L_0000023887f81fa8 .functor BUFT 1, C4<00000>, C4<0>, C4<0>, C4<0>;
v0000023887f58380_0 .net *"_ivl_79", 4 0, L_0000023887f81fa8;  1 drivers
v0000023887f57b60_0 .net *"_ivl_8", 6 0, L_0000023887f7afb0;  1 drivers
v0000023887f57d40_0 .net *"_ivl_80", 11 0, L_0000023887f7d0d0;  1 drivers
L_0000023887f81ff0 .functor BUFT 1, C4<00>, C4<0>, C4<0>, C4<0>;
v0000023887f56b20_0 .net *"_ivl_83", 1 0, L_0000023887f81ff0;  1 drivers
L_0000023887f82038 .functor BUFT 1, C4<000000000100>, C4<0>, C4<0>, C4<0>;
v0000023887f572a0_0 .net/2u *"_ivl_84", 11 0, L_0000023887f82038;  1 drivers
v0000023887f57f20_0 .net *"_ivl_87", 11 0, L_0000023887f7b2d0;  1 drivers
v0000023887f58560_0 .net *"_ivl_88", 3 0, L_0000023887f7c130;  1 drivers
L_0000023887f82080 .functor BUFT 1, C4<00>, C4<0>, C4<0>, C4<0>;
v0000023887f57fc0_0 .net *"_ivl_91", 1 0, L_0000023887f82080;  1 drivers
L_0000023887f820c8 .functor BUFT 1, C4<0>, C4<0>, C4<0>, C4<0>;
v0000023887f58600_0 .net *"_ivl_94", 0 0, L_0000023887f820c8;  1 drivers
v0000023887f58c40_0 .net *"_ivl_95", 12 0, L_0000023887f7b550;  1 drivers
L_0000023887f82110 .functor BUFT 1, C4<000000000>, C4<0>, C4<0>, C4<0>;
v0000023887f575c0_0 .net *"_ivl_98", 8 0, L_0000023887f82110;  1 drivers
v0000023887f56bc0_0 .net *"_ivl_99", 12 0, L_0000023887f7c950;  1 drivers
v0000023887f589c0 .array "datas0", 127 0, 31 0;
v0000023887f57340 .array "datas1", 127 0, 31 0;
v0000023887f58100_0 .net "hit", 0 0, L_0000023887e92510;  1 drivers
v0000023887f56da0_0 .net "hit_rword", 31 0, L_0000023887f7b5f0;  1 drivers
v0000023887f56e40_0 .net "i_clk", 0 0, v0000023887f79110_0;  alias, 1 drivers
v0000023887f581a0_0 .net "i_mem_rdata", 31 0, L_0000023888013cb0;  alias, 1 drivers
v0000023887f58d80_0 .net "i_mem_ready", 0 0, L_0000023888013d20;  alias, 1 drivers
v0000023887f573e0_0 .net "i_mem_valid", 0 0, L_00000238880135b0;  alias, 1 drivers
v0000023887f57520_0 .net "i_req_addr", 31 0, L_0000023887fec480;  alias, 1 drivers
L_0000023887f829c8 .functor BUFT 1, C4<1111>, C4<0>, C4<0>, C4<0>;
v0000023887f57660_0 .net "i_req_mask", 3 0, L_0000023887f829c8;  1 drivers
v0000023887f58240_0 .net "i_req_ren", 0 0, L_0000023887e911d0;  alias, 1 drivers
L_0000023887f82a10 .functor BUFT 1, C4<00000000000000000000000000000000>, C4<0>, C4<0>, C4<0>;
v0000023887f58740_0 .net "i_req_wdata", 31 0, L_0000023887f82a10;  1 drivers
v0000023887f587e0_0 .net "i_req_wen", 0 0, L_0000023887f82980;  1 drivers
v0000023887f5b760_0 .net "i_rst", 0 0, v0000023887f7d490_0;  alias, 1 drivers
v0000023887f5b580 .array "lru", 0 31, 0 0;
v0000023887f5b080_0 .net "merged_write_word", 31 0, L_0000023887f7b870;  1 drivers
v0000023887f591e0_0 .var "miss_is_write_cur", 0 0;
v0000023887f5a180_0 .net "miss_line_addr", 31 0, L_0000023887f7b370;  1 drivers
v0000023887f596e0_0 .var "miss_mask_cur", 3 0;
v0000023887f590a0_0 .net "miss_merged_write_word", 31 0, L_0000023887f7f010;  1 drivers
v0000023887f59280_0 .var "miss_set_cur", 4 0;
v0000023887f59e60_0 .var "miss_tag_cur", 22 0;
v0000023887f59820_0 .net "miss_victim_way", 0 0, L_0000023887f7af10;  1 drivers
v0000023887f59320_0 .var "miss_victim_way_cur", 0 0;
v0000023887f598c0_0 .net "miss_way_rword", 31 0, L_0000023887f7e2f0;  1 drivers
v0000023887f5b6c0_0 .var "miss_wdata_cur", 31 0;
v0000023887f5b260_0 .net "miss_word_addr", 31 0, L_0000023887f7b690;  1 drivers
v0000023887f5a5e0_0 .var "miss_word_cur", 1 0;
v0000023887f5b300_0 .net "o_busy", 0 0, L_0000023887e92f20;  alias, 1 drivers
v0000023887f59140_0 .net "o_mem_addr", 31 0, L_0000023887f7db70;  alias, 1 drivers
v0000023887f59500_0 .net "o_mem_ren", 0 0, L_0000023887e92740;  alias, 1 drivers
v0000023887f59a00_0 .net "o_mem_wdata", 31 0, L_0000023887f7dd50;  alias, 1 drivers
v0000023887f5b120_0 .net "o_mem_wen", 0 0, L_0000023887e932a0;  alias, 1 drivers
v0000023887f59b40_0 .net "o_res_rdata", 31 0, L_0000023887e93700;  alias, 1 drivers
v0000023887f595a0_0 .net "read_miss", 0 0, L_0000023887e92d60;  1 drivers
v0000023887f5b620_0 .net "refill_word_addr", 31 0, L_0000023887e93540;  1 drivers
v0000023887f59640_0 .var "refill_word_cur", 1 0;
v0000023887f5a900_0 .net "req_set", 4 0, L_0000023887f7bcd0;  1 drivers
v0000023887f5b1c0_0 .net "req_tag", 22 0, L_0000023887f7ca90;  1 drivers
v0000023887f59960_0 .net "req_word", 1 0, L_0000023887f7b4b0;  1 drivers
v0000023887f5aae0_0 .var/i "set_idx", 31 0;
v0000023887f5ac20_0 .var "state_cur", 1 0;
v0000023887f5b3a0 .array "tags0", 0 31, 22 0;
v0000023887f59f00 .array "tags1", 0 31, 22 0;
v0000023887f5af40 .array "valid", 0 31, 1 0;
v0000023887f5a9a0_0 .net "way0_hit", 0 0, L_0000023887e92cf0;  1 drivers
v0000023887f59c80_0 .net "way0_rword", 31 0, L_0000023887e939a0;  1 drivers
v0000023887f59460_0 .net "way0_valid", 0 0, L_0000023887f7b050;  1 drivers
v0000023887f5b440_0 .net "way1_hit", 0 0, L_0000023887e924a0;  1 drivers
v0000023887f5ab80_0 .net "way1_rword", 31 0, L_0000023887e92970;  1 drivers
v0000023887f5a680_0 .net "way1_valid", 0 0, L_0000023887f7c770;  1 drivers
v0000023887f59aa0_0 .var/i "word_idx", 31 0;
v0000023887f59fa0_0 .net "write_hit_fire", 0 0, L_0000023887e92dd0;  1 drivers
v0000023887f593c0_0 .net "write_hit_stall", 0 0, L_0000023887e93c40;  1 drivers
v0000023887f59780_0 .net "write_hit_way", 0 0, L_0000023887e92a50;  1 drivers
v0000023887f59be0_0 .net "write_miss", 0 0, L_0000023887e92ba0;  1 drivers
L_0000023887f7ca90 .part L_0000023887fec480, 9, 23;
L_0000023887f7bcd0 .part L_0000023887fec480, 4, 5;
L_0000023887f7b4b0 .part L_0000023887fec480, 2, 2;
L_0000023887f7bc30 .array/port v0000023887f5af40, L_0000023887f7afb0;
L_0000023887f7afb0 .concat [ 5 2 0 0], L_0000023887f7bcd0, L_0000023887f81cd8;
L_0000023887f7b050 .part L_0000023887f7bc30, 0, 1;
L_0000023887f7b190 .array/port v0000023887f5af40, L_0000023887f7d170;
L_0000023887f7d170 .concat [ 5 2 0 0], L_0000023887f7bcd0, L_0000023887f81d20;
L_0000023887f7c770 .part L_0000023887f7b190, 1, 1;
L_0000023887f7cdb0 .array/port v0000023887f5b3a0, L_0000023887f7c270;
L_0000023887f7c270 .concat [ 5 2 0 0], L_0000023887f7bcd0, L_0000023887f81d68;
L_0000023887f7bff0 .cmp/eq 23, L_0000023887f7cdb0, L_0000023887f7ca90;
L_0000023887f7ce50 .array/port v0000023887f59f00, L_0000023887f7be10;
L_0000023887f7be10 .concat [ 5 2 0 0], L_0000023887f7bcd0, L_0000023887f81db0;
L_0000023887f7c450 .cmp/eq 23, L_0000023887f7ce50, L_0000023887f7ca90;
L_0000023887f7b230 .array/port v0000023887f589c0, L_0000023887f7d3f0;
L_0000023887f7cf90 .concat [ 5 5 0 0], L_0000023887f7bcd0, L_0000023887f81df8;
L_0000023887f7d210 .concat [ 10 2 0 0], L_0000023887f7cf90, L_0000023887f81e40;
L_0000023887f7c090 .arith/mult 12, L_0000023887f7d210, L_0000023887f81e88;
L_0000023887f7b7d0 .concat [ 2 2 0 0], L_0000023887f7b4b0, L_0000023887f81ed0;
L_0000023887f7d030 .concat [ 12 1 0 0], L_0000023887f7c090, L_0000023887f81f18;
L_0000023887f7c4f0 .concat [ 4 9 0 0], L_0000023887f7b7d0, L_0000023887f81f60;
L_0000023887f7d3f0 .arith/sum 13, L_0000023887f7d030, L_0000023887f7c4f0;
L_0000023887f7c590 .array/port v0000023887f57340, L_0000023887f7d2b0;
L_0000023887f7bd70 .concat [ 5 5 0 0], L_0000023887f7bcd0, L_0000023887f81fa8;
L_0000023887f7d0d0 .concat [ 10 2 0 0], L_0000023887f7bd70, L_0000023887f81ff0;
L_0000023887f7b2d0 .arith/mult 12, L_0000023887f7d0d0, L_0000023887f82038;
L_0000023887f7c130 .concat [ 2 2 0 0], L_0000023887f7b4b0, L_0000023887f82080;
L_0000023887f7b550 .concat [ 12 1 0 0], L_0000023887f7b2d0, L_0000023887f820c8;
L_0000023887f7c950 .concat [ 4 9 0 0], L_0000023887f7c130, L_0000023887f82110;
L_0000023887f7d2b0 .arith/sum 13, L_0000023887f7b550, L_0000023887f7c950;
L_0000023887f7c1d0 .functor MUXZ 32, L_0000023887f82158, L_0000023887e92970, L_0000023887e924a0, C4<>;
L_0000023887f7b5f0 .functor MUXZ 32, L_0000023887f7c1d0, L_0000023887e939a0, L_0000023887e92cf0, C4<>;
L_0000023887f7ad30 .array/port v0000023887f5b580, L_0000023887f7add0;
L_0000023887f7add0 .concat [ 5 2 0 0], L_0000023887f7bcd0, L_0000023887f82230;
L_0000023887f7ae70 .functor MUXZ 1, L_0000023887f7ad30, L_0000023887f821e8, L_0000023887e93af0, C4<>;
L_0000023887f7af10 .functor MUXZ 1, L_0000023887f7ae70, L_0000023887f821a0, L_0000023887e925f0, C4<>;
L_0000023887f7b370 .concat [ 4 5 23 0], L_0000023887f82278, v0000023887f59280_0, v0000023887f59e60_0;
L_0000023887f7b410 .concat [ 2 2 28 0], L_0000023887f82308, v0000023887f59640_0, L_0000023887f822c0;
L_0000023887f7b690 .concat [ 2 2 5 23], L_0000023887f82350, v0000023887f5a5e0_0, v0000023887f59280_0, v0000023887f59e60_0;
L_0000023887f7b870 .ufunc/vec4 TD_unit_hart_tb.dut.u_icache.apply_mask, 32, L_0000023887f7b5f0, L_0000023887f82a10, L_0000023887f829c8 (v0000023887f5d420_0, v0000023887f5d2e0_0, v0000023887f5bf80_0) S_0000023887d1b0a0;
L_0000023887f7b910 .array/port v0000023887f589c0, L_0000023887f7c630;
L_0000023887f7b9b0 .concat [ 5 5 0 0], v0000023887f59280_0, L_0000023887f823e0;
L_0000023887f7ba50 .concat [ 10 2 0 0], L_0000023887f7b9b0, L_0000023887f82428;
L_0000023887f7baf0 .arith/mult 12, L_0000023887f7ba50, L_0000023887f82470;
L_0000023887f7bb90 .concat [ 2 2 0 0], v0000023887f5a5e0_0, L_0000023887f824b8;
L_0000023887f7c310 .concat [ 12 1 0 0], L_0000023887f7baf0, L_0000023887f82500;
L_0000023887f7c3b0 .concat [ 4 9 0 0], L_0000023887f7bb90, L_0000023887f82548;
L_0000023887f7c630 .arith/sum 13, L_0000023887f7c310, L_0000023887f7c3b0;
L_0000023887f7c6d0 .array/port v0000023887f57340, L_0000023887f7e4d0;
L_0000023887f7c810 .concat [ 5 5 0 0], v0000023887f59280_0, L_0000023887f82590;
L_0000023887f7ed90 .concat [ 10 2 0 0], L_0000023887f7c810, L_0000023887f825d8;
L_0000023887f7ec50 .arith/mult 12, L_0000023887f7ed90, L_0000023887f82620;
L_0000023887f7d850 .concat [ 2 2 0 0], v0000023887f5a5e0_0, L_0000023887f82668;
L_0000023887f7e9d0 .concat [ 12 1 0 0], L_0000023887f7ec50, L_0000023887f826b0;
L_0000023887f7f1f0 .concat [ 4 9 0 0], L_0000023887f7d850, L_0000023887f826f8;
L_0000023887f7e4d0 .arith/sum 13, L_0000023887f7e9d0, L_0000023887f7f1f0;
L_0000023887f7e2f0 .functor MUXZ 32, L_0000023887f7c6d0, L_0000023887f7b910, L_0000023887e92890, C4<>;
L_0000023887f7f010 .ufunc/vec4 TD_unit_hart_tb.dut.u_icache.apply_mask, 32, L_0000023887f7e2f0, v0000023887f5b6c0_0, v0000023887f596e0_0 (v0000023887f5d420_0, v0000023887f5d2e0_0, v0000023887f5bf80_0) S_0000023887d1b0a0;
L_0000023887f7d8f0 .cmp/eq 2, v0000023887f5ac20_0, L_0000023887f82740;
L_0000023887f7d990 .cmp/eq 2, v0000023887f5ac20_0, L_0000023887f82788;
L_0000023887f7e570 .functor MUXZ 32, L_0000023887f827d0, L_0000023887fec480, L_0000023887e92dd0, C4<>;
L_0000023887f7f330 .functor MUXZ 32, L_0000023887f7e570, L_0000023887f7b690, L_0000023887f7d990, C4<>;
L_0000023887f7db70 .functor MUXZ 32, L_0000023887f7f330, L_0000023887e93540, L_0000023887f7d8f0, C4<>;
L_0000023887f7f650 .cmp/eq 2, v0000023887f5ac20_0, L_0000023887f82818;
L_0000023887f7f0b0 .cmp/eq 2, v0000023887f5ac20_0, L_0000023887f82860;
L_0000023887f7da30 .cmp/eq 2, v0000023887f5ac20_0, L_0000023887f828a8;
L_0000023887f7f150 .functor MUXZ 32, L_0000023887f828f0, L_0000023887f7b870, L_0000023887e92dd0, C4<>;
L_0000023887f7dd50 .functor MUXZ 32, L_0000023887f7f150, L_0000023887f7f010, L_0000023887f7da30, C4<>;
L_0000023887f7e750 .cmp/ne 2, v0000023887f5ac20_0, L_0000023887f82938;
S_0000023887d1b0a0 .scope function.vec4.s32, "apply_mask" "apply_mask" 4 118, 4 118 0, S_0000023887880d00;
 .timescale -9 -12;
; Variable apply_mask is vec4 return value of scope S_0000023887d1b0a0
v0000023887f5c7a0_0 .var "byte_mask", 31 0;
v0000023887f5bf80_0 .var "mask", 3 0;
v0000023887f5d2e0_0 .var "new_word", 31 0;
v0000023887f5d420_0 .var "old_word", 31 0;
TD_unit_hart_tb.dut.u_icache.apply_mask ;
    %load/vec4 v0000023887f5bf80_0;
    %store/vec4 v0000023887f5c8e0_0, 0, 4;
    %callf/vec4 TD_unit_hart_tb.dut.u_icache.expand_mask, S_0000023887cea710;
    %store/vec4 v0000023887f5c7a0_0, 0, 32;
    %load/vec4 v0000023887f5d420_0;
    %load/vec4 v0000023887f5c7a0_0;
    %inv;
    %and;
    %load/vec4 v0000023887f5d2e0_0;
    %load/vec4 v0000023887f5c7a0_0;
    %and;
    %or;
    %ret/vec4 0, 0, 32;  Assign to apply_mask (store_vec4_to_lval)
    %end;
S_0000023887cea710 .scope function.vec4.s32, "expand_mask" "expand_mask" 4 111, 4 111 0, S_0000023887880d00;
 .timescale -9 -12;
; Variable expand_mask is vec4 return value of scope S_0000023887cea710
v0000023887f5c8e0_0 .var "mask", 3 0;
TD_unit_hart_tb.dut.u_icache.expand_mask ;
    %load/vec4 v0000023887f5c8e0_0;
    %parti/s 1, 3, 3;
    %replicate 8;
    %load/vec4 v0000023887f5c8e0_0;
    %parti/s 1, 2, 3;
    %replicate 8;
    %concat/vec4; draw_concat_vec4
    %load/vec4 v0000023887f5c8e0_0;
    %parti/s 1, 1, 2;
    %replicate 8;
    %concat/vec4; draw_concat_vec4
    %load/vec4 v0000023887f5c8e0_0;
    %parti/s 1, 0, 2;
    %replicate 8;
    %concat/vec4; draw_concat_vec4
    %ret/vec4 0, 0, 32;  Assign to expand_mask (store_vec4_to_lval)
    %end;
S_0000023887cea8a0 .scope module, "u_memory" "dmem_access" 3 747, 11 1 0, S_0000023887ce6280;
 .timescale -9 -12;
    .port_info 0 /INPUT 32 "EffAddr";
    .port_info 1 /INPUT 32 "StoreData";
    .port_info 2 /INPUT 3 "Func3";
    .port_info 3 /INPUT 1 "MemRead";
    .port_info 4 /INPUT 1 "MemWrite";
    .port_info 5 /INPUT 32 "i_dmem_rdata";
    .port_info 6 /OUTPUT 32 "o_dmem_addr";
    .port_info 7 /OUTPUT 4 "o_dmem_mask";
    .port_info 8 /OUTPUT 32 "o_dmem_wdata";
    .port_info 9 /OUTPUT 1 "o_dmem_ren";
    .port_info 10 /OUTPUT 1 "o_dmem_wen";
    .port_info 11 /OUTPUT 32 "LoadData";
    .port_info 12 /OUTPUT 1 "MisalignTrap";
L_000002388800b250 .functor OR 1, L_0000023887ff06c0, L_0000023887ff1520, C4<0>, C4<0>;
L_000002388800c590 .functor AND 1, L_000002388800aca0, L_0000023887ff0800, C4<1>, C4<1>;
L_000002388800b790 .functor AND 1, L_000002388800c210, L_0000023887ff01c0, C4<1>, C4<1>;
L_000002388800bfe0 .functor OR 1, L_000002388800c590, L_000002388800b790, C4<0>, C4<0>;
L_000002388800ad80 .functor NOT 1, L_000002388800bfe0, C4<0>, C4<0>, C4<0>;
L_000002388800b2c0 .functor AND 1, L_000002388800aca0, L_000002388800ad80, C4<1>, C4<1>;
L_000002388800c2f0 .functor NOT 1, L_000002388800bfe0, C4<0>, C4<0>, C4<0>;
L_000002388800b1e0 .functor AND 1, L_000002388800c210, L_000002388800c2f0, C4<1>, C4<1>;
L_000002388800aa00 .functor OR 1, L_000002388800aca0, L_000002388800c210, C4<0>, C4<0>;
L_000002388800aa70 .functor AND 4, L_0000023887ff08a0, v0000023887f60560_0, C4<1111>, C4<1111>;
L_000002388800b4f0 .functor AND 32, L_0000023887ff18e0, v0000023887f5fd40_0, C4<11111111111111111111111111111111>, C4<11111111111111111111111111111111>;
L_000002388800bd40 .functor NOT 1, L_000002388800bfe0, C4<0>, C4<0>, C4<0>;
L_000002388800b5d0 .functor AND 1, L_000002388800aca0, L_000002388800bd40, C4<1>, C4<1>;
L_000002388800b480 .functor AND 32, L_0000023887ff1c00, v0000023887f616e0_0, C4<11111111111111111111111111111111>, C4<11111111111111111111111111111111>;
v0000023887f5a4a0_0 .net "EffAddr", 31 0, v0000023887f6f270_0;  1 drivers
v0000023887f59d20_0 .net "Func3", 2 0, v0000023887f6d470_0;  1 drivers
v0000023887f59dc0_0 .net "LoadData", 31 0, L_000002388800b480;  alias, 1 drivers
v0000023887f5a040_0 .net "MemRead", 0 0, L_000002388800aca0;  alias, 1 drivers
v0000023887f5aea0_0 .net "MemWrite", 0 0, L_000002388800c210;  alias, 1 drivers
v0000023887f5b4e0_0 .net "MisalignTrap", 0 0, L_000002388800bfe0;  alias, 1 drivers
v0000023887f5a0e0_0 .net "StoreData", 31 0, L_0000023887fefae0;  alias, 1 drivers
v0000023887f5a220_0 .net *"_ivl_11", 1 0, L_0000023887feffe0;  1 drivers
L_0000023887f84d38 .functor BUFT 1, C4<001>, C4<0>, C4<0>, C4<0>;
v0000023887f5b800_0 .net/2u *"_ivl_14", 2 0, L_0000023887f84d38;  1 drivers
v0000023887f5a860_0 .net *"_ivl_16", 0 0, L_0000023887ff06c0;  1 drivers
L_0000023887f84d80 .functor BUFT 1, C4<101>, C4<0>, C4<0>, C4<0>;
v0000023887f5ad60_0 .net/2u *"_ivl_18", 2 0, L_0000023887f84d80;  1 drivers
v0000023887f5acc0_0 .net *"_ivl_20", 0 0, L_0000023887ff1520;  1 drivers
v0000023887f5a720_0 .net *"_ivl_22", 0 0, L_000002388800b250;  1 drivers
L_0000023887f84dc8 .functor BUFT 1, C4<010>, C4<0>, C4<0>, C4<0>;
v0000023887f5a2c0_0 .net/2u *"_ivl_24", 2 0, L_0000023887f84dc8;  1 drivers
v0000023887f5ae00_0 .net *"_ivl_26", 0 0, L_0000023887ff1200;  1 drivers
L_0000023887f84e10 .functor BUFT 1, C4<0>, C4<0>, C4<0>, C4<0>;
v0000023887f5afe0_0 .net/2u *"_ivl_28", 0 0, L_0000023887f84e10;  1 drivers
v0000023887f5a360_0 .net *"_ivl_3", 29 0, L_0000023887fefb80;  1 drivers
v0000023887f5a400_0 .net *"_ivl_30", 0 0, L_0000023887ff0120;  1 drivers
v0000023887f5a540_0 .net *"_ivl_32", 0 0, L_0000023887ff0800;  1 drivers
L_0000023887f84e58 .functor BUFT 1, C4<001>, C4<0>, C4<0>, C4<0>;
v0000023887f5a7c0_0 .net/2u *"_ivl_36", 2 0, L_0000023887f84e58;  1 drivers
v0000023887f5aa40_0 .net *"_ivl_38", 0 0, L_0000023887ff0760;  1 drivers
L_0000023887f84cf0 .functor BUFT 1, C4<00>, C4<0>, C4<0>, C4<0>;
v0000023887f607e0_0 .net/2u *"_ivl_4", 1 0, L_0000023887f84cf0;  1 drivers
L_0000023887f84ea0 .functor BUFT 1, C4<010>, C4<0>, C4<0>, C4<0>;
v0000023887f5fe80_0 .net/2u *"_ivl_40", 2 0, L_0000023887f84ea0;  1 drivers
v0000023887f61460_0 .net *"_ivl_42", 0 0, L_0000023887ff15c0;  1 drivers
L_0000023887f84ee8 .functor BUFT 1, C4<0>, C4<0>, C4<0>, C4<0>;
v0000023887f5f340_0 .net/2u *"_ivl_44", 0 0, L_0000023887f84ee8;  1 drivers
v0000023887f601a0_0 .net *"_ivl_46", 0 0, L_0000023887ff17a0;  1 drivers
v0000023887f5f160_0 .net *"_ivl_48", 0 0, L_0000023887ff01c0;  1 drivers
v0000023887f60060_0 .net *"_ivl_54", 0 0, L_000002388800ad80;  1 drivers
v0000023887f61320_0 .net *"_ivl_58", 0 0, L_000002388800c2f0;  1 drivers
v0000023887f611e0_0 .net *"_ivl_62", 0 0, L_000002388800aa00;  1 drivers
v0000023887f5ff20_0 .net *"_ivl_64", 3 0, L_0000023887ff08a0;  1 drivers
v0000023887f61780_0 .net *"_ivl_68", 31 0, L_0000023887ff18e0;  1 drivers
v0000023887f60ba0_0 .net *"_ivl_76", 0 0, L_000002388800bd40;  1 drivers
v0000023887f604c0_0 .net *"_ivl_78", 0 0, L_000002388800b5d0;  1 drivers
v0000023887f61140_0 .net *"_ivl_80", 31 0, L_0000023887ff1c00;  1 drivers
v0000023887f5fb60_0 .net "byte_offset", 1 0, L_0000023887ff0080;  1 drivers
v0000023887f5ffc0_0 .net "i_dmem_rdata", 31 0, L_0000023887e94340;  alias, 1 drivers
v0000023887f616e0_0 .var "loaddata_dec", 31 0;
v0000023887f60560_0 .var "mask_dec", 3 0;
v0000023887f5f200_0 .net "misalign_half", 0 0, L_0000023887ff0580;  1 drivers
v0000023887f5f8e0_0 .net "misalign_load", 0 0, L_000002388800c590;  1 drivers
v0000023887f5f2a0_0 .net "misalign_store", 0 0, L_000002388800b790;  1 drivers
v0000023887f61820_0 .net "misalign_word", 0 0, L_0000023887ff1480;  1 drivers
v0000023887f61280_0 .net "o_dmem_addr", 31 0, L_0000023887feff40;  alias, 1 drivers
v0000023887f60600_0 .net "o_dmem_mask", 3 0, L_000002388800aa70;  alias, 1 drivers
v0000023887f613c0_0 .net "o_dmem_ren", 0 0, L_000002388800b2c0;  alias, 1 drivers
v0000023887f5f0c0_0 .net "o_dmem_wdata", 31 0, L_000002388800b4f0;  alias, 1 drivers
v0000023887f5f520_0 .net "o_dmem_wen", 0 0, L_000002388800b1e0;  alias, 1 drivers
v0000023887f5fa20_0 .net "rbyte", 7 0, L_0000023887ff1ac0;  1 drivers
v0000023887f610a0_0 .var "rdata_shifted", 31 0;
v0000023887f60ec0_0 .net "rhalf", 15 0, L_0000023887ff1b60;  1 drivers
v0000023887f60240_0 .var "sb_data", 31 0;
v0000023887f5f700_0 .var "sh_data", 31 0;
v0000023887f5fd40_0 .var "store_data_dec", 31 0;
E_0000023887ed4540 .event anyedge, v0000023887f59d20_0, v0000023887f5fa20_0, v0000023887f60ec0_0, v0000023887f610a0_0;
E_0000023887ed4380 .event anyedge, v0000023887f5fb60_0, v0000023887f4b330_0;
E_0000023887ed3f80 .event anyedge, v0000023887f59d20_0, v0000023887f60240_0, v0000023887f5f700_0, v0000023887f5a0e0_0;
E_0000023887ed3f40 .event anyedge, v0000023887f5fb60_0, v0000023887f5a0e0_0;
E_0000023887ed3980 .event anyedge, v0000023887f59d20_0, v0000023887f5fb60_0;
L_0000023887ff0080 .part v0000023887f6f270_0, 0, 2;
L_0000023887fefb80 .part v0000023887f6f270_0, 2, 30;
L_0000023887feff40 .concat [ 2 30 0 0], L_0000023887f84cf0, L_0000023887fefb80;
L_0000023887ff0580 .part v0000023887f6f270_0, 0, 1;
L_0000023887feffe0 .part v0000023887f6f270_0, 0, 2;
L_0000023887ff1480 .reduce/or L_0000023887feffe0;
L_0000023887ff06c0 .cmp/eq 3, v0000023887f6d470_0, L_0000023887f84d38;
L_0000023887ff1520 .cmp/eq 3, v0000023887f6d470_0, L_0000023887f84d80;
L_0000023887ff1200 .cmp/eq 3, v0000023887f6d470_0, L_0000023887f84dc8;
L_0000023887ff0120 .functor MUXZ 1, L_0000023887f84e10, L_0000023887ff1480, L_0000023887ff1200, C4<>;
L_0000023887ff0800 .functor MUXZ 1, L_0000023887ff0120, L_0000023887ff0580, L_000002388800b250, C4<>;
L_0000023887ff0760 .cmp/eq 3, v0000023887f6d470_0, L_0000023887f84e58;
L_0000023887ff15c0 .cmp/eq 3, v0000023887f6d470_0, L_0000023887f84ea0;
L_0000023887ff17a0 .functor MUXZ 1, L_0000023887f84ee8, L_0000023887ff1480, L_0000023887ff15c0, C4<>;
L_0000023887ff01c0 .functor MUXZ 1, L_0000023887ff17a0, L_0000023887ff0580, L_0000023887ff0760, C4<>;
L_0000023887ff08a0 .concat [ 1 1 1 1], L_000002388800aa00, L_000002388800aa00, L_000002388800aa00, L_000002388800aa00;
LS_0000023887ff18e0_0_0 .concat [ 1 1 1 1], L_000002388800c210, L_000002388800c210, L_000002388800c210, L_000002388800c210;
LS_0000023887ff18e0_0_4 .concat [ 1 1 1 1], L_000002388800c210, L_000002388800c210, L_000002388800c210, L_000002388800c210;
LS_0000023887ff18e0_0_8 .concat [ 1 1 1 1], L_000002388800c210, L_000002388800c210, L_000002388800c210, L_000002388800c210;
LS_0000023887ff18e0_0_12 .concat [ 1 1 1 1], L_000002388800c210, L_000002388800c210, L_000002388800c210, L_000002388800c210;
LS_0000023887ff18e0_0_16 .concat [ 1 1 1 1], L_000002388800c210, L_000002388800c210, L_000002388800c210, L_000002388800c210;
LS_0000023887ff18e0_0_20 .concat [ 1 1 1 1], L_000002388800c210, L_000002388800c210, L_000002388800c210, L_000002388800c210;
LS_0000023887ff18e0_0_24 .concat [ 1 1 1 1], L_000002388800c210, L_000002388800c210, L_000002388800c210, L_000002388800c210;
LS_0000023887ff18e0_0_28 .concat [ 1 1 1 1], L_000002388800c210, L_000002388800c210, L_000002388800c210, L_000002388800c210;
LS_0000023887ff18e0_1_0 .concat [ 4 4 4 4], LS_0000023887ff18e0_0_0, LS_0000023887ff18e0_0_4, LS_0000023887ff18e0_0_8, LS_0000023887ff18e0_0_12;
LS_0000023887ff18e0_1_4 .concat [ 4 4 4 4], LS_0000023887ff18e0_0_16, LS_0000023887ff18e0_0_20, LS_0000023887ff18e0_0_24, LS_0000023887ff18e0_0_28;
L_0000023887ff18e0 .concat [ 16 16 0 0], LS_0000023887ff18e0_1_0, LS_0000023887ff18e0_1_4;
L_0000023887ff1ac0 .part v0000023887f610a0_0, 0, 8;
L_0000023887ff1b60 .part v0000023887f610a0_0, 0, 16;
LS_0000023887ff1c00_0_0 .concat [ 1 1 1 1], L_000002388800b5d0, L_000002388800b5d0, L_000002388800b5d0, L_000002388800b5d0;
LS_0000023887ff1c00_0_4 .concat [ 1 1 1 1], L_000002388800b5d0, L_000002388800b5d0, L_000002388800b5d0, L_000002388800b5d0;
LS_0000023887ff1c00_0_8 .concat [ 1 1 1 1], L_000002388800b5d0, L_000002388800b5d0, L_000002388800b5d0, L_000002388800b5d0;
LS_0000023887ff1c00_0_12 .concat [ 1 1 1 1], L_000002388800b5d0, L_000002388800b5d0, L_000002388800b5d0, L_000002388800b5d0;
LS_0000023887ff1c00_0_16 .concat [ 1 1 1 1], L_000002388800b5d0, L_000002388800b5d0, L_000002388800b5d0, L_000002388800b5d0;
LS_0000023887ff1c00_0_20 .concat [ 1 1 1 1], L_000002388800b5d0, L_000002388800b5d0, L_000002388800b5d0, L_000002388800b5d0;
LS_0000023887ff1c00_0_24 .concat [ 1 1 1 1], L_000002388800b5d0, L_000002388800b5d0, L_000002388800b5d0, L_000002388800b5d0;
LS_0000023887ff1c00_0_28 .concat [ 1 1 1 1], L_000002388800b5d0, L_000002388800b5d0, L_000002388800b5d0, L_000002388800b5d0;
LS_0000023887ff1c00_1_0 .concat [ 4 4 4 4], LS_0000023887ff1c00_0_0, LS_0000023887ff1c00_0_4, LS_0000023887ff1c00_0_8, LS_0000023887ff1c00_0_12;
LS_0000023887ff1c00_1_4 .concat [ 4 4 4 4], LS_0000023887ff1c00_0_16, LS_0000023887ff1c00_0_20, LS_0000023887ff1c00_0_24, LS_0000023887ff1c00_0_28;
L_0000023887ff1c00 .concat [ 16 16 0 0], LS_0000023887ff1c00_1_0, LS_0000023887ff1c00_1_4;
S_0000023887e7e860 .scope module, "u_writeback" "writeback" 3 820, 12 1 0, S_0000023887ce6280;
 .timescale -9 -12;
    .port_info 0 /INPUT 32 "AluResult";
    .port_info 1 /INPUT 32 "LoadData";
    .port_info 2 /INPUT 32 "pc_plus4";
    .port_info 3 /INPUT 32 "Offset";
    .port_info 4 /INPUT 1 "MemToReg";
    .port_info 5 /INPUT 1 "lui";
    .port_info 6 /INPUT 1 "Jump";
    .port_info 7 /OUTPUT 32 "WriteData";
v0000023887f60f60_0 .net "AluResult", 31 0, v0000023887f726d0_0;  1 drivers
v0000023887f5fca0_0 .net "Jump", 0 0, v0000023887f73fd0_0;  1 drivers
v0000023887f5f480_0 .net "LoadData", 31 0, v0000023887f753d0_0;  1 drivers
v0000023887f60c40_0 .net "MemToReg", 0 0, v0000023887f74f70_0;  1 drivers
v0000023887f606a0_0 .net "Offset", 31 0, v0000023887f75bf0_0;  1 drivers
v0000023887f5f980_0 .net "WriteData", 31 0, L_0000023887ff2560;  alias, 1 drivers
v0000023887f60ce0_0 .net *"_ivl_0", 31 0, L_0000023887ff3c80;  1 drivers
v0000023887f5f3e0_0 .net *"_ivl_2", 31 0, L_0000023887ff3aa0;  1 drivers
v0000023887f5f7a0_0 .net "lui", 0 0, v0000023887f756f0_0;  1 drivers
v0000023887f5f5c0_0 .net "pc_plus4", 31 0, v0000023887f742f0_0;  1 drivers
L_0000023887ff3c80 .functor MUXZ 32, v0000023887f726d0_0, v0000023887f753d0_0, v0000023887f74f70_0, C4<>;
L_0000023887ff3aa0 .functor MUXZ 32, L_0000023887ff3c80, v0000023887f75bf0_0, v0000023887f756f0_0, C4<>;
L_0000023887ff2560 .functor MUXZ 32, L_0000023887ff3aa0, v0000023887f742f0_0, v0000023887f73fd0_0, C4<>;
S_00000238879364a0 .scope module, "u_dmem" "memory" 2 88, 13 8 0, S_0000023887eefcd0;
 .timescale -9 -12;
    .port_info 0 /INPUT 1 "i_clk";
    .port_info 1 /INPUT 1 "i_rst";
    .port_info 2 /OUTPUT 1 "o_ready";
    .port_info 3 /INPUT 32 "i_addr";
    .port_info 4 /INPUT 1 "i_ren";
    .port_info 5 /INPUT 1 "i_wen";
    .port_info 6 /INPUT 4 "i_mask";
    .port_info 7 /INPUT 32 "i_wdata";
    .port_info 8 /OUTPUT 1 "o_valid";
    .port_info 9 /OUTPUT 32 "o_addr";
    .port_info 10 /OUTPUT 1 "o_wdone";
    .port_info 11 /OUTPUT 32 "o_rdata";
P_0000023887d20dc0 .param/l "INTERVAL" 0 13 14, +C4<00000000000000000000000000000010>;
P_0000023887d20df8 .param/l "LATENCY" 0 13 12, +C4<00000000000000000000000000000100>;
P_0000023887d20e30 .param/l "SIZE" 0 13 10, +C4<00000000000000000000000100000000>;
L_00000238880137e0 .functor NOT 1, v0000023887f7d490_0, C4<0>, C4<0>, C4<0>;
L_00000238880139a0 .functor AND 1, L_00000238880137e0, L_0000023887ff3b40, C4<1>, C4<1>;
v0000023887f77450_2 .array/port v0000023887f77450, 2;
L_0000023888013b60 .functor BUFZ 32, v0000023887f77450_2, C4<00000000000000000000000000000000>, C4<00000000000000000000000000000000>, C4<00000000000000000000000000000000>;
v0000023887f771d0_2 .array/port v0000023887f771d0, 2;
L_0000023888015610 .functor BUFZ 4, v0000023887f771d0_2, C4<0000>, C4<0000>, C4<0000>;
v0000023887f77630_2 .array/port v0000023887f77630, 2;
L_0000023888015ae0 .functor BUFZ 32, v0000023887f77630_2, C4<00000000000000000000000000000000>, C4<00000000000000000000000000000000>, C4<00000000000000000000000000000000>;
v0000023887f77450_3 .array/port v0000023887f77450, 3;
L_0000023888015f40 .functor BUFZ 32, v0000023887f77450_3, C4<00000000000000000000000000000000>, C4<00000000000000000000000000000000>, C4<00000000000000000000000000000000>;
v0000023887f773b0_3 .array/port v0000023887f773b0, 3;
L_0000023888014730 .functor BUFZ 1, v0000023887f773b0_3, C4<0>, C4<0>, C4<0>;
v0000023887f776d0_2 .array/port v0000023887f776d0, 2;
L_00000238880147a0 .functor BUFZ 1, v0000023887f776d0_2, C4<0>, C4<0>, C4<0>;
L_0000023888014ea0 .functor BUFZ 32, L_0000023887ff3dc0, C4<00000000000000000000000000000000>, C4<00000000000000000000000000000000>, C4<00000000000000000000000000000000>;
L_0000023888014650 .functor BUFZ 32, L_0000023888015f40, C4<00000000000000000000000000000000>, C4<00000000000000000000000000000000>, C4<00000000000000000000000000000000>;
L_00000238880156f0 .functor BUFZ 1, L_0000023888014730, C4<0>, C4<0>, C4<0>;
L_0000023888014dc0 .functor BUFZ 1, L_00000238880147a0, C4<0>, C4<0>, C4<0>;
L_0000023888014f10 .functor BUFZ 1, L_00000238880139a0, C4<0>, C4<0>, C4<0>;
v0000023887f76230_0 .net *"_ivl_0", 0 0, L_00000238880137e0;  1 drivers
v0000023887f77f90_0 .net *"_ivl_2", 31 0, L_0000023887ff2920;  1 drivers
v0000023887f77270_0 .net *"_ivl_32", 7 0, L_0000023887ff2ec0;  1 drivers
L_0000023887f85a70 .functor BUFT 1, C4<00000000000000000000000000000011>, C4<0>, C4<0>, C4<0>;
v0000023887f78490_0 .net/2u *"_ivl_34", 31 0, L_0000023887f85a70;  1 drivers
v0000023887f77d10_0 .net *"_ivl_36", 31 0, L_0000023887ff3e60;  1 drivers
v0000023887f77130_0 .net *"_ivl_38", 7 0, L_0000023887ff33c0;  1 drivers
L_0000023887f85ab8 .functor BUFT 1, C4<00000000000000000000000000000010>, C4<0>, C4<0>, C4<0>;
v0000023887f77db0_0 .net/2u *"_ivl_40", 31 0, L_0000023887f85ab8;  1 drivers
v0000023887f767d0_0 .net *"_ivl_42", 31 0, L_0000023887ff3f00;  1 drivers
v0000023887f76b90_0 .net *"_ivl_44", 7 0, L_0000023887ff21a0;  1 drivers
L_0000023887f85b00 .functor BUFT 1, C4<00000000000000000000000000000001>, C4<0>, C4<0>, C4<0>;
v0000023887f78030_0 .net/2u *"_ivl_46", 31 0, L_0000023887f85b00;  1 drivers
v0000023887f76410_0 .net *"_ivl_48", 31 0, L_0000023887ff4540;  1 drivers
L_0000023887f859e0 .functor BUFT 1, C4<0000000000000000000000000000000>, C4<0>, C4<0>, C4<0>;
v0000023887f75e70_0 .net *"_ivl_5", 30 0, L_0000023887f859e0;  1 drivers
v0000023887f75dd0_0 .net *"_ivl_50", 7 0, L_0000023887ff3500;  1 drivers
L_0000023887f85b48 .functor BUFT 1, C4<00000000000000000000000000000000>, C4<0>, C4<0>, C4<0>;
v0000023887f77810_0 .net/2u *"_ivl_52", 31 0, L_0000023887f85b48;  1 drivers
v0000023887f762d0_0 .net *"_ivl_54", 31 0, L_0000023887ff22e0;  1 drivers
L_0000023887f85a28 .functor BUFT 1, C4<00000000000000000000000000000000>, C4<0>, C4<0>, C4<0>;
v0000023887f76e10_0 .net/2u *"_ivl_6", 31 0, L_0000023887f85a28;  1 drivers
v0000023887f76370_0 .net *"_ivl_8", 0 0, L_0000023887ff3b40;  1 drivers
v0000023887f77450 .array "addrs", 3 0, 31 0;
v0000023887f76870_0 .net "i_addr", 31 0, L_00000238880141f0;  alias, 1 drivers
v0000023887f764b0_0 .net "i_clk", 0 0, v0000023887f79110_0;  alias, 1 drivers
v0000023887f76eb0_0 .net "i_mask", 3 0, L_0000023887ff1ca0;  alias, 1 drivers
v0000023887f765f0_0 .net "i_ren", 0 0, L_0000023888012eb0;  alias, 1 drivers
v0000023887f77950_0 .net "i_rst", 0 0, v0000023887f7d490_0;  alias, 1 drivers
v0000023887f769b0_0 .net "i_wdata", 31 0, L_0000023888012f90;  alias, 1 drivers
v0000023887f76f50_0 .net "i_wen", 0 0, L_0000023888012c10;  alias, 1 drivers
v0000023887f77090_0 .var "interval_counter", 0 0;
v0000023887f76910_0 .net "mask", 3 0, L_0000023888015610;  1 drivers
v0000023887f771d0 .array "masks", 3 0, 3 0;
v0000023887f76c30 .array "mem", 255 0, 7 0;
v0000023887f77c70_0 .net "o_addr", 31 0, L_0000023888014650;  1 drivers
v0000023887f76ff0_0 .net "o_rdata", 31 0, L_0000023888014ea0;  alias, 1 drivers
v0000023887f76730_0 .net "o_ready", 0 0, L_0000023888014f10;  alias, 1 drivers
v0000023887f77a90_0 .net "o_valid", 0 0, L_00000238880156f0;  alias, 1 drivers
v0000023887f782b0_0 .net "o_wdone", 0 0, L_0000023888014dc0;  alias, 1 drivers
v0000023887f77310_0 .net "raddr", 31 0, v0000023887f77450_3;  1 drivers
v0000023887f75f10_0 .net "ready", 0 0, L_00000238880139a0;  1 drivers
v0000023887f76a50_0 .net "ren", 0 0, v0000023887f773b0_3;  1 drivers
v0000023887f773b0 .array "rens", 3 0, 0 0;
v0000023887f76af0_0 .net "res_addr", 31 0, L_0000023888015f40;  1 drivers
v0000023887f75fb0_0 .net "res_rdata", 31 0, L_0000023887ff3dc0;  1 drivers
v0000023887f78170_0 .net "res_valid", 0 0, L_0000023888014730;  1 drivers
v0000023887f774f0_0 .net "res_wdone", 0 0, L_00000238880147a0;  1 drivers
v0000023887f76050_0 .net "waddr", 31 0, L_0000023888013b60;  1 drivers
v0000023887f78350_0 .net "wdata", 31 0, L_0000023888015ae0;  1 drivers
v0000023887f77630 .array "wdatas", 3 0, 31 0;
v0000023887f78210_0 .net "wen", 0 0, v0000023887f776d0_2;  1 drivers
v0000023887f776d0 .array "wens", 3 0, 0 0;
L_0000023887ff2920 .concat [ 1 31 0 0], v0000023887f77090_0, L_0000023887f859e0;
L_0000023887ff3b40 .cmp/eq 32, L_0000023887ff2920, L_0000023887f85a28;
L_0000023887ff2ec0 .array/port v0000023887f76c30, L_0000023887ff3e60;
L_0000023887ff3e60 .arith/sum 32, v0000023887f77450_3, L_0000023887f85a70;
L_0000023887ff33c0 .array/port v0000023887f76c30, L_0000023887ff3f00;
L_0000023887ff3f00 .arith/sum 32, v0000023887f77450_3, L_0000023887f85ab8;
L_0000023887ff21a0 .array/port v0000023887f76c30, L_0000023887ff4540;
L_0000023887ff4540 .arith/sum 32, v0000023887f77450_3, L_0000023887f85b00;
L_0000023887ff3500 .array/port v0000023887f76c30, L_0000023887ff22e0;
L_0000023887ff22e0 .arith/sum 32, v0000023887f77450_3, L_0000023887f85b48;
L_0000023887ff3dc0 .concat [ 8 8 8 8], L_0000023887ff3500, L_0000023887ff21a0, L_0000023887ff33c0, L_0000023887ff2ec0;
S_0000023887f811c0 .scope generate, "genblk1[1]" "genblk1[1]" 13 102, 13 102 0, S_00000238879364a0;
 .timescale -9 -12;
P_0000023887ed37c0 .param/l "i" 0 13 102, +C4<01>;
S_0000023887f814e0 .scope generate, "genblk1[2]" "genblk1[2]" 13 102, 13 102 0, S_00000238879364a0;
 .timescale -9 -12;
P_0000023887ed3800 .param/l "i" 0 13 102, +C4<010>;
S_0000023887f80d10 .scope generate, "genblk1[3]" "genblk1[3]" 13 102, 13 102 0, S_00000238879364a0;
 .timescale -9 -12;
P_0000023887ed3840 .param/l "i" 0 13 102, +C4<011>;
S_0000023887f81990 .scope module, "u_imem" "memory" 2 69, 13 8 0, S_0000023887eefcd0;
 .timescale -9 -12;
    .port_info 0 /INPUT 1 "i_clk";
    .port_info 1 /INPUT 1 "i_rst";
    .port_info 2 /OUTPUT 1 "o_ready";
    .port_info 3 /INPUT 32 "i_addr";
    .port_info 4 /INPUT 1 "i_ren";
    .port_info 5 /INPUT 1 "i_wen";
    .port_info 6 /INPUT 4 "i_mask";
    .port_info 7 /INPUT 32 "i_wdata";
    .port_info 8 /OUTPUT 1 "o_valid";
    .port_info 9 /OUTPUT 32 "o_addr";
    .port_info 10 /OUTPUT 1 "o_wdone";
    .port_info 11 /OUTPUT 32 "o_rdata";
P_0000023887d20580 .param/l "INTERVAL" 0 13 14, +C4<00000000000000000000000000000010>;
P_0000023887d205b8 .param/l "LATENCY" 0 13 12, +C4<00000000000000000000000000000100>;
P_0000023887d205f0 .param/l "SIZE" 0 13 10, +C4<00000000000000000000000100000000>;
L_0000023888013230 .functor NOT 1, v0000023887f7d490_0, C4<0>, C4<0>, C4<0>;
L_0000023888013af0 .functor AND 1, L_0000023888013230, L_0000023887ff2e20, C4<1>, C4<1>;
v0000023887f78b70_2 .array/port v0000023887f78b70, 2;
L_0000023888012a50 .functor BUFZ 32, v0000023887f78b70_2, C4<00000000000000000000000000000000>, C4<00000000000000000000000000000000>, C4<00000000000000000000000000000000>;
v0000023887f7a830_2 .array/port v0000023887f7a830, 2;
L_00000238880131c0 .functor BUFZ 4, v0000023887f7a830_2, C4<0000>, C4<0000>, C4<0000>;
v0000023887f79f70_2 .array/port v0000023887f79f70, 2;
L_00000238880132a0 .functor BUFZ 32, v0000023887f79f70_2, C4<00000000000000000000000000000000>, C4<00000000000000000000000000000000>, C4<00000000000000000000000000000000>;
v0000023887f78b70_3 .array/port v0000023887f78b70, 3;
L_0000023888013540 .functor BUFZ 32, v0000023887f78b70_3, C4<00000000000000000000000000000000>, C4<00000000000000000000000000000000>, C4<00000000000000000000000000000000>;
v0000023887f78f30_3 .array/port v0000023887f78f30, 3;
L_0000023888013690 .functor BUFZ 1, v0000023887f78f30_3, C4<0>, C4<0>, C4<0>;
v0000023887f79070_2 .array/port v0000023887f79070, 2;
L_0000023888013c40 .functor BUFZ 1, v0000023887f79070_2, C4<0>, C4<0>, C4<0>;
L_0000023888013cb0 .functor BUFZ 32, L_0000023887ff2b00, C4<00000000000000000000000000000000>, C4<00000000000000000000000000000000>, C4<00000000000000000000000000000000>;
L_0000023888013770 .functor BUFZ 32, L_0000023888013540, C4<00000000000000000000000000000000>, C4<00000000000000000000000000000000>, C4<00000000000000000000000000000000>;
L_00000238880135b0 .functor BUFZ 1, L_0000023888013690, C4<0>, C4<0>, C4<0>;
L_0000023888013620 .functor BUFZ 1, L_0000023888013c40, C4<0>, C4<0>, C4<0>;
L_0000023888013d20 .functor BUFZ 1, L_0000023888013af0, C4<0>, C4<0>, C4<0>;
v0000023887f77b30_0 .net *"_ivl_0", 0 0, L_0000023888013230;  1 drivers
v0000023887f780d0_0 .net *"_ivl_2", 31 0, L_0000023887ff31e0;  1 drivers
v0000023887f783f0_0 .net *"_ivl_32", 7 0, L_0000023887ff35a0;  1 drivers
L_0000023887f857e8 .functor BUFT 1, C4<00000000000000000000000000000011>, C4<0>, C4<0>, C4<0>;
v0000023887f75d30_0 .net/2u *"_ivl_34", 31 0, L_0000023887f857e8;  1 drivers
v0000023887f76190_0 .net *"_ivl_36", 31 0, L_0000023887ff3d20;  1 drivers
v0000023887f79750_0 .net *"_ivl_38", 7 0, L_0000023887ff26a0;  1 drivers
L_0000023887f85830 .functor BUFT 1, C4<00000000000000000000000000000010>, C4<0>, C4<0>, C4<0>;
v0000023887f78d50_0 .net/2u *"_ivl_40", 31 0, L_0000023887f85830;  1 drivers
v0000023887f794d0_0 .net *"_ivl_42", 31 0, L_0000023887ff3460;  1 drivers
v0000023887f78cb0_0 .net *"_ivl_44", 7 0, L_0000023887ff2880;  1 drivers
L_0000023887f85878 .functor BUFT 1, C4<00000000000000000000000000000001>, C4<0>, C4<0>, C4<0>;
v0000023887f7a1f0_0 .net/2u *"_ivl_46", 31 0, L_0000023887f85878;  1 drivers
v0000023887f78990_0 .net *"_ivl_48", 31 0, L_0000023887ff2060;  1 drivers
L_0000023887f85758 .functor BUFT 1, C4<0000000000000000000000000000000>, C4<0>, C4<0>, C4<0>;
v0000023887f79570_0 .net *"_ivl_5", 30 0, L_0000023887f85758;  1 drivers
v0000023887f79a70_0 .net *"_ivl_50", 7 0, L_0000023887ff2100;  1 drivers
L_0000023887f858c0 .functor BUFT 1, C4<00000000000000000000000000000000>, C4<0>, C4<0>, C4<0>;
v0000023887f7a970_0 .net/2u *"_ivl_52", 31 0, L_0000023887f858c0;  1 drivers
v0000023887f7aa10_0 .net *"_ivl_54", 31 0, L_0000023887ff40e0;  1 drivers
L_0000023887f857a0 .functor BUFT 1, C4<00000000000000000000000000000000>, C4<0>, C4<0>, C4<0>;
v0000023887f79610_0 .net/2u *"_ivl_6", 31 0, L_0000023887f857a0;  1 drivers
v0000023887f796b0_0 .net *"_ivl_8", 0 0, L_0000023887ff2e20;  1 drivers
v0000023887f78b70 .array "addrs", 3 0, 31 0;
v0000023887f79250_0 .net "i_addr", 31 0, L_0000023887e91400;  alias, 1 drivers
v0000023887f78e90_0 .net "i_clk", 0 0, v0000023887f79110_0;  alias, 1 drivers
L_0000023887f85950 .functor BUFT 1, C4<1111>, C4<0>, C4<0>, C4<0>;
v0000023887f7a6f0_0 .net "i_mask", 3 0, L_0000023887f85950;  1 drivers
v0000023887f78670_0 .net "i_ren", 0 0, L_0000023887e91010;  alias, 1 drivers
v0000023887f78df0_0 .net "i_rst", 0 0, v0000023887f7d490_0;  alias, 1 drivers
L_0000023887f85998 .functor BUFT 1, C4<00000000000000000000000000000000>, C4<0>, C4<0>, C4<0>;
v0000023887f79cf0_0 .net "i_wdata", 31 0, L_0000023887f85998;  1 drivers
L_0000023887f85908 .functor BUFT 1, C4<0>, C4<0>, C4<0>, C4<0>;
v0000023887f7abf0_0 .net "i_wen", 0 0, L_0000023887f85908;  1 drivers
v0000023887f7a790_0 .var "interval_counter", 0 0;
v0000023887f79b10_0 .net "mask", 3 0, L_00000238880131c0;  1 drivers
v0000023887f7a830 .array "masks", 3 0, 3 0;
v0000023887f7a470 .array "mem", 255 0, 7 0;
v0000023887f791b0_0 .net "o_addr", 31 0, L_0000023888013770;  1 drivers
v0000023887f78fd0_0 .net "o_rdata", 31 0, L_0000023888013cb0;  alias, 1 drivers
v0000023887f78a30_0 .net "o_ready", 0 0, L_0000023888013d20;  alias, 1 drivers
v0000023887f7aab0_0 .net "o_valid", 0 0, L_00000238880135b0;  alias, 1 drivers
v0000023887f78c10_0 .net "o_wdone", 0 0, L_0000023888013620;  1 drivers
v0000023887f7a0b0_0 .net "raddr", 31 0, v0000023887f78b70_3;  1 drivers
v0000023887f79430_0 .net "ready", 0 0, L_0000023888013af0;  1 drivers
v0000023887f7a650_0 .net "ren", 0 0, v0000023887f78f30_3;  1 drivers
v0000023887f78f30 .array "rens", 3 0, 0 0;
v0000023887f79390_0 .net "res_addr", 31 0, L_0000023888013540;  1 drivers
v0000023887f797f0_0 .net "res_rdata", 31 0, L_0000023887ff2b00;  1 drivers
v0000023887f79890_0 .net "res_valid", 0 0, L_0000023888013690;  1 drivers
v0000023887f7a3d0_0 .net "res_wdone", 0 0, L_0000023888013c40;  1 drivers
v0000023887f79e30_0 .net "waddr", 31 0, L_0000023888012a50;  1 drivers
v0000023887f7a290_0 .net "wdata", 31 0, L_00000238880132a0;  1 drivers
v0000023887f79f70 .array "wdatas", 3 0, 31 0;
v0000023887f78710_0 .net "wen", 0 0, v0000023887f79070_2;  1 drivers
v0000023887f79070 .array "wens", 3 0, 0 0;
L_0000023887ff31e0 .concat [ 1 31 0 0], v0000023887f7a790_0, L_0000023887f85758;
L_0000023887ff2e20 .cmp/eq 32, L_0000023887ff31e0, L_0000023887f857a0;
L_0000023887ff35a0 .array/port v0000023887f7a470, L_0000023887ff3d20;
L_0000023887ff3d20 .arith/sum 32, v0000023887f78b70_3, L_0000023887f857e8;
L_0000023887ff26a0 .array/port v0000023887f7a470, L_0000023887ff3460;
L_0000023887ff3460 .arith/sum 32, v0000023887f78b70_3, L_0000023887f85830;
L_0000023887ff2880 .array/port v0000023887f7a470, L_0000023887ff2060;
L_0000023887ff2060 .arith/sum 32, v0000023887f78b70_3, L_0000023887f85878;
L_0000023887ff2100 .array/port v0000023887f7a470, L_0000023887ff40e0;
L_0000023887ff40e0 .arith/sum 32, v0000023887f78b70_3, L_0000023887f858c0;
L_0000023887ff2b00 .concat [ 8 8 8 8], L_0000023887ff2100, L_0000023887ff2880, L_0000023887ff26a0, L_0000023887ff35a0;
S_0000023887f81670 .scope generate, "genblk1[1]" "genblk1[1]" 13 102, 13 102 0, S_0000023887f81990;
 .timescale -9 -12;
P_0000023887ed43c0 .param/l "i" 0 13 102, +C4<01>;
S_0000023887f80ea0 .scope generate, "genblk1[2]" "genblk1[2]" 13 102, 13 102 0, S_0000023887f81990;
 .timescale -9 -12;
P_0000023887ed3dc0 .param/l "i" 0 13 102, +C4<010>;
S_0000023887f81800 .scope generate, "genblk1[3]" "genblk1[3]" 13 102, 13 102 0, S_0000023887f81990;
 .timescale -9 -12;
P_0000023887ed38c0 .param/l "i" 0 13 102, +C4<011>;
S_0000023887f81b20 .scope task, "write_inst" "write_inst" 2 109, 2 109 0, S_0000023887eefcd0;
 .timescale -9 -12;
v0000023887f7ab50_0 .var "addr", 31 0;
v0000023887f7a510_0 .var "word", 31 0;
TD_unit_hart_tb.write_inst ;
    %load/vec4 v0000023887f7a510_0;
    %parti/s 8, 0, 2;
    %load/vec4 v0000023887f7ab50_0;
    %addi 0, 0, 32;
    %ix/vec4 4;
    %store/vec4a v0000023887f7a470, 4, 0;
    %load/vec4 v0000023887f7a510_0;
    %parti/s 8, 8, 5;
    %load/vec4 v0000023887f7ab50_0;
    %addi 1, 0, 32;
    %ix/vec4 4;
    %store/vec4a v0000023887f7a470, 4, 0;
    %load/vec4 v0000023887f7a510_0;
    %parti/s 8, 16, 6;
    %load/vec4 v0000023887f7ab50_0;
    %addi 2, 0, 32;
    %ix/vec4 4;
    %store/vec4a v0000023887f7a470, 4, 0;
    %load/vec4 v0000023887f7a510_0;
    %parti/s 8, 24, 6;
    %load/vec4 v0000023887f7ab50_0;
    %addi 3, 0, 32;
    %ix/vec4 4;
    %store/vec4a v0000023887f7a470, 4, 0;
    %end;
    .scope S_0000023887880d00;
T_5 ;
    %wait E_0000023887ed3740;
    %load/vec4 v0000023887f5b760_0;
    %flag_set/vec4 8;
    %jmp/0xz  T_5.0, 8;
    %pushi/vec4 0, 0, 2;
    %assign/vec4 v0000023887f5ac20_0, 0;
    %pushi/vec4 0, 0, 23;
    %assign/vec4 v0000023887f59e60_0, 0;
    %pushi/vec4 0, 0, 5;
    %assign/vec4 v0000023887f59280_0, 0;
    %pushi/vec4 0, 0, 2;
    %assign/vec4 v0000023887f5a5e0_0, 0;
    %pushi/vec4 0, 0, 1;
    %assign/vec4 v0000023887f59320_0, 0;
    %pushi/vec4 0, 0, 1;
    %assign/vec4 v0000023887f591e0_0, 0;
    %pushi/vec4 0, 0, 4;
    %assign/vec4 v0000023887f596e0_0, 0;
    %pushi/vec4 0, 0, 32;
    %assign/vec4 v0000023887f5b6c0_0, 0;
    %pushi/vec4 0, 0, 2;
    %assign/vec4 v0000023887f59640_0, 0;
    %pushi/vec4 0, 0, 32;
    %store/vec4 v0000023887f5aae0_0, 0, 32;
T_5.2 ;
    %load/vec4 v0000023887f5aae0_0;
    %cmpi/s 32, 0, 32;
    %jmp/0xz T_5.3, 5;
    %pushi/vec4 0, 0, 2;
    %ix/getv/s 3, v0000023887f5aae0_0;
    %ix/load 4, 0, 0; Constant delay
    %assign/vec4/a/d v0000023887f5af40, 0, 4;
    %pushi/vec4 0, 0, 1;
    %ix/getv/s 3, v0000023887f5aae0_0;
    %ix/load 4, 0, 0; Constant delay
    %assign/vec4/a/d v0000023887f5b580, 0, 4;
    %pushi/vec4 0, 0, 23;
    %ix/getv/s 3, v0000023887f5aae0_0;
    %ix/load 4, 0, 0; Constant delay
    %assign/vec4/a/d v0000023887f5b3a0, 0, 4;
    %pushi/vec4 0, 0, 23;
    %ix/getv/s 3, v0000023887f5aae0_0;
    %ix/load 4, 0, 0; Constant delay
    %assign/vec4/a/d v0000023887f59f00, 0, 4;
    %pushi/vec4 0, 0, 32;
    %store/vec4 v0000023887f59aa0_0, 0, 32;
T_5.4 ;
    %load/vec4 v0000023887f59aa0_0;
    %cmpi/s 4, 0, 32;
    %jmp/0xz T_5.5, 5;
    %pushi/vec4 0, 0, 32;
    %load/vec4 v0000023887f5aae0_0;
    %pad/s 35;
    %pad/s 37;
    %muli 4, 0, 37;
    %pad/s 38;
    %load/vec4 v0000023887f59aa0_0;
    %pad/s 38;
    %add;
    %ix/vec4/s 3;
    %ix/load 4, 0, 0; Constant delay
    %assign/vec4/a/d v0000023887f589c0, 0, 4;
    %pushi/vec4 0, 0, 32;
    %load/vec4 v0000023887f5aae0_0;
    %pad/s 35;
    %pad/s 37;
    %muli 4, 0, 37;
    %pad/s 38;
    %load/vec4 v0000023887f59aa0_0;
    %pad/s 38;
    %add;
    %ix/vec4/s 3;
    %ix/load 4, 0, 0; Constant delay
    %assign/vec4/a/d v0000023887f57340, 0, 4;
    %load/vec4 v0000023887f59aa0_0;
    %addi 1, 0, 32;
    %store/vec4 v0000023887f59aa0_0, 0, 32;
    %jmp T_5.4;
T_5.5 ;
    %load/vec4 v0000023887f5aae0_0;
    %addi 1, 0, 32;
    %store/vec4 v0000023887f5aae0_0, 0, 32;
    %jmp T_5.2;
T_5.3 ;
    %jmp T_5.1;
T_5.0 ;
    %load/vec4 v0000023887f5ac20_0;
    %dup/vec4;
    %pushi/vec4 0, 0, 2;
    %cmp/u;
    %jmp/1 T_5.6, 6;
    %dup/vec4;
    %pushi/vec4 1, 0, 2;
    %cmp/u;
    %jmp/1 T_5.7, 6;
    %dup/vec4;
    %pushi/vec4 2, 0, 2;
    %cmp/u;
    %jmp/1 T_5.8, 6;
    %dup/vec4;
    %pushi/vec4 3, 0, 2;
    %cmp/u;
    %jmp/1 T_5.9, 6;
    %pushi/vec4 0, 0, 2;
    %assign/vec4 v0000023887f5ac20_0, 0;
    %jmp T_5.11;
T_5.6 ;
    %load/vec4 v0000023887f58240_0;
    %flag_set/vec4 9;
    %flag_get/vec4 9;
    %jmp/0 T_5.14, 9;
    %load/vec4 v0000023887f58100_0;
    %and;
T_5.14;
    %flag_set/vec4 8;
    %jmp/0xz  T_5.12, 8;
    %load/vec4 v0000023887f5a9a0_0;
    %flag_set/vec4 8;
    %jmp/0xz  T_5.15, 8;
    %pushi/vec4 1, 0, 1;
    %load/vec4 v0000023887f5a900_0;
    %pad/u 7;
    %ix/vec4 3;
    %ix/load 4, 0, 0; Constant delay
    %assign/vec4/a/d v0000023887f5b580, 0, 4;
    %jmp T_5.16;
T_5.15 ;
    %load/vec4 v0000023887f5b440_0;
    %flag_set/vec4 8;
    %jmp/0xz  T_5.17, 8;
    %pushi/vec4 0, 0, 1;
    %load/vec4 v0000023887f5a900_0;
    %pad/u 7;
    %ix/vec4 3;
    %ix/load 4, 0, 0; Constant delay
    %assign/vec4/a/d v0000023887f5b580, 0, 4;
T_5.17 ;
T_5.16 ;
    %jmp T_5.13;
T_5.12 ;
    %load/vec4 v0000023887f59fa0_0;
    %flag_set/vec4 8;
    %jmp/0xz  T_5.19, 8;
    %load/vec4 v0000023887f5a9a0_0;
    %flag_set/vec4 8;
    %jmp/0xz  T_5.21, 8;
    %load/vec4 v0000023887f5b080_0;
    %load/vec4 v0000023887f5a900_0;
    %pad/u 10;
    %pad/u 12;
    %muli 4, 0, 12;
    %pad/u 13;
    %load/vec4 v0000023887f59960_0;
    %pad/u 4;
    %pad/u 13;
    %add;
    %ix/vec4 3;
    %ix/load 4, 0, 0; Constant delay
    %assign/vec4/a/d v0000023887f589c0, 0, 4;
    %jmp T_5.22;
T_5.21 ;
    %load/vec4 v0000023887f5b080_0;
    %load/vec4 v0000023887f5a900_0;
    %pad/u 10;
    %pad/u 12;
    %muli 4, 0, 12;
    %pad/u 13;
    %load/vec4 v0000023887f59960_0;
    %pad/u 4;
    %pad/u 13;
    %add;
    %ix/vec4 3;
    %ix/load 4, 0, 0; Constant delay
    %assign/vec4/a/d v0000023887f57340, 0, 4;
T_5.22 ;
    %load/vec4 v0000023887f5a9a0_0;
    %flag_set/vec4 8;
    %jmp/0xz  T_5.23, 8;
    %pushi/vec4 1, 0, 1;
    %load/vec4 v0000023887f5a900_0;
    %pad/u 7;
    %ix/vec4 3;
    %ix/load 4, 0, 0; Constant delay
    %assign/vec4/a/d v0000023887f5b580, 0, 4;
    %jmp T_5.24;
T_5.23 ;
    %load/vec4 v0000023887f5b440_0;
    %flag_set/vec4 8;
    %jmp/0xz  T_5.25, 8;
    %pushi/vec4 0, 0, 1;
    %load/vec4 v0000023887f5a900_0;
    %pad/u 7;
    %ix/vec4 3;
    %ix/load 4, 0, 0; Constant delay
    %assign/vec4/a/d v0000023887f5b580, 0, 4;
T_5.25 ;
T_5.24 ;
    %jmp T_5.20;
T_5.19 ;
    %load/vec4 v0000023887f593c0_0;
    %flag_set/vec4 8;
    %jmp/0xz  T_5.27, 8;
    %load/vec4 v0000023887f5b1c0_0;
    %assign/vec4 v0000023887f59e60_0, 0;
    %load/vec4 v0000023887f5a900_0;
    %assign/vec4 v0000023887f59280_0, 0;
    %load/vec4 v0000023887f59960_0;
    %assign/vec4 v0000023887f5a5e0_0, 0;
    %load/vec4 v0000023887f59780_0;
    %assign/vec4 v0000023887f59320_0, 0;
    %pushi/vec4 1, 0, 1;
    %assign/vec4 v0000023887f591e0_0, 0;
    %load/vec4 v0000023887f57660_0;
    %assign/vec4 v0000023887f596e0_0, 0;
    %load/vec4 v0000023887f58740_0;
    %assign/vec4 v0000023887f5b6c0_0, 0;
    %pushi/vec4 3, 0, 2;
    %assign/vec4 v0000023887f5ac20_0, 0;
    %jmp T_5.28;
T_5.27 ;
    %load/vec4 v0000023887f595a0_0;
    %flag_set/vec4 8;
    %jmp/0xz  T_5.29, 8;
    %load/vec4 v0000023887f5b1c0_0;
    %assign/vec4 v0000023887f59e60_0, 0;
    %load/vec4 v0000023887f5a900_0;
    %assign/vec4 v0000023887f59280_0, 0;
    %load/vec4 v0000023887f59960_0;
    %assign/vec4 v0000023887f5a5e0_0, 0;
    %load/vec4 v0000023887f59820_0;
    %assign/vec4 v0000023887f59320_0, 0;
    %pushi/vec4 0, 0, 1;
    %assign/vec4 v0000023887f591e0_0, 0;
    %load/vec4 v0000023887f57660_0;
    %assign/vec4 v0000023887f596e0_0, 0;
    %load/vec4 v0000023887f58740_0;
    %assign/vec4 v0000023887f5b6c0_0, 0;
    %pushi/vec4 0, 0, 2;
    %assign/vec4 v0000023887f59640_0, 0;
    %pushi/vec4 1, 0, 2;
    %assign/vec4 v0000023887f5ac20_0, 0;
    %jmp T_5.30;
T_5.29 ;
    %load/vec4 v0000023887f59be0_0;
    %flag_set/vec4 8;
    %jmp/0xz  T_5.31, 8;
    %load/vec4 v0000023887f5b1c0_0;
    %assign/vec4 v0000023887f59e60_0, 0;
    %load/vec4 v0000023887f5a900_0;
    %assign/vec4 v0000023887f59280_0, 0;
    %load/vec4 v0000023887f59960_0;
    %assign/vec4 v0000023887f5a5e0_0, 0;
    %load/vec4 v0000023887f59820_0;
    %assign/vec4 v0000023887f59320_0, 0;
    %pushi/vec4 1, 0, 1;
    %assign/vec4 v0000023887f591e0_0, 0;
    %load/vec4 v0000023887f57660_0;
    %assign/vec4 v0000023887f596e0_0, 0;
    %load/vec4 v0000023887f58740_0;
    %assign/vec4 v0000023887f5b6c0_0, 0;
    %pushi/vec4 0, 0, 2;
    %assign/vec4 v0000023887f59640_0, 0;
    %pushi/vec4 1, 0, 2;
    %assign/vec4 v0000023887f5ac20_0, 0;
T_5.31 ;
T_5.30 ;
T_5.28 ;
T_5.20 ;
T_5.13 ;
    %jmp T_5.11;
T_5.7 ;
    %load/vec4 v0000023887f58d80_0;
    %flag_set/vec4 8;
    %jmp/0xz  T_5.33, 8;
    %pushi/vec4 2, 0, 2;
    %assign/vec4 v0000023887f5ac20_0, 0;
T_5.33 ;
    %jmp T_5.11;
T_5.8 ;
    %load/vec4 v0000023887f573e0_0;
    %flag_set/vec4 8;
    %jmp/0xz  T_5.35, 8;
    %load/vec4 v0000023887f59320_0;
    %cmpi/e 0, 0, 1;
    %jmp/0xz  T_5.37, 4;
    %load/vec4 v0000023887f581a0_0;
    %load/vec4 v0000023887f59280_0;
    %pad/u 10;
    %pad/u 12;
    %muli 4, 0, 12;
    %pad/u 13;
    %load/vec4 v0000023887f59640_0;
    %pad/u 4;
    %pad/u 13;
    %add;
    %ix/vec4 3;
    %ix/load 4, 0, 0; Constant delay
    %assign/vec4/a/d v0000023887f589c0, 0, 4;
    %jmp T_5.38;
T_5.37 ;
    %load/vec4 v0000023887f581a0_0;
    %load/vec4 v0000023887f59280_0;
    %pad/u 10;
    %pad/u 12;
    %muli 4, 0, 12;
    %pad/u 13;
    %load/vec4 v0000023887f59640_0;
    %pad/u 4;
    %pad/u 13;
    %add;
    %ix/vec4 3;
    %ix/load 4, 0, 0; Constant delay
    %assign/vec4/a/d v0000023887f57340, 0, 4;
T_5.38 ;
    %load/vec4 v0000023887f59640_0;
    %pad/u 32;
    %cmpi/e 3, 0, 32;
    %jmp/0xz  T_5.39, 4;
    %load/vec4 v0000023887f59320_0;
    %cmpi/e 0, 0, 1;
    %jmp/0xz  T_5.41, 4;
    %load/vec4 v0000023887f59e60_0;
    %load/vec4 v0000023887f59280_0;
    %pad/u 7;
    %ix/vec4 3;
    %ix/load 4, 0, 0; Constant delay
    %assign/vec4/a/d v0000023887f5b3a0, 0, 4;
    %pushi/vec4 1, 0, 1;
    %load/vec4 v0000023887f59280_0;
    %pad/u 7;
    %ix/vec4 3;
    %ix/load 4, 0, 0; Constant delay
    %assign/vec4/a/d v0000023887f5af40, 0, 4;
    %jmp T_5.42;
T_5.41 ;
    %load/vec4 v0000023887f59e60_0;
    %load/vec4 v0000023887f59280_0;
    %pad/u 7;
    %ix/vec4 3;
    %ix/load 4, 0, 0; Constant delay
    %assign/vec4/a/d v0000023887f59f00, 0, 4;
    %pushi/vec4 1, 0, 1;
    %load/vec4 v0000023887f59280_0;
    %pad/u 7;
    %ix/vec4 3;
    %ix/load 4, 1, 0; part off
    %ix/load 5, 0, 0; Constant delay
    %assign/vec4/a/d v0000023887f5af40, 4, 5;
T_5.42 ;
    %load/vec4 v0000023887f591e0_0;
    %flag_set/vec4 8;
    %jmp/0xz  T_5.43, 8;
    %pushi/vec4 3, 0, 2;
    %assign/vec4 v0000023887f5ac20_0, 0;
    %jmp T_5.44;
T_5.43 ;
    %load/vec4 v0000023887f59320_0;
    %inv;
    %load/vec4 v0000023887f59280_0;
    %pad/u 7;
    %ix/vec4 3;
    %ix/load 4, 0, 0; Constant delay
    %assign/vec4/a/d v0000023887f5b580, 0, 4;
    %pushi/vec4 0, 0, 2;
    %assign/vec4 v0000023887f5ac20_0, 0;
T_5.44 ;
    %jmp T_5.40;
T_5.39 ;
    %load/vec4 v0000023887f59640_0;
    %addi 1, 0, 2;
    %assign/vec4 v0000023887f59640_0, 0;
    %pushi/vec4 1, 0, 2;
    %assign/vec4 v0000023887f5ac20_0, 0;
T_5.40 ;
T_5.35 ;
    %jmp T_5.11;
T_5.9 ;
    %load/vec4 v0000023887f58d80_0;
    %flag_set/vec4 8;
    %jmp/0xz  T_5.45, 8;
    %load/vec4 v0000023887f59320_0;
    %cmpi/e 0, 0, 1;
    %jmp/0xz  T_5.47, 4;
    %load/vec4 v0000023887f590a0_0;
    %load/vec4 v0000023887f59280_0;
    %pad/u 10;
    %pad/u 12;
    %muli 4, 0, 12;
    %pad/u 13;
    %load/vec4 v0000023887f5a5e0_0;
    %pad/u 4;
    %pad/u 13;
    %add;
    %ix/vec4 3;
    %ix/load 4, 0, 0; Constant delay
    %assign/vec4/a/d v0000023887f589c0, 0, 4;
    %jmp T_5.48;
T_5.47 ;
    %load/vec4 v0000023887f590a0_0;
    %load/vec4 v0000023887f59280_0;
    %pad/u 10;
    %pad/u 12;
    %muli 4, 0, 12;
    %pad/u 13;
    %load/vec4 v0000023887f5a5e0_0;
    %pad/u 4;
    %pad/u 13;
    %add;
    %ix/vec4 3;
    %ix/load 4, 0, 0; Constant delay
    %assign/vec4/a/d v0000023887f57340, 0, 4;
T_5.48 ;
    %load/vec4 v0000023887f59320_0;
    %inv;
    %load/vec4 v0000023887f59280_0;
    %pad/u 7;
    %ix/vec4 3;
    %ix/load 4, 0, 0; Constant delay
    %assign/vec4/a/d v0000023887f5b580, 0, 4;
    %pushi/vec4 0, 0, 2;
    %assign/vec4 v0000023887f5ac20_0, 0;
T_5.45 ;
    %jmp T_5.11;
T_5.11 ;
    %pop/vec4 1;
T_5.1 ;
    %jmp T_5;
    .thread T_5;
    .scope S_0000023887d25790;
T_6 ;
    %wait E_0000023887ed3740;
    %load/vec4 v0000023887f4a890_0;
    %flag_set/vec4 8;
    %jmp/0xz  T_6.0, 8;
    %pushi/vec4 0, 0, 2;
    %assign/vec4 v0000023887f4a9d0_0, 0;
    %pushi/vec4 0, 0, 23;
    %assign/vec4 v0000023887f4a070_0, 0;
    %pushi/vec4 0, 0, 5;
    %assign/vec4 v0000023887f4a6b0_0, 0;
    %pushi/vec4 0, 0, 2;
    %assign/vec4 v0000023887f4c730_0, 0;
    %pushi/vec4 0, 0, 1;
    %assign/vec4 v0000023887f4c690_0, 0;
    %pushi/vec4 0, 0, 1;
    %assign/vec4 v0000023887f4c7d0_0, 0;
    %pushi/vec4 0, 0, 4;
    %assign/vec4 v0000023887f4b150_0, 0;
    %pushi/vec4 0, 0, 32;
    %assign/vec4 v0000023887f4b830_0, 0;
    %pushi/vec4 0, 0, 2;
    %assign/vec4 v0000023887f4be70_0, 0;
    %pushi/vec4 0, 0, 32;
    %store/vec4 v0000023887f4c190_0, 0, 32;
T_6.2 ;
    %load/vec4 v0000023887f4c190_0;
    %cmpi/s 32, 0, 32;
    %jmp/0xz T_6.3, 5;
    %pushi/vec4 0, 0, 2;
    %ix/getv/s 3, v0000023887f4c190_0;
    %ix/load 4, 0, 0; Constant delay
    %assign/vec4/a/d v0000023887f4b3d0, 0, 4;
    %pushi/vec4 0, 0, 1;
    %ix/getv/s 3, v0000023887f4c190_0;
    %ix/load 4, 0, 0; Constant delay
    %assign/vec4/a/d v0000023887f4b5b0, 0, 4;
    %pushi/vec4 0, 0, 23;
    %ix/getv/s 3, v0000023887f4c190_0;
    %ix/load 4, 0, 0; Constant delay
    %assign/vec4/a/d v0000023887f4bab0, 0, 4;
    %pushi/vec4 0, 0, 23;
    %ix/getv/s 3, v0000023887f4c190_0;
    %ix/load 4, 0, 0; Constant delay
    %assign/vec4/a/d v0000023887f4aed0, 0, 4;
    %pushi/vec4 0, 0, 32;
    %store/vec4 v0000023887f4a250_0, 0, 32;
T_6.4 ;
    %load/vec4 v0000023887f4a250_0;
    %cmpi/s 4, 0, 32;
    %jmp/0xz T_6.5, 5;
    %pushi/vec4 0, 0, 32;
    %load/vec4 v0000023887f4c190_0;
    %pad/s 35;
    %pad/s 37;
    %muli 4, 0, 37;
    %pad/s 38;
    %load/vec4 v0000023887f4a250_0;
    %pad/s 38;
    %add;
    %ix/vec4/s 3;
    %ix/load 4, 0, 0; Constant delay
    %assign/vec4/a/d v0000023887f4d770, 0, 4;
    %pushi/vec4 0, 0, 32;
    %load/vec4 v0000023887f4c190_0;
    %pad/s 35;
    %pad/s 37;
    %muli 4, 0, 37;
    %pad/s 38;
    %load/vec4 v0000023887f4a250_0;
    %pad/s 38;
    %add;
    %ix/vec4/s 3;
    %ix/load 4, 0, 0; Constant delay
    %assign/vec4/a/d v0000023887f4d950, 0, 4;
    %load/vec4 v0000023887f4a250_0;
    %addi 1, 0, 32;
    %store/vec4 v0000023887f4a250_0, 0, 32;
    %jmp T_6.4;
T_6.5 ;
    %load/vec4 v0000023887f4c190_0;
    %addi 1, 0, 32;
    %store/vec4 v0000023887f4c190_0, 0, 32;
    %jmp T_6.2;
T_6.3 ;
    %jmp T_6.1;
T_6.0 ;
    %load/vec4 v0000023887f4a9d0_0;
    %dup/vec4;
    %pushi/vec4 0, 0, 2;
    %cmp/u;
    %jmp/1 T_6.6, 6;
    %dup/vec4;
    %pushi/vec4 1, 0, 2;
    %cmp/u;
    %jmp/1 T_6.7, 6;
    %dup/vec4;
    %pushi/vec4 2, 0, 2;
    %cmp/u;
    %jmp/1 T_6.8, 6;
    %dup/vec4;
    %pushi/vec4 3, 0, 2;
    %cmp/u;
    %jmp/1 T_6.9, 6;
    %pushi/vec4 0, 0, 2;
    %assign/vec4 v0000023887f4a9d0_0, 0;
    %jmp T_6.11;
T_6.6 ;
    %load/vec4 v0000023887f4b0b0_0;
    %flag_set/vec4 9;
    %flag_get/vec4 9;
    %jmp/0 T_6.14, 9;
    %load/vec4 v0000023887f4c870_0;
    %and;
T_6.14;
    %flag_set/vec4 8;
    %jmp/0xz  T_6.12, 8;
    %load/vec4 v0000023887f4c370_0;
    %flag_set/vec4 8;
    %jmp/0xz  T_6.15, 8;
    %pushi/vec4 1, 0, 1;
    %load/vec4 v0000023887f4c5f0_0;
    %pad/u 7;
    %ix/vec4 3;
    %ix/load 4, 0, 0; Constant delay
    %assign/vec4/a/d v0000023887f4b5b0, 0, 4;
    %jmp T_6.16;
T_6.15 ;
    %load/vec4 v0000023887f4b6f0_0;
    %flag_set/vec4 8;
    %jmp/0xz  T_6.17, 8;
    %pushi/vec4 0, 0, 1;
    %load/vec4 v0000023887f4c5f0_0;
    %pad/u 7;
    %ix/vec4 3;
    %ix/load 4, 0, 0; Constant delay
    %assign/vec4/a/d v0000023887f4b5b0, 0, 4;
T_6.17 ;
T_6.16 ;
    %jmp T_6.13;
T_6.12 ;
    %load/vec4 v0000023887f4b790_0;
    %flag_set/vec4 8;
    %jmp/0xz  T_6.19, 8;
    %load/vec4 v0000023887f4c370_0;
    %flag_set/vec4 8;
    %jmp/0xz  T_6.21, 8;
    %load/vec4 v0000023887f4aa70_0;
    %load/vec4 v0000023887f4c5f0_0;
    %pad/u 10;
    %pad/u 12;
    %muli 4, 0, 12;
    %pad/u 13;
    %load/vec4 v0000023887f4b8d0_0;
    %pad/u 4;
    %pad/u 13;
    %add;
    %ix/vec4 3;
    %ix/load 4, 0, 0; Constant delay
    %assign/vec4/a/d v0000023887f4d770, 0, 4;
    %jmp T_6.22;
T_6.21 ;
    %load/vec4 v0000023887f4aa70_0;
    %load/vec4 v0000023887f4c5f0_0;
    %pad/u 10;
    %pad/u 12;
    %muli 4, 0, 12;
    %pad/u 13;
    %load/vec4 v0000023887f4b8d0_0;
    %pad/u 4;
    %pad/u 13;
    %add;
    %ix/vec4 3;
    %ix/load 4, 0, 0; Constant delay
    %assign/vec4/a/d v0000023887f4d950, 0, 4;
T_6.22 ;
    %load/vec4 v0000023887f4c370_0;
    %flag_set/vec4 8;
    %jmp/0xz  T_6.23, 8;
    %pushi/vec4 1, 0, 1;
    %load/vec4 v0000023887f4c5f0_0;
    %pad/u 7;
    %ix/vec4 3;
    %ix/load 4, 0, 0; Constant delay
    %assign/vec4/a/d v0000023887f4b5b0, 0, 4;
    %jmp T_6.24;
T_6.23 ;
    %load/vec4 v0000023887f4b6f0_0;
    %flag_set/vec4 8;
    %jmp/0xz  T_6.25, 8;
    %pushi/vec4 0, 0, 1;
    %load/vec4 v0000023887f4c5f0_0;
    %pad/u 7;
    %ix/vec4 3;
    %ix/load 4, 0, 0; Constant delay
    %assign/vec4/a/d v0000023887f4b5b0, 0, 4;
T_6.25 ;
T_6.24 ;
    %jmp T_6.20;
T_6.19 ;
    %load/vec4 v0000023887f4a2f0_0;
    %flag_set/vec4 8;
    %jmp/0xz  T_6.27, 8;
    %load/vec4 v0000023887f4a750_0;
    %assign/vec4 v0000023887f4a070_0, 0;
    %load/vec4 v0000023887f4c5f0_0;
    %assign/vec4 v0000023887f4a6b0_0, 0;
    %load/vec4 v0000023887f4b8d0_0;
    %assign/vec4 v0000023887f4c730_0, 0;
    %load/vec4 v0000023887f4abb0_0;
    %assign/vec4 v0000023887f4c690_0, 0;
    %pushi/vec4 1, 0, 1;
    %assign/vec4 v0000023887f4c7d0_0, 0;
    %load/vec4 v0000023887f4c4b0_0;
    %assign/vec4 v0000023887f4b150_0, 0;
    %load/vec4 v0000023887f4b470_0;
    %assign/vec4 v0000023887f4b830_0, 0;
    %pushi/vec4 3, 0, 2;
    %assign/vec4 v0000023887f4a9d0_0, 0;
    %jmp T_6.28;
T_6.27 ;
    %load/vec4 v0000023887f4c0f0_0;
    %flag_set/vec4 8;
    %jmp/0xz  T_6.29, 8;
    %load/vec4 v0000023887f4a750_0;
    %assign/vec4 v0000023887f4a070_0, 0;
    %load/vec4 v0000023887f4c5f0_0;
    %assign/vec4 v0000023887f4a6b0_0, 0;
    %load/vec4 v0000023887f4b8d0_0;
    %assign/vec4 v0000023887f4c730_0, 0;
    %load/vec4 v0000023887f4a1b0_0;
    %assign/vec4 v0000023887f4c690_0, 0;
    %pushi/vec4 0, 0, 1;
    %assign/vec4 v0000023887f4c7d0_0, 0;
    %load/vec4 v0000023887f4c4b0_0;
    %assign/vec4 v0000023887f4b150_0, 0;
    %load/vec4 v0000023887f4b470_0;
    %assign/vec4 v0000023887f4b830_0, 0;
    %pushi/vec4 0, 0, 2;
    %assign/vec4 v0000023887f4be70_0, 0;
    %pushi/vec4 1, 0, 2;
    %assign/vec4 v0000023887f4a9d0_0, 0;
    %jmp T_6.30;
T_6.29 ;
    %load/vec4 v0000023887f4b970_0;
    %flag_set/vec4 8;
    %jmp/0xz  T_6.31, 8;
    %load/vec4 v0000023887f4a750_0;
    %assign/vec4 v0000023887f4a070_0, 0;
    %load/vec4 v0000023887f4c5f0_0;
    %assign/vec4 v0000023887f4a6b0_0, 0;
    %load/vec4 v0000023887f4b8d0_0;
    %assign/vec4 v0000023887f4c730_0, 0;
    %load/vec4 v0000023887f4a1b0_0;
    %assign/vec4 v0000023887f4c690_0, 0;
    %pushi/vec4 1, 0, 1;
    %assign/vec4 v0000023887f4c7d0_0, 0;
    %load/vec4 v0000023887f4c4b0_0;
    %assign/vec4 v0000023887f4b150_0, 0;
    %load/vec4 v0000023887f4b470_0;
    %assign/vec4 v0000023887f4b830_0, 0;
    %pushi/vec4 0, 0, 2;
    %assign/vec4 v0000023887f4be70_0, 0;
    %pushi/vec4 1, 0, 2;
    %assign/vec4 v0000023887f4a9d0_0, 0;
T_6.31 ;
T_6.30 ;
T_6.28 ;
T_6.20 ;
T_6.13 ;
    %jmp T_6.11;
T_6.7 ;
    %load/vec4 v0000023887f4a390_0;
    %flag_set/vec4 8;
    %jmp/0xz  T_6.33, 8;
    %pushi/vec4 2, 0, 2;
    %assign/vec4 v0000023887f4a9d0_0, 0;
T_6.33 ;
    %jmp T_6.11;
T_6.8 ;
    %load/vec4 v0000023887f4bbf0_0;
    %flag_set/vec4 8;
    %jmp/0xz  T_6.35, 8;
    %load/vec4 v0000023887f4c690_0;
    %cmpi/e 0, 0, 1;
    %jmp/0xz  T_6.37, 4;
    %load/vec4 v0000023887f4ab10_0;
    %load/vec4 v0000023887f4a6b0_0;
    %pad/u 10;
    %pad/u 12;
    %muli 4, 0, 12;
    %pad/u 13;
    %load/vec4 v0000023887f4be70_0;
    %pad/u 4;
    %pad/u 13;
    %add;
    %ix/vec4 3;
    %ix/load 4, 0, 0; Constant delay
    %assign/vec4/a/d v0000023887f4d770, 0, 4;
    %jmp T_6.38;
T_6.37 ;
    %load/vec4 v0000023887f4ab10_0;
    %load/vec4 v0000023887f4a6b0_0;
    %pad/u 10;
    %pad/u 12;
    %muli 4, 0, 12;
    %pad/u 13;
    %load/vec4 v0000023887f4be70_0;
    %pad/u 4;
    %pad/u 13;
    %add;
    %ix/vec4 3;
    %ix/load 4, 0, 0; Constant delay
    %assign/vec4/a/d v0000023887f4d950, 0, 4;
T_6.38 ;
    %load/vec4 v0000023887f4be70_0;
    %pad/u 32;
    %cmpi/e 3, 0, 32;
    %jmp/0xz  T_6.39, 4;
    %load/vec4 v0000023887f4c690_0;
    %cmpi/e 0, 0, 1;
    %jmp/0xz  T_6.41, 4;
    %load/vec4 v0000023887f4a070_0;
    %load/vec4 v0000023887f4a6b0_0;
    %pad/u 7;
    %ix/vec4 3;
    %ix/load 4, 0, 0; Constant delay
    %assign/vec4/a/d v0000023887f4bab0, 0, 4;
    %pushi/vec4 1, 0, 1;
    %load/vec4 v0000023887f4a6b0_0;
    %pad/u 7;
    %ix/vec4 3;
    %ix/load 4, 0, 0; Constant delay
    %assign/vec4/a/d v0000023887f4b3d0, 0, 4;
    %jmp T_6.42;
T_6.41 ;
    %load/vec4 v0000023887f4a070_0;
    %load/vec4 v0000023887f4a6b0_0;
    %pad/u 7;
    %ix/vec4 3;
    %ix/load 4, 0, 0; Constant delay
    %assign/vec4/a/d v0000023887f4aed0, 0, 4;
    %pushi/vec4 1, 0, 1;
    %load/vec4 v0000023887f4a6b0_0;
    %pad/u 7;
    %ix/vec4 3;
    %ix/load 4, 1, 0; part off
    %ix/load 5, 0, 0; Constant delay
    %assign/vec4/a/d v0000023887f4b3d0, 4, 5;
T_6.42 ;
    %load/vec4 v0000023887f4c7d0_0;
    %flag_set/vec4 8;
    %jmp/0xz  T_6.43, 8;
    %pushi/vec4 3, 0, 2;
    %assign/vec4 v0000023887f4a9d0_0, 0;
    %jmp T_6.44;
T_6.43 ;
    %load/vec4 v0000023887f4c690_0;
    %inv;
    %load/vec4 v0000023887f4a6b0_0;
    %pad/u 7;
    %ix/vec4 3;
    %ix/load 4, 0, 0; Constant delay
    %assign/vec4/a/d v0000023887f4b5b0, 0, 4;
    %pushi/vec4 0, 0, 2;
    %assign/vec4 v0000023887f4a9d0_0, 0;
T_6.44 ;
    %jmp T_6.40;
T_6.39 ;
    %load/vec4 v0000023887f4be70_0;
    %addi 1, 0, 2;
    %assign/vec4 v0000023887f4be70_0, 0;
    %pushi/vec4 1, 0, 2;
    %assign/vec4 v0000023887f4a9d0_0, 0;
T_6.40 ;
T_6.35 ;
    %jmp T_6.11;
T_6.9 ;
    %load/vec4 v0000023887f4a390_0;
    %flag_set/vec4 8;
    %jmp/0xz  T_6.45, 8;
    %load/vec4 v0000023887f4c690_0;
    %cmpi/e 0, 0, 1;
    %jmp/0xz  T_6.47, 4;
    %load/vec4 v0000023887f4b1f0_0;
    %load/vec4 v0000023887f4a6b0_0;
    %pad/u 10;
    %pad/u 12;
    %muli 4, 0, 12;
    %pad/u 13;
    %load/vec4 v0000023887f4c730_0;
    %pad/u 4;
    %pad/u 13;
    %add;
    %ix/vec4 3;
    %ix/load 4, 0, 0; Constant delay
    %assign/vec4/a/d v0000023887f4d770, 0, 4;
    %jmp T_6.48;
T_6.47 ;
    %load/vec4 v0000023887f4b1f0_0;
    %load/vec4 v0000023887f4a6b0_0;
    %pad/u 10;
    %pad/u 12;
    %muli 4, 0, 12;
    %pad/u 13;
    %load/vec4 v0000023887f4c730_0;
    %pad/u 4;
    %pad/u 13;
    %add;
    %ix/vec4 3;
    %ix/load 4, 0, 0; Constant delay
    %assign/vec4/a/d v0000023887f4d950, 0, 4;
T_6.48 ;
    %load/vec4 v0000023887f4c690_0;
    %inv;
    %load/vec4 v0000023887f4a6b0_0;
    %pad/u 7;
    %ix/vec4 3;
    %ix/load 4, 0, 0; Constant delay
    %assign/vec4/a/d v0000023887f4b5b0, 0, 4;
    %pushi/vec4 0, 0, 2;
    %assign/vec4 v0000023887f4a9d0_0, 0;
T_6.45 ;
    %jmp T_6.11;
T_6.11 ;
    %pop/vec4 1;
T_6.1 ;
    %jmp T_6;
    .thread T_6;
    .scope S_0000023887ccdf50;
T_7 ;
    %wait E_0000023887ed3740;
    %load/vec4 v0000023887f53930_0;
    %flag_set/vec4 8;
    %jmp/0xz  T_7.0, 8;
    %pushi/vec4 0, 0, 32;
    %ix/load 3, 0, 0;
    %flag_set/imm 4, 0;
    %ix/load 4, 0, 0; Constant delay
    %assign/vec4/a/d v0000023887f53bb0, 0, 4;
    %pushi/vec4 0, 0, 32;
    %ix/load 3, 1, 0;
    %flag_set/imm 4, 0;
    %ix/load 4, 0, 0; Constant delay
    %assign/vec4/a/d v0000023887f53bb0, 0, 4;
    %pushi/vec4 0, 0, 32;
    %ix/load 3, 2, 0;
    %flag_set/imm 4, 0;
    %ix/load 4, 0, 0; Constant delay
    %assign/vec4/a/d v0000023887f53bb0, 0, 4;
    %pushi/vec4 0, 0, 32;
    %ix/load 3, 3, 0;
    %flag_set/imm 4, 0;
    %ix/load 4, 0, 0; Constant delay
    %assign/vec4/a/d v0000023887f53bb0, 0, 4;
    %pushi/vec4 0, 0, 32;
    %ix/load 3, 4, 0;
    %flag_set/imm 4, 0;
    %ix/load 4, 0, 0; Constant delay
    %assign/vec4/a/d v0000023887f53bb0, 0, 4;
    %pushi/vec4 0, 0, 32;
    %ix/load 3, 5, 0;
    %flag_set/imm 4, 0;
    %ix/load 4, 0, 0; Constant delay
    %assign/vec4/a/d v0000023887f53bb0, 0, 4;
    %pushi/vec4 0, 0, 32;
    %ix/load 3, 6, 0;
    %flag_set/imm 4, 0;
    %ix/load 4, 0, 0; Constant delay
    %assign/vec4/a/d v0000023887f53bb0, 0, 4;
    %pushi/vec4 0, 0, 32;
    %ix/load 3, 7, 0;
    %flag_set/imm 4, 0;
    %ix/load 4, 0, 0; Constant delay
    %assign/vec4/a/d v0000023887f53bb0, 0, 4;
    %pushi/vec4 0, 0, 32;
    %ix/load 3, 8, 0;
    %flag_set/imm 4, 0;
    %ix/load 4, 0, 0; Constant delay
    %assign/vec4/a/d v0000023887f53bb0, 0, 4;
    %pushi/vec4 0, 0, 32;
    %ix/load 3, 9, 0;
    %flag_set/imm 4, 0;
    %ix/load 4, 0, 0; Constant delay
    %assign/vec4/a/d v0000023887f53bb0, 0, 4;
    %pushi/vec4 0, 0, 32;
    %ix/load 3, 10, 0;
    %flag_set/imm 4, 0;
    %ix/load 4, 0, 0; Constant delay
    %assign/vec4/a/d v0000023887f53bb0, 0, 4;
    %pushi/vec4 0, 0, 32;
    %ix/load 3, 11, 0;
    %flag_set/imm 4, 0;
    %ix/load 4, 0, 0; Constant delay
    %assign/vec4/a/d v0000023887f53bb0, 0, 4;
    %pushi/vec4 0, 0, 32;
    %ix/load 3, 12, 0;
    %flag_set/imm 4, 0;
    %ix/load 4, 0, 0; Constant delay
    %assign/vec4/a/d v0000023887f53bb0, 0, 4;
    %pushi/vec4 0, 0, 32;
    %ix/load 3, 13, 0;
    %flag_set/imm 4, 0;
    %ix/load 4, 0, 0; Constant delay
    %assign/vec4/a/d v0000023887f53bb0, 0, 4;
    %pushi/vec4 0, 0, 32;
    %ix/load 3, 14, 0;
    %flag_set/imm 4, 0;
    %ix/load 4, 0, 0; Constant delay
    %assign/vec4/a/d v0000023887f53bb0, 0, 4;
    %pushi/vec4 0, 0, 32;
    %ix/load 3, 15, 0;
    %flag_set/imm 4, 0;
    %ix/load 4, 0, 0; Constant delay
    %assign/vec4/a/d v0000023887f53bb0, 0, 4;
    %pushi/vec4 0, 0, 32;
    %ix/load 3, 16, 0;
    %flag_set/imm 4, 0;
    %ix/load 4, 0, 0; Constant delay
    %assign/vec4/a/d v0000023887f53bb0, 0, 4;
    %pushi/vec4 0, 0, 32;
    %ix/load 3, 17, 0;
    %flag_set/imm 4, 0;
    %ix/load 4, 0, 0; Constant delay
    %assign/vec4/a/d v0000023887f53bb0, 0, 4;
    %pushi/vec4 0, 0, 32;
    %ix/load 3, 18, 0;
    %flag_set/imm 4, 0;
    %ix/load 4, 0, 0; Constant delay
    %assign/vec4/a/d v0000023887f53bb0, 0, 4;
    %pushi/vec4 0, 0, 32;
    %ix/load 3, 19, 0;
    %flag_set/imm 4, 0;
    %ix/load 4, 0, 0; Constant delay
    %assign/vec4/a/d v0000023887f53bb0, 0, 4;
    %pushi/vec4 0, 0, 32;
    %ix/load 3, 20, 0;
    %flag_set/imm 4, 0;
    %ix/load 4, 0, 0; Constant delay
    %assign/vec4/a/d v0000023887f53bb0, 0, 4;
    %pushi/vec4 0, 0, 32;
    %ix/load 3, 21, 0;
    %flag_set/imm 4, 0;
    %ix/load 4, 0, 0; Constant delay
    %assign/vec4/a/d v0000023887f53bb0, 0, 4;
    %pushi/vec4 0, 0, 32;
    %ix/load 3, 22, 0;
    %flag_set/imm 4, 0;
    %ix/load 4, 0, 0; Constant delay
    %assign/vec4/a/d v0000023887f53bb0, 0, 4;
    %pushi/vec4 0, 0, 32;
    %ix/load 3, 23, 0;
    %flag_set/imm 4, 0;
    %ix/load 4, 0, 0; Constant delay
    %assign/vec4/a/d v0000023887f53bb0, 0, 4;
    %pushi/vec4 0, 0, 32;
    %ix/load 3, 24, 0;
    %flag_set/imm 4, 0;
    %ix/load 4, 0, 0; Constant delay
    %assign/vec4/a/d v0000023887f53bb0, 0, 4;
    %pushi/vec4 0, 0, 32;
    %ix/load 3, 25, 0;
    %flag_set/imm 4, 0;
    %ix/load 4, 0, 0; Constant delay
    %assign/vec4/a/d v0000023887f53bb0, 0, 4;
    %pushi/vec4 0, 0, 32;
    %ix/load 3, 26, 0;
    %flag_set/imm 4, 0;
    %ix/load 4, 0, 0; Constant delay
    %assign/vec4/a/d v0000023887f53bb0, 0, 4;
    %pushi/vec4 0, 0, 32;
    %ix/load 3, 27, 0;
    %flag_set/imm 4, 0;
    %ix/load 4, 0, 0; Constant delay
    %assign/vec4/a/d v0000023887f53bb0, 0, 4;
    %pushi/vec4 0, 0, 32;
    %ix/load 3, 28, 0;
    %flag_set/imm 4, 0;
    %ix/load 4, 0, 0; Constant delay
    %assign/vec4/a/d v0000023887f53bb0, 0, 4;
    %pushi/vec4 0, 0, 32;
    %ix/load 3, 29, 0;
    %flag_set/imm 4, 0;
    %ix/load 4, 0, 0; Constant delay
    %assign/vec4/a/d v0000023887f53bb0, 0, 4;
    %pushi/vec4 0, 0, 32;
    %ix/load 3, 30, 0;
    %flag_set/imm 4, 0;
    %ix/load 4, 0, 0; Constant delay
    %assign/vec4/a/d v0000023887f53bb0, 0, 4;
    %pushi/vec4 0, 0, 32;
    %ix/load 3, 31, 0;
    %flag_set/imm 4, 0;
    %ix/load 4, 0, 0; Constant delay
    %assign/vec4/a/d v0000023887f53bb0, 0, 4;
    %jmp T_7.1;
T_7.0 ;
    %load/vec4 v0000023887f51ef0_0;
    %flag_set/vec4 9;
    %flag_get/vec4 9;
    %jmp/0 T_7.4, 9;
    %load/vec4 v0000023887f53070_0;
    %pushi/vec4 0, 0, 5;
    %cmp/ne;
    %flag_get/vec4 4;
    %and;
T_7.4;
    %flag_set/vec4 8;
    %jmp/0xz  T_7.2, 8;
    %load/vec4 v0000023887f51e50_0;
    %load/vec4 v0000023887f53070_0;
    %pad/u 7;
    %ix/vec4 3;
    %ix/load 4, 0, 0; Constant delay
    %assign/vec4/a/d v0000023887f53bb0, 0, 4;
T_7.2 ;
T_7.1 ;
    %jmp T_7;
    .thread T_7;
    .scope S_0000023887880b70;
T_8 ;
    %wait E_0000023887ed3780;
    %pushi/vec4 0, 0, 3;
    %store/vec4 v0000023887f4ff10_0, 0, 3;
    %pushi/vec4 0, 0, 1;
    %store/vec4 v0000023887f4ffb0_0, 0, 1;
    %pushi/vec4 0, 0, 1;
    %store/vec4 v0000023887f4fd30_0, 0, 1;
    %pushi/vec4 0, 0, 1;
    %store/vec4 v0000023887f50c30_0, 0, 1;
    %load/vec4 v0000023887f50e10_0;
    %dup/vec4;
    %pushi/vec4 1, 2, 3;
    %cmp/z;
    %jmp/1 T_8.0, 4;
    %dup/vec4;
    %pushi/vec4 0, 2, 3;
    %cmp/z;
    %jmp/1 T_8.1, 4;
    %dup/vec4;
    %pushi/vec4 6, 0, 3;
    %cmp/z;
    %jmp/1 T_8.2, 4;
    %pushi/vec4 0, 0, 3;
    %store/vec4 v0000023887f4ff10_0, 0, 3;
    %pushi/vec4 0, 0, 1;
    %store/vec4 v0000023887f4ffb0_0, 0, 1;
    %pushi/vec4 0, 0, 1;
    %store/vec4 v0000023887f4fd30_0, 0, 1;
    %pushi/vec4 0, 0, 1;
    %store/vec4 v0000023887f50c30_0, 0, 1;
    %jmp T_8.4;
T_8.0 ;
    %load/vec4 v0000023887f50eb0_0;
    %dup/vec4;
    %pushi/vec4 55, 0, 7;
    %cmp/u;
    %jmp/1 T_8.5, 6;
    %dup/vec4;
    %pushi/vec4 23, 0, 7;
    %cmp/u;
    %jmp/1 T_8.6, 6;
    %load/vec4 v0000023887f50370_0;
    %store/vec4 v0000023887f4ff10_0, 0, 3;
    %load/vec4 v0000023887f50eb0_0;
    %pushi/vec4 51, 0, 7;
    %cmp/e;
    %flag_get/vec4 4;
    %load/vec4 v0000023887f50370_0;
    %pushi/vec4 0, 0, 3;
    %cmp/e;
    %flag_get/vec4 4;
    %and;
    %load/vec4 v0000023887f50690_0;
    %parti/s 1, 5, 4;
    %and;
    %store/vec4 v0000023887f4ffb0_0, 0, 1;
    %load/vec4 v0000023887f50370_0;
    %pushi/vec4 3, 0, 3;
    %cmp/e;
    %flag_get/vec4 4;
    %store/vec4 v0000023887f4fd30_0, 0, 1;
    %load/vec4 v0000023887f50370_0;
    %pushi/vec4 5, 0, 3;
    %cmp/e;
    %flag_get/vec4 4;
    %load/vec4 v0000023887f50690_0;
    %parti/s 1, 5, 4;
    %and;
    %store/vec4 v0000023887f50c30_0, 0, 1;
    %jmp T_8.8;
T_8.5 ;
    %pushi/vec4 0, 0, 3;
    %store/vec4 v0000023887f4ff10_0, 0, 3;
    %pushi/vec4 0, 0, 1;
    %store/vec4 v0000023887f4ffb0_0, 0, 1;
    %pushi/vec4 0, 0, 1;
    %store/vec4 v0000023887f4fd30_0, 0, 1;
    %pushi/vec4 0, 0, 1;
    %store/vec4 v0000023887f50c30_0, 0, 1;
    %jmp T_8.8;
T_8.6 ;
    %pushi/vec4 0, 0, 3;
    %store/vec4 v0000023887f4ff10_0, 0, 3;
    %pushi/vec4 0, 0, 1;
    %store/vec4 v0000023887f4ffb0_0, 0, 1;
    %pushi/vec4 0, 0, 1;
    %store/vec4 v0000023887f4fd30_0, 0, 1;
    %pushi/vec4 0, 0, 1;
    %store/vec4 v0000023887f50c30_0, 0, 1;
    %jmp T_8.8;
T_8.8 ;
    %pop/vec4 1;
    %jmp T_8.4;
T_8.1 ;
    %pushi/vec4 0, 0, 3;
    %store/vec4 v0000023887f4ff10_0, 0, 3;
    %pushi/vec4 0, 0, 1;
    %store/vec4 v0000023887f4ffb0_0, 0, 1;
    %pushi/vec4 0, 0, 1;
    %store/vec4 v0000023887f4fd30_0, 0, 1;
    %pushi/vec4 0, 0, 1;
    %store/vec4 v0000023887f50c30_0, 0, 1;
    %jmp T_8.4;
T_8.2 ;
    %pushi/vec4 0, 0, 3;
    %store/vec4 v0000023887f4ff10_0, 0, 3;
    %load/vec4 v0000023887f50eb0_0;
    %pushi/vec4 99, 0, 7;
    %cmp/e;
    %flag_get/vec4 4;
    %store/vec4 v0000023887f4ffb0_0, 0, 1;
    %load/vec4 v0000023887f50eb0_0;
    %pushi/vec4 99, 0, 7;
    %cmp/e;
    %flag_get/vec4 4;
    %load/vec4 v0000023887f50370_0;
    %parti/s 1, 1, 2;
    %and;
    %store/vec4 v0000023887f4fd30_0, 0, 1;
    %pushi/vec4 0, 0, 1;
    %store/vec4 v0000023887f50c30_0, 0, 1;
    %jmp T_8.4;
T_8.4 ;
    %pop/vec4 1;
    %jmp T_8;
    .thread T_8, $push;
    .scope S_0000023887ccf610;
T_9 ;
    %wait E_0000023887ed4640;
    %load/vec4 v0000023887f4ecf0_0;
    %dup/vec4;
    %pushi/vec4 0, 0, 5;
    %cmp/u;
    %jmp/1 T_9.0, 6;
    %dup/vec4;
    %pushi/vec4 1, 0, 5;
    %cmp/u;
    %jmp/1 T_9.1, 6;
    %dup/vec4;
    %pushi/vec4 2, 0, 5;
    %cmp/u;
    %jmp/1 T_9.2, 6;
    %dup/vec4;
    %pushi/vec4 3, 0, 5;
    %cmp/u;
    %jmp/1 T_9.3, 6;
    %dup/vec4;
    %pushi/vec4 4, 0, 5;
    %cmp/u;
    %jmp/1 T_9.4, 6;
    %dup/vec4;
    %pushi/vec4 5, 0, 5;
    %cmp/u;
    %jmp/1 T_9.5, 6;
    %dup/vec4;
    %pushi/vec4 6, 0, 5;
    %cmp/u;
    %jmp/1 T_9.6, 6;
    %dup/vec4;
    %pushi/vec4 7, 0, 5;
    %cmp/u;
    %jmp/1 T_9.7, 6;
    %dup/vec4;
    %pushi/vec4 8, 0, 5;
    %cmp/u;
    %jmp/1 T_9.8, 6;
    %dup/vec4;
    %pushi/vec4 9, 0, 5;
    %cmp/u;
    %jmp/1 T_9.9, 6;
    %dup/vec4;
    %pushi/vec4 10, 0, 5;
    %cmp/u;
    %jmp/1 T_9.10, 6;
    %dup/vec4;
    %pushi/vec4 11, 0, 5;
    %cmp/u;
    %jmp/1 T_9.11, 6;
    %dup/vec4;
    %pushi/vec4 12, 0, 5;
    %cmp/u;
    %jmp/1 T_9.12, 6;
    %dup/vec4;
    %pushi/vec4 13, 0, 5;
    %cmp/u;
    %jmp/1 T_9.13, 6;
    %dup/vec4;
    %pushi/vec4 14, 0, 5;
    %cmp/u;
    %jmp/1 T_9.14, 6;
    %dup/vec4;
    %pushi/vec4 15, 0, 5;
    %cmp/u;
    %jmp/1 T_9.15, 6;
    %dup/vec4;
    %pushi/vec4 16, 0, 5;
    %cmp/u;
    %jmp/1 T_9.16, 6;
    %dup/vec4;
    %pushi/vec4 17, 0, 5;
    %cmp/u;
    %jmp/1 T_9.17, 6;
    %dup/vec4;
    %pushi/vec4 18, 0, 5;
    %cmp/u;
    %jmp/1 T_9.18, 6;
    %dup/vec4;
    %pushi/vec4 19, 0, 5;
    %cmp/u;
    %jmp/1 T_9.19, 6;
    %dup/vec4;
    %pushi/vec4 20, 0, 5;
    %cmp/u;
    %jmp/1 T_9.20, 6;
    %dup/vec4;
    %pushi/vec4 21, 0, 5;
    %cmp/u;
    %jmp/1 T_9.21, 6;
    %dup/vec4;
    %pushi/vec4 22, 0, 5;
    %cmp/u;
    %jmp/1 T_9.22, 6;
    %dup/vec4;
    %pushi/vec4 23, 0, 5;
    %cmp/u;
    %jmp/1 T_9.23, 6;
    %dup/vec4;
    %pushi/vec4 24, 0, 5;
    %cmp/u;
    %jmp/1 T_9.24, 6;
    %dup/vec4;
    %pushi/vec4 25, 0, 5;
    %cmp/u;
    %jmp/1 T_9.25, 6;
    %dup/vec4;
    %pushi/vec4 26, 0, 5;
    %cmp/u;
    %jmp/1 T_9.26, 6;
    %dup/vec4;
    %pushi/vec4 27, 0, 5;
    %cmp/u;
    %jmp/1 T_9.27, 6;
    %dup/vec4;
    %pushi/vec4 28, 0, 5;
    %cmp/u;
    %jmp/1 T_9.28, 6;
    %dup/vec4;
    %pushi/vec4 29, 0, 5;
    %cmp/u;
    %jmp/1 T_9.29, 6;
    %dup/vec4;
    %pushi/vec4 30, 0, 5;
    %cmp/u;
    %jmp/1 T_9.30, 6;
    %dup/vec4;
    %pushi/vec4 31, 0, 5;
    %cmp/u;
    %jmp/1 T_9.31, 6;
    %pushi/vec4 0, 0, 32;
    %store/vec4 v0000023887f4fdd0_0, 0, 32;
    %jmp T_9.33;
T_9.0 ;
    %load/vec4 v0000023887f50a50_0;
    %store/vec4 v0000023887f4fdd0_0, 0, 32;
    %jmp T_9.33;
T_9.1 ;
    %load/vec4 v0000023887f50a50_0;
    %parti/s 31, 0, 2;
    %concati/vec4 0, 0, 1;
    %store/vec4 v0000023887f4fdd0_0, 0, 32;
    %jmp T_9.33;
T_9.2 ;
    %load/vec4 v0000023887f50a50_0;
    %parti/s 30, 0, 2;
    %concati/vec4 0, 0, 2;
    %store/vec4 v0000023887f4fdd0_0, 0, 32;
    %jmp T_9.33;
T_9.3 ;
    %load/vec4 v0000023887f50a50_0;
    %parti/s 29, 0, 2;
    %concati/vec4 0, 0, 3;
    %store/vec4 v0000023887f4fdd0_0, 0, 32;
    %jmp T_9.33;
T_9.4 ;
    %load/vec4 v0000023887f50a50_0;
    %parti/s 28, 0, 2;
    %concati/vec4 0, 0, 4;
    %store/vec4 v0000023887f4fdd0_0, 0, 32;
    %jmp T_9.33;
T_9.5 ;
    %load/vec4 v0000023887f50a50_0;
    %parti/s 27, 0, 2;
    %concati/vec4 0, 0, 5;
    %store/vec4 v0000023887f4fdd0_0, 0, 32;
    %jmp T_9.33;
T_9.6 ;
    %load/vec4 v0000023887f50a50_0;
    %parti/s 26, 0, 2;
    %concati/vec4 0, 0, 6;
    %store/vec4 v0000023887f4fdd0_0, 0, 32;
    %jmp T_9.33;
T_9.7 ;
    %load/vec4 v0000023887f50a50_0;
    %parti/s 25, 0, 2;
    %concati/vec4 0, 0, 7;
    %store/vec4 v0000023887f4fdd0_0, 0, 32;
    %jmp T_9.33;
T_9.8 ;
    %load/vec4 v0000023887f50a50_0;
    %parti/s 24, 0, 2;
    %concati/vec4 0, 0, 8;
    %store/vec4 v0000023887f4fdd0_0, 0, 32;
    %jmp T_9.33;
T_9.9 ;
    %load/vec4 v0000023887f50a50_0;
    %parti/s 23, 0, 2;
    %concati/vec4 0, 0, 9;
    %store/vec4 v0000023887f4fdd0_0, 0, 32;
    %jmp T_9.33;
T_9.10 ;
    %load/vec4 v0000023887f50a50_0;
    %parti/s 22, 0, 2;
    %concati/vec4 0, 0, 10;
    %store/vec4 v0000023887f4fdd0_0, 0, 32;
    %jmp T_9.33;
T_9.11 ;
    %load/vec4 v0000023887f50a50_0;
    %parti/s 21, 0, 2;
    %concati/vec4 0, 0, 11;
    %store/vec4 v0000023887f4fdd0_0, 0, 32;
    %jmp T_9.33;
T_9.12 ;
    %load/vec4 v0000023887f50a50_0;
    %parti/s 20, 0, 2;
    %concati/vec4 0, 0, 12;
    %store/vec4 v0000023887f4fdd0_0, 0, 32;
    %jmp T_9.33;
T_9.13 ;
    %load/vec4 v0000023887f50a50_0;
    %parti/s 19, 0, 2;
    %concati/vec4 0, 0, 13;
    %store/vec4 v0000023887f4fdd0_0, 0, 32;
    %jmp T_9.33;
T_9.14 ;
    %load/vec4 v0000023887f50a50_0;
    %parti/s 18, 0, 2;
    %concati/vec4 0, 0, 14;
    %store/vec4 v0000023887f4fdd0_0, 0, 32;
    %jmp T_9.33;
T_9.15 ;
    %load/vec4 v0000023887f50a50_0;
    %parti/s 17, 0, 2;
    %concati/vec4 0, 0, 15;
    %store/vec4 v0000023887f4fdd0_0, 0, 32;
    %jmp T_9.33;
T_9.16 ;
    %load/vec4 v0000023887f50a50_0;
    %parti/s 16, 0, 2;
    %concati/vec4 0, 0, 16;
    %store/vec4 v0000023887f4fdd0_0, 0, 32;
    %jmp T_9.33;
T_9.17 ;
    %load/vec4 v0000023887f50a50_0;
    %parti/s 15, 0, 2;
    %concati/vec4 0, 0, 17;
    %store/vec4 v0000023887f4fdd0_0, 0, 32;
    %jmp T_9.33;
T_9.18 ;
    %load/vec4 v0000023887f50a50_0;
    %parti/s 14, 0, 2;
    %concati/vec4 0, 0, 18;
    %store/vec4 v0000023887f4fdd0_0, 0, 32;
    %jmp T_9.33;
T_9.19 ;
    %load/vec4 v0000023887f50a50_0;
    %parti/s 13, 0, 2;
    %concati/vec4 0, 0, 19;
    %store/vec4 v0000023887f4fdd0_0, 0, 32;
    %jmp T_9.33;
T_9.20 ;
    %load/vec4 v0000023887f50a50_0;
    %parti/s 12, 0, 2;
    %concati/vec4 0, 0, 20;
    %store/vec4 v0000023887f4fdd0_0, 0, 32;
    %jmp T_9.33;
T_9.21 ;
    %load/vec4 v0000023887f50a50_0;
    %parti/s 11, 0, 2;
    %concati/vec4 0, 0, 21;
    %store/vec4 v0000023887f4fdd0_0, 0, 32;
    %jmp T_9.33;
T_9.22 ;
    %load/vec4 v0000023887f50a50_0;
    %parti/s 10, 0, 2;
    %concati/vec4 0, 0, 22;
    %store/vec4 v0000023887f4fdd0_0, 0, 32;
    %jmp T_9.33;
T_9.23 ;
    %load/vec4 v0000023887f50a50_0;
    %parti/s 9, 0, 2;
    %concati/vec4 0, 0, 23;
    %store/vec4 v0000023887f4fdd0_0, 0, 32;
    %jmp T_9.33;
T_9.24 ;
    %load/vec4 v0000023887f50a50_0;
    %parti/s 8, 0, 2;
    %concati/vec4 0, 0, 24;
    %store/vec4 v0000023887f4fdd0_0, 0, 32;
    %jmp T_9.33;
T_9.25 ;
    %load/vec4 v0000023887f50a50_0;
    %parti/s 7, 0, 2;
    %concati/vec4 0, 0, 25;
    %store/vec4 v0000023887f4fdd0_0, 0, 32;
    %jmp T_9.33;
T_9.26 ;
    %load/vec4 v0000023887f50a50_0;
    %parti/s 6, 0, 2;
    %concati/vec4 0, 0, 26;
    %store/vec4 v0000023887f4fdd0_0, 0, 32;
    %jmp T_9.33;
T_9.27 ;
    %load/vec4 v0000023887f50a50_0;
    %parti/s 5, 0, 2;
    %concati/vec4 0, 0, 27;
    %store/vec4 v0000023887f4fdd0_0, 0, 32;
    %jmp T_9.33;
T_9.28 ;
    %load/vec4 v0000023887f50a50_0;
    %parti/s 4, 0, 2;
    %concati/vec4 0, 0, 28;
    %store/vec4 v0000023887f4fdd0_0, 0, 32;
    %jmp T_9.33;
T_9.29 ;
    %load/vec4 v0000023887f50a50_0;
    %parti/s 3, 0, 2;
    %concati/vec4 0, 0, 29;
    %store/vec4 v0000023887f4fdd0_0, 0, 32;
    %jmp T_9.33;
T_9.30 ;
    %load/vec4 v0000023887f50a50_0;
    %parti/s 2, 0, 2;
    %concati/vec4 0, 0, 30;
    %store/vec4 v0000023887f4fdd0_0, 0, 32;
    %jmp T_9.33;
T_9.31 ;
    %load/vec4 v0000023887f50a50_0;
    %parti/s 1, 0, 2;
    %concati/vec4 0, 0, 31;
    %store/vec4 v0000023887f4fdd0_0, 0, 32;
    %jmp T_9.33;
T_9.33 ;
    %pop/vec4 1;
    %jmp T_9;
    .thread T_9, $push;
    .scope S_0000023887ccf610;
T_10 ;
    %wait E_0000023887ed4640;
    %load/vec4 v0000023887f4ecf0_0;
    %dup/vec4;
    %pushi/vec4 0, 0, 5;
    %cmp/u;
    %jmp/1 T_10.0, 6;
    %dup/vec4;
    %pushi/vec4 1, 0, 5;
    %cmp/u;
    %jmp/1 T_10.1, 6;
    %dup/vec4;
    %pushi/vec4 2, 0, 5;
    %cmp/u;
    %jmp/1 T_10.2, 6;
    %dup/vec4;
    %pushi/vec4 3, 0, 5;
    %cmp/u;
    %jmp/1 T_10.3, 6;
    %dup/vec4;
    %pushi/vec4 4, 0, 5;
    %cmp/u;
    %jmp/1 T_10.4, 6;
    %dup/vec4;
    %pushi/vec4 5, 0, 5;
    %cmp/u;
    %jmp/1 T_10.5, 6;
    %dup/vec4;
    %pushi/vec4 6, 0, 5;
    %cmp/u;
    %jmp/1 T_10.6, 6;
    %dup/vec4;
    %pushi/vec4 7, 0, 5;
    %cmp/u;
    %jmp/1 T_10.7, 6;
    %dup/vec4;
    %pushi/vec4 8, 0, 5;
    %cmp/u;
    %jmp/1 T_10.8, 6;
    %dup/vec4;
    %pushi/vec4 9, 0, 5;
    %cmp/u;
    %jmp/1 T_10.9, 6;
    %dup/vec4;
    %pushi/vec4 10, 0, 5;
    %cmp/u;
    %jmp/1 T_10.10, 6;
    %dup/vec4;
    %pushi/vec4 11, 0, 5;
    %cmp/u;
    %jmp/1 T_10.11, 6;
    %dup/vec4;
    %pushi/vec4 12, 0, 5;
    %cmp/u;
    %jmp/1 T_10.12, 6;
    %dup/vec4;
    %pushi/vec4 13, 0, 5;
    %cmp/u;
    %jmp/1 T_10.13, 6;
    %dup/vec4;
    %pushi/vec4 14, 0, 5;
    %cmp/u;
    %jmp/1 T_10.14, 6;
    %dup/vec4;
    %pushi/vec4 15, 0, 5;
    %cmp/u;
    %jmp/1 T_10.15, 6;
    %dup/vec4;
    %pushi/vec4 16, 0, 5;
    %cmp/u;
    %jmp/1 T_10.16, 6;
    %dup/vec4;
    %pushi/vec4 17, 0, 5;
    %cmp/u;
    %jmp/1 T_10.17, 6;
    %dup/vec4;
    %pushi/vec4 18, 0, 5;
    %cmp/u;
    %jmp/1 T_10.18, 6;
    %dup/vec4;
    %pushi/vec4 19, 0, 5;
    %cmp/u;
    %jmp/1 T_10.19, 6;
    %dup/vec4;
    %pushi/vec4 20, 0, 5;
    %cmp/u;
    %jmp/1 T_10.20, 6;
    %dup/vec4;
    %pushi/vec4 21, 0, 5;
    %cmp/u;
    %jmp/1 T_10.21, 6;
    %dup/vec4;
    %pushi/vec4 22, 0, 5;
    %cmp/u;
    %jmp/1 T_10.22, 6;
    %dup/vec4;
    %pushi/vec4 23, 0, 5;
    %cmp/u;
    %jmp/1 T_10.23, 6;
    %dup/vec4;
    %pushi/vec4 24, 0, 5;
    %cmp/u;
    %jmp/1 T_10.24, 6;
    %dup/vec4;
    %pushi/vec4 25, 0, 5;
    %cmp/u;
    %jmp/1 T_10.25, 6;
    %dup/vec4;
    %pushi/vec4 26, 0, 5;
    %cmp/u;
    %jmp/1 T_10.26, 6;
    %dup/vec4;
    %pushi/vec4 27, 0, 5;
    %cmp/u;
    %jmp/1 T_10.27, 6;
    %dup/vec4;
    %pushi/vec4 28, 0, 5;
    %cmp/u;
    %jmp/1 T_10.28, 6;
    %dup/vec4;
    %pushi/vec4 29, 0, 5;
    %cmp/u;
    %jmp/1 T_10.29, 6;
    %dup/vec4;
    %pushi/vec4 30, 0, 5;
    %cmp/u;
    %jmp/1 T_10.30, 6;
    %dup/vec4;
    %pushi/vec4 31, 0, 5;
    %cmp/u;
    %jmp/1 T_10.31, 6;
    %pushi/vec4 0, 0, 32;
    %store/vec4 v0000023887f4fc90_0, 0, 32;
    %jmp T_10.33;
T_10.0 ;
    %load/vec4 v0000023887f50a50_0;
    %store/vec4 v0000023887f4fc90_0, 0, 32;
    %jmp T_10.33;
T_10.1 ;
    %pushi/vec4 0, 0, 1;
    %load/vec4 v0000023887f50a50_0;
    %parti/s 31, 1, 2;
    %concat/vec4; draw_concat_vec4
    %store/vec4 v0000023887f4fc90_0, 0, 32;
    %jmp T_10.33;
T_10.2 ;
    %pushi/vec4 0, 0, 2;
    %load/vec4 v0000023887f50a50_0;
    %parti/s 30, 2, 3;
    %concat/vec4; draw_concat_vec4
    %store/vec4 v0000023887f4fc90_0, 0, 32;
    %jmp T_10.33;
T_10.3 ;
    %pushi/vec4 0, 0, 3;
    %load/vec4 v0000023887f50a50_0;
    %parti/s 29, 3, 3;
    %concat/vec4; draw_concat_vec4
    %store/vec4 v0000023887f4fc90_0, 0, 32;
    %jmp T_10.33;
T_10.4 ;
    %pushi/vec4 0, 0, 4;
    %load/vec4 v0000023887f50a50_0;
    %parti/s 28, 4, 4;
    %concat/vec4; draw_concat_vec4
    %store/vec4 v0000023887f4fc90_0, 0, 32;
    %jmp T_10.33;
T_10.5 ;
    %pushi/vec4 0, 0, 5;
    %load/vec4 v0000023887f50a50_0;
    %parti/s 27, 5, 4;
    %concat/vec4; draw_concat_vec4
    %store/vec4 v0000023887f4fc90_0, 0, 32;
    %jmp T_10.33;
T_10.6 ;
    %pushi/vec4 0, 0, 6;
    %load/vec4 v0000023887f50a50_0;
    %parti/s 26, 6, 4;
    %concat/vec4; draw_concat_vec4
    %store/vec4 v0000023887f4fc90_0, 0, 32;
    %jmp T_10.33;
T_10.7 ;
    %pushi/vec4 0, 0, 7;
    %load/vec4 v0000023887f50a50_0;
    %parti/s 25, 7, 4;
    %concat/vec4; draw_concat_vec4
    %store/vec4 v0000023887f4fc90_0, 0, 32;
    %jmp T_10.33;
T_10.8 ;
    %pushi/vec4 0, 0, 8;
    %load/vec4 v0000023887f50a50_0;
    %parti/s 24, 8, 5;
    %concat/vec4; draw_concat_vec4
    %store/vec4 v0000023887f4fc90_0, 0, 32;
    %jmp T_10.33;
T_10.9 ;
    %pushi/vec4 0, 0, 9;
    %load/vec4 v0000023887f50a50_0;
    %parti/s 23, 9, 5;
    %concat/vec4; draw_concat_vec4
    %store/vec4 v0000023887f4fc90_0, 0, 32;
    %jmp T_10.33;
T_10.10 ;
    %pushi/vec4 0, 0, 10;
    %load/vec4 v0000023887f50a50_0;
    %parti/s 22, 10, 5;
    %concat/vec4; draw_concat_vec4
    %store/vec4 v0000023887f4fc90_0, 0, 32;
    %jmp T_10.33;
T_10.11 ;
    %pushi/vec4 0, 0, 11;
    %load/vec4 v0000023887f50a50_0;
    %parti/s 21, 11, 5;
    %concat/vec4; draw_concat_vec4
    %store/vec4 v0000023887f4fc90_0, 0, 32;
    %jmp T_10.33;
T_10.12 ;
    %pushi/vec4 0, 0, 12;
    %load/vec4 v0000023887f50a50_0;
    %parti/s 20, 12, 5;
    %concat/vec4; draw_concat_vec4
    %store/vec4 v0000023887f4fc90_0, 0, 32;
    %jmp T_10.33;
T_10.13 ;
    %pushi/vec4 0, 0, 13;
    %load/vec4 v0000023887f50a50_0;
    %parti/s 19, 13, 5;
    %concat/vec4; draw_concat_vec4
    %store/vec4 v0000023887f4fc90_0, 0, 32;
    %jmp T_10.33;
T_10.14 ;
    %pushi/vec4 0, 0, 14;
    %load/vec4 v0000023887f50a50_0;
    %parti/s 18, 14, 5;
    %concat/vec4; draw_concat_vec4
    %store/vec4 v0000023887f4fc90_0, 0, 32;
    %jmp T_10.33;
T_10.15 ;
    %pushi/vec4 0, 0, 15;
    %load/vec4 v0000023887f50a50_0;
    %parti/s 17, 15, 5;
    %concat/vec4; draw_concat_vec4
    %store/vec4 v0000023887f4fc90_0, 0, 32;
    %jmp T_10.33;
T_10.16 ;
    %pushi/vec4 0, 0, 16;
    %load/vec4 v0000023887f50a50_0;
    %parti/s 16, 16, 6;
    %concat/vec4; draw_concat_vec4
    %store/vec4 v0000023887f4fc90_0, 0, 32;
    %jmp T_10.33;
T_10.17 ;
    %pushi/vec4 0, 0, 17;
    %load/vec4 v0000023887f50a50_0;
    %parti/s 15, 17, 6;
    %concat/vec4; draw_concat_vec4
    %store/vec4 v0000023887f4fc90_0, 0, 32;
    %jmp T_10.33;
T_10.18 ;
    %pushi/vec4 0, 0, 18;
    %load/vec4 v0000023887f50a50_0;
    %parti/s 14, 18, 6;
    %concat/vec4; draw_concat_vec4
    %store/vec4 v0000023887f4fc90_0, 0, 32;
    %jmp T_10.33;
T_10.19 ;
    %pushi/vec4 0, 0, 19;
    %load/vec4 v0000023887f50a50_0;
    %parti/s 13, 19, 6;
    %concat/vec4; draw_concat_vec4
    %store/vec4 v0000023887f4fc90_0, 0, 32;
    %jmp T_10.33;
T_10.20 ;
    %pushi/vec4 0, 0, 20;
    %load/vec4 v0000023887f50a50_0;
    %parti/s 12, 20, 6;
    %concat/vec4; draw_concat_vec4
    %store/vec4 v0000023887f4fc90_0, 0, 32;
    %jmp T_10.33;
T_10.21 ;
    %pushi/vec4 0, 0, 21;
    %load/vec4 v0000023887f50a50_0;
    %parti/s 11, 21, 6;
    %concat/vec4; draw_concat_vec4
    %store/vec4 v0000023887f4fc90_0, 0, 32;
    %jmp T_10.33;
T_10.22 ;
    %pushi/vec4 0, 0, 22;
    %load/vec4 v0000023887f50a50_0;
    %parti/s 10, 22, 6;
    %concat/vec4; draw_concat_vec4
    %store/vec4 v0000023887f4fc90_0, 0, 32;
    %jmp T_10.33;
T_10.23 ;
    %pushi/vec4 0, 0, 23;
    %load/vec4 v0000023887f50a50_0;
    %parti/s 9, 23, 6;
    %concat/vec4; draw_concat_vec4
    %store/vec4 v0000023887f4fc90_0, 0, 32;
    %jmp T_10.33;
T_10.24 ;
    %pushi/vec4 0, 0, 24;
    %load/vec4 v0000023887f50a50_0;
    %parti/s 8, 24, 6;
    %concat/vec4; draw_concat_vec4
    %store/vec4 v0000023887f4fc90_0, 0, 32;
    %jmp T_10.33;
T_10.25 ;
    %pushi/vec4 0, 0, 25;
    %load/vec4 v0000023887f50a50_0;
    %parti/s 7, 25, 6;
    %concat/vec4; draw_concat_vec4
    %store/vec4 v0000023887f4fc90_0, 0, 32;
    %jmp T_10.33;
T_10.26 ;
    %pushi/vec4 0, 0, 26;
    %load/vec4 v0000023887f50a50_0;
    %parti/s 6, 26, 6;
    %concat/vec4; draw_concat_vec4
    %store/vec4 v0000023887f4fc90_0, 0, 32;
    %jmp T_10.33;
T_10.27 ;
    %pushi/vec4 0, 0, 27;
    %load/vec4 v0000023887f50a50_0;
    %parti/s 5, 27, 6;
    %concat/vec4; draw_concat_vec4
    %store/vec4 v0000023887f4fc90_0, 0, 32;
    %jmp T_10.33;
T_10.28 ;
    %pushi/vec4 0, 0, 28;
    %load/vec4 v0000023887f50a50_0;
    %parti/s 4, 28, 6;
    %concat/vec4; draw_concat_vec4
    %store/vec4 v0000023887f4fc90_0, 0, 32;
    %jmp T_10.33;
T_10.29 ;
    %pushi/vec4 0, 0, 29;
    %load/vec4 v0000023887f50a50_0;
    %parti/s 3, 29, 6;
    %concat/vec4; draw_concat_vec4
    %store/vec4 v0000023887f4fc90_0, 0, 32;
    %jmp T_10.33;
T_10.30 ;
    %pushi/vec4 0, 0, 30;
    %load/vec4 v0000023887f50a50_0;
    %parti/s 2, 30, 6;
    %concat/vec4; draw_concat_vec4
    %store/vec4 v0000023887f4fc90_0, 0, 32;
    %jmp T_10.33;
T_10.31 ;
    %pushi/vec4 0, 0, 31;
    %load/vec4 v0000023887f50a50_0;
    %parti/s 1, 31, 6;
    %concat/vec4; draw_concat_vec4
    %store/vec4 v0000023887f4fc90_0, 0, 32;
    %jmp T_10.33;
T_10.33 ;
    %pop/vec4 1;
    %jmp T_10;
    .thread T_10, $push;
    .scope S_0000023887ccf610;
T_11 ;
    %wait E_0000023887ed4640;
    %load/vec4 v0000023887f4ecf0_0;
    %dup/vec4;
    %pushi/vec4 0, 0, 5;
    %cmp/u;
    %jmp/1 T_11.0, 6;
    %dup/vec4;
    %pushi/vec4 1, 0, 5;
    %cmp/u;
    %jmp/1 T_11.1, 6;
    %dup/vec4;
    %pushi/vec4 2, 0, 5;
    %cmp/u;
    %jmp/1 T_11.2, 6;
    %dup/vec4;
    %pushi/vec4 3, 0, 5;
    %cmp/u;
    %jmp/1 T_11.3, 6;
    %dup/vec4;
    %pushi/vec4 4, 0, 5;
    %cmp/u;
    %jmp/1 T_11.4, 6;
    %dup/vec4;
    %pushi/vec4 5, 0, 5;
    %cmp/u;
    %jmp/1 T_11.5, 6;
    %dup/vec4;
    %pushi/vec4 6, 0, 5;
    %cmp/u;
    %jmp/1 T_11.6, 6;
    %dup/vec4;
    %pushi/vec4 7, 0, 5;
    %cmp/u;
    %jmp/1 T_11.7, 6;
    %dup/vec4;
    %pushi/vec4 8, 0, 5;
    %cmp/u;
    %jmp/1 T_11.8, 6;
    %dup/vec4;
    %pushi/vec4 9, 0, 5;
    %cmp/u;
    %jmp/1 T_11.9, 6;
    %dup/vec4;
    %pushi/vec4 10, 0, 5;
    %cmp/u;
    %jmp/1 T_11.10, 6;
    %dup/vec4;
    %pushi/vec4 11, 0, 5;
    %cmp/u;
    %jmp/1 T_11.11, 6;
    %dup/vec4;
    %pushi/vec4 12, 0, 5;
    %cmp/u;
    %jmp/1 T_11.12, 6;
    %dup/vec4;
    %pushi/vec4 13, 0, 5;
    %cmp/u;
    %jmp/1 T_11.13, 6;
    %dup/vec4;
    %pushi/vec4 14, 0, 5;
    %cmp/u;
    %jmp/1 T_11.14, 6;
    %dup/vec4;
    %pushi/vec4 15, 0, 5;
    %cmp/u;
    %jmp/1 T_11.15, 6;
    %dup/vec4;
    %pushi/vec4 16, 0, 5;
    %cmp/u;
    %jmp/1 T_11.16, 6;
    %dup/vec4;
    %pushi/vec4 17, 0, 5;
    %cmp/u;
    %jmp/1 T_11.17, 6;
    %dup/vec4;
    %pushi/vec4 18, 0, 5;
    %cmp/u;
    %jmp/1 T_11.18, 6;
    %dup/vec4;
    %pushi/vec4 19, 0, 5;
    %cmp/u;
    %jmp/1 T_11.19, 6;
    %dup/vec4;
    %pushi/vec4 20, 0, 5;
    %cmp/u;
    %jmp/1 T_11.20, 6;
    %dup/vec4;
    %pushi/vec4 21, 0, 5;
    %cmp/u;
    %jmp/1 T_11.21, 6;
    %dup/vec4;
    %pushi/vec4 22, 0, 5;
    %cmp/u;
    %jmp/1 T_11.22, 6;
    %dup/vec4;
    %pushi/vec4 23, 0, 5;
    %cmp/u;
    %jmp/1 T_11.23, 6;
    %dup/vec4;
    %pushi/vec4 24, 0, 5;
    %cmp/u;
    %jmp/1 T_11.24, 6;
    %dup/vec4;
    %pushi/vec4 25, 0, 5;
    %cmp/u;
    %jmp/1 T_11.25, 6;
    %dup/vec4;
    %pushi/vec4 26, 0, 5;
    %cmp/u;
    %jmp/1 T_11.26, 6;
    %dup/vec4;
    %pushi/vec4 27, 0, 5;
    %cmp/u;
    %jmp/1 T_11.27, 6;
    %dup/vec4;
    %pushi/vec4 28, 0, 5;
    %cmp/u;
    %jmp/1 T_11.28, 6;
    %dup/vec4;
    %pushi/vec4 29, 0, 5;
    %cmp/u;
    %jmp/1 T_11.29, 6;
    %dup/vec4;
    %pushi/vec4 30, 0, 5;
    %cmp/u;
    %jmp/1 T_11.30, 6;
    %dup/vec4;
    %pushi/vec4 31, 0, 5;
    %cmp/u;
    %jmp/1 T_11.31, 6;
    %pushi/vec4 0, 0, 32;
    %store/vec4 v0000023887f500f0_0, 0, 32;
    %jmp T_11.33;
T_11.0 ;
    %load/vec4 v0000023887f50a50_0;
    %store/vec4 v0000023887f500f0_0, 0, 32;
    %jmp T_11.33;
T_11.1 ;
    %load/vec4 v0000023887f50a50_0;
    %parti/s 1, 31, 6;
    %load/vec4 v0000023887f50a50_0;
    %parti/s 31, 1, 2;
    %concat/vec4; draw_concat_vec4
    %store/vec4 v0000023887f500f0_0, 0, 32;
    %jmp T_11.33;
T_11.2 ;
    %load/vec4 v0000023887f50a50_0;
    %parti/s 1, 31, 6;
    %replicate 2;
    %load/vec4 v0000023887f50a50_0;
    %parti/s 30, 2, 3;
    %concat/vec4; draw_concat_vec4
    %store/vec4 v0000023887f500f0_0, 0, 32;
    %jmp T_11.33;
T_11.3 ;
    %load/vec4 v0000023887f50a50_0;
    %parti/s 1, 31, 6;
    %replicate 3;
    %load/vec4 v0000023887f50a50_0;
    %parti/s 29, 3, 3;
    %concat/vec4; draw_concat_vec4
    %store/vec4 v0000023887f500f0_0, 0, 32;
    %jmp T_11.33;
T_11.4 ;
    %load/vec4 v0000023887f50a50_0;
    %parti/s 1, 31, 6;
    %replicate 4;
    %load/vec4 v0000023887f50a50_0;
    %parti/s 28, 4, 4;
    %concat/vec4; draw_concat_vec4
    %store/vec4 v0000023887f500f0_0, 0, 32;
    %jmp T_11.33;
T_11.5 ;
    %load/vec4 v0000023887f50a50_0;
    %parti/s 1, 31, 6;
    %replicate 5;
    %load/vec4 v0000023887f50a50_0;
    %parti/s 27, 5, 4;
    %concat/vec4; draw_concat_vec4
    %store/vec4 v0000023887f500f0_0, 0, 32;
    %jmp T_11.33;
T_11.6 ;
    %load/vec4 v0000023887f50a50_0;
    %parti/s 1, 31, 6;
    %replicate 6;
    %load/vec4 v0000023887f50a50_0;
    %parti/s 26, 6, 4;
    %concat/vec4; draw_concat_vec4
    %store/vec4 v0000023887f500f0_0, 0, 32;
    %jmp T_11.33;
T_11.7 ;
    %load/vec4 v0000023887f50a50_0;
    %parti/s 1, 31, 6;
    %replicate 7;
    %load/vec4 v0000023887f50a50_0;
    %parti/s 25, 7, 4;
    %concat/vec4; draw_concat_vec4
    %store/vec4 v0000023887f500f0_0, 0, 32;
    %jmp T_11.33;
T_11.8 ;
    %load/vec4 v0000023887f50a50_0;
    %parti/s 1, 31, 6;
    %replicate 8;
    %load/vec4 v0000023887f50a50_0;
    %parti/s 24, 8, 5;
    %concat/vec4; draw_concat_vec4
    %store/vec4 v0000023887f500f0_0, 0, 32;
    %jmp T_11.33;
T_11.9 ;
    %load/vec4 v0000023887f50a50_0;
    %parti/s 1, 31, 6;
    %replicate 9;
    %load/vec4 v0000023887f50a50_0;
    %parti/s 23, 9, 5;
    %concat/vec4; draw_concat_vec4
    %store/vec4 v0000023887f500f0_0, 0, 32;
    %jmp T_11.33;
T_11.10 ;
    %load/vec4 v0000023887f50a50_0;
    %parti/s 1, 31, 6;
    %replicate 10;
    %load/vec4 v0000023887f50a50_0;
    %parti/s 22, 10, 5;
    %concat/vec4; draw_concat_vec4
    %store/vec4 v0000023887f500f0_0, 0, 32;
    %jmp T_11.33;
T_11.11 ;
    %load/vec4 v0000023887f50a50_0;
    %parti/s 1, 31, 6;
    %replicate 11;
    %load/vec4 v0000023887f50a50_0;
    %parti/s 21, 11, 5;
    %concat/vec4; draw_concat_vec4
    %store/vec4 v0000023887f500f0_0, 0, 32;
    %jmp T_11.33;
T_11.12 ;
    %load/vec4 v0000023887f50a50_0;
    %parti/s 1, 31, 6;
    %replicate 12;
    %load/vec4 v0000023887f50a50_0;
    %parti/s 20, 12, 5;
    %concat/vec4; draw_concat_vec4
    %store/vec4 v0000023887f500f0_0, 0, 32;
    %jmp T_11.33;
T_11.13 ;
    %load/vec4 v0000023887f50a50_0;
    %parti/s 1, 31, 6;
    %replicate 13;
    %load/vec4 v0000023887f50a50_0;
    %parti/s 19, 13, 5;
    %concat/vec4; draw_concat_vec4
    %store/vec4 v0000023887f500f0_0, 0, 32;
    %jmp T_11.33;
T_11.14 ;
    %load/vec4 v0000023887f50a50_0;
    %parti/s 1, 31, 6;
    %replicate 14;
    %load/vec4 v0000023887f50a50_0;
    %parti/s 18, 14, 5;
    %concat/vec4; draw_concat_vec4
    %store/vec4 v0000023887f500f0_0, 0, 32;
    %jmp T_11.33;
T_11.15 ;
    %load/vec4 v0000023887f50a50_0;
    %parti/s 1, 31, 6;
    %replicate 15;
    %load/vec4 v0000023887f50a50_0;
    %parti/s 17, 15, 5;
    %concat/vec4; draw_concat_vec4
    %store/vec4 v0000023887f500f0_0, 0, 32;
    %jmp T_11.33;
T_11.16 ;
    %load/vec4 v0000023887f50a50_0;
    %parti/s 1, 31, 6;
    %replicate 16;
    %load/vec4 v0000023887f50a50_0;
    %parti/s 16, 16, 6;
    %concat/vec4; draw_concat_vec4
    %store/vec4 v0000023887f500f0_0, 0, 32;
    %jmp T_11.33;
T_11.17 ;
    %load/vec4 v0000023887f50a50_0;
    %parti/s 1, 31, 6;
    %replicate 17;
    %load/vec4 v0000023887f50a50_0;
    %parti/s 15, 17, 6;
    %concat/vec4; draw_concat_vec4
    %store/vec4 v0000023887f500f0_0, 0, 32;
    %jmp T_11.33;
T_11.18 ;
    %load/vec4 v0000023887f50a50_0;
    %parti/s 1, 31, 6;
    %replicate 18;
    %load/vec4 v0000023887f50a50_0;
    %parti/s 14, 18, 6;
    %concat/vec4; draw_concat_vec4
    %store/vec4 v0000023887f500f0_0, 0, 32;
    %jmp T_11.33;
T_11.19 ;
    %load/vec4 v0000023887f50a50_0;
    %parti/s 1, 31, 6;
    %replicate 19;
    %load/vec4 v0000023887f50a50_0;
    %parti/s 13, 19, 6;
    %concat/vec4; draw_concat_vec4
    %store/vec4 v0000023887f500f0_0, 0, 32;
    %jmp T_11.33;
T_11.20 ;
    %load/vec4 v0000023887f50a50_0;
    %parti/s 1, 31, 6;
    %replicate 20;
    %load/vec4 v0000023887f50a50_0;
    %parti/s 12, 20, 6;
    %concat/vec4; draw_concat_vec4
    %store/vec4 v0000023887f500f0_0, 0, 32;
    %jmp T_11.33;
T_11.21 ;
    %load/vec4 v0000023887f50a50_0;
    %parti/s 1, 31, 6;
    %replicate 21;
    %load/vec4 v0000023887f50a50_0;
    %parti/s 11, 21, 6;
    %concat/vec4; draw_concat_vec4
    %store/vec4 v0000023887f500f0_0, 0, 32;
    %jmp T_11.33;
T_11.22 ;
    %load/vec4 v0000023887f50a50_0;
    %parti/s 1, 31, 6;
    %replicate 22;
    %load/vec4 v0000023887f50a50_0;
    %parti/s 10, 22, 6;
    %concat/vec4; draw_concat_vec4
    %store/vec4 v0000023887f500f0_0, 0, 32;
    %jmp T_11.33;
T_11.23 ;
    %load/vec4 v0000023887f50a50_0;
    %parti/s 1, 31, 6;
    %replicate 23;
    %load/vec4 v0000023887f50a50_0;
    %parti/s 9, 23, 6;
    %concat/vec4; draw_concat_vec4
    %store/vec4 v0000023887f500f0_0, 0, 32;
    %jmp T_11.33;
T_11.24 ;
    %load/vec4 v0000023887f50a50_0;
    %parti/s 1, 31, 6;
    %replicate 24;
    %load/vec4 v0000023887f50a50_0;
    %parti/s 8, 24, 6;
    %concat/vec4; draw_concat_vec4
    %store/vec4 v0000023887f500f0_0, 0, 32;
    %jmp T_11.33;
T_11.25 ;
    %load/vec4 v0000023887f50a50_0;
    %parti/s 1, 31, 6;
    %replicate 25;
    %load/vec4 v0000023887f50a50_0;
    %parti/s 7, 25, 6;
    %concat/vec4; draw_concat_vec4
    %store/vec4 v0000023887f500f0_0, 0, 32;
    %jmp T_11.33;
T_11.26 ;
    %load/vec4 v0000023887f50a50_0;
    %parti/s 1, 31, 6;
    %replicate 26;
    %load/vec4 v0000023887f50a50_0;
    %parti/s 6, 26, 6;
    %concat/vec4; draw_concat_vec4
    %store/vec4 v0000023887f500f0_0, 0, 32;
    %jmp T_11.33;
T_11.27 ;
    %load/vec4 v0000023887f50a50_0;
    %parti/s 1, 31, 6;
    %replicate 27;
    %load/vec4 v0000023887f50a50_0;
    %parti/s 5, 27, 6;
    %concat/vec4; draw_concat_vec4
    %store/vec4 v0000023887f500f0_0, 0, 32;
    %jmp T_11.33;
T_11.28 ;
    %load/vec4 v0000023887f50a50_0;
    %parti/s 1, 31, 6;
    %replicate 28;
    %load/vec4 v0000023887f50a50_0;
    %parti/s 4, 28, 6;
    %concat/vec4; draw_concat_vec4
    %store/vec4 v0000023887f500f0_0, 0, 32;
    %jmp T_11.33;
T_11.29 ;
    %load/vec4 v0000023887f50a50_0;
    %parti/s 1, 31, 6;
    %replicate 29;
    %load/vec4 v0000023887f50a50_0;
    %parti/s 3, 29, 6;
    %concat/vec4; draw_concat_vec4
    %store/vec4 v0000023887f500f0_0, 0, 32;
    %jmp T_11.33;
T_11.30 ;
    %load/vec4 v0000023887f50a50_0;
    %parti/s 1, 31, 6;
    %replicate 30;
    %load/vec4 v0000023887f50a50_0;
    %parti/s 2, 30, 6;
    %concat/vec4; draw_concat_vec4
    %store/vec4 v0000023887f500f0_0, 0, 32;
    %jmp T_11.33;
T_11.31 ;
    %load/vec4 v0000023887f50a50_0;
    %parti/s 1, 31, 6;
    %replicate 31;
    %load/vec4 v0000023887f50a50_0;
    %parti/s 1, 31, 6;
    %concat/vec4; draw_concat_vec4
    %store/vec4 v0000023887f500f0_0, 0, 32;
    %jmp T_11.33;
T_11.33 ;
    %pop/vec4 1;
    %jmp T_11;
    .thread T_11, $push;
    .scope S_0000023887ccf610;
T_12 ;
    %wait E_0000023887ed44c0;
    %load/vec4 v0000023887f4f510_0;
    %dup/vec4;
    %pushi/vec4 0, 0, 3;
    %cmp/u;
    %jmp/1 T_12.0, 6;
    %dup/vec4;
    %pushi/vec4 1, 0, 3;
    %cmp/u;
    %jmp/1 T_12.1, 6;
    %dup/vec4;
    %pushi/vec4 2, 0, 3;
    %cmp/u;
    %jmp/1 T_12.2, 6;
    %dup/vec4;
    %pushi/vec4 3, 0, 3;
    %cmp/u;
    %jmp/1 T_12.3, 6;
    %dup/vec4;
    %pushi/vec4 4, 0, 3;
    %cmp/u;
    %jmp/1 T_12.4, 6;
    %dup/vec4;
    %pushi/vec4 5, 0, 3;
    %cmp/u;
    %jmp/1 T_12.5, 6;
    %dup/vec4;
    %pushi/vec4 6, 0, 3;
    %cmp/u;
    %jmp/1 T_12.6, 6;
    %dup/vec4;
    %pushi/vec4 7, 0, 3;
    %cmp/u;
    %jmp/1 T_12.7, 6;
    %pushi/vec4 0, 0, 32;
    %store/vec4 v0000023887f4fe70_0, 0, 32;
    %jmp T_12.9;
T_12.0 ;
    %load/vec4 v0000023887f4f5b0_0;
    %dup/vec4;
    %pushi/vec4 0, 0, 1;
    %cmp/u;
    %jmp/1 T_12.10, 6;
    %dup/vec4;
    %pushi/vec4 1, 0, 1;
    %cmp/u;
    %jmp/1 T_12.11, 6;
    %pushi/vec4 0, 0, 32;
    %store/vec4 v0000023887f4fe70_0, 0, 32;
    %jmp T_12.13;
T_12.10 ;
    %load/vec4 v0000023887f50a50_0;
    %load/vec4 v0000023887f4f650_0;
    %add;
    %store/vec4 v0000023887f4fe70_0, 0, 32;
    %jmp T_12.13;
T_12.11 ;
    %load/vec4 v0000023887f50a50_0;
    %load/vec4 v0000023887f4f650_0;
    %sub;
    %store/vec4 v0000023887f4fe70_0, 0, 32;
    %jmp T_12.13;
T_12.13 ;
    %pop/vec4 1;
    %jmp T_12.9;
T_12.1 ;
    %load/vec4 v0000023887f4fdd0_0;
    %store/vec4 v0000023887f4fe70_0, 0, 32;
    %jmp T_12.9;
T_12.2 ;
    %pushi/vec4 0, 0, 31;
    %load/vec4 v0000023887f4fbf0_0;
    %concat/vec4; draw_concat_vec4
    %store/vec4 v0000023887f4fe70_0, 0, 32;
    %jmp T_12.9;
T_12.3 ;
    %pushi/vec4 0, 0, 31;
    %load/vec4 v0000023887f4fbf0_0;
    %concat/vec4; draw_concat_vec4
    %store/vec4 v0000023887f4fe70_0, 0, 32;
    %jmp T_12.9;
T_12.4 ;
    %load/vec4 v0000023887f50a50_0;
    %load/vec4 v0000023887f4f650_0;
    %xor;
    %store/vec4 v0000023887f4fe70_0, 0, 32;
    %jmp T_12.9;
T_12.5 ;
    %load/vec4 v0000023887f4f830_0;
    %dup/vec4;
    %pushi/vec4 0, 0, 1;
    %cmp/u;
    %jmp/1 T_12.14, 6;
    %dup/vec4;
    %pushi/vec4 1, 0, 1;
    %cmp/u;
    %jmp/1 T_12.15, 6;
    %pushi/vec4 0, 0, 32;
    %store/vec4 v0000023887f4fe70_0, 0, 32;
    %jmp T_12.17;
T_12.14 ;
    %load/vec4 v0000023887f4fc90_0;
    %store/vec4 v0000023887f4fe70_0, 0, 32;
    %jmp T_12.17;
T_12.15 ;
    %load/vec4 v0000023887f500f0_0;
    %store/vec4 v0000023887f4fe70_0, 0, 32;
    %jmp T_12.17;
T_12.17 ;
    %pop/vec4 1;
    %jmp T_12.9;
T_12.6 ;
    %load/vec4 v0000023887f50a50_0;
    %load/vec4 v0000023887f4f650_0;
    %or;
    %store/vec4 v0000023887f4fe70_0, 0, 32;
    %jmp T_12.9;
T_12.7 ;
    %load/vec4 v0000023887f50a50_0;
    %load/vec4 v0000023887f4f650_0;
    %and;
    %store/vec4 v0000023887f4fe70_0, 0, 32;
    %jmp T_12.9;
T_12.9 ;
    %pop/vec4 1;
    %jmp T_12;
    .thread T_12, $push;
    .scope S_0000023887cea8a0;
T_13 ;
    %wait E_0000023887ed3980;
    %load/vec4 v0000023887f59d20_0;
    %dup/vec4;
    %pushi/vec4 0, 0, 3;
    %cmp/u;
    %jmp/1 T_13.0, 6;
    %dup/vec4;
    %pushi/vec4 4, 0, 3;
    %cmp/u;
    %jmp/1 T_13.1, 6;
    %dup/vec4;
    %pushi/vec4 1, 0, 3;
    %cmp/u;
    %jmp/1 T_13.2, 6;
    %dup/vec4;
    %pushi/vec4 5, 0, 3;
    %cmp/u;
    %jmp/1 T_13.3, 6;
    %dup/vec4;
    %pushi/vec4 2, 0, 3;
    %cmp/u;
    %jmp/1 T_13.4, 6;
    %pushi/vec4 0, 0, 4;
    %store/vec4 v0000023887f60560_0, 0, 4;
    %jmp T_13.6;
T_13.0 ;
    %load/vec4 v0000023887f5fb60_0;
    %dup/vec4;
    %pushi/vec4 0, 0, 2;
    %cmp/u;
    %jmp/1 T_13.7, 6;
    %dup/vec4;
    %pushi/vec4 1, 0, 2;
    %cmp/u;
    %jmp/1 T_13.8, 6;
    %dup/vec4;
    %pushi/vec4 2, 0, 2;
    %cmp/u;
    %jmp/1 T_13.9, 6;
    %dup/vec4;
    %pushi/vec4 3, 0, 2;
    %cmp/u;
    %jmp/1 T_13.10, 6;
    %pushi/vec4 0, 0, 4;
    %store/vec4 v0000023887f60560_0, 0, 4;
    %jmp T_13.12;
T_13.7 ;
    %pushi/vec4 1, 0, 4;
    %store/vec4 v0000023887f60560_0, 0, 4;
    %jmp T_13.12;
T_13.8 ;
    %pushi/vec4 2, 0, 4;
    %store/vec4 v0000023887f60560_0, 0, 4;
    %jmp T_13.12;
T_13.9 ;
    %pushi/vec4 4, 0, 4;
    %store/vec4 v0000023887f60560_0, 0, 4;
    %jmp T_13.12;
T_13.10 ;
    %pushi/vec4 8, 0, 4;
    %store/vec4 v0000023887f60560_0, 0, 4;
    %jmp T_13.12;
T_13.12 ;
    %pop/vec4 1;
    %jmp T_13.6;
T_13.1 ;
    %load/vec4 v0000023887f5fb60_0;
    %dup/vec4;
    %pushi/vec4 0, 0, 2;
    %cmp/u;
    %jmp/1 T_13.13, 6;
    %dup/vec4;
    %pushi/vec4 1, 0, 2;
    %cmp/u;
    %jmp/1 T_13.14, 6;
    %dup/vec4;
    %pushi/vec4 2, 0, 2;
    %cmp/u;
    %jmp/1 T_13.15, 6;
    %dup/vec4;
    %pushi/vec4 3, 0, 2;
    %cmp/u;
    %jmp/1 T_13.16, 6;
    %pushi/vec4 0, 0, 4;
    %store/vec4 v0000023887f60560_0, 0, 4;
    %jmp T_13.18;
T_13.13 ;
    %pushi/vec4 1, 0, 4;
    %store/vec4 v0000023887f60560_0, 0, 4;
    %jmp T_13.18;
T_13.14 ;
    %pushi/vec4 2, 0, 4;
    %store/vec4 v0000023887f60560_0, 0, 4;
    %jmp T_13.18;
T_13.15 ;
    %pushi/vec4 4, 0, 4;
    %store/vec4 v0000023887f60560_0, 0, 4;
    %jmp T_13.18;
T_13.16 ;
    %pushi/vec4 8, 0, 4;
    %store/vec4 v0000023887f60560_0, 0, 4;
    %jmp T_13.18;
T_13.18 ;
    %pop/vec4 1;
    %jmp T_13.6;
T_13.2 ;
    %load/vec4 v0000023887f5fb60_0;
    %parti/s 1, 1, 2;
    %dup/vec4;
    %pushi/vec4 0, 0, 1;
    %cmp/u;
    %jmp/1 T_13.19, 6;
    %dup/vec4;
    %pushi/vec4 1, 0, 1;
    %cmp/u;
    %jmp/1 T_13.20, 6;
    %pushi/vec4 0, 0, 4;
    %store/vec4 v0000023887f60560_0, 0, 4;
    %jmp T_13.22;
T_13.19 ;
    %pushi/vec4 3, 0, 4;
    %store/vec4 v0000023887f60560_0, 0, 4;
    %jmp T_13.22;
T_13.20 ;
    %pushi/vec4 12, 0, 4;
    %store/vec4 v0000023887f60560_0, 0, 4;
    %jmp T_13.22;
T_13.22 ;
    %pop/vec4 1;
    %jmp T_13.6;
T_13.3 ;
    %load/vec4 v0000023887f5fb60_0;
    %parti/s 1, 1, 2;
    %dup/vec4;
    %pushi/vec4 0, 0, 1;
    %cmp/u;
    %jmp/1 T_13.23, 6;
    %dup/vec4;
    %pushi/vec4 1, 0, 1;
    %cmp/u;
    %jmp/1 T_13.24, 6;
    %pushi/vec4 0, 0, 4;
    %store/vec4 v0000023887f60560_0, 0, 4;
    %jmp T_13.26;
T_13.23 ;
    %pushi/vec4 3, 0, 4;
    %store/vec4 v0000023887f60560_0, 0, 4;
    %jmp T_13.26;
T_13.24 ;
    %pushi/vec4 12, 0, 4;
    %store/vec4 v0000023887f60560_0, 0, 4;
    %jmp T_13.26;
T_13.26 ;
    %pop/vec4 1;
    %jmp T_13.6;
T_13.4 ;
    %pushi/vec4 15, 0, 4;
    %store/vec4 v0000023887f60560_0, 0, 4;
    %jmp T_13.6;
T_13.6 ;
    %pop/vec4 1;
    %jmp T_13;
    .thread T_13, $push;
    .scope S_0000023887cea8a0;
T_14 ;
    %wait E_0000023887ed3f40;
    %load/vec4 v0000023887f5fb60_0;
    %dup/vec4;
    %pushi/vec4 0, 0, 2;
    %cmp/u;
    %jmp/1 T_14.0, 6;
    %dup/vec4;
    %pushi/vec4 1, 0, 2;
    %cmp/u;
    %jmp/1 T_14.1, 6;
    %dup/vec4;
    %pushi/vec4 2, 0, 2;
    %cmp/u;
    %jmp/1 T_14.2, 6;
    %dup/vec4;
    %pushi/vec4 3, 0, 2;
    %cmp/u;
    %jmp/1 T_14.3, 6;
    %pushi/vec4 0, 0, 32;
    %store/vec4 v0000023887f60240_0, 0, 32;
    %jmp T_14.5;
T_14.0 ;
    %load/vec4 v0000023887f5a0e0_0;
    %store/vec4 v0000023887f60240_0, 0, 32;
    %jmp T_14.5;
T_14.1 ;
    %load/vec4 v0000023887f5a0e0_0;
    %parti/s 24, 0, 2;
    %concati/vec4 0, 0, 8;
    %store/vec4 v0000023887f60240_0, 0, 32;
    %jmp T_14.5;
T_14.2 ;
    %load/vec4 v0000023887f5a0e0_0;
    %parti/s 16, 0, 2;
    %concati/vec4 0, 0, 16;
    %store/vec4 v0000023887f60240_0, 0, 32;
    %jmp T_14.5;
T_14.3 ;
    %load/vec4 v0000023887f5a0e0_0;
    %parti/s 8, 0, 2;
    %concati/vec4 0, 0, 24;
    %store/vec4 v0000023887f60240_0, 0, 32;
    %jmp T_14.5;
T_14.5 ;
    %pop/vec4 1;
    %jmp T_14;
    .thread T_14, $push;
    .scope S_0000023887cea8a0;
T_15 ;
    %wait E_0000023887ed3f40;
    %load/vec4 v0000023887f5fb60_0;
    %parti/s 1, 1, 2;
    %dup/vec4;
    %pushi/vec4 0, 0, 1;
    %cmp/u;
    %jmp/1 T_15.0, 6;
    %dup/vec4;
    %pushi/vec4 1, 0, 1;
    %cmp/u;
    %jmp/1 T_15.1, 6;
    %pushi/vec4 0, 0, 32;
    %store/vec4 v0000023887f5f700_0, 0, 32;
    %jmp T_15.3;
T_15.0 ;
    %load/vec4 v0000023887f5a0e0_0;
    %store/vec4 v0000023887f5f700_0, 0, 32;
    %jmp T_15.3;
T_15.1 ;
    %load/vec4 v0000023887f5a0e0_0;
    %parti/s 16, 0, 2;
    %concati/vec4 0, 0, 16;
    %store/vec4 v0000023887f5f700_0, 0, 32;
    %jmp T_15.3;
T_15.3 ;
    %pop/vec4 1;
    %jmp T_15;
    .thread T_15, $push;
    .scope S_0000023887cea8a0;
T_16 ;
    %wait E_0000023887ed3f80;
    %load/vec4 v0000023887f59d20_0;
    %dup/vec4;
    %pushi/vec4 0, 0, 3;
    %cmp/u;
    %jmp/1 T_16.0, 6;
    %dup/vec4;
    %pushi/vec4 1, 0, 3;
    %cmp/u;
    %jmp/1 T_16.1, 6;
    %dup/vec4;
    %pushi/vec4 2, 0, 3;
    %cmp/u;
    %jmp/1 T_16.2, 6;
    %pushi/vec4 0, 0, 32;
    %store/vec4 v0000023887f5fd40_0, 0, 32;
    %jmp T_16.4;
T_16.0 ;
    %load/vec4 v0000023887f60240_0;
    %store/vec4 v0000023887f5fd40_0, 0, 32;
    %jmp T_16.4;
T_16.1 ;
    %load/vec4 v0000023887f5f700_0;
    %store/vec4 v0000023887f5fd40_0, 0, 32;
    %jmp T_16.4;
T_16.2 ;
    %load/vec4 v0000023887f5a0e0_0;
    %store/vec4 v0000023887f5fd40_0, 0, 32;
    %jmp T_16.4;
T_16.4 ;
    %pop/vec4 1;
    %jmp T_16;
    .thread T_16, $push;
    .scope S_0000023887cea8a0;
T_17 ;
    %wait E_0000023887ed4380;
    %load/vec4 v0000023887f5fb60_0;
    %dup/vec4;
    %pushi/vec4 0, 0, 2;
    %cmp/u;
    %jmp/1 T_17.0, 6;
    %dup/vec4;
    %pushi/vec4 1, 0, 2;
    %cmp/u;
    %jmp/1 T_17.1, 6;
    %dup/vec4;
    %pushi/vec4 2, 0, 2;
    %cmp/u;
    %jmp/1 T_17.2, 6;
    %dup/vec4;
    %pushi/vec4 3, 0, 2;
    %cmp/u;
    %jmp/1 T_17.3, 6;
    %pushi/vec4 0, 0, 32;
    %store/vec4 v0000023887f610a0_0, 0, 32;
    %jmp T_17.5;
T_17.0 ;
    %load/vec4 v0000023887f5ffc0_0;
    %store/vec4 v0000023887f610a0_0, 0, 32;
    %jmp T_17.5;
T_17.1 ;
    %pushi/vec4 0, 0, 8;
    %load/vec4 v0000023887f5ffc0_0;
    %parti/s 24, 8, 5;
    %concat/vec4; draw_concat_vec4
    %store/vec4 v0000023887f610a0_0, 0, 32;
    %jmp T_17.5;
T_17.2 ;
    %pushi/vec4 0, 0, 16;
    %load/vec4 v0000023887f5ffc0_0;
    %parti/s 16, 16, 6;
    %concat/vec4; draw_concat_vec4
    %store/vec4 v0000023887f610a0_0, 0, 32;
    %jmp T_17.5;
T_17.3 ;
    %pushi/vec4 0, 0, 24;
    %load/vec4 v0000023887f5ffc0_0;
    %parti/s 8, 24, 6;
    %concat/vec4; draw_concat_vec4
    %store/vec4 v0000023887f610a0_0, 0, 32;
    %jmp T_17.5;
T_17.5 ;
    %pop/vec4 1;
    %jmp T_17;
    .thread T_17, $push;
    .scope S_0000023887cea8a0;
T_18 ;
    %wait E_0000023887ed4540;
    %load/vec4 v0000023887f59d20_0;
    %dup/vec4;
    %pushi/vec4 0, 0, 3;
    %cmp/u;
    %jmp/1 T_18.0, 6;
    %dup/vec4;
    %pushi/vec4 4, 0, 3;
    %cmp/u;
    %jmp/1 T_18.1, 6;
    %dup/vec4;
    %pushi/vec4 1, 0, 3;
    %cmp/u;
    %jmp/1 T_18.2, 6;
    %dup/vec4;
    %pushi/vec4 5, 0, 3;
    %cmp/u;
    %jmp/1 T_18.3, 6;
    %dup/vec4;
    %pushi/vec4 2, 0, 3;
    %cmp/u;
    %jmp/1 T_18.4, 6;
    %pushi/vec4 0, 0, 32;
    %store/vec4 v0000023887f616e0_0, 0, 32;
    %jmp T_18.6;
T_18.0 ;
    %load/vec4 v0000023887f5fa20_0;
    %parti/s 1, 7, 4;
    %replicate 24;
    %load/vec4 v0000023887f5fa20_0;
    %concat/vec4; draw_concat_vec4
    %store/vec4 v0000023887f616e0_0, 0, 32;
    %jmp T_18.6;
T_18.1 ;
    %pushi/vec4 0, 0, 24;
    %load/vec4 v0000023887f5fa20_0;
    %concat/vec4; draw_concat_vec4
    %store/vec4 v0000023887f616e0_0, 0, 32;
    %jmp T_18.6;
T_18.2 ;
    %load/vec4 v0000023887f60ec0_0;
    %parti/s 1, 15, 5;
    %replicate 16;
    %load/vec4 v0000023887f60ec0_0;
    %concat/vec4; draw_concat_vec4
    %store/vec4 v0000023887f616e0_0, 0, 32;
    %jmp T_18.6;
T_18.3 ;
    %pushi/vec4 0, 0, 16;
    %load/vec4 v0000023887f60ec0_0;
    %concat/vec4; draw_concat_vec4
    %store/vec4 v0000023887f616e0_0, 0, 32;
    %jmp T_18.6;
T_18.4 ;
    %load/vec4 v0000023887f610a0_0;
    %store/vec4 v0000023887f616e0_0, 0, 32;
    %jmp T_18.6;
T_18.6 ;
    %pop/vec4 1;
    %jmp T_18;
    .thread T_18, $push;
    .scope S_0000023887ce6280;
T_19 ;
    %wait E_0000023887ed3740;
    %load/vec4 v0000023887f6f4f0_0;
    %flag_set/vec4 8;
    %jmp/0xz  T_19.0, 8;
    %pushi/vec4 0, 0, 32;
    %assign/vec4 v0000023887f76690_0, 0;
    %pushi/vec4 0, 0, 1;
    %assign/vec4 v0000023887f6d8d0_0, 0;
    %pushi/vec4 0, 0, 1;
    %assign/vec4 v0000023887f70f10_0, 0;
    %pushi/vec4 0, 0, 1;
    %assign/vec4 v0000023887f72f90_0, 0;
    %pushi/vec4 0, 0, 32;
    %assign/vec4 v0000023887f72310_0, 0;
    %pushi/vec4 0, 0, 1;
    %assign/vec4 v0000023887f71910_0, 0;
    %pushi/vec4 0, 0, 32;
    %assign/vec4 v0000023887f71b90_0, 0;
    %pushi/vec4 0, 0, 32;
    %assign/vec4 v0000023887f71d70_0, 0;
    %pushi/vec4 0, 0, 32;
    %assign/vec4 v0000023887f714b0_0, 0;
    %pushi/vec4 0, 0, 1;
    %assign/vec4 v0000023887f69370_0, 0;
    %pushi/vec4 0, 0, 32;
    %assign/vec4 v0000023887f68a10_0, 0;
    %pushi/vec4 0, 0, 32;
    %assign/vec4 v0000023887f68290_0, 0;
    %pushi/vec4 0, 0, 32;
    %assign/vec4 v0000023887f69e10_0, 0;
    %pushi/vec4 0, 0, 5;
    %assign/vec4 v0000023887f68650_0, 0;
    %pushi/vec4 0, 0, 5;
    %assign/vec4 v0000023887f69d70_0, 0;
    %pushi/vec4 0, 0, 5;
    %assign/vec4 v0000023887f69190_0, 0;
    %pushi/vec4 0, 0, 32;
    %assign/vec4 v0000023887f68830_0, 0;
    %pushi/vec4 0, 0, 32;
    %assign/vec4 v0000023887f688d0_0, 0;
    %pushi/vec4 0, 0, 32;
    %assign/vec4 v0000023887f699b0_0, 0;
    %pushi/vec4 0, 0, 7;
    %assign/vec4 v0000023887f69a50_0, 0;
    %pushi/vec4 0, 0, 3;
    %assign/vec4 v0000023887f69cd0_0, 0;
    %pushi/vec4 0, 0, 7;
    %assign/vec4 v0000023887f68e70_0, 0;
    %pushi/vec4 0, 0, 1;
    %assign/vec4 v0000023887f67d90_0, 0;
    %pushi/vec4 0, 0, 1;
    %assign/vec4 v0000023887f680b0_0, 0;
    %pushi/vec4 0, 0, 3;
    %assign/vec4 v0000023887f68510_0, 0;
    %pushi/vec4 0, 0, 1;
    %assign/vec4 v0000023887f6a450_0, 0;
    %pushi/vec4 0, 0, 1;
    %assign/vec4 v0000023887f68470_0, 0;
    %pushi/vec4 0, 0, 1;
    %assign/vec4 v0000023887f686f0_0, 0;
    %pushi/vec4 0, 0, 1;
    %assign/vec4 v0000023887f69eb0_0, 0;
    %pushi/vec4 0, 0, 1;
    %assign/vec4 v0000023887f68010_0, 0;
    %pushi/vec4 0, 0, 1;
    %assign/vec4 v0000023887f69c30_0, 0;
    %pushi/vec4 0, 0, 1;
    %assign/vec4 v0000023887f6a3b0_0, 0;
    %pushi/vec4 0, 0, 1;
    %assign/vec4 v0000023887f67cf0_0, 0;
    %pushi/vec4 0, 0, 1;
    %assign/vec4 v0000023887f68970_0, 0;
    %pushi/vec4 0, 0, 1;
    %assign/vec4 v0000023887f68bf0_0, 0;
    %pushi/vec4 0, 0, 1;
    %assign/vec4 v0000023887f6e4b0_0, 0;
    %pushi/vec4 0, 0, 32;
    %assign/vec4 v0000023887f6ccf0_0, 0;
    %pushi/vec4 0, 0, 32;
    %assign/vec4 v0000023887f6d510_0, 0;
    %pushi/vec4 0, 0, 32;
    %assign/vec4 v0000023887f6e0f0_0, 0;
    %pushi/vec4 0, 0, 32;
    %assign/vec4 v0000023887f6dbf0_0, 0;
    %pushi/vec4 0, 0, 5;
    %assign/vec4 v0000023887f6f1d0_0, 0;
    %pushi/vec4 0, 0, 5;
    %assign/vec4 v0000023887f6dc90_0, 0;
    %pushi/vec4 0, 0, 5;
    %assign/vec4 v0000023887f6f310_0, 0;
    %pushi/vec4 0, 0, 32;
    %assign/vec4 v0000023887f6eb90_0, 0;
    %pushi/vec4 0, 0, 32;
    %assign/vec4 v0000023887f6f450_0, 0;
    %pushi/vec4 0, 0, 32;
    %assign/vec4 v0000023887f6eaf0_0, 0;
    %pushi/vec4 0, 0, 32;
    %assign/vec4 v0000023887f6f270_0, 0;
    %pushi/vec4 0, 0, 32;
    %assign/vec4 v0000023887f6ddd0_0, 0;
    %pushi/vec4 0, 0, 3;
    %assign/vec4 v0000023887f6d470_0, 0;
    %pushi/vec4 0, 0, 1;
    %assign/vec4 v0000023887f6e050_0, 0;
    %pushi/vec4 0, 0, 1;
    %assign/vec4 v0000023887f6ed70_0, 0;
    %pushi/vec4 0, 0, 1;
    %assign/vec4 v0000023887f6dd30_0, 0;
    %pushi/vec4 0, 0, 1;
    %assign/vec4 v0000023887f6e910_0, 0;
    %pushi/vec4 0, 0, 1;
    %assign/vec4 v0000023887f6ced0_0, 0;
    %pushi/vec4 0, 0, 1;
    %assign/vec4 v0000023887f6e870_0, 0;
    %pushi/vec4 0, 0, 1;
    %assign/vec4 v0000023887f6d1f0_0, 0;
    %pushi/vec4 0, 0, 1;
    %assign/vec4 v0000023887f6f3b0_0, 0;
    %pushi/vec4 0, 0, 1;
    %assign/vec4 v0000023887f6e690_0, 0;
    %pushi/vec4 0, 0, 1;
    %assign/vec4 v0000023887f6d5b0_0, 0;
    %pushi/vec4 0, 0, 1;
    %assign/vec4 v0000023887f74610_0, 0;
    %pushi/vec4 0, 0, 32;
    %assign/vec4 v0000023887f74cf0_0, 0;
    %pushi/vec4 0, 0, 32;
    %assign/vec4 v0000023887f742f0_0, 0;
    %pushi/vec4 0, 0, 32;
    %assign/vec4 v0000023887f74a70_0, 0;
    %pushi/vec4 0, 0, 32;
    %assign/vec4 v0000023887f75ab0_0, 0;
    %pushi/vec4 0, 0, 5;
    %assign/vec4 v0000023887f749d0_0, 0;
    %pushi/vec4 0, 0, 5;
    %assign/vec4 v0000023887f744d0_0, 0;
    %pushi/vec4 0, 0, 5;
    %assign/vec4 v0000023887f73ad0_0, 0;
    %pushi/vec4 0, 0, 32;
    %assign/vec4 v0000023887f751f0_0, 0;
    %pushi/vec4 0, 0, 32;
    %assign/vec4 v0000023887f75c90_0, 0;
    %pushi/vec4 0, 0, 32;
    %assign/vec4 v0000023887f75bf0_0, 0;
    %pushi/vec4 0, 0, 32;
    %assign/vec4 v0000023887f726d0_0, 0;
    %pushi/vec4 0, 0, 32;
    %assign/vec4 v0000023887f753d0_0, 0;
    %pushi/vec4 0, 0, 32;
    %assign/vec4 v0000023887f71050_0, 0;
    %pushi/vec4 0, 0, 1;
    %assign/vec4 v0000023887f710f0_0, 0;
    %pushi/vec4 0, 0, 1;
    %assign/vec4 v0000023887f73530_0, 0;
    %pushi/vec4 0, 0, 4;
    %assign/vec4 v0000023887f72950_0, 0;
    %pushi/vec4 0, 0, 32;
    %assign/vec4 v0000023887f712d0_0, 0;
    %pushi/vec4 0, 0, 32;
    %assign/vec4 v0000023887f733f0_0, 0;
    %pushi/vec4 0, 0, 1;
    %assign/vec4 v0000023887f74f70_0, 0;
    %pushi/vec4 0, 0, 1;
    %assign/vec4 v0000023887f756f0_0, 0;
    %pushi/vec4 0, 0, 1;
    %assign/vec4 v0000023887f73fd0_0, 0;
    %pushi/vec4 0, 0, 1;
    %assign/vec4 v0000023887f73850_0, 0;
    %pushi/vec4 0, 0, 1;
    %assign/vec4 v0000023887f735d0_0, 0;
    %pushi/vec4 0, 0, 1;
    %assign/vec4 v0000023887f75150_0, 0;
    %pushi/vec4 0, 0, 1;
    %assign/vec4 v0000023887f75470_0, 0;
    %pushi/vec4 0, 0, 1;
    %assign/vec4 v0000023887f75510_0, 0;
    %jmp T_19.1;
T_19.0 ;
    %load/vec4 v0000023887f76d70_0;
    %flag_set/vec4 8;
    %jmp/0xz  T_19.2, 8;
    %pushi/vec4 1, 0, 1;
    %assign/vec4 v0000023887f6d8d0_0, 0;
    %pushi/vec4 0, 0, 1;
    %assign/vec4 v0000023887f70f10_0, 0;
    %pushi/vec4 0, 0, 1;
    %assign/vec4 v0000023887f72f90_0, 0;
    %pushi/vec4 0, 0, 32;
    %assign/vec4 v0000023887f72310_0, 0;
    %pushi/vec4 0, 0, 1;
    %assign/vec4 v0000023887f71910_0, 0;
    %pushi/vec4 0, 0, 32;
    %assign/vec4 v0000023887f71b90_0, 0;
    %pushi/vec4 0, 0, 32;
    %assign/vec4 v0000023887f71d70_0, 0;
    %pushi/vec4 0, 0, 32;
    %assign/vec4 v0000023887f714b0_0, 0;
    %pushi/vec4 0, 0, 1;
    %assign/vec4 v0000023887f69370_0, 0;
    %pushi/vec4 0, 0, 32;
    %assign/vec4 v0000023887f68a10_0, 0;
    %pushi/vec4 0, 0, 32;
    %assign/vec4 v0000023887f68290_0, 0;
    %pushi/vec4 0, 0, 32;
    %assign/vec4 v0000023887f69e10_0, 0;
    %pushi/vec4 0, 0, 5;
    %assign/vec4 v0000023887f68650_0, 0;
    %pushi/vec4 0, 0, 5;
    %assign/vec4 v0000023887f69d70_0, 0;
    %pushi/vec4 0, 0, 5;
    %assign/vec4 v0000023887f69190_0, 0;
    %pushi/vec4 0, 0, 32;
    %assign/vec4 v0000023887f68830_0, 0;
    %pushi/vec4 0, 0, 32;
    %assign/vec4 v0000023887f688d0_0, 0;
    %pushi/vec4 0, 0, 32;
    %assign/vec4 v0000023887f699b0_0, 0;
    %pushi/vec4 0, 0, 7;
    %assign/vec4 v0000023887f69a50_0, 0;
    %pushi/vec4 0, 0, 3;
    %assign/vec4 v0000023887f69cd0_0, 0;
    %pushi/vec4 0, 0, 7;
    %assign/vec4 v0000023887f68e70_0, 0;
    %pushi/vec4 0, 0, 1;
    %assign/vec4 v0000023887f67d90_0, 0;
    %pushi/vec4 0, 0, 1;
    %assign/vec4 v0000023887f680b0_0, 0;
    %pushi/vec4 0, 0, 3;
    %assign/vec4 v0000023887f68510_0, 0;
    %pushi/vec4 0, 0, 1;
    %assign/vec4 v0000023887f6a450_0, 0;
    %pushi/vec4 0, 0, 1;
    %assign/vec4 v0000023887f68470_0, 0;
    %pushi/vec4 0, 0, 1;
    %assign/vec4 v0000023887f686f0_0, 0;
    %pushi/vec4 0, 0, 1;
    %assign/vec4 v0000023887f69eb0_0, 0;
    %pushi/vec4 0, 0, 1;
    %assign/vec4 v0000023887f68010_0, 0;
    %pushi/vec4 0, 0, 1;
    %assign/vec4 v0000023887f69c30_0, 0;
    %pushi/vec4 0, 0, 1;
    %assign/vec4 v0000023887f6a3b0_0, 0;
    %pushi/vec4 0, 0, 1;
    %assign/vec4 v0000023887f67cf0_0, 0;
    %pushi/vec4 0, 0, 1;
    %assign/vec4 v0000023887f68970_0, 0;
    %pushi/vec4 0, 0, 1;
    %assign/vec4 v0000023887f68bf0_0, 0;
    %pushi/vec4 0, 0, 1;
    %assign/vec4 v0000023887f6e4b0_0, 0;
    %pushi/vec4 0, 0, 32;
    %assign/vec4 v0000023887f6ccf0_0, 0;
    %pushi/vec4 0, 0, 32;
    %assign/vec4 v0000023887f6d510_0, 0;
    %pushi/vec4 0, 0, 32;
    %assign/vec4 v0000023887f6e0f0_0, 0;
    %pushi/vec4 0, 0, 32;
    %assign/vec4 v0000023887f6dbf0_0, 0;
    %pushi/vec4 0, 0, 5;
    %assign/vec4 v0000023887f6f1d0_0, 0;
    %pushi/vec4 0, 0, 5;
    %assign/vec4 v0000023887f6dc90_0, 0;
    %pushi/vec4 0, 0, 5;
    %assign/vec4 v0000023887f6f310_0, 0;
    %pushi/vec4 0, 0, 32;
    %assign/vec4 v0000023887f6eb90_0, 0;
    %pushi/vec4 0, 0, 32;
    %assign/vec4 v0000023887f6f450_0, 0;
    %pushi/vec4 0, 0, 32;
    %assign/vec4 v0000023887f6eaf0_0, 0;
    %pushi/vec4 0, 0, 32;
    %assign/vec4 v0000023887f6f270_0, 0;
    %pushi/vec4 0, 0, 32;
    %assign/vec4 v0000023887f6ddd0_0, 0;
    %pushi/vec4 0, 0, 3;
    %assign/vec4 v0000023887f6d470_0, 0;
    %pushi/vec4 0, 0, 1;
    %assign/vec4 v0000023887f6e050_0, 0;
    %pushi/vec4 0, 0, 1;
    %assign/vec4 v0000023887f6ed70_0, 0;
    %pushi/vec4 0, 0, 1;
    %assign/vec4 v0000023887f6dd30_0, 0;
    %pushi/vec4 0, 0, 1;
    %assign/vec4 v0000023887f6e910_0, 0;
    %pushi/vec4 0, 0, 1;
    %assign/vec4 v0000023887f6ced0_0, 0;
    %pushi/vec4 0, 0, 1;
    %assign/vec4 v0000023887f6e870_0, 0;
    %pushi/vec4 0, 0, 1;
    %assign/vec4 v0000023887f6d1f0_0, 0;
    %pushi/vec4 0, 0, 1;
    %assign/vec4 v0000023887f6f3b0_0, 0;
    %pushi/vec4 0, 0, 1;
    %assign/vec4 v0000023887f6e690_0, 0;
    %pushi/vec4 0, 0, 1;
    %assign/vec4 v0000023887f6d5b0_0, 0;
    %pushi/vec4 0, 0, 1;
    %assign/vec4 v0000023887f74610_0, 0;
    %pushi/vec4 0, 0, 32;
    %assign/vec4 v0000023887f74cf0_0, 0;
    %pushi/vec4 0, 0, 32;
    %assign/vec4 v0000023887f742f0_0, 0;
    %pushi/vec4 0, 0, 32;
    %assign/vec4 v0000023887f74a70_0, 0;
    %pushi/vec4 0, 0, 32;
    %assign/vec4 v0000023887f75ab0_0, 0;
    %pushi/vec4 0, 0, 5;
    %assign/vec4 v0000023887f749d0_0, 0;
    %pushi/vec4 0, 0, 5;
    %assign/vec4 v0000023887f744d0_0, 0;
    %pushi/vec4 0, 0, 5;
    %assign/vec4 v0000023887f73ad0_0, 0;
    %pushi/vec4 0, 0, 32;
    %assign/vec4 v0000023887f751f0_0, 0;
    %pushi/vec4 0, 0, 32;
    %assign/vec4 v0000023887f75c90_0, 0;
    %pushi/vec4 0, 0, 32;
    %assign/vec4 v0000023887f75bf0_0, 0;
    %pushi/vec4 0, 0, 32;
    %assign/vec4 v0000023887f726d0_0, 0;
    %pushi/vec4 0, 0, 32;
    %assign/vec4 v0000023887f753d0_0, 0;
    %pushi/vec4 0, 0, 32;
    %assign/vec4 v0000023887f71050_0, 0;
    %pushi/vec4 0, 0, 1;
    %assign/vec4 v0000023887f710f0_0, 0;
    %pushi/vec4 0, 0, 1;
    %assign/vec4 v0000023887f73530_0, 0;
    %pushi/vec4 0, 0, 4;
    %assign/vec4 v0000023887f72950_0, 0;
    %pushi/vec4 0, 0, 32;
    %assign/vec4 v0000023887f712d0_0, 0;
    %pushi/vec4 0, 0, 32;
    %assign/vec4 v0000023887f733f0_0, 0;
    %pushi/vec4 0, 0, 1;
    %assign/vec4 v0000023887f74f70_0, 0;
    %pushi/vec4 0, 0, 1;
    %assign/vec4 v0000023887f756f0_0, 0;
    %pushi/vec4 0, 0, 1;
    %assign/vec4 v0000023887f73fd0_0, 0;
    %pushi/vec4 0, 0, 1;
    %assign/vec4 v0000023887f73850_0, 0;
    %pushi/vec4 0, 0, 1;
    %assign/vec4 v0000023887f735d0_0, 0;
    %pushi/vec4 0, 0, 1;
    %assign/vec4 v0000023887f75150_0, 0;
    %pushi/vec4 0, 0, 1;
    %assign/vec4 v0000023887f75470_0, 0;
    %pushi/vec4 0, 0, 1;
    %assign/vec4 v0000023887f75510_0, 0;
    %jmp T_19.3;
T_19.2 ;
    %load/vec4 v0000023887f6d8d0_0;
    %inv;
    %flag_set/vec4 8;
    %jmp/0xz  T_19.4, 8;
    %load/vec4 v0000023887f6d150_0;
    %flag_set/vec4 8;
    %jmp/0xz  T_19.6, 8;
    %load/vec4 v0000023887f77bd0_0;
    %assign/vec4 v0000023887f76690_0, 0;
    %jmp T_19.7;
T_19.6 ;
    %load/vec4 v0000023887f72c70_0;
    %flag_set/vec4 8;
    %jmp/0xz  T_19.8, 8;
    %load/vec4 v0000023887f77bd0_0;
    %assign/vec4 v0000023887f76690_0, 0;
T_19.8 ;
T_19.7 ;
    %load/vec4 v0000023887f71730_0;
    %flag_set/vec4 8;
    %jmp/0xz  T_19.10, 8;
    %pushi/vec4 0, 0, 1;
    %assign/vec4 v0000023887f70f10_0, 0;
    %pushi/vec4 0, 0, 1;
    %assign/vec4 v0000023887f72f90_0, 0;
    %pushi/vec4 0, 0, 32;
    %assign/vec4 v0000023887f72310_0, 0;
    %jmp T_19.11;
T_19.10 ;
    %load/vec4 v0000023887f72c70_0;
    %load/vec4 v0000023887f715f0_0;
    %and;
    %flag_set/vec4 8;
    %jmp/0xz  T_19.12, 8;
    %pushi/vec4 1, 0, 1;
    %assign/vec4 v0000023887f70f10_0, 0;
    %pushi/vec4 0, 0, 1;
    %assign/vec4 v0000023887f72f90_0, 0;
    %load/vec4 v0000023887f72810_0;
    %assign/vec4 v0000023887f72310_0, 0;
    %jmp T_19.13;
T_19.12 ;
    %load/vec4 v0000023887f6d150_0;
    %flag_set/vec4 9;
    %flag_get/vec4 9;
    %jmp/0 T_19.16, 9;
    %load/vec4 v0000023887f70f10_0;
    %and;
T_19.16;
    %flag_set/vec4 8;
    %jmp/0xz  T_19.14, 8;
    %pushi/vec4 1, 0, 1;
    %assign/vec4 v0000023887f72f90_0, 0;
T_19.14 ;
T_19.13 ;
T_19.11 ;
    %load/vec4 v0000023887f6d150_0;
    %flag_set/vec4 8;
    %jmp/0xz  T_19.17, 8;
    %pushi/vec4 0, 0, 1;
    %assign/vec4 v0000023887f71910_0, 0;
    %pushi/vec4 0, 0, 32;
    %assign/vec4 v0000023887f71b90_0, 0;
    %pushi/vec4 0, 0, 32;
    %assign/vec4 v0000023887f71d70_0, 0;
    %pushi/vec4 0, 0, 32;
    %assign/vec4 v0000023887f714b0_0, 0;
    %pushi/vec4 0, 0, 1;
    %assign/vec4 v0000023887f69370_0, 0;
    %pushi/vec4 0, 0, 32;
    %assign/vec4 v0000023887f68a10_0, 0;
    %pushi/vec4 0, 0, 32;
    %assign/vec4 v0000023887f68290_0, 0;
    %pushi/vec4 0, 0, 32;
    %assign/vec4 v0000023887f69e10_0, 0;
    %pushi/vec4 0, 0, 5;
    %assign/vec4 v0000023887f68650_0, 0;
    %pushi/vec4 0, 0, 5;
    %assign/vec4 v0000023887f69d70_0, 0;
    %pushi/vec4 0, 0, 5;
    %assign/vec4 v0000023887f69190_0, 0;
    %pushi/vec4 0, 0, 32;
    %assign/vec4 v0000023887f68830_0, 0;
    %pushi/vec4 0, 0, 32;
    %assign/vec4 v0000023887f688d0_0, 0;
    %pushi/vec4 0, 0, 32;
    %assign/vec4 v0000023887f699b0_0, 0;
    %pushi/vec4 0, 0, 7;
    %assign/vec4 v0000023887f69a50_0, 0;
    %pushi/vec4 0, 0, 3;
    %assign/vec4 v0000023887f69cd0_0, 0;
    %pushi/vec4 0, 0, 7;
    %assign/vec4 v0000023887f68e70_0, 0;
    %pushi/vec4 0, 0, 1;
    %assign/vec4 v0000023887f67d90_0, 0;
    %pushi/vec4 0, 0, 1;
    %assign/vec4 v0000023887f680b0_0, 0;
    %pushi/vec4 0, 0, 3;
    %assign/vec4 v0000023887f68510_0, 0;
    %pushi/vec4 0, 0, 1;
    %assign/vec4 v0000023887f6a450_0, 0;
    %pushi/vec4 0, 0, 1;
    %assign/vec4 v0000023887f68470_0, 0;
    %pushi/vec4 0, 0, 1;
    %assign/vec4 v0000023887f686f0_0, 0;
    %pushi/vec4 0, 0, 1;
    %assign/vec4 v0000023887f69eb0_0, 0;
    %pushi/vec4 0, 0, 1;
    %assign/vec4 v0000023887f68010_0, 0;
    %pushi/vec4 0, 0, 1;
    %assign/vec4 v0000023887f69c30_0, 0;
    %pushi/vec4 0, 0, 1;
    %assign/vec4 v0000023887f6a3b0_0, 0;
    %pushi/vec4 0, 0, 1;
    %assign/vec4 v0000023887f67cf0_0, 0;
    %pushi/vec4 0, 0, 1;
    %assign/vec4 v0000023887f68970_0, 0;
    %pushi/vec4 0, 0, 1;
    %assign/vec4 v0000023887f68bf0_0, 0;
    %jmp T_19.18;
T_19.17 ;
    %load/vec4 v0000023887f72630_0;
    %flag_set/vec4 8;
    %jmp/0xz  T_19.19, 8;
    %load/vec4 v0000023887f72130_0;
    %flag_set/vec4 8;
    %jmp/0xz  T_19.21, 8;
    %load/vec4 v0000023887f71550_0;
    %assign/vec4 v0000023887f71910_0, 0;
    %load/vec4 v0000023887f71cd0_0;
    %assign/vec4 v0000023887f71b90_0, 0;
    %load/vec4 v0000023887f73350_0;
    %assign/vec4 v0000023887f71d70_0, 0;
    %load/vec4 v0000023887f72a90_0;
    %assign/vec4 v0000023887f714b0_0, 0;
T_19.21 ;
    %jmp T_19.20;
T_19.19 ;
    %load/vec4 v0000023887f6db50_0;
    %flag_set/vec4 8;
    %jmp/0xz  T_19.23, 8;
    %pushi/vec4 0, 0, 1;
    %assign/vec4 v0000023887f69370_0, 0;
    %pushi/vec4 0, 0, 32;
    %assign/vec4 v0000023887f68a10_0, 0;
    %pushi/vec4 0, 0, 32;
    %assign/vec4 v0000023887f68290_0, 0;
    %pushi/vec4 0, 0, 32;
    %assign/vec4 v0000023887f69e10_0, 0;
    %pushi/vec4 0, 0, 5;
    %assign/vec4 v0000023887f68650_0, 0;
    %pushi/vec4 0, 0, 5;
    %assign/vec4 v0000023887f69d70_0, 0;
    %pushi/vec4 0, 0, 5;
    %assign/vec4 v0000023887f69190_0, 0;
    %pushi/vec4 0, 0, 32;
    %assign/vec4 v0000023887f68830_0, 0;
    %pushi/vec4 0, 0, 32;
    %assign/vec4 v0000023887f688d0_0, 0;
    %pushi/vec4 0, 0, 32;
    %assign/vec4 v0000023887f699b0_0, 0;
    %pushi/vec4 0, 0, 7;
    %assign/vec4 v0000023887f69a50_0, 0;
    %pushi/vec4 0, 0, 3;
    %assign/vec4 v0000023887f69cd0_0, 0;
    %pushi/vec4 0, 0, 7;
    %assign/vec4 v0000023887f68e70_0, 0;
    %pushi/vec4 0, 0, 1;
    %assign/vec4 v0000023887f67d90_0, 0;
    %pushi/vec4 0, 0, 1;
    %assign/vec4 v0000023887f680b0_0, 0;
    %pushi/vec4 0, 0, 3;
    %assign/vec4 v0000023887f68510_0, 0;
    %pushi/vec4 0, 0, 1;
    %assign/vec4 v0000023887f6a450_0, 0;
    %pushi/vec4 0, 0, 1;
    %assign/vec4 v0000023887f68470_0, 0;
    %pushi/vec4 0, 0, 1;
    %assign/vec4 v0000023887f686f0_0, 0;
    %pushi/vec4 0, 0, 1;
    %assign/vec4 v0000023887f69eb0_0, 0;
    %pushi/vec4 0, 0, 1;
    %assign/vec4 v0000023887f68010_0, 0;
    %pushi/vec4 0, 0, 1;
    %assign/vec4 v0000023887f69c30_0, 0;
    %pushi/vec4 0, 0, 1;
    %assign/vec4 v0000023887f6a3b0_0, 0;
    %pushi/vec4 0, 0, 1;
    %assign/vec4 v0000023887f67cf0_0, 0;
    %pushi/vec4 0, 0, 1;
    %assign/vec4 v0000023887f68970_0, 0;
    %pushi/vec4 0, 0, 1;
    %assign/vec4 v0000023887f68bf0_0, 0;
    %jmp T_19.24;
T_19.23 ;
    %load/vec4 v0000023887f71550_0;
    %assign/vec4 v0000023887f71910_0, 0;
    %load/vec4 v0000023887f71cd0_0;
    %assign/vec4 v0000023887f71b90_0, 0;
    %load/vec4 v0000023887f73350_0;
    %assign/vec4 v0000023887f71d70_0, 0;
    %load/vec4 v0000023887f72a90_0;
    %assign/vec4 v0000023887f714b0_0, 0;
    %load/vec4 v0000023887f69050_0;
    %assign/vec4 v0000023887f69370_0, 0;
    %load/vec4 v0000023887f67ed0_0;
    %assign/vec4 v0000023887f68a10_0, 0;
    %load/vec4 v0000023887f68b50_0;
    %assign/vec4 v0000023887f68290_0, 0;
    %load/vec4 v0000023887f685b0_0;
    %assign/vec4 v0000023887f69e10_0, 0;
    %load/vec4 v0000023887f68790_0;
    %assign/vec4 v0000023887f68650_0, 0;
    %load/vec4 v0000023887f68150_0;
    %assign/vec4 v0000023887f69d70_0, 0;
    %load/vec4 v0000023887f6a130_0;
    %assign/vec4 v0000023887f69190_0, 0;
    %load/vec4 v0000023887f67f70_0;
    %assign/vec4 v0000023887f68830_0, 0;
    %load/vec4 v0000023887f68ab0_0;
    %assign/vec4 v0000023887f688d0_0, 0;
    %load/vec4 v0000023887f68dd0_0;
    %assign/vec4 v0000023887f699b0_0, 0;
    %load/vec4 v0000023887f69ff0_0;
    %assign/vec4 v0000023887f69a50_0, 0;
    %load/vec4 v0000023887f69af0_0;
    %assign/vec4 v0000023887f69cd0_0, 0;
    %load/vec4 v0000023887f68330_0;
    %assign/vec4 v0000023887f68e70_0, 0;
    %load/vec4 v0000023887f69b90_0;
    %assign/vec4 v0000023887f67d90_0, 0;
    %load/vec4 v0000023887f69870_0;
    %assign/vec4 v0000023887f680b0_0, 0;
    %load/vec4 v0000023887f6a310_0;
    %assign/vec4 v0000023887f68510_0, 0;
    %load/vec4 v0000023887f68f10_0;
    %assign/vec4 v0000023887f6a450_0, 0;
    %load/vec4 v0000023887f69230_0;
    %assign/vec4 v0000023887f68470_0, 0;
    %load/vec4 v0000023887f692d0_0;
    %assign/vec4 v0000023887f686f0_0, 0;
    %load/vec4 v0000023887f681f0_0;
    %assign/vec4 v0000023887f69eb0_0, 0;
    %load/vec4 v0000023887f69f50_0;
    %assign/vec4 v0000023887f68010_0, 0;
    %load/vec4 v0000023887f68fb0_0;
    %assign/vec4 v0000023887f69c30_0, 0;
    %load/vec4 v0000023887f697d0_0;
    %assign/vec4 v0000023887f6a3b0_0, 0;
    %load/vec4 v0000023887f68d30_0;
    %assign/vec4 v0000023887f67cf0_0, 0;
    %load/vec4 v0000023887f68c90_0;
    %assign/vec4 v0000023887f68970_0, 0;
    %load/vec4 v0000023887f69730_0;
    %assign/vec4 v0000023887f68bf0_0, 0;
T_19.24 ;
T_19.20 ;
T_19.18 ;
    %load/vec4 v0000023887f72630_0;
    %flag_set/vec4 8;
    %jmp/0xz  T_19.25, 8;
    %load/vec4 v0000023887f6d5b0_0;
    %load/vec4 v0000023887f6b2b0_0;
    %or;
    %assign/vec4 v0000023887f6d5b0_0, 0;
    %jmp T_19.26;
T_19.25 ;
    %load/vec4 v0000023887f6eff0_0;
    %assign/vec4 v0000023887f6e4b0_0, 0;
    %load/vec4 v0000023887f6d790_0;
    %assign/vec4 v0000023887f6ccf0_0, 0;
    %load/vec4 v0000023887f6ee10_0;
    %assign/vec4 v0000023887f6d510_0, 0;
    %load/vec4 v0000023887f6ec30_0;
    %assign/vec4 v0000023887f6e0f0_0, 0;
    %load/vec4 v0000023887f6de70_0;
    %assign/vec4 v0000023887f6dbf0_0, 0;
    %load/vec4 v0000023887f6e190_0;
    %assign/vec4 v0000023887f6f1d0_0, 0;
    %load/vec4 v0000023887f6d330_0;
    %assign/vec4 v0000023887f6dc90_0, 0;
    %load/vec4 v0000023887f6e9b0_0;
    %assign/vec4 v0000023887f6f310_0, 0;
    %load/vec4 v0000023887f6eeb0_0;
    %assign/vec4 v0000023887f6eb90_0, 0;
    %load/vec4 v0000023887f6e410_0;
    %assign/vec4 v0000023887f6f450_0, 0;
    %load/vec4 v0000023887f6dfb0_0;
    %assign/vec4 v0000023887f6eaf0_0, 0;
    %load/vec4 v0000023887f6e230_0;
    %assign/vec4 v0000023887f6f270_0, 0;
    %load/vec4 v0000023887f6ef50_0;
    %assign/vec4 v0000023887f6ddd0_0, 0;
    %load/vec4 v0000023887f6cd90_0;
    %assign/vec4 v0000023887f6d470_0, 0;
    %load/vec4 v0000023887f6d6f0_0;
    %assign/vec4 v0000023887f6e050_0, 0;
    %load/vec4 v0000023887f6ea50_0;
    %assign/vec4 v0000023887f6ed70_0, 0;
    %load/vec4 v0000023887f6e2d0_0;
    %assign/vec4 v0000023887f6dd30_0, 0;
    %load/vec4 v0000023887f6e730_0;
    %assign/vec4 v0000023887f6e910_0, 0;
    %load/vec4 v0000023887f6df10_0;
    %assign/vec4 v0000023887f6ced0_0, 0;
    %load/vec4 v0000023887f6e370_0;
    %assign/vec4 v0000023887f6e870_0, 0;
    %load/vec4 v0000023887f6d010_0;
    %assign/vec4 v0000023887f6d1f0_0, 0;
    %load/vec4 v0000023887f6f090_0;
    %assign/vec4 v0000023887f6f3b0_0, 0;
    %load/vec4 v0000023887f6e7d0_0;
    %assign/vec4 v0000023887f6e690_0, 0;
    %pushi/vec4 0, 0, 1;
    %assign/vec4 v0000023887f6d5b0_0, 0;
T_19.26 ;
    %load/vec4 v0000023887f74930_0;
    %assign/vec4 v0000023887f74610_0, 0;
    %load/vec4 v0000023887f75790_0;
    %assign/vec4 v0000023887f74cf0_0, 0;
    %load/vec4 v0000023887f737b0_0;
    %assign/vec4 v0000023887f742f0_0, 0;
    %load/vec4 v0000023887f758d0_0;
    %assign/vec4 v0000023887f74a70_0, 0;
    %load/vec4 v0000023887f75650_0;
    %assign/vec4 v0000023887f75ab0_0, 0;
    %load/vec4 v0000023887f75970_0;
    %assign/vec4 v0000023887f749d0_0, 0;
    %load/vec4 v0000023887f74bb0_0;
    %assign/vec4 v0000023887f744d0_0, 0;
    %load/vec4 v0000023887f74390_0;
    %assign/vec4 v0000023887f73ad0_0, 0;
    %load/vec4 v0000023887f73990_0;
    %assign/vec4 v0000023887f751f0_0, 0;
    %load/vec4 v0000023887f73a30_0;
    %assign/vec4 v0000023887f75c90_0, 0;
    %load/vec4 v0000023887f75a10_0;
    %assign/vec4 v0000023887f75bf0_0, 0;
    %load/vec4 v0000023887f728b0_0;
    %assign/vec4 v0000023887f726d0_0, 0;
    %load/vec4 v0000023887f738f0_0;
    %assign/vec4 v0000023887f753d0_0, 0;
    %load/vec4 v0000023887f73170_0;
    %assign/vec4 v0000023887f71050_0, 0;
    %load/vec4 v0000023887f71230_0;
    %assign/vec4 v0000023887f710f0_0, 0;
    %load/vec4 v0000023887f75330_0;
    %assign/vec4 v0000023887f73530_0, 0;
    %load/vec4 v0000023887f729f0_0;
    %assign/vec4 v0000023887f72950_0, 0;
    %load/vec4 v0000023887f746b0_0;
    %assign/vec4 v0000023887f712d0_0, 0;
    %load/vec4 v0000023887f73490_0;
    %assign/vec4 v0000023887f733f0_0, 0;
    %load/vec4 v0000023887f73710_0;
    %assign/vec4 v0000023887f74f70_0, 0;
    %load/vec4 v0000023887f75b50_0;
    %assign/vec4 v0000023887f756f0_0, 0;
    %load/vec4 v0000023887f73670_0;
    %assign/vec4 v0000023887f73fd0_0, 0;
    %load/vec4 v0000023887f750b0_0;
    %assign/vec4 v0000023887f73850_0, 0;
    %load/vec4 v0000023887f755b0_0;
    %assign/vec4 v0000023887f735d0_0, 0;
    %load/vec4 v0000023887f73cb0_0;
    %assign/vec4 v0000023887f75150_0, 0;
    %load/vec4 v0000023887f73b70_0;
    %assign/vec4 v0000023887f75470_0, 0;
    %load/vec4 v0000023887f74250_0;
    %assign/vec4 v0000023887f75510_0, 0;
T_19.4 ;
T_19.3 ;
T_19.1 ;
    %jmp T_19;
    .thread T_19;
    .scope S_0000023887f81670;
T_20 ;
    %wait E_0000023887ed3740;
    %load/vec4 v0000023887f78df0_0;
    %flag_set/vec4 8;
    %jmp/0xz  T_20.0, 8;
    %pushi/vec4 0, 0, 1;
    %ix/load 3, 1, 0;
    %flag_set/imm 4, 0;
    %ix/load 4, 0, 0; Constant delay
    %assign/vec4/a/d v0000023887f78f30, 0, 4;
    %pushi/vec4 0, 0, 1;
    %ix/load 3, 1, 0;
    %flag_set/imm 4, 0;
    %ix/load 4, 0, 0; Constant delay
    %assign/vec4/a/d v0000023887f79070, 0, 4;
    %jmp T_20.1;
T_20.0 ;
    %ix/load 4, 0, 0;
    %flag_set/imm 4, 0;
    %load/vec4a v0000023887f78b70, 4;
    %ix/load 3, 1, 0;
    %flag_set/imm 4, 0;
    %ix/load 4, 0, 0; Constant delay
    %assign/vec4/a/d v0000023887f78b70, 0, 4;
    %ix/load 4, 0, 0;
    %flag_set/imm 4, 0;
    %load/vec4a v0000023887f78f30, 4;
    %ix/load 3, 1, 0;
    %flag_set/imm 4, 0;
    %ix/load 4, 0, 0; Constant delay
    %assign/vec4/a/d v0000023887f78f30, 0, 4;
    %ix/load 4, 0, 0;
    %flag_set/imm 4, 0;
    %load/vec4a v0000023887f79070, 4;
    %ix/load 3, 1, 0;
    %flag_set/imm 4, 0;
    %ix/load 4, 0, 0; Constant delay
    %assign/vec4/a/d v0000023887f79070, 0, 4;
    %ix/load 4, 0, 0;
    %flag_set/imm 4, 0;
    %load/vec4a v0000023887f7a830, 4;
    %ix/load 3, 1, 0;
    %flag_set/imm 4, 0;
    %ix/load 4, 0, 0; Constant delay
    %assign/vec4/a/d v0000023887f7a830, 0, 4;
    %ix/load 4, 0, 0;
    %flag_set/imm 4, 0;
    %load/vec4a v0000023887f79f70, 4;
    %ix/load 3, 1, 0;
    %flag_set/imm 4, 0;
    %ix/load 4, 0, 0; Constant delay
    %assign/vec4/a/d v0000023887f79f70, 0, 4;
T_20.1 ;
    %jmp T_20;
    .thread T_20;
    .scope S_0000023887f80ea0;
T_21 ;
    %wait E_0000023887ed3740;
    %load/vec4 v0000023887f78df0_0;
    %flag_set/vec4 8;
    %jmp/0xz  T_21.0, 8;
    %pushi/vec4 0, 0, 1;
    %ix/load 3, 2, 0;
    %flag_set/imm 4, 0;
    %ix/load 4, 0, 0; Constant delay
    %assign/vec4/a/d v0000023887f78f30, 0, 4;
    %pushi/vec4 0, 0, 1;
    %ix/load 3, 2, 0;
    %flag_set/imm 4, 0;
    %ix/load 4, 0, 0; Constant delay
    %assign/vec4/a/d v0000023887f79070, 0, 4;
    %jmp T_21.1;
T_21.0 ;
    %ix/load 4, 1, 0;
    %flag_set/imm 4, 0;
    %load/vec4a v0000023887f78b70, 4;
    %ix/load 3, 2, 0;
    %flag_set/imm 4, 0;
    %ix/load 4, 0, 0; Constant delay
    %assign/vec4/a/d v0000023887f78b70, 0, 4;
    %ix/load 4, 1, 0;
    %flag_set/imm 4, 0;
    %load/vec4a v0000023887f78f30, 4;
    %ix/load 3, 2, 0;
    %flag_set/imm 4, 0;
    %ix/load 4, 0, 0; Constant delay
    %assign/vec4/a/d v0000023887f78f30, 0, 4;
    %ix/load 4, 1, 0;
    %flag_set/imm 4, 0;
    %load/vec4a v0000023887f79070, 4;
    %ix/load 3, 2, 0;
    %flag_set/imm 4, 0;
    %ix/load 4, 0, 0; Constant delay
    %assign/vec4/a/d v0000023887f79070, 0, 4;
    %ix/load 4, 1, 0;
    %flag_set/imm 4, 0;
    %load/vec4a v0000023887f7a830, 4;
    %ix/load 3, 2, 0;
    %flag_set/imm 4, 0;
    %ix/load 4, 0, 0; Constant delay
    %assign/vec4/a/d v0000023887f7a830, 0, 4;
    %ix/load 4, 1, 0;
    %flag_set/imm 4, 0;
    %load/vec4a v0000023887f79f70, 4;
    %ix/load 3, 2, 0;
    %flag_set/imm 4, 0;
    %ix/load 4, 0, 0; Constant delay
    %assign/vec4/a/d v0000023887f79f70, 0, 4;
T_21.1 ;
    %jmp T_21;
    .thread T_21;
    .scope S_0000023887f81800;
T_22 ;
    %wait E_0000023887ed3740;
    %load/vec4 v0000023887f78df0_0;
    %flag_set/vec4 8;
    %jmp/0xz  T_22.0, 8;
    %pushi/vec4 0, 0, 1;
    %ix/load 3, 3, 0;
    %flag_set/imm 4, 0;
    %ix/load 4, 0, 0; Constant delay
    %assign/vec4/a/d v0000023887f78f30, 0, 4;
    %pushi/vec4 0, 0, 1;
    %ix/load 3, 3, 0;
    %flag_set/imm 4, 0;
    %ix/load 4, 0, 0; Constant delay
    %assign/vec4/a/d v0000023887f79070, 0, 4;
    %jmp T_22.1;
T_22.0 ;
    %ix/load 4, 2, 0;
    %flag_set/imm 4, 0;
    %load/vec4a v0000023887f78b70, 4;
    %ix/load 3, 3, 0;
    %flag_set/imm 4, 0;
    %ix/load 4, 0, 0; Constant delay
    %assign/vec4/a/d v0000023887f78b70, 0, 4;
    %ix/load 4, 2, 0;
    %flag_set/imm 4, 0;
    %load/vec4a v0000023887f78f30, 4;
    %ix/load 3, 3, 0;
    %flag_set/imm 4, 0;
    %ix/load 4, 0, 0; Constant delay
    %assign/vec4/a/d v0000023887f78f30, 0, 4;
    %ix/load 4, 2, 0;
    %flag_set/imm 4, 0;
    %load/vec4a v0000023887f79070, 4;
    %ix/load 3, 3, 0;
    %flag_set/imm 4, 0;
    %ix/load 4, 0, 0; Constant delay
    %assign/vec4/a/d v0000023887f79070, 0, 4;
    %ix/load 4, 2, 0;
    %flag_set/imm 4, 0;
    %load/vec4a v0000023887f7a830, 4;
    %ix/load 3, 3, 0;
    %flag_set/imm 4, 0;
    %ix/load 4, 0, 0; Constant delay
    %assign/vec4/a/d v0000023887f7a830, 0, 4;
    %ix/load 4, 2, 0;
    %flag_set/imm 4, 0;
    %load/vec4a v0000023887f79f70, 4;
    %ix/load 3, 3, 0;
    %flag_set/imm 4, 0;
    %ix/load 4, 0, 0; Constant delay
    %assign/vec4/a/d v0000023887f79f70, 0, 4;
T_22.1 ;
    %jmp T_22;
    .thread T_22;
    .scope S_0000023887f81990;
T_23 ;
    %wait E_0000023887ed3740;
    %load/vec4 v0000023887f78df0_0;
    %flag_set/vec4 8;
    %jmp/0xz  T_23.0, 8;
    %pushi/vec4 0, 0, 1;
    %assign/vec4 v0000023887f7a790_0, 0;
    %jmp T_23.1;
T_23.0 ;
    %load/vec4 v0000023887f7a790_0;
    %pad/u 32;
    %cmpi/e 1, 0, 32;
    %jmp/0xz  T_23.2, 4;
    %pushi/vec4 0, 0, 1;
    %assign/vec4 v0000023887f7a790_0, 0;
    %jmp T_23.3;
T_23.2 ;
    %load/vec4 v0000023887f79430_0;
    %nor/r;
    %load/vec4 v0000023887f78670_0;
    %or;
    %load/vec4 v0000023887f7abf0_0;
    %or;
    %flag_set/vec4 8;
    %jmp/0xz  T_23.4, 8;
    %load/vec4 v0000023887f7a790_0;
    %pad/u 2;
    %addi 1, 0, 2;
    %pad/u 1;
    %assign/vec4 v0000023887f7a790_0, 0;
T_23.4 ;
T_23.3 ;
T_23.1 ;
    %jmp T_23;
    .thread T_23;
    .scope S_0000023887f81990;
T_24 ;
    %wait E_0000023887ed3740;
    %load/vec4 v0000023887f78df0_0;
    %flag_set/vec4 8;
    %jmp/0xz  T_24.0, 8;
    %pushi/vec4 0, 0, 1;
    %ix/load 3, 0, 0;
    %flag_set/imm 4, 0;
    %ix/load 4, 0, 0; Constant delay
    %assign/vec4/a/d v0000023887f78f30, 0, 4;
    %pushi/vec4 0, 0, 1;
    %ix/load 3, 0, 0;
    %flag_set/imm 4, 0;
    %ix/load 4, 0, 0; Constant delay
    %assign/vec4/a/d v0000023887f79070, 0, 4;
    %jmp T_24.1;
T_24.0 ;
    %load/vec4 v0000023887f79250_0;
    %ix/load 3, 0, 0;
    %flag_set/imm 4, 0;
    %ix/load 4, 0, 0; Constant delay
    %assign/vec4/a/d v0000023887f78b70, 0, 4;
    %load/vec4 v0000023887f79430_0;
    %load/vec4 v0000023887f78670_0;
    %and;
    %ix/load 3, 0, 0;
    %flag_set/imm 4, 0;
    %ix/load 4, 0, 0; Constant delay
    %assign/vec4/a/d v0000023887f78f30, 0, 4;
    %load/vec4 v0000023887f79430_0;
    %load/vec4 v0000023887f7abf0_0;
    %and;
    %ix/load 3, 0, 0;
    %flag_set/imm 4, 0;
    %ix/load 4, 0, 0; Constant delay
    %assign/vec4/a/d v0000023887f79070, 0, 4;
    %load/vec4 v0000023887f7a6f0_0;
    %ix/load 3, 0, 0;
    %flag_set/imm 4, 0;
    %ix/load 4, 0, 0; Constant delay
    %assign/vec4/a/d v0000023887f7a830, 0, 4;
    %load/vec4 v0000023887f79cf0_0;
    %ix/load 3, 0, 0;
    %flag_set/imm 4, 0;
    %ix/load 4, 0, 0; Constant delay
    %assign/vec4/a/d v0000023887f79f70, 0, 4;
T_24.1 ;
    %jmp T_24;
    .thread T_24;
    .scope S_0000023887f81990;
T_25 ;
    %wait E_0000023887ed3740;
    %load/vec4 v0000023887f78710_0;
    %load/vec4 v0000023887f79b10_0;
    %parti/s 1, 0, 2;
    %and;
    %flag_set/vec4 8;
    %jmp/0xz  T_25.0, 8;
    %load/vec4 v0000023887f7a290_0;
    %parti/s 8, 0, 2;
    %load/vec4 v0000023887f79e30_0;
    %addi 0, 0, 32;
    %ix/vec4 3;
    %ix/load 4, 0, 0; Constant delay
    %assign/vec4/a/d v0000023887f7a470, 0, 4;
T_25.0 ;
    %load/vec4 v0000023887f78710_0;
    %load/vec4 v0000023887f79b10_0;
    %parti/s 1, 1, 2;
    %and;
    %flag_set/vec4 8;
    %jmp/0xz  T_25.2, 8;
    %load/vec4 v0000023887f7a290_0;
    %parti/s 8, 8, 5;
    %load/vec4 v0000023887f79e30_0;
    %addi 1, 0, 32;
    %ix/vec4 3;
    %ix/load 4, 0, 0; Constant delay
    %assign/vec4/a/d v0000023887f7a470, 0, 4;
T_25.2 ;
    %load/vec4 v0000023887f78710_0;
    %load/vec4 v0000023887f79b10_0;
    %parti/s 1, 2, 3;
    %and;
    %flag_set/vec4 8;
    %jmp/0xz  T_25.4, 8;
    %load/vec4 v0000023887f7a290_0;
    %parti/s 8, 16, 6;
    %load/vec4 v0000023887f79e30_0;
    %addi 2, 0, 32;
    %ix/vec4 3;
    %ix/load 4, 0, 0; Constant delay
    %assign/vec4/a/d v0000023887f7a470, 0, 4;
T_25.4 ;
    %load/vec4 v0000023887f78710_0;
    %load/vec4 v0000023887f79b10_0;
    %parti/s 1, 3, 3;
    %and;
    %flag_set/vec4 8;
    %jmp/0xz  T_25.6, 8;
    %load/vec4 v0000023887f7a290_0;
    %parti/s 8, 24, 6;
    %load/vec4 v0000023887f79e30_0;
    %addi 3, 0, 32;
    %ix/vec4 3;
    %ix/load 4, 0, 0; Constant delay
    %assign/vec4/a/d v0000023887f7a470, 0, 4;
T_25.6 ;
    %jmp T_25;
    .thread T_25;
    .scope S_0000023887f811c0;
T_26 ;
    %wait E_0000023887ed3740;
    %load/vec4 v0000023887f77950_0;
    %flag_set/vec4 8;
    %jmp/0xz  T_26.0, 8;
    %pushi/vec4 0, 0, 1;
    %ix/load 3, 1, 0;
    %flag_set/imm 4, 0;
    %ix/load 4, 0, 0; Constant delay
    %assign/vec4/a/d v0000023887f773b0, 0, 4;
    %pushi/vec4 0, 0, 1;
    %ix/load 3, 1, 0;
    %flag_set/imm 4, 0;
    %ix/load 4, 0, 0; Constant delay
    %assign/vec4/a/d v0000023887f776d0, 0, 4;
    %jmp T_26.1;
T_26.0 ;
    %ix/load 4, 0, 0;
    %flag_set/imm 4, 0;
    %load/vec4a v0000023887f77450, 4;
    %ix/load 3, 1, 0;
    %flag_set/imm 4, 0;
    %ix/load 4, 0, 0; Constant delay
    %assign/vec4/a/d v0000023887f77450, 0, 4;
    %ix/load 4, 0, 0;
    %flag_set/imm 4, 0;
    %load/vec4a v0000023887f773b0, 4;
    %ix/load 3, 1, 0;
    %flag_set/imm 4, 0;
    %ix/load 4, 0, 0; Constant delay
    %assign/vec4/a/d v0000023887f773b0, 0, 4;
    %ix/load 4, 0, 0;
    %flag_set/imm 4, 0;
    %load/vec4a v0000023887f776d0, 4;
    %ix/load 3, 1, 0;
    %flag_set/imm 4, 0;
    %ix/load 4, 0, 0; Constant delay
    %assign/vec4/a/d v0000023887f776d0, 0, 4;
    %ix/load 4, 0, 0;
    %flag_set/imm 4, 0;
    %load/vec4a v0000023887f771d0, 4;
    %ix/load 3, 1, 0;
    %flag_set/imm 4, 0;
    %ix/load 4, 0, 0; Constant delay
    %assign/vec4/a/d v0000023887f771d0, 0, 4;
    %ix/load 4, 0, 0;
    %flag_set/imm 4, 0;
    %load/vec4a v0000023887f77630, 4;
    %ix/load 3, 1, 0;
    %flag_set/imm 4, 0;
    %ix/load 4, 0, 0; Constant delay
    %assign/vec4/a/d v0000023887f77630, 0, 4;
T_26.1 ;
    %jmp T_26;
    .thread T_26;
    .scope S_0000023887f814e0;
T_27 ;
    %wait E_0000023887ed3740;
    %load/vec4 v0000023887f77950_0;
    %flag_set/vec4 8;
    %jmp/0xz  T_27.0, 8;
    %pushi/vec4 0, 0, 1;
    %ix/load 3, 2, 0;
    %flag_set/imm 4, 0;
    %ix/load 4, 0, 0; Constant delay
    %assign/vec4/a/d v0000023887f773b0, 0, 4;
    %pushi/vec4 0, 0, 1;
    %ix/load 3, 2, 0;
    %flag_set/imm 4, 0;
    %ix/load 4, 0, 0; Constant delay
    %assign/vec4/a/d v0000023887f776d0, 0, 4;
    %jmp T_27.1;
T_27.0 ;
    %ix/load 4, 1, 0;
    %flag_set/imm 4, 0;
    %load/vec4a v0000023887f77450, 4;
    %ix/load 3, 2, 0;
    %flag_set/imm 4, 0;
    %ix/load 4, 0, 0; Constant delay
    %assign/vec4/a/d v0000023887f77450, 0, 4;
    %ix/load 4, 1, 0;
    %flag_set/imm 4, 0;
    %load/vec4a v0000023887f773b0, 4;
    %ix/load 3, 2, 0;
    %flag_set/imm 4, 0;
    %ix/load 4, 0, 0; Constant delay
    %assign/vec4/a/d v0000023887f773b0, 0, 4;
    %ix/load 4, 1, 0;
    %flag_set/imm 4, 0;
    %load/vec4a v0000023887f776d0, 4;
    %ix/load 3, 2, 0;
    %flag_set/imm 4, 0;
    %ix/load 4, 0, 0; Constant delay
    %assign/vec4/a/d v0000023887f776d0, 0, 4;
    %ix/load 4, 1, 0;
    %flag_set/imm 4, 0;
    %load/vec4a v0000023887f771d0, 4;
    %ix/load 3, 2, 0;
    %flag_set/imm 4, 0;
    %ix/load 4, 0, 0; Constant delay
    %assign/vec4/a/d v0000023887f771d0, 0, 4;
    %ix/load 4, 1, 0;
    %flag_set/imm 4, 0;
    %load/vec4a v0000023887f77630, 4;
    %ix/load 3, 2, 0;
    %flag_set/imm 4, 0;
    %ix/load 4, 0, 0; Constant delay
    %assign/vec4/a/d v0000023887f77630, 0, 4;
T_27.1 ;
    %jmp T_27;
    .thread T_27;
    .scope S_0000023887f80d10;
T_28 ;
    %wait E_0000023887ed3740;
    %load/vec4 v0000023887f77950_0;
    %flag_set/vec4 8;
    %jmp/0xz  T_28.0, 8;
    %pushi/vec4 0, 0, 1;
    %ix/load 3, 3, 0;
    %flag_set/imm 4, 0;
    %ix/load 4, 0, 0; Constant delay
    %assign/vec4/a/d v0000023887f773b0, 0, 4;
    %pushi/vec4 0, 0, 1;
    %ix/load 3, 3, 0;
    %flag_set/imm 4, 0;
    %ix/load 4, 0, 0; Constant delay
    %assign/vec4/a/d v0000023887f776d0, 0, 4;
    %jmp T_28.1;
T_28.0 ;
    %ix/load 4, 2, 0;
    %flag_set/imm 4, 0;
    %load/vec4a v0000023887f77450, 4;
    %ix/load 3, 3, 0;
    %flag_set/imm 4, 0;
    %ix/load 4, 0, 0; Constant delay
    %assign/vec4/a/d v0000023887f77450, 0, 4;
    %ix/load 4, 2, 0;
    %flag_set/imm 4, 0;
    %load/vec4a v0000023887f773b0, 4;
    %ix/load 3, 3, 0;
    %flag_set/imm 4, 0;
    %ix/load 4, 0, 0; Constant delay
    %assign/vec4/a/d v0000023887f773b0, 0, 4;
    %ix/load 4, 2, 0;
    %flag_set/imm 4, 0;
    %load/vec4a v0000023887f776d0, 4;
    %ix/load 3, 3, 0;
    %flag_set/imm 4, 0;
    %ix/load 4, 0, 0; Constant delay
    %assign/vec4/a/d v0000023887f776d0, 0, 4;
    %ix/load 4, 2, 0;
    %flag_set/imm 4, 0;
    %load/vec4a v0000023887f771d0, 4;
    %ix/load 3, 3, 0;
    %flag_set/imm 4, 0;
    %ix/load 4, 0, 0; Constant delay
    %assign/vec4/a/d v0000023887f771d0, 0, 4;
    %ix/load 4, 2, 0;
    %flag_set/imm 4, 0;
    %load/vec4a v0000023887f77630, 4;
    %ix/load 3, 3, 0;
    %flag_set/imm 4, 0;
    %ix/load 4, 0, 0; Constant delay
    %assign/vec4/a/d v0000023887f77630, 0, 4;
T_28.1 ;
    %jmp T_28;
    .thread T_28;
    .scope S_00000238879364a0;
T_29 ;
    %wait E_0000023887ed3740;
    %load/vec4 v0000023887f77950_0;
    %flag_set/vec4 8;
    %jmp/0xz  T_29.0, 8;
    %pushi/vec4 0, 0, 1;
    %assign/vec4 v0000023887f77090_0, 0;
    %jmp T_29.1;
T_29.0 ;
    %load/vec4 v0000023887f77090_0;
    %pad/u 32;
    %cmpi/e 1, 0, 32;
    %jmp/0xz  T_29.2, 4;
    %pushi/vec4 0, 0, 1;
    %assign/vec4 v0000023887f77090_0, 0;
    %jmp T_29.3;
T_29.2 ;
    %load/vec4 v0000023887f75f10_0;
    %nor/r;
    %load/vec4 v0000023887f765f0_0;
    %or;
    %load/vec4 v0000023887f76f50_0;
    %or;
    %flag_set/vec4 8;
    %jmp/0xz  T_29.4, 8;
    %load/vec4 v0000023887f77090_0;
    %pad/u 2;
    %addi 1, 0, 2;
    %pad/u 1;
    %assign/vec4 v0000023887f77090_0, 0;
T_29.4 ;
T_29.3 ;
T_29.1 ;
    %jmp T_29;
    .thread T_29;
    .scope S_00000238879364a0;
T_30 ;
    %wait E_0000023887ed3740;
    %load/vec4 v0000023887f77950_0;
    %flag_set/vec4 8;
    %jmp/0xz  T_30.0, 8;
    %pushi/vec4 0, 0, 1;
    %ix/load 3, 0, 0;
    %flag_set/imm 4, 0;
    %ix/load 4, 0, 0; Constant delay
    %assign/vec4/a/d v0000023887f773b0, 0, 4;
    %pushi/vec4 0, 0, 1;
    %ix/load 3, 0, 0;
    %flag_set/imm 4, 0;
    %ix/load 4, 0, 0; Constant delay
    %assign/vec4/a/d v0000023887f776d0, 0, 4;
    %jmp T_30.1;
T_30.0 ;
    %load/vec4 v0000023887f76870_0;
    %ix/load 3, 0, 0;
    %flag_set/imm 4, 0;
    %ix/load 4, 0, 0; Constant delay
    %assign/vec4/a/d v0000023887f77450, 0, 4;
    %load/vec4 v0000023887f75f10_0;
    %load/vec4 v0000023887f765f0_0;
    %and;
    %ix/load 3, 0, 0;
    %flag_set/imm 4, 0;
    %ix/load 4, 0, 0; Constant delay
    %assign/vec4/a/d v0000023887f773b0, 0, 4;
    %load/vec4 v0000023887f75f10_0;
    %load/vec4 v0000023887f76f50_0;
    %and;
    %ix/load 3, 0, 0;
    %flag_set/imm 4, 0;
    %ix/load 4, 0, 0; Constant delay
    %assign/vec4/a/d v0000023887f776d0, 0, 4;
    %load/vec4 v0000023887f76eb0_0;
    %ix/load 3, 0, 0;
    %flag_set/imm 4, 0;
    %ix/load 4, 0, 0; Constant delay
    %assign/vec4/a/d v0000023887f771d0, 0, 4;
    %load/vec4 v0000023887f769b0_0;
    %ix/load 3, 0, 0;
    %flag_set/imm 4, 0;
    %ix/load 4, 0, 0; Constant delay
    %assign/vec4/a/d v0000023887f77630, 0, 4;
T_30.1 ;
    %jmp T_30;
    .thread T_30;
    .scope S_00000238879364a0;
T_31 ;
    %wait E_0000023887ed3740;
    %load/vec4 v0000023887f78210_0;
    %load/vec4 v0000023887f76910_0;
    %parti/s 1, 0, 2;
    %and;
    %flag_set/vec4 8;
    %jmp/0xz  T_31.0, 8;
    %load/vec4 v0000023887f78350_0;
    %parti/s 8, 0, 2;
    %load/vec4 v0000023887f76050_0;
    %addi 0, 0, 32;
    %ix/vec4 3;
    %ix/load 4, 0, 0; Constant delay
    %assign/vec4/a/d v0000023887f76c30, 0, 4;
T_31.0 ;
    %load/vec4 v0000023887f78210_0;
    %load/vec4 v0000023887f76910_0;
    %parti/s 1, 1, 2;
    %and;
    %flag_set/vec4 8;
    %jmp/0xz  T_31.2, 8;
    %load/vec4 v0000023887f78350_0;
    %parti/s 8, 8, 5;
    %load/vec4 v0000023887f76050_0;
    %addi 1, 0, 32;
    %ix/vec4 3;
    %ix/load 4, 0, 0; Constant delay
    %assign/vec4/a/d v0000023887f76c30, 0, 4;
T_31.2 ;
    %load/vec4 v0000023887f78210_0;
    %load/vec4 v0000023887f76910_0;
    %parti/s 1, 2, 3;
    %and;
    %flag_set/vec4 8;
    %jmp/0xz  T_31.4, 8;
    %load/vec4 v0000023887f78350_0;
    %parti/s 8, 16, 6;
    %load/vec4 v0000023887f76050_0;
    %addi 2, 0, 32;
    %ix/vec4 3;
    %ix/load 4, 0, 0; Constant delay
    %assign/vec4/a/d v0000023887f76c30, 0, 4;
T_31.4 ;
    %load/vec4 v0000023887f78210_0;
    %load/vec4 v0000023887f76910_0;
    %parti/s 1, 3, 3;
    %and;
    %flag_set/vec4 8;
    %jmp/0xz  T_31.6, 8;
    %load/vec4 v0000023887f78350_0;
    %parti/s 8, 24, 6;
    %load/vec4 v0000023887f76050_0;
    %addi 3, 0, 32;
    %ix/vec4 3;
    %ix/load 4, 0, 0; Constant delay
    %assign/vec4/a/d v0000023887f76c30, 0, 4;
T_31.6 ;
    %jmp T_31;
    .thread T_31;
    .scope S_0000023887eefcd0;
T_32 ;
    %wait E_0000023887ed3740;
    %load/vec4 v0000023887f7bf50_0;
    %flag_set/vec4 9;
    %flag_get/vec4 9;
    %jmp/0 T_32.2, 9;
    %load/vec4 v0000023887f7b0f0_0;
    %pushi/vec4 0, 0, 5;
    %cmp/ne;
    %flag_get/vec4 4;
    %and;
T_32.2;
    %flag_set/vec4 8;
    %jmp/0xz  T_32.0, 8;
    %load/vec4 v0000023887f7cef0_0;
    %load/vec4 v0000023887f7b0f0_0;
    %pad/u 7;
    %ix/vec4 3;
    %ix/load 4, 0, 0; Constant delay
    %assign/vec4/a/d v0000023887f7beb0, 0, 4;
T_32.0 ;
    %jmp T_32;
    .thread T_32;
    .scope S_0000023887eefcd0;
T_33 ;
    %pushi/vec4 0, 0, 1;
    %store/vec4 v0000023887f79110_0, 0, 1;
    %pushi/vec4 1, 0, 1;
    %store/vec4 v0000023887f7d490_0, 0, 1;
    %pushi/vec4 0, 0, 1;
    %store/vec4 v0000023887f7a5b0_0, 0, 1;
    %pushi/vec4 0, 0, 32;
    %store/vec4 v0000023887f7ac90_0, 0, 32;
    %pushi/vec4 0, 0, 32;
    %store/vec4 v0000023887f79d90_0, 0, 32;
T_33.0 ;
    %load/vec4 v0000023887f79d90_0;
    %cmpi/s 256, 0, 32;
    %jmp/0xz T_33.1, 5;
    %pushi/vec4 0, 0, 8;
    %ix/getv/s 4, v0000023887f79d90_0;
    %store/vec4a v0000023887f7a470, 4, 0;
    %pushi/vec4 0, 0, 8;
    %ix/getv/s 4, v0000023887f79d90_0;
    %store/vec4a v0000023887f76c30, 4, 0;
    %load/vec4 v0000023887f79d90_0;
    %addi 1, 0, 32;
    %store/vec4 v0000023887f79d90_0, 0, 32;
    %jmp T_33.0;
T_33.1 ;
    %pushi/vec4 0, 0, 32;
    %store/vec4 v0000023887f79d90_0, 0, 32;
T_33.2 ;
    %load/vec4 v0000023887f79d90_0;
    %cmpi/s 32, 0, 32;
    %jmp/0xz T_33.3, 5;
    %pushi/vec4 0, 0, 32;
    %ix/getv/s 4, v0000023887f79d90_0;
    %store/vec4a v0000023887f7beb0, 4, 0;
    %load/vec4 v0000023887f79d90_0;
    %addi 1, 0, 32;
    %store/vec4 v0000023887f79d90_0, 0, 32;
    %jmp T_33.2;
T_33.3 ;
    %pushi/vec4 0, 0, 32;
    %store/vec4 v0000023887f7ab50_0, 0, 32;
    %pushi/vec4 5243027, 0, 32;
    %store/vec4 v0000023887f7a510_0, 0, 32;
    %fork TD_unit_hart_tb.write_inst, S_0000023887f81b20;
    %join;
    %pushi/vec4 4, 0, 32;
    %store/vec4 v0000023887f7ab50_0, 0, 32;
    %pushi/vec4 7373075, 0, 32;
    %store/vec4 v0000023887f7a510_0, 0, 32;
    %fork TD_unit_hart_tb.write_inst, S_0000023887f81b20;
    %join;
    %pushi/vec4 8, 0, 32;
    %store/vec4 v0000023887f7ab50_0, 0, 32;
    %pushi/vec4 1114547, 0, 32;
    %store/vec4 v0000023887f7a510_0, 0, 32;
    %fork TD_unit_hart_tb.write_inst, S_0000023887f81b20;
    %join;
    %pushi/vec4 12, 0, 32;
    %store/vec4 v0000023887f7ab50_0, 0, 32;
    %pushi/vec4 3153955, 0, 32;
    %store/vec4 v0000023887f7a510_0, 0, 32;
    %fork TD_unit_hart_tb.write_inst, S_0000023887f81b20;
    %join;
    %pushi/vec4 16, 0, 32;
    %store/vec4 v0000023887f7ab50_0, 0, 32;
    %pushi/vec4 8707, 0, 32;
    %store/vec4 v0000023887f7a510_0, 0, 32;
    %fork TD_unit_hart_tb.write_inst, S_0000023887f81b20;
    %join;
    %pushi/vec4 20, 0, 32;
    %store/vec4 v0000023887f7ab50_0, 0, 32;
    %pushi/vec4 4203043, 0, 32;
    %store/vec4 v0000023887f7a510_0, 0, 32;
    %fork TD_unit_hart_tb.write_inst, S_0000023887f81b20;
    %join;
    %pushi/vec4 24, 0, 32;
    %store/vec4 v0000023887f7ab50_0, 0, 32;
    %pushi/vec4 4203139, 0, 32;
    %store/vec4 v0000023887f7a510_0, 0, 32;
    %fork TD_unit_hart_tb.write_inst, S_0000023887f81b20;
    %join;
    %pushi/vec4 28, 0, 32;
    %store/vec4 v0000023887f7ab50_0, 0, 32;
    %pushi/vec4 3310691, 0, 32;
    %store/vec4 v0000023887f7a510_0, 0, 32;
    %fork TD_unit_hart_tb.write_inst, S_0000023887f81b20;
    %join;
    %pushi/vec4 32, 0, 32;
    %store/vec4 v0000023887f7ab50_0, 0, 32;
    %pushi/vec4 1049363, 0, 32;
    %store/vec4 v0000023887f7a510_0, 0, 32;
    %fork TD_unit_hart_tb.write_inst, S_0000023887f81b20;
    %join;
    %pushi/vec4 36, 0, 32;
    %store/vec4 v0000023887f7ab50_0, 0, 32;
    %pushi/vec4 1048691, 0, 32;
    %store/vec4 v0000023887f7a510_0, 0, 32;
    %fork TD_unit_hart_tb.write_inst, S_0000023887f81b20;
    %join;
    %wait E_0000023887ed1ec0;
    %pushi/vec4 1, 0, 1;
    %store/vec4 v0000023887f7d490_0, 0, 1;
    %wait E_0000023887ed1ec0;
    %pushi/vec4 0, 0, 1;
    %store/vec4 v0000023887f7d490_0, 0, 1;
T_33.4 ;
    %load/vec4 v0000023887f7ac90_0;
    %cmpi/s 400, 0, 32;
    %flag_get/vec4 5;
    %jmp/0 T_33.6, 5;
    %load/vec4 v0000023887f7a5b0_0;
    %nor/r;
    %and;
T_33.6;
    %flag_set/vec4 8;
    %jmp/0xz T_33.5, 8;
    %wait E_0000023887ed3740;
    %load/vec4 v0000023887f7ac90_0;
    %addi 1, 0, 32;
    %store/vec4 v0000023887f7ac90_0, 0, 32;
    %load/vec4 v0000023887f7bf50_0;
    %flag_set/vec4 9;
    %flag_get/vec4 9;
    %jmp/0 T_33.9, 9;
    %load/vec4 v0000023887f7d350_0;
    %and;
T_33.9;
    %flag_set/vec4 8;
    %jmp/0xz  T_33.7, 8;
    %vpi_call 2 164 "$display", "FAIL unit_hart_tb: trap asserted at pc=%h inst=%h", v0000023887f7cb30_0, v0000023887f7c9f0_0 {0 0 0};
    %vpi_call 2 165 "$finish" {0 0 0};
T_33.7 ;
    %load/vec4 v0000023887f7a330_0;
    %flag_set/vec4 8;
    %jmp/0xz  T_33.10, 8;
    %pushi/vec4 1, 0, 1;
    %store/vec4 v0000023887f7a5b0_0, 0, 1;
T_33.10 ;
    %jmp T_33.4;
T_33.5 ;
    %load/vec4 v0000023887f7a5b0_0;
    %nor/r;
    %flag_set/vec4 8;
    %jmp/0xz  T_33.12, 8;
    %vpi_call 2 173 "$display", "FAIL unit_hart_tb: program did not halt" {0 0 0};
    %vpi_call 2 174 "$finish" {0 0 0};
T_33.12 ;
    %ix/load 4, 3, 0;
    %flag_set/imm 4, 0;
    %load/vec4a v0000023887f7beb0, 4;
    %cmpi/ne 17, 0, 32;
    %jmp/0xz  T_33.14, 6;
    %vpi_call 2 179 "$display", "FAIL unit_hart_tb: x3=%h exp=00000011", &A<v0000023887f7beb0, 3> {0 0 0};
    %vpi_call 2 180 "$finish" {0 0 0};
T_33.14 ;
    %ix/load 4, 4, 0;
    %flag_set/imm 4, 0;
    %load/vec4a v0000023887f7beb0, 4;
    %cmpi/ne 17, 0, 32;
    %jmp/0xz  T_33.16, 6;
    %vpi_call 2 183 "$display", "FAIL unit_hart_tb: x4=%h exp=00000011", &A<v0000023887f7beb0, 4> {0 0 0};
    %vpi_call 2 184 "$finish" {0 0 0};
T_33.16 ;
    %ix/load 4, 5, 0;
    %flag_set/imm 4, 0;
    %load/vec4a v0000023887f7beb0, 4;
    %cmpi/ne 17, 0, 32;
    %jmp/0xz  T_33.18, 6;
    %vpi_call 2 187 "$display", "FAIL unit_hart_tb: x5=%h exp=00000011", &A<v0000023887f7beb0, 5> {0 0 0};
    %vpi_call 2 188 "$finish" {0 0 0};
T_33.18 ;
    %ix/load 4, 6, 0;
    %flag_set/imm 4, 0;
    %load/vec4a v0000023887f7beb0, 4;
    %cmpi/ne 0, 0, 32;
    %jmp/0xz  T_33.20, 6;
    %vpi_call 2 191 "$display", "FAIL unit_hart_tb: x6=%h exp=00000000", &A<v0000023887f7beb0, 6> {0 0 0};
    %vpi_call 2 192 "$finish" {0 0 0};
T_33.20 ;
    %ix/load 4, 3, 0;
    %flag_set/imm 4, 0;
    %load/vec4a v0000023887f76c30, 4;
    %ix/load 4, 2, 0;
    %flag_set/imm 4, 0;
    %load/vec4a v0000023887f76c30, 4;
    %concat/vec4; draw_concat_vec4
    %ix/load 4, 1, 0;
    %flag_set/imm 4, 0;
    %load/vec4a v0000023887f76c30, 4;
    %concat/vec4; draw_concat_vec4
    %ix/load 4, 0, 0;
    %flag_set/imm 4, 0;
    %load/vec4a v0000023887f76c30, 4;
    %concat/vec4; draw_concat_vec4
    %cmpi/ne 17, 0, 32;
    %jmp/0xz  T_33.22, 6;
    %ix/load 4, 3, 0;
    %flag_set/imm 4, 0;
    %load/vec4a v0000023887f76c30, 4;
    %ix/load 4, 2, 0;
    %flag_set/imm 4, 0;
    %load/vec4a v0000023887f76c30, 4;
    %concat/vec4; draw_concat_vec4
    %ix/load 4, 1, 0;
    %flag_set/imm 4, 0;
    %load/vec4a v0000023887f76c30, 4;
    %concat/vec4; draw_concat_vec4
    %ix/load 4, 0, 0;
    %flag_set/imm 4, 0;
    %load/vec4a v0000023887f76c30, 4;
    %concat/vec4; draw_concat_vec4
    %vpi_call 2 197 "$display", "FAIL unit_hart_tb: mem[0]=%h exp=00000011", S<0,vec4,u32> {1 0 0};
    %vpi_call 2 198 "$finish" {0 0 0};
T_33.22 ;
    %ix/load 4, 7, 0;
    %flag_set/imm 4, 0;
    %load/vec4a v0000023887f76c30, 4;
    %ix/load 4, 6, 0;
    %flag_set/imm 4, 0;
    %load/vec4a v0000023887f76c30, 4;
    %concat/vec4; draw_concat_vec4
    %ix/load 4, 5, 0;
    %flag_set/imm 4, 0;
    %load/vec4a v0000023887f76c30, 4;
    %concat/vec4; draw_concat_vec4
    %ix/load 4, 4, 0;
    %flag_set/imm 4, 0;
    %load/vec4a v0000023887f76c30, 4;
    %concat/vec4; draw_concat_vec4
    %cmpi/ne 17, 0, 32;
    %jmp/0xz  T_33.24, 6;
    %ix/load 4, 7, 0;
    %flag_set/imm 4, 0;
    %load/vec4a v0000023887f76c30, 4;
    %ix/load 4, 6, 0;
    %flag_set/imm 4, 0;
    %load/vec4a v0000023887f76c30, 4;
    %concat/vec4; draw_concat_vec4
    %ix/load 4, 5, 0;
    %flag_set/imm 4, 0;
    %load/vec4a v0000023887f76c30, 4;
    %concat/vec4; draw_concat_vec4
    %ix/load 4, 4, 0;
    %flag_set/imm 4, 0;
    %load/vec4a v0000023887f76c30, 4;
    %concat/vec4; draw_concat_vec4
    %vpi_call 2 201 "$display", "FAIL unit_hart_tb: mem[4]=%h exp=00000011", S<0,vec4,u32> {1 0 0};
    %vpi_call 2 202 "$finish" {0 0 0};
T_33.24 ;
    %vpi_call 2 205 "$display", "PASS unit_hart_tb cycles=%0d", v0000023887f7ac90_0 {0 0 0};
    %vpi_call 2 206 "$finish" {0 0 0};
    %end;
    .thread T_33;
    .scope S_0000023887eefcd0;
T_34 ;
    %delay 5000, 0;
    %load/vec4 v0000023887f79110_0;
    %inv;
    %store/vec4 v0000023887f79110_0, 0, 1;
    %jmp T_34;
    .thread T_34;
# The file index is used to find the file name in the following table.
:file_names 14;
    "N/A";
    "<interactive>";
    "tests\unit_hart_tb.v";
    "rtl\hart.v";
    "rtl\cache.v";
    "rtl\decode.v";
    "lib\imm.v";
    "lib\rf.v";
    "rtl\execute.v";
    "lib\alu.v";
    "lib\alu_control_unit.v";
    "rtl\memory.v";
    "rtl\writeback.v";
    "rtl\tb_memory.v";
