#! /c/Source/iverilog-install/bin/vvp
:ivl_version "12.0 (devel)" "(s20150603-1539-g2693dd32b)";
:ivl_delay_selection "TYPICAL";
:vpi_time_precision - 12;
:vpi_module "D:\iverilog\lib\ivl\system.vpi";
:vpi_module "D:\iverilog\lib\ivl\vhdl_sys.vpi";
:vpi_module "D:\iverilog\lib\ivl\vhdl_textio.vpi";
:vpi_module "D:\iverilog\lib\ivl\v2005_math.vpi";
:vpi_module "D:\iverilog\lib\ivl\va_math.vpi";
S_0000016d3aca9850 .scope module, "unit_hart_tb" "unit_hart_tb" 2 3;
 .timescale -9 -12;
L_0000016d3afaa250 .functor BUFZ 1, L_0000016d3afaa1e0, C4<0>, C4<0>, C4<0>;
v0000016d3af27ff0_0 .var "clk", 0 0;
v0000016d3af2a390_0 .var/i "cycles", 31 0;
v0000016d3af29710_0 .net "dmem_addr", 31 0, L_0000016d3afb0990;  1 drivers
v0000016d3af28db0_0 .net "dmem_mask", 3 0, L_0000016d3af8f620;  1 drivers
v0000016d3af29030_0 .net "dmem_rdata", 31 0, L_0000016d3afab130;  1 drivers
v0000016d3af29170_0 .net "dmem_ready", 0 0, L_0000016d3afa9ca0;  1 drivers
v0000016d3af29a30_0 .net "dmem_ren", 0 0, L_0000016d3afb0ed0;  1 drivers
v0000016d3af28130_0 .net "dmem_rvalid", 0 0, L_0000016d3afaa1e0;  1 drivers
v0000016d3af286d0_0 .net "dmem_valid", 0 0, L_0000016d3afaa250;  1 drivers
v0000016d3af28bd0_0 .net "dmem_wdata", 31 0, L_0000016d3afb0a00;  1 drivers
v0000016d3af28270_0 .net "dmem_wdone", 0 0, L_0000016d3afaacd0;  1 drivers
v0000016d3af27f50_0 .net "dmem_wen", 0 0, L_0000016d3afb0c30;  1 drivers
v0000016d3af29fd0_0 .net "halt", 0 0, L_0000016d3afaa870;  1 drivers
v0000016d3af298f0_0 .var "halted_seen", 0 0;
v0000016d3af29350_0 .var/i "i", 31 0;
v0000016d3af297b0_0 .net "imem_raddr", 31 0, L_0000016d3afa75f0;  1 drivers
v0000016d3af284f0_0 .net "imem_rdata", 31 0, L_0000016d3afaa9c0;  1 drivers
v0000016d3af29c10_0 .net "imem_ready", 0 0, L_0000016d3afaa020;  1 drivers
v0000016d3af28ef0_0 .net "imem_ren", 0 0, L_0000016d3afa7900;  1 drivers
v0000016d3af28770_0 .net "imem_valid", 0 0, L_0000016d3afa9fb0;  1 drivers
v0000016d3af293f0_0 .net "inst", 31 0, L_0000016d3afb1100;  1 drivers
v0000016d3af28310_0 .net "next_pc", 31 0, L_0000016d3afa9ed0;  1 drivers
v0000016d3af29df0_0 .net "pc", 31 0, L_0000016d3afaa560;  1 drivers
v0000016d3af2a070_0 .net "rd_waddr", 4 0, L_0000016d3af8f760;  1 drivers
v0000016d3af29670_0 .net "rd_wdata", 31 0, L_0000016d3afaa8e0;  1 drivers
v0000016d3af283b0 .array "regs", 31 0, 31 0;
v0000016d3af295d0_0 .net "rs1_raddr", 4 0, L_0000016d3afab210;  1 drivers
v0000016d3af28c70_0 .net "rs1_rdata", 31 0, L_0000016d3afaaaa0;  1 drivers
v0000016d3af29cb0_0 .net "rs2_raddr", 4 0, L_0000016d3afa9760;  1 drivers
v0000016d3af29ad0_0 .net "rs2_rdata", 31 0, L_0000016d3afa9bc0;  1 drivers
v0000016d3af29210_0 .var "rst", 0 0;
v0000016d3af28e50_0 .net "trap", 0 0, L_0000016d3afaac60;  1 drivers
v0000016d3af29530_0 .net "valid", 0 0, L_0000016d3afb1020;  1 drivers
E_0000016d3ae4b9c0 .event negedge, v0000016d3aef2300_0;
S_0000016d3aca99e0 .scope module, "dut" "hart" 2 35, 3 3 0, S_0000016d3aca9850;
 .timescale -9 -12;
    .port_info 0 /INPUT 1 "i_clk";
    .port_info 1 /INPUT 1 "i_rst";
    .port_info 2 /INPUT 1 "i_imem_ready";
    .port_info 3 /OUTPUT 32 "o_imem_raddr";
    .port_info 4 /OUTPUT 1 "o_imem_ren";
    .port_info 5 /INPUT 1 "i_imem_valid";
    .port_info 6 /INPUT 32 "i_imem_rdata";
    .port_info 7 /INPUT 1 "i_dmem_ready";
    .port_info 8 /OUTPUT 32 "o_dmem_addr";
    .port_info 9 /OUTPUT 1 "o_dmem_ren";
    .port_info 10 /OUTPUT 1 "o_dmem_wen";
    .port_info 11 /OUTPUT 32 "o_dmem_wdata";
    .port_info 12 /OUTPUT 4 "o_dmem_mask";
    .port_info 13 /INPUT 1 "i_dmem_valid";
    .port_info 14 /INPUT 32 "i_dmem_rdata";
    .port_info 15 /OUTPUT 1 "o_retire_valid";
    .port_info 16 /OUTPUT 32 "o_retire_inst";
    .port_info 17 /OUTPUT 1 "o_retire_trap";
    .port_info 18 /OUTPUT 1 "o_retire_halt";
    .port_info 19 /OUTPUT 5 "o_retire_rs1_raddr";
    .port_info 20 /OUTPUT 5 "o_retire_rs2_raddr";
    .port_info 21 /OUTPUT 32 "o_retire_rs1_rdata";
    .port_info 22 /OUTPUT 32 "o_retire_rs2_rdata";
    .port_info 23 /OUTPUT 5 "o_retire_rd_waddr";
    .port_info 24 /OUTPUT 32 "o_retire_rd_wdata";
    .port_info 25 /OUTPUT 32 "o_retire_dmem_addr";
    .port_info 26 /OUTPUT 4 "o_retire_dmem_mask";
    .port_info 27 /OUTPUT 1 "o_retire_dmem_ren";
    .port_info 28 /OUTPUT 1 "o_retire_dmem_wen";
    .port_info 29 /OUTPUT 32 "o_retire_dmem_rdata";
    .port_info 30 /OUTPUT 32 "o_retire_dmem_wdata";
    .port_info 31 /OUTPUT 32 "o_retire_pc";
    .port_info 32 /OUTPUT 32 "o_retire_next_pc";
P_0000016d3ae4c3c0 .param/l "RESET_ADDR" 0 3 6, C4<00000000000000000000000000000000>;
L_0000016d3ad695d0 .functor BUFZ 32, v0000016d3af36d70_0, C4<00000000000000000000000000000000>, C4<00000000000000000000000000000000>, C4<00000000000000000000000000000000>;
L_0000016d3ad69db0 .functor BUFZ 32, L_0000016d3adf61b0, C4<00000000000000000000000000000000>, C4<00000000000000000000000000000000>, C4<00000000000000000000000000000000>;
L_0000016d3ac53390 .functor NOT 1, L_0000016d3afa4cd0, C4<0>, C4<0>, C4<0>;
L_0000016d3a80eda0 .functor AND 1, v0000016d3af2fe30_0, L_0000016d3ac53390, C4<1>, C4<1>;
L_0000016d3ac9f010 .functor NOT 1, L_0000016d3afb0b50, C4<0>, C4<0>, C4<0>;
L_0000016d3afa65c0 .functor AND 1, L_0000016d3a80eda0, L_0000016d3ac9f010, C4<1>, C4<1>;
L_0000016d3afa7120 .functor NOT 1, L_0000016d3afafab0, C4<0>, C4<0>, C4<0>;
L_0000016d3afa7190 .functor AND 1, L_0000016d3afa65c0, L_0000016d3afa7120, C4<1>, C4<1>;
L_0000016d3afa66a0 .functor NOT 1, v0000016d3af2fe30_0, C4<0>, C4<0>, C4<0>;
L_0000016d3afa69b0 .functor OR 1, L_0000016d3afa66a0, L_0000016d3afa7190, C4<0>, C4<0>;
L_0000016d3afa7350 .functor NOT 1, v0000016d3af2bf10_0, C4<0>, C4<0>, C4<0>;
L_0000016d3afa7a50 .functor NOT 1, v0000016d3af2f890_0, C4<0>, C4<0>, C4<0>;
L_0000016d3afa6f60 .functor AND 1, L_0000016d3afa7350, L_0000016d3afa7a50, C4<1>, C4<1>;
L_0000016d3afa6be0 .functor AND 1, L_0000016d3afa6f60, L_0000016d3afa69b0, C4<1>, C4<1>;
L_0000016d3afa7cf0 .functor NOT 1, L_0000016d3afafab0, C4<0>, C4<0>, C4<0>;
L_0000016d3afa7430 .functor AND 1, L_0000016d3afa6be0, L_0000016d3afa7cf0, C4<1>, C4<1>;
L_0000016d3afa6b70 .functor NOT 1, L_0000016d3adf6f40, C4<0>, C4<0>, C4<0>;
L_0000016d3afa7580 .functor AND 1, v0000016d3af2f890_0, L_0000016d3afa6b70, C4<1>, C4<1>;
L_0000016d3afa6fd0 .functor NOT 1, L_0000016d3adf6f40, C4<0>, C4<0>, C4<0>;
L_0000016d3afa70b0 .functor AND 1, L_0000016d3afa7430, L_0000016d3afa6fd0, C4<1>, C4<1>;
L_0000016d3afa67f0 .functor NOT 1, v0000016d3af30150_0, C4<0>, C4<0>, C4<0>;
L_0000016d3afa6a20 .functor AND 1, L_0000016d3afa7580, L_0000016d3afa67f0, C4<1>, C4<1>;
L_0000016d3afa79e0 .functor NOT 1, L_0000016d3afafab0, C4<0>, C4<0>, C4<0>;
L_0000016d3afa7970 .functor AND 1, L_0000016d3afa6a20, L_0000016d3afa79e0, C4<1>, C4<1>;
L_0000016d3afa73c0 .functor OR 1, L_0000016d3afa70b0, L_0000016d3afa7970, C4<0>, C4<0>;
L_0000016d3afa75f0 .functor BUFZ 32, L_0000016d3af824c0, C4<00000000000000000000000000000000>, C4<00000000000000000000000000000000>, C4<00000000000000000000000000000000>;
L_0000016d3afa7900 .functor BUFZ 1, L_0000016d3adf6bc0, C4<0>, C4<0>, C4<0>;
L_0000016d3afa74a0 .functor BUFZ 1, L_0000016d3afa73c0, C4<0>, C4<0>, C4<0>;
L_0000016d3afa7d60 .functor BUFZ 32, L_0000016d3af87920, C4<00000000000000000000000000000000>, C4<00000000000000000000000000000000>, C4<00000000000000000000000000000000>;
L_0000016d3afa7740 .functor BUFZ 32, L_0000016d3ad69db0, C4<00000000000000000000000000000000>, C4<00000000000000000000000000000000>, C4<00000000000000000000000000000000>;
L_0000016d3afa80e0 .functor OR 1, L_0000016d3af8a760, L_0000016d3af89a40, C4<0>, C4<0>;
L_0000016d3afa8310 .functor OR 1, L_0000016d3afa80e0, L_0000016d3af8a8a0, C4<0>, C4<0>;
L_0000016d3afa8380 .functor OR 1, L_0000016d3afa8310, L_0000016d3af8a940, C4<0>, C4<0>;
L_0000016d3afa82a0 .functor OR 1, L_0000016d3afa8380, L_0000016d3af8bd40, C4<0>, C4<0>;
L_0000016d3afa8460 .functor OR 1, L_0000016d3afa82a0, L_0000016d3af8b700, C4<0>, C4<0>;
L_0000016d3afa8150 .functor OR 1, L_0000016d3af8aa80, L_0000016d3af89c20, C4<0>, C4<0>;
L_0000016d3afa8540 .functor OR 1, L_0000016d3afa8150, L_0000016d3af8b020, C4<0>, C4<0>;
L_0000016d3afa81c0 .functor OR 1, L_0000016d3af8ab20, L_0000016d3af8b200, C4<0>, C4<0>;
L_0000016d3afa54b0 .functor AND 1, v0000016d3af2fe30_0, v0000016d3af2df90_0, C4<1>, C4<1>;
L_0000016d3afa53d0 .functor AND 1, L_0000016d3afa54b0, v0000016d3af2e490_0, C4<1>, C4<1>;
L_0000016d3afa4bf0 .functor AND 1, L_0000016d3afa53d0, L_0000016d3af8b7a0, C4<1>, C4<1>;
L_0000016d3afa48e0 .functor AND 1, L_0000016d3afa8460, L_0000016d3af8abc0, C4<1>, C4<1>;
L_0000016d3afa4c60 .functor AND 1, L_0000016d3afa81c0, L_0000016d3af8b980, C4<1>, C4<1>;
L_0000016d3afa4870 .functor OR 1, L_0000016d3afa48e0, L_0000016d3afa4c60, C4<0>, C4<0>;
L_0000016d3afa4720 .functor AND 1, L_0000016d3afa4bf0, L_0000016d3afa4870, C4<1>, C4<1>;
L_0000016d3af3cd68 .functor BUFT 1, C4<0>, C4<0>, C4<0>, C4<0>;
L_0000016d3afa5830 .functor OR 1, L_0000016d3afa4720, L_0000016d3af3cd68, C4<0>, C4<0>;
L_0000016d3af3cdb0 .functor BUFT 1, C4<0>, C4<0>, C4<0>, C4<0>;
L_0000016d3afa4cd0 .functor OR 1, L_0000016d3afa5830, L_0000016d3af3cdb0, C4<0>, C4<0>;
L_0000016d3afa4800 .functor BUFZ 1, v0000016d3af2fe30_0, C4<0>, C4<0>, C4<0>;
L_0000016d3afa5b40 .functor BUFZ 32, v0000016d3af31e10_0, C4<00000000000000000000000000000000>, C4<00000000000000000000000000000000>, C4<00000000000000000000000000000000>;
L_0000016d3afa4d40 .functor BUFZ 32, v0000016d3af303d0_0, C4<00000000000000000000000000000000>, C4<00000000000000000000000000000000>, C4<00000000000000000000000000000000>;
L_0000016d3afa5ec0 .functor BUFZ 32, v0000016d3af30ab0_0, C4<00000000000000000000000000000000>, C4<00000000000000000000000000000000>, C4<00000000000000000000000000000000>;
L_0000016d3afa6160 .functor BUFZ 5, L_0000016d3afa84d0, C4<00000>, C4<00000>, C4<00000>;
L_0000016d3afa5360 .functor BUFZ 5, L_0000016d3afa85b0, C4<00000>, C4<00000>, C4<00000>;
L_0000016d3afa4950 .functor BUFZ 5, L_0000016d3af89d60, C4<00000>, C4<00000>, C4<00000>;
L_0000016d3afa5210 .functor BUFZ 32, L_0000016d3afa7f90, C4<00000000000000000000000000000000>, C4<00000000000000000000000000000000>, C4<00000000000000000000000000000000>;
L_0000016d3afa5520 .functor BUFZ 32, L_0000016d3afa8230, C4<00000000000000000000000000000000>, C4<00000000000000000000000000000000>, C4<00000000000000000000000000000000>;
L_0000016d3afa4db0 .functor BUFZ 32, L_0000016d3af89b80, C4<00000000000000000000000000000000>, C4<00000000000000000000000000000000>, C4<00000000000000000000000000000000>;
L_0000016d3afa4aa0 .functor BUFZ 1, L_0000016d3afa6780, C4<0>, C4<0>, C4<0>;
L_0000016d3afa5050 .functor BUFZ 1, L_0000016d3afa6860, C4<0>, C4<0>, C4<0>;
L_0000016d3afa4f70 .functor BUFZ 3, L_0000016d3af87a60, C4<000>, C4<000>, C4<000>;
L_0000016d3afa4e20 .functor BUFZ 1, L_0000016d3afa6c50, C4<0>, C4<0>, C4<0>;
L_0000016d3afa5fa0 .functor BUFZ 1, L_0000016d3afa7890, C4<0>, C4<0>, C4<0>;
L_0000016d3afa5590 .functor BUFZ 1, L_0000016d3afa7200, C4<0>, C4<0>, C4<0>;
L_0000016d3afa4e90 .functor BUFZ 1, L_0000016d3afa7dd0, C4<0>, C4<0>, C4<0>;
L_0000016d3afa59f0 .functor BUFZ 1, L_0000016d3afa6e10, C4<0>, C4<0>, C4<0>;
L_0000016d3afa6240 .functor BUFZ 1, L_0000016d3afa7c10, C4<0>, C4<0>, C4<0>;
L_0000016d3afa4b10 .functor BUFZ 1, L_0000016d3afa7040, C4<0>, C4<0>, C4<0>;
L_0000016d3afa4f00 .functor BUFZ 1, L_0000016d3afa7e40, C4<0>, C4<0>, C4<0>;
L_0000016d3afa51a0 .functor BUFZ 1, L_0000016d3afa6630, C4<0>, C4<0>, C4<0>;
L_0000016d3afa4fe0 .functor BUFZ 1, L_0000016d3afa7820, C4<0>, C4<0>, C4<0>;
L_0000016d3afa5e50 .functor BUFZ 32, L_0000016d3af8ef40, C4<00000000000000000000000000000000>, C4<00000000000000000000000000000000>, C4<00000000000000000000000000000000>;
L_0000016d3afa5a60 .functor AND 1, v0000016d3af2df90_0, v0000016d3af2c7d0_0, C4<1>, C4<1>;
L_0000016d3afa5910 .functor AND 1, L_0000016d3afa5a60, v0000016d3af2bb50_0, C4<1>, C4<1>;
L_0000016d3afa60f0 .functor NOT 1, v0000016d3af2a890_0, C4<0>, C4<0>, C4<0>;
L_0000016d3afa4790 .functor AND 1, L_0000016d3afa5910, L_0000016d3afa60f0, C4<1>, C4<1>;
L_0000016d3afa5130 .functor AND 1, L_0000016d3afa4790, L_0000016d3af8b160, C4<1>, C4<1>;
L_0000016d3afa49c0 .functor AND 1, L_0000016d3afa5130, L_0000016d3af8af80, C4<1>, C4<1>;
L_0000016d3afa4a30 .functor AND 1, v0000016d3af2df90_0, v0000016d3af2c7d0_0, C4<1>, C4<1>;
L_0000016d3afa61d0 .functor AND 1, L_0000016d3afa4a30, v0000016d3af2bb50_0, C4<1>, C4<1>;
L_0000016d3afa5980 .functor NOT 1, v0000016d3af2a890_0, C4<0>, C4<0>, C4<0>;
L_0000016d3afa50c0 .functor AND 1, L_0000016d3afa61d0, L_0000016d3afa5980, C4<1>, C4<1>;
L_0000016d3afa5280 .functor AND 1, L_0000016d3afa50c0, L_0000016d3af8b340, C4<1>, C4<1>;
L_0000016d3afa52f0 .functor AND 1, L_0000016d3afa5280, L_0000016d3af8ba20, C4<1>, C4<1>;
L_0000016d3afa5750 .functor AND 1, v0000016d3af2df90_0, v0000016d3af32bd0_0, C4<1>, C4<1>;
L_0000016d3afa56e0 .functor AND 1, L_0000016d3afa5750, v0000016d3af321d0_0, C4<1>, C4<1>;
L_0000016d3afa57c0 .functor AND 1, L_0000016d3afa56e0, L_0000016d3af8bb60, C4<1>, C4<1>;
L_0000016d3afa62b0 .functor NOT 1, L_0000016d3afa49c0, C4<0>, C4<0>, C4<0>;
L_0000016d3afa5440 .functor AND 1, L_0000016d3afa57c0, L_0000016d3afa62b0, C4<1>, C4<1>;
L_0000016d3afa58a0 .functor AND 1, L_0000016d3afa5440, L_0000016d3af8bc00, C4<1>, C4<1>;
L_0000016d3afa4b80 .functor AND 1, v0000016d3af2df90_0, v0000016d3af32bd0_0, C4<1>, C4<1>;
L_0000016d3afa5600 .functor AND 1, L_0000016d3afa4b80, v0000016d3af321d0_0, C4<1>, C4<1>;
L_0000016d3afa5ad0 .functor AND 1, L_0000016d3afa5600, L_0000016d3af8bca0, C4<1>, C4<1>;
L_0000016d3afa5670 .functor NOT 1, L_0000016d3afa52f0, C4<0>, C4<0>, C4<0>;
L_0000016d3afa5d00 .functor AND 1, L_0000016d3afa5ad0, L_0000016d3afa5670, C4<1>, C4<1>;
L_0000016d3afa5c20 .functor AND 1, L_0000016d3afa5d00, L_0000016d3af8dd20, C4<1>, C4<1>;
L_0000016d3afa5bb0 .functor BUFZ 32, L_0000016d3af8d1e0, C4<00000000000000000000000000000000>, C4<00000000000000000000000000000000>, C4<00000000000000000000000000000000>;
L_0000016d3afaf2d0 .functor NOT 1, L_0000016d3afb0b50, C4<0>, C4<0>, C4<0>;
L_0000016d3afafd50 .functor AND 1, v0000016d3af2df90_0, L_0000016d3afaf2d0, C4<1>, C4<1>;
L_0000016d3afb03e0 .functor AND 1, L_0000016d3afafd50, v0000016d3af2ed50_0, C4<1>, C4<1>;
L_0000016d3afaf650 .functor NOT 1, L_0000016d3af8e180, C4<0>, C4<0>, C4<0>;
L_0000016d3afb04c0 .functor NOT 1, L_0000016d3afaf420, C4<0>, C4<0>, C4<0>;
L_0000016d3afaee70 .functor NOT 1, L_0000016d3afaf420, C4<0>, C4<0>, C4<0>;
L_0000016d3afaf340 .functor AND 1, L_0000016d3afb03e0, L_0000016d3af8e400, C4<1>, C4<1>;
L_0000016d3afaf810 .functor NOT 1, L_0000016d3afb0b50, C4<0>, C4<0>, C4<0>;
L_0000016d3afaf3b0 .functor AND 1, v0000016d3af2df90_0, L_0000016d3afaf810, C4<1>, C4<1>;
L_0000016d3afaed20 .functor AND 1, L_0000016d3afaf3b0, v0000016d3af2dbd0_0, C4<1>, C4<1>;
L_0000016d3afaeee0 .functor OR 1, L_0000016d3afaf340, L_0000016d3afaed20, C4<0>, C4<0>;
L_0000016d3afaf490 .functor AND 1, L_0000016d3afaeee0, L_0000016d3af8e4a0, C4<1>, C4<1>;
L_0000016d3afaef50 .functor NOT 1, L_0000016d3afaf490, C4<0>, C4<0>, C4<0>;
L_0000016d3afafab0 .functor AND 1, L_0000016d3afaeee0, L_0000016d3afaef50, C4<1>, C4<1>;
L_0000016d3afaf0a0 .functor BUFZ 1, v0000016d3af2df90_0, C4<0>, C4<0>, C4<0>;
L_0000016d3afb0530 .functor BUFZ 32, v0000016d3af2ef30_0, C4<00000000000000000000000000000000>, C4<00000000000000000000000000000000>, C4<00000000000000000000000000000000>;
L_0000016d3afb0060 .functor BUFZ 32, v0000016d3af2f390_0, C4<00000000000000000000000000000000>, C4<00000000000000000000000000000000>, C4<00000000000000000000000000000000>;
L_0000016d3afafc70 .functor BUFZ 32, L_0000016d3af8d820, C4<00000000000000000000000000000000>, C4<00000000000000000000000000000000>, C4<00000000000000000000000000000000>;
L_0000016d3afb0610 .functor BUFZ 32, v0000016d3af2da90_0, C4<00000000000000000000000000000000>, C4<00000000000000000000000000000000>, C4<00000000000000000000000000000000>;
L_0000016d3afaeb60 .functor BUFZ 5, v0000016d3af2d310_0, C4<00000>, C4<00000>, C4<00000>;
L_0000016d3afb05a0 .functor BUFZ 5, v0000016d3af2e670_0, C4<00000>, C4<00000>, C4<00000>;
L_0000016d3afb0450 .functor BUFZ 5, v0000016d3af2ea30_0, C4<00000>, C4<00000>, C4<00000>;
L_0000016d3afaf880 .functor BUFZ 32, L_0000016d3af8e040, C4<00000000000000000000000000000000>, C4<00000000000000000000000000000000>, C4<00000000000000000000000000000000>;
L_0000016d3afaf500 .functor BUFZ 32, L_0000016d3af8d1e0, C4<00000000000000000000000000000000>, C4<00000000000000000000000000000000>, C4<00000000000000000000000000000000>;
L_0000016d3afafdc0 .functor BUFZ 32, v0000016d3af2d8b0_0, C4<00000000000000000000000000000000>, C4<00000000000000000000000000000000>, C4<00000000000000000000000000000000>;
L_0000016d3afaea80 .functor BUFZ 32, v0000016d3aefdf10_0, C4<00000000000000000000000000000000>, C4<00000000000000000000000000000000>, C4<00000000000000000000000000000000>;
L_0000016d3afb0370 .functor BUFZ 32, L_0000016d3afa5bb0, C4<00000000000000000000000000000000>, C4<00000000000000000000000000000000>, C4<00000000000000000000000000000000>;
L_0000016d3afaec40 .functor BUFZ 3, v0000016d3af2f570_0, C4<000>, C4<000>, C4<000>;
L_0000016d3afaf260 .functor BUFZ 1, v0000016d3af2d130_0, C4<0>, C4<0>, C4<0>;
L_0000016d3afaff10 .functor BUFZ 1, v0000016d3af2e490_0, C4<0>, C4<0>, C4<0>;
L_0000016d3afaecb0 .functor BUFZ 1, v0000016d3af2dc70_0, C4<0>, C4<0>, C4<0>;
L_0000016d3afaefc0 .functor BUFZ 1, v0000016d3af2d270_0, C4<0>, C4<0>, C4<0>;
L_0000016d3afaf180 .functor BUFZ 1, v0000016d3af2dbd0_0, C4<0>, C4<0>, C4<0>;
L_0000016d3afafe30 .functor BUFZ 1, v0000016d3af2f070_0, C4<0>, C4<0>, C4<0>;
L_0000016d3afaf570 .functor BUFZ 1, v0000016d3af2e170_0, C4<0>, C4<0>, C4<0>;
L_0000016d3afaf8f0 .functor BUFZ 1, L_0000016d3afaf490, C4<0>, C4<0>, C4<0>;
L_0000016d3afaf030 .functor BUFZ 1, v0000016d3af2e8f0_0, C4<0>, C4<0>, C4<0>;
L_0000016d3afaebd0 .functor AND 1, v0000016d3af2c7d0_0, v0000016d3af2af70_0, C4<1>, C4<1>;
L_0000016d3afb00d0 .functor AND 1, v0000016d3af2c7d0_0, v0000016d3af2b8d0_0, C4<1>, C4<1>;
L_0000016d3afaf1f0 .functor AND 1, v0000016d3af32bd0_0, v0000016d3af33670_0, C4<1>, C4<1>;
L_0000016d3afaf7a0 .functor AND 1, L_0000016d3afaf1f0, v0000016d3af2c7d0_0, C4<1>, C4<1>;
L_0000016d3afaf110 .functor AND 1, L_0000016d3afaf7a0, v0000016d3af2b8d0_0, C4<1>, C4<1>;
L_0000016d3afaf6c0 .functor AND 1, L_0000016d3afaf110, L_0000016d3af8d500, C4<1>, C4<1>;
L_0000016d3afaf5e0 .functor AND 1, L_0000016d3afaf6c0, L_0000016d3af8c740, C4<1>, C4<1>;
L_0000016d3afb0290 .functor OR 1, v0000016d3af2af70_0, v0000016d3af2b8d0_0, C4<0>, C4<0>;
L_0000016d3afb0300 .functor AND 1, v0000016d3af2c7d0_0, L_0000016d3afb0290, C4<1>, C4<1>;
L_0000016d3afb12c0 .functor NOT 1, L_0000016d3afb01b0, C4<0>, C4<0>, C4<0>;
L_0000016d3afb1330 .functor AND 1, L_0000016d3afb0300, L_0000016d3afb12c0, C4<1>, C4<1>;
L_0000016d3afb08b0 .functor NOT 1, v0000016d3af1cd90_0, C4<0>, C4<0>, C4<0>;
L_0000016d3afb07d0 .functor AND 1, L_0000016d3afb1330, L_0000016d3afb08b0, C4<1>, C4<1>;
L_0000016d3afb0840 .functor AND 1, v0000016d3af2c7d0_0, v0000016d3af2af70_0, C4<1>, C4<1>;
L_0000016d3afb0ae0 .functor NOT 1, L_0000016d3afb01b0, C4<0>, C4<0>, C4<0>;
L_0000016d3afb0680 .functor AND 1, L_0000016d3afb0840, L_0000016d3afb0ae0, C4<1>, C4<1>;
L_0000016d3afb0df0 .functor OR 1, v0000016d3af1cd90_0, L_0000016d3afb07d0, C4<0>, C4<0>;
L_0000016d3afb1090 .functor AND 1, L_0000016d3afb0680, L_0000016d3afb0df0, C4<1>, C4<1>;
L_0000016d3afb0920 .functor NOT 1, L_0000016d3adf5f80, C4<0>, C4<0>, C4<0>;
L_0000016d3afb1250 .functor AND 1, L_0000016d3afb1090, L_0000016d3afb0920, C4<1>, C4<1>;
L_0000016d3afb1410 .functor NOT 1, L_0000016d3afb1330, C4<0>, C4<0>, C4<0>;
L_0000016d3afb0e60 .functor NOT 1, L_0000016d3adf5f80, C4<0>, C4<0>, C4<0>;
L_0000016d3afb13a0 .functor OR 1, L_0000016d3afb1410, L_0000016d3afb0e60, C4<0>, C4<0>;
L_0000016d3afb11e0 .functor AND 1, v0000016d3af2c7d0_0, L_0000016d3afb13a0, C4<1>, C4<1>;
L_0000016d3afb1480 .functor NOT 1, L_0000016d3afb11e0, C4<0>, C4<0>, C4<0>;
L_0000016d3afb0b50 .functor AND 1, v0000016d3af2c7d0_0, L_0000016d3afb1480, C4<1>, C4<1>;
L_0000016d3afb14f0 .functor AND 1, L_0000016d3afaf9d0, L_0000016d3afb07d0, C4<1>, C4<1>;
L_0000016d3afb06f0 .functor AND 1, L_0000016d3afafa40, L_0000016d3afb07d0, C4<1>, C4<1>;
L_0000016d3afb1170 .functor BUFZ 1, L_0000016d3afb14f0, C4<0>, C4<0>, C4<0>;
L_0000016d3afb0bc0 .functor BUFZ 1, L_0000016d3afb06f0, C4<0>, C4<0>, C4<0>;
L_0000016d3afb0990 .functor BUFZ 32, L_0000016d3af88460, C4<00000000000000000000000000000000>, C4<00000000000000000000000000000000>, C4<00000000000000000000000000000000>;
L_0000016d3afb1560 .functor OR 1, L_0000016d3adf71e0, L_0000016d3adf7480, C4<0>, C4<0>;
L_0000016d3afb0a00 .functor BUFZ 32, L_0000016d3af87240, C4<00000000000000000000000000000000>, C4<00000000000000000000000000000000>, C4<00000000000000000000000000000000>;
L_0000016d3afb0ed0 .functor BUFZ 1, L_0000016d3adf71e0, C4<0>, C4<0>, C4<0>;
L_0000016d3afb0c30 .functor BUFZ 1, L_0000016d3adf7480, C4<0>, C4<0>, C4<0>;
L_0000016d3afb0760 .functor BUFZ 1, L_0000016d3afb11e0, C4<0>, C4<0>, C4<0>;
L_0000016d3afb0a70 .functor OR 1, v0000016d3af32450_0, v0000016d3af31f50_0, C4<0>, C4<0>;
L_0000016d3afb0ca0 .functor OR 1, L_0000016d3afb0a70, v0000016d3af323b0_0, C4<0>, C4<0>;
L_0000016d3afb0d10 .functor AND 1, v0000016d3af32bd0_0, v0000016d3af321d0_0, C4<1>, C4<1>;
L_0000016d3afb0d80 .functor NOT 1, L_0000016d3afb0ca0, C4<0>, C4<0>, C4<0>;
L_0000016d3afb0f40 .functor AND 1, L_0000016d3afb0d10, L_0000016d3afb0d80, C4<1>, C4<1>;
L_0000016d3afb0fb0 .functor AND 1, v0000016d3af32bd0_0, v0000016d3af33d50_0, C4<1>, C4<1>;
L_0000016d3afb1020 .functor BUFZ 1, v0000016d3af32bd0_0, C4<0>, C4<0>, C4<0>;
L_0000016d3afb1100 .functor BUFZ 32, v0000016d3af32ef0_0, C4<00000000000000000000000000000000>, C4<00000000000000000000000000000000>, C4<00000000000000000000000000000000>;
L_0000016d3afaac60 .functor AND 1, v0000016d3af32bd0_0, L_0000016d3afb0ca0, C4<1>, C4<1>;
L_0000016d3afaa870 .functor BUFZ 1, L_0000016d3afb0fb0, C4<0>, C4<0>, C4<0>;
L_0000016d3afab210 .functor BUFZ 5, v0000016d3af32a90_0, C4<00000>, C4<00000>, C4<00000>;
L_0000016d3afa9760 .functor BUFZ 5, v0000016d3af32b30_0, C4<00000>, C4<00000>, C4<00000>;
L_0000016d3afaaaa0 .functor BUFZ 32, v0000016d3af33a30_0, C4<00000000000000000000000000000000>, C4<00000000000000000000000000000000>, C4<00000000000000000000000000000000>;
L_0000016d3afa9bc0 .functor BUFZ 32, v0000016d3af34070_0, C4<00000000000000000000000000000000>, C4<00000000000000000000000000000000>, C4<00000000000000000000000000000000>;
L_0000016d3afaa8e0 .functor BUFZ 32, L_0000016d3af8ef40, C4<00000000000000000000000000000000>, C4<00000000000000000000000000000000>, C4<00000000000000000000000000000000>;
L_0000016d3afaab10 .functor BUFZ 32, v0000016d3af31910_0, C4<00000000000000000000000000000000>, C4<00000000000000000000000000000000>, C4<00000000000000000000000000000000>;
L_0000016d3afa9c30 .functor BUFZ 1, v0000016d3af306f0_0, C4<0>, C4<0>, C4<0>;
L_0000016d3afaa480 .functor BUFZ 1, v0000016d3af30830_0, C4<0>, C4<0>, C4<0>;
L_0000016d3afa9ae0 .functor BUFZ 4, v0000016d3af30650_0, C4<0000>, C4<0000>, C4<0000>;
L_0000016d3afa9e60 .functor BUFZ 32, v0000016d3af308d0_0, C4<00000000000000000000000000000000>, C4<00000000000000000000000000000000>, C4<00000000000000000000000000000000>;
L_0000016d3afa9840 .functor BUFZ 32, v0000016d3af319b0_0, C4<00000000000000000000000000000000>, C4<00000000000000000000000000000000>, C4<00000000000000000000000000000000>;
L_0000016d3afaa560 .functor BUFZ 32, v0000016d3af346b0_0, C4<00000000000000000000000000000000>, C4<00000000000000000000000000000000>, C4<00000000000000000000000000000000>;
L_0000016d3afa9ed0 .functor BUFZ 32, v0000016d3af33f30_0, C4<00000000000000000000000000000000>, C4<00000000000000000000000000000000>, C4<00000000000000000000000000000000>;
v0000016d3af138c0_0 .net *"_ivl_100", 0 0, L_0000016d3af8a940;  1 drivers
v0000016d3af13d20_0 .net *"_ivl_102", 0 0, L_0000016d3afa8380;  1 drivers
L_0000016d3af3cb28 .functor BUFT 1, C4<1100011>, C4<0>, C4<0>, C4<0>;
v0000016d3af14ae0_0 .net/2u *"_ivl_104", 6 0, L_0000016d3af3cb28;  1 drivers
v0000016d3af12e20_0 .net *"_ivl_106", 0 0, L_0000016d3af8bd40;  1 drivers
v0000016d3af13960_0 .net *"_ivl_108", 0 0, L_0000016d3afa82a0;  1 drivers
L_0000016d3af3cb70 .functor BUFT 1, C4<1100111>, C4<0>, C4<0>, C4<0>;
v0000016d3af13be0_0 .net/2u *"_ivl_110", 6 0, L_0000016d3af3cb70;  1 drivers
v0000016d3af12ce0_0 .net *"_ivl_112", 0 0, L_0000016d3af8b700;  1 drivers
L_0000016d3af3cbb8 .functor BUFT 1, C4<0110011>, C4<0>, C4<0>, C4<0>;
v0000016d3af14680_0 .net/2u *"_ivl_116", 6 0, L_0000016d3af3cbb8;  1 drivers
v0000016d3af13c80_0 .net *"_ivl_118", 0 0, L_0000016d3af8aa80;  1 drivers
L_0000016d3af3cc00 .functor BUFT 1, C4<0100011>, C4<0>, C4<0>, C4<0>;
v0000016d3af126a0_0 .net/2u *"_ivl_120", 6 0, L_0000016d3af3cc00;  1 drivers
v0000016d3af135a0_0 .net *"_ivl_122", 0 0, L_0000016d3af89c20;  1 drivers
v0000016d3af13460_0 .net *"_ivl_124", 0 0, L_0000016d3afa8150;  1 drivers
L_0000016d3af3cc48 .functor BUFT 1, C4<1100011>, C4<0>, C4<0>, C4<0>;
v0000016d3af14220_0 .net/2u *"_ivl_126", 6 0, L_0000016d3af3cc48;  1 drivers
v0000016d3af13e60_0 .net *"_ivl_128", 0 0, L_0000016d3af8b020;  1 drivers
L_0000016d3af3cc90 .functor BUFT 1, C4<0110011>, C4<0>, C4<0>, C4<0>;
v0000016d3af13500_0 .net/2u *"_ivl_132", 6 0, L_0000016d3af3cc90;  1 drivers
v0000016d3af12920_0 .net *"_ivl_134", 0 0, L_0000016d3af8ab20;  1 drivers
L_0000016d3af3ccd8 .functor BUFT 1, C4<1100011>, C4<0>, C4<0>, C4<0>;
v0000016d3af12d80_0 .net/2u *"_ivl_136", 6 0, L_0000016d3af3ccd8;  1 drivers
v0000016d3af12740_0 .net *"_ivl_138", 0 0, L_0000016d3af8b200;  1 drivers
v0000016d3af13780_0 .net *"_ivl_142", 0 0, L_0000016d3afa54b0;  1 drivers
v0000016d3af12880_0 .net *"_ivl_144", 0 0, L_0000016d3afa53d0;  1 drivers
L_0000016d3af3cd20 .functor BUFT 1, C4<00000>, C4<0>, C4<0>, C4<0>;
v0000016d3af14360_0 .net/2u *"_ivl_146", 4 0, L_0000016d3af3cd20;  1 drivers
v0000016d3af13dc0_0 .net *"_ivl_148", 0 0, L_0000016d3af8b7a0;  1 drivers
v0000016d3af12f60_0 .net *"_ivl_150", 0 0, L_0000016d3afa4bf0;  1 drivers
v0000016d3af127e0_0 .net *"_ivl_152", 0 0, L_0000016d3af8abc0;  1 drivers
v0000016d3af13a00_0 .net *"_ivl_154", 0 0, L_0000016d3afa48e0;  1 drivers
v0000016d3af13aa0_0 .net *"_ivl_156", 0 0, L_0000016d3af8b980;  1 drivers
v0000016d3af14720_0 .net *"_ivl_158", 0 0, L_0000016d3afa4c60;  1 drivers
v0000016d3af13fa0_0 .net *"_ivl_16", 0 0, L_0000016d3ac53390;  1 drivers
v0000016d3af14040_0 .net *"_ivl_160", 0 0, L_0000016d3afa4870;  1 drivers
v0000016d3af14180_0 .net *"_ivl_168", 0 0, L_0000016d3afa5830;  1 drivers
v0000016d3af142c0_0 .net *"_ivl_18", 0 0, L_0000016d3a80eda0;  1 drivers
v0000016d3af14400_0 .net *"_ivl_20", 0 0, L_0000016d3ac9f010;  1 drivers
v0000016d3af147c0_0 .net *"_ivl_22", 0 0, L_0000016d3afa65c0;  1 drivers
v0000016d3af14860_0 .net *"_ivl_224", 31 0, L_0000016d3af8ae40;  1 drivers
v0000016d3af14900_0 .net *"_ivl_230", 0 0, L_0000016d3afa5a60;  1 drivers
v0000016d3af1fbd0_0 .net *"_ivl_232", 0 0, L_0000016d3afa5910;  1 drivers
v0000016d3af1e870_0 .net *"_ivl_234", 0 0, L_0000016d3afa60f0;  1 drivers
v0000016d3af1d830_0 .net *"_ivl_236", 0 0, L_0000016d3afa4790;  1 drivers
L_0000016d3af3cdf8 .functor BUFT 1, C4<00000>, C4<0>, C4<0>, C4<0>;
v0000016d3af1fc70_0 .net/2u *"_ivl_238", 4 0, L_0000016d3af3cdf8;  1 drivers
v0000016d3af1fd10_0 .net *"_ivl_24", 0 0, L_0000016d3afa7120;  1 drivers
v0000016d3af1dc90_0 .net *"_ivl_240", 0 0, L_0000016d3af8b160;  1 drivers
v0000016d3af1f090_0 .net *"_ivl_242", 0 0, L_0000016d3afa5130;  1 drivers
v0000016d3af1d790_0 .net *"_ivl_244", 0 0, L_0000016d3af8af80;  1 drivers
v0000016d3af1f630_0 .net *"_ivl_248", 0 0, L_0000016d3afa4a30;  1 drivers
v0000016d3af1e910_0 .net *"_ivl_250", 0 0, L_0000016d3afa61d0;  1 drivers
v0000016d3af1f590_0 .net *"_ivl_252", 0 0, L_0000016d3afa5980;  1 drivers
v0000016d3af1eb90_0 .net *"_ivl_254", 0 0, L_0000016d3afa50c0;  1 drivers
L_0000016d3af3ce40 .functor BUFT 1, C4<00000>, C4<0>, C4<0>, C4<0>;
v0000016d3af1ea50_0 .net/2u *"_ivl_256", 4 0, L_0000016d3af3ce40;  1 drivers
v0000016d3af1e2d0_0 .net *"_ivl_258", 0 0, L_0000016d3af8b340;  1 drivers
v0000016d3af1fe50_0 .net *"_ivl_260", 0 0, L_0000016d3afa5280;  1 drivers
v0000016d3af1fb30_0 .net *"_ivl_262", 0 0, L_0000016d3af8ba20;  1 drivers
v0000016d3af1f6d0_0 .net *"_ivl_266", 0 0, L_0000016d3afa5750;  1 drivers
v0000016d3af1eeb0_0 .net *"_ivl_268", 0 0, L_0000016d3afa56e0;  1 drivers
L_0000016d3af3ce88 .functor BUFT 1, C4<00000>, C4<0>, C4<0>, C4<0>;
v0000016d3af1e9b0_0 .net/2u *"_ivl_270", 4 0, L_0000016d3af3ce88;  1 drivers
v0000016d3af1f770_0 .net *"_ivl_272", 0 0, L_0000016d3af8bb60;  1 drivers
v0000016d3af1f3b0_0 .net *"_ivl_274", 0 0, L_0000016d3afa57c0;  1 drivers
v0000016d3af1d970_0 .net *"_ivl_276", 0 0, L_0000016d3afa62b0;  1 drivers
v0000016d3af1ddd0_0 .net *"_ivl_278", 0 0, L_0000016d3afa5440;  1 drivers
v0000016d3af1e050_0 .net *"_ivl_28", 0 0, L_0000016d3afa66a0;  1 drivers
v0000016d3af1f270_0 .net *"_ivl_280", 0 0, L_0000016d3af8bc00;  1 drivers
v0000016d3af1db50_0 .net *"_ivl_284", 0 0, L_0000016d3afa4b80;  1 drivers
v0000016d3af1df10_0 .net *"_ivl_286", 0 0, L_0000016d3afa5600;  1 drivers
L_0000016d3af3ced0 .functor BUFT 1, C4<00000>, C4<0>, C4<0>, C4<0>;
v0000016d3af1f310_0 .net/2u *"_ivl_288", 4 0, L_0000016d3af3ced0;  1 drivers
v0000016d3af1e550_0 .net *"_ivl_290", 0 0, L_0000016d3af8bca0;  1 drivers
v0000016d3af1f810_0 .net *"_ivl_292", 0 0, L_0000016d3afa5ad0;  1 drivers
v0000016d3af1ef50_0 .net *"_ivl_294", 0 0, L_0000016d3afa5670;  1 drivers
v0000016d3af1e370_0 .net *"_ivl_296", 0 0, L_0000016d3afa5d00;  1 drivers
v0000016d3af1d6f0_0 .net *"_ivl_298", 0 0, L_0000016d3af8dd20;  1 drivers
L_0000016d3af3cf18 .functor BUFT 1, C4<10>, C4<0>, C4<0>, C4<0>;
v0000016d3af1e230_0 .net/2u *"_ivl_302", 1 0, L_0000016d3af3cf18;  1 drivers
L_0000016d3af3cf60 .functor BUFT 1, C4<01>, C4<0>, C4<0>, C4<0>;
v0000016d3af1eaf0_0 .net/2u *"_ivl_304", 1 0, L_0000016d3af3cf60;  1 drivers
L_0000016d3af3cfa8 .functor BUFT 1, C4<00>, C4<0>, C4<0>, C4<0>;
v0000016d3af1f450_0 .net/2u *"_ivl_306", 1 0, L_0000016d3af3cfa8;  1 drivers
v0000016d3af1f4f0_0 .net *"_ivl_308", 1 0, L_0000016d3af8e5e0;  1 drivers
L_0000016d3af3cff0 .functor BUFT 1, C4<10>, C4<0>, C4<0>, C4<0>;
v0000016d3af1ec30_0 .net/2u *"_ivl_312", 1 0, L_0000016d3af3cff0;  1 drivers
L_0000016d3af3d038 .functor BUFT 1, C4<01>, C4<0>, C4<0>, C4<0>;
v0000016d3af1e5f0_0 .net/2u *"_ivl_314", 1 0, L_0000016d3af3d038;  1 drivers
L_0000016d3af3d080 .functor BUFT 1, C4<00>, C4<0>, C4<0>, C4<0>;
v0000016d3af1f8b0_0 .net/2u *"_ivl_316", 1 0, L_0000016d3af3d080;  1 drivers
v0000016d3af1ecd0_0 .net *"_ivl_318", 1 0, L_0000016d3af8d460;  1 drivers
v0000016d3af1f950_0 .net *"_ivl_32", 0 0, L_0000016d3afa7350;  1 drivers
L_0000016d3af3d0c8 .functor BUFT 1, C4<11>, C4<0>, C4<0>, C4<0>;
v0000016d3af1de70_0 .net/2u *"_ivl_322", 1 0, L_0000016d3af3d0c8;  1 drivers
L_0000016d3af3d110 .functor BUFT 1, C4<11>, C4<0>, C4<0>, C4<0>;
v0000016d3af1da10_0 .net/2u *"_ivl_326", 1 0, L_0000016d3af3d110;  1 drivers
L_0000016d3af3d158 .functor BUFT 1, C4<10>, C4<0>, C4<0>, C4<0>;
v0000016d3af1e410_0 .net/2u *"_ivl_330", 1 0, L_0000016d3af3d158;  1 drivers
v0000016d3af1f130_0 .net *"_ivl_332", 0 0, L_0000016d3af8e360;  1 drivers
L_0000016d3af3d1a0 .functor BUFT 1, C4<01>, C4<0>, C4<0>, C4<0>;
v0000016d3af1ed70_0 .net/2u *"_ivl_334", 1 0, L_0000016d3af3d1a0;  1 drivers
v0000016d3af1dab0_0 .net *"_ivl_336", 0 0, L_0000016d3af8d320;  1 drivers
v0000016d3af1dbf0_0 .net *"_ivl_338", 31 0, L_0000016d3af8cba0;  1 drivers
v0000016d3af1d8d0_0 .net *"_ivl_34", 0 0, L_0000016d3afa7a50;  1 drivers
L_0000016d3af3d1e8 .functor BUFT 1, C4<10>, C4<0>, C4<0>, C4<0>;
v0000016d3af1e0f0_0 .net/2u *"_ivl_342", 1 0, L_0000016d3af3d1e8;  1 drivers
v0000016d3af1f1d0_0 .net *"_ivl_344", 0 0, L_0000016d3af8e680;  1 drivers
L_0000016d3af3d230 .functor BUFT 1, C4<01>, C4<0>, C4<0>, C4<0>;
v0000016d3af1e190_0 .net/2u *"_ivl_346", 1 0, L_0000016d3af3d230;  1 drivers
v0000016d3af1dd30_0 .net *"_ivl_348", 0 0, L_0000016d3af8d640;  1 drivers
v0000016d3af1e4b0_0 .net *"_ivl_350", 31 0, L_0000016d3af8e540;  1 drivers
L_0000016d3af3d278 .functor BUFT 1, C4<11>, C4<0>, C4<0>, C4<0>;
v0000016d3af1fdb0_0 .net/2u *"_ivl_354", 1 0, L_0000016d3af3d278;  1 drivers
v0000016d3af1e690_0 .net *"_ivl_356", 0 0, L_0000016d3af8c9c0;  1 drivers
v0000016d3af1dfb0_0 .net *"_ivl_36", 0 0, L_0000016d3afa6f60;  1 drivers
L_0000016d3af3d2c0 .functor BUFT 1, C4<11>, C4<0>, C4<0>, C4<0>;
v0000016d3af1e730_0 .net/2u *"_ivl_360", 1 0, L_0000016d3af3d2c0;  1 drivers
v0000016d3af1e7d0_0 .net *"_ivl_362", 0 0, L_0000016d3af8da00;  1 drivers
v0000016d3af1ee10_0 .net *"_ivl_370", 31 0, L_0000016d3af8c420;  1 drivers
v0000016d3af1eff0_0 .net *"_ivl_372", 31 0, L_0000016d3af8ca60;  1 drivers
v0000016d3af1f9f0_0 .net *"_ivl_377", 30 0, L_0000016d3af8c6a0;  1 drivers
L_0000016d3af3d308 .functor BUFT 1, C4<0>, C4<0>, C4<0>, C4<0>;
v0000016d3af1fa90_0 .net/2u *"_ivl_378", 0 0, L_0000016d3af3d308;  1 drivers
v0000016d3af22650_0 .net *"_ivl_38", 0 0, L_0000016d3afa6be0;  1 drivers
v0000016d3af21070_0 .net *"_ivl_380", 31 0, L_0000016d3af8daa0;  1 drivers
v0000016d3af20b70_0 .net *"_ivl_386", 0 0, L_0000016d3afaf2d0;  1 drivers
v0000016d3af21d90_0 .net *"_ivl_388", 0 0, L_0000016d3afafd50;  1 drivers
v0000016d3af22010_0 .net *"_ivl_390", 0 0, L_0000016d3afb03e0;  1 drivers
L_0000016d3af3d350 .functor BUFT 1, C4<000>, C4<0>, C4<0>, C4<0>;
v0000016d3af21a70_0 .net/2u *"_ivl_392", 2 0, L_0000016d3af3d350;  1 drivers
v0000016d3af22290_0 .net *"_ivl_394", 0 0, L_0000016d3af8c920;  1 drivers
L_0000016d3af3d398 .functor BUFT 1, C4<001>, C4<0>, C4<0>, C4<0>;
v0000016d3af21890_0 .net/2u *"_ivl_396", 2 0, L_0000016d3af3d398;  1 drivers
v0000016d3af20ad0_0 .net *"_ivl_398", 0 0, L_0000016d3af8d780;  1 drivers
v0000016d3af223d0_0 .net *"_ivl_40", 0 0, L_0000016d3afa7cf0;  1 drivers
v0000016d3af1fef0_0 .net *"_ivl_400", 0 0, L_0000016d3afaf650;  1 drivers
L_0000016d3af3d3e0 .functor BUFT 1, C4<100>, C4<0>, C4<0>, C4<0>;
v0000016d3af22330_0 .net/2u *"_ivl_402", 2 0, L_0000016d3af3d3e0;  1 drivers
v0000016d3af21250_0 .net *"_ivl_404", 0 0, L_0000016d3af8c600;  1 drivers
L_0000016d3af3d428 .functor BUFT 1, C4<101>, C4<0>, C4<0>, C4<0>;
v0000016d3af203f0_0 .net/2u *"_ivl_406", 2 0, L_0000016d3af3d428;  1 drivers
v0000016d3af20d50_0 .net *"_ivl_408", 0 0, L_0000016d3af8d6e0;  1 drivers
v0000016d3af212f0_0 .net *"_ivl_410", 0 0, L_0000016d3afb04c0;  1 drivers
L_0000016d3af3d470 .functor BUFT 1, C4<110>, C4<0>, C4<0>, C4<0>;
v0000016d3af20c10_0 .net/2u *"_ivl_412", 2 0, L_0000016d3af3d470;  1 drivers
v0000016d3af20850_0 .net *"_ivl_414", 0 0, L_0000016d3af8db40;  1 drivers
L_0000016d3af3d4b8 .functor BUFT 1, C4<111>, C4<0>, C4<0>, C4<0>;
v0000016d3af20530_0 .net/2u *"_ivl_416", 2 0, L_0000016d3af3d4b8;  1 drivers
v0000016d3af205d0_0 .net *"_ivl_418", 0 0, L_0000016d3af8cce0;  1 drivers
v0000016d3af221f0_0 .net *"_ivl_420", 0 0, L_0000016d3afaee70;  1 drivers
L_0000016d3af3d500 .functor BUFT 1, C4<0>, C4<0>, C4<0>, C4<0>;
v0000016d3af22470_0 .net/2u *"_ivl_422", 0 0, L_0000016d3af3d500;  1 drivers
v0000016d3af21f70_0 .net *"_ivl_424", 0 0, L_0000016d3af8d000;  1 drivers
v0000016d3af219d0_0 .net *"_ivl_426", 0 0, L_0000016d3af8c240;  1 drivers
v0000016d3af20a30_0 .net *"_ivl_428", 0 0, L_0000016d3af8dbe0;  1 drivers
v0000016d3af200d0_0 .net *"_ivl_430", 0 0, L_0000016d3af8dc80;  1 drivers
v0000016d3af21390_0 .net *"_ivl_432", 0 0, L_0000016d3af8dfa0;  1 drivers
v0000016d3af208f0_0 .net *"_ivl_434", 0 0, L_0000016d3af8e400;  1 drivers
v0000016d3af22510_0 .net *"_ivl_438", 0 0, L_0000016d3afaf810;  1 drivers
v0000016d3af21610_0 .net *"_ivl_440", 0 0, L_0000016d3afaf3b0;  1 drivers
v0000016d3af20710_0 .net *"_ivl_447", 1 0, L_0000016d3af8d280;  1 drivers
v0000016d3af207b0_0 .net *"_ivl_449", 0 0, L_0000016d3af8e4a0;  1 drivers
v0000016d3af216b0_0 .net *"_ivl_452", 0 0, L_0000016d3afaef50;  1 drivers
v0000016d3af225b0_0 .net *"_ivl_46", 0 0, L_0000016d3afa6b70;  1 drivers
v0000016d3af20fd0_0 .net *"_ivl_50", 0 0, L_0000016d3afa6fd0;  1 drivers
v0000016d3af20350_0 .net *"_ivl_508", 0 0, L_0000016d3afaf1f0;  1 drivers
v0000016d3af20cb0_0 .net *"_ivl_510", 0 0, L_0000016d3afaf7a0;  1 drivers
v0000016d3af217f0_0 .net *"_ivl_512", 0 0, L_0000016d3afaf110;  1 drivers
L_0000016d3af3d548 .functor BUFT 1, C4<00000>, C4<0>, C4<0>, C4<0>;
v0000016d3af21c50_0 .net/2u *"_ivl_514", 4 0, L_0000016d3af3d548;  1 drivers
v0000016d3af21930_0 .net *"_ivl_516", 0 0, L_0000016d3af8d500;  1 drivers
v0000016d3af20df0_0 .net *"_ivl_518", 0 0, L_0000016d3afaf6c0;  1 drivers
v0000016d3af20490_0 .net *"_ivl_52", 0 0, L_0000016d3afa70b0;  1 drivers
v0000016d3af21b10_0 .net *"_ivl_520", 0 0, L_0000016d3af8c740;  1 drivers
v0000016d3af21750_0 .net *"_ivl_526", 0 0, L_0000016d3afb0290;  1 drivers
v0000016d3af21110_0 .net *"_ivl_528", 0 0, L_0000016d3afb0300;  1 drivers
v0000016d3af202b0_0 .net *"_ivl_530", 0 0, L_0000016d3afb12c0;  1 drivers
v0000016d3af21e30_0 .net *"_ivl_534", 0 0, L_0000016d3afb08b0;  1 drivers
v0000016d3af21bb0_0 .net *"_ivl_538", 0 0, L_0000016d3afb0840;  1 drivers
v0000016d3af211b0_0 .net *"_ivl_54", 0 0, L_0000016d3afa67f0;  1 drivers
v0000016d3af21ed0_0 .net *"_ivl_540", 0 0, L_0000016d3afb0ae0;  1 drivers
v0000016d3af20e90_0 .net *"_ivl_542", 0 0, L_0000016d3afb0680;  1 drivers
v0000016d3af220b0_0 .net *"_ivl_544", 0 0, L_0000016d3afb0df0;  1 drivers
v0000016d3af20990_0 .net *"_ivl_546", 0 0, L_0000016d3afb1090;  1 drivers
v0000016d3af21cf0_0 .net *"_ivl_548", 0 0, L_0000016d3afb0920;  1 drivers
v0000016d3af22150_0 .net *"_ivl_552", 0 0, L_0000016d3afb1410;  1 drivers
v0000016d3af20170_0 .net *"_ivl_554", 0 0, L_0000016d3afb0e60;  1 drivers
v0000016d3af20f30_0 .net *"_ivl_556", 0 0, L_0000016d3afb13a0;  1 drivers
v0000016d3af1ff90_0 .net *"_ivl_56", 0 0, L_0000016d3afa6a20;  1 drivers
v0000016d3af20030_0 .net *"_ivl_560", 0 0, L_0000016d3afb1480;  1 drivers
v0000016d3af20210_0 .net *"_ivl_574", 0 0, L_0000016d3afb1560;  1 drivers
L_0000016d3af3d7d0 .functor BUFT 1, C4<1111>, C4<0>, C4<0>, C4<0>;
v0000016d3af21430_0 .net/2u *"_ivl_576", 3 0, L_0000016d3af3d7d0;  1 drivers
L_0000016d3af3d818 .functor BUFT 1, C4<0000>, C4<0>, C4<0>, C4<0>;
v0000016d3af20670_0 .net/2u *"_ivl_578", 3 0, L_0000016d3af3d818;  1 drivers
v0000016d3af214d0_0 .net *"_ivl_58", 0 0, L_0000016d3afa79e0;  1 drivers
L_0000016d3af3d860 .functor BUFT 1, C4<00000000000000000000000000000000>, C4<0>, C4<0>, C4<0>;
v0000016d3af21570_0 .net/2u *"_ivl_590", 31 0, L_0000016d3af3d860;  1 drivers
L_0000016d3af3d8a8 .functor BUFT 1, C4<00000000000000000000000000000000>, C4<0>, C4<0>, C4<0>;
v0000016d3af22ab0_0 .net/2u *"_ivl_594", 31 0, L_0000016d3af3d8a8;  1 drivers
L_0000016d3af3d8f0 .functor BUFT 1, C4<00000000000000000000000000000000>, C4<0>, C4<0>, C4<0>;
v0000016d3af22830_0 .net/2u *"_ivl_598", 31 0, L_0000016d3af3d8f0;  1 drivers
v0000016d3af22b50_0 .net *"_ivl_60", 0 0, L_0000016d3afa7970;  1 drivers
L_0000016d3af3d938 .functor BUFT 1, C4<00000000000000000000000000000000>, C4<0>, C4<0>, C4<0>;
v0000016d3af226f0_0 .net/2u *"_ivl_602", 31 0, L_0000016d3af3d938;  1 drivers
L_0000016d3af3d980 .functor BUFT 1, C4<00000>, C4<0>, C4<0>, C4<0>;
v0000016d3af22bf0_0 .net/2u *"_ivl_606", 4 0, L_0000016d3af3d980;  1 drivers
L_0000016d3af3d9c8 .functor BUFT 1, C4<00000>, C4<0>, C4<0>, C4<0>;
v0000016d3af22790_0 .net/2u *"_ivl_610", 4 0, L_0000016d3af3d9c8;  1 drivers
L_0000016d3af3da10 .functor BUFT 1, C4<00000>, C4<0>, C4<0>, C4<0>;
v0000016d3af228d0_0 .net/2u *"_ivl_614", 4 0, L_0000016d3af3da10;  1 drivers
L_0000016d3af3da58 .functor BUFT 1, C4<00000000000000000000000000000000>, C4<0>, C4<0>, C4<0>;
v0000016d3af22c90_0 .net/2u *"_ivl_618", 31 0, L_0000016d3af3da58;  1 drivers
L_0000016d3af3daa0 .functor BUFT 1, C4<00000000000000000000000000000000>, C4<0>, C4<0>, C4<0>;
v0000016d3af22d30_0 .net/2u *"_ivl_622", 31 0, L_0000016d3af3daa0;  1 drivers
L_0000016d3af3dae8 .functor BUFT 1, C4<00000000000000000000000000000000>, C4<0>, C4<0>, C4<0>;
v0000016d3af22dd0_0 .net/2u *"_ivl_626", 31 0, L_0000016d3af3dae8;  1 drivers
L_0000016d3af3db30 .functor BUFT 1, C4<00000000000000000000000000000000>, C4<0>, C4<0>, C4<0>;
v0000016d3af22970_0 .net/2u *"_ivl_630", 31 0, L_0000016d3af3db30;  1 drivers
L_0000016d3af3db78 .functor BUFT 1, C4<00000000000000000000000000000000>, C4<0>, C4<0>, C4<0>;
v0000016d3af22a10_0 .net/2u *"_ivl_634", 31 0, L_0000016d3af3db78;  1 drivers
L_0000016d3af3dbc0 .functor BUFT 1, C4<00000000000000000000000000000000>, C4<0>, C4<0>, C4<0>;
v0000016d3af1b170_0 .net/2u *"_ivl_638", 31 0, L_0000016d3af3dbc0;  1 drivers
L_0000016d3af3dc08 .functor BUFT 1, C4<0>, C4<0>, C4<0>, C4<0>;
v0000016d3af1b0d0_0 .net/2u *"_ivl_642", 0 0, L_0000016d3af3dc08;  1 drivers
L_0000016d3af3dc50 .functor BUFT 1, C4<0>, C4<0>, C4<0>, C4<0>;
v0000016d3af1b8f0_0 .net/2u *"_ivl_646", 0 0, L_0000016d3af3dc50;  1 drivers
L_0000016d3af3dc98 .functor BUFT 1, C4<0000>, C4<0>, C4<0>, C4<0>;
v0000016d3af1c930_0 .net/2u *"_ivl_650", 3 0, L_0000016d3af3dc98;  1 drivers
L_0000016d3af3dce0 .functor BUFT 1, C4<00000000000000000000000000000000>, C4<0>, C4<0>, C4<0>;
v0000016d3af1b210_0 .net/2u *"_ivl_654", 31 0, L_0000016d3af3dce0;  1 drivers
L_0000016d3af3dd28 .functor BUFT 1, C4<00000000000000000000000000000000>, C4<0>, C4<0>, C4<0>;
v0000016d3af1c570_0 .net/2u *"_ivl_658", 31 0, L_0000016d3af3dd28;  1 drivers
L_0000016d3af3dd70 .functor BUFT 1, C4<0>, C4<0>, C4<0>, C4<0>;
v0000016d3af1b990_0 .net/2u *"_ivl_662", 0 0, L_0000016d3af3dd70;  1 drivers
L_0000016d3af3ddb8 .functor BUFT 1, C4<0>, C4<0>, C4<0>, C4<0>;
v0000016d3af1af90_0 .net/2u *"_ivl_666", 0 0, L_0000016d3af3ddb8;  1 drivers
L_0000016d3af3de00 .functor BUFT 1, C4<0>, C4<0>, C4<0>, C4<0>;
v0000016d3af1d510_0 .net/2u *"_ivl_670", 0 0, L_0000016d3af3de00;  1 drivers
L_0000016d3af3de48 .functor BUFT 1, C4<0>, C4<0>, C4<0>, C4<0>;
v0000016d3af1ced0_0 .net/2u *"_ivl_674", 0 0, L_0000016d3af3de48;  1 drivers
L_0000016d3af3de90 .functor BUFT 1, C4<0>, C4<0>, C4<0>, C4<0>;
v0000016d3af1ce30_0 .net/2u *"_ivl_678", 0 0, L_0000016d3af3de90;  1 drivers
L_0000016d3af3ded8 .functor BUFT 1, C4<0>, C4<0>, C4<0>, C4<0>;
v0000016d3af1b2b0_0 .net/2u *"_ivl_682", 0 0, L_0000016d3af3ded8;  1 drivers
L_0000016d3af3df20 .functor BUFT 1, C4<0>, C4<0>, C4<0>, C4<0>;
v0000016d3af1b850_0 .net/2u *"_ivl_686", 0 0, L_0000016d3af3df20;  1 drivers
L_0000016d3af3df68 .functor BUFT 1, C4<0>, C4<0>, C4<0>, C4<0>;
v0000016d3af1ba30_0 .net/2u *"_ivl_690", 0 0, L_0000016d3af3df68;  1 drivers
v0000016d3af1d3d0_0 .net *"_ivl_694", 0 0, L_0000016d3afb0a70;  1 drivers
v0000016d3af1d650_0 .net *"_ivl_698", 0 0, L_0000016d3afb0d10;  1 drivers
v0000016d3af1ca70_0 .net *"_ivl_700", 0 0, L_0000016d3afb0d80;  1 drivers
L_0000016d3af3dfb0 .functor BUFT 1, C4<00000>, C4<0>, C4<0>, C4<0>;
v0000016d3af1ccf0_0 .net/2u *"_ivl_722", 4 0, L_0000016d3af3dfb0;  1 drivers
L_0000016d3af3bfe8 .functor BUFT 1, C4<00000000000000000000000000000100>, C4<0>, C4<0>, C4<0>;
v0000016d3af1b350_0 .net/2u *"_ivl_74", 31 0, L_0000016d3af3bfe8;  1 drivers
L_0000016d3af3bfa0 .functor BUFT 1, C4<00000000000000000000000000000100>, C4<0>, C4<0>, C4<0>;
v0000016d3af1bad0_0 .net/2u *"_ivl_8", 31 0, L_0000016d3af3bfa0;  1 drivers
L_0000016d3af3ca08 .functor BUFT 1, C4<0110011>, C4<0>, C4<0>, C4<0>;
v0000016d3af1b030_0 .net/2u *"_ivl_82", 6 0, L_0000016d3af3ca08;  1 drivers
v0000016d3af1c890_0 .net *"_ivl_84", 0 0, L_0000016d3af8a760;  1 drivers
L_0000016d3af3ca50 .functor BUFT 1, C4<0010011>, C4<0>, C4<0>, C4<0>;
v0000016d3af1c110_0 .net/2u *"_ivl_86", 6 0, L_0000016d3af3ca50;  1 drivers
v0000016d3af1d470_0 .net *"_ivl_88", 0 0, L_0000016d3af89a40;  1 drivers
v0000016d3af1c9d0_0 .net *"_ivl_90", 0 0, L_0000016d3afa80e0;  1 drivers
L_0000016d3af3ca98 .functor BUFT 1, C4<0000011>, C4<0>, C4<0>, C4<0>;
v0000016d3af1aef0_0 .net/2u *"_ivl_92", 6 0, L_0000016d3af3ca98;  1 drivers
v0000016d3af1b3f0_0 .net *"_ivl_94", 0 0, L_0000016d3af8a8a0;  1 drivers
v0000016d3af1c6b0_0 .net *"_ivl_96", 0 0, L_0000016d3afa8310;  1 drivers
L_0000016d3af3cae0 .functor BUFT 1, C4<0100011>, C4<0>, C4<0>, C4<0>;
v0000016d3af1bc10_0 .net/2u *"_ivl_98", 6 0, L_0000016d3af3cae0;  1 drivers
v0000016d3af1c2f0_0 .net "dmem_cache_busy_cur", 0 0, L_0000016d3adf5f80;  1 drivers
v0000016d3af1cb10_0 .net "dmem_cache_mem_addr_cur", 31 0, L_0000016d3af88460;  1 drivers
v0000016d3af1bb70_0 .net "dmem_cache_mem_ren_cur", 0 0, L_0000016d3adf71e0;  1 drivers
v0000016d3af1b490_0 .net "dmem_cache_mem_wdata_cur", 31 0, L_0000016d3af87240;  1 drivers
v0000016d3af1be90_0 .net "dmem_cache_mem_wen_cur", 0 0, L_0000016d3adf7480;  1 drivers
v0000016d3af1bcb0_0 .net "dmem_cache_rdata_cur", 31 0, L_0000016d3ad68d80;  1 drivers
v0000016d3af1b530_0 .net "dmem_req_fire_cur", 0 0, L_0000016d3afb07d0;  1 drivers
v0000016d3af1b5d0_0 .net "dmem_resp_fire_cur", 0 0, L_0000016d3afb1250;  1 drivers
v0000016d3af1cf70_0 .net "ex_alu_eq_cur", 0 0, L_0000016d3af8e180;  1 drivers
v0000016d3af1cbb0_0 .net "ex_alu_result_cur", 31 0, v0000016d3aefdf10_0;  1 drivers
v0000016d3af1bd50_0 .net "ex_alu_slt_cur", 0 0, L_0000016d3afaf420;  1 drivers
v0000016d3af1c750_0 .net "ex_branch_taken_cur", 0 0, L_0000016d3afaf340;  1 drivers
v0000016d3af1b670_0 .net "ex_branch_target_cur", 31 0, L_0000016d3af8c060;  1 drivers
v0000016d3af1c390_0 .net "ex_control_taken_cur", 0 0, L_0000016d3afaeee0;  1 drivers
v0000016d3af1bf30_0 .net "ex_control_target_cur", 31 0, L_0000016d3af8c1a0;  1 drivers
v0000016d3af1c430_0 .net "ex_ex_match_rs1_cur", 0 0, L_0000016d3afa49c0;  1 drivers
v0000016d3af1cc50_0 .net "ex_ex_match_rs2_cur", 0 0, L_0000016d3afa52f0;  1 drivers
v0000016d3af1c610_0 .net "ex_forward_a_sel_cur", 1 0, L_0000016d3af8ddc0;  1 drivers
v0000016d3af1b710_0 .net "ex_forward_b_sel_cur", 1 0, L_0000016d3af8de60;  1 drivers
v0000016d3af1b7b0_0 .net "ex_jump_taken_cur", 0 0, L_0000016d3afaed20;  1 drivers
v0000016d3af1c7f0_0 .net "ex_jump_target_cur", 31 0, L_0000016d3af8e2c0;  1 drivers
v0000016d3af1d5b0_0 .net "ex_jump_target_raw_cur", 31 0, L_0000016d3af8e220;  1 drivers
v0000016d3af1bfd0_0 .var "ex_mem_alu_result_cur", 31 0;
v0000016d3af1bdf0_0 .net "ex_mem_alu_result_next", 31 0, L_0000016d3afaea80;  1 drivers
v0000016d3af1cd90_0 .var "ex_mem_dmem_req_sent_cur", 0 0;
v0000016d3af1d010_0 .var "ex_mem_ebreak_cur", 0 0;
v0000016d3af1c070_0 .net "ex_mem_ebreak_next", 0 0, L_0000016d3afaf030;  1 drivers
v0000016d3af1c1b0_0 .net "ex_mem_forward_data_cur", 31 0, L_0000016d3af8aee0;  1 drivers
v0000016d3af1c250_0 .var "ex_mem_func3_cur", 2 0;
v0000016d3af1c4d0_0 .net "ex_mem_func3_next", 2 0, L_0000016d3afaec40;  1 drivers
v0000016d3af1d0b0_0 .net "ex_mem_has_dmem_req_cur", 0 0, L_0000016d3afb1330;  1 drivers
v0000016d3af1d150_0 .var "ex_mem_illegal_inst_cur", 0 0;
v0000016d3af1d1f0_0 .net "ex_mem_illegal_inst_next", 0 0, L_0000016d3afaf570;  1 drivers
v0000016d3af1d290_0 .var "ex_mem_inst_cur", 31 0;
v0000016d3af1d330_0 .net "ex_mem_inst_next", 31 0, L_0000016d3afb0610;  1 drivers
v0000016d3af2a7f0_0 .var "ex_mem_jump_cur", 0 0;
v0000016d3af2c0f0_0 .net "ex_mem_jump_next", 0 0, L_0000016d3afaf180;  1 drivers
v0000016d3af2c5f0_0 .var "ex_mem_lui_cur", 0 0;
v0000016d3af2abb0_0 .net "ex_mem_lui_next", 0 0, L_0000016d3afaefc0;  1 drivers
v0000016d3af2af70_0 .var "ex_mem_mem_read_cur", 0 0;
v0000016d3af2c2d0_0 .net "ex_mem_mem_read_next", 0 0, L_0000016d3afaff10;  1 drivers
v0000016d3af2a890_0 .var "ex_mem_mem_to_reg_cur", 0 0;
v0000016d3af2b790_0 .net "ex_mem_mem_to_reg_next", 0 0, L_0000016d3afaecb0;  1 drivers
v0000016d3af2b8d0_0 .var "ex_mem_mem_write_cur", 0 0;
v0000016d3af2b330_0 .net "ex_mem_mem_write_next", 0 0, L_0000016d3afaf260;  1 drivers
v0000016d3af2cc30_0 .var "ex_mem_next_pc_cur", 31 0;
v0000016d3af2a750_0 .net "ex_mem_next_pc_next", 31 0, L_0000016d3afafc70;  1 drivers
v0000016d3af2cb90_0 .var "ex_mem_offset_cur", 31 0;
v0000016d3af2bab0_0 .net "ex_mem_offset_next", 31 0, L_0000016d3afafdc0;  1 drivers
v0000016d3af2b010_0 .var "ex_mem_pc_cur", 31 0;
v0000016d3af2ce10_0 .var "ex_mem_pc_misalign_trap_cur", 0 0;
v0000016d3af2b290_0 .net "ex_mem_pc_misalign_trap_next", 0 0, L_0000016d3afaf8f0;  1 drivers
v0000016d3af2b3d0_0 .net "ex_mem_pc_next", 31 0, L_0000016d3afb0530;  1 drivers
v0000016d3af2b0b0_0 .var "ex_mem_pc_plus4_cur", 31 0;
v0000016d3af2aed0_0 .net "ex_mem_pc_plus4_next", 31 0, L_0000016d3afb0060;  1 drivers
v0000016d3af2b150_0 .var "ex_mem_rd_waddr_cur", 4 0;
v0000016d3af2a930_0 .net "ex_mem_rd_waddr_next", 4 0, L_0000016d3afb0450;  1 drivers
v0000016d3af2bb50_0 .var "ex_mem_reg_write_cur", 0 0;
v0000016d3af2c9b0_0 .net "ex_mem_reg_write_next", 0 0, L_0000016d3afafe30;  1 drivers
v0000016d3af2c230_0 .var "ex_mem_rs1_raddr_cur", 4 0;
v0000016d3af2b470_0 .net "ex_mem_rs1_raddr_next", 4 0, L_0000016d3afaeb60;  1 drivers
v0000016d3af2a9d0_0 .var "ex_mem_rs1_rdata_cur", 31 0;
v0000016d3af2bbf0_0 .net "ex_mem_rs1_rdata_next", 31 0, L_0000016d3afaf880;  1 drivers
v0000016d3af2b1f0_0 .var "ex_mem_rs2_raddr_cur", 4 0;
v0000016d3af2caf0_0 .net "ex_mem_rs2_raddr_next", 4 0, L_0000016d3afb05a0;  1 drivers
v0000016d3af2be70_0 .var "ex_mem_rs2_rdata_cur", 31 0;
v0000016d3af2b510_0 .net "ex_mem_rs2_rdata_next", 31 0, L_0000016d3afaf500;  1 drivers
v0000016d3af2b5b0_0 .var "ex_mem_store_data_cur", 31 0;
v0000016d3af2bfb0_0 .net "ex_mem_store_data_next", 31 0, L_0000016d3afb0370;  1 drivers
v0000016d3af2c7d0_0 .var "ex_mem_valid_cur", 0 0;
v0000016d3af2b830_0 .net "ex_mem_valid_next", 0 0, L_0000016d3afaf0a0;  1 drivers
v0000016d3af2b650_0 .net "ex_next_pc_cur", 31 0, L_0000016d3af8d820;  1 drivers
v0000016d3af2c4b0_0 .net "ex_operand1_cur", 31 0, L_0000016d3af8cc40;  1 drivers
v0000016d3af2c190_0 .net "ex_operand1_sel_cur", 1 0, L_0000016d3af8c2e0;  1 drivers
v0000016d3af2ba10_0 .net "ex_operand2_cur", 31 0, L_0000016d3af8df00;  1 drivers
v0000016d3af2bc90_0 .net "ex_operand2_sel_cur", 1 0, L_0000016d3af8d140;  1 drivers
v0000016d3af2bd30_0 .net "ex_pc_misalign_trap_cur", 0 0, L_0000016d3afaf490;  1 drivers
v0000016d3af2ceb0_0 .net "ex_redirect_cur", 0 0, L_0000016d3afafab0;  1 drivers
v0000016d3af2b970_0 .net "ex_rs1_value_cur", 31 0, L_0000016d3af8e040;  1 drivers
v0000016d3af2ab10_0 .net "ex_rs2_value_cur", 31 0, L_0000016d3af8d1e0;  1 drivers
v0000016d3af2c690_0 .net "ex_store_data_cur", 31 0, L_0000016d3afa5bb0;  1 drivers
v0000016d3af2bf10_0 .var "halted_cur", 0 0;
v0000016d3af2ae30_0 .net "hazard_ex_cur", 0 0, L_0000016d3afa4720;  1 drivers
v0000016d3af2bdd0_0 .net "hazard_mem_cur", 0 0, L_0000016d3af3cd68;  1 drivers
v0000016d3af2c730_0 .net "hazard_stall_cur", 0 0, L_0000016d3afa4cd0;  1 drivers
v0000016d3af2c410_0 .net "hazard_wb_cur", 0 0, L_0000016d3af3cdb0;  1 drivers
v0000016d3af2aa70_0 .net "i_clk", 0 0, v0000016d3af27ff0_0;  1 drivers
v0000016d3af2c870_0 .net "i_dmem_rdata", 31 0, L_0000016d3afab130;  alias, 1 drivers
v0000016d3af2b6f0_0 .net "i_dmem_ready", 0 0, L_0000016d3afa9ca0;  alias, 1 drivers
v0000016d3af2c050_0 .net "i_dmem_valid", 0 0, L_0000016d3afaa250;  alias, 1 drivers
v0000016d3af2c370_0 .net "i_imem_rdata", 31 0, L_0000016d3afaa9c0;  alias, 1 drivers
v0000016d3af2ac50_0 .net "i_imem_ready", 0 0, L_0000016d3afaa020;  alias, 1 drivers
v0000016d3af2acf0_0 .net "i_imem_valid", 0 0, L_0000016d3afa9fb0;  alias, 1 drivers
v0000016d3af2c550_0 .net "i_rst", 0 0, v0000016d3af29210_0;  1 drivers
v0000016d3af2c910_0 .net "id_alu_op_cur", 2 0, L_0000016d3af87a60;  1 drivers
v0000016d3af2ca50_0 .net "id_alu_src1_cur", 0 0, L_0000016d3afa7dd0;  1 drivers
v0000016d3af2ccd0_0 .net "id_alu_src2_cur", 0 0, L_0000016d3afa6e10;  1 drivers
v0000016d3af2cd70_0 .net "id_branch_cur", 0 0, L_0000016d3afa7e40;  1 drivers
v0000016d3af2ad90_0 .net "id_ebreak_cur", 0 0, L_0000016d3afa7820;  1 drivers
v0000016d3af2db30_0 .var "id_ex_alu_op_cur", 2 0;
v0000016d3af2f6b0_0 .net "id_ex_alu_op_next", 2 0, L_0000016d3afa4f70;  1 drivers
v0000016d3af2ee90_0 .var "id_ex_alu_src1_cur", 0 0;
v0000016d3af2e210_0 .net "id_ex_alu_src1_next", 0 0, L_0000016d3afa4e90;  1 drivers
v0000016d3af2f4d0_0 .var "id_ex_alu_src2_cur", 0 0;
v0000016d3af2e5d0_0 .net "id_ex_alu_src2_next", 0 0, L_0000016d3afa59f0;  1 drivers
v0000016d3af2ed50_0 .var "id_ex_branch_cur", 0 0;
v0000016d3af2d4f0_0 .net "id_ex_branch_next", 0 0, L_0000016d3afa4f00;  1 drivers
v0000016d3af2e8f0_0 .var "id_ex_ebreak_cur", 0 0;
v0000016d3af2de50_0 .net "id_ex_ebreak_next", 0 0, L_0000016d3afa4fe0;  1 drivers
v0000016d3af2f570_0 .var "id_ex_func3_cur", 2 0;
v0000016d3af2ec10_0 .net "id_ex_func3_next", 2 0, L_0000016d3af8ad00;  1 drivers
v0000016d3af2ecb0_0 .var "id_ex_func7_cur", 6 0;
v0000016d3af2f2f0_0 .net "id_ex_func7_next", 6 0, L_0000016d3af8ada0;  1 drivers
v0000016d3af2e170_0 .var "id_ex_illegal_inst_cur", 0 0;
v0000016d3af2e350_0 .net "id_ex_illegal_inst_next", 0 0, L_0000016d3afa51a0;  1 drivers
v0000016d3af2da90_0 .var "id_ex_inst_cur", 31 0;
v0000016d3af2e990_0 .net "id_ex_inst_next", 31 0, L_0000016d3afa5ec0;  1 drivers
v0000016d3af2dbd0_0 .var "id_ex_jump_cur", 0 0;
v0000016d3af2d1d0_0 .net "id_ex_jump_next", 0 0, L_0000016d3afa4b10;  1 drivers
v0000016d3af2d270_0 .var "id_ex_lui_cur", 0 0;
v0000016d3af2d450_0 .net "id_ex_lui_next", 0 0, L_0000016d3afa4aa0;  1 drivers
v0000016d3af2e490_0 .var "id_ex_mem_read_cur", 0 0;
v0000016d3af2d950_0 .net "id_ex_mem_read_next", 0 0, L_0000016d3afa5fa0;  1 drivers
v0000016d3af2dc70_0 .var "id_ex_mem_to_reg_cur", 0 0;
v0000016d3af2edf0_0 .net "id_ex_mem_to_reg_next", 0 0, L_0000016d3afa5590;  1 drivers
v0000016d3af2d130_0 .var "id_ex_mem_write_cur", 0 0;
v0000016d3af2cf50_0 .net "id_ex_mem_write_next", 0 0, L_0000016d3afa4e20;  1 drivers
v0000016d3af2d8b0_0 .var "id_ex_offset_cur", 31 0;
v0000016d3af2f610_0 .net "id_ex_offset_next", 31 0, L_0000016d3afa4db0;  1 drivers
v0000016d3af2f110_0 .var "id_ex_opcode_cur", 6 0;
v0000016d3af2cff0_0 .net "id_ex_opcode_next", 6 0, L_0000016d3af8ac60;  1 drivers
v0000016d3af2ef30_0 .var "id_ex_pc_cur", 31 0;
v0000016d3af2efd0_0 .net "id_ex_pc_next", 31 0, L_0000016d3afa5b40;  1 drivers
v0000016d3af2f390_0 .var "id_ex_pc_plus4_cur", 31 0;
v0000016d3af2e2b0_0 .net "id_ex_pc_plus4_next", 31 0, L_0000016d3afa4d40;  1 drivers
v0000016d3af2dd10_0 .var "id_ex_pc_src_cur", 0 0;
v0000016d3af2d810_0 .net "id_ex_pc_src_next", 0 0, L_0000016d3afa5050;  1 drivers
v0000016d3af2ea30_0 .var "id_ex_rd_waddr_cur", 4 0;
v0000016d3af2ddb0_0 .net "id_ex_rd_waddr_next", 4 0, L_0000016d3afa4950;  1 drivers
v0000016d3af2f070_0 .var "id_ex_reg_write_cur", 0 0;
v0000016d3af2f430_0 .net "id_ex_reg_write_next", 0 0, L_0000016d3afa6240;  1 drivers
v0000016d3af2d310_0 .var "id_ex_rs1_raddr_cur", 4 0;
v0000016d3af2d9f0_0 .net "id_ex_rs1_raddr_next", 4 0, L_0000016d3afa6160;  1 drivers
v0000016d3af2ead0_0 .var "id_ex_rs1_rdata_cur", 31 0;
v0000016d3af2d3b0_0 .net "id_ex_rs1_rdata_next", 31 0, L_0000016d3afa5210;  1 drivers
v0000016d3af2e670_0 .var "id_ex_rs2_raddr_cur", 4 0;
v0000016d3af2def0_0 .net "id_ex_rs2_raddr_next", 4 0, L_0000016d3afa5360;  1 drivers
v0000016d3af2e850_0 .var "id_ex_rs2_rdata_cur", 31 0;
v0000016d3af2d590_0 .net "id_ex_rs2_rdata_next", 31 0, L_0000016d3afa5520;  1 drivers
v0000016d3af2df90_0 .var "id_ex_valid_cur", 0 0;
v0000016d3af2e3f0_0 .net "id_ex_valid_next", 0 0, L_0000016d3afa4800;  1 drivers
v0000016d3af2f1b0_0 .net "id_illegal_inst_cur", 0 0, L_0000016d3afa6630;  1 drivers
v0000016d3af2e030_0 .net "id_jump_cur", 0 0, L_0000016d3afa7040;  1 drivers
v0000016d3af2d090_0 .net "id_lui_cur", 0 0, L_0000016d3afa6780;  1 drivers
v0000016d3af2e0d0_0 .net "id_mem_read_cur", 0 0, L_0000016d3afa7890;  1 drivers
v0000016d3af2e530_0 .net "id_mem_to_reg_cur", 0 0, L_0000016d3afa7200;  1 drivers
v0000016d3af2f250_0 .net "id_mem_write_cur", 0 0, L_0000016d3afa6c50;  1 drivers
v0000016d3af2d630_0 .net "id_offset_cur", 31 0, L_0000016d3af89b80;  1 drivers
v0000016d3af2d6d0_0 .net "id_opcode_cur", 6 0, L_0000016d3af8a620;  1 drivers
v0000016d3af2d770_0 .net "id_pc_src_cur", 0 0, L_0000016d3afa6860;  1 drivers
v0000016d3af2eb70_0 .net "id_rd_waddr_cur", 4 0, L_0000016d3af89d60;  1 drivers
v0000016d3af2e710_0 .net "id_reg_write_cur", 0 0, L_0000016d3afa7c10;  1 drivers
v0000016d3af2e7b0_0 .net "id_rs1_raddr_cur", 4 0, L_0000016d3afa84d0;  1 drivers
v0000016d3af312d0_0 .net "id_rs1_rdata_cur", 31 0, L_0000016d3afa7f90;  1 drivers
v0000016d3af31af0_0 .net "id_rs1_used_cur", 0 0, L_0000016d3afa8460;  1 drivers
v0000016d3af310f0_0 .net "id_rs2_ex_used_cur", 0 0, L_0000016d3afa81c0;  1 drivers
v0000016d3af30970_0 .net "id_rs2_raddr_cur", 4 0, L_0000016d3afa85b0;  1 drivers
v0000016d3af31c30_0 .net "id_rs2_rdata_cur", 31 0, L_0000016d3afa8230;  1 drivers
v0000016d3af2f750_0 .net "id_rs2_used_cur", 0 0, L_0000016d3afa8540;  1 drivers
v0000016d3af31eb0_0 .net "if_id_buffer_available_cur", 0 0, L_0000016d3afa69b0;  1 drivers
v0000016d3af30a10_0 .net "if_id_consumed_cur", 0 0, L_0000016d3afa7190;  1 drivers
v0000016d3af30ab0_0 .var "if_id_inst_cur", 31 0;
v0000016d3af30010_0 .net "if_id_inst_next", 31 0, L_0000016d3afa7740;  1 drivers
v0000016d3af31e10_0 .var "if_id_pc_cur", 31 0;
v0000016d3af31370_0 .net "if_id_pc_next", 31 0, L_0000016d3afa7d60;  1 drivers
v0000016d3af303d0_0 .var "if_id_pc_plus4_cur", 31 0;
v0000016d3af2fd90_0 .net "if_id_pc_plus4_next", 31 0, L_0000016d3af88fa0;  1 drivers
v0000016d3af2fe30_0 .var "if_id_valid_cur", 0 0;
v0000016d3af31a50_0 .net "if_id_valid_next", 0 0, L_0000016d3afa74a0;  1 drivers
v0000016d3af2f930_0 .net "if_inst_cur", 31 0, L_0000016d3ad69db0;  1 drivers
v0000016d3af30b50_0 .net "if_pc_cur", 31 0, L_0000016d3ad695d0;  1 drivers
v0000016d3af31190_0 .net "if_pc_plus4_cur", 31 0, L_0000016d3af880a0;  1 drivers
v0000016d3af30510_0 .net "imem_cache_busy_cur", 0 0, L_0000016d3adf6f40;  1 drivers
v0000016d3af30fb0_0 .net "imem_cache_mem_addr_cur", 31 0, L_0000016d3af824c0;  1 drivers
v0000016d3af2fc50_0 .net "imem_cache_mem_ren_cur", 0 0, L_0000016d3adf6bc0;  1 drivers
v0000016d3af30bf0_0 .net "imem_cache_mem_wdata_cur", 31 0, L_0000016d3af85300;  1 drivers
v0000016d3af300b0_0 .net "imem_cache_mem_wen_cur", 0 0, L_0000016d3adf63e0;  1 drivers
v0000016d3af30c90_0 .net "imem_cache_rdata_cur", 31 0, L_0000016d3adf61b0;  1 drivers
v0000016d3af2f890_0 .var "imem_pending_cur", 0 0;
v0000016d3af30150_0 .var "imem_pending_kill_cur", 0 0;
v0000016d3af2ff70_0 .var "imem_pending_pc_cur", 31 0;
v0000016d3af301f0_0 .net "imem_req_addr_cur", 31 0, L_0000016d3af87ce0;  1 drivers
v0000016d3af31050_0 .net "imem_req_fire_cur", 0 0, L_0000016d3afa7430;  1 drivers
v0000016d3af31cd0_0 .net "imem_resp_accept_cur", 0 0, L_0000016d3afa73c0;  1 drivers
v0000016d3af30dd0_0 .net "imem_resp_fire_cur", 0 0, L_0000016d3afa7580;  1 drivers
v0000016d3af31230_0 .net "imem_resp_pc_cur", 31 0, L_0000016d3af87920;  1 drivers
v0000016d3af2fcf0_0 .net "mem_dcache_req_ren_cur", 0 0, L_0000016d3afb14f0;  1 drivers
v0000016d3af30290_0 .net "mem_dcache_req_wen_cur", 0 0, L_0000016d3afb06f0;  1 drivers
v0000016d3af31410_0 .net "mem_dmem_addr_cur", 31 0, L_0000016d3af8d960;  1 drivers
v0000016d3af30d30_0 .net "mem_dmem_mask_cur", 3 0, L_0000016d3afafc00;  1 drivers
v0000016d3af30e70_0 .net "mem_dmem_ren_cur", 0 0, L_0000016d3afb1170;  1 drivers
v0000016d3af314b0_0 .net "mem_dmem_ren_raw_cur", 0 0, L_0000016d3afaf9d0;  1 drivers
v0000016d3af30f10_0 .net "mem_dmem_wdata_cur", 31 0, L_0000016d3afaff80;  1 drivers
v0000016d3af31550_0 .net "mem_dmem_wen_cur", 0 0, L_0000016d3afb0bc0;  1 drivers
v0000016d3af2f7f0_0 .net "mem_dmem_wen_raw_cur", 0 0, L_0000016d3afafa40;  1 drivers
v0000016d3af31b90_0 .net "mem_ex_match_rs1_cur", 0 0, L_0000016d3afa58a0;  1 drivers
v0000016d3af315f0_0 .net "mem_ex_match_rs2_cur", 0 0, L_0000016d3afa5c20;  1 drivers
v0000016d3af2fed0_0 .net "mem_load_data_cur", 31 0, L_0000016d3afb0140;  1 drivers
v0000016d3af30330_0 .net "mem_misalign_trap_cur", 0 0, L_0000016d3afb01b0;  1 drivers
v0000016d3af31690_0 .net "mem_read_en_cur", 0 0, L_0000016d3afaebd0;  1 drivers
v0000016d3af31730_0 .net "mem_stage_complete_cur", 0 0, L_0000016d3afb11e0;  1 drivers
v0000016d3af317d0_0 .net "mem_stage_stall_cur", 0 0, L_0000016d3afb0b50;  1 drivers
v0000016d3af2f9d0_0 .net "mem_store_data_cur", 31 0, L_0000016d3af8c380;  1 drivers
v0000016d3af30470_0 .net "mem_store_data_fwd_cur", 0 0, L_0000016d3afaf5e0;  1 drivers
v0000016d3af305b0_0 .var "mem_wb_alu_result_cur", 31 0;
v0000016d3af31870_0 .net "mem_wb_alu_result_next", 31 0, L_0000016d3af90a20;  1 drivers
v0000016d3af31910_0 .var "mem_wb_dmem_addr_cur", 31 0;
v0000016d3af2fa70_0 .net "mem_wb_dmem_addr_next", 31 0, L_0000016d3af8ec20;  1 drivers
v0000016d3af30650_0 .var "mem_wb_dmem_mask_cur", 3 0;
v0000016d3af31d70_0 .net "mem_wb_dmem_mask_next", 3 0, L_0000016d3af8ee00;  1 drivers
v0000016d3af319b0_0 .var "mem_wb_dmem_rdata_cur", 31 0;
v0000016d3af2fb10_0 .net "mem_wb_dmem_rdata_next", 31 0, L_0000016d3af907a0;  1 drivers
v0000016d3af306f0_0 .var "mem_wb_dmem_ren_cur", 0 0;
v0000016d3af30790_0 .net "mem_wb_dmem_ren_next", 0 0, L_0000016d3af8fc60;  1 drivers
v0000016d3af308d0_0 .var "mem_wb_dmem_wdata_cur", 31 0;
v0000016d3af2fbb0_0 .net "mem_wb_dmem_wdata_next", 31 0, L_0000016d3af8f580;  1 drivers
v0000016d3af30830_0 .var "mem_wb_dmem_wen_cur", 0 0;
v0000016d3af335d0_0 .net "mem_wb_dmem_wen_next", 0 0, L_0000016d3af905c0;  1 drivers
v0000016d3af33d50_0 .var "mem_wb_ebreak_cur", 0 0;
v0000016d3af324f0_0 .net "mem_wb_ebreak_next", 0 0, L_0000016d3af90ac0;  1 drivers
v0000016d3af337b0_0 .net "mem_wb_forward_data_cur", 31 0, L_0000016d3afa5e50;  1 drivers
v0000016d3af32450_0 .var "mem_wb_illegal_inst_cur", 0 0;
v0000016d3af333f0_0 .net "mem_wb_illegal_inst_next", 0 0, L_0000016d3af90980;  1 drivers
v0000016d3af32ef0_0 .var "mem_wb_inst_cur", 31 0;
v0000016d3af33350_0 .net "mem_wb_inst_next", 31 0, L_0000016d3af908e0;  1 drivers
v0000016d3af32090_0 .var "mem_wb_jump_cur", 0 0;
v0000016d3af32950_0 .net "mem_wb_jump_next", 0 0, L_0000016d3af8f300;  1 drivers
v0000016d3af32770_0 .var "mem_wb_load_data_cur", 31 0;
v0000016d3af32810_0 .net "mem_wb_load_data_next", 31 0, L_0000016d3af902a0;  1 drivers
v0000016d3af33850_0 .var "mem_wb_lui_cur", 0 0;
v0000016d3af34430_0 .net "mem_wb_lui_next", 0 0, L_0000016d3af90160;  1 drivers
v0000016d3af33670_0 .var "mem_wb_mem_to_reg_cur", 0 0;
v0000016d3af338f0_0 .net "mem_wb_mem_to_reg_next", 0 0, L_0000016d3af90480;  1 drivers
v0000016d3af323b0_0 .var "mem_wb_misalign_trap_cur", 0 0;
v0000016d3af33cb0_0 .net "mem_wb_misalign_trap_next", 0 0, L_0000016d3af8eea0;  1 drivers
v0000016d3af33f30_0 .var "mem_wb_next_pc_cur", 31 0;
v0000016d3af32d10_0 .net "mem_wb_next_pc_next", 31 0, L_0000016d3af8e9a0;  1 drivers
v0000016d3af32590_0 .var "mem_wb_offset_cur", 31 0;
v0000016d3af33990_0 .net "mem_wb_offset_next", 31 0, L_0000016d3af90de0;  1 drivers
v0000016d3af346b0_0 .var "mem_wb_pc_cur", 31 0;
v0000016d3af31f50_0 .var "mem_wb_pc_misalign_trap_cur", 0 0;
v0000016d3af32310_0 .net "mem_wb_pc_misalign_trap_next", 0 0, L_0000016d3af90fc0;  1 drivers
v0000016d3af332b0_0 .net "mem_wb_pc_next", 31 0, L_0000016d3af90700;  1 drivers
v0000016d3af32630_0 .var "mem_wb_pc_plus4_cur", 31 0;
v0000016d3af326d0_0 .net "mem_wb_pc_plus4_next", 31 0, L_0000016d3af8fa80;  1 drivers
v0000016d3af34570_0 .var "mem_wb_rd_waddr_cur", 4 0;
v0000016d3af33c10_0 .net "mem_wb_rd_waddr_next", 4 0, L_0000016d3af8f940;  1 drivers
v0000016d3af321d0_0 .var "mem_wb_reg_write_cur", 0 0;
v0000016d3af329f0_0 .net "mem_wb_reg_write_next", 0 0, L_0000016d3af8f260;  1 drivers
v0000016d3af32a90_0 .var "mem_wb_rs1_raddr_cur", 4 0;
v0000016d3af33710_0 .net "mem_wb_rs1_raddr_next", 4 0, L_0000016d3af8ed60;  1 drivers
v0000016d3af33a30_0 .var "mem_wb_rs1_rdata_cur", 31 0;
v0000016d3af32130_0 .net "mem_wb_rs1_rdata_next", 31 0, L_0000016d3af90d40;  1 drivers
v0000016d3af32b30_0 .var "mem_wb_rs2_raddr_cur", 4 0;
v0000016d3af34610_0 .net "mem_wb_rs2_raddr_next", 4 0, L_0000016d3af8e860;  1 drivers
v0000016d3af34070_0 .var "mem_wb_rs2_rdata_cur", 31 0;
v0000016d3af33ad0_0 .net "mem_wb_rs2_rdata_next", 31 0, L_0000016d3af8ea40;  1 drivers
v0000016d3af32bd0_0 .var "mem_wb_valid_cur", 0 0;
v0000016d3af328b0_0 .net "mem_wb_valid_next", 0 0, L_0000016d3afb0760;  1 drivers
v0000016d3af330d0_0 .net "mem_write_en_cur", 0 0, L_0000016d3afb00d0;  1 drivers
v0000016d3af33e90_0 .net "o_dmem_addr", 31 0, L_0000016d3afb0990;  alias, 1 drivers
v0000016d3af32270_0 .net "o_dmem_mask", 3 0, L_0000016d3af8f620;  alias, 1 drivers
v0000016d3af33b70_0 .net "o_dmem_ren", 0 0, L_0000016d3afb0ed0;  alias, 1 drivers
v0000016d3af33df0_0 .net "o_dmem_wdata", 31 0, L_0000016d3afb0a00;  alias, 1 drivers
v0000016d3af33490_0 .net "o_dmem_wen", 0 0, L_0000016d3afb0c30;  alias, 1 drivers
v0000016d3af34110_0 .net "o_imem_raddr", 31 0, L_0000016d3afa75f0;  alias, 1 drivers
v0000016d3af344d0_0 .net "o_imem_ren", 0 0, L_0000016d3afa7900;  alias, 1 drivers
v0000016d3af33fd0_0 .net "o_retire_dmem_addr", 31 0, L_0000016d3afaab10;  1 drivers
v0000016d3af31ff0_0 .net "o_retire_dmem_mask", 3 0, L_0000016d3afa9ae0;  1 drivers
v0000016d3af32c70_0 .net "o_retire_dmem_rdata", 31 0, L_0000016d3afa9840;  1 drivers
v0000016d3af32f90_0 .net "o_retire_dmem_ren", 0 0, L_0000016d3afa9c30;  1 drivers
v0000016d3af32db0_0 .net "o_retire_dmem_wdata", 31 0, L_0000016d3afa9e60;  1 drivers
v0000016d3af32e50_0 .net "o_retire_dmem_wen", 0 0, L_0000016d3afaa480;  1 drivers
v0000016d3af33030_0 .net "o_retire_halt", 0 0, L_0000016d3afaa870;  alias, 1 drivers
v0000016d3af341b0_0 .net "o_retire_inst", 31 0, L_0000016d3afb1100;  alias, 1 drivers
v0000016d3af33170_0 .net "o_retire_next_pc", 31 0, L_0000016d3afa9ed0;  alias, 1 drivers
v0000016d3af33210_0 .net "o_retire_pc", 31 0, L_0000016d3afaa560;  alias, 1 drivers
v0000016d3af33530_0 .net "o_retire_rd_waddr", 4 0, L_0000016d3af8f760;  alias, 1 drivers
v0000016d3af34250_0 .net "o_retire_rd_wdata", 31 0, L_0000016d3afaa8e0;  alias, 1 drivers
v0000016d3af342f0_0 .net "o_retire_rs1_raddr", 4 0, L_0000016d3afab210;  alias, 1 drivers
v0000016d3af34390_0 .net "o_retire_rs1_rdata", 31 0, L_0000016d3afaaaa0;  alias, 1 drivers
v0000016d3af35dd0_0 .net "o_retire_rs2_raddr", 4 0, L_0000016d3afa9760;  alias, 1 drivers
v0000016d3af351f0_0 .net "o_retire_rs2_rdata", 31 0, L_0000016d3afa9bc0;  alias, 1 drivers
v0000016d3af36050_0 .net "o_retire_trap", 0 0, L_0000016d3afaac60;  alias, 1 drivers
v0000016d3af36230_0 .net "o_retire_valid", 0 0, L_0000016d3afb1020;  alias, 1 drivers
v0000016d3af36d70_0 .var "pc_cur", 31 0;
v0000016d3af36730_0 .net "pc_next", 31 0, L_0000016d3af871a0;  1 drivers
v0000016d3af36690_0 .net "retire_halt_cur", 0 0, L_0000016d3afb0fb0;  1 drivers
v0000016d3af35150_0 .net "wb_trap_cur", 0 0, L_0000016d3afb0ca0;  1 drivers
v0000016d3af36cd0_0 .net "wb_write_data_cur", 31 0, L_0000016d3af8ef40;  1 drivers
v0000016d3af350b0_0 .net "wb_write_enable_cur", 0 0, L_0000016d3afb0f40;  1 drivers
L_0000016d3af880a0 .arith/sum 32, v0000016d3af36d70_0, L_0000016d3af3bfa0;
L_0000016d3af871a0 .functor MUXZ 32, L_0000016d3af880a0, L_0000016d3af8c1a0, L_0000016d3afafab0, C4<>;
L_0000016d3af87ce0 .functor MUXZ 32, L_0000016d3ad695d0, v0000016d3af2ff70_0, v0000016d3af2f890_0, C4<>;
L_0000016d3af87920 .functor MUXZ 32, L_0000016d3ad695d0, v0000016d3af2ff70_0, v0000016d3af2f890_0, C4<>;
L_0000016d3af88fa0 .arith/sum 32, L_0000016d3af87920, L_0000016d3af3bfe8;
L_0000016d3af8a620 .part v0000016d3af30ab0_0, 0, 7;
L_0000016d3af8a760 .cmp/eq 7, L_0000016d3af8a620, L_0000016d3af3ca08;
L_0000016d3af89a40 .cmp/eq 7, L_0000016d3af8a620, L_0000016d3af3ca50;
L_0000016d3af8a8a0 .cmp/eq 7, L_0000016d3af8a620, L_0000016d3af3ca98;
L_0000016d3af8a940 .cmp/eq 7, L_0000016d3af8a620, L_0000016d3af3cae0;
L_0000016d3af8bd40 .cmp/eq 7, L_0000016d3af8a620, L_0000016d3af3cb28;
L_0000016d3af8b700 .cmp/eq 7, L_0000016d3af8a620, L_0000016d3af3cb70;
L_0000016d3af8aa80 .cmp/eq 7, L_0000016d3af8a620, L_0000016d3af3cbb8;
L_0000016d3af89c20 .cmp/eq 7, L_0000016d3af8a620, L_0000016d3af3cc00;
L_0000016d3af8b020 .cmp/eq 7, L_0000016d3af8a620, L_0000016d3af3cc48;
L_0000016d3af8ab20 .cmp/eq 7, L_0000016d3af8a620, L_0000016d3af3cc90;
L_0000016d3af8b200 .cmp/eq 7, L_0000016d3af8a620, L_0000016d3af3ccd8;
L_0000016d3af8b7a0 .cmp/ne 5, v0000016d3af2ea30_0, L_0000016d3af3cd20;
L_0000016d3af8abc0 .cmp/eq 5, L_0000016d3afa84d0, v0000016d3af2ea30_0;
L_0000016d3af8b980 .cmp/eq 5, L_0000016d3afa85b0, v0000016d3af2ea30_0;
L_0000016d3af8ac60 .part v0000016d3af30ab0_0, 0, 7;
L_0000016d3af8ad00 .part v0000016d3af30ab0_0, 12, 3;
L_0000016d3af8ada0 .part v0000016d3af30ab0_0, 25, 7;
L_0000016d3af8ae40 .functor MUXZ 32, v0000016d3af1bfd0_0, v0000016d3af2cb90_0, v0000016d3af2c5f0_0, C4<>;
L_0000016d3af8aee0 .functor MUXZ 32, L_0000016d3af8ae40, v0000016d3af2b0b0_0, v0000016d3af2a7f0_0, C4<>;
L_0000016d3af8b160 .cmp/ne 5, v0000016d3af2b150_0, L_0000016d3af3cdf8;
L_0000016d3af8af80 .cmp/eq 5, v0000016d3af2b150_0, v0000016d3af2d310_0;
L_0000016d3af8b340 .cmp/ne 5, v0000016d3af2b150_0, L_0000016d3af3ce40;
L_0000016d3af8ba20 .cmp/eq 5, v0000016d3af2b150_0, v0000016d3af2e670_0;
L_0000016d3af8bb60 .cmp/ne 5, v0000016d3af34570_0, L_0000016d3af3ce88;
L_0000016d3af8bc00 .cmp/eq 5, v0000016d3af34570_0, v0000016d3af2d310_0;
L_0000016d3af8bca0 .cmp/ne 5, v0000016d3af34570_0, L_0000016d3af3ced0;
L_0000016d3af8dd20 .cmp/eq 5, v0000016d3af34570_0, v0000016d3af2e670_0;
L_0000016d3af8e5e0 .functor MUXZ 2, L_0000016d3af3cfa8, L_0000016d3af3cf60, L_0000016d3afa58a0, C4<>;
L_0000016d3af8ddc0 .functor MUXZ 2, L_0000016d3af8e5e0, L_0000016d3af3cf18, L_0000016d3afa49c0, C4<>;
L_0000016d3af8d460 .functor MUXZ 2, L_0000016d3af3d080, L_0000016d3af3d038, L_0000016d3afa5c20, C4<>;
L_0000016d3af8de60 .functor MUXZ 2, L_0000016d3af8d460, L_0000016d3af3cff0, L_0000016d3afa52f0, C4<>;
L_0000016d3af8c2e0 .functor MUXZ 2, L_0000016d3af8ddc0, L_0000016d3af3d0c8, v0000016d3af2ee90_0, C4<>;
L_0000016d3af8d140 .functor MUXZ 2, L_0000016d3af8de60, L_0000016d3af3d110, v0000016d3af2f4d0_0, C4<>;
L_0000016d3af8e360 .cmp/eq 2, L_0000016d3af8ddc0, L_0000016d3af3d158;
L_0000016d3af8d320 .cmp/eq 2, L_0000016d3af8ddc0, L_0000016d3af3d1a0;
L_0000016d3af8cba0 .functor MUXZ 32, v0000016d3af2ead0_0, L_0000016d3afa5e50, L_0000016d3af8d320, C4<>;
L_0000016d3af8e040 .functor MUXZ 32, L_0000016d3af8cba0, L_0000016d3af8aee0, L_0000016d3af8e360, C4<>;
L_0000016d3af8e680 .cmp/eq 2, L_0000016d3af8de60, L_0000016d3af3d1e8;
L_0000016d3af8d640 .cmp/eq 2, L_0000016d3af8de60, L_0000016d3af3d230;
L_0000016d3af8e540 .functor MUXZ 32, v0000016d3af2e850_0, L_0000016d3afa5e50, L_0000016d3af8d640, C4<>;
L_0000016d3af8d1e0 .functor MUXZ 32, L_0000016d3af8e540, L_0000016d3af8aee0, L_0000016d3af8e680, C4<>;
L_0000016d3af8c9c0 .cmp/eq 2, L_0000016d3af8c2e0, L_0000016d3af3d278;
L_0000016d3af8cc40 .functor MUXZ 32, L_0000016d3af8e040, v0000016d3af2ef30_0, L_0000016d3af8c9c0, C4<>;
L_0000016d3af8da00 .cmp/eq 2, L_0000016d3af8d140, L_0000016d3af3d2c0;
L_0000016d3af8df00 .functor MUXZ 32, L_0000016d3af8d1e0, v0000016d3af2d8b0_0, L_0000016d3af8da00, C4<>;
L_0000016d3af8c060 .arith/sum 32, v0000016d3af2ef30_0, v0000016d3af2d8b0_0;
L_0000016d3af8c420 .arith/sum 32, L_0000016d3af8cc40, v0000016d3af2d8b0_0;
L_0000016d3af8ca60 .arith/sum 32, v0000016d3af2ef30_0, v0000016d3af2d8b0_0;
L_0000016d3af8e220 .functor MUXZ 32, L_0000016d3af8ca60, L_0000016d3af8c420, v0000016d3af2dd10_0, C4<>;
L_0000016d3af8c6a0 .part L_0000016d3af8e220, 1, 31;
L_0000016d3af8daa0 .concat [ 1 31 0 0], L_0000016d3af3d308, L_0000016d3af8c6a0;
L_0000016d3af8e2c0 .functor MUXZ 32, L_0000016d3af8e220, L_0000016d3af8daa0, v0000016d3af2dd10_0, C4<>;
L_0000016d3af8c1a0 .functor MUXZ 32, L_0000016d3af8c060, L_0000016d3af8e2c0, v0000016d3af2dbd0_0, C4<>;
L_0000016d3af8c920 .cmp/eq 3, v0000016d3af2f570_0, L_0000016d3af3d350;
L_0000016d3af8d780 .cmp/eq 3, v0000016d3af2f570_0, L_0000016d3af3d398;
L_0000016d3af8c600 .cmp/eq 3, v0000016d3af2f570_0, L_0000016d3af3d3e0;
L_0000016d3af8d6e0 .cmp/eq 3, v0000016d3af2f570_0, L_0000016d3af3d428;
L_0000016d3af8db40 .cmp/eq 3, v0000016d3af2f570_0, L_0000016d3af3d470;
L_0000016d3af8cce0 .cmp/eq 3, v0000016d3af2f570_0, L_0000016d3af3d4b8;
L_0000016d3af8d000 .functor MUXZ 1, L_0000016d3af3d500, L_0000016d3afaee70, L_0000016d3af8cce0, C4<>;
L_0000016d3af8c240 .functor MUXZ 1, L_0000016d3af8d000, L_0000016d3afaf420, L_0000016d3af8db40, C4<>;
L_0000016d3af8dbe0 .functor MUXZ 1, L_0000016d3af8c240, L_0000016d3afb04c0, L_0000016d3af8d6e0, C4<>;
L_0000016d3af8dc80 .functor MUXZ 1, L_0000016d3af8dbe0, L_0000016d3afaf420, L_0000016d3af8c600, C4<>;
L_0000016d3af8dfa0 .functor MUXZ 1, L_0000016d3af8dc80, L_0000016d3afaf650, L_0000016d3af8d780, C4<>;
L_0000016d3af8e400 .functor MUXZ 1, L_0000016d3af8dfa0, L_0000016d3af8e180, L_0000016d3af8c920, C4<>;
L_0000016d3af8d280 .part L_0000016d3af8c1a0, 0, 2;
L_0000016d3af8e4a0 .reduce/or L_0000016d3af8d280;
L_0000016d3af8d820 .functor MUXZ 32, v0000016d3af2f390_0, L_0000016d3af8c1a0, L_0000016d3afafab0, C4<>;
L_0000016d3af8d500 .cmp/ne 5, v0000016d3af34570_0, L_0000016d3af3d548;
L_0000016d3af8c740 .cmp/eq 5, v0000016d3af34570_0, v0000016d3af2b1f0_0;
L_0000016d3af8c380 .functor MUXZ 32, v0000016d3af2b5b0_0, v0000016d3af32770_0, L_0000016d3afaf5e0, C4<>;
L_0000016d3af8f620 .functor MUXZ 4, L_0000016d3af3d818, L_0000016d3af3d7d0, L_0000016d3afb1560, C4<>;
L_0000016d3af90700 .functor MUXZ 32, L_0000016d3af3d860, v0000016d3af2b010_0, L_0000016d3afb11e0, C4<>;
L_0000016d3af8fa80 .functor MUXZ 32, L_0000016d3af3d8a8, v0000016d3af2b0b0_0, L_0000016d3afb11e0, C4<>;
L_0000016d3af8e9a0 .functor MUXZ 32, L_0000016d3af3d8f0, v0000016d3af2cc30_0, L_0000016d3afb11e0, C4<>;
L_0000016d3af908e0 .functor MUXZ 32, L_0000016d3af3d938, v0000016d3af1d290_0, L_0000016d3afb11e0, C4<>;
L_0000016d3af8ed60 .functor MUXZ 5, L_0000016d3af3d980, v0000016d3af2c230_0, L_0000016d3afb11e0, C4<>;
L_0000016d3af8e860 .functor MUXZ 5, L_0000016d3af3d9c8, v0000016d3af2b1f0_0, L_0000016d3afb11e0, C4<>;
L_0000016d3af8f940 .functor MUXZ 5, L_0000016d3af3da10, v0000016d3af2b150_0, L_0000016d3afb11e0, C4<>;
L_0000016d3af90d40 .functor MUXZ 32, L_0000016d3af3da58, v0000016d3af2a9d0_0, L_0000016d3afb11e0, C4<>;
L_0000016d3af8ea40 .functor MUXZ 32, L_0000016d3af3daa0, v0000016d3af2be70_0, L_0000016d3afb11e0, C4<>;
L_0000016d3af90de0 .functor MUXZ 32, L_0000016d3af3dae8, v0000016d3af2cb90_0, L_0000016d3afb11e0, C4<>;
L_0000016d3af90a20 .functor MUXZ 32, L_0000016d3af3db30, v0000016d3af1bfd0_0, L_0000016d3afb11e0, C4<>;
L_0000016d3af902a0 .functor MUXZ 32, L_0000016d3af3db78, L_0000016d3afb0140, L_0000016d3afb1250, C4<>;
L_0000016d3af8ec20 .functor MUXZ 32, L_0000016d3af3dbc0, L_0000016d3af8d960, L_0000016d3afb11e0, C4<>;
L_0000016d3af8fc60 .functor MUXZ 1, L_0000016d3af3dc08, L_0000016d3afaf9d0, L_0000016d3afb11e0, C4<>;
L_0000016d3af905c0 .functor MUXZ 1, L_0000016d3af3dc50, L_0000016d3afafa40, L_0000016d3afb11e0, C4<>;
L_0000016d3af8ee00 .functor MUXZ 4, L_0000016d3af3dc98, L_0000016d3afafc00, L_0000016d3afb11e0, C4<>;
L_0000016d3af8f580 .functor MUXZ 32, L_0000016d3af3dce0, L_0000016d3afaff80, L_0000016d3afb11e0, C4<>;
L_0000016d3af907a0 .functor MUXZ 32, L_0000016d3af3dd28, L_0000016d3ad68d80, L_0000016d3afb1250, C4<>;
L_0000016d3af90480 .functor MUXZ 1, L_0000016d3af3dd70, v0000016d3af2a890_0, L_0000016d3afb11e0, C4<>;
L_0000016d3af90160 .functor MUXZ 1, L_0000016d3af3ddb8, v0000016d3af2c5f0_0, L_0000016d3afb11e0, C4<>;
L_0000016d3af8f300 .functor MUXZ 1, L_0000016d3af3de00, v0000016d3af2a7f0_0, L_0000016d3afb11e0, C4<>;
L_0000016d3af8f260 .functor MUXZ 1, L_0000016d3af3de48, v0000016d3af2bb50_0, L_0000016d3afb11e0, C4<>;
L_0000016d3af90980 .functor MUXZ 1, L_0000016d3af3de90, v0000016d3af1d150_0, L_0000016d3afb11e0, C4<>;
L_0000016d3af90fc0 .functor MUXZ 1, L_0000016d3af3ded8, v0000016d3af2ce10_0, L_0000016d3afb11e0, C4<>;
L_0000016d3af8eea0 .functor MUXZ 1, L_0000016d3af3df20, L_0000016d3afb01b0, L_0000016d3afb11e0, C4<>;
L_0000016d3af90ac0 .functor MUXZ 1, L_0000016d3af3df68, v0000016d3af1d010_0, L_0000016d3afb11e0, C4<>;
L_0000016d3af8f760 .functor MUXZ 5, L_0000016d3af3dfb0, v0000016d3af34570_0, L_0000016d3afb0f40, C4<>;
S_0000016d3a81f9a0 .scope module, "u_dcache" "cache" 3 487, 4 3 0, S_0000016d3aca99e0;
 .timescale -9 -12;
    .port_info 0 /INPUT 1 "i_clk";
    .port_info 1 /INPUT 1 "i_rst";
    .port_info 2 /INPUT 1 "i_mem_ready";
    .port_info 3 /OUTPUT 32 "o_mem_addr";
    .port_info 4 /OUTPUT 1 "o_mem_ren";
    .port_info 5 /OUTPUT 1 "o_mem_wen";
    .port_info 6 /OUTPUT 32 "o_mem_wdata";
    .port_info 7 /INPUT 32 "i_mem_rdata";
    .port_info 8 /INPUT 1 "i_mem_valid";
    .port_info 9 /OUTPUT 1 "o_busy";
    .port_info 10 /INPUT 32 "i_req_addr";
    .port_info 11 /INPUT 1 "i_req_ren";
    .port_info 12 /INPUT 1 "i_req_wen";
    .port_info 13 /INPUT 4 "i_req_mask";
    .port_info 14 /INPUT 32 "i_req_wdata";
    .port_info 15 /OUTPUT 32 "o_res_rdata";
P_0000016d3aca13c0 .param/l "D" 1 4 25, +C4<00000000000000000000000000000100>;
P_0000016d3aca13f8 .param/l "DEPTH" 1 4 23, +C4<00000000000000000000000000100000>;
P_0000016d3aca1430 .param/l "O" 1 4 21, +C4<00000000000000000000000000000100>;
P_0000016d3aca1468 .param/l "S" 1 4 22, +C4<00000000000000000000000000000101>;
P_0000016d3aca14a0 .param/l "STATE_IDLE" 1 4 27, C4<00>;
P_0000016d3aca14d8 .param/l "STATE_REFILL_REQ" 1 4 28, C4<01>;
P_0000016d3aca1510 .param/l "STATE_REFILL_WAIT" 1 4 29, C4<10>;
P_0000016d3aca1548 .param/l "STATE_WRITE_REQ" 1 4 30, C4<11>;
P_0000016d3aca1580 .param/l "T" 1 4 24, +C4<0000000000000000000000000000010111>;
P_0000016d3aca15b8 .param/l "WB_COUNT_W" 1 4 34, +C4<00000000000000000000000000000100>;
P_0000016d3aca15f0 .param/l "WB_DEPTH" 1 4 32, +C4<00000000000000000000000000001000>;
P_0000016d3aca1628 .param/l "WB_PTR_W" 1 4 33, +C4<00000000000000000000000000000011>;
L_0000016d3adf5ff0 .functor AND 1, L_0000016d3af85f80, L_0000016d3af84e00, C4<1>, C4<1>;
L_0000016d3adf66f0 .functor AND 1, L_0000016d3af84d60, L_0000016d3af859e0, C4<1>, C4<1>;
L_0000016d3adf6220 .functor OR 1, L_0000016d3adf5ff0, L_0000016d3adf66f0, C4<0>, C4<0>;
L_0000016d3adf7410 .functor BUFZ 32, L_0000016d3af854e0, C4<00000000000000000000000000000000>, C4<00000000000000000000000000000000>, C4<00000000000000000000000000000000>;
L_0000016d3adf6290 .functor BUFZ 32, L_0000016d3af85b20, C4<00000000000000000000000000000000>, C4<00000000000000000000000000000000>, C4<00000000000000000000000000000000>;
L_0000016d3adf6760 .functor NOT 1, L_0000016d3adf6220, C4<0>, C4<0>, C4<0>;
L_0000016d3adf6ae0 .functor AND 1, L_0000016d3afb14f0, L_0000016d3adf6760, C4<1>, C4<1>;
L_0000016d3adf6fb0 .functor NOT 1, L_0000016d3adf6220, C4<0>, C4<0>, C4<0>;
L_0000016d3adf6840 .functor AND 1, L_0000016d3afb06f0, L_0000016d3adf6fb0, C4<1>, C4<1>;
L_0000016d3adf68b0 .functor NOT 1, L_0000016d3af85f80, C4<0>, C4<0>, C4<0>;
L_0000016d3adf5b20 .functor NOT 1, L_0000016d3af84d60, C4<0>, C4<0>, C4<0>;
L_0000016d3adf6990 .functor BUFZ 1, L_0000016d3adf66f0, C4<0>, C4<0>, C4<0>;
L_0000016d3adf5b90 .functor OR 32, L_0000016d3af86660, L_0000016d3af867a0, C4<00000000000000000000000000000000>, C4<00000000000000000000000000000000>;
L_0000016d3af3b6e8 .functor BUFT 1, C4<0>, C4<0>, C4<0>, C4<0>;
L_0000016d3adf6b50 .functor XNOR 1, v0000016d3aef2a80_0, L_0000016d3af3b6e8, C4<0>, C4<0>;
L_0000016d3adf5c00 .functor OR 1, L_0000016d3adf6ae0, L_0000016d3adf6840, C4<0>, C4<0>;
L_0000016d3adf6450 .functor AND 1, L_0000016d3af87100, L_0000016d3adf5c00, C4<1>, C4<1>;
L_0000016d3adf7020 .functor AND 1, L_0000016d3af88b40, L_0000016d3af87e20, C4<1>, C4<1>;
L_0000016d3adf73a0 .functor AND 1, L_0000016d3adf7020, L_0000016d3af888c0, C4<1>, C4<1>;
L_0000016d3adf6920 .functor AND 1, L_0000016d3adf73a0, L_0000016d3afa9ca0, C4<1>, C4<1>;
L_0000016d3adf7090 .functor NOT 1, L_0000016d3adf6450, C4<0>, C4<0>, C4<0>;
L_0000016d3adf7100 .functor AND 1, L_0000016d3adf6920, L_0000016d3adf7090, C4<1>, C4<1>;
L_0000016d3adf5c70 .functor OR 1, L_0000016d3af87c40, L_0000016d3adf7100, C4<0>, C4<0>;
L_0000016d3adf6d10 .functor AND 1, L_0000016d3af88820, L_0000016d3afb06f0, C4<1>, C4<1>;
L_0000016d3adf6d80 .functor AND 1, L_0000016d3adf6d10, L_0000016d3adf6220, C4<1>, C4<1>;
L_0000016d3adf6060 .functor AND 1, L_0000016d3adf6d80, L_0000016d3adf5c70, C4<1>, C4<1>;
L_0000016d3adf5ce0 .functor AND 1, L_0000016d3af87740, L_0000016d3afb06f0, C4<1>, C4<1>;
L_0000016d3adf6300 .functor AND 1, L_0000016d3adf5ce0, L_0000016d3adf6220, C4<1>, C4<1>;
L_0000016d3adf64c0 .functor NOT 1, L_0000016d3adf5c70, C4<0>, C4<0>, C4<0>;
L_0000016d3adf7170 .functor AND 1, L_0000016d3adf6300, L_0000016d3adf64c0, C4<1>, C4<1>;
L_0000016d3adf6e60 .functor AND 1, L_0000016d3af89540, L_0000016d3adf5c70, C4<1>, C4<1>;
L_0000016d3adf5d50 .functor OR 1, L_0000016d3adf6060, L_0000016d3adf6e60, C4<0>, C4<0>;
L_0000016d3adf71e0 .functor AND 1, L_0000016d3af87560, L_0000016d3afa9ca0, C4<1>, C4<1>;
L_0000016d3adf7480 .functor BUFZ 1, L_0000016d3adf7100, C4<0>, C4<0>, C4<0>;
L_0000016d3adf5dc0 .functor OR 1, L_0000016d3adf6ae0, L_0000016d3adf6840, C4<0>, C4<0>;
L_0000016d3adf5e30 .functor OR 1, L_0000016d3adf5dc0, L_0000016d3adf7170, C4<0>, C4<0>;
L_0000016d3adf5ea0 .functor AND 1, L_0000016d3af872e0, L_0000016d3adf5e30, C4<1>, C4<1>;
L_0000016d3adf5f80 .functor OR 1, L_0000016d3af87600, L_0000016d3adf5ea0, C4<0>, C4<0>;
L_0000016d3ad68d80 .functor BUFZ 32, L_0000016d3af86980, C4<00000000000000000000000000000000>, C4<00000000000000000000000000000000>, C4<00000000000000000000000000000000>;
v0000016d3ae1fe50_0 .net *"_ivl_100", 12 0, L_0000016d3af853a0;  1 drivers
L_0000016d3af3b4a8 .functor BUFT 1, C4<00000000000000000000000000000000>, C4<0>, C4<0>, C4<0>;
v0000016d3ae1f590_0 .net/2u *"_ivl_104", 31 0, L_0000016d3af3b4a8;  1 drivers
v0000016d3ae1f130_0 .net *"_ivl_106", 31 0, L_0000016d3af85ee0;  1 drivers
L_0000016d3af3b028 .functor BUFT 1, C4<00>, C4<0>, C4<0>, C4<0>;
v0000016d3ae1e9b0_0 .net *"_ivl_11", 1 0, L_0000016d3af3b028;  1 drivers
v0000016d3ae1eaf0_0 .net *"_ivl_110", 0 0, L_0000016d3adf6760;  1 drivers
v0000016d3ae1f1d0_0 .net *"_ivl_114", 0 0, L_0000016d3adf6fb0;  1 drivers
v0000016d3ae1ecd0_0 .net *"_ivl_118", 0 0, L_0000016d3adf68b0;  1 drivers
L_0000016d3af3b4f0 .functor BUFT 1, C4<0>, C4<0>, C4<0>, C4<0>;
v0000016d3ae1fdb0_0 .net/2u *"_ivl_120", 0 0, L_0000016d3af3b4f0;  1 drivers
v0000016d3ae1f630_0 .net *"_ivl_122", 0 0, L_0000016d3adf5b20;  1 drivers
L_0000016d3af3b538 .functor BUFT 1, C4<1>, C4<0>, C4<0>, C4<0>;
v0000016d3ae1f270_0 .net/2u *"_ivl_124", 0 0, L_0000016d3af3b538;  1 drivers
v0000016d3ae1ff90_0 .net *"_ivl_126", 0 0, L_0000016d3af86700;  1 drivers
v0000016d3ae1ed70_0 .net *"_ivl_128", 6 0, L_0000016d3af86160;  1 drivers
L_0000016d3af3b580 .functor BUFT 1, C4<00>, C4<0>, C4<0>, C4<0>;
v0000016d3ae1f9f0_0 .net *"_ivl_131", 1 0, L_0000016d3af3b580;  1 drivers
v0000016d3ae1fef0_0 .net *"_ivl_132", 0 0, L_0000016d3af86840;  1 drivers
v0000016d3ae1f6d0_0 .net *"_ivl_14", 1 0, L_0000016d3af85940;  1 drivers
L_0000016d3af3b5c8 .functor BUFT 1, C4<0000>, C4<0>, C4<0>, C4<0>;
v0000016d3ae1ee10_0 .net/2u *"_ivl_140", 3 0, L_0000016d3af3b5c8;  1 drivers
L_0000016d3af3b610 .functor BUFT 1, C4<0000000000000000000000000000>, C4<0>, C4<0>, C4<0>;
v0000016d3ae1f770_0 .net/2u *"_ivl_144", 27 0, L_0000016d3af3b610;  1 drivers
L_0000016d3af3b658 .functor BUFT 1, C4<00>, C4<0>, C4<0>, C4<0>;
v0000016d3ae1f810_0 .net/2u *"_ivl_146", 1 0, L_0000016d3af3b658;  1 drivers
v0000016d3ae1f8b0_0 .net *"_ivl_148", 31 0, L_0000016d3af867a0;  1 drivers
L_0000016d3af3b6a0 .functor BUFT 1, C4<00>, C4<0>, C4<0>, C4<0>;
v0000016d3ae1e410_0 .net/2u *"_ivl_152", 1 0, L_0000016d3af3b6a0;  1 drivers
v0000016d3ae1cb10_0 .net/2u *"_ivl_156", 0 0, L_0000016d3af3b6e8;  1 drivers
v0000016d3ae1d010_0 .net *"_ivl_158", 0 0, L_0000016d3adf6b50;  1 drivers
v0000016d3ae1e4b0_0 .net *"_ivl_16", 6 0, L_0000016d3af85a80;  1 drivers
v0000016d3ae1e730_0 .net *"_ivl_160", 31 0, L_0000016d3af86ac0;  1 drivers
v0000016d3ae1c390_0 .net *"_ivl_162", 9 0, L_0000016d3af86f20;  1 drivers
L_0000016d3af3b730 .functor BUFT 1, C4<00000>, C4<0>, C4<0>, C4<0>;
v0000016d3ae1d0b0_0 .net *"_ivl_165", 4 0, L_0000016d3af3b730;  1 drivers
v0000016d3ae1c430_0 .net *"_ivl_166", 11 0, L_0000016d3af85580;  1 drivers
L_0000016d3af3b778 .functor BUFT 1, C4<00>, C4<0>, C4<0>, C4<0>;
v0000016d3ae1c4d0_0 .net *"_ivl_169", 1 0, L_0000016d3af3b778;  1 drivers
L_0000016d3af3b7c0 .functor BUFT 1, C4<000000000100>, C4<0>, C4<0>, C4<0>;
v0000016d3ae1d5b0_0 .net/2u *"_ivl_170", 11 0, L_0000016d3af3b7c0;  1 drivers
v0000016d3adb98c0_0 .net *"_ivl_173", 11 0, L_0000016d3af85620;  1 drivers
v0000016d3adb7160_0 .net *"_ivl_174", 3 0, L_0000016d3af86b60;  1 drivers
L_0000016d3af3b808 .functor BUFT 1, C4<00>, C4<0>, C4<0>, C4<0>;
v0000016d3ad8fdb0_0 .net *"_ivl_177", 1 0, L_0000016d3af3b808;  1 drivers
L_0000016d3af3b850 .functor BUFT 1, C4<0>, C4<0>, C4<0>, C4<0>;
v0000016d3ad22690_0 .net *"_ivl_180", 0 0, L_0000016d3af3b850;  1 drivers
v0000016d3adfbd10_0 .net *"_ivl_181", 12 0, L_0000016d3af86ca0;  1 drivers
L_0000016d3af3b898 .functor BUFT 1, C4<000000000>, C4<0>, C4<0>, C4<0>;
v0000016d3aeee610_0 .net *"_ivl_184", 8 0, L_0000016d3af3b898;  1 drivers
v0000016d3aef0230_0 .net *"_ivl_185", 12 0, L_0000016d3af86c00;  1 drivers
v0000016d3aef05f0_0 .net *"_ivl_186", 12 0, L_0000016d3af856c0;  1 drivers
v0000016d3aeefd30_0 .net *"_ivl_188", 31 0, L_0000016d3af86d40;  1 drivers
L_0000016d3af3b070 .functor BUFT 1, C4<00>, C4<0>, C4<0>, C4<0>;
v0000016d3aeefdd0_0 .net *"_ivl_19", 1 0, L_0000016d3af3b070;  1 drivers
v0000016d3aef0410_0 .net *"_ivl_190", 9 0, L_0000016d3af84900;  1 drivers
L_0000016d3af3b8e0 .functor BUFT 1, C4<00000>, C4<0>, C4<0>, C4<0>;
v0000016d3aeef290_0 .net *"_ivl_193", 4 0, L_0000016d3af3b8e0;  1 drivers
v0000016d3aeeec50_0 .net *"_ivl_194", 11 0, L_0000016d3af85800;  1 drivers
L_0000016d3af3b928 .functor BUFT 1, C4<00>, C4<0>, C4<0>, C4<0>;
v0000016d3aeee6b0_0 .net *"_ivl_197", 1 0, L_0000016d3af3b928;  1 drivers
L_0000016d3af3b970 .functor BUFT 1, C4<000000000100>, C4<0>, C4<0>, C4<0>;
v0000016d3aeef470_0 .net/2u *"_ivl_198", 11 0, L_0000016d3af3b970;  1 drivers
v0000016d3aeee2f0_0 .net *"_ivl_201", 11 0, L_0000016d3af84ae0;  1 drivers
v0000016d3aef04b0_0 .net *"_ivl_202", 3 0, L_0000016d3af849a0;  1 drivers
L_0000016d3af3b9b8 .functor BUFT 1, C4<00>, C4<0>, C4<0>, C4<0>;
v0000016d3aeef5b0_0 .net *"_ivl_205", 1 0, L_0000016d3af3b9b8;  1 drivers
L_0000016d3af3ba00 .functor BUFT 1, C4<0>, C4<0>, C4<0>, C4<0>;
v0000016d3aeef150_0 .net *"_ivl_208", 0 0, L_0000016d3af3ba00;  1 drivers
v0000016d3aeeff10_0 .net *"_ivl_209", 12 0, L_0000016d3af84a40;  1 drivers
L_0000016d3af3ba48 .functor BUFT 1, C4<000000000>, C4<0>, C4<0>, C4<0>;
v0000016d3aeee1b0_0 .net *"_ivl_212", 8 0, L_0000016d3af3ba48;  1 drivers
v0000016d3aeee9d0_0 .net *"_ivl_213", 12 0, L_0000016d3af84b80;  1 drivers
v0000016d3aef0730_0 .net *"_ivl_214", 12 0, L_0000016d3af84cc0;  1 drivers
v0000016d3aeeecf0_0 .net *"_ivl_22", 22 0, L_0000016d3af85d00;  1 drivers
L_0000016d3af3ba90 .functor BUFT 1, C4<00>, C4<0>, C4<0>, C4<0>;
v0000016d3aef0550_0 .net/2u *"_ivl_220", 1 0, L_0000016d3af3ba90;  1 drivers
v0000016d3aeef8d0_0 .net *"_ivl_222", 0 0, L_0000016d3af87100;  1 drivers
v0000016d3aeeed90_0 .net *"_ivl_224", 0 0, L_0000016d3adf5c00;  1 drivers
L_0000016d3af3bad8 .functor BUFT 1, C4<01>, C4<0>, C4<0>, C4<0>;
v0000016d3aeef3d0_0 .net/2u *"_ivl_228", 1 0, L_0000016d3af3bad8;  1 drivers
v0000016d3aef00f0_0 .net *"_ivl_230", 0 0, L_0000016d3af88b40;  1 drivers
L_0000016d3af3bb20 .functor BUFT 1, C4<10>, C4<0>, C4<0>, C4<0>;
v0000016d3aef0190_0 .net/2u *"_ivl_232", 1 0, L_0000016d3af3bb20;  1 drivers
v0000016d3aef0050_0 .net *"_ivl_234", 0 0, L_0000016d3af87e20;  1 drivers
v0000016d3aef0690_0 .net *"_ivl_236", 0 0, L_0000016d3adf7020;  1 drivers
v0000016d3aef07d0_0 .net *"_ivl_238", 31 0, L_0000016d3af890e0;  1 drivers
v0000016d3aeefbf0_0 .net *"_ivl_24", 6 0, L_0000016d3af86340;  1 drivers
L_0000016d3af3bb68 .functor BUFT 1, C4<0000000000000000000000000000>, C4<0>, C4<0>, C4<0>;
v0000016d3aeefe70_0 .net *"_ivl_241", 27 0, L_0000016d3af3bb68;  1 drivers
L_0000016d3af3bbb0 .functor BUFT 1, C4<00000000000000000000000000000000>, C4<0>, C4<0>, C4<0>;
v0000016d3aeee4d0_0 .net/2u *"_ivl_242", 31 0, L_0000016d3af3bbb0;  1 drivers
v0000016d3aeeebb0_0 .net *"_ivl_244", 0 0, L_0000016d3af888c0;  1 drivers
v0000016d3aeefab0_0 .net *"_ivl_246", 0 0, L_0000016d3adf73a0;  1 drivers
v0000016d3aeef0b0_0 .net *"_ivl_248", 0 0, L_0000016d3adf6920;  1 drivers
v0000016d3aeef330_0 .net *"_ivl_250", 0 0, L_0000016d3adf7090;  1 drivers
v0000016d3aeee070_0 .net *"_ivl_254", 31 0, L_0000016d3af874c0;  1 drivers
L_0000016d3af3bbf8 .functor BUFT 1, C4<0000000000000000000000000000>, C4<0>, C4<0>, C4<0>;
v0000016d3aeee110_0 .net *"_ivl_257", 27 0, L_0000016d3af3bbf8;  1 drivers
L_0000016d3af3bc40 .functor BUFT 1, C4<00000000000000000000000000001000>, C4<0>, C4<0>, C4<0>;
v0000016d3aeee250_0 .net/2u *"_ivl_258", 31 0, L_0000016d3af3bc40;  1 drivers
v0000016d3aeef510_0 .net *"_ivl_260", 0 0, L_0000016d3af87c40;  1 drivers
L_0000016d3af3bc88 .functor BUFT 1, C4<00>, C4<0>, C4<0>, C4<0>;
v0000016d3aeee570_0 .net/2u *"_ivl_264", 1 0, L_0000016d3af3bc88;  1 drivers
v0000016d3aeeeed0_0 .net *"_ivl_266", 0 0, L_0000016d3af88820;  1 drivers
v0000016d3aeef650_0 .net *"_ivl_268", 0 0, L_0000016d3adf6d10;  1 drivers
L_0000016d3af3b0b8 .functor BUFT 1, C4<00>, C4<0>, C4<0>, C4<0>;
v0000016d3aeeee30_0 .net *"_ivl_27", 1 0, L_0000016d3af3b0b8;  1 drivers
v0000016d3aeeea70_0 .net *"_ivl_270", 0 0, L_0000016d3adf6d80;  1 drivers
L_0000016d3af3bcd0 .functor BUFT 1, C4<00>, C4<0>, C4<0>, C4<0>;
v0000016d3aeee750_0 .net/2u *"_ivl_274", 1 0, L_0000016d3af3bcd0;  1 drivers
v0000016d3aef02d0_0 .net *"_ivl_276", 0 0, L_0000016d3af87740;  1 drivers
v0000016d3aeeef70_0 .net *"_ivl_278", 0 0, L_0000016d3adf5ce0;  1 drivers
v0000016d3aeee390_0 .net *"_ivl_28", 0 0, L_0000016d3af84e00;  1 drivers
v0000016d3aef0370_0 .net *"_ivl_280", 0 0, L_0000016d3adf6300;  1 drivers
v0000016d3aeefb50_0 .net *"_ivl_282", 0 0, L_0000016d3adf64c0;  1 drivers
L_0000016d3af3bd18 .functor BUFT 1, C4<11>, C4<0>, C4<0>, C4<0>;
v0000016d3aeef010_0 .net/2u *"_ivl_286", 1 0, L_0000016d3af3bd18;  1 drivers
v0000016d3aeee430_0 .net *"_ivl_288", 0 0, L_0000016d3af89540;  1 drivers
L_0000016d3af3bd60 .functor BUFT 1, C4<01>, C4<0>, C4<0>, C4<0>;
v0000016d3aeee7f0_0 .net/2u *"_ivl_298", 1 0, L_0000016d3af3bd60;  1 drivers
v0000016d3aeef1f0_0 .net *"_ivl_300", 0 0, L_0000016d3af88d20;  1 drivers
v0000016d3aeee890_0 .net *"_ivl_302", 31 0, L_0000016d3af88dc0;  1 drivers
v0000016d3aeeffb0_0 .net *"_ivl_304", 4 0, L_0000016d3af89400;  1 drivers
L_0000016d3af3bda8 .functor BUFT 1, C4<00>, C4<0>, C4<0>, C4<0>;
v0000016d3aeeeb10_0 .net *"_ivl_307", 1 0, L_0000016d3af3bda8;  1 drivers
L_0000016d3af3bdf0 .functor BUFT 1, C4<00000000000000000000000000000000>, C4<0>, C4<0>, C4<0>;
v0000016d3aeefc90_0 .net/2u *"_ivl_308", 31 0, L_0000016d3af3bdf0;  1 drivers
v0000016d3aeee930_0 .net *"_ivl_310", 31 0, L_0000016d3af87ba0;  1 drivers
L_0000016d3af3be38 .functor BUFT 1, C4<01>, C4<0>, C4<0>, C4<0>;
v0000016d3aeef6f0_0 .net/2u *"_ivl_314", 1 0, L_0000016d3af3be38;  1 drivers
v0000016d3aeef790_0 .net *"_ivl_316", 0 0, L_0000016d3af87560;  1 drivers
v0000016d3aeef970_0 .net *"_ivl_32", 22 0, L_0000016d3af86020;  1 drivers
v0000016d3aeef830_0 .net *"_ivl_322", 31 0, L_0000016d3af89360;  1 drivers
v0000016d3aeefa10_0 .net *"_ivl_324", 4 0, L_0000016d3af883c0;  1 drivers
L_0000016d3af3be80 .functor BUFT 1, C4<00>, C4<0>, C4<0>, C4<0>;
v0000016d3aef0ff0_0 .net *"_ivl_327", 1 0, L_0000016d3af3be80;  1 drivers
L_0000016d3af3bec8 .functor BUFT 1, C4<00000000000000000000000000000000>, C4<0>, C4<0>, C4<0>;
v0000016d3aef0af0_0 .net/2u *"_ivl_328", 31 0, L_0000016d3af3bec8;  1 drivers
L_0000016d3af3bf10 .functor BUFT 1, C4<00>, C4<0>, C4<0>, C4<0>;
v0000016d3aef1770_0 .net/2u *"_ivl_332", 1 0, L_0000016d3af3bf10;  1 drivers
v0000016d3aef13b0_0 .net *"_ivl_334", 0 0, L_0000016d3af87600;  1 drivers
L_0000016d3af3bf58 .functor BUFT 1, C4<00>, C4<0>, C4<0>, C4<0>;
v0000016d3aef1450_0 .net/2u *"_ivl_336", 1 0, L_0000016d3af3bf58;  1 drivers
v0000016d3aef14f0_0 .net *"_ivl_338", 0 0, L_0000016d3af872e0;  1 drivers
v0000016d3aef1590_0 .net *"_ivl_34", 6 0, L_0000016d3af863e0;  1 drivers
v0000016d3aef0b90_0 .net *"_ivl_340", 0 0, L_0000016d3adf5dc0;  1 drivers
v0000016d3aef0c30_0 .net *"_ivl_342", 0 0, L_0000016d3adf5e30;  1 drivers
v0000016d3aef1e50_0 .net *"_ivl_344", 0 0, L_0000016d3adf5ea0;  1 drivers
L_0000016d3af3b100 .functor BUFT 1, C4<00>, C4<0>, C4<0>, C4<0>;
v0000016d3aef18b0_0 .net *"_ivl_37", 1 0, L_0000016d3af3b100;  1 drivers
v0000016d3aef09b0_0 .net *"_ivl_38", 0 0, L_0000016d3af859e0;  1 drivers
v0000016d3aef0e10_0 .net *"_ivl_44", 31 0, L_0000016d3af854e0;  1 drivers
v0000016d3aef1a90_0 .net *"_ivl_46", 9 0, L_0000016d3af86480;  1 drivers
L_0000016d3af3b148 .functor BUFT 1, C4<00000>, C4<0>, C4<0>, C4<0>;
v0000016d3aef1d10_0 .net *"_ivl_49", 4 0, L_0000016d3af3b148;  1 drivers
v0000016d3aef1630_0 .net *"_ivl_50", 11 0, L_0000016d3af84860;  1 drivers
L_0000016d3af3b190 .functor BUFT 1, C4<00>, C4<0>, C4<0>, C4<0>;
v0000016d3aef0cd0_0 .net *"_ivl_53", 1 0, L_0000016d3af3b190;  1 drivers
L_0000016d3af3b1d8 .functor BUFT 1, C4<000000000100>, C4<0>, C4<0>, C4<0>;
v0000016d3aef0d70_0 .net/2u *"_ivl_54", 11 0, L_0000016d3af3b1d8;  1 drivers
v0000016d3aef16d0_0 .net *"_ivl_57", 11 0, L_0000016d3af860c0;  1 drivers
v0000016d3aef1b30_0 .net *"_ivl_58", 3 0, L_0000016d3af86e80;  1 drivers
v0000016d3aef1810_0 .net *"_ivl_6", 1 0, L_0000016d3af86fc0;  1 drivers
L_0000016d3af3b220 .functor BUFT 1, C4<00>, C4<0>, C4<0>, C4<0>;
v0000016d3aef0eb0_0 .net *"_ivl_61", 1 0, L_0000016d3af3b220;  1 drivers
L_0000016d3af3b268 .functor BUFT 1, C4<0>, C4<0>, C4<0>, C4<0>;
v0000016d3aef1bd0_0 .net *"_ivl_64", 0 0, L_0000016d3af3b268;  1 drivers
v0000016d3aef1090_0 .net *"_ivl_65", 12 0, L_0000016d3af868e0;  1 drivers
L_0000016d3af3b2b0 .functor BUFT 1, C4<000000000>, C4<0>, C4<0>, C4<0>;
v0000016d3aef0f50_0 .net *"_ivl_68", 8 0, L_0000016d3af3b2b0;  1 drivers
v0000016d3aef1950_0 .net *"_ivl_69", 12 0, L_0000016d3af84f40;  1 drivers
v0000016d3aef19f0_0 .net *"_ivl_70", 12 0, L_0000016d3af85080;  1 drivers
v0000016d3aef1c70_0 .net *"_ivl_74", 31 0, L_0000016d3af85b20;  1 drivers
v0000016d3aef0910_0 .net *"_ivl_76", 9 0, L_0000016d3af86520;  1 drivers
L_0000016d3af3b2f8 .functor BUFT 1, C4<00000>, C4<0>, C4<0>, C4<0>;
v0000016d3aef1db0_0 .net *"_ivl_79", 4 0, L_0000016d3af3b2f8;  1 drivers
v0000016d3aef1ef0_0 .net *"_ivl_8", 6 0, L_0000016d3af85c60;  1 drivers
v0000016d3aef1310_0 .net *"_ivl_80", 11 0, L_0000016d3af85da0;  1 drivers
L_0000016d3af3b340 .functor BUFT 1, C4<00>, C4<0>, C4<0>, C4<0>;
v0000016d3aef1130_0 .net *"_ivl_83", 1 0, L_0000016d3af3b340;  1 drivers
L_0000016d3af3b388 .functor BUFT 1, C4<000000000100>, C4<0>, C4<0>, C4<0>;
v0000016d3aef0a50_0 .net/2u *"_ivl_84", 11 0, L_0000016d3af3b388;  1 drivers
v0000016d3aef11d0_0 .net *"_ivl_87", 11 0, L_0000016d3af865c0;  1 drivers
v0000016d3aef0870_0 .net *"_ivl_88", 3 0, L_0000016d3af85120;  1 drivers
L_0000016d3af3b3d0 .functor BUFT 1, C4<00>, C4<0>, C4<0>, C4<0>;
v0000016d3aef1270_0 .net *"_ivl_91", 1 0, L_0000016d3af3b3d0;  1 drivers
L_0000016d3af3b418 .functor BUFT 1, C4<0>, C4<0>, C4<0>, C4<0>;
v0000016d3aef2580_0 .net *"_ivl_94", 0 0, L_0000016d3af3b418;  1 drivers
v0000016d3aef2940_0 .net *"_ivl_95", 12 0, L_0000016d3af85760;  1 drivers
L_0000016d3af3b460 .functor BUFT 1, C4<000000000>, C4<0>, C4<0>, C4<0>;
v0000016d3aef2080_0 .net *"_ivl_98", 8 0, L_0000016d3af3b460;  1 drivers
v0000016d3aef3b60_0 .net *"_ivl_99", 12 0, L_0000016d3af85e40;  1 drivers
v0000016d3aef3160_0 .net "cpu_miss_req_cur", 0 0, L_0000016d3adf6450;  1 drivers
v0000016d3aef2f80 .array "datas0", 127 0, 31 0;
v0000016d3aef2bc0 .array "datas1", 127 0, 31 0;
v0000016d3aef23a0_0 .net "hit", 0 0, L_0000016d3adf6220;  1 drivers
v0000016d3aef3840_0 .net "hit_rword", 31 0, L_0000016d3af86980;  1 drivers
v0000016d3aef21c0_0 .net "hit_way", 0 0, L_0000016d3adf6990;  1 drivers
v0000016d3aef2300_0 .net "i_clk", 0 0, v0000016d3af27ff0_0;  alias, 1 drivers
v0000016d3aef3d40_0 .net "i_mem_rdata", 31 0, L_0000016d3afab130;  alias, 1 drivers
v0000016d3aef3e80_0 .net "i_mem_ready", 0 0, L_0000016d3afa9ca0;  alias, 1 drivers
v0000016d3aef2620_0 .net "i_mem_valid", 0 0, L_0000016d3afaa250;  alias, 1 drivers
v0000016d3aef3a20_0 .net "i_req_addr", 31 0, L_0000016d3af8d960;  alias, 1 drivers
v0000016d3aef2120_0 .net "i_req_mask", 3 0, L_0000016d3afafc00;  alias, 1 drivers
v0000016d3aef3ac0_0 .net "i_req_ren", 0 0, L_0000016d3afb14f0;  alias, 1 drivers
v0000016d3aef3200_0 .net "i_req_wdata", 31 0, L_0000016d3afaff80;  alias, 1 drivers
v0000016d3aef3f20_0 .net "i_req_wen", 0 0, L_0000016d3afb06f0;  alias, 1 drivers
v0000016d3aef4420_0 .net "i_rst", 0 0, v0000016d3af29210_0;  alias, 1 drivers
v0000016d3aef3020 .array "lru", 0 31, 0 0;
v0000016d3aef32a0_0 .net "merged_write_word", 31 0, L_0000016d3af84ea0;  1 drivers
v0000016d3aef2c60_0 .var "miss_is_write_cur", 0 0;
v0000016d3aef29e0_0 .net "miss_line_addr", 31 0, L_0000016d3af86660;  1 drivers
v0000016d3aef3de0_0 .var "miss_mask_cur", 3 0;
v0000016d3aef2440_0 .net "miss_merged_write_word", 31 0, L_0000016d3af858a0;  1 drivers
v0000016d3aef24e0_0 .var "miss_set_cur", 4 0;
v0000016d3aef2260_0 .var "miss_tag_cur", 22 0;
v0000016d3aef2a80_0 .var "miss_way_cur", 0 0;
v0000016d3aef2d00_0 .net "miss_way_rword", 31 0, L_0000016d3af84c20;  1 drivers
v0000016d3aef2b20_0 .var "miss_wdata_cur", 31 0;
v0000016d3aef26c0_0 .net "miss_word_addr", 31 0, L_0000016d3af86de0;  1 drivers
v0000016d3aef3340_0 .var "miss_word_cur", 1 0;
v0000016d3aef30c0_0 .net "o_busy", 0 0, L_0000016d3adf5f80;  alias, 1 drivers
v0000016d3aef2da0_0 .net "o_mem_addr", 31 0, L_0000016d3af88460;  alias, 1 drivers
v0000016d3aef4560_0 .net "o_mem_ren", 0 0, L_0000016d3adf71e0;  alias, 1 drivers
v0000016d3aef2e40_0 .net "o_mem_wdata", 31 0, L_0000016d3af87240;  alias, 1 drivers
v0000016d3aef2ee0_0 .net "o_mem_wen", 0 0, L_0000016d3adf7480;  alias, 1 drivers
v0000016d3aef46a0_0 .net "o_res_rdata", 31 0, L_0000016d3ad68d80;  alias, 1 drivers
v0000016d3aef4600_0 .net "read_miss", 0 0, L_0000016d3adf6ae0;  1 drivers
v0000016d3aef33e0_0 .net "refill_word_addr", 31 0, L_0000016d3adf5b90;  1 drivers
v0000016d3aef3480_0 .var "refill_word_cur", 1 0;
v0000016d3aef4740_0 .net "req_set", 4 0, L_0000016d3af85440;  1 drivers
v0000016d3aef47e0_0 .net "req_tag", 22 0, L_0000016d3af86200;  1 drivers
v0000016d3aef3c00_0 .net "req_word", 1 0, L_0000016d3af862a0;  1 drivers
v0000016d3aef3fc0_0 .var/i "set_idx", 31 0;
v0000016d3aef2760_0 .var "state_cur", 1 0;
v0000016d3aef3520 .array "tags0", 0 31, 22 0;
v0000016d3aef3ca0 .array "tags1", 0 31, 22 0;
v0000016d3aef44c0 .array "valid", 0 31, 1 0;
v0000016d3aef4060_0 .net "victim_way", 0 0, L_0000016d3af86a20;  1 drivers
v0000016d3aef35c0_0 .net "way0_hit", 0 0, L_0000016d3adf5ff0;  1 drivers
v0000016d3aef4100_0 .net "way0_rword", 31 0, L_0000016d3adf7410;  1 drivers
v0000016d3aef41a0_0 .net "way0_valid", 0 0, L_0000016d3af85f80;  1 drivers
v0000016d3aef2800_0 .net "way1_hit", 0 0, L_0000016d3adf66f0;  1 drivers
v0000016d3aef28a0_0 .net "way1_rword", 31 0, L_0000016d3adf6290;  1 drivers
v0000016d3aef3660_0 .net "way1_valid", 0 0, L_0000016d3af84d60;  1 drivers
v0000016d3aef3700 .array "wb_addrs", 0 7, 31 0;
v0000016d3aef37a0_0 .var "wb_count_cur", 3 0;
v0000016d3aef38e0 .array "wb_datas", 0 7, 31 0;
v0000016d3aef4240_0 .net "wb_has_push_space_cur", 0 0, L_0000016d3adf5c70;  1 drivers
v0000016d3aef42e0_0 .var "wb_head_cur", 2 0;
v0000016d3aef3980_0 .var/i "wb_idx", 31 0;
v0000016d3aef4380_0 .net "wb_push_addr_cur", 31 0, L_0000016d3af88e60;  1 drivers
v0000016d3aef5140_0 .net "wb_push_cur", 0 0, L_0000016d3adf5d50;  1 drivers
v0000016d3aef6b80_0 .net "wb_push_data_cur", 31 0, L_0000016d3af88a00;  1 drivers
v0000016d3aef5c80_0 .net "wb_send_cur", 0 0, L_0000016d3adf7100;  1 drivers
v0000016d3aef6ae0_0 .var "wb_tail_cur", 2 0;
v0000016d3aef5d20_0 .var/i "word_idx", 31 0;
v0000016d3aef60e0_0 .net "write_hit_accept_cur", 0 0, L_0000016d3adf6060;  1 drivers
v0000016d3aef4a60_0 .net "write_hit_block_cur", 0 0, L_0000016d3adf7170;  1 drivers
v0000016d3aef6e00_0 .net "write_miss", 0 0, L_0000016d3adf6840;  1 drivers
v0000016d3aef6540_0 .net "write_req_commit_cur", 0 0, L_0000016d3adf6e60;  1 drivers
E_0000016d3ae4d6c0 .event posedge, v0000016d3aef2300_0;
L_0000016d3af86200 .part L_0000016d3af8d960, 9, 23;
L_0000016d3af85440 .part L_0000016d3af8d960, 4, 5;
L_0000016d3af862a0 .part L_0000016d3af8d960, 2, 2;
L_0000016d3af86fc0 .array/port v0000016d3aef44c0, L_0000016d3af85c60;
L_0000016d3af85c60 .concat [ 5 2 0 0], L_0000016d3af85440, L_0000016d3af3b028;
L_0000016d3af85f80 .part L_0000016d3af86fc0, 0, 1;
L_0000016d3af85940 .array/port v0000016d3aef44c0, L_0000016d3af85a80;
L_0000016d3af85a80 .concat [ 5 2 0 0], L_0000016d3af85440, L_0000016d3af3b070;
L_0000016d3af84d60 .part L_0000016d3af85940, 1, 1;
L_0000016d3af85d00 .array/port v0000016d3aef3520, L_0000016d3af86340;
L_0000016d3af86340 .concat [ 5 2 0 0], L_0000016d3af85440, L_0000016d3af3b0b8;
L_0000016d3af84e00 .cmp/eq 23, L_0000016d3af85d00, L_0000016d3af86200;
L_0000016d3af86020 .array/port v0000016d3aef3ca0, L_0000016d3af863e0;
L_0000016d3af863e0 .concat [ 5 2 0 0], L_0000016d3af85440, L_0000016d3af3b100;
L_0000016d3af859e0 .cmp/eq 23, L_0000016d3af86020, L_0000016d3af86200;
L_0000016d3af854e0 .array/port v0000016d3aef2f80, L_0000016d3af85080;
L_0000016d3af86480 .concat [ 5 5 0 0], L_0000016d3af85440, L_0000016d3af3b148;
L_0000016d3af84860 .concat [ 10 2 0 0], L_0000016d3af86480, L_0000016d3af3b190;
L_0000016d3af860c0 .arith/mult 12, L_0000016d3af84860, L_0000016d3af3b1d8;
L_0000016d3af86e80 .concat [ 2 2 0 0], L_0000016d3af862a0, L_0000016d3af3b220;
L_0000016d3af868e0 .concat [ 12 1 0 0], L_0000016d3af860c0, L_0000016d3af3b268;
L_0000016d3af84f40 .concat [ 4 9 0 0], L_0000016d3af86e80, L_0000016d3af3b2b0;
L_0000016d3af85080 .arith/sum 13, L_0000016d3af868e0, L_0000016d3af84f40;
L_0000016d3af85b20 .array/port v0000016d3aef2bc0, L_0000016d3af853a0;
L_0000016d3af86520 .concat [ 5 5 0 0], L_0000016d3af85440, L_0000016d3af3b2f8;
L_0000016d3af85da0 .concat [ 10 2 0 0], L_0000016d3af86520, L_0000016d3af3b340;
L_0000016d3af865c0 .arith/mult 12, L_0000016d3af85da0, L_0000016d3af3b388;
L_0000016d3af85120 .concat [ 2 2 0 0], L_0000016d3af862a0, L_0000016d3af3b3d0;
L_0000016d3af85760 .concat [ 12 1 0 0], L_0000016d3af865c0, L_0000016d3af3b418;
L_0000016d3af85e40 .concat [ 4 9 0 0], L_0000016d3af85120, L_0000016d3af3b460;
L_0000016d3af853a0 .arith/sum 13, L_0000016d3af85760, L_0000016d3af85e40;
L_0000016d3af85ee0 .functor MUXZ 32, L_0000016d3af3b4a8, L_0000016d3adf6290, L_0000016d3adf66f0, C4<>;
L_0000016d3af86980 .functor MUXZ 32, L_0000016d3af85ee0, L_0000016d3adf7410, L_0000016d3adf5ff0, C4<>;
L_0000016d3af86700 .array/port v0000016d3aef3020, L_0000016d3af86160;
L_0000016d3af86160 .concat [ 5 2 0 0], L_0000016d3af85440, L_0000016d3af3b580;
L_0000016d3af86840 .functor MUXZ 1, L_0000016d3af86700, L_0000016d3af3b538, L_0000016d3adf5b20, C4<>;
L_0000016d3af86a20 .functor MUXZ 1, L_0000016d3af86840, L_0000016d3af3b4f0, L_0000016d3adf68b0, C4<>;
L_0000016d3af84ea0 .ufunc/vec4 TD_unit_hart_tb.dut.u_dcache.apply_mask, 32, L_0000016d3af86980, L_0000016d3afaff80, L_0000016d3afafc00 (v0000016d3ae1f4f0_0, v0000016d3ae1f950_0, v0000016d3ae1fc70_0) S_0000016d3aca1670;
L_0000016d3af86660 .concat [ 4 5 23 0], L_0000016d3af3b5c8, v0000016d3aef24e0_0, v0000016d3aef2260_0;
L_0000016d3af867a0 .concat [ 2 2 28 0], L_0000016d3af3b658, v0000016d3aef3480_0, L_0000016d3af3b610;
L_0000016d3af86de0 .concat [ 2 2 5 23], L_0000016d3af3b6a0, v0000016d3aef3340_0, v0000016d3aef24e0_0, v0000016d3aef2260_0;
L_0000016d3af86ac0 .array/port v0000016d3aef2f80, L_0000016d3af856c0;
L_0000016d3af86f20 .concat [ 5 5 0 0], v0000016d3aef24e0_0, L_0000016d3af3b730;
L_0000016d3af85580 .concat [ 10 2 0 0], L_0000016d3af86f20, L_0000016d3af3b778;
L_0000016d3af85620 .arith/mult 12, L_0000016d3af85580, L_0000016d3af3b7c0;
L_0000016d3af86b60 .concat [ 2 2 0 0], v0000016d3aef3340_0, L_0000016d3af3b808;
L_0000016d3af86ca0 .concat [ 12 1 0 0], L_0000016d3af85620, L_0000016d3af3b850;
L_0000016d3af86c00 .concat [ 4 9 0 0], L_0000016d3af86b60, L_0000016d3af3b898;
L_0000016d3af856c0 .arith/sum 13, L_0000016d3af86ca0, L_0000016d3af86c00;
L_0000016d3af86d40 .array/port v0000016d3aef2bc0, L_0000016d3af84cc0;
L_0000016d3af84900 .concat [ 5 5 0 0], v0000016d3aef24e0_0, L_0000016d3af3b8e0;
L_0000016d3af85800 .concat [ 10 2 0 0], L_0000016d3af84900, L_0000016d3af3b928;
L_0000016d3af84ae0 .arith/mult 12, L_0000016d3af85800, L_0000016d3af3b970;
L_0000016d3af849a0 .concat [ 2 2 0 0], v0000016d3aef3340_0, L_0000016d3af3b9b8;
L_0000016d3af84a40 .concat [ 12 1 0 0], L_0000016d3af84ae0, L_0000016d3af3ba00;
L_0000016d3af84b80 .concat [ 4 9 0 0], L_0000016d3af849a0, L_0000016d3af3ba48;
L_0000016d3af84cc0 .arith/sum 13, L_0000016d3af84a40, L_0000016d3af84b80;
L_0000016d3af84c20 .functor MUXZ 32, L_0000016d3af86d40, L_0000016d3af86ac0, L_0000016d3adf6b50, C4<>;
L_0000016d3af858a0 .ufunc/vec4 TD_unit_hart_tb.dut.u_dcache.apply_mask, 32, L_0000016d3af84c20, v0000016d3aef2b20_0, v0000016d3aef3de0_0 (v0000016d3ae1f4f0_0, v0000016d3ae1f950_0, v0000016d3ae1fc70_0) S_0000016d3aca1670;
L_0000016d3af87100 .cmp/eq 2, v0000016d3aef2760_0, L_0000016d3af3ba90;
L_0000016d3af88b40 .cmp/ne 2, v0000016d3aef2760_0, L_0000016d3af3bad8;
L_0000016d3af87e20 .cmp/ne 2, v0000016d3aef2760_0, L_0000016d3af3bb20;
L_0000016d3af890e0 .concat [ 4 28 0 0], v0000016d3aef37a0_0, L_0000016d3af3bb68;
L_0000016d3af888c0 .cmp/ne 32, L_0000016d3af890e0, L_0000016d3af3bbb0;
L_0000016d3af874c0 .concat [ 4 28 0 0], v0000016d3aef37a0_0, L_0000016d3af3bbf8;
L_0000016d3af87c40 .cmp/ne 32, L_0000016d3af874c0, L_0000016d3af3bc40;
L_0000016d3af88820 .cmp/eq 2, v0000016d3aef2760_0, L_0000016d3af3bc88;
L_0000016d3af87740 .cmp/eq 2, v0000016d3aef2760_0, L_0000016d3af3bcd0;
L_0000016d3af89540 .cmp/eq 2, v0000016d3aef2760_0, L_0000016d3af3bd18;
L_0000016d3af88e60 .functor MUXZ 32, L_0000016d3af86de0, L_0000016d3af8d960, L_0000016d3adf6060, C4<>;
L_0000016d3af88a00 .functor MUXZ 32, L_0000016d3af858a0, L_0000016d3af84ea0, L_0000016d3adf6060, C4<>;
L_0000016d3af88d20 .cmp/eq 2, v0000016d3aef2760_0, L_0000016d3af3bd60;
L_0000016d3af88dc0 .array/port v0000016d3aef3700, L_0000016d3af89400;
L_0000016d3af89400 .concat [ 3 2 0 0], v0000016d3aef42e0_0, L_0000016d3af3bda8;
L_0000016d3af87ba0 .functor MUXZ 32, L_0000016d3af3bdf0, L_0000016d3af88dc0, L_0000016d3adf7100, C4<>;
L_0000016d3af88460 .functor MUXZ 32, L_0000016d3af87ba0, L_0000016d3adf5b90, L_0000016d3af88d20, C4<>;
L_0000016d3af87560 .cmp/eq 2, v0000016d3aef2760_0, L_0000016d3af3be38;
L_0000016d3af89360 .array/port v0000016d3aef38e0, L_0000016d3af883c0;
L_0000016d3af883c0 .concat [ 3 2 0 0], v0000016d3aef42e0_0, L_0000016d3af3be80;
L_0000016d3af87240 .functor MUXZ 32, L_0000016d3af3bec8, L_0000016d3af89360, L_0000016d3adf7100, C4<>;
L_0000016d3af87600 .cmp/ne 2, v0000016d3aef2760_0, L_0000016d3af3bf10;
L_0000016d3af872e0 .cmp/eq 2, v0000016d3aef2760_0, L_0000016d3af3bf58;
S_0000016d3aca1670 .scope function.vec4.s32, "apply_mask" "apply_mask" 4 66, 4 66 0, S_0000016d3a81f9a0;
 .timescale -9 -12;
; Variable apply_mask is vec4 return value of scope S_0000016d3aca1670
v0000016d3ae1eeb0_0 .var "byte_mask", 31 0;
v0000016d3ae1fc70_0 .var "mask", 3 0;
v0000016d3ae1f950_0 .var "new_word", 31 0;
v0000016d3ae1f4f0_0 .var "old_word", 31 0;
TD_unit_hart_tb.dut.u_dcache.apply_mask ;
    %load/vec4 v0000016d3ae1fc70_0;
    %store/vec4 v0000016d3ae1f090_0, 0, 4;
    %callf/vec4 TD_unit_hart_tb.dut.u_dcache.expand_mask, S_0000016d3a869e30;
    %store/vec4 v0000016d3ae1eeb0_0, 0, 32;
    %load/vec4 v0000016d3ae1f4f0_0;
    %load/vec4 v0000016d3ae1eeb0_0;
    %inv;
    %and;
    %load/vec4 v0000016d3ae1f950_0;
    %load/vec4 v0000016d3ae1eeb0_0;
    %and;
    %or;
    %ret/vec4 0, 0, 32;  Assign to apply_mask (store_vec4_to_lval)
    %end;
S_0000016d3a869e30 .scope function.vec4.s32, "expand_mask" "expand_mask" 4 59, 4 59 0, S_0000016d3a81f9a0;
 .timescale -9 -12;
; Variable expand_mask is vec4 return value of scope S_0000016d3a869e30
v0000016d3ae1f090_0 .var "mask", 3 0;
TD_unit_hart_tb.dut.u_dcache.expand_mask ;
    %load/vec4 v0000016d3ae1f090_0;
    %parti/s 1, 3, 3;
    %replicate 8;
    %load/vec4 v0000016d3ae1f090_0;
    %parti/s 1, 2, 3;
    %replicate 8;
    %concat/vec4; draw_concat_vec4
    %load/vec4 v0000016d3ae1f090_0;
    %parti/s 1, 1, 2;
    %replicate 8;
    %concat/vec4; draw_concat_vec4
    %load/vec4 v0000016d3ae1f090_0;
    %parti/s 1, 0, 2;
    %replicate 8;
    %concat/vec4; draw_concat_vec4
    %ret/vec4 0, 0, 32;  Assign to expand_mask (store_vec4_to_lval)
    %end;
S_0000016d3a869fc0 .scope module, "u_decode" "decode" 3 534, 5 1 0, S_0000016d3aca99e0;
 .timescale -9 -12;
    .port_info 0 /INPUT 1 "i_clk";
    .port_info 1 /INPUT 1 "i_rst";
    .port_info 2 /INPUT 32 "Inst";
    .port_info 3 /INPUT 32 "WriteData";
    .port_info 4 /INPUT 5 "WriteAddr";
    .port_info 5 /INPUT 1 "WriteEn";
    .port_info 6 /OUTPUT 1 "lui";
    .port_info 7 /OUTPUT 1 "PcSrc";
    .port_info 8 /OUTPUT 3 "AluOp";
    .port_info 9 /OUTPUT 1 "MemWrite";
    .port_info 10 /OUTPUT 1 "MemRead";
    .port_info 11 /OUTPUT 1 "MemToReg";
    .port_info 12 /OUTPUT 1 "AluSrc1";
    .port_info 13 /OUTPUT 1 "AluSrc2";
    .port_info 14 /OUTPUT 1 "RegWrite";
    .port_info 15 /OUTPUT 1 "Jump";
    .port_info 16 /OUTPUT 1 "Branch";
    .port_info 17 /OUTPUT 32 "Offset";
    .port_info 18 /OUTPUT 5 "o_retire_rs1_raddr";
    .port_info 19 /OUTPUT 5 "o_retire_rs2_raddr";
    .port_info 20 /OUTPUT 5 "o_retire_rd_waddr";
    .port_info 21 /OUTPUT 32 "o_retire_rs1_rdata";
    .port_info 22 /OUTPUT 32 "o_retire_rs2_rdata";
    .port_info 23 /OUTPUT 1 "IllegalInst";
    .port_info 24 /OUTPUT 1 "EBreak";
P_0000016d3ae4df00 .param/l "BYPASS_EN" 0 5 2, +C4<00000000000000000000000000000001>;
L_0000016d3afa64e0 .functor OR 1, L_0000016d3af87380, L_0000016d3af876a0, C4<0>, C4<0>;
L_0000016d3afa6a90 .functor OR 1, L_0000016d3afa64e0, L_0000016d3af879c0, C4<0>, C4<0>;
L_0000016d3afa6390 .functor OR 1, L_0000016d3af87d80, L_0000016d3af87ec0, C4<0>, C4<0>;
L_0000016d3afa7820 .functor BUFZ 1, L_0000016d3af88500, C4<0>, C4<0>, C4<0>;
L_0000016d3afa7b30 .functor OR 1, L_0000016d3af89040, L_0000016d3af87380, C4<0>, C4<0>;
L_0000016d3afa6cc0 .functor OR 1, L_0000016d3afa7b30, L_0000016d3af876a0, C4<0>, C4<0>;
L_0000016d3afa6710 .functor OR 1, L_0000016d3afa6cc0, L_0000016d3af87420, C4<0>, C4<0>;
L_0000016d3afa6b00 .functor OR 1, L_0000016d3afa6710, L_0000016d3af87880, C4<0>, C4<0>;
L_0000016d3afa6400 .functor OR 1, L_0000016d3afa6b00, L_0000016d3af87d80, C4<0>, C4<0>;
L_0000016d3afa7660 .functor OR 1, L_0000016d3afa6400, L_0000016d3af87ec0, C4<0>, C4<0>;
L_0000016d3afa6da0 .functor OR 1, L_0000016d3afa7660, L_0000016d3af89680, C4<0>, C4<0>;
L_0000016d3afa77b0 .functor OR 1, L_0000016d3afa6da0, L_0000016d3af879c0, C4<0>, C4<0>;
L_0000016d3afa6550 .functor OR 1, L_0000016d3afa77b0, L_0000016d3af88500, C4<0>, C4<0>;
L_0000016d3afa6630 .functor NOT 1, L_0000016d3afa6550, C4<0>, C4<0>, C4<0>;
L_0000016d3afa6780 .functor BUFZ 1, L_0000016d3af87d80, C4<0>, C4<0>, C4<0>;
L_0000016d3afa6860 .functor BUFZ 1, L_0000016d3af879c0, C4<0>, C4<0>, C4<0>;
L_0000016d3afa6c50 .functor BUFZ 1, L_0000016d3af87420, C4<0>, C4<0>, C4<0>;
L_0000016d3afa7890 .functor BUFZ 1, L_0000016d3af876a0, C4<0>, C4<0>, C4<0>;
L_0000016d3afa7200 .functor BUFZ 1, L_0000016d3af876a0, C4<0>, C4<0>, C4<0>;
L_0000016d3afa7dd0 .functor BUFZ 1, L_0000016d3af87ec0, C4<0>, C4<0>, C4<0>;
L_0000016d3afa6470 .functor OR 1, L_0000016d3af87380, L_0000016d3af876a0, C4<0>, C4<0>;
L_0000016d3afa7270 .functor OR 1, L_0000016d3afa6470, L_0000016d3af87420, C4<0>, C4<0>;
L_0000016d3afa6d30 .functor OR 1, L_0000016d3afa7270, L_0000016d3af87ec0, C4<0>, C4<0>;
L_0000016d3afa6e10 .functor OR 1, L_0000016d3afa6d30, L_0000016d3af879c0, C4<0>, C4<0>;
L_0000016d3afa7ac0 .functor OR 1, L_0000016d3af89040, L_0000016d3af87380, C4<0>, C4<0>;
L_0000016d3afa68d0 .functor OR 1, L_0000016d3afa7ac0, L_0000016d3af876a0, C4<0>, C4<0>;
L_0000016d3afa6940 .functor OR 1, L_0000016d3afa68d0, L_0000016d3af87d80, C4<0>, C4<0>;
L_0000016d3afa7ba0 .functor OR 1, L_0000016d3afa6940, L_0000016d3af87ec0, C4<0>, C4<0>;
L_0000016d3afa6e80 .functor OR 1, L_0000016d3afa7ba0, L_0000016d3af89680, C4<0>, C4<0>;
L_0000016d3afa7c10 .functor OR 1, L_0000016d3afa6e80, L_0000016d3af879c0, C4<0>, C4<0>;
L_0000016d3afa7040 .functor OR 1, L_0000016d3af89680, L_0000016d3af879c0, C4<0>, C4<0>;
L_0000016d3afa7e40 .functor BUFZ 1, L_0000016d3af87880, C4<0>, C4<0>, C4<0>;
L_0000016d3afa84d0 .functor BUFZ 5, L_0000016d3af895e0, C4<00000>, C4<00000>, C4<00000>;
L_0000016d3afa7f90 .functor BUFZ 32, L_0000016d3af89180, C4<00000000000000000000000000000000>, C4<00000000000000000000000000000000>, C4<00000000000000000000000000000000>;
L_0000016d3afa85b0 .functor BUFZ 5, L_0000016d3af88f00, C4<00000>, C4<00000>, C4<00000>;
L_0000016d3afa8230 .functor BUFZ 32, L_0000016d3af8b480, C4<00000000000000000000000000000000>, C4<00000000000000000000000000000000>, C4<00000000000000000000000000000000>;
L_0000016d3afa7f20 .functor NOT 1, L_0000016d3afa6630, C4<0>, C4<0>, C4<0>;
L_0000016d3afa8000 .functor AND 1, L_0000016d3afa7c10, L_0000016d3afa7f20, C4<1>, C4<1>;
L_0000016d3afa8620 .functor NOT 1, L_0000016d3afa7820, C4<0>, C4<0>, C4<0>;
L_0000016d3afa83f0 .functor AND 1, L_0000016d3afa8000, L_0000016d3afa8620, C4<1>, C4<1>;
v0000016d3aef9600_0 .net "AluOp", 2 0, L_0000016d3af87a60;  alias, 1 drivers
v0000016d3aef8e80_0 .net "AluSrc1", 0 0, L_0000016d3afa7dd0;  alias, 1 drivers
v0000016d3aef8660_0 .net "AluSrc2", 0 0, L_0000016d3afa6e10;  alias, 1 drivers
v0000016d3aef8020_0 .net "Branch", 0 0, L_0000016d3afa7e40;  alias, 1 drivers
v0000016d3aef97e0_0 .net "EBreak", 0 0, L_0000016d3afa7820;  alias, 1 drivers
v0000016d3aef8fc0_0 .net "IllegalInst", 0 0, L_0000016d3afa6630;  alias, 1 drivers
v0000016d3aef7080_0 .net "Inst", 31 0, v0000016d3af30ab0_0;  1 drivers
v0000016d3aef7440_0 .net "Jump", 0 0, L_0000016d3afa7040;  alias, 1 drivers
v0000016d3aef7d00_0 .net "MemRead", 0 0, L_0000016d3afa7890;  alias, 1 drivers
v0000016d3aef7620_0 .net "MemToReg", 0 0, L_0000016d3afa7200;  alias, 1 drivers
v0000016d3aef7da0_0 .net "MemWrite", 0 0, L_0000016d3afa6c50;  alias, 1 drivers
v0000016d3aef7e40_0 .net "Offset", 31 0, L_0000016d3af89b80;  alias, 1 drivers
v0000016d3aef9100_0 .net "PcSrc", 0 0, L_0000016d3afa6860;  alias, 1 drivers
v0000016d3aef7ee0_0 .net "RegWrite", 0 0, L_0000016d3afa7c10;  alias, 1 drivers
v0000016d3aef76c0_0 .net "WriteAddr", 4 0, v0000016d3af34570_0;  1 drivers
v0000016d3aef94c0_0 .net "WriteData", 31 0, L_0000016d3af8ef40;  alias, 1 drivers
v0000016d3aef8700_0 .net "WriteEn", 0 0, L_0000016d3afb0f40;  alias, 1 drivers
v0000016d3aef8200_0 .net *"_ivl_116", 0 0, L_0000016d3afa6470;  1 drivers
v0000016d3aef9240_0 .net *"_ivl_118", 0 0, L_0000016d3afa7270;  1 drivers
L_0000016d3af3c078 .functor BUFT 1, C4<0010011>, C4<0>, C4<0>, C4<0>;
v0000016d3aef71c0_0 .net/2u *"_ivl_12", 6 0, L_0000016d3af3c078;  1 drivers
v0000016d3aef80c0_0 .net *"_ivl_120", 0 0, L_0000016d3afa6d30;  1 drivers
v0000016d3aef7120_0 .net *"_ivl_124", 0 0, L_0000016d3afa7ac0;  1 drivers
v0000016d3aef87a0_0 .net *"_ivl_126", 0 0, L_0000016d3afa68d0;  1 drivers
v0000016d3aef9560_0 .net *"_ivl_128", 0 0, L_0000016d3afa6940;  1 drivers
v0000016d3aef88e0_0 .net *"_ivl_130", 0 0, L_0000016d3afa7ba0;  1 drivers
v0000016d3aef7260_0 .net *"_ivl_132", 0 0, L_0000016d3afa6e80;  1 drivers
v0000016d3aef92e0_0 .net *"_ivl_148", 0 0, L_0000016d3afa7f20;  1 drivers
v0000016d3aef8980_0 .net *"_ivl_150", 0 0, L_0000016d3afa8000;  1 drivers
v0000016d3aef8ac0_0 .net *"_ivl_152", 0 0, L_0000016d3afa8620;  1 drivers
v0000016d3aef8b60_0 .net *"_ivl_154", 0 0, L_0000016d3afa83f0;  1 drivers
L_0000016d3af3c858 .functor BUFT 1, C4<00000>, C4<0>, C4<0>, C4<0>;
v0000016d3aef8c00_0 .net/2u *"_ivl_156", 4 0, L_0000016d3af3c858;  1 drivers
L_0000016d3af3c0c0 .functor BUFT 1, C4<0000011>, C4<0>, C4<0>, C4<0>;
v0000016d3aef8ca0_0 .net/2u *"_ivl_16", 6 0, L_0000016d3af3c0c0;  1 drivers
L_0000016d3af3c108 .functor BUFT 1, C4<0100011>, C4<0>, C4<0>, C4<0>;
v0000016d3aef9380_0 .net/2u *"_ivl_20", 6 0, L_0000016d3af3c108;  1 drivers
L_0000016d3af3c150 .functor BUFT 1, C4<1100011>, C4<0>, C4<0>, C4<0>;
v0000016d3aef9420_0 .net/2u *"_ivl_24", 6 0, L_0000016d3af3c150;  1 drivers
L_0000016d3af3c198 .functor BUFT 1, C4<0110111>, C4<0>, C4<0>, C4<0>;
v0000016d3aef9a60_0 .net/2u *"_ivl_28", 6 0, L_0000016d3af3c198;  1 drivers
L_0000016d3af3c1e0 .functor BUFT 1, C4<0010111>, C4<0>, C4<0>, C4<0>;
v0000016d3aef9880_0 .net/2u *"_ivl_32", 6 0, L_0000016d3af3c1e0;  1 drivers
L_0000016d3af3c228 .functor BUFT 1, C4<1101111>, C4<0>, C4<0>, C4<0>;
v0000016d3aef9d80_0 .net/2u *"_ivl_36", 6 0, L_0000016d3af3c228;  1 drivers
L_0000016d3af3c270 .functor BUFT 1, C4<1100111>, C4<0>, C4<0>, C4<0>;
v0000016d3aef9b00_0 .net/2u *"_ivl_40", 6 0, L_0000016d3af3c270;  1 drivers
L_0000016d3af3c2b8 .functor BUFT 1, C4<00000000000100000000000001110011>, C4<0>, C4<0>, C4<0>;
v0000016d3aef9ba0_0 .net/2u *"_ivl_44", 31 0, L_0000016d3af3c2b8;  1 drivers
L_0000016d3af3c300 .functor BUFT 1, C4<000001>, C4<0>, C4<0>, C4<0>;
v0000016d3aef9920_0 .net/2u *"_ivl_48", 5 0, L_0000016d3af3c300;  1 drivers
v0000016d3aef9ce0_0 .net *"_ivl_50", 0 0, L_0000016d3afa64e0;  1 drivers
v0000016d3aef9e20_0 .net *"_ivl_52", 0 0, L_0000016d3afa6a90;  1 drivers
L_0000016d3af3c348 .functor BUFT 1, C4<000010>, C4<0>, C4<0>, C4<0>;
v0000016d3aef9c40_0 .net/2u *"_ivl_54", 5 0, L_0000016d3af3c348;  1 drivers
L_0000016d3af3c390 .functor BUFT 1, C4<000100>, C4<0>, C4<0>, C4<0>;
v0000016d3aef9ec0_0 .net/2u *"_ivl_56", 5 0, L_0000016d3af3c390;  1 drivers
L_0000016d3af3c3d8 .functor BUFT 1, C4<001000>, C4<0>, C4<0>, C4<0>;
v0000016d3aef9f60_0 .net/2u *"_ivl_58", 5 0, L_0000016d3af3c3d8;  1 drivers
v0000016d3aef99c0_0 .net *"_ivl_60", 0 0, L_0000016d3afa6390;  1 drivers
L_0000016d3af3c420 .functor BUFT 1, C4<010000>, C4<0>, C4<0>, C4<0>;
v0000016d3aefb030_0 .net/2u *"_ivl_62", 5 0, L_0000016d3af3c420;  1 drivers
L_0000016d3af3c468 .functor BUFT 1, C4<100000>, C4<0>, C4<0>, C4<0>;
v0000016d3aefc390_0 .net/2u *"_ivl_64", 5 0, L_0000016d3af3c468;  1 drivers
L_0000016d3af3c4b0 .functor BUFT 1, C4<000000>, C4<0>, C4<0>, C4<0>;
v0000016d3aefc610_0 .net/2u *"_ivl_66", 5 0, L_0000016d3af3c4b0;  1 drivers
v0000016d3aefc110_0 .net *"_ivl_68", 5 0, L_0000016d3af87f60;  1 drivers
v0000016d3aefbb70_0 .net *"_ivl_70", 5 0, L_0000016d3af881e0;  1 drivers
v0000016d3aefabd0_0 .net *"_ivl_72", 5 0, L_0000016d3af87060;  1 drivers
v0000016d3aefa270_0 .net *"_ivl_74", 5 0, L_0000016d3af88960;  1 drivers
v0000016d3aefb530_0 .net *"_ivl_76", 5 0, L_0000016d3af88140;  1 drivers
L_0000016d3af3c030 .functor BUFT 1, C4<0110011>, C4<0>, C4<0>, C4<0>;
v0000016d3aefa9f0_0 .net/2u *"_ivl_8", 6 0, L_0000016d3af3c030;  1 drivers
v0000016d3aefc430_0 .net *"_ivl_82", 0 0, L_0000016d3afa7b30;  1 drivers
v0000016d3aefb7b0_0 .net *"_ivl_84", 0 0, L_0000016d3afa6cc0;  1 drivers
v0000016d3aefa8b0_0 .net *"_ivl_86", 0 0, L_0000016d3afa6710;  1 drivers
v0000016d3aefa950_0 .net *"_ivl_88", 0 0, L_0000016d3afa6b00;  1 drivers
v0000016d3aefb8f0_0 .net *"_ivl_90", 0 0, L_0000016d3afa6400;  1 drivers
v0000016d3aefc1b0_0 .net *"_ivl_92", 0 0, L_0000016d3afa7660;  1 drivers
v0000016d3aefb990_0 .net *"_ivl_94", 0 0, L_0000016d3afa6da0;  1 drivers
v0000016d3aefa590_0 .net *"_ivl_96", 0 0, L_0000016d3afa77b0;  1 drivers
v0000016d3aefc070_0 .net *"_ivl_98", 0 0, L_0000016d3afa6550;  1 drivers
v0000016d3aefae50_0 .net "i_clk", 0 0, v0000016d3af27ff0_0;  alias, 1 drivers
v0000016d3aefac70_0 .net "i_format", 5 0, L_0000016d3af88000;  1 drivers
v0000016d3aefa4f0_0 .net "i_rst", 0 0, v0000016d3af29210_0;  alias, 1 drivers
v0000016d3aefb3f0_0 .net "is_auipc", 0 0, L_0000016d3af87ec0;  1 drivers
v0000016d3aefb490_0 .net "is_branch", 0 0, L_0000016d3af87880;  1 drivers
v0000016d3aefb5d0_0 .net "is_ebreak", 0 0, L_0000016d3af88500;  1 drivers
v0000016d3aefbd50_0 .net "is_itype_alu", 0 0, L_0000016d3af87380;  1 drivers
v0000016d3aefa1d0_0 .net "is_jal", 0 0, L_0000016d3af89680;  1 drivers
v0000016d3aefbf30_0 .net "is_jalr", 0 0, L_0000016d3af879c0;  1 drivers
v0000016d3aefa630_0 .net "is_load", 0 0, L_0000016d3af876a0;  1 drivers
v0000016d3aefc250_0 .net "is_lui", 0 0, L_0000016d3af87d80;  1 drivers
v0000016d3aefb2b0_0 .net "is_rtype", 0 0, L_0000016d3af89040;  1 drivers
v0000016d3aefc6b0_0 .net "is_store", 0 0, L_0000016d3af87420;  1 drivers
v0000016d3aefaa90_0 .net "lui", 0 0, L_0000016d3afa6780;  alias, 1 drivers
v0000016d3aefaef0_0 .net "o_retire_rd_waddr", 4 0, L_0000016d3af89d60;  alias, 1 drivers
v0000016d3aefaf90_0 .net "o_retire_rs1_raddr", 4 0, L_0000016d3afa84d0;  alias, 1 drivers
v0000016d3aefad10_0 .net "o_retire_rs1_rdata", 31 0, L_0000016d3afa7f90;  alias, 1 drivers
v0000016d3aefba30_0 .net "o_retire_rs2_raddr", 4 0, L_0000016d3afa85b0;  alias, 1 drivers
v0000016d3aefa6d0_0 .net "o_retire_rs2_rdata", 31 0, L_0000016d3afa8230;  alias, 1 drivers
v0000016d3aefb0d0_0 .net "opcode", 6 0, L_0000016d3af877e0;  1 drivers
v0000016d3aefc4d0_0 .net "rd_waddr_raw", 4 0, L_0000016d3af88aa0;  1 drivers
v0000016d3aefc750_0 .net "rs1_raddr_raw", 4 0, L_0000016d3af895e0;  1 drivers
v0000016d3aefc2f0_0 .net "rs1_rdata_raw", 31 0, L_0000016d3af89180;  1 drivers
v0000016d3aefbc10_0 .net "rs2_raddr_raw", 4 0, L_0000016d3af88f00;  1 drivers
v0000016d3aefadb0_0 .net "rs2_rdata_raw", 31 0, L_0000016d3af8b480;  1 drivers
L_0000016d3af877e0 .part v0000016d3af30ab0_0, 0, 7;
L_0000016d3af88aa0 .part v0000016d3af30ab0_0, 7, 5;
L_0000016d3af895e0 .part v0000016d3af30ab0_0, 15, 5;
L_0000016d3af88f00 .part v0000016d3af30ab0_0, 20, 5;
L_0000016d3af89040 .cmp/eq 7, L_0000016d3af877e0, L_0000016d3af3c030;
L_0000016d3af87380 .cmp/eq 7, L_0000016d3af877e0, L_0000016d3af3c078;
L_0000016d3af876a0 .cmp/eq 7, L_0000016d3af877e0, L_0000016d3af3c0c0;
L_0000016d3af87420 .cmp/eq 7, L_0000016d3af877e0, L_0000016d3af3c108;
L_0000016d3af87880 .cmp/eq 7, L_0000016d3af877e0, L_0000016d3af3c150;
L_0000016d3af87d80 .cmp/eq 7, L_0000016d3af877e0, L_0000016d3af3c198;
L_0000016d3af87ec0 .cmp/eq 7, L_0000016d3af877e0, L_0000016d3af3c1e0;
L_0000016d3af89680 .cmp/eq 7, L_0000016d3af877e0, L_0000016d3af3c228;
L_0000016d3af879c0 .cmp/eq 7, L_0000016d3af877e0, L_0000016d3af3c270;
L_0000016d3af88500 .cmp/eq 32, v0000016d3af30ab0_0, L_0000016d3af3c2b8;
L_0000016d3af87f60 .functor MUXZ 6, L_0000016d3af3c4b0, L_0000016d3af3c468, L_0000016d3af89680, C4<>;
L_0000016d3af881e0 .functor MUXZ 6, L_0000016d3af87f60, L_0000016d3af3c420, L_0000016d3afa6390, C4<>;
L_0000016d3af87060 .functor MUXZ 6, L_0000016d3af881e0, L_0000016d3af3c3d8, L_0000016d3af87880, C4<>;
L_0000016d3af88960 .functor MUXZ 6, L_0000016d3af87060, L_0000016d3af3c390, L_0000016d3af87420, C4<>;
L_0000016d3af88140 .functor MUXZ 6, L_0000016d3af88960, L_0000016d3af3c348, L_0000016d3afa6a90, C4<>;
L_0000016d3af88000 .functor MUXZ 6, L_0000016d3af88140, L_0000016d3af3c300, L_0000016d3af89040, C4<>;
L_0000016d3af87a60 .part L_0000016d3af877e0, 4, 3;
L_0000016d3af89d60 .functor MUXZ 5, L_0000016d3af3c858, L_0000016d3af88aa0, L_0000016d3afa83f0, C4<>;
S_0000016d3ac51f50 .scope module, "imm_gen" "imm" 5 107, 6 6 0, S_0000016d3a869fc0;
 .timescale -9 -12;
    .port_info 0 /INPUT 32 "i_inst";
    .port_info 1 /INPUT 6 "i_format";
    .port_info 2 /OUTPUT 32 "o_immediate";
v0000016d3aef6680_0 .net *"_ivl_11", 0 0, L_0000016d3af89fe0;  1 drivers
v0000016d3aef6220_0 .net *"_ivl_12", 20 0, L_0000016d3af8b520;  1 drivers
v0000016d3aef6ea0_0 .net *"_ivl_15", 5 0, L_0000016d3af8b3e0;  1 drivers
v0000016d3aef5a00_0 .net *"_ivl_17", 4 0, L_0000016d3af8bf20;  1 drivers
v0000016d3aef6720_0 .net *"_ivl_21", 0 0, L_0000016d3af89cc0;  1 drivers
v0000016d3aef5820_0 .net *"_ivl_22", 19 0, L_0000016d3af8a3a0;  1 drivers
v0000016d3aef5dc0_0 .net *"_ivl_25", 0 0, L_0000016d3af89ea0;  1 drivers
v0000016d3aef51e0_0 .net *"_ivl_27", 5 0, L_0000016d3af8b2a0;  1 drivers
v0000016d3aef65e0_0 .net *"_ivl_29", 3 0, L_0000016d3af8bfc0;  1 drivers
v0000016d3aef4b00_0 .net *"_ivl_3", 0 0, L_0000016d3af8bde0;  1 drivers
L_0000016d3af3c8e8 .functor BUFT 1, C4<0>, C4<0>, C4<0>, C4<0>;
v0000016d3aef6cc0_0 .net/2u *"_ivl_30", 0 0, L_0000016d3af3c8e8;  1 drivers
v0000016d3aef5e60_0 .net *"_ivl_35", 19 0, L_0000016d3af89f40;  1 drivers
L_0000016d3af3c930 .functor BUFT 1, C4<000000000000>, C4<0>, C4<0>, C4<0>;
v0000016d3aef5960_0 .net/2u *"_ivl_36", 11 0, L_0000016d3af3c930;  1 drivers
v0000016d3aef67c0_0 .net *"_ivl_4", 20 0, L_0000016d3af8bac0;  1 drivers
v0000016d3aef49c0_0 .net *"_ivl_41", 0 0, L_0000016d3af8b8e0;  1 drivers
v0000016d3aef5280_0 .net *"_ivl_42", 11 0, L_0000016d3af8a300;  1 drivers
v0000016d3aef6f40_0 .net *"_ivl_45", 7 0, L_0000016d3af8a080;  1 drivers
v0000016d3aef64a0_0 .net *"_ivl_47", 0 0, L_0000016d3af8a120;  1 drivers
v0000016d3aef5320_0 .net *"_ivl_49", 9 0, L_0000016d3af8b5c0;  1 drivers
L_0000016d3af3c978 .functor BUFT 1, C4<0>, C4<0>, C4<0>, C4<0>;
v0000016d3aef5f00_0 .net/2u *"_ivl_50", 0 0, L_0000016d3af3c978;  1 drivers
v0000016d3aef6fe0_0 .net *"_ivl_55", 0 0, L_0000016d3af8a440;  1 drivers
v0000016d3aef6d60_0 .net *"_ivl_57", 0 0, L_0000016d3af8a1c0;  1 drivers
v0000016d3aef6900_0 .net *"_ivl_59", 0 0, L_0000016d3af8a4e0;  1 drivers
v0000016d3aef6860_0 .net *"_ivl_61", 0 0, L_0000016d3af899a0;  1 drivers
v0000016d3aef4880_0 .net *"_ivl_63", 0 0, L_0000016d3af89ae0;  1 drivers
v0000016d3aef5aa0_0 .net *"_ivl_65", 0 0, L_0000016d3af8b660;  1 drivers
L_0000016d3af3c9c0 .functor BUFT 1, C4<00000000000000000000000000000000>, C4<0>, C4<0>, C4<0>;
v0000016d3aef5500_0 .net/2u *"_ivl_66", 31 0, L_0000016d3af3c9c0;  1 drivers
v0000016d3aef69a0_0 .net *"_ivl_68", 31 0, L_0000016d3af8a260;  1 drivers
v0000016d3aef6a40_0 .net *"_ivl_7", 10 0, L_0000016d3af8b0c0;  1 drivers
v0000016d3aef6400_0 .net *"_ivl_70", 31 0, L_0000016d3af89900;  1 drivers
v0000016d3aef6c20_0 .net *"_ivl_72", 31 0, L_0000016d3af8be80;  1 drivers
v0000016d3aef5b40_0 .net *"_ivl_74", 31 0, L_0000016d3af8a800;  1 drivers
v0000016d3aef4920_0 .net *"_ivl_76", 31 0, L_0000016d3af8a580;  1 drivers
v0000016d3aef62c0_0 .net "i_format", 5 0, L_0000016d3af88000;  alias, 1 drivers
v0000016d3aef4ba0_0 .net "i_inst", 31 0, v0000016d3af30ab0_0;  alias, 1 drivers
v0000016d3aef4c40_0 .net "imm_b", 31 0, L_0000016d3af89860;  1 drivers
v0000016d3aef4d80_0 .net "imm_i", 31 0, L_0000016d3af89e00;  1 drivers
v0000016d3aef56e0_0 .net "imm_j", 31 0, L_0000016d3af8a6c0;  1 drivers
L_0000016d3af3c8a0 .functor BUFT 1, C4<xxxxxxxxxxxxxxxxxxxxxxxxxxxxxxxx>, C4<0>, C4<0>, C4<0>;
v0000016d3aef53c0_0 .net "imm_r", 31 0, L_0000016d3af3c8a0;  1 drivers
v0000016d3aef6360_0 .net "imm_s", 31 0, L_0000016d3af8a9e0;  1 drivers
v0000016d3aef4e20_0 .net "imm_u", 31 0, L_0000016d3af8b840;  1 drivers
v0000016d3aef4ce0_0 .net "o_immediate", 31 0, L_0000016d3af89b80;  alias, 1 drivers
L_0000016d3af8bde0 .part v0000016d3af30ab0_0, 31, 1;
LS_0000016d3af8bac0_0_0 .concat [ 1 1 1 1], L_0000016d3af8bde0, L_0000016d3af8bde0, L_0000016d3af8bde0, L_0000016d3af8bde0;
LS_0000016d3af8bac0_0_4 .concat [ 1 1 1 1], L_0000016d3af8bde0, L_0000016d3af8bde0, L_0000016d3af8bde0, L_0000016d3af8bde0;
LS_0000016d3af8bac0_0_8 .concat [ 1 1 1 1], L_0000016d3af8bde0, L_0000016d3af8bde0, L_0000016d3af8bde0, L_0000016d3af8bde0;
LS_0000016d3af8bac0_0_12 .concat [ 1 1 1 1], L_0000016d3af8bde0, L_0000016d3af8bde0, L_0000016d3af8bde0, L_0000016d3af8bde0;
LS_0000016d3af8bac0_0_16 .concat [ 1 1 1 1], L_0000016d3af8bde0, L_0000016d3af8bde0, L_0000016d3af8bde0, L_0000016d3af8bde0;
LS_0000016d3af8bac0_0_20 .concat [ 1 0 0 0], L_0000016d3af8bde0;
LS_0000016d3af8bac0_1_0 .concat [ 4 4 4 4], LS_0000016d3af8bac0_0_0, LS_0000016d3af8bac0_0_4, LS_0000016d3af8bac0_0_8, LS_0000016d3af8bac0_0_12;
LS_0000016d3af8bac0_1_4 .concat [ 4 1 0 0], LS_0000016d3af8bac0_0_16, LS_0000016d3af8bac0_0_20;
L_0000016d3af8bac0 .concat [ 16 5 0 0], LS_0000016d3af8bac0_1_0, LS_0000016d3af8bac0_1_4;
L_0000016d3af8b0c0 .part v0000016d3af30ab0_0, 20, 11;
L_0000016d3af89e00 .concat [ 11 21 0 0], L_0000016d3af8b0c0, L_0000016d3af8bac0;
L_0000016d3af89fe0 .part v0000016d3af30ab0_0, 31, 1;
LS_0000016d3af8b520_0_0 .concat [ 1 1 1 1], L_0000016d3af89fe0, L_0000016d3af89fe0, L_0000016d3af89fe0, L_0000016d3af89fe0;
LS_0000016d3af8b520_0_4 .concat [ 1 1 1 1], L_0000016d3af89fe0, L_0000016d3af89fe0, L_0000016d3af89fe0, L_0000016d3af89fe0;
LS_0000016d3af8b520_0_8 .concat [ 1 1 1 1], L_0000016d3af89fe0, L_0000016d3af89fe0, L_0000016d3af89fe0, L_0000016d3af89fe0;
LS_0000016d3af8b520_0_12 .concat [ 1 1 1 1], L_0000016d3af89fe0, L_0000016d3af89fe0, L_0000016d3af89fe0, L_0000016d3af89fe0;
LS_0000016d3af8b520_0_16 .concat [ 1 1 1 1], L_0000016d3af89fe0, L_0000016d3af89fe0, L_0000016d3af89fe0, L_0000016d3af89fe0;
LS_0000016d3af8b520_0_20 .concat [ 1 0 0 0], L_0000016d3af89fe0;
LS_0000016d3af8b520_1_0 .concat [ 4 4 4 4], LS_0000016d3af8b520_0_0, LS_0000016d3af8b520_0_4, LS_0000016d3af8b520_0_8, LS_0000016d3af8b520_0_12;
LS_0000016d3af8b520_1_4 .concat [ 4 1 0 0], LS_0000016d3af8b520_0_16, LS_0000016d3af8b520_0_20;
L_0000016d3af8b520 .concat [ 16 5 0 0], LS_0000016d3af8b520_1_0, LS_0000016d3af8b520_1_4;
L_0000016d3af8b3e0 .part v0000016d3af30ab0_0, 25, 6;
L_0000016d3af8bf20 .part v0000016d3af30ab0_0, 7, 5;
L_0000016d3af8a9e0 .concat [ 5 6 21 0], L_0000016d3af8bf20, L_0000016d3af8b3e0, L_0000016d3af8b520;
L_0000016d3af89cc0 .part v0000016d3af30ab0_0, 31, 1;
LS_0000016d3af8a3a0_0_0 .concat [ 1 1 1 1], L_0000016d3af89cc0, L_0000016d3af89cc0, L_0000016d3af89cc0, L_0000016d3af89cc0;
LS_0000016d3af8a3a0_0_4 .concat [ 1 1 1 1], L_0000016d3af89cc0, L_0000016d3af89cc0, L_0000016d3af89cc0, L_0000016d3af89cc0;
LS_0000016d3af8a3a0_0_8 .concat [ 1 1 1 1], L_0000016d3af89cc0, L_0000016d3af89cc0, L_0000016d3af89cc0, L_0000016d3af89cc0;
LS_0000016d3af8a3a0_0_12 .concat [ 1 1 1 1], L_0000016d3af89cc0, L_0000016d3af89cc0, L_0000016d3af89cc0, L_0000016d3af89cc0;
LS_0000016d3af8a3a0_0_16 .concat [ 1 1 1 1], L_0000016d3af89cc0, L_0000016d3af89cc0, L_0000016d3af89cc0, L_0000016d3af89cc0;
LS_0000016d3af8a3a0_1_0 .concat [ 4 4 4 4], LS_0000016d3af8a3a0_0_0, LS_0000016d3af8a3a0_0_4, LS_0000016d3af8a3a0_0_8, LS_0000016d3af8a3a0_0_12;
LS_0000016d3af8a3a0_1_4 .concat [ 4 0 0 0], LS_0000016d3af8a3a0_0_16;
L_0000016d3af8a3a0 .concat [ 16 4 0 0], LS_0000016d3af8a3a0_1_0, LS_0000016d3af8a3a0_1_4;
L_0000016d3af89ea0 .part v0000016d3af30ab0_0, 7, 1;
L_0000016d3af8b2a0 .part v0000016d3af30ab0_0, 25, 6;
L_0000016d3af8bfc0 .part v0000016d3af30ab0_0, 8, 4;
LS_0000016d3af89860_0_0 .concat [ 1 4 6 1], L_0000016d3af3c8e8, L_0000016d3af8bfc0, L_0000016d3af8b2a0, L_0000016d3af89ea0;
LS_0000016d3af89860_0_4 .concat [ 20 0 0 0], L_0000016d3af8a3a0;
L_0000016d3af89860 .concat [ 12 20 0 0], LS_0000016d3af89860_0_0, LS_0000016d3af89860_0_4;
L_0000016d3af89f40 .part v0000016d3af30ab0_0, 12, 20;
L_0000016d3af8b840 .concat [ 12 20 0 0], L_0000016d3af3c930, L_0000016d3af89f40;
L_0000016d3af8b8e0 .part v0000016d3af30ab0_0, 31, 1;
LS_0000016d3af8a300_0_0 .concat [ 1 1 1 1], L_0000016d3af8b8e0, L_0000016d3af8b8e0, L_0000016d3af8b8e0, L_0000016d3af8b8e0;
LS_0000016d3af8a300_0_4 .concat [ 1 1 1 1], L_0000016d3af8b8e0, L_0000016d3af8b8e0, L_0000016d3af8b8e0, L_0000016d3af8b8e0;
LS_0000016d3af8a300_0_8 .concat [ 1 1 1 1], L_0000016d3af8b8e0, L_0000016d3af8b8e0, L_0000016d3af8b8e0, L_0000016d3af8b8e0;
L_0000016d3af8a300 .concat [ 4 4 4 0], LS_0000016d3af8a300_0_0, LS_0000016d3af8a300_0_4, LS_0000016d3af8a300_0_8;
L_0000016d3af8a080 .part v0000016d3af30ab0_0, 12, 8;
L_0000016d3af8a120 .part v0000016d3af30ab0_0, 20, 1;
L_0000016d3af8b5c0 .part v0000016d3af30ab0_0, 21, 10;
LS_0000016d3af8a6c0_0_0 .concat [ 1 10 1 8], L_0000016d3af3c978, L_0000016d3af8b5c0, L_0000016d3af8a120, L_0000016d3af8a080;
LS_0000016d3af8a6c0_0_4 .concat [ 12 0 0 0], L_0000016d3af8a300;
L_0000016d3af8a6c0 .concat [ 20 12 0 0], LS_0000016d3af8a6c0_0_0, LS_0000016d3af8a6c0_0_4;
L_0000016d3af8a440 .part L_0000016d3af88000, 0, 1;
L_0000016d3af8a1c0 .part L_0000016d3af88000, 1, 1;
L_0000016d3af8a4e0 .part L_0000016d3af88000, 2, 1;
L_0000016d3af899a0 .part L_0000016d3af88000, 3, 1;
L_0000016d3af89ae0 .part L_0000016d3af88000, 4, 1;
L_0000016d3af8b660 .part L_0000016d3af88000, 5, 1;
L_0000016d3af8a260 .functor MUXZ 32, L_0000016d3af3c9c0, L_0000016d3af8a6c0, L_0000016d3af8b660, C4<>;
L_0000016d3af89900 .functor MUXZ 32, L_0000016d3af8a260, L_0000016d3af8b840, L_0000016d3af89ae0, C4<>;
L_0000016d3af8be80 .functor MUXZ 32, L_0000016d3af89900, L_0000016d3af89860, L_0000016d3af899a0, C4<>;
L_0000016d3af8a800 .functor MUXZ 32, L_0000016d3af8be80, L_0000016d3af8a9e0, L_0000016d3af8a4e0, C4<>;
L_0000016d3af8a580 .functor MUXZ 32, L_0000016d3af8a800, L_0000016d3af89e00, L_0000016d3af8a1c0, C4<>;
L_0000016d3af89b80 .functor MUXZ 32, L_0000016d3af8a580, L_0000016d3af3c8a0, L_0000016d3af8a440, C4<>;
S_0000016d3ac55860 .scope module, "rf_rw" "rf" 5 88, 7 8 0, S_0000016d3a869fc0;
 .timescale -9 -12;
    .port_info 0 /INPUT 1 "i_clk";
    .port_info 1 /INPUT 1 "i_rst";
    .port_info 2 /INPUT 5 "i_rs1_raddr";
    .port_info 3 /OUTPUT 32 "o_rs1_rdata";
    .port_info 4 /INPUT 5 "i_rs2_raddr";
    .port_info 5 /OUTPUT 32 "o_rs2_rdata";
    .port_info 6 /INPUT 1 "i_rd_wen";
    .port_info 7 /INPUT 5 "i_rd_waddr";
    .port_info 8 /INPUT 32 "i_rd_wdata";
P_0000016d3ae4dfc0 .param/l "BYPASS_EN" 0 7 17, +C4<00000000000000000000000000000001>;
L_0000016d3af3c4f8 .functor BUFT 1, C4<1>, C4<0>, C4<0>, C4<0>;
L_0000016d3afa7eb0 .functor AND 1, L_0000016d3af3c4f8, L_0000016d3afb0f40, C4<1>, C4<1>;
L_0000016d3afa6320 .functor AND 1, L_0000016d3afa7eb0, L_0000016d3af87b00, C4<1>, C4<1>;
L_0000016d3afa6ef0 .functor AND 1, L_0000016d3afa6320, L_0000016d3af88be0, C4<1>, C4<1>;
L_0000016d3af3c588 .functor BUFT 1, C4<1>, C4<0>, C4<0>, C4<0>;
L_0000016d3afa72e0 .functor AND 1, L_0000016d3af3c588, L_0000016d3afb0f40, C4<1>, C4<1>;
L_0000016d3afa7c80 .functor AND 1, L_0000016d3afa72e0, L_0000016d3af885a0, C4<1>, C4<1>;
L_0000016d3afa7510 .functor AND 1, L_0000016d3afa7c80, L_0000016d3af88280, C4<1>, C4<1>;
v0000016d3aef5460_0 .net/2u *"_ivl_0", 0 0, L_0000016d3af3c4f8;  1 drivers
v0000016d3aef4ec0_0 .net *"_ivl_10", 0 0, L_0000016d3af88be0;  1 drivers
v0000016d3aef4f60_0 .net/2u *"_ivl_14", 0 0, L_0000016d3af3c588;  1 drivers
v0000016d3aef5fa0_0 .net *"_ivl_17", 0 0, L_0000016d3afa72e0;  1 drivers
L_0000016d3af3c5d0 .functor BUFT 1, C4<00000>, C4<0>, C4<0>, C4<0>;
v0000016d3aef5000_0 .net/2u *"_ivl_18", 4 0, L_0000016d3af3c5d0;  1 drivers
v0000016d3aef50a0_0 .net *"_ivl_20", 0 0, L_0000016d3af885a0;  1 drivers
v0000016d3aef55a0_0 .net *"_ivl_23", 0 0, L_0000016d3afa7c80;  1 drivers
v0000016d3aef5780_0 .net *"_ivl_24", 0 0, L_0000016d3af88280;  1 drivers
L_0000016d3af3c618 .functor BUFT 1, C4<00000000000000000000000000000000>, C4<0>, C4<0>, C4<0>;
v0000016d3aef6040_0 .net/2u *"_ivl_28", 31 0, L_0000016d3af3c618;  1 drivers
v0000016d3aef58c0_0 .net *"_ivl_3", 0 0, L_0000016d3afa7eb0;  1 drivers
L_0000016d3af3c660 .functor BUFT 1, C4<00000>, C4<0>, C4<0>, C4<0>;
v0000016d3aef5be0_0 .net/2u *"_ivl_30", 4 0, L_0000016d3af3c660;  1 drivers
v0000016d3aef6180_0 .net *"_ivl_32", 0 0, L_0000016d3af88c80;  1 drivers
L_0000016d3af3c6a8 .functor BUFT 1, C4<00000000000000000000000000000000>, C4<0>, C4<0>, C4<0>;
v0000016d3aef8de0_0 .net/2u *"_ivl_34", 31 0, L_0000016d3af3c6a8;  1 drivers
v0000016d3aef8a20_0 .net *"_ivl_36", 31 0, L_0000016d3af88320;  1 drivers
v0000016d3aef8340_0 .net *"_ivl_38", 6 0, L_0000016d3af88640;  1 drivers
L_0000016d3af3c540 .functor BUFT 1, C4<00000>, C4<0>, C4<0>, C4<0>;
v0000016d3aef8520_0 .net/2u *"_ivl_4", 4 0, L_0000016d3af3c540;  1 drivers
L_0000016d3af3c6f0 .functor BUFT 1, C4<00>, C4<0>, C4<0>, C4<0>;
v0000016d3aef83e0_0 .net *"_ivl_41", 1 0, L_0000016d3af3c6f0;  1 drivers
v0000016d3aef85c0_0 .net *"_ivl_42", 31 0, L_0000016d3af886e0;  1 drivers
v0000016d3aef8480_0 .net *"_ivl_44", 31 0, L_0000016d3af88780;  1 drivers
L_0000016d3af3c738 .functor BUFT 1, C4<00000000000000000000000000000000>, C4<0>, C4<0>, C4<0>;
v0000016d3aef8f20_0 .net/2u *"_ivl_48", 31 0, L_0000016d3af3c738;  1 drivers
L_0000016d3af3c780 .functor BUFT 1, C4<00000>, C4<0>, C4<0>, C4<0>;
v0000016d3aef8840_0 .net/2u *"_ivl_50", 4 0, L_0000016d3af3c780;  1 drivers
v0000016d3aef82a0_0 .net *"_ivl_52", 0 0, L_0000016d3af89220;  1 drivers
L_0000016d3af3c7c8 .functor BUFT 1, C4<00000000000000000000000000000000>, C4<0>, C4<0>, C4<0>;
v0000016d3aef96a0_0 .net/2u *"_ivl_54", 31 0, L_0000016d3af3c7c8;  1 drivers
v0000016d3aef8d40_0 .net *"_ivl_56", 31 0, L_0000016d3af89720;  1 drivers
v0000016d3aef7300_0 .net *"_ivl_58", 6 0, L_0000016d3af892c0;  1 drivers
v0000016d3aef7760_0 .net *"_ivl_6", 0 0, L_0000016d3af87b00;  1 drivers
L_0000016d3af3c810 .functor BUFT 1, C4<00>, C4<0>, C4<0>, C4<0>;
v0000016d3aef9060_0 .net *"_ivl_61", 1 0, L_0000016d3af3c810;  1 drivers
v0000016d3aef7800_0 .net *"_ivl_62", 31 0, L_0000016d3af894a0;  1 drivers
v0000016d3aef74e0_0 .net *"_ivl_64", 31 0, L_0000016d3af897c0;  1 drivers
v0000016d3aef78a0_0 .net *"_ivl_9", 0 0, L_0000016d3afa6320;  1 drivers
v0000016d3aef7bc0_0 .net "i_clk", 0 0, v0000016d3af27ff0_0;  alias, 1 drivers
v0000016d3aef73a0_0 .net "i_rd_waddr", 4 0, v0000016d3af34570_0;  alias, 1 drivers
v0000016d3aef7940_0 .net "i_rd_wdata", 31 0, L_0000016d3af8ef40;  alias, 1 drivers
v0000016d3aef79e0_0 .net "i_rd_wen", 0 0, L_0000016d3afb0f40;  alias, 1 drivers
v0000016d3aef7a80_0 .net "i_rs1_raddr", 4 0, L_0000016d3af895e0;  alias, 1 drivers
v0000016d3aef7580_0 .net "i_rs2_raddr", 4 0, L_0000016d3af88f00;  alias, 1 drivers
v0000016d3aef7b20_0 .net "i_rst", 0 0, v0000016d3af29210_0;  alias, 1 drivers
v0000016d3aef7c60_0 .net "o_rs1_rdata", 31 0, L_0000016d3af89180;  alias, 1 drivers
v0000016d3aef9740_0 .net "o_rs2_rdata", 31 0, L_0000016d3af8b480;  alias, 1 drivers
v0000016d3aef91a0 .array "regs", 31 0, 31 0;
v0000016d3aef8160_0 .net "rs1_bypass_hit", 0 0, L_0000016d3afa6ef0;  1 drivers
v0000016d3aef7f80_0 .net "rs2_bypass_hit", 0 0, L_0000016d3afa7510;  1 drivers
L_0000016d3af87b00 .cmp/ne 5, v0000016d3af34570_0, L_0000016d3af3c540;
L_0000016d3af88be0 .cmp/eq 5, L_0000016d3af895e0, v0000016d3af34570_0;
L_0000016d3af885a0 .cmp/ne 5, v0000016d3af34570_0, L_0000016d3af3c5d0;
L_0000016d3af88280 .cmp/eq 5, L_0000016d3af88f00, v0000016d3af34570_0;
L_0000016d3af88c80 .cmp/eq 5, L_0000016d3af895e0, L_0000016d3af3c660;
L_0000016d3af88320 .array/port v0000016d3aef91a0, L_0000016d3af88640;
L_0000016d3af88640 .concat [ 5 2 0 0], L_0000016d3af895e0, L_0000016d3af3c6f0;
L_0000016d3af886e0 .functor MUXZ 32, L_0000016d3af88320, L_0000016d3af8ef40, L_0000016d3afa6ef0, C4<>;
L_0000016d3af88780 .functor MUXZ 32, L_0000016d3af886e0, L_0000016d3af3c6a8, L_0000016d3af88c80, C4<>;
L_0000016d3af89180 .functor MUXZ 32, L_0000016d3af88780, L_0000016d3af3c618, v0000016d3af29210_0, C4<>;
L_0000016d3af89220 .cmp/eq 5, L_0000016d3af88f00, L_0000016d3af3c780;
L_0000016d3af89720 .array/port v0000016d3aef91a0, L_0000016d3af892c0;
L_0000016d3af892c0 .concat [ 5 2 0 0], L_0000016d3af88f00, L_0000016d3af3c810;
L_0000016d3af894a0 .functor MUXZ 32, L_0000016d3af89720, L_0000016d3af8ef40, L_0000016d3afa7510, C4<>;
L_0000016d3af897c0 .functor MUXZ 32, L_0000016d3af894a0, L_0000016d3af3c7c8, L_0000016d3af89220, C4<>;
L_0000016d3af8b480 .functor MUXZ 32, L_0000016d3af897c0, L_0000016d3af3c738, v0000016d3af29210_0, C4<>;
S_0000016d3ac39b00 .scope module, "u_execute" "execute" 3 675, 8 1 0, S_0000016d3aca99e0;
 .timescale -9 -12;
    .port_info 0 /INPUT 3 "AluOp";
    .port_info 1 /INPUT 3 "Func3";
    .port_info 2 /INPUT 7 "Func7";
    .port_info 3 /INPUT 7 "opcode";
    .port_info 4 /INPUT 32 "Operand1";
    .port_info 5 /INPUT 32 "Operand2";
    .port_info 6 /OUTPUT 32 "AluResult";
    .port_info 7 /OUTPUT 1 "ALUeq";
    .port_info 8 /OUTPUT 1 "ALUslt";
v0000016d3aefd5b0_0 .net "ALUeq", 0 0, L_0000016d3af8e180;  alias, 1 drivers
v0000016d3aefdbf0_0 .net "ALUslt", 0 0, L_0000016d3afaf420;  alias, 1 drivers
v0000016d3aefe910_0 .net "AluControl_arith", 0 0, v0000016d3aefd470_0;  1 drivers
v0000016d3aefde70_0 .net "AluControl_opsel", 2 0, v0000016d3aefe870_0;  1 drivers
v0000016d3aefea50_0 .net "AluControl_sub", 0 0, v0000016d3aefca70_0;  1 drivers
v0000016d3aefe370_0 .net "AluControl_unsigned", 0 0, v0000016d3aefd290_0;  1 drivers
v0000016d3aefda10_0 .net "AluOp", 2 0, v0000016d3af2db30_0;  1 drivers
v0000016d3aefd650_0 .net "AluResult", 31 0, v0000016d3aefdf10_0;  alias, 1 drivers
v0000016d3aefe730_0 .net "Func3", 2 0, v0000016d3af2f570_0;  1 drivers
v0000016d3aefd150_0 .net "Func7", 6 0, v0000016d3af2ecb0_0;  1 drivers
v0000016d3aefe410_0 .net "Operand1", 31 0, L_0000016d3af8cc40;  alias, 1 drivers
v0000016d3aefd8d0_0 .net "Operand2", 31 0, L_0000016d3af8df00;  alias, 1 drivers
v0000016d3aefdab0_0 .net "opcode", 6 0, v0000016d3af2f110_0;  1 drivers
S_0000016d3ac9cf30 .scope module, "u_alu" "alu" 8 42, 9 8 0, S_0000016d3ac39b00;
 .timescale -9 -12;
    .port_info 0 /INPUT 3 "i_opsel";
    .port_info 1 /INPUT 1 "i_sub";
    .port_info 2 /INPUT 1 "i_unsigned";
    .port_info 3 /INPUT 1 "i_arith";
    .port_info 4 /INPUT 32 "i_op1";
    .port_info 5 /INPUT 32 "i_op2";
    .port_info 6 /OUTPUT 32 "o_result";
    .port_info 7 /OUTPUT 1 "o_eq";
    .port_info 8 /OUTPUT 1 "o_slt";
L_0000016d3afa5c90 .functor NOT 1, L_0000016d3af8c100, C4<0>, C4<0>, C4<0>;
L_0000016d3afa5d70 .functor AND 1, L_0000016d3af8e720, L_0000016d3afa5c90, C4<1>, C4<1>;
L_0000016d3afa5de0 .functor XOR 1, L_0000016d3af8e7c0, L_0000016d3af8e0e0, C4<0>, C4<0>;
L_0000016d3afa5f30 .functor NOT 1, L_0000016d3afa5de0, C4<0>, C4<0>, C4<0>;
L_0000016d3afa6010 .functor AND 1, L_0000016d3afa5f30, L_0000016d3af8c560, C4<1>, C4<1>;
L_0000016d3afa6080 .functor OR 1, L_0000016d3afa5d70, L_0000016d3afa6010, C4<0>, C4<0>;
L_0000016d3afa76d0 .functor AND 1, v0000016d3aefd290_0, L_0000016d3af8c560, C4<1>, C4<1>;
L_0000016d3afafce0 .functor NOT 1, v0000016d3aefd290_0, C4<0>, C4<0>, C4<0>;
L_0000016d3afaee00 .functor AND 1, L_0000016d3afafce0, L_0000016d3afa6080, C4<1>, C4<1>;
L_0000016d3afaf420 .functor OR 1, L_0000016d3afa76d0, L_0000016d3afaee00, C4<0>, C4<0>;
v0000016d3aefa770_0 .net *"_ivl_10", 0 0, L_0000016d3afa5d70;  1 drivers
v0000016d3aefb670_0 .net *"_ivl_13", 0 0, L_0000016d3af8e7c0;  1 drivers
v0000016d3aefb710_0 .net *"_ivl_15", 0 0, L_0000016d3af8e0e0;  1 drivers
v0000016d3aefa310_0 .net *"_ivl_16", 0 0, L_0000016d3afa5de0;  1 drivers
v0000016d3aefbdf0_0 .net *"_ivl_18", 0 0, L_0000016d3afa5f30;  1 drivers
v0000016d3aefa810_0 .net *"_ivl_20", 0 0, L_0000016d3afa6010;  1 drivers
v0000016d3aefc7f0_0 .net *"_ivl_26", 0 0, L_0000016d3afa76d0;  1 drivers
v0000016d3aefbe90_0 .net *"_ivl_28", 0 0, L_0000016d3afafce0;  1 drivers
v0000016d3aefa3b0_0 .net *"_ivl_30", 0 0, L_0000016d3afaee00;  1 drivers
v0000016d3aefab30_0 .net *"_ivl_5", 0 0, L_0000016d3af8e720;  1 drivers
v0000016d3aefb850_0 .net *"_ivl_7", 0 0, L_0000016d3af8c100;  1 drivers
v0000016d3aefbad0_0 .net *"_ivl_8", 0 0, L_0000016d3afa5c90;  1 drivers
v0000016d3aefa450_0 .net "i_arith", 0 0, v0000016d3aefd470_0;  alias, 1 drivers
v0000016d3aefb350_0 .net "i_op1", 31 0, L_0000016d3af8cc40;  alias, 1 drivers
v0000016d3aefa090_0 .net "i_op2", 31 0, L_0000016d3af8df00;  alias, 1 drivers
v0000016d3aefbcb0_0 .net "i_opsel", 2 0, v0000016d3aefe870_0;  alias, 1 drivers
v0000016d3aefbfd0_0 .net "i_sub", 0 0, v0000016d3aefca70_0;  alias, 1 drivers
v0000016d3aefa130_0 .net "i_unsigned", 0 0, v0000016d3aefd290_0;  alias, 1 drivers
v0000016d3aefc570_0 .net "lt_signed", 0 0, L_0000016d3afa6080;  1 drivers
v0000016d3aefd0b0_0 .net "lt_unsigned", 0 0, L_0000016d3af8c560;  1 drivers
v0000016d3aefd3d0_0 .net "o_eq", 0 0, L_0000016d3af8e180;  alias, 1 drivers
v0000016d3aefc9d0_0 .net "o_result", 31 0, v0000016d3aefdf10_0;  alias, 1 drivers
v0000016d3aefee10_0 .net "o_slt", 0 0, L_0000016d3afaf420;  alias, 1 drivers
v0000016d3aefdf10_0 .var "result", 31 0;
v0000016d3aefd010_0 .net "shamt", 4 0, L_0000016d3af8d3c0;  1 drivers
v0000016d3aefe230_0 .var "sll_result", 31 0;
v0000016d3aefc930_0 .var "sra_result", 31 0;
v0000016d3aefe2d0_0 .var "srl_result", 31 0;
E_0000016d3ae4e000/0 .event anyedge, v0000016d3aefbcb0_0, v0000016d3aefbfd0_0, v0000016d3aefb350_0, v0000016d3aefa090_0;
E_0000016d3ae4e000/1 .event anyedge, v0000016d3aefe230_0, v0000016d3aefee10_0, v0000016d3aefa450_0, v0000016d3aefe2d0_0;
E_0000016d3ae4e000/2 .event anyedge, v0000016d3aefc930_0;
E_0000016d3ae4e000 .event/or E_0000016d3ae4e000/0, E_0000016d3ae4e000/1, E_0000016d3ae4e000/2;
E_0000016d3ae4d7c0 .event anyedge, v0000016d3aefd010_0, v0000016d3aefb350_0;
L_0000016d3af8d3c0 .part L_0000016d3af8df00, 0, 5;
L_0000016d3af8c560 .cmp/gt 32, L_0000016d3af8df00, L_0000016d3af8cc40;
L_0000016d3af8e720 .part L_0000016d3af8cc40, 31, 1;
L_0000016d3af8c100 .part L_0000016d3af8df00, 31, 1;
L_0000016d3af8e7c0 .part L_0000016d3af8cc40, 31, 1;
L_0000016d3af8e0e0 .part L_0000016d3af8df00, 31, 1;
L_0000016d3af8e180 .cmp/eq 32, L_0000016d3af8cc40, L_0000016d3af8df00;
S_0000016d3ac9d0c0 .scope module, "u_alu_control_unit" "alu_control_unit" 8 28, 10 1 0, S_0000016d3ac39b00;
 .timescale -9 -12;
    .port_info 0 /INPUT 3 "AluOp";
    .port_info 1 /INPUT 3 "Func3";
    .port_info 2 /INPUT 7 "Func7";
    .port_info 3 /INPUT 7 "opcode";
    .port_info 4 /OUTPUT 3 "AluControl_opsel";
    .port_info 5 /OUTPUT 1 "AluControl_sub";
    .port_info 6 /OUTPUT 1 "AluControl_unsigned";
    .port_info 7 /OUTPUT 1 "AluControl_arith";
v0000016d3aefd470_0 .var "AluControl_arith", 0 0;
v0000016d3aefe870_0 .var "AluControl_opsel", 2 0;
v0000016d3aefca70_0 .var "AluControl_sub", 0 0;
v0000016d3aefd290_0 .var "AluControl_unsigned", 0 0;
v0000016d3aefd510_0 .net "AluOp", 2 0, v0000016d3af2db30_0;  alias, 1 drivers
v0000016d3aefcb10_0 .net "Func3", 2 0, v0000016d3af2f570_0;  alias, 1 drivers
v0000016d3aefdfb0_0 .net "Func7", 6 0, v0000016d3af2ecb0_0;  alias, 1 drivers
v0000016d3aefd330_0 .net "opcode", 6 0, v0000016d3af2f110_0;  alias, 1 drivers
E_0000016d3ae4dcc0 .event anyedge, v0000016d3aefd510_0, v0000016d3aefd330_0, v0000016d3aefcb10_0, v0000016d3aefdfb0_0;
S_0000016d3a7b64a0 .scope module, "u_icache" "cache" 3 468, 4 3 0, S_0000016d3aca99e0;
 .timescale -9 -12;
    .port_info 0 /INPUT 1 "i_clk";
    .port_info 1 /INPUT 1 "i_rst";
    .port_info 2 /INPUT 1 "i_mem_ready";
    .port_info 3 /OUTPUT 32 "o_mem_addr";
    .port_info 4 /OUTPUT 1 "o_mem_ren";
    .port_info 5 /OUTPUT 1 "o_mem_wen";
    .port_info 6 /OUTPUT 32 "o_mem_wdata";
    .port_info 7 /INPUT 32 "i_mem_rdata";
    .port_info 8 /INPUT 1 "i_mem_valid";
    .port_info 9 /OUTPUT 1 "o_busy";
    .port_info 10 /INPUT 32 "i_req_addr";
    .port_info 11 /INPUT 1 "i_req_ren";
    .port_info 12 /INPUT 1 "i_req_wen";
    .port_info 13 /INPUT 4 "i_req_mask";
    .port_info 14 /INPUT 32 "i_req_wdata";
    .port_info 15 /OUTPUT 32 "o_res_rdata";
P_0000016d3a7b6630 .param/l "D" 1 4 25, +C4<00000000000000000000000000000100>;
P_0000016d3a7b6668 .param/l "DEPTH" 1 4 23, +C4<00000000000000000000000000100000>;
P_0000016d3a7b66a0 .param/l "O" 1 4 21, +C4<00000000000000000000000000000100>;
P_0000016d3a7b66d8 .param/l "S" 1 4 22, +C4<00000000000000000000000000000101>;
P_0000016d3a7b6710 .param/l "STATE_IDLE" 1 4 27, C4<00>;
P_0000016d3a7b6748 .param/l "STATE_REFILL_REQ" 1 4 28, C4<01>;
P_0000016d3a7b6780 .param/l "STATE_REFILL_WAIT" 1 4 29, C4<10>;
P_0000016d3a7b67b8 .param/l "STATE_WRITE_REQ" 1 4 30, C4<11>;
P_0000016d3a7b67f0 .param/l "T" 1 4 24, +C4<0000000000000000000000000000010111>;
P_0000016d3a7b6828 .param/l "WB_COUNT_W" 1 4 34, +C4<00000000000000000000000000000100>;
P_0000016d3a7b6860 .param/l "WB_DEPTH" 1 4 32, +C4<00000000000000000000000000001000>;
P_0000016d3a7b6898 .param/l "WB_PTR_W" 1 4 33, +C4<00000000000000000000000000000011>;
L_0000016d3adf84b0 .functor AND 1, L_0000016d3af29850, L_0000016d3af28810, C4<1>, C4<1>;
L_0000016d3adf7720 .functor AND 1, L_0000016d3af28630, L_0000016d3af83460, C4<1>, C4<1>;
L_0000016d3adf7950 .functor OR 1, L_0000016d3adf84b0, L_0000016d3adf7720, C4<0>, C4<0>;
L_0000016d3adf7aa0 .functor BUFZ 32, L_0000016d3af829c0, C4<00000000000000000000000000000000>, C4<00000000000000000000000000000000>, C4<00000000000000000000000000000000>;
L_0000016d3adf9550 .functor BUFZ 32, L_0000016d3af84040, C4<00000000000000000000000000000000>, C4<00000000000000000000000000000000>, C4<00000000000000000000000000000000>;
L_0000016d3adf9470 .functor NOT 1, L_0000016d3adf7950, C4<0>, C4<0>, C4<0>;
L_0000016d3adf9160 .functor AND 1, L_0000016d3afa7430, L_0000016d3adf9470, C4<1>, C4<1>;
L_0000016d3adf95c0 .functor NOT 1, L_0000016d3adf7950, C4<0>, C4<0>, C4<0>;
L_0000016d3af3af50 .functor BUFT 1, C4<0>, C4<0>, C4<0>, C4<0>;
L_0000016d3adf96a0 .functor AND 1, L_0000016d3af3af50, L_0000016d3adf95c0, C4<1>, C4<1>;
L_0000016d3adf9780 .functor NOT 1, L_0000016d3af29850, C4<0>, C4<0>, C4<0>;
L_0000016d3adf9630 .functor NOT 1, L_0000016d3af28630, C4<0>, C4<0>, C4<0>;
L_0000016d3adf91d0 .functor BUFZ 1, L_0000016d3adf7720, C4<0>, C4<0>, C4<0>;
L_0000016d3adf5f10 .functor OR 32, L_0000016d3af84540, L_0000016d3af83a00, C4<00000000000000000000000000000000>, C4<00000000000000000000000000000000>;
L_0000016d3af3a698 .functor BUFT 1, C4<0>, C4<0>, C4<0>, C4<0>;
L_0000016d3adf5960 .functor XNOR 1, v0000016d3af15d00_0, L_0000016d3af3a698, C4<0>, C4<0>;
L_0000016d3adf6ed0 .functor OR 1, L_0000016d3adf9160, L_0000016d3adf96a0, C4<0>, C4<0>;
L_0000016d3adf6140 .functor AND 1, L_0000016d3af831e0, L_0000016d3adf6ed0, C4<1>, C4<1>;
L_0000016d3adf59d0 .functor AND 1, L_0000016d3af83280, L_0000016d3af82a60, C4<1>, C4<1>;
L_0000016d3adf6c30 .functor AND 1, L_0000016d3adf59d0, L_0000016d3af836e0, C4<1>, C4<1>;
L_0000016d3adf6530 .functor AND 1, L_0000016d3adf6c30, L_0000016d3afaa020, C4<1>, C4<1>;
L_0000016d3adf5a40 .functor NOT 1, L_0000016d3adf6140, C4<0>, C4<0>, C4<0>;
L_0000016d3adf6ca0 .functor AND 1, L_0000016d3adf6530, L_0000016d3adf5a40, C4<1>, C4<1>;
L_0000016d3adf5ab0 .functor OR 1, L_0000016d3af827e0, L_0000016d3adf6ca0, C4<0>, C4<0>;
L_0000016d3adf6a70 .functor AND 1, L_0000016d3af84220, L_0000016d3af3af50, C4<1>, C4<1>;
L_0000016d3adf65a0 .functor AND 1, L_0000016d3adf6a70, L_0000016d3adf7950, C4<1>, C4<1>;
L_0000016d3adf6df0 .functor AND 1, L_0000016d3adf65a0, L_0000016d3adf5ab0, C4<1>, C4<1>;
L_0000016d3adf67d0 .functor AND 1, L_0000016d3af83780, L_0000016d3af3af50, C4<1>, C4<1>;
L_0000016d3adf6a00 .functor AND 1, L_0000016d3adf67d0, L_0000016d3adf7950, C4<1>, C4<1>;
L_0000016d3adf74f0 .functor NOT 1, L_0000016d3adf5ab0, C4<0>, C4<0>, C4<0>;
L_0000016d3adf72c0 .functor AND 1, L_0000016d3adf6a00, L_0000016d3adf74f0, C4<1>, C4<1>;
L_0000016d3adf6610 .functor AND 1, L_0000016d3af842c0, L_0000016d3adf5ab0, C4<1>, C4<1>;
L_0000016d3adf6370 .functor OR 1, L_0000016d3adf6df0, L_0000016d3adf6610, C4<0>, C4<0>;
L_0000016d3adf6bc0 .functor AND 1, L_0000016d3af82e20, L_0000016d3afaa020, C4<1>, C4<1>;
L_0000016d3adf63e0 .functor BUFZ 1, L_0000016d3adf6ca0, C4<0>, C4<0>, C4<0>;
L_0000016d3adf60d0 .functor OR 1, L_0000016d3adf9160, L_0000016d3adf96a0, C4<0>, C4<0>;
L_0000016d3adf7330 .functor OR 1, L_0000016d3adf60d0, L_0000016d3adf72c0, C4<0>, C4<0>;
L_0000016d3adf6680 .functor AND 1, L_0000016d3af851c0, L_0000016d3adf7330, C4<1>, C4<1>;
L_0000016d3adf6f40 .functor OR 1, L_0000016d3af85260, L_0000016d3adf6680, C4<0>, C4<0>;
L_0000016d3adf61b0 .functor BUFZ 32, L_0000016d3af82100, C4<00000000000000000000000000000000>, C4<00000000000000000000000000000000>, C4<00000000000000000000000000000000>;
v0000016d3aefccf0_0 .net *"_ivl_100", 12 0, L_0000016d3af847c0;  1 drivers
L_0000016d3af3a458 .functor BUFT 1, C4<00000000000000000000000000000000>, C4<0>, C4<0>, C4<0>;
v0000016d3aefd1f0_0 .net/2u *"_ivl_104", 31 0, L_0000016d3af3a458;  1 drivers
v0000016d3aefeff0_0 .net *"_ivl_106", 31 0, L_0000016d3af82600;  1 drivers
L_0000016d3af39fd8 .functor BUFT 1, C4<00>, C4<0>, C4<0>, C4<0>;
v0000016d3aefeaf0_0 .net *"_ivl_11", 1 0, L_0000016d3af39fd8;  1 drivers
v0000016d3aefd790_0 .net *"_ivl_110", 0 0, L_0000016d3adf9470;  1 drivers
v0000016d3aefcbb0_0 .net *"_ivl_114", 0 0, L_0000016d3adf95c0;  1 drivers
v0000016d3aefd6f0_0 .net *"_ivl_118", 0 0, L_0000016d3adf9780;  1 drivers
L_0000016d3af3a4a0 .functor BUFT 1, C4<0>, C4<0>, C4<0>, C4<0>;
v0000016d3aefdb50_0 .net/2u *"_ivl_120", 0 0, L_0000016d3af3a4a0;  1 drivers
v0000016d3aefe5f0_0 .net *"_ivl_122", 0 0, L_0000016d3adf9630;  1 drivers
L_0000016d3af3a4e8 .functor BUFT 1, C4<1>, C4<0>, C4<0>, C4<0>;
v0000016d3aefd830_0 .net/2u *"_ivl_124", 0 0, L_0000016d3af3a4e8;  1 drivers
v0000016d3aefe4b0_0 .net *"_ivl_126", 0 0, L_0000016d3af83aa0;  1 drivers
v0000016d3aefcc50_0 .net *"_ivl_128", 6 0, L_0000016d3af82240;  1 drivers
L_0000016d3af3a530 .functor BUFT 1, C4<00>, C4<0>, C4<0>, C4<0>;
v0000016d3aefe690_0 .net *"_ivl_131", 1 0, L_0000016d3af3a530;  1 drivers
v0000016d3aefc890_0 .net *"_ivl_132", 0 0, L_0000016d3af84720;  1 drivers
v0000016d3aefcd90_0 .net *"_ivl_14", 1 0, L_0000016d3af29d50;  1 drivers
L_0000016d3af3a578 .functor BUFT 1, C4<0000>, C4<0>, C4<0>, C4<0>;
v0000016d3aefd970_0 .net/2u *"_ivl_140", 3 0, L_0000016d3af3a578;  1 drivers
L_0000016d3af3a5c0 .functor BUFT 1, C4<0000000000000000000000000000>, C4<0>, C4<0>, C4<0>;
v0000016d3aefdc90_0 .net/2u *"_ivl_144", 27 0, L_0000016d3af3a5c0;  1 drivers
L_0000016d3af3a608 .functor BUFT 1, C4<00>, C4<0>, C4<0>, C4<0>;
v0000016d3aefced0_0 .net/2u *"_ivl_146", 1 0, L_0000016d3af3a608;  1 drivers
v0000016d3aefdd30_0 .net *"_ivl_148", 31 0, L_0000016d3af83a00;  1 drivers
L_0000016d3af3a650 .functor BUFT 1, C4<00>, C4<0>, C4<0>, C4<0>;
v0000016d3aefce30_0 .net/2u *"_ivl_152", 1 0, L_0000016d3af3a650;  1 drivers
v0000016d3aefecd0_0 .net/2u *"_ivl_156", 0 0, L_0000016d3af3a698;  1 drivers
v0000016d3aefddd0_0 .net *"_ivl_158", 0 0, L_0000016d3adf5960;  1 drivers
v0000016d3aefe0f0_0 .net *"_ivl_16", 6 0, L_0000016d3af288b0;  1 drivers
v0000016d3aefeb90_0 .net *"_ivl_160", 31 0, L_0000016d3af835a0;  1 drivers
v0000016d3aefe190_0 .net *"_ivl_162", 9 0, L_0000016d3af82920;  1 drivers
L_0000016d3af3a6e0 .functor BUFT 1, C4<00000>, C4<0>, C4<0>, C4<0>;
v0000016d3aefec30_0 .net *"_ivl_165", 4 0, L_0000016d3af3a6e0;  1 drivers
v0000016d3aefed70_0 .net *"_ivl_166", 11 0, L_0000016d3af821a0;  1 drivers
L_0000016d3af3a728 .functor BUFT 1, C4<00>, C4<0>, C4<0>, C4<0>;
v0000016d3aeff130_0 .net *"_ivl_169", 1 0, L_0000016d3af3a728;  1 drivers
L_0000016d3af3a770 .functor BUFT 1, C4<000000000100>, C4<0>, C4<0>, C4<0>;
v0000016d3af01570_0 .net/2u *"_ivl_170", 11 0, L_0000016d3af3a770;  1 drivers
v0000016d3aeffbd0_0 .net *"_ivl_173", 11 0, L_0000016d3af83e60;  1 drivers
v0000016d3aeffd10_0 .net *"_ivl_174", 3 0, L_0000016d3af83be0;  1 drivers
L_0000016d3af3a7b8 .functor BUFT 1, C4<00>, C4<0>, C4<0>, C4<0>;
v0000016d3af003f0_0 .net *"_ivl_177", 1 0, L_0000016d3af3a7b8;  1 drivers
L_0000016d3af3a800 .functor BUFT 1, C4<0>, C4<0>, C4<0>, C4<0>;
v0000016d3af01110_0 .net *"_ivl_180", 0 0, L_0000016d3af3a800;  1 drivers
v0000016d3af00670_0 .net *"_ivl_181", 12 0, L_0000016d3af83c80;  1 drivers
L_0000016d3af3a848 .functor BUFT 1, C4<000000000>, C4<0>, C4<0>, C4<0>;
v0000016d3af01250_0 .net *"_ivl_184", 8 0, L_0000016d3af3a848;  1 drivers
v0000016d3af00b70_0 .net *"_ivl_185", 12 0, L_0000016d3af82380;  1 drivers
v0000016d3af00210_0 .net *"_ivl_186", 12 0, L_0000016d3af83640;  1 drivers
v0000016d3aeff450_0 .net *"_ivl_188", 31 0, L_0000016d3af83f00;  1 drivers
L_0000016d3af3a020 .functor BUFT 1, C4<00>, C4<0>, C4<0>, C4<0>;
v0000016d3aeff9f0_0 .net *"_ivl_19", 1 0, L_0000016d3af3a020;  1 drivers
v0000016d3aeff8b0_0 .net *"_ivl_190", 9 0, L_0000016d3af82ba0;  1 drivers
L_0000016d3af3a890 .functor BUFT 1, C4<00000>, C4<0>, C4<0>, C4<0>;
v0000016d3af00ad0_0 .net *"_ivl_193", 4 0, L_0000016d3af3a890;  1 drivers
v0000016d3af000d0_0 .net *"_ivl_194", 11 0, L_0000016d3af82560;  1 drivers
L_0000016d3af3a8d8 .functor BUFT 1, C4<00>, C4<0>, C4<0>, C4<0>;
v0000016d3af002b0_0 .net *"_ivl_197", 1 0, L_0000016d3af3a8d8;  1 drivers
L_0000016d3af3a920 .functor BUFT 1, C4<000000000100>, C4<0>, C4<0>, C4<0>;
v0000016d3af01610_0 .net/2u *"_ivl_198", 11 0, L_0000016d3af3a920;  1 drivers
v0000016d3aeff090_0 .net *"_ivl_201", 11 0, L_0000016d3af83fa0;  1 drivers
v0000016d3af014d0_0 .net *"_ivl_202", 3 0, L_0000016d3af83000;  1 drivers
L_0000016d3af3a968 .functor BUFT 1, C4<00>, C4<0>, C4<0>, C4<0>;
v0000016d3af00490_0 .net *"_ivl_205", 1 0, L_0000016d3af3a968;  1 drivers
L_0000016d3af3a9b0 .functor BUFT 1, C4<0>, C4<0>, C4<0>, C4<0>;
v0000016d3aeff950_0 .net *"_ivl_208", 0 0, L_0000016d3af3a9b0;  1 drivers
v0000016d3af01750_0 .net *"_ivl_209", 12 0, L_0000016d3af83320;  1 drivers
L_0000016d3af3a9f8 .functor BUFT 1, C4<000000000>, C4<0>, C4<0>, C4<0>;
v0000016d3af00cb0_0 .net *"_ivl_212", 8 0, L_0000016d3af3a9f8;  1 drivers
v0000016d3aeffdb0_0 .net *"_ivl_213", 12 0, L_0000016d3af822e0;  1 drivers
v0000016d3aeff6d0_0 .net *"_ivl_214", 12 0, L_0000016d3af826a0;  1 drivers
v0000016d3aeff770_0 .net *"_ivl_22", 22 0, L_0000016d3af2a1b0;  1 drivers
L_0000016d3af3aa40 .functor BUFT 1, C4<00>, C4<0>, C4<0>, C4<0>;
v0000016d3af00e90_0 .net/2u *"_ivl_220", 1 0, L_0000016d3af3aa40;  1 drivers
v0000016d3aeff1d0_0 .net *"_ivl_222", 0 0, L_0000016d3af831e0;  1 drivers
v0000016d3af011b0_0 .net *"_ivl_224", 0 0, L_0000016d3adf6ed0;  1 drivers
L_0000016d3af3aa88 .functor BUFT 1, C4<01>, C4<0>, C4<0>, C4<0>;
v0000016d3af00c10_0 .net/2u *"_ivl_228", 1 0, L_0000016d3af3aa88;  1 drivers
v0000016d3aeffc70_0 .net *"_ivl_230", 0 0, L_0000016d3af83280;  1 drivers
L_0000016d3af3aad0 .functor BUFT 1, C4<10>, C4<0>, C4<0>, C4<0>;
v0000016d3af01070_0 .net/2u *"_ivl_232", 1 0, L_0000016d3af3aad0;  1 drivers
v0000016d3af016b0_0 .net *"_ivl_234", 0 0, L_0000016d3af82a60;  1 drivers
v0000016d3af00d50_0 .net *"_ivl_236", 0 0, L_0000016d3adf59d0;  1 drivers
v0000016d3aeff810_0 .net *"_ivl_238", 31 0, L_0000016d3af83960;  1 drivers
v0000016d3af012f0_0 .net *"_ivl_24", 6 0, L_0000016d3af2a250;  1 drivers
L_0000016d3af3ab18 .functor BUFT 1, C4<0000000000000000000000000000>, C4<0>, C4<0>, C4<0>;
v0000016d3aeffef0_0 .net *"_ivl_241", 27 0, L_0000016d3af3ab18;  1 drivers
L_0000016d3af3ab60 .functor BUFT 1, C4<00000000000000000000000000000000>, C4<0>, C4<0>, C4<0>;
v0000016d3af01390_0 .net/2u *"_ivl_242", 31 0, L_0000016d3af3ab60;  1 drivers
v0000016d3aeffb30_0 .net *"_ivl_244", 0 0, L_0000016d3af836e0;  1 drivers
v0000016d3aeffa90_0 .net *"_ivl_246", 0 0, L_0000016d3adf6c30;  1 drivers
v0000016d3af00df0_0 .net *"_ivl_248", 0 0, L_0000016d3adf6530;  1 drivers
v0000016d3aeff590_0 .net *"_ivl_250", 0 0, L_0000016d3adf5a40;  1 drivers
v0000016d3aeffe50_0 .net *"_ivl_254", 31 0, L_0000016d3af82420;  1 drivers
L_0000016d3af3aba8 .functor BUFT 1, C4<0000000000000000000000000000>, C4<0>, C4<0>, C4<0>;
v0000016d3aeff270_0 .net *"_ivl_257", 27 0, L_0000016d3af3aba8;  1 drivers
L_0000016d3af3abf0 .functor BUFT 1, C4<00000000000000000000000000001000>, C4<0>, C4<0>, C4<0>;
v0000016d3af00f30_0 .net/2u *"_ivl_258", 31 0, L_0000016d3af3abf0;  1 drivers
v0000016d3af00170_0 .net *"_ivl_260", 0 0, L_0000016d3af827e0;  1 drivers
L_0000016d3af3ac38 .functor BUFT 1, C4<00>, C4<0>, C4<0>, C4<0>;
v0000016d3aefff90_0 .net/2u *"_ivl_264", 1 0, L_0000016d3af3ac38;  1 drivers
v0000016d3af00fd0_0 .net *"_ivl_266", 0 0, L_0000016d3af84220;  1 drivers
v0000016d3af00030_0 .net *"_ivl_268", 0 0, L_0000016d3adf6a70;  1 drivers
L_0000016d3af3a068 .functor BUFT 1, C4<00>, C4<0>, C4<0>, C4<0>;
v0000016d3af01430_0 .net *"_ivl_27", 1 0, L_0000016d3af3a068;  1 drivers
v0000016d3aeff310_0 .net *"_ivl_270", 0 0, L_0000016d3adf65a0;  1 drivers
L_0000016d3af3ac80 .functor BUFT 1, C4<00>, C4<0>, C4<0>, C4<0>;
v0000016d3af00710_0 .net/2u *"_ivl_274", 1 0, L_0000016d3af3ac80;  1 drivers
v0000016d3af00350_0 .net *"_ivl_276", 0 0, L_0000016d3af83780;  1 drivers
v0000016d3af00530_0 .net *"_ivl_278", 0 0, L_0000016d3adf67d0;  1 drivers
v0000016d3af005d0_0 .net *"_ivl_28", 0 0, L_0000016d3af28810;  1 drivers
v0000016d3af017f0_0 .net *"_ivl_280", 0 0, L_0000016d3adf6a00;  1 drivers
v0000016d3aeff3b0_0 .net *"_ivl_282", 0 0, L_0000016d3adf74f0;  1 drivers
L_0000016d3af3acc8 .functor BUFT 1, C4<11>, C4<0>, C4<0>, C4<0>;
v0000016d3aeff4f0_0 .net/2u *"_ivl_286", 1 0, L_0000016d3af3acc8;  1 drivers
v0000016d3aeff630_0 .net *"_ivl_288", 0 0, L_0000016d3af842c0;  1 drivers
L_0000016d3af3ad10 .functor BUFT 1, C4<01>, C4<0>, C4<0>, C4<0>;
v0000016d3af007b0_0 .net/2u *"_ivl_298", 1 0, L_0000016d3af3ad10;  1 drivers
v0000016d3af00850_0 .net *"_ivl_300", 0 0, L_0000016d3af82d80;  1 drivers
v0000016d3af008f0_0 .net *"_ivl_302", 31 0, L_0000016d3af84400;  1 drivers
v0000016d3af00990_0 .net *"_ivl_304", 4 0, L_0000016d3af830a0;  1 drivers
L_0000016d3af3ad58 .functor BUFT 1, C4<00>, C4<0>, C4<0>, C4<0>;
v0000016d3af00a30_0 .net *"_ivl_307", 1 0, L_0000016d3af3ad58;  1 drivers
L_0000016d3af3ada0 .functor BUFT 1, C4<00000000000000000000000000000000>, C4<0>, C4<0>, C4<0>;
v0000016d3af01e30_0 .net/2u *"_ivl_308", 31 0, L_0000016d3af3ada0;  1 drivers
v0000016d3af01930_0 .net *"_ivl_310", 31 0, L_0000016d3af844a0;  1 drivers
L_0000016d3af3ade8 .functor BUFT 1, C4<01>, C4<0>, C4<0>, C4<0>;
v0000016d3af01a70_0 .net/2u *"_ivl_314", 1 0, L_0000016d3af3ade8;  1 drivers
v0000016d3af01b10_0 .net *"_ivl_316", 0 0, L_0000016d3af82e20;  1 drivers
v0000016d3af01ed0_0 .net *"_ivl_32", 22 0, L_0000016d3af2a2f0;  1 drivers
v0000016d3af01890_0 .net *"_ivl_322", 31 0, L_0000016d3af85bc0;  1 drivers
v0000016d3af01bb0_0 .net *"_ivl_324", 4 0, L_0000016d3af84fe0;  1 drivers
L_0000016d3af3ae30 .functor BUFT 1, C4<00>, C4<0>, C4<0>, C4<0>;
v0000016d3af019d0_0 .net *"_ivl_327", 1 0, L_0000016d3af3ae30;  1 drivers
L_0000016d3af3ae78 .functor BUFT 1, C4<00000000000000000000000000000000>, C4<0>, C4<0>, C4<0>;
v0000016d3af01f70_0 .net/2u *"_ivl_328", 31 0, L_0000016d3af3ae78;  1 drivers
L_0000016d3af3aec0 .functor BUFT 1, C4<00>, C4<0>, C4<0>, C4<0>;
v0000016d3af01c50_0 .net/2u *"_ivl_332", 1 0, L_0000016d3af3aec0;  1 drivers
v0000016d3af01cf0_0 .net *"_ivl_334", 0 0, L_0000016d3af85260;  1 drivers
L_0000016d3af3af08 .functor BUFT 1, C4<00>, C4<0>, C4<0>, C4<0>;
v0000016d3af01d90_0 .net/2u *"_ivl_336", 1 0, L_0000016d3af3af08;  1 drivers
v0000016d3af14f40_0 .net *"_ivl_338", 0 0, L_0000016d3af851c0;  1 drivers
v0000016d3af15bc0_0 .net *"_ivl_34", 6 0, L_0000016d3af83500;  1 drivers
v0000016d3af162a0_0 .net *"_ivl_340", 0 0, L_0000016d3adf60d0;  1 drivers
v0000016d3af16e80_0 .net *"_ivl_342", 0 0, L_0000016d3adf7330;  1 drivers
v0000016d3af167a0_0 .net *"_ivl_344", 0 0, L_0000016d3adf6680;  1 drivers
L_0000016d3af3a0b0 .functor BUFT 1, C4<00>, C4<0>, C4<0>, C4<0>;
v0000016d3af15e40_0 .net *"_ivl_37", 1 0, L_0000016d3af3a0b0;  1 drivers
v0000016d3af15080_0 .net *"_ivl_38", 0 0, L_0000016d3af83460;  1 drivers
v0000016d3af16b60_0 .net *"_ivl_44", 31 0, L_0000016d3af829c0;  1 drivers
v0000016d3af16de0_0 .net *"_ivl_46", 9 0, L_0000016d3af83d20;  1 drivers
L_0000016d3af3a0f8 .functor BUFT 1, C4<00000>, C4<0>, C4<0>, C4<0>;
v0000016d3af16840_0 .net *"_ivl_49", 4 0, L_0000016d3af3a0f8;  1 drivers
v0000016d3af17060_0 .net *"_ivl_50", 11 0, L_0000016d3af84180;  1 drivers
L_0000016d3af3a140 .functor BUFT 1, C4<00>, C4<0>, C4<0>, C4<0>;
v0000016d3af15ee0_0 .net *"_ivl_53", 1 0, L_0000016d3af3a140;  1 drivers
L_0000016d3af3a188 .functor BUFT 1, C4<000000000100>, C4<0>, C4<0>, C4<0>;
v0000016d3af16a20_0 .net/2u *"_ivl_54", 11 0, L_0000016d3af3a188;  1 drivers
v0000016d3af16700_0 .net *"_ivl_57", 11 0, L_0000016d3af83140;  1 drivers
v0000016d3af17420_0 .net *"_ivl_58", 3 0, L_0000016d3af83dc0;  1 drivers
v0000016d3af14d60_0 .net *"_ivl_6", 1 0, L_0000016d3af29e90;  1 drivers
L_0000016d3af3a1d0 .functor BUFT 1, C4<00>, C4<0>, C4<0>, C4<0>;
v0000016d3af151c0_0 .net *"_ivl_61", 1 0, L_0000016d3af3a1d0;  1 drivers
L_0000016d3af3a218 .functor BUFT 1, C4<0>, C4<0>, C4<0>, C4<0>;
v0000016d3af15b20_0 .net *"_ivl_64", 0 0, L_0000016d3af3a218;  1 drivers
v0000016d3af15800_0 .net *"_ivl_65", 12 0, L_0000016d3af82c40;  1 drivers
L_0000016d3af3a260 .functor BUFT 1, C4<000000000>, C4<0>, C4<0>, C4<0>;
v0000016d3af16660_0 .net *"_ivl_68", 8 0, L_0000016d3af3a260;  1 drivers
v0000016d3af15260_0 .net *"_ivl_69", 12 0, L_0000016d3af82ce0;  1 drivers
v0000016d3af15c60_0 .net *"_ivl_70", 12 0, L_0000016d3af833c0;  1 drivers
v0000016d3af16fc0_0 .net *"_ivl_74", 31 0, L_0000016d3af84040;  1 drivers
v0000016d3af17240_0 .net *"_ivl_76", 9 0, L_0000016d3af82ec0;  1 drivers
L_0000016d3af3a2a8 .functor BUFT 1, C4<00000>, C4<0>, C4<0>, C4<0>;
v0000016d3af16d40_0 .net *"_ivl_79", 4 0, L_0000016d3af3a2a8;  1 drivers
v0000016d3af168e0_0 .net *"_ivl_8", 6 0, L_0000016d3af29f30;  1 drivers
v0000016d3af158a0_0 .net *"_ivl_80", 11 0, L_0000016d3af82740;  1 drivers
L_0000016d3af3a2f0 .functor BUFT 1, C4<00>, C4<0>, C4<0>, C4<0>;
v0000016d3af14ea0_0 .net *"_ivl_83", 1 0, L_0000016d3af3a2f0;  1 drivers
L_0000016d3af3a338 .functor BUFT 1, C4<000000000100>, C4<0>, C4<0>, C4<0>;
v0000016d3af16160_0 .net/2u *"_ivl_84", 11 0, L_0000016d3af3a338;  1 drivers
v0000016d3af15620_0 .net *"_ivl_87", 11 0, L_0000016d3af83820;  1 drivers
v0000016d3af17100_0 .net *"_ivl_88", 3 0, L_0000016d3af82880;  1 drivers
L_0000016d3af3a380 .functor BUFT 1, C4<00>, C4<0>, C4<0>, C4<0>;
v0000016d3af163e0_0 .net *"_ivl_91", 1 0, L_0000016d3af3a380;  1 drivers
L_0000016d3af3a3c8 .functor BUFT 1, C4<0>, C4<0>, C4<0>, C4<0>;
v0000016d3af154e0_0 .net *"_ivl_94", 0 0, L_0000016d3af3a3c8;  1 drivers
v0000016d3af15580_0 .net *"_ivl_95", 12 0, L_0000016d3af84680;  1 drivers
L_0000016d3af3a410 .functor BUFT 1, C4<000000000>, C4<0>, C4<0>, C4<0>;
v0000016d3af16520_0 .net *"_ivl_98", 8 0, L_0000016d3af3a410;  1 drivers
v0000016d3af16f20_0 .net *"_ivl_99", 12 0, L_0000016d3af838c0;  1 drivers
v0000016d3af165c0_0 .net "cpu_miss_req_cur", 0 0, L_0000016d3adf6140;  1 drivers
v0000016d3af15120 .array "datas0", 127 0, 31 0;
v0000016d3af16ac0 .array "datas1", 127 0, 31 0;
v0000016d3af16ca0_0 .net "hit", 0 0, L_0000016d3adf7950;  1 drivers
v0000016d3af16980_0 .net "hit_rword", 31 0, L_0000016d3af82100;  1 drivers
v0000016d3af15940_0 .net "hit_way", 0 0, L_0000016d3adf91d0;  1 drivers
v0000016d3af16200_0 .net "i_clk", 0 0, v0000016d3af27ff0_0;  alias, 1 drivers
v0000016d3af15300_0 .net "i_mem_rdata", 31 0, L_0000016d3afaa9c0;  alias, 1 drivers
v0000016d3af16480_0 .net "i_mem_ready", 0 0, L_0000016d3afaa020;  alias, 1 drivers
v0000016d3af159e0_0 .net "i_mem_valid", 0 0, L_0000016d3afa9fb0;  alias, 1 drivers
v0000016d3af14cc0_0 .net "i_req_addr", 31 0, L_0000016d3af87ce0;  alias, 1 drivers
L_0000016d3af3af98 .functor BUFT 1, C4<1111>, C4<0>, C4<0>, C4<0>;
v0000016d3af171a0_0 .net "i_req_mask", 3 0, L_0000016d3af3af98;  1 drivers
v0000016d3af16c00_0 .net "i_req_ren", 0 0, L_0000016d3afa7430;  alias, 1 drivers
L_0000016d3af3afe0 .functor BUFT 1, C4<00000000000000000000000000000000>, C4<0>, C4<0>, C4<0>;
v0000016d3af172e0_0 .net "i_req_wdata", 31 0, L_0000016d3af3afe0;  1 drivers
v0000016d3af15f80_0 .net "i_req_wen", 0 0, L_0000016d3af3af50;  1 drivers
v0000016d3af17380_0 .net "i_rst", 0 0, v0000016d3af29210_0;  alias, 1 drivers
v0000016d3af14e00 .array "lru", 0 31, 0 0;
v0000016d3af156c0_0 .net "merged_write_word", 31 0, L_0000016d3af82f60;  1 drivers
v0000016d3af15760_0 .var "miss_is_write_cur", 0 0;
v0000016d3af14fe0_0 .net "miss_line_addr", 31 0, L_0000016d3af84540;  1 drivers
v0000016d3af153a0_0 .var "miss_mask_cur", 3 0;
v0000016d3af16020_0 .net "miss_merged_write_word", 31 0, L_0000016d3af840e0;  1 drivers
v0000016d3af15440_0 .var "miss_set_cur", 4 0;
v0000016d3af15a80_0 .var "miss_tag_cur", 22 0;
v0000016d3af15d00_0 .var "miss_way_cur", 0 0;
v0000016d3af160c0_0 .net "miss_way_rword", 31 0, L_0000016d3af845e0;  1 drivers
v0000016d3af15da0_0 .var "miss_wdata_cur", 31 0;
v0000016d3af16340_0 .net "miss_word_addr", 31 0, L_0000016d3af83b40;  1 drivers
v0000016d3af188c0_0 .var "miss_word_cur", 1 0;
v0000016d3af180a0_0 .net "o_busy", 0 0, L_0000016d3adf6f40;  alias, 1 drivers
v0000016d3af18140_0 .net "o_mem_addr", 31 0, L_0000016d3af824c0;  alias, 1 drivers
v0000016d3af17b00_0 .net "o_mem_ren", 0 0, L_0000016d3adf6bc0;  alias, 1 drivers
v0000016d3af18460_0 .net "o_mem_wdata", 31 0, L_0000016d3af85300;  alias, 1 drivers
v0000016d3af197c0_0 .net "o_mem_wen", 0 0, L_0000016d3adf63e0;  alias, 1 drivers
v0000016d3af176a0_0 .net "o_res_rdata", 31 0, L_0000016d3adf61b0;  alias, 1 drivers
v0000016d3af18960_0 .net "read_miss", 0 0, L_0000016d3adf9160;  1 drivers
v0000016d3af19720_0 .net "refill_word_addr", 31 0, L_0000016d3adf5f10;  1 drivers
v0000016d3af18a00_0 .var "refill_word_cur", 1 0;
v0000016d3af18d20_0 .net "req_set", 4 0, L_0000016d3af28f90;  1 drivers
v0000016d3af179c0_0 .net "req_tag", 22 0, L_0000016d3af29b70;  1 drivers
v0000016d3af19180_0 .net "req_word", 1 0, L_0000016d3af28590;  1 drivers
v0000016d3af17c40_0 .var/i "set_idx", 31 0;
v0000016d3af19220_0 .var "state_cur", 1 0;
v0000016d3af17ec0 .array "tags0", 0 31, 22 0;
v0000016d3af17ce0 .array "tags1", 0 31, 22 0;
v0000016d3af195e0 .array "valid", 0 31, 1 0;
v0000016d3af19b80_0 .net "victim_way", 0 0, L_0000016d3af82060;  1 drivers
v0000016d3af18dc0_0 .net "way0_hit", 0 0, L_0000016d3adf84b0;  1 drivers
v0000016d3af199a0_0 .net "way0_rword", 31 0, L_0000016d3adf7aa0;  1 drivers
v0000016d3af185a0_0 .net "way0_valid", 0 0, L_0000016d3af29850;  1 drivers
v0000016d3af181e0_0 .net "way1_hit", 0 0, L_0000016d3adf7720;  1 drivers
v0000016d3af17a60_0 .net "way1_rword", 31 0, L_0000016d3adf9550;  1 drivers
v0000016d3af194a0_0 .net "way1_valid", 0 0, L_0000016d3af28630;  1 drivers
v0000016d3af18e60 .array "wb_addrs", 0 7, 31 0;
v0000016d3af18780_0 .var "wb_count_cur", 3 0;
v0000016d3af18aa0 .array "wb_datas", 0 7, 31 0;
v0000016d3af18f00_0 .net "wb_has_push_space_cur", 0 0, L_0000016d3adf5ab0;  1 drivers
v0000016d3af18c80_0 .var "wb_head_cur", 2 0;
v0000016d3af186e0_0 .var/i "wb_idx", 31 0;
v0000016d3af17880_0 .net "wb_push_addr_cur", 31 0, L_0000016d3af82b00;  1 drivers
v0000016d3af19360_0 .net "wb_push_cur", 0 0, L_0000016d3adf6370;  1 drivers
v0000016d3af17ba0_0 .net "wb_push_data_cur", 31 0, L_0000016d3af84360;  1 drivers
v0000016d3af17d80_0 .net "wb_send_cur", 0 0, L_0000016d3adf6ca0;  1 drivers
v0000016d3af18820_0 .var "wb_tail_cur", 2 0;
v0000016d3af17e20_0 .var/i "word_idx", 31 0;
v0000016d3af17600_0 .net "write_hit_accept_cur", 0 0, L_0000016d3adf6df0;  1 drivers
v0000016d3af19540_0 .net "write_hit_block_cur", 0 0, L_0000016d3adf72c0;  1 drivers
v0000016d3af17f60_0 .net "write_miss", 0 0, L_0000016d3adf96a0;  1 drivers
v0000016d3af19680_0 .net "write_req_commit_cur", 0 0, L_0000016d3adf6610;  1 drivers
L_0000016d3af29b70 .part L_0000016d3af87ce0, 9, 23;
L_0000016d3af28f90 .part L_0000016d3af87ce0, 4, 5;
L_0000016d3af28590 .part L_0000016d3af87ce0, 2, 2;
L_0000016d3af29e90 .array/port v0000016d3af195e0, L_0000016d3af29f30;
L_0000016d3af29f30 .concat [ 5 2 0 0], L_0000016d3af28f90, L_0000016d3af39fd8;
L_0000016d3af29850 .part L_0000016d3af29e90, 0, 1;
L_0000016d3af29d50 .array/port v0000016d3af195e0, L_0000016d3af288b0;
L_0000016d3af288b0 .concat [ 5 2 0 0], L_0000016d3af28f90, L_0000016d3af3a020;
L_0000016d3af28630 .part L_0000016d3af29d50, 1, 1;
L_0000016d3af2a1b0 .array/port v0000016d3af17ec0, L_0000016d3af2a250;
L_0000016d3af2a250 .concat [ 5 2 0 0], L_0000016d3af28f90, L_0000016d3af3a068;
L_0000016d3af28810 .cmp/eq 23, L_0000016d3af2a1b0, L_0000016d3af29b70;
L_0000016d3af2a2f0 .array/port v0000016d3af17ce0, L_0000016d3af83500;
L_0000016d3af83500 .concat [ 5 2 0 0], L_0000016d3af28f90, L_0000016d3af3a0b0;
L_0000016d3af83460 .cmp/eq 23, L_0000016d3af2a2f0, L_0000016d3af29b70;
L_0000016d3af829c0 .array/port v0000016d3af15120, L_0000016d3af833c0;
L_0000016d3af83d20 .concat [ 5 5 0 0], L_0000016d3af28f90, L_0000016d3af3a0f8;
L_0000016d3af84180 .concat [ 10 2 0 0], L_0000016d3af83d20, L_0000016d3af3a140;
L_0000016d3af83140 .arith/mult 12, L_0000016d3af84180, L_0000016d3af3a188;
L_0000016d3af83dc0 .concat [ 2 2 0 0], L_0000016d3af28590, L_0000016d3af3a1d0;
L_0000016d3af82c40 .concat [ 12 1 0 0], L_0000016d3af83140, L_0000016d3af3a218;
L_0000016d3af82ce0 .concat [ 4 9 0 0], L_0000016d3af83dc0, L_0000016d3af3a260;
L_0000016d3af833c0 .arith/sum 13, L_0000016d3af82c40, L_0000016d3af82ce0;
L_0000016d3af84040 .array/port v0000016d3af16ac0, L_0000016d3af847c0;
L_0000016d3af82ec0 .concat [ 5 5 0 0], L_0000016d3af28f90, L_0000016d3af3a2a8;
L_0000016d3af82740 .concat [ 10 2 0 0], L_0000016d3af82ec0, L_0000016d3af3a2f0;
L_0000016d3af83820 .arith/mult 12, L_0000016d3af82740, L_0000016d3af3a338;
L_0000016d3af82880 .concat [ 2 2 0 0], L_0000016d3af28590, L_0000016d3af3a380;
L_0000016d3af84680 .concat [ 12 1 0 0], L_0000016d3af83820, L_0000016d3af3a3c8;
L_0000016d3af838c0 .concat [ 4 9 0 0], L_0000016d3af82880, L_0000016d3af3a410;
L_0000016d3af847c0 .arith/sum 13, L_0000016d3af84680, L_0000016d3af838c0;
L_0000016d3af82600 .functor MUXZ 32, L_0000016d3af3a458, L_0000016d3adf9550, L_0000016d3adf7720, C4<>;
L_0000016d3af82100 .functor MUXZ 32, L_0000016d3af82600, L_0000016d3adf7aa0, L_0000016d3adf84b0, C4<>;
L_0000016d3af83aa0 .array/port v0000016d3af14e00, L_0000016d3af82240;
L_0000016d3af82240 .concat [ 5 2 0 0], L_0000016d3af28f90, L_0000016d3af3a530;
L_0000016d3af84720 .functor MUXZ 1, L_0000016d3af83aa0, L_0000016d3af3a4e8, L_0000016d3adf9630, C4<>;
L_0000016d3af82060 .functor MUXZ 1, L_0000016d3af84720, L_0000016d3af3a4a0, L_0000016d3adf9780, C4<>;
L_0000016d3af82f60 .ufunc/vec4 TD_unit_hart_tb.dut.u_icache.apply_mask, 32, L_0000016d3af82100, L_0000016d3af3afe0, L_0000016d3af3af98 (v0000016d3aefe550_0, v0000016d3aefeeb0_0, v0000016d3aefe9b0_0) S_0000016d3adfea80;
L_0000016d3af84540 .concat [ 4 5 23 0], L_0000016d3af3a578, v0000016d3af15440_0, v0000016d3af15a80_0;
L_0000016d3af83a00 .concat [ 2 2 28 0], L_0000016d3af3a608, v0000016d3af18a00_0, L_0000016d3af3a5c0;
L_0000016d3af83b40 .concat [ 2 2 5 23], L_0000016d3af3a650, v0000016d3af188c0_0, v0000016d3af15440_0, v0000016d3af15a80_0;
L_0000016d3af835a0 .array/port v0000016d3af15120, L_0000016d3af83640;
L_0000016d3af82920 .concat [ 5 5 0 0], v0000016d3af15440_0, L_0000016d3af3a6e0;
L_0000016d3af821a0 .concat [ 10 2 0 0], L_0000016d3af82920, L_0000016d3af3a728;
L_0000016d3af83e60 .arith/mult 12, L_0000016d3af821a0, L_0000016d3af3a770;
L_0000016d3af83be0 .concat [ 2 2 0 0], v0000016d3af188c0_0, L_0000016d3af3a7b8;
L_0000016d3af83c80 .concat [ 12 1 0 0], L_0000016d3af83e60, L_0000016d3af3a800;
L_0000016d3af82380 .concat [ 4 9 0 0], L_0000016d3af83be0, L_0000016d3af3a848;
L_0000016d3af83640 .arith/sum 13, L_0000016d3af83c80, L_0000016d3af82380;
L_0000016d3af83f00 .array/port v0000016d3af16ac0, L_0000016d3af826a0;
L_0000016d3af82ba0 .concat [ 5 5 0 0], v0000016d3af15440_0, L_0000016d3af3a890;
L_0000016d3af82560 .concat [ 10 2 0 0], L_0000016d3af82ba0, L_0000016d3af3a8d8;
L_0000016d3af83fa0 .arith/mult 12, L_0000016d3af82560, L_0000016d3af3a920;
L_0000016d3af83000 .concat [ 2 2 0 0], v0000016d3af188c0_0, L_0000016d3af3a968;
L_0000016d3af83320 .concat [ 12 1 0 0], L_0000016d3af83fa0, L_0000016d3af3a9b0;
L_0000016d3af822e0 .concat [ 4 9 0 0], L_0000016d3af83000, L_0000016d3af3a9f8;
L_0000016d3af826a0 .arith/sum 13, L_0000016d3af83320, L_0000016d3af822e0;
L_0000016d3af845e0 .functor MUXZ 32, L_0000016d3af83f00, L_0000016d3af835a0, L_0000016d3adf5960, C4<>;
L_0000016d3af840e0 .ufunc/vec4 TD_unit_hart_tb.dut.u_icache.apply_mask, 32, L_0000016d3af845e0, v0000016d3af15da0_0, v0000016d3af153a0_0 (v0000016d3aefe550_0, v0000016d3aefeeb0_0, v0000016d3aefe9b0_0) S_0000016d3adfea80;
L_0000016d3af831e0 .cmp/eq 2, v0000016d3af19220_0, L_0000016d3af3aa40;
L_0000016d3af83280 .cmp/ne 2, v0000016d3af19220_0, L_0000016d3af3aa88;
L_0000016d3af82a60 .cmp/ne 2, v0000016d3af19220_0, L_0000016d3af3aad0;
L_0000016d3af83960 .concat [ 4 28 0 0], v0000016d3af18780_0, L_0000016d3af3ab18;
L_0000016d3af836e0 .cmp/ne 32, L_0000016d3af83960, L_0000016d3af3ab60;
L_0000016d3af82420 .concat [ 4 28 0 0], v0000016d3af18780_0, L_0000016d3af3aba8;
L_0000016d3af827e0 .cmp/ne 32, L_0000016d3af82420, L_0000016d3af3abf0;
L_0000016d3af84220 .cmp/eq 2, v0000016d3af19220_0, L_0000016d3af3ac38;
L_0000016d3af83780 .cmp/eq 2, v0000016d3af19220_0, L_0000016d3af3ac80;
L_0000016d3af842c0 .cmp/eq 2, v0000016d3af19220_0, L_0000016d3af3acc8;
L_0000016d3af82b00 .functor MUXZ 32, L_0000016d3af83b40, L_0000016d3af87ce0, L_0000016d3adf6df0, C4<>;
L_0000016d3af84360 .functor MUXZ 32, L_0000016d3af840e0, L_0000016d3af82f60, L_0000016d3adf6df0, C4<>;
L_0000016d3af82d80 .cmp/eq 2, v0000016d3af19220_0, L_0000016d3af3ad10;
L_0000016d3af84400 .array/port v0000016d3af18e60, L_0000016d3af830a0;
L_0000016d3af830a0 .concat [ 3 2 0 0], v0000016d3af18c80_0, L_0000016d3af3ad58;
L_0000016d3af844a0 .functor MUXZ 32, L_0000016d3af3ada0, L_0000016d3af84400, L_0000016d3adf6ca0, C4<>;
L_0000016d3af824c0 .functor MUXZ 32, L_0000016d3af844a0, L_0000016d3adf5f10, L_0000016d3af82d80, C4<>;
L_0000016d3af82e20 .cmp/eq 2, v0000016d3af19220_0, L_0000016d3af3ade8;
L_0000016d3af85bc0 .array/port v0000016d3af18aa0, L_0000016d3af84fe0;
L_0000016d3af84fe0 .concat [ 3 2 0 0], v0000016d3af18c80_0, L_0000016d3af3ae30;
L_0000016d3af85300 .functor MUXZ 32, L_0000016d3af3ae78, L_0000016d3af85bc0, L_0000016d3adf6ca0, C4<>;
L_0000016d3af85260 .cmp/ne 2, v0000016d3af19220_0, L_0000016d3af3aec0;
L_0000016d3af851c0 .cmp/eq 2, v0000016d3af19220_0, L_0000016d3af3af08;
S_0000016d3adfea80 .scope function.vec4.s32, "apply_mask" "apply_mask" 4 66, 4 66 0, S_0000016d3a7b64a0;
 .timescale -9 -12;
; Variable apply_mask is vec4 return value of scope S_0000016d3adfea80
v0000016d3aefe7d0_0 .var "byte_mask", 31 0;
v0000016d3aefe9b0_0 .var "mask", 3 0;
v0000016d3aefeeb0_0 .var "new_word", 31 0;
v0000016d3aefe550_0 .var "old_word", 31 0;
TD_unit_hart_tb.dut.u_icache.apply_mask ;
    %load/vec4 v0000016d3aefe9b0_0;
    %store/vec4 v0000016d3aefe050_0, 0, 4;
    %callf/vec4 TD_unit_hart_tb.dut.u_icache.expand_mask, S_0000016d3adfec10;
    %store/vec4 v0000016d3aefe7d0_0, 0, 32;
    %load/vec4 v0000016d3aefe550_0;
    %load/vec4 v0000016d3aefe7d0_0;
    %inv;
    %and;
    %load/vec4 v0000016d3aefeeb0_0;
    %load/vec4 v0000016d3aefe7d0_0;
    %and;
    %or;
    %ret/vec4 0, 0, 32;  Assign to apply_mask (store_vec4_to_lval)
    %end;
S_0000016d3adfec10 .scope function.vec4.s32, "expand_mask" "expand_mask" 4 59, 4 59 0, S_0000016d3a7b64a0;
 .timescale -9 -12;
; Variable expand_mask is vec4 return value of scope S_0000016d3adfec10
v0000016d3aefe050_0 .var "mask", 3 0;
TD_unit_hart_tb.dut.u_icache.expand_mask ;
    %load/vec4 v0000016d3aefe050_0;
    %parti/s 1, 3, 3;
    %replicate 8;
    %load/vec4 v0000016d3aefe050_0;
    %parti/s 1, 2, 3;
    %replicate 8;
    %concat/vec4; draw_concat_vec4
    %load/vec4 v0000016d3aefe050_0;
    %parti/s 1, 1, 2;
    %replicate 8;
    %concat/vec4; draw_concat_vec4
    %load/vec4 v0000016d3aefe050_0;
    %parti/s 1, 0, 2;
    %replicate 8;
    %concat/vec4; draw_concat_vec4
    %ret/vec4 0, 0, 32;  Assign to expand_mask (store_vec4_to_lval)
    %end;
S_0000016d3adfeda0 .scope module, "u_memory" "dmem_access" 3 747, 11 1 0, S_0000016d3aca99e0;
 .timescale -9 -12;
    .port_info 0 /INPUT 32 "EffAddr";
    .port_info 1 /INPUT 32 "StoreData";
    .port_info 2 /INPUT 3 "Func3";
    .port_info 3 /INPUT 1 "MemRead";
    .port_info 4 /INPUT 1 "MemWrite";
    .port_info 5 /INPUT 32 "i_dmem_rdata";
    .port_info 6 /OUTPUT 32 "o_dmem_addr";
    .port_info 7 /OUTPUT 4 "o_dmem_mask";
    .port_info 8 /OUTPUT 32 "o_dmem_wdata";
    .port_info 9 /OUTPUT 1 "o_dmem_ren";
    .port_info 10 /OUTPUT 1 "o_dmem_wen";
    .port_info 11 /OUTPUT 32 "LoadData";
    .port_info 12 /OUTPUT 1 "MisalignTrap";
L_0000016d3afaf730 .functor OR 1, L_0000016d3af8cb00, L_0000016d3af8cd80, C4<0>, C4<0>;
L_0000016d3afafb20 .functor AND 1, L_0000016d3afaebd0, L_0000016d3af8cf60, C4<1>, C4<1>;
L_0000016d3afafea0 .functor AND 1, L_0000016d3afb00d0, L_0000016d3af8ecc0, C4<1>, C4<1>;
L_0000016d3afb01b0 .functor OR 1, L_0000016d3afafb20, L_0000016d3afafea0, C4<0>, C4<0>;
L_0000016d3afaf960 .functor NOT 1, L_0000016d3afb01b0, C4<0>, C4<0>, C4<0>;
L_0000016d3afaf9d0 .functor AND 1, L_0000016d3afaebd0, L_0000016d3afaf960, C4<1>, C4<1>;
L_0000016d3afaeaf0 .functor NOT 1, L_0000016d3afb01b0, C4<0>, C4<0>, C4<0>;
L_0000016d3afafa40 .functor AND 1, L_0000016d3afb00d0, L_0000016d3afaeaf0, C4<1>, C4<1>;
L_0000016d3afafb90 .functor OR 1, L_0000016d3afaebd0, L_0000016d3afb00d0, C4<0>, C4<0>;
L_0000016d3afafc00 .functor AND 4, L_0000016d3af90520, v0000016d3af130a0_0, C4<1111>, C4<1111>;
L_0000016d3afaff80 .functor AND 32, L_0000016d3af8f440, v0000016d3af136e0_0, C4<11111111111111111111111111111111>, C4<11111111111111111111111111111111>;
L_0000016d3afafff0 .functor NOT 1, L_0000016d3afb01b0, C4<0>, C4<0>, C4<0>;
L_0000016d3afb0220 .functor AND 1, L_0000016d3afaebd0, L_0000016d3afafff0, C4<1>, C4<1>;
L_0000016d3afb0140 .functor AND 32, L_0000016d3af8fbc0, v0000016d3af131e0_0, C4<11111111111111111111111111111111>, C4<11111111111111111111111111111111>;
v0000016d3af18000_0 .net "EffAddr", 31 0, v0000016d3af1bfd0_0;  1 drivers
v0000016d3af19860_0 .net "Func3", 2 0, v0000016d3af1c250_0;  1 drivers
v0000016d3af19400_0 .net "LoadData", 31 0, L_0000016d3afb0140;  alias, 1 drivers
v0000016d3af19ae0_0 .net "MemRead", 0 0, L_0000016d3afaebd0;  alias, 1 drivers
v0000016d3af19900_0 .net "MemWrite", 0 0, L_0000016d3afb00d0;  alias, 1 drivers
v0000016d3af18280_0 .net "MisalignTrap", 0 0, L_0000016d3afb01b0;  alias, 1 drivers
v0000016d3af18b40_0 .net "StoreData", 31 0, L_0000016d3af8c380;  alias, 1 drivers
v0000016d3af18320_0 .net *"_ivl_11", 1 0, L_0000016d3af8c7e0;  1 drivers
L_0000016d3af3d5d8 .functor BUFT 1, C4<001>, C4<0>, C4<0>, C4<0>;
v0000016d3af183c0_0 .net/2u *"_ivl_14", 2 0, L_0000016d3af3d5d8;  1 drivers
v0000016d3af18500_0 .net *"_ivl_16", 0 0, L_0000016d3af8cb00;  1 drivers
L_0000016d3af3d620 .functor BUFT 1, C4<101>, C4<0>, C4<0>, C4<0>;
v0000016d3af17740_0 .net/2u *"_ivl_18", 2 0, L_0000016d3af3d620;  1 drivers
v0000016d3af19a40_0 .net *"_ivl_20", 0 0, L_0000016d3af8cd80;  1 drivers
v0000016d3af177e0_0 .net *"_ivl_22", 0 0, L_0000016d3afaf730;  1 drivers
L_0000016d3af3d668 .functor BUFT 1, C4<010>, C4<0>, C4<0>, C4<0>;
v0000016d3af18640_0 .net/2u *"_ivl_24", 2 0, L_0000016d3af3d668;  1 drivers
v0000016d3af18fa0_0 .net *"_ivl_26", 0 0, L_0000016d3af8ce20;  1 drivers
L_0000016d3af3d6b0 .functor BUFT 1, C4<0>, C4<0>, C4<0>, C4<0>;
v0000016d3af18be0_0 .net/2u *"_ivl_28", 0 0, L_0000016d3af3d6b0;  1 drivers
v0000016d3af174c0_0 .net *"_ivl_3", 29 0, L_0000016d3af8d8c0;  1 drivers
v0000016d3af19040_0 .net *"_ivl_30", 0 0, L_0000016d3af8cec0;  1 drivers
v0000016d3af17560_0 .net *"_ivl_32", 0 0, L_0000016d3af8cf60;  1 drivers
L_0000016d3af3d6f8 .functor BUFT 1, C4<001>, C4<0>, C4<0>, C4<0>;
v0000016d3af19c20_0 .net/2u *"_ivl_36", 2 0, L_0000016d3af3d6f8;  1 drivers
v0000016d3af190e0_0 .net *"_ivl_38", 0 0, L_0000016d3af8d0a0;  1 drivers
L_0000016d3af3d590 .functor BUFT 1, C4<00>, C4<0>, C4<0>, C4<0>;
v0000016d3af192c0_0 .net/2u *"_ivl_4", 1 0, L_0000016d3af3d590;  1 drivers
L_0000016d3af3d740 .functor BUFT 1, C4<010>, C4<0>, C4<0>, C4<0>;
v0000016d3af17920_0 .net/2u *"_ivl_40", 2 0, L_0000016d3af3d740;  1 drivers
v0000016d3af1a3a0_0 .net *"_ivl_42", 0 0, L_0000016d3af8eae0;  1 drivers
L_0000016d3af3d788 .functor BUFT 1, C4<0>, C4<0>, C4<0>, C4<0>;
v0000016d3af19e00_0 .net/2u *"_ivl_44", 0 0, L_0000016d3af3d788;  1 drivers
v0000016d3af19ea0_0 .net *"_ivl_46", 0 0, L_0000016d3af90840;  1 drivers
v0000016d3af19cc0_0 .net *"_ivl_48", 0 0, L_0000016d3af8ecc0;  1 drivers
v0000016d3af19d60_0 .net *"_ivl_54", 0 0, L_0000016d3afaf960;  1 drivers
v0000016d3af19f40_0 .net *"_ivl_58", 0 0, L_0000016d3afaeaf0;  1 drivers
v0000016d3af19fe0_0 .net *"_ivl_62", 0 0, L_0000016d3afafb90;  1 drivers
v0000016d3af1a1c0_0 .net *"_ivl_64", 3 0, L_0000016d3af90520;  1 drivers
v0000016d3af1a080_0 .net *"_ivl_68", 31 0, L_0000016d3af8f440;  1 drivers
v0000016d3af1a300_0 .net *"_ivl_76", 0 0, L_0000016d3afafff0;  1 drivers
v0000016d3af1a120_0 .net *"_ivl_78", 0 0, L_0000016d3afb0220;  1 drivers
v0000016d3af1a260_0 .net *"_ivl_80", 31 0, L_0000016d3af8fbc0;  1 drivers
v0000016d3af144a0_0 .net "byte_offset", 1 0, L_0000016d3af8d5a0;  1 drivers
v0000016d3af129c0_0 .net "i_dmem_rdata", 31 0, L_0000016d3ad68d80;  alias, 1 drivers
v0000016d3af131e0_0 .var "loaddata_dec", 31 0;
v0000016d3af130a0_0 .var "mask_dec", 3 0;
v0000016d3af12ec0_0 .net "misalign_half", 0 0, L_0000016d3af8c4c0;  1 drivers
v0000016d3af12600_0 .net "misalign_load", 0 0, L_0000016d3afafb20;  1 drivers
v0000016d3af13b40_0 .net "misalign_store", 0 0, L_0000016d3afafea0;  1 drivers
v0000016d3af13640_0 .net "misalign_word", 0 0, L_0000016d3af8c880;  1 drivers
v0000016d3af14b80_0 .net "o_dmem_addr", 31 0, L_0000016d3af8d960;  alias, 1 drivers
v0000016d3af13140_0 .net "o_dmem_mask", 3 0, L_0000016d3afafc00;  alias, 1 drivers
v0000016d3af149a0_0 .net "o_dmem_ren", 0 0, L_0000016d3afaf9d0;  alias, 1 drivers
v0000016d3af13000_0 .net "o_dmem_wdata", 31 0, L_0000016d3afaff80;  alias, 1 drivers
v0000016d3af12a60_0 .net "o_dmem_wen", 0 0, L_0000016d3afafa40;  alias, 1 drivers
v0000016d3af13280_0 .net "rbyte", 7 0, L_0000016d3af8eb80;  1 drivers
v0000016d3af14a40_0 .var "rdata_shifted", 31 0;
v0000016d3af14540_0 .net "rhalf", 15 0, L_0000016d3af8fda0;  1 drivers
v0000016d3af145e0_0 .var "sb_data", 31 0;
v0000016d3af14c20_0 .var "sh_data", 31 0;
v0000016d3af136e0_0 .var "store_data_dec", 31 0;
E_0000016d3ae4d740 .event anyedge, v0000016d3af19860_0, v0000016d3af13280_0, v0000016d3af14540_0, v0000016d3af14a40_0;
E_0000016d3ae4d600 .event anyedge, v0000016d3af144a0_0, v0000016d3aef46a0_0;
E_0000016d3ae4e040 .event anyedge, v0000016d3af19860_0, v0000016d3af145e0_0, v0000016d3af14c20_0, v0000016d3af18b40_0;
E_0000016d3ae4d340 .event anyedge, v0000016d3af144a0_0, v0000016d3af18b40_0;
E_0000016d3ae4db40 .event anyedge, v0000016d3af19860_0, v0000016d3af144a0_0;
L_0000016d3af8d5a0 .part v0000016d3af1bfd0_0, 0, 2;
L_0000016d3af8d8c0 .part v0000016d3af1bfd0_0, 2, 30;
L_0000016d3af8d960 .concat [ 2 30 0 0], L_0000016d3af3d590, L_0000016d3af8d8c0;
L_0000016d3af8c4c0 .part v0000016d3af1bfd0_0, 0, 1;
L_0000016d3af8c7e0 .part v0000016d3af1bfd0_0, 0, 2;
L_0000016d3af8c880 .reduce/or L_0000016d3af8c7e0;
L_0000016d3af8cb00 .cmp/eq 3, v0000016d3af1c250_0, L_0000016d3af3d5d8;
L_0000016d3af8cd80 .cmp/eq 3, v0000016d3af1c250_0, L_0000016d3af3d620;
L_0000016d3af8ce20 .cmp/eq 3, v0000016d3af1c250_0, L_0000016d3af3d668;
L_0000016d3af8cec0 .functor MUXZ 1, L_0000016d3af3d6b0, L_0000016d3af8c880, L_0000016d3af8ce20, C4<>;
L_0000016d3af8cf60 .functor MUXZ 1, L_0000016d3af8cec0, L_0000016d3af8c4c0, L_0000016d3afaf730, C4<>;
L_0000016d3af8d0a0 .cmp/eq 3, v0000016d3af1c250_0, L_0000016d3af3d6f8;
L_0000016d3af8eae0 .cmp/eq 3, v0000016d3af1c250_0, L_0000016d3af3d740;
L_0000016d3af90840 .functor MUXZ 1, L_0000016d3af3d788, L_0000016d3af8c880, L_0000016d3af8eae0, C4<>;
L_0000016d3af8ecc0 .functor MUXZ 1, L_0000016d3af90840, L_0000016d3af8c4c0, L_0000016d3af8d0a0, C4<>;
L_0000016d3af90520 .concat [ 1 1 1 1], L_0000016d3afafb90, L_0000016d3afafb90, L_0000016d3afafb90, L_0000016d3afafb90;
LS_0000016d3af8f440_0_0 .concat [ 1 1 1 1], L_0000016d3afb00d0, L_0000016d3afb00d0, L_0000016d3afb00d0, L_0000016d3afb00d0;
LS_0000016d3af8f440_0_4 .concat [ 1 1 1 1], L_0000016d3afb00d0, L_0000016d3afb00d0, L_0000016d3afb00d0, L_0000016d3afb00d0;
LS_0000016d3af8f440_0_8 .concat [ 1 1 1 1], L_0000016d3afb00d0, L_0000016d3afb00d0, L_0000016d3afb00d0, L_0000016d3afb00d0;
LS_0000016d3af8f440_0_12 .concat [ 1 1 1 1], L_0000016d3afb00d0, L_0000016d3afb00d0, L_0000016d3afb00d0, L_0000016d3afb00d0;
LS_0000016d3af8f440_0_16 .concat [ 1 1 1 1], L_0000016d3afb00d0, L_0000016d3afb00d0, L_0000016d3afb00d0, L_0000016d3afb00d0;
LS_0000016d3af8f440_0_20 .concat [ 1 1 1 1], L_0000016d3afb00d0, L_0000016d3afb00d0, L_0000016d3afb00d0, L_0000016d3afb00d0;
LS_0000016d3af8f440_0_24 .concat [ 1 1 1 1], L_0000016d3afb00d0, L_0000016d3afb00d0, L_0000016d3afb00d0, L_0000016d3afb00d0;
LS_0000016d3af8f440_0_28 .concat [ 1 1 1 1], L_0000016d3afb00d0, L_0000016d3afb00d0, L_0000016d3afb00d0, L_0000016d3afb00d0;
LS_0000016d3af8f440_1_0 .concat [ 4 4 4 4], LS_0000016d3af8f440_0_0, LS_0000016d3af8f440_0_4, LS_0000016d3af8f440_0_8, LS_0000016d3af8f440_0_12;
LS_0000016d3af8f440_1_4 .concat [ 4 4 4 4], LS_0000016d3af8f440_0_16, LS_0000016d3af8f440_0_20, LS_0000016d3af8f440_0_24, LS_0000016d3af8f440_0_28;
L_0000016d3af8f440 .concat [ 16 16 0 0], LS_0000016d3af8f440_1_0, LS_0000016d3af8f440_1_4;
L_0000016d3af8eb80 .part v0000016d3af14a40_0, 0, 8;
L_0000016d3af8fda0 .part v0000016d3af14a40_0, 0, 16;
LS_0000016d3af8fbc0_0_0 .concat [ 1 1 1 1], L_0000016d3afb0220, L_0000016d3afb0220, L_0000016d3afb0220, L_0000016d3afb0220;
LS_0000016d3af8fbc0_0_4 .concat [ 1 1 1 1], L_0000016d3afb0220, L_0000016d3afb0220, L_0000016d3afb0220, L_0000016d3afb0220;
LS_0000016d3af8fbc0_0_8 .concat [ 1 1 1 1], L_0000016d3afb0220, L_0000016d3afb0220, L_0000016d3afb0220, L_0000016d3afb0220;
LS_0000016d3af8fbc0_0_12 .concat [ 1 1 1 1], L_0000016d3afb0220, L_0000016d3afb0220, L_0000016d3afb0220, L_0000016d3afb0220;
LS_0000016d3af8fbc0_0_16 .concat [ 1 1 1 1], L_0000016d3afb0220, L_0000016d3afb0220, L_0000016d3afb0220, L_0000016d3afb0220;
LS_0000016d3af8fbc0_0_20 .concat [ 1 1 1 1], L_0000016d3afb0220, L_0000016d3afb0220, L_0000016d3afb0220, L_0000016d3afb0220;
LS_0000016d3af8fbc0_0_24 .concat [ 1 1 1 1], L_0000016d3afb0220, L_0000016d3afb0220, L_0000016d3afb0220, L_0000016d3afb0220;
LS_0000016d3af8fbc0_0_28 .concat [ 1 1 1 1], L_0000016d3afb0220, L_0000016d3afb0220, L_0000016d3afb0220, L_0000016d3afb0220;
LS_0000016d3af8fbc0_1_0 .concat [ 4 4 4 4], LS_0000016d3af8fbc0_0_0, LS_0000016d3af8fbc0_0_4, LS_0000016d3af8fbc0_0_8, LS_0000016d3af8fbc0_0_12;
LS_0000016d3af8fbc0_1_4 .concat [ 4 4 4 4], LS_0000016d3af8fbc0_0_16, LS_0000016d3af8fbc0_0_20, LS_0000016d3af8fbc0_0_24, LS_0000016d3af8fbc0_0_28;
L_0000016d3af8fbc0 .concat [ 16 16 0 0], LS_0000016d3af8fbc0_1_0, LS_0000016d3af8fbc0_1_4;
S_0000016d3af12260 .scope module, "u_writeback" "writeback" 3 820, 12 1 0, S_0000016d3aca99e0;
 .timescale -9 -12;
    .port_info 0 /INPUT 32 "AluResult";
    .port_info 1 /INPUT 32 "LoadData";
    .port_info 2 /INPUT 32 "pc_plus4";
    .port_info 3 /INPUT 32 "Offset";
    .port_info 4 /INPUT 1 "MemToReg";
    .port_info 5 /INPUT 1 "lui";
    .port_info 6 /INPUT 1 "Jump";
    .port_info 7 /OUTPUT 32 "WriteData";
v0000016d3af13320_0 .net "AluResult", 31 0, v0000016d3af305b0_0;  1 drivers
v0000016d3af13f00_0 .net "Jump", 0 0, v0000016d3af32090_0;  1 drivers
v0000016d3af124c0_0 .net "LoadData", 31 0, v0000016d3af32770_0;  1 drivers
v0000016d3af13820_0 .net "MemToReg", 0 0, v0000016d3af33670_0;  1 drivers
v0000016d3af12b00_0 .net "Offset", 31 0, v0000016d3af32590_0;  1 drivers
v0000016d3af12560_0 .net "WriteData", 31 0, L_0000016d3af8ef40;  alias, 1 drivers
v0000016d3af140e0_0 .net *"_ivl_0", 31 0, L_0000016d3af8e900;  1 drivers
v0000016d3af133c0_0 .net *"_ivl_2", 31 0, L_0000016d3af8fb20;  1 drivers
v0000016d3af12ba0_0 .net "lui", 0 0, v0000016d3af33850_0;  1 drivers
v0000016d3af12c40_0 .net "pc_plus4", 31 0, v0000016d3af32630_0;  1 drivers
L_0000016d3af8e900 .functor MUXZ 32, v0000016d3af305b0_0, v0000016d3af32770_0, v0000016d3af33670_0, C4<>;
L_0000016d3af8fb20 .functor MUXZ 32, L_0000016d3af8e900, v0000016d3af32590_0, v0000016d3af33850_0, C4<>;
L_0000016d3af8ef40 .functor MUXZ 32, L_0000016d3af8fb20, v0000016d3af32630_0, v0000016d3af32090_0, C4<>;
S_0000016d3af1ac80 .scope module, "u_dmem" "memory" 2 88, 13 8 0, S_0000016d3aca9850;
 .timescale -9 -12;
    .port_info 0 /INPUT 1 "i_clk";
    .port_info 1 /INPUT 1 "i_rst";
    .port_info 2 /OUTPUT 1 "o_ready";
    .port_info 3 /INPUT 32 "i_addr";
    .port_info 4 /INPUT 1 "i_ren";
    .port_info 5 /INPUT 1 "i_wen";
    .port_info 6 /INPUT 4 "i_mask";
    .port_info 7 /INPUT 32 "i_wdata";
    .port_info 8 /OUTPUT 1 "o_valid";
    .port_info 9 /OUTPUT 32 "o_addr";
    .port_info 10 /OUTPUT 1 "o_wdone";
    .port_info 11 /OUTPUT 32 "o_rdata";
P_0000016d3ac6c980 .param/l "INTERVAL" 0 13 14, +C4<00000000000000000000000000000010>;
P_0000016d3ac6c9b8 .param/l "LATENCY" 0 13 12, +C4<00000000000000000000000000000100>;
P_0000016d3ac6c9f0 .param/l "SIZE" 0 13 10, +C4<00000000000000000000000100000000>;
L_0000016d3afaa4f0 .functor NOT 1, v0000016d3af29210_0, C4<0>, C4<0>, C4<0>;
L_0000016d3afaa330 .functor AND 1, L_0000016d3afaa4f0, L_0000016d3af8f1c0, C4<1>, C4<1>;
v0000016d3af36910_2 .array/port v0000016d3af36910, 2;
L_0000016d3afaa090 .functor BUFZ 32, v0000016d3af36910_2, C4<00000000000000000000000000000000>, C4<00000000000000000000000000000000>, C4<00000000000000000000000000000000>;
v0000016d3af34930_2 .array/port v0000016d3af34930, 2;
L_0000016d3afaabf0 .functor BUFZ 4, v0000016d3af34930_2, C4<0000>, C4<0000>, C4<0000>;
v0000016d3af36a50_2 .array/port v0000016d3af36a50, 2;
L_0000016d3afaae90 .functor BUFZ 32, v0000016d3af36a50_2, C4<00000000000000000000000000000000>, C4<00000000000000000000000000000000>, C4<00000000000000000000000000000000>;
v0000016d3af36910_3 .array/port v0000016d3af36910, 3;
L_0000016d3afaa170 .functor BUFZ 32, v0000016d3af36910_3, C4<00000000000000000000000000000000>, C4<00000000000000000000000000000000>, C4<00000000000000000000000000000000>;
v0000016d3af369b0_3 .array/port v0000016d3af369b0, 3;
L_0000016d3afaafe0 .functor BUFZ 1, v0000016d3af369b0_3, C4<0>, C4<0>, C4<0>;
v0000016d3af36af0_2 .array/port v0000016d3af36af0, 2;
L_0000016d3afaa720 .functor BUFZ 1, v0000016d3af36af0_2, C4<0>, C4<0>, C4<0>;
L_0000016d3afab130 .functor BUFZ 32, L_0000016d3af8fee0, C4<00000000000000000000000000000000>, C4<00000000000000000000000000000000>, C4<00000000000000000000000000000000>;
L_0000016d3afa9b50 .functor BUFZ 32, L_0000016d3afaa170, C4<00000000000000000000000000000000>, C4<00000000000000000000000000000000>, C4<00000000000000000000000000000000>;
L_0000016d3afaa1e0 .functor BUFZ 1, L_0000016d3afaafe0, C4<0>, C4<0>, C4<0>;
L_0000016d3afaacd0 .functor BUFZ 1, L_0000016d3afaa720, C4<0>, C4<0>, C4<0>;
L_0000016d3afa9ca0 .functor BUFZ 1, L_0000016d3afaa330, C4<0>, C4<0>, C4<0>;
v0000016d3af367d0_0 .net *"_ivl_0", 0 0, L_0000016d3afaa4f0;  1 drivers
v0000016d3af34890_0 .net *"_ivl_2", 31 0, L_0000016d3af8fd00;  1 drivers
v0000016d3af34e30_0 .net *"_ivl_32", 7 0, L_0000016d3af90f20;  1 drivers
L_0000016d3af3e310 .functor BUFT 1, C4<00000000000000000000000000000011>, C4<0>, C4<0>, C4<0>;
v0000016d3af35e70_0 .net/2u *"_ivl_34", 31 0, L_0000016d3af3e310;  1 drivers
v0000016d3af35f10_0 .net *"_ivl_36", 31 0, L_0000016d3af8f3a0;  1 drivers
v0000016d3af34f70_0 .net *"_ivl_38", 7 0, L_0000016d3af90020;  1 drivers
L_0000016d3af3e358 .functor BUFT 1, C4<00000000000000000000000000000010>, C4<0>, C4<0>, C4<0>;
v0000016d3af36370_0 .net/2u *"_ivl_40", 31 0, L_0000016d3af3e358;  1 drivers
v0000016d3af355b0_0 .net *"_ivl_42", 31 0, L_0000016d3af90b60;  1 drivers
v0000016d3af36870_0 .net *"_ivl_44", 7 0, L_0000016d3af8f800;  1 drivers
L_0000016d3af3e3a0 .functor BUFT 1, C4<00000000000000000000000000000001>, C4<0>, C4<0>, C4<0>;
v0000016d3af360f0_0 .net/2u *"_ivl_46", 31 0, L_0000016d3af3e3a0;  1 drivers
v0000016d3af35010_0 .net *"_ivl_48", 31 0, L_0000016d3af8f4e0;  1 drivers
L_0000016d3af3e280 .functor BUFT 1, C4<0000000000000000000000000000000>, C4<0>, C4<0>, C4<0>;
v0000016d3af35290_0 .net *"_ivl_5", 30 0, L_0000016d3af3e280;  1 drivers
v0000016d3af35a10_0 .net *"_ivl_50", 7 0, L_0000016d3af90c00;  1 drivers
L_0000016d3af3e3e8 .functor BUFT 1, C4<00000000000000000000000000000000>, C4<0>, C4<0>, C4<0>;
v0000016d3af36410_0 .net/2u *"_ivl_52", 31 0, L_0000016d3af3e3e8;  1 drivers
v0000016d3af36550_0 .net *"_ivl_54", 31 0, L_0000016d3af8f8a0;  1 drivers
L_0000016d3af3e2c8 .functor BUFT 1, C4<00000000000000000000000000000000>, C4<0>, C4<0>, C4<0>;
v0000016d3af35b50_0 .net/2u *"_ivl_6", 31 0, L_0000016d3af3e2c8;  1 drivers
v0000016d3af35650_0 .net *"_ivl_8", 0 0, L_0000016d3af8f1c0;  1 drivers
v0000016d3af36910 .array "addrs", 3 0, 31 0;
v0000016d3af34a70_0 .net "i_addr", 31 0, L_0000016d3afb0990;  alias, 1 drivers
v0000016d3af356f0_0 .net "i_clk", 0 0, v0000016d3af27ff0_0;  alias, 1 drivers
v0000016d3af35970_0 .net "i_mask", 3 0, L_0000016d3af8f620;  alias, 1 drivers
v0000016d3af35330_0 .net "i_ren", 0 0, L_0000016d3afb0ed0;  alias, 1 drivers
v0000016d3af353d0_0 .net "i_rst", 0 0, v0000016d3af29210_0;  alias, 1 drivers
v0000016d3af34d90_0 .net "i_wdata", 31 0, L_0000016d3afb0a00;  alias, 1 drivers
v0000016d3af35bf0_0 .net "i_wen", 0 0, L_0000016d3afb0c30;  alias, 1 drivers
v0000016d3af349d0_0 .var "interval_counter", 0 0;
v0000016d3af34b10_0 .net "mask", 3 0, L_0000016d3afaabf0;  1 drivers
v0000016d3af34930 .array "masks", 3 0, 3 0;
v0000016d3af365f0 .array "mem", 255 0, 7 0;
v0000016d3af34bb0_0 .net "o_addr", 31 0, L_0000016d3afa9b50;  1 drivers
v0000016d3af35fb0_0 .net "o_rdata", 31 0, L_0000016d3afab130;  alias, 1 drivers
v0000016d3af35470_0 .net "o_ready", 0 0, L_0000016d3afa9ca0;  alias, 1 drivers
v0000016d3af35790_0 .net "o_valid", 0 0, L_0000016d3afaa1e0;  alias, 1 drivers
v0000016d3af35510_0 .net "o_wdone", 0 0, L_0000016d3afaacd0;  alias, 1 drivers
v0000016d3af34c50_0 .net "raddr", 31 0, v0000016d3af36910_3;  1 drivers
v0000016d3af35830_0 .net "ready", 0 0, L_0000016d3afaa330;  1 drivers
v0000016d3af35ab0_0 .net "ren", 0 0, v0000016d3af369b0_3;  1 drivers
v0000016d3af369b0 .array "rens", 3 0, 0 0;
v0000016d3af358d0_0 .net "res_addr", 31 0, L_0000016d3afaa170;  1 drivers
v0000016d3af35c90_0 .net "res_rdata", 31 0, L_0000016d3af8fee0;  1 drivers
v0000016d3af36c30_0 .net "res_valid", 0 0, L_0000016d3afaafe0;  1 drivers
v0000016d3af34cf0_0 .net "res_wdone", 0 0, L_0000016d3afaa720;  1 drivers
v0000016d3af34ed0_0 .net "waddr", 31 0, L_0000016d3afaa090;  1 drivers
v0000016d3af35d30_0 .net "wdata", 31 0, L_0000016d3afaae90;  1 drivers
v0000016d3af36a50 .array "wdatas", 3 0, 31 0;
v0000016d3af36190_0 .net "wen", 0 0, v0000016d3af36af0_2;  1 drivers
v0000016d3af36af0 .array "wens", 3 0, 0 0;
L_0000016d3af8fd00 .concat [ 1 31 0 0], v0000016d3af349d0_0, L_0000016d3af3e280;
L_0000016d3af8f1c0 .cmp/eq 32, L_0000016d3af8fd00, L_0000016d3af3e2c8;
L_0000016d3af90f20 .array/port v0000016d3af365f0, L_0000016d3af8f3a0;
L_0000016d3af8f3a0 .arith/sum 32, v0000016d3af36910_3, L_0000016d3af3e310;
L_0000016d3af90020 .array/port v0000016d3af365f0, L_0000016d3af90b60;
L_0000016d3af90b60 .arith/sum 32, v0000016d3af36910_3, L_0000016d3af3e358;
L_0000016d3af8f800 .array/port v0000016d3af365f0, L_0000016d3af8f4e0;
L_0000016d3af8f4e0 .arith/sum 32, v0000016d3af36910_3, L_0000016d3af3e3a0;
L_0000016d3af90c00 .array/port v0000016d3af365f0, L_0000016d3af8f8a0;
L_0000016d3af8f8a0 .arith/sum 32, v0000016d3af36910_3, L_0000016d3af3e3e8;
L_0000016d3af8fee0 .concat [ 8 8 8 8], L_0000016d3af90c00, L_0000016d3af8f800, L_0000016d3af90020, L_0000016d3af90f20;
S_0000016d3af38f40 .scope generate, "genblk1[1]" "genblk1[1]" 13 102, 13 102 0, S_0000016d3af1ac80;
 .timescale -9 -12;
P_0000016d3ae4d800 .param/l "i" 0 13 102, +C4<01>;
S_0000016d3af39580 .scope generate, "genblk1[2]" "genblk1[2]" 13 102, 13 102 0, S_0000016d3af1ac80;
 .timescale -9 -12;
P_0000016d3ae4de80 .param/l "i" 0 13 102, +C4<010>;
S_0000016d3af398a0 .scope generate, "genblk1[3]" "genblk1[3]" 13 102, 13 102 0, S_0000016d3af1ac80;
 .timescale -9 -12;
P_0000016d3ae4dd00 .param/l "i" 0 13 102, +C4<011>;
S_0000016d3af393f0 .scope module, "u_imem" "memory" 2 69, 13 8 0, S_0000016d3aca9850;
 .timescale -9 -12;
    .port_info 0 /INPUT 1 "i_clk";
    .port_info 1 /INPUT 1 "i_rst";
    .port_info 2 /OUTPUT 1 "o_ready";
    .port_info 3 /INPUT 32 "i_addr";
    .port_info 4 /INPUT 1 "i_ren";
    .port_info 5 /INPUT 1 "i_wen";
    .port_info 6 /INPUT 4 "i_mask";
    .port_info 7 /INPUT 32 "i_wdata";
    .port_info 8 /OUTPUT 1 "o_valid";
    .port_info 9 /OUTPUT 32 "o_addr";
    .port_info 10 /OUTPUT 1 "o_wdone";
    .port_info 11 /OUTPUT 32 "o_rdata";
P_0000016d3ac6aca0 .param/l "INTERVAL" 0 13 14, +C4<00000000000000000000000000000010>;
P_0000016d3ac6acd8 .param/l "LATENCY" 0 13 12, +C4<00000000000000000000000000000100>;
P_0000016d3ac6ad10 .param/l "SIZE" 0 13 10, +C4<00000000000000000000000100000000>;
L_0000016d3afa97d0 .functor NOT 1, v0000016d3af29210_0, C4<0>, C4<0>, C4<0>;
L_0000016d3afaa410 .functor AND 1, L_0000016d3afa97d0, L_0000016d3af8efe0, C4<1>, C4<1>;
v0000016d3af37310_2 .array/port v0000016d3af37310, 2;
L_0000016d3afa9df0 .functor BUFZ 32, v0000016d3af37310_2, C4<00000000000000000000000000000000>, C4<00000000000000000000000000000000>, C4<00000000000000000000000000000000>;
v0000016d3af37c70_2 .array/port v0000016d3af37c70, 2;
L_0000016d3afa9990 .functor BUFZ 4, v0000016d3af37c70_2, C4<0000>, C4<0000>, C4<0000>;
v0000016d3af2a4d0_2 .array/port v0000016d3af2a4d0, 2;
L_0000016d3afaa950 .functor BUFZ 32, v0000016d3af2a4d0_2, C4<00000000000000000000000000000000>, C4<00000000000000000000000000000000>, C4<00000000000000000000000000000000>;
v0000016d3af37310_3 .array/port v0000016d3af37310, 3;
L_0000016d3afaa2c0 .functor BUFZ 32, v0000016d3af37310_3, C4<00000000000000000000000000000000>, C4<00000000000000000000000000000000>, C4<00000000000000000000000000000000>;
v0000016d3af28090_3 .array/port v0000016d3af28090, 3;
L_0000016d3afa9d10 .functor BUFZ 1, v0000016d3af28090_3, C4<0>, C4<0>, C4<0>;
v0000016d3af2a6b0_2 .array/port v0000016d3af2a6b0, 2;
L_0000016d3afa9a00 .functor BUFZ 1, v0000016d3af2a6b0_2, C4<0>, C4<0>, C4<0>;
L_0000016d3afaa9c0 .functor BUFZ 32, L_0000016d3af900c0, C4<00000000000000000000000000000000>, C4<00000000000000000000000000000000>, C4<00000000000000000000000000000000>;
L_0000016d3afa9f40 .functor BUFZ 32, L_0000016d3afaa2c0, C4<00000000000000000000000000000000>, C4<00000000000000000000000000000000>, C4<00000000000000000000000000000000>;
L_0000016d3afa9fb0 .functor BUFZ 1, L_0000016d3afa9d10, C4<0>, C4<0>, C4<0>;
L_0000016d3afaab80 .functor BUFZ 1, L_0000016d3afa9a00, C4<0>, C4<0>, C4<0>;
L_0000016d3afaa020 .functor BUFZ 1, L_0000016d3afaa410, C4<0>, C4<0>, C4<0>;
v0000016d3af362d0_0 .net *"_ivl_0", 0 0, L_0000016d3afa97d0;  1 drivers
v0000016d3af364b0_0 .net *"_ivl_2", 31 0, L_0000016d3af90660;  1 drivers
v0000016d3af36b90_0 .net *"_ivl_32", 7 0, L_0000016d3af8f120;  1 drivers
L_0000016d3af3e088 .functor BUFT 1, C4<00000000000000000000000000000011>, C4<0>, C4<0>, C4<0>;
v0000016d3af36e10_0 .net/2u *"_ivl_34", 31 0, L_0000016d3af3e088;  1 drivers
v0000016d3af36eb0_0 .net *"_ivl_36", 31 0, L_0000016d3af90ca0;  1 drivers
v0000016d3af34750_0 .net *"_ivl_38", 7 0, L_0000016d3af8f080;  1 drivers
L_0000016d3af3e0d0 .functor BUFT 1, C4<00000000000000000000000000000010>, C4<0>, C4<0>, C4<0>;
v0000016d3af347f0_0 .net/2u *"_ivl_40", 31 0, L_0000016d3af3e0d0;  1 drivers
v0000016d3af379f0_0 .net *"_ivl_42", 31 0, L_0000016d3af8ff80;  1 drivers
v0000016d3af378b0_0 .net *"_ivl_44", 7 0, L_0000016d3af8f6c0;  1 drivers
L_0000016d3af3e118 .functor BUFT 1, C4<00000000000000000000000000000001>, C4<0>, C4<0>, C4<0>;
v0000016d3af373b0_0 .net/2u *"_ivl_46", 31 0, L_0000016d3af3e118;  1 drivers
v0000016d3af37090_0 .net *"_ivl_48", 31 0, L_0000016d3af8fe40;  1 drivers
L_0000016d3af3dff8 .functor BUFT 1, C4<0000000000000000000000000000000>, C4<0>, C4<0>, C4<0>;
v0000016d3af37810_0 .net *"_ivl_5", 30 0, L_0000016d3af3dff8;  1 drivers
v0000016d3af37590_0 .net *"_ivl_50", 7 0, L_0000016d3af90e80;  1 drivers
L_0000016d3af3e160 .functor BUFT 1, C4<00000000000000000000000000000000>, C4<0>, C4<0>, C4<0>;
v0000016d3af37130_0 .net/2u *"_ivl_52", 31 0, L_0000016d3af3e160;  1 drivers
v0000016d3af37a90_0 .net *"_ivl_54", 31 0, L_0000016d3af90200;  1 drivers
L_0000016d3af3e040 .functor BUFT 1, C4<00000000000000000000000000000000>, C4<0>, C4<0>, C4<0>;
v0000016d3af37950_0 .net/2u *"_ivl_6", 31 0, L_0000016d3af3e040;  1 drivers
v0000016d3af37630_0 .net *"_ivl_8", 0 0, L_0000016d3af8efe0;  1 drivers
v0000016d3af37310 .array "addrs", 3 0, 31 0;
v0000016d3af37770_0 .net "i_addr", 31 0, L_0000016d3afa75f0;  alias, 1 drivers
v0000016d3af371d0_0 .net "i_clk", 0 0, v0000016d3af27ff0_0;  alias, 1 drivers
L_0000016d3af3e1f0 .functor BUFT 1, C4<1111>, C4<0>, C4<0>, C4<0>;
v0000016d3af37270_0 .net "i_mask", 3 0, L_0000016d3af3e1f0;  1 drivers
v0000016d3af37bd0_0 .net "i_ren", 0 0, L_0000016d3afa7900;  alias, 1 drivers
v0000016d3af36f50_0 .net "i_rst", 0 0, v0000016d3af29210_0;  alias, 1 drivers
L_0000016d3af3e238 .functor BUFT 1, C4<00000000000000000000000000000000>, C4<0>, C4<0>, C4<0>;
v0000016d3af37db0_0 .net "i_wdata", 31 0, L_0000016d3af3e238;  1 drivers
L_0000016d3af3e1a8 .functor BUFT 1, C4<0>, C4<0>, C4<0>, C4<0>;
v0000016d3af37b30_0 .net "i_wen", 0 0, L_0000016d3af3e1a8;  1 drivers
v0000016d3af36ff0_0 .var "interval_counter", 0 0;
v0000016d3af374f0_0 .net "mask", 3 0, L_0000016d3afa9990;  1 drivers
v0000016d3af37c70 .array "masks", 3 0, 3 0;
v0000016d3af376d0 .array "mem", 255 0, 7 0;
v0000016d3af37450_0 .net "o_addr", 31 0, L_0000016d3afa9f40;  1 drivers
v0000016d3af37d10_0 .net "o_rdata", 31 0, L_0000016d3afaa9c0;  alias, 1 drivers
v0000016d3af281d0_0 .net "o_ready", 0 0, L_0000016d3afaa020;  alias, 1 drivers
v0000016d3af28450_0 .net "o_valid", 0 0, L_0000016d3afa9fb0;  alias, 1 drivers
v0000016d3af29490_0 .net "o_wdone", 0 0, L_0000016d3afaab80;  1 drivers
v0000016d3af28950_0 .net "raddr", 31 0, v0000016d3af37310_3;  1 drivers
v0000016d3af29990_0 .net "ready", 0 0, L_0000016d3afaa410;  1 drivers
v0000016d3af289f0_0 .net "ren", 0 0, v0000016d3af28090_3;  1 drivers
v0000016d3af28090 .array "rens", 3 0, 0 0;
v0000016d3af2a610_0 .net "res_addr", 31 0, L_0000016d3afaa2c0;  1 drivers
v0000016d3af28a90_0 .net "res_rdata", 31 0, L_0000016d3af900c0;  1 drivers
v0000016d3af2a570_0 .net "res_valid", 0 0, L_0000016d3afa9d10;  1 drivers
v0000016d3af28b30_0 .net "res_wdone", 0 0, L_0000016d3afa9a00;  1 drivers
v0000016d3af292b0_0 .net "waddr", 31 0, L_0000016d3afa9df0;  1 drivers
v0000016d3af28d10_0 .net "wdata", 31 0, L_0000016d3afaa950;  1 drivers
v0000016d3af2a4d0 .array "wdatas", 3 0, 31 0;
v0000016d3af2a110_0 .net "wen", 0 0, v0000016d3af2a6b0_2;  1 drivers
v0000016d3af2a6b0 .array "wens", 3 0, 0 0;
L_0000016d3af90660 .concat [ 1 31 0 0], v0000016d3af36ff0_0, L_0000016d3af3dff8;
L_0000016d3af8efe0 .cmp/eq 32, L_0000016d3af90660, L_0000016d3af3e040;
L_0000016d3af8f120 .array/port v0000016d3af376d0, L_0000016d3af90ca0;
L_0000016d3af90ca0 .arith/sum 32, v0000016d3af37310_3, L_0000016d3af3e088;
L_0000016d3af8f080 .array/port v0000016d3af376d0, L_0000016d3af8ff80;
L_0000016d3af8ff80 .arith/sum 32, v0000016d3af37310_3, L_0000016d3af3e0d0;
L_0000016d3af8f6c0 .array/port v0000016d3af376d0, L_0000016d3af8fe40;
L_0000016d3af8fe40 .arith/sum 32, v0000016d3af37310_3, L_0000016d3af3e118;
L_0000016d3af90e80 .array/port v0000016d3af376d0, L_0000016d3af90200;
L_0000016d3af90200 .arith/sum 32, v0000016d3af37310_3, L_0000016d3af3e160;
L_0000016d3af900c0 .concat [ 8 8 8 8], L_0000016d3af90e80, L_0000016d3af8f6c0, L_0000016d3af8f080, L_0000016d3af8f120;
S_0000016d3af39710 .scope generate, "genblk1[1]" "genblk1[1]" 13 102, 13 102 0, S_0000016d3af393f0;
 .timescale -9 -12;
P_0000016d3ae4e0c0 .param/l "i" 0 13 102, +C4<01>;
S_0000016d3af39a30 .scope generate, "genblk1[2]" "genblk1[2]" 13 102, 13 102 0, S_0000016d3af393f0;
 .timescale -9 -12;
P_0000016d3ae4dd40 .param/l "i" 0 13 102, +C4<010>;
S_0000016d3af39bc0 .scope generate, "genblk1[3]" "genblk1[3]" 13 102, 13 102 0, S_0000016d3af393f0;
 .timescale -9 -12;
P_0000016d3ae4e180 .param/l "i" 0 13 102, +C4<011>;
S_0000016d3af39d50 .scope task, "write_inst" "write_inst" 2 109, 2 109 0, S_0000016d3aca9850;
 .timescale -9 -12;
v0000016d3af290d0_0 .var "addr", 31 0;
v0000016d3af2a430_0 .var "word", 31 0;
TD_unit_hart_tb.write_inst ;
    %load/vec4 v0000016d3af2a430_0;
    %parti/s 8, 0, 2;
    %load/vec4 v0000016d3af290d0_0;
    %addi 0, 0, 32;
    %ix/vec4 4;
    %store/vec4a v0000016d3af376d0, 4, 0;
    %load/vec4 v0000016d3af2a430_0;
    %parti/s 8, 8, 5;
    %load/vec4 v0000016d3af290d0_0;
    %addi 1, 0, 32;
    %ix/vec4 4;
    %store/vec4a v0000016d3af376d0, 4, 0;
    %load/vec4 v0000016d3af2a430_0;
    %parti/s 8, 16, 6;
    %load/vec4 v0000016d3af290d0_0;
    %addi 2, 0, 32;
    %ix/vec4 4;
    %store/vec4a v0000016d3af376d0, 4, 0;
    %load/vec4 v0000016d3af2a430_0;
    %parti/s 8, 24, 6;
    %load/vec4 v0000016d3af290d0_0;
    %addi 3, 0, 32;
    %ix/vec4 4;
    %store/vec4a v0000016d3af376d0, 4, 0;
    %end;
    .scope S_0000016d3a7b64a0;
T_5 ;
    %wait E_0000016d3ae4d6c0;
    %load/vec4 v0000016d3af17380_0;
    %flag_set/vec4 8;
    %jmp/0xz  T_5.0, 8;
    %pushi/vec4 0, 0, 2;
    %assign/vec4 v0000016d3af19220_0, 0;
    %pushi/vec4 0, 0, 23;
    %assign/vec4 v0000016d3af15a80_0, 0;
    %pushi/vec4 0, 0, 5;
    %assign/vec4 v0000016d3af15440_0, 0;
    %pushi/vec4 0, 0, 2;
    %assign/vec4 v0000016d3af188c0_0, 0;
    %pushi/vec4 0, 0, 1;
    %assign/vec4 v0000016d3af15d00_0, 0;
    %pushi/vec4 0, 0, 1;
    %assign/vec4 v0000016d3af15760_0, 0;
    %pushi/vec4 0, 0, 4;
    %assign/vec4 v0000016d3af153a0_0, 0;
    %pushi/vec4 0, 0, 32;
    %assign/vec4 v0000016d3af15da0_0, 0;
    %pushi/vec4 0, 0, 2;
    %assign/vec4 v0000016d3af18a00_0, 0;
    %pushi/vec4 0, 0, 3;
    %assign/vec4 v0000016d3af18c80_0, 0;
    %pushi/vec4 0, 0, 3;
    %assign/vec4 v0000016d3af18820_0, 0;
    %pushi/vec4 0, 0, 4;
    %assign/vec4 v0000016d3af18780_0, 0;
    %pushi/vec4 0, 0, 32;
    %store/vec4 v0000016d3af17c40_0, 0, 32;
T_5.2 ;
    %load/vec4 v0000016d3af17c40_0;
    %cmpi/s 32, 0, 32;
    %jmp/0xz T_5.3, 5;
    %pushi/vec4 0, 0, 2;
    %ix/getv/s 3, v0000016d3af17c40_0;
    %ix/load 4, 0, 0; Constant delay
    %assign/vec4/a/d v0000016d3af195e0, 0, 4;
    %pushi/vec4 0, 0, 1;
    %ix/getv/s 3, v0000016d3af17c40_0;
    %ix/load 4, 0, 0; Constant delay
    %assign/vec4/a/d v0000016d3af14e00, 0, 4;
    %pushi/vec4 0, 0, 23;
    %ix/getv/s 3, v0000016d3af17c40_0;
    %ix/load 4, 0, 0; Constant delay
    %assign/vec4/a/d v0000016d3af17ec0, 0, 4;
    %pushi/vec4 0, 0, 23;
    %ix/getv/s 3, v0000016d3af17c40_0;
    %ix/load 4, 0, 0; Constant delay
    %assign/vec4/a/d v0000016d3af17ce0, 0, 4;
    %pushi/vec4 0, 0, 32;
    %store/vec4 v0000016d3af17e20_0, 0, 32;
T_5.4 ;
    %load/vec4 v0000016d3af17e20_0;
    %cmpi/s 4, 0, 32;
    %jmp/0xz T_5.5, 5;
    %pushi/vec4 0, 0, 32;
    %load/vec4 v0000016d3af17c40_0;
    %pad/s 35;
    %pad/s 37;
    %muli 4, 0, 37;
    %pad/s 38;
    %load/vec4 v0000016d3af17e20_0;
    %pad/s 38;
    %add;
    %ix/vec4/s 3;
    %ix/load 4, 0, 0; Constant delay
    %assign/vec4/a/d v0000016d3af15120, 0, 4;
    %pushi/vec4 0, 0, 32;
    %load/vec4 v0000016d3af17c40_0;
    %pad/s 35;
    %pad/s 37;
    %muli 4, 0, 37;
    %pad/s 38;
    %load/vec4 v0000016d3af17e20_0;
    %pad/s 38;
    %add;
    %ix/vec4/s 3;
    %ix/load 4, 0, 0; Constant delay
    %assign/vec4/a/d v0000016d3af16ac0, 0, 4;
    %load/vec4 v0000016d3af17e20_0;
    %addi 1, 0, 32;
    %store/vec4 v0000016d3af17e20_0, 0, 32;
    %jmp T_5.4;
T_5.5 ;
    %load/vec4 v0000016d3af17c40_0;
    %addi 1, 0, 32;
    %store/vec4 v0000016d3af17c40_0, 0, 32;
    %jmp T_5.2;
T_5.3 ;
    %pushi/vec4 0, 0, 32;
    %store/vec4 v0000016d3af186e0_0, 0, 32;
T_5.6 ;
    %load/vec4 v0000016d3af186e0_0;
    %cmpi/s 8, 0, 32;
    %jmp/0xz T_5.7, 5;
    %pushi/vec4 0, 0, 32;
    %ix/getv/s 3, v0000016d3af186e0_0;
    %ix/load 4, 0, 0; Constant delay
    %assign/vec4/a/d v0000016d3af18e60, 0, 4;
    %pushi/vec4 0, 0, 32;
    %ix/getv/s 3, v0000016d3af186e0_0;
    %ix/load 4, 0, 0; Constant delay
    %assign/vec4/a/d v0000016d3af18aa0, 0, 4;
    %load/vec4 v0000016d3af186e0_0;
    %addi 1, 0, 32;
    %store/vec4 v0000016d3af186e0_0, 0, 32;
    %jmp T_5.6;
T_5.7 ;
    %jmp T_5.1;
T_5.0 ;
    %load/vec4 v0000016d3af19360_0;
    %flag_set/vec4 8;
    %jmp/0xz  T_5.8, 8;
    %load/vec4 v0000016d3af17880_0;
    %load/vec4 v0000016d3af18820_0;
    %pad/u 5;
    %ix/vec4 3;
    %ix/load 4, 0, 0; Constant delay
    %assign/vec4/a/d v0000016d3af18e60, 0, 4;
    %load/vec4 v0000016d3af17ba0_0;
    %load/vec4 v0000016d3af18820_0;
    %pad/u 5;
    %ix/vec4 3;
    %ix/load 4, 0, 0; Constant delay
    %assign/vec4/a/d v0000016d3af18aa0, 0, 4;
T_5.8 ;
    %load/vec4 v0000016d3af17d80_0;
    %flag_set/vec4 8;
    %jmp/0xz  T_5.10, 8;
    %load/vec4 v0000016d3af18c80_0;
    %addi 1, 0, 3;
    %assign/vec4 v0000016d3af18c80_0, 0;
T_5.10 ;
    %load/vec4 v0000016d3af19360_0;
    %flag_set/vec4 8;
    %jmp/0xz  T_5.12, 8;
    %load/vec4 v0000016d3af18820_0;
    %addi 1, 0, 3;
    %assign/vec4 v0000016d3af18820_0, 0;
T_5.12 ;
    %load/vec4 v0000016d3af19360_0;
    %load/vec4 v0000016d3af17d80_0;
    %concat/vec4; draw_concat_vec4
    %dup/vec4;
    %pushi/vec4 2, 0, 2;
    %cmp/u;
    %jmp/1 T_5.14, 6;
    %dup/vec4;
    %pushi/vec4 1, 0, 2;
    %cmp/u;
    %jmp/1 T_5.15, 6;
    %load/vec4 v0000016d3af18780_0;
    %assign/vec4 v0000016d3af18780_0, 0;
    %jmp T_5.17;
T_5.14 ;
    %load/vec4 v0000016d3af18780_0;
    %addi 1, 0, 4;
    %assign/vec4 v0000016d3af18780_0, 0;
    %jmp T_5.17;
T_5.15 ;
    %load/vec4 v0000016d3af18780_0;
    %subi 1, 0, 4;
    %assign/vec4 v0000016d3af18780_0, 0;
    %jmp T_5.17;
T_5.17 ;
    %pop/vec4 1;
    %load/vec4 v0000016d3af19220_0;
    %dup/vec4;
    %pushi/vec4 0, 0, 2;
    %cmp/u;
    %jmp/1 T_5.18, 6;
    %dup/vec4;
    %pushi/vec4 1, 0, 2;
    %cmp/u;
    %jmp/1 T_5.19, 6;
    %dup/vec4;
    %pushi/vec4 2, 0, 2;
    %cmp/u;
    %jmp/1 T_5.20, 6;
    %dup/vec4;
    %pushi/vec4 3, 0, 2;
    %cmp/u;
    %jmp/1 T_5.21, 6;
    %pushi/vec4 0, 0, 2;
    %assign/vec4 v0000016d3af19220_0, 0;
    %jmp T_5.23;
T_5.18 ;
    %load/vec4 v0000016d3af16c00_0;
    %load/vec4 v0000016d3af16ca0_0;
    %and;
    %flag_set/vec4 8;
    %jmp/0xz  T_5.24, 8;
    %load/vec4 v0000016d3af18dc0_0;
    %flag_set/vec4 8;
    %jmp/0xz  T_5.26, 8;
    %pushi/vec4 1, 0, 1;
    %load/vec4 v0000016d3af18d20_0;
    %pad/u 7;
    %ix/vec4 3;
    %ix/load 4, 0, 0; Constant delay
    %assign/vec4/a/d v0000016d3af14e00, 0, 4;
    %jmp T_5.27;
T_5.26 ;
    %load/vec4 v0000016d3af181e0_0;
    %flag_set/vec4 8;
    %jmp/0xz  T_5.28, 8;
    %pushi/vec4 0, 0, 1;
    %load/vec4 v0000016d3af18d20_0;
    %pad/u 7;
    %ix/vec4 3;
    %ix/load 4, 0, 0; Constant delay
    %assign/vec4/a/d v0000016d3af14e00, 0, 4;
T_5.28 ;
T_5.27 ;
    %jmp T_5.25;
T_5.24 ;
    %load/vec4 v0000016d3af17600_0;
    %flag_set/vec4 8;
    %jmp/0xz  T_5.30, 8;
    %load/vec4 v0000016d3af18dc0_0;
    %flag_set/vec4 8;
    %jmp/0xz  T_5.32, 8;
    %load/vec4 v0000016d3af156c0_0;
    %load/vec4 v0000016d3af18d20_0;
    %pad/u 10;
    %pad/u 12;
    %muli 4, 0, 12;
    %pad/u 13;
    %load/vec4 v0000016d3af19180_0;
    %pad/u 4;
    %pad/u 13;
    %add;
    %ix/vec4 3;
    %ix/load 4, 0, 0; Constant delay
    %assign/vec4/a/d v0000016d3af15120, 0, 4;
    %jmp T_5.33;
T_5.32 ;
    %load/vec4 v0000016d3af156c0_0;
    %load/vec4 v0000016d3af18d20_0;
    %pad/u 10;
    %pad/u 12;
    %muli 4, 0, 12;
    %pad/u 13;
    %load/vec4 v0000016d3af19180_0;
    %pad/u 4;
    %pad/u 13;
    %add;
    %ix/vec4 3;
    %ix/load 4, 0, 0; Constant delay
    %assign/vec4/a/d v0000016d3af16ac0, 0, 4;
T_5.33 ;
    %load/vec4 v0000016d3af18dc0_0;
    %flag_set/vec4 8;
    %jmp/0xz  T_5.34, 8;
    %pushi/vec4 1, 0, 1;
    %load/vec4 v0000016d3af18d20_0;
    %pad/u 7;
    %ix/vec4 3;
    %ix/load 4, 0, 0; Constant delay
    %assign/vec4/a/d v0000016d3af14e00, 0, 4;
    %jmp T_5.35;
T_5.34 ;
    %load/vec4 v0000016d3af181e0_0;
    %flag_set/vec4 8;
    %jmp/0xz  T_5.36, 8;
    %pushi/vec4 0, 0, 1;
    %load/vec4 v0000016d3af18d20_0;
    %pad/u 7;
    %ix/vec4 3;
    %ix/load 4, 0, 0; Constant delay
    %assign/vec4/a/d v0000016d3af14e00, 0, 4;
T_5.36 ;
T_5.35 ;
    %jmp T_5.31;
T_5.30 ;
    %load/vec4 v0000016d3af19540_0;
    %flag_set/vec4 8;
    %jmp/0xz  T_5.38, 8;
    %load/vec4 v0000016d3af179c0_0;
    %assign/vec4 v0000016d3af15a80_0, 0;
    %load/vec4 v0000016d3af18d20_0;
    %assign/vec4 v0000016d3af15440_0, 0;
    %load/vec4 v0000016d3af19180_0;
    %assign/vec4 v0000016d3af188c0_0, 0;
    %load/vec4 v0000016d3af15940_0;
    %assign/vec4 v0000016d3af15d00_0, 0;
    %pushi/vec4 1, 0, 1;
    %assign/vec4 v0000016d3af15760_0, 0;
    %load/vec4 v0000016d3af171a0_0;
    %assign/vec4 v0000016d3af153a0_0, 0;
    %load/vec4 v0000016d3af172e0_0;
    %assign/vec4 v0000016d3af15da0_0, 0;
    %pushi/vec4 3, 0, 2;
    %assign/vec4 v0000016d3af19220_0, 0;
    %jmp T_5.39;
T_5.38 ;
    %load/vec4 v0000016d3af18960_0;
    %load/vec4 v0000016d3af17f60_0;
    %or;
    %flag_set/vec4 8;
    %jmp/0xz  T_5.40, 8;
    %load/vec4 v0000016d3af179c0_0;
    %assign/vec4 v0000016d3af15a80_0, 0;
    %load/vec4 v0000016d3af18d20_0;
    %assign/vec4 v0000016d3af15440_0, 0;
    %load/vec4 v0000016d3af19180_0;
    %assign/vec4 v0000016d3af188c0_0, 0;
    %load/vec4 v0000016d3af19b80_0;
    %assign/vec4 v0000016d3af15d00_0, 0;
    %load/vec4 v0000016d3af15f80_0;
    %assign/vec4 v0000016d3af15760_0, 0;
    %load/vec4 v0000016d3af171a0_0;
    %assign/vec4 v0000016d3af153a0_0, 0;
    %load/vec4 v0000016d3af172e0_0;
    %assign/vec4 v0000016d3af15da0_0, 0;
    %pushi/vec4 0, 0, 2;
    %assign/vec4 v0000016d3af18a00_0, 0;
    %pushi/vec4 1, 0, 2;
    %assign/vec4 v0000016d3af19220_0, 0;
T_5.40 ;
T_5.39 ;
T_5.31 ;
T_5.25 ;
    %jmp T_5.23;
T_5.19 ;
    %load/vec4 v0000016d3af16480_0;
    %flag_set/vec4 8;
    %jmp/0xz  T_5.42, 8;
    %pushi/vec4 2, 0, 2;
    %assign/vec4 v0000016d3af19220_0, 0;
T_5.42 ;
    %jmp T_5.23;
T_5.20 ;
    %load/vec4 v0000016d3af159e0_0;
    %flag_set/vec4 8;
    %jmp/0xz  T_5.44, 8;
    %load/vec4 v0000016d3af15d00_0;
    %cmpi/e 0, 0, 1;
    %jmp/0xz  T_5.46, 4;
    %load/vec4 v0000016d3af15300_0;
    %load/vec4 v0000016d3af15440_0;
    %pad/u 10;
    %pad/u 12;
    %muli 4, 0, 12;
    %pad/u 13;
    %load/vec4 v0000016d3af18a00_0;
    %pad/u 4;
    %pad/u 13;
    %add;
    %ix/vec4 3;
    %ix/load 4, 0, 0; Constant delay
    %assign/vec4/a/d v0000016d3af15120, 0, 4;
    %jmp T_5.47;
T_5.46 ;
    %load/vec4 v0000016d3af15300_0;
    %load/vec4 v0000016d3af15440_0;
    %pad/u 10;
    %pad/u 12;
    %muli 4, 0, 12;
    %pad/u 13;
    %load/vec4 v0000016d3af18a00_0;
    %pad/u 4;
    %pad/u 13;
    %add;
    %ix/vec4 3;
    %ix/load 4, 0, 0; Constant delay
    %assign/vec4/a/d v0000016d3af16ac0, 0, 4;
T_5.47 ;
    %load/vec4 v0000016d3af18a00_0;
    %pad/u 32;
    %cmpi/e 3, 0, 32;
    %jmp/0xz  T_5.48, 4;
    %load/vec4 v0000016d3af15d00_0;
    %cmpi/e 0, 0, 1;
    %jmp/0xz  T_5.50, 4;
    %load/vec4 v0000016d3af15a80_0;
    %load/vec4 v0000016d3af15440_0;
    %pad/u 7;
    %ix/vec4 3;
    %ix/load 4, 0, 0; Constant delay
    %assign/vec4/a/d v0000016d3af17ec0, 0, 4;
    %pushi/vec4 1, 0, 1;
    %load/vec4 v0000016d3af15440_0;
    %pad/u 7;
    %ix/vec4 3;
    %ix/load 4, 0, 0; Constant delay
    %assign/vec4/a/d v0000016d3af195e0, 0, 4;
    %jmp T_5.51;
T_5.50 ;
    %load/vec4 v0000016d3af15a80_0;
    %load/vec4 v0000016d3af15440_0;
    %pad/u 7;
    %ix/vec4 3;
    %ix/load 4, 0, 0; Constant delay
    %assign/vec4/a/d v0000016d3af17ce0, 0, 4;
    %pushi/vec4 1, 0, 1;
    %load/vec4 v0000016d3af15440_0;
    %pad/u 7;
    %ix/vec4 3;
    %ix/load 4, 1, 0; part off
    %ix/load 5, 0, 0; Constant delay
    %assign/vec4/a/d v0000016d3af195e0, 4, 5;
T_5.51 ;
    %load/vec4 v0000016d3af15760_0;
    %flag_set/vec4 8;
    %jmp/0xz  T_5.52, 8;
    %pushi/vec4 3, 0, 2;
    %assign/vec4 v0000016d3af19220_0, 0;
    %jmp T_5.53;
T_5.52 ;
    %load/vec4 v0000016d3af15d00_0;
    %inv;
    %load/vec4 v0000016d3af15440_0;
    %pad/u 7;
    %ix/vec4 3;
    %ix/load 4, 0, 0; Constant delay
    %assign/vec4/a/d v0000016d3af14e00, 0, 4;
    %pushi/vec4 0, 0, 2;
    %assign/vec4 v0000016d3af19220_0, 0;
T_5.53 ;
    %jmp T_5.49;
T_5.48 ;
    %load/vec4 v0000016d3af18a00_0;
    %addi 1, 0, 2;
    %assign/vec4 v0000016d3af18a00_0, 0;
    %pushi/vec4 1, 0, 2;
    %assign/vec4 v0000016d3af19220_0, 0;
T_5.49 ;
T_5.44 ;
    %jmp T_5.23;
T_5.21 ;
    %load/vec4 v0000016d3af19680_0;
    %flag_set/vec4 8;
    %jmp/0xz  T_5.54, 8;
    %load/vec4 v0000016d3af15d00_0;
    %cmpi/e 0, 0, 1;
    %jmp/0xz  T_5.56, 4;
    %load/vec4 v0000016d3af16020_0;
    %load/vec4 v0000016d3af15440_0;
    %pad/u 10;
    %pad/u 12;
    %muli 4, 0, 12;
    %pad/u 13;
    %load/vec4 v0000016d3af188c0_0;
    %pad/u 4;
    %pad/u 13;
    %add;
    %ix/vec4 3;
    %ix/load 4, 0, 0; Constant delay
    %assign/vec4/a/d v0000016d3af15120, 0, 4;
    %jmp T_5.57;
T_5.56 ;
    %load/vec4 v0000016d3af16020_0;
    %load/vec4 v0000016d3af15440_0;
    %pad/u 10;
    %pad/u 12;
    %muli 4, 0, 12;
    %pad/u 13;
    %load/vec4 v0000016d3af188c0_0;
    %pad/u 4;
    %pad/u 13;
    %add;
    %ix/vec4 3;
    %ix/load 4, 0, 0; Constant delay
    %assign/vec4/a/d v0000016d3af16ac0, 0, 4;
T_5.57 ;
    %load/vec4 v0000016d3af15d00_0;
    %inv;
    %load/vec4 v0000016d3af15440_0;
    %pad/u 7;
    %ix/vec4 3;
    %ix/load 4, 0, 0; Constant delay
    %assign/vec4/a/d v0000016d3af14e00, 0, 4;
    %pushi/vec4 0, 0, 2;
    %assign/vec4 v0000016d3af19220_0, 0;
T_5.54 ;
    %jmp T_5.23;
T_5.23 ;
    %pop/vec4 1;
T_5.1 ;
    %jmp T_5;
    .thread T_5;
    .scope S_0000016d3a81f9a0;
T_6 ;
    %wait E_0000016d3ae4d6c0;
    %load/vec4 v0000016d3aef4420_0;
    %flag_set/vec4 8;
    %jmp/0xz  T_6.0, 8;
    %pushi/vec4 0, 0, 2;
    %assign/vec4 v0000016d3aef2760_0, 0;
    %pushi/vec4 0, 0, 23;
    %assign/vec4 v0000016d3aef2260_0, 0;
    %pushi/vec4 0, 0, 5;
    %assign/vec4 v0000016d3aef24e0_0, 0;
    %pushi/vec4 0, 0, 2;
    %assign/vec4 v0000016d3aef3340_0, 0;
    %pushi/vec4 0, 0, 1;
    %assign/vec4 v0000016d3aef2a80_0, 0;
    %pushi/vec4 0, 0, 1;
    %assign/vec4 v0000016d3aef2c60_0, 0;
    %pushi/vec4 0, 0, 4;
    %assign/vec4 v0000016d3aef3de0_0, 0;
    %pushi/vec4 0, 0, 32;
    %assign/vec4 v0000016d3aef2b20_0, 0;
    %pushi/vec4 0, 0, 2;
    %assign/vec4 v0000016d3aef3480_0, 0;
    %pushi/vec4 0, 0, 3;
    %assign/vec4 v0000016d3aef42e0_0, 0;
    %pushi/vec4 0, 0, 3;
    %assign/vec4 v0000016d3aef6ae0_0, 0;
    %pushi/vec4 0, 0, 4;
    %assign/vec4 v0000016d3aef37a0_0, 0;
    %pushi/vec4 0, 0, 32;
    %store/vec4 v0000016d3aef3fc0_0, 0, 32;
T_6.2 ;
    %load/vec4 v0000016d3aef3fc0_0;
    %cmpi/s 32, 0, 32;
    %jmp/0xz T_6.3, 5;
    %pushi/vec4 0, 0, 2;
    %ix/getv/s 3, v0000016d3aef3fc0_0;
    %ix/load 4, 0, 0; Constant delay
    %assign/vec4/a/d v0000016d3aef44c0, 0, 4;
    %pushi/vec4 0, 0, 1;
    %ix/getv/s 3, v0000016d3aef3fc0_0;
    %ix/load 4, 0, 0; Constant delay
    %assign/vec4/a/d v0000016d3aef3020, 0, 4;
    %pushi/vec4 0, 0, 23;
    %ix/getv/s 3, v0000016d3aef3fc0_0;
    %ix/load 4, 0, 0; Constant delay
    %assign/vec4/a/d v0000016d3aef3520, 0, 4;
    %pushi/vec4 0, 0, 23;
    %ix/getv/s 3, v0000016d3aef3fc0_0;
    %ix/load 4, 0, 0; Constant delay
    %assign/vec4/a/d v0000016d3aef3ca0, 0, 4;
    %pushi/vec4 0, 0, 32;
    %store/vec4 v0000016d3aef5d20_0, 0, 32;
T_6.4 ;
    %load/vec4 v0000016d3aef5d20_0;
    %cmpi/s 4, 0, 32;
    %jmp/0xz T_6.5, 5;
    %pushi/vec4 0, 0, 32;
    %load/vec4 v0000016d3aef3fc0_0;
    %pad/s 35;
    %pad/s 37;
    %muli 4, 0, 37;
    %pad/s 38;
    %load/vec4 v0000016d3aef5d20_0;
    %pad/s 38;
    %add;
    %ix/vec4/s 3;
    %ix/load 4, 0, 0; Constant delay
    %assign/vec4/a/d v0000016d3aef2f80, 0, 4;
    %pushi/vec4 0, 0, 32;
    %load/vec4 v0000016d3aef3fc0_0;
    %pad/s 35;
    %pad/s 37;
    %muli 4, 0, 37;
    %pad/s 38;
    %load/vec4 v0000016d3aef5d20_0;
    %pad/s 38;
    %add;
    %ix/vec4/s 3;
    %ix/load 4, 0, 0; Constant delay
    %assign/vec4/a/d v0000016d3aef2bc0, 0, 4;
    %load/vec4 v0000016d3aef5d20_0;
    %addi 1, 0, 32;
    %store/vec4 v0000016d3aef5d20_0, 0, 32;
    %jmp T_6.4;
T_6.5 ;
    %load/vec4 v0000016d3aef3fc0_0;
    %addi 1, 0, 32;
    %store/vec4 v0000016d3aef3fc0_0, 0, 32;
    %jmp T_6.2;
T_6.3 ;
    %pushi/vec4 0, 0, 32;
    %store/vec4 v0000016d3aef3980_0, 0, 32;
T_6.6 ;
    %load/vec4 v0000016d3aef3980_0;
    %cmpi/s 8, 0, 32;
    %jmp/0xz T_6.7, 5;
    %pushi/vec4 0, 0, 32;
    %ix/getv/s 3, v0000016d3aef3980_0;
    %ix/load 4, 0, 0; Constant delay
    %assign/vec4/a/d v0000016d3aef3700, 0, 4;
    %pushi/vec4 0, 0, 32;
    %ix/getv/s 3, v0000016d3aef3980_0;
    %ix/load 4, 0, 0; Constant delay
    %assign/vec4/a/d v0000016d3aef38e0, 0, 4;
    %load/vec4 v0000016d3aef3980_0;
    %addi 1, 0, 32;
    %store/vec4 v0000016d3aef3980_0, 0, 32;
    %jmp T_6.6;
T_6.7 ;
    %jmp T_6.1;
T_6.0 ;
    %load/vec4 v0000016d3aef5140_0;
    %flag_set/vec4 8;
    %jmp/0xz  T_6.8, 8;
    %load/vec4 v0000016d3aef4380_0;
    %load/vec4 v0000016d3aef6ae0_0;
    %pad/u 5;
    %ix/vec4 3;
    %ix/load 4, 0, 0; Constant delay
    %assign/vec4/a/d v0000016d3aef3700, 0, 4;
    %load/vec4 v0000016d3aef6b80_0;
    %load/vec4 v0000016d3aef6ae0_0;
    %pad/u 5;
    %ix/vec4 3;
    %ix/load 4, 0, 0; Constant delay
    %assign/vec4/a/d v0000016d3aef38e0, 0, 4;
T_6.8 ;
    %load/vec4 v0000016d3aef5c80_0;
    %flag_set/vec4 8;
    %jmp/0xz  T_6.10, 8;
    %load/vec4 v0000016d3aef42e0_0;
    %addi 1, 0, 3;
    %assign/vec4 v0000016d3aef42e0_0, 0;
T_6.10 ;
    %load/vec4 v0000016d3aef5140_0;
    %flag_set/vec4 8;
    %jmp/0xz  T_6.12, 8;
    %load/vec4 v0000016d3aef6ae0_0;
    %addi 1, 0, 3;
    %assign/vec4 v0000016d3aef6ae0_0, 0;
T_6.12 ;
    %load/vec4 v0000016d3aef5140_0;
    %load/vec4 v0000016d3aef5c80_0;
    %concat/vec4; draw_concat_vec4
    %dup/vec4;
    %pushi/vec4 2, 0, 2;
    %cmp/u;
    %jmp/1 T_6.14, 6;
    %dup/vec4;
    %pushi/vec4 1, 0, 2;
    %cmp/u;
    %jmp/1 T_6.15, 6;
    %load/vec4 v0000016d3aef37a0_0;
    %assign/vec4 v0000016d3aef37a0_0, 0;
    %jmp T_6.17;
T_6.14 ;
    %load/vec4 v0000016d3aef37a0_0;
    %addi 1, 0, 4;
    %assign/vec4 v0000016d3aef37a0_0, 0;
    %jmp T_6.17;
T_6.15 ;
    %load/vec4 v0000016d3aef37a0_0;
    %subi 1, 0, 4;
    %assign/vec4 v0000016d3aef37a0_0, 0;
    %jmp T_6.17;
T_6.17 ;
    %pop/vec4 1;
    %load/vec4 v0000016d3aef2760_0;
    %dup/vec4;
    %pushi/vec4 0, 0, 2;
    %cmp/u;
    %jmp/1 T_6.18, 6;
    %dup/vec4;
    %pushi/vec4 1, 0, 2;
    %cmp/u;
    %jmp/1 T_6.19, 6;
    %dup/vec4;
    %pushi/vec4 2, 0, 2;
    %cmp/u;
    %jmp/1 T_6.20, 6;
    %dup/vec4;
    %pushi/vec4 3, 0, 2;
    %cmp/u;
    %jmp/1 T_6.21, 6;
    %pushi/vec4 0, 0, 2;
    %assign/vec4 v0000016d3aef2760_0, 0;
    %jmp T_6.23;
T_6.18 ;
    %load/vec4 v0000016d3aef3ac0_0;
    %load/vec4 v0000016d3aef23a0_0;
    %and;
    %flag_set/vec4 8;
    %jmp/0xz  T_6.24, 8;
    %load/vec4 v0000016d3aef35c0_0;
    %flag_set/vec4 8;
    %jmp/0xz  T_6.26, 8;
    %pushi/vec4 1, 0, 1;
    %load/vec4 v0000016d3aef4740_0;
    %pad/u 7;
    %ix/vec4 3;
    %ix/load 4, 0, 0; Constant delay
    %assign/vec4/a/d v0000016d3aef3020, 0, 4;
    %jmp T_6.27;
T_6.26 ;
    %load/vec4 v0000016d3aef2800_0;
    %flag_set/vec4 8;
    %jmp/0xz  T_6.28, 8;
    %pushi/vec4 0, 0, 1;
    %load/vec4 v0000016d3aef4740_0;
    %pad/u 7;
    %ix/vec4 3;
    %ix/load 4, 0, 0; Constant delay
    %assign/vec4/a/d v0000016d3aef3020, 0, 4;
T_6.28 ;
T_6.27 ;
    %jmp T_6.25;
T_6.24 ;
    %load/vec4 v0000016d3aef60e0_0;
    %flag_set/vec4 8;
    %jmp/0xz  T_6.30, 8;
    %load/vec4 v0000016d3aef35c0_0;
    %flag_set/vec4 8;
    %jmp/0xz  T_6.32, 8;
    %load/vec4 v0000016d3aef32a0_0;
    %load/vec4 v0000016d3aef4740_0;
    %pad/u 10;
    %pad/u 12;
    %muli 4, 0, 12;
    %pad/u 13;
    %load/vec4 v0000016d3aef3c00_0;
    %pad/u 4;
    %pad/u 13;
    %add;
    %ix/vec4 3;
    %ix/load 4, 0, 0; Constant delay
    %assign/vec4/a/d v0000016d3aef2f80, 0, 4;
    %jmp T_6.33;
T_6.32 ;
    %load/vec4 v0000016d3aef32a0_0;
    %load/vec4 v0000016d3aef4740_0;
    %pad/u 10;
    %pad/u 12;
    %muli 4, 0, 12;
    %pad/u 13;
    %load/vec4 v0000016d3aef3c00_0;
    %pad/u 4;
    %pad/u 13;
    %add;
    %ix/vec4 3;
    %ix/load 4, 0, 0; Constant delay
    %assign/vec4/a/d v0000016d3aef2bc0, 0, 4;
T_6.33 ;
    %load/vec4 v0000016d3aef35c0_0;
    %flag_set/vec4 8;
    %jmp/0xz  T_6.34, 8;
    %pushi/vec4 1, 0, 1;
    %load/vec4 v0000016d3aef4740_0;
    %pad/u 7;
    %ix/vec4 3;
    %ix/load 4, 0, 0; Constant delay
    %assign/vec4/a/d v0000016d3aef3020, 0, 4;
    %jmp T_6.35;
T_6.34 ;
    %load/vec4 v0000016d3aef2800_0;
    %flag_set/vec4 8;
    %jmp/0xz  T_6.36, 8;
    %pushi/vec4 0, 0, 1;
    %load/vec4 v0000016d3aef4740_0;
    %pad/u 7;
    %ix/vec4 3;
    %ix/load 4, 0, 0; Constant delay
    %assign/vec4/a/d v0000016d3aef3020, 0, 4;
T_6.36 ;
T_6.35 ;
    %jmp T_6.31;
T_6.30 ;
    %load/vec4 v0000016d3aef4a60_0;
    %flag_set/vec4 8;
    %jmp/0xz  T_6.38, 8;
    %load/vec4 v0000016d3aef47e0_0;
    %assign/vec4 v0000016d3aef2260_0, 0;
    %load/vec4 v0000016d3aef4740_0;
    %assign/vec4 v0000016d3aef24e0_0, 0;
    %load/vec4 v0000016d3aef3c00_0;
    %assign/vec4 v0000016d3aef3340_0, 0;
    %load/vec4 v0000016d3aef21c0_0;
    %assign/vec4 v0000016d3aef2a80_0, 0;
    %pushi/vec4 1, 0, 1;
    %assign/vec4 v0000016d3aef2c60_0, 0;
    %load/vec4 v0000016d3aef2120_0;
    %assign/vec4 v0000016d3aef3de0_0, 0;
    %load/vec4 v0000016d3aef3200_0;
    %assign/vec4 v0000016d3aef2b20_0, 0;
    %pushi/vec4 3, 0, 2;
    %assign/vec4 v0000016d3aef2760_0, 0;
    %jmp T_6.39;
T_6.38 ;
    %load/vec4 v0000016d3aef4600_0;
    %load/vec4 v0000016d3aef6e00_0;
    %or;
    %flag_set/vec4 8;
    %jmp/0xz  T_6.40, 8;
    %load/vec4 v0000016d3aef47e0_0;
    %assign/vec4 v0000016d3aef2260_0, 0;
    %load/vec4 v0000016d3aef4740_0;
    %assign/vec4 v0000016d3aef24e0_0, 0;
    %load/vec4 v0000016d3aef3c00_0;
    %assign/vec4 v0000016d3aef3340_0, 0;
    %load/vec4 v0000016d3aef4060_0;
    %assign/vec4 v0000016d3aef2a80_0, 0;
    %load/vec4 v0000016d3aef3f20_0;
    %assign/vec4 v0000016d3aef2c60_0, 0;
    %load/vec4 v0000016d3aef2120_0;
    %assign/vec4 v0000016d3aef3de0_0, 0;
    %load/vec4 v0000016d3aef3200_0;
    %assign/vec4 v0000016d3aef2b20_0, 0;
    %pushi/vec4 0, 0, 2;
    %assign/vec4 v0000016d3aef3480_0, 0;
    %pushi/vec4 1, 0, 2;
    %assign/vec4 v0000016d3aef2760_0, 0;
T_6.40 ;
T_6.39 ;
T_6.31 ;
T_6.25 ;
    %jmp T_6.23;
T_6.19 ;
    %load/vec4 v0000016d3aef3e80_0;
    %flag_set/vec4 8;
    %jmp/0xz  T_6.42, 8;
    %pushi/vec4 2, 0, 2;
    %assign/vec4 v0000016d3aef2760_0, 0;
T_6.42 ;
    %jmp T_6.23;
T_6.20 ;
    %load/vec4 v0000016d3aef2620_0;
    %flag_set/vec4 8;
    %jmp/0xz  T_6.44, 8;
    %load/vec4 v0000016d3aef2a80_0;
    %cmpi/e 0, 0, 1;
    %jmp/0xz  T_6.46, 4;
    %load/vec4 v0000016d3aef3d40_0;
    %load/vec4 v0000016d3aef24e0_0;
    %pad/u 10;
    %pad/u 12;
    %muli 4, 0, 12;
    %pad/u 13;
    %load/vec4 v0000016d3aef3480_0;
    %pad/u 4;
    %pad/u 13;
    %add;
    %ix/vec4 3;
    %ix/load 4, 0, 0; Constant delay
    %assign/vec4/a/d v0000016d3aef2f80, 0, 4;
    %jmp T_6.47;
T_6.46 ;
    %load/vec4 v0000016d3aef3d40_0;
    %load/vec4 v0000016d3aef24e0_0;
    %pad/u 10;
    %pad/u 12;
    %muli 4, 0, 12;
    %pad/u 13;
    %load/vec4 v0000016d3aef3480_0;
    %pad/u 4;
    %pad/u 13;
    %add;
    %ix/vec4 3;
    %ix/load 4, 0, 0; Constant delay
    %assign/vec4/a/d v0000016d3aef2bc0, 0, 4;
T_6.47 ;
    %load/vec4 v0000016d3aef3480_0;
    %pad/u 32;
    %cmpi/e 3, 0, 32;
    %jmp/0xz  T_6.48, 4;
    %load/vec4 v0000016d3aef2a80_0;
    %cmpi/e 0, 0, 1;
    %jmp/0xz  T_6.50, 4;
    %load/vec4 v0000016d3aef2260_0;
    %load/vec4 v0000016d3aef24e0_0;
    %pad/u 7;
    %ix/vec4 3;
    %ix/load 4, 0, 0; Constant delay
    %assign/vec4/a/d v0000016d3aef3520, 0, 4;
    %pushi/vec4 1, 0, 1;
    %load/vec4 v0000016d3aef24e0_0;
    %pad/u 7;
    %ix/vec4 3;
    %ix/load 4, 0, 0; Constant delay
    %assign/vec4/a/d v0000016d3aef44c0, 0, 4;
    %jmp T_6.51;
T_6.50 ;
    %load/vec4 v0000016d3aef2260_0;
    %load/vec4 v0000016d3aef24e0_0;
    %pad/u 7;
    %ix/vec4 3;
    %ix/load 4, 0, 0; Constant delay
    %assign/vec4/a/d v0000016d3aef3ca0, 0, 4;
    %pushi/vec4 1, 0, 1;
    %load/vec4 v0000016d3aef24e0_0;
    %pad/u 7;
    %ix/vec4 3;
    %ix/load 4, 1, 0; part off
    %ix/load 5, 0, 0; Constant delay
    %assign/vec4/a/d v0000016d3aef44c0, 4, 5;
T_6.51 ;
    %load/vec4 v0000016d3aef2c60_0;
    %flag_set/vec4 8;
    %jmp/0xz  T_6.52, 8;
    %pushi/vec4 3, 0, 2;
    %assign/vec4 v0000016d3aef2760_0, 0;
    %jmp T_6.53;
T_6.52 ;
    %load/vec4 v0000016d3aef2a80_0;
    %inv;
    %load/vec4 v0000016d3aef24e0_0;
    %pad/u 7;
    %ix/vec4 3;
    %ix/load 4, 0, 0; Constant delay
    %assign/vec4/a/d v0000016d3aef3020, 0, 4;
    %pushi/vec4 0, 0, 2;
    %assign/vec4 v0000016d3aef2760_0, 0;
T_6.53 ;
    %jmp T_6.49;
T_6.48 ;
    %load/vec4 v0000016d3aef3480_0;
    %addi 1, 0, 2;
    %assign/vec4 v0000016d3aef3480_0, 0;
    %pushi/vec4 1, 0, 2;
    %assign/vec4 v0000016d3aef2760_0, 0;
T_6.49 ;
T_6.44 ;
    %jmp T_6.23;
T_6.21 ;
    %load/vec4 v0000016d3aef6540_0;
    %flag_set/vec4 8;
    %jmp/0xz  T_6.54, 8;
    %load/vec4 v0000016d3aef2a80_0;
    %cmpi/e 0, 0, 1;
    %jmp/0xz  T_6.56, 4;
    %load/vec4 v0000016d3aef2440_0;
    %load/vec4 v0000016d3aef24e0_0;
    %pad/u 10;
    %pad/u 12;
    %muli 4, 0, 12;
    %pad/u 13;
    %load/vec4 v0000016d3aef3340_0;
    %pad/u 4;
    %pad/u 13;
    %add;
    %ix/vec4 3;
    %ix/load 4, 0, 0; Constant delay
    %assign/vec4/a/d v0000016d3aef2f80, 0, 4;
    %jmp T_6.57;
T_6.56 ;
    %load/vec4 v0000016d3aef2440_0;
    %load/vec4 v0000016d3aef24e0_0;
    %pad/u 10;
    %pad/u 12;
    %muli 4, 0, 12;
    %pad/u 13;
    %load/vec4 v0000016d3aef3340_0;
    %pad/u 4;
    %pad/u 13;
    %add;
    %ix/vec4 3;
    %ix/load 4, 0, 0; Constant delay
    %assign/vec4/a/d v0000016d3aef2bc0, 0, 4;
T_6.57 ;
    %load/vec4 v0000016d3aef2a80_0;
    %inv;
    %load/vec4 v0000016d3aef24e0_0;
    %pad/u 7;
    %ix/vec4 3;
    %ix/load 4, 0, 0; Constant delay
    %assign/vec4/a/d v0000016d3aef3020, 0, 4;
    %pushi/vec4 0, 0, 2;
    %assign/vec4 v0000016d3aef2760_0, 0;
T_6.54 ;
    %jmp T_6.23;
T_6.23 ;
    %pop/vec4 1;
T_6.1 ;
    %jmp T_6;
    .thread T_6;
    .scope S_0000016d3ac55860;
T_7 ;
    %wait E_0000016d3ae4d6c0;
    %load/vec4 v0000016d3aef7b20_0;
    %flag_set/vec4 8;
    %jmp/0xz  T_7.0, 8;
    %pushi/vec4 0, 0, 32;
    %ix/load 3, 0, 0;
    %flag_set/imm 4, 0;
    %ix/load 4, 0, 0; Constant delay
    %assign/vec4/a/d v0000016d3aef91a0, 0, 4;
    %pushi/vec4 0, 0, 32;
    %ix/load 3, 1, 0;
    %flag_set/imm 4, 0;
    %ix/load 4, 0, 0; Constant delay
    %assign/vec4/a/d v0000016d3aef91a0, 0, 4;
    %pushi/vec4 0, 0, 32;
    %ix/load 3, 2, 0;
    %flag_set/imm 4, 0;
    %ix/load 4, 0, 0; Constant delay
    %assign/vec4/a/d v0000016d3aef91a0, 0, 4;
    %pushi/vec4 0, 0, 32;
    %ix/load 3, 3, 0;
    %flag_set/imm 4, 0;
    %ix/load 4, 0, 0; Constant delay
    %assign/vec4/a/d v0000016d3aef91a0, 0, 4;
    %pushi/vec4 0, 0, 32;
    %ix/load 3, 4, 0;
    %flag_set/imm 4, 0;
    %ix/load 4, 0, 0; Constant delay
    %assign/vec4/a/d v0000016d3aef91a0, 0, 4;
    %pushi/vec4 0, 0, 32;
    %ix/load 3, 5, 0;
    %flag_set/imm 4, 0;
    %ix/load 4, 0, 0; Constant delay
    %assign/vec4/a/d v0000016d3aef91a0, 0, 4;
    %pushi/vec4 0, 0, 32;
    %ix/load 3, 6, 0;
    %flag_set/imm 4, 0;
    %ix/load 4, 0, 0; Constant delay
    %assign/vec4/a/d v0000016d3aef91a0, 0, 4;
    %pushi/vec4 0, 0, 32;
    %ix/load 3, 7, 0;
    %flag_set/imm 4, 0;
    %ix/load 4, 0, 0; Constant delay
    %assign/vec4/a/d v0000016d3aef91a0, 0, 4;
    %pushi/vec4 0, 0, 32;
    %ix/load 3, 8, 0;
    %flag_set/imm 4, 0;
    %ix/load 4, 0, 0; Constant delay
    %assign/vec4/a/d v0000016d3aef91a0, 0, 4;
    %pushi/vec4 0, 0, 32;
    %ix/load 3, 9, 0;
    %flag_set/imm 4, 0;
    %ix/load 4, 0, 0; Constant delay
    %assign/vec4/a/d v0000016d3aef91a0, 0, 4;
    %pushi/vec4 0, 0, 32;
    %ix/load 3, 10, 0;
    %flag_set/imm 4, 0;
    %ix/load 4, 0, 0; Constant delay
    %assign/vec4/a/d v0000016d3aef91a0, 0, 4;
    %pushi/vec4 0, 0, 32;
    %ix/load 3, 11, 0;
    %flag_set/imm 4, 0;
    %ix/load 4, 0, 0; Constant delay
    %assign/vec4/a/d v0000016d3aef91a0, 0, 4;
    %pushi/vec4 0, 0, 32;
    %ix/load 3, 12, 0;
    %flag_set/imm 4, 0;
    %ix/load 4, 0, 0; Constant delay
    %assign/vec4/a/d v0000016d3aef91a0, 0, 4;
    %pushi/vec4 0, 0, 32;
    %ix/load 3, 13, 0;
    %flag_set/imm 4, 0;
    %ix/load 4, 0, 0; Constant delay
    %assign/vec4/a/d v0000016d3aef91a0, 0, 4;
    %pushi/vec4 0, 0, 32;
    %ix/load 3, 14, 0;
    %flag_set/imm 4, 0;
    %ix/load 4, 0, 0; Constant delay
    %assign/vec4/a/d v0000016d3aef91a0, 0, 4;
    %pushi/vec4 0, 0, 32;
    %ix/load 3, 15, 0;
    %flag_set/imm 4, 0;
    %ix/load 4, 0, 0; Constant delay
    %assign/vec4/a/d v0000016d3aef91a0, 0, 4;
    %pushi/vec4 0, 0, 32;
    %ix/load 3, 16, 0;
    %flag_set/imm 4, 0;
    %ix/load 4, 0, 0; Constant delay
    %assign/vec4/a/d v0000016d3aef91a0, 0, 4;
    %pushi/vec4 0, 0, 32;
    %ix/load 3, 17, 0;
    %flag_set/imm 4, 0;
    %ix/load 4, 0, 0; Constant delay
    %assign/vec4/a/d v0000016d3aef91a0, 0, 4;
    %pushi/vec4 0, 0, 32;
    %ix/load 3, 18, 0;
    %flag_set/imm 4, 0;
    %ix/load 4, 0, 0; Constant delay
    %assign/vec4/a/d v0000016d3aef91a0, 0, 4;
    %pushi/vec4 0, 0, 32;
    %ix/load 3, 19, 0;
    %flag_set/imm 4, 0;
    %ix/load 4, 0, 0; Constant delay
    %assign/vec4/a/d v0000016d3aef91a0, 0, 4;
    %pushi/vec4 0, 0, 32;
    %ix/load 3, 20, 0;
    %flag_set/imm 4, 0;
    %ix/load 4, 0, 0; Constant delay
    %assign/vec4/a/d v0000016d3aef91a0, 0, 4;
    %pushi/vec4 0, 0, 32;
    %ix/load 3, 21, 0;
    %flag_set/imm 4, 0;
    %ix/load 4, 0, 0; Constant delay
    %assign/vec4/a/d v0000016d3aef91a0, 0, 4;
    %pushi/vec4 0, 0, 32;
    %ix/load 3, 22, 0;
    %flag_set/imm 4, 0;
    %ix/load 4, 0, 0; Constant delay
    %assign/vec4/a/d v0000016d3aef91a0, 0, 4;
    %pushi/vec4 0, 0, 32;
    %ix/load 3, 23, 0;
    %flag_set/imm 4, 0;
    %ix/load 4, 0, 0; Constant delay
    %assign/vec4/a/d v0000016d3aef91a0, 0, 4;
    %pushi/vec4 0, 0, 32;
    %ix/load 3, 24, 0;
    %flag_set/imm 4, 0;
    %ix/load 4, 0, 0; Constant delay
    %assign/vec4/a/d v0000016d3aef91a0, 0, 4;
    %pushi/vec4 0, 0, 32;
    %ix/load 3, 25, 0;
    %flag_set/imm 4, 0;
    %ix/load 4, 0, 0; Constant delay
    %assign/vec4/a/d v0000016d3aef91a0, 0, 4;
    %pushi/vec4 0, 0, 32;
    %ix/load 3, 26, 0;
    %flag_set/imm 4, 0;
    %ix/load 4, 0, 0; Constant delay
    %assign/vec4/a/d v0000016d3aef91a0, 0, 4;
    %pushi/vec4 0, 0, 32;
    %ix/load 3, 27, 0;
    %flag_set/imm 4, 0;
    %ix/load 4, 0, 0; Constant delay
    %assign/vec4/a/d v0000016d3aef91a0, 0, 4;
    %pushi/vec4 0, 0, 32;
    %ix/load 3, 28, 0;
    %flag_set/imm 4, 0;
    %ix/load 4, 0, 0; Constant delay
    %assign/vec4/a/d v0000016d3aef91a0, 0, 4;
    %pushi/vec4 0, 0, 32;
    %ix/load 3, 29, 0;
    %flag_set/imm 4, 0;
    %ix/load 4, 0, 0; Constant delay
    %assign/vec4/a/d v0000016d3aef91a0, 0, 4;
    %pushi/vec4 0, 0, 32;
    %ix/load 3, 30, 0;
    %flag_set/imm 4, 0;
    %ix/load 4, 0, 0; Constant delay
    %assign/vec4/a/d v0000016d3aef91a0, 0, 4;
    %pushi/vec4 0, 0, 32;
    %ix/load 3, 31, 0;
    %flag_set/imm 4, 0;
    %ix/load 4, 0, 0; Constant delay
    %assign/vec4/a/d v0000016d3aef91a0, 0, 4;
    %jmp T_7.1;
T_7.0 ;
    %load/vec4 v0000016d3aef79e0_0;
    %flag_set/vec4 9;
    %flag_get/vec4 9;
    %jmp/0 T_7.4, 9;
    %load/vec4 v0000016d3aef73a0_0;
    %pushi/vec4 0, 0, 5;
    %cmp/ne;
    %flag_get/vec4 4;
    %and;
T_7.4;
    %flag_set/vec4 8;
    %jmp/0xz  T_7.2, 8;
    %load/vec4 v0000016d3aef7940_0;
    %load/vec4 v0000016d3aef73a0_0;
    %pad/u 7;
    %ix/vec4 3;
    %ix/load 4, 0, 0; Constant delay
    %assign/vec4/a/d v0000016d3aef91a0, 0, 4;
T_7.2 ;
T_7.1 ;
    %jmp T_7;
    .thread T_7;
    .scope S_0000016d3ac9d0c0;
T_8 ;
    %wait E_0000016d3ae4dcc0;
    %pushi/vec4 0, 0, 3;
    %store/vec4 v0000016d3aefe870_0, 0, 3;
    %pushi/vec4 0, 0, 1;
    %store/vec4 v0000016d3aefca70_0, 0, 1;
    %pushi/vec4 0, 0, 1;
    %store/vec4 v0000016d3aefd290_0, 0, 1;
    %pushi/vec4 0, 0, 1;
    %store/vec4 v0000016d3aefd470_0, 0, 1;
    %load/vec4 v0000016d3aefd510_0;
    %dup/vec4;
    %pushi/vec4 1, 2, 3;
    %cmp/z;
    %jmp/1 T_8.0, 4;
    %dup/vec4;
    %pushi/vec4 0, 2, 3;
    %cmp/z;
    %jmp/1 T_8.1, 4;
    %dup/vec4;
    %pushi/vec4 6, 0, 3;
    %cmp/z;
    %jmp/1 T_8.2, 4;
    %pushi/vec4 0, 0, 3;
    %store/vec4 v0000016d3aefe870_0, 0, 3;
    %pushi/vec4 0, 0, 1;
    %store/vec4 v0000016d3aefca70_0, 0, 1;
    %pushi/vec4 0, 0, 1;
    %store/vec4 v0000016d3aefd290_0, 0, 1;
    %pushi/vec4 0, 0, 1;
    %store/vec4 v0000016d3aefd470_0, 0, 1;
    %jmp T_8.4;
T_8.0 ;
    %load/vec4 v0000016d3aefd330_0;
    %dup/vec4;
    %pushi/vec4 55, 0, 7;
    %cmp/u;
    %jmp/1 T_8.5, 6;
    %dup/vec4;
    %pushi/vec4 23, 0, 7;
    %cmp/u;
    %jmp/1 T_8.6, 6;
    %load/vec4 v0000016d3aefcb10_0;
    %store/vec4 v0000016d3aefe870_0, 0, 3;
    %load/vec4 v0000016d3aefd330_0;
    %pushi/vec4 51, 0, 7;
    %cmp/e;
    %flag_get/vec4 4;
    %load/vec4 v0000016d3aefcb10_0;
    %pushi/vec4 0, 0, 3;
    %cmp/e;
    %flag_get/vec4 4;
    %and;
    %load/vec4 v0000016d3aefdfb0_0;
    %parti/s 1, 5, 4;
    %and;
    %store/vec4 v0000016d3aefca70_0, 0, 1;
    %load/vec4 v0000016d3aefcb10_0;
    %pushi/vec4 3, 0, 3;
    %cmp/e;
    %flag_get/vec4 4;
    %store/vec4 v0000016d3aefd290_0, 0, 1;
    %load/vec4 v0000016d3aefcb10_0;
    %pushi/vec4 5, 0, 3;
    %cmp/e;
    %flag_get/vec4 4;
    %load/vec4 v0000016d3aefdfb0_0;
    %parti/s 1, 5, 4;
    %and;
    %store/vec4 v0000016d3aefd470_0, 0, 1;
    %jmp T_8.8;
T_8.5 ;
    %pushi/vec4 0, 0, 3;
    %store/vec4 v0000016d3aefe870_0, 0, 3;
    %pushi/vec4 0, 0, 1;
    %store/vec4 v0000016d3aefca70_0, 0, 1;
    %pushi/vec4 0, 0, 1;
    %store/vec4 v0000016d3aefd290_0, 0, 1;
    %pushi/vec4 0, 0, 1;
    %store/vec4 v0000016d3aefd470_0, 0, 1;
    %jmp T_8.8;
T_8.6 ;
    %pushi/vec4 0, 0, 3;
    %store/vec4 v0000016d3aefe870_0, 0, 3;
    %pushi/vec4 0, 0, 1;
    %store/vec4 v0000016d3aefca70_0, 0, 1;
    %pushi/vec4 0, 0, 1;
    %store/vec4 v0000016d3aefd290_0, 0, 1;
    %pushi/vec4 0, 0, 1;
    %store/vec4 v0000016d3aefd470_0, 0, 1;
    %jmp T_8.8;
T_8.8 ;
    %pop/vec4 1;
    %jmp T_8.4;
T_8.1 ;
    %pushi/vec4 0, 0, 3;
    %store/vec4 v0000016d3aefe870_0, 0, 3;
    %pushi/vec4 0, 0, 1;
    %store/vec4 v0000016d3aefca70_0, 0, 1;
    %pushi/vec4 0, 0, 1;
    %store/vec4 v0000016d3aefd290_0, 0, 1;
    %pushi/vec4 0, 0, 1;
    %store/vec4 v0000016d3aefd470_0, 0, 1;
    %jmp T_8.4;
T_8.2 ;
    %pushi/vec4 0, 0, 3;
    %store/vec4 v0000016d3aefe870_0, 0, 3;
    %load/vec4 v0000016d3aefd330_0;
    %pushi/vec4 99, 0, 7;
    %cmp/e;
    %flag_get/vec4 4;
    %store/vec4 v0000016d3aefca70_0, 0, 1;
    %load/vec4 v0000016d3aefd330_0;
    %pushi/vec4 99, 0, 7;
    %cmp/e;
    %flag_get/vec4 4;
    %load/vec4 v0000016d3aefcb10_0;
    %parti/s 1, 1, 2;
    %and;
    %store/vec4 v0000016d3aefd290_0, 0, 1;
    %pushi/vec4 0, 0, 1;
    %store/vec4 v0000016d3aefd470_0, 0, 1;
    %jmp T_8.4;
T_8.4 ;
    %pop/vec4 1;
    %jmp T_8;
    .thread T_8, $push;
    .scope S_0000016d3ac9cf30;
T_9 ;
    %wait E_0000016d3ae4d7c0;
    %load/vec4 v0000016d3aefd010_0;
    %dup/vec4;
    %pushi/vec4 0, 0, 5;
    %cmp/u;
    %jmp/1 T_9.0, 6;
    %dup/vec4;
    %pushi/vec4 1, 0, 5;
    %cmp/u;
    %jmp/1 T_9.1, 6;
    %dup/vec4;
    %pushi/vec4 2, 0, 5;
    %cmp/u;
    %jmp/1 T_9.2, 6;
    %dup/vec4;
    %pushi/vec4 3, 0, 5;
    %cmp/u;
    %jmp/1 T_9.3, 6;
    %dup/vec4;
    %pushi/vec4 4, 0, 5;
    %cmp/u;
    %jmp/1 T_9.4, 6;
    %dup/vec4;
    %pushi/vec4 5, 0, 5;
    %cmp/u;
    %jmp/1 T_9.5, 6;
    %dup/vec4;
    %pushi/vec4 6, 0, 5;
    %cmp/u;
    %jmp/1 T_9.6, 6;
    %dup/vec4;
    %pushi/vec4 7, 0, 5;
    %cmp/u;
    %jmp/1 T_9.7, 6;
    %dup/vec4;
    %pushi/vec4 8, 0, 5;
    %cmp/u;
    %jmp/1 T_9.8, 6;
    %dup/vec4;
    %pushi/vec4 9, 0, 5;
    %cmp/u;
    %jmp/1 T_9.9, 6;
    %dup/vec4;
    %pushi/vec4 10, 0, 5;
    %cmp/u;
    %jmp/1 T_9.10, 6;
    %dup/vec4;
    %pushi/vec4 11, 0, 5;
    %cmp/u;
    %jmp/1 T_9.11, 6;
    %dup/vec4;
    %pushi/vec4 12, 0, 5;
    %cmp/u;
    %jmp/1 T_9.12, 6;
    %dup/vec4;
    %pushi/vec4 13, 0, 5;
    %cmp/u;
    %jmp/1 T_9.13, 6;
    %dup/vec4;
    %pushi/vec4 14, 0, 5;
    %cmp/u;
    %jmp/1 T_9.14, 6;
    %dup/vec4;
    %pushi/vec4 15, 0, 5;
    %cmp/u;
    %jmp/1 T_9.15, 6;
    %dup/vec4;
    %pushi/vec4 16, 0, 5;
    %cmp/u;
    %jmp/1 T_9.16, 6;
    %dup/vec4;
    %pushi/vec4 17, 0, 5;
    %cmp/u;
    %jmp/1 T_9.17, 6;
    %dup/vec4;
    %pushi/vec4 18, 0, 5;
    %cmp/u;
    %jmp/1 T_9.18, 6;
    %dup/vec4;
    %pushi/vec4 19, 0, 5;
    %cmp/u;
    %jmp/1 T_9.19, 6;
    %dup/vec4;
    %pushi/vec4 20, 0, 5;
    %cmp/u;
    %jmp/1 T_9.20, 6;
    %dup/vec4;
    %pushi/vec4 21, 0, 5;
    %cmp/u;
    %jmp/1 T_9.21, 6;
    %dup/vec4;
    %pushi/vec4 22, 0, 5;
    %cmp/u;
    %jmp/1 T_9.22, 6;
    %dup/vec4;
    %pushi/vec4 23, 0, 5;
    %cmp/u;
    %jmp/1 T_9.23, 6;
    %dup/vec4;
    %pushi/vec4 24, 0, 5;
    %cmp/u;
    %jmp/1 T_9.24, 6;
    %dup/vec4;
    %pushi/vec4 25, 0, 5;
    %cmp/u;
    %jmp/1 T_9.25, 6;
    %dup/vec4;
    %pushi/vec4 26, 0, 5;
    %cmp/u;
    %jmp/1 T_9.26, 6;
    %dup/vec4;
    %pushi/vec4 27, 0, 5;
    %cmp/u;
    %jmp/1 T_9.27, 6;
    %dup/vec4;
    %pushi/vec4 28, 0, 5;
    %cmp/u;
    %jmp/1 T_9.28, 6;
    %dup/vec4;
    %pushi/vec4 29, 0, 5;
    %cmp/u;
    %jmp/1 T_9.29, 6;
    %dup/vec4;
    %pushi/vec4 30, 0, 5;
    %cmp/u;
    %jmp/1 T_9.30, 6;
    %dup/vec4;
    %pushi/vec4 31, 0, 5;
    %cmp/u;
    %jmp/1 T_9.31, 6;
    %pushi/vec4 0, 0, 32;
    %store/vec4 v0000016d3aefe230_0, 0, 32;
    %jmp T_9.33;
T_9.0 ;
    %load/vec4 v0000016d3aefb350_0;
    %store/vec4 v0000016d3aefe230_0, 0, 32;
    %jmp T_9.33;
T_9.1 ;
    %load/vec4 v0000016d3aefb350_0;
    %parti/s 31, 0, 2;
    %concati/vec4 0, 0, 1;
    %store/vec4 v0000016d3aefe230_0, 0, 32;
    %jmp T_9.33;
T_9.2 ;
    %load/vec4 v0000016d3aefb350_0;
    %parti/s 30, 0, 2;
    %concati/vec4 0, 0, 2;
    %store/vec4 v0000016d3aefe230_0, 0, 32;
    %jmp T_9.33;
T_9.3 ;
    %load/vec4 v0000016d3aefb350_0;
    %parti/s 29, 0, 2;
    %concati/vec4 0, 0, 3;
    %store/vec4 v0000016d3aefe230_0, 0, 32;
    %jmp T_9.33;
T_9.4 ;
    %load/vec4 v0000016d3aefb350_0;
    %parti/s 28, 0, 2;
    %concati/vec4 0, 0, 4;
    %store/vec4 v0000016d3aefe230_0, 0, 32;
    %jmp T_9.33;
T_9.5 ;
    %load/vec4 v0000016d3aefb350_0;
    %parti/s 27, 0, 2;
    %concati/vec4 0, 0, 5;
    %store/vec4 v0000016d3aefe230_0, 0, 32;
    %jmp T_9.33;
T_9.6 ;
    %load/vec4 v0000016d3aefb350_0;
    %parti/s 26, 0, 2;
    %concati/vec4 0, 0, 6;
    %store/vec4 v0000016d3aefe230_0, 0, 32;
    %jmp T_9.33;
T_9.7 ;
    %load/vec4 v0000016d3aefb350_0;
    %parti/s 25, 0, 2;
    %concati/vec4 0, 0, 7;
    %store/vec4 v0000016d3aefe230_0, 0, 32;
    %jmp T_9.33;
T_9.8 ;
    %load/vec4 v0000016d3aefb350_0;
    %parti/s 24, 0, 2;
    %concati/vec4 0, 0, 8;
    %store/vec4 v0000016d3aefe230_0, 0, 32;
    %jmp T_9.33;
T_9.9 ;
    %load/vec4 v0000016d3aefb350_0;
    %parti/s 23, 0, 2;
    %concati/vec4 0, 0, 9;
    %store/vec4 v0000016d3aefe230_0, 0, 32;
    %jmp T_9.33;
T_9.10 ;
    %load/vec4 v0000016d3aefb350_0;
    %parti/s 22, 0, 2;
    %concati/vec4 0, 0, 10;
    %store/vec4 v0000016d3aefe230_0, 0, 32;
    %jmp T_9.33;
T_9.11 ;
    %load/vec4 v0000016d3aefb350_0;
    %parti/s 21, 0, 2;
    %concati/vec4 0, 0, 11;
    %store/vec4 v0000016d3aefe230_0, 0, 32;
    %jmp T_9.33;
T_9.12 ;
    %load/vec4 v0000016d3aefb350_0;
    %parti/s 20, 0, 2;
    %concati/vec4 0, 0, 12;
    %store/vec4 v0000016d3aefe230_0, 0, 32;
    %jmp T_9.33;
T_9.13 ;
    %load/vec4 v0000016d3aefb350_0;
    %parti/s 19, 0, 2;
    %concati/vec4 0, 0, 13;
    %store/vec4 v0000016d3aefe230_0, 0, 32;
    %jmp T_9.33;
T_9.14 ;
    %load/vec4 v0000016d3aefb350_0;
    %parti/s 18, 0, 2;
    %concati/vec4 0, 0, 14;
    %store/vec4 v0000016d3aefe230_0, 0, 32;
    %jmp T_9.33;
T_9.15 ;
    %load/vec4 v0000016d3aefb350_0;
    %parti/s 17, 0, 2;
    %concati/vec4 0, 0, 15;
    %store/vec4 v0000016d3aefe230_0, 0, 32;
    %jmp T_9.33;
T_9.16 ;
    %load/vec4 v0000016d3aefb350_0;
    %parti/s 16, 0, 2;
    %concati/vec4 0, 0, 16;
    %store/vec4 v0000016d3aefe230_0, 0, 32;
    %jmp T_9.33;
T_9.17 ;
    %load/vec4 v0000016d3aefb350_0;
    %parti/s 15, 0, 2;
    %concati/vec4 0, 0, 17;
    %store/vec4 v0000016d3aefe230_0, 0, 32;
    %jmp T_9.33;
T_9.18 ;
    %load/vec4 v0000016d3aefb350_0;
    %parti/s 14, 0, 2;
    %concati/vec4 0, 0, 18;
    %store/vec4 v0000016d3aefe230_0, 0, 32;
    %jmp T_9.33;
T_9.19 ;
    %load/vec4 v0000016d3aefb350_0;
    %parti/s 13, 0, 2;
    %concati/vec4 0, 0, 19;
    %store/vec4 v0000016d3aefe230_0, 0, 32;
    %jmp T_9.33;
T_9.20 ;
    %load/vec4 v0000016d3aefb350_0;
    %parti/s 12, 0, 2;
    %concati/vec4 0, 0, 20;
    %store/vec4 v0000016d3aefe230_0, 0, 32;
    %jmp T_9.33;
T_9.21 ;
    %load/vec4 v0000016d3aefb350_0;
    %parti/s 11, 0, 2;
    %concati/vec4 0, 0, 21;
    %store/vec4 v0000016d3aefe230_0, 0, 32;
    %jmp T_9.33;
T_9.22 ;
    %load/vec4 v0000016d3aefb350_0;
    %parti/s 10, 0, 2;
    %concati/vec4 0, 0, 22;
    %store/vec4 v0000016d3aefe230_0, 0, 32;
    %jmp T_9.33;
T_9.23 ;
    %load/vec4 v0000016d3aefb350_0;
    %parti/s 9, 0, 2;
    %concati/vec4 0, 0, 23;
    %store/vec4 v0000016d3aefe230_0, 0, 32;
    %jmp T_9.33;
T_9.24 ;
    %load/vec4 v0000016d3aefb350_0;
    %parti/s 8, 0, 2;
    %concati/vec4 0, 0, 24;
    %store/vec4 v0000016d3aefe230_0, 0, 32;
    %jmp T_9.33;
T_9.25 ;
    %load/vec4 v0000016d3aefb350_0;
    %parti/s 7, 0, 2;
    %concati/vec4 0, 0, 25;
    %store/vec4 v0000016d3aefe230_0, 0, 32;
    %jmp T_9.33;
T_9.26 ;
    %load/vec4 v0000016d3aefb350_0;
    %parti/s 6, 0, 2;
    %concati/vec4 0, 0, 26;
    %store/vec4 v0000016d3aefe230_0, 0, 32;
    %jmp T_9.33;
T_9.27 ;
    %load/vec4 v0000016d3aefb350_0;
    %parti/s 5, 0, 2;
    %concati/vec4 0, 0, 27;
    %store/vec4 v0000016d3aefe230_0, 0, 32;
    %jmp T_9.33;
T_9.28 ;
    %load/vec4 v0000016d3aefb350_0;
    %parti/s 4, 0, 2;
    %concati/vec4 0, 0, 28;
    %store/vec4 v0000016d3aefe230_0, 0, 32;
    %jmp T_9.33;
T_9.29 ;
    %load/vec4 v0000016d3aefb350_0;
    %parti/s 3, 0, 2;
    %concati/vec4 0, 0, 29;
    %store/vec4 v0000016d3aefe230_0, 0, 32;
    %jmp T_9.33;
T_9.30 ;
    %load/vec4 v0000016d3aefb350_0;
    %parti/s 2, 0, 2;
    %concati/vec4 0, 0, 30;
    %store/vec4 v0000016d3aefe230_0, 0, 32;
    %jmp T_9.33;
T_9.31 ;
    %load/vec4 v0000016d3aefb350_0;
    %parti/s 1, 0, 2;
    %concati/vec4 0, 0, 31;
    %store/vec4 v0000016d3aefe230_0, 0, 32;
    %jmp T_9.33;
T_9.33 ;
    %pop/vec4 1;
    %jmp T_9;
    .thread T_9, $push;
    .scope S_0000016d3ac9cf30;
T_10 ;
    %wait E_0000016d3ae4d7c0;
    %load/vec4 v0000016d3aefd010_0;
    %dup/vec4;
    %pushi/vec4 0, 0, 5;
    %cmp/u;
    %jmp/1 T_10.0, 6;
    %dup/vec4;
    %pushi/vec4 1, 0, 5;
    %cmp/u;
    %jmp/1 T_10.1, 6;
    %dup/vec4;
    %pushi/vec4 2, 0, 5;
    %cmp/u;
    %jmp/1 T_10.2, 6;
    %dup/vec4;
    %pushi/vec4 3, 0, 5;
    %cmp/u;
    %jmp/1 T_10.3, 6;
    %dup/vec4;
    %pushi/vec4 4, 0, 5;
    %cmp/u;
    %jmp/1 T_10.4, 6;
    %dup/vec4;
    %pushi/vec4 5, 0, 5;
    %cmp/u;
    %jmp/1 T_10.5, 6;
    %dup/vec4;
    %pushi/vec4 6, 0, 5;
    %cmp/u;
    %jmp/1 T_10.6, 6;
    %dup/vec4;
    %pushi/vec4 7, 0, 5;
    %cmp/u;
    %jmp/1 T_10.7, 6;
    %dup/vec4;
    %pushi/vec4 8, 0, 5;
    %cmp/u;
    %jmp/1 T_10.8, 6;
    %dup/vec4;
    %pushi/vec4 9, 0, 5;
    %cmp/u;
    %jmp/1 T_10.9, 6;
    %dup/vec4;
    %pushi/vec4 10, 0, 5;
    %cmp/u;
    %jmp/1 T_10.10, 6;
    %dup/vec4;
    %pushi/vec4 11, 0, 5;
    %cmp/u;
    %jmp/1 T_10.11, 6;
    %dup/vec4;
    %pushi/vec4 12, 0, 5;
    %cmp/u;
    %jmp/1 T_10.12, 6;
    %dup/vec4;
    %pushi/vec4 13, 0, 5;
    %cmp/u;
    %jmp/1 T_10.13, 6;
    %dup/vec4;
    %pushi/vec4 14, 0, 5;
    %cmp/u;
    %jmp/1 T_10.14, 6;
    %dup/vec4;
    %pushi/vec4 15, 0, 5;
    %cmp/u;
    %jmp/1 T_10.15, 6;
    %dup/vec4;
    %pushi/vec4 16, 0, 5;
    %cmp/u;
    %jmp/1 T_10.16, 6;
    %dup/vec4;
    %pushi/vec4 17, 0, 5;
    %cmp/u;
    %jmp/1 T_10.17, 6;
    %dup/vec4;
    %pushi/vec4 18, 0, 5;
    %cmp/u;
    %jmp/1 T_10.18, 6;
    %dup/vec4;
    %pushi/vec4 19, 0, 5;
    %cmp/u;
    %jmp/1 T_10.19, 6;
    %dup/vec4;
    %pushi/vec4 20, 0, 5;
    %cmp/u;
    %jmp/1 T_10.20, 6;
    %dup/vec4;
    %pushi/vec4 21, 0, 5;
    %cmp/u;
    %jmp/1 T_10.21, 6;
    %dup/vec4;
    %pushi/vec4 22, 0, 5;
    %cmp/u;
    %jmp/1 T_10.22, 6;
    %dup/vec4;
    %pushi/vec4 23, 0, 5;
    %cmp/u;
    %jmp/1 T_10.23, 6;
    %dup/vec4;
    %pushi/vec4 24, 0, 5;
    %cmp/u;
    %jmp/1 T_10.24, 6;
    %dup/vec4;
    %pushi/vec4 25, 0, 5;
    %cmp/u;
    %jmp/1 T_10.25, 6;
    %dup/vec4;
    %pushi/vec4 26, 0, 5;
    %cmp/u;
    %jmp/1 T_10.26, 6;
    %dup/vec4;
    %pushi/vec4 27, 0, 5;
    %cmp/u;
    %jmp/1 T_10.27, 6;
    %dup/vec4;
    %pushi/vec4 28, 0, 5;
    %cmp/u;
    %jmp/1 T_10.28, 6;
    %dup/vec4;
    %pushi/vec4 29, 0, 5;
    %cmp/u;
    %jmp/1 T_10.29, 6;
    %dup/vec4;
    %pushi/vec4 30, 0, 5;
    %cmp/u;
    %jmp/1 T_10.30, 6;
    %dup/vec4;
    %pushi/vec4 31, 0, 5;
    %cmp/u;
    %jmp/1 T_10.31, 6;
    %pushi/vec4 0, 0, 32;
    %store/vec4 v0000016d3aefe2d0_0, 0, 32;
    %jmp T_10.33;
T_10.0 ;
    %load/vec4 v0000016d3aefb350_0;
    %store/vec4 v0000016d3aefe2d0_0, 0, 32;
    %jmp T_10.33;
T_10.1 ;
    %pushi/vec4 0, 0, 1;
    %load/vec4 v0000016d3aefb350_0;
    %parti/s 31, 1, 2;
    %concat/vec4; draw_concat_vec4
    %store/vec4 v0000016d3aefe2d0_0, 0, 32;
    %jmp T_10.33;
T_10.2 ;
    %pushi/vec4 0, 0, 2;
    %load/vec4 v0000016d3aefb350_0;
    %parti/s 30, 2, 3;
    %concat/vec4; draw_concat_vec4
    %store/vec4 v0000016d3aefe2d0_0, 0, 32;
    %jmp T_10.33;
T_10.3 ;
    %pushi/vec4 0, 0, 3;
    %load/vec4 v0000016d3aefb350_0;
    %parti/s 29, 3, 3;
    %concat/vec4; draw_concat_vec4
    %store/vec4 v0000016d3aefe2d0_0, 0, 32;
    %jmp T_10.33;
T_10.4 ;
    %pushi/vec4 0, 0, 4;
    %load/vec4 v0000016d3aefb350_0;
    %parti/s 28, 4, 4;
    %concat/vec4; draw_concat_vec4
    %store/vec4 v0000016d3aefe2d0_0, 0, 32;
    %jmp T_10.33;
T_10.5 ;
    %pushi/vec4 0, 0, 5;
    %load/vec4 v0000016d3aefb350_0;
    %parti/s 27, 5, 4;
    %concat/vec4; draw_concat_vec4
    %store/vec4 v0000016d3aefe2d0_0, 0, 32;
    %jmp T_10.33;
T_10.6 ;
    %pushi/vec4 0, 0, 6;
    %load/vec4 v0000016d3aefb350_0;
    %parti/s 26, 6, 4;
    %concat/vec4; draw_concat_vec4
    %store/vec4 v0000016d3aefe2d0_0, 0, 32;
    %jmp T_10.33;
T_10.7 ;
    %pushi/vec4 0, 0, 7;
    %load/vec4 v0000016d3aefb350_0;
    %parti/s 25, 7, 4;
    %concat/vec4; draw_concat_vec4
    %store/vec4 v0000016d3aefe2d0_0, 0, 32;
    %jmp T_10.33;
T_10.8 ;
    %pushi/vec4 0, 0, 8;
    %load/vec4 v0000016d3aefb350_0;
    %parti/s 24, 8, 5;
    %concat/vec4; draw_concat_vec4
    %store/vec4 v0000016d3aefe2d0_0, 0, 32;
    %jmp T_10.33;
T_10.9 ;
    %pushi/vec4 0, 0, 9;
    %load/vec4 v0000016d3aefb350_0;
    %parti/s 23, 9, 5;
    %concat/vec4; draw_concat_vec4
    %store/vec4 v0000016d3aefe2d0_0, 0, 32;
    %jmp T_10.33;
T_10.10 ;
    %pushi/vec4 0, 0, 10;
    %load/vec4 v0000016d3aefb350_0;
    %parti/s 22, 10, 5;
    %concat/vec4; draw_concat_vec4
    %store/vec4 v0000016d3aefe2d0_0, 0, 32;
    %jmp T_10.33;
T_10.11 ;
    %pushi/vec4 0, 0, 11;
    %load/vec4 v0000016d3aefb350_0;
    %parti/s 21, 11, 5;
    %concat/vec4; draw_concat_vec4
    %store/vec4 v0000016d3aefe2d0_0, 0, 32;
    %jmp T_10.33;
T_10.12 ;
    %pushi/vec4 0, 0, 12;
    %load/vec4 v0000016d3aefb350_0;
    %parti/s 20, 12, 5;
    %concat/vec4; draw_concat_vec4
    %store/vec4 v0000016d3aefe2d0_0, 0, 32;
    %jmp T_10.33;
T_10.13 ;
    %pushi/vec4 0, 0, 13;
    %load/vec4 v0000016d3aefb350_0;
    %parti/s 19, 13, 5;
    %concat/vec4; draw_concat_vec4
    %store/vec4 v0000016d3aefe2d0_0, 0, 32;
    %jmp T_10.33;
T_10.14 ;
    %pushi/vec4 0, 0, 14;
    %load/vec4 v0000016d3aefb350_0;
    %parti/s 18, 14, 5;
    %concat/vec4; draw_concat_vec4
    %store/vec4 v0000016d3aefe2d0_0, 0, 32;
    %jmp T_10.33;
T_10.15 ;
    %pushi/vec4 0, 0, 15;
    %load/vec4 v0000016d3aefb350_0;
    %parti/s 17, 15, 5;
    %concat/vec4; draw_concat_vec4
    %store/vec4 v0000016d3aefe2d0_0, 0, 32;
    %jmp T_10.33;
T_10.16 ;
    %pushi/vec4 0, 0, 16;
    %load/vec4 v0000016d3aefb350_0;
    %parti/s 16, 16, 6;
    %concat/vec4; draw_concat_vec4
    %store/vec4 v0000016d3aefe2d0_0, 0, 32;
    %jmp T_10.33;
T_10.17 ;
    %pushi/vec4 0, 0, 17;
    %load/vec4 v0000016d3aefb350_0;
    %parti/s 15, 17, 6;
    %concat/vec4; draw_concat_vec4
    %store/vec4 v0000016d3aefe2d0_0, 0, 32;
    %jmp T_10.33;
T_10.18 ;
    %pushi/vec4 0, 0, 18;
    %load/vec4 v0000016d3aefb350_0;
    %parti/s 14, 18, 6;
    %concat/vec4; draw_concat_vec4
    %store/vec4 v0000016d3aefe2d0_0, 0, 32;
    %jmp T_10.33;
T_10.19 ;
    %pushi/vec4 0, 0, 19;
    %load/vec4 v0000016d3aefb350_0;
    %parti/s 13, 19, 6;
    %concat/vec4; draw_concat_vec4
    %store/vec4 v0000016d3aefe2d0_0, 0, 32;
    %jmp T_10.33;
T_10.20 ;
    %pushi/vec4 0, 0, 20;
    %load/vec4 v0000016d3aefb350_0;
    %parti/s 12, 20, 6;
    %concat/vec4; draw_concat_vec4
    %store/vec4 v0000016d3aefe2d0_0, 0, 32;
    %jmp T_10.33;
T_10.21 ;
    %pushi/vec4 0, 0, 21;
    %load/vec4 v0000016d3aefb350_0;
    %parti/s 11, 21, 6;
    %concat/vec4; draw_concat_vec4
    %store/vec4 v0000016d3aefe2d0_0, 0, 32;
    %jmp T_10.33;
T_10.22 ;
    %pushi/vec4 0, 0, 22;
    %load/vec4 v0000016d3aefb350_0;
    %parti/s 10, 22, 6;
    %concat/vec4; draw_concat_vec4
    %store/vec4 v0000016d3aefe2d0_0, 0, 32;
    %jmp T_10.33;
T_10.23 ;
    %pushi/vec4 0, 0, 23;
    %load/vec4 v0000016d3aefb350_0;
    %parti/s 9, 23, 6;
    %concat/vec4; draw_concat_vec4
    %store/vec4 v0000016d3aefe2d0_0, 0, 32;
    %jmp T_10.33;
T_10.24 ;
    %pushi/vec4 0, 0, 24;
    %load/vec4 v0000016d3aefb350_0;
    %parti/s 8, 24, 6;
    %concat/vec4; draw_concat_vec4
    %store/vec4 v0000016d3aefe2d0_0, 0, 32;
    %jmp T_10.33;
T_10.25 ;
    %pushi/vec4 0, 0, 25;
    %load/vec4 v0000016d3aefb350_0;
    %parti/s 7, 25, 6;
    %concat/vec4; draw_concat_vec4
    %store/vec4 v0000016d3aefe2d0_0, 0, 32;
    %jmp T_10.33;
T_10.26 ;
    %pushi/vec4 0, 0, 26;
    %load/vec4 v0000016d3aefb350_0;
    %parti/s 6, 26, 6;
    %concat/vec4; draw_concat_vec4
    %store/vec4 v0000016d3aefe2d0_0, 0, 32;
    %jmp T_10.33;
T_10.27 ;
    %pushi/vec4 0, 0, 27;
    %load/vec4 v0000016d3aefb350_0;
    %parti/s 5, 27, 6;
    %concat/vec4; draw_concat_vec4
    %store/vec4 v0000016d3aefe2d0_0, 0, 32;
    %jmp T_10.33;
T_10.28 ;
    %pushi/vec4 0, 0, 28;
    %load/vec4 v0000016d3aefb350_0;
    %parti/s 4, 28, 6;
    %concat/vec4; draw_concat_vec4
    %store/vec4 v0000016d3aefe2d0_0, 0, 32;
    %jmp T_10.33;
T_10.29 ;
    %pushi/vec4 0, 0, 29;
    %load/vec4 v0000016d3aefb350_0;
    %parti/s 3, 29, 6;
    %concat/vec4; draw_concat_vec4
    %store/vec4 v0000016d3aefe2d0_0, 0, 32;
    %jmp T_10.33;
T_10.30 ;
    %pushi/vec4 0, 0, 30;
    %load/vec4 v0000016d3aefb350_0;
    %parti/s 2, 30, 6;
    %concat/vec4; draw_concat_vec4
    %store/vec4 v0000016d3aefe2d0_0, 0, 32;
    %jmp T_10.33;
T_10.31 ;
    %pushi/vec4 0, 0, 31;
    %load/vec4 v0000016d3aefb350_0;
    %parti/s 1, 31, 6;
    %concat/vec4; draw_concat_vec4
    %store/vec4 v0000016d3aefe2d0_0, 0, 32;
    %jmp T_10.33;
T_10.33 ;
    %pop/vec4 1;
    %jmp T_10;
    .thread T_10, $push;
    .scope S_0000016d3ac9cf30;
T_11 ;
    %wait E_0000016d3ae4d7c0;
    %load/vec4 v0000016d3aefd010_0;
    %dup/vec4;
    %pushi/vec4 0, 0, 5;
    %cmp/u;
    %jmp/1 T_11.0, 6;
    %dup/vec4;
    %pushi/vec4 1, 0, 5;
    %cmp/u;
    %jmp/1 T_11.1, 6;
    %dup/vec4;
    %pushi/vec4 2, 0, 5;
    %cmp/u;
    %jmp/1 T_11.2, 6;
    %dup/vec4;
    %pushi/vec4 3, 0, 5;
    %cmp/u;
    %jmp/1 T_11.3, 6;
    %dup/vec4;
    %pushi/vec4 4, 0, 5;
    %cmp/u;
    %jmp/1 T_11.4, 6;
    %dup/vec4;
    %pushi/vec4 5, 0, 5;
    %cmp/u;
    %jmp/1 T_11.5, 6;
    %dup/vec4;
    %pushi/vec4 6, 0, 5;
    %cmp/u;
    %jmp/1 T_11.6, 6;
    %dup/vec4;
    %pushi/vec4 7, 0, 5;
    %cmp/u;
    %jmp/1 T_11.7, 6;
    %dup/vec4;
    %pushi/vec4 8, 0, 5;
    %cmp/u;
    %jmp/1 T_11.8, 6;
    %dup/vec4;
    %pushi/vec4 9, 0, 5;
    %cmp/u;
    %jmp/1 T_11.9, 6;
    %dup/vec4;
    %pushi/vec4 10, 0, 5;
    %cmp/u;
    %jmp/1 T_11.10, 6;
    %dup/vec4;
    %pushi/vec4 11, 0, 5;
    %cmp/u;
    %jmp/1 T_11.11, 6;
    %dup/vec4;
    %pushi/vec4 12, 0, 5;
    %cmp/u;
    %jmp/1 T_11.12, 6;
    %dup/vec4;
    %pushi/vec4 13, 0, 5;
    %cmp/u;
    %jmp/1 T_11.13, 6;
    %dup/vec4;
    %pushi/vec4 14, 0, 5;
    %cmp/u;
    %jmp/1 T_11.14, 6;
    %dup/vec4;
    %pushi/vec4 15, 0, 5;
    %cmp/u;
    %jmp/1 T_11.15, 6;
    %dup/vec4;
    %pushi/vec4 16, 0, 5;
    %cmp/u;
    %jmp/1 T_11.16, 6;
    %dup/vec4;
    %pushi/vec4 17, 0, 5;
    %cmp/u;
    %jmp/1 T_11.17, 6;
    %dup/vec4;
    %pushi/vec4 18, 0, 5;
    %cmp/u;
    %jmp/1 T_11.18, 6;
    %dup/vec4;
    %pushi/vec4 19, 0, 5;
    %cmp/u;
    %jmp/1 T_11.19, 6;
    %dup/vec4;
    %pushi/vec4 20, 0, 5;
    %cmp/u;
    %jmp/1 T_11.20, 6;
    %dup/vec4;
    %pushi/vec4 21, 0, 5;
    %cmp/u;
    %jmp/1 T_11.21, 6;
    %dup/vec4;
    %pushi/vec4 22, 0, 5;
    %cmp/u;
    %jmp/1 T_11.22, 6;
    %dup/vec4;
    %pushi/vec4 23, 0, 5;
    %cmp/u;
    %jmp/1 T_11.23, 6;
    %dup/vec4;
    %pushi/vec4 24, 0, 5;
    %cmp/u;
    %jmp/1 T_11.24, 6;
    %dup/vec4;
    %pushi/vec4 25, 0, 5;
    %cmp/u;
    %jmp/1 T_11.25, 6;
    %dup/vec4;
    %pushi/vec4 26, 0, 5;
    %cmp/u;
    %jmp/1 T_11.26, 6;
    %dup/vec4;
    %pushi/vec4 27, 0, 5;
    %cmp/u;
    %jmp/1 T_11.27, 6;
    %dup/vec4;
    %pushi/vec4 28, 0, 5;
    %cmp/u;
    %jmp/1 T_11.28, 6;
    %dup/vec4;
    %pushi/vec4 29, 0, 5;
    %cmp/u;
    %jmp/1 T_11.29, 6;
    %dup/vec4;
    %pushi/vec4 30, 0, 5;
    %cmp/u;
    %jmp/1 T_11.30, 6;
    %dup/vec4;
    %pushi/vec4 31, 0, 5;
    %cmp/u;
    %jmp/1 T_11.31, 6;
    %pushi/vec4 0, 0, 32;
    %store/vec4 v0000016d3aefc930_0, 0, 32;
    %jmp T_11.33;
T_11.0 ;
    %load/vec4 v0000016d3aefb350_0;
    %store/vec4 v0000016d3aefc930_0, 0, 32;
    %jmp T_11.33;
T_11.1 ;
    %load/vec4 v0000016d3aefb350_0;
    %parti/s 1, 31, 6;
    %load/vec4 v0000016d3aefb350_0;
    %parti/s 31, 1, 2;
    %concat/vec4; draw_concat_vec4
    %store/vec4 v0000016d3aefc930_0, 0, 32;
    %jmp T_11.33;
T_11.2 ;
    %load/vec4 v0000016d3aefb350_0;
    %parti/s 1, 31, 6;
    %replicate 2;
    %load/vec4 v0000016d3aefb350_0;
    %parti/s 30, 2, 3;
    %concat/vec4; draw_concat_vec4
    %store/vec4 v0000016d3aefc930_0, 0, 32;
    %jmp T_11.33;
T_11.3 ;
    %load/vec4 v0000016d3aefb350_0;
    %parti/s 1, 31, 6;
    %replicate 3;
    %load/vec4 v0000016d3aefb350_0;
    %parti/s 29, 3, 3;
    %concat/vec4; draw_concat_vec4
    %store/vec4 v0000016d3aefc930_0, 0, 32;
    %jmp T_11.33;
T_11.4 ;
    %load/vec4 v0000016d3aefb350_0;
    %parti/s 1, 31, 6;
    %replicate 4;
    %load/vec4 v0000016d3aefb350_0;
    %parti/s 28, 4, 4;
    %concat/vec4; draw_concat_vec4
    %store/vec4 v0000016d3aefc930_0, 0, 32;
    %jmp T_11.33;
T_11.5 ;
    %load/vec4 v0000016d3aefb350_0;
    %parti/s 1, 31, 6;
    %replicate 5;
    %load/vec4 v0000016d3aefb350_0;
    %parti/s 27, 5, 4;
    %concat/vec4; draw_concat_vec4
    %store/vec4 v0000016d3aefc930_0, 0, 32;
    %jmp T_11.33;
T_11.6 ;
    %load/vec4 v0000016d3aefb350_0;
    %parti/s 1, 31, 6;
    %replicate 6;
    %load/vec4 v0000016d3aefb350_0;
    %parti/s 26, 6, 4;
    %concat/vec4; draw_concat_vec4
    %store/vec4 v0000016d3aefc930_0, 0, 32;
    %jmp T_11.33;
T_11.7 ;
    %load/vec4 v0000016d3aefb350_0;
    %parti/s 1, 31, 6;
    %replicate 7;
    %load/vec4 v0000016d3aefb350_0;
    %parti/s 25, 7, 4;
    %concat/vec4; draw_concat_vec4
    %store/vec4 v0000016d3aefc930_0, 0, 32;
    %jmp T_11.33;
T_11.8 ;
    %load/vec4 v0000016d3aefb350_0;
    %parti/s 1, 31, 6;
    %replicate 8;
    %load/vec4 v0000016d3aefb350_0;
    %parti/s 24, 8, 5;
    %concat/vec4; draw_concat_vec4
    %store/vec4 v0000016d3aefc930_0, 0, 32;
    %jmp T_11.33;
T_11.9 ;
    %load/vec4 v0000016d3aefb350_0;
    %parti/s 1, 31, 6;
    %replicate 9;
    %load/vec4 v0000016d3aefb350_0;
    %parti/s 23, 9, 5;
    %concat/vec4; draw_concat_vec4
    %store/vec4 v0000016d3aefc930_0, 0, 32;
    %jmp T_11.33;
T_11.10 ;
    %load/vec4 v0000016d3aefb350_0;
    %parti/s 1, 31, 6;
    %replicate 10;
    %load/vec4 v0000016d3aefb350_0;
    %parti/s 22, 10, 5;
    %concat/vec4; draw_concat_vec4
    %store/vec4 v0000016d3aefc930_0, 0, 32;
    %jmp T_11.33;
T_11.11 ;
    %load/vec4 v0000016d3aefb350_0;
    %parti/s 1, 31, 6;
    %replicate 11;
    %load/vec4 v0000016d3aefb350_0;
    %parti/s 21, 11, 5;
    %concat/vec4; draw_concat_vec4
    %store/vec4 v0000016d3aefc930_0, 0, 32;
    %jmp T_11.33;
T_11.12 ;
    %load/vec4 v0000016d3aefb350_0;
    %parti/s 1, 31, 6;
    %replicate 12;
    %load/vec4 v0000016d3aefb350_0;
    %parti/s 20, 12, 5;
    %concat/vec4; draw_concat_vec4
    %store/vec4 v0000016d3aefc930_0, 0, 32;
    %jmp T_11.33;
T_11.13 ;
    %load/vec4 v0000016d3aefb350_0;
    %parti/s 1, 31, 6;
    %replicate 13;
    %load/vec4 v0000016d3aefb350_0;
    %parti/s 19, 13, 5;
    %concat/vec4; draw_concat_vec4
    %store/vec4 v0000016d3aefc930_0, 0, 32;
    %jmp T_11.33;
T_11.14 ;
    %load/vec4 v0000016d3aefb350_0;
    %parti/s 1, 31, 6;
    %replicate 14;
    %load/vec4 v0000016d3aefb350_0;
    %parti/s 18, 14, 5;
    %concat/vec4; draw_concat_vec4
    %store/vec4 v0000016d3aefc930_0, 0, 32;
    %jmp T_11.33;
T_11.15 ;
    %load/vec4 v0000016d3aefb350_0;
    %parti/s 1, 31, 6;
    %replicate 15;
    %load/vec4 v0000016d3aefb350_0;
    %parti/s 17, 15, 5;
    %concat/vec4; draw_concat_vec4
    %store/vec4 v0000016d3aefc930_0, 0, 32;
    %jmp T_11.33;
T_11.16 ;
    %load/vec4 v0000016d3aefb350_0;
    %parti/s 1, 31, 6;
    %replicate 16;
    %load/vec4 v0000016d3aefb350_0;
    %parti/s 16, 16, 6;
    %concat/vec4; draw_concat_vec4
    %store/vec4 v0000016d3aefc930_0, 0, 32;
    %jmp T_11.33;
T_11.17 ;
    %load/vec4 v0000016d3aefb350_0;
    %parti/s 1, 31, 6;
    %replicate 17;
    %load/vec4 v0000016d3aefb350_0;
    %parti/s 15, 17, 6;
    %concat/vec4; draw_concat_vec4
    %store/vec4 v0000016d3aefc930_0, 0, 32;
    %jmp T_11.33;
T_11.18 ;
    %load/vec4 v0000016d3aefb350_0;
    %parti/s 1, 31, 6;
    %replicate 18;
    %load/vec4 v0000016d3aefb350_0;
    %parti/s 14, 18, 6;
    %concat/vec4; draw_concat_vec4
    %store/vec4 v0000016d3aefc930_0, 0, 32;
    %jmp T_11.33;
T_11.19 ;
    %load/vec4 v0000016d3aefb350_0;
    %parti/s 1, 31, 6;
    %replicate 19;
    %load/vec4 v0000016d3aefb350_0;
    %parti/s 13, 19, 6;
    %concat/vec4; draw_concat_vec4
    %store/vec4 v0000016d3aefc930_0, 0, 32;
    %jmp T_11.33;
T_11.20 ;
    %load/vec4 v0000016d3aefb350_0;
    %parti/s 1, 31, 6;
    %replicate 20;
    %load/vec4 v0000016d3aefb350_0;
    %parti/s 12, 20, 6;
    %concat/vec4; draw_concat_vec4
    %store/vec4 v0000016d3aefc930_0, 0, 32;
    %jmp T_11.33;
T_11.21 ;
    %load/vec4 v0000016d3aefb350_0;
    %parti/s 1, 31, 6;
    %replicate 21;
    %load/vec4 v0000016d3aefb350_0;
    %parti/s 11, 21, 6;
    %concat/vec4; draw_concat_vec4
    %store/vec4 v0000016d3aefc930_0, 0, 32;
    %jmp T_11.33;
T_11.22 ;
    %load/vec4 v0000016d3aefb350_0;
    %parti/s 1, 31, 6;
    %replicate 22;
    %load/vec4 v0000016d3aefb350_0;
    %parti/s 10, 22, 6;
    %concat/vec4; draw_concat_vec4
    %store/vec4 v0000016d3aefc930_0, 0, 32;
    %jmp T_11.33;
T_11.23 ;
    %load/vec4 v0000016d3aefb350_0;
    %parti/s 1, 31, 6;
    %replicate 23;
    %load/vec4 v0000016d3aefb350_0;
    %parti/s 9, 23, 6;
    %concat/vec4; draw_concat_vec4
    %store/vec4 v0000016d3aefc930_0, 0, 32;
    %jmp T_11.33;
T_11.24 ;
    %load/vec4 v0000016d3aefb350_0;
    %parti/s 1, 31, 6;
    %replicate 24;
    %load/vec4 v0000016d3aefb350_0;
    %parti/s 8, 24, 6;
    %concat/vec4; draw_concat_vec4
    %store/vec4 v0000016d3aefc930_0, 0, 32;
    %jmp T_11.33;
T_11.25 ;
    %load/vec4 v0000016d3aefb350_0;
    %parti/s 1, 31, 6;
    %replicate 25;
    %load/vec4 v0000016d3aefb350_0;
    %parti/s 7, 25, 6;
    %concat/vec4; draw_concat_vec4
    %store/vec4 v0000016d3aefc930_0, 0, 32;
    %jmp T_11.33;
T_11.26 ;
    %load/vec4 v0000016d3aefb350_0;
    %parti/s 1, 31, 6;
    %replicate 26;
    %load/vec4 v0000016d3aefb350_0;
    %parti/s 6, 26, 6;
    %concat/vec4; draw_concat_vec4
    %store/vec4 v0000016d3aefc930_0, 0, 32;
    %jmp T_11.33;
T_11.27 ;
    %load/vec4 v0000016d3aefb350_0;
    %parti/s 1, 31, 6;
    %replicate 27;
    %load/vec4 v0000016d3aefb350_0;
    %parti/s 5, 27, 6;
    %concat/vec4; draw_concat_vec4
    %store/vec4 v0000016d3aefc930_0, 0, 32;
    %jmp T_11.33;
T_11.28 ;
    %load/vec4 v0000016d3aefb350_0;
    %parti/s 1, 31, 6;
    %replicate 28;
    %load/vec4 v0000016d3aefb350_0;
    %parti/s 4, 28, 6;
    %concat/vec4; draw_concat_vec4
    %store/vec4 v0000016d3aefc930_0, 0, 32;
    %jmp T_11.33;
T_11.29 ;
    %load/vec4 v0000016d3aefb350_0;
    %parti/s 1, 31, 6;
    %replicate 29;
    %load/vec4 v0000016d3aefb350_0;
    %parti/s 3, 29, 6;
    %concat/vec4; draw_concat_vec4
    %store/vec4 v0000016d3aefc930_0, 0, 32;
    %jmp T_11.33;
T_11.30 ;
    %load/vec4 v0000016d3aefb350_0;
    %parti/s 1, 31, 6;
    %replicate 30;
    %load/vec4 v0000016d3aefb350_0;
    %parti/s 2, 30, 6;
    %concat/vec4; draw_concat_vec4
    %store/vec4 v0000016d3aefc930_0, 0, 32;
    %jmp T_11.33;
T_11.31 ;
    %load/vec4 v0000016d3aefb350_0;
    %parti/s 1, 31, 6;
    %replicate 31;
    %load/vec4 v0000016d3aefb350_0;
    %parti/s 1, 31, 6;
    %concat/vec4; draw_concat_vec4
    %store/vec4 v0000016d3aefc930_0, 0, 32;
    %jmp T_11.33;
T_11.33 ;
    %pop/vec4 1;
    %jmp T_11;
    .thread T_11, $push;
    .scope S_0000016d3ac9cf30;
T_12 ;
    %wait E_0000016d3ae4e000;
    %load/vec4 v0000016d3aefbcb0_0;
    %dup/vec4;
    %pushi/vec4 0, 0, 3;
    %cmp/u;
    %jmp/1 T_12.0, 6;
    %dup/vec4;
    %pushi/vec4 1, 0, 3;
    %cmp/u;
    %jmp/1 T_12.1, 6;
    %dup/vec4;
    %pushi/vec4 2, 0, 3;
    %cmp/u;
    %jmp/1 T_12.2, 6;
    %dup/vec4;
    %pushi/vec4 3, 0, 3;
    %cmp/u;
    %jmp/1 T_12.3, 6;
    %dup/vec4;
    %pushi/vec4 4, 0, 3;
    %cmp/u;
    %jmp/1 T_12.4, 6;
    %dup/vec4;
    %pushi/vec4 5, 0, 3;
    %cmp/u;
    %jmp/1 T_12.5, 6;
    %dup/vec4;
    %pushi/vec4 6, 0, 3;
    %cmp/u;
    %jmp/1 T_12.6, 6;
    %dup/vec4;
    %pushi/vec4 7, 0, 3;
    %cmp/u;
    %jmp/1 T_12.7, 6;
    %pushi/vec4 0, 0, 32;
    %store/vec4 v0000016d3aefdf10_0, 0, 32;
    %jmp T_12.9;
T_12.0 ;
    %load/vec4 v0000016d3aefbfd0_0;
    %dup/vec4;
    %pushi/vec4 0, 0, 1;
    %cmp/u;
    %jmp/1 T_12.10, 6;
    %dup/vec4;
    %pushi/vec4 1, 0, 1;
    %cmp/u;
    %jmp/1 T_12.11, 6;
    %pushi/vec4 0, 0, 32;
    %store/vec4 v0000016d3aefdf10_0, 0, 32;
    %jmp T_12.13;
T_12.10 ;
    %load/vec4 v0000016d3aefb350_0;
    %load/vec4 v0000016d3aefa090_0;
    %add;
    %store/vec4 v0000016d3aefdf10_0, 0, 32;
    %jmp T_12.13;
T_12.11 ;
    %load/vec4 v0000016d3aefb350_0;
    %load/vec4 v0000016d3aefa090_0;
    %sub;
    %store/vec4 v0000016d3aefdf10_0, 0, 32;
    %jmp T_12.13;
T_12.13 ;
    %pop/vec4 1;
    %jmp T_12.9;
T_12.1 ;
    %load/vec4 v0000016d3aefe230_0;
    %store/vec4 v0000016d3aefdf10_0, 0, 32;
    %jmp T_12.9;
T_12.2 ;
    %pushi/vec4 0, 0, 31;
    %load/vec4 v0000016d3aefee10_0;
    %concat/vec4; draw_concat_vec4
    %store/vec4 v0000016d3aefdf10_0, 0, 32;
    %jmp T_12.9;
T_12.3 ;
    %pushi/vec4 0, 0, 31;
    %load/vec4 v0000016d3aefee10_0;
    %concat/vec4; draw_concat_vec4
    %store/vec4 v0000016d3aefdf10_0, 0, 32;
    %jmp T_12.9;
T_12.4 ;
    %load/vec4 v0000016d3aefb350_0;
    %load/vec4 v0000016d3aefa090_0;
    %xor;
    %store/vec4 v0000016d3aefdf10_0, 0, 32;
    %jmp T_12.9;
T_12.5 ;
    %load/vec4 v0000016d3aefa450_0;
    %dup/vec4;
    %pushi/vec4 0, 0, 1;
    %cmp/u;
    %jmp/1 T_12.14, 6;
    %dup/vec4;
    %pushi/vec4 1, 0, 1;
    %cmp/u;
    %jmp/1 T_12.15, 6;
    %pushi/vec4 0, 0, 32;
    %store/vec4 v0000016d3aefdf10_0, 0, 32;
    %jmp T_12.17;
T_12.14 ;
    %load/vec4 v0000016d3aefe2d0_0;
    %store/vec4 v0000016d3aefdf10_0, 0, 32;
    %jmp T_12.17;
T_12.15 ;
    %load/vec4 v0000016d3aefc930_0;
    %store/vec4 v0000016d3aefdf10_0, 0, 32;
    %jmp T_12.17;
T_12.17 ;
    %pop/vec4 1;
    %jmp T_12.9;
T_12.6 ;
    %load/vec4 v0000016d3aefb350_0;
    %load/vec4 v0000016d3aefa090_0;
    %or;
    %store/vec4 v0000016d3aefdf10_0, 0, 32;
    %jmp T_12.9;
T_12.7 ;
    %load/vec4 v0000016d3aefb350_0;
    %load/vec4 v0000016d3aefa090_0;
    %and;
    %store/vec4 v0000016d3aefdf10_0, 0, 32;
    %jmp T_12.9;
T_12.9 ;
    %pop/vec4 1;
    %jmp T_12;
    .thread T_12, $push;
    .scope S_0000016d3adfeda0;
T_13 ;
    %wait E_0000016d3ae4db40;
    %load/vec4 v0000016d3af19860_0;
    %dup/vec4;
    %pushi/vec4 0, 0, 3;
    %cmp/u;
    %jmp/1 T_13.0, 6;
    %dup/vec4;
    %pushi/vec4 4, 0, 3;
    %cmp/u;
    %jmp/1 T_13.1, 6;
    %dup/vec4;
    %pushi/vec4 1, 0, 3;
    %cmp/u;
    %jmp/1 T_13.2, 6;
    %dup/vec4;
    %pushi/vec4 5, 0, 3;
    %cmp/u;
    %jmp/1 T_13.3, 6;
    %dup/vec4;
    %pushi/vec4 2, 0, 3;
    %cmp/u;
    %jmp/1 T_13.4, 6;
    %pushi/vec4 0, 0, 4;
    %store/vec4 v0000016d3af130a0_0, 0, 4;
    %jmp T_13.6;
T_13.0 ;
    %load/vec4 v0000016d3af144a0_0;
    %dup/vec4;
    %pushi/vec4 0, 0, 2;
    %cmp/u;
    %jmp/1 T_13.7, 6;
    %dup/vec4;
    %pushi/vec4 1, 0, 2;
    %cmp/u;
    %jmp/1 T_13.8, 6;
    %dup/vec4;
    %pushi/vec4 2, 0, 2;
    %cmp/u;
    %jmp/1 T_13.9, 6;
    %dup/vec4;
    %pushi/vec4 3, 0, 2;
    %cmp/u;
    %jmp/1 T_13.10, 6;
    %pushi/vec4 0, 0, 4;
    %store/vec4 v0000016d3af130a0_0, 0, 4;
    %jmp T_13.12;
T_13.7 ;
    %pushi/vec4 1, 0, 4;
    %store/vec4 v0000016d3af130a0_0, 0, 4;
    %jmp T_13.12;
T_13.8 ;
    %pushi/vec4 2, 0, 4;
    %store/vec4 v0000016d3af130a0_0, 0, 4;
    %jmp T_13.12;
T_13.9 ;
    %pushi/vec4 4, 0, 4;
    %store/vec4 v0000016d3af130a0_0, 0, 4;
    %jmp T_13.12;
T_13.10 ;
    %pushi/vec4 8, 0, 4;
    %store/vec4 v0000016d3af130a0_0, 0, 4;
    %jmp T_13.12;
T_13.12 ;
    %pop/vec4 1;
    %jmp T_13.6;
T_13.1 ;
    %load/vec4 v0000016d3af144a0_0;
    %dup/vec4;
    %pushi/vec4 0, 0, 2;
    %cmp/u;
    %jmp/1 T_13.13, 6;
    %dup/vec4;
    %pushi/vec4 1, 0, 2;
    %cmp/u;
    %jmp/1 T_13.14, 6;
    %dup/vec4;
    %pushi/vec4 2, 0, 2;
    %cmp/u;
    %jmp/1 T_13.15, 6;
    %dup/vec4;
    %pushi/vec4 3, 0, 2;
    %cmp/u;
    %jmp/1 T_13.16, 6;
    %pushi/vec4 0, 0, 4;
    %store/vec4 v0000016d3af130a0_0, 0, 4;
    %jmp T_13.18;
T_13.13 ;
    %pushi/vec4 1, 0, 4;
    %store/vec4 v0000016d3af130a0_0, 0, 4;
    %jmp T_13.18;
T_13.14 ;
    %pushi/vec4 2, 0, 4;
    %store/vec4 v0000016d3af130a0_0, 0, 4;
    %jmp T_13.18;
T_13.15 ;
    %pushi/vec4 4, 0, 4;
    %store/vec4 v0000016d3af130a0_0, 0, 4;
    %jmp T_13.18;
T_13.16 ;
    %pushi/vec4 8, 0, 4;
    %store/vec4 v0000016d3af130a0_0, 0, 4;
    %jmp T_13.18;
T_13.18 ;
    %pop/vec4 1;
    %jmp T_13.6;
T_13.2 ;
    %load/vec4 v0000016d3af144a0_0;
    %parti/s 1, 1, 2;
    %dup/vec4;
    %pushi/vec4 0, 0, 1;
    %cmp/u;
    %jmp/1 T_13.19, 6;
    %dup/vec4;
    %pushi/vec4 1, 0, 1;
    %cmp/u;
    %jmp/1 T_13.20, 6;
    %pushi/vec4 0, 0, 4;
    %store/vec4 v0000016d3af130a0_0, 0, 4;
    %jmp T_13.22;
T_13.19 ;
    %pushi/vec4 3, 0, 4;
    %store/vec4 v0000016d3af130a0_0, 0, 4;
    %jmp T_13.22;
T_13.20 ;
    %pushi/vec4 12, 0, 4;
    %store/vec4 v0000016d3af130a0_0, 0, 4;
    %jmp T_13.22;
T_13.22 ;
    %pop/vec4 1;
    %jmp T_13.6;
T_13.3 ;
    %load/vec4 v0000016d3af144a0_0;
    %parti/s 1, 1, 2;
    %dup/vec4;
    %pushi/vec4 0, 0, 1;
    %cmp/u;
    %jmp/1 T_13.23, 6;
    %dup/vec4;
    %pushi/vec4 1, 0, 1;
    %cmp/u;
    %jmp/1 T_13.24, 6;
    %pushi/vec4 0, 0, 4;
    %store/vec4 v0000016d3af130a0_0, 0, 4;
    %jmp T_13.26;
T_13.23 ;
    %pushi/vec4 3, 0, 4;
    %store/vec4 v0000016d3af130a0_0, 0, 4;
    %jmp T_13.26;
T_13.24 ;
    %pushi/vec4 12, 0, 4;
    %store/vec4 v0000016d3af130a0_0, 0, 4;
    %jmp T_13.26;
T_13.26 ;
    %pop/vec4 1;
    %jmp T_13.6;
T_13.4 ;
    %pushi/vec4 15, 0, 4;
    %store/vec4 v0000016d3af130a0_0, 0, 4;
    %jmp T_13.6;
T_13.6 ;
    %pop/vec4 1;
    %jmp T_13;
    .thread T_13, $push;
    .scope S_0000016d3adfeda0;
T_14 ;
    %wait E_0000016d3ae4d340;
    %load/vec4 v0000016d3af144a0_0;
    %dup/vec4;
    %pushi/vec4 0, 0, 2;
    %cmp/u;
    %jmp/1 T_14.0, 6;
    %dup/vec4;
    %pushi/vec4 1, 0, 2;
    %cmp/u;
    %jmp/1 T_14.1, 6;
    %dup/vec4;
    %pushi/vec4 2, 0, 2;
    %cmp/u;
    %jmp/1 T_14.2, 6;
    %dup/vec4;
    %pushi/vec4 3, 0, 2;
    %cmp/u;
    %jmp/1 T_14.3, 6;
    %pushi/vec4 0, 0, 32;
    %store/vec4 v0000016d3af145e0_0, 0, 32;
    %jmp T_14.5;
T_14.0 ;
    %load/vec4 v0000016d3af18b40_0;
    %store/vec4 v0000016d3af145e0_0, 0, 32;
    %jmp T_14.5;
T_14.1 ;
    %load/vec4 v0000016d3af18b40_0;
    %parti/s 24, 0, 2;
    %concati/vec4 0, 0, 8;
    %store/vec4 v0000016d3af145e0_0, 0, 32;
    %jmp T_14.5;
T_14.2 ;
    %load/vec4 v0000016d3af18b40_0;
    %parti/s 16, 0, 2;
    %concati/vec4 0, 0, 16;
    %store/vec4 v0000016d3af145e0_0, 0, 32;
    %jmp T_14.5;
T_14.3 ;
    %load/vec4 v0000016d3af18b40_0;
    %parti/s 8, 0, 2;
    %concati/vec4 0, 0, 24;
    %store/vec4 v0000016d3af145e0_0, 0, 32;
    %jmp T_14.5;
T_14.5 ;
    %pop/vec4 1;
    %jmp T_14;
    .thread T_14, $push;
    .scope S_0000016d3adfeda0;
T_15 ;
    %wait E_0000016d3ae4d340;
    %load/vec4 v0000016d3af144a0_0;
    %parti/s 1, 1, 2;
    %dup/vec4;
    %pushi/vec4 0, 0, 1;
    %cmp/u;
    %jmp/1 T_15.0, 6;
    %dup/vec4;
    %pushi/vec4 1, 0, 1;
    %cmp/u;
    %jmp/1 T_15.1, 6;
    %pushi/vec4 0, 0, 32;
    %store/vec4 v0000016d3af14c20_0, 0, 32;
    %jmp T_15.3;
T_15.0 ;
    %load/vec4 v0000016d3af18b40_0;
    %store/vec4 v0000016d3af14c20_0, 0, 32;
    %jmp T_15.3;
T_15.1 ;
    %load/vec4 v0000016d3af18b40_0;
    %parti/s 16, 0, 2;
    %concati/vec4 0, 0, 16;
    %store/vec4 v0000016d3af14c20_0, 0, 32;
    %jmp T_15.3;
T_15.3 ;
    %pop/vec4 1;
    %jmp T_15;
    .thread T_15, $push;
    .scope S_0000016d3adfeda0;
T_16 ;
    %wait E_0000016d3ae4e040;
    %load/vec4 v0000016d3af19860_0;
    %dup/vec4;
    %pushi/vec4 0, 0, 3;
    %cmp/u;
    %jmp/1 T_16.0, 6;
    %dup/vec4;
    %pushi/vec4 1, 0, 3;
    %cmp/u;
    %jmp/1 T_16.1, 6;
    %dup/vec4;
    %pushi/vec4 2, 0, 3;
    %cmp/u;
    %jmp/1 T_16.2, 6;
    %pushi/vec4 0, 0, 32;
    %store/vec4 v0000016d3af136e0_0, 0, 32;
    %jmp T_16.4;
T_16.0 ;
    %load/vec4 v0000016d3af145e0_0;
    %store/vec4 v0000016d3af136e0_0, 0, 32;
    %jmp T_16.4;
T_16.1 ;
    %load/vec4 v0000016d3af14c20_0;
    %store/vec4 v0000016d3af136e0_0, 0, 32;
    %jmp T_16.4;
T_16.2 ;
    %load/vec4 v0000016d3af18b40_0;
    %store/vec4 v0000016d3af136e0_0, 0, 32;
    %jmp T_16.4;
T_16.4 ;
    %pop/vec4 1;
    %jmp T_16;
    .thread T_16, $push;
    .scope S_0000016d3adfeda0;
T_17 ;
    %wait E_0000016d3ae4d600;
    %load/vec4 v0000016d3af144a0_0;
    %dup/vec4;
    %pushi/vec4 0, 0, 2;
    %cmp/u;
    %jmp/1 T_17.0, 6;
    %dup/vec4;
    %pushi/vec4 1, 0, 2;
    %cmp/u;
    %jmp/1 T_17.1, 6;
    %dup/vec4;
    %pushi/vec4 2, 0, 2;
    %cmp/u;
    %jmp/1 T_17.2, 6;
    %dup/vec4;
    %pushi/vec4 3, 0, 2;
    %cmp/u;
    %jmp/1 T_17.3, 6;
    %pushi/vec4 0, 0, 32;
    %store/vec4 v0000016d3af14a40_0, 0, 32;
    %jmp T_17.5;
T_17.0 ;
    %load/vec4 v0000016d3af129c0_0;
    %store/vec4 v0000016d3af14a40_0, 0, 32;
    %jmp T_17.5;
T_17.1 ;
    %pushi/vec4 0, 0, 8;
    %load/vec4 v0000016d3af129c0_0;
    %parti/s 24, 8, 5;
    %concat/vec4; draw_concat_vec4
    %store/vec4 v0000016d3af14a40_0, 0, 32;
    %jmp T_17.5;
T_17.2 ;
    %pushi/vec4 0, 0, 16;
    %load/vec4 v0000016d3af129c0_0;
    %parti/s 16, 16, 6;
    %concat/vec4; draw_concat_vec4
    %store/vec4 v0000016d3af14a40_0, 0, 32;
    %jmp T_17.5;
T_17.3 ;
    %pushi/vec4 0, 0, 24;
    %load/vec4 v0000016d3af129c0_0;
    %parti/s 8, 24, 6;
    %concat/vec4; draw_concat_vec4
    %store/vec4 v0000016d3af14a40_0, 0, 32;
    %jmp T_17.5;
T_17.5 ;
    %pop/vec4 1;
    %jmp T_17;
    .thread T_17, $push;
    .scope S_0000016d3adfeda0;
T_18 ;
    %wait E_0000016d3ae4d740;
    %load/vec4 v0000016d3af19860_0;
    %dup/vec4;
    %pushi/vec4 0, 0, 3;
    %cmp/u;
    %jmp/1 T_18.0, 6;
    %dup/vec4;
    %pushi/vec4 4, 0, 3;
    %cmp/u;
    %jmp/1 T_18.1, 6;
    %dup/vec4;
    %pushi/vec4 1, 0, 3;
    %cmp/u;
    %jmp/1 T_18.2, 6;
    %dup/vec4;
    %pushi/vec4 5, 0, 3;
    %cmp/u;
    %jmp/1 T_18.3, 6;
    %dup/vec4;
    %pushi/vec4 2, 0, 3;
    %cmp/u;
    %jmp/1 T_18.4, 6;
    %pushi/vec4 0, 0, 32;
    %store/vec4 v0000016d3af131e0_0, 0, 32;
    %jmp T_18.6;
T_18.0 ;
    %load/vec4 v0000016d3af13280_0;
    %parti/s 1, 7, 4;
    %replicate 24;
    %load/vec4 v0000016d3af13280_0;
    %concat/vec4; draw_concat_vec4
    %store/vec4 v0000016d3af131e0_0, 0, 32;
    %jmp T_18.6;
T_18.1 ;
    %pushi/vec4 0, 0, 24;
    %load/vec4 v0000016d3af13280_0;
    %concat/vec4; draw_concat_vec4
    %store/vec4 v0000016d3af131e0_0, 0, 32;
    %jmp T_18.6;
T_18.2 ;
    %load/vec4 v0000016d3af14540_0;
    %parti/s 1, 15, 5;
    %replicate 16;
    %load/vec4 v0000016d3af14540_0;
    %concat/vec4; draw_concat_vec4
    %store/vec4 v0000016d3af131e0_0, 0, 32;
    %jmp T_18.6;
T_18.3 ;
    %pushi/vec4 0, 0, 16;
    %load/vec4 v0000016d3af14540_0;
    %concat/vec4; draw_concat_vec4
    %store/vec4 v0000016d3af131e0_0, 0, 32;
    %jmp T_18.6;
T_18.4 ;
    %load/vec4 v0000016d3af14a40_0;
    %store/vec4 v0000016d3af131e0_0, 0, 32;
    %jmp T_18.6;
T_18.6 ;
    %pop/vec4 1;
    %jmp T_18;
    .thread T_18, $push;
    .scope S_0000016d3aca99e0;
T_19 ;
    %wait E_0000016d3ae4d6c0;
    %load/vec4 v0000016d3af2c550_0;
    %flag_set/vec4 8;
    %jmp/0xz  T_19.0, 8;
    %pushi/vec4 0, 0, 32;
    %assign/vec4 v0000016d3af36d70_0, 0;
    %pushi/vec4 0, 0, 1;
    %assign/vec4 v0000016d3af2bf10_0, 0;
    %pushi/vec4 0, 0, 1;
    %assign/vec4 v0000016d3af2f890_0, 0;
    %pushi/vec4 0, 0, 1;
    %assign/vec4 v0000016d3af30150_0, 0;
    %pushi/vec4 0, 0, 32;
    %assign/vec4 v0000016d3af2ff70_0, 0;
    %pushi/vec4 0, 0, 1;
    %assign/vec4 v0000016d3af2fe30_0, 0;
    %pushi/vec4 0, 0, 32;
    %assign/vec4 v0000016d3af31e10_0, 0;
    %pushi/vec4 0, 0, 32;
    %assign/vec4 v0000016d3af303d0_0, 0;
    %pushi/vec4 0, 0, 32;
    %assign/vec4 v0000016d3af30ab0_0, 0;
    %pushi/vec4 0, 0, 1;
    %assign/vec4 v0000016d3af2df90_0, 0;
    %pushi/vec4 0, 0, 32;
    %assign/vec4 v0000016d3af2ef30_0, 0;
    %pushi/vec4 0, 0, 32;
    %assign/vec4 v0000016d3af2f390_0, 0;
    %pushi/vec4 0, 0, 32;
    %assign/vec4 v0000016d3af2da90_0, 0;
    %pushi/vec4 0, 0, 5;
    %assign/vec4 v0000016d3af2d310_0, 0;
    %pushi/vec4 0, 0, 5;
    %assign/vec4 v0000016d3af2e670_0, 0;
    %pushi/vec4 0, 0, 5;
    %assign/vec4 v0000016d3af2ea30_0, 0;
    %pushi/vec4 0, 0, 32;
    %assign/vec4 v0000016d3af2ead0_0, 0;
    %pushi/vec4 0, 0, 32;
    %assign/vec4 v0000016d3af2e850_0, 0;
    %pushi/vec4 0, 0, 32;
    %assign/vec4 v0000016d3af2d8b0_0, 0;
    %pushi/vec4 0, 0, 7;
    %assign/vec4 v0000016d3af2f110_0, 0;
    %pushi/vec4 0, 0, 3;
    %assign/vec4 v0000016d3af2f570_0, 0;
    %pushi/vec4 0, 0, 7;
    %assign/vec4 v0000016d3af2ecb0_0, 0;
    %pushi/vec4 0, 0, 1;
    %assign/vec4 v0000016d3af2d270_0, 0;
    %pushi/vec4 0, 0, 1;
    %assign/vec4 v0000016d3af2dd10_0, 0;
    %pushi/vec4 0, 0, 3;
    %assign/vec4 v0000016d3af2db30_0, 0;
    %pushi/vec4 0, 0, 1;
    %assign/vec4 v0000016d3af2d130_0, 0;
    %pushi/vec4 0, 0, 1;
    %assign/vec4 v0000016d3af2e490_0, 0;
    %pushi/vec4 0, 0, 1;
    %assign/vec4 v0000016d3af2dc70_0, 0;
    %pushi/vec4 0, 0, 1;
    %assign/vec4 v0000016d3af2ee90_0, 0;
    %pushi/vec4 0, 0, 1;
    %assign/vec4 v0000016d3af2f4d0_0, 0;
    %pushi/vec4 0, 0, 1;
    %assign/vec4 v0000016d3af2f070_0, 0;
    %pushi/vec4 0, 0, 1;
    %assign/vec4 v0000016d3af2dbd0_0, 0;
    %pushi/vec4 0, 0, 1;
    %assign/vec4 v0000016d3af2ed50_0, 0;
    %pushi/vec4 0, 0, 1;
    %assign/vec4 v0000016d3af2e170_0, 0;
    %pushi/vec4 0, 0, 1;
    %assign/vec4 v0000016d3af2e8f0_0, 0;
    %pushi/vec4 0, 0, 1;
    %assign/vec4 v0000016d3af2c7d0_0, 0;
    %pushi/vec4 0, 0, 32;
    %assign/vec4 v0000016d3af2b010_0, 0;
    %pushi/vec4 0, 0, 32;
    %assign/vec4 v0000016d3af2b0b0_0, 0;
    %pushi/vec4 0, 0, 32;
    %assign/vec4 v0000016d3af2cc30_0, 0;
    %pushi/vec4 0, 0, 32;
    %assign/vec4 v0000016d3af1d290_0, 0;
    %pushi/vec4 0, 0, 5;
    %assign/vec4 v0000016d3af2c230_0, 0;
    %pushi/vec4 0, 0, 5;
    %assign/vec4 v0000016d3af2b1f0_0, 0;
    %pushi/vec4 0, 0, 5;
    %assign/vec4 v0000016d3af2b150_0, 0;
    %pushi/vec4 0, 0, 32;
    %assign/vec4 v0000016d3af2a9d0_0, 0;
    %pushi/vec4 0, 0, 32;
    %assign/vec4 v0000016d3af2be70_0, 0;
    %pushi/vec4 0, 0, 32;
    %assign/vec4 v0000016d3af2cb90_0, 0;
    %pushi/vec4 0, 0, 32;
    %assign/vec4 v0000016d3af1bfd0_0, 0;
    %pushi/vec4 0, 0, 32;
    %assign/vec4 v0000016d3af2b5b0_0, 0;
    %pushi/vec4 0, 0, 3;
    %assign/vec4 v0000016d3af1c250_0, 0;
    %pushi/vec4 0, 0, 1;
    %assign/vec4 v0000016d3af2b8d0_0, 0;
    %pushi/vec4 0, 0, 1;
    %assign/vec4 v0000016d3af2af70_0, 0;
    %pushi/vec4 0, 0, 1;
    %assign/vec4 v0000016d3af2a890_0, 0;
    %pushi/vec4 0, 0, 1;
    %assign/vec4 v0000016d3af2c5f0_0, 0;
    %pushi/vec4 0, 0, 1;
    %assign/vec4 v0000016d3af2a7f0_0, 0;
    %pushi/vec4 0, 0, 1;
    %assign/vec4 v0000016d3af2bb50_0, 0;
    %pushi/vec4 0, 0, 1;
    %assign/vec4 v0000016d3af1d150_0, 0;
    %pushi/vec4 0, 0, 1;
    %assign/vec4 v0000016d3af2ce10_0, 0;
    %pushi/vec4 0, 0, 1;
    %assign/vec4 v0000016d3af1d010_0, 0;
    %pushi/vec4 0, 0, 1;
    %assign/vec4 v0000016d3af1cd90_0, 0;
    %pushi/vec4 0, 0, 1;
    %assign/vec4 v0000016d3af32bd0_0, 0;
    %pushi/vec4 0, 0, 32;
    %assign/vec4 v0000016d3af346b0_0, 0;
    %pushi/vec4 0, 0, 32;
    %assign/vec4 v0000016d3af32630_0, 0;
    %pushi/vec4 0, 0, 32;
    %assign/vec4 v0000016d3af33f30_0, 0;
    %pushi/vec4 0, 0, 32;
    %assign/vec4 v0000016d3af32ef0_0, 0;
    %pushi/vec4 0, 0, 5;
    %assign/vec4 v0000016d3af32a90_0, 0;
    %pushi/vec4 0, 0, 5;
    %assign/vec4 v0000016d3af32b30_0, 0;
    %pushi/vec4 0, 0, 5;
    %assign/vec4 v0000016d3af34570_0, 0;
    %pushi/vec4 0, 0, 32;
    %assign/vec4 v0000016d3af33a30_0, 0;
    %pushi/vec4 0, 0, 32;
    %assign/vec4 v0000016d3af34070_0, 0;
    %pushi/vec4 0, 0, 32;
    %assign/vec4 v0000016d3af32590_0, 0;
    %pushi/vec4 0, 0, 32;
    %assign/vec4 v0000016d3af305b0_0, 0;
    %pushi/vec4 0, 0, 32;
    %assign/vec4 v0000016d3af32770_0, 0;
    %pushi/vec4 0, 0, 32;
    %assign/vec4 v0000016d3af31910_0, 0;
    %pushi/vec4 0, 0, 1;
    %assign/vec4 v0000016d3af306f0_0, 0;
    %pushi/vec4 0, 0, 1;
    %assign/vec4 v0000016d3af30830_0, 0;
    %pushi/vec4 0, 0, 4;
    %assign/vec4 v0000016d3af30650_0, 0;
    %pushi/vec4 0, 0, 32;
    %assign/vec4 v0000016d3af308d0_0, 0;
    %pushi/vec4 0, 0, 32;
    %assign/vec4 v0000016d3af319b0_0, 0;
    %pushi/vec4 0, 0, 1;
    %assign/vec4 v0000016d3af33670_0, 0;
    %pushi/vec4 0, 0, 1;
    %assign/vec4 v0000016d3af33850_0, 0;
    %pushi/vec4 0, 0, 1;
    %assign/vec4 v0000016d3af32090_0, 0;
    %pushi/vec4 0, 0, 1;
    %assign/vec4 v0000016d3af321d0_0, 0;
    %pushi/vec4 0, 0, 1;
    %assign/vec4 v0000016d3af32450_0, 0;
    %pushi/vec4 0, 0, 1;
    %assign/vec4 v0000016d3af31f50_0, 0;
    %pushi/vec4 0, 0, 1;
    %assign/vec4 v0000016d3af323b0_0, 0;
    %pushi/vec4 0, 0, 1;
    %assign/vec4 v0000016d3af33d50_0, 0;
    %jmp T_19.1;
T_19.0 ;
    %load/vec4 v0000016d3af36690_0;
    %flag_set/vec4 8;
    %jmp/0xz  T_19.2, 8;
    %pushi/vec4 1, 0, 1;
    %assign/vec4 v0000016d3af2bf10_0, 0;
    %pushi/vec4 0, 0, 1;
    %assign/vec4 v0000016d3af2f890_0, 0;
    %pushi/vec4 0, 0, 1;
    %assign/vec4 v0000016d3af30150_0, 0;
    %pushi/vec4 0, 0, 32;
    %assign/vec4 v0000016d3af2ff70_0, 0;
    %pushi/vec4 0, 0, 1;
    %assign/vec4 v0000016d3af2fe30_0, 0;
    %pushi/vec4 0, 0, 32;
    %assign/vec4 v0000016d3af31e10_0, 0;
    %pushi/vec4 0, 0, 32;
    %assign/vec4 v0000016d3af303d0_0, 0;
    %pushi/vec4 0, 0, 32;
    %assign/vec4 v0000016d3af30ab0_0, 0;
    %pushi/vec4 0, 0, 1;
    %assign/vec4 v0000016d3af2df90_0, 0;
    %pushi/vec4 0, 0, 32;
    %assign/vec4 v0000016d3af2ef30_0, 0;
    %pushi/vec4 0, 0, 32;
    %assign/vec4 v0000016d3af2f390_0, 0;
    %pushi/vec4 0, 0, 32;
    %assign/vec4 v0000016d3af2da90_0, 0;
    %pushi/vec4 0, 0, 5;
    %assign/vec4 v0000016d3af2d310_0, 0;
    %pushi/vec4 0, 0, 5;
    %assign/vec4 v0000016d3af2e670_0, 0;
    %pushi/vec4 0, 0, 5;
    %assign/vec4 v0000016d3af2ea30_0, 0;
    %pushi/vec4 0, 0, 32;
    %assign/vec4 v0000016d3af2ead0_0, 0;
    %pushi/vec4 0, 0, 32;
    %assign/vec4 v0000016d3af2e850_0, 0;
    %pushi/vec4 0, 0, 32;
    %assign/vec4 v0000016d3af2d8b0_0, 0;
    %pushi/vec4 0, 0, 7;
    %assign/vec4 v0000016d3af2f110_0, 0;
    %pushi/vec4 0, 0, 3;
    %assign/vec4 v0000016d3af2f570_0, 0;
    %pushi/vec4 0, 0, 7;
    %assign/vec4 v0000016d3af2ecb0_0, 0;
    %pushi/vec4 0, 0, 1;
    %assign/vec4 v0000016d3af2d270_0, 0;
    %pushi/vec4 0, 0, 1;
    %assign/vec4 v0000016d3af2dd10_0, 0;
    %pushi/vec4 0, 0, 3;
    %assign/vec4 v0000016d3af2db30_0, 0;
    %pushi/vec4 0, 0, 1;
    %assign/vec4 v0000016d3af2d130_0, 0;
    %pushi/vec4 0, 0, 1;
    %assign/vec4 v0000016d3af2e490_0, 0;
    %pushi/vec4 0, 0, 1;
    %assign/vec4 v0000016d3af2dc70_0, 0;
    %pushi/vec4 0, 0, 1;
    %assign/vec4 v0000016d3af2ee90_0, 0;
    %pushi/vec4 0, 0, 1;
    %assign/vec4 v0000016d3af2f4d0_0, 0;
    %pushi/vec4 0, 0, 1;
    %assign/vec4 v0000016d3af2f070_0, 0;
    %pushi/vec4 0, 0, 1;
    %assign/vec4 v0000016d3af2dbd0_0, 0;
    %pushi/vec4 0, 0, 1;
    %assign/vec4 v0000016d3af2ed50_0, 0;
    %pushi/vec4 0, 0, 1;
    %assign/vec4 v0000016d3af2e170_0, 0;
    %pushi/vec4 0, 0, 1;
    %assign/vec4 v0000016d3af2e8f0_0, 0;
    %pushi/vec4 0, 0, 1;
    %assign/vec4 v0000016d3af2c7d0_0, 0;
    %pushi/vec4 0, 0, 32;
    %assign/vec4 v0000016d3af2b010_0, 0;
    %pushi/vec4 0, 0, 32;
    %assign/vec4 v0000016d3af2b0b0_0, 0;
    %pushi/vec4 0, 0, 32;
    %assign/vec4 v0000016d3af2cc30_0, 0;
    %pushi/vec4 0, 0, 32;
    %assign/vec4 v0000016d3af1d290_0, 0;
    %pushi/vec4 0, 0, 5;
    %assign/vec4 v0000016d3af2c230_0, 0;
    %pushi/vec4 0, 0, 5;
    %assign/vec4 v0000016d3af2b1f0_0, 0;
    %pushi/vec4 0, 0, 5;
    %assign/vec4 v0000016d3af2b150_0, 0;
    %pushi/vec4 0, 0, 32;
    %assign/vec4 v0000016d3af2a9d0_0, 0;
    %pushi/vec4 0, 0, 32;
    %assign/vec4 v0000016d3af2be70_0, 0;
    %pushi/vec4 0, 0, 32;
    %assign/vec4 v0000016d3af2cb90_0, 0;
    %pushi/vec4 0, 0, 32;
    %assign/vec4 v0000016d3af1bfd0_0, 0;
    %pushi/vec4 0, 0, 32;
    %assign/vec4 v0000016d3af2b5b0_0, 0;
    %pushi/vec4 0, 0, 3;
    %assign/vec4 v0000016d3af1c250_0, 0;
    %pushi/vec4 0, 0, 1;
    %assign/vec4 v0000016d3af2b8d0_0, 0;
    %pushi/vec4 0, 0, 1;
    %assign/vec4 v0000016d3af2af70_0, 0;
    %pushi/vec4 0, 0, 1;
    %assign/vec4 v0000016d3af2a890_0, 0;
    %pushi/vec4 0, 0, 1;
    %assign/vec4 v0000016d3af2c5f0_0, 0;
    %pushi/vec4 0, 0, 1;
    %assign/vec4 v0000016d3af2a7f0_0, 0;
    %pushi/vec4 0, 0, 1;
    %assign/vec4 v0000016d3af2bb50_0, 0;
    %pushi/vec4 0, 0, 1;
    %assign/vec4 v0000016d3af1d150_0, 0;
    %pushi/vec4 0, 0, 1;
    %assign/vec4 v0000016d3af2ce10_0, 0;
    %pushi/vec4 0, 0, 1;
    %assign/vec4 v0000016d3af1d010_0, 0;
    %pushi/vec4 0, 0, 1;
    %assign/vec4 v0000016d3af1cd90_0, 0;
    %pushi/vec4 0, 0, 1;
    %assign/vec4 v0000016d3af32bd0_0, 0;
    %pushi/vec4 0, 0, 32;
    %assign/vec4 v0000016d3af346b0_0, 0;
    %pushi/vec4 0, 0, 32;
    %assign/vec4 v0000016d3af32630_0, 0;
    %pushi/vec4 0, 0, 32;
    %assign/vec4 v0000016d3af33f30_0, 0;
    %pushi/vec4 0, 0, 32;
    %assign/vec4 v0000016d3af32ef0_0, 0;
    %pushi/vec4 0, 0, 5;
    %assign/vec4 v0000016d3af32a90_0, 0;
    %pushi/vec4 0, 0, 5;
    %assign/vec4 v0000016d3af32b30_0, 0;
    %pushi/vec4 0, 0, 5;
    %assign/vec4 v0000016d3af34570_0, 0;
    %pushi/vec4 0, 0, 32;
    %assign/vec4 v0000016d3af33a30_0, 0;
    %pushi/vec4 0, 0, 32;
    %assign/vec4 v0000016d3af34070_0, 0;
    %pushi/vec4 0, 0, 32;
    %assign/vec4 v0000016d3af32590_0, 0;
    %pushi/vec4 0, 0, 32;
    %assign/vec4 v0000016d3af305b0_0, 0;
    %pushi/vec4 0, 0, 32;
    %assign/vec4 v0000016d3af32770_0, 0;
    %pushi/vec4 0, 0, 32;
    %assign/vec4 v0000016d3af31910_0, 0;
    %pushi/vec4 0, 0, 1;
    %assign/vec4 v0000016d3af306f0_0, 0;
    %pushi/vec4 0, 0, 1;
    %assign/vec4 v0000016d3af30830_0, 0;
    %pushi/vec4 0, 0, 4;
    %assign/vec4 v0000016d3af30650_0, 0;
    %pushi/vec4 0, 0, 32;
    %assign/vec4 v0000016d3af308d0_0, 0;
    %pushi/vec4 0, 0, 32;
    %assign/vec4 v0000016d3af319b0_0, 0;
    %pushi/vec4 0, 0, 1;
    %assign/vec4 v0000016d3af33670_0, 0;
    %pushi/vec4 0, 0, 1;
    %assign/vec4 v0000016d3af33850_0, 0;
    %pushi/vec4 0, 0, 1;
    %assign/vec4 v0000016d3af32090_0, 0;
    %pushi/vec4 0, 0, 1;
    %assign/vec4 v0000016d3af321d0_0, 0;
    %pushi/vec4 0, 0, 1;
    %assign/vec4 v0000016d3af32450_0, 0;
    %pushi/vec4 0, 0, 1;
    %assign/vec4 v0000016d3af31f50_0, 0;
    %pushi/vec4 0, 0, 1;
    %assign/vec4 v0000016d3af323b0_0, 0;
    %pushi/vec4 0, 0, 1;
    %assign/vec4 v0000016d3af33d50_0, 0;
    %jmp T_19.3;
T_19.2 ;
    %load/vec4 v0000016d3af2bf10_0;
    %inv;
    %flag_set/vec4 8;
    %jmp/0xz  T_19.4, 8;
    %load/vec4 v0000016d3af2ceb0_0;
    %flag_set/vec4 8;
    %jmp/0xz  T_19.6, 8;
    %load/vec4 v0000016d3af36730_0;
    %assign/vec4 v0000016d3af36d70_0, 0;
    %jmp T_19.7;
T_19.6 ;
    %load/vec4 v0000016d3af31050_0;
    %flag_set/vec4 8;
    %jmp/0xz  T_19.8, 8;
    %load/vec4 v0000016d3af36730_0;
    %assign/vec4 v0000016d3af36d70_0, 0;
T_19.8 ;
T_19.7 ;
    %load/vec4 v0000016d3af30dd0_0;
    %flag_set/vec4 8;
    %jmp/0xz  T_19.10, 8;
    %pushi/vec4 0, 0, 1;
    %assign/vec4 v0000016d3af2f890_0, 0;
    %pushi/vec4 0, 0, 1;
    %assign/vec4 v0000016d3af30150_0, 0;
    %pushi/vec4 0, 0, 32;
    %assign/vec4 v0000016d3af2ff70_0, 0;
    %jmp T_19.11;
T_19.10 ;
    %load/vec4 v0000016d3af31050_0;
    %load/vec4 v0000016d3af30510_0;
    %and;
    %flag_set/vec4 8;
    %jmp/0xz  T_19.12, 8;
    %pushi/vec4 1, 0, 1;
    %assign/vec4 v0000016d3af2f890_0, 0;
    %pushi/vec4 0, 0, 1;
    %assign/vec4 v0000016d3af30150_0, 0;
    %load/vec4 v0000016d3af30b50_0;
    %assign/vec4 v0000016d3af2ff70_0, 0;
    %jmp T_19.13;
T_19.12 ;
    %load/vec4 v0000016d3af2ceb0_0;
    %flag_set/vec4 9;
    %flag_get/vec4 9;
    %jmp/0 T_19.16, 9;
    %load/vec4 v0000016d3af2f890_0;
    %and;
T_19.16;
    %flag_set/vec4 8;
    %jmp/0xz  T_19.14, 8;
    %pushi/vec4 1, 0, 1;
    %assign/vec4 v0000016d3af30150_0, 0;
T_19.14 ;
T_19.13 ;
T_19.11 ;
    %load/vec4 v0000016d3af2ceb0_0;
    %flag_set/vec4 8;
    %jmp/0xz  T_19.17, 8;
    %pushi/vec4 0, 0, 1;
    %assign/vec4 v0000016d3af2fe30_0, 0;
    %pushi/vec4 0, 0, 32;
    %assign/vec4 v0000016d3af31e10_0, 0;
    %pushi/vec4 0, 0, 32;
    %assign/vec4 v0000016d3af303d0_0, 0;
    %pushi/vec4 0, 0, 32;
    %assign/vec4 v0000016d3af30ab0_0, 0;
    %pushi/vec4 0, 0, 1;
    %assign/vec4 v0000016d3af2df90_0, 0;
    %pushi/vec4 0, 0, 32;
    %assign/vec4 v0000016d3af2ef30_0, 0;
    %pushi/vec4 0, 0, 32;
    %assign/vec4 v0000016d3af2f390_0, 0;
    %pushi/vec4 0, 0, 32;
    %assign/vec4 v0000016d3af2da90_0, 0;
    %pushi/vec4 0, 0, 5;
    %assign/vec4 v0000016d3af2d310_0, 0;
    %pushi/vec4 0, 0, 5;
    %assign/vec4 v0000016d3af2e670_0, 0;
    %pushi/vec4 0, 0, 5;
    %assign/vec4 v0000016d3af2ea30_0, 0;
    %pushi/vec4 0, 0, 32;
    %assign/vec4 v0000016d3af2ead0_0, 0;
    %pushi/vec4 0, 0, 32;
    %assign/vec4 v0000016d3af2e850_0, 0;
    %pushi/vec4 0, 0, 32;
    %assign/vec4 v0000016d3af2d8b0_0, 0;
    %pushi/vec4 0, 0, 7;
    %assign/vec4 v0000016d3af2f110_0, 0;
    %pushi/vec4 0, 0, 3;
    %assign/vec4 v0000016d3af2f570_0, 0;
    %pushi/vec4 0, 0, 7;
    %assign/vec4 v0000016d3af2ecb0_0, 0;
    %pushi/vec4 0, 0, 1;
    %assign/vec4 v0000016d3af2d270_0, 0;
    %pushi/vec4 0, 0, 1;
    %assign/vec4 v0000016d3af2dd10_0, 0;
    %pushi/vec4 0, 0, 3;
    %assign/vec4 v0000016d3af2db30_0, 0;
    %pushi/vec4 0, 0, 1;
    %assign/vec4 v0000016d3af2d130_0, 0;
    %pushi/vec4 0, 0, 1;
    %assign/vec4 v0000016d3af2e490_0, 0;
    %pushi/vec4 0, 0, 1;
    %assign/vec4 v0000016d3af2dc70_0, 0;
    %pushi/vec4 0, 0, 1;
    %assign/vec4 v0000016d3af2ee90_0, 0;
    %pushi/vec4 0, 0, 1;
    %assign/vec4 v0000016d3af2f4d0_0, 0;
    %pushi/vec4 0, 0, 1;
    %assign/vec4 v0000016d3af2f070_0, 0;
    %pushi/vec4 0, 0, 1;
    %assign/vec4 v0000016d3af2dbd0_0, 0;
    %pushi/vec4 0, 0, 1;
    %assign/vec4 v0000016d3af2ed50_0, 0;
    %pushi/vec4 0, 0, 1;
    %assign/vec4 v0000016d3af2e170_0, 0;
    %pushi/vec4 0, 0, 1;
    %assign/vec4 v0000016d3af2e8f0_0, 0;
    %jmp T_19.18;
T_19.17 ;
    %load/vec4 v0000016d3af317d0_0;
    %flag_set/vec4 8;
    %jmp/0xz  T_19.19, 8;
    %load/vec4 v0000016d3af31cd0_0;
    %flag_set/vec4 8;
    %jmp/0xz  T_19.21, 8;
    %load/vec4 v0000016d3af31a50_0;
    %assign/vec4 v0000016d3af2fe30_0, 0;
    %load/vec4 v0000016d3af31370_0;
    %assign/vec4 v0000016d3af31e10_0, 0;
    %load/vec4 v0000016d3af2fd90_0;
    %assign/vec4 v0000016d3af303d0_0, 0;
    %load/vec4 v0000016d3af30010_0;
    %assign/vec4 v0000016d3af30ab0_0, 0;
T_19.21 ;
    %jmp T_19.20;
T_19.19 ;
    %load/vec4 v0000016d3af2c730_0;
    %flag_set/vec4 8;
    %jmp/0xz  T_19.23, 8;
    %pushi/vec4 0, 0, 1;
    %assign/vec4 v0000016d3af2df90_0, 0;
    %pushi/vec4 0, 0, 32;
    %assign/vec4 v0000016d3af2ef30_0, 0;
    %pushi/vec4 0, 0, 32;
    %assign/vec4 v0000016d3af2f390_0, 0;
    %pushi/vec4 0, 0, 32;
    %assign/vec4 v0000016d3af2da90_0, 0;
    %pushi/vec4 0, 0, 5;
    %assign/vec4 v0000016d3af2d310_0, 0;
    %pushi/vec4 0, 0, 5;
    %assign/vec4 v0000016d3af2e670_0, 0;
    %pushi/vec4 0, 0, 5;
    %assign/vec4 v0000016d3af2ea30_0, 0;
    %pushi/vec4 0, 0, 32;
    %assign/vec4 v0000016d3af2ead0_0, 0;
    %pushi/vec4 0, 0, 32;
    %assign/vec4 v0000016d3af2e850_0, 0;
    %pushi/vec4 0, 0, 32;
    %assign/vec4 v0000016d3af2d8b0_0, 0;
    %pushi/vec4 0, 0, 7;
    %assign/vec4 v0000016d3af2f110_0, 0;
    %pushi/vec4 0, 0, 3;
    %assign/vec4 v0000016d3af2f570_0, 0;
    %pushi/vec4 0, 0, 7;
    %assign/vec4 v0000016d3af2ecb0_0, 0;
    %pushi/vec4 0, 0, 1;
    %assign/vec4 v0000016d3af2d270_0, 0;
    %pushi/vec4 0, 0, 1;
    %assign/vec4 v0000016d3af2dd10_0, 0;
    %pushi/vec4 0, 0, 3;
    %assign/vec4 v0000016d3af2db30_0, 0;
    %pushi/vec4 0, 0, 1;
    %assign/vec4 v0000016d3af2d130_0, 0;
    %pushi/vec4 0, 0, 1;
    %assign/vec4 v0000016d3af2e490_0, 0;
    %pushi/vec4 0, 0, 1;
    %assign/vec4 v0000016d3af2dc70_0, 0;
    %pushi/vec4 0, 0, 1;
    %assign/vec4 v0000016d3af2ee90_0, 0;
    %pushi/vec4 0, 0, 1;
    %assign/vec4 v0000016d3af2f4d0_0, 0;
    %pushi/vec4 0, 0, 1;
    %assign/vec4 v0000016d3af2f070_0, 0;
    %pushi/vec4 0, 0, 1;
    %assign/vec4 v0000016d3af2dbd0_0, 0;
    %pushi/vec4 0, 0, 1;
    %assign/vec4 v0000016d3af2ed50_0, 0;
    %pushi/vec4 0, 0, 1;
    %assign/vec4 v0000016d3af2e170_0, 0;
    %pushi/vec4 0, 0, 1;
    %assign/vec4 v0000016d3af2e8f0_0, 0;
    %jmp T_19.24;
T_19.23 ;
    %load/vec4 v0000016d3af31a50_0;
    %assign/vec4 v0000016d3af2fe30_0, 0;
    %load/vec4 v0000016d3af31370_0;
    %assign/vec4 v0000016d3af31e10_0, 0;
    %load/vec4 v0000016d3af2fd90_0;
    %assign/vec4 v0000016d3af303d0_0, 0;
    %load/vec4 v0000016d3af30010_0;
    %assign/vec4 v0000016d3af30ab0_0, 0;
    %load/vec4 v0000016d3af2e3f0_0;
    %assign/vec4 v0000016d3af2df90_0, 0;
    %load/vec4 v0000016d3af2efd0_0;
    %assign/vec4 v0000016d3af2ef30_0, 0;
    %load/vec4 v0000016d3af2e2b0_0;
    %assign/vec4 v0000016d3af2f390_0, 0;
    %load/vec4 v0000016d3af2e990_0;
    %assign/vec4 v0000016d3af2da90_0, 0;
    %load/vec4 v0000016d3af2d9f0_0;
    %assign/vec4 v0000016d3af2d310_0, 0;
    %load/vec4 v0000016d3af2def0_0;
    %assign/vec4 v0000016d3af2e670_0, 0;
    %load/vec4 v0000016d3af2ddb0_0;
    %assign/vec4 v0000016d3af2ea30_0, 0;
    %load/vec4 v0000016d3af2d3b0_0;
    %assign/vec4 v0000016d3af2ead0_0, 0;
    %load/vec4 v0000016d3af2d590_0;
    %assign/vec4 v0000016d3af2e850_0, 0;
    %load/vec4 v0000016d3af2f610_0;
    %assign/vec4 v0000016d3af2d8b0_0, 0;
    %load/vec4 v0000016d3af2cff0_0;
    %assign/vec4 v0000016d3af2f110_0, 0;
    %load/vec4 v0000016d3af2ec10_0;
    %assign/vec4 v0000016d3af2f570_0, 0;
    %load/vec4 v0000016d3af2f2f0_0;
    %assign/vec4 v0000016d3af2ecb0_0, 0;
    %load/vec4 v0000016d3af2d450_0;
    %assign/vec4 v0000016d3af2d270_0, 0;
    %load/vec4 v0000016d3af2d810_0;
    %assign/vec4 v0000016d3af2dd10_0, 0;
    %load/vec4 v0000016d3af2f6b0_0;
    %assign/vec4 v0000016d3af2db30_0, 0;
    %load/vec4 v0000016d3af2cf50_0;
    %assign/vec4 v0000016d3af2d130_0, 0;
    %load/vec4 v0000016d3af2d950_0;
    %assign/vec4 v0000016d3af2e490_0, 0;
    %load/vec4 v0000016d3af2edf0_0;
    %assign/vec4 v0000016d3af2dc70_0, 0;
    %load/vec4 v0000016d3af2e210_0;
    %assign/vec4 v0000016d3af2ee90_0, 0;
    %load/vec4 v0000016d3af2e5d0_0;
    %assign/vec4 v0000016d3af2f4d0_0, 0;
    %load/vec4 v0000016d3af2f430_0;
    %assign/vec4 v0000016d3af2f070_0, 0;
    %load/vec4 v0000016d3af2d1d0_0;
    %assign/vec4 v0000016d3af2dbd0_0, 0;
    %load/vec4 v0000016d3af2d4f0_0;
    %assign/vec4 v0000016d3af2ed50_0, 0;
    %load/vec4 v0000016d3af2e350_0;
    %assign/vec4 v0000016d3af2e170_0, 0;
    %load/vec4 v0000016d3af2de50_0;
    %assign/vec4 v0000016d3af2e8f0_0, 0;
T_19.24 ;
T_19.20 ;
T_19.18 ;
    %load/vec4 v0000016d3af317d0_0;
    %flag_set/vec4 8;
    %jmp/0xz  T_19.25, 8;
    %load/vec4 v0000016d3af1cd90_0;
    %load/vec4 v0000016d3af1b530_0;
    %or;
    %assign/vec4 v0000016d3af1cd90_0, 0;
    %jmp T_19.26;
T_19.25 ;
    %load/vec4 v0000016d3af2b830_0;
    %assign/vec4 v0000016d3af2c7d0_0, 0;
    %load/vec4 v0000016d3af2b3d0_0;
    %assign/vec4 v0000016d3af2b010_0, 0;
    %load/vec4 v0000016d3af2aed0_0;
    %assign/vec4 v0000016d3af2b0b0_0, 0;
    %load/vec4 v0000016d3af2a750_0;
    %assign/vec4 v0000016d3af2cc30_0, 0;
    %load/vec4 v0000016d3af1d330_0;
    %assign/vec4 v0000016d3af1d290_0, 0;
    %load/vec4 v0000016d3af2b470_0;
    %assign/vec4 v0000016d3af2c230_0, 0;
    %load/vec4 v0000016d3af2caf0_0;
    %assign/vec4 v0000016d3af2b1f0_0, 0;
    %load/vec4 v0000016d3af2a930_0;
    %assign/vec4 v0000016d3af2b150_0, 0;
    %load/vec4 v0000016d3af2bbf0_0;
    %assign/vec4 v0000016d3af2a9d0_0, 0;
    %load/vec4 v0000016d3af2b510_0;
    %assign/vec4 v0000016d3af2be70_0, 0;
    %load/vec4 v0000016d3af2bab0_0;
    %assign/vec4 v0000016d3af2cb90_0, 0;
    %load/vec4 v0000016d3af1bdf0_0;
    %assign/vec4 v0000016d3af1bfd0_0, 0;
    %load/vec4 v0000016d3af2bfb0_0;
    %assign/vec4 v0000016d3af2b5b0_0, 0;
    %load/vec4 v0000016d3af1c4d0_0;
    %assign/vec4 v0000016d3af1c250_0, 0;
    %load/vec4 v0000016d3af2b330_0;
    %assign/vec4 v0000016d3af2b8d0_0, 0;
    %load/vec4 v0000016d3af2c2d0_0;
    %assign/vec4 v0000016d3af2af70_0, 0;
    %load/vec4 v0000016d3af2b790_0;
    %assign/vec4 v0000016d3af2a890_0, 0;
    %load/vec4 v0000016d3af2abb0_0;
    %assign/vec4 v0000016d3af2c5f0_0, 0;
    %load/vec4 v0000016d3af2c0f0_0;
    %assign/vec4 v0000016d3af2a7f0_0, 0;
    %load/vec4 v0000016d3af2c9b0_0;
    %assign/vec4 v0000016d3af2bb50_0, 0;
    %load/vec4 v0000016d3af1d1f0_0;
    %assign/vec4 v0000016d3af1d150_0, 0;
    %load/vec4 v0000016d3af2b290_0;
    %assign/vec4 v0000016d3af2ce10_0, 0;
    %load/vec4 v0000016d3af1c070_0;
    %assign/vec4 v0000016d3af1d010_0, 0;
    %pushi/vec4 0, 0, 1;
    %assign/vec4 v0000016d3af1cd90_0, 0;
T_19.26 ;
    %load/vec4 v0000016d3af328b0_0;
    %assign/vec4 v0000016d3af32bd0_0, 0;
    %load/vec4 v0000016d3af332b0_0;
    %assign/vec4 v0000016d3af346b0_0, 0;
    %load/vec4 v0000016d3af326d0_0;
    %assign/vec4 v0000016d3af32630_0, 0;
    %load/vec4 v0000016d3af32d10_0;
    %assign/vec4 v0000016d3af33f30_0, 0;
    %load/vec4 v0000016d3af33350_0;
    %assign/vec4 v0000016d3af32ef0_0, 0;
    %load/vec4 v0000016d3af33710_0;
    %assign/vec4 v0000016d3af32a90_0, 0;
    %load/vec4 v0000016d3af34610_0;
    %assign/vec4 v0000016d3af32b30_0, 0;
    %load/vec4 v0000016d3af33c10_0;
    %assign/vec4 v0000016d3af34570_0, 0;
    %load/vec4 v0000016d3af32130_0;
    %assign/vec4 v0000016d3af33a30_0, 0;
    %load/vec4 v0000016d3af33ad0_0;
    %assign/vec4 v0000016d3af34070_0, 0;
    %load/vec4 v0000016d3af33990_0;
    %assign/vec4 v0000016d3af32590_0, 0;
    %load/vec4 v0000016d3af31870_0;
    %assign/vec4 v0000016d3af305b0_0, 0;
    %load/vec4 v0000016d3af32810_0;
    %assign/vec4 v0000016d3af32770_0, 0;
    %load/vec4 v0000016d3af2fa70_0;
    %assign/vec4 v0000016d3af31910_0, 0;
    %load/vec4 v0000016d3af30790_0;
    %assign/vec4 v0000016d3af306f0_0, 0;
    %load/vec4 v0000016d3af335d0_0;
    %assign/vec4 v0000016d3af30830_0, 0;
    %load/vec4 v0000016d3af31d70_0;
    %assign/vec4 v0000016d3af30650_0, 0;
    %load/vec4 v0000016d3af2fbb0_0;
    %assign/vec4 v0000016d3af308d0_0, 0;
    %load/vec4 v0000016d3af2fb10_0;
    %assign/vec4 v0000016d3af319b0_0, 0;
    %load/vec4 v0000016d3af338f0_0;
    %assign/vec4 v0000016d3af33670_0, 0;
    %load/vec4 v0000016d3af34430_0;
    %assign/vec4 v0000016d3af33850_0, 0;
    %load/vec4 v0000016d3af32950_0;
    %assign/vec4 v0000016d3af32090_0, 0;
    %load/vec4 v0000016d3af329f0_0;
    %assign/vec4 v0000016d3af321d0_0, 0;
    %load/vec4 v0000016d3af333f0_0;
    %assign/vec4 v0000016d3af32450_0, 0;
    %load/vec4 v0000016d3af32310_0;
    %assign/vec4 v0000016d3af31f50_0, 0;
    %load/vec4 v0000016d3af33cb0_0;
    %assign/vec4 v0000016d3af323b0_0, 0;
    %load/vec4 v0000016d3af324f0_0;
    %assign/vec4 v0000016d3af33d50_0, 0;
T_19.4 ;
T_19.3 ;
T_19.1 ;
    %jmp T_19;
    .thread T_19;
    .scope S_0000016d3af39710;
T_20 ;
    %wait E_0000016d3ae4d6c0;
    %load/vec4 v0000016d3af36f50_0;
    %flag_set/vec4 8;
    %jmp/0xz  T_20.0, 8;
    %pushi/vec4 0, 0, 1;
    %ix/load 3, 1, 0;
    %flag_set/imm 4, 0;
    %ix/load 4, 0, 0; Constant delay
    %assign/vec4/a/d v0000016d3af28090, 0, 4;
    %pushi/vec4 0, 0, 1;
    %ix/load 3, 1, 0;
    %flag_set/imm 4, 0;
    %ix/load 4, 0, 0; Constant delay
    %assign/vec4/a/d v0000016d3af2a6b0, 0, 4;
    %jmp T_20.1;
T_20.0 ;
    %ix/load 4, 0, 0;
    %flag_set/imm 4, 0;
    %load/vec4a v0000016d3af37310, 4;
    %ix/load 3, 1, 0;
    %flag_set/imm 4, 0;
    %ix/load 4, 0, 0; Constant delay
    %assign/vec4/a/d v0000016d3af37310, 0, 4;
    %ix/load 4, 0, 0;
    %flag_set/imm 4, 0;
    %load/vec4a v0000016d3af28090, 4;
    %ix/load 3, 1, 0;
    %flag_set/imm 4, 0;
    %ix/load 4, 0, 0; Constant delay
    %assign/vec4/a/d v0000016d3af28090, 0, 4;
    %ix/load 4, 0, 0;
    %flag_set/imm 4, 0;
    %load/vec4a v0000016d3af2a6b0, 4;
    %ix/load 3, 1, 0;
    %flag_set/imm 4, 0;
    %ix/load 4, 0, 0; Constant delay
    %assign/vec4/a/d v0000016d3af2a6b0, 0, 4;
    %ix/load 4, 0, 0;
    %flag_set/imm 4, 0;
    %load/vec4a v0000016d3af37c70, 4;
    %ix/load 3, 1, 0;
    %flag_set/imm 4, 0;
    %ix/load 4, 0, 0; Constant delay
    %assign/vec4/a/d v0000016d3af37c70, 0, 4;
    %ix/load 4, 0, 0;
    %flag_set/imm 4, 0;
    %load/vec4a v0000016d3af2a4d0, 4;
    %ix/load 3, 1, 0;
    %flag_set/imm 4, 0;
    %ix/load 4, 0, 0; Constant delay
    %assign/vec4/a/d v0000016d3af2a4d0, 0, 4;
T_20.1 ;
    %jmp T_20;
    .thread T_20;
    .scope S_0000016d3af39a30;
T_21 ;
    %wait E_0000016d3ae4d6c0;
    %load/vec4 v0000016d3af36f50_0;
    %flag_set/vec4 8;
    %jmp/0xz  T_21.0, 8;
    %pushi/vec4 0, 0, 1;
    %ix/load 3, 2, 0;
    %flag_set/imm 4, 0;
    %ix/load 4, 0, 0; Constant delay
    %assign/vec4/a/d v0000016d3af28090, 0, 4;
    %pushi/vec4 0, 0, 1;
    %ix/load 3, 2, 0;
    %flag_set/imm 4, 0;
    %ix/load 4, 0, 0; Constant delay
    %assign/vec4/a/d v0000016d3af2a6b0, 0, 4;
    %jmp T_21.1;
T_21.0 ;
    %ix/load 4, 1, 0;
    %flag_set/imm 4, 0;
    %load/vec4a v0000016d3af37310, 4;
    %ix/load 3, 2, 0;
    %flag_set/imm 4, 0;
    %ix/load 4, 0, 0; Constant delay
    %assign/vec4/a/d v0000016d3af37310, 0, 4;
    %ix/load 4, 1, 0;
    %flag_set/imm 4, 0;
    %load/vec4a v0000016d3af28090, 4;
    %ix/load 3, 2, 0;
    %flag_set/imm 4, 0;
    %ix/load 4, 0, 0; Constant delay
    %assign/vec4/a/d v0000016d3af28090, 0, 4;
    %ix/load 4, 1, 0;
    %flag_set/imm 4, 0;
    %load/vec4a v0000016d3af2a6b0, 4;
    %ix/load 3, 2, 0;
    %flag_set/imm 4, 0;
    %ix/load 4, 0, 0; Constant delay
    %assign/vec4/a/d v0000016d3af2a6b0, 0, 4;
    %ix/load 4, 1, 0;
    %flag_set/imm 4, 0;
    %load/vec4a v0000016d3af37c70, 4;
    %ix/load 3, 2, 0;
    %flag_set/imm 4, 0;
    %ix/load 4, 0, 0; Constant delay
    %assign/vec4/a/d v0000016d3af37c70, 0, 4;
    %ix/load 4, 1, 0;
    %flag_set/imm 4, 0;
    %load/vec4a v0000016d3af2a4d0, 4;
    %ix/load 3, 2, 0;
    %flag_set/imm 4, 0;
    %ix/load 4, 0, 0; Constant delay
    %assign/vec4/a/d v0000016d3af2a4d0, 0, 4;
T_21.1 ;
    %jmp T_21;
    .thread T_21;
    .scope S_0000016d3af39bc0;
T_22 ;
    %wait E_0000016d3ae4d6c0;
    %load/vec4 v0000016d3af36f50_0;
    %flag_set/vec4 8;
    %jmp/0xz  T_22.0, 8;
    %pushi/vec4 0, 0, 1;
    %ix/load 3, 3, 0;
    %flag_set/imm 4, 0;
    %ix/load 4, 0, 0; Constant delay
    %assign/vec4/a/d v0000016d3af28090, 0, 4;
    %pushi/vec4 0, 0, 1;
    %ix/load 3, 3, 0;
    %flag_set/imm 4, 0;
    %ix/load 4, 0, 0; Constant delay
    %assign/vec4/a/d v0000016d3af2a6b0, 0, 4;
    %jmp T_22.1;
T_22.0 ;
    %ix/load 4, 2, 0;
    %flag_set/imm 4, 0;
    %load/vec4a v0000016d3af37310, 4;
    %ix/load 3, 3, 0;
    %flag_set/imm 4, 0;
    %ix/load 4, 0, 0; Constant delay
    %assign/vec4/a/d v0000016d3af37310, 0, 4;
    %ix/load 4, 2, 0;
    %flag_set/imm 4, 0;
    %load/vec4a v0000016d3af28090, 4;
    %ix/load 3, 3, 0;
    %flag_set/imm 4, 0;
    %ix/load 4, 0, 0; Constant delay
    %assign/vec4/a/d v0000016d3af28090, 0, 4;
    %ix/load 4, 2, 0;
    %flag_set/imm 4, 0;
    %load/vec4a v0000016d3af2a6b0, 4;
    %ix/load 3, 3, 0;
    %flag_set/imm 4, 0;
    %ix/load 4, 0, 0; Constant delay
    %assign/vec4/a/d v0000016d3af2a6b0, 0, 4;
    %ix/load 4, 2, 0;
    %flag_set/imm 4, 0;
    %load/vec4a v0000016d3af37c70, 4;
    %ix/load 3, 3, 0;
    %flag_set/imm 4, 0;
    %ix/load 4, 0, 0; Constant delay
    %assign/vec4/a/d v0000016d3af37c70, 0, 4;
    %ix/load 4, 2, 0;
    %flag_set/imm 4, 0;
    %load/vec4a v0000016d3af2a4d0, 4;
    %ix/load 3, 3, 0;
    %flag_set/imm 4, 0;
    %ix/load 4, 0, 0; Constant delay
    %assign/vec4/a/d v0000016d3af2a4d0, 0, 4;
T_22.1 ;
    %jmp T_22;
    .thread T_22;
    .scope S_0000016d3af393f0;
T_23 ;
    %wait E_0000016d3ae4d6c0;
    %load/vec4 v0000016d3af36f50_0;
    %flag_set/vec4 8;
    %jmp/0xz  T_23.0, 8;
    %pushi/vec4 0, 0, 1;
    %assign/vec4 v0000016d3af36ff0_0, 0;
    %jmp T_23.1;
T_23.0 ;
    %load/vec4 v0000016d3af36ff0_0;
    %pad/u 32;
    %cmpi/e 1, 0, 32;
    %jmp/0xz  T_23.2, 4;
    %pushi/vec4 0, 0, 1;
    %assign/vec4 v0000016d3af36ff0_0, 0;
    %jmp T_23.3;
T_23.2 ;
    %load/vec4 v0000016d3af29990_0;
    %nor/r;
    %load/vec4 v0000016d3af37bd0_0;
    %or;
    %load/vec4 v0000016d3af37b30_0;
    %or;
    %flag_set/vec4 8;
    %jmp/0xz  T_23.4, 8;
    %load/vec4 v0000016d3af36ff0_0;
    %pad/u 2;
    %addi 1, 0, 2;
    %pad/u 1;
    %assign/vec4 v0000016d3af36ff0_0, 0;
T_23.4 ;
T_23.3 ;
T_23.1 ;
    %jmp T_23;
    .thread T_23;
    .scope S_0000016d3af393f0;
T_24 ;
    %wait E_0000016d3ae4d6c0;
    %load/vec4 v0000016d3af36f50_0;
    %flag_set/vec4 8;
    %jmp/0xz  T_24.0, 8;
    %pushi/vec4 0, 0, 1;
    %ix/load 3, 0, 0;
    %flag_set/imm 4, 0;
    %ix/load 4, 0, 0; Constant delay
    %assign/vec4/a/d v0000016d3af28090, 0, 4;
    %pushi/vec4 0, 0, 1;
    %ix/load 3, 0, 0;
    %flag_set/imm 4, 0;
    %ix/load 4, 0, 0; Constant delay
    %assign/vec4/a/d v0000016d3af2a6b0, 0, 4;
    %jmp T_24.1;
T_24.0 ;
    %load/vec4 v0000016d3af37770_0;
    %ix/load 3, 0, 0;
    %flag_set/imm 4, 0;
    %ix/load 4, 0, 0; Constant delay
    %assign/vec4/a/d v0000016d3af37310, 0, 4;
    %load/vec4 v0000016d3af29990_0;
    %load/vec4 v0000016d3af37bd0_0;
    %and;
    %ix/load 3, 0, 0;
    %flag_set/imm 4, 0;
    %ix/load 4, 0, 0; Constant delay
    %assign/vec4/a/d v0000016d3af28090, 0, 4;
    %load/vec4 v0000016d3af29990_0;
    %load/vec4 v0000016d3af37b30_0;
    %and;
    %ix/load 3, 0, 0;
    %flag_set/imm 4, 0;
    %ix/load 4, 0, 0; Constant delay
    %assign/vec4/a/d v0000016d3af2a6b0, 0, 4;
    %load/vec4 v0000016d3af37270_0;
    %ix/load 3, 0, 0;
    %flag_set/imm 4, 0;
    %ix/load 4, 0, 0; Constant delay
    %assign/vec4/a/d v0000016d3af37c70, 0, 4;
    %load/vec4 v0000016d3af37db0_0;
    %ix/load 3, 0, 0;
    %flag_set/imm 4, 0;
    %ix/load 4, 0, 0; Constant delay
    %assign/vec4/a/d v0000016d3af2a4d0, 0, 4;
T_24.1 ;
    %jmp T_24;
    .thread T_24;
    .scope S_0000016d3af393f0;
T_25 ;
    %wait E_0000016d3ae4d6c0;
    %load/vec4 v0000016d3af2a110_0;
    %load/vec4 v0000016d3af374f0_0;
    %parti/s 1, 0, 2;
    %and;
    %flag_set/vec4 8;
    %jmp/0xz  T_25.0, 8;
    %load/vec4 v0000016d3af28d10_0;
    %parti/s 8, 0, 2;
    %load/vec4 v0000016d3af292b0_0;
    %addi 0, 0, 32;
    %ix/vec4 3;
    %ix/load 4, 0, 0; Constant delay
    %assign/vec4/a/d v0000016d3af376d0, 0, 4;
T_25.0 ;
    %load/vec4 v0000016d3af2a110_0;
    %load/vec4 v0000016d3af374f0_0;
    %parti/s 1, 1, 2;
    %and;
    %flag_set/vec4 8;
    %jmp/0xz  T_25.2, 8;
    %load/vec4 v0000016d3af28d10_0;
    %parti/s 8, 8, 5;
    %load/vec4 v0000016d3af292b0_0;
    %addi 1, 0, 32;
    %ix/vec4 3;
    %ix/load 4, 0, 0; Constant delay
    %assign/vec4/a/d v0000016d3af376d0, 0, 4;
T_25.2 ;
    %load/vec4 v0000016d3af2a110_0;
    %load/vec4 v0000016d3af374f0_0;
    %parti/s 1, 2, 3;
    %and;
    %flag_set/vec4 8;
    %jmp/0xz  T_25.4, 8;
    %load/vec4 v0000016d3af28d10_0;
    %parti/s 8, 16, 6;
    %load/vec4 v0000016d3af292b0_0;
    %addi 2, 0, 32;
    %ix/vec4 3;
    %ix/load 4, 0, 0; Constant delay
    %assign/vec4/a/d v0000016d3af376d0, 0, 4;
T_25.4 ;
    %load/vec4 v0000016d3af2a110_0;
    %load/vec4 v0000016d3af374f0_0;
    %parti/s 1, 3, 3;
    %and;
    %flag_set/vec4 8;
    %jmp/0xz  T_25.6, 8;
    %load/vec4 v0000016d3af28d10_0;
    %parti/s 8, 24, 6;
    %load/vec4 v0000016d3af292b0_0;
    %addi 3, 0, 32;
    %ix/vec4 3;
    %ix/load 4, 0, 0; Constant delay
    %assign/vec4/a/d v0000016d3af376d0, 0, 4;
T_25.6 ;
    %jmp T_25;
    .thread T_25;
    .scope S_0000016d3af38f40;
T_26 ;
    %wait E_0000016d3ae4d6c0;
    %load/vec4 v0000016d3af353d0_0;
    %flag_set/vec4 8;
    %jmp/0xz  T_26.0, 8;
    %pushi/vec4 0, 0, 1;
    %ix/load 3, 1, 0;
    %flag_set/imm 4, 0;
    %ix/load 4, 0, 0; Constant delay
    %assign/vec4/a/d v0000016d3af369b0, 0, 4;
    %pushi/vec4 0, 0, 1;
    %ix/load 3, 1, 0;
    %flag_set/imm 4, 0;
    %ix/load 4, 0, 0; Constant delay
    %assign/vec4/a/d v0000016d3af36af0, 0, 4;
    %jmp T_26.1;
T_26.0 ;
    %ix/load 4, 0, 0;
    %flag_set/imm 4, 0;
    %load/vec4a v0000016d3af36910, 4;
    %ix/load 3, 1, 0;
    %flag_set/imm 4, 0;
    %ix/load 4, 0, 0; Constant delay
    %assign/vec4/a/d v0000016d3af36910, 0, 4;
    %ix/load 4, 0, 0;
    %flag_set/imm 4, 0;
    %load/vec4a v0000016d3af369b0, 4;
    %ix/load 3, 1, 0;
    %flag_set/imm 4, 0;
    %ix/load 4, 0, 0; Constant delay
    %assign/vec4/a/d v0000016d3af369b0, 0, 4;
    %ix/load 4, 0, 0;
    %flag_set/imm 4, 0;
    %load/vec4a v0000016d3af36af0, 4;
    %ix/load 3, 1, 0;
    %flag_set/imm 4, 0;
    %ix/load 4, 0, 0; Constant delay
    %assign/vec4/a/d v0000016d3af36af0, 0, 4;
    %ix/load 4, 0, 0;
    %flag_set/imm 4, 0;
    %load/vec4a v0000016d3af34930, 4;
    %ix/load 3, 1, 0;
    %flag_set/imm 4, 0;
    %ix/load 4, 0, 0; Constant delay
    %assign/vec4/a/d v0000016d3af34930, 0, 4;
    %ix/load 4, 0, 0;
    %flag_set/imm 4, 0;
    %load/vec4a v0000016d3af36a50, 4;
    %ix/load 3, 1, 0;
    %flag_set/imm 4, 0;
    %ix/load 4, 0, 0; Constant delay
    %assign/vec4/a/d v0000016d3af36a50, 0, 4;
T_26.1 ;
    %jmp T_26;
    .thread T_26;
    .scope S_0000016d3af39580;
T_27 ;
    %wait E_0000016d3ae4d6c0;
    %load/vec4 v0000016d3af353d0_0;
    %flag_set/vec4 8;
    %jmp/0xz  T_27.0, 8;
    %pushi/vec4 0, 0, 1;
    %ix/load 3, 2, 0;
    %flag_set/imm 4, 0;
    %ix/load 4, 0, 0; Constant delay
    %assign/vec4/a/d v0000016d3af369b0, 0, 4;
    %pushi/vec4 0, 0, 1;
    %ix/load 3, 2, 0;
    %flag_set/imm 4, 0;
    %ix/load 4, 0, 0; Constant delay
    %assign/vec4/a/d v0000016d3af36af0, 0, 4;
    %jmp T_27.1;
T_27.0 ;
    %ix/load 4, 1, 0;
    %flag_set/imm 4, 0;
    %load/vec4a v0000016d3af36910, 4;
    %ix/load 3, 2, 0;
    %flag_set/imm 4, 0;
    %ix/load 4, 0, 0; Constant delay
    %assign/vec4/a/d v0000016d3af36910, 0, 4;
    %ix/load 4, 1, 0;
    %flag_set/imm 4, 0;
    %load/vec4a v0000016d3af369b0, 4;
    %ix/load 3, 2, 0;
    %flag_set/imm 4, 0;
    %ix/load 4, 0, 0; Constant delay
    %assign/vec4/a/d v0000016d3af369b0, 0, 4;
    %ix/load 4, 1, 0;
    %flag_set/imm 4, 0;
    %load/vec4a v0000016d3af36af0, 4;
    %ix/load 3, 2, 0;
    %flag_set/imm 4, 0;
    %ix/load 4, 0, 0; Constant delay
    %assign/vec4/a/d v0000016d3af36af0, 0, 4;
    %ix/load 4, 1, 0;
    %flag_set/imm 4, 0;
    %load/vec4a v0000016d3af34930, 4;
    %ix/load 3, 2, 0;
    %flag_set/imm 4, 0;
    %ix/load 4, 0, 0; Constant delay
    %assign/vec4/a/d v0000016d3af34930, 0, 4;
    %ix/load 4, 1, 0;
    %flag_set/imm 4, 0;
    %load/vec4a v0000016d3af36a50, 4;
    %ix/load 3, 2, 0;
    %flag_set/imm 4, 0;
    %ix/load 4, 0, 0; Constant delay
    %assign/vec4/a/d v0000016d3af36a50, 0, 4;
T_27.1 ;
    %jmp T_27;
    .thread T_27;
    .scope S_0000016d3af398a0;
T_28 ;
    %wait E_0000016d3ae4d6c0;
    %load/vec4 v0000016d3af353d0_0;
    %flag_set/vec4 8;
    %jmp/0xz  T_28.0, 8;
    %pushi/vec4 0, 0, 1;
    %ix/load 3, 3, 0;
    %flag_set/imm 4, 0;
    %ix/load 4, 0, 0; Constant delay
    %assign/vec4/a/d v0000016d3af369b0, 0, 4;
    %pushi/vec4 0, 0, 1;
    %ix/load 3, 3, 0;
    %flag_set/imm 4, 0;
    %ix/load 4, 0, 0; Constant delay
    %assign/vec4/a/d v0000016d3af36af0, 0, 4;
    %jmp T_28.1;
T_28.0 ;
    %ix/load 4, 2, 0;
    %flag_set/imm 4, 0;
    %load/vec4a v0000016d3af36910, 4;
    %ix/load 3, 3, 0;
    %flag_set/imm 4, 0;
    %ix/load 4, 0, 0; Constant delay
    %assign/vec4/a/d v0000016d3af36910, 0, 4;
    %ix/load 4, 2, 0;
    %flag_set/imm 4, 0;
    %load/vec4a v0000016d3af369b0, 4;
    %ix/load 3, 3, 0;
    %flag_set/imm 4, 0;
    %ix/load 4, 0, 0; Constant delay
    %assign/vec4/a/d v0000016d3af369b0, 0, 4;
    %ix/load 4, 2, 0;
    %flag_set/imm 4, 0;
    %load/vec4a v0000016d3af36af0, 4;
    %ix/load 3, 3, 0;
    %flag_set/imm 4, 0;
    %ix/load 4, 0, 0; Constant delay
    %assign/vec4/a/d v0000016d3af36af0, 0, 4;
    %ix/load 4, 2, 0;
    %flag_set/imm 4, 0;
    %load/vec4a v0000016d3af34930, 4;
    %ix/load 3, 3, 0;
    %flag_set/imm 4, 0;
    %ix/load 4, 0, 0; Constant delay
    %assign/vec4/a/d v0000016d3af34930, 0, 4;
    %ix/load 4, 2, 0;
    %flag_set/imm 4, 0;
    %load/vec4a v0000016d3af36a50, 4;
    %ix/load 3, 3, 0;
    %flag_set/imm 4, 0;
    %ix/load 4, 0, 0; Constant delay
    %assign/vec4/a/d v0000016d3af36a50, 0, 4;
T_28.1 ;
    %jmp T_28;
    .thread T_28;
    .scope S_0000016d3af1ac80;
T_29 ;
    %wait E_0000016d3ae4d6c0;
    %load/vec4 v0000016d3af353d0_0;
    %flag_set/vec4 8;
    %jmp/0xz  T_29.0, 8;
    %pushi/vec4 0, 0, 1;
    %assign/vec4 v0000016d3af349d0_0, 0;
    %jmp T_29.1;
T_29.0 ;
    %load/vec4 v0000016d3af349d0_0;
    %pad/u 32;
    %cmpi/e 1, 0, 32;
    %jmp/0xz  T_29.2, 4;
    %pushi/vec4 0, 0, 1;
    %assign/vec4 v0000016d3af349d0_0, 0;
    %jmp T_29.3;
T_29.2 ;
    %load/vec4 v0000016d3af35830_0;
    %nor/r;
    %load/vec4 v0000016d3af35330_0;
    %or;
    %load/vec4 v0000016d3af35bf0_0;
    %or;
    %flag_set/vec4 8;
    %jmp/0xz  T_29.4, 8;
    %load/vec4 v0000016d3af349d0_0;
    %pad/u 2;
    %addi 1, 0, 2;
    %pad/u 1;
    %assign/vec4 v0000016d3af349d0_0, 0;
T_29.4 ;
T_29.3 ;
T_29.1 ;
    %jmp T_29;
    .thread T_29;
    .scope S_0000016d3af1ac80;
T_30 ;
    %wait E_0000016d3ae4d6c0;
    %load/vec4 v0000016d3af353d0_0;
    %flag_set/vec4 8;
    %jmp/0xz  T_30.0, 8;
    %pushi/vec4 0, 0, 1;
    %ix/load 3, 0, 0;
    %flag_set/imm 4, 0;
    %ix/load 4, 0, 0; Constant delay
    %assign/vec4/a/d v0000016d3af369b0, 0, 4;
    %pushi/vec4 0, 0, 1;
    %ix/load 3, 0, 0;
    %flag_set/imm 4, 0;
    %ix/load 4, 0, 0; Constant delay
    %assign/vec4/a/d v0000016d3af36af0, 0, 4;
    %jmp T_30.1;
T_30.0 ;
    %load/vec4 v0000016d3af34a70_0;
    %ix/load 3, 0, 0;
    %flag_set/imm 4, 0;
    %ix/load 4, 0, 0; Constant delay
    %assign/vec4/a/d v0000016d3af36910, 0, 4;
    %load/vec4 v0000016d3af35830_0;
    %load/vec4 v0000016d3af35330_0;
    %and;
    %ix/load 3, 0, 0;
    %flag_set/imm 4, 0;
    %ix/load 4, 0, 0; Constant delay
    %assign/vec4/a/d v0000016d3af369b0, 0, 4;
    %load/vec4 v0000016d3af35830_0;
    %load/vec4 v0000016d3af35bf0_0;
    %and;
    %ix/load 3, 0, 0;
    %flag_set/imm 4, 0;
    %ix/load 4, 0, 0; Constant delay
    %assign/vec4/a/d v0000016d3af36af0, 0, 4;
    %load/vec4 v0000016d3af35970_0;
    %ix/load 3, 0, 0;
    %flag_set/imm 4, 0;
    %ix/load 4, 0, 0; Constant delay
    %assign/vec4/a/d v0000016d3af34930, 0, 4;
    %load/vec4 v0000016d3af34d90_0;
    %ix/load 3, 0, 0;
    %flag_set/imm 4, 0;
    %ix/load 4, 0, 0; Constant delay
    %assign/vec4/a/d v0000016d3af36a50, 0, 4;
T_30.1 ;
    %jmp T_30;
    .thread T_30;
    .scope S_0000016d3af1ac80;
T_31 ;
    %wait E_0000016d3ae4d6c0;
    %load/vec4 v0000016d3af36190_0;
    %load/vec4 v0000016d3af34b10_0;
    %parti/s 1, 0, 2;
    %and;
    %flag_set/vec4 8;
    %jmp/0xz  T_31.0, 8;
    %load/vec4 v0000016d3af35d30_0;
    %parti/s 8, 0, 2;
    %load/vec4 v0000016d3af34ed0_0;
    %addi 0, 0, 32;
    %ix/vec4 3;
    %ix/load 4, 0, 0; Constant delay
    %assign/vec4/a/d v0000016d3af365f0, 0, 4;
T_31.0 ;
    %load/vec4 v0000016d3af36190_0;
    %load/vec4 v0000016d3af34b10_0;
    %parti/s 1, 1, 2;
    %and;
    %flag_set/vec4 8;
    %jmp/0xz  T_31.2, 8;
    %load/vec4 v0000016d3af35d30_0;
    %parti/s 8, 8, 5;
    %load/vec4 v0000016d3af34ed0_0;
    %addi 1, 0, 32;
    %ix/vec4 3;
    %ix/load 4, 0, 0; Constant delay
    %assign/vec4/a/d v0000016d3af365f0, 0, 4;
T_31.2 ;
    %load/vec4 v0000016d3af36190_0;
    %load/vec4 v0000016d3af34b10_0;
    %parti/s 1, 2, 3;
    %and;
    %flag_set/vec4 8;
    %jmp/0xz  T_31.4, 8;
    %load/vec4 v0000016d3af35d30_0;
    %parti/s 8, 16, 6;
    %load/vec4 v0000016d3af34ed0_0;
    %addi 2, 0, 32;
    %ix/vec4 3;
    %ix/load 4, 0, 0; Constant delay
    %assign/vec4/a/d v0000016d3af365f0, 0, 4;
T_31.4 ;
    %load/vec4 v0000016d3af36190_0;
    %load/vec4 v0000016d3af34b10_0;
    %parti/s 1, 3, 3;
    %and;
    %flag_set/vec4 8;
    %jmp/0xz  T_31.6, 8;
    %load/vec4 v0000016d3af35d30_0;
    %parti/s 8, 24, 6;
    %load/vec4 v0000016d3af34ed0_0;
    %addi 3, 0, 32;
    %ix/vec4 3;
    %ix/load 4, 0, 0; Constant delay
    %assign/vec4/a/d v0000016d3af365f0, 0, 4;
T_31.6 ;
    %jmp T_31;
    .thread T_31;
    .scope S_0000016d3aca9850;
T_32 ;
    %wait E_0000016d3ae4d6c0;
    %load/vec4 v0000016d3af29530_0;
    %flag_set/vec4 9;
    %flag_get/vec4 9;
    %jmp/0 T_32.2, 9;
    %load/vec4 v0000016d3af2a070_0;
    %pushi/vec4 0, 0, 5;
    %cmp/ne;
    %flag_get/vec4 4;
    %and;
T_32.2;
    %flag_set/vec4 8;
    %jmp/0xz  T_32.0, 8;
    %load/vec4 v0000016d3af29670_0;
    %load/vec4 v0000016d3af2a070_0;
    %pad/u 7;
    %ix/vec4 3;
    %ix/load 4, 0, 0; Constant delay
    %assign/vec4/a/d v0000016d3af283b0, 0, 4;
T_32.0 ;
    %jmp T_32;
    .thread T_32;
    .scope S_0000016d3aca9850;
T_33 ;
    %pushi/vec4 0, 0, 1;
    %store/vec4 v0000016d3af27ff0_0, 0, 1;
    %pushi/vec4 1, 0, 1;
    %store/vec4 v0000016d3af29210_0, 0, 1;
    %pushi/vec4 0, 0, 1;
    %store/vec4 v0000016d3af298f0_0, 0, 1;
    %pushi/vec4 0, 0, 32;
    %store/vec4 v0000016d3af2a390_0, 0, 32;
    %pushi/vec4 0, 0, 32;
    %store/vec4 v0000016d3af29350_0, 0, 32;
T_33.0 ;
    %load/vec4 v0000016d3af29350_0;
    %cmpi/s 256, 0, 32;
    %jmp/0xz T_33.1, 5;
    %pushi/vec4 0, 0, 8;
    %ix/getv/s 4, v0000016d3af29350_0;
    %store/vec4a v0000016d3af376d0, 4, 0;
    %pushi/vec4 0, 0, 8;
    %ix/getv/s 4, v0000016d3af29350_0;
    %store/vec4a v0000016d3af365f0, 4, 0;
    %load/vec4 v0000016d3af29350_0;
    %addi 1, 0, 32;
    %store/vec4 v0000016d3af29350_0, 0, 32;
    %jmp T_33.0;
T_33.1 ;
    %pushi/vec4 0, 0, 32;
    %store/vec4 v0000016d3af29350_0, 0, 32;
T_33.2 ;
    %load/vec4 v0000016d3af29350_0;
    %cmpi/s 32, 0, 32;
    %jmp/0xz T_33.3, 5;
    %pushi/vec4 0, 0, 32;
    %ix/getv/s 4, v0000016d3af29350_0;
    %store/vec4a v0000016d3af283b0, 4, 0;
    %load/vec4 v0000016d3af29350_0;
    %addi 1, 0, 32;
    %store/vec4 v0000016d3af29350_0, 0, 32;
    %jmp T_33.2;
T_33.3 ;
    %pushi/vec4 0, 0, 32;
    %store/vec4 v0000016d3af290d0_0, 0, 32;
    %pushi/vec4 5243027, 0, 32;
    %store/vec4 v0000016d3af2a430_0, 0, 32;
    %fork TD_unit_hart_tb.write_inst, S_0000016d3af39d50;
    %join;
    %pushi/vec4 4, 0, 32;
    %store/vec4 v0000016d3af290d0_0, 0, 32;
    %pushi/vec4 7373075, 0, 32;
    %store/vec4 v0000016d3af2a430_0, 0, 32;
    %fork TD_unit_hart_tb.write_inst, S_0000016d3af39d50;
    %join;
    %pushi/vec4 8, 0, 32;
    %store/vec4 v0000016d3af290d0_0, 0, 32;
    %pushi/vec4 1114547, 0, 32;
    %store/vec4 v0000016d3af2a430_0, 0, 32;
    %fork TD_unit_hart_tb.write_inst, S_0000016d3af39d50;
    %join;
    %pushi/vec4 12, 0, 32;
    %store/vec4 v0000016d3af290d0_0, 0, 32;
    %pushi/vec4 3153955, 0, 32;
    %store/vec4 v0000016d3af2a430_0, 0, 32;
    %fork TD_unit_hart_tb.write_inst, S_0000016d3af39d50;
    %join;
    %pushi/vec4 16, 0, 32;
    %store/vec4 v0000016d3af290d0_0, 0, 32;
    %pushi/vec4 8707, 0, 32;
    %store/vec4 v0000016d3af2a430_0, 0, 32;
    %fork TD_unit_hart_tb.write_inst, S_0000016d3af39d50;
    %join;
    %pushi/vec4 20, 0, 32;
    %store/vec4 v0000016d3af290d0_0, 0, 32;
    %pushi/vec4 4203043, 0, 32;
    %store/vec4 v0000016d3af2a430_0, 0, 32;
    %fork TD_unit_hart_tb.write_inst, S_0000016d3af39d50;
    %join;
    %pushi/vec4 24, 0, 32;
    %store/vec4 v0000016d3af290d0_0, 0, 32;
    %pushi/vec4 4203139, 0, 32;
    %store/vec4 v0000016d3af2a430_0, 0, 32;
    %fork TD_unit_hart_tb.write_inst, S_0000016d3af39d50;
    %join;
    %pushi/vec4 28, 0, 32;
    %store/vec4 v0000016d3af290d0_0, 0, 32;
    %pushi/vec4 3310691, 0, 32;
    %store/vec4 v0000016d3af2a430_0, 0, 32;
    %fork TD_unit_hart_tb.write_inst, S_0000016d3af39d50;
    %join;
    %pushi/vec4 32, 0, 32;
    %store/vec4 v0000016d3af290d0_0, 0, 32;
    %pushi/vec4 1049363, 0, 32;
    %store/vec4 v0000016d3af2a430_0, 0, 32;
    %fork TD_unit_hart_tb.write_inst, S_0000016d3af39d50;
    %join;
    %pushi/vec4 36, 0, 32;
    %store/vec4 v0000016d3af290d0_0, 0, 32;
    %pushi/vec4 1048691, 0, 32;
    %store/vec4 v0000016d3af2a430_0, 0, 32;
    %fork TD_unit_hart_tb.write_inst, S_0000016d3af39d50;
    %join;
    %wait E_0000016d3ae4b9c0;
    %pushi/vec4 1, 0, 1;
    %store/vec4 v0000016d3af29210_0, 0, 1;
    %wait E_0000016d3ae4b9c0;
    %pushi/vec4 0, 0, 1;
    %store/vec4 v0000016d3af29210_0, 0, 1;
T_33.4 ;
    %load/vec4 v0000016d3af2a390_0;
    %cmpi/s 400, 0, 32;
    %flag_get/vec4 5;
    %jmp/0 T_33.6, 5;
    %load/vec4 v0000016d3af298f0_0;
    %nor/r;
    %and;
T_33.6;
    %flag_set/vec4 8;
    %jmp/0xz T_33.5, 8;
    %wait E_0000016d3ae4d6c0;
    %load/vec4 v0000016d3af2a390_0;
    %addi 1, 0, 32;
    %store/vec4 v0000016d3af2a390_0, 0, 32;
    %load/vec4 v0000016d3af29530_0;
    %flag_set/vec4 9;
    %flag_get/vec4 9;
    %jmp/0 T_33.9, 9;
    %load/vec4 v0000016d3af28e50_0;
    %and;
T_33.9;
    %flag_set/vec4 8;
    %jmp/0xz  T_33.7, 8;
    %vpi_call 2 164 "$display", "FAIL unit_hart_tb: trap asserted at pc=%h inst=%h", v0000016d3af29df0_0, v0000016d3af293f0_0 {0 0 0};
    %vpi_call 2 165 "$finish" {0 0 0};
T_33.7 ;
    %load/vec4 v0000016d3af29fd0_0;
    %flag_set/vec4 8;
    %jmp/0xz  T_33.10, 8;
    %pushi/vec4 1, 0, 1;
    %store/vec4 v0000016d3af298f0_0, 0, 1;
T_33.10 ;
    %jmp T_33.4;
T_33.5 ;
    %load/vec4 v0000016d3af298f0_0;
    %nor/r;
    %flag_set/vec4 8;
    %jmp/0xz  T_33.12, 8;
    %vpi_call 2 173 "$display", "FAIL unit_hart_tb: program did not halt" {0 0 0};
    %vpi_call 2 174 "$finish" {0 0 0};
T_33.12 ;
    %ix/load 4, 3, 0;
    %flag_set/imm 4, 0;
    %load/vec4a v0000016d3af283b0, 4;
    %cmpi/ne 17, 0, 32;
    %jmp/0xz  T_33.14, 6;
    %vpi_call 2 179 "$display", "FAIL unit_hart_tb: x3=%h exp=00000011", &A<v0000016d3af283b0, 3> {0 0 0};
    %vpi_call 2 180 "$finish" {0 0 0};
T_33.14 ;
    %ix/load 4, 4, 0;
    %flag_set/imm 4, 0;
    %load/vec4a v0000016d3af283b0, 4;
    %cmpi/ne 17, 0, 32;
    %jmp/0xz  T_33.16, 6;
    %vpi_call 2 183 "$display", "FAIL unit_hart_tb: x4=%h exp=00000011", &A<v0000016d3af283b0, 4> {0 0 0};
    %vpi_call 2 184 "$finish" {0 0 0};
T_33.16 ;
    %ix/load 4, 5, 0;
    %flag_set/imm 4, 0;
    %load/vec4a v0000016d3af283b0, 4;
    %cmpi/ne 17, 0, 32;
    %jmp/0xz  T_33.18, 6;
    %vpi_call 2 187 "$display", "FAIL unit_hart_tb: x5=%h exp=00000011", &A<v0000016d3af283b0, 5> {0 0 0};
    %vpi_call 2 188 "$finish" {0 0 0};
T_33.18 ;
    %ix/load 4, 6, 0;
    %flag_set/imm 4, 0;
    %load/vec4a v0000016d3af283b0, 4;
    %cmpi/ne 0, 0, 32;
    %jmp/0xz  T_33.20, 6;
    %vpi_call 2 191 "$display", "FAIL unit_hart_tb: x6=%h exp=00000000", &A<v0000016d3af283b0, 6> {0 0 0};
    %vpi_call 2 192 "$finish" {0 0 0};
T_33.20 ;
    %ix/load 4, 3, 0;
    %flag_set/imm 4, 0;
    %load/vec4a v0000016d3af365f0, 4;
    %ix/load 4, 2, 0;
    %flag_set/imm 4, 0;
    %load/vec4a v0000016d3af365f0, 4;
    %concat/vec4; draw_concat_vec4
    %ix/load 4, 1, 0;
    %flag_set/imm 4, 0;
    %load/vec4a v0000016d3af365f0, 4;
    %concat/vec4; draw_concat_vec4
    %ix/load 4, 0, 0;
    %flag_set/imm 4, 0;
    %load/vec4a v0000016d3af365f0, 4;
    %concat/vec4; draw_concat_vec4
    %cmpi/ne 17, 0, 32;
    %jmp/0xz  T_33.22, 6;
    %ix/load 4, 3, 0;
    %flag_set/imm 4, 0;
    %load/vec4a v0000016d3af365f0, 4;
    %ix/load 4, 2, 0;
    %flag_set/imm 4, 0;
    %load/vec4a v0000016d3af365f0, 4;
    %concat/vec4; draw_concat_vec4
    %ix/load 4, 1, 0;
    %flag_set/imm 4, 0;
    %load/vec4a v0000016d3af365f0, 4;
    %concat/vec4; draw_concat_vec4
    %ix/load 4, 0, 0;
    %flag_set/imm 4, 0;
    %load/vec4a v0000016d3af365f0, 4;
    %concat/vec4; draw_concat_vec4
    %vpi_call 2 197 "$display", "FAIL unit_hart_tb: mem[0]=%h exp=00000011", S<0,vec4,u32> {1 0 0};
    %vpi_call 2 198 "$finish" {0 0 0};
T_33.22 ;
    %ix/load 4, 7, 0;
    %flag_set/imm 4, 0;
    %load/vec4a v0000016d3af365f0, 4;
    %ix/load 4, 6, 0;
    %flag_set/imm 4, 0;
    %load/vec4a v0000016d3af365f0, 4;
    %concat/vec4; draw_concat_vec4
    %ix/load 4, 5, 0;
    %flag_set/imm 4, 0;
    %load/vec4a v0000016d3af365f0, 4;
    %concat/vec4; draw_concat_vec4
    %ix/load 4, 4, 0;
    %flag_set/imm 4, 0;
    %load/vec4a v0000016d3af365f0, 4;
    %concat/vec4; draw_concat_vec4
    %cmpi/ne 17, 0, 32;
    %jmp/0xz  T_33.24, 6;
    %ix/load 4, 7, 0;
    %flag_set/imm 4, 0;
    %load/vec4a v0000016d3af365f0, 4;
    %ix/load 4, 6, 0;
    %flag_set/imm 4, 0;
    %load/vec4a v0000016d3af365f0, 4;
    %concat/vec4; draw_concat_vec4
    %ix/load 4, 5, 0;
    %flag_set/imm 4, 0;
    %load/vec4a v0000016d3af365f0, 4;
    %concat/vec4; draw_concat_vec4
    %ix/load 4, 4, 0;
    %flag_set/imm 4, 0;
    %load/vec4a v0000016d3af365f0, 4;
    %concat/vec4; draw_concat_vec4
    %vpi_call 2 201 "$display", "FAIL unit_hart_tb: mem[4]=%h exp=00000011", S<0,vec4,u32> {1 0 0};
    %vpi_call 2 202 "$finish" {0 0 0};
T_33.24 ;
    %vpi_call 2 205 "$display", "PASS unit_hart_tb cycles=%0d", v0000016d3af2a390_0 {0 0 0};
    %vpi_call 2 206 "$finish" {0 0 0};
    %end;
    .thread T_33;
    .scope S_0000016d3aca9850;
T_34 ;
    %delay 5000, 0;
    %load/vec4 v0000016d3af27ff0_0;
    %inv;
    %store/vec4 v0000016d3af27ff0_0, 0, 1;
    %jmp T_34;
    .thread T_34;
# The file index is used to find the file name in the following table.
:file_names 14;
    "N/A";
    "<interactive>";
    "tests\unit_hart_tb.v";
    "rtl\hart.v";
    "rtl\cache.v";
    "rtl\decode.v";
    "lib\imm.v";
    "lib\rf.v";
    "rtl\execute.v";
    "lib\alu.v";
    "lib\alu_control_unit.v";
    "rtl\memory.v";
    "rtl\writeback.v";
    "rtl\tb_memory.v";
