#! /c/Source/iverilog-install/bin/vvp
:ivl_version "12.0 (devel)" "(s20150603-1539-g2693dd32b)";
:ivl_delay_selection "TYPICAL";
:vpi_time_precision - 12;
:vpi_module "D:\iverilog\lib\ivl\system.vpi";
:vpi_module "D:\iverilog\lib\ivl\vhdl_sys.vpi";
:vpi_module "D:\iverilog\lib\ivl\vhdl_textio.vpi";
:vpi_module "D:\iverilog\lib\ivl\v2005_math.vpi";
:vpi_module "D:\iverilog\lib\ivl\va_math.vpi";
S_000002298b0096a0 .scope module, "unit_hart_tb" "unit_hart_tb" 2 3;
 .timescale -9 -12;
v000002298b098660_0 .var "clk", 0 0;
v000002298b098e80_0 .var/i "cycles", 31 0;
v000002298b098020 .array "dmem", 255 0, 7 0;
v000002298b099560_0 .net "dmem_addr", 31 0, L_000002298b0bbf20;  1 drivers
v000002298b099600_0 .net "dmem_mask", 3 0, L_000002298b0bb0b0;  1 drivers
v000002298b098160_0 .var "dmem_rdata", 31 0;
v000002298b099420_0 .net "dmem_ren", 0 0, L_000002298b0bbb30;  1 drivers
v000002298b098200_0 .net "dmem_wdata", 31 0, L_000002298b0bb040;  1 drivers
v000002298b098700_0 .net "dmem_wen", 0 0, L_000002298b0ba710;  1 drivers
v000002298b098840_0 .net "halt", 0 0, L_000002298b0bca10;  1 drivers
v000002298b0982a0_0 .var "halted_seen", 0 0;
v000002298b098340_0 .var/i "i", 31 0;
v000002298b0987a0 .array "imem", 255 0, 7 0;
v000002298b0976c0_0 .net "imem_raddr", 31 0, L_000002298af47c10;  1 drivers
v000002298b097a80_0 .var "imem_rdata", 31 0;
v000002298b0983e0_0 .net "inst", 31 0, L_000002298b0bc230;  1 drivers
v000002298b099060_0 .net "next_pc", 31 0, L_000002298b0bdce0;  1 drivers
v000002298b098480_0 .net "pc", 31 0, L_000002298b0bd650;  1 drivers
v000002298b099740_0 .net "rd_waddr", 4 0, L_000002298b0b3cf0;  1 drivers
v000002298b0999c0_0 .net "rd_wdata", 31 0, L_000002298b0bcaf0;  1 drivers
v000002298b0988e0 .array "regs", 31 0, 31 0;
v000002298b0994c0_0 .net "rs1_raddr", 4 0, L_000002298b0bc3f0;  1 drivers
v000002298b099b00_0 .net "rs1_rdata", 31 0, L_000002298b0bda40;  1 drivers
v000002298b099ba0_0 .net "rs2_raddr", 4 0, L_000002298b0bccb0;  1 drivers
v000002298b098980_0 .net "rs2_rdata", 31 0, L_000002298b0bd500;  1 drivers
v000002298b097440_0 .var "rst", 0 0;
v000002298b098b60_0 .net "trap", 0 0, L_000002298b0bd0a0;  1 drivers
v000002298b098c00_0 .net "valid", 0 0, L_000002298b0bce70;  1 drivers
E_000002298afd6140 .event negedge, v000002298b0837d0_0;
v000002298b098020_0 .array/port v000002298b098020, 0;
v000002298b098020_1 .array/port v000002298b098020, 1;
E_000002298afd63c0/0 .event anyedge, v000002298b0985c0_0, v000002298b097bc0_0, v000002298b098020_0, v000002298b098020_1;
v000002298b098020_2 .array/port v000002298b098020, 2;
v000002298b098020_3 .array/port v000002298b098020, 3;
v000002298b098020_4 .array/port v000002298b098020, 4;
v000002298b098020_5 .array/port v000002298b098020, 5;
E_000002298afd63c0/1 .event anyedge, v000002298b098020_2, v000002298b098020_3, v000002298b098020_4, v000002298b098020_5;
v000002298b098020_6 .array/port v000002298b098020, 6;
v000002298b098020_7 .array/port v000002298b098020, 7;
v000002298b098020_8 .array/port v000002298b098020, 8;
v000002298b098020_9 .array/port v000002298b098020, 9;
E_000002298afd63c0/2 .event anyedge, v000002298b098020_6, v000002298b098020_7, v000002298b098020_8, v000002298b098020_9;
v000002298b098020_10 .array/port v000002298b098020, 10;
v000002298b098020_11 .array/port v000002298b098020, 11;
v000002298b098020_12 .array/port v000002298b098020, 12;
v000002298b098020_13 .array/port v000002298b098020, 13;
E_000002298afd63c0/3 .event anyedge, v000002298b098020_10, v000002298b098020_11, v000002298b098020_12, v000002298b098020_13;
v000002298b098020_14 .array/port v000002298b098020, 14;
v000002298b098020_15 .array/port v000002298b098020, 15;
v000002298b098020_16 .array/port v000002298b098020, 16;
v000002298b098020_17 .array/port v000002298b098020, 17;
E_000002298afd63c0/4 .event anyedge, v000002298b098020_14, v000002298b098020_15, v000002298b098020_16, v000002298b098020_17;
v000002298b098020_18 .array/port v000002298b098020, 18;
v000002298b098020_19 .array/port v000002298b098020, 19;
v000002298b098020_20 .array/port v000002298b098020, 20;
v000002298b098020_21 .array/port v000002298b098020, 21;
E_000002298afd63c0/5 .event anyedge, v000002298b098020_18, v000002298b098020_19, v000002298b098020_20, v000002298b098020_21;
v000002298b098020_22 .array/port v000002298b098020, 22;
v000002298b098020_23 .array/port v000002298b098020, 23;
v000002298b098020_24 .array/port v000002298b098020, 24;
v000002298b098020_25 .array/port v000002298b098020, 25;
E_000002298afd63c0/6 .event anyedge, v000002298b098020_22, v000002298b098020_23, v000002298b098020_24, v000002298b098020_25;
v000002298b098020_26 .array/port v000002298b098020, 26;
v000002298b098020_27 .array/port v000002298b098020, 27;
v000002298b098020_28 .array/port v000002298b098020, 28;
v000002298b098020_29 .array/port v000002298b098020, 29;
E_000002298afd63c0/7 .event anyedge, v000002298b098020_26, v000002298b098020_27, v000002298b098020_28, v000002298b098020_29;
v000002298b098020_30 .array/port v000002298b098020, 30;
v000002298b098020_31 .array/port v000002298b098020, 31;
v000002298b098020_32 .array/port v000002298b098020, 32;
v000002298b098020_33 .array/port v000002298b098020, 33;
E_000002298afd63c0/8 .event anyedge, v000002298b098020_30, v000002298b098020_31, v000002298b098020_32, v000002298b098020_33;
v000002298b098020_34 .array/port v000002298b098020, 34;
v000002298b098020_35 .array/port v000002298b098020, 35;
v000002298b098020_36 .array/port v000002298b098020, 36;
v000002298b098020_37 .array/port v000002298b098020, 37;
E_000002298afd63c0/9 .event anyedge, v000002298b098020_34, v000002298b098020_35, v000002298b098020_36, v000002298b098020_37;
v000002298b098020_38 .array/port v000002298b098020, 38;
v000002298b098020_39 .array/port v000002298b098020, 39;
v000002298b098020_40 .array/port v000002298b098020, 40;
v000002298b098020_41 .array/port v000002298b098020, 41;
E_000002298afd63c0/10 .event anyedge, v000002298b098020_38, v000002298b098020_39, v000002298b098020_40, v000002298b098020_41;
v000002298b098020_42 .array/port v000002298b098020, 42;
v000002298b098020_43 .array/port v000002298b098020, 43;
v000002298b098020_44 .array/port v000002298b098020, 44;
v000002298b098020_45 .array/port v000002298b098020, 45;
E_000002298afd63c0/11 .event anyedge, v000002298b098020_42, v000002298b098020_43, v000002298b098020_44, v000002298b098020_45;
v000002298b098020_46 .array/port v000002298b098020, 46;
v000002298b098020_47 .array/port v000002298b098020, 47;
v000002298b098020_48 .array/port v000002298b098020, 48;
v000002298b098020_49 .array/port v000002298b098020, 49;
E_000002298afd63c0/12 .event anyedge, v000002298b098020_46, v000002298b098020_47, v000002298b098020_48, v000002298b098020_49;
v000002298b098020_50 .array/port v000002298b098020, 50;
v000002298b098020_51 .array/port v000002298b098020, 51;
v000002298b098020_52 .array/port v000002298b098020, 52;
v000002298b098020_53 .array/port v000002298b098020, 53;
E_000002298afd63c0/13 .event anyedge, v000002298b098020_50, v000002298b098020_51, v000002298b098020_52, v000002298b098020_53;
v000002298b098020_54 .array/port v000002298b098020, 54;
v000002298b098020_55 .array/port v000002298b098020, 55;
v000002298b098020_56 .array/port v000002298b098020, 56;
v000002298b098020_57 .array/port v000002298b098020, 57;
E_000002298afd63c0/14 .event anyedge, v000002298b098020_54, v000002298b098020_55, v000002298b098020_56, v000002298b098020_57;
v000002298b098020_58 .array/port v000002298b098020, 58;
v000002298b098020_59 .array/port v000002298b098020, 59;
v000002298b098020_60 .array/port v000002298b098020, 60;
v000002298b098020_61 .array/port v000002298b098020, 61;
E_000002298afd63c0/15 .event anyedge, v000002298b098020_58, v000002298b098020_59, v000002298b098020_60, v000002298b098020_61;
v000002298b098020_62 .array/port v000002298b098020, 62;
v000002298b098020_63 .array/port v000002298b098020, 63;
v000002298b098020_64 .array/port v000002298b098020, 64;
v000002298b098020_65 .array/port v000002298b098020, 65;
E_000002298afd63c0/16 .event anyedge, v000002298b098020_62, v000002298b098020_63, v000002298b098020_64, v000002298b098020_65;
v000002298b098020_66 .array/port v000002298b098020, 66;
v000002298b098020_67 .array/port v000002298b098020, 67;
v000002298b098020_68 .array/port v000002298b098020, 68;
v000002298b098020_69 .array/port v000002298b098020, 69;
E_000002298afd63c0/17 .event anyedge, v000002298b098020_66, v000002298b098020_67, v000002298b098020_68, v000002298b098020_69;
v000002298b098020_70 .array/port v000002298b098020, 70;
v000002298b098020_71 .array/port v000002298b098020, 71;
v000002298b098020_72 .array/port v000002298b098020, 72;
v000002298b098020_73 .array/port v000002298b098020, 73;
E_000002298afd63c0/18 .event anyedge, v000002298b098020_70, v000002298b098020_71, v000002298b098020_72, v000002298b098020_73;
v000002298b098020_74 .array/port v000002298b098020, 74;
v000002298b098020_75 .array/port v000002298b098020, 75;
v000002298b098020_76 .array/port v000002298b098020, 76;
v000002298b098020_77 .array/port v000002298b098020, 77;
E_000002298afd63c0/19 .event anyedge, v000002298b098020_74, v000002298b098020_75, v000002298b098020_76, v000002298b098020_77;
v000002298b098020_78 .array/port v000002298b098020, 78;
v000002298b098020_79 .array/port v000002298b098020, 79;
v000002298b098020_80 .array/port v000002298b098020, 80;
v000002298b098020_81 .array/port v000002298b098020, 81;
E_000002298afd63c0/20 .event anyedge, v000002298b098020_78, v000002298b098020_79, v000002298b098020_80, v000002298b098020_81;
v000002298b098020_82 .array/port v000002298b098020, 82;
v000002298b098020_83 .array/port v000002298b098020, 83;
v000002298b098020_84 .array/port v000002298b098020, 84;
v000002298b098020_85 .array/port v000002298b098020, 85;
E_000002298afd63c0/21 .event anyedge, v000002298b098020_82, v000002298b098020_83, v000002298b098020_84, v000002298b098020_85;
v000002298b098020_86 .array/port v000002298b098020, 86;
v000002298b098020_87 .array/port v000002298b098020, 87;
v000002298b098020_88 .array/port v000002298b098020, 88;
v000002298b098020_89 .array/port v000002298b098020, 89;
E_000002298afd63c0/22 .event anyedge, v000002298b098020_86, v000002298b098020_87, v000002298b098020_88, v000002298b098020_89;
v000002298b098020_90 .array/port v000002298b098020, 90;
v000002298b098020_91 .array/port v000002298b098020, 91;
v000002298b098020_92 .array/port v000002298b098020, 92;
v000002298b098020_93 .array/port v000002298b098020, 93;
E_000002298afd63c0/23 .event anyedge, v000002298b098020_90, v000002298b098020_91, v000002298b098020_92, v000002298b098020_93;
v000002298b098020_94 .array/port v000002298b098020, 94;
v000002298b098020_95 .array/port v000002298b098020, 95;
v000002298b098020_96 .array/port v000002298b098020, 96;
v000002298b098020_97 .array/port v000002298b098020, 97;
E_000002298afd63c0/24 .event anyedge, v000002298b098020_94, v000002298b098020_95, v000002298b098020_96, v000002298b098020_97;
v000002298b098020_98 .array/port v000002298b098020, 98;
v000002298b098020_99 .array/port v000002298b098020, 99;
v000002298b098020_100 .array/port v000002298b098020, 100;
v000002298b098020_101 .array/port v000002298b098020, 101;
E_000002298afd63c0/25 .event anyedge, v000002298b098020_98, v000002298b098020_99, v000002298b098020_100, v000002298b098020_101;
v000002298b098020_102 .array/port v000002298b098020, 102;
v000002298b098020_103 .array/port v000002298b098020, 103;
v000002298b098020_104 .array/port v000002298b098020, 104;
v000002298b098020_105 .array/port v000002298b098020, 105;
E_000002298afd63c0/26 .event anyedge, v000002298b098020_102, v000002298b098020_103, v000002298b098020_104, v000002298b098020_105;
v000002298b098020_106 .array/port v000002298b098020, 106;
v000002298b098020_107 .array/port v000002298b098020, 107;
v000002298b098020_108 .array/port v000002298b098020, 108;
v000002298b098020_109 .array/port v000002298b098020, 109;
E_000002298afd63c0/27 .event anyedge, v000002298b098020_106, v000002298b098020_107, v000002298b098020_108, v000002298b098020_109;
v000002298b098020_110 .array/port v000002298b098020, 110;
v000002298b098020_111 .array/port v000002298b098020, 111;
v000002298b098020_112 .array/port v000002298b098020, 112;
v000002298b098020_113 .array/port v000002298b098020, 113;
E_000002298afd63c0/28 .event anyedge, v000002298b098020_110, v000002298b098020_111, v000002298b098020_112, v000002298b098020_113;
v000002298b098020_114 .array/port v000002298b098020, 114;
v000002298b098020_115 .array/port v000002298b098020, 115;
v000002298b098020_116 .array/port v000002298b098020, 116;
v000002298b098020_117 .array/port v000002298b098020, 117;
E_000002298afd63c0/29 .event anyedge, v000002298b098020_114, v000002298b098020_115, v000002298b098020_116, v000002298b098020_117;
v000002298b098020_118 .array/port v000002298b098020, 118;
v000002298b098020_119 .array/port v000002298b098020, 119;
v000002298b098020_120 .array/port v000002298b098020, 120;
v000002298b098020_121 .array/port v000002298b098020, 121;
E_000002298afd63c0/30 .event anyedge, v000002298b098020_118, v000002298b098020_119, v000002298b098020_120, v000002298b098020_121;
v000002298b098020_122 .array/port v000002298b098020, 122;
v000002298b098020_123 .array/port v000002298b098020, 123;
v000002298b098020_124 .array/port v000002298b098020, 124;
v000002298b098020_125 .array/port v000002298b098020, 125;
E_000002298afd63c0/31 .event anyedge, v000002298b098020_122, v000002298b098020_123, v000002298b098020_124, v000002298b098020_125;
v000002298b098020_126 .array/port v000002298b098020, 126;
v000002298b098020_127 .array/port v000002298b098020, 127;
v000002298b098020_128 .array/port v000002298b098020, 128;
v000002298b098020_129 .array/port v000002298b098020, 129;
E_000002298afd63c0/32 .event anyedge, v000002298b098020_126, v000002298b098020_127, v000002298b098020_128, v000002298b098020_129;
v000002298b098020_130 .array/port v000002298b098020, 130;
v000002298b098020_131 .array/port v000002298b098020, 131;
v000002298b098020_132 .array/port v000002298b098020, 132;
v000002298b098020_133 .array/port v000002298b098020, 133;
E_000002298afd63c0/33 .event anyedge, v000002298b098020_130, v000002298b098020_131, v000002298b098020_132, v000002298b098020_133;
v000002298b098020_134 .array/port v000002298b098020, 134;
v000002298b098020_135 .array/port v000002298b098020, 135;
v000002298b098020_136 .array/port v000002298b098020, 136;
v000002298b098020_137 .array/port v000002298b098020, 137;
E_000002298afd63c0/34 .event anyedge, v000002298b098020_134, v000002298b098020_135, v000002298b098020_136, v000002298b098020_137;
v000002298b098020_138 .array/port v000002298b098020, 138;
v000002298b098020_139 .array/port v000002298b098020, 139;
v000002298b098020_140 .array/port v000002298b098020, 140;
v000002298b098020_141 .array/port v000002298b098020, 141;
E_000002298afd63c0/35 .event anyedge, v000002298b098020_138, v000002298b098020_139, v000002298b098020_140, v000002298b098020_141;
v000002298b098020_142 .array/port v000002298b098020, 142;
v000002298b098020_143 .array/port v000002298b098020, 143;
v000002298b098020_144 .array/port v000002298b098020, 144;
v000002298b098020_145 .array/port v000002298b098020, 145;
E_000002298afd63c0/36 .event anyedge, v000002298b098020_142, v000002298b098020_143, v000002298b098020_144, v000002298b098020_145;
v000002298b098020_146 .array/port v000002298b098020, 146;
v000002298b098020_147 .array/port v000002298b098020, 147;
v000002298b098020_148 .array/port v000002298b098020, 148;
v000002298b098020_149 .array/port v000002298b098020, 149;
E_000002298afd63c0/37 .event anyedge, v000002298b098020_146, v000002298b098020_147, v000002298b098020_148, v000002298b098020_149;
v000002298b098020_150 .array/port v000002298b098020, 150;
v000002298b098020_151 .array/port v000002298b098020, 151;
v000002298b098020_152 .array/port v000002298b098020, 152;
v000002298b098020_153 .array/port v000002298b098020, 153;
E_000002298afd63c0/38 .event anyedge, v000002298b098020_150, v000002298b098020_151, v000002298b098020_152, v000002298b098020_153;
v000002298b098020_154 .array/port v000002298b098020, 154;
v000002298b098020_155 .array/port v000002298b098020, 155;
v000002298b098020_156 .array/port v000002298b098020, 156;
v000002298b098020_157 .array/port v000002298b098020, 157;
E_000002298afd63c0/39 .event anyedge, v000002298b098020_154, v000002298b098020_155, v000002298b098020_156, v000002298b098020_157;
v000002298b098020_158 .array/port v000002298b098020, 158;
v000002298b098020_159 .array/port v000002298b098020, 159;
v000002298b098020_160 .array/port v000002298b098020, 160;
v000002298b098020_161 .array/port v000002298b098020, 161;
E_000002298afd63c0/40 .event anyedge, v000002298b098020_158, v000002298b098020_159, v000002298b098020_160, v000002298b098020_161;
v000002298b098020_162 .array/port v000002298b098020, 162;
v000002298b098020_163 .array/port v000002298b098020, 163;
v000002298b098020_164 .array/port v000002298b098020, 164;
v000002298b098020_165 .array/port v000002298b098020, 165;
E_000002298afd63c0/41 .event anyedge, v000002298b098020_162, v000002298b098020_163, v000002298b098020_164, v000002298b098020_165;
v000002298b098020_166 .array/port v000002298b098020, 166;
v000002298b098020_167 .array/port v000002298b098020, 167;
v000002298b098020_168 .array/port v000002298b098020, 168;
v000002298b098020_169 .array/port v000002298b098020, 169;
E_000002298afd63c0/42 .event anyedge, v000002298b098020_166, v000002298b098020_167, v000002298b098020_168, v000002298b098020_169;
v000002298b098020_170 .array/port v000002298b098020, 170;
v000002298b098020_171 .array/port v000002298b098020, 171;
v000002298b098020_172 .array/port v000002298b098020, 172;
v000002298b098020_173 .array/port v000002298b098020, 173;
E_000002298afd63c0/43 .event anyedge, v000002298b098020_170, v000002298b098020_171, v000002298b098020_172, v000002298b098020_173;
v000002298b098020_174 .array/port v000002298b098020, 174;
v000002298b098020_175 .array/port v000002298b098020, 175;
v000002298b098020_176 .array/port v000002298b098020, 176;
v000002298b098020_177 .array/port v000002298b098020, 177;
E_000002298afd63c0/44 .event anyedge, v000002298b098020_174, v000002298b098020_175, v000002298b098020_176, v000002298b098020_177;
v000002298b098020_178 .array/port v000002298b098020, 178;
v000002298b098020_179 .array/port v000002298b098020, 179;
v000002298b098020_180 .array/port v000002298b098020, 180;
v000002298b098020_181 .array/port v000002298b098020, 181;
E_000002298afd63c0/45 .event anyedge, v000002298b098020_178, v000002298b098020_179, v000002298b098020_180, v000002298b098020_181;
v000002298b098020_182 .array/port v000002298b098020, 182;
v000002298b098020_183 .array/port v000002298b098020, 183;
v000002298b098020_184 .array/port v000002298b098020, 184;
v000002298b098020_185 .array/port v000002298b098020, 185;
E_000002298afd63c0/46 .event anyedge, v000002298b098020_182, v000002298b098020_183, v000002298b098020_184, v000002298b098020_185;
v000002298b098020_186 .array/port v000002298b098020, 186;
v000002298b098020_187 .array/port v000002298b098020, 187;
v000002298b098020_188 .array/port v000002298b098020, 188;
v000002298b098020_189 .array/port v000002298b098020, 189;
E_000002298afd63c0/47 .event anyedge, v000002298b098020_186, v000002298b098020_187, v000002298b098020_188, v000002298b098020_189;
v000002298b098020_190 .array/port v000002298b098020, 190;
v000002298b098020_191 .array/port v000002298b098020, 191;
v000002298b098020_192 .array/port v000002298b098020, 192;
v000002298b098020_193 .array/port v000002298b098020, 193;
E_000002298afd63c0/48 .event anyedge, v000002298b098020_190, v000002298b098020_191, v000002298b098020_192, v000002298b098020_193;
v000002298b098020_194 .array/port v000002298b098020, 194;
v000002298b098020_195 .array/port v000002298b098020, 195;
v000002298b098020_196 .array/port v000002298b098020, 196;
v000002298b098020_197 .array/port v000002298b098020, 197;
E_000002298afd63c0/49 .event anyedge, v000002298b098020_194, v000002298b098020_195, v000002298b098020_196, v000002298b098020_197;
v000002298b098020_198 .array/port v000002298b098020, 198;
v000002298b098020_199 .array/port v000002298b098020, 199;
v000002298b098020_200 .array/port v000002298b098020, 200;
v000002298b098020_201 .array/port v000002298b098020, 201;
E_000002298afd63c0/50 .event anyedge, v000002298b098020_198, v000002298b098020_199, v000002298b098020_200, v000002298b098020_201;
v000002298b098020_202 .array/port v000002298b098020, 202;
v000002298b098020_203 .array/port v000002298b098020, 203;
v000002298b098020_204 .array/port v000002298b098020, 204;
v000002298b098020_205 .array/port v000002298b098020, 205;
E_000002298afd63c0/51 .event anyedge, v000002298b098020_202, v000002298b098020_203, v000002298b098020_204, v000002298b098020_205;
v000002298b098020_206 .array/port v000002298b098020, 206;
v000002298b098020_207 .array/port v000002298b098020, 207;
v000002298b098020_208 .array/port v000002298b098020, 208;
v000002298b098020_209 .array/port v000002298b098020, 209;
E_000002298afd63c0/52 .event anyedge, v000002298b098020_206, v000002298b098020_207, v000002298b098020_208, v000002298b098020_209;
v000002298b098020_210 .array/port v000002298b098020, 210;
v000002298b098020_211 .array/port v000002298b098020, 211;
v000002298b098020_212 .array/port v000002298b098020, 212;
v000002298b098020_213 .array/port v000002298b098020, 213;
E_000002298afd63c0/53 .event anyedge, v000002298b098020_210, v000002298b098020_211, v000002298b098020_212, v000002298b098020_213;
v000002298b098020_214 .array/port v000002298b098020, 214;
v000002298b098020_215 .array/port v000002298b098020, 215;
v000002298b098020_216 .array/port v000002298b098020, 216;
v000002298b098020_217 .array/port v000002298b098020, 217;
E_000002298afd63c0/54 .event anyedge, v000002298b098020_214, v000002298b098020_215, v000002298b098020_216, v000002298b098020_217;
v000002298b098020_218 .array/port v000002298b098020, 218;
v000002298b098020_219 .array/port v000002298b098020, 219;
v000002298b098020_220 .array/port v000002298b098020, 220;
v000002298b098020_221 .array/port v000002298b098020, 221;
E_000002298afd63c0/55 .event anyedge, v000002298b098020_218, v000002298b098020_219, v000002298b098020_220, v000002298b098020_221;
v000002298b098020_222 .array/port v000002298b098020, 222;
v000002298b098020_223 .array/port v000002298b098020, 223;
v000002298b098020_224 .array/port v000002298b098020, 224;
v000002298b098020_225 .array/port v000002298b098020, 225;
E_000002298afd63c0/56 .event anyedge, v000002298b098020_222, v000002298b098020_223, v000002298b098020_224, v000002298b098020_225;
v000002298b098020_226 .array/port v000002298b098020, 226;
v000002298b098020_227 .array/port v000002298b098020, 227;
v000002298b098020_228 .array/port v000002298b098020, 228;
v000002298b098020_229 .array/port v000002298b098020, 229;
E_000002298afd63c0/57 .event anyedge, v000002298b098020_226, v000002298b098020_227, v000002298b098020_228, v000002298b098020_229;
v000002298b098020_230 .array/port v000002298b098020, 230;
v000002298b098020_231 .array/port v000002298b098020, 231;
v000002298b098020_232 .array/port v000002298b098020, 232;
v000002298b098020_233 .array/port v000002298b098020, 233;
E_000002298afd63c0/58 .event anyedge, v000002298b098020_230, v000002298b098020_231, v000002298b098020_232, v000002298b098020_233;
v000002298b098020_234 .array/port v000002298b098020, 234;
v000002298b098020_235 .array/port v000002298b098020, 235;
v000002298b098020_236 .array/port v000002298b098020, 236;
v000002298b098020_237 .array/port v000002298b098020, 237;
E_000002298afd63c0/59 .event anyedge, v000002298b098020_234, v000002298b098020_235, v000002298b098020_236, v000002298b098020_237;
v000002298b098020_238 .array/port v000002298b098020, 238;
v000002298b098020_239 .array/port v000002298b098020, 239;
v000002298b098020_240 .array/port v000002298b098020, 240;
v000002298b098020_241 .array/port v000002298b098020, 241;
E_000002298afd63c0/60 .event anyedge, v000002298b098020_238, v000002298b098020_239, v000002298b098020_240, v000002298b098020_241;
v000002298b098020_242 .array/port v000002298b098020, 242;
v000002298b098020_243 .array/port v000002298b098020, 243;
v000002298b098020_244 .array/port v000002298b098020, 244;
v000002298b098020_245 .array/port v000002298b098020, 245;
E_000002298afd63c0/61 .event anyedge, v000002298b098020_242, v000002298b098020_243, v000002298b098020_244, v000002298b098020_245;
v000002298b098020_246 .array/port v000002298b098020, 246;
v000002298b098020_247 .array/port v000002298b098020, 247;
v000002298b098020_248 .array/port v000002298b098020, 248;
v000002298b098020_249 .array/port v000002298b098020, 249;
E_000002298afd63c0/62 .event anyedge, v000002298b098020_246, v000002298b098020_247, v000002298b098020_248, v000002298b098020_249;
v000002298b098020_250 .array/port v000002298b098020, 250;
v000002298b098020_251 .array/port v000002298b098020, 251;
v000002298b098020_252 .array/port v000002298b098020, 252;
v000002298b098020_253 .array/port v000002298b098020, 253;
E_000002298afd63c0/63 .event anyedge, v000002298b098020_250, v000002298b098020_251, v000002298b098020_252, v000002298b098020_253;
v000002298b098020_254 .array/port v000002298b098020, 254;
v000002298b098020_255 .array/port v000002298b098020, 255;
E_000002298afd63c0/64 .event anyedge, v000002298b098020_254, v000002298b098020_255;
E_000002298afd63c0 .event/or E_000002298afd63c0/0, E_000002298afd63c0/1, E_000002298afd63c0/2, E_000002298afd63c0/3, E_000002298afd63c0/4, E_000002298afd63c0/5, E_000002298afd63c0/6, E_000002298afd63c0/7, E_000002298afd63c0/8, E_000002298afd63c0/9, E_000002298afd63c0/10, E_000002298afd63c0/11, E_000002298afd63c0/12, E_000002298afd63c0/13, E_000002298afd63c0/14, E_000002298afd63c0/15, E_000002298afd63c0/16, E_000002298afd63c0/17, E_000002298afd63c0/18, E_000002298afd63c0/19, E_000002298afd63c0/20, E_000002298afd63c0/21, E_000002298afd63c0/22, E_000002298afd63c0/23, E_000002298afd63c0/24, E_000002298afd63c0/25, E_000002298afd63c0/26, E_000002298afd63c0/27, E_000002298afd63c0/28, E_000002298afd63c0/29, E_000002298afd63c0/30, E_000002298afd63c0/31, E_000002298afd63c0/32, E_000002298afd63c0/33, E_000002298afd63c0/34, E_000002298afd63c0/35, E_000002298afd63c0/36, E_000002298afd63c0/37, E_000002298afd63c0/38, E_000002298afd63c0/39, E_000002298afd63c0/40, E_000002298afd63c0/41, E_000002298afd63c0/42, E_000002298afd63c0/43, E_000002298afd63c0/44, E_000002298afd63c0/45, E_000002298afd63c0/46, E_000002298afd63c0/47, E_000002298afd63c0/48, E_000002298afd63c0/49, E_000002298afd63c0/50, E_000002298afd63c0/51, E_000002298afd63c0/52, E_000002298afd63c0/53, E_000002298afd63c0/54, E_000002298afd63c0/55, E_000002298afd63c0/56, E_000002298afd63c0/57, E_000002298afd63c0/58, E_000002298afd63c0/59, E_000002298afd63c0/60, E_000002298afd63c0/61, E_000002298afd63c0/62, E_000002298afd63c0/63, E_000002298afd63c0/64;
v000002298b0987a0_0 .array/port v000002298b0987a0, 0;
v000002298b0987a0_1 .array/port v000002298b0987a0, 1;
v000002298b0987a0_2 .array/port v000002298b0987a0, 2;
E_000002298afd6440/0 .event anyedge, v000002298b097760_0, v000002298b0987a0_0, v000002298b0987a0_1, v000002298b0987a0_2;
v000002298b0987a0_3 .array/port v000002298b0987a0, 3;
v000002298b0987a0_4 .array/port v000002298b0987a0, 4;
v000002298b0987a0_5 .array/port v000002298b0987a0, 5;
v000002298b0987a0_6 .array/port v000002298b0987a0, 6;
E_000002298afd6440/1 .event anyedge, v000002298b0987a0_3, v000002298b0987a0_4, v000002298b0987a0_5, v000002298b0987a0_6;
v000002298b0987a0_7 .array/port v000002298b0987a0, 7;
v000002298b0987a0_8 .array/port v000002298b0987a0, 8;
v000002298b0987a0_9 .array/port v000002298b0987a0, 9;
v000002298b0987a0_10 .array/port v000002298b0987a0, 10;
E_000002298afd6440/2 .event anyedge, v000002298b0987a0_7, v000002298b0987a0_8, v000002298b0987a0_9, v000002298b0987a0_10;
v000002298b0987a0_11 .array/port v000002298b0987a0, 11;
v000002298b0987a0_12 .array/port v000002298b0987a0, 12;
v000002298b0987a0_13 .array/port v000002298b0987a0, 13;
v000002298b0987a0_14 .array/port v000002298b0987a0, 14;
E_000002298afd6440/3 .event anyedge, v000002298b0987a0_11, v000002298b0987a0_12, v000002298b0987a0_13, v000002298b0987a0_14;
v000002298b0987a0_15 .array/port v000002298b0987a0, 15;
v000002298b0987a0_16 .array/port v000002298b0987a0, 16;
v000002298b0987a0_17 .array/port v000002298b0987a0, 17;
v000002298b0987a0_18 .array/port v000002298b0987a0, 18;
E_000002298afd6440/4 .event anyedge, v000002298b0987a0_15, v000002298b0987a0_16, v000002298b0987a0_17, v000002298b0987a0_18;
v000002298b0987a0_19 .array/port v000002298b0987a0, 19;
v000002298b0987a0_20 .array/port v000002298b0987a0, 20;
v000002298b0987a0_21 .array/port v000002298b0987a0, 21;
v000002298b0987a0_22 .array/port v000002298b0987a0, 22;
E_000002298afd6440/5 .event anyedge, v000002298b0987a0_19, v000002298b0987a0_20, v000002298b0987a0_21, v000002298b0987a0_22;
v000002298b0987a0_23 .array/port v000002298b0987a0, 23;
v000002298b0987a0_24 .array/port v000002298b0987a0, 24;
v000002298b0987a0_25 .array/port v000002298b0987a0, 25;
v000002298b0987a0_26 .array/port v000002298b0987a0, 26;
E_000002298afd6440/6 .event anyedge, v000002298b0987a0_23, v000002298b0987a0_24, v000002298b0987a0_25, v000002298b0987a0_26;
v000002298b0987a0_27 .array/port v000002298b0987a0, 27;
v000002298b0987a0_28 .array/port v000002298b0987a0, 28;
v000002298b0987a0_29 .array/port v000002298b0987a0, 29;
v000002298b0987a0_30 .array/port v000002298b0987a0, 30;
E_000002298afd6440/7 .event anyedge, v000002298b0987a0_27, v000002298b0987a0_28, v000002298b0987a0_29, v000002298b0987a0_30;
v000002298b0987a0_31 .array/port v000002298b0987a0, 31;
v000002298b0987a0_32 .array/port v000002298b0987a0, 32;
v000002298b0987a0_33 .array/port v000002298b0987a0, 33;
v000002298b0987a0_34 .array/port v000002298b0987a0, 34;
E_000002298afd6440/8 .event anyedge, v000002298b0987a0_31, v000002298b0987a0_32, v000002298b0987a0_33, v000002298b0987a0_34;
v000002298b0987a0_35 .array/port v000002298b0987a0, 35;
v000002298b0987a0_36 .array/port v000002298b0987a0, 36;
v000002298b0987a0_37 .array/port v000002298b0987a0, 37;
v000002298b0987a0_38 .array/port v000002298b0987a0, 38;
E_000002298afd6440/9 .event anyedge, v000002298b0987a0_35, v000002298b0987a0_36, v000002298b0987a0_37, v000002298b0987a0_38;
v000002298b0987a0_39 .array/port v000002298b0987a0, 39;
v000002298b0987a0_40 .array/port v000002298b0987a0, 40;
v000002298b0987a0_41 .array/port v000002298b0987a0, 41;
v000002298b0987a0_42 .array/port v000002298b0987a0, 42;
E_000002298afd6440/10 .event anyedge, v000002298b0987a0_39, v000002298b0987a0_40, v000002298b0987a0_41, v000002298b0987a0_42;
v000002298b0987a0_43 .array/port v000002298b0987a0, 43;
v000002298b0987a0_44 .array/port v000002298b0987a0, 44;
v000002298b0987a0_45 .array/port v000002298b0987a0, 45;
v000002298b0987a0_46 .array/port v000002298b0987a0, 46;
E_000002298afd6440/11 .event anyedge, v000002298b0987a0_43, v000002298b0987a0_44, v000002298b0987a0_45, v000002298b0987a0_46;
v000002298b0987a0_47 .array/port v000002298b0987a0, 47;
v000002298b0987a0_48 .array/port v000002298b0987a0, 48;
v000002298b0987a0_49 .array/port v000002298b0987a0, 49;
v000002298b0987a0_50 .array/port v000002298b0987a0, 50;
E_000002298afd6440/12 .event anyedge, v000002298b0987a0_47, v000002298b0987a0_48, v000002298b0987a0_49, v000002298b0987a0_50;
v000002298b0987a0_51 .array/port v000002298b0987a0, 51;
v000002298b0987a0_52 .array/port v000002298b0987a0, 52;
v000002298b0987a0_53 .array/port v000002298b0987a0, 53;
v000002298b0987a0_54 .array/port v000002298b0987a0, 54;
E_000002298afd6440/13 .event anyedge, v000002298b0987a0_51, v000002298b0987a0_52, v000002298b0987a0_53, v000002298b0987a0_54;
v000002298b0987a0_55 .array/port v000002298b0987a0, 55;
v000002298b0987a0_56 .array/port v000002298b0987a0, 56;
v000002298b0987a0_57 .array/port v000002298b0987a0, 57;
v000002298b0987a0_58 .array/port v000002298b0987a0, 58;
E_000002298afd6440/14 .event anyedge, v000002298b0987a0_55, v000002298b0987a0_56, v000002298b0987a0_57, v000002298b0987a0_58;
v000002298b0987a0_59 .array/port v000002298b0987a0, 59;
v000002298b0987a0_60 .array/port v000002298b0987a0, 60;
v000002298b0987a0_61 .array/port v000002298b0987a0, 61;
v000002298b0987a0_62 .array/port v000002298b0987a0, 62;
E_000002298afd6440/15 .event anyedge, v000002298b0987a0_59, v000002298b0987a0_60, v000002298b0987a0_61, v000002298b0987a0_62;
v000002298b0987a0_63 .array/port v000002298b0987a0, 63;
v000002298b0987a0_64 .array/port v000002298b0987a0, 64;
v000002298b0987a0_65 .array/port v000002298b0987a0, 65;
v000002298b0987a0_66 .array/port v000002298b0987a0, 66;
E_000002298afd6440/16 .event anyedge, v000002298b0987a0_63, v000002298b0987a0_64, v000002298b0987a0_65, v000002298b0987a0_66;
v000002298b0987a0_67 .array/port v000002298b0987a0, 67;
v000002298b0987a0_68 .array/port v000002298b0987a0, 68;
v000002298b0987a0_69 .array/port v000002298b0987a0, 69;
v000002298b0987a0_70 .array/port v000002298b0987a0, 70;
E_000002298afd6440/17 .event anyedge, v000002298b0987a0_67, v000002298b0987a0_68, v000002298b0987a0_69, v000002298b0987a0_70;
v000002298b0987a0_71 .array/port v000002298b0987a0, 71;
v000002298b0987a0_72 .array/port v000002298b0987a0, 72;
v000002298b0987a0_73 .array/port v000002298b0987a0, 73;
v000002298b0987a0_74 .array/port v000002298b0987a0, 74;
E_000002298afd6440/18 .event anyedge, v000002298b0987a0_71, v000002298b0987a0_72, v000002298b0987a0_73, v000002298b0987a0_74;
v000002298b0987a0_75 .array/port v000002298b0987a0, 75;
v000002298b0987a0_76 .array/port v000002298b0987a0, 76;
v000002298b0987a0_77 .array/port v000002298b0987a0, 77;
v000002298b0987a0_78 .array/port v000002298b0987a0, 78;
E_000002298afd6440/19 .event anyedge, v000002298b0987a0_75, v000002298b0987a0_76, v000002298b0987a0_77, v000002298b0987a0_78;
v000002298b0987a0_79 .array/port v000002298b0987a0, 79;
v000002298b0987a0_80 .array/port v000002298b0987a0, 80;
v000002298b0987a0_81 .array/port v000002298b0987a0, 81;
v000002298b0987a0_82 .array/port v000002298b0987a0, 82;
E_000002298afd6440/20 .event anyedge, v000002298b0987a0_79, v000002298b0987a0_80, v000002298b0987a0_81, v000002298b0987a0_82;
v000002298b0987a0_83 .array/port v000002298b0987a0, 83;
v000002298b0987a0_84 .array/port v000002298b0987a0, 84;
v000002298b0987a0_85 .array/port v000002298b0987a0, 85;
v000002298b0987a0_86 .array/port v000002298b0987a0, 86;
E_000002298afd6440/21 .event anyedge, v000002298b0987a0_83, v000002298b0987a0_84, v000002298b0987a0_85, v000002298b0987a0_86;
v000002298b0987a0_87 .array/port v000002298b0987a0, 87;
v000002298b0987a0_88 .array/port v000002298b0987a0, 88;
v000002298b0987a0_89 .array/port v000002298b0987a0, 89;
v000002298b0987a0_90 .array/port v000002298b0987a0, 90;
E_000002298afd6440/22 .event anyedge, v000002298b0987a0_87, v000002298b0987a0_88, v000002298b0987a0_89, v000002298b0987a0_90;
v000002298b0987a0_91 .array/port v000002298b0987a0, 91;
v000002298b0987a0_92 .array/port v000002298b0987a0, 92;
v000002298b0987a0_93 .array/port v000002298b0987a0, 93;
v000002298b0987a0_94 .array/port v000002298b0987a0, 94;
E_000002298afd6440/23 .event anyedge, v000002298b0987a0_91, v000002298b0987a0_92, v000002298b0987a0_93, v000002298b0987a0_94;
v000002298b0987a0_95 .array/port v000002298b0987a0, 95;
v000002298b0987a0_96 .array/port v000002298b0987a0, 96;
v000002298b0987a0_97 .array/port v000002298b0987a0, 97;
v000002298b0987a0_98 .array/port v000002298b0987a0, 98;
E_000002298afd6440/24 .event anyedge, v000002298b0987a0_95, v000002298b0987a0_96, v000002298b0987a0_97, v000002298b0987a0_98;
v000002298b0987a0_99 .array/port v000002298b0987a0, 99;
v000002298b0987a0_100 .array/port v000002298b0987a0, 100;
v000002298b0987a0_101 .array/port v000002298b0987a0, 101;
v000002298b0987a0_102 .array/port v000002298b0987a0, 102;
E_000002298afd6440/25 .event anyedge, v000002298b0987a0_99, v000002298b0987a0_100, v000002298b0987a0_101, v000002298b0987a0_102;
v000002298b0987a0_103 .array/port v000002298b0987a0, 103;
v000002298b0987a0_104 .array/port v000002298b0987a0, 104;
v000002298b0987a0_105 .array/port v000002298b0987a0, 105;
v000002298b0987a0_106 .array/port v000002298b0987a0, 106;
E_000002298afd6440/26 .event anyedge, v000002298b0987a0_103, v000002298b0987a0_104, v000002298b0987a0_105, v000002298b0987a0_106;
v000002298b0987a0_107 .array/port v000002298b0987a0, 107;
v000002298b0987a0_108 .array/port v000002298b0987a0, 108;
v000002298b0987a0_109 .array/port v000002298b0987a0, 109;
v000002298b0987a0_110 .array/port v000002298b0987a0, 110;
E_000002298afd6440/27 .event anyedge, v000002298b0987a0_107, v000002298b0987a0_108, v000002298b0987a0_109, v000002298b0987a0_110;
v000002298b0987a0_111 .array/port v000002298b0987a0, 111;
v000002298b0987a0_112 .array/port v000002298b0987a0, 112;
v000002298b0987a0_113 .array/port v000002298b0987a0, 113;
v000002298b0987a0_114 .array/port v000002298b0987a0, 114;
E_000002298afd6440/28 .event anyedge, v000002298b0987a0_111, v000002298b0987a0_112, v000002298b0987a0_113, v000002298b0987a0_114;
v000002298b0987a0_115 .array/port v000002298b0987a0, 115;
v000002298b0987a0_116 .array/port v000002298b0987a0, 116;
v000002298b0987a0_117 .array/port v000002298b0987a0, 117;
v000002298b0987a0_118 .array/port v000002298b0987a0, 118;
E_000002298afd6440/29 .event anyedge, v000002298b0987a0_115, v000002298b0987a0_116, v000002298b0987a0_117, v000002298b0987a0_118;
v000002298b0987a0_119 .array/port v000002298b0987a0, 119;
v000002298b0987a0_120 .array/port v000002298b0987a0, 120;
v000002298b0987a0_121 .array/port v000002298b0987a0, 121;
v000002298b0987a0_122 .array/port v000002298b0987a0, 122;
E_000002298afd6440/30 .event anyedge, v000002298b0987a0_119, v000002298b0987a0_120, v000002298b0987a0_121, v000002298b0987a0_122;
v000002298b0987a0_123 .array/port v000002298b0987a0, 123;
v000002298b0987a0_124 .array/port v000002298b0987a0, 124;
v000002298b0987a0_125 .array/port v000002298b0987a0, 125;
v000002298b0987a0_126 .array/port v000002298b0987a0, 126;
E_000002298afd6440/31 .event anyedge, v000002298b0987a0_123, v000002298b0987a0_124, v000002298b0987a0_125, v000002298b0987a0_126;
v000002298b0987a0_127 .array/port v000002298b0987a0, 127;
v000002298b0987a0_128 .array/port v000002298b0987a0, 128;
v000002298b0987a0_129 .array/port v000002298b0987a0, 129;
v000002298b0987a0_130 .array/port v000002298b0987a0, 130;
E_000002298afd6440/32 .event anyedge, v000002298b0987a0_127, v000002298b0987a0_128, v000002298b0987a0_129, v000002298b0987a0_130;
v000002298b0987a0_131 .array/port v000002298b0987a0, 131;
v000002298b0987a0_132 .array/port v000002298b0987a0, 132;
v000002298b0987a0_133 .array/port v000002298b0987a0, 133;
v000002298b0987a0_134 .array/port v000002298b0987a0, 134;
E_000002298afd6440/33 .event anyedge, v000002298b0987a0_131, v000002298b0987a0_132, v000002298b0987a0_133, v000002298b0987a0_134;
v000002298b0987a0_135 .array/port v000002298b0987a0, 135;
v000002298b0987a0_136 .array/port v000002298b0987a0, 136;
v000002298b0987a0_137 .array/port v000002298b0987a0, 137;
v000002298b0987a0_138 .array/port v000002298b0987a0, 138;
E_000002298afd6440/34 .event anyedge, v000002298b0987a0_135, v000002298b0987a0_136, v000002298b0987a0_137, v000002298b0987a0_138;
v000002298b0987a0_139 .array/port v000002298b0987a0, 139;
v000002298b0987a0_140 .array/port v000002298b0987a0, 140;
v000002298b0987a0_141 .array/port v000002298b0987a0, 141;
v000002298b0987a0_142 .array/port v000002298b0987a0, 142;
E_000002298afd6440/35 .event anyedge, v000002298b0987a0_139, v000002298b0987a0_140, v000002298b0987a0_141, v000002298b0987a0_142;
v000002298b0987a0_143 .array/port v000002298b0987a0, 143;
v000002298b0987a0_144 .array/port v000002298b0987a0, 144;
v000002298b0987a0_145 .array/port v000002298b0987a0, 145;
v000002298b0987a0_146 .array/port v000002298b0987a0, 146;
E_000002298afd6440/36 .event anyedge, v000002298b0987a0_143, v000002298b0987a0_144, v000002298b0987a0_145, v000002298b0987a0_146;
v000002298b0987a0_147 .array/port v000002298b0987a0, 147;
v000002298b0987a0_148 .array/port v000002298b0987a0, 148;
v000002298b0987a0_149 .array/port v000002298b0987a0, 149;
v000002298b0987a0_150 .array/port v000002298b0987a0, 150;
E_000002298afd6440/37 .event anyedge, v000002298b0987a0_147, v000002298b0987a0_148, v000002298b0987a0_149, v000002298b0987a0_150;
v000002298b0987a0_151 .array/port v000002298b0987a0, 151;
v000002298b0987a0_152 .array/port v000002298b0987a0, 152;
v000002298b0987a0_153 .array/port v000002298b0987a0, 153;
v000002298b0987a0_154 .array/port v000002298b0987a0, 154;
E_000002298afd6440/38 .event anyedge, v000002298b0987a0_151, v000002298b0987a0_152, v000002298b0987a0_153, v000002298b0987a0_154;
v000002298b0987a0_155 .array/port v000002298b0987a0, 155;
v000002298b0987a0_156 .array/port v000002298b0987a0, 156;
v000002298b0987a0_157 .array/port v000002298b0987a0, 157;
v000002298b0987a0_158 .array/port v000002298b0987a0, 158;
E_000002298afd6440/39 .event anyedge, v000002298b0987a0_155, v000002298b0987a0_156, v000002298b0987a0_157, v000002298b0987a0_158;
v000002298b0987a0_159 .array/port v000002298b0987a0, 159;
v000002298b0987a0_160 .array/port v000002298b0987a0, 160;
v000002298b0987a0_161 .array/port v000002298b0987a0, 161;
v000002298b0987a0_162 .array/port v000002298b0987a0, 162;
E_000002298afd6440/40 .event anyedge, v000002298b0987a0_159, v000002298b0987a0_160, v000002298b0987a0_161, v000002298b0987a0_162;
v000002298b0987a0_163 .array/port v000002298b0987a0, 163;
v000002298b0987a0_164 .array/port v000002298b0987a0, 164;
v000002298b0987a0_165 .array/port v000002298b0987a0, 165;
v000002298b0987a0_166 .array/port v000002298b0987a0, 166;
E_000002298afd6440/41 .event anyedge, v000002298b0987a0_163, v000002298b0987a0_164, v000002298b0987a0_165, v000002298b0987a0_166;
v000002298b0987a0_167 .array/port v000002298b0987a0, 167;
v000002298b0987a0_168 .array/port v000002298b0987a0, 168;
v000002298b0987a0_169 .array/port v000002298b0987a0, 169;
v000002298b0987a0_170 .array/port v000002298b0987a0, 170;
E_000002298afd6440/42 .event anyedge, v000002298b0987a0_167, v000002298b0987a0_168, v000002298b0987a0_169, v000002298b0987a0_170;
v000002298b0987a0_171 .array/port v000002298b0987a0, 171;
v000002298b0987a0_172 .array/port v000002298b0987a0, 172;
v000002298b0987a0_173 .array/port v000002298b0987a0, 173;
v000002298b0987a0_174 .array/port v000002298b0987a0, 174;
E_000002298afd6440/43 .event anyedge, v000002298b0987a0_171, v000002298b0987a0_172, v000002298b0987a0_173, v000002298b0987a0_174;
v000002298b0987a0_175 .array/port v000002298b0987a0, 175;
v000002298b0987a0_176 .array/port v000002298b0987a0, 176;
v000002298b0987a0_177 .array/port v000002298b0987a0, 177;
v000002298b0987a0_178 .array/port v000002298b0987a0, 178;
E_000002298afd6440/44 .event anyedge, v000002298b0987a0_175, v000002298b0987a0_176, v000002298b0987a0_177, v000002298b0987a0_178;
v000002298b0987a0_179 .array/port v000002298b0987a0, 179;
v000002298b0987a0_180 .array/port v000002298b0987a0, 180;
v000002298b0987a0_181 .array/port v000002298b0987a0, 181;
v000002298b0987a0_182 .array/port v000002298b0987a0, 182;
E_000002298afd6440/45 .event anyedge, v000002298b0987a0_179, v000002298b0987a0_180, v000002298b0987a0_181, v000002298b0987a0_182;
v000002298b0987a0_183 .array/port v000002298b0987a0, 183;
v000002298b0987a0_184 .array/port v000002298b0987a0, 184;
v000002298b0987a0_185 .array/port v000002298b0987a0, 185;
v000002298b0987a0_186 .array/port v000002298b0987a0, 186;
E_000002298afd6440/46 .event anyedge, v000002298b0987a0_183, v000002298b0987a0_184, v000002298b0987a0_185, v000002298b0987a0_186;
v000002298b0987a0_187 .array/port v000002298b0987a0, 187;
v000002298b0987a0_188 .array/port v000002298b0987a0, 188;
v000002298b0987a0_189 .array/port v000002298b0987a0, 189;
v000002298b0987a0_190 .array/port v000002298b0987a0, 190;
E_000002298afd6440/47 .event anyedge, v000002298b0987a0_187, v000002298b0987a0_188, v000002298b0987a0_189, v000002298b0987a0_190;
v000002298b0987a0_191 .array/port v000002298b0987a0, 191;
v000002298b0987a0_192 .array/port v000002298b0987a0, 192;
v000002298b0987a0_193 .array/port v000002298b0987a0, 193;
v000002298b0987a0_194 .array/port v000002298b0987a0, 194;
E_000002298afd6440/48 .event anyedge, v000002298b0987a0_191, v000002298b0987a0_192, v000002298b0987a0_193, v000002298b0987a0_194;
v000002298b0987a0_195 .array/port v000002298b0987a0, 195;
v000002298b0987a0_196 .array/port v000002298b0987a0, 196;
v000002298b0987a0_197 .array/port v000002298b0987a0, 197;
v000002298b0987a0_198 .array/port v000002298b0987a0, 198;
E_000002298afd6440/49 .event anyedge, v000002298b0987a0_195, v000002298b0987a0_196, v000002298b0987a0_197, v000002298b0987a0_198;
v000002298b0987a0_199 .array/port v000002298b0987a0, 199;
v000002298b0987a0_200 .array/port v000002298b0987a0, 200;
v000002298b0987a0_201 .array/port v000002298b0987a0, 201;
v000002298b0987a0_202 .array/port v000002298b0987a0, 202;
E_000002298afd6440/50 .event anyedge, v000002298b0987a0_199, v000002298b0987a0_200, v000002298b0987a0_201, v000002298b0987a0_202;
v000002298b0987a0_203 .array/port v000002298b0987a0, 203;
v000002298b0987a0_204 .array/port v000002298b0987a0, 204;
v000002298b0987a0_205 .array/port v000002298b0987a0, 205;
v000002298b0987a0_206 .array/port v000002298b0987a0, 206;
E_000002298afd6440/51 .event anyedge, v000002298b0987a0_203, v000002298b0987a0_204, v000002298b0987a0_205, v000002298b0987a0_206;
v000002298b0987a0_207 .array/port v000002298b0987a0, 207;
v000002298b0987a0_208 .array/port v000002298b0987a0, 208;
v000002298b0987a0_209 .array/port v000002298b0987a0, 209;
v000002298b0987a0_210 .array/port v000002298b0987a0, 210;
E_000002298afd6440/52 .event anyedge, v000002298b0987a0_207, v000002298b0987a0_208, v000002298b0987a0_209, v000002298b0987a0_210;
v000002298b0987a0_211 .array/port v000002298b0987a0, 211;
v000002298b0987a0_212 .array/port v000002298b0987a0, 212;
v000002298b0987a0_213 .array/port v000002298b0987a0, 213;
v000002298b0987a0_214 .array/port v000002298b0987a0, 214;
E_000002298afd6440/53 .event anyedge, v000002298b0987a0_211, v000002298b0987a0_212, v000002298b0987a0_213, v000002298b0987a0_214;
v000002298b0987a0_215 .array/port v000002298b0987a0, 215;
v000002298b0987a0_216 .array/port v000002298b0987a0, 216;
v000002298b0987a0_217 .array/port v000002298b0987a0, 217;
v000002298b0987a0_218 .array/port v000002298b0987a0, 218;
E_000002298afd6440/54 .event anyedge, v000002298b0987a0_215, v000002298b0987a0_216, v000002298b0987a0_217, v000002298b0987a0_218;
v000002298b0987a0_219 .array/port v000002298b0987a0, 219;
v000002298b0987a0_220 .array/port v000002298b0987a0, 220;
v000002298b0987a0_221 .array/port v000002298b0987a0, 221;
v000002298b0987a0_222 .array/port v000002298b0987a0, 222;
E_000002298afd6440/55 .event anyedge, v000002298b0987a0_219, v000002298b0987a0_220, v000002298b0987a0_221, v000002298b0987a0_222;
v000002298b0987a0_223 .array/port v000002298b0987a0, 223;
v000002298b0987a0_224 .array/port v000002298b0987a0, 224;
v000002298b0987a0_225 .array/port v000002298b0987a0, 225;
v000002298b0987a0_226 .array/port v000002298b0987a0, 226;
E_000002298afd6440/56 .event anyedge, v000002298b0987a0_223, v000002298b0987a0_224, v000002298b0987a0_225, v000002298b0987a0_226;
v000002298b0987a0_227 .array/port v000002298b0987a0, 227;
v000002298b0987a0_228 .array/port v000002298b0987a0, 228;
v000002298b0987a0_229 .array/port v000002298b0987a0, 229;
v000002298b0987a0_230 .array/port v000002298b0987a0, 230;
E_000002298afd6440/57 .event anyedge, v000002298b0987a0_227, v000002298b0987a0_228, v000002298b0987a0_229, v000002298b0987a0_230;
v000002298b0987a0_231 .array/port v000002298b0987a0, 231;
v000002298b0987a0_232 .array/port v000002298b0987a0, 232;
v000002298b0987a0_233 .array/port v000002298b0987a0, 233;
v000002298b0987a0_234 .array/port v000002298b0987a0, 234;
E_000002298afd6440/58 .event anyedge, v000002298b0987a0_231, v000002298b0987a0_232, v000002298b0987a0_233, v000002298b0987a0_234;
v000002298b0987a0_235 .array/port v000002298b0987a0, 235;
v000002298b0987a0_236 .array/port v000002298b0987a0, 236;
v000002298b0987a0_237 .array/port v000002298b0987a0, 237;
v000002298b0987a0_238 .array/port v000002298b0987a0, 238;
E_000002298afd6440/59 .event anyedge, v000002298b0987a0_235, v000002298b0987a0_236, v000002298b0987a0_237, v000002298b0987a0_238;
v000002298b0987a0_239 .array/port v000002298b0987a0, 239;
v000002298b0987a0_240 .array/port v000002298b0987a0, 240;
v000002298b0987a0_241 .array/port v000002298b0987a0, 241;
v000002298b0987a0_242 .array/port v000002298b0987a0, 242;
E_000002298afd6440/60 .event anyedge, v000002298b0987a0_239, v000002298b0987a0_240, v000002298b0987a0_241, v000002298b0987a0_242;
v000002298b0987a0_243 .array/port v000002298b0987a0, 243;
v000002298b0987a0_244 .array/port v000002298b0987a0, 244;
v000002298b0987a0_245 .array/port v000002298b0987a0, 245;
v000002298b0987a0_246 .array/port v000002298b0987a0, 246;
E_000002298afd6440/61 .event anyedge, v000002298b0987a0_243, v000002298b0987a0_244, v000002298b0987a0_245, v000002298b0987a0_246;
v000002298b0987a0_247 .array/port v000002298b0987a0, 247;
v000002298b0987a0_248 .array/port v000002298b0987a0, 248;
v000002298b0987a0_249 .array/port v000002298b0987a0, 249;
v000002298b0987a0_250 .array/port v000002298b0987a0, 250;
E_000002298afd6440/62 .event anyedge, v000002298b0987a0_247, v000002298b0987a0_248, v000002298b0987a0_249, v000002298b0987a0_250;
v000002298b0987a0_251 .array/port v000002298b0987a0, 251;
v000002298b0987a0_252 .array/port v000002298b0987a0, 252;
v000002298b0987a0_253 .array/port v000002298b0987a0, 253;
v000002298b0987a0_254 .array/port v000002298b0987a0, 254;
E_000002298afd6440/63 .event anyedge, v000002298b0987a0_251, v000002298b0987a0_252, v000002298b0987a0_253, v000002298b0987a0_254;
v000002298b0987a0_255 .array/port v000002298b0987a0, 255;
E_000002298afd6440/64 .event anyedge, v000002298b0987a0_255;
E_000002298afd6440 .event/or E_000002298afd6440/0, E_000002298afd6440/1, E_000002298afd6440/2, E_000002298afd6440/3, E_000002298afd6440/4, E_000002298afd6440/5, E_000002298afd6440/6, E_000002298afd6440/7, E_000002298afd6440/8, E_000002298afd6440/9, E_000002298afd6440/10, E_000002298afd6440/11, E_000002298afd6440/12, E_000002298afd6440/13, E_000002298afd6440/14, E_000002298afd6440/15, E_000002298afd6440/16, E_000002298afd6440/17, E_000002298afd6440/18, E_000002298afd6440/19, E_000002298afd6440/20, E_000002298afd6440/21, E_000002298afd6440/22, E_000002298afd6440/23, E_000002298afd6440/24, E_000002298afd6440/25, E_000002298afd6440/26, E_000002298afd6440/27, E_000002298afd6440/28, E_000002298afd6440/29, E_000002298afd6440/30, E_000002298afd6440/31, E_000002298afd6440/32, E_000002298afd6440/33, E_000002298afd6440/34, E_000002298afd6440/35, E_000002298afd6440/36, E_000002298afd6440/37, E_000002298afd6440/38, E_000002298afd6440/39, E_000002298afd6440/40, E_000002298afd6440/41, E_000002298afd6440/42, E_000002298afd6440/43, E_000002298afd6440/44, E_000002298afd6440/45, E_000002298afd6440/46, E_000002298afd6440/47, E_000002298afd6440/48, E_000002298afd6440/49, E_000002298afd6440/50, E_000002298afd6440/51, E_000002298afd6440/52, E_000002298afd6440/53, E_000002298afd6440/54, E_000002298afd6440/55, E_000002298afd6440/56, E_000002298afd6440/57, E_000002298afd6440/58, E_000002298afd6440/59, E_000002298afd6440/60, E_000002298afd6440/61, E_000002298afd6440/62, E_000002298afd6440/63, E_000002298afd6440/64;
S_000002298b013d90 .scope module, "dut" "hart" 2 28, 3 3 0, S_000002298b0096a0;
 .timescale -9 -12;
    .port_info 0 /INPUT 1 "i_clk";
    .port_info 1 /INPUT 1 "i_rst";
    .port_info 2 /OUTPUT 32 "o_imem_raddr";
    .port_info 3 /INPUT 32 "i_imem_rdata";
    .port_info 4 /OUTPUT 32 "o_dmem_addr";
    .port_info 5 /OUTPUT 1 "o_dmem_ren";
    .port_info 6 /OUTPUT 1 "o_dmem_wen";
    .port_info 7 /OUTPUT 32 "o_dmem_wdata";
    .port_info 8 /OUTPUT 4 "o_dmem_mask";
    .port_info 9 /INPUT 32 "i_dmem_rdata";
    .port_info 10 /OUTPUT 1 "o_retire_valid";
    .port_info 11 /OUTPUT 32 "o_retire_inst";
    .port_info 12 /OUTPUT 1 "o_retire_trap";
    .port_info 13 /OUTPUT 1 "o_retire_halt";
    .port_info 14 /OUTPUT 5 "o_retire_rs1_raddr";
    .port_info 15 /OUTPUT 5 "o_retire_rs2_raddr";
    .port_info 16 /OUTPUT 32 "o_retire_rs1_rdata";
    .port_info 17 /OUTPUT 32 "o_retire_rs2_rdata";
    .port_info 18 /OUTPUT 5 "o_retire_rd_waddr";
    .port_info 19 /OUTPUT 32 "o_retire_rd_wdata";
    .port_info 20 /OUTPUT 32 "o_retire_dmem_addr";
    .port_info 21 /OUTPUT 1 "o_retire_dmem_ren";
    .port_info 22 /OUTPUT 1 "o_retire_dmem_wen";
    .port_info 23 /OUTPUT 4 "o_retire_dmem_mask";
    .port_info 24 /OUTPUT 32 "o_retire_dmem_wdata";
    .port_info 25 /OUTPUT 32 "o_retire_dmem_rdata";
    .port_info 26 /OUTPUT 32 "o_retire_pc";
    .port_info 27 /OUTPUT 32 "o_retire_next_pc";
P_000002298afd7100 .param/l "RESET_ADDR" 0 3 6, C4<00000000000000000000000000000000>;
L_000002298af47900 .functor BUFZ 32, v000002298b097800_0, C4<00000000000000000000000000000000>, C4<00000000000000000000000000000000>, C4<00000000000000000000000000000000>;
L_000002298af47430 .functor BUFZ 32, v000002298b097a80_0, C4<00000000000000000000000000000000>, C4<00000000000000000000000000000000>, C4<00000000000000000000000000000000>;
L_000002298af47c10 .functor BUFZ 32, L_000002298af47900, C4<00000000000000000000000000000000>, C4<00000000000000000000000000000000>, C4<00000000000000000000000000000000>;
L_000002298af47c80 .functor BUFZ 32, L_000002298af47900, C4<00000000000000000000000000000000>, C4<00000000000000000000000000000000>, C4<00000000000000000000000000000000>;
L_000002298af47dd0 .functor BUFZ 32, L_000002298b098ca0, C4<00000000000000000000000000000000>, C4<00000000000000000000000000000000>, C4<00000000000000000000000000000000>;
L_000002298af47eb0 .functor BUFZ 32, L_000002298af47430, C4<00000000000000000000000000000000>, C4<00000000000000000000000000000000>, C4<00000000000000000000000000000000>;
L_000002298b0b9790 .functor OR 1, L_000002298b0b1090, L_000002298b0b28f0, C4<0>, C4<0>;
L_000002298b0b8f40 .functor OR 1, L_000002298b0b9790, L_000002298b0b2cb0, C4<0>, C4<0>;
L_000002298b0b8d10 .functor OR 1, L_000002298b0b8f40, L_000002298b0b2670, C4<0>, C4<0>;
L_000002298b0b8840 .functor OR 1, L_000002298b0b8d10, L_000002298b0b2530, C4<0>, C4<0>;
L_000002298b0b8530 .functor OR 1, L_000002298b0b8840, L_000002298b0b2a30, C4<0>, C4<0>;
L_000002298b0b83e0 .functor OR 1, L_000002298b0b2850, L_000002298b0b3070, C4<0>, C4<0>;
L_000002298b0b99c0 .functor OR 1, L_000002298b0b83e0, L_000002298b0b3250, C4<0>, C4<0>;
L_000002298b0b9170 .functor OR 1, L_000002298b0b3430, L_000002298b0b1130, C4<0>, C4<0>;
L_000002298b0b9b10 .functor AND 1, v000002298b09c8a0_0, v000002298b099ce0_0, C4<1>, C4<1>;
L_000002298b0b8fb0 .functor AND 1, L_000002298b0b9b10, v000002298b09b7c0_0, C4<1>, C4<1>;
L_000002298b0b85a0 .functor AND 1, L_000002298b0b8fb0, L_000002298b0b32f0, C4<1>, C4<1>;
L_000002298b0b8680 .functor AND 1, L_000002298b0b8530, L_000002298b0b1bd0, C4<1>, C4<1>;
L_000002298b0b88b0 .functor AND 1, L_000002298b0b9170, L_000002298b0b1e50, C4<1>, C4<1>;
L_000002298b0b8920 .functor OR 1, L_000002298b0b8680, L_000002298b0b88b0, C4<0>, C4<0>;
L_000002298b0b8a00 .functor AND 1, L_000002298b0b85a0, L_000002298b0b8920, C4<1>, C4<1>;
L_000002298b0c0e50 .functor BUFT 1, C4<0>, C4<0>, C4<0>, C4<0>;
L_000002298b0b8ae0 .functor OR 1, L_000002298b0b8a00, L_000002298b0c0e50, C4<0>, C4<0>;
L_000002298b0c0e98 .functor BUFT 1, C4<0>, C4<0>, C4<0>, C4<0>;
L_000002298b0b8b50 .functor OR 1, L_000002298b0b8ae0, L_000002298b0c0e98, C4<0>, C4<0>;
L_000002298b0b8c30 .functor BUFZ 1, v000002298b09c8a0_0, C4<0>, C4<0>, C4<0>;
L_000002298b0b8ca0 .functor BUFZ 32, v000002298b09c800_0, C4<00000000000000000000000000000000>, C4<00000000000000000000000000000000>, C4<00000000000000000000000000000000>;
L_000002298b0ba210 .functor BUFZ 32, v000002298b09c940_0, C4<00000000000000000000000000000000>, C4<00000000000000000000000000000000>, C4<00000000000000000000000000000000>;
L_000002298b0ba520 .functor BUFZ 32, v000002298b09bae0_0, C4<00000000000000000000000000000000>, C4<00000000000000000000000000000000>, C4<00000000000000000000000000000000>;
L_000002298b0ba130 .functor BUFZ 5, L_000002298b0b9aa0, C4<00000>, C4<00000>, C4<00000>;
L_000002298b0ba1a0 .functor BUFZ 5, L_000002298b0b8a70, C4<00000>, C4<00000>, C4<00000>;
L_000002298b0ba050 .functor BUFZ 5, L_000002298b0aeed0, C4<00000>, C4<00000>, C4<00000>;
L_000002298b0ba0c0 .functor BUFZ 32, L_000002298b0b8ed0, C4<00000000000000000000000000000000>, C4<00000000000000000000000000000000>, C4<00000000000000000000000000000000>;
L_000002298b0ba360 .functor BUFZ 32, L_000002298b0b86f0, C4<00000000000000000000000000000000>, C4<00000000000000000000000000000000>, C4<00000000000000000000000000000000>;
L_000002298b0b9f00 .functor BUFZ 32, L_000002298b0b2990, C4<00000000000000000000000000000000>, C4<00000000000000000000000000000000>, C4<00000000000000000000000000000000>;
L_000002298b0ba280 .functor BUFZ 1, L_000002298b0b9cd0, C4<0>, C4<0>, C4<0>;
L_000002298b0b9e90 .functor BUFZ 1, L_000002298b0b9090, C4<0>, C4<0>, C4<0>;
L_000002298b0b9fe0 .functor BUFZ 3, L_000002298b0afe70, C4<000>, C4<000>, C4<000>;
L_000002298b0b9f70 .functor BUFZ 1, L_000002298b0b92c0, C4<0>, C4<0>, C4<0>;
L_000002298b0ba2f0 .functor BUFZ 1, L_000002298b0b87d0, C4<0>, C4<0>, C4<0>;
L_000002298b0ba3d0 .functor BUFZ 1, L_000002298b0b9bf0, C4<0>, C4<0>, C4<0>;
L_000002298b0b9e20 .functor BUFZ 1, L_000002298b0b8220, C4<0>, C4<0>, C4<0>;
L_000002298b0ba440 .functor BUFZ 1, L_000002298b0b9d40, C4<0>, C4<0>, C4<0>;
L_000002298b0ba4b0 .functor BUFZ 1, L_000002298b0b84c0, C4<0>, C4<0>, C4<0>;
L_000002298b0b7260 .functor BUFZ 1, L_000002298b0b9250, C4<0>, C4<0>, C4<0>;
L_000002298b0b7810 .functor BUFZ 1, L_000002298b0b8bc0, C4<0>, C4<0>, C4<0>;
L_000002298b0b7650 .functor BUFZ 1, L_000002298b0b9330, C4<0>, C4<0>, C4<0>;
L_000002298b0b80d0 .functor BUFZ 1, L_000002298b0b91e0, C4<0>, C4<0>, C4<0>;
L_000002298b0b6850 .functor BUFZ 32, L_000002298b0b4ab0, C4<00000000000000000000000000000000>, C4<00000000000000000000000000000000>, C4<00000000000000000000000000000000>;
L_000002298b0b6d20 .functor AND 1, v000002298b099ce0_0, v000002298b093570_0, C4<1>, C4<1>;
L_000002298b0b6620 .functor AND 1, L_000002298b0b6d20, v000002298b092f30_0, C4<1>, C4<1>;
L_000002298b0b73b0 .functor NOT 1, v000002298b091e50_0, C4<0>, C4<0>, C4<0>;
L_000002298b0b7f10 .functor AND 1, L_000002298b0b6620, L_000002298b0b73b0, C4<1>, C4<1>;
L_000002298b0b6700 .functor AND 1, L_000002298b0b7f10, L_000002298b0b1c70, C4<1>, C4<1>;
L_000002298b0b6af0 .functor AND 1, L_000002298b0b6700, L_000002298b0b16d0, C4<1>, C4<1>;
L_000002298b0b7f80 .functor AND 1, v000002298b099ce0_0, v000002298b093570_0, C4<1>, C4<1>;
L_000002298b0b7570 .functor AND 1, L_000002298b0b7f80, v000002298b092f30_0, C4<1>, C4<1>;
L_000002298b0b6770 .functor NOT 1, v000002298b091e50_0, C4<0>, C4<0>, C4<0>;
L_000002298b0b8140 .functor AND 1, L_000002298b0b7570, L_000002298b0b6770, C4<1>, C4<1>;
L_000002298b0b67e0 .functor AND 1, L_000002298b0b8140, L_000002298b0b3390, C4<1>, C4<1>;
L_000002298b0b79d0 .functor AND 1, L_000002298b0b67e0, L_000002298b0b3570, C4<1>, C4<1>;
L_000002298b0b8060 .functor AND 1, v000002298b099ce0_0, v000002298b095dc0_0, C4<1>, C4<1>;
L_000002298b0b81b0 .functor AND 1, L_000002298b0b8060, v000002298b096d60_0, C4<1>, C4<1>;
L_000002298b0b7ab0 .functor AND 1, L_000002298b0b81b0, L_000002298b0b3110, C4<1>, C4<1>;
L_000002298b0b6690 .functor NOT 1, L_000002298b0b6af0, C4<0>, C4<0>, C4<0>;
L_000002298b0b6d90 .functor AND 1, L_000002298b0b7ab0, L_000002298b0b6690, C4<1>, C4<1>;
L_000002298b0b6b60 .functor AND 1, L_000002298b0b6d90, L_000002298b0b2ad0, C4<1>, C4<1>;
L_000002298b0b75e0 .functor AND 1, v000002298b099ce0_0, v000002298b095dc0_0, C4<1>, C4<1>;
L_000002298b0b6e70 .functor AND 1, L_000002298b0b75e0, v000002298b096d60_0, C4<1>, C4<1>;
L_000002298b0b7420 .functor AND 1, L_000002298b0b6e70, L_000002298b0b2c10, C4<1>, C4<1>;
L_000002298b0b76c0 .functor NOT 1, L_000002298b0b79d0, C4<0>, C4<0>, C4<0>;
L_000002298b0b6fc0 .functor AND 1, L_000002298b0b7420, L_000002298b0b76c0, C4<1>, C4<1>;
L_000002298b0b6930 .functor AND 1, L_000002298b0b6fc0, L_000002298b0b11d0, C4<1>, C4<1>;
L_000002298b0b72d0 .functor BUFZ 32, L_000002298b0b1a90, C4<00000000000000000000000000000000>, C4<00000000000000000000000000000000>, C4<00000000000000000000000000000000>;
L_000002298b0b7490 .functor AND 1, v000002298b099ce0_0, v000002298b094290_0, C4<1>, C4<1>;
L_000002298b0b6bd0 .functor NOT 1, L_000002298b0b2210, C4<0>, C4<0>, C4<0>;
L_000002298b0b7a40 .functor NOT 1, L_000002298b0b6a10, C4<0>, C4<0>, C4<0>;
L_000002298b0b6c40 .functor NOT 1, L_000002298b0b6a10, C4<0>, C4<0>, C4<0>;
L_000002298b0b6cb0 .functor AND 1, L_000002298b0b7490, L_000002298b0b5550, C4<1>, C4<1>;
L_000002298b0b6e00 .functor AND 1, v000002298b099ce0_0, v000002298b09bd60_0, C4<1>, C4<1>;
L_000002298b0b7b90 .functor OR 1, L_000002298b0b6cb0, L_000002298b0b6e00, C4<0>, C4<0>;
L_000002298b0b7ff0 .functor AND 1, L_000002298b0b7b90, L_000002298b0b5730, C4<1>, C4<1>;
L_000002298b0b7c00 .functor NOT 1, L_000002298b0b7ff0, C4<0>, C4<0>, C4<0>;
L_000002298b0b6ee0 .functor AND 1, L_000002298b0b7b90, L_000002298b0b7c00, C4<1>, C4<1>;
L_000002298b0b7ea0 .functor BUFZ 1, v000002298b099ce0_0, C4<0>, C4<0>, C4<0>;
L_000002298b0b7c70 .functor BUFZ 32, v000002298b09a5a0_0, C4<00000000000000000000000000000000>, C4<00000000000000000000000000000000>, C4<00000000000000000000000000000000>;
L_000002298b0b6f50 .functor BUFZ 32, v000002298b09b540_0, C4<00000000000000000000000000000000>, C4<00000000000000000000000000000000>, C4<00000000000000000000000000000000>;
L_000002298b0b7730 .functor BUFZ 32, L_000002298b0b4e70, C4<00000000000000000000000000000000>, C4<00000000000000000000000000000000>, C4<00000000000000000000000000000000>;
L_000002298b0b7030 .functor BUFZ 32, v000002298b09a780_0, C4<00000000000000000000000000000000>, C4<00000000000000000000000000000000>, C4<00000000000000000000000000000000>;
L_000002298b0b70a0 .functor BUFZ 5, v000002298b09bcc0_0, C4<00000>, C4<00000>, C4<00000>;
L_000002298b0b7180 .functor BUFZ 5, v000002298b09aaa0_0, C4<00000>, C4<00000>, C4<00000>;
L_000002298b0b71f0 .functor BUFZ 5, v000002298b09be00_0, C4<00000>, C4<00000>, C4<00000>;
L_000002298b0b7ce0 .functor BUFZ 32, L_000002298b0b18b0, C4<00000000000000000000000000000000>, C4<00000000000000000000000000000000>, C4<00000000000000000000000000000000>;
L_000002298b0b77a0 .functor BUFZ 32, L_000002298b0b1a90, C4<00000000000000000000000000000000>, C4<00000000000000000000000000000000>, C4<00000000000000000000000000000000>;
L_000002298b0b78f0 .functor BUFZ 32, v000002298b09a3c0_0, C4<00000000000000000000000000000000>, C4<00000000000000000000000000000000>, C4<00000000000000000000000000000000>;
L_000002298b0b7d50 .functor BUFZ 32, v000002298b086c90_0, C4<00000000000000000000000000000000>, C4<00000000000000000000000000000000>, C4<00000000000000000000000000000000>;
L_000002298b0b7dc0 .functor BUFZ 32, L_000002298b0b72d0, C4<00000000000000000000000000000000>, C4<00000000000000000000000000000000>, C4<00000000000000000000000000000000>;
L_000002298b0ba780 .functor BUFZ 3, v000002298b09a0a0_0, C4<000>, C4<000>, C4<000>;
L_000002298b0bb740 .functor BUFZ 1, v000002298b09a320_0, C4<0>, C4<0>, C4<0>;
L_000002298b0bae80 .functor BUFZ 1, v000002298b09b7c0_0, C4<0>, C4<0>, C4<0>;
L_000002298b0ba860 .functor BUFZ 1, v000002298b09a500_0, C4<0>, C4<0>, C4<0>;
L_000002298b0ba630 .functor BUFZ 1, v000002298b09ae60_0, C4<0>, C4<0>, C4<0>;
L_000002298b0ba7f0 .functor BUFZ 1, v000002298b09bd60_0, C4<0>, C4<0>, C4<0>;
L_000002298b0bb9e0 .functor BUFZ 1, v000002298b09a6e0_0, C4<0>, C4<0>, C4<0>;
L_000002298b0bb3c0 .functor BUFZ 1, v000002298b09b360_0, C4<0>, C4<0>, C4<0>;
L_000002298b0bb970 .functor BUFZ 1, L_000002298b0b7ff0, C4<0>, C4<0>, C4<0>;
L_000002298b0bbcf0 .functor BUFZ 1, v000002298b09a000_0, C4<0>, C4<0>, C4<0>;
L_000002298b0bb900 .functor AND 1, v000002298b093570_0, v000002298b091770_0, C4<1>, C4<1>;
L_000002298b0bbe40 .functor AND 1, v000002298b093570_0, v000002298b091090_0, C4<1>, C4<1>;
L_000002298b0bbc80 .functor AND 1, v000002298b095dc0_0, v000002298b095d20_0, C4<1>, C4<1>;
L_000002298b0bba50 .functor AND 1, L_000002298b0bbc80, v000002298b093570_0, C4<1>, C4<1>;
L_000002298b0bb5f0 .functor AND 1, L_000002298b0bba50, v000002298b091090_0, C4<1>, C4<1>;
L_000002298b0bb4a0 .functor AND 1, L_000002298b0bb5f0, L_000002298b0b4330, C4<1>, C4<1>;
L_000002298b0bb6d0 .functor AND 1, L_000002298b0bb4a0, L_000002298b0b4f10, C4<1>, C4<1>;
L_000002298b0bbf20 .functor BUFZ 32, L_000002298b0b5190, C4<00000000000000000000000000000000>, C4<00000000000000000000000000000000>, C4<00000000000000000000000000000000>;
L_000002298b0bb0b0 .functor BUFZ 4, L_000002298b0bc1c0, C4<0000>, C4<0000>, C4<0000>;
L_000002298b0bb040 .functor BUFZ 32, L_000002298b0bacc0, C4<00000000000000000000000000000000>, C4<00000000000000000000000000000000>, C4<00000000000000000000000000000000>;
L_000002298b0bbb30 .functor BUFZ 1, L_000002298b0bbf90, C4<0>, C4<0>, C4<0>;
L_000002298b0ba710 .functor BUFZ 1, L_000002298b0ba940, C4<0>, C4<0>, C4<0>;
L_000002298b0baa90 .functor BUFZ 1, v000002298b093570_0, C4<0>, C4<0>, C4<0>;
L_000002298b0bc070 .functor BUFZ 32, v000002298b0918b0_0, C4<00000000000000000000000000000000>, C4<00000000000000000000000000000000>, C4<00000000000000000000000000000000>;
L_000002298b0bb7b0 .functor BUFZ 32, v000002298b092670_0, C4<00000000000000000000000000000000>, C4<00000000000000000000000000000000>, C4<00000000000000000000000000000000>;
L_000002298b0bc0e0 .functor BUFZ 32, v000002298b0932f0_0, C4<00000000000000000000000000000000>, C4<00000000000000000000000000000000>, C4<00000000000000000000000000000000>;
L_000002298b0bb430 .functor BUFZ 32, v000002298b090f50_0, C4<00000000000000000000000000000000>, C4<00000000000000000000000000000000>, C4<00000000000000000000000000000000>;
L_000002298b0bc150 .functor BUFZ 5, v000002298b091bd0_0, C4<00000>, C4<00000>, C4<00000>;
L_000002298b0bbba0 .functor BUFZ 5, v000002298b092850_0, C4<00000>, C4<00000>, C4<00000>;
L_000002298b0baa20 .functor BUFZ 5, v000002298b092cb0_0, C4<00000>, C4<00000>, C4<00000>;
L_000002298b0bada0 .functor BUFZ 32, v000002298b091d10_0, C4<00000000000000000000000000000000>, C4<00000000000000000000000000000000>, C4<00000000000000000000000000000000>;
L_000002298b0bab00 .functor BUFZ 32, v000002298b092df0_0, C4<00000000000000000000000000000000>, C4<00000000000000000000000000000000>, C4<00000000000000000000000000000000>;
L_000002298b0bafd0 .functor BUFZ 32, v000002298b093070_0, C4<00000000000000000000000000000000>, C4<00000000000000000000000000000000>, C4<00000000000000000000000000000000>;
L_000002298b0bb820 .functor BUFZ 32, v000002298b0925d0_0, C4<00000000000000000000000000000000>, C4<00000000000000000000000000000000>, C4<00000000000000000000000000000000>;
L_000002298b0bab70 .functor BUFZ 32, L_000002298b0bc000, C4<00000000000000000000000000000000>, C4<00000000000000000000000000000000>, C4<00000000000000000000000000000000>;
L_000002298b0babe0 .functor BUFZ 32, L_000002298b0b5190, C4<00000000000000000000000000000000>, C4<00000000000000000000000000000000>, C4<00000000000000000000000000000000>;
L_000002298b0bac50 .functor BUFZ 1, L_000002298b0bbf90, C4<0>, C4<0>, C4<0>;
L_000002298b0bad30 .functor BUFZ 1, L_000002298b0ba940, C4<0>, C4<0>, C4<0>;
L_000002298b0bae10 .functor BUFZ 4, L_000002298b0bc1c0, C4<0000>, C4<0000>, C4<0000>;
L_000002298b0baef0 .functor BUFZ 32, L_000002298b0bacc0, C4<00000000000000000000000000000000>, C4<00000000000000000000000000000000>, C4<00000000000000000000000000000000>;
L_000002298b0baf60 .functor BUFZ 32, v000002298b098160_0, C4<00000000000000000000000000000000>, C4<00000000000000000000000000000000>, C4<00000000000000000000000000000000>;
L_000002298b0bb120 .functor BUFZ 1, v000002298b091e50_0, C4<0>, C4<0>, C4<0>;
L_000002298b0bb890 .functor BUFZ 1, v000002298b090ff0_0, C4<0>, C4<0>, C4<0>;
L_000002298b0bb510 .functor BUFZ 1, v000002298b0914f0_0, C4<0>, C4<0>, C4<0>;
L_000002298b0bb190 .functor BUFZ 1, v000002298b092f30_0, C4<0>, C4<0>, C4<0>;
L_000002298b0bb2e0 .functor BUFZ 1, v000002298b090eb0_0, C4<0>, C4<0>, C4<0>;
L_000002298b0bb350 .functor BUFZ 1, v000002298b0919f0_0, C4<0>, C4<0>, C4<0>;
L_000002298b0bb580 .functor BUFZ 1, L_000002298b0bb660, C4<0>, C4<0>, C4<0>;
L_000002298b0bbc10 .functor BUFZ 1, v000002298b093110_0, C4<0>, C4<0>, C4<0>;
L_000002298b0bbdd0 .functor OR 1, v000002298b0967c0_0, v000002298b0956e0_0, C4<0>, C4<0>;
L_000002298b0bd6c0 .functor OR 1, L_000002298b0bbdd0, v000002298b096680_0, C4<0>, C4<0>;
L_000002298b0bc310 .functor AND 1, v000002298b095dc0_0, v000002298b096d60_0, C4<1>, C4<1>;
L_000002298b0bd030 .functor NOT 1, L_000002298b0bd6c0, C4<0>, C4<0>, C4<0>;
L_000002298b0bddc0 .functor AND 1, L_000002298b0bc310, L_000002298b0bd030, C4<1>, C4<1>;
L_000002298b0bd730 .functor AND 1, v000002298b095dc0_0, v000002298b0951e0_0, C4<1>, C4<1>;
L_000002298b0bce70 .functor BUFZ 1, v000002298b095dc0_0, C4<0>, C4<0>, C4<0>;
L_000002298b0bc230 .functor BUFZ 32, v000002298b096360_0, C4<00000000000000000000000000000000>, C4<00000000000000000000000000000000>, C4<00000000000000000000000000000000>;
L_000002298b0bd0a0 .functor AND 1, v000002298b095dc0_0, L_000002298b0bd6c0, C4<1>, C4<1>;
L_000002298b0bca10 .functor BUFZ 1, L_000002298b0bd730, C4<0>, C4<0>, C4<0>;
L_000002298b0bc3f0 .functor BUFZ 5, v000002298b096040_0, C4<00000>, C4<00000>, C4<00000>;
L_000002298b0bccb0 .functor BUFZ 5, v000002298b095780_0, C4<00000>, C4<00000>, C4<00000>;
L_000002298b0bda40 .functor BUFZ 32, v000002298b094d80_0, C4<00000000000000000000000000000000>, C4<00000000000000000000000000000000>, C4<00000000000000000000000000000000>;
L_000002298b0bd500 .functor BUFZ 32, v000002298b095be0_0, C4<00000000000000000000000000000000>, C4<00000000000000000000000000000000>, C4<00000000000000000000000000000000>;
L_000002298b0bcaf0 .functor BUFZ 32, L_000002298b0b4ab0, C4<00000000000000000000000000000000>, C4<00000000000000000000000000000000>, C4<00000000000000000000000000000000>;
L_000002298b0bca80 .functor BUFZ 32, v000002298b094f60_0, C4<00000000000000000000000000000000>, C4<00000000000000000000000000000000>, C4<00000000000000000000000000000000>;
L_000002298b0bc380 .functor BUFZ 1, v000002298b0962c0_0, C4<0>, C4<0>, C4<0>;
L_000002298b0bc460 .functor BUFZ 1, v000002298b095000_0, C4<0>, C4<0>, C4<0>;
L_000002298b0bc4d0 .functor BUFZ 4, v000002298b094c40_0, C4<0000>, C4<0000>, C4<0000>;
L_000002298b0bd2d0 .functor BUFZ 32, v000002298b096cc0_0, C4<00000000000000000000000000000000>, C4<00000000000000000000000000000000>, C4<00000000000000000000000000000000>;
L_000002298b0bdc70 .functor BUFZ 32, v000002298b0969a0_0, C4<00000000000000000000000000000000>, C4<00000000000000000000000000000000>, C4<00000000000000000000000000000000>;
L_000002298b0bd650 .functor BUFZ 32, v000002298b095280_0, C4<00000000000000000000000000000000>, C4<00000000000000000000000000000000>, C4<00000000000000000000000000000000>;
L_000002298b0bdce0 .functor BUFZ 32, v000002298b097080_0, C4<00000000000000000000000000000000>, C4<00000000000000000000000000000000>, C4<00000000000000000000000000000000>;
v000002298b08af20_0 .net *"_ivl_100", 0 0, L_000002298b0b8920;  1 drivers
v000002298b08b600_0 .net *"_ivl_108", 0 0, L_000002298b0b8ae0;  1 drivers
v000002298b08ac00_0 .net *"_ivl_164", 31 0, L_000002298b0b1590;  1 drivers
v000002298b08afc0_0 .net *"_ivl_170", 0 0, L_000002298b0b6d20;  1 drivers
v000002298b08bec0_0 .net *"_ivl_172", 0 0, L_000002298b0b6620;  1 drivers
v000002298b08be20_0 .net *"_ivl_174", 0 0, L_000002298b0b73b0;  1 drivers
v000002298b08b420_0 .net *"_ivl_176", 0 0, L_000002298b0b7f10;  1 drivers
L_000002298b0c0ee0 .functor BUFT 1, C4<00000>, C4<0>, C4<0>, C4<0>;
v000002298b08b060_0 .net/2u *"_ivl_178", 4 0, L_000002298b0c0ee0;  1 drivers
v000002298b08b100_0 .net *"_ivl_180", 0 0, L_000002298b0b1c70;  1 drivers
v000002298b08b7e0_0 .net *"_ivl_182", 0 0, L_000002298b0b6700;  1 drivers
v000002298b08b1a0_0 .net *"_ivl_184", 0 0, L_000002298b0b16d0;  1 drivers
v000002298b08b240_0 .net *"_ivl_188", 0 0, L_000002298b0b7f80;  1 drivers
v000002298b08b9c0_0 .net *"_ivl_190", 0 0, L_000002298b0b7570;  1 drivers
v000002298b08b2e0_0 .net *"_ivl_192", 0 0, L_000002298b0b6770;  1 drivers
v000002298b08bd80_0 .net *"_ivl_194", 0 0, L_000002298b0b8140;  1 drivers
L_000002298b0c0f28 .functor BUFT 1, C4<00000>, C4<0>, C4<0>, C4<0>;
v000002298b08b880_0 .net/2u *"_ivl_196", 4 0, L_000002298b0c0f28;  1 drivers
v000002298b08b380_0 .net *"_ivl_198", 0 0, L_000002298b0b3390;  1 drivers
L_000002298b0c0088 .functor BUFT 1, C4<00000000000000000000000000000100>, C4<0>, C4<0>, C4<0>;
v000002298b08aca0_0 .net/2u *"_ivl_2", 31 0, L_000002298b0c0088;  1 drivers
v000002298b08b6a0_0 .net *"_ivl_200", 0 0, L_000002298b0b67e0;  1 drivers
v000002298b08b4c0_0 .net *"_ivl_202", 0 0, L_000002298b0b3570;  1 drivers
v000002298b08bce0_0 .net *"_ivl_206", 0 0, L_000002298b0b8060;  1 drivers
v000002298b08ba60_0 .net *"_ivl_208", 0 0, L_000002298b0b81b0;  1 drivers
L_000002298b0c0f70 .functor BUFT 1, C4<00000>, C4<0>, C4<0>, C4<0>;
v000002298b08c000_0 .net/2u *"_ivl_210", 4 0, L_000002298b0c0f70;  1 drivers
v000002298b08b560_0 .net *"_ivl_212", 0 0, L_000002298b0b3110;  1 drivers
v000002298b08c1e0_0 .net *"_ivl_214", 0 0, L_000002298b0b7ab0;  1 drivers
v000002298b08b740_0 .net *"_ivl_216", 0 0, L_000002298b0b6690;  1 drivers
v000002298b08b920_0 .net *"_ivl_218", 0 0, L_000002298b0b6d90;  1 drivers
L_000002298b0c0af0 .functor BUFT 1, C4<0110011>, C4<0>, C4<0>, C4<0>;
v000002298b08bb00_0 .net/2u *"_ivl_22", 6 0, L_000002298b0c0af0;  1 drivers
v000002298b08c140_0 .net *"_ivl_220", 0 0, L_000002298b0b2ad0;  1 drivers
v000002298b08e670_0 .net *"_ivl_224", 0 0, L_000002298b0b75e0;  1 drivers
v000002298b08e170_0 .net *"_ivl_226", 0 0, L_000002298b0b6e70;  1 drivers
L_000002298b0c0fb8 .functor BUFT 1, C4<00000>, C4<0>, C4<0>, C4<0>;
v000002298b08d090_0 .net/2u *"_ivl_228", 4 0, L_000002298b0c0fb8;  1 drivers
v000002298b08d310_0 .net *"_ivl_230", 0 0, L_000002298b0b2c10;  1 drivers
v000002298b08caf0_0 .net *"_ivl_232", 0 0, L_000002298b0b7420;  1 drivers
v000002298b08e710_0 .net *"_ivl_234", 0 0, L_000002298b0b76c0;  1 drivers
v000002298b08def0_0 .net *"_ivl_236", 0 0, L_000002298b0b6fc0;  1 drivers
v000002298b08d950_0 .net *"_ivl_238", 0 0, L_000002298b0b11d0;  1 drivers
v000002298b08cb90_0 .net *"_ivl_24", 0 0, L_000002298b0b1090;  1 drivers
L_000002298b0c1000 .functor BUFT 1, C4<10>, C4<0>, C4<0>, C4<0>;
v000002298b08e7b0_0 .net/2u *"_ivl_242", 1 0, L_000002298b0c1000;  1 drivers
L_000002298b0c1048 .functor BUFT 1, C4<01>, C4<0>, C4<0>, C4<0>;
v000002298b08d130_0 .net/2u *"_ivl_244", 1 0, L_000002298b0c1048;  1 drivers
L_000002298b0c1090 .functor BUFT 1, C4<00>, C4<0>, C4<0>, C4<0>;
v000002298b08cff0_0 .net/2u *"_ivl_246", 1 0, L_000002298b0c1090;  1 drivers
v000002298b08c730_0 .net *"_ivl_248", 1 0, L_000002298b0b0eb0;  1 drivers
L_000002298b0c10d8 .functor BUFT 1, C4<10>, C4<0>, C4<0>, C4<0>;
v000002298b08d270_0 .net/2u *"_ivl_252", 1 0, L_000002298b0c10d8;  1 drivers
L_000002298b0c1120 .functor BUFT 1, C4<01>, C4<0>, C4<0>, C4<0>;
v000002298b08c410_0 .net/2u *"_ivl_254", 1 0, L_000002298b0c1120;  1 drivers
L_000002298b0c1168 .functor BUFT 1, C4<00>, C4<0>, C4<0>, C4<0>;
v000002298b08c690_0 .net/2u *"_ivl_256", 1 0, L_000002298b0c1168;  1 drivers
v000002298b08e210_0 .net *"_ivl_258", 1 0, L_000002298b0b1270;  1 drivers
L_000002298b0c0b38 .functor BUFT 1, C4<0010011>, C4<0>, C4<0>, C4<0>;
v000002298b08d770_0 .net/2u *"_ivl_26", 6 0, L_000002298b0c0b38;  1 drivers
L_000002298b0c11b0 .functor BUFT 1, C4<11>, C4<0>, C4<0>, C4<0>;
v000002298b08d9f0_0 .net/2u *"_ivl_262", 1 0, L_000002298b0c11b0;  1 drivers
L_000002298b0c11f8 .functor BUFT 1, C4<11>, C4<0>, C4<0>, C4<0>;
v000002298b08e0d0_0 .net/2u *"_ivl_266", 1 0, L_000002298b0c11f8;  1 drivers
L_000002298b0c1240 .functor BUFT 1, C4<10>, C4<0>, C4<0>, C4<0>;
v000002298b08ca50_0 .net/2u *"_ivl_270", 1 0, L_000002298b0c1240;  1 drivers
v000002298b08cc30_0 .net *"_ivl_272", 0 0, L_000002298b0b2d50;  1 drivers
L_000002298b0c1288 .functor BUFT 1, C4<01>, C4<0>, C4<0>, C4<0>;
v000002298b08e2b0_0 .net/2u *"_ivl_274", 1 0, L_000002298b0c1288;  1 drivers
v000002298b08c9b0_0 .net *"_ivl_276", 0 0, L_000002298b0b1810;  1 drivers
v000002298b08df90_0 .net *"_ivl_278", 31 0, L_000002298b0b22b0;  1 drivers
v000002298b08e3f0_0 .net *"_ivl_28", 0 0, L_000002298b0b28f0;  1 drivers
L_000002298b0c12d0 .functor BUFT 1, C4<10>, C4<0>, C4<0>, C4<0>;
v000002298b08e030_0 .net/2u *"_ivl_282", 1 0, L_000002298b0c12d0;  1 drivers
v000002298b08dc70_0 .net *"_ivl_284", 0 0, L_000002298b0b1950;  1 drivers
L_000002298b0c1318 .functor BUFT 1, C4<01>, C4<0>, C4<0>, C4<0>;
v000002298b08d630_0 .net/2u *"_ivl_286", 1 0, L_000002298b0c1318;  1 drivers
v000002298b08ccd0_0 .net *"_ivl_288", 0 0, L_000002298b0b34d0;  1 drivers
v000002298b08e850_0 .net *"_ivl_290", 31 0, L_000002298b0b19f0;  1 drivers
L_000002298b0c1360 .functor BUFT 1, C4<11>, C4<0>, C4<0>, C4<0>;
v000002298b08d1d0_0 .net/2u *"_ivl_294", 1 0, L_000002298b0c1360;  1 drivers
v000002298b08d3b0_0 .net *"_ivl_296", 0 0, L_000002298b0b1d10;  1 drivers
v000002298b08ead0_0 .net *"_ivl_30", 0 0, L_000002298b0b9790;  1 drivers
L_000002298b0c13a8 .functor BUFT 1, C4<11>, C4<0>, C4<0>, C4<0>;
v000002298b08d450_0 .net/2u *"_ivl_300", 1 0, L_000002298b0c13a8;  1 drivers
v000002298b08c550_0 .net *"_ivl_302", 0 0, L_000002298b0b2df0;  1 drivers
v000002298b08dd10_0 .net *"_ivl_310", 31 0, L_000002298b0b23f0;  1 drivers
v000002298b08e350_0 .net *"_ivl_312", 31 0, L_000002298b0b2490;  1 drivers
v000002298b08dbd0_0 .net *"_ivl_317", 30 0, L_000002298b0b55f0;  1 drivers
L_000002298b0c13f0 .functor BUFT 1, C4<0>, C4<0>, C4<0>, C4<0>;
v000002298b08d590_0 .net/2u *"_ivl_318", 0 0, L_000002298b0c13f0;  1 drivers
L_000002298b0c0b80 .functor BUFT 1, C4<0000011>, C4<0>, C4<0>, C4<0>;
v000002298b08e490_0 .net/2u *"_ivl_32", 6 0, L_000002298b0c0b80;  1 drivers
v000002298b08e530_0 .net *"_ivl_320", 31 0, L_000002298b0b3890;  1 drivers
v000002298b08e990_0 .net *"_ivl_326", 0 0, L_000002298b0b7490;  1 drivers
L_000002298b0c1438 .functor BUFT 1, C4<000>, C4<0>, C4<0>, C4<0>;
v000002298b08c5f0_0 .net/2u *"_ivl_328", 2 0, L_000002298b0c1438;  1 drivers
v000002298b08cd70_0 .net *"_ivl_330", 0 0, L_000002298b0b3a70;  1 drivers
L_000002298b0c1480 .functor BUFT 1, C4<001>, C4<0>, C4<0>, C4<0>;
v000002298b08de50_0 .net/2u *"_ivl_332", 2 0, L_000002298b0c1480;  1 drivers
v000002298b08ddb0_0 .net *"_ivl_334", 0 0, L_000002298b0b4dd0;  1 drivers
v000002298b08e5d0_0 .net *"_ivl_336", 0 0, L_000002298b0b6bd0;  1 drivers
L_000002298b0c14c8 .functor BUFT 1, C4<100>, C4<0>, C4<0>, C4<0>;
v000002298b08ce10_0 .net/2u *"_ivl_338", 2 0, L_000002298b0c14c8;  1 drivers
v000002298b08d6d0_0 .net *"_ivl_34", 0 0, L_000002298b0b2cb0;  1 drivers
v000002298b08d4f0_0 .net *"_ivl_340", 0 0, L_000002298b0b43d0;  1 drivers
L_000002298b0c1510 .functor BUFT 1, C4<101>, C4<0>, C4<0>, C4<0>;
v000002298b08d810_0 .net/2u *"_ivl_342", 2 0, L_000002298b0c1510;  1 drivers
v000002298b08eb70_0 .net *"_ivl_344", 0 0, L_000002298b0b59b0;  1 drivers
v000002298b08d8b0_0 .net *"_ivl_346", 0 0, L_000002298b0b7a40;  1 drivers
L_000002298b0c1558 .functor BUFT 1, C4<110>, C4<0>, C4<0>, C4<0>;
v000002298b08c870_0 .net/2u *"_ivl_348", 2 0, L_000002298b0c1558;  1 drivers
v000002298b08e8f0_0 .net *"_ivl_350", 0 0, L_000002298b0b4d30;  1 drivers
L_000002298b0c15a0 .functor BUFT 1, C4<111>, C4<0>, C4<0>, C4<0>;
v000002298b08ea30_0 .net/2u *"_ivl_352", 2 0, L_000002298b0c15a0;  1 drivers
v000002298b08da90_0 .net *"_ivl_354", 0 0, L_000002298b0b5c30;  1 drivers
v000002298b08db30_0 .net *"_ivl_356", 0 0, L_000002298b0b6c40;  1 drivers
L_000002298b0c15e8 .functor BUFT 1, C4<0>, C4<0>, C4<0>, C4<0>;
v000002298b08c4b0_0 .net/2u *"_ivl_358", 0 0, L_000002298b0c15e8;  1 drivers
v000002298b08ceb0_0 .net *"_ivl_36", 0 0, L_000002298b0b8f40;  1 drivers
v000002298b08c7d0_0 .net *"_ivl_360", 0 0, L_000002298b0b3bb0;  1 drivers
v000002298b08c910_0 .net *"_ivl_362", 0 0, L_000002298b0b5cd0;  1 drivers
v000002298b08cf50_0 .net *"_ivl_364", 0 0, L_000002298b0b5d70;  1 drivers
v000002298b08f570_0 .net *"_ivl_366", 0 0, L_000002298b0b3610;  1 drivers
v000002298b08ee90_0 .net *"_ivl_368", 0 0, L_000002298b0b4970;  1 drivers
v000002298b08f9d0_0 .net *"_ivl_370", 0 0, L_000002298b0b5550;  1 drivers
v000002298b08fa70_0 .net *"_ivl_379", 1 0, L_000002298b0b36b0;  1 drivers
L_000002298b0c0bc8 .functor BUFT 1, C4<0100011>, C4<0>, C4<0>, C4<0>;
v000002298b090010_0 .net/2u *"_ivl_38", 6 0, L_000002298b0c0bc8;  1 drivers
v000002298b08f930_0 .net *"_ivl_381", 0 0, L_000002298b0b5730;  1 drivers
v000002298b08fbb0_0 .net *"_ivl_384", 0 0, L_000002298b0b7c00;  1 drivers
v000002298b08f110_0 .net *"_ivl_40", 0 0, L_000002298b0b2670;  1 drivers
v000002298b0900b0_0 .net *"_ivl_42", 0 0, L_000002298b0b8d10;  1 drivers
L_000002298b0c0c10 .functor BUFT 1, C4<1100011>, C4<0>, C4<0>, C4<0>;
v000002298b08fed0_0 .net/2u *"_ivl_44", 6 0, L_000002298b0c0c10;  1 drivers
v000002298b08ff70_0 .net *"_ivl_440", 0 0, L_000002298b0bbc80;  1 drivers
v000002298b08f070_0 .net *"_ivl_442", 0 0, L_000002298b0bba50;  1 drivers
v000002298b0901f0_0 .net *"_ivl_444", 0 0, L_000002298b0bb5f0;  1 drivers
L_000002298b0c1630 .functor BUFT 1, C4<00000>, C4<0>, C4<0>, C4<0>;
v000002298b08f1b0_0 .net/2u *"_ivl_446", 4 0, L_000002298b0c1630;  1 drivers
v000002298b08f610_0 .net *"_ivl_448", 0 0, L_000002298b0b4330;  1 drivers
v000002298b08ef30_0 .net *"_ivl_450", 0 0, L_000002298b0bb4a0;  1 drivers
v000002298b08efd0_0 .net *"_ivl_452", 0 0, L_000002298b0b4f10;  1 drivers
v000002298b08f430_0 .net *"_ivl_46", 0 0, L_000002298b0b2530;  1 drivers
v000002298b08fb10_0 .net *"_ivl_48", 0 0, L_000002298b0b8840;  1 drivers
L_000002298b0c0c58 .functor BUFT 1, C4<1100111>, C4<0>, C4<0>, C4<0>;
v000002298b08f250_0 .net/2u *"_ivl_50", 6 0, L_000002298b0c0c58;  1 drivers
v000002298b08f6b0_0 .net *"_ivl_52", 0 0, L_000002298b0b2a30;  1 drivers
v000002298b08f2f0_0 .net *"_ivl_522", 0 0, L_000002298b0bbdd0;  1 drivers
v000002298b08f390_0 .net *"_ivl_526", 0 0, L_000002298b0bc310;  1 drivers
v000002298b08f4d0_0 .net *"_ivl_528", 0 0, L_000002298b0bd030;  1 drivers
L_000002298b0c18b8 .functor BUFT 1, C4<00000>, C4<0>, C4<0>, C4<0>;
v000002298b08fe30_0 .net/2u *"_ivl_550", 4 0, L_000002298b0c18b8;  1 drivers
L_000002298b0c0ca0 .functor BUFT 1, C4<0110011>, C4<0>, C4<0>, C4<0>;
v000002298b08fc50_0 .net/2u *"_ivl_56", 6 0, L_000002298b0c0ca0;  1 drivers
v000002298b090150_0 .net *"_ivl_58", 0 0, L_000002298b0b2850;  1 drivers
L_000002298b0c0ce8 .functor BUFT 1, C4<0100011>, C4<0>, C4<0>, C4<0>;
v000002298b08f750_0 .net/2u *"_ivl_60", 6 0, L_000002298b0c0ce8;  1 drivers
v000002298b08fd90_0 .net *"_ivl_62", 0 0, L_000002298b0b3070;  1 drivers
v000002298b08edf0_0 .net *"_ivl_64", 0 0, L_000002298b0b83e0;  1 drivers
L_000002298b0c0d30 .functor BUFT 1, C4<1100011>, C4<0>, C4<0>, C4<0>;
v000002298b08f7f0_0 .net/2u *"_ivl_66", 6 0, L_000002298b0c0d30;  1 drivers
v000002298b08f890_0 .net *"_ivl_68", 0 0, L_000002298b0b3250;  1 drivers
L_000002298b0c0d78 .functor BUFT 1, C4<0110011>, C4<0>, C4<0>, C4<0>;
v000002298b08fcf0_0 .net/2u *"_ivl_72", 6 0, L_000002298b0c0d78;  1 drivers
v000002298b090290_0 .net *"_ivl_74", 0 0, L_000002298b0b3430;  1 drivers
L_000002298b0c0dc0 .functor BUFT 1, C4<1100011>, C4<0>, C4<0>, C4<0>;
v000002298b08ec10_0 .net/2u *"_ivl_76", 6 0, L_000002298b0c0dc0;  1 drivers
v000002298b08ecb0_0 .net *"_ivl_78", 0 0, L_000002298b0b1130;  1 drivers
v000002298b08ed50_0 .net *"_ivl_82", 0 0, L_000002298b0b9b10;  1 drivers
v000002298b090d70_0 .net *"_ivl_84", 0 0, L_000002298b0b8fb0;  1 drivers
L_000002298b0c0e08 .functor BUFT 1, C4<00000>, C4<0>, C4<0>, C4<0>;
v000002298b090e10_0 .net/2u *"_ivl_86", 4 0, L_000002298b0c0e08;  1 drivers
v000002298b092350_0 .net *"_ivl_88", 0 0, L_000002298b0b32f0;  1 drivers
v000002298b092990_0 .net *"_ivl_90", 0 0, L_000002298b0b85a0;  1 drivers
v000002298b092030_0 .net *"_ivl_92", 0 0, L_000002298b0b1bd0;  1 drivers
v000002298b0913b0_0 .net *"_ivl_94", 0 0, L_000002298b0b8680;  1 drivers
v000002298b090c30_0 .net *"_ivl_96", 0 0, L_000002298b0b1e50;  1 drivers
v000002298b091b30_0 .net *"_ivl_98", 0 0, L_000002298b0b88b0;  1 drivers
v000002298b093390_0 .net "ex_alu_eq_cur", 0 0, L_000002298b0b2210;  1 drivers
v000002298b091ef0_0 .net "ex_alu_result_cur", 31 0, v000002298b086c90_0;  1 drivers
v000002298b092530_0 .net "ex_alu_slt_cur", 0 0, L_000002298b0b6a10;  1 drivers
v000002298b0911d0_0 .net "ex_branch_taken_cur", 0 0, L_000002298b0b6cb0;  1 drivers
v000002298b092a30_0 .net "ex_branch_target_cur", 31 0, L_000002298b0b2350;  1 drivers
v000002298b091450_0 .net "ex_control_taken_cur", 0 0, L_000002298b0b7b90;  1 drivers
v000002298b091db0_0 .net "ex_control_target_cur", 31 0, L_000002298b0b4fb0;  1 drivers
v000002298b092e90_0 .net "ex_ex_match_rs1_cur", 0 0, L_000002298b0b6af0;  1 drivers
v000002298b0922b0_0 .net "ex_ex_match_rs2_cur", 0 0, L_000002298b0b79d0;  1 drivers
v000002298b091590_0 .net "ex_forward_a_sel_cur", 1 0, L_000002298b0b1b30;  1 drivers
v000002298b093250_0 .net "ex_forward_b_sel_cur", 1 0, L_000002298b0b2b70;  1 drivers
v000002298b091630_0 .net "ex_jump_taken_cur", 0 0, L_000002298b0b6e00;  1 drivers
v000002298b0916d0_0 .net "ex_jump_target_cur", 31 0, L_000002298b0b4790;  1 drivers
v000002298b092fd0_0 .net "ex_jump_target_raw_cur", 31 0, L_000002298b0b5370;  1 drivers
v000002298b0925d0_0 .var "ex_mem_alu_result_cur", 31 0;
v000002298b090cd0_0 .net "ex_mem_alu_result_next", 31 0, L_000002298b0b7d50;  1 drivers
v000002298b093110_0 .var "ex_mem_ebreak_cur", 0 0;
v000002298b091f90_0 .net "ex_mem_ebreak_next", 0 0, L_000002298b0bbcf0;  1 drivers
v000002298b092c10_0 .net "ex_mem_forward_data_cur", 31 0, L_000002298b0b1630;  1 drivers
v000002298b0923f0_0 .var "ex_mem_func3_cur", 2 0;
v000002298b0931b0_0 .net "ex_mem_func3_next", 2 0, L_000002298b0ba780;  1 drivers
v000002298b090eb0_0 .var "ex_mem_illegal_inst_cur", 0 0;
v000002298b092ad0_0 .net "ex_mem_illegal_inst_next", 0 0, L_000002298b0bb3c0;  1 drivers
v000002298b090f50_0 .var "ex_mem_inst_cur", 31 0;
v000002298b0920d0_0 .net "ex_mem_inst_next", 31 0, L_000002298b0b7030;  1 drivers
v000002298b0914f0_0 .var "ex_mem_jump_cur", 0 0;
v000002298b091310_0 .net "ex_mem_jump_next", 0 0, L_000002298b0ba7f0;  1 drivers
v000002298b090ff0_0 .var "ex_mem_lui_cur", 0 0;
v000002298b092d50_0 .net "ex_mem_lui_next", 0 0, L_000002298b0ba630;  1 drivers
v000002298b091770_0 .var "ex_mem_mem_read_cur", 0 0;
v000002298b091950_0 .net "ex_mem_mem_read_next", 0 0, L_000002298b0bae80;  1 drivers
v000002298b091e50_0 .var "ex_mem_mem_to_reg_cur", 0 0;
v000002298b092b70_0 .net "ex_mem_mem_to_reg_next", 0 0, L_000002298b0ba860;  1 drivers
v000002298b091090_0 .var "ex_mem_mem_write_cur", 0 0;
v000002298b091130_0 .net "ex_mem_mem_write_next", 0 0, L_000002298b0bb740;  1 drivers
v000002298b0932f0_0 .var "ex_mem_next_pc_cur", 31 0;
v000002298b091270_0 .net "ex_mem_next_pc_next", 31 0, L_000002298b0b7730;  1 drivers
v000002298b093070_0 .var "ex_mem_offset_cur", 31 0;
v000002298b091810_0 .net "ex_mem_offset_next", 31 0, L_000002298b0b78f0;  1 drivers
v000002298b0918b0_0 .var "ex_mem_pc_cur", 31 0;
v000002298b0919f0_0 .var "ex_mem_pc_misalign_trap_cur", 0 0;
v000002298b091a90_0 .net "ex_mem_pc_misalign_trap_next", 0 0, L_000002298b0bb970;  1 drivers
v000002298b092170_0 .net "ex_mem_pc_next", 31 0, L_000002298b0b7c70;  1 drivers
v000002298b092670_0 .var "ex_mem_pc_plus4_cur", 31 0;
v000002298b092490_0 .net "ex_mem_pc_plus4_next", 31 0, L_000002298b0b6f50;  1 drivers
v000002298b092cb0_0 .var "ex_mem_rd_waddr_cur", 4 0;
v000002298b092210_0 .net "ex_mem_rd_waddr_next", 4 0, L_000002298b0b71f0;  1 drivers
v000002298b092f30_0 .var "ex_mem_reg_write_cur", 0 0;
v000002298b092710_0 .net "ex_mem_reg_write_next", 0 0, L_000002298b0bb9e0;  1 drivers
v000002298b091bd0_0 .var "ex_mem_rs1_raddr_cur", 4 0;
v000002298b091c70_0 .net "ex_mem_rs1_raddr_next", 4 0, L_000002298b0b70a0;  1 drivers
v000002298b091d10_0 .var "ex_mem_rs1_rdata_cur", 31 0;
v000002298b0927b0_0 .net "ex_mem_rs1_rdata_next", 31 0, L_000002298b0b7ce0;  1 drivers
v000002298b092850_0 .var "ex_mem_rs2_raddr_cur", 4 0;
v000002298b0928f0_0 .net "ex_mem_rs2_raddr_next", 4 0, L_000002298b0b7180;  1 drivers
v000002298b092df0_0 .var "ex_mem_rs2_rdata_cur", 31 0;
v000002298b094010_0 .net "ex_mem_rs2_rdata_next", 31 0, L_000002298b0b77a0;  1 drivers
v000002298b0934d0_0 .var "ex_mem_store_data_cur", 31 0;
v000002298b093610_0 .net "ex_mem_store_data_next", 31 0, L_000002298b0b7dc0;  1 drivers
v000002298b093570_0 .var "ex_mem_valid_cur", 0 0;
v000002298b093c50_0 .net "ex_mem_valid_next", 0 0, L_000002298b0b7ea0;  1 drivers
v000002298b0936b0_0 .net "ex_next_pc_cur", 31 0, L_000002298b0b4e70;  1 drivers
v000002298b093750_0 .net "ex_operand1_cur", 31 0, L_000002298b0b1db0;  1 drivers
v000002298b094470_0 .net "ex_operand1_sel_cur", 1 0, L_000002298b0b13b0;  1 drivers
v000002298b093cf0_0 .net "ex_operand2_cur", 31 0, L_000002298b0b2e90;  1 drivers
v000002298b094a10_0 .net "ex_operand2_sel_cur", 1 0, L_000002298b0b1770;  1 drivers
v000002298b0937f0_0 .net "ex_pc_misalign_trap_cur", 0 0, L_000002298b0b7ff0;  1 drivers
v000002298b0946f0_0 .net "ex_redirect_cur", 0 0, L_000002298b0b6ee0;  1 drivers
v000002298b093890_0 .net "ex_rs1_value_cur", 31 0, L_000002298b0b18b0;  1 drivers
v000002298b093930_0 .net "ex_rs2_value_cur", 31 0, L_000002298b0b1a90;  1 drivers
v000002298b094790_0 .net "ex_store_data_cur", 31 0, L_000002298b0b72d0;  1 drivers
v000002298b094330_0 .var "halted_cur", 0 0;
v000002298b094650_0 .net "hazard_ex_cur", 0 0, L_000002298b0b8a00;  1 drivers
v000002298b094830_0 .net "hazard_mem_cur", 0 0, L_000002298b0c0e50;  1 drivers
v000002298b0943d0_0 .net "hazard_stall_cur", 0 0, L_000002298b0b8b50;  1 drivers
v000002298b0939d0_0 .net "hazard_wb_cur", 0 0, L_000002298b0c0e98;  1 drivers
v000002298b0940b0_0 .net "i_clk", 0 0, v000002298b098660_0;  1 drivers
v000002298b0945b0_0 .net "i_dmem_rdata", 31 0, v000002298b098160_0;  1 drivers
v000002298b093f70_0 .net "i_imem_rdata", 31 0, v000002298b097a80_0;  1 drivers
v000002298b094ab0_0 .net "i_rst", 0 0, v000002298b097440_0;  1 drivers
v000002298b093ed0_0 .net "id_alu_op_cur", 2 0, L_000002298b0afe70;  1 drivers
v000002298b093a70_0 .net "id_alu_src1_cur", 0 0, L_000002298b0b8220;  1 drivers
v000002298b093bb0_0 .net "id_alu_src2_cur", 0 0, L_000002298b0b9d40;  1 drivers
v000002298b093d90_0 .net "id_branch_cur", 0 0, L_000002298b0b8bc0;  1 drivers
v000002298b093b10_0 .net "id_ebreak_cur", 0 0, L_000002298b0b91e0;  1 drivers
v000002298b094150_0 .var "id_ex_alu_op_cur", 2 0;
v000002298b094510_0 .net "id_ex_alu_op_next", 2 0, L_000002298b0b9fe0;  1 drivers
v000002298b094970_0 .var "id_ex_alu_src1_cur", 0 0;
v000002298b093e30_0 .net "id_ex_alu_src1_next", 0 0, L_000002298b0b9e20;  1 drivers
v000002298b093430_0 .var "id_ex_alu_src2_cur", 0 0;
v000002298b0941f0_0 .net "id_ex_alu_src2_next", 0 0, L_000002298b0ba440;  1 drivers
v000002298b094290_0 .var "id_ex_branch_cur", 0 0;
v000002298b0948d0_0 .net "id_ex_branch_next", 0 0, L_000002298b0b7810;  1 drivers
v000002298b09a000_0 .var "id_ex_ebreak_cur", 0 0;
v000002298b099ec0_0 .net "id_ex_ebreak_next", 0 0, L_000002298b0b80d0;  1 drivers
v000002298b09a0a0_0 .var "id_ex_func3_cur", 2 0;
v000002298b09b4a0_0 .net "id_ex_func3_next", 2 0, L_000002298b0b0e10;  1 drivers
v000002298b09b400_0 .var "id_ex_func7_cur", 6 0;
v000002298b09bea0_0 .net "id_ex_func7_next", 6 0, L_000002298b0b1310;  1 drivers
v000002298b09b360_0 .var "id_ex_illegal_inst_cur", 0 0;
v000002298b09b720_0 .net "id_ex_illegal_inst_next", 0 0, L_000002298b0b7650;  1 drivers
v000002298b09a780_0 .var "id_ex_inst_cur", 31 0;
v000002298b09bfe0_0 .net "id_ex_inst_next", 31 0, L_000002298b0ba520;  1 drivers
v000002298b09bd60_0 .var "id_ex_jump_cur", 0 0;
v000002298b09bf40_0 .net "id_ex_jump_next", 0 0, L_000002298b0b7260;  1 drivers
v000002298b09ae60_0 .var "id_ex_lui_cur", 0 0;
v000002298b09a460_0 .net "id_ex_lui_next", 0 0, L_000002298b0ba280;  1 drivers
v000002298b09b7c0_0 .var "id_ex_mem_read_cur", 0 0;
v000002298b09bc20_0 .net "id_ex_mem_read_next", 0 0, L_000002298b0ba2f0;  1 drivers
v000002298b09a500_0 .var "id_ex_mem_to_reg_cur", 0 0;
v000002298b099f60_0 .net "id_ex_mem_to_reg_next", 0 0, L_000002298b0ba3d0;  1 drivers
v000002298b09a320_0 .var "id_ex_mem_write_cur", 0 0;
v000002298b09b040_0 .net "id_ex_mem_write_next", 0 0, L_000002298b0b9f70;  1 drivers
v000002298b09a3c0_0 .var "id_ex_offset_cur", 31 0;
v000002298b09c300_0 .net "id_ex_offset_next", 31 0, L_000002298b0b9f00;  1 drivers
v000002298b09a140_0 .var "id_ex_opcode_cur", 6 0;
v000002298b09a640_0 .net "id_ex_opcode_next", 6 0, L_000002298b0b31b0;  1 drivers
v000002298b09a5a0_0 .var "id_ex_pc_cur", 31 0;
v000002298b09c080_0 .net "id_ex_pc_next", 31 0, L_000002298b0b8ca0;  1 drivers
v000002298b09b540_0 .var "id_ex_pc_plus4_cur", 31 0;
v000002298b09aa00_0 .net "id_ex_pc_plus4_next", 31 0, L_000002298b0ba210;  1 drivers
v000002298b09c3a0_0 .var "id_ex_pc_src_cur", 0 0;
v000002298b09c120_0 .net "id_ex_pc_src_next", 0 0, L_000002298b0b9e90;  1 drivers
v000002298b09be00_0 .var "id_ex_rd_waddr_cur", 4 0;
v000002298b09c1c0_0 .net "id_ex_rd_waddr_next", 4 0, L_000002298b0ba050;  1 drivers
v000002298b09a6e0_0 .var "id_ex_reg_write_cur", 0 0;
v000002298b09b860_0 .net "id_ex_reg_write_next", 0 0, L_000002298b0ba4b0;  1 drivers
v000002298b09bcc0_0 .var "id_ex_rs1_raddr_cur", 4 0;
v000002298b09a820_0 .net "id_ex_rs1_raddr_next", 4 0, L_000002298b0ba130;  1 drivers
v000002298b09a8c0_0 .var "id_ex_rs1_rdata_cur", 31 0;
v000002298b09adc0_0 .net "id_ex_rs1_rdata_next", 31 0, L_000002298b0ba0c0;  1 drivers
v000002298b09aaa0_0 .var "id_ex_rs2_raddr_cur", 4 0;
v000002298b09af00_0 .net "id_ex_rs2_raddr_next", 4 0, L_000002298b0ba1a0;  1 drivers
v000002298b099c40_0 .var "id_ex_rs2_rdata_cur", 31 0;
v000002298b09a1e0_0 .net "id_ex_rs2_rdata_next", 31 0, L_000002298b0ba360;  1 drivers
v000002298b099ce0_0 .var "id_ex_valid_cur", 0 0;
v000002298b09ba40_0 .net "id_ex_valid_next", 0 0, L_000002298b0b8c30;  1 drivers
v000002298b09a280_0 .net "id_illegal_inst_cur", 0 0, L_000002298b0b9330;  1 drivers
v000002298b09b5e0_0 .net "id_jump_cur", 0 0, L_000002298b0b9250;  1 drivers
v000002298b09b680_0 .net "id_lui_cur", 0 0, L_000002298b0b9cd0;  1 drivers
v000002298b09b900_0 .net "id_mem_read_cur", 0 0, L_000002298b0b87d0;  1 drivers
v000002298b09ab40_0 .net "id_mem_to_reg_cur", 0 0, L_000002298b0b9bf0;  1 drivers
v000002298b09abe0_0 .net "id_mem_write_cur", 0 0, L_000002298b0b92c0;  1 drivers
v000002298b099d80_0 .net "id_offset_cur", 31 0, L_000002298b0b2990;  1 drivers
v000002298b099e20_0 .net "id_opcode_cur", 6 0, L_000002298b0b1450;  1 drivers
v000002298b09a960_0 .net "id_pc_src_cur", 0 0, L_000002298b0b9090;  1 drivers
v000002298b09ac80_0 .net "id_rd_waddr_cur", 4 0, L_000002298b0aeed0;  1 drivers
v000002298b09c260_0 .net "id_reg_write_cur", 0 0, L_000002298b0b84c0;  1 drivers
v000002298b09ad20_0 .net "id_rs1_raddr_cur", 4 0, L_000002298b0b9aa0;  1 drivers
v000002298b09afa0_0 .net "id_rs1_rdata_cur", 31 0, L_000002298b0b8ed0;  1 drivers
v000002298b09b0e0_0 .net "id_rs1_used_cur", 0 0, L_000002298b0b8530;  1 drivers
v000002298b09b220_0 .net "id_rs2_ex_used_cur", 0 0, L_000002298b0b9170;  1 drivers
v000002298b09b180_0 .net "id_rs2_raddr_cur", 4 0, L_000002298b0b8a70;  1 drivers
v000002298b09b2c0_0 .net "id_rs2_rdata_cur", 31 0, L_000002298b0b86f0;  1 drivers
v000002298b09b9a0_0 .net "id_rs2_used_cur", 0 0, L_000002298b0b99c0;  1 drivers
v000002298b09bae0_0 .var "if_id_inst_cur", 31 0;
v000002298b09bb80_0 .net "if_id_inst_next", 31 0, L_000002298af47eb0;  1 drivers
v000002298b09c800_0 .var "if_id_pc_cur", 31 0;
v000002298b09c760_0 .net "if_id_pc_next", 31 0, L_000002298af47c80;  1 drivers
v000002298b09c940_0 .var "if_id_pc_plus4_cur", 31 0;
v000002298b09c6c0_0 .net "if_id_pc_plus4_next", 31 0, L_000002298af47dd0;  1 drivers
v000002298b09c8a0_0 .var "if_id_valid_cur", 0 0;
L_000002298b0c00d0 .functor BUFT 1, C4<1>, C4<0>, C4<0>, C4<0>;
v000002298b09c9e0_0 .net "if_id_valid_next", 0 0, L_000002298b0c00d0;  1 drivers
v000002298b09ca80_0 .net "if_inst_cur", 31 0, L_000002298af47430;  1 drivers
v000002298b09cb20_0 .net "if_pc_cur", 31 0, L_000002298af47900;  1 drivers
v000002298b09c580_0 .net "if_pc_plus4_cur", 31 0, L_000002298b098ca0;  1 drivers
v000002298b09c440_0 .net "mem_dmem_addr_cur", 31 0, L_000002298b0b5190;  1 drivers
v000002298b09c4e0_0 .net "mem_dmem_mask_cur", 3 0, L_000002298b0bc1c0;  1 drivers
v000002298b09c620_0 .net "mem_dmem_ren_cur", 0 0, L_000002298b0bbf90;  1 drivers
v000002298b0958c0_0 .net "mem_dmem_wdata_cur", 31 0, L_000002298b0bacc0;  1 drivers
v000002298b095b40_0 .net "mem_dmem_wen_cur", 0 0, L_000002298b0ba940;  1 drivers
v000002298b095320_0 .net "mem_ex_match_rs1_cur", 0 0, L_000002298b0b6b60;  1 drivers
v000002298b096ea0_0 .net "mem_ex_match_rs2_cur", 0 0, L_000002298b0b6930;  1 drivers
v000002298b096fe0_0 .net "mem_load_data_cur", 31 0, L_000002298b0bc000;  1 drivers
v000002298b0965e0_0 .net "mem_misalign_trap_cur", 0 0, L_000002298b0bb660;  1 drivers
v000002298b096180_0 .net "mem_read_en_cur", 0 0, L_000002298b0bb900;  1 drivers
v000002298b0953c0_0 .net "mem_store_data_cur", 31 0, L_000002298b0b3e30;  1 drivers
v000002298b096220_0 .net "mem_store_data_fwd_cur", 0 0, L_000002298b0bb6d0;  1 drivers
v000002298b095960_0 .var "mem_wb_alu_result_cur", 31 0;
v000002298b095820_0 .net "mem_wb_alu_result_next", 31 0, L_000002298b0bb820;  1 drivers
v000002298b094f60_0 .var "mem_wb_dmem_addr_cur", 31 0;
v000002298b095aa0_0 .net "mem_wb_dmem_addr_next", 31 0, L_000002298b0babe0;  1 drivers
v000002298b094c40_0 .var "mem_wb_dmem_mask_cur", 3 0;
v000002298b094ec0_0 .net "mem_wb_dmem_mask_next", 3 0, L_000002298b0bae10;  1 drivers
v000002298b0969a0_0 .var "mem_wb_dmem_rdata_cur", 31 0;
v000002298b095fa0_0 .net "mem_wb_dmem_rdata_next", 31 0, L_000002298b0baf60;  1 drivers
v000002298b0962c0_0 .var "mem_wb_dmem_ren_cur", 0 0;
v000002298b094e20_0 .net "mem_wb_dmem_ren_next", 0 0, L_000002298b0bac50;  1 drivers
v000002298b096cc0_0 .var "mem_wb_dmem_wdata_cur", 31 0;
v000002298b0971c0_0 .net "mem_wb_dmem_wdata_next", 31 0, L_000002298b0baef0;  1 drivers
v000002298b095000_0 .var "mem_wb_dmem_wen_cur", 0 0;
v000002298b096f40_0 .net "mem_wb_dmem_wen_next", 0 0, L_000002298b0bad30;  1 drivers
v000002298b0951e0_0 .var "mem_wb_ebreak_cur", 0 0;
v000002298b096720_0 .net "mem_wb_ebreak_next", 0 0, L_000002298b0bbc10;  1 drivers
v000002298b096540_0 .net "mem_wb_forward_data_cur", 31 0, L_000002298b0b6850;  1 drivers
v000002298b0967c0_0 .var "mem_wb_illegal_inst_cur", 0 0;
v000002298b095500_0 .net "mem_wb_illegal_inst_next", 0 0, L_000002298b0bb2e0;  1 drivers
v000002298b096360_0 .var "mem_wb_inst_cur", 31 0;
v000002298b095c80_0 .net "mem_wb_inst_next", 31 0, L_000002298b0bb430;  1 drivers
v000002298b095a00_0 .var "mem_wb_jump_cur", 0 0;
v000002298b0973a0_0 .net "mem_wb_jump_next", 0 0, L_000002298b0bb510;  1 drivers
v000002298b095f00_0 .var "mem_wb_load_data_cur", 31 0;
v000002298b0950a0_0 .net "mem_wb_load_data_next", 31 0, L_000002298b0bab70;  1 drivers
v000002298b096e00_0 .var "mem_wb_lui_cur", 0 0;
v000002298b0964a0_0 .net "mem_wb_lui_next", 0 0, L_000002298b0bb890;  1 drivers
v000002298b095d20_0 .var "mem_wb_mem_to_reg_cur", 0 0;
v000002298b095460_0 .net "mem_wb_mem_to_reg_next", 0 0, L_000002298b0bb120;  1 drivers
v000002298b096680_0 .var "mem_wb_misalign_trap_cur", 0 0;
v000002298b096a40_0 .net "mem_wb_misalign_trap_next", 0 0, L_000002298b0bb580;  1 drivers
v000002298b097080_0 .var "mem_wb_next_pc_cur", 31 0;
v000002298b094ce0_0 .net "mem_wb_next_pc_next", 31 0, L_000002298b0bc0e0;  1 drivers
v000002298b095140_0 .var "mem_wb_offset_cur", 31 0;
v000002298b096400_0 .net "mem_wb_offset_next", 31 0, L_000002298b0bafd0;  1 drivers
v000002298b095280_0 .var "mem_wb_pc_cur", 31 0;
v000002298b0956e0_0 .var "mem_wb_pc_misalign_trap_cur", 0 0;
v000002298b096860_0 .net "mem_wb_pc_misalign_trap_next", 0 0, L_000002298b0bb350;  1 drivers
v000002298b096900_0 .net "mem_wb_pc_next", 31 0, L_000002298b0bc070;  1 drivers
v000002298b096ae0_0 .var "mem_wb_pc_plus4_cur", 31 0;
v000002298b096b80_0 .net "mem_wb_pc_plus4_next", 31 0, L_000002298b0bb7b0;  1 drivers
v000002298b096c20_0 .var "mem_wb_rd_waddr_cur", 4 0;
v000002298b0955a0_0 .net "mem_wb_rd_waddr_next", 4 0, L_000002298b0baa20;  1 drivers
v000002298b096d60_0 .var "mem_wb_reg_write_cur", 0 0;
v000002298b097120_0 .net "mem_wb_reg_write_next", 0 0, L_000002298b0bb190;  1 drivers
v000002298b096040_0 .var "mem_wb_rs1_raddr_cur", 4 0;
v000002298b095640_0 .net "mem_wb_rs1_raddr_next", 4 0, L_000002298b0bc150;  1 drivers
v000002298b094d80_0 .var "mem_wb_rs1_rdata_cur", 31 0;
v000002298b097260_0 .net "mem_wb_rs1_rdata_next", 31 0, L_000002298b0bada0;  1 drivers
v000002298b095780_0 .var "mem_wb_rs2_raddr_cur", 4 0;
v000002298b097300_0 .net "mem_wb_rs2_raddr_next", 4 0, L_000002298b0bbba0;  1 drivers
v000002298b095be0_0 .var "mem_wb_rs2_rdata_cur", 31 0;
v000002298b095e60_0 .net "mem_wb_rs2_rdata_next", 31 0, L_000002298b0bab00;  1 drivers
v000002298b095dc0_0 .var "mem_wb_valid_cur", 0 0;
v000002298b0960e0_0 .net "mem_wb_valid_next", 0 0, L_000002298b0baa90;  1 drivers
v000002298b097940_0 .net "mem_write_en_cur", 0 0, L_000002298b0bbe40;  1 drivers
v000002298b097bc0_0 .net "o_dmem_addr", 31 0, L_000002298b0bbf20;  alias, 1 drivers
v000002298b097b20_0 .net "o_dmem_mask", 3 0, L_000002298b0bb0b0;  alias, 1 drivers
v000002298b0985c0_0 .net "o_dmem_ren", 0 0, L_000002298b0bbb30;  alias, 1 drivers
v000002298b0996a0_0 .net "o_dmem_wdata", 31 0, L_000002298b0bb040;  alias, 1 drivers
v000002298b098de0_0 .net "o_dmem_wen", 0 0, L_000002298b0ba710;  alias, 1 drivers
v000002298b097760_0 .net "o_imem_raddr", 31 0, L_000002298af47c10;  alias, 1 drivers
v000002298b097e40_0 .net "o_retire_dmem_addr", 31 0, L_000002298b0bca80;  1 drivers
v000002298b097c60_0 .net "o_retire_dmem_mask", 3 0, L_000002298b0bc4d0;  1 drivers
v000002298b097d00_0 .net "o_retire_dmem_rdata", 31 0, L_000002298b0bdc70;  1 drivers
v000002298b0979e0_0 .net "o_retire_dmem_ren", 0 0, L_000002298b0bc380;  1 drivers
v000002298b098d40_0 .net "o_retire_dmem_wdata", 31 0, L_000002298b0bd2d0;  1 drivers
v000002298b0997e0_0 .net "o_retire_dmem_wen", 0 0, L_000002298b0bc460;  1 drivers
v000002298b099380_0 .net "o_retire_halt", 0 0, L_000002298b0bca10;  alias, 1 drivers
v000002298b099920_0 .net "o_retire_inst", 31 0, L_000002298b0bc230;  alias, 1 drivers
v000002298b0974e0_0 .net "o_retire_next_pc", 31 0, L_000002298b0bdce0;  alias, 1 drivers
v000002298b097580_0 .net "o_retire_pc", 31 0, L_000002298b0bd650;  alias, 1 drivers
v000002298b0978a0_0 .net "o_retire_rd_waddr", 4 0, L_000002298b0b3cf0;  alias, 1 drivers
v000002298b098fc0_0 .net "o_retire_rd_wdata", 31 0, L_000002298b0bcaf0;  alias, 1 drivers
v000002298b097da0_0 .net "o_retire_rs1_raddr", 4 0, L_000002298b0bc3f0;  alias, 1 drivers
v000002298b098ac0_0 .net "o_retire_rs1_rdata", 31 0, L_000002298b0bda40;  alias, 1 drivers
v000002298b097ee0_0 .net "o_retire_rs2_raddr", 4 0, L_000002298b0bccb0;  alias, 1 drivers
v000002298b098a20_0 .net "o_retire_rs2_rdata", 31 0, L_000002298b0bd500;  alias, 1 drivers
v000002298b0992e0_0 .net "o_retire_trap", 0 0, L_000002298b0bd0a0;  alias, 1 drivers
v000002298b097620_0 .net "o_retire_valid", 0 0, L_000002298b0bce70;  alias, 1 drivers
v000002298b097800_0 .var "pc_cur", 31 0;
v000002298b098f20_0 .net "pc_next", 31 0, L_000002298b099100;  1 drivers
v000002298b0991a0_0 .net "retire_halt_cur", 0 0, L_000002298b0bd730;  1 drivers
v000002298b099880_0 .net "wb_trap_cur", 0 0, L_000002298b0bd6c0;  1 drivers
v000002298b0980c0_0 .net "wb_write_data_cur", 31 0, L_000002298b0b4ab0;  1 drivers
v000002298b098520_0 .net "wb_write_enable_cur", 0 0, L_000002298b0bddc0;  1 drivers
L_000002298b098ca0 .arith/sum 32, v000002298b097800_0, L_000002298b0c0088;
L_000002298b099100 .functor MUXZ 32, L_000002298b098ca0, L_000002298b0b4fb0, L_000002298b0b6ee0, C4<>;
L_000002298b0b1450 .part v000002298b09bae0_0, 0, 7;
L_000002298b0b1090 .cmp/eq 7, L_000002298b0b1450, L_000002298b0c0af0;
L_000002298b0b28f0 .cmp/eq 7, L_000002298b0b1450, L_000002298b0c0b38;
L_000002298b0b2cb0 .cmp/eq 7, L_000002298b0b1450, L_000002298b0c0b80;
L_000002298b0b2670 .cmp/eq 7, L_000002298b0b1450, L_000002298b0c0bc8;
L_000002298b0b2530 .cmp/eq 7, L_000002298b0b1450, L_000002298b0c0c10;
L_000002298b0b2a30 .cmp/eq 7, L_000002298b0b1450, L_000002298b0c0c58;
L_000002298b0b2850 .cmp/eq 7, L_000002298b0b1450, L_000002298b0c0ca0;
L_000002298b0b3070 .cmp/eq 7, L_000002298b0b1450, L_000002298b0c0ce8;
L_000002298b0b3250 .cmp/eq 7, L_000002298b0b1450, L_000002298b0c0d30;
L_000002298b0b3430 .cmp/eq 7, L_000002298b0b1450, L_000002298b0c0d78;
L_000002298b0b1130 .cmp/eq 7, L_000002298b0b1450, L_000002298b0c0dc0;
L_000002298b0b32f0 .cmp/ne 5, v000002298b09be00_0, L_000002298b0c0e08;
L_000002298b0b1bd0 .cmp/eq 5, L_000002298b0b9aa0, v000002298b09be00_0;
L_000002298b0b1e50 .cmp/eq 5, L_000002298b0b8a70, v000002298b09be00_0;
L_000002298b0b31b0 .part v000002298b09bae0_0, 0, 7;
L_000002298b0b0e10 .part v000002298b09bae0_0, 12, 3;
L_000002298b0b1310 .part v000002298b09bae0_0, 25, 7;
L_000002298b0b1590 .functor MUXZ 32, v000002298b0925d0_0, v000002298b093070_0, v000002298b090ff0_0, C4<>;
L_000002298b0b1630 .functor MUXZ 32, L_000002298b0b1590, v000002298b092670_0, v000002298b0914f0_0, C4<>;
L_000002298b0b1c70 .cmp/ne 5, v000002298b092cb0_0, L_000002298b0c0ee0;
L_000002298b0b16d0 .cmp/eq 5, v000002298b092cb0_0, v000002298b09bcc0_0;
L_000002298b0b3390 .cmp/ne 5, v000002298b092cb0_0, L_000002298b0c0f28;
L_000002298b0b3570 .cmp/eq 5, v000002298b092cb0_0, v000002298b09aaa0_0;
L_000002298b0b3110 .cmp/ne 5, v000002298b096c20_0, L_000002298b0c0f70;
L_000002298b0b2ad0 .cmp/eq 5, v000002298b096c20_0, v000002298b09bcc0_0;
L_000002298b0b2c10 .cmp/ne 5, v000002298b096c20_0, L_000002298b0c0fb8;
L_000002298b0b11d0 .cmp/eq 5, v000002298b096c20_0, v000002298b09aaa0_0;
L_000002298b0b0eb0 .functor MUXZ 2, L_000002298b0c1090, L_000002298b0c1048, L_000002298b0b6b60, C4<>;
L_000002298b0b1b30 .functor MUXZ 2, L_000002298b0b0eb0, L_000002298b0c1000, L_000002298b0b6af0, C4<>;
L_000002298b0b1270 .functor MUXZ 2, L_000002298b0c1168, L_000002298b0c1120, L_000002298b0b6930, C4<>;
L_000002298b0b2b70 .functor MUXZ 2, L_000002298b0b1270, L_000002298b0c10d8, L_000002298b0b79d0, C4<>;
L_000002298b0b13b0 .functor MUXZ 2, L_000002298b0b1b30, L_000002298b0c11b0, v000002298b094970_0, C4<>;
L_000002298b0b1770 .functor MUXZ 2, L_000002298b0b2b70, L_000002298b0c11f8, v000002298b093430_0, C4<>;
L_000002298b0b2d50 .cmp/eq 2, L_000002298b0b1b30, L_000002298b0c1240;
L_000002298b0b1810 .cmp/eq 2, L_000002298b0b1b30, L_000002298b0c1288;
L_000002298b0b22b0 .functor MUXZ 32, v000002298b09a8c0_0, L_000002298b0b6850, L_000002298b0b1810, C4<>;
L_000002298b0b18b0 .functor MUXZ 32, L_000002298b0b22b0, L_000002298b0b1630, L_000002298b0b2d50, C4<>;
L_000002298b0b1950 .cmp/eq 2, L_000002298b0b2b70, L_000002298b0c12d0;
L_000002298b0b34d0 .cmp/eq 2, L_000002298b0b2b70, L_000002298b0c1318;
L_000002298b0b19f0 .functor MUXZ 32, v000002298b099c40_0, L_000002298b0b6850, L_000002298b0b34d0, C4<>;
L_000002298b0b1a90 .functor MUXZ 32, L_000002298b0b19f0, L_000002298b0b1630, L_000002298b0b1950, C4<>;
L_000002298b0b1d10 .cmp/eq 2, L_000002298b0b13b0, L_000002298b0c1360;
L_000002298b0b1db0 .functor MUXZ 32, L_000002298b0b18b0, v000002298b09a5a0_0, L_000002298b0b1d10, C4<>;
L_000002298b0b2df0 .cmp/eq 2, L_000002298b0b1770, L_000002298b0c13a8;
L_000002298b0b2e90 .functor MUXZ 32, L_000002298b0b1a90, v000002298b09a3c0_0, L_000002298b0b2df0, C4<>;
L_000002298b0b2350 .arith/sum 32, v000002298b09a5a0_0, v000002298b09a3c0_0;
L_000002298b0b23f0 .arith/sum 32, L_000002298b0b1db0, v000002298b09a3c0_0;
L_000002298b0b2490 .arith/sum 32, v000002298b09a5a0_0, v000002298b09a3c0_0;
L_000002298b0b5370 .functor MUXZ 32, L_000002298b0b2490, L_000002298b0b23f0, v000002298b09c3a0_0, C4<>;
L_000002298b0b55f0 .part L_000002298b0b5370, 1, 31;
L_000002298b0b3890 .concat [ 1 31 0 0], L_000002298b0c13f0, L_000002298b0b55f0;
L_000002298b0b4790 .functor MUXZ 32, L_000002298b0b5370, L_000002298b0b3890, v000002298b09c3a0_0, C4<>;
L_000002298b0b4fb0 .functor MUXZ 32, L_000002298b0b2350, L_000002298b0b4790, v000002298b09bd60_0, C4<>;
L_000002298b0b3a70 .cmp/eq 3, v000002298b09a0a0_0, L_000002298b0c1438;
L_000002298b0b4dd0 .cmp/eq 3, v000002298b09a0a0_0, L_000002298b0c1480;
L_000002298b0b43d0 .cmp/eq 3, v000002298b09a0a0_0, L_000002298b0c14c8;
L_000002298b0b59b0 .cmp/eq 3, v000002298b09a0a0_0, L_000002298b0c1510;
L_000002298b0b4d30 .cmp/eq 3, v000002298b09a0a0_0, L_000002298b0c1558;
L_000002298b0b5c30 .cmp/eq 3, v000002298b09a0a0_0, L_000002298b0c15a0;
L_000002298b0b3bb0 .functor MUXZ 1, L_000002298b0c15e8, L_000002298b0b6c40, L_000002298b0b5c30, C4<>;
L_000002298b0b5cd0 .functor MUXZ 1, L_000002298b0b3bb0, L_000002298b0b6a10, L_000002298b0b4d30, C4<>;
L_000002298b0b5d70 .functor MUXZ 1, L_000002298b0b5cd0, L_000002298b0b7a40, L_000002298b0b59b0, C4<>;
L_000002298b0b3610 .functor MUXZ 1, L_000002298b0b5d70, L_000002298b0b6a10, L_000002298b0b43d0, C4<>;
L_000002298b0b4970 .functor MUXZ 1, L_000002298b0b3610, L_000002298b0b6bd0, L_000002298b0b4dd0, C4<>;
L_000002298b0b5550 .functor MUXZ 1, L_000002298b0b4970, L_000002298b0b2210, L_000002298b0b3a70, C4<>;
L_000002298b0b36b0 .part L_000002298b0b4fb0, 0, 2;
L_000002298b0b5730 .reduce/or L_000002298b0b36b0;
L_000002298b0b4e70 .functor MUXZ 32, v000002298b09b540_0, L_000002298b0b4fb0, L_000002298b0b6ee0, C4<>;
L_000002298b0b4330 .cmp/ne 5, v000002298b096c20_0, L_000002298b0c1630;
L_000002298b0b4f10 .cmp/eq 5, v000002298b096c20_0, v000002298b092850_0;
L_000002298b0b3e30 .functor MUXZ 32, v000002298b0934d0_0, v000002298b095f00_0, L_000002298b0bb6d0, C4<>;
L_000002298b0b3cf0 .functor MUXZ 5, L_000002298b0c18b8, v000002298b096c20_0, L_000002298b0bddc0, C4<>;
S_000002298ab7d530 .scope module, "u_decode" "decode" 3 427, 4 1 0, S_000002298b013d90;
 .timescale -9 -12;
    .port_info 0 /INPUT 1 "i_clk";
    .port_info 1 /INPUT 1 "i_rst";
    .port_info 2 /INPUT 32 "Inst";
    .port_info 3 /INPUT 32 "WriteData";
    .port_info 4 /INPUT 5 "WriteAddr";
    .port_info 5 /INPUT 1 "WriteEn";
    .port_info 6 /OUTPUT 1 "lui";
    .port_info 7 /OUTPUT 1 "PcSrc";
    .port_info 8 /OUTPUT 3 "AluOp";
    .port_info 9 /OUTPUT 1 "MemWrite";
    .port_info 10 /OUTPUT 1 "MemRead";
    .port_info 11 /OUTPUT 1 "MemToReg";
    .port_info 12 /OUTPUT 1 "AluSrc1";
    .port_info 13 /OUTPUT 1 "AluSrc2";
    .port_info 14 /OUTPUT 1 "RegWrite";
    .port_info 15 /OUTPUT 1 "Jump";
    .port_info 16 /OUTPUT 1 "Branch";
    .port_info 17 /OUTPUT 32 "Offset";
    .port_info 18 /OUTPUT 5 "o_retire_rs1_raddr";
    .port_info 19 /OUTPUT 5 "o_retire_rs2_raddr";
    .port_info 20 /OUTPUT 5 "o_retire_rd_waddr";
    .port_info 21 /OUTPUT 32 "o_retire_rs1_rdata";
    .port_info 22 /OUTPUT 32 "o_retire_rs2_rdata";
    .port_info 23 /OUTPUT 1 "IllegalInst";
    .port_info 24 /OUTPUT 1 "EBreak";
P_000002298afd6800 .param/l "BYPASS_EN" 0 4 2, +C4<00000000000000000000000000000001>;
L_000002298ab54990 .functor OR 1, L_000002298b0af470, L_000002298b0b0cd0, C4<0>, C4<0>;
L_000002298af4a920 .functor OR 1, L_000002298ab54990, L_000002298b0b0b90, C4<0>, C4<0>;
L_000002298b0b9a30 .functor OR 1, L_000002298b0afd30, L_000002298b0ae6b0, C4<0>, C4<0>;
L_000002298b0b91e0 .functor BUFZ 1, L_000002298b0b0730, C4<0>, C4<0>, C4<0>;
L_000002298b0b8450 .functor OR 1, L_000002298b0aecf0, L_000002298b0af470, C4<0>, C4<0>;
L_000002298b0b8d80 .functor OR 1, L_000002298b0b8450, L_000002298b0b0cd0, C4<0>, C4<0>;
L_000002298b0b93a0 .functor OR 1, L_000002298b0b8d80, L_000002298b0ae610, C4<0>, C4<0>;
L_000002298b0b96b0 .functor OR 1, L_000002298b0b93a0, L_000002298b0af970, C4<0>, C4<0>;
L_000002298b0b9c60 .functor OR 1, L_000002298b0b96b0, L_000002298b0afd30, C4<0>, C4<0>;
L_000002298b0b98e0 .functor OR 1, L_000002298b0b9c60, L_000002298b0ae6b0, C4<0>, C4<0>;
L_000002298b0b8760 .functor OR 1, L_000002298b0b98e0, L_000002298b0aea70, C4<0>, C4<0>;
L_000002298b0b8610 .functor OR 1, L_000002298b0b8760, L_000002298b0b0b90, C4<0>, C4<0>;
L_000002298b0b9870 .functor OR 1, L_000002298b0b8610, L_000002298b0b0730, C4<0>, C4<0>;
L_000002298b0b9330 .functor NOT 1, L_000002298b0b9870, C4<0>, C4<0>, C4<0>;
L_000002298b0b9cd0 .functor BUFZ 1, L_000002298b0afd30, C4<0>, C4<0>, C4<0>;
L_000002298b0b9090 .functor BUFZ 1, L_000002298b0b0b90, C4<0>, C4<0>, C4<0>;
L_000002298b0b92c0 .functor BUFZ 1, L_000002298b0ae610, C4<0>, C4<0>, C4<0>;
L_000002298b0b87d0 .functor BUFZ 1, L_000002298b0b0cd0, C4<0>, C4<0>, C4<0>;
L_000002298b0b9bf0 .functor BUFZ 1, L_000002298b0b0cd0, C4<0>, C4<0>, C4<0>;
L_000002298b0b8220 .functor BUFZ 1, L_000002298b0ae6b0, C4<0>, C4<0>, C4<0>;
L_000002298b0b9410 .functor OR 1, L_000002298b0af470, L_000002298b0b0cd0, C4<0>, C4<0>;
L_000002298b0b9480 .functor OR 1, L_000002298b0b9410, L_000002298b0ae610, C4<0>, C4<0>;
L_000002298b0b9800 .functor OR 1, L_000002298b0b9480, L_000002298b0ae6b0, C4<0>, C4<0>;
L_000002298b0b9d40 .functor OR 1, L_000002298b0b9800, L_000002298b0b0b90, C4<0>, C4<0>;
L_000002298b0b8290 .functor OR 1, L_000002298b0aecf0, L_000002298b0af470, C4<0>, C4<0>;
L_000002298b0b9b80 .functor OR 1, L_000002298b0b8290, L_000002298b0b0cd0, C4<0>, C4<0>;
L_000002298b0b94f0 .functor OR 1, L_000002298b0b9b80, L_000002298b0afd30, C4<0>, C4<0>;
L_000002298b0b8990 .functor OR 1, L_000002298b0b94f0, L_000002298b0ae6b0, C4<0>, C4<0>;
L_000002298b0b9560 .functor OR 1, L_000002298b0b8990, L_000002298b0aea70, C4<0>, C4<0>;
L_000002298b0b84c0 .functor OR 1, L_000002298b0b9560, L_000002298b0b0b90, C4<0>, C4<0>;
L_000002298b0b9250 .functor OR 1, L_000002298b0aea70, L_000002298b0b0b90, C4<0>, C4<0>;
L_000002298b0b8bc0 .functor BUFZ 1, L_000002298b0af970, C4<0>, C4<0>, C4<0>;
L_000002298b0b9aa0 .functor BUFZ 5, L_000002298b0b00f0, C4<00000>, C4<00000>, C4<00000>;
L_000002298b0b8ed0 .functor BUFZ 32, L_000002298b0aebb0, C4<00000000000000000000000000000000>, C4<00000000000000000000000000000000>, C4<00000000000000000000000000000000>;
L_000002298b0b8a70 .functor BUFZ 5, L_000002298b0aeb10, C4<00000>, C4<00000>, C4<00000>;
L_000002298b0b86f0 .functor BUFZ 32, L_000002298b0b0c30, C4<00000000000000000000000000000000>, C4<00000000000000000000000000000000>, C4<00000000000000000000000000000000>;
L_000002298b0b9100 .functor NOT 1, L_000002298b0b9330, C4<0>, C4<0>, C4<0>;
L_000002298b0b8300 .functor AND 1, L_000002298b0b84c0, L_000002298b0b9100, C4<1>, C4<1>;
L_000002298b0b8370 .functor NOT 1, L_000002298b0b91e0, C4<0>, C4<0>, C4<0>;
L_000002298b0b8df0 .functor AND 1, L_000002298b0b8300, L_000002298b0b8370, C4<1>, C4<1>;
v000002298b082470_0 .net "AluOp", 2 0, L_000002298b0afe70;  alias, 1 drivers
v000002298b082bf0_0 .net "AluSrc1", 0 0, L_000002298b0b8220;  alias, 1 drivers
v000002298b083d70_0 .net "AluSrc2", 0 0, L_000002298b0b9d40;  alias, 1 drivers
v000002298b083550_0 .net "Branch", 0 0, L_000002298b0b8bc0;  alias, 1 drivers
v000002298b0835f0_0 .net "EBreak", 0 0, L_000002298b0b91e0;  alias, 1 drivers
v000002298b0826f0_0 .net "IllegalInst", 0 0, L_000002298b0b9330;  alias, 1 drivers
v000002298b083a50_0 .net "Inst", 31 0, v000002298b09bae0_0;  1 drivers
v000002298b083b90_0 .net "Jump", 0 0, L_000002298b0b9250;  alias, 1 drivers
v000002298b084130_0 .net "MemRead", 0 0, L_000002298b0b87d0;  alias, 1 drivers
v000002298b082ab0_0 .net "MemToReg", 0 0, L_000002298b0b9bf0;  alias, 1 drivers
v000002298b082c90_0 .net "MemWrite", 0 0, L_000002298b0b92c0;  alias, 1 drivers
v000002298b083af0_0 .net "Offset", 31 0, L_000002298b0b2990;  alias, 1 drivers
v000002298b082fb0_0 .net "PcSrc", 0 0, L_000002298b0b9090;  alias, 1 drivers
v000002298b083e10_0 .net "RegWrite", 0 0, L_000002298b0b84c0;  alias, 1 drivers
v000002298b083eb0_0 .net "WriteAddr", 4 0, v000002298b096c20_0;  1 drivers
v000002298b084090_0 .net "WriteData", 31 0, L_000002298b0b4ab0;  alias, 1 drivers
v000002298b0841d0_0 .net "WriteEn", 0 0, L_000002298b0bddc0;  alias, 1 drivers
v000002298b082d30_0 .net *"_ivl_116", 0 0, L_000002298b0b9410;  1 drivers
v000002298b084270_0 .net *"_ivl_118", 0 0, L_000002298b0b9480;  1 drivers
L_000002298b0c0160 .functor BUFT 1, C4<0010011>, C4<0>, C4<0>, C4<0>;
v000002298b083050_0 .net/2u *"_ivl_12", 6 0, L_000002298b0c0160;  1 drivers
v000002298b082dd0_0 .net *"_ivl_120", 0 0, L_000002298b0b9800;  1 drivers
v000002298b082510_0 .net *"_ivl_124", 0 0, L_000002298b0b8290;  1 drivers
v000002298b0830f0_0 .net *"_ivl_126", 0 0, L_000002298b0b9b80;  1 drivers
v000002298b082830_0 .net *"_ivl_128", 0 0, L_000002298b0b94f0;  1 drivers
v000002298b082a10_0 .net *"_ivl_130", 0 0, L_000002298b0b8990;  1 drivers
v000002298b083230_0 .net *"_ivl_132", 0 0, L_000002298b0b9560;  1 drivers
v000002298b0832d0_0 .net *"_ivl_148", 0 0, L_000002298b0b9100;  1 drivers
v000002298b083370_0 .net *"_ivl_150", 0 0, L_000002298b0b8300;  1 drivers
v000002298b083690_0 .net *"_ivl_152", 0 0, L_000002298b0b8370;  1 drivers
v000002298b083410_0 .net *"_ivl_154", 0 0, L_000002298b0b8df0;  1 drivers
L_000002298b0c0940 .functor BUFT 1, C4<00000>, C4<0>, C4<0>, C4<0>;
v000002298b0834b0_0 .net/2u *"_ivl_156", 4 0, L_000002298b0c0940;  1 drivers
L_000002298b0c01a8 .functor BUFT 1, C4<0000011>, C4<0>, C4<0>, C4<0>;
v000002298b084530_0 .net/2u *"_ivl_16", 6 0, L_000002298b0c01a8;  1 drivers
L_000002298b0c01f0 .functor BUFT 1, C4<0100011>, C4<0>, C4<0>, C4<0>;
v000002298b084670_0 .net/2u *"_ivl_20", 6 0, L_000002298b0c01f0;  1 drivers
L_000002298b0c0238 .functor BUFT 1, C4<1100011>, C4<0>, C4<0>, C4<0>;
v000002298b086010_0 .net/2u *"_ivl_24", 6 0, L_000002298b0c0238;  1 drivers
L_000002298b0c0280 .functor BUFT 1, C4<0110111>, C4<0>, C4<0>, C4<0>;
v000002298b085390_0 .net/2u *"_ivl_28", 6 0, L_000002298b0c0280;  1 drivers
L_000002298b0c02c8 .functor BUFT 1, C4<0010111>, C4<0>, C4<0>, C4<0>;
v000002298b086970_0 .net/2u *"_ivl_32", 6 0, L_000002298b0c02c8;  1 drivers
L_000002298b0c0310 .functor BUFT 1, C4<1101111>, C4<0>, C4<0>, C4<0>;
v000002298b084710_0 .net/2u *"_ivl_36", 6 0, L_000002298b0c0310;  1 drivers
L_000002298b0c0358 .functor BUFT 1, C4<1100111>, C4<0>, C4<0>, C4<0>;
v000002298b0845d0_0 .net/2u *"_ivl_40", 6 0, L_000002298b0c0358;  1 drivers
L_000002298b0c03a0 .functor BUFT 1, C4<00000000000100000000000001110011>, C4<0>, C4<0>, C4<0>;
v000002298b0843f0_0 .net/2u *"_ivl_44", 31 0, L_000002298b0c03a0;  1 drivers
L_000002298b0c03e8 .functor BUFT 1, C4<000001>, C4<0>, C4<0>, C4<0>;
v000002298b085cf0_0 .net/2u *"_ivl_48", 5 0, L_000002298b0c03e8;  1 drivers
v000002298b086150_0 .net *"_ivl_50", 0 0, L_000002298ab54990;  1 drivers
v000002298b085bb0_0 .net *"_ivl_52", 0 0, L_000002298af4a920;  1 drivers
L_000002298b0c0430 .functor BUFT 1, C4<000010>, C4<0>, C4<0>, C4<0>;
v000002298b085570_0 .net/2u *"_ivl_54", 5 0, L_000002298b0c0430;  1 drivers
L_000002298b0c0478 .functor BUFT 1, C4<000100>, C4<0>, C4<0>, C4<0>;
v000002298b085f70_0 .net/2u *"_ivl_56", 5 0, L_000002298b0c0478;  1 drivers
L_000002298b0c04c0 .functor BUFT 1, C4<001000>, C4<0>, C4<0>, C4<0>;
v000002298b086470_0 .net/2u *"_ivl_58", 5 0, L_000002298b0c04c0;  1 drivers
v000002298b086a10_0 .net *"_ivl_60", 0 0, L_000002298b0b9a30;  1 drivers
L_000002298b0c0508 .functor BUFT 1, C4<010000>, C4<0>, C4<0>, C4<0>;
v000002298b0847b0_0 .net/2u *"_ivl_62", 5 0, L_000002298b0c0508;  1 drivers
L_000002298b0c0550 .functor BUFT 1, C4<100000>, C4<0>, C4<0>, C4<0>;
v000002298b084c10_0 .net/2u *"_ivl_64", 5 0, L_000002298b0c0550;  1 drivers
L_000002298b0c0598 .functor BUFT 1, C4<000000>, C4<0>, C4<0>, C4<0>;
v000002298b085ed0_0 .net/2u *"_ivl_66", 5 0, L_000002298b0c0598;  1 drivers
v000002298b0863d0_0 .net *"_ivl_68", 5 0, L_000002298b0b0d70;  1 drivers
v000002298b0866f0_0 .net *"_ivl_70", 5 0, L_000002298b0af790;  1 drivers
v000002298b085a70_0 .net *"_ivl_72", 5 0, L_000002298b0afab0;  1 drivers
v000002298b085430_0 .net *"_ivl_74", 5 0, L_000002298b0ae890;  1 drivers
v000002298b085110_0 .net *"_ivl_76", 5 0, L_000002298b0af0b0;  1 drivers
L_000002298b0c0118 .functor BUFT 1, C4<0110011>, C4<0>, C4<0>, C4<0>;
v000002298b085890_0 .net/2u *"_ivl_8", 6 0, L_000002298b0c0118;  1 drivers
v000002298b084850_0 .net *"_ivl_82", 0 0, L_000002298b0b8450;  1 drivers
v000002298b0851b0_0 .net *"_ivl_84", 0 0, L_000002298b0b8d80;  1 drivers
v000002298b085c50_0 .net *"_ivl_86", 0 0, L_000002298b0b93a0;  1 drivers
v000002298b085b10_0 .net *"_ivl_88", 0 0, L_000002298b0b96b0;  1 drivers
v000002298b085d90_0 .net *"_ivl_90", 0 0, L_000002298b0b9c60;  1 drivers
v000002298b0868d0_0 .net *"_ivl_92", 0 0, L_000002298b0b98e0;  1 drivers
v000002298b0854d0_0 .net *"_ivl_94", 0 0, L_000002298b0b8760;  1 drivers
v000002298b086330_0 .net *"_ivl_96", 0 0, L_000002298b0b8610;  1 drivers
v000002298b085930_0 .net *"_ivl_98", 0 0, L_000002298b0b9870;  1 drivers
v000002298b085e30_0 .net "i_clk", 0 0, v000002298b098660_0;  alias, 1 drivers
v000002298b085610_0 .net "i_format", 5 0, L_000002298b0af1f0;  1 drivers
v000002298b0848f0_0 .net "i_rst", 0 0, v000002298b097440_0;  alias, 1 drivers
v000002298b084990_0 .net "is_auipc", 0 0, L_000002298b0ae6b0;  1 drivers
v000002298b084a30_0 .net "is_branch", 0 0, L_000002298b0af970;  1 drivers
v000002298b0860b0_0 .net "is_ebreak", 0 0, L_000002298b0b0730;  1 drivers
v000002298b084ad0_0 .net "is_itype_alu", 0 0, L_000002298b0af470;  1 drivers
v000002298b086ab0_0 .net "is_jal", 0 0, L_000002298b0aea70;  1 drivers
v000002298b0861f0_0 .net "is_jalr", 0 0, L_000002298b0b0b90;  1 drivers
v000002298b086290_0 .net "is_load", 0 0, L_000002298b0b0cd0;  1 drivers
v000002298b084f30_0 .net "is_lui", 0 0, L_000002298b0afd30;  1 drivers
v000002298b086b50_0 .net "is_rtype", 0 0, L_000002298b0aecf0;  1 drivers
v000002298b086830_0 .net "is_store", 0 0, L_000002298b0ae610;  1 drivers
v000002298b086510_0 .net "lui", 0 0, L_000002298b0b9cd0;  alias, 1 drivers
v000002298b086650_0 .net "o_retire_rd_waddr", 4 0, L_000002298b0aeed0;  alias, 1 drivers
v000002298b084b70_0 .net "o_retire_rs1_raddr", 4 0, L_000002298b0b9aa0;  alias, 1 drivers
v000002298b0865b0_0 .net "o_retire_rs1_rdata", 31 0, L_000002298b0b8ed0;  alias, 1 drivers
v000002298b084cb0_0 .net "o_retire_rs2_raddr", 4 0, L_000002298b0b8a70;  alias, 1 drivers
v000002298b084d50_0 .net "o_retire_rs2_rdata", 31 0, L_000002298b0b86f0;  alias, 1 drivers
v000002298b084df0_0 .net "opcode", 6 0, L_000002298b099240;  1 drivers
v000002298b084e90_0 .net "rd_waddr_raw", 4 0, L_000002298b0b0370;  1 drivers
v000002298b084490_0 .net "rs1_raddr_raw", 4 0, L_000002298b0b00f0;  1 drivers
v000002298b084fd0_0 .net "rs1_rdata_raw", 31 0, L_000002298b0aebb0;  1 drivers
v000002298b085070_0 .net "rs2_raddr_raw", 4 0, L_000002298b0aeb10;  1 drivers
v000002298b086790_0 .net "rs2_rdata_raw", 31 0, L_000002298b0b0c30;  1 drivers
L_000002298b099240 .part v000002298b09bae0_0, 0, 7;
L_000002298b0b0370 .part v000002298b09bae0_0, 7, 5;
L_000002298b0b00f0 .part v000002298b09bae0_0, 15, 5;
L_000002298b0aeb10 .part v000002298b09bae0_0, 20, 5;
L_000002298b0aecf0 .cmp/eq 7, L_000002298b099240, L_000002298b0c0118;
L_000002298b0af470 .cmp/eq 7, L_000002298b099240, L_000002298b0c0160;
L_000002298b0b0cd0 .cmp/eq 7, L_000002298b099240, L_000002298b0c01a8;
L_000002298b0ae610 .cmp/eq 7, L_000002298b099240, L_000002298b0c01f0;
L_000002298b0af970 .cmp/eq 7, L_000002298b099240, L_000002298b0c0238;
L_000002298b0afd30 .cmp/eq 7, L_000002298b099240, L_000002298b0c0280;
L_000002298b0ae6b0 .cmp/eq 7, L_000002298b099240, L_000002298b0c02c8;
L_000002298b0aea70 .cmp/eq 7, L_000002298b099240, L_000002298b0c0310;
L_000002298b0b0b90 .cmp/eq 7, L_000002298b099240, L_000002298b0c0358;
L_000002298b0b0730 .cmp/eq 32, v000002298b09bae0_0, L_000002298b0c03a0;
L_000002298b0b0d70 .functor MUXZ 6, L_000002298b0c0598, L_000002298b0c0550, L_000002298b0aea70, C4<>;
L_000002298b0af790 .functor MUXZ 6, L_000002298b0b0d70, L_000002298b0c0508, L_000002298b0b9a30, C4<>;
L_000002298b0afab0 .functor MUXZ 6, L_000002298b0af790, L_000002298b0c04c0, L_000002298b0af970, C4<>;
L_000002298b0ae890 .functor MUXZ 6, L_000002298b0afab0, L_000002298b0c0478, L_000002298b0ae610, C4<>;
L_000002298b0af0b0 .functor MUXZ 6, L_000002298b0ae890, L_000002298b0c0430, L_000002298af4a920, C4<>;
L_000002298b0af1f0 .functor MUXZ 6, L_000002298b0af0b0, L_000002298b0c03e8, L_000002298b0aecf0, C4<>;
L_000002298b0afe70 .part L_000002298b099240, 4, 3;
L_000002298b0aeed0 .functor MUXZ 5, L_000002298b0c0940, L_000002298b0b0370, L_000002298b0b8df0, C4<>;
S_000002298af0e140 .scope module, "imm_gen" "imm" 4 107, 5 6 0, S_000002298ab7d530;
 .timescale -9 -12;
    .port_info 0 /INPUT 32 "i_inst";
    .port_info 1 /INPUT 6 "i_format";
    .port_info 2 /OUTPUT 32 "o_immediate";
v000002298afd36b0_0 .net *"_ivl_11", 0 0, L_000002298b0b04b0;  1 drivers
v000002298afd3750_0 .net *"_ivl_12", 20 0, L_000002298b0b05f0;  1 drivers
v000002298afd40b0_0 .net *"_ivl_15", 5 0, L_000002298b0afc90;  1 drivers
v000002298afd4150_0 .net *"_ivl_17", 4 0, L_000002298b0af650;  1 drivers
v000002298afd39d0_0 .net *"_ivl_21", 0 0, L_000002298b0af150;  1 drivers
v000002298afd3a70_0 .net *"_ivl_22", 19 0, L_000002298b0af290;  1 drivers
v000002298afd43d0_0 .net *"_ivl_25", 0 0, L_000002298b0afdd0;  1 drivers
v000002298afd3b10_0 .net *"_ivl_27", 5 0, L_000002298b0af3d0;  1 drivers
v000002298afd4330_0 .net *"_ivl_29", 3 0, L_000002298b0afbf0;  1 drivers
v000002298afd4650_0 .net *"_ivl_3", 0 0, L_000002298b0afa10;  1 drivers
L_000002298b0c09d0 .functor BUFT 1, C4<0>, C4<0>, C4<0>, C4<0>;
v000002298afd2850_0 .net/2u *"_ivl_30", 0 0, L_000002298b0c09d0;  1 drivers
v000002298afd2a30_0 .net *"_ivl_35", 19 0, L_000002298b0b0550;  1 drivers
L_000002298b0c0a18 .functor BUFT 1, C4<000000000000>, C4<0>, C4<0>, C4<0>;
v000002298afd2ad0_0 .net/2u *"_ivl_36", 11 0, L_000002298b0c0a18;  1 drivers
v000002298afd2cb0_0 .net *"_ivl_4", 20 0, L_000002298b0b02d0;  1 drivers
v000002298af9a860_0 .net *"_ivl_41", 0 0, L_000002298b0af5b0;  1 drivers
v000002298af9b260_0 .net *"_ivl_42", 11 0, L_000002298b0af830;  1 drivers
v000002298b078d10_0 .net *"_ivl_45", 7 0, L_000002298b0b07d0;  1 drivers
v000002298b0784f0_0 .net *"_ivl_47", 0 0, L_000002298b0af6f0;  1 drivers
v000002298b079f30_0 .net *"_ivl_49", 9 0, L_000002298b0af8d0;  1 drivers
L_000002298b0c0a60 .functor BUFT 1, C4<0>, C4<0>, C4<0>, C4<0>;
v000002298b078ef0_0 .net/2u *"_ivl_50", 0 0, L_000002298b0c0a60;  1 drivers
v000002298b079c10_0 .net *"_ivl_55", 0 0, L_000002298b0b0050;  1 drivers
v000002298b079670_0 .net *"_ivl_57", 0 0, L_000002298b0b0910;  1 drivers
v000002298b079170_0 .net *"_ivl_59", 0 0, L_000002298b0b0a50;  1 drivers
v000002298b0798f0_0 .net *"_ivl_61", 0 0, L_000002298b0b0af0;  1 drivers
v000002298b079cb0_0 .net *"_ivl_63", 0 0, L_000002298b0b1f90;  1 drivers
v000002298b07a070_0 .net *"_ivl_65", 0 0, L_000002298b0b27b0;  1 drivers
L_000002298b0c0aa8 .functor BUFT 1, C4<00000000000000000000000000000000>, C4<0>, C4<0>, C4<0>;
v000002298b078590_0 .net/2u *"_ivl_66", 31 0, L_000002298b0c0aa8;  1 drivers
v000002298b0789f0_0 .net *"_ivl_68", 31 0, L_000002298b0b14f0;  1 drivers
v000002298b079850_0 .net *"_ivl_7", 10 0, L_000002298b0aef70;  1 drivers
v000002298b079d50_0 .net *"_ivl_70", 31 0, L_000002298b0b0f50;  1 drivers
v000002298b079e90_0 .net *"_ivl_72", 31 0, L_000002298b0b0ff0;  1 drivers
v000002298b079530_0 .net *"_ivl_74", 31 0, L_000002298b0b2710;  1 drivers
v000002298b079030_0 .net *"_ivl_76", 31 0, L_000002298b0b25d0;  1 drivers
v000002298b078db0_0 .net "i_format", 5 0, L_000002298b0af1f0;  alias, 1 drivers
v000002298b0793f0_0 .net "i_inst", 31 0, v000002298b09bae0_0;  alias, 1 drivers
v000002298b078630_0 .net "imm_b", 31 0, L_000002298b0b0690;  1 drivers
v000002298b078e50_0 .net "imm_i", 31 0, L_000002298b0af010;  1 drivers
v000002298b079710_0 .net "imm_j", 31 0, L_000002298b0afb50;  1 drivers
L_000002298b0c0988 .functor BUFT 1, C4<xxxxxxxxxxxxxxxxxxxxxxxxxxxxxxxx>, C4<0>, C4<0>, C4<0>;
v000002298b079490_0 .net "imm_r", 31 0, L_000002298b0c0988;  1 drivers
v000002298b079a30_0 .net "imm_s", 31 0, L_000002298b0af330;  1 drivers
v000002298b0788b0_0 .net "imm_u", 31 0, L_000002298b0af510;  1 drivers
v000002298b078950_0 .net "o_immediate", 31 0, L_000002298b0b2990;  alias, 1 drivers
L_000002298b0afa10 .part v000002298b09bae0_0, 31, 1;
LS_000002298b0b02d0_0_0 .concat [ 1 1 1 1], L_000002298b0afa10, L_000002298b0afa10, L_000002298b0afa10, L_000002298b0afa10;
LS_000002298b0b02d0_0_4 .concat [ 1 1 1 1], L_000002298b0afa10, L_000002298b0afa10, L_000002298b0afa10, L_000002298b0afa10;
LS_000002298b0b02d0_0_8 .concat [ 1 1 1 1], L_000002298b0afa10, L_000002298b0afa10, L_000002298b0afa10, L_000002298b0afa10;
LS_000002298b0b02d0_0_12 .concat [ 1 1 1 1], L_000002298b0afa10, L_000002298b0afa10, L_000002298b0afa10, L_000002298b0afa10;
LS_000002298b0b02d0_0_16 .concat [ 1 1 1 1], L_000002298b0afa10, L_000002298b0afa10, L_000002298b0afa10, L_000002298b0afa10;
LS_000002298b0b02d0_0_20 .concat [ 1 0 0 0], L_000002298b0afa10;
LS_000002298b0b02d0_1_0 .concat [ 4 4 4 4], LS_000002298b0b02d0_0_0, LS_000002298b0b02d0_0_4, LS_000002298b0b02d0_0_8, LS_000002298b0b02d0_0_12;
LS_000002298b0b02d0_1_4 .concat [ 4 1 0 0], LS_000002298b0b02d0_0_16, LS_000002298b0b02d0_0_20;
L_000002298b0b02d0 .concat [ 16 5 0 0], LS_000002298b0b02d0_1_0, LS_000002298b0b02d0_1_4;
L_000002298b0aef70 .part v000002298b09bae0_0, 20, 11;
L_000002298b0af010 .concat [ 11 21 0 0], L_000002298b0aef70, L_000002298b0b02d0;
L_000002298b0b04b0 .part v000002298b09bae0_0, 31, 1;
LS_000002298b0b05f0_0_0 .concat [ 1 1 1 1], L_000002298b0b04b0, L_000002298b0b04b0, L_000002298b0b04b0, L_000002298b0b04b0;
LS_000002298b0b05f0_0_4 .concat [ 1 1 1 1], L_000002298b0b04b0, L_000002298b0b04b0, L_000002298b0b04b0, L_000002298b0b04b0;
LS_000002298b0b05f0_0_8 .concat [ 1 1 1 1], L_000002298b0b04b0, L_000002298b0b04b0, L_000002298b0b04b0, L_000002298b0b04b0;
LS_000002298b0b05f0_0_12 .concat [ 1 1 1 1], L_000002298b0b04b0, L_000002298b0b04b0, L_000002298b0b04b0, L_000002298b0b04b0;
LS_000002298b0b05f0_0_16 .concat [ 1 1 1 1], L_000002298b0b04b0, L_000002298b0b04b0, L_000002298b0b04b0, L_000002298b0b04b0;
LS_000002298b0b05f0_0_20 .concat [ 1 0 0 0], L_000002298b0b04b0;
LS_000002298b0b05f0_1_0 .concat [ 4 4 4 4], LS_000002298b0b05f0_0_0, LS_000002298b0b05f0_0_4, LS_000002298b0b05f0_0_8, LS_000002298b0b05f0_0_12;
LS_000002298b0b05f0_1_4 .concat [ 4 1 0 0], LS_000002298b0b05f0_0_16, LS_000002298b0b05f0_0_20;
L_000002298b0b05f0 .concat [ 16 5 0 0], LS_000002298b0b05f0_1_0, LS_000002298b0b05f0_1_4;
L_000002298b0afc90 .part v000002298b09bae0_0, 25, 6;
L_000002298b0af650 .part v000002298b09bae0_0, 7, 5;
L_000002298b0af330 .concat [ 5 6 21 0], L_000002298b0af650, L_000002298b0afc90, L_000002298b0b05f0;
L_000002298b0af150 .part v000002298b09bae0_0, 31, 1;
LS_000002298b0af290_0_0 .concat [ 1 1 1 1], L_000002298b0af150, L_000002298b0af150, L_000002298b0af150, L_000002298b0af150;
LS_000002298b0af290_0_4 .concat [ 1 1 1 1], L_000002298b0af150, L_000002298b0af150, L_000002298b0af150, L_000002298b0af150;
LS_000002298b0af290_0_8 .concat [ 1 1 1 1], L_000002298b0af150, L_000002298b0af150, L_000002298b0af150, L_000002298b0af150;
LS_000002298b0af290_0_12 .concat [ 1 1 1 1], L_000002298b0af150, L_000002298b0af150, L_000002298b0af150, L_000002298b0af150;
LS_000002298b0af290_0_16 .concat [ 1 1 1 1], L_000002298b0af150, L_000002298b0af150, L_000002298b0af150, L_000002298b0af150;
LS_000002298b0af290_1_0 .concat [ 4 4 4 4], LS_000002298b0af290_0_0, LS_000002298b0af290_0_4, LS_000002298b0af290_0_8, LS_000002298b0af290_0_12;
LS_000002298b0af290_1_4 .concat [ 4 0 0 0], LS_000002298b0af290_0_16;
L_000002298b0af290 .concat [ 16 4 0 0], LS_000002298b0af290_1_0, LS_000002298b0af290_1_4;
L_000002298b0afdd0 .part v000002298b09bae0_0, 7, 1;
L_000002298b0af3d0 .part v000002298b09bae0_0, 25, 6;
L_000002298b0afbf0 .part v000002298b09bae0_0, 8, 4;
LS_000002298b0b0690_0_0 .concat [ 1 4 6 1], L_000002298b0c09d0, L_000002298b0afbf0, L_000002298b0af3d0, L_000002298b0afdd0;
LS_000002298b0b0690_0_4 .concat [ 20 0 0 0], L_000002298b0af290;
L_000002298b0b0690 .concat [ 12 20 0 0], LS_000002298b0b0690_0_0, LS_000002298b0b0690_0_4;
L_000002298b0b0550 .part v000002298b09bae0_0, 12, 20;
L_000002298b0af510 .concat [ 12 20 0 0], L_000002298b0c0a18, L_000002298b0b0550;
L_000002298b0af5b0 .part v000002298b09bae0_0, 31, 1;
LS_000002298b0af830_0_0 .concat [ 1 1 1 1], L_000002298b0af5b0, L_000002298b0af5b0, L_000002298b0af5b0, L_000002298b0af5b0;
LS_000002298b0af830_0_4 .concat [ 1 1 1 1], L_000002298b0af5b0, L_000002298b0af5b0, L_000002298b0af5b0, L_000002298b0af5b0;
LS_000002298b0af830_0_8 .concat [ 1 1 1 1], L_000002298b0af5b0, L_000002298b0af5b0, L_000002298b0af5b0, L_000002298b0af5b0;
L_000002298b0af830 .concat [ 4 4 4 0], LS_000002298b0af830_0_0, LS_000002298b0af830_0_4, LS_000002298b0af830_0_8;
L_000002298b0b07d0 .part v000002298b09bae0_0, 12, 8;
L_000002298b0af6f0 .part v000002298b09bae0_0, 20, 1;
L_000002298b0af8d0 .part v000002298b09bae0_0, 21, 10;
LS_000002298b0afb50_0_0 .concat [ 1 10 1 8], L_000002298b0c0a60, L_000002298b0af8d0, L_000002298b0af6f0, L_000002298b0b07d0;
LS_000002298b0afb50_0_4 .concat [ 12 0 0 0], L_000002298b0af830;
L_000002298b0afb50 .concat [ 20 12 0 0], LS_000002298b0afb50_0_0, LS_000002298b0afb50_0_4;
L_000002298b0b0050 .part L_000002298b0af1f0, 0, 1;
L_000002298b0b0910 .part L_000002298b0af1f0, 1, 1;
L_000002298b0b0a50 .part L_000002298b0af1f0, 2, 1;
L_000002298b0b0af0 .part L_000002298b0af1f0, 3, 1;
L_000002298b0b1f90 .part L_000002298b0af1f0, 4, 1;
L_000002298b0b27b0 .part L_000002298b0af1f0, 5, 1;
L_000002298b0b14f0 .functor MUXZ 32, L_000002298b0c0aa8, L_000002298b0afb50, L_000002298b0b27b0, C4<>;
L_000002298b0b0f50 .functor MUXZ 32, L_000002298b0b14f0, L_000002298b0af510, L_000002298b0b1f90, C4<>;
L_000002298b0b0ff0 .functor MUXZ 32, L_000002298b0b0f50, L_000002298b0b0690, L_000002298b0b0af0, C4<>;
L_000002298b0b2710 .functor MUXZ 32, L_000002298b0b0ff0, L_000002298b0af330, L_000002298b0b0a50, C4<>;
L_000002298b0b25d0 .functor MUXZ 32, L_000002298b0b2710, L_000002298b0af010, L_000002298b0b0910, C4<>;
L_000002298b0b2990 .functor MUXZ 32, L_000002298b0b25d0, L_000002298b0c0988, L_000002298b0b0050, C4<>;
S_000002298ab6e9d0 .scope module, "rf_rw" "rf" 4 88, 6 8 0, S_000002298ab7d530;
 .timescale -9 -12;
    .port_info 0 /INPUT 1 "i_clk";
    .port_info 1 /INPUT 1 "i_rst";
    .port_info 2 /INPUT 5 "i_rs1_raddr";
    .port_info 3 /OUTPUT 32 "o_rs1_rdata";
    .port_info 4 /INPUT 5 "i_rs2_raddr";
    .port_info 5 /OUTPUT 32 "o_rs2_rdata";
    .port_info 6 /INPUT 1 "i_rd_wen";
    .port_info 7 /INPUT 5 "i_rd_waddr";
    .port_info 8 /INPUT 32 "i_rd_wdata";
P_000002298afd6b40 .param/l "BYPASS_EN" 0 6 17, +C4<00000000000000000000000000000001>;
L_000002298b0c05e0 .functor BUFT 1, C4<1>, C4<0>, C4<0>, C4<0>;
L_000002298b0b9db0 .functor AND 1, L_000002298b0c05e0, L_000002298b0bddc0, C4<1>, C4<1>;
L_000002298b0b95d0 .functor AND 1, L_000002298b0b9db0, L_000002298b0b0410, C4<1>, C4<1>;
L_000002298b0b9020 .functor AND 1, L_000002298b0b95d0, L_000002298b0ae930, C4<1>, C4<1>;
L_000002298b0c0670 .functor BUFT 1, C4<1>, C4<0>, C4<0>, C4<0>;
L_000002298b0b8e60 .functor AND 1, L_000002298b0c0670, L_000002298b0bddc0, C4<1>, C4<1>;
L_000002298b0b9720 .functor AND 1, L_000002298b0b8e60, L_000002298b0aed90, C4<1>, C4<1>;
L_000002298b0b9950 .functor AND 1, L_000002298b0b9720, L_000002298b0aff10, C4<1>, C4<1>;
v000002298b079b70_0 .net/2u *"_ivl_0", 0 0, L_000002298b0c05e0;  1 drivers
v000002298b078f90_0 .net *"_ivl_10", 0 0, L_000002298b0ae930;  1 drivers
v000002298b0795d0_0 .net/2u *"_ivl_14", 0 0, L_000002298b0c0670;  1 drivers
v000002298b0786d0_0 .net *"_ivl_17", 0 0, L_000002298b0b8e60;  1 drivers
L_000002298b0c06b8 .functor BUFT 1, C4<00000>, C4<0>, C4<0>, C4<0>;
v000002298b0790d0_0 .net/2u *"_ivl_18", 4 0, L_000002298b0c06b8;  1 drivers
v000002298b078770_0 .net *"_ivl_20", 0 0, L_000002298b0aed90;  1 drivers
v000002298b0797b0_0 .net *"_ivl_23", 0 0, L_000002298b0b9720;  1 drivers
v000002298b079210_0 .net *"_ivl_24", 0 0, L_000002298b0aff10;  1 drivers
L_000002298b0c0700 .functor BUFT 1, C4<00000000000000000000000000000000>, C4<0>, C4<0>, C4<0>;
v000002298b079990_0 .net/2u *"_ivl_28", 31 0, L_000002298b0c0700;  1 drivers
v000002298b078b30_0 .net *"_ivl_3", 0 0, L_000002298b0b9db0;  1 drivers
L_000002298b0c0748 .functor BUFT 1, C4<00000>, C4<0>, C4<0>, C4<0>;
v000002298b0783b0_0 .net/2u *"_ivl_30", 4 0, L_000002298b0c0748;  1 drivers
v000002298b07a1b0_0 .net *"_ivl_32", 0 0, L_000002298b0ae750;  1 drivers
L_000002298b0c0790 .functor BUFT 1, C4<00000000000000000000000000000000>, C4<0>, C4<0>, C4<0>;
v000002298b0792b0_0 .net/2u *"_ivl_34", 31 0, L_000002298b0c0790;  1 drivers
v000002298b079df0_0 .net *"_ivl_36", 31 0, L_000002298b0b0190;  1 drivers
v000002298b078c70_0 .net *"_ivl_38", 6 0, L_000002298b0ae7f0;  1 drivers
L_000002298b0c0628 .functor BUFT 1, C4<00000>, C4<0>, C4<0>, C4<0>;
v000002298b078810_0 .net/2u *"_ivl_4", 4 0, L_000002298b0c0628;  1 drivers
L_000002298b0c07d8 .functor BUFT 1, C4<00>, C4<0>, C4<0>, C4<0>;
v000002298b079350_0 .net *"_ivl_41", 1 0, L_000002298b0c07d8;  1 drivers
v000002298b079fd0_0 .net *"_ivl_42", 31 0, L_000002298b0b09b0;  1 drivers
v000002298b079ad0_0 .net *"_ivl_44", 31 0, L_000002298b0ae9d0;  1 drivers
L_000002298b0c0820 .functor BUFT 1, C4<00000000000000000000000000000000>, C4<0>, C4<0>, C4<0>;
v000002298b07a110_0 .net/2u *"_ivl_48", 31 0, L_000002298b0c0820;  1 drivers
L_000002298b0c0868 .functor BUFT 1, C4<00000>, C4<0>, C4<0>, C4<0>;
v000002298b078450_0 .net/2u *"_ivl_50", 4 0, L_000002298b0c0868;  1 drivers
v000002298b078bd0_0 .net *"_ivl_52", 0 0, L_000002298b0aec50;  1 drivers
L_000002298b0c08b0 .functor BUFT 1, C4<00000000000000000000000000000000>, C4<0>, C4<0>, C4<0>;
v000002298b07a250_0 .net/2u *"_ivl_54", 31 0, L_000002298b0c08b0;  1 drivers
v000002298b082650_0 .net *"_ivl_56", 31 0, L_000002298b0b0230;  1 drivers
v000002298b083870_0 .net *"_ivl_58", 6 0, L_000002298b0affb0;  1 drivers
v000002298b082790_0 .net *"_ivl_6", 0 0, L_000002298b0b0410;  1 drivers
L_000002298b0c08f8 .functor BUFT 1, C4<00>, C4<0>, C4<0>, C4<0>;
v000002298b082970_0 .net *"_ivl_61", 1 0, L_000002298b0c08f8;  1 drivers
v000002298b0828d0_0 .net *"_ivl_62", 31 0, L_000002298b0aee30;  1 drivers
v000002298b083190_0 .net *"_ivl_64", 31 0, L_000002298b0b0870;  1 drivers
v000002298b082f10_0 .net *"_ivl_9", 0 0, L_000002298b0b95d0;  1 drivers
v000002298b0837d0_0 .net "i_clk", 0 0, v000002298b098660_0;  alias, 1 drivers
v000002298b0825b0_0 .net "i_rd_waddr", 4 0, v000002298b096c20_0;  alias, 1 drivers
v000002298b082b50_0 .net "i_rd_wdata", 31 0, L_000002298b0b4ab0;  alias, 1 drivers
v000002298b083910_0 .net "i_rd_wen", 0 0, L_000002298b0bddc0;  alias, 1 drivers
v000002298b083ff0_0 .net "i_rs1_raddr", 4 0, L_000002298b0b00f0;  alias, 1 drivers
v000002298b083f50_0 .net "i_rs2_raddr", 4 0, L_000002298b0aeb10;  alias, 1 drivers
v000002298b083730_0 .net "i_rst", 0 0, v000002298b097440_0;  alias, 1 drivers
v000002298b0839b0_0 .net "o_rs1_rdata", 31 0, L_000002298b0aebb0;  alias, 1 drivers
v000002298b083c30_0 .net "o_rs2_rdata", 31 0, L_000002298b0b0c30;  alias, 1 drivers
v000002298b082e70 .array "regs", 31 0, 31 0;
v000002298b0823d0_0 .net "rs1_bypass_hit", 0 0, L_000002298b0b9020;  1 drivers
v000002298b083cd0_0 .net "rs2_bypass_hit", 0 0, L_000002298b0b9950;  1 drivers
E_000002298afd6b00 .event posedge, v000002298b0837d0_0;
L_000002298b0b0410 .cmp/ne 5, v000002298b096c20_0, L_000002298b0c0628;
L_000002298b0ae930 .cmp/eq 5, L_000002298b0b00f0, v000002298b096c20_0;
L_000002298b0aed90 .cmp/ne 5, v000002298b096c20_0, L_000002298b0c06b8;
L_000002298b0aff10 .cmp/eq 5, L_000002298b0aeb10, v000002298b096c20_0;
L_000002298b0ae750 .cmp/eq 5, L_000002298b0b00f0, L_000002298b0c0748;
L_000002298b0b0190 .array/port v000002298b082e70, L_000002298b0ae7f0;
L_000002298b0ae7f0 .concat [ 5 2 0 0], L_000002298b0b00f0, L_000002298b0c07d8;
L_000002298b0b09b0 .functor MUXZ 32, L_000002298b0b0190, L_000002298b0b4ab0, L_000002298b0b9020, C4<>;
L_000002298b0ae9d0 .functor MUXZ 32, L_000002298b0b09b0, L_000002298b0c0790, L_000002298b0ae750, C4<>;
L_000002298b0aebb0 .functor MUXZ 32, L_000002298b0ae9d0, L_000002298b0c0700, v000002298b097440_0, C4<>;
L_000002298b0aec50 .cmp/eq 5, L_000002298b0aeb10, L_000002298b0c0868;
L_000002298b0b0230 .array/port v000002298b082e70, L_000002298b0affb0;
L_000002298b0affb0 .concat [ 5 2 0 0], L_000002298b0aeb10, L_000002298b0c08f8;
L_000002298b0aee30 .functor MUXZ 32, L_000002298b0b0230, L_000002298b0b4ab0, L_000002298b0b9950, C4<>;
L_000002298b0b0870 .functor MUXZ 32, L_000002298b0aee30, L_000002298b0c08b0, L_000002298b0aec50, C4<>;
L_000002298b0b0c30 .functor MUXZ 32, L_000002298b0b0870, L_000002298b0c0820, v000002298b097440_0, C4<>;
S_000002298aefdcb0 .scope module, "u_execute" "execute" 3 568, 7 1 0, S_000002298b013d90;
 .timescale -9 -12;
    .port_info 0 /INPUT 3 "AluOp";
    .port_info 1 /INPUT 3 "Func3";
    .port_info 2 /INPUT 7 "Func7";
    .port_info 3 /INPUT 7 "opcode";
    .port_info 4 /INPUT 32 "Operand1";
    .port_info 5 /INPUT 32 "Operand2";
    .port_info 6 /OUTPUT 32 "AluResult";
    .port_info 7 /OUTPUT 1 "ALUeq";
    .port_info 8 /OUTPUT 1 "ALUslt";
v000002298b087d70_0 .net "ALUeq", 0 0, L_000002298b0b2210;  alias, 1 drivers
v000002298b087f50_0 .net "ALUslt", 0 0, L_000002298b0b6a10;  alias, 1 drivers
v000002298b0881d0_0 .net "AluControl_arith", 0 0, v000002298b086d30_0;  1 drivers
v000002298b086f10_0 .net "AluControl_opsel", 2 0, v000002298b086dd0_0;  1 drivers
v000002298b088270_0 .net "AluControl_sub", 0 0, v000002298b087e10_0;  1 drivers
v000002298b088c20_0 .net "AluControl_unsigned", 0 0, v000002298b0877d0_0;  1 drivers
v000002298b08a8e0_0 .net "AluOp", 2 0, v000002298b094150_0;  1 drivers
v000002298b089d00_0 .net "AluResult", 31 0, v000002298b086c90_0;  alias, 1 drivers
v000002298b08a7a0_0 .net "Func3", 2 0, v000002298b09a0a0_0;  1 drivers
v000002298b08a980_0 .net "Func7", 6 0, v000002298b09b400_0;  1 drivers
v000002298b0884a0_0 .net "Operand1", 31 0, L_000002298b0b1db0;  alias, 1 drivers
v000002298b088540_0 .net "Operand2", 31 0, L_000002298b0b2e90;  alias, 1 drivers
v000002298b088860_0 .net "opcode", 6 0, v000002298b09a140_0;  1 drivers
S_000002298aefde40 .scope module, "u_alu" "alu" 7 42, 8 8 0, S_000002298aefdcb0;
 .timescale -9 -12;
    .port_info 0 /INPUT 3 "i_opsel";
    .port_info 1 /INPUT 1 "i_sub";
    .port_info 2 /INPUT 1 "i_unsigned";
    .port_info 3 /INPUT 1 "i_arith";
    .port_info 4 /INPUT 32 "i_op1";
    .port_info 5 /INPUT 32 "i_op2";
    .port_info 6 /OUTPUT 32 "o_result";
    .port_info 7 /OUTPUT 1 "o_eq";
    .port_info 8 /OUTPUT 1 "o_slt";
L_000002298b0b7880 .functor NOT 1, L_000002298b0b2030, C4<0>, C4<0>, C4<0>;
L_000002298b0b7960 .functor AND 1, L_000002298b0b1ef0, L_000002298b0b7880, C4<1>, C4<1>;
L_000002298b0b7340 .functor XOR 1, L_000002298b0b20d0, L_000002298b0b2170, C4<0>, C4<0>;
L_000002298b0b69a0 .functor NOT 1, L_000002298b0b7340, C4<0>, C4<0>, C4<0>;
L_000002298b0b7110 .functor AND 1, L_000002298b0b69a0, L_000002298b0b2fd0, C4<1>, C4<1>;
L_000002298b0b6a80 .functor OR 1, L_000002298b0b7960, L_000002298b0b7110, C4<0>, C4<0>;
L_000002298b0b7b20 .functor AND 1, v000002298b0877d0_0, L_000002298b0b2fd0, C4<1>, C4<1>;
L_000002298b0b7500 .functor NOT 1, v000002298b0877d0_0, C4<0>, C4<0>, C4<0>;
L_000002298b0b68c0 .functor AND 1, L_000002298b0b7500, L_000002298b0b6a80, C4<1>, C4<1>;
L_000002298b0b6a10 .functor OR 1, L_000002298b0b7b20, L_000002298b0b68c0, C4<0>, C4<0>;
v000002298b0859d0_0 .net *"_ivl_10", 0 0, L_000002298b0b7960;  1 drivers
v000002298b0856b0_0 .net *"_ivl_13", 0 0, L_000002298b0b20d0;  1 drivers
v000002298b085750_0 .net *"_ivl_15", 0 0, L_000002298b0b2170;  1 drivers
v000002298b0857f0_0 .net *"_ivl_16", 0 0, L_000002298b0b7340;  1 drivers
v000002298b087050_0 .net *"_ivl_18", 0 0, L_000002298b0b69a0;  1 drivers
v000002298b087b90_0 .net *"_ivl_20", 0 0, L_000002298b0b7110;  1 drivers
v000002298b087410_0 .net *"_ivl_26", 0 0, L_000002298b0b7b20;  1 drivers
v000002298b087690_0 .net *"_ivl_28", 0 0, L_000002298b0b7500;  1 drivers
v000002298b087a50_0 .net *"_ivl_30", 0 0, L_000002298b0b68c0;  1 drivers
v000002298b087cd0_0 .net *"_ivl_5", 0 0, L_000002298b0b1ef0;  1 drivers
v000002298b0870f0_0 .net *"_ivl_7", 0 0, L_000002298b0b2030;  1 drivers
v000002298b087ff0_0 .net *"_ivl_8", 0 0, L_000002298b0b7880;  1 drivers
v000002298b0874b0_0 .net "i_arith", 0 0, v000002298b086d30_0;  alias, 1 drivers
v000002298b086fb0_0 .net "i_op1", 31 0, L_000002298b0b1db0;  alias, 1 drivers
v000002298b0872d0_0 .net "i_op2", 31 0, L_000002298b0b2e90;  alias, 1 drivers
v000002298b087550_0 .net "i_opsel", 2 0, v000002298b086dd0_0;  alias, 1 drivers
v000002298b087190_0 .net "i_sub", 0 0, v000002298b087e10_0;  alias, 1 drivers
v000002298b088090_0 .net "i_unsigned", 0 0, v000002298b0877d0_0;  alias, 1 drivers
v000002298b087c30_0 .net "lt_signed", 0 0, L_000002298b0b6a80;  1 drivers
v000002298b087230_0 .net "lt_unsigned", 0 0, L_000002298b0b2fd0;  1 drivers
v000002298b087370_0 .net "o_eq", 0 0, L_000002298b0b2210;  alias, 1 drivers
v000002298b0875f0_0 .net "o_result", 31 0, v000002298b086c90_0;  alias, 1 drivers
v000002298b087870_0 .net "o_slt", 0 0, L_000002298b0b6a10;  alias, 1 drivers
v000002298b086c90_0 .var "result", 31 0;
v000002298b087730_0 .net "shamt", 4 0, L_000002298b0b2f30;  1 drivers
v000002298b087910_0 .var "sll_result", 31 0;
v000002298b088130_0 .var "sra_result", 31 0;
v000002298b086bf0_0 .var "srl_result", 31 0;
E_000002298afd6580/0 .event anyedge, v000002298b087550_0, v000002298b087190_0, v000002298b086fb0_0, v000002298b0872d0_0;
E_000002298afd6580/1 .event anyedge, v000002298b087910_0, v000002298b087870_0, v000002298b0874b0_0, v000002298b086bf0_0;
E_000002298afd6580/2 .event anyedge, v000002298b088130_0;
E_000002298afd6580 .event/or E_000002298afd6580/0, E_000002298afd6580/1, E_000002298afd6580/2;
E_000002298afd6d00 .event anyedge, v000002298b087730_0, v000002298b086fb0_0;
L_000002298b0b2f30 .part L_000002298b0b2e90, 0, 5;
L_000002298b0b2fd0 .cmp/gt 32, L_000002298b0b2e90, L_000002298b0b1db0;
L_000002298b0b1ef0 .part L_000002298b0b1db0, 31, 1;
L_000002298b0b2030 .part L_000002298b0b2e90, 31, 1;
L_000002298b0b20d0 .part L_000002298b0b1db0, 31, 1;
L_000002298b0b2170 .part L_000002298b0b2e90, 31, 1;
L_000002298b0b2210 .cmp/eq 32, L_000002298b0b1db0, L_000002298b0b2e90;
S_000002298ab6e290 .scope module, "u_alu_control_unit" "alu_control_unit" 7 28, 9 1 0, S_000002298aefdcb0;
 .timescale -9 -12;
    .port_info 0 /INPUT 3 "AluOp";
    .port_info 1 /INPUT 3 "Func3";
    .port_info 2 /INPUT 7 "Func7";
    .port_info 3 /INPUT 7 "opcode";
    .port_info 4 /OUTPUT 3 "AluControl_opsel";
    .port_info 5 /OUTPUT 1 "AluControl_sub";
    .port_info 6 /OUTPUT 1 "AluControl_unsigned";
    .port_info 7 /OUTPUT 1 "AluControl_arith";
v000002298b086d30_0 .var "AluControl_arith", 0 0;
v000002298b086dd0_0 .var "AluControl_opsel", 2 0;
v000002298b087e10_0 .var "AluControl_sub", 0 0;
v000002298b0877d0_0 .var "AluControl_unsigned", 0 0;
v000002298b086e70_0 .net "AluOp", 2 0, v000002298b094150_0;  alias, 1 drivers
v000002298b087eb0_0 .net "Func3", 2 0, v000002298b09a0a0_0;  alias, 1 drivers
v000002298b0879b0_0 .net "Func7", 6 0, v000002298b09b400_0;  alias, 1 drivers
v000002298b087af0_0 .net "opcode", 6 0, v000002298b09a140_0;  alias, 1 drivers
E_000002298afd6200 .event anyedge, v000002298b086e70_0, v000002298b087af0_0, v000002298b087eb0_0, v000002298b0879b0_0;
S_000002298ab6e420 .scope module, "u_memory" "memory" 3 640, 10 1 0, S_000002298b013d90;
 .timescale -9 -12;
    .port_info 0 /INPUT 32 "EffAddr";
    .port_info 1 /INPUT 32 "StoreData";
    .port_info 2 /INPUT 3 "Func3";
    .port_info 3 /INPUT 1 "MemRead";
    .port_info 4 /INPUT 1 "MemWrite";
    .port_info 5 /INPUT 32 "i_dmem_rdata";
    .port_info 6 /OUTPUT 32 "o_dmem_addr";
    .port_info 7 /OUTPUT 4 "o_dmem_mask";
    .port_info 8 /OUTPUT 32 "o_dmem_wdata";
    .port_info 9 /OUTPUT 1 "o_dmem_ren";
    .port_info 10 /OUTPUT 1 "o_dmem_wen";
    .port_info 11 /OUTPUT 32 "LoadData";
    .port_info 12 /OUTPUT 1 "MisalignTrap";
L_000002298b0ba8d0 .functor OR 1, L_000002298b0b39d0, L_000002298b0b37f0, C4<0>, C4<0>;
L_000002298b0bbd60 .functor AND 1, L_000002298b0bb900, L_000002298b0b3b10, C4<1>, C4<1>;
L_000002298b0bbac0 .functor AND 1, L_000002298b0bbe40, L_000002298b0b5050, C4<1>, C4<1>;
L_000002298b0bb660 .functor OR 1, L_000002298b0bbd60, L_000002298b0bbac0, C4<0>, C4<0>;
L_000002298b0ba6a0 .functor NOT 1, L_000002298b0bb660, C4<0>, C4<0>, C4<0>;
L_000002298b0bbf90 .functor AND 1, L_000002298b0bb900, L_000002298b0ba6a0, C4<1>, C4<1>;
L_000002298b0bb200 .functor NOT 1, L_000002298b0bb660, C4<0>, C4<0>, C4<0>;
L_000002298b0ba940 .functor AND 1, L_000002298b0bbe40, L_000002298b0bb200, C4<1>, C4<1>;
L_000002298b0ba9b0 .functor OR 1, L_000002298b0bb900, L_000002298b0bbe40, C4<0>, C4<0>;
L_000002298b0bc1c0 .functor AND 4, L_000002298b0b50f0, v000002298b089800_0, C4<1111>, C4<1111>;
L_000002298b0bacc0 .functor AND 32, L_000002298b0b5230, v000002298b08a480_0, C4<11111111111111111111111111111111>, C4<11111111111111111111111111111111>;
L_000002298b0bbeb0 .functor NOT 1, L_000002298b0bb660, C4<0>, C4<0>, C4<0>;
L_000002298b0bb270 .functor AND 1, L_000002298b0bb900, L_000002298b0bbeb0, C4<1>, C4<1>;
L_000002298b0bc000 .functor AND 32, L_000002298b0b4830, v000002298b089760_0, C4<11111111111111111111111111111111>, C4<11111111111111111111111111111111>;
v000002298b089080_0 .net "EffAddr", 31 0, v000002298b0925d0_0;  1 drivers
v000002298b088400_0 .net "Func3", 2 0, v000002298b0923f0_0;  1 drivers
v000002298b0891c0_0 .net "LoadData", 31 0, L_000002298b0bc000;  alias, 1 drivers
v000002298b089b20_0 .net "MemRead", 0 0, L_000002298b0bb900;  alias, 1 drivers
v000002298b089da0_0 .net "MemWrite", 0 0, L_000002298b0bbe40;  alias, 1 drivers
v000002298b089a80_0 .net "MisalignTrap", 0 0, L_000002298b0bb660;  alias, 1 drivers
v000002298b089620_0 .net "StoreData", 31 0, L_000002298b0b3e30;  alias, 1 drivers
v000002298b088ae0_0 .net *"_ivl_11", 1 0, L_000002298b0b57d0;  1 drivers
L_000002298b0c16c0 .functor BUFT 1, C4<001>, C4<0>, C4<0>, C4<0>;
v000002298b0885e0_0 .net/2u *"_ivl_14", 2 0, L_000002298b0c16c0;  1 drivers
v000002298b088b80_0 .net *"_ivl_16", 0 0, L_000002298b0b39d0;  1 drivers
L_000002298b0c1708 .functor BUFT 1, C4<101>, C4<0>, C4<0>, C4<0>;
v000002298b088680_0 .net/2u *"_ivl_18", 2 0, L_000002298b0c1708;  1 drivers
v000002298b08aa20_0 .net *"_ivl_20", 0 0, L_000002298b0b37f0;  1 drivers
v000002298b088d60_0 .net *"_ivl_22", 0 0, L_000002298b0ba8d0;  1 drivers
L_000002298b0c1750 .functor BUFT 1, C4<010>, C4<0>, C4<0>, C4<0>;
v000002298b08a660_0 .net/2u *"_ivl_24", 2 0, L_000002298b0c1750;  1 drivers
v000002298b089580_0 .net *"_ivl_26", 0 0, L_000002298b0b4a10;  1 drivers
L_000002298b0c1798 .functor BUFT 1, C4<0>, C4<0>, C4<0>, C4<0>;
v000002298b089e40_0 .net/2u *"_ivl_28", 0 0, L_000002298b0c1798;  1 drivers
v000002298b088cc0_0 .net *"_ivl_3", 29 0, L_000002298b0b3750;  1 drivers
v000002298b089940_0 .net *"_ivl_30", 0 0, L_000002298b0b52d0;  1 drivers
v000002298b088720_0 .net *"_ivl_32", 0 0, L_000002298b0b3b10;  1 drivers
L_000002298b0c17e0 .functor BUFT 1, C4<001>, C4<0>, C4<0>, C4<0>;
v000002298b0887c0_0 .net/2u *"_ivl_36", 2 0, L_000002298b0c17e0;  1 drivers
v000002298b088900_0 .net *"_ivl_38", 0 0, L_000002298b0b3ed0;  1 drivers
L_000002298b0c1678 .functor BUFT 1, C4<00>, C4<0>, C4<0>, C4<0>;
v000002298b089260_0 .net/2u *"_ivl_4", 1 0, L_000002298b0c1678;  1 drivers
L_000002298b0c1828 .functor BUFT 1, C4<010>, C4<0>, C4<0>, C4<0>;
v000002298b0889a0_0 .net/2u *"_ivl_40", 2 0, L_000002298b0c1828;  1 drivers
v000002298b088a40_0 .net *"_ivl_42", 0 0, L_000002298b0b4650;  1 drivers
L_000002298b0c1870 .functor BUFT 1, C4<0>, C4<0>, C4<0>, C4<0>;
v000002298b08a020_0 .net/2u *"_ivl_44", 0 0, L_000002298b0c1870;  1 drivers
v000002298b0893a0_0 .net *"_ivl_46", 0 0, L_000002298b0b3c50;  1 drivers
v000002298b08aac0_0 .net *"_ivl_48", 0 0, L_000002298b0b5050;  1 drivers
v000002298b088e00_0 .net *"_ivl_54", 0 0, L_000002298b0ba6a0;  1 drivers
v000002298b089c60_0 .net *"_ivl_58", 0 0, L_000002298b0bb200;  1 drivers
v000002298b089ee0_0 .net *"_ivl_62", 0 0, L_000002298b0ba9b0;  1 drivers
v000002298b08a0c0_0 .net *"_ivl_64", 3 0, L_000002298b0b50f0;  1 drivers
v000002298b088ea0_0 .net *"_ivl_68", 31 0, L_000002298b0b5230;  1 drivers
v000002298b08a3e0_0 .net *"_ivl_76", 0 0, L_000002298b0bbeb0;  1 drivers
v000002298b089f80_0 .net *"_ivl_78", 0 0, L_000002298b0bb270;  1 drivers
v000002298b088f40_0 .net *"_ivl_80", 31 0, L_000002298b0b4830;  1 drivers
v000002298b0896c0_0 .net "byte_offset", 1 0, L_000002298b0b5a50;  1 drivers
v000002298b08ab60_0 .net "i_dmem_rdata", 31 0, v000002298b098160_0;  alias, 1 drivers
v000002298b089760_0 .var "loaddata_dec", 31 0;
v000002298b089800_0 .var "mask_dec", 3 0;
v000002298b088fe0_0 .net "misalign_half", 0 0, L_000002298b0b3930;  1 drivers
v000002298b089120_0 .net "misalign_load", 0 0, L_000002298b0bbd60;  1 drivers
v000002298b089440_0 .net "misalign_store", 0 0, L_000002298b0bbac0;  1 drivers
v000002298b089300_0 .net "misalign_word", 0 0, L_000002298b0b4290;  1 drivers
v000002298b0894e0_0 .net "o_dmem_addr", 31 0, L_000002298b0b5190;  alias, 1 drivers
v000002298b0898a0_0 .net "o_dmem_mask", 3 0, L_000002298b0bc1c0;  alias, 1 drivers
v000002298b0899e0_0 .net "o_dmem_ren", 0 0, L_000002298b0bbf90;  alias, 1 drivers
v000002298b089bc0_0 .net "o_dmem_wdata", 31 0, L_000002298b0bacc0;  alias, 1 drivers
v000002298b08a160_0 .net "o_dmem_wen", 0 0, L_000002298b0ba940;  alias, 1 drivers
v000002298b08a5c0_0 .net "rbyte", 7 0, L_000002298b0b3d90;  1 drivers
v000002298b08a200_0 .var "rdata_shifted", 31 0;
v000002298b08a2a0_0 .net "rhalf", 15 0, L_000002298b0b3f70;  1 drivers
v000002298b08a340_0 .var "sb_data", 31 0;
v000002298b08a840_0 .var "sh_data", 31 0;
v000002298b08a480_0 .var "store_data_dec", 31 0;
E_000002298afd6880 .event anyedge, v000002298b088400_0, v000002298b08a5c0_0, v000002298b08a2a0_0, v000002298b08a200_0;
E_000002298afd6ac0 .event anyedge, v000002298b0896c0_0, v000002298b08ab60_0;
E_000002298afd6400 .event anyedge, v000002298b088400_0, v000002298b08a340_0, v000002298b08a840_0, v000002298b089620_0;
E_000002298afd6d40 .event anyedge, v000002298b0896c0_0, v000002298b089620_0;
E_000002298afd64c0 .event anyedge, v000002298b088400_0, v000002298b0896c0_0;
L_000002298b0b5a50 .part v000002298b0925d0_0, 0, 2;
L_000002298b0b3750 .part v000002298b0925d0_0, 2, 30;
L_000002298b0b5190 .concat [ 2 30 0 0], L_000002298b0c1678, L_000002298b0b3750;
L_000002298b0b3930 .part v000002298b0925d0_0, 0, 1;
L_000002298b0b57d0 .part v000002298b0925d0_0, 0, 2;
L_000002298b0b4290 .reduce/or L_000002298b0b57d0;
L_000002298b0b39d0 .cmp/eq 3, v000002298b0923f0_0, L_000002298b0c16c0;
L_000002298b0b37f0 .cmp/eq 3, v000002298b0923f0_0, L_000002298b0c1708;
L_000002298b0b4a10 .cmp/eq 3, v000002298b0923f0_0, L_000002298b0c1750;
L_000002298b0b52d0 .functor MUXZ 1, L_000002298b0c1798, L_000002298b0b4290, L_000002298b0b4a10, C4<>;
L_000002298b0b3b10 .functor MUXZ 1, L_000002298b0b52d0, L_000002298b0b3930, L_000002298b0ba8d0, C4<>;
L_000002298b0b3ed0 .cmp/eq 3, v000002298b0923f0_0, L_000002298b0c17e0;
L_000002298b0b4650 .cmp/eq 3, v000002298b0923f0_0, L_000002298b0c1828;
L_000002298b0b3c50 .functor MUXZ 1, L_000002298b0c1870, L_000002298b0b4290, L_000002298b0b4650, C4<>;
L_000002298b0b5050 .functor MUXZ 1, L_000002298b0b3c50, L_000002298b0b3930, L_000002298b0b3ed0, C4<>;
L_000002298b0b50f0 .concat [ 1 1 1 1], L_000002298b0ba9b0, L_000002298b0ba9b0, L_000002298b0ba9b0, L_000002298b0ba9b0;
LS_000002298b0b5230_0_0 .concat [ 1 1 1 1], L_000002298b0bbe40, L_000002298b0bbe40, L_000002298b0bbe40, L_000002298b0bbe40;
LS_000002298b0b5230_0_4 .concat [ 1 1 1 1], L_000002298b0bbe40, L_000002298b0bbe40, L_000002298b0bbe40, L_000002298b0bbe40;
LS_000002298b0b5230_0_8 .concat [ 1 1 1 1], L_000002298b0bbe40, L_000002298b0bbe40, L_000002298b0bbe40, L_000002298b0bbe40;
LS_000002298b0b5230_0_12 .concat [ 1 1 1 1], L_000002298b0bbe40, L_000002298b0bbe40, L_000002298b0bbe40, L_000002298b0bbe40;
LS_000002298b0b5230_0_16 .concat [ 1 1 1 1], L_000002298b0bbe40, L_000002298b0bbe40, L_000002298b0bbe40, L_000002298b0bbe40;
LS_000002298b0b5230_0_20 .concat [ 1 1 1 1], L_000002298b0bbe40, L_000002298b0bbe40, L_000002298b0bbe40, L_000002298b0bbe40;
LS_000002298b0b5230_0_24 .concat [ 1 1 1 1], L_000002298b0bbe40, L_000002298b0bbe40, L_000002298b0bbe40, L_000002298b0bbe40;
LS_000002298b0b5230_0_28 .concat [ 1 1 1 1], L_000002298b0bbe40, L_000002298b0bbe40, L_000002298b0bbe40, L_000002298b0bbe40;
LS_000002298b0b5230_1_0 .concat [ 4 4 4 4], LS_000002298b0b5230_0_0, LS_000002298b0b5230_0_4, LS_000002298b0b5230_0_8, LS_000002298b0b5230_0_12;
LS_000002298b0b5230_1_4 .concat [ 4 4 4 4], LS_000002298b0b5230_0_16, LS_000002298b0b5230_0_20, LS_000002298b0b5230_0_24, LS_000002298b0b5230_0_28;
L_000002298b0b5230 .concat [ 16 16 0 0], LS_000002298b0b5230_1_0, LS_000002298b0b5230_1_4;
L_000002298b0b3d90 .part v000002298b08a200_0, 0, 8;
L_000002298b0b3f70 .part v000002298b08a200_0, 0, 16;
LS_000002298b0b4830_0_0 .concat [ 1 1 1 1], L_000002298b0bb270, L_000002298b0bb270, L_000002298b0bb270, L_000002298b0bb270;
LS_000002298b0b4830_0_4 .concat [ 1 1 1 1], L_000002298b0bb270, L_000002298b0bb270, L_000002298b0bb270, L_000002298b0bb270;
LS_000002298b0b4830_0_8 .concat [ 1 1 1 1], L_000002298b0bb270, L_000002298b0bb270, L_000002298b0bb270, L_000002298b0bb270;
LS_000002298b0b4830_0_12 .concat [ 1 1 1 1], L_000002298b0bb270, L_000002298b0bb270, L_000002298b0bb270, L_000002298b0bb270;
LS_000002298b0b4830_0_16 .concat [ 1 1 1 1], L_000002298b0bb270, L_000002298b0bb270, L_000002298b0bb270, L_000002298b0bb270;
LS_000002298b0b4830_0_20 .concat [ 1 1 1 1], L_000002298b0bb270, L_000002298b0bb270, L_000002298b0bb270, L_000002298b0bb270;
LS_000002298b0b4830_0_24 .concat [ 1 1 1 1], L_000002298b0bb270, L_000002298b0bb270, L_000002298b0bb270, L_000002298b0bb270;
LS_000002298b0b4830_0_28 .concat [ 1 1 1 1], L_000002298b0bb270, L_000002298b0bb270, L_000002298b0bb270, L_000002298b0bb270;
LS_000002298b0b4830_1_0 .concat [ 4 4 4 4], LS_000002298b0b4830_0_0, LS_000002298b0b4830_0_4, LS_000002298b0b4830_0_8, LS_000002298b0b4830_0_12;
LS_000002298b0b4830_1_4 .concat [ 4 4 4 4], LS_000002298b0b4830_0_16, LS_000002298b0b4830_0_20, LS_000002298b0b4830_0_24, LS_000002298b0b4830_0_28;
L_000002298b0b4830 .concat [ 16 16 0 0], LS_000002298b0b4830_1_0, LS_000002298b0b4830_1_4;
S_000002298ab56690 .scope module, "u_writeback" "writeback" 3 693, 11 1 0, S_000002298b013d90;
 .timescale -9 -12;
    .port_info 0 /INPUT 32 "AluResult";
    .port_info 1 /INPUT 32 "LoadData";
    .port_info 2 /INPUT 32 "pc_plus4";
    .port_info 3 /INPUT 32 "Offset";
    .port_info 4 /INPUT 1 "MemToReg";
    .port_info 5 /INPUT 1 "lui";
    .port_info 6 /INPUT 1 "Jump";
    .port_info 7 /OUTPUT 32 "WriteData";
v000002298b08a520_0 .net "AluResult", 31 0, v000002298b095960_0;  1 drivers
v000002298b08a700_0 .net "Jump", 0 0, v000002298b095a00_0;  1 drivers
v000002298b08bba0_0 .net "LoadData", 31 0, v000002298b095f00_0;  1 drivers
v000002298b08c280_0 .net "MemToReg", 0 0, v000002298b095d20_0;  1 drivers
v000002298b08c0a0_0 .net "Offset", 31 0, v000002298b095140_0;  1 drivers
v000002298b08bf60_0 .net "WriteData", 31 0, L_000002298b0b4ab0;  alias, 1 drivers
v000002298b08ade0_0 .net *"_ivl_0", 31 0, L_000002298b0b5b90;  1 drivers
v000002298b08bc40_0 .net *"_ivl_2", 31 0, L_000002298b0b5870;  1 drivers
v000002298b08ae80_0 .net "lui", 0 0, v000002298b096e00_0;  1 drivers
v000002298b08ad40_0 .net "pc_plus4", 31 0, v000002298b096ae0_0;  1 drivers
L_000002298b0b5b90 .functor MUXZ 32, v000002298b095960_0, v000002298b095f00_0, v000002298b095d20_0, C4<>;
L_000002298b0b5870 .functor MUXZ 32, L_000002298b0b5b90, v000002298b095140_0, v000002298b096e00_0, C4<>;
L_000002298b0b4ab0 .functor MUXZ 32, L_000002298b0b5870, v000002298b096ae0_0, v000002298b095a00_0, C4<>;
S_000002298b09dc00 .scope task, "write_inst" "write_inst" 2 59, 2 59 0, S_000002298b0096a0;
 .timescale -9 -12;
v000002298b099a60_0 .var "addr", 31 0;
v000002298b097f80_0 .var "word", 31 0;
TD_unit_hart_tb.write_inst ;
    %load/vec4 v000002298b097f80_0;
    %parti/s 8, 0, 2;
    %load/vec4 v000002298b099a60_0;
    %addi 0, 0, 32;
    %ix/vec4 4;
    %store/vec4a v000002298b0987a0, 4, 0;
    %load/vec4 v000002298b097f80_0;
    %parti/s 8, 8, 5;
    %load/vec4 v000002298b099a60_0;
    %addi 1, 0, 32;
    %ix/vec4 4;
    %store/vec4a v000002298b0987a0, 4, 0;
    %load/vec4 v000002298b097f80_0;
    %parti/s 8, 16, 6;
    %load/vec4 v000002298b099a60_0;
    %addi 2, 0, 32;
    %ix/vec4 4;
    %store/vec4a v000002298b0987a0, 4, 0;
    %load/vec4 v000002298b097f80_0;
    %parti/s 8, 24, 6;
    %load/vec4 v000002298b099a60_0;
    %addi 3, 0, 32;
    %ix/vec4 4;
    %store/vec4a v000002298b0987a0, 4, 0;
    %end;
    .scope S_000002298ab6e9d0;
T_1 ;
    %wait E_000002298afd6b00;
    %load/vec4 v000002298b083730_0;
    %flag_set/vec4 8;
    %jmp/0xz  T_1.0, 8;
    %pushi/vec4 0, 0, 32;
    %ix/load 3, 0, 0;
    %flag_set/imm 4, 0;
    %ix/load 4, 0, 0; Constant delay
    %assign/vec4/a/d v000002298b082e70, 0, 4;
    %pushi/vec4 0, 0, 32;
    %ix/load 3, 1, 0;
    %flag_set/imm 4, 0;
    %ix/load 4, 0, 0; Constant delay
    %assign/vec4/a/d v000002298b082e70, 0, 4;
    %pushi/vec4 0, 0, 32;
    %ix/load 3, 2, 0;
    %flag_set/imm 4, 0;
    %ix/load 4, 0, 0; Constant delay
    %assign/vec4/a/d v000002298b082e70, 0, 4;
    %pushi/vec4 0, 0, 32;
    %ix/load 3, 3, 0;
    %flag_set/imm 4, 0;
    %ix/load 4, 0, 0; Constant delay
    %assign/vec4/a/d v000002298b082e70, 0, 4;
    %pushi/vec4 0, 0, 32;
    %ix/load 3, 4, 0;
    %flag_set/imm 4, 0;
    %ix/load 4, 0, 0; Constant delay
    %assign/vec4/a/d v000002298b082e70, 0, 4;
    %pushi/vec4 0, 0, 32;
    %ix/load 3, 5, 0;
    %flag_set/imm 4, 0;
    %ix/load 4, 0, 0; Constant delay
    %assign/vec4/a/d v000002298b082e70, 0, 4;
    %pushi/vec4 0, 0, 32;
    %ix/load 3, 6, 0;
    %flag_set/imm 4, 0;
    %ix/load 4, 0, 0; Constant delay
    %assign/vec4/a/d v000002298b082e70, 0, 4;
    %pushi/vec4 0, 0, 32;
    %ix/load 3, 7, 0;
    %flag_set/imm 4, 0;
    %ix/load 4, 0, 0; Constant delay
    %assign/vec4/a/d v000002298b082e70, 0, 4;
    %pushi/vec4 0, 0, 32;
    %ix/load 3, 8, 0;
    %flag_set/imm 4, 0;
    %ix/load 4, 0, 0; Constant delay
    %assign/vec4/a/d v000002298b082e70, 0, 4;
    %pushi/vec4 0, 0, 32;
    %ix/load 3, 9, 0;
    %flag_set/imm 4, 0;
    %ix/load 4, 0, 0; Constant delay
    %assign/vec4/a/d v000002298b082e70, 0, 4;
    %pushi/vec4 0, 0, 32;
    %ix/load 3, 10, 0;
    %flag_set/imm 4, 0;
    %ix/load 4, 0, 0; Constant delay
    %assign/vec4/a/d v000002298b082e70, 0, 4;
    %pushi/vec4 0, 0, 32;
    %ix/load 3, 11, 0;
    %flag_set/imm 4, 0;
    %ix/load 4, 0, 0; Constant delay
    %assign/vec4/a/d v000002298b082e70, 0, 4;
    %pushi/vec4 0, 0, 32;
    %ix/load 3, 12, 0;
    %flag_set/imm 4, 0;
    %ix/load 4, 0, 0; Constant delay
    %assign/vec4/a/d v000002298b082e70, 0, 4;
    %pushi/vec4 0, 0, 32;
    %ix/load 3, 13, 0;
    %flag_set/imm 4, 0;
    %ix/load 4, 0, 0; Constant delay
    %assign/vec4/a/d v000002298b082e70, 0, 4;
    %pushi/vec4 0, 0, 32;
    %ix/load 3, 14, 0;
    %flag_set/imm 4, 0;
    %ix/load 4, 0, 0; Constant delay
    %assign/vec4/a/d v000002298b082e70, 0, 4;
    %pushi/vec4 0, 0, 32;
    %ix/load 3, 15, 0;
    %flag_set/imm 4, 0;
    %ix/load 4, 0, 0; Constant delay
    %assign/vec4/a/d v000002298b082e70, 0, 4;
    %pushi/vec4 0, 0, 32;
    %ix/load 3, 16, 0;
    %flag_set/imm 4, 0;
    %ix/load 4, 0, 0; Constant delay
    %assign/vec4/a/d v000002298b082e70, 0, 4;
    %pushi/vec4 0, 0, 32;
    %ix/load 3, 17, 0;
    %flag_set/imm 4, 0;
    %ix/load 4, 0, 0; Constant delay
    %assign/vec4/a/d v000002298b082e70, 0, 4;
    %pushi/vec4 0, 0, 32;
    %ix/load 3, 18, 0;
    %flag_set/imm 4, 0;
    %ix/load 4, 0, 0; Constant delay
    %assign/vec4/a/d v000002298b082e70, 0, 4;
    %pushi/vec4 0, 0, 32;
    %ix/load 3, 19, 0;
    %flag_set/imm 4, 0;
    %ix/load 4, 0, 0; Constant delay
    %assign/vec4/a/d v000002298b082e70, 0, 4;
    %pushi/vec4 0, 0, 32;
    %ix/load 3, 20, 0;
    %flag_set/imm 4, 0;
    %ix/load 4, 0, 0; Constant delay
    %assign/vec4/a/d v000002298b082e70, 0, 4;
    %pushi/vec4 0, 0, 32;
    %ix/load 3, 21, 0;
    %flag_set/imm 4, 0;
    %ix/load 4, 0, 0; Constant delay
    %assign/vec4/a/d v000002298b082e70, 0, 4;
    %pushi/vec4 0, 0, 32;
    %ix/load 3, 22, 0;
    %flag_set/imm 4, 0;
    %ix/load 4, 0, 0; Constant delay
    %assign/vec4/a/d v000002298b082e70, 0, 4;
    %pushi/vec4 0, 0, 32;
    %ix/load 3, 23, 0;
    %flag_set/imm 4, 0;
    %ix/load 4, 0, 0; Constant delay
    %assign/vec4/a/d v000002298b082e70, 0, 4;
    %pushi/vec4 0, 0, 32;
    %ix/load 3, 24, 0;
    %flag_set/imm 4, 0;
    %ix/load 4, 0, 0; Constant delay
    %assign/vec4/a/d v000002298b082e70, 0, 4;
    %pushi/vec4 0, 0, 32;
    %ix/load 3, 25, 0;
    %flag_set/imm 4, 0;
    %ix/load 4, 0, 0; Constant delay
    %assign/vec4/a/d v000002298b082e70, 0, 4;
    %pushi/vec4 0, 0, 32;
    %ix/load 3, 26, 0;
    %flag_set/imm 4, 0;
    %ix/load 4, 0, 0; Constant delay
    %assign/vec4/a/d v000002298b082e70, 0, 4;
    %pushi/vec4 0, 0, 32;
    %ix/load 3, 27, 0;
    %flag_set/imm 4, 0;
    %ix/load 4, 0, 0; Constant delay
    %assign/vec4/a/d v000002298b082e70, 0, 4;
    %pushi/vec4 0, 0, 32;
    %ix/load 3, 28, 0;
    %flag_set/imm 4, 0;
    %ix/load 4, 0, 0; Constant delay
    %assign/vec4/a/d v000002298b082e70, 0, 4;
    %pushi/vec4 0, 0, 32;
    %ix/load 3, 29, 0;
    %flag_set/imm 4, 0;
    %ix/load 4, 0, 0; Constant delay
    %assign/vec4/a/d v000002298b082e70, 0, 4;
    %pushi/vec4 0, 0, 32;
    %ix/load 3, 30, 0;
    %flag_set/imm 4, 0;
    %ix/load 4, 0, 0; Constant delay
    %assign/vec4/a/d v000002298b082e70, 0, 4;
    %pushi/vec4 0, 0, 32;
    %ix/load 3, 31, 0;
    %flag_set/imm 4, 0;
    %ix/load 4, 0, 0; Constant delay
    %assign/vec4/a/d v000002298b082e70, 0, 4;
    %jmp T_1.1;
T_1.0 ;
    %load/vec4 v000002298b083910_0;
    %flag_set/vec4 9;
    %flag_get/vec4 9;
    %jmp/0 T_1.4, 9;
    %load/vec4 v000002298b0825b0_0;
    %pushi/vec4 0, 0, 5;
    %cmp/ne;
    %flag_get/vec4 4;
    %and;
T_1.4;
    %flag_set/vec4 8;
    %jmp/0xz  T_1.2, 8;
    %load/vec4 v000002298b082b50_0;
    %load/vec4 v000002298b0825b0_0;
    %pad/u 7;
    %ix/vec4 3;
    %ix/load 4, 0, 0; Constant delay
    %assign/vec4/a/d v000002298b082e70, 0, 4;
T_1.2 ;
T_1.1 ;
    %jmp T_1;
    .thread T_1;
    .scope S_000002298ab6e290;
T_2 ;
    %wait E_000002298afd6200;
    %pushi/vec4 0, 0, 3;
    %store/vec4 v000002298b086dd0_0, 0, 3;
    %pushi/vec4 0, 0, 1;
    %store/vec4 v000002298b087e10_0, 0, 1;
    %pushi/vec4 0, 0, 1;
    %store/vec4 v000002298b0877d0_0, 0, 1;
    %pushi/vec4 0, 0, 1;
    %store/vec4 v000002298b086d30_0, 0, 1;
    %load/vec4 v000002298b086e70_0;
    %dup/vec4;
    %pushi/vec4 1, 2, 3;
    %cmp/z;
    %jmp/1 T_2.0, 4;
    %dup/vec4;
    %pushi/vec4 0, 2, 3;
    %cmp/z;
    %jmp/1 T_2.1, 4;
    %dup/vec4;
    %pushi/vec4 6, 0, 3;
    %cmp/z;
    %jmp/1 T_2.2, 4;
    %pushi/vec4 0, 0, 3;
    %store/vec4 v000002298b086dd0_0, 0, 3;
    %pushi/vec4 0, 0, 1;
    %store/vec4 v000002298b087e10_0, 0, 1;
    %pushi/vec4 0, 0, 1;
    %store/vec4 v000002298b0877d0_0, 0, 1;
    %pushi/vec4 0, 0, 1;
    %store/vec4 v000002298b086d30_0, 0, 1;
    %jmp T_2.4;
T_2.0 ;
    %load/vec4 v000002298b087af0_0;
    %dup/vec4;
    %pushi/vec4 55, 0, 7;
    %cmp/u;
    %jmp/1 T_2.5, 6;
    %dup/vec4;
    %pushi/vec4 23, 0, 7;
    %cmp/u;
    %jmp/1 T_2.6, 6;
    %load/vec4 v000002298b087eb0_0;
    %store/vec4 v000002298b086dd0_0, 0, 3;
    %load/vec4 v000002298b087af0_0;
    %pushi/vec4 51, 0, 7;
    %cmp/e;
    %flag_get/vec4 4;
    %load/vec4 v000002298b087eb0_0;
    %pushi/vec4 0, 0, 3;
    %cmp/e;
    %flag_get/vec4 4;
    %and;
    %load/vec4 v000002298b0879b0_0;
    %parti/s 1, 5, 4;
    %and;
    %store/vec4 v000002298b087e10_0, 0, 1;
    %load/vec4 v000002298b087eb0_0;
    %pushi/vec4 3, 0, 3;
    %cmp/e;
    %flag_get/vec4 4;
    %store/vec4 v000002298b0877d0_0, 0, 1;
    %load/vec4 v000002298b087eb0_0;
    %pushi/vec4 5, 0, 3;
    %cmp/e;
    %flag_get/vec4 4;
    %load/vec4 v000002298b0879b0_0;
    %parti/s 1, 5, 4;
    %and;
    %store/vec4 v000002298b086d30_0, 0, 1;
    %jmp T_2.8;
T_2.5 ;
    %pushi/vec4 0, 0, 3;
    %store/vec4 v000002298b086dd0_0, 0, 3;
    %pushi/vec4 0, 0, 1;
    %store/vec4 v000002298b087e10_0, 0, 1;
    %pushi/vec4 0, 0, 1;
    %store/vec4 v000002298b0877d0_0, 0, 1;
    %pushi/vec4 0, 0, 1;
    %store/vec4 v000002298b086d30_0, 0, 1;
    %jmp T_2.8;
T_2.6 ;
    %pushi/vec4 0, 0, 3;
    %store/vec4 v000002298b086dd0_0, 0, 3;
    %pushi/vec4 0, 0, 1;
    %store/vec4 v000002298b087e10_0, 0, 1;
    %pushi/vec4 0, 0, 1;
    %store/vec4 v000002298b0877d0_0, 0, 1;
    %pushi/vec4 0, 0, 1;
    %store/vec4 v000002298b086d30_0, 0, 1;
    %jmp T_2.8;
T_2.8 ;
    %pop/vec4 1;
    %jmp T_2.4;
T_2.1 ;
    %pushi/vec4 0, 0, 3;
    %store/vec4 v000002298b086dd0_0, 0, 3;
    %pushi/vec4 0, 0, 1;
    %store/vec4 v000002298b087e10_0, 0, 1;
    %pushi/vec4 0, 0, 1;
    %store/vec4 v000002298b0877d0_0, 0, 1;
    %pushi/vec4 0, 0, 1;
    %store/vec4 v000002298b086d30_0, 0, 1;
    %jmp T_2.4;
T_2.2 ;
    %pushi/vec4 0, 0, 3;
    %store/vec4 v000002298b086dd0_0, 0, 3;
    %load/vec4 v000002298b087af0_0;
    %pushi/vec4 99, 0, 7;
    %cmp/e;
    %flag_get/vec4 4;
    %store/vec4 v000002298b087e10_0, 0, 1;
    %load/vec4 v000002298b087af0_0;
    %pushi/vec4 99, 0, 7;
    %cmp/e;
    %flag_get/vec4 4;
    %load/vec4 v000002298b087eb0_0;
    %parti/s 1, 1, 2;
    %and;
    %store/vec4 v000002298b0877d0_0, 0, 1;
    %pushi/vec4 0, 0, 1;
    %store/vec4 v000002298b086d30_0, 0, 1;
    %jmp T_2.4;
T_2.4 ;
    %pop/vec4 1;
    %jmp T_2;
    .thread T_2, $push;
    .scope S_000002298aefde40;
T_3 ;
    %wait E_000002298afd6d00;
    %load/vec4 v000002298b087730_0;
    %dup/vec4;
    %pushi/vec4 0, 0, 5;
    %cmp/u;
    %jmp/1 T_3.0, 6;
    %dup/vec4;
    %pushi/vec4 1, 0, 5;
    %cmp/u;
    %jmp/1 T_3.1, 6;
    %dup/vec4;
    %pushi/vec4 2, 0, 5;
    %cmp/u;
    %jmp/1 T_3.2, 6;
    %dup/vec4;
    %pushi/vec4 3, 0, 5;
    %cmp/u;
    %jmp/1 T_3.3, 6;
    %dup/vec4;
    %pushi/vec4 4, 0, 5;
    %cmp/u;
    %jmp/1 T_3.4, 6;
    %dup/vec4;
    %pushi/vec4 5, 0, 5;
    %cmp/u;
    %jmp/1 T_3.5, 6;
    %dup/vec4;
    %pushi/vec4 6, 0, 5;
    %cmp/u;
    %jmp/1 T_3.6, 6;
    %dup/vec4;
    %pushi/vec4 7, 0, 5;
    %cmp/u;
    %jmp/1 T_3.7, 6;
    %dup/vec4;
    %pushi/vec4 8, 0, 5;
    %cmp/u;
    %jmp/1 T_3.8, 6;
    %dup/vec4;
    %pushi/vec4 9, 0, 5;
    %cmp/u;
    %jmp/1 T_3.9, 6;
    %dup/vec4;
    %pushi/vec4 10, 0, 5;
    %cmp/u;
    %jmp/1 T_3.10, 6;
    %dup/vec4;
    %pushi/vec4 11, 0, 5;
    %cmp/u;
    %jmp/1 T_3.11, 6;
    %dup/vec4;
    %pushi/vec4 12, 0, 5;
    %cmp/u;
    %jmp/1 T_3.12, 6;
    %dup/vec4;
    %pushi/vec4 13, 0, 5;
    %cmp/u;
    %jmp/1 T_3.13, 6;
    %dup/vec4;
    %pushi/vec4 14, 0, 5;
    %cmp/u;
    %jmp/1 T_3.14, 6;
    %dup/vec4;
    %pushi/vec4 15, 0, 5;
    %cmp/u;
    %jmp/1 T_3.15, 6;
    %dup/vec4;
    %pushi/vec4 16, 0, 5;
    %cmp/u;
    %jmp/1 T_3.16, 6;
    %dup/vec4;
    %pushi/vec4 17, 0, 5;
    %cmp/u;
    %jmp/1 T_3.17, 6;
    %dup/vec4;
    %pushi/vec4 18, 0, 5;
    %cmp/u;
    %jmp/1 T_3.18, 6;
    %dup/vec4;
    %pushi/vec4 19, 0, 5;
    %cmp/u;
    %jmp/1 T_3.19, 6;
    %dup/vec4;
    %pushi/vec4 20, 0, 5;
    %cmp/u;
    %jmp/1 T_3.20, 6;
    %dup/vec4;
    %pushi/vec4 21, 0, 5;
    %cmp/u;
    %jmp/1 T_3.21, 6;
    %dup/vec4;
    %pushi/vec4 22, 0, 5;
    %cmp/u;
    %jmp/1 T_3.22, 6;
    %dup/vec4;
    %pushi/vec4 23, 0, 5;
    %cmp/u;
    %jmp/1 T_3.23, 6;
    %dup/vec4;
    %pushi/vec4 24, 0, 5;
    %cmp/u;
    %jmp/1 T_3.24, 6;
    %dup/vec4;
    %pushi/vec4 25, 0, 5;
    %cmp/u;
    %jmp/1 T_3.25, 6;
    %dup/vec4;
    %pushi/vec4 26, 0, 5;
    %cmp/u;
    %jmp/1 T_3.26, 6;
    %dup/vec4;
    %pushi/vec4 27, 0, 5;
    %cmp/u;
    %jmp/1 T_3.27, 6;
    %dup/vec4;
    %pushi/vec4 28, 0, 5;
    %cmp/u;
    %jmp/1 T_3.28, 6;
    %dup/vec4;
    %pushi/vec4 29, 0, 5;
    %cmp/u;
    %jmp/1 T_3.29, 6;
    %dup/vec4;
    %pushi/vec4 30, 0, 5;
    %cmp/u;
    %jmp/1 T_3.30, 6;
    %dup/vec4;
    %pushi/vec4 31, 0, 5;
    %cmp/u;
    %jmp/1 T_3.31, 6;
    %pushi/vec4 0, 0, 32;
    %store/vec4 v000002298b087910_0, 0, 32;
    %jmp T_3.33;
T_3.0 ;
    %load/vec4 v000002298b086fb0_0;
    %store/vec4 v000002298b087910_0, 0, 32;
    %jmp T_3.33;
T_3.1 ;
    %load/vec4 v000002298b086fb0_0;
    %parti/s 31, 0, 2;
    %concati/vec4 0, 0, 1;
    %store/vec4 v000002298b087910_0, 0, 32;
    %jmp T_3.33;
T_3.2 ;
    %load/vec4 v000002298b086fb0_0;
    %parti/s 30, 0, 2;
    %concati/vec4 0, 0, 2;
    %store/vec4 v000002298b087910_0, 0, 32;
    %jmp T_3.33;
T_3.3 ;
    %load/vec4 v000002298b086fb0_0;
    %parti/s 29, 0, 2;
    %concati/vec4 0, 0, 3;
    %store/vec4 v000002298b087910_0, 0, 32;
    %jmp T_3.33;
T_3.4 ;
    %load/vec4 v000002298b086fb0_0;
    %parti/s 28, 0, 2;
    %concati/vec4 0, 0, 4;
    %store/vec4 v000002298b087910_0, 0, 32;
    %jmp T_3.33;
T_3.5 ;
    %load/vec4 v000002298b086fb0_0;
    %parti/s 27, 0, 2;
    %concati/vec4 0, 0, 5;
    %store/vec4 v000002298b087910_0, 0, 32;
    %jmp T_3.33;
T_3.6 ;
    %load/vec4 v000002298b086fb0_0;
    %parti/s 26, 0, 2;
    %concati/vec4 0, 0, 6;
    %store/vec4 v000002298b087910_0, 0, 32;
    %jmp T_3.33;
T_3.7 ;
    %load/vec4 v000002298b086fb0_0;
    %parti/s 25, 0, 2;
    %concati/vec4 0, 0, 7;
    %store/vec4 v000002298b087910_0, 0, 32;
    %jmp T_3.33;
T_3.8 ;
    %load/vec4 v000002298b086fb0_0;
    %parti/s 24, 0, 2;
    %concati/vec4 0, 0, 8;
    %store/vec4 v000002298b087910_0, 0, 32;
    %jmp T_3.33;
T_3.9 ;
    %load/vec4 v000002298b086fb0_0;
    %parti/s 23, 0, 2;
    %concati/vec4 0, 0, 9;
    %store/vec4 v000002298b087910_0, 0, 32;
    %jmp T_3.33;
T_3.10 ;
    %load/vec4 v000002298b086fb0_0;
    %parti/s 22, 0, 2;
    %concati/vec4 0, 0, 10;
    %store/vec4 v000002298b087910_0, 0, 32;
    %jmp T_3.33;
T_3.11 ;
    %load/vec4 v000002298b086fb0_0;
    %parti/s 21, 0, 2;
    %concati/vec4 0, 0, 11;
    %store/vec4 v000002298b087910_0, 0, 32;
    %jmp T_3.33;
T_3.12 ;
    %load/vec4 v000002298b086fb0_0;
    %parti/s 20, 0, 2;
    %concati/vec4 0, 0, 12;
    %store/vec4 v000002298b087910_0, 0, 32;
    %jmp T_3.33;
T_3.13 ;
    %load/vec4 v000002298b086fb0_0;
    %parti/s 19, 0, 2;
    %concati/vec4 0, 0, 13;
    %store/vec4 v000002298b087910_0, 0, 32;
    %jmp T_3.33;
T_3.14 ;
    %load/vec4 v000002298b086fb0_0;
    %parti/s 18, 0, 2;
    %concati/vec4 0, 0, 14;
    %store/vec4 v000002298b087910_0, 0, 32;
    %jmp T_3.33;
T_3.15 ;
    %load/vec4 v000002298b086fb0_0;
    %parti/s 17, 0, 2;
    %concati/vec4 0, 0, 15;
    %store/vec4 v000002298b087910_0, 0, 32;
    %jmp T_3.33;
T_3.16 ;
    %load/vec4 v000002298b086fb0_0;
    %parti/s 16, 0, 2;
    %concati/vec4 0, 0, 16;
    %store/vec4 v000002298b087910_0, 0, 32;
    %jmp T_3.33;
T_3.17 ;
    %load/vec4 v000002298b086fb0_0;
    %parti/s 15, 0, 2;
    %concati/vec4 0, 0, 17;
    %store/vec4 v000002298b087910_0, 0, 32;
    %jmp T_3.33;
T_3.18 ;
    %load/vec4 v000002298b086fb0_0;
    %parti/s 14, 0, 2;
    %concati/vec4 0, 0, 18;
    %store/vec4 v000002298b087910_0, 0, 32;
    %jmp T_3.33;
T_3.19 ;
    %load/vec4 v000002298b086fb0_0;
    %parti/s 13, 0, 2;
    %concati/vec4 0, 0, 19;
    %store/vec4 v000002298b087910_0, 0, 32;
    %jmp T_3.33;
T_3.20 ;
    %load/vec4 v000002298b086fb0_0;
    %parti/s 12, 0, 2;
    %concati/vec4 0, 0, 20;
    %store/vec4 v000002298b087910_0, 0, 32;
    %jmp T_3.33;
T_3.21 ;
    %load/vec4 v000002298b086fb0_0;
    %parti/s 11, 0, 2;
    %concati/vec4 0, 0, 21;
    %store/vec4 v000002298b087910_0, 0, 32;
    %jmp T_3.33;
T_3.22 ;
    %load/vec4 v000002298b086fb0_0;
    %parti/s 10, 0, 2;
    %concati/vec4 0, 0, 22;
    %store/vec4 v000002298b087910_0, 0, 32;
    %jmp T_3.33;
T_3.23 ;
    %load/vec4 v000002298b086fb0_0;
    %parti/s 9, 0, 2;
    %concati/vec4 0, 0, 23;
    %store/vec4 v000002298b087910_0, 0, 32;
    %jmp T_3.33;
T_3.24 ;
    %load/vec4 v000002298b086fb0_0;
    %parti/s 8, 0, 2;
    %concati/vec4 0, 0, 24;
    %store/vec4 v000002298b087910_0, 0, 32;
    %jmp T_3.33;
T_3.25 ;
    %load/vec4 v000002298b086fb0_0;
    %parti/s 7, 0, 2;
    %concati/vec4 0, 0, 25;
    %store/vec4 v000002298b087910_0, 0, 32;
    %jmp T_3.33;
T_3.26 ;
    %load/vec4 v000002298b086fb0_0;
    %parti/s 6, 0, 2;
    %concati/vec4 0, 0, 26;
    %store/vec4 v000002298b087910_0, 0, 32;
    %jmp T_3.33;
T_3.27 ;
    %load/vec4 v000002298b086fb0_0;
    %parti/s 5, 0, 2;
    %concati/vec4 0, 0, 27;
    %store/vec4 v000002298b087910_0, 0, 32;
    %jmp T_3.33;
T_3.28 ;
    %load/vec4 v000002298b086fb0_0;
    %parti/s 4, 0, 2;
    %concati/vec4 0, 0, 28;
    %store/vec4 v000002298b087910_0, 0, 32;
    %jmp T_3.33;
T_3.29 ;
    %load/vec4 v000002298b086fb0_0;
    %parti/s 3, 0, 2;
    %concati/vec4 0, 0, 29;
    %store/vec4 v000002298b087910_0, 0, 32;
    %jmp T_3.33;
T_3.30 ;
    %load/vec4 v000002298b086fb0_0;
    %parti/s 2, 0, 2;
    %concati/vec4 0, 0, 30;
    %store/vec4 v000002298b087910_0, 0, 32;
    %jmp T_3.33;
T_3.31 ;
    %load/vec4 v000002298b086fb0_0;
    %parti/s 1, 0, 2;
    %concati/vec4 0, 0, 31;
    %store/vec4 v000002298b087910_0, 0, 32;
    %jmp T_3.33;
T_3.33 ;
    %pop/vec4 1;
    %jmp T_3;
    .thread T_3, $push;
    .scope S_000002298aefde40;
T_4 ;
    %wait E_000002298afd6d00;
    %load/vec4 v000002298b087730_0;
    %dup/vec4;
    %pushi/vec4 0, 0, 5;
    %cmp/u;
    %jmp/1 T_4.0, 6;
    %dup/vec4;
    %pushi/vec4 1, 0, 5;
    %cmp/u;
    %jmp/1 T_4.1, 6;
    %dup/vec4;
    %pushi/vec4 2, 0, 5;
    %cmp/u;
    %jmp/1 T_4.2, 6;
    %dup/vec4;
    %pushi/vec4 3, 0, 5;
    %cmp/u;
    %jmp/1 T_4.3, 6;
    %dup/vec4;
    %pushi/vec4 4, 0, 5;
    %cmp/u;
    %jmp/1 T_4.4, 6;
    %dup/vec4;
    %pushi/vec4 5, 0, 5;
    %cmp/u;
    %jmp/1 T_4.5, 6;
    %dup/vec4;
    %pushi/vec4 6, 0, 5;
    %cmp/u;
    %jmp/1 T_4.6, 6;
    %dup/vec4;
    %pushi/vec4 7, 0, 5;
    %cmp/u;
    %jmp/1 T_4.7, 6;
    %dup/vec4;
    %pushi/vec4 8, 0, 5;
    %cmp/u;
    %jmp/1 T_4.8, 6;
    %dup/vec4;
    %pushi/vec4 9, 0, 5;
    %cmp/u;
    %jmp/1 T_4.9, 6;
    %dup/vec4;
    %pushi/vec4 10, 0, 5;
    %cmp/u;
    %jmp/1 T_4.10, 6;
    %dup/vec4;
    %pushi/vec4 11, 0, 5;
    %cmp/u;
    %jmp/1 T_4.11, 6;
    %dup/vec4;
    %pushi/vec4 12, 0, 5;
    %cmp/u;
    %jmp/1 T_4.12, 6;
    %dup/vec4;
    %pushi/vec4 13, 0, 5;
    %cmp/u;
    %jmp/1 T_4.13, 6;
    %dup/vec4;
    %pushi/vec4 14, 0, 5;
    %cmp/u;
    %jmp/1 T_4.14, 6;
    %dup/vec4;
    %pushi/vec4 15, 0, 5;
    %cmp/u;
    %jmp/1 T_4.15, 6;
    %dup/vec4;
    %pushi/vec4 16, 0, 5;
    %cmp/u;
    %jmp/1 T_4.16, 6;
    %dup/vec4;
    %pushi/vec4 17, 0, 5;
    %cmp/u;
    %jmp/1 T_4.17, 6;
    %dup/vec4;
    %pushi/vec4 18, 0, 5;
    %cmp/u;
    %jmp/1 T_4.18, 6;
    %dup/vec4;
    %pushi/vec4 19, 0, 5;
    %cmp/u;
    %jmp/1 T_4.19, 6;
    %dup/vec4;
    %pushi/vec4 20, 0, 5;
    %cmp/u;
    %jmp/1 T_4.20, 6;
    %dup/vec4;
    %pushi/vec4 21, 0, 5;
    %cmp/u;
    %jmp/1 T_4.21, 6;
    %dup/vec4;
    %pushi/vec4 22, 0, 5;
    %cmp/u;
    %jmp/1 T_4.22, 6;
    %dup/vec4;
    %pushi/vec4 23, 0, 5;
    %cmp/u;
    %jmp/1 T_4.23, 6;
    %dup/vec4;
    %pushi/vec4 24, 0, 5;
    %cmp/u;
    %jmp/1 T_4.24, 6;
    %dup/vec4;
    %pushi/vec4 25, 0, 5;
    %cmp/u;
    %jmp/1 T_4.25, 6;
    %dup/vec4;
    %pushi/vec4 26, 0, 5;
    %cmp/u;
    %jmp/1 T_4.26, 6;
    %dup/vec4;
    %pushi/vec4 27, 0, 5;
    %cmp/u;
    %jmp/1 T_4.27, 6;
    %dup/vec4;
    %pushi/vec4 28, 0, 5;
    %cmp/u;
    %jmp/1 T_4.28, 6;
    %dup/vec4;
    %pushi/vec4 29, 0, 5;
    %cmp/u;
    %jmp/1 T_4.29, 6;
    %dup/vec4;
    %pushi/vec4 30, 0, 5;
    %cmp/u;
    %jmp/1 T_4.30, 6;
    %dup/vec4;
    %pushi/vec4 31, 0, 5;
    %cmp/u;
    %jmp/1 T_4.31, 6;
    %pushi/vec4 0, 0, 32;
    %store/vec4 v000002298b086bf0_0, 0, 32;
    %jmp T_4.33;
T_4.0 ;
    %load/vec4 v000002298b086fb0_0;
    %store/vec4 v000002298b086bf0_0, 0, 32;
    %jmp T_4.33;
T_4.1 ;
    %pushi/vec4 0, 0, 1;
    %load/vec4 v000002298b086fb0_0;
    %parti/s 31, 1, 2;
    %concat/vec4; draw_concat_vec4
    %store/vec4 v000002298b086bf0_0, 0, 32;
    %jmp T_4.33;
T_4.2 ;
    %pushi/vec4 0, 0, 2;
    %load/vec4 v000002298b086fb0_0;
    %parti/s 30, 2, 3;
    %concat/vec4; draw_concat_vec4
    %store/vec4 v000002298b086bf0_0, 0, 32;
    %jmp T_4.33;
T_4.3 ;
    %pushi/vec4 0, 0, 3;
    %load/vec4 v000002298b086fb0_0;
    %parti/s 29, 3, 3;
    %concat/vec4; draw_concat_vec4
    %store/vec4 v000002298b086bf0_0, 0, 32;
    %jmp T_4.33;
T_4.4 ;
    %pushi/vec4 0, 0, 4;
    %load/vec4 v000002298b086fb0_0;
    %parti/s 28, 4, 4;
    %concat/vec4; draw_concat_vec4
    %store/vec4 v000002298b086bf0_0, 0, 32;
    %jmp T_4.33;
T_4.5 ;
    %pushi/vec4 0, 0, 5;
    %load/vec4 v000002298b086fb0_0;
    %parti/s 27, 5, 4;
    %concat/vec4; draw_concat_vec4
    %store/vec4 v000002298b086bf0_0, 0, 32;
    %jmp T_4.33;
T_4.6 ;
    %pushi/vec4 0, 0, 6;
    %load/vec4 v000002298b086fb0_0;
    %parti/s 26, 6, 4;
    %concat/vec4; draw_concat_vec4
    %store/vec4 v000002298b086bf0_0, 0, 32;
    %jmp T_4.33;
T_4.7 ;
    %pushi/vec4 0, 0, 7;
    %load/vec4 v000002298b086fb0_0;
    %parti/s 25, 7, 4;
    %concat/vec4; draw_concat_vec4
    %store/vec4 v000002298b086bf0_0, 0, 32;
    %jmp T_4.33;
T_4.8 ;
    %pushi/vec4 0, 0, 8;
    %load/vec4 v000002298b086fb0_0;
    %parti/s 24, 8, 5;
    %concat/vec4; draw_concat_vec4
    %store/vec4 v000002298b086bf0_0, 0, 32;
    %jmp T_4.33;
T_4.9 ;
    %pushi/vec4 0, 0, 9;
    %load/vec4 v000002298b086fb0_0;
    %parti/s 23, 9, 5;
    %concat/vec4; draw_concat_vec4
    %store/vec4 v000002298b086bf0_0, 0, 32;
    %jmp T_4.33;
T_4.10 ;
    %pushi/vec4 0, 0, 10;
    %load/vec4 v000002298b086fb0_0;
    %parti/s 22, 10, 5;
    %concat/vec4; draw_concat_vec4
    %store/vec4 v000002298b086bf0_0, 0, 32;
    %jmp T_4.33;
T_4.11 ;
    %pushi/vec4 0, 0, 11;
    %load/vec4 v000002298b086fb0_0;
    %parti/s 21, 11, 5;
    %concat/vec4; draw_concat_vec4
    %store/vec4 v000002298b086bf0_0, 0, 32;
    %jmp T_4.33;
T_4.12 ;
    %pushi/vec4 0, 0, 12;
    %load/vec4 v000002298b086fb0_0;
    %parti/s 20, 12, 5;
    %concat/vec4; draw_concat_vec4
    %store/vec4 v000002298b086bf0_0, 0, 32;
    %jmp T_4.33;
T_4.13 ;
    %pushi/vec4 0, 0, 13;
    %load/vec4 v000002298b086fb0_0;
    %parti/s 19, 13, 5;
    %concat/vec4; draw_concat_vec4
    %store/vec4 v000002298b086bf0_0, 0, 32;
    %jmp T_4.33;
T_4.14 ;
    %pushi/vec4 0, 0, 14;
    %load/vec4 v000002298b086fb0_0;
    %parti/s 18, 14, 5;
    %concat/vec4; draw_concat_vec4
    %store/vec4 v000002298b086bf0_0, 0, 32;
    %jmp T_4.33;
T_4.15 ;
    %pushi/vec4 0, 0, 15;
    %load/vec4 v000002298b086fb0_0;
    %parti/s 17, 15, 5;
    %concat/vec4; draw_concat_vec4
    %store/vec4 v000002298b086bf0_0, 0, 32;
    %jmp T_4.33;
T_4.16 ;
    %pushi/vec4 0, 0, 16;
    %load/vec4 v000002298b086fb0_0;
    %parti/s 16, 16, 6;
    %concat/vec4; draw_concat_vec4
    %store/vec4 v000002298b086bf0_0, 0, 32;
    %jmp T_4.33;
T_4.17 ;
    %pushi/vec4 0, 0, 17;
    %load/vec4 v000002298b086fb0_0;
    %parti/s 15, 17, 6;
    %concat/vec4; draw_concat_vec4
    %store/vec4 v000002298b086bf0_0, 0, 32;
    %jmp T_4.33;
T_4.18 ;
    %pushi/vec4 0, 0, 18;
    %load/vec4 v000002298b086fb0_0;
    %parti/s 14, 18, 6;
    %concat/vec4; draw_concat_vec4
    %store/vec4 v000002298b086bf0_0, 0, 32;
    %jmp T_4.33;
T_4.19 ;
    %pushi/vec4 0, 0, 19;
    %load/vec4 v000002298b086fb0_0;
    %parti/s 13, 19, 6;
    %concat/vec4; draw_concat_vec4
    %store/vec4 v000002298b086bf0_0, 0, 32;
    %jmp T_4.33;
T_4.20 ;
    %pushi/vec4 0, 0, 20;
    %load/vec4 v000002298b086fb0_0;
    %parti/s 12, 20, 6;
    %concat/vec4; draw_concat_vec4
    %store/vec4 v000002298b086bf0_0, 0, 32;
    %jmp T_4.33;
T_4.21 ;
    %pushi/vec4 0, 0, 21;
    %load/vec4 v000002298b086fb0_0;
    %parti/s 11, 21, 6;
    %concat/vec4; draw_concat_vec4
    %store/vec4 v000002298b086bf0_0, 0, 32;
    %jmp T_4.33;
T_4.22 ;
    %pushi/vec4 0, 0, 22;
    %load/vec4 v000002298b086fb0_0;
    %parti/s 10, 22, 6;
    %concat/vec4; draw_concat_vec4
    %store/vec4 v000002298b086bf0_0, 0, 32;
    %jmp T_4.33;
T_4.23 ;
    %pushi/vec4 0, 0, 23;
    %load/vec4 v000002298b086fb0_0;
    %parti/s 9, 23, 6;
    %concat/vec4; draw_concat_vec4
    %store/vec4 v000002298b086bf0_0, 0, 32;
    %jmp T_4.33;
T_4.24 ;
    %pushi/vec4 0, 0, 24;
    %load/vec4 v000002298b086fb0_0;
    %parti/s 8, 24, 6;
    %concat/vec4; draw_concat_vec4
    %store/vec4 v000002298b086bf0_0, 0, 32;
    %jmp T_4.33;
T_4.25 ;
    %pushi/vec4 0, 0, 25;
    %load/vec4 v000002298b086fb0_0;
    %parti/s 7, 25, 6;
    %concat/vec4; draw_concat_vec4
    %store/vec4 v000002298b086bf0_0, 0, 32;
    %jmp T_4.33;
T_4.26 ;
    %pushi/vec4 0, 0, 26;
    %load/vec4 v000002298b086fb0_0;
    %parti/s 6, 26, 6;
    %concat/vec4; draw_concat_vec4
    %store/vec4 v000002298b086bf0_0, 0, 32;
    %jmp T_4.33;
T_4.27 ;
    %pushi/vec4 0, 0, 27;
    %load/vec4 v000002298b086fb0_0;
    %parti/s 5, 27, 6;
    %concat/vec4; draw_concat_vec4
    %store/vec4 v000002298b086bf0_0, 0, 32;
    %jmp T_4.33;
T_4.28 ;
    %pushi/vec4 0, 0, 28;
    %load/vec4 v000002298b086fb0_0;
    %parti/s 4, 28, 6;
    %concat/vec4; draw_concat_vec4
    %store/vec4 v000002298b086bf0_0, 0, 32;
    %jmp T_4.33;
T_4.29 ;
    %pushi/vec4 0, 0, 29;
    %load/vec4 v000002298b086fb0_0;
    %parti/s 3, 29, 6;
    %concat/vec4; draw_concat_vec4
    %store/vec4 v000002298b086bf0_0, 0, 32;
    %jmp T_4.33;
T_4.30 ;
    %pushi/vec4 0, 0, 30;
    %load/vec4 v000002298b086fb0_0;
    %parti/s 2, 30, 6;
    %concat/vec4; draw_concat_vec4
    %store/vec4 v000002298b086bf0_0, 0, 32;
    %jmp T_4.33;
T_4.31 ;
    %pushi/vec4 0, 0, 31;
    %load/vec4 v000002298b086fb0_0;
    %parti/s 1, 31, 6;
    %concat/vec4; draw_concat_vec4
    %store/vec4 v000002298b086bf0_0, 0, 32;
    %jmp T_4.33;
T_4.33 ;
    %pop/vec4 1;
    %jmp T_4;
    .thread T_4, $push;
    .scope S_000002298aefde40;
T_5 ;
    %wait E_000002298afd6d00;
    %load/vec4 v000002298b087730_0;
    %dup/vec4;
    %pushi/vec4 0, 0, 5;
    %cmp/u;
    %jmp/1 T_5.0, 6;
    %dup/vec4;
    %pushi/vec4 1, 0, 5;
    %cmp/u;
    %jmp/1 T_5.1, 6;
    %dup/vec4;
    %pushi/vec4 2, 0, 5;
    %cmp/u;
    %jmp/1 T_5.2, 6;
    %dup/vec4;
    %pushi/vec4 3, 0, 5;
    %cmp/u;
    %jmp/1 T_5.3, 6;
    %dup/vec4;
    %pushi/vec4 4, 0, 5;
    %cmp/u;
    %jmp/1 T_5.4, 6;
    %dup/vec4;
    %pushi/vec4 5, 0, 5;
    %cmp/u;
    %jmp/1 T_5.5, 6;
    %dup/vec4;
    %pushi/vec4 6, 0, 5;
    %cmp/u;
    %jmp/1 T_5.6, 6;
    %dup/vec4;
    %pushi/vec4 7, 0, 5;
    %cmp/u;
    %jmp/1 T_5.7, 6;
    %dup/vec4;
    %pushi/vec4 8, 0, 5;
    %cmp/u;
    %jmp/1 T_5.8, 6;
    %dup/vec4;
    %pushi/vec4 9, 0, 5;
    %cmp/u;
    %jmp/1 T_5.9, 6;
    %dup/vec4;
    %pushi/vec4 10, 0, 5;
    %cmp/u;
    %jmp/1 T_5.10, 6;
    %dup/vec4;
    %pushi/vec4 11, 0, 5;
    %cmp/u;
    %jmp/1 T_5.11, 6;
    %dup/vec4;
    %pushi/vec4 12, 0, 5;
    %cmp/u;
    %jmp/1 T_5.12, 6;
    %dup/vec4;
    %pushi/vec4 13, 0, 5;
    %cmp/u;
    %jmp/1 T_5.13, 6;
    %dup/vec4;
    %pushi/vec4 14, 0, 5;
    %cmp/u;
    %jmp/1 T_5.14, 6;
    %dup/vec4;
    %pushi/vec4 15, 0, 5;
    %cmp/u;
    %jmp/1 T_5.15, 6;
    %dup/vec4;
    %pushi/vec4 16, 0, 5;
    %cmp/u;
    %jmp/1 T_5.16, 6;
    %dup/vec4;
    %pushi/vec4 17, 0, 5;
    %cmp/u;
    %jmp/1 T_5.17, 6;
    %dup/vec4;
    %pushi/vec4 18, 0, 5;
    %cmp/u;
    %jmp/1 T_5.18, 6;
    %dup/vec4;
    %pushi/vec4 19, 0, 5;
    %cmp/u;
    %jmp/1 T_5.19, 6;
    %dup/vec4;
    %pushi/vec4 20, 0, 5;
    %cmp/u;
    %jmp/1 T_5.20, 6;
    %dup/vec4;
    %pushi/vec4 21, 0, 5;
    %cmp/u;
    %jmp/1 T_5.21, 6;
    %dup/vec4;
    %pushi/vec4 22, 0, 5;
    %cmp/u;
    %jmp/1 T_5.22, 6;
    %dup/vec4;
    %pushi/vec4 23, 0, 5;
    %cmp/u;
    %jmp/1 T_5.23, 6;
    %dup/vec4;
    %pushi/vec4 24, 0, 5;
    %cmp/u;
    %jmp/1 T_5.24, 6;
    %dup/vec4;
    %pushi/vec4 25, 0, 5;
    %cmp/u;
    %jmp/1 T_5.25, 6;
    %dup/vec4;
    %pushi/vec4 26, 0, 5;
    %cmp/u;
    %jmp/1 T_5.26, 6;
    %dup/vec4;
    %pushi/vec4 27, 0, 5;
    %cmp/u;
    %jmp/1 T_5.27, 6;
    %dup/vec4;
    %pushi/vec4 28, 0, 5;
    %cmp/u;
    %jmp/1 T_5.28, 6;
    %dup/vec4;
    %pushi/vec4 29, 0, 5;
    %cmp/u;
    %jmp/1 T_5.29, 6;
    %dup/vec4;
    %pushi/vec4 30, 0, 5;
    %cmp/u;
    %jmp/1 T_5.30, 6;
    %dup/vec4;
    %pushi/vec4 31, 0, 5;
    %cmp/u;
    %jmp/1 T_5.31, 6;
    %pushi/vec4 0, 0, 32;
    %store/vec4 v000002298b088130_0, 0, 32;
    %jmp T_5.33;
T_5.0 ;
    %load/vec4 v000002298b086fb0_0;
    %store/vec4 v000002298b088130_0, 0, 32;
    %jmp T_5.33;
T_5.1 ;
    %load/vec4 v000002298b086fb0_0;
    %parti/s 1, 31, 6;
    %load/vec4 v000002298b086fb0_0;
    %parti/s 31, 1, 2;
    %concat/vec4; draw_concat_vec4
    %store/vec4 v000002298b088130_0, 0, 32;
    %jmp T_5.33;
T_5.2 ;
    %load/vec4 v000002298b086fb0_0;
    %parti/s 1, 31, 6;
    %replicate 2;
    %load/vec4 v000002298b086fb0_0;
    %parti/s 30, 2, 3;
    %concat/vec4; draw_concat_vec4
    %store/vec4 v000002298b088130_0, 0, 32;
    %jmp T_5.33;
T_5.3 ;
    %load/vec4 v000002298b086fb0_0;
    %parti/s 1, 31, 6;
    %replicate 3;
    %load/vec4 v000002298b086fb0_0;
    %parti/s 29, 3, 3;
    %concat/vec4; draw_concat_vec4
    %store/vec4 v000002298b088130_0, 0, 32;
    %jmp T_5.33;
T_5.4 ;
    %load/vec4 v000002298b086fb0_0;
    %parti/s 1, 31, 6;
    %replicate 4;
    %load/vec4 v000002298b086fb0_0;
    %parti/s 28, 4, 4;
    %concat/vec4; draw_concat_vec4
    %store/vec4 v000002298b088130_0, 0, 32;
    %jmp T_5.33;
T_5.5 ;
    %load/vec4 v000002298b086fb0_0;
    %parti/s 1, 31, 6;
    %replicate 5;
    %load/vec4 v000002298b086fb0_0;
    %parti/s 27, 5, 4;
    %concat/vec4; draw_concat_vec4
    %store/vec4 v000002298b088130_0, 0, 32;
    %jmp T_5.33;
T_5.6 ;
    %load/vec4 v000002298b086fb0_0;
    %parti/s 1, 31, 6;
    %replicate 6;
    %load/vec4 v000002298b086fb0_0;
    %parti/s 26, 6, 4;
    %concat/vec4; draw_concat_vec4
    %store/vec4 v000002298b088130_0, 0, 32;
    %jmp T_5.33;
T_5.7 ;
    %load/vec4 v000002298b086fb0_0;
    %parti/s 1, 31, 6;
    %replicate 7;
    %load/vec4 v000002298b086fb0_0;
    %parti/s 25, 7, 4;
    %concat/vec4; draw_concat_vec4
    %store/vec4 v000002298b088130_0, 0, 32;
    %jmp T_5.33;
T_5.8 ;
    %load/vec4 v000002298b086fb0_0;
    %parti/s 1, 31, 6;
    %replicate 8;
    %load/vec4 v000002298b086fb0_0;
    %parti/s 24, 8, 5;
    %concat/vec4; draw_concat_vec4
    %store/vec4 v000002298b088130_0, 0, 32;
    %jmp T_5.33;
T_5.9 ;
    %load/vec4 v000002298b086fb0_0;
    %parti/s 1, 31, 6;
    %replicate 9;
    %load/vec4 v000002298b086fb0_0;
    %parti/s 23, 9, 5;
    %concat/vec4; draw_concat_vec4
    %store/vec4 v000002298b088130_0, 0, 32;
    %jmp T_5.33;
T_5.10 ;
    %load/vec4 v000002298b086fb0_0;
    %parti/s 1, 31, 6;
    %replicate 10;
    %load/vec4 v000002298b086fb0_0;
    %parti/s 22, 10, 5;
    %concat/vec4; draw_concat_vec4
    %store/vec4 v000002298b088130_0, 0, 32;
    %jmp T_5.33;
T_5.11 ;
    %load/vec4 v000002298b086fb0_0;
    %parti/s 1, 31, 6;
    %replicate 11;
    %load/vec4 v000002298b086fb0_0;
    %parti/s 21, 11, 5;
    %concat/vec4; draw_concat_vec4
    %store/vec4 v000002298b088130_0, 0, 32;
    %jmp T_5.33;
T_5.12 ;
    %load/vec4 v000002298b086fb0_0;
    %parti/s 1, 31, 6;
    %replicate 12;
    %load/vec4 v000002298b086fb0_0;
    %parti/s 20, 12, 5;
    %concat/vec4; draw_concat_vec4
    %store/vec4 v000002298b088130_0, 0, 32;
    %jmp T_5.33;
T_5.13 ;
    %load/vec4 v000002298b086fb0_0;
    %parti/s 1, 31, 6;
    %replicate 13;
    %load/vec4 v000002298b086fb0_0;
    %parti/s 19, 13, 5;
    %concat/vec4; draw_concat_vec4
    %store/vec4 v000002298b088130_0, 0, 32;
    %jmp T_5.33;
T_5.14 ;
    %load/vec4 v000002298b086fb0_0;
    %parti/s 1, 31, 6;
    %replicate 14;
    %load/vec4 v000002298b086fb0_0;
    %parti/s 18, 14, 5;
    %concat/vec4; draw_concat_vec4
    %store/vec4 v000002298b088130_0, 0, 32;
    %jmp T_5.33;
T_5.15 ;
    %load/vec4 v000002298b086fb0_0;
    %parti/s 1, 31, 6;
    %replicate 15;
    %load/vec4 v000002298b086fb0_0;
    %parti/s 17, 15, 5;
    %concat/vec4; draw_concat_vec4
    %store/vec4 v000002298b088130_0, 0, 32;
    %jmp T_5.33;
T_5.16 ;
    %load/vec4 v000002298b086fb0_0;
    %parti/s 1, 31, 6;
    %replicate 16;
    %load/vec4 v000002298b086fb0_0;
    %parti/s 16, 16, 6;
    %concat/vec4; draw_concat_vec4
    %store/vec4 v000002298b088130_0, 0, 32;
    %jmp T_5.33;
T_5.17 ;
    %load/vec4 v000002298b086fb0_0;
    %parti/s 1, 31, 6;
    %replicate 17;
    %load/vec4 v000002298b086fb0_0;
    %parti/s 15, 17, 6;
    %concat/vec4; draw_concat_vec4
    %store/vec4 v000002298b088130_0, 0, 32;
    %jmp T_5.33;
T_5.18 ;
    %load/vec4 v000002298b086fb0_0;
    %parti/s 1, 31, 6;
    %replicate 18;
    %load/vec4 v000002298b086fb0_0;
    %parti/s 14, 18, 6;
    %concat/vec4; draw_concat_vec4
    %store/vec4 v000002298b088130_0, 0, 32;
    %jmp T_5.33;
T_5.19 ;
    %load/vec4 v000002298b086fb0_0;
    %parti/s 1, 31, 6;
    %replicate 19;
    %load/vec4 v000002298b086fb0_0;
    %parti/s 13, 19, 6;
    %concat/vec4; draw_concat_vec4
    %store/vec4 v000002298b088130_0, 0, 32;
    %jmp T_5.33;
T_5.20 ;
    %load/vec4 v000002298b086fb0_0;
    %parti/s 1, 31, 6;
    %replicate 20;
    %load/vec4 v000002298b086fb0_0;
    %parti/s 12, 20, 6;
    %concat/vec4; draw_concat_vec4
    %store/vec4 v000002298b088130_0, 0, 32;
    %jmp T_5.33;
T_5.21 ;
    %load/vec4 v000002298b086fb0_0;
    %parti/s 1, 31, 6;
    %replicate 21;
    %load/vec4 v000002298b086fb0_0;
    %parti/s 11, 21, 6;
    %concat/vec4; draw_concat_vec4
    %store/vec4 v000002298b088130_0, 0, 32;
    %jmp T_5.33;
T_5.22 ;
    %load/vec4 v000002298b086fb0_0;
    %parti/s 1, 31, 6;
    %replicate 22;
    %load/vec4 v000002298b086fb0_0;
    %parti/s 10, 22, 6;
    %concat/vec4; draw_concat_vec4
    %store/vec4 v000002298b088130_0, 0, 32;
    %jmp T_5.33;
T_5.23 ;
    %load/vec4 v000002298b086fb0_0;
    %parti/s 1, 31, 6;
    %replicate 23;
    %load/vec4 v000002298b086fb0_0;
    %parti/s 9, 23, 6;
    %concat/vec4; draw_concat_vec4
    %store/vec4 v000002298b088130_0, 0, 32;
    %jmp T_5.33;
T_5.24 ;
    %load/vec4 v000002298b086fb0_0;
    %parti/s 1, 31, 6;
    %replicate 24;
    %load/vec4 v000002298b086fb0_0;
    %parti/s 8, 24, 6;
    %concat/vec4; draw_concat_vec4
    %store/vec4 v000002298b088130_0, 0, 32;
    %jmp T_5.33;
T_5.25 ;
    %load/vec4 v000002298b086fb0_0;
    %parti/s 1, 31, 6;
    %replicate 25;
    %load/vec4 v000002298b086fb0_0;
    %parti/s 7, 25, 6;
    %concat/vec4; draw_concat_vec4
    %store/vec4 v000002298b088130_0, 0, 32;
    %jmp T_5.33;
T_5.26 ;
    %load/vec4 v000002298b086fb0_0;
    %parti/s 1, 31, 6;
    %replicate 26;
    %load/vec4 v000002298b086fb0_0;
    %parti/s 6, 26, 6;
    %concat/vec4; draw_concat_vec4
    %store/vec4 v000002298b088130_0, 0, 32;
    %jmp T_5.33;
T_5.27 ;
    %load/vec4 v000002298b086fb0_0;
    %parti/s 1, 31, 6;
    %replicate 27;
    %load/vec4 v000002298b086fb0_0;
    %parti/s 5, 27, 6;
    %concat/vec4; draw_concat_vec4
    %store/vec4 v000002298b088130_0, 0, 32;
    %jmp T_5.33;
T_5.28 ;
    %load/vec4 v000002298b086fb0_0;
    %parti/s 1, 31, 6;
    %replicate 28;
    %load/vec4 v000002298b086fb0_0;
    %parti/s 4, 28, 6;
    %concat/vec4; draw_concat_vec4
    %store/vec4 v000002298b088130_0, 0, 32;
    %jmp T_5.33;
T_5.29 ;
    %load/vec4 v000002298b086fb0_0;
    %parti/s 1, 31, 6;
    %replicate 29;
    %load/vec4 v000002298b086fb0_0;
    %parti/s 3, 29, 6;
    %concat/vec4; draw_concat_vec4
    %store/vec4 v000002298b088130_0, 0, 32;
    %jmp T_5.33;
T_5.30 ;
    %load/vec4 v000002298b086fb0_0;
    %parti/s 1, 31, 6;
    %replicate 30;
    %load/vec4 v000002298b086fb0_0;
    %parti/s 2, 30, 6;
    %concat/vec4; draw_concat_vec4
    %store/vec4 v000002298b088130_0, 0, 32;
    %jmp T_5.33;
T_5.31 ;
    %load/vec4 v000002298b086fb0_0;
    %parti/s 1, 31, 6;
    %replicate 31;
    %load/vec4 v000002298b086fb0_0;
    %parti/s 1, 31, 6;
    %concat/vec4; draw_concat_vec4
    %store/vec4 v000002298b088130_0, 0, 32;
    %jmp T_5.33;
T_5.33 ;
    %pop/vec4 1;
    %jmp T_5;
    .thread T_5, $push;
    .scope S_000002298aefde40;
T_6 ;
    %wait E_000002298afd6580;
    %load/vec4 v000002298b087550_0;
    %dup/vec4;
    %pushi/vec4 0, 0, 3;
    %cmp/u;
    %jmp/1 T_6.0, 6;
    %dup/vec4;
    %pushi/vec4 1, 0, 3;
    %cmp/u;
    %jmp/1 T_6.1, 6;
    %dup/vec4;
    %pushi/vec4 2, 0, 3;
    %cmp/u;
    %jmp/1 T_6.2, 6;
    %dup/vec4;
    %pushi/vec4 3, 0, 3;
    %cmp/u;
    %jmp/1 T_6.3, 6;
    %dup/vec4;
    %pushi/vec4 4, 0, 3;
    %cmp/u;
    %jmp/1 T_6.4, 6;
    %dup/vec4;
    %pushi/vec4 5, 0, 3;
    %cmp/u;
    %jmp/1 T_6.5, 6;
    %dup/vec4;
    %pushi/vec4 6, 0, 3;
    %cmp/u;
    %jmp/1 T_6.6, 6;
    %dup/vec4;
    %pushi/vec4 7, 0, 3;
    %cmp/u;
    %jmp/1 T_6.7, 6;
    %pushi/vec4 0, 0, 32;
    %store/vec4 v000002298b086c90_0, 0, 32;
    %jmp T_6.9;
T_6.0 ;
    %load/vec4 v000002298b087190_0;
    %dup/vec4;
    %pushi/vec4 0, 0, 1;
    %cmp/u;
    %jmp/1 T_6.10, 6;
    %dup/vec4;
    %pushi/vec4 1, 0, 1;
    %cmp/u;
    %jmp/1 T_6.11, 6;
    %pushi/vec4 0, 0, 32;
    %store/vec4 v000002298b086c90_0, 0, 32;
    %jmp T_6.13;
T_6.10 ;
    %load/vec4 v000002298b086fb0_0;
    %load/vec4 v000002298b0872d0_0;
    %add;
    %store/vec4 v000002298b086c90_0, 0, 32;
    %jmp T_6.13;
T_6.11 ;
    %load/vec4 v000002298b086fb0_0;
    %load/vec4 v000002298b0872d0_0;
    %sub;
    %store/vec4 v000002298b086c90_0, 0, 32;
    %jmp T_6.13;
T_6.13 ;
    %pop/vec4 1;
    %jmp T_6.9;
T_6.1 ;
    %load/vec4 v000002298b087910_0;
    %store/vec4 v000002298b086c90_0, 0, 32;
    %jmp T_6.9;
T_6.2 ;
    %pushi/vec4 0, 0, 31;
    %load/vec4 v000002298b087870_0;
    %concat/vec4; draw_concat_vec4
    %store/vec4 v000002298b086c90_0, 0, 32;
    %jmp T_6.9;
T_6.3 ;
    %pushi/vec4 0, 0, 31;
    %load/vec4 v000002298b087870_0;
    %concat/vec4; draw_concat_vec4
    %store/vec4 v000002298b086c90_0, 0, 32;
    %jmp T_6.9;
T_6.4 ;
    %load/vec4 v000002298b086fb0_0;
    %load/vec4 v000002298b0872d0_0;
    %xor;
    %store/vec4 v000002298b086c90_0, 0, 32;
    %jmp T_6.9;
T_6.5 ;
    %load/vec4 v000002298b0874b0_0;
    %dup/vec4;
    %pushi/vec4 0, 0, 1;
    %cmp/u;
    %jmp/1 T_6.14, 6;
    %dup/vec4;
    %pushi/vec4 1, 0, 1;
    %cmp/u;
    %jmp/1 T_6.15, 6;
    %pushi/vec4 0, 0, 32;
    %store/vec4 v000002298b086c90_0, 0, 32;
    %jmp T_6.17;
T_6.14 ;
    %load/vec4 v000002298b086bf0_0;
    %store/vec4 v000002298b086c90_0, 0, 32;
    %jmp T_6.17;
T_6.15 ;
    %load/vec4 v000002298b088130_0;
    %store/vec4 v000002298b086c90_0, 0, 32;
    %jmp T_6.17;
T_6.17 ;
    %pop/vec4 1;
    %jmp T_6.9;
T_6.6 ;
    %load/vec4 v000002298b086fb0_0;
    %load/vec4 v000002298b0872d0_0;
    %or;
    %store/vec4 v000002298b086c90_0, 0, 32;
    %jmp T_6.9;
T_6.7 ;
    %load/vec4 v000002298b086fb0_0;
    %load/vec4 v000002298b0872d0_0;
    %and;
    %store/vec4 v000002298b086c90_0, 0, 32;
    %jmp T_6.9;
T_6.9 ;
    %pop/vec4 1;
    %jmp T_6;
    .thread T_6, $push;
    .scope S_000002298ab6e420;
T_7 ;
    %wait E_000002298afd64c0;
    %load/vec4 v000002298b088400_0;
    %dup/vec4;
    %pushi/vec4 0, 0, 3;
    %cmp/u;
    %jmp/1 T_7.0, 6;
    %dup/vec4;
    %pushi/vec4 4, 0, 3;
    %cmp/u;
    %jmp/1 T_7.1, 6;
    %dup/vec4;
    %pushi/vec4 1, 0, 3;
    %cmp/u;
    %jmp/1 T_7.2, 6;
    %dup/vec4;
    %pushi/vec4 5, 0, 3;
    %cmp/u;
    %jmp/1 T_7.3, 6;
    %dup/vec4;
    %pushi/vec4 2, 0, 3;
    %cmp/u;
    %jmp/1 T_7.4, 6;
    %pushi/vec4 0, 0, 4;
    %store/vec4 v000002298b089800_0, 0, 4;
    %jmp T_7.6;
T_7.0 ;
    %load/vec4 v000002298b0896c0_0;
    %dup/vec4;
    %pushi/vec4 0, 0, 2;
    %cmp/u;
    %jmp/1 T_7.7, 6;
    %dup/vec4;
    %pushi/vec4 1, 0, 2;
    %cmp/u;
    %jmp/1 T_7.8, 6;
    %dup/vec4;
    %pushi/vec4 2, 0, 2;
    %cmp/u;
    %jmp/1 T_7.9, 6;
    %dup/vec4;
    %pushi/vec4 3, 0, 2;
    %cmp/u;
    %jmp/1 T_7.10, 6;
    %pushi/vec4 0, 0, 4;
    %store/vec4 v000002298b089800_0, 0, 4;
    %jmp T_7.12;
T_7.7 ;
    %pushi/vec4 1, 0, 4;
    %store/vec4 v000002298b089800_0, 0, 4;
    %jmp T_7.12;
T_7.8 ;
    %pushi/vec4 2, 0, 4;
    %store/vec4 v000002298b089800_0, 0, 4;
    %jmp T_7.12;
T_7.9 ;
    %pushi/vec4 4, 0, 4;
    %store/vec4 v000002298b089800_0, 0, 4;
    %jmp T_7.12;
T_7.10 ;
    %pushi/vec4 8, 0, 4;
    %store/vec4 v000002298b089800_0, 0, 4;
    %jmp T_7.12;
T_7.12 ;
    %pop/vec4 1;
    %jmp T_7.6;
T_7.1 ;
    %load/vec4 v000002298b0896c0_0;
    %dup/vec4;
    %pushi/vec4 0, 0, 2;
    %cmp/u;
    %jmp/1 T_7.13, 6;
    %dup/vec4;
    %pushi/vec4 1, 0, 2;
    %cmp/u;
    %jmp/1 T_7.14, 6;
    %dup/vec4;
    %pushi/vec4 2, 0, 2;
    %cmp/u;
    %jmp/1 T_7.15, 6;
    %dup/vec4;
    %pushi/vec4 3, 0, 2;
    %cmp/u;
    %jmp/1 T_7.16, 6;
    %pushi/vec4 0, 0, 4;
    %store/vec4 v000002298b089800_0, 0, 4;
    %jmp T_7.18;
T_7.13 ;
    %pushi/vec4 1, 0, 4;
    %store/vec4 v000002298b089800_0, 0, 4;
    %jmp T_7.18;
T_7.14 ;
    %pushi/vec4 2, 0, 4;
    %store/vec4 v000002298b089800_0, 0, 4;
    %jmp T_7.18;
T_7.15 ;
    %pushi/vec4 4, 0, 4;
    %store/vec4 v000002298b089800_0, 0, 4;
    %jmp T_7.18;
T_7.16 ;
    %pushi/vec4 8, 0, 4;
    %store/vec4 v000002298b089800_0, 0, 4;
    %jmp T_7.18;
T_7.18 ;
    %pop/vec4 1;
    %jmp T_7.6;
T_7.2 ;
    %load/vec4 v000002298b0896c0_0;
    %parti/s 1, 1, 2;
    %dup/vec4;
    %pushi/vec4 0, 0, 1;
    %cmp/u;
    %jmp/1 T_7.19, 6;
    %dup/vec4;
    %pushi/vec4 1, 0, 1;
    %cmp/u;
    %jmp/1 T_7.20, 6;
    %pushi/vec4 0, 0, 4;
    %store/vec4 v000002298b089800_0, 0, 4;
    %jmp T_7.22;
T_7.19 ;
    %pushi/vec4 3, 0, 4;
    %store/vec4 v000002298b089800_0, 0, 4;
    %jmp T_7.22;
T_7.20 ;
    %pushi/vec4 12, 0, 4;
    %store/vec4 v000002298b089800_0, 0, 4;
    %jmp T_7.22;
T_7.22 ;
    %pop/vec4 1;
    %jmp T_7.6;
T_7.3 ;
    %load/vec4 v000002298b0896c0_0;
    %parti/s 1, 1, 2;
    %dup/vec4;
    %pushi/vec4 0, 0, 1;
    %cmp/u;
    %jmp/1 T_7.23, 6;
    %dup/vec4;
    %pushi/vec4 1, 0, 1;
    %cmp/u;
    %jmp/1 T_7.24, 6;
    %pushi/vec4 0, 0, 4;
    %store/vec4 v000002298b089800_0, 0, 4;
    %jmp T_7.26;
T_7.23 ;
    %pushi/vec4 3, 0, 4;
    %store/vec4 v000002298b089800_0, 0, 4;
    %jmp T_7.26;
T_7.24 ;
    %pushi/vec4 12, 0, 4;
    %store/vec4 v000002298b089800_0, 0, 4;
    %jmp T_7.26;
T_7.26 ;
    %pop/vec4 1;
    %jmp T_7.6;
T_7.4 ;
    %pushi/vec4 15, 0, 4;
    %store/vec4 v000002298b089800_0, 0, 4;
    %jmp T_7.6;
T_7.6 ;
    %pop/vec4 1;
    %jmp T_7;
    .thread T_7, $push;
    .scope S_000002298ab6e420;
T_8 ;
    %wait E_000002298afd6d40;
    %load/vec4 v000002298b0896c0_0;
    %dup/vec4;
    %pushi/vec4 0, 0, 2;
    %cmp/u;
    %jmp/1 T_8.0, 6;
    %dup/vec4;
    %pushi/vec4 1, 0, 2;
    %cmp/u;
    %jmp/1 T_8.1, 6;
    %dup/vec4;
    %pushi/vec4 2, 0, 2;
    %cmp/u;
    %jmp/1 T_8.2, 6;
    %dup/vec4;
    %pushi/vec4 3, 0, 2;
    %cmp/u;
    %jmp/1 T_8.3, 6;
    %pushi/vec4 0, 0, 32;
    %store/vec4 v000002298b08a340_0, 0, 32;
    %jmp T_8.5;
T_8.0 ;
    %load/vec4 v000002298b089620_0;
    %store/vec4 v000002298b08a340_0, 0, 32;
    %jmp T_8.5;
T_8.1 ;
    %load/vec4 v000002298b089620_0;
    %parti/s 24, 0, 2;
    %concati/vec4 0, 0, 8;
    %store/vec4 v000002298b08a340_0, 0, 32;
    %jmp T_8.5;
T_8.2 ;
    %load/vec4 v000002298b089620_0;
    %parti/s 16, 0, 2;
    %concati/vec4 0, 0, 16;
    %store/vec4 v000002298b08a340_0, 0, 32;
    %jmp T_8.5;
T_8.3 ;
    %load/vec4 v000002298b089620_0;
    %parti/s 8, 0, 2;
    %concati/vec4 0, 0, 24;
    %store/vec4 v000002298b08a340_0, 0, 32;
    %jmp T_8.5;
T_8.5 ;
    %pop/vec4 1;
    %jmp T_8;
    .thread T_8, $push;
    .scope S_000002298ab6e420;
T_9 ;
    %wait E_000002298afd6d40;
    %load/vec4 v000002298b0896c0_0;
    %parti/s 1, 1, 2;
    %dup/vec4;
    %pushi/vec4 0, 0, 1;
    %cmp/u;
    %jmp/1 T_9.0, 6;
    %dup/vec4;
    %pushi/vec4 1, 0, 1;
    %cmp/u;
    %jmp/1 T_9.1, 6;
    %pushi/vec4 0, 0, 32;
    %store/vec4 v000002298b08a840_0, 0, 32;
    %jmp T_9.3;
T_9.0 ;
    %load/vec4 v000002298b089620_0;
    %store/vec4 v000002298b08a840_0, 0, 32;
    %jmp T_9.3;
T_9.1 ;
    %load/vec4 v000002298b089620_0;
    %parti/s 16, 0, 2;
    %concati/vec4 0, 0, 16;
    %store/vec4 v000002298b08a840_0, 0, 32;
    %jmp T_9.3;
T_9.3 ;
    %pop/vec4 1;
    %jmp T_9;
    .thread T_9, $push;
    .scope S_000002298ab6e420;
T_10 ;
    %wait E_000002298afd6400;
    %load/vec4 v000002298b088400_0;
    %dup/vec4;
    %pushi/vec4 0, 0, 3;
    %cmp/u;
    %jmp/1 T_10.0, 6;
    %dup/vec4;
    %pushi/vec4 1, 0, 3;
    %cmp/u;
    %jmp/1 T_10.1, 6;
    %dup/vec4;
    %pushi/vec4 2, 0, 3;
    %cmp/u;
    %jmp/1 T_10.2, 6;
    %pushi/vec4 0, 0, 32;
    %store/vec4 v000002298b08a480_0, 0, 32;
    %jmp T_10.4;
T_10.0 ;
    %load/vec4 v000002298b08a340_0;
    %store/vec4 v000002298b08a480_0, 0, 32;
    %jmp T_10.4;
T_10.1 ;
    %load/vec4 v000002298b08a840_0;
    %store/vec4 v000002298b08a480_0, 0, 32;
    %jmp T_10.4;
T_10.2 ;
    %load/vec4 v000002298b089620_0;
    %store/vec4 v000002298b08a480_0, 0, 32;
    %jmp T_10.4;
T_10.4 ;
    %pop/vec4 1;
    %jmp T_10;
    .thread T_10, $push;
    .scope S_000002298ab6e420;
T_11 ;
    %wait E_000002298afd6ac0;
    %load/vec4 v000002298b0896c0_0;
    %dup/vec4;
    %pushi/vec4 0, 0, 2;
    %cmp/u;
    %jmp/1 T_11.0, 6;
    %dup/vec4;
    %pushi/vec4 1, 0, 2;
    %cmp/u;
    %jmp/1 T_11.1, 6;
    %dup/vec4;
    %pushi/vec4 2, 0, 2;
    %cmp/u;
    %jmp/1 T_11.2, 6;
    %dup/vec4;
    %pushi/vec4 3, 0, 2;
    %cmp/u;
    %jmp/1 T_11.3, 6;
    %pushi/vec4 0, 0, 32;
    %store/vec4 v000002298b08a200_0, 0, 32;
    %jmp T_11.5;
T_11.0 ;
    %load/vec4 v000002298b08ab60_0;
    %store/vec4 v000002298b08a200_0, 0, 32;
    %jmp T_11.5;
T_11.1 ;
    %pushi/vec4 0, 0, 8;
    %load/vec4 v000002298b08ab60_0;
    %parti/s 24, 8, 5;
    %concat/vec4; draw_concat_vec4
    %store/vec4 v000002298b08a200_0, 0, 32;
    %jmp T_11.5;
T_11.2 ;
    %pushi/vec4 0, 0, 16;
    %load/vec4 v000002298b08ab60_0;
    %parti/s 16, 16, 6;
    %concat/vec4; draw_concat_vec4
    %store/vec4 v000002298b08a200_0, 0, 32;
    %jmp T_11.5;
T_11.3 ;
    %pushi/vec4 0, 0, 24;
    %load/vec4 v000002298b08ab60_0;
    %parti/s 8, 24, 6;
    %concat/vec4; draw_concat_vec4
    %store/vec4 v000002298b08a200_0, 0, 32;
    %jmp T_11.5;
T_11.5 ;
    %pop/vec4 1;
    %jmp T_11;
    .thread T_11, $push;
    .scope S_000002298ab6e420;
T_12 ;
    %wait E_000002298afd6880;
    %load/vec4 v000002298b088400_0;
    %dup/vec4;
    %pushi/vec4 0, 0, 3;
    %cmp/u;
    %jmp/1 T_12.0, 6;
    %dup/vec4;
    %pushi/vec4 4, 0, 3;
    %cmp/u;
    %jmp/1 T_12.1, 6;
    %dup/vec4;
    %pushi/vec4 1, 0, 3;
    %cmp/u;
    %jmp/1 T_12.2, 6;
    %dup/vec4;
    %pushi/vec4 5, 0, 3;
    %cmp/u;
    %jmp/1 T_12.3, 6;
    %dup/vec4;
    %pushi/vec4 2, 0, 3;
    %cmp/u;
    %jmp/1 T_12.4, 6;
    %pushi/vec4 0, 0, 32;
    %store/vec4 v000002298b089760_0, 0, 32;
    %jmp T_12.6;
T_12.0 ;
    %load/vec4 v000002298b08a5c0_0;
    %parti/s 1, 7, 4;
    %replicate 24;
    %load/vec4 v000002298b08a5c0_0;
    %concat/vec4; draw_concat_vec4
    %store/vec4 v000002298b089760_0, 0, 32;
    %jmp T_12.6;
T_12.1 ;
    %pushi/vec4 0, 0, 24;
    %load/vec4 v000002298b08a5c0_0;
    %concat/vec4; draw_concat_vec4
    %store/vec4 v000002298b089760_0, 0, 32;
    %jmp T_12.6;
T_12.2 ;
    %load/vec4 v000002298b08a2a0_0;
    %parti/s 1, 15, 5;
    %replicate 16;
    %load/vec4 v000002298b08a2a0_0;
    %concat/vec4; draw_concat_vec4
    %store/vec4 v000002298b089760_0, 0, 32;
    %jmp T_12.6;
T_12.3 ;
    %pushi/vec4 0, 0, 16;
    %load/vec4 v000002298b08a2a0_0;
    %concat/vec4; draw_concat_vec4
    %store/vec4 v000002298b089760_0, 0, 32;
    %jmp T_12.6;
T_12.4 ;
    %load/vec4 v000002298b08a200_0;
    %store/vec4 v000002298b089760_0, 0, 32;
    %jmp T_12.6;
T_12.6 ;
    %pop/vec4 1;
    %jmp T_12;
    .thread T_12, $push;
    .scope S_000002298b013d90;
T_13 ;
    %wait E_000002298afd6b00;
    %load/vec4 v000002298b094ab0_0;
    %flag_set/vec4 8;
    %jmp/0xz  T_13.0, 8;
    %pushi/vec4 0, 0, 32;
    %assign/vec4 v000002298b097800_0, 0;
    %pushi/vec4 0, 0, 1;
    %assign/vec4 v000002298b094330_0, 0;
    %pushi/vec4 0, 0, 1;
    %assign/vec4 v000002298b09c8a0_0, 0;
    %pushi/vec4 0, 0, 32;
    %assign/vec4 v000002298b09c800_0, 0;
    %pushi/vec4 0, 0, 32;
    %assign/vec4 v000002298b09c940_0, 0;
    %pushi/vec4 0, 0, 32;
    %assign/vec4 v000002298b09bae0_0, 0;
    %pushi/vec4 0, 0, 1;
    %assign/vec4 v000002298b099ce0_0, 0;
    %pushi/vec4 0, 0, 32;
    %assign/vec4 v000002298b09a5a0_0, 0;
    %pushi/vec4 0, 0, 32;
    %assign/vec4 v000002298b09b540_0, 0;
    %pushi/vec4 0, 0, 32;
    %assign/vec4 v000002298b09a780_0, 0;
    %pushi/vec4 0, 0, 5;
    %assign/vec4 v000002298b09bcc0_0, 0;
    %pushi/vec4 0, 0, 5;
    %assign/vec4 v000002298b09aaa0_0, 0;
    %pushi/vec4 0, 0, 5;
    %assign/vec4 v000002298b09be00_0, 0;
    %pushi/vec4 0, 0, 32;
    %assign/vec4 v000002298b09a8c0_0, 0;
    %pushi/vec4 0, 0, 32;
    %assign/vec4 v000002298b099c40_0, 0;
    %pushi/vec4 0, 0, 32;
    %assign/vec4 v000002298b09a3c0_0, 0;
    %pushi/vec4 0, 0, 7;
    %assign/vec4 v000002298b09a140_0, 0;
    %pushi/vec4 0, 0, 3;
    %assign/vec4 v000002298b09a0a0_0, 0;
    %pushi/vec4 0, 0, 7;
    %assign/vec4 v000002298b09b400_0, 0;
    %pushi/vec4 0, 0, 1;
    %assign/vec4 v000002298b09ae60_0, 0;
    %pushi/vec4 0, 0, 1;
    %assign/vec4 v000002298b09c3a0_0, 0;
    %pushi/vec4 0, 0, 3;
    %assign/vec4 v000002298b094150_0, 0;
    %pushi/vec4 0, 0, 1;
    %assign/vec4 v000002298b09a320_0, 0;
    %pushi/vec4 0, 0, 1;
    %assign/vec4 v000002298b09b7c0_0, 0;
    %pushi/vec4 0, 0, 1;
    %assign/vec4 v000002298b09a500_0, 0;
    %pushi/vec4 0, 0, 1;
    %assign/vec4 v000002298b094970_0, 0;
    %pushi/vec4 0, 0, 1;
    %assign/vec4 v000002298b093430_0, 0;
    %pushi/vec4 0, 0, 1;
    %assign/vec4 v000002298b09a6e0_0, 0;
    %pushi/vec4 0, 0, 1;
    %assign/vec4 v000002298b09bd60_0, 0;
    %pushi/vec4 0, 0, 1;
    %assign/vec4 v000002298b094290_0, 0;
    %pushi/vec4 0, 0, 1;
    %assign/vec4 v000002298b09b360_0, 0;
    %pushi/vec4 0, 0, 1;
    %assign/vec4 v000002298b09a000_0, 0;
    %pushi/vec4 0, 0, 1;
    %assign/vec4 v000002298b093570_0, 0;
    %pushi/vec4 0, 0, 32;
    %assign/vec4 v000002298b0918b0_0, 0;
    %pushi/vec4 0, 0, 32;
    %assign/vec4 v000002298b092670_0, 0;
    %pushi/vec4 0, 0, 32;
    %assign/vec4 v000002298b0932f0_0, 0;
    %pushi/vec4 0, 0, 32;
    %assign/vec4 v000002298b090f50_0, 0;
    %pushi/vec4 0, 0, 5;
    %assign/vec4 v000002298b091bd0_0, 0;
    %pushi/vec4 0, 0, 5;
    %assign/vec4 v000002298b092850_0, 0;
    %pushi/vec4 0, 0, 5;
    %assign/vec4 v000002298b092cb0_0, 0;
    %pushi/vec4 0, 0, 32;
    %assign/vec4 v000002298b091d10_0, 0;
    %pushi/vec4 0, 0, 32;
    %assign/vec4 v000002298b092df0_0, 0;
    %pushi/vec4 0, 0, 32;
    %assign/vec4 v000002298b093070_0, 0;
    %pushi/vec4 0, 0, 32;
    %assign/vec4 v000002298b0925d0_0, 0;
    %pushi/vec4 0, 0, 32;
    %assign/vec4 v000002298b0934d0_0, 0;
    %pushi/vec4 0, 0, 3;
    %assign/vec4 v000002298b0923f0_0, 0;
    %pushi/vec4 0, 0, 1;
    %assign/vec4 v000002298b091090_0, 0;
    %pushi/vec4 0, 0, 1;
    %assign/vec4 v000002298b091770_0, 0;
    %pushi/vec4 0, 0, 1;
    %assign/vec4 v000002298b091e50_0, 0;
    %pushi/vec4 0, 0, 1;
    %assign/vec4 v000002298b090ff0_0, 0;
    %pushi/vec4 0, 0, 1;
    %assign/vec4 v000002298b0914f0_0, 0;
    %pushi/vec4 0, 0, 1;
    %assign/vec4 v000002298b092f30_0, 0;
    %pushi/vec4 0, 0, 1;
    %assign/vec4 v000002298b090eb0_0, 0;
    %pushi/vec4 0, 0, 1;
    %assign/vec4 v000002298b0919f0_0, 0;
    %pushi/vec4 0, 0, 1;
    %assign/vec4 v000002298b093110_0, 0;
    %pushi/vec4 0, 0, 1;
    %assign/vec4 v000002298b095dc0_0, 0;
    %pushi/vec4 0, 0, 32;
    %assign/vec4 v000002298b095280_0, 0;
    %pushi/vec4 0, 0, 32;
    %assign/vec4 v000002298b096ae0_0, 0;
    %pushi/vec4 0, 0, 32;
    %assign/vec4 v000002298b097080_0, 0;
    %pushi/vec4 0, 0, 32;
    %assign/vec4 v000002298b096360_0, 0;
    %pushi/vec4 0, 0, 5;
    %assign/vec4 v000002298b096040_0, 0;
    %pushi/vec4 0, 0, 5;
    %assign/vec4 v000002298b095780_0, 0;
    %pushi/vec4 0, 0, 5;
    %assign/vec4 v000002298b096c20_0, 0;
    %pushi/vec4 0, 0, 32;
    %assign/vec4 v000002298b094d80_0, 0;
    %pushi/vec4 0, 0, 32;
    %assign/vec4 v000002298b095be0_0, 0;
    %pushi/vec4 0, 0, 32;
    %assign/vec4 v000002298b095140_0, 0;
    %pushi/vec4 0, 0, 32;
    %assign/vec4 v000002298b095960_0, 0;
    %pushi/vec4 0, 0, 32;
    %assign/vec4 v000002298b095f00_0, 0;
    %pushi/vec4 0, 0, 32;
    %assign/vec4 v000002298b094f60_0, 0;
    %pushi/vec4 0, 0, 1;
    %assign/vec4 v000002298b0962c0_0, 0;
    %pushi/vec4 0, 0, 1;
    %assign/vec4 v000002298b095000_0, 0;
    %pushi/vec4 0, 0, 4;
    %assign/vec4 v000002298b094c40_0, 0;
    %pushi/vec4 0, 0, 32;
    %assign/vec4 v000002298b096cc0_0, 0;
    %pushi/vec4 0, 0, 32;
    %assign/vec4 v000002298b0969a0_0, 0;
    %pushi/vec4 0, 0, 1;
    %assign/vec4 v000002298b095d20_0, 0;
    %pushi/vec4 0, 0, 1;
    %assign/vec4 v000002298b096e00_0, 0;
    %pushi/vec4 0, 0, 1;
    %assign/vec4 v000002298b095a00_0, 0;
    %pushi/vec4 0, 0, 1;
    %assign/vec4 v000002298b096d60_0, 0;
    %pushi/vec4 0, 0, 1;
    %assign/vec4 v000002298b0967c0_0, 0;
    %pushi/vec4 0, 0, 1;
    %assign/vec4 v000002298b0956e0_0, 0;
    %pushi/vec4 0, 0, 1;
    %assign/vec4 v000002298b096680_0, 0;
    %pushi/vec4 0, 0, 1;
    %assign/vec4 v000002298b0951e0_0, 0;
    %jmp T_13.1;
T_13.0 ;
    %load/vec4 v000002298b0991a0_0;
    %flag_set/vec4 8;
    %jmp/0xz  T_13.2, 8;
    %pushi/vec4 1, 0, 1;
    %assign/vec4 v000002298b094330_0, 0;
    %pushi/vec4 0, 0, 1;
    %assign/vec4 v000002298b09c8a0_0, 0;
    %pushi/vec4 0, 0, 1;
    %assign/vec4 v000002298b099ce0_0, 0;
    %pushi/vec4 0, 0, 1;
    %assign/vec4 v000002298b093570_0, 0;
    %pushi/vec4 0, 0, 1;
    %assign/vec4 v000002298b095dc0_0, 0;
    %jmp T_13.3;
T_13.2 ;
    %load/vec4 v000002298b094330_0;
    %inv;
    %flag_set/vec4 8;
    %jmp/0xz  T_13.4, 8;
    %load/vec4 v000002298b0946f0_0;
    %flag_set/vec4 8;
    %jmp/0xz  T_13.6, 8;
    %load/vec4 v000002298b098f20_0;
    %assign/vec4 v000002298b097800_0, 0;
    %pushi/vec4 0, 0, 1;
    %assign/vec4 v000002298b09c8a0_0, 0;
    %pushi/vec4 0, 0, 32;
    %assign/vec4 v000002298b09c800_0, 0;
    %pushi/vec4 0, 0, 32;
    %assign/vec4 v000002298b09c940_0, 0;
    %pushi/vec4 0, 0, 32;
    %assign/vec4 v000002298b09bae0_0, 0;
    %pushi/vec4 0, 0, 1;
    %assign/vec4 v000002298b099ce0_0, 0;
    %pushi/vec4 0, 0, 32;
    %assign/vec4 v000002298b09a5a0_0, 0;
    %pushi/vec4 0, 0, 32;
    %assign/vec4 v000002298b09b540_0, 0;
    %pushi/vec4 0, 0, 32;
    %assign/vec4 v000002298b09a780_0, 0;
    %pushi/vec4 0, 0, 5;
    %assign/vec4 v000002298b09bcc0_0, 0;
    %pushi/vec4 0, 0, 5;
    %assign/vec4 v000002298b09aaa0_0, 0;
    %pushi/vec4 0, 0, 5;
    %assign/vec4 v000002298b09be00_0, 0;
    %pushi/vec4 0, 0, 32;
    %assign/vec4 v000002298b09a8c0_0, 0;
    %pushi/vec4 0, 0, 32;
    %assign/vec4 v000002298b099c40_0, 0;
    %pushi/vec4 0, 0, 32;
    %assign/vec4 v000002298b09a3c0_0, 0;
    %pushi/vec4 0, 0, 7;
    %assign/vec4 v000002298b09a140_0, 0;
    %pushi/vec4 0, 0, 3;
    %assign/vec4 v000002298b09a0a0_0, 0;
    %pushi/vec4 0, 0, 7;
    %assign/vec4 v000002298b09b400_0, 0;
    %pushi/vec4 0, 0, 1;
    %assign/vec4 v000002298b09ae60_0, 0;
    %pushi/vec4 0, 0, 1;
    %assign/vec4 v000002298b09c3a0_0, 0;
    %pushi/vec4 0, 0, 3;
    %assign/vec4 v000002298b094150_0, 0;
    %pushi/vec4 0, 0, 1;
    %assign/vec4 v000002298b09a320_0, 0;
    %pushi/vec4 0, 0, 1;
    %assign/vec4 v000002298b09b7c0_0, 0;
    %pushi/vec4 0, 0, 1;
    %assign/vec4 v000002298b09a500_0, 0;
    %pushi/vec4 0, 0, 1;
    %assign/vec4 v000002298b094970_0, 0;
    %pushi/vec4 0, 0, 1;
    %assign/vec4 v000002298b093430_0, 0;
    %pushi/vec4 0, 0, 1;
    %assign/vec4 v000002298b09a6e0_0, 0;
    %pushi/vec4 0, 0, 1;
    %assign/vec4 v000002298b09bd60_0, 0;
    %pushi/vec4 0, 0, 1;
    %assign/vec4 v000002298b094290_0, 0;
    %pushi/vec4 0, 0, 1;
    %assign/vec4 v000002298b09b360_0, 0;
    %pushi/vec4 0, 0, 1;
    %assign/vec4 v000002298b09a000_0, 0;
    %jmp T_13.7;
T_13.6 ;
    %load/vec4 v000002298b0943d0_0;
    %flag_set/vec4 8;
    %jmp/0xz  T_13.8, 8;
    %load/vec4 v000002298b097800_0;
    %assign/vec4 v000002298b097800_0, 0;
    %load/vec4 v000002298b09c8a0_0;
    %assign/vec4 v000002298b09c8a0_0, 0;
    %load/vec4 v000002298b09c800_0;
    %assign/vec4 v000002298b09c800_0, 0;
    %load/vec4 v000002298b09c940_0;
    %assign/vec4 v000002298b09c940_0, 0;
    %load/vec4 v000002298b09bae0_0;
    %assign/vec4 v000002298b09bae0_0, 0;
    %pushi/vec4 0, 0, 1;
    %assign/vec4 v000002298b099ce0_0, 0;
    %pushi/vec4 0, 0, 32;
    %assign/vec4 v000002298b09a5a0_0, 0;
    %pushi/vec4 0, 0, 32;
    %assign/vec4 v000002298b09b540_0, 0;
    %pushi/vec4 0, 0, 32;
    %assign/vec4 v000002298b09a780_0, 0;
    %pushi/vec4 0, 0, 5;
    %assign/vec4 v000002298b09bcc0_0, 0;
    %pushi/vec4 0, 0, 5;
    %assign/vec4 v000002298b09aaa0_0, 0;
    %pushi/vec4 0, 0, 5;
    %assign/vec4 v000002298b09be00_0, 0;
    %pushi/vec4 0, 0, 32;
    %assign/vec4 v000002298b09a8c0_0, 0;
    %pushi/vec4 0, 0, 32;
    %assign/vec4 v000002298b099c40_0, 0;
    %pushi/vec4 0, 0, 32;
    %assign/vec4 v000002298b09a3c0_0, 0;
    %pushi/vec4 0, 0, 7;
    %assign/vec4 v000002298b09a140_0, 0;
    %pushi/vec4 0, 0, 3;
    %assign/vec4 v000002298b09a0a0_0, 0;
    %pushi/vec4 0, 0, 7;
    %assign/vec4 v000002298b09b400_0, 0;
    %pushi/vec4 0, 0, 1;
    %assign/vec4 v000002298b09ae60_0, 0;
    %pushi/vec4 0, 0, 1;
    %assign/vec4 v000002298b09c3a0_0, 0;
    %pushi/vec4 0, 0, 3;
    %assign/vec4 v000002298b094150_0, 0;
    %pushi/vec4 0, 0, 1;
    %assign/vec4 v000002298b09a320_0, 0;
    %pushi/vec4 0, 0, 1;
    %assign/vec4 v000002298b09b7c0_0, 0;
    %pushi/vec4 0, 0, 1;
    %assign/vec4 v000002298b09a500_0, 0;
    %pushi/vec4 0, 0, 1;
    %assign/vec4 v000002298b094970_0, 0;
    %pushi/vec4 0, 0, 1;
    %assign/vec4 v000002298b093430_0, 0;
    %pushi/vec4 0, 0, 1;
    %assign/vec4 v000002298b09a6e0_0, 0;
    %pushi/vec4 0, 0, 1;
    %assign/vec4 v000002298b09bd60_0, 0;
    %pushi/vec4 0, 0, 1;
    %assign/vec4 v000002298b094290_0, 0;
    %pushi/vec4 0, 0, 1;
    %assign/vec4 v000002298b09b360_0, 0;
    %pushi/vec4 0, 0, 1;
    %assign/vec4 v000002298b09a000_0, 0;
    %jmp T_13.9;
T_13.8 ;
    %load/vec4 v000002298b098f20_0;
    %assign/vec4 v000002298b097800_0, 0;
    %load/vec4 v000002298b09c9e0_0;
    %assign/vec4 v000002298b09c8a0_0, 0;
    %load/vec4 v000002298b09c760_0;
    %assign/vec4 v000002298b09c800_0, 0;
    %load/vec4 v000002298b09c6c0_0;
    %assign/vec4 v000002298b09c940_0, 0;
    %load/vec4 v000002298b09bb80_0;
    %assign/vec4 v000002298b09bae0_0, 0;
    %load/vec4 v000002298b09ba40_0;
    %assign/vec4 v000002298b099ce0_0, 0;
    %load/vec4 v000002298b09c080_0;
    %assign/vec4 v000002298b09a5a0_0, 0;
    %load/vec4 v000002298b09aa00_0;
    %assign/vec4 v000002298b09b540_0, 0;
    %load/vec4 v000002298b09bfe0_0;
    %assign/vec4 v000002298b09a780_0, 0;
    %load/vec4 v000002298b09a820_0;
    %assign/vec4 v000002298b09bcc0_0, 0;
    %load/vec4 v000002298b09af00_0;
    %assign/vec4 v000002298b09aaa0_0, 0;
    %load/vec4 v000002298b09c1c0_0;
    %assign/vec4 v000002298b09be00_0, 0;
    %load/vec4 v000002298b09adc0_0;
    %assign/vec4 v000002298b09a8c0_0, 0;
    %load/vec4 v000002298b09a1e0_0;
    %assign/vec4 v000002298b099c40_0, 0;
    %load/vec4 v000002298b09c300_0;
    %assign/vec4 v000002298b09a3c0_0, 0;
    %load/vec4 v000002298b09a640_0;
    %assign/vec4 v000002298b09a140_0, 0;
    %load/vec4 v000002298b09b4a0_0;
    %assign/vec4 v000002298b09a0a0_0, 0;
    %load/vec4 v000002298b09bea0_0;
    %assign/vec4 v000002298b09b400_0, 0;
    %load/vec4 v000002298b09a460_0;
    %assign/vec4 v000002298b09ae60_0, 0;
    %load/vec4 v000002298b09c120_0;
    %assign/vec4 v000002298b09c3a0_0, 0;
    %load/vec4 v000002298b094510_0;
    %assign/vec4 v000002298b094150_0, 0;
    %load/vec4 v000002298b09b040_0;
    %assign/vec4 v000002298b09a320_0, 0;
    %load/vec4 v000002298b09bc20_0;
    %assign/vec4 v000002298b09b7c0_0, 0;
    %load/vec4 v000002298b099f60_0;
    %assign/vec4 v000002298b09a500_0, 0;
    %load/vec4 v000002298b093e30_0;
    %assign/vec4 v000002298b094970_0, 0;
    %load/vec4 v000002298b0941f0_0;
    %assign/vec4 v000002298b093430_0, 0;
    %load/vec4 v000002298b09b860_0;
    %assign/vec4 v000002298b09a6e0_0, 0;
    %load/vec4 v000002298b09bf40_0;
    %assign/vec4 v000002298b09bd60_0, 0;
    %load/vec4 v000002298b0948d0_0;
    %assign/vec4 v000002298b094290_0, 0;
    %load/vec4 v000002298b09b720_0;
    %assign/vec4 v000002298b09b360_0, 0;
    %load/vec4 v000002298b099ec0_0;
    %assign/vec4 v000002298b09a000_0, 0;
T_13.9 ;
T_13.7 ;
    %load/vec4 v000002298b093c50_0;
    %assign/vec4 v000002298b093570_0, 0;
    %load/vec4 v000002298b092170_0;
    %assign/vec4 v000002298b0918b0_0, 0;
    %load/vec4 v000002298b092490_0;
    %assign/vec4 v000002298b092670_0, 0;
    %load/vec4 v000002298b091270_0;
    %assign/vec4 v000002298b0932f0_0, 0;
    %load/vec4 v000002298b0920d0_0;
    %assign/vec4 v000002298b090f50_0, 0;
    %load/vec4 v000002298b091c70_0;
    %assign/vec4 v000002298b091bd0_0, 0;
    %load/vec4 v000002298b0928f0_0;
    %assign/vec4 v000002298b092850_0, 0;
    %load/vec4 v000002298b092210_0;
    %assign/vec4 v000002298b092cb0_0, 0;
    %load/vec4 v000002298b0927b0_0;
    %assign/vec4 v000002298b091d10_0, 0;
    %load/vec4 v000002298b094010_0;
    %assign/vec4 v000002298b092df0_0, 0;
    %load/vec4 v000002298b091810_0;
    %assign/vec4 v000002298b093070_0, 0;
    %load/vec4 v000002298b090cd0_0;
    %assign/vec4 v000002298b0925d0_0, 0;
    %load/vec4 v000002298b093610_0;
    %assign/vec4 v000002298b0934d0_0, 0;
    %load/vec4 v000002298b0931b0_0;
    %assign/vec4 v000002298b0923f0_0, 0;
    %load/vec4 v000002298b091130_0;
    %assign/vec4 v000002298b091090_0, 0;
    %load/vec4 v000002298b091950_0;
    %assign/vec4 v000002298b091770_0, 0;
    %load/vec4 v000002298b092b70_0;
    %assign/vec4 v000002298b091e50_0, 0;
    %load/vec4 v000002298b092d50_0;
    %assign/vec4 v000002298b090ff0_0, 0;
    %load/vec4 v000002298b091310_0;
    %assign/vec4 v000002298b0914f0_0, 0;
    %load/vec4 v000002298b092710_0;
    %assign/vec4 v000002298b092f30_0, 0;
    %load/vec4 v000002298b092ad0_0;
    %assign/vec4 v000002298b090eb0_0, 0;
    %load/vec4 v000002298b091a90_0;
    %assign/vec4 v000002298b0919f0_0, 0;
    %load/vec4 v000002298b091f90_0;
    %assign/vec4 v000002298b093110_0, 0;
    %load/vec4 v000002298b0960e0_0;
    %assign/vec4 v000002298b095dc0_0, 0;
    %load/vec4 v000002298b096900_0;
    %assign/vec4 v000002298b095280_0, 0;
    %load/vec4 v000002298b096b80_0;
    %assign/vec4 v000002298b096ae0_0, 0;
    %load/vec4 v000002298b094ce0_0;
    %assign/vec4 v000002298b097080_0, 0;
    %load/vec4 v000002298b095c80_0;
    %assign/vec4 v000002298b096360_0, 0;
    %load/vec4 v000002298b095640_0;
    %assign/vec4 v000002298b096040_0, 0;
    %load/vec4 v000002298b097300_0;
    %assign/vec4 v000002298b095780_0, 0;
    %load/vec4 v000002298b0955a0_0;
    %assign/vec4 v000002298b096c20_0, 0;
    %load/vec4 v000002298b097260_0;
    %assign/vec4 v000002298b094d80_0, 0;
    %load/vec4 v000002298b095e60_0;
    %assign/vec4 v000002298b095be0_0, 0;
    %load/vec4 v000002298b096400_0;
    %assign/vec4 v000002298b095140_0, 0;
    %load/vec4 v000002298b095820_0;
    %assign/vec4 v000002298b095960_0, 0;
    %load/vec4 v000002298b0950a0_0;
    %assign/vec4 v000002298b095f00_0, 0;
    %load/vec4 v000002298b095aa0_0;
    %assign/vec4 v000002298b094f60_0, 0;
    %load/vec4 v000002298b094e20_0;
    %assign/vec4 v000002298b0962c0_0, 0;
    %load/vec4 v000002298b096f40_0;
    %assign/vec4 v000002298b095000_0, 0;
    %load/vec4 v000002298b094ec0_0;
    %assign/vec4 v000002298b094c40_0, 0;
    %load/vec4 v000002298b0971c0_0;
    %assign/vec4 v000002298b096cc0_0, 0;
    %load/vec4 v000002298b095fa0_0;
    %assign/vec4 v000002298b0969a0_0, 0;
    %load/vec4 v000002298b095460_0;
    %assign/vec4 v000002298b095d20_0, 0;
    %load/vec4 v000002298b0964a0_0;
    %assign/vec4 v000002298b096e00_0, 0;
    %load/vec4 v000002298b0973a0_0;
    %assign/vec4 v000002298b095a00_0, 0;
    %load/vec4 v000002298b097120_0;
    %assign/vec4 v000002298b096d60_0, 0;
    %load/vec4 v000002298b095500_0;
    %assign/vec4 v000002298b0967c0_0, 0;
    %load/vec4 v000002298b096860_0;
    %assign/vec4 v000002298b0956e0_0, 0;
    %load/vec4 v000002298b096a40_0;
    %assign/vec4 v000002298b096680_0, 0;
    %load/vec4 v000002298b096720_0;
    %assign/vec4 v000002298b0951e0_0, 0;
T_13.4 ;
T_13.3 ;
T_13.1 ;
    %jmp T_13;
    .thread T_13;
    .scope S_000002298b0096a0;
T_14 ;
    %wait E_000002298afd6440;
    %load/vec4 v000002298b0976c0_0;
    %addi 3, 0, 32;
    %ix/vec4 4;
    %load/vec4a v000002298b0987a0, 4;
    %load/vec4 v000002298b0976c0_0;
    %addi 2, 0, 32;
    %ix/vec4 4;
    %load/vec4a v000002298b0987a0, 4;
    %concat/vec4; draw_concat_vec4
    %load/vec4 v000002298b0976c0_0;
    %addi 1, 0, 32;
    %ix/vec4 4;
    %load/vec4a v000002298b0987a0, 4;
    %concat/vec4; draw_concat_vec4
    %load/vec4 v000002298b0976c0_0;
    %addi 0, 0, 32;
    %ix/vec4 4;
    %load/vec4a v000002298b0987a0, 4;
    %concat/vec4; draw_concat_vec4
    %store/vec4 v000002298b097a80_0, 0, 32;
    %jmp T_14;
    .thread T_14, $push;
    .scope S_000002298b0096a0;
T_15 ;
    %wait E_000002298afd63c0;
    %load/vec4 v000002298b099420_0;
    %flag_set/vec4 8;
    %jmp/0xz  T_15.0, 8;
    %load/vec4 v000002298b099560_0;
    %addi 3, 0, 32;
    %ix/vec4 4;
    %load/vec4a v000002298b098020, 4;
    %load/vec4 v000002298b099560_0;
    %addi 2, 0, 32;
    %ix/vec4 4;
    %load/vec4a v000002298b098020, 4;
    %concat/vec4; draw_concat_vec4
    %load/vec4 v000002298b099560_0;
    %addi 1, 0, 32;
    %ix/vec4 4;
    %load/vec4a v000002298b098020, 4;
    %concat/vec4; draw_concat_vec4
    %load/vec4 v000002298b099560_0;
    %addi 0, 0, 32;
    %ix/vec4 4;
    %load/vec4a v000002298b098020, 4;
    %concat/vec4; draw_concat_vec4
    %store/vec4 v000002298b098160_0, 0, 32;
    %jmp T_15.1;
T_15.0 ;
    %pushi/vec4 0, 0, 32;
    %store/vec4 v000002298b098160_0, 0, 32;
T_15.1 ;
    %jmp T_15;
    .thread T_15, $push;
    .scope S_000002298b0096a0;
T_16 ;
    %wait E_000002298afd6b00;
    %load/vec4 v000002298b098700_0;
    %load/vec4 v000002298b099600_0;
    %parti/s 1, 0, 2;
    %and;
    %flag_set/vec4 8;
    %jmp/0xz  T_16.0, 8;
    %load/vec4 v000002298b098200_0;
    %parti/s 8, 0, 2;
    %load/vec4 v000002298b099560_0;
    %addi 0, 0, 32;
    %ix/vec4 3;
    %ix/load 4, 0, 0; Constant delay
    %assign/vec4/a/d v000002298b098020, 0, 4;
T_16.0 ;
    %load/vec4 v000002298b098700_0;
    %load/vec4 v000002298b099600_0;
    %parti/s 1, 1, 2;
    %and;
    %flag_set/vec4 8;
    %jmp/0xz  T_16.2, 8;
    %load/vec4 v000002298b098200_0;
    %parti/s 8, 8, 5;
    %load/vec4 v000002298b099560_0;
    %addi 1, 0, 32;
    %ix/vec4 3;
    %ix/load 4, 0, 0; Constant delay
    %assign/vec4/a/d v000002298b098020, 0, 4;
T_16.2 ;
    %load/vec4 v000002298b098700_0;
    %load/vec4 v000002298b099600_0;
    %parti/s 1, 2, 3;
    %and;
    %flag_set/vec4 8;
    %jmp/0xz  T_16.4, 8;
    %load/vec4 v000002298b098200_0;
    %parti/s 8, 16, 6;
    %load/vec4 v000002298b099560_0;
    %addi 2, 0, 32;
    %ix/vec4 3;
    %ix/load 4, 0, 0; Constant delay
    %assign/vec4/a/d v000002298b098020, 0, 4;
T_16.4 ;
    %load/vec4 v000002298b098700_0;
    %load/vec4 v000002298b099600_0;
    %parti/s 1, 3, 3;
    %and;
    %flag_set/vec4 8;
    %jmp/0xz  T_16.6, 8;
    %load/vec4 v000002298b098200_0;
    %parti/s 8, 24, 6;
    %load/vec4 v000002298b099560_0;
    %addi 3, 0, 32;
    %ix/vec4 3;
    %ix/load 4, 0, 0; Constant delay
    %assign/vec4/a/d v000002298b098020, 0, 4;
T_16.6 ;
    %jmp T_16;
    .thread T_16;
    .scope S_000002298b0096a0;
T_17 ;
    %wait E_000002298afd6b00;
    %load/vec4 v000002298b098c00_0;
    %flag_set/vec4 9;
    %flag_get/vec4 9;
    %jmp/0 T_17.2, 9;
    %load/vec4 v000002298b099740_0;
    %pushi/vec4 0, 0, 5;
    %cmp/ne;
    %flag_get/vec4 4;
    %and;
T_17.2;
    %flag_set/vec4 8;
    %jmp/0xz  T_17.0, 8;
    %load/vec4 v000002298b0999c0_0;
    %load/vec4 v000002298b099740_0;
    %pad/u 7;
    %ix/vec4 3;
    %ix/load 4, 0, 0; Constant delay
    %assign/vec4/a/d v000002298b0988e0, 0, 4;
T_17.0 ;
    %jmp T_17;
    .thread T_17;
    .scope S_000002298b0096a0;
T_18 ;
    %pushi/vec4 0, 0, 1;
    %store/vec4 v000002298b098660_0, 0, 1;
    %pushi/vec4 1, 0, 1;
    %store/vec4 v000002298b097440_0, 0, 1;
    %pushi/vec4 0, 0, 1;
    %store/vec4 v000002298b0982a0_0, 0, 1;
    %pushi/vec4 0, 0, 32;
    %store/vec4 v000002298b098e80_0, 0, 32;
    %pushi/vec4 0, 0, 32;
    %store/vec4 v000002298b098340_0, 0, 32;
T_18.0 ;
    %load/vec4 v000002298b098340_0;
    %cmpi/s 256, 0, 32;
    %jmp/0xz T_18.1, 5;
    %pushi/vec4 0, 0, 8;
    %ix/getv/s 4, v000002298b098340_0;
    %store/vec4a v000002298b0987a0, 4, 0;
    %pushi/vec4 0, 0, 8;
    %ix/getv/s 4, v000002298b098340_0;
    %store/vec4a v000002298b098020, 4, 0;
    %load/vec4 v000002298b098340_0;
    %addi 1, 0, 32;
    %store/vec4 v000002298b098340_0, 0, 32;
    %jmp T_18.0;
T_18.1 ;
    %pushi/vec4 0, 0, 32;
    %store/vec4 v000002298b098340_0, 0, 32;
T_18.2 ;
    %load/vec4 v000002298b098340_0;
    %cmpi/s 32, 0, 32;
    %jmp/0xz T_18.3, 5;
    %pushi/vec4 0, 0, 32;
    %ix/getv/s 4, v000002298b098340_0;
    %store/vec4a v000002298b0988e0, 4, 0;
    %load/vec4 v000002298b098340_0;
    %addi 1, 0, 32;
    %store/vec4 v000002298b098340_0, 0, 32;
    %jmp T_18.2;
T_18.3 ;
    %pushi/vec4 0, 0, 32;
    %store/vec4 v000002298b099a60_0, 0, 32;
    %pushi/vec4 5243027, 0, 32;
    %store/vec4 v000002298b097f80_0, 0, 32;
    %fork TD_unit_hart_tb.write_inst, S_000002298b09dc00;
    %join;
    %pushi/vec4 4, 0, 32;
    %store/vec4 v000002298b099a60_0, 0, 32;
    %pushi/vec4 7373075, 0, 32;
    %store/vec4 v000002298b097f80_0, 0, 32;
    %fork TD_unit_hart_tb.write_inst, S_000002298b09dc00;
    %join;
    %pushi/vec4 8, 0, 32;
    %store/vec4 v000002298b099a60_0, 0, 32;
    %pushi/vec4 1114547, 0, 32;
    %store/vec4 v000002298b097f80_0, 0, 32;
    %fork TD_unit_hart_tb.write_inst, S_000002298b09dc00;
    %join;
    %pushi/vec4 12, 0, 32;
    %store/vec4 v000002298b099a60_0, 0, 32;
    %pushi/vec4 3153955, 0, 32;
    %store/vec4 v000002298b097f80_0, 0, 32;
    %fork TD_unit_hart_tb.write_inst, S_000002298b09dc00;
    %join;
    %pushi/vec4 16, 0, 32;
    %store/vec4 v000002298b099a60_0, 0, 32;
    %pushi/vec4 8707, 0, 32;
    %store/vec4 v000002298b097f80_0, 0, 32;
    %fork TD_unit_hart_tb.write_inst, S_000002298b09dc00;
    %join;
    %pushi/vec4 20, 0, 32;
    %store/vec4 v000002298b099a60_0, 0, 32;
    %pushi/vec4 4203043, 0, 32;
    %store/vec4 v000002298b097f80_0, 0, 32;
    %fork TD_unit_hart_tb.write_inst, S_000002298b09dc00;
    %join;
    %pushi/vec4 24, 0, 32;
    %store/vec4 v000002298b099a60_0, 0, 32;
    %pushi/vec4 4203139, 0, 32;
    %store/vec4 v000002298b097f80_0, 0, 32;
    %fork TD_unit_hart_tb.write_inst, S_000002298b09dc00;
    %join;
    %pushi/vec4 28, 0, 32;
    %store/vec4 v000002298b099a60_0, 0, 32;
    %pushi/vec4 3310691, 0, 32;
    %store/vec4 v000002298b097f80_0, 0, 32;
    %fork TD_unit_hart_tb.write_inst, S_000002298b09dc00;
    %join;
    %pushi/vec4 32, 0, 32;
    %store/vec4 v000002298b099a60_0, 0, 32;
    %pushi/vec4 1049363, 0, 32;
    %store/vec4 v000002298b097f80_0, 0, 32;
    %fork TD_unit_hart_tb.write_inst, S_000002298b09dc00;
    %join;
    %pushi/vec4 36, 0, 32;
    %store/vec4 v000002298b099a60_0, 0, 32;
    %pushi/vec4 1048691, 0, 32;
    %store/vec4 v000002298b097f80_0, 0, 32;
    %fork TD_unit_hart_tb.write_inst, S_000002298b09dc00;
    %join;
    %wait E_000002298afd6140;
    %pushi/vec4 1, 0, 1;
    %store/vec4 v000002298b097440_0, 0, 1;
    %wait E_000002298afd6140;
    %pushi/vec4 0, 0, 1;
    %store/vec4 v000002298b097440_0, 0, 1;
T_18.4 ;
    %load/vec4 v000002298b098e80_0;
    %cmpi/s 200, 0, 32;
    %flag_get/vec4 5;
    %jmp/0 T_18.6, 5;
    %load/vec4 v000002298b0982a0_0;
    %nor/r;
    %and;
T_18.6;
    %flag_set/vec4 8;
    %jmp/0xz T_18.5, 8;
    %wait E_000002298afd6b00;
    %load/vec4 v000002298b098e80_0;
    %addi 1, 0, 32;
    %store/vec4 v000002298b098e80_0, 0, 32;
    %load/vec4 v000002298b098c00_0;
    %flag_set/vec4 9;
    %flag_get/vec4 9;
    %jmp/0 T_18.9, 9;
    %load/vec4 v000002298b098b60_0;
    %and;
T_18.9;
    %flag_set/vec4 8;
    %jmp/0xz  T_18.7, 8;
    %vpi_call 2 135 "$display", "FAIL unit_hart_tb: trap asserted at pc=%h inst=%h", v000002298b098480_0, v000002298b0983e0_0 {0 0 0};
    %vpi_call 2 136 "$finish" {0 0 0};
T_18.7 ;
    %load/vec4 v000002298b098840_0;
    %flag_set/vec4 8;
    %jmp/0xz  T_18.10, 8;
    %pushi/vec4 1, 0, 1;
    %store/vec4 v000002298b0982a0_0, 0, 1;
T_18.10 ;
    %jmp T_18.4;
T_18.5 ;
    %load/vec4 v000002298b0982a0_0;
    %nor/r;
    %flag_set/vec4 8;
    %jmp/0xz  T_18.12, 8;
    %vpi_call 2 144 "$display", "FAIL unit_hart_tb: program did not halt" {0 0 0};
    %vpi_call 2 145 "$finish" {0 0 0};
T_18.12 ;
    %ix/load 4, 3, 0;
    %flag_set/imm 4, 0;
    %load/vec4a v000002298b0988e0, 4;
    %cmpi/ne 17, 0, 32;
    %jmp/0xz  T_18.14, 6;
    %vpi_call 2 150 "$display", "FAIL unit_hart_tb: x3=%h exp=00000011", &A<v000002298b0988e0, 3> {0 0 0};
    %vpi_call 2 151 "$finish" {0 0 0};
T_18.14 ;
    %ix/load 4, 4, 0;
    %flag_set/imm 4, 0;
    %load/vec4a v000002298b0988e0, 4;
    %cmpi/ne 17, 0, 32;
    %jmp/0xz  T_18.16, 6;
    %vpi_call 2 154 "$display", "FAIL unit_hart_tb: x4=%h exp=00000011", &A<v000002298b0988e0, 4> {0 0 0};
    %vpi_call 2 155 "$finish" {0 0 0};
T_18.16 ;
    %ix/load 4, 5, 0;
    %flag_set/imm 4, 0;
    %load/vec4a v000002298b0988e0, 4;
    %cmpi/ne 17, 0, 32;
    %jmp/0xz  T_18.18, 6;
    %vpi_call 2 158 "$display", "FAIL unit_hart_tb: x5=%h exp=00000011", &A<v000002298b0988e0, 5> {0 0 0};
    %vpi_call 2 159 "$finish" {0 0 0};
T_18.18 ;
    %ix/load 4, 6, 0;
    %flag_set/imm 4, 0;
    %load/vec4a v000002298b0988e0, 4;
    %cmpi/ne 0, 0, 32;
    %jmp/0xz  T_18.20, 6;
    %vpi_call 2 162 "$display", "FAIL unit_hart_tb: x6=%h exp=00000000", &A<v000002298b0988e0, 6> {0 0 0};
    %vpi_call 2 163 "$finish" {0 0 0};
T_18.20 ;
    %ix/load 4, 3, 0;
    %flag_set/imm 4, 0;
    %load/vec4a v000002298b098020, 4;
    %ix/load 4, 2, 0;
    %flag_set/imm 4, 0;
    %load/vec4a v000002298b098020, 4;
    %concat/vec4; draw_concat_vec4
    %ix/load 4, 1, 0;
    %flag_set/imm 4, 0;
    %load/vec4a v000002298b098020, 4;
    %concat/vec4; draw_concat_vec4
    %ix/load 4, 0, 0;
    %flag_set/imm 4, 0;
    %load/vec4a v000002298b098020, 4;
    %concat/vec4; draw_concat_vec4
    %cmpi/ne 17, 0, 32;
    %jmp/0xz  T_18.22, 6;
    %ix/load 4, 3, 0;
    %flag_set/imm 4, 0;
    %load/vec4a v000002298b098020, 4;
    %ix/load 4, 2, 0;
    %flag_set/imm 4, 0;
    %load/vec4a v000002298b098020, 4;
    %concat/vec4; draw_concat_vec4
    %ix/load 4, 1, 0;
    %flag_set/imm 4, 0;
    %load/vec4a v000002298b098020, 4;
    %concat/vec4; draw_concat_vec4
    %ix/load 4, 0, 0;
    %flag_set/imm 4, 0;
    %load/vec4a v000002298b098020, 4;
    %concat/vec4; draw_concat_vec4
    %vpi_call 2 168 "$display", "FAIL unit_hart_tb: mem[0]=%h exp=00000011", S<0,vec4,u32> {1 0 0};
    %vpi_call 2 169 "$finish" {0 0 0};
T_18.22 ;
    %ix/load 4, 7, 0;
    %flag_set/imm 4, 0;
    %load/vec4a v000002298b098020, 4;
    %ix/load 4, 6, 0;
    %flag_set/imm 4, 0;
    %load/vec4a v000002298b098020, 4;
    %concat/vec4; draw_concat_vec4
    %ix/load 4, 5, 0;
    %flag_set/imm 4, 0;
    %load/vec4a v000002298b098020, 4;
    %concat/vec4; draw_concat_vec4
    %ix/load 4, 4, 0;
    %flag_set/imm 4, 0;
    %load/vec4a v000002298b098020, 4;
    %concat/vec4; draw_concat_vec4
    %cmpi/ne 17, 0, 32;
    %jmp/0xz  T_18.24, 6;
    %ix/load 4, 7, 0;
    %flag_set/imm 4, 0;
    %load/vec4a v000002298b098020, 4;
    %ix/load 4, 6, 0;
    %flag_set/imm 4, 0;
    %load/vec4a v000002298b098020, 4;
    %concat/vec4; draw_concat_vec4
    %ix/load 4, 5, 0;
    %flag_set/imm 4, 0;
    %load/vec4a v000002298b098020, 4;
    %concat/vec4; draw_concat_vec4
    %ix/load 4, 4, 0;
    %flag_set/imm 4, 0;
    %load/vec4a v000002298b098020, 4;
    %concat/vec4; draw_concat_vec4
    %vpi_call 2 172 "$display", "FAIL unit_hart_tb: mem[4]=%h exp=00000011", S<0,vec4,u32> {1 0 0};
    %vpi_call 2 173 "$finish" {0 0 0};
T_18.24 ;
    %load/vec4 v000002298b098e80_0;
    %cmpi/s 16, 0, 32;
    %flag_or 5, 4; GT is !LE
    %flag_inv 5;
    %jmp/0xz  T_18.26, 5;
    %vpi_call 2 176 "$display", "FAIL unit_hart_tb: cycles=%0d exp<=16", v000002298b098e80_0 {0 0 0};
    %vpi_call 2 177 "$finish" {0 0 0};
T_18.26 ;
    %vpi_call 2 180 "$display", "PASS unit_hart_tb cycles=%0d", v000002298b098e80_0 {0 0 0};
    %vpi_call 2 181 "$finish" {0 0 0};
    %end;
    .thread T_18;
    .scope S_000002298b0096a0;
T_19 ;
    %delay 5000, 0;
    %load/vec4 v000002298b098660_0;
    %inv;
    %store/vec4 v000002298b098660_0, 0, 1;
    %jmp T_19;
    .thread T_19;
# The file index is used to find the file name in the following table.
:file_names 12;
    "N/A";
    "<interactive>";
    "tests/unit_hart_tb.v";
    "rtl/hart.v";
    "rtl/decode.v";
    "lib/imm.v";
    "lib/rf.v";
    "rtl/execute.v";
    "lib/alu.v";
    "lib/alu_control_unit.v";
    "rtl/memory.v";
    "rtl/writeback.v";
